src_id,relation,dst_id,graph_version
restaurant:25639,HAS_CUISINE,cuisine:COMBO,kg_20260602_172448
restaurant:97742,HAS_CUISINE,cuisine:cơm vị nhà nấu - thay đổi theo ngày,kg_20260602_172448
restaurant:130307,HAS_CUISINE,cuisine:Phở,kg_20260602_172448
restaurant:22758,HAS_CUISINE,cuisine:XÔI CHIÊN,kg_20260602_172448
restaurant:11471,HAS_CUISINE,cuisine:Deal 1K,kg_20260602_172448
restaurant:11326,HAS_CUISINE,cuisine:Combo Đồng Giá,kg_20260602_172448
restaurant:8314,HAS_CUISINE,cuisine:Deal 1K,kg_20260602_172448
restaurant:126147,HAS_CUISINE,cuisine:MENU,kg_20260602_172448
restaurant:127398,HAS_CUISINE,cuisine:Phở Nước - Phở Trộn,kg_20260602_172448
restaurant:124125,HAS_CUISINE,cuisine:Cơm,kg_20260602_172448
restaurant:59967,HAS_CUISINE,cuisine:Món Bún,kg_20260602_172448
restaurant:135569,HAS_CUISINE,cuisine:NHÓM CƠM NHẬT & CƠM CHIÊN XÙ (MÓN CHÍNH),kg_20260602_172448
restaurant:128724,HAS_CUISINE,cuisine:món phở,kg_20260602_172448
restaurant:94161,HAS_CUISINE,cuisine:Menu,kg_20260602_172448
restaurant:28837,HAS_CUISINE,cuisine:các món xào,kg_20260602_172448
restaurant:117760,HAS_CUISINE,cuisine:Cơm Gà,kg_20260602_172448
restaurant:33188,HAS_CUISINE,cuisine:Cơm Rang,kg_20260602_172448
restaurant:33749,HAS_CUISINE,cuisine:Combo,kg_20260602_172448
restaurant:22455,HAS_CUISINE,cuisine:Phở,kg_20260602_172448
restaurant:14976,HAS_CUISINE,cuisine:MÓN MỚI - CÀ RI NHẬT,kg_20260602_172448
restaurant:118507,HAS_CUISINE,cuisine:bún,kg_20260602_172448
restaurant:128321,HAS_CUISINE,cuisine:Cơm Rang,kg_20260602_172448
restaurant:116156,HAS_CUISINE,cuisine:Bánh Cuốn Cao Bằng,kg_20260602_172448
restaurant:41570,HAS_CUISINE,cuisine:MENU,kg_20260602_172448
restaurant:20226,HAS_CUISINE,cuisine:Món Nước,kg_20260602_172448
restaurant:21224,HAS_CUISINE,cuisine:Phở,kg_20260602_172448
restaurant:7240,HAS_CUISINE,cuisine:CƠM GÀ,kg_20260602_172448
restaurant:20472,HAS_CUISINE,cuisine:Thực Đơn,kg_20260602_172448
restaurant:21413,HAS_CUISINE,cuisine:MÓN NƯỚC,kg_20260602_172448
restaurant:86219,HAS_CUISINE,cuisine:Phở Nước,kg_20260602_172448
restaurant:36034,HAS_CUISINE,cuisine:bánh cuốn phủ lý bún chả,kg_20260602_172448
restaurant:20129,HAS_CUISINE,cuisine:Siêu Deal Giữa Tháng,kg_20260602_172448
restaurant:16422,HAS_CUISINE,cuisine:Cơm Đảo !,kg_20260602_172448
restaurant:60874,HAS_CUISINE,cuisine:thực đơn,kg_20260602_172448
restaurant:13942,HAS_CUISINE,cuisine:Combo cùng Cocacola 70000,kg_20260602_172448
restaurant:29659,HAS_CUISINE,cuisine:Menu,kg_20260602_172448
restaurant:35452,HAS_CUISINE,cuisine:Combo,kg_20260602_172448
restaurant:81993,HAS_CUISINE,cuisine:Bún Bò Huế,kg_20260602_172448
restaurant:21980,HAS_CUISINE,cuisine:Menu,kg_20260602_172448
restaurant:114833,HAS_CUISINE,cuisine:menu,kg_20260602_172448
restaurant:87272,HAS_CUISINE,cuisine:Bún Bò Huế Chuẩn Vị Huế,kg_20260602_172448
restaurant:115272,HAS_CUISINE,cuisine:Menu,kg_20260602_172448
restaurant:130463,HAS_CUISINE,cuisine:Bún trộn,kg_20260602_172448
restaurant:68548,HAS_CUISINE,cuisine:Menu,kg_20260602_172448
restaurant:135607,HAS_CUISINE,cuisine:Bánh Cuốn,kg_20260602_172448
restaurant:80920,HAS_CUISINE,cuisine:Menu,kg_20260602_172448
restaurant:123914,HAS_CUISINE,cuisine:CSKH,kg_20260602_172448
restaurant:81712,HAS_CUISINE,cuisine:Cơm Suất,kg_20260602_172448
restaurant:119113,HAS_CUISINE,cuisine:Menu,kg_20260602_172448
restaurant:123573,HAS_CUISINE,cuisine:Bánh Cuốn,kg_20260602_172448
restaurant:8200,HAS_CUISINE,cuisine:PEPSI CỰC ĐÃ - QUÁN CỰC CHẤT,kg_20260602_172448
restaurant:78300,HAS_CUISINE,cuisine:Menu,kg_20260602_172448
restaurant:20601,HAS_CUISINE,cuisine:COMBO CÙNG COCA,kg_20260602_172448
restaurant:9568,HAS_CUISINE,cuisine:Menu,kg_20260602_172448
restaurant:12952,HAS_CUISINE,cuisine:Menu,kg_20260602_172448
restaurant:69613,HAS_CUISINE,cuisine:Thực Đơn,kg_20260602_172448
restaurant:14120,HAS_CUISINE,cuisine:CƠM RANG,kg_20260602_172448
restaurant:2282,HAS_CUISINE,cuisine:Combo Cùng Coca,kg_20260602_172448
restaurant:76776,HAS_CUISINE,cuisine:bánh cuốn,kg_20260602_172448
restaurant:102812,HAS_CUISINE,cuisine:Menu,kg_20260602_172448
restaurant:130643,HAS_CUISINE,cuisine:Ưu Đãi Độc Quyền,kg_20260602_172448
restaurant:8432,HAS_CUISINE,cuisine:Ăn thả ga cùng Cocacola,kg_20260602_172448
restaurant:106675,HAS_CUISINE,cuisine:Menu,kg_20260602_172448
restaurant:102294,HAS_CUISINE,cuisine:Cơm Suất,kg_20260602_172448
restaurant:15897,HAS_CUISINE,cuisine:MÓN ĂN NHANH,kg_20260602_172448
restaurant:130509,HAS_CUISINE,cuisine:Món Ngon Đang Khuyến Mại,kg_20260602_172448
restaurant:135845,HAS_CUISINE,cuisine:Combo Ngon Hời,kg_20260602_172448
restaurant:39262,HAS_CUISINE,cuisine:Menu,kg_20260602_172448
restaurant:17700,HAS_CUISINE,cuisine:Bún Chả,kg_20260602_172448
restaurant:98870,HAS_CUISINE,cuisine:Phở Bò,kg_20260602_172448
restaurant:55835,HAS_CUISINE,cuisine:Cơm,kg_20260602_172448
restaurant:88436,HAS_CUISINE,cuisine:Menu,kg_20260602_172448
restaurant:69293,HAS_CUISINE,cuisine:Phở,kg_20260602_172448
restaurant:10307,HAS_CUISINE,cuisine:Món Đang Giảm,kg_20260602_172448
restaurant:49400,HAS_CUISINE,cuisine:Menu,kg_20260602_172448
restaurant:88782,HAS_CUISINE,cuisine:Cơm Gà Guu Chicken,kg_20260602_172448
restaurant:61570,HAS_CUISINE,cuisine:Menu,kg_20260602_172448
restaurant:123151,HAS_CUISINE,cuisine:Mỳ Quảng,kg_20260602_172448
restaurant:89400,HAS_CUISINE,cuisine:Bún Chả,kg_20260602_172448
restaurant:89681,HAS_CUISINE,cuisine:MÓN ĂN VẶT,kg_20260602_172448
restaurant:25452,HAS_CUISINE,cuisine:Menu,kg_20260602_172448
restaurant:2267,HAS_CUISINE,cuisine:Bún chả Hà Nội,kg_20260602_172448
restaurant:67492,HAS_CUISINE,cuisine:Lươn,kg_20260602_172448
restaurant:126555,HAS_CUISINE,cuisine:Menu,kg_20260602_172448
restaurant:18796,HAS_CUISINE,cuisine:Phở Bò,kg_20260602_172448
restaurant:134250,HAS_CUISINE,cuisine:Mỳ Cay 7 cấp độ,kg_20260602_172448
restaurant:134680,HAS_CUISINE,cuisine:Đồ Ăn,kg_20260602_172448
restaurant:36147,HAS_CUISINE,cuisine:Menu,kg_20260602_172448
restaurant:40014,HAS_CUISINE,cuisine:bánh cuốn,kg_20260602_172448
restaurant:54641,HAS_CUISINE,cuisine:Menu,kg_20260602_172448
restaurant:37364,HAS_CUISINE,cuisine:Gà,kg_20260602_172448
restaurant:6930,HAS_CUISINE,cuisine:MÓN PHỤ,kg_20260602_172448
restaurant:42458,HAS_CUISINE,cuisine:MENU,kg_20260602_172448
restaurant:56543,HAS_CUISINE,cuisine:MÓN MỚI MÙA HÈ,kg_20260602_172448
restaurant:62951,HAS_CUISINE,cuisine:Bún Hải Sản,kg_20260602_172448
restaurant:31215,HAS_CUISINE,cuisine:Cơm Rang Gia Truyền Nam Định,kg_20260602_172448
restaurant:67574,HAS_CUISINE,cuisine:Best Seller,kg_20260602_172448
restaurant:7160,HAS_CUISINE,cuisine:Combo + Coca,kg_20260602_172448
restaurant:117526,HAS_CUISINE,cuisine:Cơm,kg_20260602_172448
restaurant:8919,HAS_CUISINE,cuisine:Combo,kg_20260602_172448
restaurant:123211,HAS_CUISINE,cuisine:Cơm Tấm,kg_20260602_172448
restaurant:50258,HAS_CUISINE,cuisine:Menu,kg_20260602_172448
restaurant:111026,HAS_CUISINE,cuisine:Cơm Ngon Cả Ngày,kg_20260602_172448
restaurant:27416,HAS_CUISINE,cuisine:Menu,kg_20260602_172448
restaurant:136086,HAS_CUISINE,cuisine:Deal Hời 20,kg_20260602_172448
restaurant:117708,HAS_CUISINE,cuisine:Cơm Gà,kg_20260602_172448
restaurant:118277,HAS_CUISINE,cuisine:Phở - Mì - Miến Nước-Phở Trộn-Bún Trộn,kg_20260602_172448
restaurant:73491,HAS_CUISINE,cuisine:Menu,kg_20260602_172448
restaurant:8805,HAS_CUISINE,cuisine:Gà Sốt Me Cay,kg_20260602_172448
restaurant:81353,HAS_CUISINE,cuisine:Món chính,kg_20260602_172448
restaurant:77167,HAS_CUISINE,cuisine:Bún,kg_20260602_172448
restaurant:32462,HAS_CUISINE,cuisine:Trộn,kg_20260602_172448
restaurant:77657,HAS_CUISINE,cuisine:GÀ RÁN GIÒNNNN,kg_20260602_172448
restaurant:23407,HAS_CUISINE,cuisine:Cơm Rang - Mì Xào,kg_20260602_172448
restaurant:15964,HAS_CUISINE,cuisine:MENU,kg_20260602_172448
restaurant:13998,HAS_CUISINE,cuisine:Menu,kg_20260602_172448
restaurant:133949,HAS_CUISINE,cuisine:Món Bán Chạy,kg_20260602_172448
restaurant:9606,HAS_CUISINE,cuisine:Cơm Siêu Tiết Kiệm,kg_20260602_172448
restaurant:7635,HAS_CUISINE,cuisine:PEPSI CỰC ĐÃ - QUÁN CỰC CHẤT,kg_20260602_172448
restaurant:14318,HAS_CUISINE,cuisine:Các món chính,kg_20260602_172448
restaurant:111742,HAS_CUISINE,cuisine:01. CHÁO TƯƠI HÀNG NGÀY (CÓ SET NHÂN),kg_20260602_172448
restaurant:22847,HAS_CUISINE,cuisine:Combo,kg_20260602_172448
restaurant:80180,HAS_CUISINE,cuisine:Cháo,kg_20260602_172448
restaurant:15387,HAS_CUISINE,cuisine:Cơm Đảo,kg_20260602_172448
restaurant:128678,HAS_CUISINE,cuisine:Cơm Tấm Best Seller,kg_20260602_172448
restaurant:7207,HAS_CUISINE,cuisine:Cơm Tấm Sườn Cốt Lết,kg_20260602_172448
restaurant:32487,HAS_CUISINE,cuisine:Menu,kg_20260602_172448
restaurant:11305,HAS_CUISINE,cuisine:Cơm Suất Đồng Giá,kg_20260602_172448
restaurant:133169,HAS_CUISINE,cuisine:Gà Nguyên Con,kg_20260602_172448
restaurant:13003,HAS_CUISINE,cuisine:Tháng 5 Deal Ngon,kg_20260602_172448
restaurant:31548,HAS_CUISINE,cuisine:Han chicken,kg_20260602_172448
restaurant:111500,HAS_CUISINE,cuisine:Phở,kg_20260602_172448
restaurant:29781,HAS_CUISINE,cuisine:BÁNH MÌ MUỐI ỚT - NƯỚNG SỐT,kg_20260602_172448
restaurant:76300,HAS_CUISINE,cuisine:Menu,kg_20260602_172448
restaurant:119112,HAS_CUISINE,cuisine:Cơm Rang Theo Mùa - Seasonal Menu,kg_20260602_172448
restaurant:114792,HAS_CUISINE,cuisine:Menu,kg_20260602_172448
restaurant:17056,HAS_CUISINE,cuisine:Menu,kg_20260602_172448
restaurant:105958,HAS_CUISINE,cuisine:Menu,kg_20260602_172448
restaurant:132613,HAS_CUISINE,cuisine:Menu,kg_20260602_172448
restaurant:34875,HAS_CUISINE,cuisine:Phở Nước,kg_20260602_172448
restaurant:14305,HAS_CUISINE,cuisine:PHỞ ĐẶC BIỆT,kg_20260602_172448
restaurant:91853,HAS_CUISINE,cuisine:Đồ Ăn,kg_20260602_172448
restaurant:11493,HAS_CUISINE,cuisine:BÚN HẢI SẢN HOA QUẢ,kg_20260602_172448
restaurant:22815,HAS_CUISINE,cuisine:COMBO VUI CÙNG COCA-COLA,kg_20260602_172448
restaurant:93168,HAS_CUISINE,cuisine:Bún Trộn Nam Bộ,kg_20260602_172448
restaurant:1108,HAS_CUISINE,cuisine:Combo Cô Tám,kg_20260602_172448
restaurant:40980,HAS_CUISINE,cuisine:Mega Sale - Đồng Giá 67k,kg_20260602_172448
restaurant:95450,HAS_CUISINE,cuisine:Khai Vị,kg_20260602_172448
restaurant:134203,HAS_CUISINE,cuisine:Combo,kg_20260602_172448
restaurant:4486,HAS_CUISINE,cuisine:ƯU ĐÃI HOT,kg_20260602_172448
restaurant:31187,HAS_CUISINE,cuisine:Menu,kg_20260602_172448
restaurant:8785,HAS_CUISINE,cuisine:GÀ NỬA CON,kg_20260602_172448
restaurant:65884,HAS_CUISINE,cuisine:Cơm,kg_20260602_172448
restaurant:40716,HAS_CUISINE,cuisine:Menu,kg_20260602_172448
restaurant:58523,HAS_CUISINE,cuisine:Menu,kg_20260602_172448
restaurant:62280,HAS_CUISINE,cuisine:Menu,kg_20260602_172448
restaurant:1279,HAS_CUISINE,cuisine:Đồ Ăn,kg_20260602_172448
restaurant:32416,HAS_CUISINE,cuisine:Bánh Đa,kg_20260602_172448
restaurant:39068,HAS_CUISINE,cuisine:Ưu Đãi Delichi,kg_20260602_172448
restaurant:84292,HAS_CUISINE,cuisine:Menu,kg_20260602_172448
restaurant:32283,HAS_CUISINE,cuisine:THỰC ĐƠN,kg_20260602_172448
restaurant:4397,HAS_CUISINE,cuisine:Ưu Đãi Đặc Biệt.,kg_20260602_172448
restaurant:7920,HAS_CUISINE,cuisine:CƠM RANG Q35,kg_20260602_172448
restaurant:61209,HAS_CUISINE,cuisine:Bánh Tráng,kg_20260602_172448
restaurant:76124,HAS_CUISINE,cuisine:CÁC MÓN CƠM,kg_20260602_172448
restaurant:10227,HAS_CUISINE,cuisine:BÁNH CUỐN,kg_20260602_172448
restaurant:2443,HAS_CUISINE,cuisine:Đồ Ăn Vặt,kg_20260602_172448
restaurant:116044,HAS_CUISINE,cuisine:Menu,kg_20260602_172448
restaurant:41433,HAS_CUISINE,cuisine:Cơm Rang - Mỳ Phở Xào,kg_20260602_172448
restaurant:16270,HAS_CUISINE,cuisine:Món chính,kg_20260602_172448
restaurant:96492,HAS_CUISINE,cuisine:Bánh Cuốn - Không Kèm Chả,kg_20260602_172448
restaurant:99617,HAS_CUISINE,cuisine:Rau,kg_20260602_172448
restaurant:128372,HAS_CUISINE,cuisine:Menu,kg_20260602_172448
restaurant:10856,HAS_CUISINE,cuisine:Menu,kg_20260602_172448
restaurant:134353,HAS_CUISINE,cuisine:Combo,kg_20260602_172448
restaurant:32784,HAS_CUISINE,cuisine:Cùng Coca Cola,kg_20260602_172448
restaurant:95249,HAS_CUISINE,cuisine:Cơm tấm sườn cốt lết,kg_20260602_172448
restaurant:116631,HAS_CUISINE,cuisine:Bún Thái,kg_20260602_172448
restaurant:122272,HAS_CUISINE,cuisine:Cơm Rang - Phở Bò,kg_20260602_172448
restaurant:26075,HAS_CUISINE,cuisine:Món chính,kg_20260602_172448
restaurant:119585,HAS_CUISINE,cuisine:Cơm Tấm,kg_20260602_172448
restaurant:20058,HAS_CUISINE,cuisine:COMBO,kg_20260602_172448
restaurant:20000,HAS_CUISINE,cuisine:Menu,kg_20260602_172448
restaurant:76892,HAS_CUISINE,cuisine:Ưu Đãi Độc Quyền,kg_20260602_172448
restaurant:68175,HAS_CUISINE,"cuisine:Cơm Quê ""No Nê""",kg_20260602_172448
restaurant:8868,HAS_CUISINE,cuisine:Combo cùng coca,kg_20260602_172448
restaurant:130788,HAS_CUISINE,cuisine:Menu,kg_20260602_172448
restaurant:130031,HAS_CUISINE,cuisine:Menu,kg_20260602_172448
restaurant:24720,HAS_CUISINE,cuisine:Mua 1 Tặng 1,kg_20260602_172448
restaurant:57665,HAS_CUISINE,cuisine:Menu,kg_20260602_172448
restaurant:11020,HAS_CUISINE,cuisine:Siêu Tiệc Lương Về,kg_20260602_172448
restaurant:103124,HAS_CUISINE,cuisine:TOKBOKKI,kg_20260602_172448
restaurant:126401,HAS_CUISINE,cuisine:Gra.b food KHUYẾN MẠI Tặng C2. Tên:Happy food-Đồ ăn Hàn,kg_20260602_172448
restaurant:36157,HAS_CUISINE,cuisine:Menu,kg_20260602_172448
restaurant:9929,HAS_CUISINE,cuisine:CẶP ĐÔI ĂN Ý,kg_20260602_172448
restaurant:73467,HAS_CUISINE,cuisine:Gà Ri Tươi Ngon.,kg_20260602_172448
restaurant:31750,HAS_CUISINE,cuisine:Đồ Ăn Kèm,kg_20260602_172448
restaurant:109048,HAS_CUISINE,cuisine:❤️GỎI CUỐN HEALTHY❤️,kg_20260602_172448
restaurant:1255,HAS_CUISINE,cuisine:CƠM & MỲ,kg_20260602_172448
restaurant:53514,HAS_CUISINE,cuisine:Rau,kg_20260602_172448
restaurant:25639,HAS_ITEM,menu_item:867932,kg_20260602_172448
restaurant:25639,HAS_ITEM,menu_item:867933,kg_20260602_172448
restaurant:25639,HAS_ITEM,menu_item:867935,kg_20260602_172448
restaurant:25639,HAS_ITEM,menu_item:867936,kg_20260602_172448
restaurant:25639,HAS_ITEM,menu_item:867937,kg_20260602_172448
restaurant:25639,HAS_ITEM,menu_item:867938,kg_20260602_172448
restaurant:25639,HAS_ITEM,menu_item:867939,kg_20260602_172448
restaurant:25639,HAS_ITEM,menu_item:867940,kg_20260602_172448
restaurant:25639,HAS_ITEM,menu_item:867941,kg_20260602_172448
restaurant:25639,HAS_ITEM,menu_item:867942,kg_20260602_172448
restaurant:25639,HAS_ITEM,menu_item:867943,kg_20260602_172448
restaurant:25639,HAS_ITEM,menu_item:867944,kg_20260602_172448
restaurant:25639,HAS_ITEM,menu_item:867945,kg_20260602_172448
restaurant:25639,HAS_ITEM,menu_item:867946,kg_20260602_172448
restaurant:25639,HAS_ITEM,menu_item:867947,kg_20260602_172448
restaurant:25639,HAS_ITEM,menu_item:867948,kg_20260602_172448
restaurant:25639,HAS_ITEM,menu_item:867949,kg_20260602_172448
restaurant:25639,HAS_ITEM,menu_item:867950,kg_20260602_172448
restaurant:25639,HAS_ITEM,menu_item:867951,kg_20260602_172448
restaurant:25639,HAS_ITEM,menu_item:867952,kg_20260602_172448
restaurant:25639,HAS_ITEM,menu_item:867953,kg_20260602_172448
restaurant:25639,HAS_ITEM,menu_item:867954,kg_20260602_172448
restaurant:25639,HAS_ITEM,menu_item:867955,kg_20260602_172448
restaurant:25639,HAS_ITEM,menu_item:867956,kg_20260602_172448
restaurant:25639,HAS_ITEM,menu_item:867957,kg_20260602_172448
restaurant:25639,HAS_ITEM,menu_item:867958,kg_20260602_172448
restaurant:25639,HAS_ITEM,menu_item:867959,kg_20260602_172448
restaurant:25639,HAS_ITEM,menu_item:867960,kg_20260602_172448
restaurant:25639,HAS_ITEM,menu_item:867961,kg_20260602_172448
restaurant:25639,HAS_ITEM,menu_item:867962,kg_20260602_172448
restaurant:25639,HAS_ITEM,menu_item:867963,kg_20260602_172448
restaurant:25639,HAS_ITEM,menu_item:867964,kg_20260602_172448
restaurant:25639,HAS_ITEM,menu_item:867965,kg_20260602_172448
restaurant:25639,HAS_ITEM,menu_item:867966,kg_20260602_172448
restaurant:25639,HAS_ITEM,menu_item:867967,kg_20260602_172448
restaurant:25639,HAS_ITEM,menu_item:867968,kg_20260602_172448
restaurant:25639,HAS_ITEM,menu_item:867969,kg_20260602_172448
restaurant:25639,HAS_ITEM,menu_item:867970,kg_20260602_172448
restaurant:25639,HAS_ITEM,menu_item:867971,kg_20260602_172448
restaurant:25639,HAS_ITEM,menu_item:867972,kg_20260602_172448
restaurant:25639,HAS_ITEM,menu_item:867973,kg_20260602_172448
restaurant:25639,HAS_ITEM,menu_item:867974,kg_20260602_172448
restaurant:25639,HAS_ITEM,menu_item:867981,kg_20260602_172448
restaurant:97742,HAS_ITEM,menu_item:7670605,kg_20260602_172448
restaurant:97742,HAS_ITEM,menu_item:9050411,kg_20260602_172448
restaurant:97742,HAS_ITEM,menu_item:9050419,kg_20260602_172448
restaurant:97742,HAS_ITEM,menu_item:9050433,kg_20260602_172448
restaurant:97742,HAS_ITEM,menu_item:9050435,kg_20260602_172448
restaurant:97742,HAS_ITEM,menu_item:9050436,kg_20260602_172448
restaurant:97742,HAS_ITEM,menu_item:7670606,kg_20260602_172448
restaurant:97742,HAS_ITEM,menu_item:7670608,kg_20260602_172448
restaurant:97742,HAS_ITEM,menu_item:9050428,kg_20260602_172448
restaurant:97742,HAS_ITEM,menu_item:9050430,kg_20260602_172448
restaurant:97742,HAS_ITEM,menu_item:7670603,kg_20260602_172448
restaurant:97742,HAS_ITEM,menu_item:7670604,kg_20260602_172448
restaurant:97742,HAS_ITEM,menu_item:7670609,kg_20260602_172448
restaurant:97742,HAS_ITEM,menu_item:7670607,kg_20260602_172448
restaurant:130307,HAS_ITEM,menu_item:11563785,kg_20260602_172448
restaurant:130307,HAS_ITEM,menu_item:11563786,kg_20260602_172448
restaurant:130307,HAS_ITEM,menu_item:11563787,kg_20260602_172448
restaurant:22758,HAS_ITEM,menu_item:2513690,kg_20260602_172448
restaurant:22758,HAS_ITEM,menu_item:2513691,kg_20260602_172448
restaurant:22758,HAS_ITEM,menu_item:2513692,kg_20260602_172448
restaurant:22758,HAS_ITEM,menu_item:2513693,kg_20260602_172448
restaurant:22758,HAS_ITEM,menu_item:2513694,kg_20260602_172448
restaurant:22758,HAS_ITEM,menu_item:2513695,kg_20260602_172448
restaurant:22758,HAS_ITEM,menu_item:2513696,kg_20260602_172448
restaurant:22758,HAS_ITEM,menu_item:2513697,kg_20260602_172448
restaurant:22758,HAS_ITEM,menu_item:2513698,kg_20260602_172448
restaurant:22758,HAS_ITEM,menu_item:2513699,kg_20260602_172448
restaurant:22758,HAS_ITEM,menu_item:2513700,kg_20260602_172448
restaurant:22758,HAS_ITEM,menu_item:2513701,kg_20260602_172448
restaurant:22758,HAS_ITEM,menu_item:2513702,kg_20260602_172448
restaurant:22758,HAS_ITEM,menu_item:2513703,kg_20260602_172448
restaurant:22758,HAS_ITEM,menu_item:2513704,kg_20260602_172448
restaurant:22758,HAS_ITEM,menu_item:2513705,kg_20260602_172448
restaurant:22758,HAS_ITEM,menu_item:2513706,kg_20260602_172448
restaurant:22758,HAS_ITEM,menu_item:2513707,kg_20260602_172448
restaurant:22758,HAS_ITEM,menu_item:2513708,kg_20260602_172448
restaurant:22758,HAS_ITEM,menu_item:2513709,kg_20260602_172448
restaurant:22758,HAS_ITEM,menu_item:2513710,kg_20260602_172448
restaurant:22758,HAS_ITEM,menu_item:2513711,kg_20260602_172448
restaurant:22758,HAS_ITEM,menu_item:2513712,kg_20260602_172448
restaurant:22758,HAS_ITEM,menu_item:2513718,kg_20260602_172448
restaurant:22758,HAS_ITEM,menu_item:2513719,kg_20260602_172448
restaurant:22758,HAS_ITEM,menu_item:2513720,kg_20260602_172448
restaurant:22758,HAS_ITEM,menu_item:2513721,kg_20260602_172448
restaurant:22758,HAS_ITEM,menu_item:2513724,kg_20260602_172448
restaurant:22758,HAS_ITEM,menu_item:2513728,kg_20260602_172448
restaurant:22758,HAS_ITEM,menu_item:2513729,kg_20260602_172448
restaurant:22758,HAS_ITEM,menu_item:2513732,kg_20260602_172448
restaurant:22758,HAS_ITEM,menu_item:2513734,kg_20260602_172448
restaurant:11471,HAS_ITEM,menu_item:394469,kg_20260602_172448
restaurant:11471,HAS_ITEM,menu_item:394470,kg_20260602_172448
restaurant:11471,HAS_ITEM,menu_item:394471,kg_20260602_172448
restaurant:11471,HAS_ITEM,menu_item:394472,kg_20260602_172448
restaurant:11471,HAS_ITEM,menu_item:394473,kg_20260602_172448
restaurant:11471,HAS_ITEM,menu_item:394474,kg_20260602_172448
restaurant:11471,HAS_ITEM,menu_item:394475,kg_20260602_172448
restaurant:11471,HAS_ITEM,menu_item:394476,kg_20260602_172448
restaurant:11471,HAS_ITEM,menu_item:394477,kg_20260602_172448
restaurant:11471,HAS_ITEM,menu_item:394457,kg_20260602_172448
restaurant:11471,HAS_ITEM,menu_item:394459,kg_20260602_172448
restaurant:11471,HAS_ITEM,menu_item:394460,kg_20260602_172448
restaurant:11471,HAS_ITEM,menu_item:394461,kg_20260602_172448
restaurant:11471,HAS_ITEM,menu_item:394462,kg_20260602_172448
restaurant:11471,HAS_ITEM,menu_item:394464,kg_20260602_172448
restaurant:11471,HAS_ITEM,menu_item:394466,kg_20260602_172448
restaurant:11471,HAS_ITEM,menu_item:394467,kg_20260602_172448
restaurant:11471,HAS_ITEM,menu_item:4580862,kg_20260602_172448
restaurant:11471,HAS_ITEM,menu_item:4580864,kg_20260602_172448
restaurant:11471,HAS_ITEM,menu_item:394483,kg_20260602_172448
restaurant:11326,HAS_ITEM,menu_item:4487874,kg_20260602_172448
restaurant:11326,HAS_ITEM,menu_item:4487876,kg_20260602_172448
restaurant:11326,HAS_ITEM,menu_item:4487877,kg_20260602_172448
restaurant:11326,HAS_ITEM,menu_item:4487878,kg_20260602_172448
restaurant:11326,HAS_ITEM,menu_item:4487879,kg_20260602_172448
restaurant:11326,HAS_ITEM,menu_item:4487880,kg_20260602_172448
restaurant:11326,HAS_ITEM,menu_item:4487882,kg_20260602_172448
restaurant:11326,HAS_ITEM,menu_item:4487883,kg_20260602_172448
restaurant:11326,HAS_ITEM,menu_item:4487884,kg_20260602_172448
restaurant:11326,HAS_ITEM,menu_item:4487885,kg_20260602_172448
restaurant:11326,HAS_ITEM,menu_item:4487886,kg_20260602_172448
restaurant:11326,HAS_ITEM,menu_item:4487887,kg_20260602_172448
restaurant:11326,HAS_ITEM,menu_item:4487888,kg_20260602_172448
restaurant:11326,HAS_ITEM,menu_item:4487889,kg_20260602_172448
restaurant:11326,HAS_ITEM,menu_item:4487890,kg_20260602_172448
restaurant:11326,HAS_ITEM,menu_item:4487891,kg_20260602_172448
restaurant:11326,HAS_ITEM,menu_item:4487892,kg_20260602_172448
restaurant:11326,HAS_ITEM,menu_item:4487895,kg_20260602_172448
restaurant:11326,HAS_ITEM,menu_item:4487896,kg_20260602_172448
restaurant:11326,HAS_ITEM,menu_item:4487897,kg_20260602_172448
restaurant:11326,HAS_ITEM,menu_item:4487898,kg_20260602_172448
restaurant:8314,HAS_ITEM,menu_item:7582731,kg_20260602_172448
restaurant:8314,HAS_ITEM,menu_item:7582732,kg_20260602_172448
restaurant:8314,HAS_ITEM,menu_item:7582733,kg_20260602_172448
restaurant:8314,HAS_ITEM,menu_item:7582734,kg_20260602_172448
restaurant:8314,HAS_ITEM,menu_item:7582735,kg_20260602_172448
restaurant:8314,HAS_ITEM,menu_item:7582736,kg_20260602_172448
restaurant:8314,HAS_ITEM,menu_item:7582737,kg_20260602_172448
restaurant:8314,HAS_ITEM,menu_item:7582738,kg_20260602_172448
restaurant:8314,HAS_ITEM,menu_item:7582739,kg_20260602_172448
restaurant:8314,HAS_ITEM,menu_item:7582741,kg_20260602_172448
restaurant:8314,HAS_ITEM,menu_item:7582742,kg_20260602_172448
restaurant:8314,HAS_ITEM,menu_item:7582743,kg_20260602_172448
restaurant:8314,HAS_ITEM,menu_item:7582744,kg_20260602_172448
restaurant:8314,HAS_ITEM,menu_item:7582745,kg_20260602_172448
restaurant:8314,HAS_ITEM,menu_item:7582746,kg_20260602_172448
restaurant:8314,HAS_ITEM,menu_item:7582751,kg_20260602_172448
restaurant:8314,HAS_ITEM,menu_item:7582752,kg_20260602_172448
restaurant:8314,HAS_ITEM,menu_item:7582753,kg_20260602_172448
restaurant:8314,HAS_ITEM,menu_item:7582754,kg_20260602_172448
restaurant:8314,HAS_ITEM,menu_item:7582755,kg_20260602_172448
restaurant:8314,HAS_ITEM,menu_item:7582747,kg_20260602_172448
restaurant:8314,HAS_ITEM,menu_item:7582748,kg_20260602_172448
restaurant:126147,HAS_ITEM,menu_item:10917632,kg_20260602_172448
restaurant:126147,HAS_ITEM,menu_item:10917633,kg_20260602_172448
restaurant:126147,HAS_ITEM,menu_item:10917635,kg_20260602_172448
restaurant:126147,HAS_ITEM,menu_item:10917637,kg_20260602_172448
restaurant:126147,HAS_ITEM,menu_item:10917638,kg_20260602_172448
restaurant:126147,HAS_ITEM,menu_item:10917639,kg_20260602_172448
restaurant:126147,HAS_ITEM,menu_item:10917640,kg_20260602_172448
restaurant:126147,HAS_ITEM,menu_item:10917641,kg_20260602_172448
restaurant:126147,HAS_ITEM,menu_item:10917644,kg_20260602_172448
restaurant:126147,HAS_ITEM,menu_item:10917646,kg_20260602_172448
restaurant:126147,HAS_ITEM,menu_item:10917647,kg_20260602_172448
restaurant:126147,HAS_ITEM,menu_item:10917649,kg_20260602_172448
restaurant:126147,HAS_ITEM,menu_item:10917650,kg_20260602_172448
restaurant:126147,HAS_ITEM,menu_item:10917651,kg_20260602_172448
restaurant:126147,HAS_ITEM,menu_item:10917653,kg_20260602_172448
restaurant:126147,HAS_ITEM,menu_item:10917654,kg_20260602_172448
restaurant:126147,HAS_ITEM,menu_item:10917655,kg_20260602_172448
restaurant:126147,HAS_ITEM,menu_item:10917656,kg_20260602_172448
restaurant:126147,HAS_ITEM,menu_item:10917657,kg_20260602_172448
restaurant:126147,HAS_ITEM,menu_item:10917658,kg_20260602_172448
restaurant:126147,HAS_ITEM,menu_item:10917660,kg_20260602_172448
restaurant:126147,HAS_ITEM,menu_item:10917661,kg_20260602_172448
restaurant:126147,HAS_ITEM,menu_item:10917662,kg_20260602_172448
restaurant:126147,HAS_ITEM,menu_item:10917664,kg_20260602_172448
restaurant:126147,HAS_ITEM,menu_item:10917665,kg_20260602_172448
restaurant:126147,HAS_ITEM,menu_item:10939343,kg_20260602_172448
restaurant:126147,HAS_ITEM,menu_item:11247649,kg_20260602_172448
restaurant:126147,HAS_ITEM,menu_item:11247661,kg_20260602_172448
restaurant:126147,HAS_ITEM,menu_item:11247668,kg_20260602_172448
restaurant:126147,HAS_ITEM,menu_item:11467845,kg_20260602_172448
restaurant:126147,HAS_ITEM,menu_item:11467847,kg_20260602_172448
restaurant:126147,HAS_ITEM,menu_item:11467861,kg_20260602_172448
restaurant:126147,HAS_ITEM,menu_item:11472266,kg_20260602_172448
restaurant:126147,HAS_ITEM,menu_item:11627239,kg_20260602_172448
restaurant:126147,HAS_ITEM,menu_item:11627243,kg_20260602_172448
restaurant:126147,HAS_ITEM,menu_item:11849758,kg_20260602_172448
restaurant:126147,HAS_ITEM,menu_item:10917676,kg_20260602_172448
restaurant:127398,HAS_ITEM,menu_item:11127183,kg_20260602_172448
restaurant:127398,HAS_ITEM,menu_item:11127184,kg_20260602_172448
restaurant:127398,HAS_ITEM,menu_item:11127185,kg_20260602_172448
restaurant:127398,HAS_ITEM,menu_item:11127186,kg_20260602_172448
restaurant:127398,HAS_ITEM,menu_item:11127187,kg_20260602_172448
restaurant:127398,HAS_ITEM,menu_item:11127188,kg_20260602_172448
restaurant:127398,HAS_ITEM,menu_item:11127189,kg_20260602_172448
restaurant:127398,HAS_ITEM,menu_item:11127190,kg_20260602_172448
restaurant:127398,HAS_ITEM,menu_item:11127200,kg_20260602_172448
restaurant:127398,HAS_ITEM,menu_item:11127201,kg_20260602_172448
restaurant:127398,HAS_ITEM,menu_item:11127202,kg_20260602_172448
restaurant:127398,HAS_ITEM,menu_item:11127203,kg_20260602_172448
restaurant:127398,HAS_ITEM,menu_item:11127204,kg_20260602_172448
restaurant:127398,HAS_ITEM,menu_item:11127205,kg_20260602_172448
restaurant:127398,HAS_ITEM,menu_item:11127206,kg_20260602_172448
restaurant:127398,HAS_ITEM,menu_item:11127207,kg_20260602_172448
restaurant:127398,HAS_ITEM,menu_item:11127217,kg_20260602_172448
restaurant:127398,HAS_ITEM,menu_item:11127218,kg_20260602_172448
restaurant:127398,HAS_ITEM,menu_item:11127219,kg_20260602_172448
restaurant:127398,HAS_ITEM,menu_item:11127220,kg_20260602_172448
restaurant:127398,HAS_ITEM,menu_item:11127221,kg_20260602_172448
restaurant:127398,HAS_ITEM,menu_item:11127222,kg_20260602_172448
restaurant:127398,HAS_ITEM,menu_item:11127223,kg_20260602_172448
restaurant:127398,HAS_ITEM,menu_item:11127224,kg_20260602_172448
restaurant:127398,HAS_ITEM,menu_item:11127225,kg_20260602_172448
restaurant:127398,HAS_ITEM,menu_item:11127208,kg_20260602_172448
restaurant:127398,HAS_ITEM,menu_item:11127209,kg_20260602_172448
restaurant:127398,HAS_ITEM,menu_item:11127210,kg_20260602_172448
restaurant:127398,HAS_ITEM,menu_item:11127211,kg_20260602_172448
restaurant:127398,HAS_ITEM,menu_item:11127212,kg_20260602_172448
restaurant:127398,HAS_ITEM,menu_item:11127213,kg_20260602_172448
restaurant:127398,HAS_ITEM,menu_item:11127214,kg_20260602_172448
restaurant:127398,HAS_ITEM,menu_item:11127215,kg_20260602_172448
restaurant:127398,HAS_ITEM,menu_item:11127216,kg_20260602_172448
restaurant:127398,HAS_ITEM,menu_item:11127159,kg_20260602_172448
restaurant:127398,HAS_ITEM,menu_item:11127160,kg_20260602_172448
restaurant:127398,HAS_ITEM,menu_item:11127161,kg_20260602_172448
restaurant:127398,HAS_ITEM,menu_item:11127162,kg_20260602_172448
restaurant:127398,HAS_ITEM,menu_item:11127163,kg_20260602_172448
restaurant:127398,HAS_ITEM,menu_item:11127164,kg_20260602_172448
restaurant:127398,HAS_ITEM,menu_item:11127165,kg_20260602_172448
restaurant:127398,HAS_ITEM,menu_item:11127166,kg_20260602_172448
restaurant:127398,HAS_ITEM,menu_item:11127167,kg_20260602_172448
restaurant:127398,HAS_ITEM,menu_item:11127168,kg_20260602_172448
restaurant:127398,HAS_ITEM,menu_item:11127169,kg_20260602_172448
restaurant:127398,HAS_ITEM,menu_item:11127170,kg_20260602_172448
restaurant:127398,HAS_ITEM,menu_item:11127148,kg_20260602_172448
restaurant:127398,HAS_ITEM,menu_item:11127149,kg_20260602_172448
restaurant:127398,HAS_ITEM,menu_item:11127150,kg_20260602_172448
restaurant:127398,HAS_ITEM,menu_item:11127151,kg_20260602_172448
restaurant:127398,HAS_ITEM,menu_item:11127152,kg_20260602_172448
restaurant:127398,HAS_ITEM,menu_item:11127172,kg_20260602_172448
restaurant:127398,HAS_ITEM,menu_item:11127173,kg_20260602_172448
restaurant:127398,HAS_ITEM,menu_item:11127245,kg_20260602_172448
restaurant:124125,HAS_ITEM,menu_item:10685727,kg_20260602_172448
restaurant:124125,HAS_ITEM,menu_item:10685729,kg_20260602_172448
restaurant:124125,HAS_ITEM,menu_item:10685730,kg_20260602_172448
restaurant:124125,HAS_ITEM,menu_item:10685731,kg_20260602_172448
restaurant:124125,HAS_ITEM,menu_item:10685733,kg_20260602_172448
restaurant:124125,HAS_ITEM,menu_item:10685740,kg_20260602_172448
restaurant:124125,HAS_ITEM,menu_item:10685741,kg_20260602_172448
restaurant:124125,HAS_ITEM,menu_item:10685742,kg_20260602_172448
restaurant:124125,HAS_ITEM,menu_item:10685743,kg_20260602_172448
restaurant:59967,HAS_ITEM,menu_item:4235913,kg_20260602_172448
restaurant:59967,HAS_ITEM,menu_item:4235914,kg_20260602_172448
restaurant:59967,HAS_ITEM,menu_item:4235915,kg_20260602_172448
restaurant:59967,HAS_ITEM,menu_item:4235916,kg_20260602_172448
restaurant:59967,HAS_ITEM,menu_item:4235919,kg_20260602_172448
restaurant:59967,HAS_ITEM,menu_item:4235920,kg_20260602_172448
restaurant:59967,HAS_ITEM,menu_item:4235921,kg_20260602_172448
restaurant:59967,HAS_ITEM,menu_item:4235922,kg_20260602_172448
restaurant:135569,HAS_ITEM,menu_item:12245917,kg_20260602_172448
restaurant:135569,HAS_ITEM,menu_item:12245919,kg_20260602_172448
restaurant:135569,HAS_ITEM,menu_item:12245923,kg_20260602_172448
restaurant:135569,HAS_ITEM,menu_item:12245926,kg_20260602_172448
restaurant:135569,HAS_ITEM,menu_item:12245931,kg_20260602_172448
restaurant:135569,HAS_ITEM,menu_item:12245937,kg_20260602_172448
restaurant:135569,HAS_ITEM,menu_item:12245933,kg_20260602_172448
restaurant:135569,HAS_ITEM,menu_item:12245935,kg_20260602_172448
restaurant:128724,HAS_ITEM,menu_item:11291704,kg_20260602_172448
restaurant:128724,HAS_ITEM,menu_item:11291706,kg_20260602_172448
restaurant:128724,HAS_ITEM,menu_item:11291712,kg_20260602_172448
restaurant:128724,HAS_ITEM,menu_item:11291722,kg_20260602_172448
restaurant:128724,HAS_ITEM,menu_item:11291724,kg_20260602_172448
restaurant:128724,HAS_ITEM,menu_item:11291729,kg_20260602_172448
restaurant:128724,HAS_ITEM,menu_item:11291733,kg_20260602_172448
restaurant:128724,HAS_ITEM,menu_item:11318354,kg_20260602_172448
restaurant:128724,HAS_ITEM,menu_item:11318356,kg_20260602_172448
restaurant:128724,HAS_ITEM,menu_item:11318358,kg_20260602_172448
restaurant:128724,HAS_ITEM,menu_item:11318361,kg_20260602_172448
restaurant:128724,HAS_ITEM,menu_item:11318369,kg_20260602_172448
restaurant:128724,HAS_ITEM,menu_item:11318375,kg_20260602_172448
restaurant:94161,HAS_ITEM,menu_item:7390659,kg_20260602_172448
restaurant:94161,HAS_ITEM,menu_item:7390660,kg_20260602_172448
restaurant:94161,HAS_ITEM,menu_item:7390661,kg_20260602_172448
restaurant:94161,HAS_ITEM,menu_item:7390662,kg_20260602_172448
restaurant:94161,HAS_ITEM,menu_item:7390663,kg_20260602_172448
restaurant:94161,HAS_ITEM,menu_item:8766972,kg_20260602_172448
restaurant:94161,HAS_ITEM,menu_item:8766998,kg_20260602_172448
restaurant:94161,HAS_ITEM,menu_item:8766999,kg_20260602_172448
restaurant:94161,HAS_ITEM,menu_item:8767005,kg_20260602_172448
restaurant:94161,HAS_ITEM,menu_item:8767018,kg_20260602_172448
restaurant:94161,HAS_ITEM,menu_item:8767458,kg_20260602_172448
restaurant:94161,HAS_ITEM,menu_item:10214603,kg_20260602_172448
restaurant:94161,HAS_ITEM,menu_item:10214605,kg_20260602_172448
restaurant:94161,HAS_ITEM,menu_item:10214607,kg_20260602_172448
restaurant:28837,HAS_ITEM,menu_item:1005079,kg_20260602_172448
restaurant:28837,HAS_ITEM,menu_item:1005080,kg_20260602_172448
restaurant:28837,HAS_ITEM,menu_item:1005081,kg_20260602_172448
restaurant:28837,HAS_ITEM,menu_item:1005082,kg_20260602_172448
restaurant:28837,HAS_ITEM,menu_item:1005084,kg_20260602_172448
restaurant:28837,HAS_ITEM,menu_item:1005085,kg_20260602_172448
restaurant:28837,HAS_ITEM,menu_item:1005086,kg_20260602_172448
restaurant:28837,HAS_ITEM,menu_item:1005087,kg_20260602_172448
restaurant:28837,HAS_ITEM,menu_item:1005089,kg_20260602_172448
restaurant:28837,HAS_ITEM,menu_item:1005090,kg_20260602_172448
restaurant:28837,HAS_ITEM,menu_item:1005091,kg_20260602_172448
restaurant:28837,HAS_ITEM,menu_item:1005092,kg_20260602_172448
restaurant:28837,HAS_ITEM,menu_item:1005093,kg_20260602_172448
restaurant:28837,HAS_ITEM,menu_item:1005094,kg_20260602_172448
restaurant:28837,HAS_ITEM,menu_item:1005095,kg_20260602_172448
restaurant:28837,HAS_ITEM,menu_item:1005097,kg_20260602_172448
restaurant:28837,HAS_ITEM,menu_item:1005099,kg_20260602_172448
restaurant:28837,HAS_ITEM,menu_item:1005102,kg_20260602_172448
restaurant:28837,HAS_ITEM,menu_item:1005103,kg_20260602_172448
restaurant:28837,HAS_ITEM,menu_item:1005104,kg_20260602_172448
restaurant:28837,HAS_ITEM,menu_item:1005105,kg_20260602_172448
restaurant:28837,HAS_ITEM,menu_item:1005106,kg_20260602_172448
restaurant:28837,HAS_ITEM,menu_item:1005107,kg_20260602_172448
restaurant:28837,HAS_ITEM,menu_item:1005110,kg_20260602_172448
restaurant:28837,HAS_ITEM,menu_item:1005111,kg_20260602_172448
restaurant:28837,HAS_ITEM,menu_item:1005113,kg_20260602_172448
restaurant:28837,HAS_ITEM,menu_item:1005114,kg_20260602_172448
restaurant:28837,HAS_ITEM,menu_item:1005115,kg_20260602_172448
restaurant:28837,HAS_ITEM,menu_item:1005116,kg_20260602_172448
restaurant:28837,HAS_ITEM,menu_item:1005117,kg_20260602_172448
restaurant:28837,HAS_ITEM,menu_item:1005118,kg_20260602_172448
restaurant:28837,HAS_ITEM,menu_item:1005119,kg_20260602_172448
restaurant:28837,HAS_ITEM,menu_item:1005120,kg_20260602_172448
restaurant:28837,HAS_ITEM,menu_item:1005121,kg_20260602_172448
restaurant:28837,HAS_ITEM,menu_item:1005123,kg_20260602_172448
restaurant:117760,HAS_ITEM,menu_item:9945137,kg_20260602_172448
restaurant:117760,HAS_ITEM,menu_item:9945136,kg_20260602_172448
restaurant:117760,HAS_ITEM,menu_item:9945135,kg_20260602_172448
restaurant:117760,HAS_ITEM,menu_item:9945138,kg_20260602_172448
restaurant:117760,HAS_ITEM,menu_item:9945139,kg_20260602_172448
restaurant:117760,HAS_ITEM,menu_item:9945140,kg_20260602_172448
restaurant:117760,HAS_ITEM,menu_item:10993981,kg_20260602_172448
restaurant:117760,HAS_ITEM,menu_item:10993957,kg_20260602_172448
restaurant:117760,HAS_ITEM,menu_item:10993985,kg_20260602_172448
restaurant:117760,HAS_ITEM,menu_item:10994000,kg_20260602_172448
restaurant:33188,HAS_ITEM,menu_item:2228596,kg_20260602_172448
restaurant:33188,HAS_ITEM,menu_item:2228597,kg_20260602_172448
restaurant:33188,HAS_ITEM,menu_item:2228598,kg_20260602_172448
restaurant:33188,HAS_ITEM,menu_item:2228599,kg_20260602_172448
restaurant:33188,HAS_ITEM,menu_item:2228600,kg_20260602_172448
restaurant:33188,HAS_ITEM,menu_item:2228601,kg_20260602_172448
restaurant:33188,HAS_ITEM,menu_item:2228602,kg_20260602_172448
restaurant:33188,HAS_ITEM,menu_item:2228603,kg_20260602_172448
restaurant:33188,HAS_ITEM,menu_item:2228604,kg_20260602_172448
restaurant:33188,HAS_ITEM,menu_item:2228605,kg_20260602_172448
restaurant:33188,HAS_ITEM,menu_item:2228606,kg_20260602_172448
restaurant:33188,HAS_ITEM,menu_item:2228607,kg_20260602_172448
restaurant:33188,HAS_ITEM,menu_item:2228608,kg_20260602_172448
restaurant:33188,HAS_ITEM,menu_item:2228609,kg_20260602_172448
restaurant:33188,HAS_ITEM,menu_item:2228610,kg_20260602_172448
restaurant:33188,HAS_ITEM,menu_item:2228611,kg_20260602_172448
restaurant:33188,HAS_ITEM,menu_item:2228612,kg_20260602_172448
restaurant:33188,HAS_ITEM,menu_item:2228613,kg_20260602_172448
restaurant:33188,HAS_ITEM,menu_item:2228614,kg_20260602_172448
restaurant:33188,HAS_ITEM,menu_item:2228615,kg_20260602_172448
restaurant:33188,HAS_ITEM,menu_item:2228616,kg_20260602_172448
restaurant:33188,HAS_ITEM,menu_item:2228617,kg_20260602_172448
restaurant:33188,HAS_ITEM,menu_item:2228618,kg_20260602_172448
restaurant:33188,HAS_ITEM,menu_item:2228619,kg_20260602_172448
restaurant:33188,HAS_ITEM,menu_item:2228621,kg_20260602_172448
restaurant:33188,HAS_ITEM,menu_item:2228622,kg_20260602_172448
restaurant:33749,HAS_ITEM,menu_item:5609918,kg_20260602_172448
restaurant:33749,HAS_ITEM,menu_item:5609919,kg_20260602_172448
restaurant:33749,HAS_ITEM,menu_item:5609920,kg_20260602_172448
restaurant:33749,HAS_ITEM,menu_item:5609922,kg_20260602_172448
restaurant:33749,HAS_ITEM,menu_item:5609923,kg_20260602_172448
restaurant:33749,HAS_ITEM,menu_item:5609924,kg_20260602_172448
restaurant:33749,HAS_ITEM,menu_item:5609925,kg_20260602_172448
restaurant:33749,HAS_ITEM,menu_item:5609926,kg_20260602_172448
restaurant:33749,HAS_ITEM,menu_item:5609927,kg_20260602_172448
restaurant:33749,HAS_ITEM,menu_item:5609928,kg_20260602_172448
restaurant:33749,HAS_ITEM,menu_item:5609929,kg_20260602_172448
restaurant:33749,HAS_ITEM,menu_item:5609930,kg_20260602_172448
restaurant:33749,HAS_ITEM,menu_item:5609931,kg_20260602_172448
restaurant:33749,HAS_ITEM,menu_item:5609932,kg_20260602_172448
restaurant:33749,HAS_ITEM,menu_item:5609933,kg_20260602_172448
restaurant:33749,HAS_ITEM,menu_item:5609934,kg_20260602_172448
restaurant:33749,HAS_ITEM,menu_item:5609935,kg_20260602_172448
restaurant:33749,HAS_ITEM,menu_item:5609936,kg_20260602_172448
restaurant:33749,HAS_ITEM,menu_item:5609937,kg_20260602_172448
restaurant:33749,HAS_ITEM,menu_item:5609938,kg_20260602_172448
restaurant:33749,HAS_ITEM,menu_item:5609939,kg_20260602_172448
restaurant:33749,HAS_ITEM,menu_item:5609940,kg_20260602_172448
restaurant:33749,HAS_ITEM,menu_item:5609941,kg_20260602_172448
restaurant:33749,HAS_ITEM,menu_item:5609942,kg_20260602_172448
restaurant:22455,HAS_ITEM,menu_item:4293300,kg_20260602_172448
restaurant:22455,HAS_ITEM,menu_item:4293301,kg_20260602_172448
restaurant:22455,HAS_ITEM,menu_item:4293302,kg_20260602_172448
restaurant:22455,HAS_ITEM,menu_item:4293303,kg_20260602_172448
restaurant:22455,HAS_ITEM,menu_item:4293304,kg_20260602_172448
restaurant:22455,HAS_ITEM,menu_item:4293306,kg_20260602_172448
restaurant:22455,HAS_ITEM,menu_item:4293307,kg_20260602_172448
restaurant:22455,HAS_ITEM,menu_item:4293308,kg_20260602_172448
restaurant:22455,HAS_ITEM,menu_item:4293309,kg_20260602_172448
restaurant:22455,HAS_ITEM,menu_item:4293310,kg_20260602_172448
restaurant:22455,HAS_ITEM,menu_item:4293311,kg_20260602_172448
restaurant:22455,HAS_ITEM,menu_item:4293312,kg_20260602_172448
restaurant:22455,HAS_ITEM,menu_item:4293313,kg_20260602_172448
restaurant:22455,HAS_ITEM,menu_item:4293314,kg_20260602_172448
restaurant:22455,HAS_ITEM,menu_item:4293315,kg_20260602_172448
restaurant:22455,HAS_ITEM,menu_item:4293316,kg_20260602_172448
restaurant:22455,HAS_ITEM,menu_item:4293317,kg_20260602_172448
restaurant:22455,HAS_ITEM,menu_item:4293318,kg_20260602_172448
restaurant:22455,HAS_ITEM,menu_item:4293322,kg_20260602_172448
restaurant:22455,HAS_ITEM,menu_item:4293325,kg_20260602_172448
restaurant:22455,HAS_ITEM,menu_item:4293327,kg_20260602_172448
restaurant:22455,HAS_ITEM,menu_item:4293328,kg_20260602_172448
restaurant:14976,HAS_ITEM,menu_item:11033543,kg_20260602_172448
restaurant:14976,HAS_ITEM,menu_item:9063727,kg_20260602_172448
restaurant:14976,HAS_ITEM,menu_item:9063676,kg_20260602_172448
restaurant:14976,HAS_ITEM,menu_item:9568245,kg_20260602_172448
restaurant:14976,HAS_ITEM,menu_item:12060404,kg_20260602_172448
restaurant:14976,HAS_ITEM,menu_item:12060422,kg_20260602_172448
restaurant:14976,HAS_ITEM,menu_item:8657246,kg_20260602_172448
restaurant:14976,HAS_ITEM,menu_item:10411810,kg_20260602_172448
restaurant:14976,HAS_ITEM,menu_item:11033551,kg_20260602_172448
restaurant:14976,HAS_ITEM,menu_item:2305231,kg_20260602_172448
restaurant:14976,HAS_ITEM,menu_item:2305233,kg_20260602_172448
restaurant:14976,HAS_ITEM,menu_item:2305232,kg_20260602_172448
restaurant:14976,HAS_ITEM,menu_item:7023381,kg_20260602_172448
restaurant:14976,HAS_ITEM,menu_item:11033596,kg_20260602_172448
restaurant:14976,HAS_ITEM,menu_item:11033581,kg_20260602_172448
restaurant:14976,HAS_ITEM,menu_item:2305242,kg_20260602_172448
restaurant:14976,HAS_ITEM,menu_item:2305243,kg_20260602_172448
restaurant:14976,HAS_ITEM,menu_item:2305239,kg_20260602_172448
restaurant:14976,HAS_ITEM,menu_item:9063998,kg_20260602_172448
restaurant:118507,HAS_ITEM,menu_item:10048718,kg_20260602_172448
restaurant:118507,HAS_ITEM,menu_item:10048719,kg_20260602_172448
restaurant:118507,HAS_ITEM,menu_item:10048720,kg_20260602_172448
restaurant:118507,HAS_ITEM,menu_item:10048721,kg_20260602_172448
restaurant:118507,HAS_ITEM,menu_item:10067910,kg_20260602_172448
restaurant:128321,HAS_ITEM,menu_item:11229866,kg_20260602_172448
restaurant:128321,HAS_ITEM,menu_item:11229867,kg_20260602_172448
restaurant:128321,HAS_ITEM,menu_item:11229868,kg_20260602_172448
restaurant:128321,HAS_ITEM,menu_item:11229869,kg_20260602_172448
restaurant:128321,HAS_ITEM,menu_item:11229870,kg_20260602_172448
restaurant:128321,HAS_ITEM,menu_item:11229871,kg_20260602_172448
restaurant:128321,HAS_ITEM,menu_item:11229872,kg_20260602_172448
restaurant:128321,HAS_ITEM,menu_item:11229873,kg_20260602_172448
restaurant:128321,HAS_ITEM,menu_item:11229875,kg_20260602_172448
restaurant:128321,HAS_ITEM,menu_item:11229876,kg_20260602_172448
restaurant:128321,HAS_ITEM,menu_item:11229877,kg_20260602_172448
restaurant:128321,HAS_ITEM,menu_item:11229878,kg_20260602_172448
restaurant:128321,HAS_ITEM,menu_item:11229879,kg_20260602_172448
restaurant:128321,HAS_ITEM,menu_item:11229881,kg_20260602_172448
restaurant:128321,HAS_ITEM,menu_item:11229882,kg_20260602_172448
restaurant:128321,HAS_ITEM,menu_item:11229883,kg_20260602_172448
restaurant:128321,HAS_ITEM,menu_item:11229884,kg_20260602_172448
restaurant:128321,HAS_ITEM,menu_item:11229890,kg_20260602_172448
restaurant:128321,HAS_ITEM,menu_item:11229889,kg_20260602_172448
restaurant:128321,HAS_ITEM,menu_item:11229888,kg_20260602_172448
restaurant:128321,HAS_ITEM,menu_item:11229887,kg_20260602_172448
restaurant:128321,HAS_ITEM,menu_item:11229886,kg_20260602_172448
restaurant:128321,HAS_ITEM,menu_item:11230255,kg_20260602_172448
restaurant:128321,HAS_ITEM,menu_item:11230262,kg_20260602_172448
restaurant:116156,HAS_ITEM,menu_item:9774862,kg_20260602_172448
restaurant:116156,HAS_ITEM,menu_item:9774868,kg_20260602_172448
restaurant:116156,HAS_ITEM,menu_item:9774875,kg_20260602_172448
restaurant:116156,HAS_ITEM,menu_item:9774876,kg_20260602_172448
restaurant:116156,HAS_ITEM,menu_item:9774877,kg_20260602_172448
restaurant:116156,HAS_ITEM,menu_item:9774878,kg_20260602_172448
restaurant:116156,HAS_ITEM,menu_item:9774879,kg_20260602_172448
restaurant:116156,HAS_ITEM,menu_item:9774880,kg_20260602_172448
restaurant:116156,HAS_ITEM,menu_item:9774888,kg_20260602_172448
restaurant:116156,HAS_ITEM,menu_item:9774889,kg_20260602_172448
restaurant:116156,HAS_ITEM,menu_item:9941623,kg_20260602_172448
restaurant:116156,HAS_ITEM,menu_item:9774887,kg_20260602_172448
restaurant:41570,HAS_ITEM,menu_item:2913435,kg_20260602_172448
restaurant:41570,HAS_ITEM,menu_item:2913436,kg_20260602_172448
restaurant:41570,HAS_ITEM,menu_item:2913437,kg_20260602_172448
restaurant:41570,HAS_ITEM,menu_item:2913438,kg_20260602_172448
restaurant:41570,HAS_ITEM,menu_item:2913439,kg_20260602_172448
restaurant:41570,HAS_ITEM,menu_item:2913440,kg_20260602_172448
restaurant:41570,HAS_ITEM,menu_item:2913441,kg_20260602_172448
restaurant:41570,HAS_ITEM,menu_item:2913442,kg_20260602_172448
restaurant:41570,HAS_ITEM,menu_item:2913443,kg_20260602_172448
restaurant:41570,HAS_ITEM,menu_item:2913444,kg_20260602_172448
restaurant:41570,HAS_ITEM,menu_item:2913445,kg_20260602_172448
restaurant:41570,HAS_ITEM,menu_item:2913446,kg_20260602_172448
restaurant:20226,HAS_ITEM,menu_item:10438154,kg_20260602_172448
restaurant:20226,HAS_ITEM,menu_item:10438177,kg_20260602_172448
restaurant:20226,HAS_ITEM,menu_item:10438465,kg_20260602_172448
restaurant:20226,HAS_ITEM,menu_item:10438615,kg_20260602_172448
restaurant:20226,HAS_ITEM,menu_item:651419,kg_20260602_172448
restaurant:20226,HAS_ITEM,menu_item:1032217,kg_20260602_172448
restaurant:20226,HAS_ITEM,menu_item:651417,kg_20260602_172448
restaurant:20226,HAS_ITEM,menu_item:651424,kg_20260602_172448
restaurant:20226,HAS_ITEM,menu_item:651418,kg_20260602_172448
restaurant:20226,HAS_ITEM,menu_item:1032223,kg_20260602_172448
restaurant:20226,HAS_ITEM,menu_item:1032227,kg_20260602_172448
restaurant:20226,HAS_ITEM,menu_item:10426780,kg_20260602_172448
restaurant:20226,HAS_ITEM,menu_item:10485761,kg_20260602_172448
restaurant:20226,HAS_ITEM,menu_item:651420,kg_20260602_172448
restaurant:20226,HAS_ITEM,menu_item:651421,kg_20260602_172448
restaurant:20226,HAS_ITEM,menu_item:651422,kg_20260602_172448
restaurant:20226,HAS_ITEM,menu_item:651423,kg_20260602_172448
restaurant:20226,HAS_ITEM,menu_item:10438603,kg_20260602_172448
restaurant:20226,HAS_ITEM,menu_item:12065334,kg_20260602_172448
restaurant:21224,HAS_ITEM,menu_item:684101,kg_20260602_172448
restaurant:21224,HAS_ITEM,menu_item:684102,kg_20260602_172448
restaurant:21224,HAS_ITEM,menu_item:684103,kg_20260602_172448
restaurant:21224,HAS_ITEM,menu_item:684104,kg_20260602_172448
restaurant:21224,HAS_ITEM,menu_item:684106,kg_20260602_172448
restaurant:21224,HAS_ITEM,menu_item:684107,kg_20260602_172448
restaurant:21224,HAS_ITEM,menu_item:684108,kg_20260602_172448
restaurant:21224,HAS_ITEM,menu_item:684109,kg_20260602_172448
restaurant:21224,HAS_ITEM,menu_item:684110,kg_20260602_172448
restaurant:21224,HAS_ITEM,menu_item:684111,kg_20260602_172448
restaurant:21224,HAS_ITEM,menu_item:684112,kg_20260602_172448
restaurant:21224,HAS_ITEM,menu_item:684113,kg_20260602_172448
restaurant:21224,HAS_ITEM,menu_item:684114,kg_20260602_172448
restaurant:21224,HAS_ITEM,menu_item:684115,kg_20260602_172448
restaurant:21224,HAS_ITEM,menu_item:684116,kg_20260602_172448
restaurant:7240,HAS_ITEM,menu_item:213132,kg_20260602_172448
restaurant:7240,HAS_ITEM,menu_item:213135,kg_20260602_172448
restaurant:7240,HAS_ITEM,menu_item:213137,kg_20260602_172448
restaurant:7240,HAS_ITEM,menu_item:213139,kg_20260602_172448
restaurant:7240,HAS_ITEM,menu_item:213141,kg_20260602_172448
restaurant:7240,HAS_ITEM,menu_item:213142,kg_20260602_172448
restaurant:7240,HAS_ITEM,menu_item:213143,kg_20260602_172448
restaurant:7240,HAS_ITEM,menu_item:274151,kg_20260602_172448
restaurant:7240,HAS_ITEM,menu_item:9876643,kg_20260602_172448
restaurant:7240,HAS_ITEM,menu_item:11078041,kg_20260602_172448
restaurant:7240,HAS_ITEM,menu_item:11020631,kg_20260602_172448
restaurant:7240,HAS_ITEM,menu_item:11020636,kg_20260602_172448
restaurant:7240,HAS_ITEM,menu_item:11020637,kg_20260602_172448
restaurant:7240,HAS_ITEM,menu_item:11078067,kg_20260602_172448
restaurant:7240,HAS_ITEM,menu_item:11078100,kg_20260602_172448
restaurant:7240,HAS_ITEM,menu_item:11078110,kg_20260602_172448
restaurant:7240,HAS_ITEM,menu_item:11078120,kg_20260602_172448
restaurant:7240,HAS_ITEM,menu_item:11078122,kg_20260602_172448
restaurant:7240,HAS_ITEM,menu_item:11078751,kg_20260602_172448
restaurant:7240,HAS_ITEM,menu_item:11078753,kg_20260602_172448
restaurant:7240,HAS_ITEM,menu_item:11078755,kg_20260602_172448
restaurant:7240,HAS_ITEM,menu_item:11078758,kg_20260602_172448
restaurant:7240,HAS_ITEM,menu_item:11078760,kg_20260602_172448
restaurant:7240,HAS_ITEM,menu_item:11078763,kg_20260602_172448
restaurant:7240,HAS_ITEM,menu_item:11083837,kg_20260602_172448
restaurant:7240,HAS_ITEM,menu_item:11083839,kg_20260602_172448
restaurant:7240,HAS_ITEM,menu_item:11083841,kg_20260602_172448
restaurant:7240,HAS_ITEM,menu_item:11083845,kg_20260602_172448
restaurant:7240,HAS_ITEM,menu_item:11083847,kg_20260602_172448
restaurant:7240,HAS_ITEM,menu_item:11083850,kg_20260602_172448
restaurant:7240,HAS_ITEM,menu_item:11083856,kg_20260602_172448
restaurant:7240,HAS_ITEM,menu_item:11084158,kg_20260602_172448
restaurant:7240,HAS_ITEM,menu_item:11084162,kg_20260602_172448
restaurant:7240,HAS_ITEM,menu_item:11084164,kg_20260602_172448
restaurant:7240,HAS_ITEM,menu_item:11084166,kg_20260602_172448
restaurant:7240,HAS_ITEM,menu_item:11084168,kg_20260602_172448
restaurant:7240,HAS_ITEM,menu_item:11084170,kg_20260602_172448
restaurant:7240,HAS_ITEM,menu_item:11084172,kg_20260602_172448
restaurant:7240,HAS_ITEM,menu_item:11084174,kg_20260602_172448
restaurant:7240,HAS_ITEM,menu_item:11084176,kg_20260602_172448
restaurant:7240,HAS_ITEM,menu_item:11087682,kg_20260602_172448
restaurant:7240,HAS_ITEM,menu_item:11087686,kg_20260602_172448
restaurant:20472,HAS_ITEM,menu_item:659307,kg_20260602_172448
restaurant:20472,HAS_ITEM,menu_item:659308,kg_20260602_172448
restaurant:20472,HAS_ITEM,menu_item:659309,kg_20260602_172448
restaurant:20472,HAS_ITEM,menu_item:659310,kg_20260602_172448
restaurant:20472,HAS_ITEM,menu_item:659311,kg_20260602_172448
restaurant:20472,HAS_ITEM,menu_item:659312,kg_20260602_172448
restaurant:20472,HAS_ITEM,menu_item:659313,kg_20260602_172448
restaurant:20472,HAS_ITEM,menu_item:659314,kg_20260602_172448
restaurant:20472,HAS_ITEM,menu_item:659315,kg_20260602_172448
restaurant:20472,HAS_ITEM,menu_item:659316,kg_20260602_172448
restaurant:20472,HAS_ITEM,menu_item:659317,kg_20260602_172448
restaurant:20472,HAS_ITEM,menu_item:659319,kg_20260602_172448
restaurant:20472,HAS_ITEM,menu_item:659320,kg_20260602_172448
restaurant:21413,HAS_ITEM,menu_item:10451391,kg_20260602_172448
restaurant:21413,HAS_ITEM,menu_item:10451399,kg_20260602_172448
restaurant:21413,HAS_ITEM,menu_item:10451406,kg_20260602_172448
restaurant:21413,HAS_ITEM,menu_item:10451410,kg_20260602_172448
restaurant:21413,HAS_ITEM,menu_item:1037627,kg_20260602_172448
restaurant:21413,HAS_ITEM,menu_item:694005,kg_20260602_172448
restaurant:21413,HAS_ITEM,menu_item:694009,kg_20260602_172448
restaurant:21413,HAS_ITEM,menu_item:694012,kg_20260602_172448
restaurant:21413,HAS_ITEM,menu_item:1037626,kg_20260602_172448
restaurant:21413,HAS_ITEM,menu_item:1037625,kg_20260602_172448
restaurant:21413,HAS_ITEM,menu_item:10451371,kg_20260602_172448
restaurant:21413,HAS_ITEM,menu_item:10451377,kg_20260602_172448
restaurant:21413,HAS_ITEM,menu_item:694028,kg_20260602_172448
restaurant:21413,HAS_ITEM,menu_item:694024,kg_20260602_172448
restaurant:21413,HAS_ITEM,menu_item:694021,kg_20260602_172448
restaurant:21413,HAS_ITEM,menu_item:694017,kg_20260602_172448
restaurant:21413,HAS_ITEM,menu_item:10502225,kg_20260602_172448
restaurant:21413,HAS_ITEM,menu_item:10451137,kg_20260602_172448
restaurant:21413,HAS_ITEM,menu_item:10656401,kg_20260602_172448
restaurant:86219,HAS_ITEM,menu_item:6798092,kg_20260602_172448
restaurant:86219,HAS_ITEM,menu_item:6798093,kg_20260602_172448
restaurant:86219,HAS_ITEM,menu_item:6798094,kg_20260602_172448
restaurant:86219,HAS_ITEM,menu_item:6798095,kg_20260602_172448
restaurant:86219,HAS_ITEM,menu_item:6798096,kg_20260602_172448
restaurant:86219,HAS_ITEM,menu_item:6798098,kg_20260602_172448
restaurant:86219,HAS_ITEM,menu_item:6798099,kg_20260602_172448
restaurant:86219,HAS_ITEM,menu_item:6798100,kg_20260602_172448
restaurant:86219,HAS_ITEM,menu_item:6798101,kg_20260602_172448
restaurant:36034,HAS_ITEM,menu_item:2444195,kg_20260602_172448
restaurant:36034,HAS_ITEM,menu_item:2444196,kg_20260602_172448
restaurant:36034,HAS_ITEM,menu_item:2444199,kg_20260602_172448
restaurant:36034,HAS_ITEM,menu_item:8342743,kg_20260602_172448
restaurant:36034,HAS_ITEM,menu_item:8342745,kg_20260602_172448
restaurant:36034,HAS_ITEM,menu_item:8342746,kg_20260602_172448
restaurant:36034,HAS_ITEM,menu_item:8342747,kg_20260602_172448
restaurant:36034,HAS_ITEM,menu_item:11388810,kg_20260602_172448
restaurant:36034,HAS_ITEM,menu_item:11388809,kg_20260602_172448
restaurant:20129,HAS_ITEM,menu_item:648492,kg_20260602_172448
restaurant:20129,HAS_ITEM,menu_item:648493,kg_20260602_172448
restaurant:20129,HAS_ITEM,menu_item:648494,kg_20260602_172448
restaurant:20129,HAS_ITEM,menu_item:648495,kg_20260602_172448
restaurant:20129,HAS_ITEM,menu_item:648497,kg_20260602_172448
restaurant:20129,HAS_ITEM,menu_item:648498,kg_20260602_172448
restaurant:20129,HAS_ITEM,menu_item:648499,kg_20260602_172448
restaurant:20129,HAS_ITEM,menu_item:648500,kg_20260602_172448
restaurant:20129,HAS_ITEM,menu_item:648502,kg_20260602_172448
restaurant:20129,HAS_ITEM,menu_item:648503,kg_20260602_172448
restaurant:20129,HAS_ITEM,menu_item:648506,kg_20260602_172448
restaurant:20129,HAS_ITEM,menu_item:648509,kg_20260602_172448
restaurant:20129,HAS_ITEM,menu_item:648510,kg_20260602_172448
restaurant:20129,HAS_ITEM,menu_item:648511,kg_20260602_172448
restaurant:16422,HAS_ITEM,menu_item:10593542,kg_20260602_172448
restaurant:16422,HAS_ITEM,menu_item:10593524,kg_20260602_172448
restaurant:16422,HAS_ITEM,menu_item:10593552,kg_20260602_172448
restaurant:16422,HAS_ITEM,menu_item:10593558,kg_20260602_172448
restaurant:16422,HAS_ITEM,menu_item:10593546,kg_20260602_172448
restaurant:16422,HAS_ITEM,menu_item:10593571,kg_20260602_172448
restaurant:16422,HAS_ITEM,menu_item:10593575,kg_20260602_172448
restaurant:16422,HAS_ITEM,menu_item:10593579,kg_20260602_172448
restaurant:16422,HAS_ITEM,menu_item:10593583,kg_20260602_172448
restaurant:16422,HAS_ITEM,menu_item:10593585,kg_20260602_172448
restaurant:16422,HAS_ITEM,menu_item:10593587,kg_20260602_172448
restaurant:16422,HAS_ITEM,menu_item:10593589,kg_20260602_172448
restaurant:16422,HAS_ITEM,menu_item:10597884,kg_20260602_172448
restaurant:16422,HAS_ITEM,menu_item:10593603,kg_20260602_172448
restaurant:16422,HAS_ITEM,menu_item:10609567,kg_20260602_172448
restaurant:16422,HAS_ITEM,menu_item:10658039,kg_20260602_172448
restaurant:60874,HAS_ITEM,menu_item:7301935,kg_20260602_172448
restaurant:60874,HAS_ITEM,menu_item:4456341,kg_20260602_172448
restaurant:60874,HAS_ITEM,menu_item:4456342,kg_20260602_172448
restaurant:60874,HAS_ITEM,menu_item:4456344,kg_20260602_172448
restaurant:60874,HAS_ITEM,menu_item:4347844,kg_20260602_172448
restaurant:60874,HAS_ITEM,menu_item:4347845,kg_20260602_172448
restaurant:60874,HAS_ITEM,menu_item:9747827,kg_20260602_172448
restaurant:60874,HAS_ITEM,menu_item:11083474,kg_20260602_172448
restaurant:60874,HAS_ITEM,menu_item:11155196,kg_20260602_172448
restaurant:60874,HAS_ITEM,menu_item:11837479,kg_20260602_172448
restaurant:60874,HAS_ITEM,menu_item:4347842,kg_20260602_172448
restaurant:60874,HAS_ITEM,menu_item:4456340,kg_20260602_172448
restaurant:60874,HAS_ITEM,menu_item:4347839,kg_20260602_172448
restaurant:60874,HAS_ITEM,menu_item:9747833,kg_20260602_172448
restaurant:60874,HAS_ITEM,menu_item:9747836,kg_20260602_172448
restaurant:60874,HAS_ITEM,menu_item:10736954,kg_20260602_172448
restaurant:60874,HAS_ITEM,menu_item:11745864,kg_20260602_172448
restaurant:60874,HAS_ITEM,menu_item:12233761,kg_20260602_172448
restaurant:13942,HAS_ITEM,menu_item:2013685,kg_20260602_172448
restaurant:13942,HAS_ITEM,menu_item:2013687,kg_20260602_172448
restaurant:13942,HAS_ITEM,menu_item:475610,kg_20260602_172448
restaurant:13942,HAS_ITEM,menu_item:475611,kg_20260602_172448
restaurant:13942,HAS_ITEM,menu_item:475612,kg_20260602_172448
restaurant:13942,HAS_ITEM,menu_item:475613,kg_20260602_172448
restaurant:13942,HAS_ITEM,menu_item:475614,kg_20260602_172448
restaurant:13942,HAS_ITEM,menu_item:475615,kg_20260602_172448
restaurant:13942,HAS_ITEM,menu_item:475616,kg_20260602_172448
restaurant:13942,HAS_ITEM,menu_item:475617,kg_20260602_172448
restaurant:13942,HAS_ITEM,menu_item:475618,kg_20260602_172448
restaurant:13942,HAS_ITEM,menu_item:475619,kg_20260602_172448
restaurant:13942,HAS_ITEM,menu_item:475620,kg_20260602_172448
restaurant:13942,HAS_ITEM,menu_item:475621,kg_20260602_172448
restaurant:13942,HAS_ITEM,menu_item:475622,kg_20260602_172448
restaurant:13942,HAS_ITEM,menu_item:475623,kg_20260602_172448
restaurant:13942,HAS_ITEM,menu_item:475624,kg_20260602_172448
restaurant:13942,HAS_ITEM,menu_item:475625,kg_20260602_172448
restaurant:13942,HAS_ITEM,menu_item:475626,kg_20260602_172448
restaurant:13942,HAS_ITEM,menu_item:475627,kg_20260602_172448
restaurant:13942,HAS_ITEM,menu_item:475628,kg_20260602_172448
restaurant:13942,HAS_ITEM,menu_item:475629,kg_20260602_172448
restaurant:13942,HAS_ITEM,menu_item:475630,kg_20260602_172448
restaurant:13942,HAS_ITEM,menu_item:475631,kg_20260602_172448
restaurant:13942,HAS_ITEM,menu_item:2013686,kg_20260602_172448
restaurant:13942,HAS_ITEM,menu_item:2013689,kg_20260602_172448
restaurant:13942,HAS_ITEM,menu_item:2013732,kg_20260602_172448
restaurant:29659,HAS_ITEM,menu_item:1045573,kg_20260602_172448
restaurant:29659,HAS_ITEM,menu_item:1045574,kg_20260602_172448
restaurant:35452,HAS_ITEM,menu_item:2394960,kg_20260602_172448
restaurant:35452,HAS_ITEM,menu_item:2394961,kg_20260602_172448
restaurant:35452,HAS_ITEM,menu_item:2394962,kg_20260602_172448
restaurant:35452,HAS_ITEM,menu_item:2394963,kg_20260602_172448
restaurant:35452,HAS_ITEM,menu_item:2394964,kg_20260602_172448
restaurant:35452,HAS_ITEM,menu_item:2394965,kg_20260602_172448
restaurant:35452,HAS_ITEM,menu_item:11373164,kg_20260602_172448
restaurant:81993,HAS_ITEM,menu_item:6438446,kg_20260602_172448
restaurant:81993,HAS_ITEM,menu_item:6438447,kg_20260602_172448
restaurant:81993,HAS_ITEM,menu_item:6438448,kg_20260602_172448
restaurant:81993,HAS_ITEM,menu_item:6438449,kg_20260602_172448
restaurant:81993,HAS_ITEM,menu_item:8478809,kg_20260602_172448
restaurant:81993,HAS_ITEM,menu_item:6438450,kg_20260602_172448
restaurant:81993,HAS_ITEM,menu_item:6438451,kg_20260602_172448
restaurant:81993,HAS_ITEM,menu_item:6438452,kg_20260602_172448
restaurant:81993,HAS_ITEM,menu_item:6438453,kg_20260602_172448
restaurant:81993,HAS_ITEM,menu_item:6438454,kg_20260602_172448
restaurant:81993,HAS_ITEM,menu_item:6438455,kg_20260602_172448
restaurant:21980,HAS_ITEM,menu_item:716013,kg_20260602_172448
restaurant:21980,HAS_ITEM,menu_item:716014,kg_20260602_172448
restaurant:21980,HAS_ITEM,menu_item:716015,kg_20260602_172448
restaurant:21980,HAS_ITEM,menu_item:818936,kg_20260602_172448
restaurant:21980,HAS_ITEM,menu_item:4208575,kg_20260602_172448
restaurant:21980,HAS_ITEM,menu_item:4208577,kg_20260602_172448
restaurant:21980,HAS_ITEM,menu_item:4315093,kg_20260602_172448
restaurant:21980,HAS_ITEM,menu_item:4333668,kg_20260602_172448
restaurant:21980,HAS_ITEM,menu_item:4433192,kg_20260602_172448
restaurant:21980,HAS_ITEM,menu_item:4436630,kg_20260602_172448
restaurant:21980,HAS_ITEM,menu_item:4926642,kg_20260602_172448
restaurant:21980,HAS_ITEM,menu_item:4926643,kg_20260602_172448
restaurant:21980,HAS_ITEM,menu_item:857273,kg_20260602_172448
restaurant:21980,HAS_ITEM,menu_item:864460,kg_20260602_172448
restaurant:114833,HAS_ITEM,menu_item:9688409,kg_20260602_172448
restaurant:114833,HAS_ITEM,menu_item:9688459,kg_20260602_172448
restaurant:114833,HAS_ITEM,menu_item:9688460,kg_20260602_172448
restaurant:114833,HAS_ITEM,menu_item:9688461,kg_20260602_172448
restaurant:114833,HAS_ITEM,menu_item:9688462,kg_20260602_172448
restaurant:114833,HAS_ITEM,menu_item:9688463,kg_20260602_172448
restaurant:114833,HAS_ITEM,menu_item:9688464,kg_20260602_172448
restaurant:114833,HAS_ITEM,menu_item:9688465,kg_20260602_172448
restaurant:114833,HAS_ITEM,menu_item:9688466,kg_20260602_172448
restaurant:114833,HAS_ITEM,menu_item:9688467,kg_20260602_172448
restaurant:114833,HAS_ITEM,menu_item:9688468,kg_20260602_172448
restaurant:114833,HAS_ITEM,menu_item:9688479,kg_20260602_172448
restaurant:114833,HAS_ITEM,menu_item:9688480,kg_20260602_172448
restaurant:114833,HAS_ITEM,menu_item:9688481,kg_20260602_172448
restaurant:114833,HAS_ITEM,menu_item:9688483,kg_20260602_172448
restaurant:114833,HAS_ITEM,menu_item:9688484,kg_20260602_172448
restaurant:87272,HAS_ITEM,menu_item:6861606,kg_20260602_172448
restaurant:87272,HAS_ITEM,menu_item:6861607,kg_20260602_172448
restaurant:87272,HAS_ITEM,menu_item:6861608,kg_20260602_172448
restaurant:87272,HAS_ITEM,menu_item:6861609,kg_20260602_172448
restaurant:87272,HAS_ITEM,menu_item:6861610,kg_20260602_172448
restaurant:87272,HAS_ITEM,menu_item:6861611,kg_20260602_172448
restaurant:87272,HAS_ITEM,menu_item:6861612,kg_20260602_172448
restaurant:87272,HAS_ITEM,menu_item:6861615,kg_20260602_172448
restaurant:87272,HAS_ITEM,menu_item:6861616,kg_20260602_172448
restaurant:87272,HAS_ITEM,menu_item:6861617,kg_20260602_172448
restaurant:87272,HAS_ITEM,menu_item:6861618,kg_20260602_172448
restaurant:87272,HAS_ITEM,menu_item:6861619,kg_20260602_172448
restaurant:87272,HAS_ITEM,menu_item:6861620,kg_20260602_172448
restaurant:87272,HAS_ITEM,menu_item:6861621,kg_20260602_172448
restaurant:87272,HAS_ITEM,menu_item:6861622,kg_20260602_172448
restaurant:87272,HAS_ITEM,menu_item:6861623,kg_20260602_172448
restaurant:87272,HAS_ITEM,menu_item:6861624,kg_20260602_172448
restaurant:115272,HAS_ITEM,menu_item:9690956,kg_20260602_172448
restaurant:115272,HAS_ITEM,menu_item:9690957,kg_20260602_172448
restaurant:115272,HAS_ITEM,menu_item:9690958,kg_20260602_172448
restaurant:130463,HAS_ITEM,menu_item:11597091,kg_20260602_172448
restaurant:130463,HAS_ITEM,menu_item:11597092,kg_20260602_172448
restaurant:130463,HAS_ITEM,menu_item:11597855,kg_20260602_172448
restaurant:130463,HAS_ITEM,menu_item:11597856,kg_20260602_172448
restaurant:130463,HAS_ITEM,menu_item:11682276,kg_20260602_172448
restaurant:130463,HAS_ITEM,menu_item:11795296,kg_20260602_172448
restaurant:130463,HAS_ITEM,menu_item:11682258,kg_20260602_172448
restaurant:130463,HAS_ITEM,menu_item:11682261,kg_20260602_172448
restaurant:130463,HAS_ITEM,menu_item:11682272,kg_20260602_172448
restaurant:130463,HAS_ITEM,menu_item:11682264,kg_20260602_172448
restaurant:130463,HAS_ITEM,menu_item:11682267,kg_20260602_172448
restaurant:130463,HAS_ITEM,menu_item:11682296,kg_20260602_172448
restaurant:68548,HAS_ITEM,menu_item:5239772,kg_20260602_172448
restaurant:68548,HAS_ITEM,menu_item:5239773,kg_20260602_172448
restaurant:68548,HAS_ITEM,menu_item:5239774,kg_20260602_172448
restaurant:68548,HAS_ITEM,menu_item:5239776,kg_20260602_172448
restaurant:68548,HAS_ITEM,menu_item:5239777,kg_20260602_172448
restaurant:68548,HAS_ITEM,menu_item:5239778,kg_20260602_172448
restaurant:68548,HAS_ITEM,menu_item:5239779,kg_20260602_172448
restaurant:68548,HAS_ITEM,menu_item:5239780,kg_20260602_172448
restaurant:68548,HAS_ITEM,menu_item:5337585,kg_20260602_172448
restaurant:68548,HAS_ITEM,menu_item:5340364,kg_20260602_172448
restaurant:68548,HAS_ITEM,menu_item:5611011,kg_20260602_172448
restaurant:68548,HAS_ITEM,menu_item:6351656,kg_20260602_172448
restaurant:68548,HAS_ITEM,menu_item:6351658,kg_20260602_172448
restaurant:68548,HAS_ITEM,menu_item:7950649,kg_20260602_172448
restaurant:68548,HAS_ITEM,menu_item:7950653,kg_20260602_172448
restaurant:68548,HAS_ITEM,menu_item:7950655,kg_20260602_172448
restaurant:68548,HAS_ITEM,menu_item:9343774,kg_20260602_172448
restaurant:68548,HAS_ITEM,menu_item:9343775,kg_20260602_172448
restaurant:135607,HAS_ITEM,menu_item:12169378,kg_20260602_172448
restaurant:135607,HAS_ITEM,menu_item:12169380,kg_20260602_172448
restaurant:135607,HAS_ITEM,menu_item:12169383,kg_20260602_172448
restaurant:135607,HAS_ITEM,menu_item:12169384,kg_20260602_172448
restaurant:80920,HAS_ITEM,menu_item:6359725,kg_20260602_172448
restaurant:80920,HAS_ITEM,menu_item:6359726,kg_20260602_172448
restaurant:80920,HAS_ITEM,menu_item:6375281,kg_20260602_172448
restaurant:80920,HAS_ITEM,menu_item:6375283,kg_20260602_172448
restaurant:80920,HAS_ITEM,menu_item:6375285,kg_20260602_172448
restaurant:80920,HAS_ITEM,menu_item:6375447,kg_20260602_172448
restaurant:80920,HAS_ITEM,menu_item:6375448,kg_20260602_172448
restaurant:80920,HAS_ITEM,menu_item:6375449,kg_20260602_172448
restaurant:80920,HAS_ITEM,menu_item:6375536,kg_20260602_172448
restaurant:80920,HAS_ITEM,menu_item:6375569,kg_20260602_172448
restaurant:80920,HAS_ITEM,menu_item:6641551,kg_20260602_172448
restaurant:80920,HAS_ITEM,menu_item:6641554,kg_20260602_172448
restaurant:123914,HAS_ITEM,menu_item:10669763,kg_20260602_172448
restaurant:123914,HAS_ITEM,menu_item:10669764,kg_20260602_172448
restaurant:123914,HAS_ITEM,menu_item:10669765,kg_20260602_172448
restaurant:123914,HAS_ITEM,menu_item:10669766,kg_20260602_172448
restaurant:123914,HAS_ITEM,menu_item:10669767,kg_20260602_172448
restaurant:123914,HAS_ITEM,menu_item:10669768,kg_20260602_172448
restaurant:123914,HAS_ITEM,menu_item:10819936,kg_20260602_172448
restaurant:123914,HAS_ITEM,menu_item:10819944,kg_20260602_172448
restaurant:123914,HAS_ITEM,menu_item:10819948,kg_20260602_172448
restaurant:123914,HAS_ITEM,menu_item:10819953,kg_20260602_172448
restaurant:123914,HAS_ITEM,menu_item:10820555,kg_20260602_172448
restaurant:123914,HAS_ITEM,menu_item:10820573,kg_20260602_172448
restaurant:123914,HAS_ITEM,menu_item:10824232,kg_20260602_172448
restaurant:123914,HAS_ITEM,menu_item:10824240,kg_20260602_172448
restaurant:123914,HAS_ITEM,menu_item:10887101,kg_20260602_172448
restaurant:123914,HAS_ITEM,menu_item:11551050,kg_20260602_172448
restaurant:123914,HAS_ITEM,menu_item:12235265,kg_20260602_172448
restaurant:123914,HAS_ITEM,menu_item:12235271,kg_20260602_172448
restaurant:123914,HAS_ITEM,menu_item:12235273,kg_20260602_172448
restaurant:123914,HAS_ITEM,menu_item:12235275,kg_20260602_172448
restaurant:123914,HAS_ITEM,menu_item:12235277,kg_20260602_172448
restaurant:123914,HAS_ITEM,menu_item:12235279,kg_20260602_172448
restaurant:123914,HAS_ITEM,menu_item:12235281,kg_20260602_172448
restaurant:123914,HAS_ITEM,menu_item:12235283,kg_20260602_172448
restaurant:123914,HAS_ITEM,menu_item:12235285,kg_20260602_172448
restaurant:123914,HAS_ITEM,menu_item:12235289,kg_20260602_172448
restaurant:123914,HAS_ITEM,menu_item:12249081,kg_20260602_172448
restaurant:123914,HAS_ITEM,menu_item:12257160,kg_20260602_172448
restaurant:123914,HAS_ITEM,menu_item:11476312,kg_20260602_172448
restaurant:123914,HAS_ITEM,menu_item:10669770,kg_20260602_172448
restaurant:123914,HAS_ITEM,menu_item:10669772,kg_20260602_172448
restaurant:123914,HAS_ITEM,menu_item:11476322,kg_20260602_172448
restaurant:123914,HAS_ITEM,menu_item:10669769,kg_20260602_172448
restaurant:123914,HAS_ITEM,menu_item:10669781,kg_20260602_172448
restaurant:123914,HAS_ITEM,menu_item:10669783,kg_20260602_172448
restaurant:123914,HAS_ITEM,menu_item:11777045,kg_20260602_172448
restaurant:123914,HAS_ITEM,menu_item:10669790,kg_20260602_172448
restaurant:81712,HAS_ITEM,menu_item:6425136,kg_20260602_172448
restaurant:81712,HAS_ITEM,menu_item:6425137,kg_20260602_172448
restaurant:81712,HAS_ITEM,menu_item:6425138,kg_20260602_172448
restaurant:81712,HAS_ITEM,menu_item:6425142,kg_20260602_172448
restaurant:81712,HAS_ITEM,menu_item:6425145,kg_20260602_172448
restaurant:81712,HAS_ITEM,menu_item:6425148,kg_20260602_172448
restaurant:81712,HAS_ITEM,menu_item:6425150,kg_20260602_172448
restaurant:81712,HAS_ITEM,menu_item:6425151,kg_20260602_172448
restaurant:81712,HAS_ITEM,menu_item:6425152,kg_20260602_172448
restaurant:81712,HAS_ITEM,menu_item:6425159,kg_20260602_172448
restaurant:81712,HAS_ITEM,menu_item:6425160,kg_20260602_172448
restaurant:81712,HAS_ITEM,menu_item:6425164,kg_20260602_172448
restaurant:81712,HAS_ITEM,menu_item:6425184,kg_20260602_172448
restaurant:81712,HAS_ITEM,menu_item:6425187,kg_20260602_172448
restaurant:81712,HAS_ITEM,menu_item:6425191,kg_20260602_172448
restaurant:81712,HAS_ITEM,menu_item:6425192,kg_20260602_172448
restaurant:81712,HAS_ITEM,menu_item:6425193,kg_20260602_172448
restaurant:81712,HAS_ITEM,menu_item:6425194,kg_20260602_172448
restaurant:81712,HAS_ITEM,menu_item:6425196,kg_20260602_172448
restaurant:81712,HAS_ITEM,menu_item:6425197,kg_20260602_172448
restaurant:81712,HAS_ITEM,menu_item:6425200,kg_20260602_172448
restaurant:81712,HAS_ITEM,menu_item:6425106,kg_20260602_172448
restaurant:81712,HAS_ITEM,menu_item:6425110,kg_20260602_172448
restaurant:81712,HAS_ITEM,menu_item:6425111,kg_20260602_172448
restaurant:81712,HAS_ITEM,menu_item:6425112,kg_20260602_172448
restaurant:81712,HAS_ITEM,menu_item:6425114,kg_20260602_172448
restaurant:81712,HAS_ITEM,menu_item:6425116,kg_20260602_172448
restaurant:81712,HAS_ITEM,menu_item:6425117,kg_20260602_172448
restaurant:81712,HAS_ITEM,menu_item:6425119,kg_20260602_172448
restaurant:81712,HAS_ITEM,menu_item:6425121,kg_20260602_172448
restaurant:81712,HAS_ITEM,menu_item:6425124,kg_20260602_172448
restaurant:81712,HAS_ITEM,menu_item:6425125,kg_20260602_172448
restaurant:81712,HAS_ITEM,menu_item:6425128,kg_20260602_172448
restaurant:81712,HAS_ITEM,menu_item:6425166,kg_20260602_172448
restaurant:81712,HAS_ITEM,menu_item:6425167,kg_20260602_172448
restaurant:81712,HAS_ITEM,menu_item:6425169,kg_20260602_172448
restaurant:81712,HAS_ITEM,menu_item:6425171,kg_20260602_172448
restaurant:81712,HAS_ITEM,menu_item:6425174,kg_20260602_172448
restaurant:81712,HAS_ITEM,menu_item:6425175,kg_20260602_172448
restaurant:81712,HAS_ITEM,menu_item:6425176,kg_20260602_172448
restaurant:81712,HAS_ITEM,menu_item:6425177,kg_20260602_172448
restaurant:81712,HAS_ITEM,menu_item:6425178,kg_20260602_172448
restaurant:81712,HAS_ITEM,menu_item:6425179,kg_20260602_172448
restaurant:81712,HAS_ITEM,menu_item:6425180,kg_20260602_172448
restaurant:81712,HAS_ITEM,menu_item:6425107,kg_20260602_172448
restaurant:81712,HAS_ITEM,menu_item:6425144,kg_20260602_172448
restaurant:81712,HAS_ITEM,menu_item:6425198,kg_20260602_172448
restaurant:81712,HAS_ITEM,menu_item:6425130,kg_20260602_172448
restaurant:81712,HAS_ITEM,menu_item:6425133,kg_20260602_172448
restaurant:81712,HAS_ITEM,menu_item:6425134,kg_20260602_172448
restaurant:81712,HAS_ITEM,menu_item:6425135,kg_20260602_172448
restaurant:81712,HAS_ITEM,menu_item:6425139,kg_20260602_172448
restaurant:81712,HAS_ITEM,menu_item:6425140,kg_20260602_172448
restaurant:81712,HAS_ITEM,menu_item:6425143,kg_20260602_172448
restaurant:81712,HAS_ITEM,menu_item:6425147,kg_20260602_172448
restaurant:81712,HAS_ITEM,menu_item:6425154,kg_20260602_172448
restaurant:81712,HAS_ITEM,menu_item:6425156,kg_20260602_172448
restaurant:81712,HAS_ITEM,menu_item:6425157,kg_20260602_172448
restaurant:81712,HAS_ITEM,menu_item:6425158,kg_20260602_172448
restaurant:81712,HAS_ITEM,menu_item:6425162,kg_20260602_172448
restaurant:81712,HAS_ITEM,menu_item:6425188,kg_20260602_172448
restaurant:81712,HAS_ITEM,menu_item:6425199,kg_20260602_172448
restaurant:81712,HAS_ITEM,menu_item:6425120,kg_20260602_172448
restaurant:81712,HAS_ITEM,menu_item:6425131,kg_20260602_172448
restaurant:81712,HAS_ITEM,menu_item:6425163,kg_20260602_172448
restaurant:81712,HAS_ITEM,menu_item:6425243,kg_20260602_172448
restaurant:81712,HAS_ITEM,menu_item:6425244,kg_20260602_172448
restaurant:81712,HAS_ITEM,menu_item:6425246,kg_20260602_172448
restaurant:119113,HAS_ITEM,menu_item:10125345,kg_20260602_172448
restaurant:119113,HAS_ITEM,menu_item:10125346,kg_20260602_172448
restaurant:119113,HAS_ITEM,menu_item:10125347,kg_20260602_172448
restaurant:119113,HAS_ITEM,menu_item:10125348,kg_20260602_172448
restaurant:119113,HAS_ITEM,menu_item:10189571,kg_20260602_172448
restaurant:119113,HAS_ITEM,menu_item:10189575,kg_20260602_172448
restaurant:119113,HAS_ITEM,menu_item:10189576,kg_20260602_172448
restaurant:123573,HAS_ITEM,menu_item:10616313,kg_20260602_172448
restaurant:123573,HAS_ITEM,menu_item:10616314,kg_20260602_172448
restaurant:123573,HAS_ITEM,menu_item:10616316,kg_20260602_172448
restaurant:123573,HAS_ITEM,menu_item:10616317,kg_20260602_172448
restaurant:123573,HAS_ITEM,menu_item:10616318,kg_20260602_172448
restaurant:123573,HAS_ITEM,menu_item:10616319,kg_20260602_172448
restaurant:123573,HAS_ITEM,menu_item:10616320,kg_20260602_172448
restaurant:8200,HAS_ITEM,menu_item:7648690,kg_20260602_172448
restaurant:8200,HAS_ITEM,menu_item:7648691,kg_20260602_172448
restaurant:8200,HAS_ITEM,menu_item:7648692,kg_20260602_172448
restaurant:8200,HAS_ITEM,menu_item:7648693,kg_20260602_172448
restaurant:8200,HAS_ITEM,menu_item:2289268,kg_20260602_172448
restaurant:8200,HAS_ITEM,menu_item:2289272,kg_20260602_172448
restaurant:8200,HAS_ITEM,menu_item:2289230,kg_20260602_172448
restaurant:8200,HAS_ITEM,menu_item:2289234,kg_20260602_172448
restaurant:8200,HAS_ITEM,menu_item:2289235,kg_20260602_172448
restaurant:8200,HAS_ITEM,menu_item:253760,kg_20260602_172448
restaurant:8200,HAS_ITEM,menu_item:253761,kg_20260602_172448
restaurant:8200,HAS_ITEM,menu_item:253762,kg_20260602_172448
restaurant:8200,HAS_ITEM,menu_item:253763,kg_20260602_172448
restaurant:8200,HAS_ITEM,menu_item:2289246,kg_20260602_172448
restaurant:8200,HAS_ITEM,menu_item:2289247,kg_20260602_172448
restaurant:8200,HAS_ITEM,menu_item:2289248,kg_20260602_172448
restaurant:8200,HAS_ITEM,menu_item:2289249,kg_20260602_172448
restaurant:8200,HAS_ITEM,menu_item:2289233,kg_20260602_172448
restaurant:8200,HAS_ITEM,menu_item:2289237,kg_20260602_172448
restaurant:8200,HAS_ITEM,menu_item:2289238,kg_20260602_172448
restaurant:8200,HAS_ITEM,menu_item:2289239,kg_20260602_172448
restaurant:8200,HAS_ITEM,menu_item:2289240,kg_20260602_172448
restaurant:8200,HAS_ITEM,menu_item:2289241,kg_20260602_172448
restaurant:8200,HAS_ITEM,menu_item:2289242,kg_20260602_172448
restaurant:8200,HAS_ITEM,menu_item:2289243,kg_20260602_172448
restaurant:8200,HAS_ITEM,menu_item:2289244,kg_20260602_172448
restaurant:8200,HAS_ITEM,menu_item:253766,kg_20260602_172448
restaurant:8200,HAS_ITEM,menu_item:253767,kg_20260602_172448
restaurant:8200,HAS_ITEM,menu_item:253768,kg_20260602_172448
restaurant:8200,HAS_ITEM,menu_item:253769,kg_20260602_172448
restaurant:8200,HAS_ITEM,menu_item:253770,kg_20260602_172448
restaurant:8200,HAS_ITEM,menu_item:253771,kg_20260602_172448
restaurant:8200,HAS_ITEM,menu_item:253772,kg_20260602_172448
restaurant:8200,HAS_ITEM,menu_item:2289229,kg_20260602_172448
restaurant:8200,HAS_ITEM,menu_item:2289231,kg_20260602_172448
restaurant:8200,HAS_ITEM,menu_item:2289260,kg_20260602_172448
restaurant:8200,HAS_ITEM,menu_item:2289261,kg_20260602_172448
restaurant:8200,HAS_ITEM,menu_item:2289262,kg_20260602_172448
restaurant:8200,HAS_ITEM,menu_item:2289263,kg_20260602_172448
restaurant:8200,HAS_ITEM,menu_item:2289264,kg_20260602_172448
restaurant:78300,HAS_ITEM,menu_item:6148695,kg_20260602_172448
restaurant:78300,HAS_ITEM,menu_item:6148696,kg_20260602_172448
restaurant:78300,HAS_ITEM,menu_item:6148697,kg_20260602_172448
restaurant:78300,HAS_ITEM,menu_item:6148698,kg_20260602_172448
restaurant:78300,HAS_ITEM,menu_item:6151242,kg_20260602_172448
restaurant:78300,HAS_ITEM,menu_item:6251939,kg_20260602_172448
restaurant:78300,HAS_ITEM,menu_item:6891855,kg_20260602_172448
restaurant:78300,HAS_ITEM,menu_item:6891856,kg_20260602_172448
restaurant:78300,HAS_ITEM,menu_item:6891857,kg_20260602_172448
restaurant:20601,HAS_ITEM,menu_item:2440750,kg_20260602_172448
restaurant:20601,HAS_ITEM,menu_item:2440751,kg_20260602_172448
restaurant:20601,HAS_ITEM,menu_item:2440752,kg_20260602_172448
restaurant:20601,HAS_ITEM,menu_item:663177,kg_20260602_172448
restaurant:20601,HAS_ITEM,menu_item:663178,kg_20260602_172448
restaurant:20601,HAS_ITEM,menu_item:663181,kg_20260602_172448
restaurant:20601,HAS_ITEM,menu_item:663182,kg_20260602_172448
restaurant:20601,HAS_ITEM,menu_item:663183,kg_20260602_172448
restaurant:9568,HAS_ITEM,menu_item:314748,kg_20260602_172448
restaurant:9568,HAS_ITEM,menu_item:314752,kg_20260602_172448
restaurant:9568,HAS_ITEM,menu_item:314778,kg_20260602_172448
restaurant:9568,HAS_ITEM,menu_item:314760,kg_20260602_172448
restaurant:9568,HAS_ITEM,menu_item:314786,kg_20260602_172448
restaurant:9568,HAS_ITEM,menu_item:314782,kg_20260602_172448
restaurant:9568,HAS_ITEM,menu_item:314771,kg_20260602_172448
restaurant:9568,HAS_ITEM,menu_item:314774,kg_20260602_172448
restaurant:9568,HAS_ITEM,menu_item:314812,kg_20260602_172448
restaurant:9568,HAS_ITEM,menu_item:314790,kg_20260602_172448
restaurant:9568,HAS_ITEM,menu_item:314805,kg_20260602_172448
restaurant:9568,HAS_ITEM,menu_item:314800,kg_20260602_172448
restaurant:9568,HAS_ITEM,menu_item:314857,kg_20260602_172448
restaurant:12952,HAS_ITEM,menu_item:441860,kg_20260602_172448
restaurant:12952,HAS_ITEM,menu_item:441861,kg_20260602_172448
restaurant:12952,HAS_ITEM,menu_item:441862,kg_20260602_172448
restaurant:12952,HAS_ITEM,menu_item:441863,kg_20260602_172448
restaurant:12952,HAS_ITEM,menu_item:441864,kg_20260602_172448
restaurant:12952,HAS_ITEM,menu_item:441865,kg_20260602_172448
restaurant:12952,HAS_ITEM,menu_item:441866,kg_20260602_172448
restaurant:12952,HAS_ITEM,menu_item:441867,kg_20260602_172448
restaurant:12952,HAS_ITEM,menu_item:441868,kg_20260602_172448
restaurant:12952,HAS_ITEM,menu_item:441869,kg_20260602_172448
restaurant:12952,HAS_ITEM,menu_item:441870,kg_20260602_172448
restaurant:12952,HAS_ITEM,menu_item:441871,kg_20260602_172448
restaurant:12952,HAS_ITEM,menu_item:441872,kg_20260602_172448
restaurant:12952,HAS_ITEM,menu_item:441874,kg_20260602_172448
restaurant:12952,HAS_ITEM,menu_item:441876,kg_20260602_172448
restaurant:12952,HAS_ITEM,menu_item:441881,kg_20260602_172448
restaurant:12952,HAS_ITEM,menu_item:441882,kg_20260602_172448
restaurant:12952,HAS_ITEM,menu_item:441883,kg_20260602_172448
restaurant:69613,HAS_ITEM,menu_item:5397644,kg_20260602_172448
restaurant:69613,HAS_ITEM,menu_item:5397645,kg_20260602_172448
restaurant:69613,HAS_ITEM,menu_item:5397646,kg_20260602_172448
restaurant:69613,HAS_ITEM,menu_item:5397647,kg_20260602_172448
restaurant:69613,HAS_ITEM,menu_item:5397648,kg_20260602_172448
restaurant:14120,HAS_ITEM,menu_item:481739,kg_20260602_172448
restaurant:14120,HAS_ITEM,menu_item:481740,kg_20260602_172448
restaurant:14120,HAS_ITEM,menu_item:481741,kg_20260602_172448
restaurant:14120,HAS_ITEM,menu_item:481743,kg_20260602_172448
restaurant:14120,HAS_ITEM,menu_item:1998443,kg_20260602_172448
restaurant:14120,HAS_ITEM,menu_item:481744,kg_20260602_172448
restaurant:14120,HAS_ITEM,menu_item:481745,kg_20260602_172448
restaurant:14120,HAS_ITEM,menu_item:481746,kg_20260602_172448
restaurant:14120,HAS_ITEM,menu_item:481747,kg_20260602_172448
restaurant:14120,HAS_ITEM,menu_item:481748,kg_20260602_172448
restaurant:14120,HAS_ITEM,menu_item:481749,kg_20260602_172448
restaurant:14120,HAS_ITEM,menu_item:481751,kg_20260602_172448
restaurant:14120,HAS_ITEM,menu_item:481753,kg_20260602_172448
restaurant:14120,HAS_ITEM,menu_item:481754,kg_20260602_172448
restaurant:14120,HAS_ITEM,menu_item:481758,kg_20260602_172448
restaurant:14120,HAS_ITEM,menu_item:1998745,kg_20260602_172448
restaurant:14120,HAS_ITEM,menu_item:1998747,kg_20260602_172448
restaurant:2282,HAS_ITEM,menu_item:1702457,kg_20260602_172448
restaurant:2282,HAS_ITEM,menu_item:1702460,kg_20260602_172448
restaurant:2282,HAS_ITEM,menu_item:1702461,kg_20260602_172448
restaurant:2282,HAS_ITEM,menu_item:1702462,kg_20260602_172448
restaurant:2282,HAS_ITEM,menu_item:1702463,kg_20260602_172448
restaurant:2282,HAS_ITEM,menu_item:1702464,kg_20260602_172448
restaurant:2282,HAS_ITEM,menu_item:487363,kg_20260602_172448
restaurant:2282,HAS_ITEM,menu_item:487368,kg_20260602_172448
restaurant:2282,HAS_ITEM,menu_item:487375,kg_20260602_172448
restaurant:2282,HAS_ITEM,menu_item:487383,kg_20260602_172448
restaurant:2282,HAS_ITEM,menu_item:487429,kg_20260602_172448
restaurant:2282,HAS_ITEM,menu_item:1053285,kg_20260602_172448
restaurant:2282,HAS_ITEM,menu_item:45587,kg_20260602_172448
restaurant:2282,HAS_ITEM,menu_item:45593,kg_20260602_172448
restaurant:2282,HAS_ITEM,menu_item:45596,kg_20260602_172448
restaurant:2282,HAS_ITEM,menu_item:45598,kg_20260602_172448
restaurant:2282,HAS_ITEM,menu_item:45601,kg_20260602_172448
restaurant:2282,HAS_ITEM,menu_item:45603,kg_20260602_172448
restaurant:2282,HAS_ITEM,menu_item:45606,kg_20260602_172448
restaurant:2282,HAS_ITEM,menu_item:45608,kg_20260602_172448
restaurant:2282,HAS_ITEM,menu_item:45610,kg_20260602_172448
restaurant:2282,HAS_ITEM,menu_item:45615,kg_20260602_172448
restaurant:2282,HAS_ITEM,menu_item:45618,kg_20260602_172448
restaurant:2282,HAS_ITEM,menu_item:45622,kg_20260602_172448
restaurant:2282,HAS_ITEM,menu_item:45630,kg_20260602_172448
restaurant:2282,HAS_ITEM,menu_item:45632,kg_20260602_172448
restaurant:2282,HAS_ITEM,menu_item:45635,kg_20260602_172448
restaurant:2282,HAS_ITEM,menu_item:45637,kg_20260602_172448
restaurant:2282,HAS_ITEM,menu_item:45640,kg_20260602_172448
restaurant:2282,HAS_ITEM,menu_item:45642,kg_20260602_172448
restaurant:2282,HAS_ITEM,menu_item:1053280,kg_20260602_172448
restaurant:76776,HAS_ITEM,menu_item:6029675,kg_20260602_172448
restaurant:76776,HAS_ITEM,menu_item:6029677,kg_20260602_172448
restaurant:76776,HAS_ITEM,menu_item:7110985,kg_20260602_172448
restaurant:76776,HAS_ITEM,menu_item:7110986,kg_20260602_172448
restaurant:76776,HAS_ITEM,menu_item:7110987,kg_20260602_172448
restaurant:76776,HAS_ITEM,menu_item:7110988,kg_20260602_172448
restaurant:76776,HAS_ITEM,menu_item:7110989,kg_20260602_172448
restaurant:76776,HAS_ITEM,menu_item:7110990,kg_20260602_172448
restaurant:76776,HAS_ITEM,menu_item:8388285,kg_20260602_172448
restaurant:76776,HAS_ITEM,menu_item:8388287,kg_20260602_172448
restaurant:76776,HAS_ITEM,menu_item:8388292,kg_20260602_172448
restaurant:76776,HAS_ITEM,menu_item:8388300,kg_20260602_172448
restaurant:76776,HAS_ITEM,menu_item:6029676,kg_20260602_172448
restaurant:102812,HAS_ITEM,menu_item:8184948,kg_20260602_172448
restaurant:102812,HAS_ITEM,menu_item:8184947,kg_20260602_172448
restaurant:102812,HAS_ITEM,menu_item:8184953,kg_20260602_172448
restaurant:102812,HAS_ITEM,menu_item:8184950,kg_20260602_172448
restaurant:102812,HAS_ITEM,menu_item:8184949,kg_20260602_172448
restaurant:102812,HAS_ITEM,menu_item:8184952,kg_20260602_172448
restaurant:102812,HAS_ITEM,menu_item:8184955,kg_20260602_172448
restaurant:102812,HAS_ITEM,menu_item:8184956,kg_20260602_172448
restaurant:130643,HAS_ITEM,menu_item:11782355,kg_20260602_172448
restaurant:130643,HAS_ITEM,menu_item:11616984,kg_20260602_172448
restaurant:130643,HAS_ITEM,menu_item:11616985,kg_20260602_172448
restaurant:130643,HAS_ITEM,menu_item:11616986,kg_20260602_172448
restaurant:130643,HAS_ITEM,menu_item:11616987,kg_20260602_172448
restaurant:130643,HAS_ITEM,menu_item:11616990,kg_20260602_172448
restaurant:130643,HAS_ITEM,menu_item:11616991,kg_20260602_172448
restaurant:130643,HAS_ITEM,menu_item:11616992,kg_20260602_172448
restaurant:130643,HAS_ITEM,menu_item:11616995,kg_20260602_172448
restaurant:130643,HAS_ITEM,menu_item:11698504,kg_20260602_172448
restaurant:130643,HAS_ITEM,menu_item:11698168,kg_20260602_172448
restaurant:130643,HAS_ITEM,menu_item:11698359,kg_20260602_172448
restaurant:130643,HAS_ITEM,menu_item:11698368,kg_20260602_172448
restaurant:130643,HAS_ITEM,menu_item:11698530,kg_20260602_172448
restaurant:130643,HAS_ITEM,menu_item:11698544,kg_20260602_172448
restaurant:130643,HAS_ITEM,menu_item:11698566,kg_20260602_172448
restaurant:130643,HAS_ITEM,menu_item:11698580,kg_20260602_172448
restaurant:130643,HAS_ITEM,menu_item:11699631,kg_20260602_172448
restaurant:130643,HAS_ITEM,menu_item:11699285,kg_20260602_172448
restaurant:130643,HAS_ITEM,menu_item:11699297,kg_20260602_172448
restaurant:130643,HAS_ITEM,menu_item:11699329,kg_20260602_172448
restaurant:130643,HAS_ITEM,menu_item:11699313,kg_20260602_172448
restaurant:130643,HAS_ITEM,menu_item:11699344,kg_20260602_172448
restaurant:130643,HAS_ITEM,menu_item:11699581,kg_20260602_172448
restaurant:130643,HAS_ITEM,menu_item:11699699,kg_20260602_172448
restaurant:130643,HAS_ITEM,menu_item:11699711,kg_20260602_172448
restaurant:130643,HAS_ITEM,menu_item:11699728,kg_20260602_172448
restaurant:130643,HAS_ITEM,menu_item:11699744,kg_20260602_172448
restaurant:130643,HAS_ITEM,menu_item:11699766,kg_20260602_172448
restaurant:130643,HAS_ITEM,menu_item:11699780,kg_20260602_172448
restaurant:130643,HAS_ITEM,menu_item:11699798,kg_20260602_172448
restaurant:130643,HAS_ITEM,menu_item:11699812,kg_20260602_172448
restaurant:130643,HAS_ITEM,menu_item:11699825,kg_20260602_172448
restaurant:8432,HAS_ITEM,menu_item:3956361,kg_20260602_172448
restaurant:8432,HAS_ITEM,menu_item:3956364,kg_20260602_172448
restaurant:8432,HAS_ITEM,menu_item:3956365,kg_20260602_172448
restaurant:8432,HAS_ITEM,menu_item:3956367,kg_20260602_172448
restaurant:8432,HAS_ITEM,menu_item:9664908,kg_20260602_172448
restaurant:8432,HAS_ITEM,menu_item:9664969,kg_20260602_172448
restaurant:8432,HAS_ITEM,menu_item:9664970,kg_20260602_172448
restaurant:8432,HAS_ITEM,menu_item:9664971,kg_20260602_172448
restaurant:8432,HAS_ITEM,menu_item:9664972,kg_20260602_172448
restaurant:8432,HAS_ITEM,menu_item:9664973,kg_20260602_172448
restaurant:8432,HAS_ITEM,menu_item:9664975,kg_20260602_172448
restaurant:8432,HAS_ITEM,menu_item:9664976,kg_20260602_172448
restaurant:8432,HAS_ITEM,menu_item:9664978,kg_20260602_172448
restaurant:8432,HAS_ITEM,menu_item:9664979,kg_20260602_172448
restaurant:8432,HAS_ITEM,menu_item:9664980,kg_20260602_172448
restaurant:8432,HAS_ITEM,menu_item:9664981,kg_20260602_172448
restaurant:8432,HAS_ITEM,menu_item:9664982,kg_20260602_172448
restaurant:8432,HAS_ITEM,menu_item:9664983,kg_20260602_172448
restaurant:8432,HAS_ITEM,menu_item:9664984,kg_20260602_172448
restaurant:8432,HAS_ITEM,menu_item:9664985,kg_20260602_172448
restaurant:106675,HAS_ITEM,menu_item:8718881,kg_20260602_172448
restaurant:106675,HAS_ITEM,menu_item:8718882,kg_20260602_172448
restaurant:106675,HAS_ITEM,menu_item:8718891,kg_20260602_172448
restaurant:102294,HAS_ITEM,menu_item:8139375,kg_20260602_172448
restaurant:102294,HAS_ITEM,menu_item:8139377,kg_20260602_172448
restaurant:102294,HAS_ITEM,menu_item:8139378,kg_20260602_172448
restaurant:102294,HAS_ITEM,menu_item:8139379,kg_20260602_172448
restaurant:102294,HAS_ITEM,menu_item:8139380,kg_20260602_172448
restaurant:102294,HAS_ITEM,menu_item:8139381,kg_20260602_172448
restaurant:102294,HAS_ITEM,menu_item:8139382,kg_20260602_172448
restaurant:102294,HAS_ITEM,menu_item:8139383,kg_20260602_172448
restaurant:102294,HAS_ITEM,menu_item:8139384,kg_20260602_172448
restaurant:102294,HAS_ITEM,menu_item:8139385,kg_20260602_172448
restaurant:102294,HAS_ITEM,menu_item:8139386,kg_20260602_172448
restaurant:102294,HAS_ITEM,menu_item:8139387,kg_20260602_172448
restaurant:102294,HAS_ITEM,menu_item:8139388,kg_20260602_172448
restaurant:102294,HAS_ITEM,menu_item:8139389,kg_20260602_172448
restaurant:102294,HAS_ITEM,menu_item:8139393,kg_20260602_172448
restaurant:102294,HAS_ITEM,menu_item:8139396,kg_20260602_172448
restaurant:102294,HAS_ITEM,menu_item:8139397,kg_20260602_172448
restaurant:102294,HAS_ITEM,menu_item:8139398,kg_20260602_172448
restaurant:15897,HAS_ITEM,menu_item:5362942,kg_20260602_172448
restaurant:15897,HAS_ITEM,menu_item:5362945,kg_20260602_172448
restaurant:15897,HAS_ITEM,menu_item:5362946,kg_20260602_172448
restaurant:15897,HAS_ITEM,menu_item:5362947,kg_20260602_172448
restaurant:15897,HAS_ITEM,menu_item:5362948,kg_20260602_172448
restaurant:15897,HAS_ITEM,menu_item:5362949,kg_20260602_172448
restaurant:15897,HAS_ITEM,menu_item:5362950,kg_20260602_172448
restaurant:15897,HAS_ITEM,menu_item:5362953,kg_20260602_172448
restaurant:15897,HAS_ITEM,menu_item:5362954,kg_20260602_172448
restaurant:15897,HAS_ITEM,menu_item:5362955,kg_20260602_172448
restaurant:15897,HAS_ITEM,menu_item:5362956,kg_20260602_172448
restaurant:15897,HAS_ITEM,menu_item:5362957,kg_20260602_172448
restaurant:15897,HAS_ITEM,menu_item:5362958,kg_20260602_172448
restaurant:15897,HAS_ITEM,menu_item:5362959,kg_20260602_172448
restaurant:15897,HAS_ITEM,menu_item:5362960,kg_20260602_172448
restaurant:15897,HAS_ITEM,menu_item:5362961,kg_20260602_172448
restaurant:15897,HAS_ITEM,menu_item:5362962,kg_20260602_172448
restaurant:15897,HAS_ITEM,menu_item:5362963,kg_20260602_172448
restaurant:15897,HAS_ITEM,menu_item:5362964,kg_20260602_172448
restaurant:15897,HAS_ITEM,menu_item:5362965,kg_20260602_172448
restaurant:15897,HAS_ITEM,menu_item:5362966,kg_20260602_172448
restaurant:15897,HAS_ITEM,menu_item:5362968,kg_20260602_172448
restaurant:15897,HAS_ITEM,menu_item:5362969,kg_20260602_172448
restaurant:15897,HAS_ITEM,menu_item:5362970,kg_20260602_172448
restaurant:15897,HAS_ITEM,menu_item:5362971,kg_20260602_172448
restaurant:15897,HAS_ITEM,menu_item:5362973,kg_20260602_172448
restaurant:15897,HAS_ITEM,menu_item:5362974,kg_20260602_172448
restaurant:15897,HAS_ITEM,menu_item:5362975,kg_20260602_172448
restaurant:15897,HAS_ITEM,menu_item:5362976,kg_20260602_172448
restaurant:15897,HAS_ITEM,menu_item:5362978,kg_20260602_172448
restaurant:15897,HAS_ITEM,menu_item:5362980,kg_20260602_172448
restaurant:15897,HAS_ITEM,menu_item:5362981,kg_20260602_172448
restaurant:15897,HAS_ITEM,menu_item:5362982,kg_20260602_172448
restaurant:15897,HAS_ITEM,menu_item:5362983,kg_20260602_172448
restaurant:15897,HAS_ITEM,menu_item:5362984,kg_20260602_172448
restaurant:15897,HAS_ITEM,menu_item:5362987,kg_20260602_172448
restaurant:15897,HAS_ITEM,menu_item:5362990,kg_20260602_172448
restaurant:15897,HAS_ITEM,menu_item:5362991,kg_20260602_172448
restaurant:15897,HAS_ITEM,menu_item:8325428,kg_20260602_172448
restaurant:15897,HAS_ITEM,menu_item:11299293,kg_20260602_172448
restaurant:130509,HAS_ITEM,menu_item:11678983,kg_20260602_172448
restaurant:130509,HAS_ITEM,menu_item:11601605,kg_20260602_172448
restaurant:130509,HAS_ITEM,menu_item:11601585,kg_20260602_172448
restaurant:130509,HAS_ITEM,menu_item:11601586,kg_20260602_172448
restaurant:130509,HAS_ITEM,menu_item:11601587,kg_20260602_172448
restaurant:130509,HAS_ITEM,menu_item:11601591,kg_20260602_172448
restaurant:130509,HAS_ITEM,menu_item:11601613,kg_20260602_172448
restaurant:130509,HAS_ITEM,menu_item:11678975,kg_20260602_172448
restaurant:130509,HAS_ITEM,menu_item:11678976,kg_20260602_172448
restaurant:130509,HAS_ITEM,menu_item:11678977,kg_20260602_172448
restaurant:130509,HAS_ITEM,menu_item:11678978,kg_20260602_172448
restaurant:130509,HAS_ITEM,menu_item:11737681,kg_20260602_172448
restaurant:130509,HAS_ITEM,menu_item:11601590,kg_20260602_172448
restaurant:130509,HAS_ITEM,menu_item:11601593,kg_20260602_172448
restaurant:130509,HAS_ITEM,menu_item:11601597,kg_20260602_172448
restaurant:130509,HAS_ITEM,menu_item:11601600,kg_20260602_172448
restaurant:130509,HAS_ITEM,menu_item:11601610,kg_20260602_172448
restaurant:130509,HAS_ITEM,menu_item:11737683,kg_20260602_172448
restaurant:130509,HAS_ITEM,menu_item:11601607,kg_20260602_172448
restaurant:130509,HAS_ITEM,menu_item:11601608,kg_20260602_172448
restaurant:130509,HAS_ITEM,menu_item:11601609,kg_20260602_172448
restaurant:130509,HAS_ITEM,menu_item:11601611,kg_20260602_172448
restaurant:130509,HAS_ITEM,menu_item:11601612,kg_20260602_172448
restaurant:130509,HAS_ITEM,menu_item:11601594,kg_20260602_172448
restaurant:130509,HAS_ITEM,menu_item:11601595,kg_20260602_172448
restaurant:130509,HAS_ITEM,menu_item:11601596,kg_20260602_172448
restaurant:130509,HAS_ITEM,menu_item:11737699,kg_20260602_172448
restaurant:135845,HAS_ITEM,menu_item:12186568,kg_20260602_172448
restaurant:135845,HAS_ITEM,menu_item:12186569,kg_20260602_172448
restaurant:135845,HAS_ITEM,menu_item:12186570,kg_20260602_172448
restaurant:135845,HAS_ITEM,menu_item:12186571,kg_20260602_172448
restaurant:135845,HAS_ITEM,menu_item:12186572,kg_20260602_172448
restaurant:135845,HAS_ITEM,menu_item:12186573,kg_20260602_172448
restaurant:135845,HAS_ITEM,menu_item:12186574,kg_20260602_172448
restaurant:135845,HAS_ITEM,menu_item:12186575,kg_20260602_172448
restaurant:135845,HAS_ITEM,menu_item:12186576,kg_20260602_172448
restaurant:135845,HAS_ITEM,menu_item:12186565,kg_20260602_172448
restaurant:135845,HAS_ITEM,menu_item:12186566,kg_20260602_172448
restaurant:135845,HAS_ITEM,menu_item:12186567,kg_20260602_172448
restaurant:39262,HAS_ITEM,menu_item:2681303,kg_20260602_172448
restaurant:39262,HAS_ITEM,menu_item:2681304,kg_20260602_172448
restaurant:39262,HAS_ITEM,menu_item:2681305,kg_20260602_172448
restaurant:39262,HAS_ITEM,menu_item:2681306,kg_20260602_172448
restaurant:39262,HAS_ITEM,menu_item:2681307,kg_20260602_172448
restaurant:39262,HAS_ITEM,menu_item:2681308,kg_20260602_172448
restaurant:17700,HAS_ITEM,menu_item:589529,kg_20260602_172448
restaurant:17700,HAS_ITEM,menu_item:589534,kg_20260602_172448
restaurant:17700,HAS_ITEM,menu_item:589535,kg_20260602_172448
restaurant:17700,HAS_ITEM,menu_item:589532,kg_20260602_172448
restaurant:17700,HAS_ITEM,menu_item:589533,kg_20260602_172448
restaurant:17700,HAS_ITEM,menu_item:589536,kg_20260602_172448
restaurant:17700,HAS_ITEM,menu_item:589537,kg_20260602_172448
restaurant:17700,HAS_ITEM,menu_item:589538,kg_20260602_172448
restaurant:17700,HAS_ITEM,menu_item:589543,kg_20260602_172448
restaurant:17700,HAS_ITEM,menu_item:6004218,kg_20260602_172448
restaurant:98870,HAS_ITEM,menu_item:7763413,kg_20260602_172448
restaurant:98870,HAS_ITEM,menu_item:7763414,kg_20260602_172448
restaurant:98870,HAS_ITEM,menu_item:7763415,kg_20260602_172448
restaurant:98870,HAS_ITEM,menu_item:7763416,kg_20260602_172448
restaurant:98870,HAS_ITEM,menu_item:7763417,kg_20260602_172448
restaurant:98870,HAS_ITEM,menu_item:7777615,kg_20260602_172448
restaurant:98870,HAS_ITEM,menu_item:7777737,kg_20260602_172448
restaurant:98870,HAS_ITEM,menu_item:7777738,kg_20260602_172448
restaurant:98870,HAS_ITEM,menu_item:7777739,kg_20260602_172448
restaurant:98870,HAS_ITEM,menu_item:7804816,kg_20260602_172448
restaurant:98870,HAS_ITEM,menu_item:7804817,kg_20260602_172448
restaurant:98870,HAS_ITEM,menu_item:7804818,kg_20260602_172448
restaurant:98870,HAS_ITEM,menu_item:7804819,kg_20260602_172448
restaurant:98870,HAS_ITEM,menu_item:9152024,kg_20260602_172448
restaurant:98870,HAS_ITEM,menu_item:7804821,kg_20260602_172448
restaurant:98870,HAS_ITEM,menu_item:7804822,kg_20260602_172448
restaurant:55835,HAS_ITEM,menu_item:3931511,kg_20260602_172448
restaurant:55835,HAS_ITEM,menu_item:3931512,kg_20260602_172448
restaurant:55835,HAS_ITEM,menu_item:3931513,kg_20260602_172448
restaurant:55835,HAS_ITEM,menu_item:4283039,kg_20260602_172448
restaurant:88436,HAS_ITEM,menu_item:6945265,kg_20260602_172448
restaurant:88436,HAS_ITEM,menu_item:6945266,kg_20260602_172448
restaurant:88436,HAS_ITEM,menu_item:6945269,kg_20260602_172448
restaurant:88436,HAS_ITEM,menu_item:6945270,kg_20260602_172448
restaurant:88436,HAS_ITEM,menu_item:6945271,kg_20260602_172448
restaurant:88436,HAS_ITEM,menu_item:6945273,kg_20260602_172448
restaurant:88436,HAS_ITEM,menu_item:6945274,kg_20260602_172448
restaurant:88436,HAS_ITEM,menu_item:6945276,kg_20260602_172448
restaurant:88436,HAS_ITEM,menu_item:9017441,kg_20260602_172448
restaurant:69293,HAS_ITEM,menu_item:5345960,kg_20260602_172448
restaurant:69293,HAS_ITEM,menu_item:5345961,kg_20260602_172448
restaurant:69293,HAS_ITEM,menu_item:5345962,kg_20260602_172448
restaurant:69293,HAS_ITEM,menu_item:5345963,kg_20260602_172448
restaurant:69293,HAS_ITEM,menu_item:5345964,kg_20260602_172448
restaurant:69293,HAS_ITEM,menu_item:5345965,kg_20260602_172448
restaurant:10307,HAS_ITEM,menu_item:343207,kg_20260602_172448
restaurant:10307,HAS_ITEM,menu_item:343208,kg_20260602_172448
restaurant:10307,HAS_ITEM,menu_item:343209,kg_20260602_172448
restaurant:10307,HAS_ITEM,menu_item:343210,kg_20260602_172448
restaurant:10307,HAS_ITEM,menu_item:343212,kg_20260602_172448
restaurant:10307,HAS_ITEM,menu_item:343215,kg_20260602_172448
restaurant:10307,HAS_ITEM,menu_item:343217,kg_20260602_172448
restaurant:10307,HAS_ITEM,menu_item:343218,kg_20260602_172448
restaurant:10307,HAS_ITEM,menu_item:343219,kg_20260602_172448
restaurant:10307,HAS_ITEM,menu_item:343220,kg_20260602_172448
restaurant:10307,HAS_ITEM,menu_item:343221,kg_20260602_172448
restaurant:10307,HAS_ITEM,menu_item:343223,kg_20260602_172448
restaurant:10307,HAS_ITEM,menu_item:343224,kg_20260602_172448
restaurant:10307,HAS_ITEM,menu_item:343225,kg_20260602_172448
restaurant:10307,HAS_ITEM,menu_item:343226,kg_20260602_172448
restaurant:10307,HAS_ITEM,menu_item:343228,kg_20260602_172448
restaurant:49400,HAS_ITEM,menu_item:3430074,kg_20260602_172448
restaurant:49400,HAS_ITEM,menu_item:3430075,kg_20260602_172448
restaurant:88782,HAS_ITEM,menu_item:6997349,kg_20260602_172448
restaurant:88782,HAS_ITEM,menu_item:6997350,kg_20260602_172448
restaurant:88782,HAS_ITEM,menu_item:6997352,kg_20260602_172448
restaurant:88782,HAS_ITEM,menu_item:6997356,kg_20260602_172448
restaurant:88782,HAS_ITEM,menu_item:6997358,kg_20260602_172448
restaurant:88782,HAS_ITEM,menu_item:6997359,kg_20260602_172448
restaurant:88782,HAS_ITEM,menu_item:6997360,kg_20260602_172448
restaurant:88782,HAS_ITEM,menu_item:6997364,kg_20260602_172448
restaurant:88782,HAS_ITEM,menu_item:6997368,kg_20260602_172448
restaurant:88782,HAS_ITEM,menu_item:6997369,kg_20260602_172448
restaurant:88782,HAS_ITEM,menu_item:6997370,kg_20260602_172448
restaurant:88782,HAS_ITEM,menu_item:6997371,kg_20260602_172448
restaurant:88782,HAS_ITEM,menu_item:8477155,kg_20260602_172448
restaurant:88782,HAS_ITEM,menu_item:8477175,kg_20260602_172448
restaurant:61570,HAS_ITEM,menu_item:4507195,kg_20260602_172448
restaurant:61570,HAS_ITEM,menu_item:4507199,kg_20260602_172448
restaurant:61570,HAS_ITEM,menu_item:6272142,kg_20260602_172448
restaurant:61570,HAS_ITEM,menu_item:10657644,kg_20260602_172448
restaurant:123151,HAS_ITEM,menu_item:10570424,kg_20260602_172448
restaurant:123151,HAS_ITEM,menu_item:10570425,kg_20260602_172448
restaurant:123151,HAS_ITEM,menu_item:10570426,kg_20260602_172448
restaurant:123151,HAS_ITEM,menu_item:10570427,kg_20260602_172448
restaurant:123151,HAS_ITEM,menu_item:10570428,kg_20260602_172448
restaurant:123151,HAS_ITEM,menu_item:10570429,kg_20260602_172448
restaurant:123151,HAS_ITEM,menu_item:10571165,kg_20260602_172448
restaurant:123151,HAS_ITEM,menu_item:10571180,kg_20260602_172448
restaurant:123151,HAS_ITEM,menu_item:10571191,kg_20260602_172448
restaurant:89400,HAS_ITEM,menu_item:7031292,kg_20260602_172448
restaurant:89400,HAS_ITEM,menu_item:7031300,kg_20260602_172448
restaurant:89400,HAS_ITEM,menu_item:7031294,kg_20260602_172448
restaurant:89400,HAS_ITEM,menu_item:7031302,kg_20260602_172448
restaurant:89400,HAS_ITEM,menu_item:7031295,kg_20260602_172448
restaurant:89400,HAS_ITEM,menu_item:7031296,kg_20260602_172448
restaurant:89400,HAS_ITEM,menu_item:7031298,kg_20260602_172448
restaurant:89400,HAS_ITEM,menu_item:7440802,kg_20260602_172448
restaurant:89400,HAS_ITEM,menu_item:7031301,kg_20260602_172448
restaurant:89400,HAS_ITEM,menu_item:7031297,kg_20260602_172448
restaurant:89400,HAS_ITEM,menu_item:7031307,kg_20260602_172448
restaurant:89400,HAS_ITEM,menu_item:7031306,kg_20260602_172448
restaurant:89400,HAS_ITEM,menu_item:7031309,kg_20260602_172448
restaurant:89400,HAS_ITEM,menu_item:7031303,kg_20260602_172448
restaurant:89400,HAS_ITEM,menu_item:7031304,kg_20260602_172448
restaurant:89400,HAS_ITEM,menu_item:7031308,kg_20260602_172448
restaurant:89400,HAS_ITEM,menu_item:7031311,kg_20260602_172448
restaurant:89400,HAS_ITEM,menu_item:7031313,kg_20260602_172448
restaurant:89400,HAS_ITEM,menu_item:7031321,kg_20260602_172448
restaurant:89400,HAS_ITEM,menu_item:7031322,kg_20260602_172448
restaurant:89400,HAS_ITEM,menu_item:7031323,kg_20260602_172448
restaurant:89681,HAS_ITEM,menu_item:7085317,kg_20260602_172448
restaurant:89681,HAS_ITEM,menu_item:8213843,kg_20260602_172448
restaurant:89681,HAS_ITEM,menu_item:8213844,kg_20260602_172448
restaurant:89681,HAS_ITEM,menu_item:9448304,kg_20260602_172448
restaurant:25452,HAS_ITEM,menu_item:858187,kg_20260602_172448
restaurant:25452,HAS_ITEM,menu_item:858188,kg_20260602_172448
restaurant:25452,HAS_ITEM,menu_item:858189,kg_20260602_172448
restaurant:25452,HAS_ITEM,menu_item:858190,kg_20260602_172448
restaurant:25452,HAS_ITEM,menu_item:858191,kg_20260602_172448
restaurant:25452,HAS_ITEM,menu_item:858192,kg_20260602_172448
restaurant:25452,HAS_ITEM,menu_item:858193,kg_20260602_172448
restaurant:25452,HAS_ITEM,menu_item:858197,kg_20260602_172448
restaurant:25452,HAS_ITEM,menu_item:858198,kg_20260602_172448
restaurant:25452,HAS_ITEM,menu_item:858199,kg_20260602_172448
restaurant:25452,HAS_ITEM,menu_item:858200,kg_20260602_172448
restaurant:25452,HAS_ITEM,menu_item:858203,kg_20260602_172448
restaurant:2267,HAS_ITEM,menu_item:11750060,kg_20260602_172448
restaurant:2267,HAS_ITEM,menu_item:11750068,kg_20260602_172448
restaurant:2267,HAS_ITEM,menu_item:11837735,kg_20260602_172448
restaurant:2267,HAS_ITEM,menu_item:11837754,kg_20260602_172448
restaurant:2267,HAS_ITEM,menu_item:11837772,kg_20260602_172448
restaurant:2267,HAS_ITEM,menu_item:11837789,kg_20260602_172448
restaurant:126555,HAS_ITEM,menu_item:10964980,kg_20260602_172448
restaurant:126555,HAS_ITEM,menu_item:10964981,kg_20260602_172448
restaurant:126555,HAS_ITEM,menu_item:10964982,kg_20260602_172448
restaurant:18796,HAS_ITEM,menu_item:616020,kg_20260602_172448
restaurant:18796,HAS_ITEM,menu_item:616022,kg_20260602_172448
restaurant:18796,HAS_ITEM,menu_item:616024,kg_20260602_172448
restaurant:18796,HAS_ITEM,menu_item:616028,kg_20260602_172448
restaurant:18796,HAS_ITEM,menu_item:616029,kg_20260602_172448
restaurant:18796,HAS_ITEM,menu_item:616030,kg_20260602_172448
restaurant:18796,HAS_ITEM,menu_item:616031,kg_20260602_172448
restaurant:18796,HAS_ITEM,menu_item:616032,kg_20260602_172448
restaurant:18796,HAS_ITEM,menu_item:616039,kg_20260602_172448
restaurant:134250,HAS_ITEM,menu_item:11973847,kg_20260602_172448
restaurant:134250,HAS_ITEM,menu_item:11973848,kg_20260602_172448
restaurant:134250,HAS_ITEM,menu_item:11973849,kg_20260602_172448
restaurant:134250,HAS_ITEM,menu_item:11981729,kg_20260602_172448
restaurant:134250,HAS_ITEM,menu_item:11985735,kg_20260602_172448
restaurant:134250,HAS_ITEM,menu_item:11985759,kg_20260602_172448
restaurant:134250,HAS_ITEM,menu_item:11986106,kg_20260602_172448
restaurant:134250,HAS_ITEM,menu_item:11986115,kg_20260602_172448
restaurant:134250,HAS_ITEM,menu_item:11986126,kg_20260602_172448
restaurant:134250,HAS_ITEM,menu_item:11986133,kg_20260602_172448
restaurant:134680,HAS_ITEM,menu_item:12027048,kg_20260602_172448
restaurant:134680,HAS_ITEM,menu_item:12027049,kg_20260602_172448
restaurant:134680,HAS_ITEM,menu_item:12027050,kg_20260602_172448
restaurant:134680,HAS_ITEM,menu_item:12027051,kg_20260602_172448
restaurant:134680,HAS_ITEM,menu_item:12027052,kg_20260602_172448
restaurant:134680,HAS_ITEM,menu_item:12027053,kg_20260602_172448
restaurant:36147,HAS_ITEM,menu_item:2452363,kg_20260602_172448
restaurant:54641,HAS_ITEM,menu_item:3847352,kg_20260602_172448
restaurant:54641,HAS_ITEM,menu_item:11944369,kg_20260602_172448
restaurant:37364,HAS_ITEM,menu_item:2535795,kg_20260602_172448
restaurant:37364,HAS_ITEM,menu_item:2535796,kg_20260602_172448
restaurant:37364,HAS_ITEM,menu_item:2535797,kg_20260602_172448
restaurant:37364,HAS_ITEM,menu_item:2535798,kg_20260602_172448
restaurant:37364,HAS_ITEM,menu_item:2535799,kg_20260602_172448
restaurant:37364,HAS_ITEM,menu_item:2535800,kg_20260602_172448
restaurant:37364,HAS_ITEM,menu_item:2535801,kg_20260602_172448
restaurant:37364,HAS_ITEM,menu_item:2535802,kg_20260602_172448
restaurant:6930,HAS_ITEM,menu_item:4009106,kg_20260602_172448
restaurant:6930,HAS_ITEM,menu_item:4468701,kg_20260602_172448
restaurant:6930,HAS_ITEM,menu_item:9775322,kg_20260602_172448
restaurant:6930,HAS_ITEM,menu_item:4009067,kg_20260602_172448
restaurant:6930,HAS_ITEM,menu_item:4009069,kg_20260602_172448
restaurant:6930,HAS_ITEM,menu_item:4009074,kg_20260602_172448
restaurant:6930,HAS_ITEM,menu_item:4009078,kg_20260602_172448
restaurant:6930,HAS_ITEM,menu_item:4009065,kg_20260602_172448
restaurant:6930,HAS_ITEM,menu_item:4009092,kg_20260602_172448
restaurant:6930,HAS_ITEM,menu_item:4009097,kg_20260602_172448
restaurant:6930,HAS_ITEM,menu_item:9775348,kg_20260602_172448
restaurant:6930,HAS_ITEM,menu_item:4009087,kg_20260602_172448
restaurant:6930,HAS_ITEM,menu_item:9775396,kg_20260602_172448
restaurant:42458,HAS_ITEM,menu_item:2963750,kg_20260602_172448
restaurant:42458,HAS_ITEM,menu_item:2963751,kg_20260602_172448
restaurant:42458,HAS_ITEM,menu_item:2963752,kg_20260602_172448
restaurant:42458,HAS_ITEM,menu_item:3134157,kg_20260602_172448
restaurant:42458,HAS_ITEM,menu_item:3134158,kg_20260602_172448
restaurant:42458,HAS_ITEM,menu_item:3134160,kg_20260602_172448
restaurant:42458,HAS_ITEM,menu_item:3134161,kg_20260602_172448
restaurant:42458,HAS_ITEM,menu_item:3134162,kg_20260602_172448
restaurant:42458,HAS_ITEM,menu_item:3134163,kg_20260602_172448
restaurant:42458,HAS_ITEM,menu_item:3134174,kg_20260602_172448
restaurant:42458,HAS_ITEM,menu_item:3134213,kg_20260602_172448
restaurant:42458,HAS_ITEM,menu_item:3134214,kg_20260602_172448
restaurant:42458,HAS_ITEM,menu_item:4330792,kg_20260602_172448
restaurant:42458,HAS_ITEM,menu_item:4330799,kg_20260602_172448
restaurant:42458,HAS_ITEM,menu_item:4330840,kg_20260602_172448
restaurant:56543,HAS_ITEM,menu_item:12263809,kg_20260602_172448
restaurant:56543,HAS_ITEM,menu_item:12263810,kg_20260602_172448
restaurant:56543,HAS_ITEM,menu_item:12263811,kg_20260602_172448
restaurant:56543,HAS_ITEM,menu_item:12275964,kg_20260602_172448
restaurant:56543,HAS_ITEM,menu_item:12263812,kg_20260602_172448
restaurant:56543,HAS_ITEM,menu_item:9949959,kg_20260602_172448
restaurant:56543,HAS_ITEM,menu_item:9949960,kg_20260602_172448
restaurant:56543,HAS_ITEM,menu_item:9949961,kg_20260602_172448
restaurant:56543,HAS_ITEM,menu_item:6125646,kg_20260602_172448
restaurant:56543,HAS_ITEM,menu_item:6125780,kg_20260602_172448
restaurant:56543,HAS_ITEM,menu_item:6126006,kg_20260602_172448
restaurant:56543,HAS_ITEM,menu_item:11959414,kg_20260602_172448
restaurant:56543,HAS_ITEM,menu_item:11959418,kg_20260602_172448
restaurant:56543,HAS_ITEM,menu_item:11959420,kg_20260602_172448
restaurant:56543,HAS_ITEM,menu_item:11959421,kg_20260602_172448
restaurant:56543,HAS_ITEM,menu_item:11959422,kg_20260602_172448
restaurant:56543,HAS_ITEM,menu_item:6123968,kg_20260602_172448
restaurant:56543,HAS_ITEM,menu_item:6123969,kg_20260602_172448
restaurant:56543,HAS_ITEM,menu_item:6123970,kg_20260602_172448
restaurant:56543,HAS_ITEM,menu_item:7424268,kg_20260602_172448
restaurant:56543,HAS_ITEM,menu_item:9399195,kg_20260602_172448
restaurant:56543,HAS_ITEM,menu_item:6129014,kg_20260602_172448
restaurant:56543,HAS_ITEM,menu_item:6129017,kg_20260602_172448
restaurant:56543,HAS_ITEM,menu_item:6129217,kg_20260602_172448
restaurant:56543,HAS_ITEM,menu_item:6129218,kg_20260602_172448
restaurant:56543,HAS_ITEM,menu_item:9009741,kg_20260602_172448
restaurant:56543,HAS_ITEM,menu_item:9644509,kg_20260602_172448
restaurant:56543,HAS_ITEM,menu_item:11953582,kg_20260602_172448
restaurant:56543,HAS_ITEM,menu_item:6128122,kg_20260602_172448
restaurant:56543,HAS_ITEM,menu_item:6128123,kg_20260602_172448
restaurant:56543,HAS_ITEM,menu_item:6128125,kg_20260602_172448
restaurant:56543,HAS_ITEM,menu_item:6128131,kg_20260602_172448
restaurant:56543,HAS_ITEM,menu_item:11953909,kg_20260602_172448
restaurant:56543,HAS_ITEM,menu_item:11954304,kg_20260602_172448
restaurant:56543,HAS_ITEM,menu_item:11956505,kg_20260602_172448
restaurant:56543,HAS_ITEM,menu_item:11956630,kg_20260602_172448
restaurant:56543,HAS_ITEM,menu_item:11956755,kg_20260602_172448
restaurant:56543,HAS_ITEM,menu_item:6127170,kg_20260602_172448
restaurant:62951,HAS_ITEM,menu_item:6503273,kg_20260602_172448
restaurant:62951,HAS_ITEM,menu_item:6503290,kg_20260602_172448
restaurant:62951,HAS_ITEM,menu_item:6503299,kg_20260602_172448
restaurant:62951,HAS_ITEM,menu_item:6503328,kg_20260602_172448
restaurant:62951,HAS_ITEM,menu_item:6503331,kg_20260602_172448
restaurant:62951,HAS_ITEM,menu_item:7778068,kg_20260602_172448
restaurant:62951,HAS_ITEM,menu_item:7778070,kg_20260602_172448
restaurant:62951,HAS_ITEM,menu_item:9388092,kg_20260602_172448
restaurant:62951,HAS_ITEM,menu_item:9388112,kg_20260602_172448
restaurant:62951,HAS_ITEM,menu_item:9388113,kg_20260602_172448
restaurant:62951,HAS_ITEM,menu_item:9388120,kg_20260602_172448
restaurant:62951,HAS_ITEM,menu_item:9388126,kg_20260602_172448
restaurant:62951,HAS_ITEM,menu_item:9388128,kg_20260602_172448
restaurant:31215,HAS_ITEM,menu_item:1981338,kg_20260602_172448
restaurant:31215,HAS_ITEM,menu_item:1981339,kg_20260602_172448
restaurant:31215,HAS_ITEM,menu_item:1981340,kg_20260602_172448
restaurant:31215,HAS_ITEM,menu_item:1981341,kg_20260602_172448
restaurant:31215,HAS_ITEM,menu_item:1981342,kg_20260602_172448
restaurant:31215,HAS_ITEM,menu_item:1981343,kg_20260602_172448
restaurant:31215,HAS_ITEM,menu_item:1981344,kg_20260602_172448
restaurant:31215,HAS_ITEM,menu_item:1981345,kg_20260602_172448
restaurant:31215,HAS_ITEM,menu_item:1981346,kg_20260602_172448
restaurant:31215,HAS_ITEM,menu_item:1981347,kg_20260602_172448
restaurant:31215,HAS_ITEM,menu_item:1981348,kg_20260602_172448
restaurant:31215,HAS_ITEM,menu_item:1981351,kg_20260602_172448
restaurant:31215,HAS_ITEM,menu_item:1981352,kg_20260602_172448
restaurant:31215,HAS_ITEM,menu_item:1981353,kg_20260602_172448
restaurant:31215,HAS_ITEM,menu_item:1981354,kg_20260602_172448
restaurant:67574,HAS_ITEM,menu_item:5146585,kg_20260602_172448
restaurant:67574,HAS_ITEM,menu_item:9153051,kg_20260602_172448
restaurant:67574,HAS_ITEM,menu_item:5146587,kg_20260602_172448
restaurant:67574,HAS_ITEM,menu_item:5146588,kg_20260602_172448
restaurant:67574,HAS_ITEM,menu_item:5146589,kg_20260602_172448
restaurant:67574,HAS_ITEM,menu_item:5146590,kg_20260602_172448
restaurant:67574,HAS_ITEM,menu_item:5146591,kg_20260602_172448
restaurant:67574,HAS_ITEM,menu_item:5146592,kg_20260602_172448
restaurant:67574,HAS_ITEM,menu_item:5146610,kg_20260602_172448
restaurant:67574,HAS_ITEM,menu_item:5146593,kg_20260602_172448
restaurant:67574,HAS_ITEM,menu_item:5146594,kg_20260602_172448
restaurant:67574,HAS_ITEM,menu_item:5146595,kg_20260602_172448
restaurant:67574,HAS_ITEM,menu_item:5146596,kg_20260602_172448
restaurant:67574,HAS_ITEM,menu_item:5146597,kg_20260602_172448
restaurant:67574,HAS_ITEM,menu_item:5146598,kg_20260602_172448
restaurant:67574,HAS_ITEM,menu_item:5146599,kg_20260602_172448
restaurant:67574,HAS_ITEM,menu_item:5146600,kg_20260602_172448
restaurant:67574,HAS_ITEM,menu_item:5146605,kg_20260602_172448
restaurant:67574,HAS_ITEM,menu_item:5146606,kg_20260602_172448
restaurant:67574,HAS_ITEM,menu_item:9153071,kg_20260602_172448
restaurant:67574,HAS_ITEM,menu_item:10897732,kg_20260602_172448
restaurant:67574,HAS_ITEM,menu_item:11070428,kg_20260602_172448
restaurant:67574,HAS_ITEM,menu_item:11930661,kg_20260602_172448
restaurant:67574,HAS_ITEM,menu_item:6821345,kg_20260602_172448
restaurant:7160,HAS_ITEM,menu_item:2188277,kg_20260602_172448
restaurant:7160,HAS_ITEM,menu_item:2188281,kg_20260602_172448
restaurant:7160,HAS_ITEM,menu_item:2188284,kg_20260602_172448
restaurant:7160,HAS_ITEM,menu_item:2188280,kg_20260602_172448
restaurant:7160,HAS_ITEM,menu_item:2188276,kg_20260602_172448
restaurant:7160,HAS_ITEM,menu_item:2188282,kg_20260602_172448
restaurant:7160,HAS_ITEM,menu_item:2188278,kg_20260602_172448
restaurant:7160,HAS_ITEM,menu_item:9890402,kg_20260602_172448
restaurant:7160,HAS_ITEM,menu_item:208860,kg_20260602_172448
restaurant:117526,HAS_ITEM,menu_item:9922790,kg_20260602_172448
restaurant:117526,HAS_ITEM,menu_item:9922791,kg_20260602_172448
restaurant:117526,HAS_ITEM,menu_item:9922792,kg_20260602_172448
restaurant:117526,HAS_ITEM,menu_item:9922793,kg_20260602_172448
restaurant:117526,HAS_ITEM,menu_item:9922794,kg_20260602_172448
restaurant:117526,HAS_ITEM,menu_item:11782413,kg_20260602_172448
restaurant:8919,HAS_ITEM,menu_item:281313,kg_20260602_172448
restaurant:8919,HAS_ITEM,menu_item:281314,kg_20260602_172448
restaurant:8919,HAS_ITEM,menu_item:281315,kg_20260602_172448
restaurant:8919,HAS_ITEM,menu_item:281316,kg_20260602_172448
restaurant:8919,HAS_ITEM,menu_item:281317,kg_20260602_172448
restaurant:8919,HAS_ITEM,menu_item:281318,kg_20260602_172448
restaurant:8919,HAS_ITEM,menu_item:281320,kg_20260602_172448
restaurant:8919,HAS_ITEM,menu_item:281321,kg_20260602_172448
restaurant:8919,HAS_ITEM,menu_item:281324,kg_20260602_172448
restaurant:8919,HAS_ITEM,menu_item:328625,kg_20260602_172448
restaurant:8919,HAS_ITEM,menu_item:344991,kg_20260602_172448
restaurant:8919,HAS_ITEM,menu_item:344993,kg_20260602_172448
restaurant:8919,HAS_ITEM,menu_item:1018221,kg_20260602_172448
restaurant:8919,HAS_ITEM,menu_item:1018226,kg_20260602_172448
restaurant:8919,HAS_ITEM,menu_item:281327,kg_20260602_172448
restaurant:8919,HAS_ITEM,menu_item:281328,kg_20260602_172448
restaurant:8919,HAS_ITEM,menu_item:281329,kg_20260602_172448
restaurant:8919,HAS_ITEM,menu_item:281330,kg_20260602_172448
restaurant:8919,HAS_ITEM,menu_item:281331,kg_20260602_172448
restaurant:8919,HAS_ITEM,menu_item:281332,kg_20260602_172448
restaurant:8919,HAS_ITEM,menu_item:281333,kg_20260602_172448
restaurant:8919,HAS_ITEM,menu_item:281334,kg_20260602_172448
restaurant:8919,HAS_ITEM,menu_item:281335,kg_20260602_172448
restaurant:8919,HAS_ITEM,menu_item:281336,kg_20260602_172448
restaurant:8919,HAS_ITEM,menu_item:281337,kg_20260602_172448
restaurant:8919,HAS_ITEM,menu_item:281339,kg_20260602_172448
restaurant:8919,HAS_ITEM,menu_item:281340,kg_20260602_172448
restaurant:8919,HAS_ITEM,menu_item:281349,kg_20260602_172448
restaurant:8919,HAS_ITEM,menu_item:281351,kg_20260602_172448
restaurant:8919,HAS_ITEM,menu_item:281361,kg_20260602_172448
restaurant:8919,HAS_ITEM,menu_item:316339,kg_20260602_172448
restaurant:8919,HAS_ITEM,menu_item:333947,kg_20260602_172448
restaurant:8919,HAS_ITEM,menu_item:10679922,kg_20260602_172448
restaurant:8919,HAS_ITEM,menu_item:11125832,kg_20260602_172448
restaurant:123211,HAS_ITEM,menu_item:10575178,kg_20260602_172448
restaurant:123211,HAS_ITEM,menu_item:10575179,kg_20260602_172448
restaurant:123211,HAS_ITEM,menu_item:10575180,kg_20260602_172448
restaurant:123211,HAS_ITEM,menu_item:10575181,kg_20260602_172448
restaurant:123211,HAS_ITEM,menu_item:10575182,kg_20260602_172448
restaurant:123211,HAS_ITEM,menu_item:10804612,kg_20260602_172448
restaurant:50258,HAS_ITEM,menu_item:3484775,kg_20260602_172448
restaurant:50258,HAS_ITEM,menu_item:3484776,kg_20260602_172448
restaurant:50258,HAS_ITEM,menu_item:3484778,kg_20260602_172448
restaurant:50258,HAS_ITEM,menu_item:3484779,kg_20260602_172448
restaurant:111026,HAS_ITEM,menu_item:9286479,kg_20260602_172448
restaurant:111026,HAS_ITEM,menu_item:9286480,kg_20260602_172448
restaurant:111026,HAS_ITEM,menu_item:9286481,kg_20260602_172448
restaurant:111026,HAS_ITEM,menu_item:9286482,kg_20260602_172448
restaurant:111026,HAS_ITEM,menu_item:9286483,kg_20260602_172448
restaurant:111026,HAS_ITEM,menu_item:9286484,kg_20260602_172448
restaurant:111026,HAS_ITEM,menu_item:9286485,kg_20260602_172448
restaurant:111026,HAS_ITEM,menu_item:9286486,kg_20260602_172448
restaurant:111026,HAS_ITEM,menu_item:9286487,kg_20260602_172448
restaurant:27416,HAS_ITEM,menu_item:930293,kg_20260602_172448
restaurant:27416,HAS_ITEM,menu_item:930305,kg_20260602_172448
restaurant:27416,HAS_ITEM,menu_item:930306,kg_20260602_172448
restaurant:27416,HAS_ITEM,menu_item:930309,kg_20260602_172448
restaurant:27416,HAS_ITEM,menu_item:930315,kg_20260602_172448
restaurant:27416,HAS_ITEM,menu_item:930479,kg_20260602_172448
restaurant:27416,HAS_ITEM,menu_item:930481,kg_20260602_172448
restaurant:27416,HAS_ITEM,menu_item:930483,kg_20260602_172448
restaurant:27416,HAS_ITEM,menu_item:930484,kg_20260602_172448
restaurant:27416,HAS_ITEM,menu_item:930488,kg_20260602_172448
restaurant:27416,HAS_ITEM,menu_item:930490,kg_20260602_172448
restaurant:136086,HAS_ITEM,menu_item:12261418,kg_20260602_172448
restaurant:136086,HAS_ITEM,menu_item:12261420,kg_20260602_172448
restaurant:136086,HAS_ITEM,menu_item:12261423,kg_20260602_172448
restaurant:136086,HAS_ITEM,menu_item:12233200,kg_20260602_172448
restaurant:136086,HAS_ITEM,menu_item:12233202,kg_20260602_172448
restaurant:136086,HAS_ITEM,menu_item:12233201,kg_20260602_172448
restaurant:136086,HAS_ITEM,menu_item:12233203,kg_20260602_172448
restaurant:136086,HAS_ITEM,menu_item:12233207,kg_20260602_172448
restaurant:136086,HAS_ITEM,menu_item:12233206,kg_20260602_172448
restaurant:136086,HAS_ITEM,menu_item:12233205,kg_20260602_172448
restaurant:136086,HAS_ITEM,menu_item:12233204,kg_20260602_172448
restaurant:136086,HAS_ITEM,menu_item:12233209,kg_20260602_172448
restaurant:136086,HAS_ITEM,menu_item:12233208,kg_20260602_172448
restaurant:136086,HAS_ITEM,menu_item:12233210,kg_20260602_172448
restaurant:136086,HAS_ITEM,menu_item:12233211,kg_20260602_172448
restaurant:136086,HAS_ITEM,menu_item:12233212,kg_20260602_172448
restaurant:117708,HAS_ITEM,menu_item:9940365,kg_20260602_172448
restaurant:117708,HAS_ITEM,menu_item:9940366,kg_20260602_172448
restaurant:117708,HAS_ITEM,menu_item:9940368,kg_20260602_172448
restaurant:117708,HAS_ITEM,menu_item:9940369,kg_20260602_172448
restaurant:117708,HAS_ITEM,menu_item:9940370,kg_20260602_172448
restaurant:117708,HAS_ITEM,menu_item:9940371,kg_20260602_172448
restaurant:117708,HAS_ITEM,menu_item:9940373,kg_20260602_172448
restaurant:117708,HAS_ITEM,menu_item:9940374,kg_20260602_172448
restaurant:73491,HAS_ITEM,menu_item:5809908,kg_20260602_172448
restaurant:73491,HAS_ITEM,menu_item:5809909,kg_20260602_172448
restaurant:73491,HAS_ITEM,menu_item:5851403,kg_20260602_172448
restaurant:73491,HAS_ITEM,menu_item:5851404,kg_20260602_172448
restaurant:73491,HAS_ITEM,menu_item:5851405,kg_20260602_172448
restaurant:73491,HAS_ITEM,menu_item:5851406,kg_20260602_172448
restaurant:73491,HAS_ITEM,menu_item:8927387,kg_20260602_172448
restaurant:8805,HAS_ITEM,menu_item:12261943,kg_20260602_172448
restaurant:8805,HAS_ITEM,menu_item:12261987,kg_20260602_172448
restaurant:8805,HAS_ITEM,menu_item:11777706,kg_20260602_172448
restaurant:8805,HAS_ITEM,menu_item:10250557,kg_20260602_172448
restaurant:8805,HAS_ITEM,menu_item:721727,kg_20260602_172448
restaurant:8805,HAS_ITEM,menu_item:721731,kg_20260602_172448
restaurant:8805,HAS_ITEM,menu_item:9796129,kg_20260602_172448
restaurant:8805,HAS_ITEM,menu_item:9796130,kg_20260602_172448
restaurant:8805,HAS_ITEM,menu_item:9796327,kg_20260602_172448
restaurant:8805,HAS_ITEM,menu_item:9796328,kg_20260602_172448
restaurant:8805,HAS_ITEM,menu_item:9797086,kg_20260602_172448
restaurant:8805,HAS_ITEM,menu_item:9797087,kg_20260602_172448
restaurant:8805,HAS_ITEM,menu_item:9797088,kg_20260602_172448
restaurant:8805,HAS_ITEM,menu_item:278367,kg_20260602_172448
restaurant:8805,HAS_ITEM,menu_item:278370,kg_20260602_172448
restaurant:8805,HAS_ITEM,menu_item:9798770,kg_20260602_172448
restaurant:8805,HAS_ITEM,menu_item:9798771,kg_20260602_172448
restaurant:8805,HAS_ITEM,menu_item:9798775,kg_20260602_172448
restaurant:8805,HAS_ITEM,menu_item:9798776,kg_20260602_172448
restaurant:8805,HAS_ITEM,menu_item:278372,kg_20260602_172448
restaurant:8805,HAS_ITEM,menu_item:278374,kg_20260602_172448
restaurant:8805,HAS_ITEM,menu_item:6959204,kg_20260602_172448
restaurant:8805,HAS_ITEM,menu_item:9798772,kg_20260602_172448
restaurant:8805,HAS_ITEM,menu_item:9798773,kg_20260602_172448
restaurant:8805,HAS_ITEM,menu_item:9798774,kg_20260602_172448
restaurant:8805,HAS_ITEM,menu_item:9798777,kg_20260602_172448
restaurant:8805,HAS_ITEM,menu_item:9798778,kg_20260602_172448
restaurant:8805,HAS_ITEM,menu_item:9798779,kg_20260602_172448
restaurant:8805,HAS_ITEM,menu_item:7216750,kg_20260602_172448
restaurant:8805,HAS_ITEM,menu_item:7216751,kg_20260602_172448
restaurant:8805,HAS_ITEM,menu_item:7216752,kg_20260602_172448
restaurant:8805,HAS_ITEM,menu_item:7216753,kg_20260602_172448
restaurant:8805,HAS_ITEM,menu_item:6960308,kg_20260602_172448
restaurant:8805,HAS_ITEM,menu_item:9796126,kg_20260602_172448
restaurant:8805,HAS_ITEM,menu_item:9800475,kg_20260602_172448
restaurant:8805,HAS_ITEM,menu_item:9800476,kg_20260602_172448
restaurant:81353,HAS_ITEM,menu_item:6393657,kg_20260602_172448
restaurant:81353,HAS_ITEM,menu_item:6393658,kg_20260602_172448
restaurant:81353,HAS_ITEM,menu_item:6393659,kg_20260602_172448
restaurant:81353,HAS_ITEM,menu_item:6393660,kg_20260602_172448
restaurant:81353,HAS_ITEM,menu_item:6393661,kg_20260602_172448
restaurant:81353,HAS_ITEM,menu_item:6393662,kg_20260602_172448
restaurant:81353,HAS_ITEM,menu_item:6393663,kg_20260602_172448
restaurant:81353,HAS_ITEM,menu_item:6393664,kg_20260602_172448
restaurant:81353,HAS_ITEM,menu_item:6393665,kg_20260602_172448
restaurant:81353,HAS_ITEM,menu_item:6393666,kg_20260602_172448
restaurant:81353,HAS_ITEM,menu_item:9059946,kg_20260602_172448
restaurant:77167,HAS_ITEM,menu_item:6055189,kg_20260602_172448
restaurant:77167,HAS_ITEM,menu_item:6055190,kg_20260602_172448
restaurant:77167,HAS_ITEM,menu_item:6055191,kg_20260602_172448
restaurant:77167,HAS_ITEM,menu_item:6077837,kg_20260602_172448
restaurant:77167,HAS_ITEM,menu_item:6400514,kg_20260602_172448
restaurant:77167,HAS_ITEM,menu_item:6807873,kg_20260602_172448
restaurant:77167,HAS_ITEM,menu_item:6055192,kg_20260602_172448
restaurant:77167,HAS_ITEM,menu_item:6077609,kg_20260602_172448
restaurant:77167,HAS_ITEM,menu_item:7910090,kg_20260602_172448
restaurant:77167,HAS_ITEM,menu_item:7927137,kg_20260602_172448
restaurant:77167,HAS_ITEM,menu_item:7936257,kg_20260602_172448
restaurant:77167,HAS_ITEM,menu_item:7950623,kg_20260602_172448
restaurant:77167,HAS_ITEM,menu_item:8047187,kg_20260602_172448
restaurant:77167,HAS_ITEM,menu_item:8070574,kg_20260602_172448
restaurant:77167,HAS_ITEM,menu_item:8101714,kg_20260602_172448
restaurant:77167,HAS_ITEM,menu_item:9544631,kg_20260602_172448
restaurant:77167,HAS_ITEM,menu_item:6055197,kg_20260602_172448
restaurant:77167,HAS_ITEM,menu_item:6055198,kg_20260602_172448
restaurant:77167,HAS_ITEM,menu_item:6055194,kg_20260602_172448
restaurant:77167,HAS_ITEM,menu_item:6055195,kg_20260602_172448
restaurant:77167,HAS_ITEM,menu_item:6055196,kg_20260602_172448
restaurant:77167,HAS_ITEM,menu_item:6077834,kg_20260602_172448
restaurant:77167,HAS_ITEM,menu_item:6077835,kg_20260602_172448
restaurant:77167,HAS_ITEM,menu_item:6077836,kg_20260602_172448
restaurant:77167,HAS_ITEM,menu_item:9489165,kg_20260602_172448
restaurant:77167,HAS_ITEM,menu_item:9501149,kg_20260602_172448
restaurant:77167,HAS_ITEM,menu_item:9501152,kg_20260602_172448
restaurant:77167,HAS_ITEM,menu_item:9502122,kg_20260602_172448
restaurant:77167,HAS_ITEM,menu_item:9544664,kg_20260602_172448
restaurant:77167,HAS_ITEM,menu_item:9635140,kg_20260602_172448
restaurant:77167,HAS_ITEM,menu_item:9643095,kg_20260602_172448
restaurant:32462,HAS_ITEM,menu_item:2181653,kg_20260602_172448
restaurant:32462,HAS_ITEM,menu_item:2181649,kg_20260602_172448
restaurant:32462,HAS_ITEM,menu_item:9372458,kg_20260602_172448
restaurant:32462,HAS_ITEM,menu_item:2181651,kg_20260602_172448
restaurant:32462,HAS_ITEM,menu_item:2181650,kg_20260602_172448
restaurant:32462,HAS_ITEM,menu_item:2181655,kg_20260602_172448
restaurant:32462,HAS_ITEM,menu_item:2181654,kg_20260602_172448
restaurant:32462,HAS_ITEM,menu_item:11082795,kg_20260602_172448
restaurant:32462,HAS_ITEM,menu_item:11082798,kg_20260602_172448
restaurant:32462,HAS_ITEM,menu_item:2181664,kg_20260602_172448
restaurant:32462,HAS_ITEM,menu_item:9793575,kg_20260602_172448
restaurant:32462,HAS_ITEM,menu_item:9793578,kg_20260602_172448
restaurant:77657,HAS_ITEM,menu_item:11640307,kg_20260602_172448
restaurant:77657,HAS_ITEM,menu_item:11640308,kg_20260602_172448
restaurant:77657,HAS_ITEM,menu_item:11640309,kg_20260602_172448
restaurant:77657,HAS_ITEM,menu_item:11640310,kg_20260602_172448
restaurant:77657,HAS_ITEM,menu_item:11640311,kg_20260602_172448
restaurant:77657,HAS_ITEM,menu_item:11640312,kg_20260602_172448
restaurant:77657,HAS_ITEM,menu_item:11640313,kg_20260602_172448
restaurant:77657,HAS_ITEM,menu_item:11640314,kg_20260602_172448
restaurant:77657,HAS_ITEM,menu_item:11640315,kg_20260602_172448
restaurant:77657,HAS_ITEM,menu_item:11640316,kg_20260602_172448
restaurant:77657,HAS_ITEM,menu_item:11640317,kg_20260602_172448
restaurant:77657,HAS_ITEM,menu_item:11640318,kg_20260602_172448
restaurant:77657,HAS_ITEM,menu_item:11640319,kg_20260602_172448
restaurant:77657,HAS_ITEM,menu_item:11640320,kg_20260602_172448
restaurant:77657,HAS_ITEM,menu_item:11640321,kg_20260602_172448
restaurant:77657,HAS_ITEM,menu_item:11640322,kg_20260602_172448
restaurant:77657,HAS_ITEM,menu_item:11640323,kg_20260602_172448
restaurant:77657,HAS_ITEM,menu_item:11640328,kg_20260602_172448
restaurant:77657,HAS_ITEM,menu_item:11640329,kg_20260602_172448
restaurant:77657,HAS_ITEM,menu_item:11640330,kg_20260602_172448
restaurant:77657,HAS_ITEM,menu_item:11640331,kg_20260602_172448
restaurant:77657,HAS_ITEM,menu_item:11640332,kg_20260602_172448
restaurant:77657,HAS_ITEM,menu_item:11640333,kg_20260602_172448
restaurant:77657,HAS_ITEM,menu_item:11640334,kg_20260602_172448
restaurant:77657,HAS_ITEM,menu_item:11640335,kg_20260602_172448
restaurant:77657,HAS_ITEM,menu_item:11640336,kg_20260602_172448
restaurant:77657,HAS_ITEM,menu_item:11640337,kg_20260602_172448
restaurant:77657,HAS_ITEM,menu_item:11640338,kg_20260602_172448
restaurant:77657,HAS_ITEM,menu_item:11640339,kg_20260602_172448
restaurant:77657,HAS_ITEM,menu_item:11640340,kg_20260602_172448
restaurant:77657,HAS_ITEM,menu_item:11640341,kg_20260602_172448
restaurant:77657,HAS_ITEM,menu_item:11640342,kg_20260602_172448
restaurant:77657,HAS_ITEM,menu_item:11640343,kg_20260602_172448
restaurant:77657,HAS_ITEM,menu_item:11640344,kg_20260602_172448
restaurant:77657,HAS_ITEM,menu_item:11640345,kg_20260602_172448
restaurant:77657,HAS_ITEM,menu_item:11640346,kg_20260602_172448
restaurant:77657,HAS_ITEM,menu_item:11640347,kg_20260602_172448
restaurant:77657,HAS_ITEM,menu_item:11640348,kg_20260602_172448
restaurant:77657,HAS_ITEM,menu_item:11640349,kg_20260602_172448
restaurant:77657,HAS_ITEM,menu_item:11640350,kg_20260602_172448
restaurant:77657,HAS_ITEM,menu_item:11640351,kg_20260602_172448
restaurant:77657,HAS_ITEM,menu_item:11640352,kg_20260602_172448
restaurant:77657,HAS_ITEM,menu_item:11640353,kg_20260602_172448
restaurant:77657,HAS_ITEM,menu_item:11640354,kg_20260602_172448
restaurant:77657,HAS_ITEM,menu_item:11640355,kg_20260602_172448
restaurant:77657,HAS_ITEM,menu_item:11640356,kg_20260602_172448
restaurant:77657,HAS_ITEM,menu_item:11640357,kg_20260602_172448
restaurant:77657,HAS_ITEM,menu_item:11640358,kg_20260602_172448
restaurant:77657,HAS_ITEM,menu_item:11640359,kg_20260602_172448
restaurant:77657,HAS_ITEM,menu_item:11640360,kg_20260602_172448
restaurant:77657,HAS_ITEM,menu_item:11640378,kg_20260602_172448
restaurant:77657,HAS_ITEM,menu_item:11640362,kg_20260602_172448
restaurant:77657,HAS_ITEM,menu_item:11640363,kg_20260602_172448
restaurant:77657,HAS_ITEM,menu_item:11640364,kg_20260602_172448
restaurant:77657,HAS_ITEM,menu_item:11640365,kg_20260602_172448
restaurant:77657,HAS_ITEM,menu_item:11640366,kg_20260602_172448
restaurant:77657,HAS_ITEM,menu_item:11640367,kg_20260602_172448
restaurant:77657,HAS_ITEM,menu_item:11640368,kg_20260602_172448
restaurant:77657,HAS_ITEM,menu_item:11640381,kg_20260602_172448
restaurant:77657,HAS_ITEM,menu_item:11640382,kg_20260602_172448
restaurant:77657,HAS_ITEM,menu_item:11640383,kg_20260602_172448
restaurant:77657,HAS_ITEM,menu_item:11640384,kg_20260602_172448
restaurant:77657,HAS_ITEM,menu_item:11640385,kg_20260602_172448
restaurant:77657,HAS_ITEM,menu_item:11726843,kg_20260602_172448
restaurant:77657,HAS_ITEM,menu_item:11726844,kg_20260602_172448
restaurant:23407,HAS_ITEM,menu_item:6643129,kg_20260602_172448
restaurant:23407,HAS_ITEM,menu_item:6643130,kg_20260602_172448
restaurant:23407,HAS_ITEM,menu_item:6643131,kg_20260602_172448
restaurant:23407,HAS_ITEM,menu_item:6643132,kg_20260602_172448
restaurant:23407,HAS_ITEM,menu_item:6643133,kg_20260602_172448
restaurant:23407,HAS_ITEM,menu_item:6643134,kg_20260602_172448
restaurant:23407,HAS_ITEM,menu_item:6643135,kg_20260602_172448
restaurant:23407,HAS_ITEM,menu_item:6643136,kg_20260602_172448
restaurant:23407,HAS_ITEM,menu_item:6643137,kg_20260602_172448
restaurant:23407,HAS_ITEM,menu_item:6643138,kg_20260602_172448
restaurant:23407,HAS_ITEM,menu_item:6643139,kg_20260602_172448
restaurant:23407,HAS_ITEM,menu_item:6643141,kg_20260602_172448
restaurant:23407,HAS_ITEM,menu_item:6643142,kg_20260602_172448
restaurant:23407,HAS_ITEM,menu_item:6643144,kg_20260602_172448
restaurant:23407,HAS_ITEM,menu_item:6643145,kg_20260602_172448
restaurant:23407,HAS_ITEM,menu_item:6643146,kg_20260602_172448
restaurant:23407,HAS_ITEM,menu_item:6643147,kg_20260602_172448
restaurant:23407,HAS_ITEM,menu_item:6643148,kg_20260602_172448
restaurant:23407,HAS_ITEM,menu_item:6643149,kg_20260602_172448
restaurant:23407,HAS_ITEM,menu_item:6643150,kg_20260602_172448
restaurant:23407,HAS_ITEM,menu_item:6643151,kg_20260602_172448
restaurant:23407,HAS_ITEM,menu_item:6643152,kg_20260602_172448
restaurant:23407,HAS_ITEM,menu_item:6643153,kg_20260602_172448
restaurant:23407,HAS_ITEM,menu_item:6643154,kg_20260602_172448
restaurant:23407,HAS_ITEM,menu_item:6643155,kg_20260602_172448
restaurant:23407,HAS_ITEM,menu_item:6643156,kg_20260602_172448
restaurant:23407,HAS_ITEM,menu_item:6643157,kg_20260602_172448
restaurant:23407,HAS_ITEM,menu_item:6643158,kg_20260602_172448
restaurant:15964,HAS_ITEM,menu_item:540651,kg_20260602_172448
restaurant:15964,HAS_ITEM,menu_item:540652,kg_20260602_172448
restaurant:15964,HAS_ITEM,menu_item:540653,kg_20260602_172448
restaurant:15964,HAS_ITEM,menu_item:540654,kg_20260602_172448
restaurant:15964,HAS_ITEM,menu_item:540655,kg_20260602_172448
restaurant:15964,HAS_ITEM,menu_item:540656,kg_20260602_172448
restaurant:15964,HAS_ITEM,menu_item:540658,kg_20260602_172448
restaurant:15964,HAS_ITEM,menu_item:540659,kg_20260602_172448
restaurant:13998,HAS_ITEM,menu_item:477169,kg_20260602_172448
restaurant:13998,HAS_ITEM,menu_item:477170,kg_20260602_172448
restaurant:13998,HAS_ITEM,menu_item:477171,kg_20260602_172448
restaurant:13998,HAS_ITEM,menu_item:477172,kg_20260602_172448
restaurant:133949,HAS_ITEM,menu_item:11943904,kg_20260602_172448
restaurant:133949,HAS_ITEM,menu_item:11943905,kg_20260602_172448
restaurant:133949,HAS_ITEM,menu_item:11943906,kg_20260602_172448
restaurant:133949,HAS_ITEM,menu_item:11943907,kg_20260602_172448
restaurant:133949,HAS_ITEM,menu_item:11943908,kg_20260602_172448
restaurant:133949,HAS_ITEM,menu_item:11943909,kg_20260602_172448
restaurant:133949,HAS_ITEM,menu_item:11943913,kg_20260602_172448
restaurant:133949,HAS_ITEM,menu_item:11943914,kg_20260602_172448
restaurant:133949,HAS_ITEM,menu_item:11943915,kg_20260602_172448
restaurant:133949,HAS_ITEM,menu_item:11943916,kg_20260602_172448
restaurant:133949,HAS_ITEM,menu_item:11943917,kg_20260602_172448
restaurant:133949,HAS_ITEM,menu_item:11943918,kg_20260602_172448
restaurant:133949,HAS_ITEM,menu_item:11943919,kg_20260602_172448
restaurant:133949,HAS_ITEM,menu_item:11943920,kg_20260602_172448
restaurant:133949,HAS_ITEM,menu_item:11943921,kg_20260602_172448
restaurant:133949,HAS_ITEM,menu_item:11943922,kg_20260602_172448
restaurant:9606,HAS_ITEM,menu_item:316619,kg_20260602_172448
restaurant:9606,HAS_ITEM,menu_item:2695576,kg_20260602_172448
restaurant:9606,HAS_ITEM,menu_item:2695579,kg_20260602_172448
restaurant:9606,HAS_ITEM,menu_item:2695580,kg_20260602_172448
restaurant:9606,HAS_ITEM,menu_item:2695581,kg_20260602_172448
restaurant:9606,HAS_ITEM,menu_item:2695583,kg_20260602_172448
restaurant:9606,HAS_ITEM,menu_item:2695585,kg_20260602_172448
restaurant:9606,HAS_ITEM,menu_item:2695587,kg_20260602_172448
restaurant:9606,HAS_ITEM,menu_item:2695588,kg_20260602_172448
restaurant:9606,HAS_ITEM,menu_item:2695593,kg_20260602_172448
restaurant:9606,HAS_ITEM,menu_item:2695596,kg_20260602_172448
restaurant:9606,HAS_ITEM,menu_item:2695597,kg_20260602_172448
restaurant:9606,HAS_ITEM,menu_item:2695599,kg_20260602_172448
restaurant:9606,HAS_ITEM,menu_item:2695604,kg_20260602_172448
restaurant:9606,HAS_ITEM,menu_item:5600268,kg_20260602_172448
restaurant:9606,HAS_ITEM,menu_item:2695589,kg_20260602_172448
restaurant:9606,HAS_ITEM,menu_item:2695592,kg_20260602_172448
restaurant:9606,HAS_ITEM,menu_item:2695598,kg_20260602_172448
restaurant:9606,HAS_ITEM,menu_item:2695600,kg_20260602_172448
restaurant:9606,HAS_ITEM,menu_item:2695601,kg_20260602_172448
restaurant:9606,HAS_ITEM,menu_item:2695607,kg_20260602_172448
restaurant:9606,HAS_ITEM,menu_item:2695608,kg_20260602_172448
restaurant:9606,HAS_ITEM,menu_item:5600266,kg_20260602_172448
restaurant:9606,HAS_ITEM,menu_item:5600267,kg_20260602_172448
restaurant:9606,HAS_ITEM,menu_item:8133304,kg_20260602_172448
restaurant:9606,HAS_ITEM,menu_item:8133317,kg_20260602_172448
restaurant:9606,HAS_ITEM,menu_item:2695590,kg_20260602_172448
restaurant:9606,HAS_ITEM,menu_item:2695595,kg_20260602_172448
restaurant:9606,HAS_ITEM,menu_item:2695603,kg_20260602_172448
restaurant:9606,HAS_ITEM,menu_item:2695606,kg_20260602_172448
restaurant:7635,HAS_ITEM,menu_item:7617183,kg_20260602_172448
restaurant:7635,HAS_ITEM,menu_item:7617184,kg_20260602_172448
restaurant:7635,HAS_ITEM,menu_item:7617185,kg_20260602_172448
restaurant:7635,HAS_ITEM,menu_item:7617186,kg_20260602_172448
restaurant:7635,HAS_ITEM,menu_item:230344,kg_20260602_172448
restaurant:7635,HAS_ITEM,menu_item:230336,kg_20260602_172448
restaurant:7635,HAS_ITEM,menu_item:230338,kg_20260602_172448
restaurant:7635,HAS_ITEM,menu_item:230335,kg_20260602_172448
restaurant:7635,HAS_ITEM,menu_item:230345,kg_20260602_172448
restaurant:7635,HAS_ITEM,menu_item:342013,kg_20260602_172448
restaurant:7635,HAS_ITEM,menu_item:342014,kg_20260602_172448
restaurant:7635,HAS_ITEM,menu_item:342161,kg_20260602_172448
restaurant:7635,HAS_ITEM,menu_item:9481930,kg_20260602_172448
restaurant:7635,HAS_ITEM,menu_item:342011,kg_20260602_172448
restaurant:7635,HAS_ITEM,menu_item:342012,kg_20260602_172448
restaurant:7635,HAS_ITEM,menu_item:1978423,kg_20260602_172448
restaurant:7635,HAS_ITEM,menu_item:1978424,kg_20260602_172448
restaurant:7635,HAS_ITEM,menu_item:1978425,kg_20260602_172448
restaurant:7635,HAS_ITEM,menu_item:1978426,kg_20260602_172448
restaurant:7635,HAS_ITEM,menu_item:1978427,kg_20260602_172448
restaurant:14318,HAS_ITEM,menu_item:488455,kg_20260602_172448
restaurant:14318,HAS_ITEM,menu_item:488453,kg_20260602_172448
restaurant:14318,HAS_ITEM,menu_item:488454,kg_20260602_172448
restaurant:14318,HAS_ITEM,menu_item:488456,kg_20260602_172448
restaurant:14318,HAS_ITEM,menu_item:488462,kg_20260602_172448
restaurant:14318,HAS_ITEM,menu_item:5539406,kg_20260602_172448
restaurant:14318,HAS_ITEM,menu_item:488465,kg_20260602_172448
restaurant:14318,HAS_ITEM,menu_item:488467,kg_20260602_172448
restaurant:14318,HAS_ITEM,menu_item:2046065,kg_20260602_172448
restaurant:14318,HAS_ITEM,menu_item:2046067,kg_20260602_172448
restaurant:14318,HAS_ITEM,menu_item:2046069,kg_20260602_172448
restaurant:14318,HAS_ITEM,menu_item:2046072,kg_20260602_172448
restaurant:14318,HAS_ITEM,menu_item:2046074,kg_20260602_172448
restaurant:14318,HAS_ITEM,menu_item:4077497,kg_20260602_172448
restaurant:14318,HAS_ITEM,menu_item:488463,kg_20260602_172448
restaurant:14318,HAS_ITEM,menu_item:488464,kg_20260602_172448
restaurant:14318,HAS_ITEM,menu_item:488466,kg_20260602_172448
restaurant:14318,HAS_ITEM,menu_item:488468,kg_20260602_172448
restaurant:111742,HAS_ITEM,menu_item:9359634,kg_20260602_172448
restaurant:111742,HAS_ITEM,menu_item:9359641,kg_20260602_172448
restaurant:111742,HAS_ITEM,menu_item:9359650,kg_20260602_172448
restaurant:111742,HAS_ITEM,menu_item:11561696,kg_20260602_172448
restaurant:111742,HAS_ITEM,menu_item:9357081,kg_20260602_172448
restaurant:111742,HAS_ITEM,menu_item:9357082,kg_20260602_172448
restaurant:111742,HAS_ITEM,menu_item:9360010,kg_20260602_172448
restaurant:111742,HAS_ITEM,menu_item:11560826,kg_20260602_172448
restaurant:111742,HAS_ITEM,menu_item:11560840,kg_20260602_172448
restaurant:111742,HAS_ITEM,menu_item:11709515,kg_20260602_172448
restaurant:111742,HAS_ITEM,menu_item:11709523,kg_20260602_172448
restaurant:111742,HAS_ITEM,menu_item:11709527,kg_20260602_172448
restaurant:111742,HAS_ITEM,menu_item:11709532,kg_20260602_172448
restaurant:111742,HAS_ITEM,menu_item:11709537,kg_20260602_172448
restaurant:111742,HAS_ITEM,menu_item:11567184,kg_20260602_172448
restaurant:111742,HAS_ITEM,menu_item:11567196,kg_20260602_172448
restaurant:111742,HAS_ITEM,menu_item:11567206,kg_20260602_172448
restaurant:111742,HAS_ITEM,menu_item:11567210,kg_20260602_172448
restaurant:111742,HAS_ITEM,menu_item:11567232,kg_20260602_172448
restaurant:111742,HAS_ITEM,menu_item:11567238,kg_20260602_172448
restaurant:111742,HAS_ITEM,menu_item:11567244,kg_20260602_172448
restaurant:111742,HAS_ITEM,menu_item:11567253,kg_20260602_172448
restaurant:111742,HAS_ITEM,menu_item:11567257,kg_20260602_172448
restaurant:111742,HAS_ITEM,menu_item:9366052,kg_20260602_172448
restaurant:111742,HAS_ITEM,menu_item:9366055,kg_20260602_172448
restaurant:111742,HAS_ITEM,menu_item:9366058,kg_20260602_172448
restaurant:111742,HAS_ITEM,menu_item:9366059,kg_20260602_172448
restaurant:111742,HAS_ITEM,menu_item:9366061,kg_20260602_172448
restaurant:111742,HAS_ITEM,menu_item:11600793,kg_20260602_172448
restaurant:111742,HAS_ITEM,menu_item:11600797,kg_20260602_172448
restaurant:111742,HAS_ITEM,menu_item:11600799,kg_20260602_172448
restaurant:111742,HAS_ITEM,menu_item:11709544,kg_20260602_172448
restaurant:111742,HAS_ITEM,menu_item:9366063,kg_20260602_172448
restaurant:111742,HAS_ITEM,menu_item:9366065,kg_20260602_172448
restaurant:111742,HAS_ITEM,menu_item:9366068,kg_20260602_172448
restaurant:111742,HAS_ITEM,menu_item:9366070,kg_20260602_172448
restaurant:111742,HAS_ITEM,menu_item:11600803,kg_20260602_172448
restaurant:111742,HAS_ITEM,menu_item:11600807,kg_20260602_172448
restaurant:111742,HAS_ITEM,menu_item:11600809,kg_20260602_172448
restaurant:111742,HAS_ITEM,menu_item:9366073,kg_20260602_172448
restaurant:111742,HAS_ITEM,menu_item:9366074,kg_20260602_172448
restaurant:111742,HAS_ITEM,menu_item:9366078,kg_20260602_172448
restaurant:111742,HAS_ITEM,menu_item:9366079,kg_20260602_172448
restaurant:111742,HAS_ITEM,menu_item:11600812,kg_20260602_172448
restaurant:22847,HAS_ITEM,menu_item:745857,kg_20260602_172448
restaurant:22847,HAS_ITEM,menu_item:745858,kg_20260602_172448
restaurant:22847,HAS_ITEM,menu_item:745860,kg_20260602_172448
restaurant:22847,HAS_ITEM,menu_item:745861,kg_20260602_172448
restaurant:22847,HAS_ITEM,menu_item:745865,kg_20260602_172448
restaurant:22847,HAS_ITEM,menu_item:745866,kg_20260602_172448
restaurant:22847,HAS_ITEM,menu_item:745868,kg_20260602_172448
restaurant:22847,HAS_ITEM,menu_item:745869,kg_20260602_172448
restaurant:22847,HAS_ITEM,menu_item:745870,kg_20260602_172448
restaurant:22847,HAS_ITEM,menu_item:745871,kg_20260602_172448
restaurant:22847,HAS_ITEM,menu_item:745872,kg_20260602_172448
restaurant:22847,HAS_ITEM,menu_item:745873,kg_20260602_172448
restaurant:22847,HAS_ITEM,menu_item:745874,kg_20260602_172448
restaurant:22847,HAS_ITEM,menu_item:745875,kg_20260602_172448
restaurant:80180,HAS_ITEM,menu_item:6322680,kg_20260602_172448
restaurant:80180,HAS_ITEM,menu_item:6322682,kg_20260602_172448
restaurant:80180,HAS_ITEM,menu_item:6322683,kg_20260602_172448
restaurant:80180,HAS_ITEM,menu_item:6322684,kg_20260602_172448
restaurant:80180,HAS_ITEM,menu_item:6322697,kg_20260602_172448
restaurant:80180,HAS_ITEM,menu_item:6941918,kg_20260602_172448
restaurant:80180,HAS_ITEM,menu_item:6322698,kg_20260602_172448
restaurant:80180,HAS_ITEM,menu_item:6322700,kg_20260602_172448
restaurant:80180,HAS_ITEM,menu_item:6322701,kg_20260602_172448
restaurant:80180,HAS_ITEM,menu_item:6451874,kg_20260602_172448
restaurant:80180,HAS_ITEM,menu_item:6322784,kg_20260602_172448
restaurant:80180,HAS_ITEM,menu_item:6322785,kg_20260602_172448
restaurant:80180,HAS_ITEM,menu_item:6400352,kg_20260602_172448
restaurant:80180,HAS_ITEM,menu_item:6400353,kg_20260602_172448
restaurant:80180,HAS_ITEM,menu_item:8671178,kg_20260602_172448
restaurant:80180,HAS_ITEM,menu_item:8671170,kg_20260602_172448
restaurant:80180,HAS_ITEM,menu_item:8671172,kg_20260602_172448
restaurant:80180,HAS_ITEM,menu_item:8671173,kg_20260602_172448
restaurant:80180,HAS_ITEM,menu_item:8671174,kg_20260602_172448
restaurant:80180,HAS_ITEM,menu_item:8671175,kg_20260602_172448
restaurant:80180,HAS_ITEM,menu_item:8671177,kg_20260602_172448
restaurant:15387,HAS_ITEM,menu_item:519733,kg_20260602_172448
restaurant:15387,HAS_ITEM,menu_item:519734,kg_20260602_172448
restaurant:15387,HAS_ITEM,menu_item:519735,kg_20260602_172448
restaurant:15387,HAS_ITEM,menu_item:519736,kg_20260602_172448
restaurant:15387,HAS_ITEM,menu_item:519737,kg_20260602_172448
restaurant:15387,HAS_ITEM,menu_item:519738,kg_20260602_172448
restaurant:15387,HAS_ITEM,menu_item:519739,kg_20260602_172448
restaurant:15387,HAS_ITEM,menu_item:519740,kg_20260602_172448
restaurant:15387,HAS_ITEM,menu_item:519741,kg_20260602_172448
restaurant:15387,HAS_ITEM,menu_item:519742,kg_20260602_172448
restaurant:15387,HAS_ITEM,menu_item:519717,kg_20260602_172448
restaurant:15387,HAS_ITEM,menu_item:519719,kg_20260602_172448
restaurant:15387,HAS_ITEM,menu_item:519720,kg_20260602_172448
restaurant:15387,HAS_ITEM,menu_item:519721,kg_20260602_172448
restaurant:15387,HAS_ITEM,menu_item:519722,kg_20260602_172448
restaurant:15387,HAS_ITEM,menu_item:519723,kg_20260602_172448
restaurant:15387,HAS_ITEM,menu_item:519724,kg_20260602_172448
restaurant:15387,HAS_ITEM,menu_item:519725,kg_20260602_172448
restaurant:15387,HAS_ITEM,menu_item:519727,kg_20260602_172448
restaurant:15387,HAS_ITEM,menu_item:519728,kg_20260602_172448
restaurant:15387,HAS_ITEM,menu_item:519730,kg_20260602_172448
restaurant:15387,HAS_ITEM,menu_item:519731,kg_20260602_172448
restaurant:15387,HAS_ITEM,menu_item:519732,kg_20260602_172448
restaurant:128678,HAS_ITEM,menu_item:11260212,kg_20260602_172448
restaurant:128678,HAS_ITEM,menu_item:11260213,kg_20260602_172448
restaurant:128678,HAS_ITEM,menu_item:11260214,kg_20260602_172448
restaurant:128678,HAS_ITEM,menu_item:11260218,kg_20260602_172448
restaurant:128678,HAS_ITEM,menu_item:11260219,kg_20260602_172448
restaurant:128678,HAS_ITEM,menu_item:11260220,kg_20260602_172448
restaurant:128678,HAS_ITEM,menu_item:11260221,kg_20260602_172448
restaurant:128678,HAS_ITEM,menu_item:11260222,kg_20260602_172448
restaurant:128678,HAS_ITEM,menu_item:11260223,kg_20260602_172448
restaurant:128678,HAS_ITEM,menu_item:11260224,kg_20260602_172448
restaurant:128678,HAS_ITEM,menu_item:11260225,kg_20260602_172448
restaurant:128678,HAS_ITEM,menu_item:11260226,kg_20260602_172448
restaurant:7207,HAS_ITEM,menu_item:2135839,kg_20260602_172448
restaurant:7207,HAS_ITEM,menu_item:2135953,kg_20260602_172448
restaurant:7207,HAS_ITEM,menu_item:2135954,kg_20260602_172448
restaurant:7207,HAS_ITEM,menu_item:2135955,kg_20260602_172448
restaurant:7207,HAS_ITEM,menu_item:2135956,kg_20260602_172448
restaurant:7207,HAS_ITEM,menu_item:2135957,kg_20260602_172448
restaurant:7207,HAS_ITEM,menu_item:2135958,kg_20260602_172448
restaurant:7207,HAS_ITEM,menu_item:4045482,kg_20260602_172448
restaurant:7207,HAS_ITEM,menu_item:2922537,kg_20260602_172448
restaurant:7207,HAS_ITEM,menu_item:2922539,kg_20260602_172448
restaurant:7207,HAS_ITEM,menu_item:2922541,kg_20260602_172448
restaurant:7207,HAS_ITEM,menu_item:2927563,kg_20260602_172448
restaurant:32487,HAS_ITEM,menu_item:2654265,kg_20260602_172448
restaurant:32487,HAS_ITEM,menu_item:2654266,kg_20260602_172448
restaurant:32487,HAS_ITEM,menu_item:2654267,kg_20260602_172448
restaurant:32487,HAS_ITEM,menu_item:2654268,kg_20260602_172448
restaurant:32487,HAS_ITEM,menu_item:2654269,kg_20260602_172448
restaurant:32487,HAS_ITEM,menu_item:2654270,kg_20260602_172448
restaurant:32487,HAS_ITEM,menu_item:2654271,kg_20260602_172448
restaurant:32487,HAS_ITEM,menu_item:2654272,kg_20260602_172448
restaurant:32487,HAS_ITEM,menu_item:2654273,kg_20260602_172448
restaurant:32487,HAS_ITEM,menu_item:2654274,kg_20260602_172448
restaurant:11305,HAS_ITEM,menu_item:388175,kg_20260602_172448
restaurant:11305,HAS_ITEM,menu_item:388176,kg_20260602_172448
restaurant:11305,HAS_ITEM,menu_item:388177,kg_20260602_172448
restaurant:11305,HAS_ITEM,menu_item:388178,kg_20260602_172448
restaurant:11305,HAS_ITEM,menu_item:388179,kg_20260602_172448
restaurant:11305,HAS_ITEM,menu_item:388180,kg_20260602_172448
restaurant:11305,HAS_ITEM,menu_item:388181,kg_20260602_172448
restaurant:11305,HAS_ITEM,menu_item:388182,kg_20260602_172448
restaurant:11305,HAS_ITEM,menu_item:388183,kg_20260602_172448
restaurant:11305,HAS_ITEM,menu_item:388184,kg_20260602_172448
restaurant:11305,HAS_ITEM,menu_item:388185,kg_20260602_172448
restaurant:11305,HAS_ITEM,menu_item:388187,kg_20260602_172448
restaurant:11305,HAS_ITEM,menu_item:388188,kg_20260602_172448
restaurant:11305,HAS_ITEM,menu_item:388189,kg_20260602_172448
restaurant:11305,HAS_ITEM,menu_item:388190,kg_20260602_172448
restaurant:11305,HAS_ITEM,menu_item:388191,kg_20260602_172448
restaurant:11305,HAS_ITEM,menu_item:388198,kg_20260602_172448
restaurant:11305,HAS_ITEM,menu_item:388199,kg_20260602_172448
restaurant:11305,HAS_ITEM,menu_item:388200,kg_20260602_172448
restaurant:133169,HAS_ITEM,menu_item:11838381,kg_20260602_172448
restaurant:133169,HAS_ITEM,menu_item:11838383,kg_20260602_172448
restaurant:133169,HAS_ITEM,menu_item:11838384,kg_20260602_172448
restaurant:133169,HAS_ITEM,menu_item:11838385,kg_20260602_172448
restaurant:133169,HAS_ITEM,menu_item:11838386,kg_20260602_172448
restaurant:133169,HAS_ITEM,menu_item:11838387,kg_20260602_172448
restaurant:133169,HAS_ITEM,menu_item:11838388,kg_20260602_172448
restaurant:133169,HAS_ITEM,menu_item:11838389,kg_20260602_172448
restaurant:133169,HAS_ITEM,menu_item:11838390,kg_20260602_172448
restaurant:133169,HAS_ITEM,menu_item:11838391,kg_20260602_172448
restaurant:133169,HAS_ITEM,menu_item:11838392,kg_20260602_172448
restaurant:133169,HAS_ITEM,menu_item:11838393,kg_20260602_172448
restaurant:133169,HAS_ITEM,menu_item:11838398,kg_20260602_172448
restaurant:133169,HAS_ITEM,menu_item:11838399,kg_20260602_172448
restaurant:133169,HAS_ITEM,menu_item:11838400,kg_20260602_172448
restaurant:133169,HAS_ITEM,menu_item:11838401,kg_20260602_172448
restaurant:133169,HAS_ITEM,menu_item:11838402,kg_20260602_172448
restaurant:133169,HAS_ITEM,menu_item:11838403,kg_20260602_172448
restaurant:133169,HAS_ITEM,menu_item:11838404,kg_20260602_172448
restaurant:133169,HAS_ITEM,menu_item:11838405,kg_20260602_172448
restaurant:133169,HAS_ITEM,menu_item:11838406,kg_20260602_172448
restaurant:13003,HAS_ITEM,menu_item:11763891,kg_20260602_172448
restaurant:13003,HAS_ITEM,menu_item:9794410,kg_20260602_172448
restaurant:13003,HAS_ITEM,menu_item:9794411,kg_20260602_172448
restaurant:13003,HAS_ITEM,menu_item:9794412,kg_20260602_172448
restaurant:13003,HAS_ITEM,menu_item:443705,kg_20260602_172448
restaurant:13003,HAS_ITEM,menu_item:2620061,kg_20260602_172448
restaurant:13003,HAS_ITEM,menu_item:4406151,kg_20260602_172448
restaurant:13003,HAS_ITEM,menu_item:4406152,kg_20260602_172448
restaurant:13003,HAS_ITEM,menu_item:4406153,kg_20260602_172448
restaurant:13003,HAS_ITEM,menu_item:4406155,kg_20260602_172448
restaurant:13003,HAS_ITEM,menu_item:4406156,kg_20260602_172448
restaurant:13003,HAS_ITEM,menu_item:4406157,kg_20260602_172448
restaurant:13003,HAS_ITEM,menu_item:444064,kg_20260602_172448
restaurant:13003,HAS_ITEM,menu_item:444098,kg_20260602_172448
restaurant:13003,HAS_ITEM,menu_item:2620947,kg_20260602_172448
restaurant:13003,HAS_ITEM,menu_item:3756170,kg_20260602_172448
restaurant:13003,HAS_ITEM,menu_item:4406875,kg_20260602_172448
restaurant:13003,HAS_ITEM,menu_item:4406876,kg_20260602_172448
restaurant:13003,HAS_ITEM,menu_item:4406877,kg_20260602_172448
restaurant:13003,HAS_ITEM,menu_item:9597504,kg_20260602_172448
restaurant:13003,HAS_ITEM,menu_item:9597505,kg_20260602_172448
restaurant:13003,HAS_ITEM,menu_item:443891,kg_20260602_172448
restaurant:13003,HAS_ITEM,menu_item:443982,kg_20260602_172448
restaurant:13003,HAS_ITEM,menu_item:443985,kg_20260602_172448
restaurant:13003,HAS_ITEM,menu_item:444002,kg_20260602_172448
restaurant:13003,HAS_ITEM,menu_item:444003,kg_20260602_172448
restaurant:13003,HAS_ITEM,menu_item:444059,kg_20260602_172448
restaurant:13003,HAS_ITEM,menu_item:444060,kg_20260602_172448
restaurant:13003,HAS_ITEM,menu_item:2620718,kg_20260602_172448
restaurant:13003,HAS_ITEM,menu_item:11696207,kg_20260602_172448
restaurant:13003,HAS_ITEM,menu_item:11696357,kg_20260602_172448
restaurant:13003,HAS_ITEM,menu_item:444102,kg_20260602_172448
restaurant:13003,HAS_ITEM,menu_item:444104,kg_20260602_172448
restaurant:13003,HAS_ITEM,menu_item:444105,kg_20260602_172448
restaurant:13003,HAS_ITEM,menu_item:444181,kg_20260602_172448
restaurant:13003,HAS_ITEM,menu_item:6407543,kg_20260602_172448
restaurant:13003,HAS_ITEM,menu_item:6407545,kg_20260602_172448
restaurant:13003,HAS_ITEM,menu_item:10138513,kg_20260602_172448
restaurant:13003,HAS_ITEM,menu_item:10258497,kg_20260602_172448
restaurant:31548,HAS_ITEM,menu_item:9491209,kg_20260602_172448
restaurant:31548,HAS_ITEM,menu_item:9491211,kg_20260602_172448
restaurant:31548,HAS_ITEM,menu_item:9491213,kg_20260602_172448
restaurant:31548,HAS_ITEM,menu_item:9491216,kg_20260602_172448
restaurant:31548,HAS_ITEM,menu_item:9491219,kg_20260602_172448
restaurant:31548,HAS_ITEM,menu_item:9491221,kg_20260602_172448
restaurant:31548,HAS_ITEM,menu_item:9491224,kg_20260602_172448
restaurant:31548,HAS_ITEM,menu_item:9491226,kg_20260602_172448
restaurant:31548,HAS_ITEM,menu_item:2960526,kg_20260602_172448
restaurant:31548,HAS_ITEM,menu_item:2960527,kg_20260602_172448
restaurant:31548,HAS_ITEM,menu_item:2960528,kg_20260602_172448
restaurant:31548,HAS_ITEM,menu_item:2960529,kg_20260602_172448
restaurant:31548,HAS_ITEM,menu_item:2960530,kg_20260602_172448
restaurant:31548,HAS_ITEM,menu_item:2960531,kg_20260602_172448
restaurant:31548,HAS_ITEM,menu_item:2960532,kg_20260602_172448
restaurant:31548,HAS_ITEM,menu_item:2960533,kg_20260602_172448
restaurant:31548,HAS_ITEM,menu_item:2960534,kg_20260602_172448
restaurant:31548,HAS_ITEM,menu_item:2960535,kg_20260602_172448
restaurant:31548,HAS_ITEM,menu_item:2960536,kg_20260602_172448
restaurant:31548,HAS_ITEM,menu_item:2960537,kg_20260602_172448
restaurant:31548,HAS_ITEM,menu_item:2960538,kg_20260602_172448
restaurant:31548,HAS_ITEM,menu_item:4271095,kg_20260602_172448
restaurant:31548,HAS_ITEM,menu_item:2960539,kg_20260602_172448
restaurant:31548,HAS_ITEM,menu_item:2960540,kg_20260602_172448
restaurant:31548,HAS_ITEM,menu_item:2960541,kg_20260602_172448
restaurant:31548,HAS_ITEM,menu_item:2960542,kg_20260602_172448
restaurant:31548,HAS_ITEM,menu_item:2960543,kg_20260602_172448
restaurant:31548,HAS_ITEM,menu_item:2960544,kg_20260602_172448
restaurant:31548,HAS_ITEM,menu_item:4271107,kg_20260602_172448
restaurant:31548,HAS_ITEM,menu_item:2960560,kg_20260602_172448
restaurant:31548,HAS_ITEM,menu_item:3032624,kg_20260602_172448
restaurant:31548,HAS_ITEM,menu_item:4025876,kg_20260602_172448
restaurant:31548,HAS_ITEM,menu_item:4275185,kg_20260602_172448
restaurant:111500,HAS_ITEM,menu_item:9323012,kg_20260602_172448
restaurant:111500,HAS_ITEM,menu_item:9323013,kg_20260602_172448
restaurant:111500,HAS_ITEM,menu_item:9323014,kg_20260602_172448
restaurant:111500,HAS_ITEM,menu_item:9323015,kg_20260602_172448
restaurant:111500,HAS_ITEM,menu_item:9619297,kg_20260602_172448
restaurant:111500,HAS_ITEM,menu_item:9323016,kg_20260602_172448
restaurant:111500,HAS_ITEM,menu_item:9323017,kg_20260602_172448
restaurant:111500,HAS_ITEM,menu_item:9619858,kg_20260602_172448
restaurant:111500,HAS_ITEM,menu_item:9619861,kg_20260602_172448
restaurant:111500,HAS_ITEM,menu_item:9619863,kg_20260602_172448
restaurant:111500,HAS_ITEM,menu_item:9619914,kg_20260602_172448
restaurant:111500,HAS_ITEM,menu_item:9619937,kg_20260602_172448
restaurant:111500,HAS_ITEM,menu_item:9619941,kg_20260602_172448
restaurant:111500,HAS_ITEM,menu_item:9619943,kg_20260602_172448
restaurant:29781,HAS_ITEM,menu_item:1049131,kg_20260602_172448
restaurant:29781,HAS_ITEM,menu_item:1049132,kg_20260602_172448
restaurant:29781,HAS_ITEM,menu_item:1049133,kg_20260602_172448
restaurant:29781,HAS_ITEM,menu_item:1049134,kg_20260602_172448
restaurant:29781,HAS_ITEM,menu_item:1049135,kg_20260602_172448
restaurant:29781,HAS_ITEM,menu_item:5114521,kg_20260602_172448
restaurant:29781,HAS_ITEM,menu_item:5114524,kg_20260602_172448
restaurant:29781,HAS_ITEM,menu_item:5114527,kg_20260602_172448
restaurant:29781,HAS_ITEM,menu_item:5017268,kg_20260602_172448
restaurant:29781,HAS_ITEM,menu_item:5017270,kg_20260602_172448
restaurant:29781,HAS_ITEM,menu_item:5017272,kg_20260602_172448
restaurant:29781,HAS_ITEM,menu_item:5017273,kg_20260602_172448
restaurant:29781,HAS_ITEM,menu_item:1049139,kg_20260602_172448
restaurant:29781,HAS_ITEM,menu_item:1049140,kg_20260602_172448
restaurant:29781,HAS_ITEM,menu_item:1049174,kg_20260602_172448
restaurant:76300,HAS_ITEM,menu_item:5993900,kg_20260602_172448
restaurant:76300,HAS_ITEM,menu_item:5993901,kg_20260602_172448
restaurant:76300,HAS_ITEM,menu_item:5993902,kg_20260602_172448
restaurant:76300,HAS_ITEM,menu_item:5993903,kg_20260602_172448
restaurant:76300,HAS_ITEM,menu_item:7244539,kg_20260602_172448
restaurant:76300,HAS_ITEM,menu_item:7244540,kg_20260602_172448
restaurant:76300,HAS_ITEM,menu_item:7244541,kg_20260602_172448
restaurant:76300,HAS_ITEM,menu_item:7244542,kg_20260602_172448
restaurant:76300,HAS_ITEM,menu_item:7244543,kg_20260602_172448
restaurant:76300,HAS_ITEM,menu_item:7244544,kg_20260602_172448
restaurant:76300,HAS_ITEM,menu_item:7244649,kg_20260602_172448
restaurant:76300,HAS_ITEM,menu_item:7244655,kg_20260602_172448
restaurant:119112,HAS_ITEM,menu_item:10125602,kg_20260602_172448
restaurant:119112,HAS_ITEM,menu_item:10125603,kg_20260602_172448
restaurant:119112,HAS_ITEM,menu_item:10125604,kg_20260602_172448
restaurant:119112,HAS_ITEM,menu_item:10125605,kg_20260602_172448
restaurant:119112,HAS_ITEM,menu_item:10125606,kg_20260602_172448
restaurant:119112,HAS_ITEM,menu_item:10125607,kg_20260602_172448
restaurant:119112,HAS_ITEM,menu_item:10125608,kg_20260602_172448
restaurant:119112,HAS_ITEM,menu_item:10135546,kg_20260602_172448
restaurant:119112,HAS_ITEM,menu_item:10135547,kg_20260602_172448
restaurant:119112,HAS_ITEM,menu_item:10125609,kg_20260602_172448
restaurant:119112,HAS_ITEM,menu_item:10125610,kg_20260602_172448
restaurant:114792,HAS_ITEM,menu_item:9656576,kg_20260602_172448
restaurant:114792,HAS_ITEM,menu_item:9656575,kg_20260602_172448
restaurant:114792,HAS_ITEM,menu_item:9656574,kg_20260602_172448
restaurant:114792,HAS_ITEM,menu_item:9749033,kg_20260602_172448
restaurant:114792,HAS_ITEM,menu_item:9947702,kg_20260602_172448
restaurant:114792,HAS_ITEM,menu_item:9947703,kg_20260602_172448
restaurant:114792,HAS_ITEM,menu_item:9947704,kg_20260602_172448
restaurant:17056,HAS_ITEM,menu_item:3545944,kg_20260602_172448
restaurant:17056,HAS_ITEM,menu_item:3545945,kg_20260602_172448
restaurant:17056,HAS_ITEM,menu_item:3545947,kg_20260602_172448
restaurant:17056,HAS_ITEM,menu_item:3545949,kg_20260602_172448
restaurant:17056,HAS_ITEM,menu_item:3545951,kg_20260602_172448
restaurant:17056,HAS_ITEM,menu_item:6312985,kg_20260602_172448
restaurant:17056,HAS_ITEM,menu_item:6312986,kg_20260602_172448
restaurant:17056,HAS_ITEM,menu_item:6640522,kg_20260602_172448
restaurant:105958,HAS_ITEM,menu_item:8668863,kg_20260602_172448
restaurant:105958,HAS_ITEM,menu_item:8668864,kg_20260602_172448
restaurant:105958,HAS_ITEM,menu_item:8668865,kg_20260602_172448
restaurant:105958,HAS_ITEM,menu_item:8668866,kg_20260602_172448
restaurant:105958,HAS_ITEM,menu_item:8668867,kg_20260602_172448
restaurant:105958,HAS_ITEM,menu_item:8668868,kg_20260602_172448
restaurant:105958,HAS_ITEM,menu_item:8668869,kg_20260602_172448
restaurant:105958,HAS_ITEM,menu_item:8668870,kg_20260602_172448
restaurant:105958,HAS_ITEM,menu_item:8668871,kg_20260602_172448
restaurant:105958,HAS_ITEM,menu_item:8668873,kg_20260602_172448
restaurant:105958,HAS_ITEM,menu_item:8668874,kg_20260602_172448
restaurant:105958,HAS_ITEM,menu_item:8668875,kg_20260602_172448
restaurant:105958,HAS_ITEM,menu_item:8668876,kg_20260602_172448
restaurant:105958,HAS_ITEM,menu_item:8668877,kg_20260602_172448
restaurant:105958,HAS_ITEM,menu_item:8668878,kg_20260602_172448
restaurant:105958,HAS_ITEM,menu_item:8668879,kg_20260602_172448
restaurant:105958,HAS_ITEM,menu_item:8691768,kg_20260602_172448
restaurant:132613,HAS_ITEM,menu_item:11799469,kg_20260602_172448
restaurant:132613,HAS_ITEM,menu_item:11799470,kg_20260602_172448
restaurant:132613,HAS_ITEM,menu_item:11799471,kg_20260602_172448
restaurant:132613,HAS_ITEM,menu_item:11799472,kg_20260602_172448
restaurant:34875,HAS_ITEM,menu_item:2353515,kg_20260602_172448
restaurant:34875,HAS_ITEM,menu_item:2353516,kg_20260602_172448
restaurant:34875,HAS_ITEM,menu_item:2353517,kg_20260602_172448
restaurant:34875,HAS_ITEM,menu_item:2353518,kg_20260602_172448
restaurant:34875,HAS_ITEM,menu_item:2353527,kg_20260602_172448
restaurant:34875,HAS_ITEM,menu_item:2353528,kg_20260602_172448
restaurant:34875,HAS_ITEM,menu_item:2353529,kg_20260602_172448
restaurant:34875,HAS_ITEM,menu_item:2353530,kg_20260602_172448
restaurant:34875,HAS_ITEM,menu_item:2353538,kg_20260602_172448
restaurant:34875,HAS_ITEM,menu_item:2353539,kg_20260602_172448
restaurant:34875,HAS_ITEM,menu_item:2353540,kg_20260602_172448
restaurant:34875,HAS_ITEM,menu_item:2353541,kg_20260602_172448
restaurant:14305,HAS_ITEM,menu_item:3409904,kg_20260602_172448
restaurant:14305,HAS_ITEM,menu_item:3409905,kg_20260602_172448
restaurant:14305,HAS_ITEM,menu_item:3409906,kg_20260602_172448
restaurant:14305,HAS_ITEM,menu_item:3409907,kg_20260602_172448
restaurant:14305,HAS_ITEM,menu_item:3409908,kg_20260602_172448
restaurant:14305,HAS_ITEM,menu_item:3409909,kg_20260602_172448
restaurant:14305,HAS_ITEM,menu_item:3409910,kg_20260602_172448
restaurant:14305,HAS_ITEM,menu_item:3409911,kg_20260602_172448
restaurant:14305,HAS_ITEM,menu_item:3409912,kg_20260602_172448
restaurant:14305,HAS_ITEM,menu_item:3409934,kg_20260602_172448
restaurant:14305,HAS_ITEM,menu_item:3409935,kg_20260602_172448
restaurant:14305,HAS_ITEM,menu_item:3409936,kg_20260602_172448
restaurant:14305,HAS_ITEM,menu_item:3409937,kg_20260602_172448
restaurant:14305,HAS_ITEM,menu_item:3409938,kg_20260602_172448
restaurant:14305,HAS_ITEM,menu_item:3409939,kg_20260602_172448
restaurant:14305,HAS_ITEM,menu_item:3409940,kg_20260602_172448
restaurant:14305,HAS_ITEM,menu_item:3409941,kg_20260602_172448
restaurant:14305,HAS_ITEM,menu_item:3409942,kg_20260602_172448
restaurant:14305,HAS_ITEM,menu_item:3409943,kg_20260602_172448
restaurant:14305,HAS_ITEM,menu_item:3409965,kg_20260602_172448
restaurant:14305,HAS_ITEM,menu_item:3409966,kg_20260602_172448
restaurant:91853,HAS_ITEM,menu_item:7209942,kg_20260602_172448
restaurant:91853,HAS_ITEM,menu_item:7209943,kg_20260602_172448
restaurant:11493,HAS_ITEM,menu_item:395309,kg_20260602_172448
restaurant:11493,HAS_ITEM,menu_item:395307,kg_20260602_172448
restaurant:11493,HAS_ITEM,menu_item:395310,kg_20260602_172448
restaurant:11493,HAS_ITEM,menu_item:395308,kg_20260602_172448
restaurant:11493,HAS_ITEM,menu_item:4089143,kg_20260602_172448
restaurant:11493,HAS_ITEM,menu_item:4089144,kg_20260602_172448
restaurant:11493,HAS_ITEM,menu_item:4089145,kg_20260602_172448
restaurant:11493,HAS_ITEM,menu_item:4089146,kg_20260602_172448
restaurant:11493,HAS_ITEM,menu_item:395313,kg_20260602_172448
restaurant:11493,HAS_ITEM,menu_item:395311,kg_20260602_172448
restaurant:11493,HAS_ITEM,menu_item:395312,kg_20260602_172448
restaurant:11493,HAS_ITEM,menu_item:395314,kg_20260602_172448
restaurant:11493,HAS_ITEM,menu_item:395318,kg_20260602_172448
restaurant:11493,HAS_ITEM,menu_item:395315,kg_20260602_172448
restaurant:11493,HAS_ITEM,menu_item:395316,kg_20260602_172448
restaurant:11493,HAS_ITEM,menu_item:395317,kg_20260602_172448
restaurant:11493,HAS_ITEM,menu_item:9656371,kg_20260602_172448
restaurant:11493,HAS_ITEM,menu_item:9656372,kg_20260602_172448
restaurant:22815,HAS_ITEM,menu_item:744806,kg_20260602_172448
restaurant:22815,HAS_ITEM,menu_item:744811,kg_20260602_172448
restaurant:22815,HAS_ITEM,menu_item:744814,kg_20260602_172448
restaurant:22815,HAS_ITEM,menu_item:744815,kg_20260602_172448
restaurant:22815,HAS_ITEM,menu_item:744818,kg_20260602_172448
restaurant:22815,HAS_ITEM,menu_item:4026290,kg_20260602_172448
restaurant:93168,HAS_ITEM,menu_item:7316583,kg_20260602_172448
restaurant:93168,HAS_ITEM,menu_item:7339151,kg_20260602_172448
restaurant:93168,HAS_ITEM,menu_item:7365329,kg_20260602_172448
restaurant:93168,HAS_ITEM,menu_item:7365330,kg_20260602_172448
restaurant:93168,HAS_ITEM,menu_item:7365331,kg_20260602_172448
restaurant:93168,HAS_ITEM,menu_item:7392114,kg_20260602_172448
restaurant:93168,HAS_ITEM,menu_item:7392115,kg_20260602_172448
restaurant:93168,HAS_ITEM,menu_item:7339152,kg_20260602_172448
restaurant:93168,HAS_ITEM,menu_item:7365336,kg_20260602_172448
restaurant:93168,HAS_ITEM,menu_item:7404288,kg_20260602_172448
restaurant:93168,HAS_ITEM,menu_item:8873192,kg_20260602_172448
restaurant:93168,HAS_ITEM,menu_item:9459016,kg_20260602_172448
restaurant:93168,HAS_ITEM,menu_item:8093782,kg_20260602_172448
restaurant:93168,HAS_ITEM,menu_item:9187674,kg_20260602_172448
restaurant:1108,HAS_ITEM,menu_item:5924048,kg_20260602_172448
restaurant:1108,HAS_ITEM,menu_item:5924049,kg_20260602_172448
restaurant:1108,HAS_ITEM,menu_item:5924050,kg_20260602_172448
restaurant:1108,HAS_ITEM,menu_item:5924051,kg_20260602_172448
restaurant:1108,HAS_ITEM,menu_item:5924052,kg_20260602_172448
restaurant:1108,HAS_ITEM,menu_item:5924053,kg_20260602_172448
restaurant:1108,HAS_ITEM,menu_item:5924054,kg_20260602_172448
restaurant:1108,HAS_ITEM,menu_item:5924055,kg_20260602_172448
restaurant:1108,HAS_ITEM,menu_item:5924056,kg_20260602_172448
restaurant:1108,HAS_ITEM,menu_item:5924057,kg_20260602_172448
restaurant:1108,HAS_ITEM,menu_item:5924058,kg_20260602_172448
restaurant:1108,HAS_ITEM,menu_item:5924059,kg_20260602_172448
restaurant:1108,HAS_ITEM,menu_item:5924060,kg_20260602_172448
restaurant:1108,HAS_ITEM,menu_item:5924061,kg_20260602_172448
restaurant:1108,HAS_ITEM,menu_item:5924062,kg_20260602_172448
restaurant:1108,HAS_ITEM,menu_item:5633621,kg_20260602_172448
restaurant:1108,HAS_ITEM,menu_item:5633660,kg_20260602_172448
restaurant:1108,HAS_ITEM,menu_item:5633668,kg_20260602_172448
restaurant:1108,HAS_ITEM,menu_item:5633671,kg_20260602_172448
restaurant:1108,HAS_ITEM,menu_item:5633672,kg_20260602_172448
restaurant:1108,HAS_ITEM,menu_item:9596704,kg_20260602_172448
restaurant:40980,HAS_ITEM,menu_item:9219335,kg_20260602_172448
restaurant:40980,HAS_ITEM,menu_item:2965481,kg_20260602_172448
restaurant:40980,HAS_ITEM,menu_item:6410385,kg_20260602_172448
restaurant:40980,HAS_ITEM,menu_item:6467064,kg_20260602_172448
restaurant:40980,HAS_ITEM,menu_item:7607402,kg_20260602_172448
restaurant:40980,HAS_ITEM,menu_item:7740188,kg_20260602_172448
restaurant:40980,HAS_ITEM,menu_item:8102496,kg_20260602_172448
restaurant:40980,HAS_ITEM,menu_item:9016912,kg_20260602_172448
restaurant:40980,HAS_ITEM,menu_item:9017691,kg_20260602_172448
restaurant:40980,HAS_ITEM,menu_item:9017734,kg_20260602_172448
restaurant:40980,HAS_ITEM,menu_item:9018047,kg_20260602_172448
restaurant:40980,HAS_ITEM,menu_item:9018292,kg_20260602_172448
restaurant:40980,HAS_ITEM,menu_item:9264849,kg_20260602_172448
restaurant:40980,HAS_ITEM,menu_item:9051128,kg_20260602_172448
restaurant:95450,HAS_ITEM,menu_item:7503266,kg_20260602_172448
restaurant:95450,HAS_ITEM,menu_item:7503267,kg_20260602_172448
restaurant:95450,HAS_ITEM,menu_item:11631684,kg_20260602_172448
restaurant:95450,HAS_ITEM,menu_item:7503268,kg_20260602_172448
restaurant:95450,HAS_ITEM,menu_item:7503269,kg_20260602_172448
restaurant:95450,HAS_ITEM,menu_item:7503270,kg_20260602_172448
restaurant:95450,HAS_ITEM,menu_item:7503271,kg_20260602_172448
restaurant:95450,HAS_ITEM,menu_item:7503272,kg_20260602_172448
restaurant:95450,HAS_ITEM,menu_item:7503273,kg_20260602_172448
restaurant:95450,HAS_ITEM,menu_item:7503274,kg_20260602_172448
restaurant:95450,HAS_ITEM,menu_item:11631680,kg_20260602_172448
restaurant:95450,HAS_ITEM,menu_item:11631682,kg_20260602_172448
restaurant:95450,HAS_ITEM,menu_item:11766987,kg_20260602_172448
restaurant:95450,HAS_ITEM,menu_item:7503277,kg_20260602_172448
restaurant:95450,HAS_ITEM,menu_item:7503278,kg_20260602_172448
restaurant:95450,HAS_ITEM,menu_item:11767060,kg_20260602_172448
restaurant:134203,HAS_ITEM,menu_item:11970007,kg_20260602_172448
restaurant:134203,HAS_ITEM,menu_item:11970008,kg_20260602_172448
restaurant:134203,HAS_ITEM,menu_item:11970009,kg_20260602_172448
restaurant:134203,HAS_ITEM,menu_item:11970010,kg_20260602_172448
restaurant:134203,HAS_ITEM,menu_item:11970011,kg_20260602_172448
restaurant:134203,HAS_ITEM,menu_item:11970012,kg_20260602_172448
restaurant:134203,HAS_ITEM,menu_item:11970013,kg_20260602_172448
restaurant:134203,HAS_ITEM,menu_item:11970016,kg_20260602_172448
restaurant:134203,HAS_ITEM,menu_item:11970017,kg_20260602_172448
restaurant:134203,HAS_ITEM,menu_item:11970018,kg_20260602_172448
restaurant:134203,HAS_ITEM,menu_item:11970019,kg_20260602_172448
restaurant:134203,HAS_ITEM,menu_item:11970020,kg_20260602_172448
restaurant:134203,HAS_ITEM,menu_item:11970021,kg_20260602_172448
restaurant:134203,HAS_ITEM,menu_item:11970022,kg_20260602_172448
restaurant:134203,HAS_ITEM,menu_item:11970023,kg_20260602_172448
restaurant:134203,HAS_ITEM,menu_item:11970024,kg_20260602_172448
restaurant:134203,HAS_ITEM,menu_item:11970025,kg_20260602_172448
restaurant:134203,HAS_ITEM,menu_item:11970026,kg_20260602_172448
restaurant:134203,HAS_ITEM,menu_item:11970027,kg_20260602_172448
restaurant:134203,HAS_ITEM,menu_item:11970030,kg_20260602_172448
restaurant:134203,HAS_ITEM,menu_item:11970031,kg_20260602_172448
restaurant:134203,HAS_ITEM,menu_item:11970032,kg_20260602_172448
restaurant:134203,HAS_ITEM,menu_item:11970033,kg_20260602_172448
restaurant:134203,HAS_ITEM,menu_item:11970034,kg_20260602_172448
restaurant:134203,HAS_ITEM,menu_item:11970035,kg_20260602_172448
restaurant:134203,HAS_ITEM,menu_item:11970036,kg_20260602_172448
restaurant:134203,HAS_ITEM,menu_item:11970037,kg_20260602_172448
restaurant:134203,HAS_ITEM,menu_item:11970038,kg_20260602_172448
restaurant:134203,HAS_ITEM,menu_item:11970039,kg_20260602_172448
restaurant:134203,HAS_ITEM,menu_item:11970042,kg_20260602_172448
restaurant:134203,HAS_ITEM,menu_item:11970043,kg_20260602_172448
restaurant:134203,HAS_ITEM,menu_item:11970044,kg_20260602_172448
restaurant:134203,HAS_ITEM,menu_item:11970045,kg_20260602_172448
restaurant:134203,HAS_ITEM,menu_item:11970046,kg_20260602_172448
restaurant:134203,HAS_ITEM,menu_item:11970047,kg_20260602_172448
restaurant:134203,HAS_ITEM,menu_item:11970048,kg_20260602_172448
restaurant:134203,HAS_ITEM,menu_item:11970049,kg_20260602_172448
restaurant:4486,HAS_ITEM,menu_item:10360352,kg_20260602_172448
restaurant:4486,HAS_ITEM,menu_item:11780637,kg_20260602_172448
restaurant:4486,HAS_ITEM,menu_item:94965,kg_20260602_172448
restaurant:4486,HAS_ITEM,menu_item:94969,kg_20260602_172448
restaurant:4486,HAS_ITEM,menu_item:94974,kg_20260602_172448
restaurant:4486,HAS_ITEM,menu_item:94976,kg_20260602_172448
restaurant:4486,HAS_ITEM,menu_item:737509,kg_20260602_172448
restaurant:4486,HAS_ITEM,menu_item:6509156,kg_20260602_172448
restaurant:4486,HAS_ITEM,menu_item:7716578,kg_20260602_172448
restaurant:4486,HAS_ITEM,menu_item:7716616,kg_20260602_172448
restaurant:4486,HAS_ITEM,menu_item:7716640,kg_20260602_172448
restaurant:4486,HAS_ITEM,menu_item:7716655,kg_20260602_172448
restaurant:4486,HAS_ITEM,menu_item:8430508,kg_20260602_172448
restaurant:4486,HAS_ITEM,menu_item:737511,kg_20260602_172448
restaurant:4486,HAS_ITEM,menu_item:2065105,kg_20260602_172448
restaurant:4486,HAS_ITEM,menu_item:2065356,kg_20260602_172448
restaurant:4486,HAS_ITEM,menu_item:2065363,kg_20260602_172448
restaurant:4486,HAS_ITEM,menu_item:2065664,kg_20260602_172448
restaurant:4486,HAS_ITEM,menu_item:2065946,kg_20260602_172448
restaurant:4486,HAS_ITEM,menu_item:2066183,kg_20260602_172448
restaurant:4486,HAS_ITEM,menu_item:7331070,kg_20260602_172448
restaurant:4486,HAS_ITEM,menu_item:7331126,kg_20260602_172448
restaurant:4486,HAS_ITEM,menu_item:503594,kg_20260602_172448
restaurant:4486,HAS_ITEM,menu_item:503595,kg_20260602_172448
restaurant:4486,HAS_ITEM,menu_item:503596,kg_20260602_172448
restaurant:4486,HAS_ITEM,menu_item:503598,kg_20260602_172448
restaurant:4486,HAS_ITEM,menu_item:503599,kg_20260602_172448
restaurant:4486,HAS_ITEM,menu_item:503601,kg_20260602_172448
restaurant:4486,HAS_ITEM,menu_item:10670171,kg_20260602_172448
restaurant:4486,HAS_ITEM,menu_item:10670495,kg_20260602_172448
restaurant:4486,HAS_ITEM,menu_item:10783416,kg_20260602_172448
restaurant:4486,HAS_ITEM,menu_item:10783434,kg_20260602_172448
restaurant:4486,HAS_ITEM,menu_item:10626545,kg_20260602_172448
restaurant:4486,HAS_ITEM,menu_item:10756244,kg_20260602_172448
restaurant:4486,HAS_ITEM,menu_item:10819092,kg_20260602_172448
restaurant:4486,HAS_ITEM,menu_item:11552039,kg_20260602_172448
restaurant:4486,HAS_ITEM,menu_item:12189957,kg_20260602_172448
restaurant:31187,HAS_ITEM,menu_item:1979380,kg_20260602_172448
restaurant:31187,HAS_ITEM,menu_item:1979381,kg_20260602_172448
restaurant:31187,HAS_ITEM,menu_item:1979385,kg_20260602_172448
restaurant:31187,HAS_ITEM,menu_item:1979383,kg_20260602_172448
restaurant:31187,HAS_ITEM,menu_item:1979384,kg_20260602_172448
restaurant:31187,HAS_ITEM,menu_item:1979382,kg_20260602_172448
restaurant:31187,HAS_ITEM,menu_item:1979386,kg_20260602_172448
restaurant:31187,HAS_ITEM,menu_item:1979387,kg_20260602_172448
restaurant:31187,HAS_ITEM,menu_item:9512185,kg_20260602_172448
restaurant:8785,HAS_ITEM,menu_item:276804,kg_20260602_172448
restaurant:8785,HAS_ITEM,menu_item:276805,kg_20260602_172448
restaurant:8785,HAS_ITEM,menu_item:276806,kg_20260602_172448
restaurant:8785,HAS_ITEM,menu_item:276807,kg_20260602_172448
restaurant:8785,HAS_ITEM,menu_item:276801,kg_20260602_172448
restaurant:8785,HAS_ITEM,menu_item:276803,kg_20260602_172448
restaurant:8785,HAS_ITEM,menu_item:276776,kg_20260602_172448
restaurant:8785,HAS_ITEM,menu_item:276777,kg_20260602_172448
restaurant:8785,HAS_ITEM,menu_item:276778,kg_20260602_172448
restaurant:8785,HAS_ITEM,menu_item:276779,kg_20260602_172448
restaurant:8785,HAS_ITEM,menu_item:276780,kg_20260602_172448
restaurant:8785,HAS_ITEM,menu_item:276781,kg_20260602_172448
restaurant:8785,HAS_ITEM,menu_item:276782,kg_20260602_172448
restaurant:8785,HAS_ITEM,menu_item:276783,kg_20260602_172448
restaurant:8785,HAS_ITEM,menu_item:276784,kg_20260602_172448
restaurant:8785,HAS_ITEM,menu_item:276786,kg_20260602_172448
restaurant:8785,HAS_ITEM,menu_item:276790,kg_20260602_172448
restaurant:8785,HAS_ITEM,menu_item:4023505,kg_20260602_172448
restaurant:8785,HAS_ITEM,menu_item:4038277,kg_20260602_172448
restaurant:8785,HAS_ITEM,menu_item:4038312,kg_20260602_172448
restaurant:8785,HAS_ITEM,menu_item:276810,kg_20260602_172448
restaurant:8785,HAS_ITEM,menu_item:276811,kg_20260602_172448
restaurant:8785,HAS_ITEM,menu_item:4038339,kg_20260602_172448
restaurant:8785,HAS_ITEM,menu_item:276798,kg_20260602_172448
restaurant:8785,HAS_ITEM,menu_item:276799,kg_20260602_172448
restaurant:8785,HAS_ITEM,menu_item:276800,kg_20260602_172448
restaurant:8785,HAS_ITEM,menu_item:4038148,kg_20260602_172448
restaurant:8785,HAS_ITEM,menu_item:4038150,kg_20260602_172448
restaurant:8785,HAS_ITEM,menu_item:276795,kg_20260602_172448
restaurant:8785,HAS_ITEM,menu_item:276796,kg_20260602_172448
restaurant:8785,HAS_ITEM,menu_item:276797,kg_20260602_172448
restaurant:65884,HAS_ITEM,menu_item:4995410,kg_20260602_172448
restaurant:65884,HAS_ITEM,menu_item:4995411,kg_20260602_172448
restaurant:65884,HAS_ITEM,menu_item:4995412,kg_20260602_172448
restaurant:65884,HAS_ITEM,menu_item:4995414,kg_20260602_172448
restaurant:65884,HAS_ITEM,menu_item:4995415,kg_20260602_172448
restaurant:65884,HAS_ITEM,menu_item:4995416,kg_20260602_172448
restaurant:65884,HAS_ITEM,menu_item:4995417,kg_20260602_172448
restaurant:65884,HAS_ITEM,menu_item:4995418,kg_20260602_172448
restaurant:65884,HAS_ITEM,menu_item:4995419,kg_20260602_172448
restaurant:65884,HAS_ITEM,menu_item:4995420,kg_20260602_172448
restaurant:65884,HAS_ITEM,menu_item:4995421,kg_20260602_172448
restaurant:65884,HAS_ITEM,menu_item:4995422,kg_20260602_172448
restaurant:65884,HAS_ITEM,menu_item:4995423,kg_20260602_172448
restaurant:65884,HAS_ITEM,menu_item:4995424,kg_20260602_172448
restaurant:65884,HAS_ITEM,menu_item:4995425,kg_20260602_172448
restaurant:65884,HAS_ITEM,menu_item:7869543,kg_20260602_172448
restaurant:65884,HAS_ITEM,menu_item:4995426,kg_20260602_172448
restaurant:65884,HAS_ITEM,menu_item:4995427,kg_20260602_172448
restaurant:65884,HAS_ITEM,menu_item:4995428,kg_20260602_172448
restaurant:65884,HAS_ITEM,menu_item:4995429,kg_20260602_172448
restaurant:65884,HAS_ITEM,menu_item:4995430,kg_20260602_172448
restaurant:65884,HAS_ITEM,menu_item:4995431,kg_20260602_172448
restaurant:65884,HAS_ITEM,menu_item:4995432,kg_20260602_172448
restaurant:65884,HAS_ITEM,menu_item:4995433,kg_20260602_172448
restaurant:65884,HAS_ITEM,menu_item:4995434,kg_20260602_172448
restaurant:65884,HAS_ITEM,menu_item:4995435,kg_20260602_172448
restaurant:65884,HAS_ITEM,menu_item:4995436,kg_20260602_172448
restaurant:65884,HAS_ITEM,menu_item:4995437,kg_20260602_172448
restaurant:65884,HAS_ITEM,menu_item:4995443,kg_20260602_172448
restaurant:65884,HAS_ITEM,menu_item:4995444,kg_20260602_172448
restaurant:65884,HAS_ITEM,menu_item:4995445,kg_20260602_172448
restaurant:65884,HAS_ITEM,menu_item:4995446,kg_20260602_172448
restaurant:65884,HAS_ITEM,menu_item:4995447,kg_20260602_172448
restaurant:65884,HAS_ITEM,menu_item:4995448,kg_20260602_172448
restaurant:65884,HAS_ITEM,menu_item:4995449,kg_20260602_172448
restaurant:40716,HAS_ITEM,menu_item:2858035,kg_20260602_172448
restaurant:40716,HAS_ITEM,menu_item:2858037,kg_20260602_172448
restaurant:58523,HAS_ITEM,menu_item:4107569,kg_20260602_172448
restaurant:58523,HAS_ITEM,menu_item:11374520,kg_20260602_172448
restaurant:58523,HAS_ITEM,menu_item:11374528,kg_20260602_172448
restaurant:58523,HAS_ITEM,menu_item:11374536,kg_20260602_172448
restaurant:58523,HAS_ITEM,menu_item:11374540,kg_20260602_172448
restaurant:58523,HAS_ITEM,menu_item:11374571,kg_20260602_172448
restaurant:58523,HAS_ITEM,menu_item:4107573,kg_20260602_172448
restaurant:58523,HAS_ITEM,menu_item:4107574,kg_20260602_172448
restaurant:58523,HAS_ITEM,menu_item:4107577,kg_20260602_172448
restaurant:58523,HAS_ITEM,menu_item:4107579,kg_20260602_172448
restaurant:58523,HAS_ITEM,menu_item:4107581,kg_20260602_172448
restaurant:58523,HAS_ITEM,menu_item:4107582,kg_20260602_172448
restaurant:58523,HAS_ITEM,menu_item:4107584,kg_20260602_172448
restaurant:58523,HAS_ITEM,menu_item:4107585,kg_20260602_172448
restaurant:58523,HAS_ITEM,menu_item:4107588,kg_20260602_172448
restaurant:58523,HAS_ITEM,menu_item:4107589,kg_20260602_172448
restaurant:58523,HAS_ITEM,menu_item:4107590,kg_20260602_172448
restaurant:58523,HAS_ITEM,menu_item:4107593,kg_20260602_172448
restaurant:58523,HAS_ITEM,menu_item:4107595,kg_20260602_172448
restaurant:58523,HAS_ITEM,menu_item:4107597,kg_20260602_172448
restaurant:58523,HAS_ITEM,menu_item:4107600,kg_20260602_172448
restaurant:58523,HAS_ITEM,menu_item:4107602,kg_20260602_172448
restaurant:58523,HAS_ITEM,menu_item:4107603,kg_20260602_172448
restaurant:58523,HAS_ITEM,menu_item:4107604,kg_20260602_172448
restaurant:58523,HAS_ITEM,menu_item:4107606,kg_20260602_172448
restaurant:58523,HAS_ITEM,menu_item:4107608,kg_20260602_172448
restaurant:58523,HAS_ITEM,menu_item:4107610,kg_20260602_172448
restaurant:58523,HAS_ITEM,menu_item:4107614,kg_20260602_172448
restaurant:62280,HAS_ITEM,menu_item:4521984,kg_20260602_172448
restaurant:62280,HAS_ITEM,menu_item:4691220,kg_20260602_172448
restaurant:62280,HAS_ITEM,menu_item:6389106,kg_20260602_172448
restaurant:62280,HAS_ITEM,menu_item:10331123,kg_20260602_172448
restaurant:62280,HAS_ITEM,menu_item:10483471,kg_20260602_172448
restaurant:62280,HAS_ITEM,menu_item:11738268,kg_20260602_172448
restaurant:62280,HAS_ITEM,menu_item:11738270,kg_20260602_172448
restaurant:1279,HAS_ITEM,menu_item:27424,kg_20260602_172448
restaurant:1279,HAS_ITEM,menu_item:27440,kg_20260602_172448
restaurant:1279,HAS_ITEM,menu_item:27443,kg_20260602_172448
restaurant:1279,HAS_ITEM,menu_item:27447,kg_20260602_172448
restaurant:1279,HAS_ITEM,menu_item:27451,kg_20260602_172448
restaurant:1279,HAS_ITEM,menu_item:27461,kg_20260602_172448
restaurant:1279,HAS_ITEM,menu_item:27471,kg_20260602_172448
restaurant:1279,HAS_ITEM,menu_item:1043585,kg_20260602_172448
restaurant:1279,HAS_ITEM,menu_item:6945147,kg_20260602_172448
restaurant:32416,HAS_ITEM,menu_item:3920991,kg_20260602_172448
restaurant:32416,HAS_ITEM,menu_item:3920992,kg_20260602_172448
restaurant:32416,HAS_ITEM,menu_item:3920993,kg_20260602_172448
restaurant:32416,HAS_ITEM,menu_item:3920994,kg_20260602_172448
restaurant:32416,HAS_ITEM,menu_item:3920995,kg_20260602_172448
restaurant:32416,HAS_ITEM,menu_item:3920996,kg_20260602_172448
restaurant:32416,HAS_ITEM,menu_item:3920997,kg_20260602_172448
restaurant:32416,HAS_ITEM,menu_item:3920998,kg_20260602_172448
restaurant:32416,HAS_ITEM,menu_item:3920999,kg_20260602_172448
restaurant:32416,HAS_ITEM,menu_item:3921000,kg_20260602_172448
restaurant:32416,HAS_ITEM,menu_item:3921001,kg_20260602_172448
restaurant:32416,HAS_ITEM,menu_item:3921002,kg_20260602_172448
restaurant:32416,HAS_ITEM,menu_item:3921003,kg_20260602_172448
restaurant:32416,HAS_ITEM,menu_item:3921004,kg_20260602_172448
restaurant:32416,HAS_ITEM,menu_item:3921005,kg_20260602_172448
restaurant:32416,HAS_ITEM,menu_item:3921006,kg_20260602_172448
restaurant:39068,HAS_ITEM,menu_item:9380734,kg_20260602_172448
restaurant:39068,HAS_ITEM,menu_item:2671563,kg_20260602_172448
restaurant:39068,HAS_ITEM,menu_item:2671565,kg_20260602_172448
restaurant:39068,HAS_ITEM,menu_item:2671568,kg_20260602_172448
restaurant:39068,HAS_ITEM,menu_item:6508774,kg_20260602_172448
restaurant:39068,HAS_ITEM,menu_item:12123925,kg_20260602_172448
restaurant:39068,HAS_ITEM,menu_item:12123939,kg_20260602_172448
restaurant:39068,HAS_ITEM,menu_item:12123953,kg_20260602_172448
restaurant:39068,HAS_ITEM,menu_item:10271205,kg_20260602_172448
restaurant:39068,HAS_ITEM,menu_item:10317624,kg_20260602_172448
restaurant:39068,HAS_ITEM,menu_item:10317636,kg_20260602_172448
restaurant:39068,HAS_ITEM,menu_item:10626603,kg_20260602_172448
restaurant:39068,HAS_ITEM,menu_item:10783895,kg_20260602_172448
restaurant:39068,HAS_ITEM,menu_item:10783918,kg_20260602_172448
restaurant:39068,HAS_ITEM,menu_item:10819156,kg_20260602_172448
restaurant:39068,HAS_ITEM,menu_item:12190268,kg_20260602_172448
restaurant:39068,HAS_ITEM,menu_item:12190279,kg_20260602_172448
restaurant:39068,HAS_ITEM,menu_item:10670363,kg_20260602_172448
restaurant:39068,HAS_ITEM,menu_item:10670379,kg_20260602_172448
restaurant:39068,HAS_ITEM,menu_item:11781669,kg_20260602_172448
restaurant:39068,HAS_ITEM,menu_item:11781680,kg_20260602_172448
restaurant:39068,HAS_ITEM,menu_item:6508848,kg_20260602_172448
restaurant:39068,HAS_ITEM,menu_item:6508854,kg_20260602_172448
restaurant:39068,HAS_ITEM,menu_item:8944521,kg_20260602_172448
restaurant:84292,HAS_ITEM,menu_item:6609740,kg_20260602_172448
restaurant:84292,HAS_ITEM,menu_item:6609741,kg_20260602_172448
restaurant:84292,HAS_ITEM,menu_item:6609742,kg_20260602_172448
restaurant:32283,HAS_ITEM,menu_item:2169910,kg_20260602_172448
restaurant:32283,HAS_ITEM,menu_item:2169911,kg_20260602_172448
restaurant:32283,HAS_ITEM,menu_item:2169912,kg_20260602_172448
restaurant:4397,HAS_ITEM,menu_item:10533659,kg_20260602_172448
restaurant:4397,HAS_ITEM,menu_item:10548078,kg_20260602_172448
restaurant:4397,HAS_ITEM,menu_item:11073587,kg_20260602_172448
restaurant:4397,HAS_ITEM,menu_item:10281161,kg_20260602_172448
restaurant:4397,HAS_ITEM,menu_item:10281162,kg_20260602_172448
restaurant:4397,HAS_ITEM,menu_item:10281163,kg_20260602_172448
restaurant:4397,HAS_ITEM,menu_item:6437084,kg_20260602_172448
restaurant:4397,HAS_ITEM,menu_item:2242775,kg_20260602_172448
restaurant:4397,HAS_ITEM,menu_item:2242776,kg_20260602_172448
restaurant:4397,HAS_ITEM,menu_item:2242778,kg_20260602_172448
restaurant:4397,HAS_ITEM,menu_item:2242779,kg_20260602_172448
restaurant:4397,HAS_ITEM,menu_item:6227348,kg_20260602_172448
restaurant:4397,HAS_ITEM,menu_item:8116989,kg_20260602_172448
restaurant:4397,HAS_ITEM,menu_item:9361035,kg_20260602_172448
restaurant:4397,HAS_ITEM,menu_item:9361037,kg_20260602_172448
restaurant:4397,HAS_ITEM,menu_item:9361038,kg_20260602_172448
restaurant:4397,HAS_ITEM,menu_item:9361040,kg_20260602_172448
restaurant:4397,HAS_ITEM,menu_item:2242772,kg_20260602_172448
restaurant:4397,HAS_ITEM,menu_item:2242773,kg_20260602_172448
restaurant:4397,HAS_ITEM,menu_item:9361366,kg_20260602_172448
restaurant:4397,HAS_ITEM,menu_item:2242788,kg_20260602_172448
restaurant:4397,HAS_ITEM,menu_item:2242789,kg_20260602_172448
restaurant:4397,HAS_ITEM,menu_item:2242790,kg_20260602_172448
restaurant:4397,HAS_ITEM,menu_item:2242791,kg_20260602_172448
restaurant:4397,HAS_ITEM,menu_item:2242784,kg_20260602_172448
restaurant:4397,HAS_ITEM,menu_item:2242785,kg_20260602_172448
restaurant:4397,HAS_ITEM,menu_item:2242792,kg_20260602_172448
restaurant:4397,HAS_ITEM,menu_item:2242793,kg_20260602_172448
restaurant:4397,HAS_ITEM,menu_item:8019094,kg_20260602_172448
restaurant:4397,HAS_ITEM,menu_item:8019095,kg_20260602_172448
restaurant:4397,HAS_ITEM,menu_item:10281409,kg_20260602_172448
restaurant:4397,HAS_ITEM,menu_item:2242783,kg_20260602_172448
restaurant:4397,HAS_ITEM,menu_item:6227372,kg_20260602_172448
restaurant:4397,HAS_ITEM,menu_item:8019093,kg_20260602_172448
restaurant:4397,HAS_ITEM,menu_item:6589098,kg_20260602_172448
restaurant:4397,HAS_ITEM,menu_item:8022798,kg_20260602_172448
restaurant:4397,HAS_ITEM,menu_item:8116988,kg_20260602_172448
restaurant:7920,HAS_ITEM,menu_item:2668009,kg_20260602_172448
restaurant:7920,HAS_ITEM,menu_item:2668008,kg_20260602_172448
restaurant:7920,HAS_ITEM,menu_item:2668006,kg_20260602_172448
restaurant:7920,HAS_ITEM,menu_item:5741546,kg_20260602_172448
restaurant:7920,HAS_ITEM,menu_item:2668007,kg_20260602_172448
restaurant:7920,HAS_ITEM,menu_item:2668005,kg_20260602_172448
restaurant:7920,HAS_ITEM,menu_item:2668013,kg_20260602_172448
restaurant:7920,HAS_ITEM,menu_item:7090716,kg_20260602_172448
restaurant:7920,HAS_ITEM,menu_item:7019401,kg_20260602_172448
restaurant:7920,HAS_ITEM,menu_item:2668017,kg_20260602_172448
restaurant:7920,HAS_ITEM,menu_item:9852203,kg_20260602_172448
restaurant:7920,HAS_ITEM,menu_item:2668011,kg_20260602_172448
restaurant:7920,HAS_ITEM,menu_item:2668015,kg_20260602_172448
restaurant:7920,HAS_ITEM,menu_item:2668018,kg_20260602_172448
restaurant:7920,HAS_ITEM,menu_item:2668024,kg_20260602_172448
restaurant:61209,HAS_ITEM,menu_item:4391593,kg_20260602_172448
restaurant:61209,HAS_ITEM,menu_item:4391594,kg_20260602_172448
restaurant:61209,HAS_ITEM,menu_item:4391595,kg_20260602_172448
restaurant:61209,HAS_ITEM,menu_item:4391596,kg_20260602_172448
restaurant:61209,HAS_ITEM,menu_item:4391597,kg_20260602_172448
restaurant:76124,HAS_ITEM,menu_item:5983921,kg_20260602_172448
restaurant:76124,HAS_ITEM,menu_item:5983922,kg_20260602_172448
restaurant:76124,HAS_ITEM,menu_item:5983924,kg_20260602_172448
restaurant:76124,HAS_ITEM,menu_item:5983920,kg_20260602_172448
restaurant:76124,HAS_ITEM,menu_item:5983925,kg_20260602_172448
restaurant:76124,HAS_ITEM,menu_item:6613857,kg_20260602_172448
restaurant:76124,HAS_ITEM,menu_item:5986735,kg_20260602_172448
restaurant:76124,HAS_ITEM,menu_item:5986740,kg_20260602_172448
restaurant:76124,HAS_ITEM,menu_item:5986738,kg_20260602_172448
restaurant:76124,HAS_ITEM,menu_item:5986737,kg_20260602_172448
restaurant:10227,HAS_ITEM,menu_item:340323,kg_20260602_172448
restaurant:10227,HAS_ITEM,menu_item:340324,kg_20260602_172448
restaurant:10227,HAS_ITEM,menu_item:340325,kg_20260602_172448
restaurant:10227,HAS_ITEM,menu_item:340326,kg_20260602_172448
restaurant:10227,HAS_ITEM,menu_item:340328,kg_20260602_172448
restaurant:10227,HAS_ITEM,menu_item:340329,kg_20260602_172448
restaurant:10227,HAS_ITEM,menu_item:340330,kg_20260602_172448
restaurant:10227,HAS_ITEM,menu_item:340331,kg_20260602_172448
restaurant:10227,HAS_ITEM,menu_item:340332,kg_20260602_172448
restaurant:10227,HAS_ITEM,menu_item:340333,kg_20260602_172448
restaurant:10227,HAS_ITEM,menu_item:11466561,kg_20260602_172448
restaurant:2443,HAS_ITEM,menu_item:48695,kg_20260602_172448
restaurant:2443,HAS_ITEM,menu_item:48704,kg_20260602_172448
restaurant:2443,HAS_ITEM,menu_item:48706,kg_20260602_172448
restaurant:2443,HAS_ITEM,menu_item:48718,kg_20260602_172448
restaurant:2443,HAS_ITEM,menu_item:48722,kg_20260602_172448
restaurant:2443,HAS_ITEM,menu_item:48726,kg_20260602_172448
restaurant:2443,HAS_ITEM,menu_item:48731,kg_20260602_172448
restaurant:2443,HAS_ITEM,menu_item:48735,kg_20260602_172448
restaurant:116044,HAS_ITEM,menu_item:9766759,kg_20260602_172448
restaurant:116044,HAS_ITEM,menu_item:9766760,kg_20260602_172448
restaurant:116044,HAS_ITEM,menu_item:9766761,kg_20260602_172448
restaurant:116044,HAS_ITEM,menu_item:9766762,kg_20260602_172448
restaurant:116044,HAS_ITEM,menu_item:9766763,kg_20260602_172448
restaurant:116044,HAS_ITEM,menu_item:9766765,kg_20260602_172448
restaurant:41433,HAS_ITEM,menu_item:2904640,kg_20260602_172448
restaurant:41433,HAS_ITEM,menu_item:2904641,kg_20260602_172448
restaurant:41433,HAS_ITEM,menu_item:2904642,kg_20260602_172448
restaurant:41433,HAS_ITEM,menu_item:2904643,kg_20260602_172448
restaurant:41433,HAS_ITEM,menu_item:2904644,kg_20260602_172448
restaurant:41433,HAS_ITEM,menu_item:2904645,kg_20260602_172448
restaurant:41433,HAS_ITEM,menu_item:2904646,kg_20260602_172448
restaurant:41433,HAS_ITEM,menu_item:2904647,kg_20260602_172448
restaurant:16270,HAS_ITEM,menu_item:548617,kg_20260602_172448
restaurant:16270,HAS_ITEM,menu_item:548619,kg_20260602_172448
restaurant:16270,HAS_ITEM,menu_item:548620,kg_20260602_172448
restaurant:16270,HAS_ITEM,menu_item:548622,kg_20260602_172448
restaurant:16270,HAS_ITEM,menu_item:548623,kg_20260602_172448
restaurant:16270,HAS_ITEM,menu_item:548624,kg_20260602_172448
restaurant:16270,HAS_ITEM,menu_item:9623816,kg_20260602_172448
restaurant:96492,HAS_ITEM,menu_item:7573135,kg_20260602_172448
restaurant:96492,HAS_ITEM,menu_item:7573136,kg_20260602_172448
restaurant:96492,HAS_ITEM,menu_item:7573137,kg_20260602_172448
restaurant:96492,HAS_ITEM,menu_item:7573138,kg_20260602_172448
restaurant:96492,HAS_ITEM,menu_item:7573139,kg_20260602_172448
restaurant:96492,HAS_ITEM,menu_item:7573140,kg_20260602_172448
restaurant:99617,HAS_ITEM,menu_item:10182888,kg_20260602_172448
restaurant:99617,HAS_ITEM,menu_item:10182896,kg_20260602_172448
restaurant:99617,HAS_ITEM,menu_item:10182905,kg_20260602_172448
restaurant:99617,HAS_ITEM,menu_item:10188675,kg_20260602_172448
restaurant:99617,HAS_ITEM,menu_item:7824041,kg_20260602_172448
restaurant:99617,HAS_ITEM,menu_item:7824043,kg_20260602_172448
restaurant:99617,HAS_ITEM,menu_item:7824044,kg_20260602_172448
restaurant:99617,HAS_ITEM,menu_item:7824046,kg_20260602_172448
restaurant:99617,HAS_ITEM,menu_item:7824049,kg_20260602_172448
restaurant:99617,HAS_ITEM,menu_item:7824050,kg_20260602_172448
restaurant:99617,HAS_ITEM,menu_item:7824051,kg_20260602_172448
restaurant:99617,HAS_ITEM,menu_item:7824053,kg_20260602_172448
restaurant:99617,HAS_ITEM,menu_item:7824055,kg_20260602_172448
restaurant:99617,HAS_ITEM,menu_item:7824056,kg_20260602_172448
restaurant:99617,HAS_ITEM,menu_item:7824057,kg_20260602_172448
restaurant:99617,HAS_ITEM,menu_item:10188794,kg_20260602_172448
restaurant:99617,HAS_ITEM,menu_item:10182915,kg_20260602_172448
restaurant:99617,HAS_ITEM,menu_item:10182917,kg_20260602_172448
restaurant:128372,HAS_ITEM,menu_item:11237130,kg_20260602_172448
restaurant:128372,HAS_ITEM,menu_item:11237131,kg_20260602_172448
restaurant:128372,HAS_ITEM,menu_item:11237132,kg_20260602_172448
restaurant:10856,HAS_ITEM,menu_item:368779,kg_20260602_172448
restaurant:10856,HAS_ITEM,menu_item:368781,kg_20260602_172448
restaurant:10856,HAS_ITEM,menu_item:368783,kg_20260602_172448
restaurant:10856,HAS_ITEM,menu_item:368784,kg_20260602_172448
restaurant:10856,HAS_ITEM,menu_item:368786,kg_20260602_172448
restaurant:10856,HAS_ITEM,menu_item:368788,kg_20260602_172448
restaurant:10856,HAS_ITEM,menu_item:368790,kg_20260602_172448
restaurant:10856,HAS_ITEM,menu_item:368793,kg_20260602_172448
restaurant:10856,HAS_ITEM,menu_item:8149929,kg_20260602_172448
restaurant:10856,HAS_ITEM,menu_item:8149936,kg_20260602_172448
restaurant:134353,HAS_ITEM,menu_item:12060342,kg_20260602_172448
restaurant:134353,HAS_ITEM,menu_item:12060343,kg_20260602_172448
restaurant:134353,HAS_ITEM,menu_item:12060346,kg_20260602_172448
restaurant:32784,HAS_ITEM,menu_item:4116942,kg_20260602_172448
restaurant:32784,HAS_ITEM,menu_item:4116943,kg_20260602_172448
restaurant:32784,HAS_ITEM,menu_item:2205992,kg_20260602_172448
restaurant:32784,HAS_ITEM,menu_item:2205993,kg_20260602_172448
restaurant:32784,HAS_ITEM,menu_item:3469388,kg_20260602_172448
restaurant:32784,HAS_ITEM,menu_item:3469389,kg_20260602_172448
restaurant:32784,HAS_ITEM,menu_item:3469390,kg_20260602_172448
restaurant:32784,HAS_ITEM,menu_item:3469391,kg_20260602_172448
restaurant:32784,HAS_ITEM,menu_item:3469392,kg_20260602_172448
restaurant:32784,HAS_ITEM,menu_item:4033987,kg_20260602_172448
restaurant:32784,HAS_ITEM,menu_item:4033988,kg_20260602_172448
restaurant:95249,HAS_ITEM,menu_item:7487223,kg_20260602_172448
restaurant:95249,HAS_ITEM,menu_item:7487224,kg_20260602_172448
restaurant:95249,HAS_ITEM,menu_item:7487226,kg_20260602_172448
restaurant:95249,HAS_ITEM,menu_item:7487233,kg_20260602_172448
restaurant:95249,HAS_ITEM,menu_item:8670519,kg_20260602_172448
restaurant:95249,HAS_ITEM,menu_item:8670521,kg_20260602_172448
restaurant:95249,HAS_ITEM,menu_item:8670522,kg_20260602_172448
restaurant:95249,HAS_ITEM,menu_item:8670530,kg_20260602_172448
restaurant:95249,HAS_ITEM,menu_item:7487225,kg_20260602_172448
restaurant:95249,HAS_ITEM,menu_item:7487230,kg_20260602_172448
restaurant:95249,HAS_ITEM,menu_item:7487232,kg_20260602_172448
restaurant:95249,HAS_ITEM,menu_item:7487234,kg_20260602_172448
restaurant:95249,HAS_ITEM,menu_item:8670357,kg_20260602_172448
restaurant:95249,HAS_ITEM,menu_item:8670359,kg_20260602_172448
restaurant:95249,HAS_ITEM,menu_item:8670361,kg_20260602_172448
restaurant:95249,HAS_ITEM,menu_item:8670370,kg_20260602_172448
restaurant:95249,HAS_ITEM,menu_item:8670456,kg_20260602_172448
restaurant:95249,HAS_ITEM,menu_item:8670459,kg_20260602_172448
restaurant:95249,HAS_ITEM,menu_item:8670460,kg_20260602_172448
restaurant:95249,HAS_ITEM,menu_item:8670461,kg_20260602_172448
restaurant:95249,HAS_ITEM,menu_item:8670463,kg_20260602_172448
restaurant:95249,HAS_ITEM,menu_item:8670464,kg_20260602_172448
restaurant:95249,HAS_ITEM,menu_item:8670465,kg_20260602_172448
restaurant:116631,HAS_ITEM,menu_item:9838712,kg_20260602_172448
restaurant:116631,HAS_ITEM,menu_item:9838713,kg_20260602_172448
restaurant:116631,HAS_ITEM,menu_item:9838714,kg_20260602_172448
restaurant:116631,HAS_ITEM,menu_item:10134301,kg_20260602_172448
restaurant:116631,HAS_ITEM,menu_item:9838715,kg_20260602_172448
restaurant:116631,HAS_ITEM,menu_item:11248054,kg_20260602_172448
restaurant:116631,HAS_ITEM,menu_item:11248057,kg_20260602_172448
restaurant:116631,HAS_ITEM,menu_item:9838722,kg_20260602_172448
restaurant:116631,HAS_ITEM,menu_item:9838721,kg_20260602_172448
restaurant:116631,HAS_ITEM,menu_item:9838723,kg_20260602_172448
restaurant:116631,HAS_ITEM,menu_item:10134303,kg_20260602_172448
restaurant:116631,HAS_ITEM,menu_item:9838724,kg_20260602_172448
restaurant:116631,HAS_ITEM,menu_item:11248064,kg_20260602_172448
restaurant:116631,HAS_ITEM,menu_item:11248067,kg_20260602_172448
restaurant:116631,HAS_ITEM,menu_item:9838718,kg_20260602_172448
restaurant:116631,HAS_ITEM,menu_item:9838719,kg_20260602_172448
restaurant:116631,HAS_ITEM,menu_item:9838720,kg_20260602_172448
restaurant:116631,HAS_ITEM,menu_item:9838717,kg_20260602_172448
restaurant:116631,HAS_ITEM,menu_item:9838725,kg_20260602_172448
restaurant:116631,HAS_ITEM,menu_item:9838727,kg_20260602_172448
restaurant:116631,HAS_ITEM,menu_item:9838728,kg_20260602_172448
restaurant:122272,HAS_ITEM,menu_item:10485719,kg_20260602_172448
restaurant:122272,HAS_ITEM,menu_item:10485723,kg_20260602_172448
restaurant:122272,HAS_ITEM,menu_item:10485727,kg_20260602_172448
restaurant:122272,HAS_ITEM,menu_item:10485730,kg_20260602_172448
restaurant:122272,HAS_ITEM,menu_item:10485735,kg_20260602_172448
restaurant:122272,HAS_ITEM,menu_item:10485737,kg_20260602_172448
restaurant:122272,HAS_ITEM,menu_item:10485741,kg_20260602_172448
restaurant:122272,HAS_ITEM,menu_item:10485750,kg_20260602_172448
restaurant:122272,HAS_ITEM,menu_item:10485752,kg_20260602_172448
restaurant:122272,HAS_ITEM,menu_item:10485754,kg_20260602_172448
restaurant:122272,HAS_ITEM,menu_item:10485756,kg_20260602_172448
restaurant:26075,HAS_ITEM,menu_item:876288,kg_20260602_172448
restaurant:26075,HAS_ITEM,menu_item:876289,kg_20260602_172448
restaurant:26075,HAS_ITEM,menu_item:876290,kg_20260602_172448
restaurant:26075,HAS_ITEM,menu_item:876291,kg_20260602_172448
restaurant:26075,HAS_ITEM,menu_item:876292,kg_20260602_172448
restaurant:26075,HAS_ITEM,menu_item:876293,kg_20260602_172448
restaurant:26075,HAS_ITEM,menu_item:876294,kg_20260602_172448
restaurant:26075,HAS_ITEM,menu_item:876295,kg_20260602_172448
restaurant:26075,HAS_ITEM,menu_item:876296,kg_20260602_172448
restaurant:26075,HAS_ITEM,menu_item:876297,kg_20260602_172448
restaurant:26075,HAS_ITEM,menu_item:876298,kg_20260602_172448
restaurant:26075,HAS_ITEM,menu_item:996310,kg_20260602_172448
restaurant:26075,HAS_ITEM,menu_item:1948765,kg_20260602_172448
restaurant:26075,HAS_ITEM,menu_item:1948767,kg_20260602_172448
restaurant:26075,HAS_ITEM,menu_item:1948768,kg_20260602_172448
restaurant:26075,HAS_ITEM,menu_item:1948769,kg_20260602_172448
restaurant:26075,HAS_ITEM,menu_item:2135850,kg_20260602_172448
restaurant:26075,HAS_ITEM,menu_item:2207056,kg_20260602_172448
restaurant:26075,HAS_ITEM,menu_item:2207059,kg_20260602_172448
restaurant:26075,HAS_ITEM,menu_item:7437953,kg_20260602_172448
restaurant:26075,HAS_ITEM,menu_item:9419692,kg_20260602_172448
restaurant:26075,HAS_ITEM,menu_item:11476481,kg_20260602_172448
restaurant:26075,HAS_ITEM,menu_item:11476482,kg_20260602_172448
restaurant:26075,HAS_ITEM,menu_item:876303,kg_20260602_172448
restaurant:26075,HAS_ITEM,menu_item:876306,kg_20260602_172448
restaurant:26075,HAS_ITEM,menu_item:876307,kg_20260602_172448
restaurant:26075,HAS_ITEM,menu_item:876309,kg_20260602_172448
restaurant:26075,HAS_ITEM,menu_item:876310,kg_20260602_172448
restaurant:26075,HAS_ITEM,menu_item:2135852,kg_20260602_172448
restaurant:26075,HAS_ITEM,menu_item:4594509,kg_20260602_172448
restaurant:26075,HAS_ITEM,menu_item:5845619,kg_20260602_172448
restaurant:26075,HAS_ITEM,menu_item:3990153,kg_20260602_172448
restaurant:26075,HAS_ITEM,menu_item:6088651,kg_20260602_172448
restaurant:26075,HAS_ITEM,menu_item:11476480,kg_20260602_172448
restaurant:119585,HAS_ITEM,menu_item:10171396,kg_20260602_172448
restaurant:119585,HAS_ITEM,menu_item:10171397,kg_20260602_172448
restaurant:119585,HAS_ITEM,menu_item:10171398,kg_20260602_172448
restaurant:119585,HAS_ITEM,menu_item:10171399,kg_20260602_172448
restaurant:119585,HAS_ITEM,menu_item:10171400,kg_20260602_172448
restaurant:119585,HAS_ITEM,menu_item:10171401,kg_20260602_172448
restaurant:119585,HAS_ITEM,menu_item:10171402,kg_20260602_172448
restaurant:119585,HAS_ITEM,menu_item:10171403,kg_20260602_172448
restaurant:119585,HAS_ITEM,menu_item:10171404,kg_20260602_172448
restaurant:119585,HAS_ITEM,menu_item:10171405,kg_20260602_172448
restaurant:119585,HAS_ITEM,menu_item:10171406,kg_20260602_172448
restaurant:119585,HAS_ITEM,menu_item:10171407,kg_20260602_172448
restaurant:119585,HAS_ITEM,menu_item:10171409,kg_20260602_172448
restaurant:119585,HAS_ITEM,menu_item:10171410,kg_20260602_172448
restaurant:20058,HAS_ITEM,menu_item:7652938,kg_20260602_172448
restaurant:20058,HAS_ITEM,menu_item:7653019,kg_20260602_172448
restaurant:20058,HAS_ITEM,menu_item:7652936,kg_20260602_172448
restaurant:20058,HAS_ITEM,menu_item:7652937,kg_20260602_172448
restaurant:20058,HAS_ITEM,menu_item:10436407,kg_20260602_172448
restaurant:20058,HAS_ITEM,menu_item:10481158,kg_20260602_172448
restaurant:20058,HAS_ITEM,menu_item:7651667,kg_20260602_172448
restaurant:20058,HAS_ITEM,menu_item:7586659,kg_20260602_172448
restaurant:20058,HAS_ITEM,menu_item:7651666,kg_20260602_172448
restaurant:20058,HAS_ITEM,menu_item:7586660,kg_20260602_172448
restaurant:20058,HAS_ITEM,menu_item:7651671,kg_20260602_172448
restaurant:20058,HAS_ITEM,menu_item:7651670,kg_20260602_172448
restaurant:20058,HAS_ITEM,menu_item:7651669,kg_20260602_172448
restaurant:20058,HAS_ITEM,menu_item:7651668,kg_20260602_172448
restaurant:20058,HAS_ITEM,menu_item:7654256,kg_20260602_172448
restaurant:20058,HAS_ITEM,menu_item:7654305,kg_20260602_172448
restaurant:20058,HAS_ITEM,menu_item:11909292,kg_20260602_172448
restaurant:20058,HAS_ITEM,menu_item:11909352,kg_20260602_172448
restaurant:20058,HAS_ITEM,menu_item:11909369,kg_20260602_172448
restaurant:20058,HAS_ITEM,menu_item:11909396,kg_20260602_172448
restaurant:20058,HAS_ITEM,menu_item:7655230,kg_20260602_172448
restaurant:20058,HAS_ITEM,menu_item:10131534,kg_20260602_172448
restaurant:20058,HAS_ITEM,menu_item:10436399,kg_20260602_172448
restaurant:20058,HAS_ITEM,menu_item:10436341,kg_20260602_172448
restaurant:20058,HAS_ITEM,menu_item:10436346,kg_20260602_172448
restaurant:20058,HAS_ITEM,menu_item:10436429,kg_20260602_172448
restaurant:20058,HAS_ITEM,menu_item:10436431,kg_20260602_172448
restaurant:20058,HAS_ITEM,menu_item:10131482,kg_20260602_172448
restaurant:20058,HAS_ITEM,menu_item:7655698,kg_20260602_172448
restaurant:20058,HAS_ITEM,menu_item:9224337,kg_20260602_172448
restaurant:20000,HAS_ITEM,menu_item:4867387,kg_20260602_172448
restaurant:20000,HAS_ITEM,menu_item:4867388,kg_20260602_172448
restaurant:20000,HAS_ITEM,menu_item:4867389,kg_20260602_172448
restaurant:20000,HAS_ITEM,menu_item:4867390,kg_20260602_172448
restaurant:76892,HAS_ITEM,menu_item:6406136,kg_20260602_172448
restaurant:76892,HAS_ITEM,menu_item:6406148,kg_20260602_172448
restaurant:76892,HAS_ITEM,menu_item:6406165,kg_20260602_172448
restaurant:76892,HAS_ITEM,menu_item:6037324,kg_20260602_172448
restaurant:76892,HAS_ITEM,menu_item:6037325,kg_20260602_172448
restaurant:76892,HAS_ITEM,menu_item:6037326,kg_20260602_172448
restaurant:76892,HAS_ITEM,menu_item:6037338,kg_20260602_172448
restaurant:76892,HAS_ITEM,menu_item:8070975,kg_20260602_172448
restaurant:76892,HAS_ITEM,menu_item:6037339,kg_20260602_172448
restaurant:76892,HAS_ITEM,menu_item:6037340,kg_20260602_172448
restaurant:76892,HAS_ITEM,menu_item:6037341,kg_20260602_172448
restaurant:76892,HAS_ITEM,menu_item:6037342,kg_20260602_172448
restaurant:76892,HAS_ITEM,menu_item:6037343,kg_20260602_172448
restaurant:76892,HAS_ITEM,menu_item:6037344,kg_20260602_172448
restaurant:76892,HAS_ITEM,menu_item:6037345,kg_20260602_172448
restaurant:76892,HAS_ITEM,menu_item:6037346,kg_20260602_172448
restaurant:76892,HAS_ITEM,menu_item:6037347,kg_20260602_172448
restaurant:76892,HAS_ITEM,menu_item:7119568,kg_20260602_172448
restaurant:76892,HAS_ITEM,menu_item:8326343,kg_20260602_172448
restaurant:76892,HAS_ITEM,menu_item:8326357,kg_20260602_172448
restaurant:76892,HAS_ITEM,menu_item:8326373,kg_20260602_172448
restaurant:76892,HAS_ITEM,menu_item:6037357,kg_20260602_172448
restaurant:76892,HAS_ITEM,menu_item:6037358,kg_20260602_172448
restaurant:76892,HAS_ITEM,menu_item:9219909,kg_20260602_172448
restaurant:76892,HAS_ITEM,menu_item:9219917,kg_20260602_172448
restaurant:76892,HAS_ITEM,menu_item:9219924,kg_20260602_172448
restaurant:76892,HAS_ITEM,menu_item:6037361,kg_20260602_172448
restaurant:76892,HAS_ITEM,menu_item:6037369,kg_20260602_172448
restaurant:76892,HAS_ITEM,menu_item:6037370,kg_20260602_172448
restaurant:76892,HAS_ITEM,menu_item:6037371,kg_20260602_172448
restaurant:76892,HAS_ITEM,menu_item:6037372,kg_20260602_172448
restaurant:68175,HAS_ITEM,menu_item:5202115,kg_20260602_172448
restaurant:68175,HAS_ITEM,menu_item:5202116,kg_20260602_172448
restaurant:68175,HAS_ITEM,menu_item:5202117,kg_20260602_172448
restaurant:68175,HAS_ITEM,menu_item:5202118,kg_20260602_172448
restaurant:68175,HAS_ITEM,menu_item:5202119,kg_20260602_172448
restaurant:68175,HAS_ITEM,menu_item:5202120,kg_20260602_172448
restaurant:68175,HAS_ITEM,menu_item:5202121,kg_20260602_172448
restaurant:68175,HAS_ITEM,menu_item:5202122,kg_20260602_172448
restaurant:68175,HAS_ITEM,menu_item:5202123,kg_20260602_172448
restaurant:68175,HAS_ITEM,menu_item:5202124,kg_20260602_172448
restaurant:68175,HAS_ITEM,menu_item:5202125,kg_20260602_172448
restaurant:68175,HAS_ITEM,menu_item:5202126,kg_20260602_172448
restaurant:68175,HAS_ITEM,menu_item:5202127,kg_20260602_172448
restaurant:68175,HAS_ITEM,menu_item:5223192,kg_20260602_172448
restaurant:68175,HAS_ITEM,menu_item:5223194,kg_20260602_172448
restaurant:68175,HAS_ITEM,menu_item:5231848,kg_20260602_172448
restaurant:68175,HAS_ITEM,menu_item:5276947,kg_20260602_172448
restaurant:68175,HAS_ITEM,menu_item:5438993,kg_20260602_172448
restaurant:68175,HAS_ITEM,menu_item:11574641,kg_20260602_172448
restaurant:8868,HAS_ITEM,menu_item:1016490,kg_20260602_172448
restaurant:8868,HAS_ITEM,menu_item:1016494,kg_20260602_172448
restaurant:8868,HAS_ITEM,menu_item:1016548,kg_20260602_172448
restaurant:8868,HAS_ITEM,menu_item:2149384,kg_20260602_172448
restaurant:8868,HAS_ITEM,menu_item:5496956,kg_20260602_172448
restaurant:8868,HAS_ITEM,menu_item:5496962,kg_20260602_172448
restaurant:8868,HAS_ITEM,menu_item:5496966,kg_20260602_172448
restaurant:8868,HAS_ITEM,menu_item:5496968,kg_20260602_172448
restaurant:8868,HAS_ITEM,menu_item:5497529,kg_20260602_172448
restaurant:8868,HAS_ITEM,menu_item:5497530,kg_20260602_172448
restaurant:8868,HAS_ITEM,menu_item:5497532,kg_20260602_172448
restaurant:8868,HAS_ITEM,menu_item:5497534,kg_20260602_172448
restaurant:8868,HAS_ITEM,menu_item:5497536,kg_20260602_172448
restaurant:8868,HAS_ITEM,menu_item:10410092,kg_20260602_172448
restaurant:8868,HAS_ITEM,menu_item:10845574,kg_20260602_172448
restaurant:8868,HAS_ITEM,menu_item:10845580,kg_20260602_172448
restaurant:8868,HAS_ITEM,menu_item:10845588,kg_20260602_172448
restaurant:8868,HAS_ITEM,menu_item:10845593,kg_20260602_172448
restaurant:8868,HAS_ITEM,menu_item:10845602,kg_20260602_172448
restaurant:8868,HAS_ITEM,menu_item:10845878,kg_20260602_172448
restaurant:8868,HAS_ITEM,menu_item:10845882,kg_20260602_172448
restaurant:8868,HAS_ITEM,menu_item:10845886,kg_20260602_172448
restaurant:8868,HAS_ITEM,menu_item:10845890,kg_20260602_172448
restaurant:8868,HAS_ITEM,menu_item:10845896,kg_20260602_172448
restaurant:8868,HAS_ITEM,menu_item:881818,kg_20260602_172448
restaurant:8868,HAS_ITEM,menu_item:9113549,kg_20260602_172448
restaurant:8868,HAS_ITEM,menu_item:9113550,kg_20260602_172448
restaurant:8868,HAS_ITEM,menu_item:9113551,kg_20260602_172448
restaurant:8868,HAS_ITEM,menu_item:9113552,kg_20260602_172448
restaurant:8868,HAS_ITEM,menu_item:9113554,kg_20260602_172448
restaurant:8868,HAS_ITEM,menu_item:9128144,kg_20260602_172448
restaurant:8868,HAS_ITEM,menu_item:10409106,kg_20260602_172448
restaurant:8868,HAS_ITEM,menu_item:10412988,kg_20260602_172448
restaurant:8868,HAS_ITEM,menu_item:10412994,kg_20260602_172448
restaurant:130788,HAS_ITEM,menu_item:11629556,kg_20260602_172448
restaurant:130788,HAS_ITEM,menu_item:11629557,kg_20260602_172448
restaurant:130788,HAS_ITEM,menu_item:11629558,kg_20260602_172448
restaurant:130788,HAS_ITEM,menu_item:11629559,kg_20260602_172448
restaurant:130788,HAS_ITEM,menu_item:11629560,kg_20260602_172448
restaurant:130788,HAS_ITEM,menu_item:11629561,kg_20260602_172448
restaurant:130031,HAS_ITEM,menu_item:11532538,kg_20260602_172448
restaurant:130031,HAS_ITEM,menu_item:11537517,kg_20260602_172448
restaurant:130031,HAS_ITEM,menu_item:11538982,kg_20260602_172448
restaurant:130031,HAS_ITEM,menu_item:11538983,kg_20260602_172448
restaurant:130031,HAS_ITEM,menu_item:11538984,kg_20260602_172448
restaurant:130031,HAS_ITEM,menu_item:11538985,kg_20260602_172448
restaurant:130031,HAS_ITEM,menu_item:11625877,kg_20260602_172448
restaurant:130031,HAS_ITEM,menu_item:11625879,kg_20260602_172448
restaurant:24720,HAS_ITEM,menu_item:4851412,kg_20260602_172448
restaurant:24720,HAS_ITEM,menu_item:4851414,kg_20260602_172448
restaurant:24720,HAS_ITEM,menu_item:4851415,kg_20260602_172448
restaurant:24720,HAS_ITEM,menu_item:4851416,kg_20260602_172448
restaurant:24720,HAS_ITEM,menu_item:4851418,kg_20260602_172448
restaurant:24720,HAS_ITEM,menu_item:4851419,kg_20260602_172448
restaurant:24720,HAS_ITEM,menu_item:4851425,kg_20260602_172448
restaurant:24720,HAS_ITEM,menu_item:4851426,kg_20260602_172448
restaurant:24720,HAS_ITEM,menu_item:4851427,kg_20260602_172448
restaurant:24720,HAS_ITEM,menu_item:4851428,kg_20260602_172448
restaurant:24720,HAS_ITEM,menu_item:4851434,kg_20260602_172448
restaurant:24720,HAS_ITEM,menu_item:4851435,kg_20260602_172448
restaurant:57665,HAS_ITEM,menu_item:4053683,kg_20260602_172448
restaurant:57665,HAS_ITEM,menu_item:4106353,kg_20260602_172448
restaurant:57665,HAS_ITEM,menu_item:4106469,kg_20260602_172448
restaurant:57665,HAS_ITEM,menu_item:4106470,kg_20260602_172448
restaurant:57665,HAS_ITEM,menu_item:4106471,kg_20260602_172448
restaurant:57665,HAS_ITEM,menu_item:4106472,kg_20260602_172448
restaurant:57665,HAS_ITEM,menu_item:4106473,kg_20260602_172448
restaurant:57665,HAS_ITEM,menu_item:4106474,kg_20260602_172448
restaurant:57665,HAS_ITEM,menu_item:4106475,kg_20260602_172448
restaurant:57665,HAS_ITEM,menu_item:4106476,kg_20260602_172448
restaurant:57665,HAS_ITEM,menu_item:4106477,kg_20260602_172448
restaurant:57665,HAS_ITEM,menu_item:4106478,kg_20260602_172448
restaurant:57665,HAS_ITEM,menu_item:4106479,kg_20260602_172448
restaurant:11020,HAS_ITEM,menu_item:11918004,kg_20260602_172448
restaurant:11020,HAS_ITEM,menu_item:375388,kg_20260602_172448
restaurant:11020,HAS_ITEM,menu_item:375389,kg_20260602_172448
restaurant:11020,HAS_ITEM,menu_item:375390,kg_20260602_172448
restaurant:11020,HAS_ITEM,menu_item:375391,kg_20260602_172448
restaurant:11020,HAS_ITEM,menu_item:375392,kg_20260602_172448
restaurant:11020,HAS_ITEM,menu_item:375394,kg_20260602_172448
restaurant:11020,HAS_ITEM,menu_item:9767083,kg_20260602_172448
restaurant:11020,HAS_ITEM,menu_item:375395,kg_20260602_172448
restaurant:11020,HAS_ITEM,menu_item:375396,kg_20260602_172448
restaurant:11020,HAS_ITEM,menu_item:375397,kg_20260602_172448
restaurant:11020,HAS_ITEM,menu_item:375399,kg_20260602_172448
restaurant:103124,HAS_ITEM,menu_item:8462053,kg_20260602_172448
restaurant:103124,HAS_ITEM,menu_item:8462057,kg_20260602_172448
restaurant:103124,HAS_ITEM,menu_item:8462419,kg_20260602_172448
restaurant:103124,HAS_ITEM,menu_item:8311284,kg_20260602_172448
restaurant:103124,HAS_ITEM,menu_item:8338093,kg_20260602_172448
restaurant:103124,HAS_ITEM,menu_item:8338150,kg_20260602_172448
restaurant:103124,HAS_ITEM,menu_item:8338151,kg_20260602_172448
restaurant:103124,HAS_ITEM,menu_item:8338152,kg_20260602_172448
restaurant:103124,HAS_ITEM,menu_item:8338154,kg_20260602_172448
restaurant:103124,HAS_ITEM,menu_item:8338155,kg_20260602_172448
restaurant:103124,HAS_ITEM,menu_item:8338156,kg_20260602_172448
restaurant:103124,HAS_ITEM,menu_item:8338157,kg_20260602_172448
restaurant:103124,HAS_ITEM,menu_item:8338166,kg_20260602_172448
restaurant:103124,HAS_ITEM,menu_item:8565059,kg_20260602_172448
restaurant:103124,HAS_ITEM,menu_item:8462060,kg_20260602_172448
restaurant:103124,HAS_ITEM,menu_item:8462062,kg_20260602_172448
restaurant:103124,HAS_ITEM,menu_item:8462063,kg_20260602_172448
restaurant:103124,HAS_ITEM,menu_item:8462064,kg_20260602_172448
restaurant:126401,HAS_ITEM,menu_item:11006210,kg_20260602_172448
restaurant:126401,HAS_ITEM,menu_item:11006248,kg_20260602_172448
restaurant:126401,HAS_ITEM,menu_item:11190362,kg_20260602_172448
restaurant:126401,HAS_ITEM,menu_item:11468065,kg_20260602_172448
restaurant:126401,HAS_ITEM,menu_item:11468067,kg_20260602_172448
restaurant:126401,HAS_ITEM,menu_item:12175053,kg_20260602_172448
restaurant:126401,HAS_ITEM,menu_item:10951733,kg_20260602_172448
restaurant:126401,HAS_ITEM,menu_item:10951736,kg_20260602_172448
restaurant:126401,HAS_ITEM,menu_item:12173421,kg_20260602_172448
restaurant:126401,HAS_ITEM,menu_item:11006373,kg_20260602_172448
restaurant:126401,HAS_ITEM,menu_item:11024205,kg_20260602_172448
restaurant:126401,HAS_ITEM,menu_item:12174753,kg_20260602_172448
restaurant:126401,HAS_ITEM,menu_item:10951737,kg_20260602_172448
restaurant:126401,HAS_ITEM,menu_item:11006358,kg_20260602_172448
restaurant:126401,HAS_ITEM,menu_item:12174973,kg_20260602_172448
restaurant:126401,HAS_ITEM,menu_item:10951756,kg_20260602_172448
restaurant:126401,HAS_ITEM,menu_item:11024385,kg_20260602_172448
restaurant:126401,HAS_ITEM,menu_item:12174869,kg_20260602_172448
restaurant:126401,HAS_ITEM,menu_item:10951735,kg_20260602_172448
restaurant:126401,HAS_ITEM,menu_item:11006420,kg_20260602_172448
restaurant:126401,HAS_ITEM,menu_item:12174820,kg_20260602_172448
restaurant:126401,HAS_ITEM,menu_item:10951741,kg_20260602_172448
restaurant:126401,HAS_ITEM,menu_item:10951742,kg_20260602_172448
restaurant:126401,HAS_ITEM,menu_item:10951743,kg_20260602_172448
restaurant:126401,HAS_ITEM,menu_item:10951745,kg_20260602_172448
restaurant:126401,HAS_ITEM,menu_item:11024245,kg_20260602_172448
restaurant:126401,HAS_ITEM,menu_item:11070333,kg_20260602_172448
restaurant:126401,HAS_ITEM,menu_item:11112325,kg_20260602_172448
restaurant:126401,HAS_ITEM,menu_item:11112356,kg_20260602_172448
restaurant:126401,HAS_ITEM,menu_item:11268598,kg_20260602_172448
restaurant:126401,HAS_ITEM,menu_item:11268704,kg_20260602_172448
restaurant:126401,HAS_ITEM,menu_item:10951761,kg_20260602_172448
restaurant:126401,HAS_ITEM,menu_item:10951762,kg_20260602_172448
restaurant:126401,HAS_ITEM,menu_item:12174891,kg_20260602_172448
restaurant:126401,HAS_ITEM,menu_item:12174900,kg_20260602_172448
restaurant:126401,HAS_ITEM,menu_item:12174909,kg_20260602_172448
restaurant:36157,HAS_ITEM,menu_item:2453327,kg_20260602_172448
restaurant:36157,HAS_ITEM,menu_item:2453328,kg_20260602_172448
restaurant:36157,HAS_ITEM,menu_item:2453329,kg_20260602_172448
restaurant:36157,HAS_ITEM,menu_item:2453330,kg_20260602_172448
restaurant:36157,HAS_ITEM,menu_item:2453331,kg_20260602_172448
restaurant:36157,HAS_ITEM,menu_item:2453332,kg_20260602_172448
restaurant:36157,HAS_ITEM,menu_item:2453333,kg_20260602_172448
restaurant:36157,HAS_ITEM,menu_item:2453334,kg_20260602_172448
restaurant:9929,HAS_ITEM,menu_item:11741892,kg_20260602_172448
restaurant:9929,HAS_ITEM,menu_item:11741893,kg_20260602_172448
restaurant:9929,HAS_ITEM,menu_item:11741894,kg_20260602_172448
restaurant:9929,HAS_ITEM,menu_item:2640118,kg_20260602_172448
restaurant:9929,HAS_ITEM,menu_item:2640119,kg_20260602_172448
restaurant:9929,HAS_ITEM,menu_item:2640120,kg_20260602_172448
restaurant:9929,HAS_ITEM,menu_item:2640125,kg_20260602_172448
restaurant:9929,HAS_ITEM,menu_item:2640126,kg_20260602_172448
restaurant:9929,HAS_ITEM,menu_item:2640171,kg_20260602_172448
restaurant:9929,HAS_ITEM,menu_item:7225351,kg_20260602_172448
restaurant:9929,HAS_ITEM,menu_item:9612627,kg_20260602_172448
restaurant:9929,HAS_ITEM,menu_item:330421,kg_20260602_172448
restaurant:9929,HAS_ITEM,menu_item:330424,kg_20260602_172448
restaurant:9929,HAS_ITEM,menu_item:330494,kg_20260602_172448
restaurant:9929,HAS_ITEM,menu_item:1967021,kg_20260602_172448
restaurant:9929,HAS_ITEM,menu_item:1967037,kg_20260602_172448
restaurant:9929,HAS_ITEM,menu_item:1967043,kg_20260602_172448
restaurant:9929,HAS_ITEM,menu_item:330532,kg_20260602_172448
restaurant:9929,HAS_ITEM,menu_item:330550,kg_20260602_172448
restaurant:9929,HAS_ITEM,menu_item:330555,kg_20260602_172448
restaurant:9929,HAS_ITEM,menu_item:2640173,kg_20260602_172448
restaurant:9929,HAS_ITEM,menu_item:2640175,kg_20260602_172448
restaurant:9929,HAS_ITEM,menu_item:330564,kg_20260602_172448
restaurant:9929,HAS_ITEM,menu_item:5254022,kg_20260602_172448
restaurant:9929,HAS_ITEM,menu_item:5254023,kg_20260602_172448
restaurant:9929,HAS_ITEM,menu_item:5254024,kg_20260602_172448
restaurant:73467,HAS_ITEM,menu_item:5874837,kg_20260602_172448
restaurant:73467,HAS_ITEM,menu_item:5874838,kg_20260602_172448
restaurant:73467,HAS_ITEM,menu_item:5874840,kg_20260602_172448
restaurant:73467,HAS_ITEM,menu_item:5874841,kg_20260602_172448
restaurant:73467,HAS_ITEM,menu_item:5874843,kg_20260602_172448
restaurant:73467,HAS_ITEM,menu_item:5874844,kg_20260602_172448
restaurant:73467,HAS_ITEM,menu_item:5874846,kg_20260602_172448
restaurant:73467,HAS_ITEM,menu_item:5874847,kg_20260602_172448
restaurant:73467,HAS_ITEM,menu_item:9555042,kg_20260602_172448
restaurant:73467,HAS_ITEM,menu_item:5874855,kg_20260602_172448
restaurant:73467,HAS_ITEM,menu_item:5874856,kg_20260602_172448
restaurant:73467,HAS_ITEM,menu_item:5874860,kg_20260602_172448
restaurant:73467,HAS_ITEM,menu_item:5874863,kg_20260602_172448
restaurant:73467,HAS_ITEM,menu_item:5874864,kg_20260602_172448
restaurant:73467,HAS_ITEM,menu_item:5874867,kg_20260602_172448
restaurant:73467,HAS_ITEM,menu_item:5874868,kg_20260602_172448
restaurant:73467,HAS_ITEM,menu_item:9268161,kg_20260602_172448
restaurant:73467,HAS_ITEM,menu_item:9449664,kg_20260602_172448
restaurant:73467,HAS_ITEM,menu_item:9837070,kg_20260602_172448
restaurant:73467,HAS_ITEM,menu_item:5874878,kg_20260602_172448
restaurant:73467,HAS_ITEM,menu_item:5874880,kg_20260602_172448
restaurant:73467,HAS_ITEM,menu_item:9268155,kg_20260602_172448
restaurant:73467,HAS_ITEM,menu_item:11985986,kg_20260602_172448
restaurant:73467,HAS_ITEM,menu_item:5874882,kg_20260602_172448
restaurant:73467,HAS_ITEM,menu_item:5874883,kg_20260602_172448
restaurant:73467,HAS_ITEM,menu_item:5874885,kg_20260602_172448
restaurant:73467,HAS_ITEM,menu_item:5874887,kg_20260602_172448
restaurant:73467,HAS_ITEM,menu_item:5874890,kg_20260602_172448
restaurant:73467,HAS_ITEM,menu_item:5874893,kg_20260602_172448
restaurant:73467,HAS_ITEM,menu_item:5874894,kg_20260602_172448
restaurant:31750,HAS_ITEM,menu_item:6623572,kg_20260602_172448
restaurant:31750,HAS_ITEM,menu_item:6623931,kg_20260602_172448
restaurant:31750,HAS_ITEM,menu_item:6623932,kg_20260602_172448
restaurant:31750,HAS_ITEM,menu_item:6627163,kg_20260602_172448
restaurant:31750,HAS_ITEM,menu_item:6627164,kg_20260602_172448
restaurant:31750,HAS_ITEM,menu_item:6627165,kg_20260602_172448
restaurant:31750,HAS_ITEM,menu_item:6627168,kg_20260602_172448
restaurant:31750,HAS_ITEM,menu_item:7779584,kg_20260602_172448
restaurant:31750,HAS_ITEM,menu_item:7897367,kg_20260602_172448
restaurant:109048,HAS_ITEM,menu_item:9055683,kg_20260602_172448
restaurant:109048,HAS_ITEM,menu_item:9055682,kg_20260602_172448
restaurant:109048,HAS_ITEM,menu_item:9055688,kg_20260602_172448
restaurant:109048,HAS_ITEM,menu_item:9055691,kg_20260602_172448
restaurant:109048,HAS_ITEM,menu_item:9055693,kg_20260602_172448
restaurant:109048,HAS_ITEM,menu_item:9057469,kg_20260602_172448
restaurant:109048,HAS_ITEM,menu_item:9057470,kg_20260602_172448
restaurant:109048,HAS_ITEM,menu_item:9057471,kg_20260602_172448
restaurant:109048,HAS_ITEM,menu_item:9057472,kg_20260602_172448
restaurant:109048,HAS_ITEM,menu_item:9057474,kg_20260602_172448
restaurant:109048,HAS_ITEM,menu_item:9057492,kg_20260602_172448
restaurant:109048,HAS_ITEM,menu_item:9057500,kg_20260602_172448
restaurant:109048,HAS_ITEM,menu_item:9057501,kg_20260602_172448
restaurant:109048,HAS_ITEM,menu_item:9057502,kg_20260602_172448
restaurant:109048,HAS_ITEM,menu_item:9057505,kg_20260602_172448
restaurant:109048,HAS_ITEM,menu_item:9057520,kg_20260602_172448
restaurant:109048,HAS_ITEM,menu_item:9057521,kg_20260602_172448
restaurant:109048,HAS_ITEM,menu_item:9057522,kg_20260602_172448
restaurant:109048,HAS_ITEM,menu_item:9057523,kg_20260602_172448
restaurant:109048,HAS_ITEM,menu_item:9057524,kg_20260602_172448
restaurant:109048,HAS_ITEM,menu_item:9057584,kg_20260602_172448
restaurant:109048,HAS_ITEM,menu_item:9057586,kg_20260602_172448
restaurant:109048,HAS_ITEM,menu_item:9057588,kg_20260602_172448
restaurant:109048,HAS_ITEM,menu_item:9057590,kg_20260602_172448
restaurant:109048,HAS_ITEM,menu_item:9057593,kg_20260602_172448
restaurant:1255,HAS_ITEM,menu_item:26869,kg_20260602_172448
restaurant:1255,HAS_ITEM,menu_item:26882,kg_20260602_172448
restaurant:1255,HAS_ITEM,menu_item:26886,kg_20260602_172448
restaurant:1255,HAS_ITEM,menu_item:26892,kg_20260602_172448
restaurant:1255,HAS_ITEM,menu_item:26901,kg_20260602_172448
restaurant:1255,HAS_ITEM,menu_item:26910,kg_20260602_172448
restaurant:1255,HAS_ITEM,menu_item:247601,kg_20260602_172448
restaurant:1255,HAS_ITEM,menu_item:6879079,kg_20260602_172448
restaurant:1255,HAS_ITEM,menu_item:275605,kg_20260602_172448
restaurant:1255,HAS_ITEM,menu_item:26873,kg_20260602_172448
restaurant:1255,HAS_ITEM,menu_item:915149,kg_20260602_172448
restaurant:1255,HAS_ITEM,menu_item:915156,kg_20260602_172448
restaurant:1255,HAS_ITEM,menu_item:915157,kg_20260602_172448
restaurant:53514,HAS_ITEM,menu_item:5377815,kg_20260602_172448
restaurant:53514,HAS_ITEM,menu_item:5377816,kg_20260602_172448
restaurant:53514,HAS_ITEM,menu_item:5377817,kg_20260602_172448
restaurant:53514,HAS_ITEM,menu_item:5377819,kg_20260602_172448
restaurant:53514,HAS_ITEM,menu_item:5377820,kg_20260602_172448
restaurant:53514,HAS_ITEM,menu_item:5377821,kg_20260602_172448
restaurant:53514,HAS_ITEM,menu_item:5377822,kg_20260602_172448
restaurant:53514,HAS_ITEM,menu_item:5377823,kg_20260602_172448
restaurant:53514,HAS_ITEM,menu_item:5377825,kg_20260602_172448
restaurant:53514,HAS_ITEM,menu_item:5377826,kg_20260602_172448
restaurant:53514,HAS_ITEM,menu_item:5377827,kg_20260602_172448
restaurant:53514,HAS_ITEM,menu_item:5377828,kg_20260602_172448
restaurant:53514,HAS_ITEM,menu_item:5377829,kg_20260602_172448
restaurant:53514,HAS_ITEM,menu_item:5377830,kg_20260602_172448
restaurant:53514,HAS_ITEM,menu_item:5377831,kg_20260602_172448
restaurant:53514,HAS_ITEM,menu_item:5377832,kg_20260602_172448
restaurant:53514,HAS_ITEM,menu_item:5377848,kg_20260602_172448
restaurant:53514,HAS_ITEM,menu_item:5377849,kg_20260602_172448
restaurant:53514,HAS_ITEM,menu_item:5377850,kg_20260602_172448
restaurant:53514,HAS_ITEM,menu_item:5377851,kg_20260602_172448
restaurant:53514,HAS_ITEM,menu_item:5377852,kg_20260602_172448
restaurant:53514,HAS_ITEM,menu_item:5377853,kg_20260602_172448
restaurant:53514,HAS_ITEM,menu_item:5377854,kg_20260602_172448
restaurant:53514,HAS_ITEM,menu_item:5377855,kg_20260602_172448
restaurant:53514,HAS_ITEM,menu_item:5377856,kg_20260602_172448
restaurant:53514,HAS_ITEM,menu_item:5377858,kg_20260602_172448
