id,node_type,name,normalized_name,graph_version,data_version
restaurant:25639,Restaurant,Quán Mùa - Cơm Gà & Bún Miến Trộn - Tây Sơn,quán mùa - cơm gà & bún miến trộn - tây sơn,kg_20260602_172448,offline
cuisine:COMBO,Cuisine,COMBO,combo,kg_20260602_172448,offline
restaurant:97742,Restaurant,"NaBi Bún Chả Quạt, Cơm Tấm & Cơm Văn Phòng - Tây Sơn","nabi bún chả quạt, cơm tấm & cơm văn phòng - tây sơn",kg_20260602_172448,offline
cuisine:cơm vị nhà nấu - thay đổi theo ngày,Cuisine,cơm vị nhà nấu - thay đổi theo ngày,cơm vị nhà nấu - thay đổi theo ngày,kg_20260602_172448,offline
restaurant:130307,Restaurant,"Phở Bò Nội - Bún Chả, Cháo & Cơm - Trần Hưng Đạo","phở bò nội - bún chả, cháo & cơm - trần hưng đạo",kg_20260602_172448,offline
cuisine:Phở,Cuisine,Phở,phở,kg_20260602_172448,offline
restaurant:22758,Restaurant,PhuongKitchen - Cơm & Đồ Ăn Vặt - Ngõ Chùa Liên Phái Bạch Mai,phuongkitchen - cơm & đồ ăn vặt - ngõ chùa liên phái bạch mai,kg_20260602_172448,offline
cuisine:XÔI CHIÊN,Cuisine,XÔI CHIÊN,xôi chiên,kg_20260602_172448,offline
restaurant:11471,Restaurant,Thiên Trường - Phở Cồ & Cơm Gà Xối Mắm - Giải Phóng,thiên trường - phở cồ & cơm gà xối mắm - giải phóng,kg_20260602_172448,offline
cuisine:Deal 1K,Cuisine,Deal 1K,deal 1k,kg_20260602_172448,offline
restaurant:11326,Restaurant,Huỳnh Duyên - Cơm Văn Phòng & Nước Ép - Giải Phóng,huỳnh duyên - cơm văn phòng & nước ép - giải phóng,kg_20260602_172448,offline
cuisine:Combo Đồng Giá,Cuisine,Combo Đồng Giá,combo đồng giá,kg_20260602_172448,offline
restaurant:8314,Restaurant,Phở Bò Cơm Rang Duy Nhất - Giải Phóng,phở bò cơm rang duy nhất - giải phóng,kg_20260602_172448,offline
cuisine:Deal 1K,Cuisine,Deal 1K,deal 1k,kg_20260602_172448,offline
restaurant:126147,Restaurant,"Nhà Hàng Bin Bo - Bún Riêu Cua, Cơm Rang & Phở Xào - Phương Mai","nhà hàng bin bo - bún riêu cua, cơm rang & phở xào - phương mai",kg_20260602_172448,offline
cuisine:MENU,Cuisine,MENU,menu,kg_20260602_172448,offline
restaurant:127398,Restaurant,"Vũ Gia - Phở Gà, Bún Thang & Cơm Gà Xối Mỡ - Phố Huế","vũ gia - phở gà, bún thang & cơm gà xối mỡ - phố huế",kg_20260602_172448,offline
cuisine:Phở Nước - Phở Trộn,Cuisine,Phở Nước - Phở Trộn,phở nước - phở trộn,kg_20260602_172448,offline
restaurant:124125,Restaurant,Gà Rán BigBites - Cơm Gà & Bánh Gà - Đại La,gà rán bigbites - cơm gà & bánh gà - đại la,kg_20260602_172448,offline
cuisine:Cơm,Cuisine,Cơm,cơm,kg_20260602_172448,offline
restaurant:59967,Restaurant,Quán Hà Nội Xưa - Bún Chả - Trường Chinh,quán hà nội xưa - bún chả - trường chinh,kg_20260602_172448,offline
cuisine:Món Bún,Cuisine,Món Bún,món bún,kg_20260602_172448,offline
restaurant:135569,Restaurant,Cơm Bò Ngon - Trường Chinh,cơm bò ngon - trường chinh,kg_20260602_172448,offline
cuisine:NHÓM CƠM NHẬT & CƠM CHIÊN XÙ (MÓN CHÍNH),Cuisine,NHÓM CƠM NHẬT & CƠM CHIÊN XÙ (MÓN CHÍNH),nhóm cơm nhật & cơm chiên xù (món chính),kg_20260602_172448,offline
restaurant:128724,Restaurant,Phở - Cơm Hằng - Nguyễn Đình Chiểu,phở - cơm hằng - nguyễn đình chiểu,kg_20260602_172448,offline
cuisine:món phở,Cuisine,món phở,món phở,kg_20260602_172448,offline
restaurant:94161,Restaurant,Bánh Cuốn Nóng & Gà Ác Tần - Minh Khai,bánh cuốn nóng & gà ác tần - minh khai,kg_20260602_172448,offline
cuisine:Menu,Cuisine,Menu,menu,kg_20260602_172448,offline
restaurant:28837,Restaurant,Gà Tần Huyền Anh - Phở Xào & Cơm Rang - Quỳnh Mai,gà tần huyền anh - phở xào & cơm rang - quỳnh mai,kg_20260602_172448,offline
cuisine:các món xào,Cuisine,các món xào,các món xào,kg_20260602_172448,offline
restaurant:117760,Restaurant,OK Cơm Gà - Trương Định,ok cơm gà - trương định,kg_20260602_172448,offline
cuisine:Cơm Gà,Cuisine,Cơm Gà,cơm gà,kg_20260602_172448,offline
restaurant:33188,Restaurant,Hải Dung - Cơm Rang & Phở Xào - Quỳnh Mai,hải dung - cơm rang & phở xào - quỳnh mai,kg_20260602_172448,offline
cuisine:Cơm Rang,Cuisine,Cơm Rang,cơm rang,kg_20260602_172448,offline
restaurant:33749,Restaurant,Phở Bò 288 - Phở Bò & Cơm Rang - Minh Khai,phở bò 288 - phở bò & cơm rang - minh khai,kg_20260602_172448,offline
cuisine:Combo,Cuisine,Combo,combo,kg_20260602_172448,offline
restaurant:22455,Restaurant,Phở Cuốn Hoa Lan - Trần Hưng Đạo,phở cuốn hoa lan - trần hưng đạo,kg_20260602_172448,offline
cuisine:Phở,Cuisine,Phở,phở,kg_20260602_172448,offline
restaurant:14976,Restaurant,Cơm Sườn Cay HiMC - Hà Kế Tấn,cơm sườn cay himc - hà kế tấn,kg_20260602_172448,offline
cuisine:MÓN MỚI - CÀ RI NHẬT,Cuisine,MÓN MỚI - CÀ RI NHẬT,món mới - cà ri nhật,kg_20260602_172448,offline
restaurant:118507,Restaurant,"Bánh Cuốn, Bún Trộn Đức Anh - Trần Hữu Tước","bánh cuốn, bún trộn đức anh - trần hữu tước",kg_20260602_172448,offline
cuisine:bún,Cuisine,bún,bún,kg_20260602_172448,offline
restaurant:128321,Restaurant,"Cơm, Phở Xào & Miến Xào - Cù Chính Lan","cơm, phở xào & miến xào - cù chính lan",kg_20260602_172448,offline
cuisine:Cơm Rang,Cuisine,Cơm Rang,cơm rang,kg_20260602_172448,offline
restaurant:116156,Restaurant,Phở Vịt Quay & Bánh Cuốn Cao Bằng - Định Công,phở vịt quay & bánh cuốn cao bằng - định công,kg_20260602_172448,offline
cuisine:Bánh Cuốn Cao Bằng,Cuisine,Bánh Cuốn Cao Bằng,bánh cuốn cao bằng,kg_20260602_172448,offline
restaurant:41570,Restaurant,Bánh Cuốn Nóng Hương Thơm - Tràng Tiền,bánh cuốn nóng hương thơm - tràng tiền,kg_20260602_172448,offline
cuisine:MENU,Cuisine,MENU,menu,kg_20260602_172448,offline
restaurant:20226,Restaurant,Phở Lưu - Phở Bò & Cơm Rang - Tam Trinh,phở lưu - phở bò & cơm rang - tam trinh,kg_20260602_172448,offline
cuisine:Món Nước,Cuisine,Món Nước,món nước,kg_20260602_172448,offline
restaurant:21224,Restaurant,Phở Cồ Gia Truyền - Phở Bò & Cơm Rang,phở cồ gia truyền - phở bò & cơm rang,kg_20260602_172448,offline
cuisine:Phở,Cuisine,Phở,phở,kg_20260602_172448,offline
restaurant:7240,Restaurant,"Cơm Gà, Mì Cay & Mì Trộn Bếp Nhà Cám - Tôn Đức Thắng","cơm gà, mì cay & mì trộn bếp nhà cám - tôn đức thắng",kg_20260602_172448,offline
cuisine:CƠM GÀ,Cuisine,CƠM GÀ,cơm gà,kg_20260602_172448,offline
restaurant:20472,Restaurant,"Bánh Cuốn, Bún Chả & Gà Tần - Đền Lừ 2","bánh cuốn, bún chả & gà tần - đền lừ 2",kg_20260602_172448,offline
cuisine:Thực Đơn,Cuisine,Thực Đơn,thực đơn,kg_20260602_172448,offline
restaurant:21413,Restaurant,Phở Bò Hải Phòng - Phở Bò & Cơm Rang - Hoàng Mai,phở bò hải phòng - phở bò & cơm rang - hoàng mai,kg_20260602_172448,offline
cuisine:MÓN NƯỚC,Cuisine,MÓN NƯỚC,món nước,kg_20260602_172448,offline
restaurant:86219,Restaurant,Phở Bò Thiên Trường - Bún Bò & Cơm Rang - Trương Định,phở bò thiên trường - bún bò & cơm rang - trương định,kg_20260602_172448,offline
cuisine:Phở Nước,Cuisine,Phở Nước,phở nước,kg_20260602_172448,offline
restaurant:36034,Restaurant,Bảo An Quán - Bánh Cuốn Phủ Lý - Trương Định,bảo an quán - bánh cuốn phủ lý - trương định,kg_20260602_172448,offline
cuisine:bánh cuốn phủ lý bún chả,Cuisine,bánh cuốn phủ lý bún chả,bánh cuốn phủ lý bún chả,kg_20260602_172448,offline
restaurant:20129,Restaurant,Dũng Thủy - Phở & Cơm Rang - Tân Mai,dũng thủy - phở & cơm rang - tân mai,kg_20260602_172448,offline
cuisine:Siêu Deal Giữa Tháng,Cuisine,Siêu Deal Giữa Tháng,siêu deal giữa tháng,kg_20260602_172448,offline
restaurant:16422,Restaurant,Phương Dung - Cơm Đảo Gà Rang & Chim Quay - Tống Duy Tân,phương dung - cơm đảo gà rang & chim quay - tống duy tân,kg_20260602_172448,offline
cuisine:Cơm Đảo !,Cuisine,Cơm Đảo !,cơm đảo !,kg_20260602_172448,offline
restaurant:60874,Restaurant,Hoàng Văn - Cơm Rang & Phở Bò - Định Công,hoàng văn - cơm rang & phở bò - định công,kg_20260602_172448,offline
cuisine:thực đơn,Cuisine,thực đơn,thực đơn,kg_20260602_172448,offline
restaurant:13942,Restaurant,Phở Bò & Cơm Rang - Nguyễn Trãi,phở bò & cơm rang - nguyễn trãi,kg_20260602_172448,offline
cuisine:Combo cùng Cocacola 70000,Cuisine,Combo cùng Cocacola 70000,combo cùng cocacola 70000,kg_20260602_172448,offline
restaurant:29659,Restaurant,Bánh Cuốn Phủ Lý - Dương Văn Bé,bánh cuốn phủ lý - dương văn bé,kg_20260602_172448,offline
cuisine:Menu,Cuisine,Menu,menu,kg_20260602_172448,offline
restaurant:35452,Restaurant,Út Béo - Bún Đậu Mẹt & Cơm - Ngõ Thái Thịnh 1,út béo - bún đậu mẹt & cơm - ngõ thái thịnh 1,kg_20260602_172448,offline
cuisine:Combo,Cuisine,Combo,combo,kg_20260602_172448,offline
restaurant:81993,Restaurant,Thành Tâm Quán - Phở & Cơm Rang - Định Công Hạ,thành tâm quán - phở & cơm rang - định công hạ,kg_20260602_172448,offline
cuisine:Bún Bò Huế,Cuisine,Bún Bò Huế,bún bò huế,kg_20260602_172448,offline
restaurant:21980,Restaurant,H&A Quán - Bún Đậu & Nem Nướng - Vĩnh Tuy,h&a quán - bún đậu & nem nướng - vĩnh tuy,kg_20260602_172448,offline
cuisine:Menu,Cuisine,Menu,menu,kg_20260602_172448,offline
restaurant:114833,Restaurant,Cơm Ngon Xuân Trường - Giáp Nhị,cơm ngon xuân trường - giáp nhị,kg_20260602_172448,offline
cuisine:menu,Cuisine,menu,menu,kg_20260602_172448,offline
restaurant:87272,Restaurant,"Thành Tâm Quán - Cơm Rang, Phở Bò & Bún Bò Huế - Định Công Thượng","thành tâm quán - cơm rang, phở bò & bún bò huế - định công thượng",kg_20260602_172448,offline
cuisine:Bún Bò Huế Chuẩn Vị Huế,Cuisine,Bún Bò Huế Chuẩn Vị Huế,bún bò huế chuẩn vị huế,kg_20260602_172448,offline
restaurant:115272,Restaurant,"He Na Quán - Bánh Cuốn, Bún Chả & Gà Tần - Núi Trúc","he na quán - bánh cuốn, bún chả & gà tần - núi trúc",kg_20260602_172448,offline
cuisine:Menu,Cuisine,Menu,menu,kg_20260602_172448,offline
restaurant:130463,Restaurant,Thanh Hà Food - Phở Cuốn & Bún Trộn - Đại Từ,thanh hà food - phở cuốn & bún trộn - đại từ,kg_20260602_172448,offline
cuisine:Bún trộn,Cuisine,Bún trộn,bún trộn,kg_20260602_172448,offline
restaurant:68548,Restaurant,Bánh Cuốn Nóng - Bún Chả & Mỳ Gà Tần - Chính Kinh,bánh cuốn nóng - bún chả & mỳ gà tần - chính kinh,kg_20260602_172448,offline
cuisine:Menu,Cuisine,Menu,menu,kg_20260602_172448,offline
restaurant:135607,Restaurant,Bánh Cuốn & Bún Chả - Bếp Cô Hằng - Vĩnh Hưng,bánh cuốn & bún chả - bếp cô hằng - vĩnh hưng,kg_20260602_172448,offline
cuisine:Bánh Cuốn,Cuisine,Bánh Cuốn,bánh cuốn,kg_20260602_172448,offline
restaurant:80920,Restaurant,Cồ Cử Phở Bò - Cơm Rang - Kim Giang,cồ cử phở bò - cơm rang - kim giang,kg_20260602_172448,offline
cuisine:Menu,Cuisine,Menu,menu,kg_20260602_172448,offline
restaurant:123914,Restaurant,Ling Ling Foody - Gà Rán & Mỳ Cay - Vĩnh Hưng,ling ling foody - gà rán & mỳ cay - vĩnh hưng,kg_20260602_172448,offline
cuisine:CSKH,Cuisine,CSKH,cskh,kg_20260602_172448,offline
restaurant:81712,Restaurant,Nhà Hàng Văn Đô - Cơm Văn Phòng - Ngọc Khánh,nhà hàng văn đô - cơm văn phòng - ngọc khánh,kg_20260602_172448,offline
cuisine:Cơm Suất,Cuisine,Cơm Suất,cơm suất,kg_20260602_172448,offline
restaurant:119113,Restaurant,Phở Cuốn Ngũ Xã Hải Yến - Vũ Tông Phan,phở cuốn ngũ xã hải yến - vũ tông phan,kg_20260602_172448,offline
cuisine:Menu,Cuisine,Menu,menu,kg_20260602_172448,offline
restaurant:123573,Restaurant,"Minh Huy - Bánh Cuốn, Bún Chả & Bún Miến Ngan - Vũ Tông Phan","minh huy - bánh cuốn, bún chả & bún miến ngan - vũ tông phan",kg_20260602_172448,offline
cuisine:Bánh Cuốn,Cuisine,Bánh Cuốn,bánh cuốn,kg_20260602_172448,offline
restaurant:8200,Restaurant,Phở bò - Cơm rang Duy Nhất - Huỳnh Thúc Kháng,phở bò - cơm rang duy nhất - huỳnh thúc kháng,kg_20260602_172448,offline
cuisine:PEPSI CỰC ĐÃ - QUÁN CỰC CHẤT,Cuisine,PEPSI CỰC ĐÃ - QUÁN CỰC CHẤT,pepsi cực đã - quán cực chất,kg_20260602_172448,offline
restaurant:78300,Restaurant,Bánh Cuốn Nóng & Bún Chả - Ngọc Hà,bánh cuốn nóng & bún chả - ngọc hà,kg_20260602_172448,offline
cuisine:Menu,Cuisine,Menu,menu,kg_20260602_172448,offline
restaurant:20601,Restaurant,"Bánh Cuốn Nóng, Bún Chả & Gà Tần - 156 Kim Giang","bánh cuốn nóng, bún chả & gà tần - 156 kim giang",kg_20260602_172448,offline
cuisine:COMBO CÙNG COCA,Cuisine,COMBO CÙNG COCA,combo cùng coca,kg_20260602_172448,offline
restaurant:9568,Restaurant,"Bún Chả, Bánh Cuốn Nóng, Gà Tần - Ba Duy - Kim Giang","bún chả, bánh cuốn nóng, gà tần - ba duy - kim giang",kg_20260602_172448,offline
cuisine:Menu,Cuisine,Menu,menu,kg_20260602_172448,offline
restaurant:12952,Restaurant,KCC - Phở - Cơm Rang - Nguyên Hồng,kcc - phở - cơm rang - nguyên hồng,kg_20260602_172448,offline
cuisine:Menu,Cuisine,Menu,menu,kg_20260602_172448,offline
restaurant:69613,Restaurant,Bánh Cuốn Nóng Gia Truyền - Đội Cấn,bánh cuốn nóng gia truyền - đội cấn,kg_20260602_172448,offline
cuisine:Thực Đơn,Cuisine,Thực Đơn,thực đơn,kg_20260602_172448,offline
restaurant:14120,Restaurant,KCC - Phở & Cơm Gà Xối Mắm - Đội Cấn,kcc - phở & cơm gà xối mắm - đội cấn,kg_20260602_172448,offline
cuisine:CƠM RANG,Cuisine,CƠM RANG,cơm rang,kg_20260602_172448,offline
restaurant:2282,Restaurant,Phở Bò Cơm Rang Nhân Hòa - Nguyễn Huy Tưởng,phở bò cơm rang nhân hòa - nguyễn huy tưởng,kg_20260602_172448,offline
cuisine:Combo Cùng Coca,Cuisine,Combo Cùng Coca,combo cùng coca,kg_20260602_172448,offline
restaurant:76776,Restaurant,Bánh Cuốn Nóng & Bún Chả - Nguyễn Ngọc Vũ,bánh cuốn nóng & bún chả - nguyễn ngọc vũ,kg_20260602_172448,offline
cuisine:bánh cuốn,Cuisine,bánh cuốn,bánh cuốn,kg_20260602_172448,offline
restaurant:102812,Restaurant,Bánh Cuốn Bà Hy - Khu Đô Thị Bắc Linh Đàm,bánh cuốn bà hy - khu đô thị bắc linh đàm,kg_20260602_172448,offline
cuisine:Menu,Cuisine,Menu,menu,kg_20260602_172448,offline
restaurant:130643,Restaurant,Guu Chicken - Cơm Gà & Gà Rán - Ngõ Tự Do,guu chicken - cơm gà & gà rán - ngõ tự do,kg_20260602_172448,offline
cuisine:Ưu Đãi Độc Quyền,Cuisine,Ưu Đãi Độc Quyền,ưu đãi độc quyền,kg_20260602_172448,offline
restaurant:8432,Restaurant,Quán Cơm 78 - Ngõ Tự Do,quán cơm 78 - ngõ tự do,kg_20260602_172448,offline
cuisine:Ăn thả ga cùng Cocacola,Cuisine,Ăn thả ga cùng Cocacola,ăn thả ga cùng cocacola,kg_20260602_172448,offline
restaurant:106675,Restaurant,Cơm Đảo Làng Mai - Chợ Khương Thượng,cơm đảo làng mai - chợ khương thượng,kg_20260602_172448,offline
cuisine:Menu,Cuisine,Menu,menu,kg_20260602_172448,offline
restaurant:102294,Restaurant,Bếp Cô Thảo - Cơm Văn Phòng Tự Chọn - Lò Đúc,bếp cô thảo - cơm văn phòng tự chọn - lò đúc,kg_20260602_172448,offline
cuisine:Cơm Suất,Cuisine,Cơm Suất,cơm suất,kg_20260602_172448,offline
restaurant:15897,Restaurant,Vịt 29 - 29 Food - Cơm Phở -Nguyễn Thượng Hiền,vịt 29 - 29 food - cơm phở -nguyễn thượng hiền,kg_20260602_172448,offline
cuisine:MÓN ĂN NHANH,Cuisine,MÓN ĂN NHANH,món ăn nhanh,kg_20260602_172448,offline
restaurant:130509,Restaurant,Guu Chicken - Cơm Gà & Gà Rán - Tam Khương,guu chicken - cơm gà & gà rán - tam khương,kg_20260602_172448,offline
cuisine:Món Ngon Đang Khuyến Mại,Cuisine,Món Ngon Đang Khuyến Mại,món ngon đang khuyến mại,kg_20260602_172448,offline
restaurant:135845,Restaurant,"Gỏi Nhà Kem - Gỏi Cuốn, Cơm Trộn & Bún Trộn - Thổ Quan","gỏi nhà kem - gỏi cuốn, cơm trộn & bún trộn - thổ quan",kg_20260602_172448,offline
cuisine:Combo Ngon Hời,Cuisine,Combo Ngon Hời,combo ngon hời,kg_20260602_172448,offline
restaurant:39262,Restaurant,Cơm Gà B&B - Chùa Bộc,cơm gà b&b - chùa bộc,kg_20260602_172448,offline
cuisine:Menu,Cuisine,Menu,menu,kg_20260602_172448,offline
restaurant:17700,Restaurant,Bún Chả Xưa - Lĩnh Nam,bún chả xưa - lĩnh nam,kg_20260602_172448,offline
cuisine:Bún Chả,Cuisine,Bún Chả,bún chả,kg_20260602_172448,offline
restaurant:98870,Restaurant,Tứ Quý - Phở Bò & Cơm Rang - Trịnh Đình Cửu,tứ quý - phở bò & cơm rang - trịnh đình cửu,kg_20260602_172448,offline
cuisine:Phở Bò,Cuisine,Phở Bò,phở bò,kg_20260602_172448,offline
restaurant:55835,Restaurant,Tiệm Cơm Gà - Trung Liệt,tiệm cơm gà - trung liệt,kg_20260602_172448,offline
cuisine:Cơm,Cuisine,Cơm,cơm,kg_20260602_172448,offline
restaurant:88436,Restaurant,Bún Chả Phúc Tha - Hoàng Mai,bún chả phúc tha - hoàng mai,kg_20260602_172448,offline
cuisine:Menu,Cuisine,Menu,menu,kg_20260602_172448,offline
restaurant:69293,Restaurant,Cơm & Phở Hương Lan - Nguyễn Thái Học,cơm & phở hương lan - nguyễn thái học,kg_20260602_172448,offline
cuisine:Phở,Cuisine,Phở,phở,kg_20260602_172448,offline
restaurant:10307,Restaurant,Cơm Gà Xối Mắm Còn - Dương Văn Bé,cơm gà xối mắm còn - dương văn bé,kg_20260602_172448,offline
cuisine:Món Đang Giảm,Cuisine,Món Đang Giảm,món đang giảm,kg_20260602_172448,offline
restaurant:49400,Restaurant,Tùng Linh Quán - Bún Chả & Bánh Cuốn Nóng - Bùi Xương Trạch,tùng linh quán - bún chả & bánh cuốn nóng - bùi xương trạch,kg_20260602_172448,offline
cuisine:Menu,Cuisine,Menu,menu,kg_20260602_172448,offline
restaurant:88782,Restaurant,Guu Chicken - Cơm Gà & Gà Rán - Khương Hạ,guu chicken - cơm gà & gà rán - khương hạ,kg_20260602_172448,offline
cuisine:Cơm Gà Guu Chicken,Cuisine,Cơm Gà Guu Chicken,cơm gà guu chicken,kg_20260602_172448,offline
restaurant:61570,Restaurant,Bún Chả Quý Anh - Vĩnh Hưng,bún chả quý anh - vĩnh hưng,kg_20260602_172448,offline
cuisine:Menu,Cuisine,Menu,menu,kg_20260602_172448,offline
restaurant:123151,Restaurant,"FoodHub - Mỳ Quảng, Cơm Gà Roti - Hoàng Ngọc Phách","foodhub - mỳ quảng, cơm gà roti - hoàng ngọc phách",kg_20260602_172448,offline
cuisine:Mỳ Quảng,Cuisine,Mỳ Quảng,mỳ quảng,kg_20260602_172448,offline
restaurant:89400,Restaurant,"Bún Chả Linh Anh - Bún Ngan Mọc, Bánh Giò Nóng & Trứng Vịt Lộn - Khương Đình","bún chả linh anh - bún ngan mọc, bánh giò nóng & trứng vịt lộn - khương đình",kg_20260602_172448,offline
cuisine:Bún Chả,Cuisine,Bún Chả,bún chả,kg_20260602_172448,offline
restaurant:89681,Restaurant,Phở Cuốn Diệu Minh - La Thành,phở cuốn diệu minh - la thành,kg_20260602_172448,offline
cuisine:MÓN ĂN VẶT,Cuisine,MÓN ĂN VẶT,món ăn vặt,kg_20260602_172448,offline
restaurant:25452,Restaurant,"Bánh Cuốn Nóng, Bún Đậu Mẹt & Bún Chả - Vĩnh Hưng","bánh cuốn nóng, bún đậu mẹt & bún chả - vĩnh hưng",kg_20260602_172448,offline
cuisine:Menu,Cuisine,Menu,menu,kg_20260602_172448,offline
restaurant:2267,Restaurant,Gỏi Cuốn - Nem Nướng Hương Béo - Bùi Xương Trạch,gỏi cuốn - nem nướng hương béo - bùi xương trạch,kg_20260602_172448,offline
cuisine:Bún chả Hà Nội,Cuisine,Bún chả Hà Nội,bún chả hà nội,kg_20260602_172448,offline
restaurant:67492,Restaurant,Quán Huyền Béo - Bún Trộn & Cơm Gà Chiên Mắm - Ngõ Trại Cá,quán huyền béo - bún trộn & cơm gà chiên mắm - ngõ trại cá,kg_20260602_172448,offline
cuisine:Lươn,Cuisine,Lươn,lươn,kg_20260602_172448,offline
restaurant:126555,Restaurant,"Quán 92 - Cơm Rang, Phở & Mỳ Chua Cay - Trần Quốc Toản","quán 92 - cơm rang, phở & mỳ chua cay - trần quốc toản",kg_20260602_172448,offline
cuisine:Menu,Cuisine,Menu,menu,kg_20260602_172448,offline
restaurant:18796,Restaurant,Phở Dung - Bún Chả - Tân Mai,phở dung - bún chả - tân mai,kg_20260602_172448,offline
cuisine:Phở Bò,Cuisine,Phở Bò,phở bò,kg_20260602_172448,offline
restaurant:134250,Restaurant,Bếp Mẹ Bơ - Mỳ Cay Koreno 7 Cấp Độ & Phở Cuốn - Trung Liệt,bếp mẹ bơ - mỳ cay koreno 7 cấp độ & phở cuốn - trung liệt,kg_20260602_172448,offline
cuisine:Mỳ Cay 7 cấp độ,Cuisine,Mỳ Cay 7 cấp độ,mỳ cay 7 cấp độ,kg_20260602_172448,offline
restaurant:134680,Restaurant,Mì Indomie & Phở Cuốn - Lĩnh Nam,mì indomie & phở cuốn - lĩnh nam,kg_20260602_172448,offline
cuisine:Đồ Ăn,Cuisine,Đồ Ăn,đồ ăn,kg_20260602_172448,offline
restaurant:36147,Restaurant,Phở Vịt Quay Tứ Xuyên - Láng Hạ,phở vịt quay tứ xuyên - láng hạ,kg_20260602_172448,offline
cuisine:Menu,Cuisine,Menu,menu,kg_20260602_172448,offline
restaurant:40014,Restaurant,Bún Chả - Bánh Cuốn Chả Nướng - Bùi Xương Trạch,bún chả - bánh cuốn chả nướng - bùi xương trạch,kg_20260602_172448,offline
cuisine:bánh cuốn,Cuisine,bánh cuốn,bánh cuốn,kg_20260602_172448,offline
restaurant:54641,Restaurant,Bún Đậu Chị Hai - Nem Nướng Nha Trang & Phở Cuốn - Nguyễn Ngọc Vũ,bún đậu chị hai - nem nướng nha trang & phở cuốn - nguyễn ngọc vũ,kg_20260602_172448,offline
cuisine:Menu,Cuisine,Menu,menu,kg_20260602_172448,offline
restaurant:37364,Restaurant,Quán Ngon - Gà Tần & Bánh Cuốn Nóng - Tạ Quang Bửu,quán ngon - gà tần & bánh cuốn nóng - tạ quang bửu,kg_20260602_172448,offline
cuisine:Gà,Cuisine,Gà,gà,kg_20260602_172448,offline
restaurant:6930,Restaurant,Kombo cơm niêu Singapore - 46 Trần Đại Nghĩa,kombo cơm niêu singapore - 46 trần đại nghĩa,kg_20260602_172448,offline
cuisine:MÓN PHỤ,Cuisine,MÓN PHỤ,món phụ,kg_20260602_172448,offline
restaurant:42458,Restaurant,Cơm Gà Xối Mỡ Mai Phương - Lê Thanh Nghị,cơm gà xối mỡ mai phương - lê thanh nghị,kg_20260602_172448,offline
cuisine:MENU,Cuisine,MENU,menu,kg_20260602_172448,offline
restaurant:56543,Restaurant,Gà Rán KFC - Lê Thanh Nghị,gà rán kfc - lê thanh nghị,kg_20260602_172448,offline
cuisine:MÓN MỚI MÙA HÈ,Cuisine,MÓN MỚI MÙA HÈ,món mới mùa hè,kg_20260602_172448,offline
restaurant:62951,Restaurant,Bún Cá Măng Cay & Bún Hải Sản Cát Bà - Lê Thanh Nghị,bún cá măng cay & bún hải sản cát bà - lê thanh nghị,kg_20260602_172448,offline
cuisine:Bún Hải Sản,Cuisine,Bún Hải Sản,bún hải sản,kg_20260602_172448,offline
restaurant:31215,Restaurant,Cơm Rang Hải Sơn - Giải Phóng,cơm rang hải sơn - giải phóng,kg_20260602_172448,offline
cuisine:Cơm Rang Gia Truyền Nam Định,Cuisine,Cơm Rang Gia Truyền Nam Định,cơm rang gia truyền nam định,kg_20260602_172448,offline
restaurant:67574,Restaurant,Bánh Tráng Mập - Lê Thanh Nghị,bánh tráng mập - lê thanh nghị,kg_20260602_172448,offline
cuisine:Best Seller,Cuisine,Best Seller,best seller,kg_20260602_172448,offline
restaurant:7160,Restaurant,Bún Chả Mẹ Nga - Vân Hồ 3,bún chả mẹ nga - vân hồ 3,kg_20260602_172448,offline
cuisine:Combo + Coca,Cuisine,Combo + Coca,combo + coca,kg_20260602_172448,offline
restaurant:117526,Restaurant,Bếp Bé Bếu - Cơm & Bánh Mì Nướng Trung Hoa - Lê Thanh Nghị,bếp bé bếu - cơm & bánh mì nướng trung hoa - lê thanh nghị,kg_20260602_172448,offline
cuisine:Cơm,Cuisine,Cơm,cơm,kg_20260602_172448,offline
restaurant:8919,Restaurant,Cơm Sạch Mẹ Shin - Tô Hoàng,cơm sạch mẹ shin - tô hoàng,kg_20260602_172448,offline
cuisine:Combo,Cuisine,Combo,combo,kg_20260602_172448,offline
restaurant:123211,Restaurant,Phạm Gia Food - Cơm Tấm & Lẩu Ly - Trần Đại Nghĩa,phạm gia food - cơm tấm & lẩu ly - trần đại nghĩa,kg_20260602_172448,offline
cuisine:Cơm Tấm,Cuisine,Cơm Tấm,cơm tấm,kg_20260602_172448,offline
restaurant:50258,Restaurant,Tiến Lan - Bún Chả - Đình Đại,tiến lan - bún chả - đình đại,kg_20260602_172448,offline
cuisine:Menu,Cuisine,Menu,menu,kg_20260602_172448,offline
restaurant:111026,Restaurant,Cơm Ngon Hà Nội - Bà Triệu,cơm ngon hà nội - bà triệu,kg_20260602_172448,offline
cuisine:Cơm Ngon Cả Ngày,Cuisine,Cơm Ngon Cả Ngày,cơm ngon cả ngày,kg_20260602_172448,offline
restaurant:27416,Restaurant,Bún Chả Minh Béo - Vân Hồ,bún chả minh béo - vân hồ,kg_20260602_172448,offline
cuisine:Menu,Cuisine,Menu,menu,kg_20260602_172448,offline
restaurant:136086,Restaurant,Cơm Gà Rán Đài Loan - OMEGA - Tạ Quang Bửu,cơm gà rán đài loan - omega - tạ quang bửu,kg_20260602_172448,offline
cuisine:Deal Hời 20,Cuisine,Deal Hời 20,deal hời 20,kg_20260602_172448,offline
restaurant:117708,Restaurant,Cơm Gà Cô Tấm - Tạ Quang Bửu,cơm gà cô tấm - tạ quang bửu,kg_20260602_172448,offline
cuisine:Cơm Gà,Cuisine,Cơm Gà,cơm gà,kg_20260602_172448,offline
restaurant:118277,Restaurant,Phở Gà Đặc Biệt A Ỉn - Giải Phóng,phở gà đặc biệt a ỉn - giải phóng,kg_20260602_172448,offline
cuisine:Phở - Mì - Miến Nước-Phở Trộn-Bún Trộn,Cuisine,Phở - Mì - Miến Nước-Phở Trộn-Bún Trộn,phở - mì - miến nước-phở trộn-bún trộn,kg_20260602_172448,offline
restaurant:73491,Restaurant,U Lìu - Bún Bò Nam Bộ & Các Món Cuốn - Vân Hồ 2,u lìu - bún bò nam bộ & các món cuốn - vân hồ 2,kg_20260602_172448,offline
cuisine:Menu,Cuisine,Menu,menu,kg_20260602_172448,offline
restaurant:8805,Restaurant,Gà Rán Texas Chicken - Bạch Mai,gà rán texas chicken - bạch mai,kg_20260602_172448,offline
cuisine:Gà Sốt Me Cay,Cuisine,Gà Sốt Me Cay,gà sốt me cay,kg_20260602_172448,offline
restaurant:81353,Restaurant,Cơm Tấm Xưa - Phong Vị Sài Thành - Lê Đại Hành,cơm tấm xưa - phong vị sài thành - lê đại hành,kg_20260602_172448,offline
cuisine:Món chính,Cuisine,Món chính,món chính,kg_20260602_172448,offline
restaurant:77167,Restaurant,Mỳ Gà Tần & Bún Chả - Khu Tập Thể Kinh Tế Quốc Dân,mỳ gà tần & bún chả - khu tập thể kinh tế quốc dân,kg_20260602_172448,offline
cuisine:Bún,Cuisine,Bún,bún,kg_20260602_172448,offline
restaurant:32462,Restaurant,Phở Liên - Phở Gà & Phở Trộn - Bạch Mai,phở liên - phở gà & phở trộn - bạch mai,kg_20260602_172448,offline
cuisine:Trộn,Cuisine,Trộn,trộn,kg_20260602_172448,offline
restaurant:77657,Restaurant,BBQ Chicken - Gà Rán Hàn Quốc - Bà Triệu,bbq chicken - gà rán hàn quốc - bà triệu,kg_20260602_172448,offline
cuisine:GÀ RÁN GIÒNNNN,Cuisine,GÀ RÁN GIÒNNNN,gà rán giònnnn,kg_20260602_172448,offline
restaurant:23407,Restaurant,Phở Bò 33 - Lê Đại Hành,phở bò 33 - lê đại hành,kg_20260602_172448,offline
cuisine:Cơm Rang - Mì Xào,Cuisine,Cơm Rang - Mì Xào,cơm rang - mì xào,kg_20260602_172448,offline
restaurant:15964,Restaurant,Quán Rôm - Bánh Tráng Cuốn Thịt Heo - Thái Phiên,quán rôm - bánh tráng cuốn thịt heo - thái phiên,kg_20260602_172448,offline
cuisine:MENU,Cuisine,MENU,menu,kg_20260602_172448,offline
restaurant:13998,Restaurant,Quán Thiên Đức - Tự Do,quán thiên đức - tự do,kg_20260602_172448,offline
cuisine:Menu,Cuisine,Menu,menu,kg_20260602_172448,offline
restaurant:133949,Restaurant,Cơm Rang Khói - Võ Thị Sáu,cơm rang khói - võ thị sáu,kg_20260602_172448,offline
cuisine:Món Bán Chạy,Cuisine,Món Bán Chạy,món bán chạy,kg_20260602_172448,offline
restaurant:9606,Restaurant,Cơm Ngon Quang Thắng,cơm ngon quang thắng,kg_20260602_172448,offline
cuisine:Cơm Siêu Tiết Kiệm,Cuisine,Cơm Siêu Tiết Kiệm,cơm siêu tiết kiệm,kg_20260602_172448,offline
restaurant:7635,Restaurant,Happy Food Cơm Gà Ba Vì,happy food cơm gà ba vì,kg_20260602_172448,offline
cuisine:PEPSI CỰC ĐÃ - QUÁN CỰC CHẤT,Cuisine,PEPSI CỰC ĐÃ - QUÁN CỰC CHẤT,pepsi cực đã - quán cực chất,kg_20260602_172448,offline
restaurant:14318,Restaurant,Thuỷ Hùng Cơm Gà Ba Vì - Phố Vọng,thuỷ hùng cơm gà ba vì - phố vọng,kg_20260602_172448,offline
cuisine:Các món chính,Cuisine,Các món chính,các món chính,kg_20260602_172448,offline
restaurant:111742,Restaurant,Fami Cháo - Cháo Dinh Dưỡng Cao Cấp - 404 Bạch Mai,fami cháo - cháo dinh dưỡng cao cấp - 404 bạch mai,kg_20260602_172448,offline
cuisine:01. CHÁO TƯƠI HÀNG NGÀY (CÓ SET NHÂN),Cuisine,01. CHÁO TƯƠI HÀNG NGÀY (CÓ SET NHÂN),01. cháo tươi hàng ngày (có set nhân),kg_20260602_172448,offline
restaurant:22847,Restaurant,Cơm Ngon 67 - Bạch Mai,cơm ngon 67 - bạch mai,kg_20260602_172448,offline
cuisine:Combo,Cuisine,Combo,combo,kg_20260602_172448,offline
restaurant:80180,Restaurant,"Quyên Phở Gà - Phở, Mì & Miến Trộn - Phố Vọng","quyên phở gà - phở, mì & miến trộn - phố vọng",kg_20260602_172448,offline
cuisine:Cháo,Cuisine,Cháo,cháo,kg_20260602_172448,offline
restaurant:15387,Restaurant,BBQ Cơm Sườn Phố Cổ - Trần Đại Nghĩa,bbq cơm sườn phố cổ - trần đại nghĩa,kg_20260602_172448,offline
cuisine:Cơm Đảo,Cuisine,Cơm Đảo,cơm đảo,kg_20260602_172448,offline
restaurant:128678,Restaurant,Quán Cô Ba - Cơm Tấm - Phố Vọng,quán cô ba - cơm tấm - phố vọng,kg_20260602_172448,offline
cuisine:Cơm Tấm Best Seller,Cuisine,Cơm Tấm Best Seller,cơm tấm best seller,kg_20260602_172448,offline
restaurant:7207,Restaurant,Cơm Tấm Anh Ba Sài Gòn - Ngõ Tự Do,cơm tấm anh ba sài gòn - ngõ tự do,kg_20260602_172448,offline
cuisine:Cơm Tấm Sườn Cốt Lết,Cuisine,Cơm Tấm Sườn Cốt Lết,cơm tấm sườn cốt lết,kg_20260602_172448,offline
restaurant:32487,Restaurant,Phở Gà Ngon 69 - Ngõ Tự Do,phở gà ngon 69 - ngõ tự do,kg_20260602_172448,offline
cuisine:Menu,Cuisine,Menu,menu,kg_20260602_172448,offline
restaurant:11305,Restaurant,Quán Cơm 76,quán cơm 76,kg_20260602_172448,offline
cuisine:Cơm Suất Đồng Giá,Cuisine,Cơm Suất Đồng Giá,cơm suất đồng giá,kg_20260602_172448,offline
restaurant:133169,Restaurant,Gà Rán Dakgalbi - Trần Đại Nghĩa,gà rán dakgalbi - trần đại nghĩa,kg_20260602_172448,offline
cuisine:Gà Nguyên Con,Cuisine,Gà Nguyên Con,gà nguyên con,kg_20260602_172448,offline
restaurant:13003,Restaurant,Lotteria - Bạch Mai,lotteria - bạch mai,kg_20260602_172448,offline
cuisine:Tháng 5 Deal Ngon,Cuisine,Tháng 5 Deal Ngon,tháng 5 deal ngon,kg_20260602_172448,offline
restaurant:31548,Restaurant,Han Chicken - Gà Rán Hàn Quốc - Bùi Ngọc Dương,han chicken - gà rán hàn quốc - bùi ngọc dương,kg_20260602_172448,offline
cuisine:Han chicken,Cuisine,Han chicken,han chicken,kg_20260602_172448,offline
restaurant:111500,Restaurant,Tiệm Gà A Bệu - Trần Khát Chân,tiệm gà a bệu - trần khát chân,kg_20260602_172448,offline
cuisine:Phở,Cuisine,Phở,phở,kg_20260602_172448,offline
restaurant:29781,Restaurant,Chú Tiểu - Bánh Mì Nướng Sốt & Muối Ớt - Ngõ Tự Do,chú tiểu - bánh mì nướng sốt & muối ớt - ngõ tự do,kg_20260602_172448,offline
cuisine:BÁNH MÌ MUỐI ỚT - NƯỚNG SỐT,Cuisine,BÁNH MÌ MUỐI ỚT - NƯỚNG SỐT,bánh mì muối ớt - nướng sốt,kg_20260602_172448,offline
restaurant:76300,Restaurant,Phở Gà & Thịt Xiên - Bùi Ngọc Dương,phở gà & thịt xiên - bùi ngọc dương,kg_20260602_172448,offline
cuisine:Menu,Cuisine,Menu,menu,kg_20260602_172448,offline
restaurant:119112,Restaurant,Cơm Rang A Lú - Lương Định Của,cơm rang a lú - lương định của,kg_20260602_172448,offline
cuisine:Cơm Rang Theo Mùa - Seasonal Menu,Cuisine,Cơm Rang Theo Mùa - Seasonal Menu,cơm rang theo mùa - seasonal menu,kg_20260602_172448,offline
restaurant:114792,Restaurant,Bún Chả - Nem Rán Long Vũ - Bạch Mai,bún chả - nem rán long vũ - bạch mai,kg_20260602_172448,offline
cuisine:Menu,Cuisine,Menu,menu,kg_20260602_172448,offline
restaurant:17056,Restaurant,Chảnh Quán - Gỏi Cuốn Mắm Nêm - Phố Vọng,chảnh quán - gỏi cuốn mắm nêm - phố vọng,kg_20260602_172448,offline
cuisine:Menu,Cuisine,Menu,menu,kg_20260602_172448,offline
restaurant:105958,Restaurant,Bánh Cuốn Nóng 101 Bà Triệu - Triệu Việt Vương,bánh cuốn nóng 101 bà triệu - triệu việt vương,kg_20260602_172448,offline
cuisine:Menu,Cuisine,Menu,menu,kg_20260602_172448,offline
restaurant:132613,Restaurant,Phở Dũng - Ô Đồng Lầm,phở dũng - ô đồng lầm,kg_20260602_172448,offline
cuisine:Menu,Cuisine,Menu,menu,kg_20260602_172448,offline
restaurant:34875,Restaurant,Cherry Hồng - Phở Gà & Bún Riêu Ốc - Trần Khát Chân,cherry hồng - phở gà & bún riêu ốc - trần khát chân,kg_20260602_172448,offline
cuisine:Phở Nước,Cuisine,Phở Nước,phở nước,kg_20260602_172448,offline
restaurant:14305,Restaurant,Phở Bò Long Bích - Võ Thị Sáu,phở bò long bích - võ thị sáu,kg_20260602_172448,offline
cuisine:PHỞ ĐẶC BIỆT,Cuisine,PHỞ ĐẶC BIỆT,phở đặc biệt,kg_20260602_172448,offline
restaurant:91853,Restaurant,Bánh Tráng Cuốn Thịt Heo Bốn Ba - Đại La,bánh tráng cuốn thịt heo bốn ba - đại la,kg_20260602_172448,offline
cuisine:Đồ Ăn,Cuisine,Đồ Ăn,đồ ăn,kg_20260602_172448,offline
restaurant:11493,Restaurant,Tun Tun - Bún Hải Sản Hoa Quả - Bùi Ngọc Dương,tun tun - bún hải sản hoa quả - bùi ngọc dương,kg_20260602_172448,offline
cuisine:BÚN HẢI SẢN HOA QUẢ,Cuisine,BÚN HẢI SẢN HOA QUẢ,bún hải sản hoa quả,kg_20260602_172448,offline
restaurant:22815,Restaurant,Bánh Cuốn Cao Bằng - Thể Giao,bánh cuốn cao bằng - thể giao,kg_20260602_172448,offline
cuisine:COMBO VUI CÙNG COCA-COLA,Cuisine,COMBO VUI CÙNG COCA-COLA,combo vui cùng coca-cola,kg_20260602_172448,offline
restaurant:93168,Restaurant,Minh Sơn - Bún Trộn & Phở Chiên Phồng - Bạch Mai,minh sơn - bún trộn & phở chiên phồng - bạch mai,kg_20260602_172448,offline
cuisine:Bún Trộn Nam Bộ,Cuisine,Bún Trộn Nam Bộ,bún trộn nam bộ,kg_20260602_172448,offline
restaurant:1108,Restaurant,Cô Tám - Cơm Rang & Cơm Tấm - 126 Hồng Mai,cô tám - cơm rang & cơm tấm - 126 hồng mai,kg_20260602_172448,offline
cuisine:Combo Cô Tám,Cuisine,Combo Cô Tám,combo cô tám,kg_20260602_172448,offline
restaurant:40980,Restaurant,Cơm Thố Bách Khoa - Lương Định Của,cơm thố bách khoa - lương định của,kg_20260602_172448,offline
cuisine:Mega Sale - Đồng Giá 67k,Cuisine,Mega Sale - Đồng Giá 67k,mega sale - đồng giá 67k,kg_20260602_172448,offline
restaurant:95450,Restaurant,Hương Hội An - Cơm Gà Hội An - Thanh Nhàn,hương hội an - cơm gà hội an - thanh nhàn,kg_20260602_172448,offline
cuisine:Khai Vị,Cuisine,Khai Vị,khai vị,kg_20260602_172448,offline
restaurant:134203,Restaurant,Cơm Lệ - Ấm Vị Gia Đình - 135 Triệu Việt Vương,cơm lệ - ấm vị gia đình - 135 triệu việt vương,kg_20260602_172448,offline
cuisine:Combo,Cuisine,Combo,combo,kg_20260602_172448,offline
restaurant:4486,Restaurant,"Bento Delichi (by Cooky) - Cơm Gà Mắm Tỏi, Xối Mỡ - Xã Đàn","bento delichi (by cooky) - cơm gà mắm tỏi, xối mỡ - xã đàn",kg_20260602_172448,offline
cuisine:ƯU ĐÃI HOT,Cuisine,ƯU ĐÃI HOT,ưu đãi hot,kg_20260602_172448,offline
restaurant:31187,Restaurant,Đáng Vũ - Bánh Cuốn Nóng Gia Truyền - Lương Định Của,đáng vũ - bánh cuốn nóng gia truyền - lương định của,kg_20260602_172448,offline
cuisine:Menu,Cuisine,Menu,menu,kg_20260602_172448,offline
restaurant:8785,Restaurant,Korean Chicken - Gà Rán Truyền Thống Hàn Quốc - Bạch Mai,korean chicken - gà rán truyền thống hàn quốc - bạch mai,kg_20260602_172448,offline
cuisine:GÀ NỬA CON,Cuisine,GÀ NỬA CON,gà nửa con,kg_20260602_172448,offline
restaurant:65884,Restaurant,Kaoya Hotpot - Mì Vịt Quay & Cơm Xá Xíu - Lương Định Của,kaoya hotpot - mì vịt quay & cơm xá xíu - lương định của,kg_20260602_172448,offline
cuisine:Cơm,Cuisine,Cơm,cơm,kg_20260602_172448,offline
restaurant:40716,Restaurant,Cơm Tấm Sài gòn - Hồng Mai,cơm tấm sài gòn - hồng mai,kg_20260602_172448,offline
cuisine:Menu,Cuisine,Menu,menu,kg_20260602_172448,offline
restaurant:58523,Restaurant,Tiệm Bánh Cô Bống - Trường Chinh,tiệm bánh cô bống - trường chinh,kg_20260602_172448,offline
cuisine:Menu,Cuisine,Menu,menu,kg_20260602_172448,offline
restaurant:62280,Restaurant,Bếp Mẹ Bơ 15A - Bánh Xèo Cốt Dừa - Hồng Mai,bếp mẹ bơ 15a - bánh xèo cốt dừa - hồng mai,kg_20260602_172448,offline
cuisine:Menu,Cuisine,Menu,menu,kg_20260602_172448,offline
restaurant:1279,Restaurant,Gạch Quán - Bánh Tráng Cuốn Thịt Heo,gạch quán - bánh tráng cuốn thịt heo,kg_20260602_172448,offline
cuisine:Đồ Ăn,Cuisine,Đồ Ăn,đồ ăn,kg_20260602_172448,offline
restaurant:32416,Restaurant,Ngọc Lợi - Miến & Bánh Đa Cua Trộn - Kim Liên,ngọc lợi - miến & bánh đa cua trộn - kim liên,kg_20260602_172448,offline
cuisine:Bánh Đa,Cuisine,Bánh Đa,bánh đa,kg_20260602_172448,offline
restaurant:39068,Restaurant,"Cơm Sườn Cooky - Cơm Tấm, Cơm Sườn Xốt - Trần Đại Nghĩa","cơm sườn cooky - cơm tấm, cơm sườn xốt - trần đại nghĩa",kg_20260602_172448,offline
cuisine:Ưu Đãi Delichi,Cuisine,Ưu Đãi Delichi,ưu đãi delichi,kg_20260602_172448,offline
restaurant:84292,Restaurant,Bánh Cuốn Nóng Cô Sợi Gia Truyền Nam Định - Tập Thể Kim Liên,bánh cuốn nóng cô sợi gia truyền nam định - tập thể kim liên,kg_20260602_172448,offline
cuisine:Menu,Cuisine,Menu,menu,kg_20260602_172448,offline
restaurant:32283,Restaurant,Hương Phệ - Bún Chả Ngon - Hồng Mai,hương phệ - bún chả ngon - hồng mai,kg_20260602_172448,offline
cuisine:THỰC ĐƠN,Cuisine,THỰC ĐƠN,thực đơn,kg_20260602_172448,offline
restaurant:4397,Restaurant,Mokchang - Đồ Ăn Hàn Quốc & Gà Rán - Xã Đàn,mokchang - đồ ăn hàn quốc & gà rán - xã đàn,kg_20260602_172448,offline
cuisine:Ưu Đãi Đặc Biệt.,Cuisine,Ưu Đãi Đặc Biệt.,ưu đãi đặc biệt.,kg_20260602_172448,offline
restaurant:7920,Restaurant,Cơm Gà Q35 - Hồng Mai,cơm gà q35 - hồng mai,kg_20260602_172448,offline
cuisine:CƠM RANG Q35,Cuisine,CƠM RANG Q35,cơm rang q35,kg_20260602_172448,offline
restaurant:61209,Restaurant,Bánh Tráng Cô Chin - Bánh Tráng Cuốn Phomai - Lương Định Của,bánh tráng cô chin - bánh tráng cuốn phomai - lương định của,kg_20260602_172448,offline
cuisine:Bánh Tráng,Cuisine,Bánh Tráng,bánh tráng,kg_20260602_172448,offline
restaurant:76124,Restaurant,Cơm Osechi - Cơm Gà & Cơm Thịt Heo - Phương Liệt,cơm osechi - cơm gà & cơm thịt heo - phương liệt,kg_20260602_172448,offline
cuisine:CÁC MÓN CƠM,Cuisine,CÁC MÓN CƠM,các món cơm,kg_20260602_172448,offline
restaurant:10227,Restaurant,Bánh Cuốn Đức Hạnh - Phạm Ngọc Thạch,bánh cuốn đức hạnh - phạm ngọc thạch,kg_20260602_172448,offline
cuisine:BÁNH CUỐN,Cuisine,BÁNH CUỐN,bánh cuốn,kg_20260602_172448,offline
restaurant:2443,Restaurant,Bánh Giò Nóng Xuân Thủy - Lương Định Của,bánh giò nóng xuân thủy - lương định của,kg_20260602_172448,offline
cuisine:Đồ Ăn Vặt,Cuisine,Đồ Ăn Vặt,đồ ăn vặt,kg_20260602_172448,offline
restaurant:116044,Restaurant,Cơm Bình Dân - Lạc Nghiệp,cơm bình dân - lạc nghiệp,kg_20260602_172448,offline
cuisine:Menu,Cuisine,Menu,menu,kg_20260602_172448,offline
restaurant:41433,Restaurant,Phở Lộc - Phạm Ngọc Thạch,phở lộc - phạm ngọc thạch,kg_20260602_172448,offline
cuisine:Cơm Rang - Mỳ Phở Xào,Cuisine,Cơm Rang - Mỳ Phở Xào,cơm rang - mỳ phở xào,kg_20260602_172448,offline
restaurant:16270,Restaurant,"Bún Chả, Bún Thịt Nướng & Thịt Xiên Cây Dâu - Nguyễn Công Trứ","bún chả, bún thịt nướng & thịt xiên cây dâu - nguyễn công trứ",kg_20260602_172448,offline
cuisine:Món chính,Cuisine,Món chính,món chính,kg_20260602_172448,offline
restaurant:96492,Restaurant,Bánh Cuốn Dẻo Gia Truyền Bà Minh - Lương Đình Của,bánh cuốn dẻo gia truyền bà minh - lương đình của,kg_20260602_172448,offline
cuisine:Bánh Cuốn - Không Kèm Chả,Cuisine,Bánh Cuốn - Không Kèm Chả,bánh cuốn - không kèm chả,kg_20260602_172448,offline
restaurant:99617,Restaurant,Cơm Đốt Thố Thái Lan - Xã Đàn,cơm đốt thố thái lan - xã đàn,kg_20260602_172448,offline
cuisine:Rau,Cuisine,Rau,rau,kg_20260602_172448,offline
restaurant:128372,Restaurant,Cơm BomPi - Gà & Xá Xíu - Trường Chinh,cơm bompi - gà & xá xíu - trường chinh,kg_20260602_172448,offline
cuisine:Menu,Cuisine,Menu,menu,kg_20260602_172448,offline
restaurant:10856,Restaurant,Hồng Hạnh - Bánh Cuốn Tôm Thịt,hồng hạnh - bánh cuốn tôm thịt,kg_20260602_172448,offline
cuisine:Menu,Cuisine,Menu,menu,kg_20260602_172448,offline
restaurant:134353,Restaurant,Bún Chả Trâm Anh - Trương Định,bún chả trâm anh - trương định,kg_20260602_172448,offline
cuisine:Combo,Cuisine,Combo,combo,kg_20260602_172448,offline
restaurant:32784,Restaurant,Nhà Hàng Đức Mai - Các Món Nhậu - Giải Phóng,nhà hàng đức mai - các món nhậu - giải phóng,kg_20260602_172448,offline
cuisine:Cùng Coca Cola,Cuisine,Cùng Coca Cola,cùng coca cola,kg_20260602_172448,offline
restaurant:95249,Restaurant,Cơm Tấm Sườn Đông Dương - Trương Định,cơm tấm sườn đông dương - trương định,kg_20260602_172448,offline
cuisine:Cơm tấm sườn cốt lết,Cuisine,Cơm tấm sườn cốt lết,cơm tấm sườn cốt lết,kg_20260602_172448,offline
restaurant:116631,Restaurant,Bà Tuyết - Bún Thái Hải Sản & Mì Chua Cay - Lương Định Của,bà tuyết - bún thái hải sản & mì chua cay - lương định của,kg_20260602_172448,offline
cuisine:Bún Thái,Cuisine,Bún Thái,bún thái,kg_20260602_172448,offline
restaurant:122272,Restaurant,Phở Bò Thu - Hồng Mai,phở bò thu - hồng mai,kg_20260602_172448,offline
cuisine:Cơm Rang - Phở Bò,Cuisine,Cơm Rang - Phở Bò,cơm rang - phở bò,kg_20260602_172448,offline
restaurant:26075,Restaurant,Chi Nấm - Cơm Văn Phòng,chi nấm - cơm văn phòng,kg_20260602_172448,offline
cuisine:Món chính,Cuisine,Món chính,món chính,kg_20260602_172448,offline
restaurant:119585,Restaurant,Cơm Tấm Nàng Bơ - Phạm Ngọc Thạch,cơm tấm nàng bơ - phạm ngọc thạch,kg_20260602_172448,offline
cuisine:Cơm Tấm,Cuisine,Cơm Tấm,cơm tấm,kg_20260602_172448,offline
restaurant:20058,Restaurant,TIỆM GÀ RÁN SỐ 19,tiệm gà rán số 19,kg_20260602_172448,offline
cuisine:COMBO,Cuisine,COMBO,combo,kg_20260602_172448,offline
restaurant:20000,Restaurant,Bánh Cuốn Nóng - Nguyễn Bỉnh Khiêm,bánh cuốn nóng - nguyễn bỉnh khiêm,kg_20260602_172448,offline
cuisine:Menu,Cuisine,Menu,menu,kg_20260602_172448,offline
restaurant:76892,Restaurant,GONGFU CHICKEN - Trương Định,gongfu chicken - trương định,kg_20260602_172448,offline
cuisine:Ưu Đãi Độc Quyền,Cuisine,Ưu Đãi Độc Quyền,ưu đãi độc quyền,kg_20260602_172448,offline
restaurant:68175,Restaurant,Cơm Quê Ngõ Nhỏ - Đồng Nhân,cơm quê ngõ nhỏ - đồng nhân,kg_20260602_172448,offline
"cuisine:Cơm Quê ""No Nê""",Cuisine,"Cơm Quê ""No Nê""","cơm quê ""no nê""",kg_20260602_172448,offline
restaurant:8868,Restaurant,Cơm Rang 10 Cẩm - Ngõ Trại Cá,cơm rang 10 cẩm - ngõ trại cá,kg_20260602_172448,offline
cuisine:Combo cùng coca,Cuisine,Combo cùng coca,combo cùng coca,kg_20260602_172448,offline
restaurant:130788,Restaurant,Vinh Anh - Chuyên Cơm Rang - Hà Kế Tấn,vinh anh - chuyên cơm rang - hà kế tấn,kg_20260602_172448,offline
cuisine:Menu,Cuisine,Menu,menu,kg_20260602_172448,offline
restaurant:130031,Restaurant,"Quán Cô Tín - Bún Đậu, Bánh Khoai & Bánh Chuối - Chùa Quỳnh","quán cô tín - bún đậu, bánh khoai & bánh chuối - chùa quỳnh",kg_20260602_172448,offline
cuisine:Menu,Cuisine,Menu,menu,kg_20260602_172448,offline
restaurant:24720,Restaurant,Gà Rán Tok Tok - Khâm Thiên,gà rán tok tok - khâm thiên,kg_20260602_172448,offline
cuisine:Mua 1 Tặng 1,Cuisine,Mua 1 Tặng 1,mua 1 tặng 1,kg_20260602_172448,offline
restaurant:57665,Restaurant,Phở Bò Gà & Bún Miến Ngan 343 - Phố Vọng,phở bò gà & bún miến ngan 343 - phố vọng,kg_20260602_172448,offline
cuisine:Menu,Cuisine,Menu,menu,kg_20260602_172448,offline
restaurant:11020,Restaurant,Bún Chả Cô An - Hanoi Grilled Pork Noodles - Khâm Thiên,bún chả cô an - hanoi grilled pork noodles - khâm thiên,kg_20260602_172448,offline
cuisine:Siêu Tiệc Lương Về,Cuisine,Siêu Tiệc Lương Về,siêu tiệc lương về,kg_20260602_172448,offline
restaurant:103124,Restaurant,Habon Chicken - Tiệm Gà Rán Hàn Quốc - Ngõ Trại Cá,habon chicken - tiệm gà rán hàn quốc - ngõ trại cá,kg_20260602_172448,offline
cuisine:TOKBOKKI,Cuisine,TOKBOKKI,tokbokki,kg_20260602_172448,offline
restaurant:126401,Restaurant,"Happy Food - Đồ Ăn Hàn, Gà Rán Sốt & Cơm Bò HQ - Phùng Khắc Khoan","happy food - đồ ăn hàn, gà rán sốt & cơm bò hq - phùng khắc khoan",kg_20260602_172448,offline
cuisine:Gra.b food KHUYẾN MẠI Tặng C2. Tên:Happy food-Đồ ăn Hàn,Cuisine,Gra.b food KHUYẾN MẠI Tặng C2. Tên:Happy food-Đồ ăn Hàn,gra.b food khuyến mại tặng c2. tên:happy food-đồ ăn hàn,kg_20260602_172448,offline
restaurant:36157,Restaurant,Bánh Cuốn Nóng Linh Béo - Ngõ Tân Lập,bánh cuốn nóng linh béo - ngõ tân lập,kg_20260602_172448,offline
cuisine:Menu,Cuisine,Menu,menu,kg_20260602_172448,offline
restaurant:9929,Restaurant,Gà Rán và Mỳ Ý Jollibee - Vincom Phạm Ngọc Thạch,gà rán và mỳ ý jollibee - vincom phạm ngọc thạch,kg_20260602_172448,offline
cuisine:CẶP ĐÔI ĂN Ý,Cuisine,CẶP ĐÔI ĂN Ý,cặp đôi ăn ý,kg_20260602_172448,offline
restaurant:73467,Restaurant,Mieso Food - Gà Rán & Gà Ủ Muối - Chợ Khâm Thiên,mieso food - gà rán & gà ủ muối - chợ khâm thiên,kg_20260602_172448,offline
cuisine:Gà Ri Tươi Ngon.,Cuisine,Gà Ri Tươi Ngon.,gà ri tươi ngon.,kg_20260602_172448,offline
restaurant:31750,Restaurant,Bếp Bé Bếu - Cơm & Bánh Mì Nướng Trung Hoa - Đặng Văn Ngữ,bếp bé bếu - cơm & bánh mì nướng trung hoa - đặng văn ngữ,kg_20260602_172448,offline
cuisine:Đồ Ăn Kèm,Cuisine,Đồ Ăn Kèm,đồ ăn kèm,kg_20260602_172448,offline
restaurant:109048,Restaurant,"Bếp Chử - Gỏi Cuốn, Bún Trộn & Nem Nướng Nha Trang - Nguyễn An Ninh","bếp chử - gỏi cuốn, bún trộn & nem nướng nha trang - nguyễn an ninh",kg_20260602_172448,offline
cuisine:❤️GỎI CUỐN HEALTHY❤️,Cuisine,❤️GỎI CUỐN HEALTHY❤️,❤️gỏi cuốn healthy❤️,kg_20260602_172448,offline
restaurant:1255,Restaurant,Cơm Rang Dế Mèn,cơm rang dế mèn,kg_20260602_172448,offline
cuisine:CƠM & MỲ,Cuisine,CƠM & MỲ,cơm & mỳ,kg_20260602_172448,offline
restaurant:53514,Restaurant,Cơm 1985 - Phố Chợ Khâm Thiên,cơm 1985 - phố chợ khâm thiên,kg_20260602_172448,offline
cuisine:Rau,Cuisine,Rau,rau,kg_20260602_172448,offline
menu_item:867932,MenuItem,Phở trộn bò và gà - 1 Coca cola,phở trộn bò và gà - 1 coca cola,kg_20260602_172448,offline
menu_item:867933,MenuItem,Miến trộn bò và gà - 1 coca cola,miến trộn bò và gà - 1 coca cola,kg_20260602_172448,offline
menu_item:867935,MenuItem,Bún trộn bò và gà - 1 Sprite,bún trộn bò và gà - 1 sprite,kg_20260602_172448,offline
menu_item:867936,MenuItem,Miến Trộn Bò Gà,miến trộn bò gà,kg_20260602_172448,offline
menu_item:867937,MenuItem,Phở Trộn Bò Gà,phở trộn bò gà,kg_20260602_172448,offline
menu_item:867938,MenuItem,Bún Trộn Bò Gà,bún trộn bò gà,kg_20260602_172448,offline
menu_item:867939,MenuItem,Bún Ngan Trộn,bún ngan trộn,kg_20260602_172448,offline
menu_item:867940,MenuItem,Bún Trộn Bò,bún trộn bò,kg_20260602_172448,offline
menu_item:867941,MenuItem,Miến Trộn Gà,miến trộn gà,kg_20260602_172448,offline
menu_item:867942,MenuItem,Bún Chả,bún chả,kg_20260602_172448,offline
menu_item:867943,MenuItem,Miến Trộn Bò,miến trộn bò,kg_20260602_172448,offline
menu_item:867944,MenuItem,Bún Thập Cẩm,bún thập cẩm,kg_20260602_172448,offline
menu_item:867945,MenuItem,Bún Ngan Nước,bún ngan nước,kg_20260602_172448,offline
menu_item:867946,MenuItem,Bún Trộn Gà,bún trộn gà,kg_20260602_172448,offline
menu_item:867947,MenuItem,Phở Trộn Gà,phở trộn gà,kg_20260602_172448,offline
menu_item:867948,MenuItem,Phở Trộn Bò,phở trộn bò,kg_20260602_172448,offline
menu_item:867949,MenuItem,Bún Cá,bún cá,kg_20260602_172448,offline
menu_item:867950,MenuItem,Bún Bò Nam Bộ (nước),bún bò nam bộ (nước),kg_20260602_172448,offline
menu_item:867951,MenuItem,Bánh Đa Trộn Bò Gà,bánh đa trộn bò gà,kg_20260602_172448,offline
menu_item:867952,MenuItem,Bún Gà Chan Nước,bún gà chan nước,kg_20260602_172448,offline
menu_item:867953,MenuItem,Bún Bò Giò Tai,bún bò giò tai,kg_20260602_172448,offline
menu_item:867954,MenuItem,Phở Bò Nước,phở bò nước,kg_20260602_172448,offline
menu_item:867955,MenuItem,Bún Bò Nam Bộ (Trộn),bún bò nam bộ (trộn),kg_20260602_172448,offline
menu_item:867956,MenuItem,Bún Mọc,bún mọc,kg_20260602_172448,offline
menu_item:867957,MenuItem,Phở Gà Nước,phở gà nước,kg_20260602_172448,offline
menu_item:867958,MenuItem,Mỳ Trộn Thập Cẩm,mỳ trộn thập cẩm,kg_20260602_172448,offline
menu_item:867959,MenuItem,Bánh Đa Cá (Nước),bánh đa cá (nước),kg_20260602_172448,offline
menu_item:867960,MenuItem,Mỳ Trộn Bò Gà Cay,mỳ trộn bò gà cay,kg_20260602_172448,offline
menu_item:867961,MenuItem,Há Cảo Thập Cẩm,há cảo thập cẩm,kg_20260602_172448,offline
menu_item:867962,MenuItem,Há Cảo Tôm,há cảo tôm,kg_20260602_172448,offline
menu_item:867963,MenuItem,Há Cảo Thịt Rau,há cảo thịt rau,kg_20260602_172448,offline
menu_item:867964,MenuItem,Há Cảo Thịt Nấm,há cảo thịt nấm,kg_20260602_172448,offline
menu_item:867965,MenuItem,Bún Cá Mọc,bún cá mọc,kg_20260602_172448,offline
menu_item:867966,MenuItem,Bánh Đa Cá Mọc Đậu,bánh đa cá mọc đậu,kg_20260602_172448,offline
menu_item:867967,MenuItem,Cơm Gà Sốt Chua Ngọt,cơm gà sốt chua ngọt,kg_20260602_172448,offline
menu_item:867968,MenuItem,Cơm Gà Luộc,cơm gà luộc,kg_20260602_172448,offline
menu_item:867969,MenuItem,Cơm Thịt Rang Trứng Rán Đậu Nhồi,cơm thịt rang trứng rán đậu nhồi,kg_20260602_172448,offline
menu_item:867970,MenuItem,Cơm Gà Rang Gừng,cơm gà rang gừng,kg_20260602_172448,offline
menu_item:867971,MenuItem,Cơm Gà Rán,cơm gà rán,kg_20260602_172448,offline
menu_item:867972,MenuItem,Cơm Thịt Xào Trứng Rán Lá Lốt,cơm thịt xào trứng rán lá lốt,kg_20260602_172448,offline
menu_item:867973,MenuItem,Cơm Cá Kho Trứng Rán Đậu Sốt,cơm cá kho trứng rán đậu sốt,kg_20260602_172448,offline
menu_item:867974,MenuItem,Cơm Gà Xào Xả Ớt,cơm gà xào xả ớt,kg_20260602_172448,offline
menu_item:867981,MenuItem,Cơm Thịt Xào Nấm,cơm thịt xào nấm,kg_20260602_172448,offline
menu_item:7670605,MenuItem,Cơm thịt lợn mường xào xả ớt,cơm thịt lợn mường xào xả ớt,kg_20260602_172448,offline
menu_item:9050411,MenuItem,Cơm thịt kho tàu - trứng cút,cơm thịt kho tàu - trứng cút,kg_20260602_172448,offline
menu_item:9050419,MenuItem,Cơm chả lá lốt vị nhà làm,cơm chả lá lốt vị nhà làm,kg_20260602_172448,offline
menu_item:9050433,MenuItem,Cơm thịt nướng giềng mẻ,cơm thịt nướng giềng mẻ,kg_20260602_172448,offline
menu_item:9050435,MenuItem,Cơm thịt quay giòn bì,cơm thịt quay giòn bì,kg_20260602_172448,offline
menu_item:9050436,MenuItem,Cơm thịt ba chỉ rang cháy cạnh,cơm thịt ba chỉ rang cháy cạnh,kg_20260602_172448,offline
menu_item:7670606,MenuItem,Bún chả truyền thống,bún chả truyền thống,kg_20260602_172448,offline
menu_item:7670608,MenuItem,Bún chả viên,bún chả viên,kg_20260602_172448,offline
menu_item:9050428,MenuItem,Bún chả đặc biệt,bún chả đặc biệt,kg_20260602_172448,offline
menu_item:9050430,MenuItem,Bún chả miếng,bún chả miếng,kg_20260602_172448,offline
menu_item:7670603,MenuItem,Cơm tấm - sườn cốt lết,cơm tấm - sườn cốt lết,kg_20260602_172448,offline
menu_item:7670604,MenuItem,Cơm tấm đặc biệt ( Sườn - Bì - Chả Trứng - Ốp la ),cơm tấm đặc biệt ( sườn - bì - chả trứng - ốp la ),kg_20260602_172448,offline
menu_item:7670609,MenuItem,Cơm tấm - sườn cốt lết - chả trứng,cơm tấm - sườn cốt lết - chả trứng,kg_20260602_172448,offline
menu_item:7670607,MenuItem,Bánh cuốn chả lẫn,bánh cuốn chả lẫn,kg_20260602_172448,offline
menu_item:11563785,MenuItem,Phở bò tái chín nạm,phở bò tái chín nạm,kg_20260602_172448,offline
menu_item:11563786,MenuItem,Phở bò gầu,phở bò gầu,kg_20260602_172448,offline
menu_item:11563787,MenuItem,Phở gà,phở gà,kg_20260602_172448,offline
menu_item:2513690,MenuItem,Xôi Chiên Bọc Nguyên Đùi Gà,xôi chiên bọc nguyên đùi gà,kg_20260602_172448,offline
menu_item:2513691,MenuItem,Xôi Chiên Nhân Đùi Gà Xé,xôi chiên nhân đùi gà xé,kg_20260602_172448,offline
menu_item:2513692,MenuItem,Cơm Rang Kim Chi Bò,cơm rang kim chi bò,kg_20260602_172448,offline
menu_item:2513693,MenuItem,Cơm Rang Kim Chi Xá Xíu,cơm rang kim chi xá xíu,kg_20260602_172448,offline
menu_item:2513694,MenuItem,Cơm Thịt Viên Rim Cà Chua,cơm thịt viên rim cà chua,kg_20260602_172448,offline
menu_item:2513695,MenuItem,Cơm Rang Đùi Gà Sốt Chua Ngọt,cơm rang đùi gà sốt chua ngọt,kg_20260602_172448,offline
menu_item:2513696,MenuItem,Cơm Trắng Sườn Sốt Chua Ngọt,cơm trắng sườn sốt chua ngọt,kg_20260602_172448,offline
menu_item:2513697,MenuItem,Cơm Đùi Gà Sốt Chua Ngọt,cơm đùi gà sốt chua ngọt,kg_20260602_172448,offline
menu_item:2513698,MenuItem,Cơm Rang Thịt Rán Xá Xíu,cơm rang thịt rán xá xíu,kg_20260602_172448,offline
menu_item:2513699,MenuItem,Cơm Rang Sườn Trứng Rim Cay,cơm rang sườn trứng rim cay,kg_20260602_172448,offline
menu_item:2513700,MenuItem,Cơm TRẮng Canh Kim Chi Thịt Bò,cơm trắng canh kim chi thịt bò,kg_20260602_172448,offline
menu_item:2513701,MenuItem,Cơm Trắng Sườn Trứng Rim Cay,cơm trắng sườn trứng rim cay,kg_20260602_172448,offline
menu_item:2513702,MenuItem,Cơm Rang Kim Chi Đùi Gà,cơm rang kim chi đùi gà,kg_20260602_172448,offline
menu_item:2513703,MenuItem,Cơm Trắng Thịt Rán Xá Xíu,cơm trắng thịt rán xá xíu,kg_20260602_172448,offline
menu_item:2513704,MenuItem,Cơm Rang Dưa Xào Bò,cơm rang dưa xào bò,kg_20260602_172448,offline
menu_item:2513705,MenuItem,Cơm Rang Đùi Gà Rán,cơm rang đùi gà rán,kg_20260602_172448,offline
menu_item:2513706,MenuItem,Cơm Rang Sườn Sốt Chua Ngọt,cơm rang sườn sốt chua ngọt,kg_20260602_172448,offline
menu_item:2513707,MenuItem,Cơm Nóng Canh Kim Chi Sườn Cay,cơm nóng canh kim chi sườn cay,kg_20260602_172448,offline
menu_item:2513708,MenuItem,Cơm Trắng Rau Cải Xào Thịt Bò,cơm trắng rau cải xào thịt bò,kg_20260602_172448,offline
menu_item:2513709,MenuItem,Cơm Trắng Dưa Xào Bò,cơm trắng dưa xào bò,kg_20260602_172448,offline
menu_item:2513710,MenuItem,Cơm Rang Thịt Viên Rim Cà Chua,cơm rang thịt viên rim cà chua,kg_20260602_172448,offline
menu_item:2513711,MenuItem,Cơm Rang Rau Cải Xào Thịt Bò,cơm rang rau cải xào thịt bò,kg_20260602_172448,offline
menu_item:2513712,MenuItem,Cơm Đùi Gà Nướng,cơm đùi gà nướng,kg_20260602_172448,offline
menu_item:2513718,MenuItem,Mỳ Xào Rau Cải Thịt Bò,mỳ xào rau cải thịt bò,kg_20260602_172448,offline
menu_item:2513719,MenuItem,Mỳ Udon Xào Kim Chi Bò Cay,mỳ udon xào kim chi bò cay,kg_20260602_172448,offline
menu_item:2513720,MenuItem,Mỳ Udon Xào Rau Cải Bò,mỳ udon xào rau cải bò,kg_20260602_172448,offline
menu_item:2513721,MenuItem,Mỳ Trộn Kim Chi Bò,mỳ trộn kim chi bò,kg_20260602_172448,offline
menu_item:2513724,MenuItem,Set 10 Nem Chua Rán,set 10 nem chua rán,kg_20260602_172448,offline
menu_item:2513728,MenuItem,Đùi Gà Rán,đùi gà rán,kg_20260602_172448,offline
menu_item:2513729,MenuItem,Set 5 Phô Mai Que,set 5 phô mai que,kg_20260602_172448,offline
menu_item:2513732,MenuItem,Ngô Xào Tép 2 Suất,ngô xào tép 2 suất,kg_20260602_172448,offline
menu_item:2513734,MenuItem,Bánh Bao Chay Chiên Kèm Sữa Chấm,bánh bao chay chiên kèm sữa chấm,kg_20260602_172448,offline
menu_item:394469,MenuItem,Phở Chín,phở chín,kg_20260602_172448,offline
menu_item:394470,MenuItem,Phở Tái,phở tái,kg_20260602_172448,offline
menu_item:394471,MenuItem,Phở Tái Chín,phở tái chín,kg_20260602_172448,offline
menu_item:394472,MenuItem,Phở Tái Nạm,phở tái nạm,kg_20260602_172448,offline
menu_item:394473,MenuItem,Phở Tái Bắp,phở tái bắp,kg_20260602_172448,offline
menu_item:394474,MenuItem,Phở Tái Lăn,phở tái lăn,kg_20260602_172448,offline
menu_item:394475,MenuItem,Phở Tái Gầu,phở tái gầu,kg_20260602_172448,offline
menu_item:394476,MenuItem,Phở Bắp Nạm,phở bắp nạm,kg_20260602_172448,offline
menu_item:394477,MenuItem,Phở Đặc Biệt,phở đặc biệt,kg_20260602_172448,offline
menu_item:394457,MenuItem,Cơm Gà Xối Mắm,cơm gà xối mắm,kg_20260602_172448,offline
menu_item:394459,MenuItem,Cơm Rang Thập Cẩm,cơm rang thập cẩm,kg_20260602_172448,offline
menu_item:394460,MenuItem,Cơm Rang Dưa Bò,cơm rang dưa bò,kg_20260602_172448,offline
menu_item:394461,MenuItem,Phở Xào Mềm,phở xào mềm,kg_20260602_172448,offline
menu_item:394462,MenuItem,Cơm Rang Cải Bò,cơm rang cải bò,kg_20260602_172448,offline
menu_item:394464,MenuItem,Đùi Gà Sốt,đùi gà sốt,kg_20260602_172448,offline
menu_item:394466,MenuItem,Cơm Sườn Sốt Ngũ Vị,cơm sườn sốt ngũ vị,kg_20260602_172448,offline
menu_item:394467,MenuItem,Mì xào mềm,mì xào mềm,kg_20260602_172448,offline
menu_item:4580862,MenuItem,Trứng Ốp (2 Quả),trứng ốp (2 quả),kg_20260602_172448,offline
menu_item:4580864,MenuItem,Mì Xào Mềm,mì xào mềm,kg_20260602_172448,offline
menu_item:394483,MenuItem,Cơm Rang Thập Cẩm - Coca,cơm rang thập cẩm - coca,kg_20260602_172448,offline
menu_item:4487874,MenuItem,Combo cơm thịt sốt chua ngọt -1 cocacola,combo cơm thịt sốt chua ngọt -1 cocacola,kg_20260602_172448,offline
menu_item:4487876,MenuItem,Combo cơm chả cá sốt -1 fanta,combo cơm chả cá sốt -1 fanta,kg_20260602_172448,offline
menu_item:4487877,MenuItem,Cơm thịt kho - 01 coca,cơm thịt kho - 01 coca,kg_20260602_172448,offline
menu_item:4487878,MenuItem,Combo cơm thập cẩm - 1 sprite chai,combo cơm thập cẩm - 1 sprite chai,kg_20260602_172448,offline
menu_item:4487879,MenuItem,Compo cơm thập cẩm - 1 coca chai,compo cơm thập cẩm - 1 coca chai,kg_20260602_172448,offline
menu_item:4487880,MenuItem,"Cơm gà sốt chua ngọt, trứng rán","cơm gà sốt chua ngọt, trứng rán",kg_20260602_172448,offline
menu_item:4487882,MenuItem,"Cơm thịt sốt chua ngọt, đậu nhồi thịt","cơm thịt sốt chua ngọt, đậu nhồi thịt",kg_20260602_172448,offline
menu_item:4487883,MenuItem,Cơm thịt kho - trứng,cơm thịt kho - trứng,kg_20260602_172448,offline
menu_item:4487884,MenuItem,Cơm Thịt băm rim - món phụ,cơm thịt băm rim - món phụ,kg_20260602_172448,offline
menu_item:4487885,MenuItem,Cơm Sườn sốt chua ngọt - món phụ,cơm sườn sốt chua ngọt - món phụ,kg_20260602_172448,offline
menu_item:4487886,MenuItem,Cơm gà rang gừng - đậu sốt,cơm gà rang gừng - đậu sốt,kg_20260602_172448,offline
menu_item:4487887,MenuItem,"Cơm Thịt rang, Món phụ","cơm thịt rang, món phụ",kg_20260602_172448,offline
menu_item:4487888,MenuItem,Cơm cá cơm sốt - 2 món phụ,cơm cá cơm sốt - 2 món phụ,kg_20260602_172448,offline
menu_item:4487889,MenuItem,Cơm đậu nhồi thịt - trứng rán,cơm đậu nhồi thịt - trứng rán,kg_20260602_172448,offline
menu_item:4487890,MenuItem,"Cơm nem cuốn, món phụ","cơm nem cuốn, món phụ",kg_20260602_172448,offline
menu_item:4487891,MenuItem,"Cơm thịt rang, đậu phụ sốt","cơm thịt rang, đậu phụ sốt",kg_20260602_172448,offline
menu_item:4487892,MenuItem,Cơm cá nục rán- Món Phụ,cơm cá nục rán- món phụ,kg_20260602_172448,offline
menu_item:4487895,MenuItem,Cơm chả cá sốt - món phụ,cơm chả cá sốt - món phụ,kg_20260602_172448,offline
menu_item:4487896,MenuItem,Cơm bò xào cần tỏi - trứng rán,cơm bò xào cần tỏi - trứng rán,kg_20260602_172448,offline
menu_item:4487897,MenuItem,Cơm gà xào sả ớt - món phụ,cơm gà xào sả ớt - món phụ,kg_20260602_172448,offline
menu_item:4487898,MenuItem,Cơm thịt xiên - món phụ,cơm thịt xiên - món phụ,kg_20260602_172448,offline
menu_item:7582731,MenuItem,Cơm rang dưa bò (best seller),cơm rang dưa bò (best seller),kg_20260602_172448,offline
menu_item:7582732,MenuItem,Cơm rang dưa bò - 1 trứng ốp,cơm rang dưa bò - 1 trứng ốp,kg_20260602_172448,offline
menu_item:7582733,MenuItem,Cơm rang cải bò,cơm rang cải bò,kg_20260602_172448,offline
menu_item:7582734,MenuItem,Cơm rang đùi gà xối mắm,cơm rang đùi gà xối mắm,kg_20260602_172448,offline
menu_item:7582735,MenuItem,Cơm rang cải bò - 1 trứng ốp,cơm rang cải bò - 1 trứng ốp,kg_20260602_172448,offline
menu_item:7582736,MenuItem,Cơm rang đùi gà xối mắm - 1 trứng ốp,cơm rang đùi gà xối mắm - 1 trứng ốp,kg_20260602_172448,offline
menu_item:7582737,MenuItem,Cơm rang thập cẩm - 1 trứng ốp,cơm rang thập cẩm - 1 trứng ốp,kg_20260602_172448,offline
menu_item:7582738,MenuItem,Cơm rang thập cẩm bò,cơm rang thập cẩm bò,kg_20260602_172448,offline
menu_item:7582739,MenuItem,Cơm rang thập cẩm (Best seller),cơm rang thập cẩm (best seller),kg_20260602_172448,offline
menu_item:7582741,MenuItem,Cơm rang dưa bò - coca,cơm rang dưa bò - coca,kg_20260602_172448,offline
menu_item:7582742,MenuItem,Cơm rang cải bò - coca,cơm rang cải bò - coca,kg_20260602_172448,offline
menu_item:7582743,MenuItem,Bún bò Huế tô nhỏ không móng,bún bò huế tô nhỏ không móng,kg_20260602_172448,offline
menu_item:7582744,MenuItem,Bún tô vừa,bún tô vừa,kg_20260602_172448,offline
menu_item:7582745,MenuItem,Bún tô lớn,bún tô lớn,kg_20260602_172448,offline
menu_item:7582746,MenuItem,Tô đặc biệt,tô đặc biệt,kg_20260602_172448,offline
menu_item:7582751,MenuItem,Phở tái,phở tái,kg_20260602_172448,offline
menu_item:7582752,MenuItem,Tái chín,tái chín,kg_20260602_172448,offline
menu_item:7582753,MenuItem,Tái nạm,tái nạm,kg_20260602_172448,offline
menu_item:7582754,MenuItem,Tái lăn,tái lăn,kg_20260602_172448,offline
menu_item:7582755,MenuItem,Mì bò tái,mì bò tái,kg_20260602_172448,offline
menu_item:7582747,MenuItem,phở xào,phở xào,kg_20260602_172448,offline
menu_item:7582748,MenuItem,Mì xào cải bò,mì xào cải bò,kg_20260602_172448,offline
menu_item:10917632,MenuItem,Bún riêu cua đặc biệt tặng 1 chai hạt chia 30k,bún riêu cua đặc biệt tặng 1 chai hạt chia 30k,kg_20260602_172448,offline
menu_item:10917633,MenuItem,Bún riêu cua tặng 1 chai nước hạt chia 20k,bún riêu cua tặng 1 chai nước hạt chia 20k,kg_20260602_172448,offline
menu_item:10917635,MenuItem,Bún riêu cua mọc ốc tặng 1 chai nước hạt chia 20k,bún riêu cua mọc ốc tặng 1 chai nước hạt chia 20k,kg_20260602_172448,offline
menu_item:10917637,MenuItem,Phở xào giòn ngập thịt bò tặng 1 chai nước hạt chia,phở xào giòn ngập thịt bò tặng 1 chai nước hạt chia,kg_20260602_172448,offline
menu_item:10917638,MenuItem,Mọc ốc,mọc ốc,kg_20260602_172448,offline
menu_item:10917639,MenuItem,Mọc thịt,mọc thịt,kg_20260602_172448,offline
menu_item:10917640,MenuItem,Tóp mỡ chiên giòn,tóp mỡ chiên giòn,kg_20260602_172448,offline
menu_item:10917641,MenuItem,Khoai tây lắc phô mai tặng 1 chai nước hạt chia,khoai tây lắc phô mai tặng 1 chai nước hạt chia,kg_20260602_172448,offline
menu_item:10917644,MenuItem,Bánh đa cua Hải Phòng tặng 1 chai nước hạt chia 30k,bánh đa cua hải phòng tặng 1 chai nước hạt chia 30k,kg_20260602_172448,offline
menu_item:10917646,MenuItem,Bún riêu cua ốc tặng 1 nước hạt chia 30k,bún riêu cua ốc tặng 1 nước hạt chia 30k,kg_20260602_172448,offline
menu_item:10917647,MenuItem,Chả cá chiên giòn,chả cá chiên giòn,kg_20260602_172448,offline
menu_item:10917649,MenuItem,Giò,giò,kg_20260602_172448,offline
menu_item:10917650,MenuItem,Bánh đa cua thập cẩm tặng 1 chai nước hạt chia 30k,bánh đa cua thập cẩm tặng 1 chai nước hạt chia 30k,kg_20260602_172448,offline
menu_item:10917651,MenuItem,Thịt bò,thịt bò,kg_20260602_172448,offline
menu_item:10917653,MenuItem,Bún riêu cua cá tặng 1 chai nước hạt chia 30k,bún riêu cua cá tặng 1 chai nước hạt chia 30k,kg_20260602_172448,offline
menu_item:10917654,MenuItem,Bún riêu cua giò tai tặng 1 chai nước hạt chia 30k,bún riêu cua giò tai tặng 1 chai nước hạt chia 30k,kg_20260602_172448,offline
menu_item:10917655,MenuItem,Bún riêu cua mọc thịt tặng 1 chai nước hạt chia 30k,bún riêu cua mọc thịt tặng 1 chai nước hạt chia 30k,kg_20260602_172448,offline
menu_item:10917656,MenuItem,Bún riêu cua bò tặng 1 chai nước hạt chia 30k,bún riêu cua bò tặng 1 chai nước hạt chia 30k,kg_20260602_172448,offline
menu_item:10917657,MenuItem,Bún riêu cua chả cá tặng 1 chai nước hạt chia 30k,bún riêu cua chả cá tặng 1 chai nước hạt chia 30k,kg_20260602_172448,offline
menu_item:10917658,MenuItem,Cơm rang dưa bò ngập thịt tặng 1 chai nước hạt chia 30k,cơm rang dưa bò ngập thịt tặng 1 chai nước hạt chia 30k,kg_20260602_172448,offline
menu_item:10917660,MenuItem,Bún riêu ốc tặng 1 chai nước hạt chia 30k,bún riêu ốc tặng 1 chai nước hạt chia 30k,kg_20260602_172448,offline
menu_item:10917661,MenuItem,Cơm đảo ngập thịt bò tặng 1 chai nước hạt chia 30k,cơm đảo ngập thịt bò tặng 1 chai nước hạt chia 30k,kg_20260602_172448,offline
menu_item:10917662,MenuItem,Cá rô chiên giòn,cá rô chiên giòn,kg_20260602_172448,offline
menu_item:10917664,MenuItem,Mỳ xào ngập thịt bò tặng 1 chai nước hạt chia 30k,mỳ xào ngập thịt bò tặng 1 chai nước hạt chia 30k,kg_20260602_172448,offline
menu_item:10917665,MenuItem,Bún riêu ốc đặc biệt tặng 1 chai nước hạt chia 20k,bún riêu ốc đặc biệt tặng 1 chai nước hạt chia 20k,kg_20260602_172448,offline
menu_item:10939343,MenuItem,Bánh Đa Cua ngập tràn topping tặng 1 chai nước hạt chia 30k,bánh đa cua ngập tràn topping tặng 1 chai nước hạt chia 30k,kg_20260602_172448,offline
menu_item:11247649,MenuItem,Bún riêu cua trộn ngập tràn topping tặng 1 ly nước hạt chia 30k,bún riêu cua trộn ngập tràn topping tặng 1 ly nước hạt chia 30k,kg_20260602_172448,offline
menu_item:11247661,MenuItem,Bánh Đa cua trộn ngập tràn topping tặng 1 ly nước hạt chia 30k,bánh đa cua trộn ngập tràn topping tặng 1 ly nước hạt chia 30k,kg_20260602_172448,offline
menu_item:11247668,MenuItem,Miến cua trộn ngập tràn topping tặng 1 ly nước hạt chia 30k,miến cua trộn ngập tràn topping tặng 1 ly nước hạt chia 30k,kg_20260602_172448,offline
menu_item:11467845,MenuItem,Mỳ cua trộn ngập bò tràn topping tặng 1 ly nước hạt chia 30k,mỳ cua trộn ngập bò tràn topping tặng 1 ly nước hạt chia 30k,kg_20260602_172448,offline
menu_item:11467847,MenuItem,Phở cua Trộn ngập bò tràn topping tặng 1 ly nước hạt chia 30k,phở cua trộn ngập bò tràn topping tặng 1 ly nước hạt chia 30k,kg_20260602_172448,offline
menu_item:11467861,MenuItem,Bún cá ngập tràn cá tặng 1 ly nước hạt chia 30k,bún cá ngập tràn cá tặng 1 ly nước hạt chia 30k,kg_20260602_172448,offline
menu_item:11472266,MenuItem,Bún riêu cua tặng 1 ly nước hạt chia 30k,bún riêu cua tặng 1 ly nước hạt chia 30k,kg_20260602_172448,offline
menu_item:11627239,MenuItem,Cơm rang trứng ngập trứng tặng 1 ly nước hạt chia 30k,cơm rang trứng ngập trứng tặng 1 ly nước hạt chia 30k,kg_20260602_172448,offline
menu_item:11627243,MenuItem,Cơm rang thập cẩm ngập topping tặng 1 ly nước hạt chia 30k,cơm rang thập cẩm ngập topping tặng 1 ly nước hạt chia 30k,kg_20260602_172448,offline
menu_item:11849758,MenuItem,Bún Giả Cầy Đặc Biệt tặng 1 ly nước hạt chia 30k,bún giả cầy đặc biệt tặng 1 ly nước hạt chia 30k,kg_20260602_172448,offline
menu_item:10917676,MenuItem,Phở xào thịt bò chay tặng 1 chai nước hạt chia 30k,phở xào thịt bò chay tặng 1 chai nước hạt chia 30k,kg_20260602_172448,offline
menu_item:11127183,MenuItem,Bún thang trứng mọc giò,bún thang trứng mọc giò,kg_20260602_172448,offline
menu_item:11127184,MenuItem,Bún thang gà lườn,bún thang gà lườn,kg_20260602_172448,offline
menu_item:11127185,MenuItem,Bún thang gà lẫn,bún thang gà lẫn,kg_20260602_172448,offline
menu_item:11127186,MenuItem,Bún thang gà lưng,bún thang gà lưng,kg_20260602_172448,offline
menu_item:11127187,MenuItem,Bún thang gà cánh,bún thang gà cánh,kg_20260602_172448,offline
menu_item:11127188,MenuItem,Bún thang gà tràng trứng,bún thang gà tràng trứng,kg_20260602_172448,offline
menu_item:11127189,MenuItem,Bún thang gà đùi,bún thang gà đùi,kg_20260602_172448,offline
menu_item:11127190,MenuItem,Bún thang đặc biệt,bún thang đặc biệt,kg_20260602_172448,offline
menu_item:11127200,MenuItem,Bún gà lườn,bún gà lườn,kg_20260602_172448,offline
menu_item:11127201,MenuItem,Bún gà lẫn,bún gà lẫn,kg_20260602_172448,offline
menu_item:11127202,MenuItem,Bún gà cánh,bún gà cánh,kg_20260602_172448,offline
menu_item:11127203,MenuItem,Bún gà lưng,bún gà lưng,kg_20260602_172448,offline
menu_item:11127204,MenuItem,Bún gà mọc,bún gà mọc,kg_20260602_172448,offline
menu_item:11127205,MenuItem,Bún gà đùi,bún gà đùi,kg_20260602_172448,offline
menu_item:11127206,MenuItem,Bún gà tràng trứng,bún gà tràng trứng,kg_20260602_172448,offline
menu_item:11127207,MenuItem,Bún đặc biệt,bún đặc biệt,kg_20260602_172448,offline
menu_item:11127217,MenuItem,Mì tôm gà lườn,mì tôm gà lườn,kg_20260602_172448,offline
menu_item:11127218,MenuItem,Mì tôm gà lẫn,mì tôm gà lẫn,kg_20260602_172448,offline
menu_item:11127219,MenuItem,Mì tôm gà cánh,mì tôm gà cánh,kg_20260602_172448,offline
menu_item:11127220,MenuItem,Mì tôm gà lưng,mì tôm gà lưng,kg_20260602_172448,offline
menu_item:11127221,MenuItem,Mì tôm phao câu,mì tôm phao câu,kg_20260602_172448,offline
menu_item:11127222,MenuItem,Mì tôm gà mọc,mì tôm gà mọc,kg_20260602_172448,offline
menu_item:11127223,MenuItem,Mì tôm gà đùi,mì tôm gà đùi,kg_20260602_172448,offline
menu_item:11127224,MenuItem,Mì tôm gà tràng trứng,mì tôm gà tràng trứng,kg_20260602_172448,offline
menu_item:11127225,MenuItem,Mì tôm đặc biệt,mì tôm đặc biệt,kg_20260602_172448,offline
menu_item:11127208,MenuItem,Miến gà lườn,miến gà lườn,kg_20260602_172448,offline
menu_item:11127209,MenuItem,Miến gà lẫn,miến gà lẫn,kg_20260602_172448,offline
menu_item:11127210,MenuItem,Miến gà cánh,miến gà cánh,kg_20260602_172448,offline
menu_item:11127211,MenuItem,Miến gà lưng,miến gà lưng,kg_20260602_172448,offline
menu_item:11127212,MenuItem,Miến phao câu,miến phao câu,kg_20260602_172448,offline
menu_item:11127213,MenuItem,Miến gà mọc,miến gà mọc,kg_20260602_172448,offline
menu_item:11127214,MenuItem,Miến gà đùi,miến gà đùi,kg_20260602_172448,offline
menu_item:11127215,MenuItem,Miến gà tràng trứng,miến gà tràng trứng,kg_20260602_172448,offline
menu_item:11127216,MenuItem,Miến đặc biệt,miến đặc biệt,kg_20260602_172448,offline
menu_item:11127159,MenuItem,Cơm cánh ức gà xối mỡ,cơm cánh ức gà xối mỡ,kg_20260602_172448,offline
menu_item:11127160,MenuItem,Cơm đùi gà góc tư xối mỡ,cơm đùi gà góc tư xối mỡ,kg_20260602_172448,offline
menu_item:11127161,MenuItem,Cơm cánh ức gà chiên mắm,cơm cánh ức gà chiên mắm,kg_20260602_172448,offline
menu_item:11127162,MenuItem,Cơm đùi gà góc tư chiên mắm,cơm đùi gà góc tư chiên mắm,kg_20260602_172448,offline
menu_item:11127163,MenuItem,Cơm gà Hải Nam - cánh ức,cơm gà hải nam - cánh ức,kg_20260602_172448,offline
menu_item:11127164,MenuItem,Cơm gà Hải Nam - đùi góc tư,cơm gà hải nam - đùi góc tư,kg_20260602_172448,offline
menu_item:11127165,MenuItem,Cơm gà xé Hội An,cơm gà xé hội an,kg_20260602_172448,offline
menu_item:11127166,MenuItem,Cơm gà sốt nấm,cơm gà sốt nấm,kg_20260602_172448,offline
menu_item:11127167,MenuItem,Cơm bò lúc lắc,cơm bò lúc lắc,kg_20260602_172448,offline
menu_item:11127168,MenuItem,Cơm bò sốt tiêu,cơm bò sốt tiêu,kg_20260602_172448,offline
menu_item:11127169,MenuItem,Cơm xá xíu,cơm xá xíu,kg_20260602_172448,offline
menu_item:11127170,MenuItem,Cơm sườn,cơm sườn,kg_20260602_172448,offline
menu_item:11127148,MenuItem,Xôi gà lườn,xôi gà lườn,kg_20260602_172448,offline
menu_item:11127149,MenuItem,Xôi gà lẫn,xôi gà lẫn,kg_20260602_172448,offline
menu_item:11127150,MenuItem,Xôi gà cánh,xôi gà cánh,kg_20260602_172448,offline
menu_item:11127151,MenuItem,Xôi gà lưng,xôi gà lưng,kg_20260602_172448,offline
menu_item:11127152,MenuItem,Xôi gà đùi,xôi gà đùi,kg_20260602_172448,offline
menu_item:11127172,MenuItem,Rau xào tỏi,rau xào tỏi,kg_20260602_172448,offline
menu_item:11127173,MenuItem,Bò xào rau cải,bò xào rau cải,kg_20260602_172448,offline
menu_item:11127245,MenuItem,Ngô chiên,ngô chiên,kg_20260602_172448,offline
menu_item:10685727,MenuItem,Cơm gà đùi chiên sốt cay,cơm gà đùi chiên sốt cay,kg_20260602_172448,offline
menu_item:10685729,MenuItem,Cơm cánh gà chiên mắm tỏi,cơm cánh gà chiên mắm tỏi,kg_20260602_172448,offline
menu_item:10685730,MenuItem,Cơm đùi gà chiên sốt chấm Thái,cơm đùi gà chiên sốt chấm thái,kg_20260602_172448,offline
menu_item:10685731,MenuItem,Cơm gà đùi chiên sốt chua ngọt,cơm gà đùi chiên sốt chua ngọt,kg_20260602_172448,offline
menu_item:10685733,MenuItem,Set gà - khoai cô đơn - must try,set gà - khoai cô đơn - must try,kg_20260602_172448,offline
menu_item:10685740,MenuItem,Khoai tây chiên - 150gr,khoai tây chiên - 150gr,kg_20260602_172448,offline
menu_item:10685741,MenuItem,Gà đùi chiên sốt cay - không xương,gà đùi chiên sốt cay - không xương,kg_20260602_172448,offline
menu_item:10685742,MenuItem,Gà viên popcorn,gà viên popcorn,kg_20260602_172448,offline
menu_item:10685743,MenuItem,Gà đùi chiên sốt chua ngọt - không xương,gà đùi chiên sốt chua ngọt - không xương,kg_20260602_172448,offline
menu_item:4235913,MenuItem,Bún chả lá xương sông đày đủ,bún chả lá xương sông đày đủ,kg_20260602_172448,offline
menu_item:4235914,MenuItem,Bún chả lá xương sông thịt miếng,bún chả lá xương sông thịt miếng,kg_20260602_172448,offline
menu_item:4235915,MenuItem,Bún chả lá xương sông thịt băm,bún chả lá xương sông thịt băm,kg_20260602_172448,offline
menu_item:4235916,MenuItem,Bún nem,bún nem,kg_20260602_172448,offline
menu_item:4235919,MenuItem,Phở tái,phở tái,kg_20260602_172448,offline
menu_item:4235920,MenuItem,Phở chín,phở chín,kg_20260602_172448,offline
menu_item:4235921,MenuItem,Phở tái chín,phở tái chín,kg_20260602_172448,offline
menu_item:4235922,MenuItem,Phở bắp bò,phở bắp bò,kg_20260602_172448,offline
menu_item:12245917,MenuItem,Cơm bò gyudon,cơm bò gyudon,kg_20260602_172448,offline
menu_item:12245919,MenuItem,Cơm thịt chiên xù,cơm thịt chiên xù,kg_20260602_172448,offline
menu_item:12245923,MenuItem,Cơm cá hồi nướng,cơm cá hồi nướng,kg_20260602_172448,offline
menu_item:12245926,MenuItem,Cơm gà nướng,cơm gà nướng,kg_20260602_172448,offline
menu_item:12245931,MenuItem,Cơm gà rán,cơm gà rán,kg_20260602_172448,offline
menu_item:12245937,MenuItem,Cơm trứng onsen,cơm trứng onsen,kg_20260602_172448,offline
menu_item:12245933,MenuItem,Cơm cari thịt chiên xù,cơm cari thịt chiên xù,kg_20260602_172448,offline
menu_item:12245935,MenuItem,Cari gà rán karaage,cari gà rán karaage,kg_20260602_172448,offline
menu_item:11291704,MenuItem,Phở gà thường,phở gà thường,kg_20260602_172448,offline
menu_item:11291706,MenuItem,Phở gà đùi,phở gà đùi,kg_20260602_172448,offline
menu_item:11291712,MenuItem,Phở gà cánh,phở gà cánh,kg_20260602_172448,offline
menu_item:11291722,MenuItem,phở trộn thường,phở trộn thường,kg_20260602_172448,offline
menu_item:11291724,MenuItem,Bún thang,bún thang,kg_20260602_172448,offline
menu_item:11291729,MenuItem,Miến gà (nước),miến gà (nước),kg_20260602_172448,offline
menu_item:11291733,MenuItem,Miến trộn,miến trộn,kg_20260602_172448,offline
menu_item:11318354,MenuItem,cơm sườn xào chưa ngọt,cơm sườn xào chưa ngọt,kg_20260602_172448,offline
menu_item:11318356,MenuItem,cơm thịt khó trứng cút,cơm thịt khó trứng cút,kg_20260602_172448,offline
menu_item:11318358,MenuItem,cơm cá kho diềng,cơm cá kho diềng,kg_20260602_172448,offline
menu_item:11318361,MenuItem,cơm thịt xá xíu,cơm thịt xá xíu,kg_20260602_172448,offline
menu_item:11318369,MenuItem,cơm thịt luộc,cơm thịt luộc,kg_20260602_172448,offline
menu_item:11318375,MenuItem,cơm mắm tép chưng thịt,cơm mắm tép chưng thịt,kg_20260602_172448,offline
menu_item:7390659,MenuItem,Bánh cuốn chả lẫn,bánh cuốn chả lẫn,kg_20260602_172448,offline
menu_item:7390660,MenuItem,Bánh cuốn chả quế,bánh cuốn chả quế,kg_20260602_172448,offline
menu_item:7390661,MenuItem,Bánh cuốn chả nướng,bánh cuốn chả nướng,kg_20260602_172448,offline
menu_item:7390662,MenuItem,Bánh cuốn chay,bánh cuốn chay,kg_20260602_172448,offline
menu_item:7390663,MenuItem,Bánh cuốn nhân hành,bánh cuốn nhân hành,kg_20260602_172448,offline
menu_item:8766972,MenuItem,Bánh cuốn nạp xưởng,bánh cuốn nạp xưởng,kg_20260602_172448,offline
menu_item:8766998,MenuItem,Bánh cuốn trứng chả quế,bánh cuốn trứng chả quế,kg_20260602_172448,offline
menu_item:8766999,MenuItem,Bánh cuốn trứng chả lẫn,bánh cuốn trứng chả lẫn,kg_20260602_172448,offline
menu_item:8767005,MenuItem,Bánh cuốn trứng chả nướng,bánh cuốn trứng chả nướng,kg_20260602_172448,offline
menu_item:8767018,MenuItem,Bánh cuốn chay chả nướng,bánh cuốn chay chả nướng,kg_20260602_172448,offline
menu_item:8767458,MenuItem,Bánh cuốn không chả,bánh cuốn không chả,kg_20260602_172448,offline
menu_item:10214603,MenuItem,Bún chả chấm,bún chả chấm,kg_20260602_172448,offline
menu_item:10214605,MenuItem,bún chả chấm viên,bún chả chấm viên,kg_20260602_172448,offline
menu_item:10214607,MenuItem,bún chả chấm thịt miếng,bún chả chấm thịt miếng,kg_20260602_172448,offline
menu_item:1005079,MenuItem,Phở xào mềm bò,phở xào mềm bò,kg_20260602_172448,offline
menu_item:1005080,MenuItem,Phở xào giòn bò,phở xào giòn bò,kg_20260602_172448,offline
menu_item:1005081,MenuItem,Phở xào giòn tim,phở xào giòn tim,kg_20260602_172448,offline
menu_item:1005082,MenuItem,Phở xào mềm tim,phở xào mềm tim,kg_20260602_172448,offline
menu_item:1005084,MenuItem,Mỳ xào thịt bò,mỳ xào thịt bò,kg_20260602_172448,offline
menu_item:1005085,MenuItem,Mỳ xào giòn bò,mỳ xào giòn bò,kg_20260602_172448,offline
menu_item:1005086,MenuItem,Mỳ xào mềm tim,mỳ xào mềm tim,kg_20260602_172448,offline
menu_item:1005087,MenuItem,Mỳ xào giòn tim,mỳ xào giòn tim,kg_20260602_172448,offline
menu_item:1005089,MenuItem,Phở xào chay - phở xào rau hành tây cà chua,phở xào chay - phở xào rau hành tây cà chua,kg_20260602_172448,offline
menu_item:1005090,MenuItem,Cơm rang dưa bò rang lẫn,cơm rang dưa bò rang lẫn,kg_20260602_172448,offline
menu_item:1005091,MenuItem,Cơm rang thập cẩm,cơm rang thập cẩm,kg_20260602_172448,offline
menu_item:1005092,MenuItem,Cơm rang dưa gà,cơm rang dưa gà,kg_20260602_172448,offline
menu_item:1005093,MenuItem,Cơm rang trứng ruốc,cơm rang trứng ruốc,kg_20260602_172448,offline
menu_item:1005094,MenuItem,Cơm rang cải bò - rang lẫn - dưa góp ăn kèm,cơm rang cải bò - rang lẫn - dưa góp ăn kèm,kg_20260602_172448,offline
menu_item:1005095,MenuItem,Cơm rang trứng rán óc - dưa góp ăn kèm,cơm rang trứng rán óc - dưa góp ăn kèm,kg_20260602_172448,offline
menu_item:1005097,MenuItem,Óc tần ngải cứu,óc tần ngải cứu,kg_20260602_172448,offline
menu_item:1005099,MenuItem,Gà tần đùi,gà tần đùi,kg_20260602_172448,offline
menu_item:1005102,MenuItem,Tim tần ngải cứu,tim tần ngải cứu,kg_20260602_172448,offline
menu_item:1005103,MenuItem,Mỳ gà tần đùi,mỳ gà tần đùi,kg_20260602_172448,offline
menu_item:1005104,MenuItem,Bát mỳ tim,bát mỳ tim,kg_20260602_172448,offline
menu_item:1005105,MenuItem,Phở gà - thịt đùi,phở gà - thịt đùi,kg_20260602_172448,offline
menu_item:1005106,MenuItem,Phở bò tái,phở bò tái,kg_20260602_172448,offline
menu_item:1005107,MenuItem,PHỞ SỐT VANG,phở sốt vang,kg_20260602_172448,offline
menu_item:1005110,MenuItem,BÂT Mỹ THỊT BÒ,bât mỹ thịt bò,kg_20260602_172448,offline
menu_item:1005111,MenuItem,Mỳ thịt gà đùi,mỳ thịt gà đùi,kg_20260602_172448,offline
menu_item:1005113,MenuItem,Óc trần giá,óc trần giá,kg_20260602_172448,offline
menu_item:1005114,MenuItem,Cháo gà hành tía tô,cháo gà hành tía tô,kg_20260602_172448,offline
menu_item:1005115,MenuItem,CHÁO TiIM hành tía tô,cháo tiim hành tía tô,kg_20260602_172448,offline
menu_item:1005116,MenuItem,CHAO THỊT XAY hành tía tô,chao thịt xay hành tía tô,kg_20260602_172448,offline
menu_item:1005117,MenuItem,Cháo tràng trứng non,cháo tràng trứng non,kg_20260602_172448,offline
menu_item:1005118,MenuItem,Cháo thịt bò,cháo thịt bò,kg_20260602_172448,offline
menu_item:1005119,MenuItem,Cháo óc 1 bộ óc,cháo óc 1 bộ óc,kg_20260602_172448,offline
menu_item:1005120,MenuItem,Phở trộn gà dưa góp ăn kèm,phở trộn gà dưa góp ăn kèm,kg_20260602_172448,offline
menu_item:1005121,MenuItem,Phở trộn bò và dưa góp ăn kèm,phở trộn bò và dưa góp ăn kèm,kg_20260602_172448,offline
menu_item:1005123,MenuItem,Phở trộn tim và dưa góp ăn kèm,phở trộn tim và dưa góp ăn kèm,kg_20260602_172448,offline
menu_item:9945137,MenuItem,Cơm gà sốt cay kiểu Mỹ,cơm gà sốt cay kiểu mỹ,kg_20260602_172448,offline
menu_item:9945136,MenuItem,Cơm gà sốt mắm tiêu,cơm gà sốt mắm tiêu,kg_20260602_172448,offline
menu_item:9945135,MenuItem,Cơm gà sốt me,cơm gà sốt me,kg_20260602_172448,offline
menu_item:9945138,MenuItem,Gà viên sốt cay kiểu Mỹ,gà viên sốt cay kiểu mỹ,kg_20260602_172448,offline
menu_item:9945139,MenuItem,Má đùi sốt mắm tiêu,má đùi sốt mắm tiêu,kg_20260602_172448,offline
menu_item:9945140,MenuItem,Má đùi sốt me,má đùi sốt me,kg_20260602_172448,offline
menu_item:10993981,MenuItem,Đùi Gà Rán Rút Xương Đặc Biệt,đùi gà rán rút xương đặc biệt,kg_20260602_172448,offline
menu_item:10993957,MenuItem,Combo 1,combo 1,kg_20260602_172448,offline
menu_item:10993985,MenuItem,Combo 2 Đùi Gà Rán Rút Xương,combo 2 đùi gà rán rút xương,kg_20260602_172448,offline
menu_item:10994000,MenuItem,Combo 2 Đùi Gà Rán Rút Xương + 2 coca,combo 2 đùi gà rán rút xương + 2 coca,kg_20260602_172448,offline
menu_item:2228596,MenuItem,Cơm rang thập cẩm,cơm rang thập cẩm,kg_20260602_172448,offline
menu_item:2228597,MenuItem,Cơm rang dưa bò,cơm rang dưa bò,kg_20260602_172448,offline
menu_item:2228598,MenuItem,Cơm rang dưa gà,cơm rang dưa gà,kg_20260602_172448,offline
menu_item:2228599,MenuItem,Cơm rang cải bò,cơm rang cải bò,kg_20260602_172448,offline
menu_item:2228600,MenuItem,Phở xào giòn bò,phở xào giòn bò,kg_20260602_172448,offline
menu_item:2228601,MenuItem,Phở xào mềm bò,phở xào mềm bò,kg_20260602_172448,offline
menu_item:2228602,MenuItem,Phở xào giòn tim cật,phở xào giòn tim cật,kg_20260602_172448,offline
menu_item:2228603,MenuItem,Phở xào tràng trứng,phở xào tràng trứng,kg_20260602_172448,offline
menu_item:2228604,MenuItem,Mì xào mềm bò,mì xào mềm bò,kg_20260602_172448,offline
menu_item:2228605,MenuItem,Mì xào giòn tim cật,mì xào giòn tim cật,kg_20260602_172448,offline
menu_item:2228606,MenuItem,Mì xào giòn bò,mì xào giòn bò,kg_20260602_172448,offline
menu_item:2228607,MenuItem,Mì xào tràng trứng,mì xào tràng trứng,kg_20260602_172448,offline
menu_item:2228608,MenuItem,Bún ngan mọc,bún ngan mọc,kg_20260602_172448,offline
menu_item:2228609,MenuItem,Phở trộn gà,phở trộn gà,kg_20260602_172448,offline
menu_item:2228610,MenuItem,Phở bò,phở bò,kg_20260602_172448,offline
menu_item:2228611,MenuItem,Bún gà mọc,bún gà mọc,kg_20260602_172448,offline
menu_item:2228612,MenuItem,Miến trộn ngan,miến trộn ngan,kg_20260602_172448,offline
menu_item:2228613,MenuItem,Phở gà mọc,phở gà mọc,kg_20260602_172448,offline
menu_item:2228614,MenuItem,Bún bò măng,bún bò măng,kg_20260602_172448,offline
menu_item:2228615,MenuItem,Miến ngan mọc,miến ngan mọc,kg_20260602_172448,offline
menu_item:2228616,MenuItem,Cháo tim cật,cháo tim cật,kg_20260602_172448,offline
menu_item:2228617,MenuItem,Cháo thịt băm,cháo thịt băm,kg_20260602_172448,offline
menu_item:2228618,MenuItem,Cháo gà,cháo gà,kg_20260602_172448,offline
menu_item:2228619,MenuItem,Cháo bò,cháo bò,kg_20260602_172448,offline
menu_item:2228621,MenuItem,Óc trần giá hành,óc trần giá hành,kg_20260602_172448,offline
menu_item:2228622,MenuItem,Tràng trứng trần,tràng trứng trần,kg_20260602_172448,offline
menu_item:5609918,MenuItem,Phở bò tái gầu - coca,phở bò tái gầu - coca,kg_20260602_172448,offline
menu_item:5609919,MenuItem,Cơm rang dưa bò - coca,cơm rang dưa bò - coca,kg_20260602_172448,offline
menu_item:5609920,MenuItem,Phở bò tái - coca,phở bò tái - coca,kg_20260602_172448,offline
menu_item:5609922,MenuItem,Phở tái gầu,phở tái gầu,kg_20260602_172448,offline
menu_item:5609923,MenuItem,Cơm rang dưa bò,cơm rang dưa bò,kg_20260602_172448,offline
menu_item:5609924,MenuItem,Phở tái chín,phở tái chín,kg_20260602_172448,offline
menu_item:5609925,MenuItem,Phở bò tái,phở bò tái,kg_20260602_172448,offline
menu_item:5609926,MenuItem,Phở bò chín,phở bò chín,kg_20260602_172448,offline
menu_item:5609927,MenuItem,Phở bò gầu,phở bò gầu,kg_20260602_172448,offline
menu_item:5609928,MenuItem,Phở sốt vang,phở sốt vang,kg_20260602_172448,offline
menu_item:5609929,MenuItem,Phở tái bắp,phở tái bắp,kg_20260602_172448,offline
menu_item:5609930,MenuItem,Phở tái lăn,phở tái lăn,kg_20260602_172448,offline
menu_item:5609931,MenuItem,Phở xào,phở xào,kg_20260602_172448,offline
menu_item:5609932,MenuItem,Phở lõi,phở lõi,kg_20260602_172448,offline
menu_item:5609933,MenuItem,Cơm rang thập cẩm,cơm rang thập cẩm,kg_20260602_172448,offline
menu_item:5609934,MenuItem,Cơm đùi gà xối mắm,cơm đùi gà xối mắm,kg_20260602_172448,offline
menu_item:5609935,MenuItem,Phở trộn,phở trộn,kg_20260602_172448,offline
menu_item:5609936,MenuItem,Mỳ xào,mỳ xào,kg_20260602_172448,offline
menu_item:5609937,MenuItem,Phở tái gân,phở tái gân,kg_20260602_172448,offline
menu_item:5609938,MenuItem,Cơm rang cải bò,cơm rang cải bò,kg_20260602_172448,offline
menu_item:5609939,MenuItem,Phở gân sốt vang,phở gân sốt vang,kg_20260602_172448,offline
menu_item:5609940,MenuItem,Bún trộn,bún trộn,kg_20260602_172448,offline
menu_item:5609941,MenuItem,Cơm rang xá xíu,cơm rang xá xíu,kg_20260602_172448,offline
menu_item:5609942,MenuItem,Phở tuỷ bò,phở tuỷ bò,kg_20260602_172448,offline
menu_item:4293300,MenuItem,Phở Cuốn - 10 cái,phở cuốn - 10 cái,kg_20260602_172448,offline
menu_item:4293301,MenuItem,Phở Chiên Phồng,phở chiên phồng,kg_20260602_172448,offline
menu_item:4293302,MenuItem,Phở Xào,phở xào,kg_20260602_172448,offline
menu_item:4293303,MenuItem,Phở Chiên Trứng,phở chiên trứng,kg_20260602_172448,offline
menu_item:4293304,MenuItem,"Vỏ chiên phồng , đặt cùng phở cuốn","vỏ chiên phồng , đặt cùng phở cuốn",kg_20260602_172448,offline
menu_item:4293306,MenuItem,Phở gà ta,phở gà ta,kg_20260602_172448,offline
menu_item:4293307,MenuItem,Mì Xào,mì xào,kg_20260602_172448,offline
menu_item:4293308,MenuItem,Mỳ ý spaghetti,mỳ ý spaghetti,kg_20260602_172448,offline
menu_item:4293309,MenuItem,Bún Bò Nam Bộ,bún bò nam bộ,kg_20260602_172448,offline
menu_item:4293310,MenuItem,Bún măng mọc,bún măng mọc,kg_20260602_172448,offline
menu_item:4293311,MenuItem,Cơm Rang Dưa Bò,cơm rang dưa bò,kg_20260602_172448,offline
menu_item:4293312,MenuItem,Cơm Sườn,cơm sườn,kg_20260602_172448,offline
menu_item:4293313,MenuItem,Cơm Bò Kho,cơm bò kho,kg_20260602_172448,offline
menu_item:4293314,MenuItem,Cơm Gà,cơm gà,kg_20260602_172448,offline
menu_item:4293315,MenuItem,Cơm cá,cơm cá,kg_20260602_172448,offline
menu_item:4293316,MenuItem,Cơm thịt chân giò luộc mắm tép,cơm thịt chân giò luộc mắm tép,kg_20260602_172448,offline
menu_item:4293317,MenuItem,Cơm thịt 3 chỉ quay,cơm thịt 3 chỉ quay,kg_20260602_172448,offline
menu_item:4293318,MenuItem,Cơm thịt rang,cơm thịt rang,kg_20260602_172448,offline
menu_item:4293322,MenuItem,Sinh tố bơ,sinh tố bơ,kg_20260602_172448,offline
menu_item:4293325,MenuItem,Sinh tố xoài,sinh tố xoài,kg_20260602_172448,offline
menu_item:4293327,MenuItem,Ổi ép,ổi ép,kg_20260602_172448,offline
menu_item:4293328,MenuItem,Dứa ép,dứa ép,kg_20260602_172448,offline
menu_item:11033543,MenuItem,Cơm Thịt Heo Chiên Xù Sốt Phô Mai,cơm thịt heo chiên xù sốt phô mai,kg_20260602_172448,offline
menu_item:9063727,MenuItem,Cơm Sườn Cay Đặc Biệt,cơm sườn cay đặc biệt,kg_20260602_172448,offline
menu_item:9063676,MenuItem,Cơm Sườn Cay Trứng Ngâm Tương,cơm sườn cay trứng ngâm tương,kg_20260602_172448,offline
menu_item:9568245,MenuItem,Cơm Sườn Cay Trứng Ngâm + Nước,cơm sườn cay trứng ngâm + nước,kg_20260602_172448,offline
menu_item:12060404,MenuItem,Cơm Sườn Cay Quốc Dân + TRÀ TẮC HƯƠNG LÀI,cơm sườn cay quốc dân + trà tắc hương lài,kg_20260602_172448,offline
menu_item:12060422,MenuItem,Cơm Sườn Cay Đặc Biệt + Nước,cơm sườn cay đặc biệt + nước,kg_20260602_172448,offline
menu_item:8657246,MenuItem,Cơm Sườn Om Chua Ngọt,cơm sườn om chua ngọt,kg_20260602_172448,offline
menu_item:10411810,MenuItem,Cơm Sườn Cay Quốc Dân,cơm sườn cay quốc dân,kg_20260602_172448,offline
menu_item:11033551,MenuItem,Cơm Sườn Cay Tê Cấp Độ 1,cơm sườn cay tê cấp độ 1,kg_20260602_172448,offline
menu_item:2305231,MenuItem,Cơm Gà Sốt Mắm Tỏi,cơm gà sốt mắm tỏi,kg_20260602_172448,offline
menu_item:2305233,MenuItem,Cơm Gà Sốt Chua Ngọt,cơm gà sốt chua ngọt,kg_20260602_172448,offline
menu_item:2305232,MenuItem,Cơm Gà Sốt Cay Hàn Quốc,cơm gà sốt cay hàn quốc,kg_20260602_172448,offline
menu_item:7023381,MenuItem,Cơm Gà Sốt Phô Mai,cơm gà sốt phô mai,kg_20260602_172448,offline
menu_item:11033596,MenuItem,Gà Rán Sốt Cay Hàn Quốc Phần( 1 ĐÙI+ 1 CÁNH + 1 LẠP XƯỞNG + 1 COCA LẠNH ),gà rán sốt cay hàn quốc phần( 1 đùi+ 1 cánh + 1 lạp xưởng + 1 coca lạnh ),kg_20260602_172448,offline
menu_item:11033581,MenuItem,Gà Rán Sốt Phô Mai Phần ( 1 ĐÙI + 1 CÁNH + 1 COCA LẠNH + 1 LẠP XƯỞNG ),gà rán sốt phô mai phần ( 1 đùi + 1 cánh + 1 coca lạnh + 1 lạp xưởng ),kg_20260602_172448,offline
menu_item:2305242,MenuItem,Gà Sốt Mắm Tỏi,gà sốt mắm tỏi,kg_20260602_172448,offline
menu_item:2305243,MenuItem,Gà Sốt Chua Ngọt,gà sốt chua ngọt,kg_20260602_172448,offline
menu_item:2305239,MenuItem,Gà Sốt Cay Hàn Quốc,gà sốt cay hàn quốc,kg_20260602_172448,offline
menu_item:9063998,MenuItem,Gà Sốt Phô Mai Trứng Sữa,gà sốt phô mai trứng sữa,kg_20260602_172448,offline
menu_item:10048718,MenuItem,Bún chả,bún chả,kg_20260602_172448,offline
menu_item:10048719,MenuItem,Bún bò Nam Bộ trộn,bún bò nam bộ trộn,kg_20260602_172448,offline
menu_item:10048720,MenuItem,Bánh cuốn chả quế,bánh cuốn chả quế,kg_20260602_172448,offline
menu_item:10048721,MenuItem,Bánh cuốn chả mỡ,bánh cuốn chả mỡ,kg_20260602_172448,offline
menu_item:10067910,MenuItem,bánh cuốn chả nướng,bánh cuốn chả nướng,kg_20260602_172448,offline
menu_item:11229866,MenuItem,Cơm rang cua,cơm rang cua,kg_20260602_172448,offline
menu_item:11229867,MenuItem,Cơm rang xúc xích,cơm rang xúc xích,kg_20260602_172448,offline
menu_item:11229868,MenuItem,Cơm rang bò kim chi phần đặc biệt,cơm rang bò kim chi phần đặc biệt,kg_20260602_172448,offline
menu_item:11229869,MenuItem,Cơm rang bắp bò,cơm rang bắp bò,kg_20260602_172448,offline
menu_item:11229870,MenuItem,Cơm rang gà nấm,cơm rang gà nấm,kg_20260602_172448,offline
menu_item:11229871,MenuItem,Cơm rang tim,cơm rang tim,kg_20260602_172448,offline
menu_item:11229872,MenuItem,Cơm rang thập cẩm,cơm rang thập cẩm,kg_20260602_172448,offline
menu_item:11229873,MenuItem,Cơm rang lạp xưởng,cơm rang lạp xưởng,kg_20260602_172448,offline
menu_item:11229875,MenuItem,Miến xào thập cẩm,miến xào thập cẩm,kg_20260602_172448,offline
menu_item:11229876,MenuItem,Miến xào cua,miến xào cua,kg_20260602_172448,offline
menu_item:11229877,MenuItem,Miến xào bắp bò,miến xào bắp bò,kg_20260602_172448,offline
menu_item:11229878,MenuItem,Miến xào gà nấm,miến xào gà nấm,kg_20260602_172448,offline
menu_item:11229879,MenuItem,Miến xào Tim,miến xào tim,kg_20260602_172448,offline
menu_item:11229881,MenuItem,Phở xào thập cẩm,phở xào thập cẩm,kg_20260602_172448,offline
menu_item:11229882,MenuItem,Phở xào bắp bò,phở xào bắp bò,kg_20260602_172448,offline
menu_item:11229883,MenuItem,Phở xào gà nấm,phở xào gà nấm,kg_20260602_172448,offline
menu_item:11229884,MenuItem,Phở xào tim,phở xào tim,kg_20260602_172448,offline
menu_item:11229890,MenuItem,Mì xào tim,mì xào tim,kg_20260602_172448,offline
menu_item:11229889,MenuItem,Mì xào gà nấm,mì xào gà nấm,kg_20260602_172448,offline
menu_item:11229888,MenuItem,Mì xào bắp bò,mì xào bắp bò,kg_20260602_172448,offline
menu_item:11229887,MenuItem,Mì xào bò kim chi,mì xào bò kim chi,kg_20260602_172448,offline
menu_item:11229886,MenuItem,Mì xào thập cẩm,mì xào thập cẩm,kg_20260602_172448,offline
menu_item:11230255,MenuItem,Cải Xanh xào Nấm,cải xanh xào nấm,kg_20260602_172448,offline
menu_item:11230262,MenuItem,Cải Xanh xào Tim,cải xanh xào tim,kg_20260602_172448,offline
menu_item:9774862,MenuItem,Bánh cuốn Cao Bằng,bánh cuốn cao bằng,kg_20260602_172448,offline
menu_item:9774868,MenuItem,Bánh cuốn chấm,bánh cuốn chấm,kg_20260602_172448,offline
menu_item:9774875,MenuItem,Phở vịt quay măng,phở vịt quay măng,kg_20260602_172448,offline
menu_item:9774876,MenuItem,Bún vịt quay,bún vịt quay,kg_20260602_172448,offline
menu_item:9774877,MenuItem,Phở vịt ba chỉ,phở vịt ba chỉ,kg_20260602_172448,offline
menu_item:9774878,MenuItem,Phở thập cẩm,phở thập cẩm,kg_20260602_172448,offline
menu_item:9774879,MenuItem,Phở ba chỉ lạp sườn,phở ba chỉ lạp sườn,kg_20260602_172448,offline
menu_item:9774880,MenuItem,Phở vịt quay đùi lạp sườn,phở vịt quay đùi lạp sườn,kg_20260602_172448,offline
menu_item:9774888,MenuItem,Phở heo quay trộn,phở heo quay trộn,kg_20260602_172448,offline
menu_item:9774889,MenuItem,Phở vịt quay trộn,phở vịt quay trộn,kg_20260602_172448,offline
menu_item:9941623,MenuItem,Phở Vịt Quay,phở vịt quay,kg_20260602_172448,offline
menu_item:9774887,MenuItem,Thạch găng nước đường hoa nhài,thạch găng nước đường hoa nhài,kg_20260602_172448,offline
menu_item:2913435,MenuItem,Bánh Cuốn Thịt,bánh cuốn thịt,kg_20260602_172448,offline
menu_item:2913436,MenuItem,Trứng Hấp,trứng hấp,kg_20260602_172448,offline
menu_item:2913437,MenuItem,Chả Quế,chả quế,kg_20260602_172448,offline
menu_item:2913438,MenuItem,Bánh Cuốn Thịt Lạp Xưởng,bánh cuốn thịt lạp xưởng,kg_20260602_172448,offline
menu_item:2913439,MenuItem,Bánh Cuốn Thịt Chả Quế,bánh cuốn thịt chả quế,kg_20260602_172448,offline
menu_item:2913440,MenuItem,Bánh Cuốn Thịt Ruốc Tôm,bánh cuốn thịt ruốc tôm,kg_20260602_172448,offline
menu_item:2913441,MenuItem,Bánh Cuốn Trứng Đánh,bánh cuốn trứng đánh,kg_20260602_172448,offline
menu_item:2913442,MenuItem,Bánh Cuốn Thịt Chả Mỡ,bánh cuốn thịt chả mỡ,kg_20260602_172448,offline
menu_item:2913443,MenuItem,Bánh Cuốn Chay,bánh cuốn chay,kg_20260602_172448,offline
menu_item:2913444,MenuItem,Lạp Xưởng,lạp xưởng,kg_20260602_172448,offline
menu_item:2913445,MenuItem,Chả Mỡ,chả mỡ,kg_20260602_172448,offline
menu_item:2913446,MenuItem,BÚN CHẢ,bún chả,kg_20260602_172448,offline
menu_item:10438154,MenuItem,CƠM TRẮNG + đùi gà,cơm trắng + đùi gà,kg_20260602_172448,offline
menu_item:10438177,MenuItem,CƠM TRẮNG + dưa bò xào,cơm trắng + dưa bò xào,kg_20260602_172448,offline
menu_item:10438465,MenuItem,CƠM TRẮNG + cải bò xào,cơm trắng + cải bò xào,kg_20260602_172448,offline
menu_item:10438615,MenuItem,CƠM TRẮNG + thịt heo quay,cơm trắng + thịt heo quay,kg_20260602_172448,offline
menu_item:651419,MenuItem,Cơm Rang Dưa Bò Xào Riêng,cơm rang dưa bò xào riêng,kg_20260602_172448,offline
menu_item:1032217,MenuItem,Cơm rang xào cải bò,cơm rang xào cải bò,kg_20260602_172448,offline
menu_item:651417,MenuItem,Cơm Rang Dưa Bò Xào Chung,cơm rang dưa bò xào chung,kg_20260602_172448,offline
menu_item:651424,MenuItem,Cơm Rang Đùi Gà,cơm rang đùi gà,kg_20260602_172448,offline
menu_item:651418,MenuItem,Cơm Rang Thập Cẩm,cơm rang thập cẩm,kg_20260602_172448,offline
menu_item:1032223,MenuItem,Cơm rang xúc xích,cơm rang xúc xích,kg_20260602_172448,offline
menu_item:1032227,MenuItem,Cơm rang trứng,cơm rang trứng,kg_20260602_172448,offline
menu_item:10426780,MenuItem,Cơm rang sườn,cơm rang sườn,kg_20260602_172448,offline
menu_item:10485761,MenuItem,Đùi gà sốt chua ngọt,đùi gà sốt chua ngọt,kg_20260602_172448,offline
menu_item:651420,MenuItem,Phở Xào Bò Mềm,phở xào bò mềm,kg_20260602_172448,offline
menu_item:651421,MenuItem,Phở Xào Bò Giòn,phở xào bò giòn,kg_20260602_172448,offline
menu_item:651422,MenuItem,Mì Xào Bò Mềm,mì xào bò mềm,kg_20260602_172448,offline
menu_item:651423,MenuItem,Mì Xào Bò Giòn,mì xào bò giòn,kg_20260602_172448,offline
menu_item:10438603,MenuItem,Beer Hà Nội,beer hà nội,kg_20260602_172448,offline
menu_item:12065334,MenuItem,Bò húc Thái,bò húc thái,kg_20260602_172448,offline
menu_item:684101,MenuItem,Phở Chín,phở chín,kg_20260602_172448,offline
menu_item:684102,MenuItem,Phở Xào,phở xào,kg_20260602_172448,offline
menu_item:684103,MenuItem,Phở Tái Chín,phở tái chín,kg_20260602_172448,offline
menu_item:684104,MenuItem,Phở Tái Gầu,phở tái gầu,kg_20260602_172448,offline
menu_item:684106,MenuItem,Phở Tái Nạm,phở tái nạm,kg_20260602_172448,offline
menu_item:684107,MenuItem,Phở Áp Chảo,phở áp chảo,kg_20260602_172448,offline
menu_item:684108,MenuItem,Phở Tái,phở tái,kg_20260602_172448,offline
menu_item:684109,MenuItem,Phở Tái Lăn,phở tái lăn,kg_20260602_172448,offline
menu_item:684110,MenuItem,Cơm Rang Dưa Bò,cơm rang dưa bò,kg_20260602_172448,offline
menu_item:684111,MenuItem,Cơm Rang Cải Bò,cơm rang cải bò,kg_20260602_172448,offline
menu_item:684112,MenuItem,Cơm Rang Thập Cẩm Bò,cơm rang thập cẩm bò,kg_20260602_172448,offline
menu_item:684113,MenuItem,Cơm Rang Thập Cẩm,cơm rang thập cẩm,kg_20260602_172448,offline
menu_item:684114,MenuItem,Mì Xào,mì xào,kg_20260602_172448,offline
menu_item:684115,MenuItem,Cơm Rang Bò Lẫn,cơm rang bò lẫn,kg_20260602_172448,offline
menu_item:684116,MenuItem,Cơm Rang Lẫn Bò,cơm rang lẫn bò,kg_20260602_172448,offline
menu_item:213132,MenuItem,Cơm gà giòn không xương,cơm gà giòn không xương,kg_20260602_172448,offline
menu_item:213135,MenuItem,Cơm gà sốt cay ngọt,cơm gà sốt cay ngọt,kg_20260602_172448,offline
menu_item:213137,MenuItem,Cơm gà sốt cay hàn quốc ( rất cay),cơm gà sốt cay hàn quốc ( rất cay),kg_20260602_172448,offline
menu_item:213139,MenuItem,Cơm gà sốt mật ong,cơm gà sốt mật ong,kg_20260602_172448,offline
menu_item:213141,MenuItem,Cơm gà sốt teriyaky,cơm gà sốt teriyaky,kg_20260602_172448,offline
menu_item:213142,MenuItem,Cơm đùi gà,cơm đùi gà,kg_20260602_172448,offline
menu_item:213143,MenuItem,Cơm gà sốt mắm tỏi,cơm gà sốt mắm tỏi,kg_20260602_172448,offline
menu_item:274151,MenuItem,Cơm gà sốt phomai,cơm gà sốt phomai,kg_20260602_172448,offline
menu_item:9876643,MenuItem,cơm gà viên popcorn,cơm gà viên popcorn,kg_20260602_172448,offline
menu_item:11078041,MenuItem,Cơm gà sốt tonkatsu,cơm gà sốt tonkatsu,kg_20260602_172448,offline
menu_item:11020631,MenuItem,tokboki lắc phomai,tokboki lắc phomai,kg_20260602_172448,offline
menu_item:11020636,MenuItem,tokboki xào cay,tokboki xào cay,kg_20260602_172448,offline
menu_item:11020637,MenuItem,tokboki xào phomai,tokboki xào phomai,kg_20260602_172448,offline
menu_item:11078067,MenuItem,Mì xào tokboki,mì xào tokboki,kg_20260602_172448,offline
menu_item:11078100,MenuItem,Mì cay cá viên xúc xích,mì cay cá viên xúc xích,kg_20260602_172448,offline
menu_item:11078110,MenuItem,Mì cay xúc xích - bò mỹ,mì cay xúc xích - bò mỹ,kg_20260602_172448,offline
menu_item:11078120,MenuItem,Mì cay thập cẩm,mì cay thập cẩm,kg_20260602_172448,offline
menu_item:11078122,MenuItem,Mì cay full topping,mì cay full topping,kg_20260602_172448,offline
menu_item:11078751,MenuItem,Gà viên chiên tok cay ngọt,gà viên chiên tok cay ngọt,kg_20260602_172448,offline
menu_item:11078753,MenuItem,Mì trộn rau củ ( tự chọn topping),mì trộn rau củ ( tự chọn topping),kg_20260602_172448,offline
menu_item:11078755,MenuItem,mì trộn xúc xích,mì trộn xúc xích,kg_20260602_172448,offline
menu_item:11078758,MenuItem,mì trộn gà viên,mì trộn gà viên,kg_20260602_172448,offline
menu_item:11078760,MenuItem,mì trộn thập cẩm 7topping,mì trộn thập cẩm 7topping,kg_20260602_172448,offline
menu_item:11078763,MenuItem,mì trộn full topping,mì trộn full topping,kg_20260602_172448,offline
menu_item:11083837,MenuItem,Mì tương đen trứng ốp,mì tương đen trứng ốp,kg_20260602_172448,offline
menu_item:11083839,MenuItem,Mì tương đen xúc xích,mì tương đen xúc xích,kg_20260602_172448,offline
menu_item:11083841,MenuItem,Mì tương đen thịt băm,mì tương đen thịt băm,kg_20260602_172448,offline
menu_item:11083845,MenuItem,Mì ý thịt băm sốt cà chua,mì ý thịt băm sốt cà chua,kg_20260602_172448,offline
menu_item:11083847,MenuItem,Mì ý xúc xích sốt cà chua,mì ý xúc xích sốt cà chua,kg_20260602_172448,offline
menu_item:11083850,MenuItem,Mì ý xúc xích sốt kem,mì ý xúc xích sốt kem,kg_20260602_172448,offline
menu_item:11083856,MenuItem,Mì ý jambong sốt kem,mì ý jambong sốt kem,kg_20260602_172448,offline
menu_item:11084158,MenuItem,Đùi gà rán,đùi gà rán,kg_20260602_172448,offline
menu_item:11084162,MenuItem,Gà giòn không xương,gà giòn không xương,kg_20260602_172448,offline
menu_item:11084164,MenuItem,Gà viên lắc phomai,gà viên lắc phomai,kg_20260602_172448,offline
menu_item:11084166,MenuItem,Gà sốt cay ngọt,gà sốt cay ngọt,kg_20260602_172448,offline
menu_item:11084168,MenuItem,Gà sốt cay hàn quốc ( rất cay),gà sốt cay hàn quốc ( rất cay),kg_20260602_172448,offline
menu_item:11084170,MenuItem,Gà sốt mật ong,gà sốt mật ong,kg_20260602_172448,offline
menu_item:11084172,MenuItem,Gà sốt mắm tỏi,gà sốt mắm tỏi,kg_20260602_172448,offline
menu_item:11084174,MenuItem,Gà sốt teriyaki,gà sốt teriyaki,kg_20260602_172448,offline
menu_item:11084176,MenuItem,Gà sốt phomai,gà sốt phomai,kg_20260602_172448,offline
menu_item:11087682,MenuItem,combo gà khoai nước,combo gà khoai nước,kg_20260602_172448,offline
menu_item:11087686,MenuItem,Gà sốt mix vị,gà sốt mix vị,kg_20260602_172448,offline
menu_item:659307,MenuItem,Bún chả,bún chả,kg_20260602_172448,offline
menu_item:659308,MenuItem,Bánh cuốn ngon chả nướng,bánh cuốn ngon chả nướng,kg_20260602_172448,offline
menu_item:659309,MenuItem,Bánh cuốn trứng chả nướng,bánh cuốn trứng chả nướng,kg_20260602_172448,offline
menu_item:659310,MenuItem,Bánh cuốn ngon chả quế,bánh cuốn ngon chả quế,kg_20260602_172448,offline
menu_item:659311,MenuItem,Bánh cuốn trứng chả quế,bánh cuốn trứng chả quế,kg_20260602_172448,offline
menu_item:659312,MenuItem,Bún chả thêm bún,bún chả thêm bún,kg_20260602_172448,offline
menu_item:659313,MenuItem,Bún chả thêm chả,bún chả thêm chả,kg_20260602_172448,offline
menu_item:659314,MenuItem,Banh cuốn ngon chả nướng - chả quế,banh cuốn ngon chả nướng - chả quế,kg_20260602_172448,offline
menu_item:659315,MenuItem,Bánh cuốn trứng chả nướng - chả quế,bánh cuốn trứng chả nướng - chả quế,kg_20260602_172448,offline
menu_item:659316,MenuItem,Bánh cuốn chả nướng thêm trứng,bánh cuốn chả nướng thêm trứng,kg_20260602_172448,offline
menu_item:659317,MenuItem,Bánh cuốn ngon không chả,bánh cuốn ngon không chả,kg_20260602_172448,offline
menu_item:659319,MenuItem,Bánh cuốn chả quế thêm trứng,bánh cuốn chả quế thêm trứng,kg_20260602_172448,offline
menu_item:659320,MenuItem,Bánh cuốn trứng ngon không chả,bánh cuốn trứng ngon không chả,kg_20260602_172448,offline
menu_item:10451391,MenuItem,CƠM TRẮNG + dưa bò xào,cơm trắng + dưa bò xào,kg_20260602_172448,offline
menu_item:10451399,MenuItem,CƠM TRĂNG + cải bò xào,cơm trăng + cải bò xào,kg_20260602_172448,offline
menu_item:10451406,MenuItem,CƠM TRẮNG + chả đùi gà,cơm trắng + chả đùi gà,kg_20260602_172448,offline
menu_item:10451410,MenuItem,CƠM TRẮNG + đùi gà,cơm trắng + đùi gà,kg_20260602_172448,offline
menu_item:1037627,MenuItem,Cơm rang xào cải bò,cơm rang xào cải bò,kg_20260602_172448,offline
menu_item:694005,MenuItem,Cơm rang dưa bò xào riêng,cơm rang dưa bò xào riêng,kg_20260602_172448,offline
menu_item:694009,MenuItem,Cơm rang dưa bò xào chung,cơm rang dưa bò xào chung,kg_20260602_172448,offline
menu_item:694012,MenuItem,Cơm rang thập cẩm,cơm rang thập cẩm,kg_20260602_172448,offline
menu_item:1037626,MenuItem,Cơm rang xúc xích,cơm rang xúc xích,kg_20260602_172448,offline
menu_item:1037625,MenuItem,Cơm rang trứng,cơm rang trứng,kg_20260602_172448,offline
menu_item:10451371,MenuItem,Cơm rang sườn,cơm rang sườn,kg_20260602_172448,offline
menu_item:10451377,MenuItem,Cơm rang + chả đùi gà,cơm rang + chả đùi gà,kg_20260602_172448,offline
menu_item:694028,MenuItem,Phở xào bò giòn - 1 phần,phở xào bò giòn - 1 phần,kg_20260602_172448,offline
menu_item:694024,MenuItem,Phở xào bò mềm - 1 phần,phở xào bò mềm - 1 phần,kg_20260602_172448,offline
menu_item:694021,MenuItem,Mì xào bò giòn - 1 phần,mì xào bò giòn - 1 phần,kg_20260602_172448,offline
menu_item:694017,MenuItem,Mì xào bò mềm - 1 phần,mì xào bò mềm - 1 phần,kg_20260602_172448,offline
menu_item:10502225,MenuItem,Đùi gà sốt chua ngọt,đùi gà sốt chua ngọt,kg_20260602_172448,offline
menu_item:10451137,MenuItem,Beer Hà Nội,beer hà nội,kg_20260602_172448,offline
menu_item:10656401,MenuItem,Bò húc Thái,bò húc thái,kg_20260602_172448,offline
menu_item:6798092,MenuItem,Cơm rang dưa bò xào riêng,cơm rang dưa bò xào riêng,kg_20260602_172448,offline
menu_item:6798093,MenuItem,Cơm rang thập cẩm,cơm rang thập cẩm,kg_20260602_172448,offline
menu_item:6798094,MenuItem,Cơm rang đùi gà xối mắm,cơm rang đùi gà xối mắm,kg_20260602_172448,offline
menu_item:6798095,MenuItem,Cơm rang cải bò,cơm rang cải bò,kg_20260602_172448,offline
menu_item:6798096,MenuItem,Cơm dưa bò rang lẫn,cơm dưa bò rang lẫn,kg_20260602_172448,offline
menu_item:6798098,MenuItem,Cơm rang đùi gà rán giòn,cơm rang đùi gà rán giòn,kg_20260602_172448,offline
menu_item:6798099,MenuItem,Phở xào mềm cải bò,phở xào mềm cải bò,kg_20260602_172448,offline
menu_item:6798100,MenuItem,Mì tôm xào cải bò,mì tôm xào cải bò,kg_20260602_172448,offline
menu_item:6798101,MenuItem,Bún bò,bún bò,kg_20260602_172448,offline
menu_item:2444195,MenuItem,1 suât bánh cuốn phủ lý,1 suât bánh cuốn phủ lý,kg_20260602_172448,offline
menu_item:2444196,MenuItem,1 suất bún chả,1 suất bún chả,kg_20260602_172448,offline
menu_item:2444199,MenuItem,1 thịt nướng,1 thịt nướng,kg_20260602_172448,offline
menu_item:8342743,MenuItem,5 lạng bánh cuốn trắng ( k kèm thịt ),5 lạng bánh cuốn trắng ( k kèm thịt ),kg_20260602_172448,offline
menu_item:8342745,MenuItem,bánh cuốn trắng+ chả quế,bánh cuốn trắng+ chả quế,kg_20260602_172448,offline
menu_item:8342746,MenuItem,combo 1 suât bánh cuốn+ coca,combo 1 suât bánh cuốn+ coca,kg_20260602_172448,offline
menu_item:8342747,MenuItem,1 suất bún chả +coca,1 suất bún chả +coca,kg_20260602_172448,offline
menu_item:11388810,MenuItem,bún giả cầy,bún giả cầy,kg_20260602_172448,offline
menu_item:11388809,MenuItem,bánh mì sôt vang,bánh mì sôt vang,kg_20260602_172448,offline
menu_item:648492,MenuItem,Cơm Rang Thập Cẩm,cơm rang thập cẩm,kg_20260602_172448,offline
menu_item:648493,MenuItem,Cơm Rang Dưa Bò,cơm rang dưa bò,kg_20260602_172448,offline
menu_item:648494,MenuItem,Phở Bò Chín,phở bò chín,kg_20260602_172448,offline
menu_item:648495,MenuItem,Phở tái chín,phở tái chín,kg_20260602_172448,offline
menu_item:648497,MenuItem,Phở Xào,phở xào,kg_20260602_172448,offline
menu_item:648498,MenuItem,Phở Bò Tái,phở bò tái,kg_20260602_172448,offline
menu_item:648499,MenuItem,Phở Gà,phở gà,kg_20260602_172448,offline
menu_item:648500,MenuItem,Mì Xào,mì xào,kg_20260602_172448,offline
menu_item:648502,MenuItem,Phở Bò Tái Lăn,phở bò tái lăn,kg_20260602_172448,offline
menu_item:648503,MenuItem,Cơm Rang Trứng,cơm rang trứng,kg_20260602_172448,offline
menu_item:648506,MenuItem,Cơm Rang Gà,cơm rang gà,kg_20260602_172448,offline
menu_item:648509,MenuItem,Bò Húc,bò húc,kg_20260602_172448,offline
menu_item:648510,MenuItem,Cơm Rang Dưa Bò Riêng,cơm rang dưa bò riêng,kg_20260602_172448,offline
menu_item:648511,MenuItem,Cơm Rang Thập Cẩm Có Bò,cơm rang thập cẩm có bò,kg_20260602_172448,offline
menu_item:10593542,MenuItem,Cơm Đảo Tôm Rim,cơm đảo tôm rim,kg_20260602_172448,offline
menu_item:10593524,MenuItem,Cơm đảo gà rang,cơm đảo gà rang,kg_20260602_172448,offline
menu_item:10593552,MenuItem,Cơm đảo bò sốt tiêu,cơm đảo bò sốt tiêu,kg_20260602_172448,offline
menu_item:10593558,MenuItem,cơm đảo thịt ba chỉ rang,cơm đảo thịt ba chỉ rang,kg_20260602_172448,offline
menu_item:10593546,MenuItem,Cơm đảo đua xào bò,cơm đảo đua xào bò,kg_20260602_172448,offline
menu_item:10593571,MenuItem,Cơm đảo thịt kho tàu,cơm đảo thịt kho tàu,kg_20260602_172448,offline
menu_item:10593575,MenuItem,Cơm đảo cá kho tiêu,cơm đảo cá kho tiêu,kg_20260602_172448,offline
menu_item:10593579,MenuItem,Cơm đảo Sườn chua ngọt,cơm đảo sườn chua ngọt,kg_20260602_172448,offline
menu_item:10593583,MenuItem,Cơm đảo bō sốt khoai Tây,cơm đảo bō sốt khoai tây,kg_20260602_172448,offline
menu_item:10593585,MenuItem,cơm Đảo thit bǎm,cơm đảo thit bǎm,kg_20260602_172448,offline
menu_item:10593587,MenuItem,Cơm đảo trứng rán óc,cơm đảo trứng rán óc,kg_20260602_172448,offline
menu_item:10593589,MenuItem,Cơm đảo trứng đúc thịt,cơm đảo trứng đúc thịt,kg_20260602_172448,offline
menu_item:10597884,MenuItem,Cơm đảo gà rang + canh chua thịt băm,cơm đảo gà rang + canh chua thịt băm,kg_20260602_172448,offline
menu_item:10593603,MenuItem,gà ác hầm thuốc Bắc,gà ác hầm thuốc bắc,kg_20260602_172448,offline
menu_item:10609567,MenuItem,gà ác tần sen nấm,gà ác tần sen nấm,kg_20260602_172448,offline
menu_item:10658039,MenuItem,gà ác tần + bánh mỳ rán,gà ác tần + bánh mỳ rán,kg_20260602_172448,offline
menu_item:7301935,MenuItem,cơm rang 10 cẩm full topping,cơm rang 10 cẩm full topping,kg_20260602_172448,offline
menu_item:4456341,MenuItem,phở bò tái lăn,phở bò tái lăn,kg_20260602_172448,offline
menu_item:4456342,MenuItem,phở bò tái,phở bò tái,kg_20260602_172448,offline
menu_item:4456344,MenuItem,phở áp chảo,phở áp chảo,kg_20260602_172448,offline
menu_item:4347844,MenuItem,Phở tái chín,phở tái chín,kg_20260602_172448,offline
menu_item:4347845,MenuItem,Phở tái nạm,phở tái nạm,kg_20260602_172448,offline
menu_item:9747827,MenuItem,phở bò Chín,phở bò chín,kg_20260602_172448,offline
menu_item:11083474,MenuItem,Phở Gân,phở gân,kg_20260602_172448,offline
menu_item:11155196,MenuItem,phở Tái Gầu,phở tái gầu,kg_20260602_172448,offline
menu_item:11837479,MenuItem,cơm rang dưa xào bò,cơm rang dưa xào bò,kg_20260602_172448,offline
menu_item:4347842,MenuItem,Cơm rang thập cẩm,cơm rang thập cẩm,kg_20260602_172448,offline
menu_item:4456340,MenuItem,phở xào bò,phở xào bò,kg_20260602_172448,offline
menu_item:4347839,MenuItem,Mì xào bò,mì xào bò,kg_20260602_172448,offline
menu_item:9747833,MenuItem,cơm rang dưa bò,cơm rang dưa bò,kg_20260602_172448,offline
menu_item:9747836,MenuItem,cơm rang cải bò,cơm rang cải bò,kg_20260602_172448,offline
menu_item:10736954,MenuItem,cơm rang đùi gà xối mỡ,cơm rang đùi gà xối mỡ,kg_20260602_172448,offline
menu_item:11745864,MenuItem,Cơm rang 10 cẩm thêm thịt bò,cơm rang 10 cẩm thêm thịt bò,kg_20260602_172448,offline
menu_item:12233761,MenuItem,cơm rang thập cẩm full topping,cơm rang thập cẩm full topping,kg_20260602_172448,offline
menu_item:2013685,MenuItem,Cơm rang dưa bò - Coca,cơm rang dưa bò - coca,kg_20260602_172448,offline
menu_item:2013687,MenuItem,Cơm rang cải bò - Coca,cơm rang cải bò - coca,kg_20260602_172448,offline
menu_item:475610,MenuItem,Cơm rang dưa bò,cơm rang dưa bò,kg_20260602_172448,offline
menu_item:475611,MenuItem,Cơm rang cải bò,cơm rang cải bò,kg_20260602_172448,offline
menu_item:475612,MenuItem,Phở Đặc Biệt,phở đặc biệt,kg_20260602_172448,offline
menu_item:475613,MenuItem,Phở sốt vang,phở sốt vang,kg_20260602_172448,offline
menu_item:475614,MenuItem,Phở tái chín,phở tái chín,kg_20260602_172448,offline
menu_item:475615,MenuItem,Phở Xào Bò,phở xào bò,kg_20260602_172448,offline
menu_item:475616,MenuItem,Phở tái gầu,phở tái gầu,kg_20260602_172448,offline
menu_item:475617,MenuItem,Phở tái,phở tái,kg_20260602_172448,offline
menu_item:475618,MenuItem,Phở chín,phở chín,kg_20260602_172448,offline
menu_item:475619,MenuItem,Bánh đa trộn gà,bánh đa trộn gà,kg_20260602_172448,offline
menu_item:475620,MenuItem,Bún Cá,bún cá,kg_20260602_172448,offline
menu_item:475621,MenuItem,Miến trộn gà,miến trộn gà,kg_20260602_172448,offline
menu_item:475622,MenuItem,Phở tái nạm,phở tái nạm,kg_20260602_172448,offline
menu_item:475623,MenuItem,Bún trộn gà,bún trộn gà,kg_20260602_172448,offline
menu_item:475624,MenuItem,Mỳ Xào Bò,mỳ xào bò,kg_20260602_172448,offline
menu_item:475625,MenuItem,Phở gà,phở gà,kg_20260602_172448,offline
menu_item:475626,MenuItem,Phở gầu,phở gầu,kg_20260602_172448,offline
menu_item:475627,MenuItem,Bún Sốt Vang,bún sốt vang,kg_20260602_172448,offline
menu_item:475628,MenuItem,Phở nạm,phở nạm,kg_20260602_172448,offline
menu_item:475629,MenuItem,Miến trộn bò,miến trộn bò,kg_20260602_172448,offline
menu_item:475630,MenuItem,Cơm Rang Thập Cẩm,cơm rang thập cẩm,kg_20260602_172448,offline
menu_item:475631,MenuItem,Bún trộn bò,bún trộn bò,kg_20260602_172448,offline
menu_item:2013686,MenuItem,Phở xào bò - Coca,phở xào bò - coca,kg_20260602_172448,offline
menu_item:2013689,MenuItem,Phở xào gà,phở xào gà,kg_20260602_172448,offline
menu_item:2013732,MenuItem,Mỳ xào gà,mỳ xào gà,kg_20260602_172448,offline
menu_item:1045573,MenuItem,Bánh cuốn Phủ Lý,bánh cuốn phủ lý,kg_20260602_172448,offline
menu_item:1045574,MenuItem,Bún chả,bún chả,kg_20260602_172448,offline
menu_item:2394960,MenuItem,Bún đậu mẹt lớn - 1 chai coca,bún đậu mẹt lớn - 1 chai coca,kg_20260602_172448,offline
menu_item:2394961,MenuItem,Bún đậu mẹt lớn - 1 coca,bún đậu mẹt lớn - 1 coca,kg_20260602_172448,offline
menu_item:2394962,MenuItem,Bún chả - 1 chai coca,bún chả - 1 chai coca,kg_20260602_172448,offline
menu_item:2394963,MenuItem,Cơm suất lớn - 1 chai coca,cơm suất lớn - 1 chai coca,kg_20260602_172448,offline
menu_item:2394964,MenuItem,Bún chả - 1 coca,bún chả - 1 coca,kg_20260602_172448,offline
menu_item:2394965,MenuItem,Cơm suất lớn - 1 coca,cơm suất lớn - 1 coca,kg_20260602_172448,offline
menu_item:11373164,MenuItem,Combo 2 bún đậu mẹt lớn,combo 2 bún đậu mẹt lớn,kg_20260602_172448,offline
menu_item:6438446,MenuItem,Bún Huế,bún huế,kg_20260602_172448,offline
menu_item:6438447,MenuItem,Bún Huế đặc biệt,bún huế đặc biệt,kg_20260602_172448,offline
menu_item:6438448,MenuItem,Cơm rang dưa bò,cơm rang dưa bò,kg_20260602_172448,offline
menu_item:6438449,MenuItem,Cơm rang đùi gà sốt,cơm rang đùi gà sốt,kg_20260602_172448,offline
menu_item:8478809,MenuItem,cơm rang thập cẩm,cơm rang thập cẩm,kg_20260602_172448,offline
menu_item:6438450,MenuItem,Phở tái gầu,phở tái gầu,kg_20260602_172448,offline
menu_item:6438451,MenuItem,Phở xào cải,phở xào cải,kg_20260602_172448,offline
menu_item:6438452,MenuItem,Phở tái lăn,phở tái lăn,kg_20260602_172448,offline
menu_item:6438453,MenuItem,Phở tái,phở tái,kg_20260602_172448,offline
menu_item:6438454,MenuItem,Mỳ tôm xào cải,mỳ tôm xào cải,kg_20260602_172448,offline
menu_item:6438455,MenuItem,Phở tái nạm,phở tái nạm,kg_20260602_172448,offline
menu_item:716013,MenuItem,"Bún đậu vừa( đậu, thịt, dồi, chả cốm)","bún đậu vừa( đậu, thịt, dồi, chả cốm)",kg_20260602_172448,offline
menu_item:716014,MenuItem,"Bún đậu đầy đủ ( đậu , thịt, dồi, chả cốm, nem)","bún đậu đầy đủ ( đậu , thịt, dồi, chả cốm, nem)",kg_20260602_172448,offline
menu_item:716015,MenuItem,Nem nướng nha trang xuất vừa( 6 cuốn),nem nướng nha trang xuất vừa( 6 cuốn),kg_20260602_172448,offline
menu_item:818936,MenuItem,Nem nướng nha trang xuất lớn ( 8 cuốn),nem nướng nha trang xuất lớn ( 8 cuốn),kg_20260602_172448,offline
menu_item:4208575,MenuItem,Bún Đậu Chả Cốm,bún đậu chả cốm,kg_20260602_172448,offline
menu_item:4208577,MenuItem,Bún đậu Dồi sụn,bún đậu dồi sụn,kg_20260602_172448,offline
menu_item:4315093,MenuItem,khô gà lá chanh túi 100g,khô gà lá chanh túi 100g,kg_20260602_172448,offline
menu_item:4333668,MenuItem,Bún Chả Thịt Nướng,bún chả thịt nướng,kg_20260602_172448,offline
menu_item:4433192,MenuItem,Bún trộn nem nướng,bún trộn nem nướng,kg_20260602_172448,offline
menu_item:4436630,MenuItem,Bún trộn thịt nướng,bún trộn thịt nướng,kg_20260602_172448,offline
menu_item:4926642,MenuItem,Bún đậu đầy đủ - 1 chai coca,bún đậu đầy đủ - 1 chai coca,kg_20260602_172448,offline
menu_item:4926643,MenuItem,Bún đậu vừa - 1 chai coca,bún đậu vừa - 1 chai coca,kg_20260602_172448,offline
menu_item:857273,MenuItem,combo 10 xiên que chiên,combo 10 xiên que chiên,kg_20260602_172448,offline
menu_item:864460,MenuItem,combo 5 Xiên Que,combo 5 xiên que,kg_20260602_172448,offline
menu_item:9688409,MenuItem,Cơm thịt quay và thịt xào,cơm thịt quay và thịt xào,kg_20260602_172448,offline
menu_item:9688459,MenuItem,Cơm trắng và thịt băm,cơm trắng và thịt băm,kg_20260602_172448,offline
menu_item:9688460,MenuItem,Cơm gà kho và thịt băm,cơm gà kho và thịt băm,kg_20260602_172448,offline
menu_item:9688461,MenuItem,Cơm sườn xào chua ngọt và thịt băm,cơm sườn xào chua ngọt và thịt băm,kg_20260602_172448,offline
menu_item:9688462,MenuItem,Cơm cá kho,cơm cá kho,kg_20260602_172448,offline
menu_item:9688463,MenuItem,Cơm thịt rang cháy cạnh,cơm thịt rang cháy cạnh,kg_20260602_172448,offline
menu_item:9688464,MenuItem,Cơm gà kho,cơm gà kho,kg_20260602_172448,offline
menu_item:9688465,MenuItem,Cơm thịt luộc và thịt kho,cơm thịt luộc và thịt kho,kg_20260602_172448,offline
menu_item:9688466,MenuItem,Cơm gà rán và chả lá lốt,cơm gà rán và chả lá lốt,kg_20260602_172448,offline
menu_item:9688467,MenuItem,Cơm chả lá lốt và thịt xào,cơm chả lá lốt và thịt xào,kg_20260602_172448,offline
menu_item:9688468,MenuItem,Cơm thịt băm và thịt xào,cơm thịt băm và thịt xào,kg_20260602_172448,offline
menu_item:9688479,MenuItem,Cơm sườn xào chua ngọt + cocacola,cơm sườn xào chua ngọt + cocacola,kg_20260602_172448,offline
menu_item:9688480,MenuItem,Cơm thịt kho +cocacola,cơm thịt kho +cocacola,kg_20260602_172448,offline
menu_item:9688481,MenuItem,Cơm gà rán và cocacla,cơm gà rán và cocacla,kg_20260602_172448,offline
menu_item:9688483,MenuItem,Cơm thịt trưng mắm tép,cơm thịt trưng mắm tép,kg_20260602_172448,offline
menu_item:9688484,MenuItem,Cơm thịt băm ngô ngọt,cơm thịt băm ngô ngọt,kg_20260602_172448,offline
menu_item:6861606,MenuItem,Bún bò Huế sinh viên,bún bò huế sinh viên,kg_20260602_172448,offline
menu_item:6861607,MenuItem,Bún bò Huế - không móng,bún bò huế - không móng,kg_20260602_172448,offline
menu_item:6861608,MenuItem,Bún Huế đầy đủ,bún huế đầy đủ,kg_20260602_172448,offline
menu_item:6861609,MenuItem,Bún bò Huế đặc biệt,bún bò huế đặc biệt,kg_20260602_172448,offline
menu_item:6861610,MenuItem,Bún mọc cua,bún mọc cua,kg_20260602_172448,offline
menu_item:6861611,MenuItem,Cơm rang dưa bò,cơm rang dưa bò,kg_20260602_172448,offline
menu_item:6861612,MenuItem,Cơm rang cải bò,cơm rang cải bò,kg_20260602_172448,offline
menu_item:6861615,MenuItem,Cơm rang đùi gà sốt,cơm rang đùi gà sốt,kg_20260602_172448,offline
menu_item:6861616,MenuItem,Cơm rang xúc xích,cơm rang xúc xích,kg_20260602_172448,offline
menu_item:6861617,MenuItem,Phở bò chín,phở bò chín,kg_20260602_172448,offline
menu_item:6861618,MenuItem,Phở bò tái,phở bò tái,kg_20260602_172448,offline
menu_item:6861619,MenuItem,Phở gầu,phở gầu,kg_20260602_172448,offline
menu_item:6861620,MenuItem,Phở bò tái gầu,phở bò tái gầu,kg_20260602_172448,offline
menu_item:6861621,MenuItem,Phở bò đặc biệt,phở bò đặc biệt,kg_20260602_172448,offline
menu_item:6861622,MenuItem,Phở bò tái chín,phở bò tái chín,kg_20260602_172448,offline
menu_item:6861623,MenuItem,Phở nạm,phở nạm,kg_20260602_172448,offline
menu_item:6861624,MenuItem,Mì xào bò,mì xào bò,kg_20260602_172448,offline
menu_item:9690956,MenuItem,Bún chả,bún chả,kg_20260602_172448,offline
menu_item:9690957,MenuItem,Bánh cuốn chả nướng,bánh cuốn chả nướng,kg_20260602_172448,offline
menu_item:9690958,MenuItem,Gà tần,gà tần,kg_20260602_172448,offline
menu_item:11597091,MenuItem,Bún trộn thịt bò,bún trộn thịt bò,kg_20260602_172448,offline
menu_item:11597092,MenuItem,Bún trộn thịt nướng,bún trộn thịt nướng,kg_20260602_172448,offline
menu_item:11597855,MenuItem,Phở cuốn thịt nướng,phở cuốn thịt nướng,kg_20260602_172448,offline
menu_item:11597856,MenuItem,Phở cuốn thịt bò,phở cuốn thịt bò,kg_20260602_172448,offline
menu_item:11682276,MenuItem,Bún trộn thịt nướng + 1 Nước ngọt,bún trộn thịt nướng + 1 nước ngọt,kg_20260602_172448,offline
menu_item:11795296,MenuItem,Bún trộn thịt bò + 1 nước ngọt,bún trộn thịt bò + 1 nước ngọt,kg_20260602_172448,offline
menu_item:11682258,MenuItem,5c Phở Cuốn Thịt Bò + 1 nước ngọt,5c phở cuốn thịt bò + 1 nước ngọt,kg_20260602_172448,offline
menu_item:11682261,MenuItem,5c Phở cuốn thịt nướng + 1 nước ngọt,5c phở cuốn thịt nướng + 1 nước ngọt,kg_20260602_172448,offline
menu_item:11682272,MenuItem,5c Phở cuốn thịt bò + 1 Bún trộn thịt nướng + 2 nước ngọt,5c phở cuốn thịt bò + 1 bún trộn thịt nướng + 2 nước ngọt,kg_20260602_172448,offline
menu_item:11682264,MenuItem,ĂN NO - Phở cuốn thịt nướng + bún trộn thịt nướng,ăn no - phở cuốn thịt nướng + bún trộn thịt nướng,kg_20260602_172448,offline
menu_item:11682267,MenuItem,ĂN NO - Phở cuốn thịt bò + bún trộn thịt bò,ăn no - phở cuốn thịt bò + bún trộn thịt bò,kg_20260602_172448,offline
menu_item:11682296,MenuItem,3c Phở cuốn thịt bò,3c phở cuốn thịt bò,kg_20260602_172448,offline
menu_item:5239772,MenuItem,Bánh cuốn chả thịt nướng,bánh cuốn chả thịt nướng,kg_20260602_172448,offline
menu_item:5239773,MenuItem,"Bánh cuốn nhân thịt, mộc nhĩ - chả quế","bánh cuốn nhân thịt, mộc nhĩ - chả quế",kg_20260602_172448,offline
menu_item:5239774,MenuItem,Bánh cuốn chả lẫn ( chả thịt nướng + chả quế ),bánh cuốn chả lẫn ( chả thịt nướng + chả quế ),kg_20260602_172448,offline
menu_item:5239776,MenuItem,Bún chả thịt nướng - kèm măng ớt siêu ngon,bún chả thịt nướng - kèm măng ớt siêu ngon,kg_20260602_172448,offline
menu_item:5239777,MenuItem,Gà đùi tần ngải cứu thuốc bắc - chuẩn vị thuốc Bắc - kèm măng ớt siêu ngon,gà đùi tần ngải cứu thuốc bắc - chuẩn vị thuốc bắc - kèm măng ớt siêu ngon,kg_20260602_172448,offline
menu_item:5239778,MenuItem,Mỳ đùi gà tần ngải cứu chuẩn vị thuốc Bắc kèm măng ớt siêu ngon,mỳ đùi gà tần ngải cứu chuẩn vị thuốc bắc kèm măng ớt siêu ngon,kg_20260602_172448,offline
menu_item:5239779,MenuItem,Gà ác tần thuốc Bắc nguyên con chuẩn vị thuốc Bắc kèm măng ớt siêu ngon,gà ác tần thuốc bắc nguyên con chuẩn vị thuốc bắc kèm măng ớt siêu ngon,kg_20260602_172448,offline
menu_item:5239780,MenuItem,Mỳ gà ác tần thuốc Bắc nguyên con chuẩn vị thuốc Bắc kèm măng ớt siêu ngon,mỳ gà ác tần thuốc bắc nguyên con chuẩn vị thuốc bắc kèm măng ớt siêu ngon,kg_20260602_172448,offline
menu_item:5337585,MenuItem,Trứng vịt lộn ngải cứu - chuẩn vị thuốc Bắc kèm măng ớt siêu ngon,trứng vịt lộn ngải cứu - chuẩn vị thuốc bắc kèm măng ớt siêu ngon,kg_20260602_172448,offline
menu_item:5340364,MenuItem,Combo 3 trứng vịt lộn kèm răm gừng gia vị đầy đủ,combo 3 trứng vịt lộn kèm răm gừng gia vị đầy đủ,kg_20260602_172448,offline
menu_item:5611011,MenuItem,Trứng rán ngải cứu,trứng rán ngải cứu,kg_20260602_172448,offline
menu_item:6351656,MenuItem,Combo 2 bánh cuốn trứng chín nhân thịt mộc nhĩ,combo 2 bánh cuốn trứng chín nhân thịt mộc nhĩ,kg_20260602_172448,offline
menu_item:6351658,MenuItem,Chả nướng ( suất),chả nướng ( suất),kg_20260602_172448,offline
menu_item:7950649,MenuItem,Trứng rán lá mơ,trứng rán lá mơ,kg_20260602_172448,offline
menu_item:7950653,MenuItem,Mỳ đùi gà full topping - chuẩn vị thuốc bắc kèm măng ớt siêu ngon,mỳ đùi gà full topping - chuẩn vị thuốc bắc kèm măng ớt siêu ngon,kg_20260602_172448,offline
menu_item:7950655,MenuItem,Mỳ tôm trứng vịt lộn ngải cứu - chuẩn vị thuốc bắc kèm măng ớt siêu ngon,mỳ tôm trứng vịt lộn ngải cứu - chuẩn vị thuốc bắc kèm măng ớt siêu ngon,kg_20260602_172448,offline
menu_item:9343774,MenuItem,Mỳ Tim Gà Tần Ngải Cứu chuẩn vị thuốc Bắc kèm măng ớt siêu ngon,mỳ tim gà tần ngải cứu chuẩn vị thuốc bắc kèm măng ớt siêu ngon,kg_20260602_172448,offline
menu_item:9343775,MenuItem,Tim Gà Tần ngải cứu chuẩn vị thuốc Bắc kèm măng ớt siêu ngon,tim gà tần ngải cứu chuẩn vị thuốc bắc kèm măng ớt siêu ngon,kg_20260602_172448,offline
menu_item:12169378,MenuItem,Bánh cuốn thịt nướng,bánh cuốn thịt nướng,kg_20260602_172448,offline
menu_item:12169380,MenuItem,Bánh cuốn chả,bánh cuốn chả,kg_20260602_172448,offline
menu_item:12169383,MenuItem,"Bánh cuốn thập cẩm(chả,thịt nướng)","bánh cuốn thập cẩm(chả,thịt nướng)",kg_20260602_172448,offline
menu_item:12169384,MenuItem,Bún chả nướng,bún chả nướng,kg_20260602_172448,offline
menu_item:6359725,MenuItem,Cơm rang dưa bò,cơm rang dưa bò,kg_20260602_172448,offline
menu_item:6359726,MenuItem,Phở bò( không kèm theo hộp đựng),phở bò( không kèm theo hộp đựng),kg_20260602_172448,offline
menu_item:6375281,MenuItem,cơm rang cải bò,cơm rang cải bò,kg_20260602_172448,offline
menu_item:6375283,MenuItem,phở xào,phở xào,kg_20260602_172448,offline
menu_item:6375285,MenuItem,mỳ xào,mỳ xào,kg_20260602_172448,offline
menu_item:6375447,MenuItem,phở Tái Lăn (không bao gồm hộp đựng),phở tái lăn (không bao gồm hộp đựng),kg_20260602_172448,offline
menu_item:6375448,MenuItem,phở Tái Gầu(không bao gồm hộp đựng),phở tái gầu(không bao gồm hộp đựng),kg_20260602_172448,offline
menu_item:6375449,MenuItem,phở áp chảo(không bao gồm hộp đựng),phở áp chảo(không bao gồm hộp đựng),kg_20260602_172448,offline
menu_item:6375536,MenuItem,Cơm rang thập cẩm,cơm rang thập cẩm,kg_20260602_172448,offline
menu_item:6375569,MenuItem,cơm rang trứng,cơm rang trứng,kg_20260602_172448,offline
menu_item:6641551,MenuItem,Phở Bò Tái(không bao gồm hộp đựng),phở bò tái(không bao gồm hộp đựng),kg_20260602_172448,offline
menu_item:6641554,MenuItem,Phở Bò Chín(không bao gồm hộp đựng),phở bò chín(không bao gồm hộp đựng),kg_20260602_172448,offline
menu_item:10669763,MenuItem,Mỳ Cay Xúc Xích,mỳ cay xúc xích,kg_20260602_172448,offline
menu_item:10669764,MenuItem,Mỳ Cay Bò Mỹ,mỳ cay bò mỹ,kg_20260602_172448,offline
menu_item:10669765,MenuItem,Mỳ Cay Sườn Sụn,mỳ cay sườn sụn,kg_20260602_172448,offline
menu_item:10669766,MenuItem,Mỳ Cay Hải Sản,mỳ cay hải sản,kg_20260602_172448,offline
menu_item:10669767,MenuItem,Mỳ Cay Thập Cẩm,mỳ cay thập cẩm,kg_20260602_172448,offline
menu_item:10669768,MenuItem,Mỳ Cay Bò Ta,mỳ cay bò ta,kg_20260602_172448,offline
menu_item:10819936,MenuItem,Gà Viên 9 Vị,gà viên 9 vị,kg_20260602_172448,offline
menu_item:10819944,MenuItem,Đùi Gà Rán 9 Vị,đùi gà rán 9 vị,kg_20260602_172448,offline
menu_item:10819948,MenuItem,Cánh Gà Rán 9 Vị,cánh gà rán 9 vị,kg_20260602_172448,offline
menu_item:10819953,MenuItem,Má Đùi Gà Rán 9 Vị,má đùi gà rán 9 vị,kg_20260602_172448,offline
menu_item:10820555,MenuItem,Combo Gà Viên + Kimbap Thường,combo gà viên + kimbap thường,kg_20260602_172448,offline
menu_item:10820573,MenuItem,Combo Gà Viên + Kimbap Chiên,combo gà viên + kimbap chiên,kg_20260602_172448,offline
menu_item:10824232,MenuItem,Kimbap Chiên,kimbap chiên,kg_20260602_172448,offline
menu_item:10824240,MenuItem,Kimbap Thường,kimbap thường,kg_20260602_172448,offline
menu_item:10887101,MenuItem,Combo Cơm Gà 9 Vị,combo cơm gà 9 vị,kg_20260602_172448,offline
menu_item:11551050,MenuItem,Salad Bắp Cải,salad bắp cải,kg_20260602_172448,offline
menu_item:12235265,MenuItem,Bún Trộn Rau Củ,bún trộn rau củ,kg_20260602_172448,offline
menu_item:12235271,MenuItem,Bún Trộn Viên Chiên,bún trộn viên chiên,kg_20260602_172448,offline
menu_item:12235273,MenuItem,Bún Trộn Xúc Xích,bún trộn xúc xích,kg_20260602_172448,offline
menu_item:12235275,MenuItem,Bún Trộn Dồi Sụn,bún trộn dồi sụn,kg_20260602_172448,offline
menu_item:12235277,MenuItem,Bún Trộn Nem Lụi,bún trộn nem lụi,kg_20260602_172448,offline
menu_item:12235279,MenuItem,Bún Trộn Gà Viên,bún trộn gà viên,kg_20260602_172448,offline
menu_item:12235281,MenuItem,Bún Trộn Nem Rán,bún trộn nem rán,kg_20260602_172448,offline
menu_item:12235283,MenuItem,Bún Trộn Sụn Heo Non,bún trộn sụn heo non,kg_20260602_172448,offline
menu_item:12235285,MenuItem,Bún Trộn Tai Heo,bún trộn tai heo,kg_20260602_172448,offline
menu_item:12235289,MenuItem,Bún Trộn Bò,bún trộn bò,kg_20260602_172448,offline
menu_item:12249081,MenuItem,Bún Trộn Tôm,bún trộn tôm,kg_20260602_172448,offline
menu_item:12257160,MenuItem,Combo 3 Cái Phở Cuốn,combo 3 cái phở cuốn,kg_20260602_172448,offline
menu_item:11476312,MenuItem,Gà Ủ Muối Tiêu (Nửa Con),gà ủ muối tiêu (nửa con),kg_20260602_172448,offline
menu_item:10669770,MenuItem,Chân Gà Rút Xương Sốt Thái,chân gà rút xương sốt thái,kg_20260602_172448,offline
menu_item:10669772,MenuItem,Chân Gà Rút Xương Ngâm Sả Tắc,chân gà rút xương ngâm sả tắc,kg_20260602_172448,offline
menu_item:11476322,MenuItem,Chân Gà Ủ Muối Tiêu,chân gà ủ muối tiêu,kg_20260602_172448,offline
menu_item:10669769,MenuItem,Lạp Xưởng Nướng Đá,lạp xưởng nướng đá,kg_20260602_172448,offline
menu_item:10669781,MenuItem,Khoai Lang Kén,khoai lang kén,kg_20260602_172448,offline
menu_item:10669783,MenuItem,Viên Hải Sản Sốt Phomai,viên hải sản sốt phomai,kg_20260602_172448,offline
menu_item:11777045,MenuItem,Nem Lụi Nướng (1 Cái),nem lụi nướng (1 cái),kg_20260602_172448,offline
menu_item:10669790,MenuItem,Dưa Chuột Chẻ,dưa chuột chẻ,kg_20260602_172448,offline
menu_item:6425136,MenuItem,Cơm - Bò xào - Chả lá lốt - Đậu sốt,cơm - bò xào - chả lá lốt - đậu sốt,kg_20260602_172448,offline
menu_item:6425137,MenuItem,Cơm - Thịt kho - Chả lá lốt - Gà rang,cơm - thịt kho - chả lá lốt - gà rang,kg_20260602_172448,offline
menu_item:6425138,MenuItem,Cơm - Gà xào - Tôm rang - Trứng rán,cơm - gà xào - tôm rang - trứng rán,kg_20260602_172448,offline
menu_item:6425142,MenuItem,Cơm - Gà cựa - Chả lá lốt - Trứng rán,cơm - gà cựa - chả lá lốt - trứng rán,kg_20260602_172448,offline
menu_item:6425145,MenuItem,Cơm - Thịt quay - Tôm rang - Chả quế,cơm - thịt quay - tôm rang - chả quế,kg_20260602_172448,offline
menu_item:6425148,MenuItem,Cơm - Thịt kho,cơm - thịt kho,kg_20260602_172448,offline
menu_item:6425150,MenuItem,Cơm - Chả lá lốt,cơm - chả lá lốt,kg_20260602_172448,offline
menu_item:6425151,MenuItem,Cơm - Bò nấu sốt vang khoai tây,cơm - bò nấu sốt vang khoai tây,kg_20260602_172448,offline
menu_item:6425152,MenuItem,Cơm - Gà cựa xào lăn,cơm - gà cựa xào lăn,kg_20260602_172448,offline
menu_item:6425159,MenuItem,Cơm - Gà rán sốt me,cơm - gà rán sốt me,kg_20260602_172448,offline
menu_item:6425160,MenuItem,Cơm - Thịt luộc,cơm - thịt luộc,kg_20260602_172448,offline
menu_item:6425164,MenuItem,Cơm - Thịt quay - Thịt kho - Gà rang,cơm - thịt quay - thịt kho - gà rang,kg_20260602_172448,offline
menu_item:6425184,MenuItem,Cơm - Thịt nướng,cơm - thịt nướng,kg_20260602_172448,offline
menu_item:6425187,MenuItem,Cơm - Gà rán - Đậu sốt,cơm - gà rán - đậu sốt,kg_20260602_172448,offline
menu_item:6425191,MenuItem,Cơm - Bò om khoai,cơm - bò om khoai,kg_20260602_172448,offline
menu_item:6425192,MenuItem,Cơm - Ba món ăn ngon ngẫu nhiên - Rau (Không chọn món không ghi chú),cơm - ba món ăn ngon ngẫu nhiên - rau (không chọn món không ghi chú),kg_20260602_172448,offline
menu_item:6425193,MenuItem,Cơm thịt nướng,cơm thịt nướng,kg_20260602_172448,offline
menu_item:6425194,MenuItem,Cơm - Cá rán - Gà cựa - Đậu sốt,cơm - cá rán - gà cựa - đậu sốt,kg_20260602_172448,offline
menu_item:6425196,MenuItem,Cơm - Sườn sụn non nướng,cơm - sườn sụn non nướng,kg_20260602_172448,offline
menu_item:6425197,MenuItem,Cơm - Bò xào,cơm - bò xào,kg_20260602_172448,offline
menu_item:6425200,MenuItem,Cơm - Tôm rang,cơm - tôm rang,kg_20260602_172448,offline
menu_item:6425106,MenuItem,Cơm - Thịt Kho - Gà Cựa - Đậu Sốt,cơm - thịt kho - gà cựa - đậu sốt,kg_20260602_172448,offline
menu_item:6425110,MenuItem,Cơm Tôm Rang,cơm tôm rang,kg_20260602_172448,offline
menu_item:6425111,MenuItem,Cơm - Thịt Luộc - Tôm Rang - Trứng Rán,cơm - thịt luộc - tôm rang - trứng rán,kg_20260602_172448,offline
menu_item:6425112,MenuItem,Cơm - Gà Rán Sốt Me - Thịt Kho - Trứng Rán,cơm - gà rán sốt me - thịt kho - trứng rán,kg_20260602_172448,offline
menu_item:6425114,MenuItem,Cơm - Ba Chỉ Quay,cơm - ba chỉ quay,kg_20260602_172448,offline
menu_item:6425116,MenuItem,Cơm - Thịt Băm - Gà Cựa Xào - Gà Sốt,cơm - thịt băm - gà cựa xào - gà sốt,kg_20260602_172448,offline
menu_item:6425117,MenuItem,Cơm Cá Kho,cơm cá kho,kg_20260602_172448,offline
menu_item:6425119,MenuItem,Cơm Gà Xào - Tôm Rang - Trứng Rán,cơm gà xào - tôm rang - trứng rán,kg_20260602_172448,offline
menu_item:6425121,MenuItem,Cơm - Thịt Luộc - Gà Cựa Xào - Cá Nục Rán,cơm - thịt luộc - gà cựa xào - cá nục rán,kg_20260602_172448,offline
menu_item:6425124,MenuItem,Cơm Gà Hấp Lá Chanh,cơm gà hấp lá chanh,kg_20260602_172448,offline
menu_item:6425125,MenuItem,Cơm Thịt Rang Cháy Cạnh,cơm thịt rang cháy cạnh,kg_20260602_172448,offline
menu_item:6425128,MenuItem,Cơm Thịt Rang - Trứng - Lạc Rang,cơm thịt rang - trứng - lạc rang,kg_20260602_172448,offline
menu_item:6425166,MenuItem,Cơm - Tôm Rang - Gà Cựa Xào - Trứng Rán,cơm - tôm rang - gà cựa xào - trứng rán,kg_20260602_172448,offline
menu_item:6425167,MenuItem,Cơm - Gà Rang - Thịt Quay - Trứng Rán,cơm - gà rang - thịt quay - trứng rán,kg_20260602_172448,offline
menu_item:6425169,MenuItem,Cơm - Bò Xào - Gà Rán Sốt Me - Gà Cựa Xào,cơm - bò xào - gà rán sốt me - gà cựa xào,kg_20260602_172448,offline
menu_item:6425171,MenuItem,Cơm - Thịt Trưng Mắm Tép,cơm - thịt trưng mắm tép,kg_20260602_172448,offline
menu_item:6425174,MenuItem,Cơm - Thịt Quay - Gà Sốt - Thịt Xào,cơm - thịt quay - gà sốt - thịt xào,kg_20260602_172448,offline
menu_item:6425175,MenuItem,Cơm Gà Rang Gừng,cơm gà rang gừng,kg_20260602_172448,offline
menu_item:6425176,MenuItem,Cơm - Ba Món Ăn Ngon Ngẫu Nhiên - Rau - Không Chọn Món Không Ghi Chú,cơm - ba món ăn ngon ngẫu nhiên - rau - không chọn món không ghi chú,kg_20260602_172448,offline
menu_item:6425177,MenuItem,Cơm Bò Xào,cơm bò xào,kg_20260602_172448,offline
menu_item:6425178,MenuItem,Cơm Chả Lá Lốt,cơm chả lá lốt,kg_20260602_172448,offline
menu_item:6425179,MenuItem,Cơm Gà Cựa Xào Lăn,cơm gà cựa xào lăn,kg_20260602_172448,offline
menu_item:6425180,MenuItem,Cơm Gà rán - Đậu Sốt,cơm gà rán - đậu sốt,kg_20260602_172448,offline
menu_item:6425107,MenuItem,"ơm thịt quay, gà sốt, thịt xào + coca/sprite","ơm thịt quay, gà sốt, thịt xào + coca/sprite",kg_20260602_172448,offline
menu_item:6425144,MenuItem,"cơm bò xào, gà rán sốt me, gà cựa xào + coca/sprite","cơm bò xào, gà rán sốt me, gà cựa xào + coca/sprite",kg_20260602_172448,offline
menu_item:6425198,MenuItem,"Cơm thịt quay, thịt kho, gà rang + sprite/coca","cơm thịt quay, thịt kho, gà rang + sprite/coca",kg_20260602_172448,offline
menu_item:6425130,MenuItem,Gà rang gừng,gà rang gừng,kg_20260602_172448,offline
menu_item:6425133,MenuItem,Chả quế,chả quế,kg_20260602_172448,offline
menu_item:6425134,MenuItem,Sườn sụn non nướng,sườn sụn non nướng,kg_20260602_172448,offline
menu_item:6425135,MenuItem,Thịt ba chỉ quay,thịt ba chỉ quay,kg_20260602_172448,offline
menu_item:6425139,MenuItem,Gà rán sốt me,gà rán sốt me,kg_20260602_172448,offline
menu_item:6425140,MenuItem,Trứng cút kho sốt,trứng cút kho sốt,kg_20260602_172448,offline
menu_item:6425143,MenuItem,Chả lá lốt 4 cái,chả lá lốt 4 cái,kg_20260602_172448,offline
menu_item:6425147,MenuItem,Gà cựa xào lăn,gà cựa xào lăn,kg_20260602_172448,offline
menu_item:6425154,MenuItem,Cơm tám dẻo,cơm tám dẻo,kg_20260602_172448,offline
menu_item:6425156,MenuItem,Thịt rang xém cạnh,thịt rang xém cạnh,kg_20260602_172448,offline
menu_item:6425157,MenuItem,Bò xào,bò xào,kg_20260602_172448,offline
menu_item:6425158,MenuItem,Thịt nướng giềng,thịt nướng giềng,kg_20260602_172448,offline
menu_item:6425162,MenuItem,Tôm rang,tôm rang,kg_20260602_172448,offline
menu_item:6425188,MenuItem,Bò om khoai,bò om khoai,kg_20260602_172448,offline
menu_item:6425199,MenuItem,Trứng rán 2 miếng,trứng rán 2 miếng,kg_20260602_172448,offline
menu_item:6425120,MenuItem,Rau Luộc,rau luộc,kg_20260602_172448,offline
menu_item:6425131,MenuItem,Rau xào,rau xào,kg_20260602_172448,offline
menu_item:6425163,MenuItem,Cà muối,cà muối,kg_20260602_172448,offline
menu_item:6425243,MenuItem,Sữa Tươi Trân Trâu Đường Đen,sữa tươi trân trâu đường đen,kg_20260602_172448,offline
menu_item:6425244,MenuItem,Nước Me Ngon,nước me ngon,kg_20260602_172448,offline
menu_item:6425246,MenuItem,Sođa Bạc Hà,sođa bạc hà,kg_20260602_172448,offline
menu_item:10125345,MenuItem,Phở cuốn - 10 cái,phở cuốn - 10 cái,kg_20260602_172448,offline
menu_item:10125346,MenuItem,Phở chiên phồng,phở chiên phồng,kg_20260602_172448,offline
menu_item:10125347,MenuItem,Phở xào giòn,phở xào giòn,kg_20260602_172448,offline
menu_item:10125348,MenuItem,Phở xào mềm,phở xào mềm,kg_20260602_172448,offline
menu_item:10189571,MenuItem,phở cuốn 5 cái,phở cuốn 5 cái,kg_20260602_172448,offline
menu_item:10189575,MenuItem,mì xào bò,mì xào bò,kg_20260602_172448,offline
menu_item:10189576,MenuItem,khoai tây chiên,khoai tây chiên,kg_20260602_172448,offline
menu_item:10616313,MenuItem,Bánh cuốn chả quế,bánh cuốn chả quế,kg_20260602_172448,offline
menu_item:10616314,MenuItem,Bánh cuốn chả nướng,bánh cuốn chả nướng,kg_20260602_172448,offline
menu_item:10616316,MenuItem,Bún ngan,bún ngan,kg_20260602_172448,offline
menu_item:10616317,MenuItem,Miến ngan,miến ngan,kg_20260602_172448,offline
menu_item:10616318,MenuItem,Bún chả,bún chả,kg_20260602_172448,offline
menu_item:10616319,MenuItem,Miến ngan trộn,miến ngan trộn,kg_20260602_172448,offline
menu_item:10616320,MenuItem,Bún ngan trộn,bún ngan trộn,kg_20260602_172448,offline
menu_item:7648690,MenuItem,Cơm rang dưa bò + pepsi,cơm rang dưa bò + pepsi,kg_20260602_172448,offline
menu_item:7648691,MenuItem,Cơm rang đùi gà + pepsi,cơm rang đùi gà + pepsi,kg_20260602_172448,offline
menu_item:7648692,MenuItem,Cơm rang thập cẩm + pepsi,cơm rang thập cẩm + pepsi,kg_20260602_172448,offline
menu_item:7648693,MenuItem,[Deal Hot]Cơm rang thập cẩm + pepsi,[deal hot]cơm rang thập cẩm + pepsi,kg_20260602_172448,offline
menu_item:2289268,MenuItem,Phở Áp Chảo,phở áp chảo,kg_20260602_172448,offline
menu_item:2289272,MenuItem,Phở Tái Lăn,phở tái lăn,kg_20260602_172448,offline
menu_item:2289230,MenuItem,bún bò huế tô lớn,bún bò huế tô lớn,kg_20260602_172448,offline
menu_item:2289234,MenuItem,Bún bò huế tô đặc biệt,bún bò huế tô đặc biệt,kg_20260602_172448,offline
menu_item:2289235,MenuItem,bún bò huế tô vừa,bún bò huế tô vừa,kg_20260602_172448,offline
menu_item:253760,MenuItem,Cơm rang đùi gà xối mắm+1 trứng ốp,cơm rang đùi gà xối mắm+1 trứng ốp,kg_20260602_172448,offline
menu_item:253761,MenuItem,Cơm Rang Dưa Bò+1 trứng ốp,cơm rang dưa bò+1 trứng ốp,kg_20260602_172448,offline
menu_item:253762,MenuItem,Cơm Rang Cải Bò+1 trứng ốp,cơm rang cải bò+1 trứng ốp,kg_20260602_172448,offline
menu_item:253763,MenuItem,Cơm Rang Thập Cẩm+1 trứng ốp,cơm rang thập cẩm+1 trứng ốp,kg_20260602_172448,offline
menu_item:2289246,MenuItem,Cơm Rang Cải Bò - 1 trứng ốp,cơm rang cải bò - 1 trứng ốp,kg_20260602_172448,offline
menu_item:2289247,MenuItem,Cơm Rang Dưa Bò - 1 trứng ốp,cơm rang dưa bò - 1 trứng ốp,kg_20260602_172448,offline
menu_item:2289248,MenuItem,Cơm Rang Thập Cẩm - 1 trứng ốp,cơm rang thập cẩm - 1 trứng ốp,kg_20260602_172448,offline
menu_item:2289249,MenuItem,Cơm rang đùi gà xối mắm - 1 trứng ốp -,cơm rang đùi gà xối mắm - 1 trứng ốp -,kg_20260602_172448,offline
menu_item:2289233,MenuItem,phở bò đặc biệt,phở bò đặc biệt,kg_20260602_172448,offline
menu_item:2289237,MenuItem,Cơm rang cải bò - sprite,cơm rang cải bò - sprite,kg_20260602_172448,offline
menu_item:2289238,MenuItem,Cơm rang cải bò - coca,cơm rang cải bò - coca,kg_20260602_172448,offline
menu_item:2289239,MenuItem,Cơm rang dưa bò - sprite,cơm rang dưa bò - sprite,kg_20260602_172448,offline
menu_item:2289240,MenuItem,Cơm rang dưa bò - coca,cơm rang dưa bò - coca,kg_20260602_172448,offline
menu_item:2289241,MenuItem,Cơm rang gà xôi mắm - sprite,cơm rang gà xôi mắm - sprite,kg_20260602_172448,offline
menu_item:2289242,MenuItem,Phở bò tái chín - coca,phở bò tái chín - coca,kg_20260602_172448,offline
menu_item:2289243,MenuItem,Phở bò đặc biệt - coca,phở bò đặc biệt - coca,kg_20260602_172448,offline
menu_item:2289244,MenuItem,Phở xào bò cải - coca,phở xào bò cải - coca,kg_20260602_172448,offline
menu_item:253766,MenuItem,Cơm Rang Dưa Bò + Pepsi,cơm rang dưa bò + pepsi,kg_20260602_172448,offline
menu_item:253767,MenuItem,cơm rang đùi gà xối mắm+Pepsi,cơm rang đùi gà xối mắm+pepsi,kg_20260602_172448,offline
menu_item:253768,MenuItem,Phở Xào + Pepsi,phở xào + pepsi,kg_20260602_172448,offline
menu_item:253769,MenuItem,Mì Xào + Pepsi,mì xào + pepsi,kg_20260602_172448,offline
menu_item:253770,MenuItem,Cơm Rang Cải Bò + Pepsi,cơm rang cải bò + pepsi,kg_20260602_172448,offline
menu_item:253771,MenuItem,Cơm Rang Thập Cẩm + Pepsi,cơm rang thập cẩm + pepsi,kg_20260602_172448,offline
menu_item:253772,MenuItem,Mì Bò nước+ Pepsi,mì bò nước+ pepsi,kg_20260602_172448,offline
menu_item:2289229,MenuItem,Cơm rang đùi gà xối mắm -Pepsi,cơm rang đùi gà xối mắm -pepsi,kg_20260602_172448,offline
menu_item:2289231,MenuItem,Cơm Rang Dưa Bò - Pepsi,cơm rang dưa bò - pepsi,kg_20260602_172448,offline
menu_item:2289260,MenuItem,Cơm Rang Cải Bò - Pepsi,cơm rang cải bò - pepsi,kg_20260602_172448,offline
menu_item:2289261,MenuItem,Cơm Rang Thập Cẩm - Pepsi,cơm rang thập cẩm - pepsi,kg_20260602_172448,offline
menu_item:2289262,MenuItem,Mì Bò nước - Pepsi,mì bò nước - pepsi,kg_20260602_172448,offline
menu_item:2289263,MenuItem,Mì Xào - Pepsi,mì xào - pepsi,kg_20260602_172448,offline
menu_item:2289264,MenuItem,Phở Xào - Pepsi,phở xào - pepsi,kg_20260602_172448,offline
menu_item:6148695,MenuItem,Bánh cuốn chả quế,bánh cuốn chả quế,kg_20260602_172448,offline
menu_item:6148696,MenuItem,Bánh cuốn chả thập cẩm (chả nướng+ chả quế ),bánh cuốn chả thập cẩm (chả nướng+ chả quế ),kg_20260602_172448,offline
menu_item:6148697,MenuItem,Bánh cuốn chả nướng,bánh cuốn chả nướng,kg_20260602_172448,offline
menu_item:6148698,MenuItem,Bánh cuốn trứng (không chả),bánh cuốn trứng (không chả),kg_20260602_172448,offline
menu_item:6151242,MenuItem,"Bánh cuốn nhân thịt, mộc nhĩ ( không chả)","bánh cuốn nhân thịt, mộc nhĩ ( không chả)",kg_20260602_172448,offline
menu_item:6251939,MenuItem,Bún chả thịt nướng,bún chả thịt nướng,kg_20260602_172448,offline
menu_item:6891855,MenuItem,Bánh cuốn chay (chả quế),bánh cuốn chay (chả quế),kg_20260602_172448,offline
menu_item:6891856,MenuItem,Bánh cuốn chay ( chả nướng),bánh cuốn chay ( chả nướng),kg_20260602_172448,offline
menu_item:6891857,MenuItem,Bánh cuốn trứng (chả quế),bánh cuốn trứng (chả quế),kg_20260602_172448,offline
menu_item:2440750,MenuItem,Bún chả - Coca,bún chả - coca,kg_20260602_172448,offline
menu_item:2440751,MenuItem,Bánh cuốn thịt nướng - Coca,bánh cuốn thịt nướng - coca,kg_20260602_172448,offline
menu_item:2440752,MenuItem,Bánh cuốn chả quế - Coca,bánh cuốn chả quế - coca,kg_20260602_172448,offline
menu_item:663177,MenuItem,Bánh Cuốn Chả Quế,bánh cuốn chả quế,kg_20260602_172448,offline
menu_item:663178,MenuItem,Bánh Cuốn Thịt Nướng,bánh cuốn thịt nướng,kg_20260602_172448,offline
menu_item:663181,MenuItem,Gà ác Tần Thuốc Bắc,gà ác tần thuốc bắc,kg_20260602_172448,offline
menu_item:663182,MenuItem,Bún Chả,bún chả,kg_20260602_172448,offline
menu_item:663183,MenuItem,Mì Gà Ác Tần,mì gà ác tần,kg_20260602_172448,offline
menu_item:314748,MenuItem,Bún chả,bún chả,kg_20260602_172448,offline
menu_item:314752,MenuItem,Bánh cuốn chả nướng,bánh cuốn chả nướng,kg_20260602_172448,offline
menu_item:314778,MenuItem,Bánh cuốn nhân hành chả nướng,bánh cuốn nhân hành chả nướng,kg_20260602_172448,offline
menu_item:314760,MenuItem,Bánh cuốn không nhân chả nướng,bánh cuốn không nhân chả nướng,kg_20260602_172448,offline
menu_item:314786,MenuItem,Bánh cuốn chả quế,bánh cuốn chả quế,kg_20260602_172448,offline
menu_item:314782,MenuItem,Bánh cuôn nhân hành chả quế,bánh cuôn nhân hành chả quế,kg_20260602_172448,offline
menu_item:314771,MenuItem,Bánh cuốn chả nướng - chả quế,bánh cuốn chả nướng - chả quế,kg_20260602_172448,offline
menu_item:314774,MenuItem,Bánh cuốn không nhân chả nướng - chả quế,bánh cuốn không nhân chả nướng - chả quế,kg_20260602_172448,offline
menu_item:314812,MenuItem,Combo bánh cuốn nhân thịt chả quế - trứng,combo bánh cuốn nhân thịt chả quế - trứng,kg_20260602_172448,offline
menu_item:314790,MenuItem,Bánh cuốn nhân thịt không chả,bánh cuốn nhân thịt không chả,kg_20260602_172448,offline
menu_item:314805,MenuItem,Combo bánh cuốn chay chả nướng - trứng,combo bánh cuốn chay chả nướng - trứng,kg_20260602_172448,offline
menu_item:314800,MenuItem,Bánh cuốn nhân hành không chả,bánh cuốn nhân hành không chả,kg_20260602_172448,offline
menu_item:314857,MenuItem,Gà ác tần sâm,gà ác tần sâm,kg_20260602_172448,offline
menu_item:441860,MenuItem,Cơm Rang Trứng,cơm rang trứng,kg_20260602_172448,offline
menu_item:441861,MenuItem,Combo Cơm Rang Thập Cẩm - 01 Coca,combo cơm rang thập cẩm - 01 coca,kg_20260602_172448,offline
menu_item:441862,MenuItem,Cơm Rang Đùi Gà Xối Mắm,cơm rang đùi gà xối mắm,kg_20260602_172448,offline
menu_item:441863,MenuItem,Cơm Rang Thập Cẩm,cơm rang thập cẩm,kg_20260602_172448,offline
menu_item:441864,MenuItem,Cơm Rang Dưa Bò,cơm rang dưa bò,kg_20260602_172448,offline
menu_item:441865,MenuItem,Cơm Rang Cải Bò,cơm rang cải bò,kg_20260602_172448,offline
menu_item:441866,MenuItem,Cơm Rang Trứng,cơm rang trứng,kg_20260602_172448,offline
menu_item:441867,MenuItem,Cơm Tám Đùi Gà,cơm tám đùi gà,kg_20260602_172448,offline
menu_item:441868,MenuItem,Cơm Tám Thịt Kho Tàu Trứng Gà,cơm tám thịt kho tàu trứng gà,kg_20260602_172448,offline
menu_item:441869,MenuItem,Cơm Rang Thịt Kho Tàu Trứng Gà,cơm rang thịt kho tàu trứng gà,kg_20260602_172448,offline
menu_item:441870,MenuItem,Cơm Tám Cải Bò,cơm tám cải bò,kg_20260602_172448,offline
menu_item:441871,MenuItem,Cơm Tám Dưa Bò,cơm tám dưa bò,kg_20260602_172448,offline
menu_item:441872,MenuItem,Phở Xào,phở xào,kg_20260602_172448,offline
menu_item:441874,MenuItem,Phở Tái,phở tái,kg_20260602_172448,offline
menu_item:441876,MenuItem,Mỳ Xào,mỳ xào,kg_20260602_172448,offline
menu_item:441881,MenuItem,Phở Đặc Biệt,phở đặc biệt,kg_20260602_172448,offline
menu_item:441882,MenuItem,Phở Áp Chảo,phở áp chảo,kg_20260602_172448,offline
menu_item:441883,MenuItem,Phở Tái Lăn,phở tái lăn,kg_20260602_172448,offline
menu_item:5397644,MenuItem,Bánh cuốn chả quế,bánh cuốn chả quế,kg_20260602_172448,offline
menu_item:5397645,MenuItem,Bánh cuốn chả nướng,bánh cuốn chả nướng,kg_20260602_172448,offline
menu_item:5397646,MenuItem,Bánh cuốn trứng - chả quế,bánh cuốn trứng - chả quế,kg_20260602_172448,offline
menu_item:5397647,MenuItem,Bánh cuốn không chả,bánh cuốn không chả,kg_20260602_172448,offline
menu_item:5397648,MenuItem,Bún chả,bún chả,kg_20260602_172448,offline
menu_item:481739,MenuItem,Cơm Rang Dưa Bò,cơm rang dưa bò,kg_20260602_172448,offline
menu_item:481740,MenuItem,Cơm Rang Thập Cẩm,cơm rang thập cẩm,kg_20260602_172448,offline
menu_item:481741,MenuItem,Cơm Rang Cải Bò,cơm rang cải bò,kg_20260602_172448,offline
menu_item:481743,MenuItem,Cơm Rang Trứng,cơm rang trứng,kg_20260602_172448,offline
menu_item:1998443,MenuItem,Cơm Rang Đùi Gà Xối Mắm,cơm rang đùi gà xối mắm,kg_20260602_172448,offline
menu_item:481744,MenuItem,Phở Xào,phở xào,kg_20260602_172448,offline
menu_item:481745,MenuItem,Mỳ Xào,mỳ xào,kg_20260602_172448,offline
menu_item:481746,MenuItem,Phở Tái Chín,phở tái chín,kg_20260602_172448,offline
menu_item:481747,MenuItem,Phở Chín,phở chín,kg_20260602_172448,offline
menu_item:481748,MenuItem,Phở Tái Gầu,phở tái gầu,kg_20260602_172448,offline
menu_item:481749,MenuItem,Phở Tái,phở tái,kg_20260602_172448,offline
menu_item:481751,MenuItem,Phở Tái Lăn,phở tái lăn,kg_20260602_172448,offline
menu_item:481753,MenuItem,Phở Tái Nạm,phở tái nạm,kg_20260602_172448,offline
menu_item:481754,MenuItem,Phở Đặc Biệt,phở đặc biệt,kg_20260602_172448,offline
menu_item:481758,MenuItem,Phở Áp Chảo,phở áp chảo,kg_20260602_172448,offline
menu_item:1998745,MenuItem,Phở Xào Mềm,phở xào mềm,kg_20260602_172448,offline
menu_item:1998747,MenuItem,Mì xào mềm,mì xào mềm,kg_20260602_172448,offline
menu_item:1702457,MenuItem,Cơm rang dưa bò lẫn + Coca,cơm rang dưa bò lẫn + coca,kg_20260602_172448,offline
menu_item:1702460,MenuItem,cơm rang thập cẩm + coca,cơm rang thập cẩm + coca,kg_20260602_172448,offline
menu_item:1702461,MenuItem,cơm rang thập cẩm + coca,cơm rang thập cẩm + coca,kg_20260602_172448,offline
menu_item:1702462,MenuItem,cơm rang thập cẩm + coca,cơm rang thập cẩm + coca,kg_20260602_172448,offline
menu_item:1702463,MenuItem,cơm rang thập cẩm + coca,cơm rang thập cẩm + coca,kg_20260602_172448,offline
menu_item:1702464,MenuItem,cơm rang thập cẩm + coca,cơm rang thập cẩm + coca,kg_20260602_172448,offline
menu_item:487363,MenuItem,phở bò - coca,phở bò - coca,kg_20260602_172448,offline
menu_item:487368,MenuItem,Cơm rang dưa bò xào lẫn - coca,cơm rang dưa bò xào lẫn - coca,kg_20260602_172448,offline
menu_item:487375,MenuItem,cơm rag dưa bò xào lẫn - srite,cơm rag dưa bò xào lẫn - srite,kg_20260602_172448,offline
menu_item:487383,MenuItem,mỳ xào - coca,mỳ xào - coca,kg_20260602_172448,offline
menu_item:487429,MenuItem,cơm rang dưa bò - dasani,cơm rang dưa bò - dasani,kg_20260602_172448,offline
menu_item:1053285,MenuItem,Cơm rang đùi gà + coca,cơm rang đùi gà + coca,kg_20260602_172448,offline
menu_item:45587,MenuItem,Cơm Rang Cải Bò Xào lẫn,cơm rang cải bò xào lẫn,kg_20260602_172448,offline
menu_item:45593,MenuItem,Cơm rang dưa bò xào lẫn,cơm rang dưa bò xào lẫn,kg_20260602_172448,offline
menu_item:45596,MenuItem,Cơm rang thập cẩm,cơm rang thập cẩm,kg_20260602_172448,offline
menu_item:45598,MenuItem,Phở tái chín,phở tái chín,kg_20260602_172448,offline
menu_item:45601,MenuItem,Cơm rang dưa bò xào riêng,cơm rang dưa bò xào riêng,kg_20260602_172448,offline
menu_item:45603,MenuItem,Phở xào bò,phở xào bò,kg_20260602_172448,offline
menu_item:45606,MenuItem,Phở bắp gầu,phở bắp gầu,kg_20260602_172448,offline
menu_item:45608,MenuItem,Phở chín,phở chín,kg_20260602_172448,offline
menu_item:45610,MenuItem,Mì xào bò,mì xào bò,kg_20260602_172448,offline
menu_item:45615,MenuItem,Cơm rang thập cẩm bò,cơm rang thập cẩm bò,kg_20260602_172448,offline
menu_item:45618,MenuItem,Phở xốt vang,phở xốt vang,kg_20260602_172448,offline
menu_item:45622,MenuItem,Phở tái,phở tái,kg_20260602_172448,offline
menu_item:45630,MenuItem,Cơm rang cải bò xào riêng,cơm rang cải bò xào riêng,kg_20260602_172448,offline
menu_item:45632,MenuItem,Phở Bắp nạm,phở bắp nạm,kg_20260602_172448,offline
menu_item:45635,MenuItem,Phở tái lăn,phở tái lăn,kg_20260602_172448,offline
menu_item:45637,MenuItem,Cơm rang xào giòn,cơm rang xào giòn,kg_20260602_172448,offline
menu_item:45640,MenuItem,Phở áp chảo,phở áp chảo,kg_20260602_172448,offline
menu_item:45642,MenuItem,Cơm rang xúc xích,cơm rang xúc xích,kg_20260602_172448,offline
menu_item:1053280,MenuItem,cơm rang đùi gà,cơm rang đùi gà,kg_20260602_172448,offline
menu_item:6029675,MenuItem,Bánh cuốn nhân hành phi không chả,bánh cuốn nhân hành phi không chả,kg_20260602_172448,offline
menu_item:6029677,MenuItem,Bánh cuốn nhân thịt chả nướng,bánh cuốn nhân thịt chả nướng,kg_20260602_172448,offline
menu_item:7110985,MenuItem,bánh cuốn nhân thịt chả quế,bánh cuốn nhân thịt chả quế,kg_20260602_172448,offline
menu_item:7110986,MenuItem,bánh cuốn nhân thịt chả lẫn,bánh cuốn nhân thịt chả lẫn,kg_20260602_172448,offline
menu_item:7110987,MenuItem,bánh cuốn nhân hành phi chả nướng,bánh cuốn nhân hành phi chả nướng,kg_20260602_172448,offline
menu_item:7110988,MenuItem,bánh cuốn nhân hành phi chả quế,bánh cuốn nhân hành phi chả quế,kg_20260602_172448,offline
menu_item:7110989,MenuItem,bánh cuốn nhân thịt không chả,bánh cuốn nhân thịt không chả,kg_20260602_172448,offline
menu_item:7110990,MenuItem,bánh cuốn nhân hành phi không chả,bánh cuốn nhân hành phi không chả,kg_20260602_172448,offline
menu_item:8388285,MenuItem,bánh cuốn chay chả nướng,bánh cuốn chay chả nướng,kg_20260602_172448,offline
menu_item:8388287,MenuItem,bánh cuốn chạy chả quế,bánh cuốn chạy chả quế,kg_20260602_172448,offline
menu_item:8388292,MenuItem,bánh cuốn chạy chả lẫn,bánh cuốn chạy chả lẫn,kg_20260602_172448,offline
menu_item:8388300,MenuItem,bánh cuốn chay không chả,bánh cuốn chay không chả,kg_20260602_172448,offline
menu_item:6029676,MenuItem,Bún chả,bún chả,kg_20260602_172448,offline
menu_item:8184948,MenuItem,Bánh cuốn thịt,bánh cuốn thịt,kg_20260602_172448,offline
menu_item:8184947,MenuItem,Bánh cuốn tôm thịt,bánh cuốn tôm thịt,kg_20260602_172448,offline
menu_item:8184953,MenuItem,Bánh cuốn tôm,bánh cuốn tôm,kg_20260602_172448,offline
menu_item:8184950,MenuItem,Bánh cuốn Thanh Trì,bánh cuốn thanh trì,kg_20260602_172448,offline
menu_item:8184949,MenuItem,Bánh trứng nhân thịt,bánh trứng nhân thịt,kg_20260602_172448,offline
menu_item:8184952,MenuItem,Bánh trứng nhân tôm thịt,bánh trứng nhân tôm thịt,kg_20260602_172448,offline
menu_item:8184955,MenuItem,Bánh trứng nhân tôm,bánh trứng nhân tôm,kg_20260602_172448,offline
menu_item:8184956,MenuItem,Bún chả,bún chả,kg_20260602_172448,offline
menu_item:11782355,MenuItem,Combo 2 gà giòn + 1 Coca,combo 2 gà giòn + 1 coca,kg_20260602_172448,offline
menu_item:11616984,MenuItem,Mỳ cay hải sản,mỳ cay hải sản,kg_20260602_172448,offline
menu_item:11616985,MenuItem,Mỳ cay bò,mỳ cay bò,kg_20260602_172448,offline
menu_item:11616986,MenuItem,Mỳ cay xúc xích,mỳ cay xúc xích,kg_20260602_172448,offline
menu_item:11616987,MenuItem,Mỳ cay thập cẩm,mỳ cay thập cẩm,kg_20260602_172448,offline
menu_item:11616990,MenuItem,1 gà giòn + 1 mỳ ý + 1 khoai + 1 Coca,1 gà giòn + 1 mỳ ý + 1 khoai + 1 coca,kg_20260602_172448,offline
menu_item:11616991,MenuItem,1 gà giòn + 1 mỳ ý + 1 Coca,1 gà giòn + 1 mỳ ý + 1 coca,kg_20260602_172448,offline
menu_item:11616992,MenuItem,Mỳ Ý sốt bò bằm,mỳ ý sốt bò bằm,kg_20260602_172448,offline
menu_item:11616995,MenuItem,Combo 1,combo 1,kg_20260602_172448,offline
menu_item:11698504,MenuItem,Cơm ngon mỗi ngày 1 vị + Đồ uống,cơm ngon mỗi ngày 1 vị + đồ uống,kg_20260602_172448,offline
menu_item:11698168,MenuItem,Cơm gà sốt cay ngọt ( Best seller),cơm gà sốt cay ngọt ( best seller),kg_20260602_172448,offline
menu_item:11698359,MenuItem,Cơm gà chọn sốt,cơm gà chọn sốt,kg_20260602_172448,offline
menu_item:11698368,MenuItem,Cơm gà góc tư,cơm gà góc tư,kg_20260602_172448,offline
menu_item:11698530,MenuItem,3 gà giòn giòn,3 gà giòn giòn,kg_20260602_172448,offline
menu_item:11698544,MenuItem,6 gà giòn + tặng 2 coca,6 gà giòn + tặng 2 coca,kg_20260602_172448,offline
menu_item:11698566,MenuItem,2 gà giòn + 2 mỳ ý + 1 khoai + 2coca,2 gà giòn + 2 mỳ ý + 1 khoai + 2coca,kg_20260602_172448,offline
menu_item:11698580,MenuItem,4 gà giòn + 1 khoai + 2coca,4 gà giòn + 1 khoai + 2coca,kg_20260602_172448,offline
menu_item:11699631,MenuItem,Cơm gà góc tư chọn sốt,cơm gà góc tư chọn sốt,kg_20260602_172448,offline
menu_item:11699285,MenuItem,Cơm gà sốt cay ngọt,cơm gà sốt cay ngọt,kg_20260602_172448,offline
menu_item:11699297,MenuItem,Cơm gà sốt cay nóng,cơm gà sốt cay nóng,kg_20260602_172448,offline
menu_item:11699329,MenuItem,Cơm gà sốt BBQ,cơm gà sốt bbq,kg_20260602_172448,offline
menu_item:11699313,MenuItem,Cơm gà sốt mắm tỏi,cơm gà sốt mắm tỏi,kg_20260602_172448,offline
menu_item:11699344,MenuItem,Cơm gà sốt mật ong,cơm gà sốt mật ong,kg_20260602_172448,offline
menu_item:11699581,MenuItem,Cơm gà xiên que,cơm gà xiên que,kg_20260602_172448,offline
menu_item:11699699,MenuItem,Gà giòn giòn,gà giòn giòn,kg_20260602_172448,offline
menu_item:11699711,MenuItem,Gà góc tư truyền thống,gà góc tư truyền thống,kg_20260602_172448,offline
menu_item:11699728,MenuItem,1 gà giòn + 1 khoai + 1 coca,1 gà giòn + 1 khoai + 1 coca,kg_20260602_172448,offline
menu_item:11699744,MenuItem,2 gà giòn + 1 khoai + 1 coca,2 gà giòn + 1 khoai + 1 coca,kg_20260602_172448,offline
menu_item:11699766,MenuItem,1 gà sốt + 1 khoai tây + 1 coca,1 gà sốt + 1 khoai tây + 1 coca,kg_20260602_172448,offline
menu_item:11699780,MenuItem,2 gà sốt + 1 khoai tây + 1 coca,2 gà sốt + 1 khoai tây + 1 coca,kg_20260602_172448,offline
menu_item:11699798,MenuItem,2 gà sốt + 2 coca,2 gà sốt + 2 coca,kg_20260602_172448,offline
menu_item:11699812,MenuItem,Gà Góc tư sốt,gà góc tư sốt,kg_20260602_172448,offline
menu_item:11699825,MenuItem,Gà sốt,gà sốt,kg_20260602_172448,offline
menu_item:3956361,MenuItem,Cơm gà chiên mắm + coca,cơm gà chiên mắm + coca,kg_20260602_172448,offline
menu_item:3956364,MenuItem,Cơm gà sốt chua ngọt + coca,cơm gà sốt chua ngọt + coca,kg_20260602_172448,offline
menu_item:3956365,MenuItem,Cơm thịt bằm đậu sốt cà chua + coca,cơm thịt bằm đậu sốt cà chua + coca,kg_20260602_172448,offline
menu_item:3956367,MenuItem,Cơm sườn chua ngọt + coca,cơm sườn chua ngọt + coca,kg_20260602_172448,offline
menu_item:9664908,MenuItem,Cơm gà chiên mắm,cơm gà chiên mắm,kg_20260602_172448,offline
menu_item:9664969,MenuItem,Cơm tôm rang lá chanh,cơm tôm rang lá chanh,kg_20260602_172448,offline
menu_item:9664970,MenuItem,"Cơm thịt băm, đậu sốt cà chua","cơm thịt băm, đậu sốt cà chua",kg_20260602_172448,offline
menu_item:9664971,MenuItem,Cơm thịt kho nước cốt dừa,cơm thịt kho nước cốt dừa,kg_20260602_172448,offline
menu_item:9664972,MenuItem,Cơm thịt bê xào sả ớt,cơm thịt bê xào sả ớt,kg_20260602_172448,offline
menu_item:9664973,MenuItem,Cơm gà xào nấm,cơm gà xào nấm,kg_20260602_172448,offline
menu_item:9664975,MenuItem,Cơm thịt chưng mắm tép phú quốc,cơm thịt chưng mắm tép phú quốc,kg_20260602_172448,offline
menu_item:9664976,MenuItem,Cơm gà xào sả ớt,cơm gà xào sả ớt,kg_20260602_172448,offline
menu_item:9664978,MenuItem,Cơm sườn sốt chua ngọt,cơm sườn sốt chua ngọt,kg_20260602_172448,offline
menu_item:9664979,MenuItem,Cơm gà sốt chua ngọt,cơm gà sốt chua ngọt,kg_20260602_172448,offline
menu_item:9664980,MenuItem,Cơm cá biển sốt ngọt,cơm cá biển sốt ngọt,kg_20260602_172448,offline
menu_item:9664981,MenuItem,Cơm thịt xào cần tỏi,cơm thịt xào cần tỏi,kg_20260602_172448,offline
menu_item:9664982,MenuItem,Cơm thịt rang cháy cạnh thêm miếng gà chiên mắm,cơm thịt rang cháy cạnh thêm miếng gà chiên mắm,kg_20260602_172448,offline
menu_item:9664983,MenuItem,Cơm thịt rang cháy cạnh,cơm thịt rang cháy cạnh,kg_20260602_172448,offline
menu_item:9664984,MenuItem,Cơm sườn sốt chua ngọt thêm miếng gà chiên mắm,cơm sườn sốt chua ngọt thêm miếng gà chiên mắm,kg_20260602_172448,offline
menu_item:9664985,MenuItem,Cơm thịt kho nước cốt dừa vs 1 chai cocacola,cơm thịt kho nước cốt dừa vs 1 chai cocacola,kg_20260602_172448,offline
menu_item:8718881,MenuItem,Cơm đảo thịt heo kho,cơm đảo thịt heo kho,kg_20260602_172448,offline
menu_item:8718882,MenuItem,Cơm đảo gà rán,cơm đảo gà rán,kg_20260602_172448,offline
menu_item:8718891,MenuItem,Cơm đảo bò kho,cơm đảo bò kho,kg_20260602_172448,offline
menu_item:8139375,MenuItem,Cơm sườn xào chua ngọt,cơm sườn xào chua ngọt,kg_20260602_172448,offline
menu_item:8139377,MenuItem,Cơm thịt rang cháy cạnh,cơm thịt rang cháy cạnh,kg_20260602_172448,offline
menu_item:8139378,MenuItem,Cơm thịt kho trứng,cơm thịt kho trứng,kg_20260602_172448,offline
menu_item:8139379,MenuItem,Cơm cá trắm kho riềng,cơm cá trắm kho riềng,kg_20260602_172448,offline
menu_item:8139380,MenuItem,Cơm thịt quay,cơm thịt quay,kg_20260602_172448,offline
menu_item:8139381,MenuItem,Cơm thịt chân giò luộc,cơm thịt chân giò luộc,kg_20260602_172448,offline
menu_item:8139382,MenuItem,Cơm gà xào xả ớt,cơm gà xào xả ớt,kg_20260602_172448,offline
menu_item:8139383,MenuItem,Cơm gà rang lá chanh,cơm gà rang lá chanh,kg_20260602_172448,offline
menu_item:8139384,MenuItem,Cơm tôm rim,cơm tôm rim,kg_20260602_172448,offline
menu_item:8139385,MenuItem,Cơm thịt viên xíu mại,cơm thịt viên xíu mại,kg_20260602_172448,offline
menu_item:8139386,MenuItem,Cơm bò kho gừng,cơm bò kho gừng,kg_20260602_172448,offline
menu_item:8139387,MenuItem,Cơm chả lá lốt,cơm chả lá lốt,kg_20260602_172448,offline
menu_item:8139388,MenuItem,Cơm thịt kho dừa,cơm thịt kho dừa,kg_20260602_172448,offline
menu_item:8139389,MenuItem,Cơm gà xào nấm,cơm gà xào nấm,kg_20260602_172448,offline
menu_item:8139393,MenuItem,Cơm đùi gà chua ngọt,cơm đùi gà chua ngọt,kg_20260602_172448,offline
menu_item:8139396,MenuItem,Cơm gà rán,cơm gà rán,kg_20260602_172448,offline
menu_item:8139397,MenuItem,Cá nục kho sả ớt - nửa kg,cá nục kho sả ớt - nửa kg,kg_20260602_172448,offline
menu_item:8139398,MenuItem,Cá trắm kho riềng - nửa kg,cá trắm kho riềng - nửa kg,kg_20260602_172448,offline
menu_item:5362942,MenuItem,Bún vịt quay BK trộn sốt XO,bún vịt quay bk trộn sốt xo,kg_20260602_172448,offline
menu_item:5362945,MenuItem,Xôi vịt quay nhiều thịt,xôi vịt quay nhiều thịt,kg_20260602_172448,offline
menu_item:5362946,MenuItem,Vịt quay nửa con - Nhỏ,vịt quay nửa con - nhỏ,kg_20260602_172448,offline
menu_item:5362947,MenuItem,Vịt quay nửa con - To,vịt quay nửa con - to,kg_20260602_172448,offline
menu_item:5362948,MenuItem,Vịt quay cả con - Nhỏ,vịt quay cả con - nhỏ,kg_20260602_172448,offline
menu_item:5362949,MenuItem,Vịt quay cả con - To,vịt quay cả con - to,kg_20260602_172448,offline
menu_item:5362950,MenuItem,Vịt quay Bắc Kinh chuẩn vị,vịt quay bắc kinh chuẩn vị,kg_20260602_172448,offline
menu_item:5362953,MenuItem,Vịt om dừa - bún,vịt om dừa - bún,kg_20260602_172448,offline
menu_item:5362954,MenuItem,Vịt om bja + bún,vịt om bja + bún,kg_20260602_172448,offline
menu_item:5362955,MenuItem,Mẹt bánh tráng cuốn vịt nướng,mẹt bánh tráng cuốn vịt nướng,kg_20260602_172448,offline
menu_item:5362956,MenuItem,Vịt hấp,vịt hấp,kg_20260602_172448,offline
menu_item:5362957,MenuItem,Vịt hấp sốt nấm,vịt hấp sốt nấm,kg_20260602_172448,offline
menu_item:5362958,MenuItem,Vịt trộn kiểu Thái,vịt trộn kiểu thái,kg_20260602_172448,offline
menu_item:5362959,MenuItem,Vịt rút xương áp chảo cháy tỏi,vịt rút xương áp chảo cháy tỏi,kg_20260602_172448,offline
menu_item:5362960,MenuItem,Vịt quay Bắc Kinh rút xương thiết bản,vịt quay bắc kinh rút xương thiết bản,kg_20260602_172448,offline
menu_item:5362961,MenuItem,Vịt rang muối,vịt rang muối,kg_20260602_172448,offline
menu_item:5362962,MenuItem,Cánh vịt rang muối,cánh vịt rang muối,kg_20260602_172448,offline
menu_item:5362963,MenuItem,Vịt cay thiết bản,vịt cay thiết bản,kg_20260602_172448,offline
menu_item:5362964,MenuItem,Cánh vịt cay thiết bản,cánh vịt cay thiết bản,kg_20260602_172448,offline
menu_item:5362965,MenuItem,Chả vịt thiết bản,chả vịt thiết bản,kg_20260602_172448,offline
menu_item:5362966,MenuItem,Gà ri nướng dân tộc,gà ri nướng dân tộc,kg_20260602_172448,offline
menu_item:5362968,MenuItem,Ba chỉ heo nướng Hồng Kông,ba chỉ heo nướng hồng kông,kg_20260602_172448,offline
menu_item:5362969,MenuItem,Thịt xá xíu Hồng Kông,thịt xá xíu hồng kông,kg_20260602_172448,offline
menu_item:5362970,MenuItem,Dồi sụn cuống họng nướng,dồi sụn cuống họng nướng,kg_20260602_172448,offline
menu_item:5362971,MenuItem,Chim cút nướng,chim cút nướng,kg_20260602_172448,offline
menu_item:5362973,MenuItem,Lòng mề xào dứa,lòng mề xào dứa,kg_20260602_172448,offline
menu_item:5362974,MenuItem,Lưỡi vịt chiên nhỏ,lưỡi vịt chiên nhỏ,kg_20260602_172448,offline
menu_item:5362975,MenuItem,Lưỡi vịt chiên to,lưỡi vịt chiên to,kg_20260602_172448,offline
menu_item:5362976,MenuItem,Chân vịt rút xương trộn măng cay,chân vịt rút xương trộn măng cay,kg_20260602_172448,offline
menu_item:5362978,MenuItem,Chân gà rút xương muối,chân gà rút xương muối,kg_20260602_172448,offline
menu_item:5362980,MenuItem,Chân vịt rút xương muối,chân vịt rút xương muối,kg_20260602_172448,offline
menu_item:5362981,MenuItem,Nộm vịt quay - Nhỏ,nộm vịt quay - nhỏ,kg_20260602_172448,offline
menu_item:5362982,MenuItem,Nộm vịt quay - To,nộm vịt quay - to,kg_20260602_172448,offline
menu_item:5362983,MenuItem,Nấm đùi gà xào thiết bản,nấm đùi gà xào thiết bản,kg_20260602_172448,offline
menu_item:5362984,MenuItem,Rau muống xào,rau muống xào,kg_20260602_172448,offline
menu_item:5362987,MenuItem,Cơm rang vịt,cơm rang vịt,kg_20260602_172448,offline
menu_item:5362990,MenuItem,Lẩu vịt om sấu,lẩu vịt om sấu,kg_20260602_172448,offline
menu_item:5362991,MenuItem,Lẩu vịt om măng,lẩu vịt om măng,kg_20260602_172448,offline
menu_item:8325428,MenuItem,Mua 1 tặng 1 dành cho 2-3 người,mua 1 tặng 1 dành cho 2-3 người,kg_20260602_172448,offline
menu_item:11299293,MenuItem,Combo no nê - vịt quay nửa con nhỏ - canh măng - bún,combo no nê - vịt quay nửa con nhỏ - canh măng - bún,kg_20260602_172448,offline
menu_item:11678983,MenuItem,Cơm ngon mỗi ngày 1 vị + Đồ uống,cơm ngon mỗi ngày 1 vị + đồ uống,kg_20260602_172448,offline
menu_item:11601605,MenuItem,3 gà giòn,3 gà giòn,kg_20260602_172448,offline
menu_item:11601585,MenuItem,Cơm gà sốt phô mai,cơm gà sốt phô mai,kg_20260602_172448,offline
menu_item:11601586,MenuItem,Cơm gà sốt BBQ,cơm gà sốt bbq,kg_20260602_172448,offline
menu_item:11601587,MenuItem,Cơm gà sốt kiểu Ý,cơm gà sốt kiểu ý,kg_20260602_172448,offline
menu_item:11601591,MenuItem,Cơm gà góc tư,cơm gà góc tư,kg_20260602_172448,offline
menu_item:11601613,MenuItem,Cơm gà xiên que,cơm gà xiên que,kg_20260602_172448,offline
menu_item:11678975,MenuItem,Cơm gà sốt mắm tỏi,cơm gà sốt mắm tỏi,kg_20260602_172448,offline
menu_item:11678976,MenuItem,Cơm gà sốt mật ong,cơm gà sốt mật ong,kg_20260602_172448,offline
menu_item:11678977,MenuItem,Cơm gà sốt cay nóng,cơm gà sốt cay nóng,kg_20260602_172448,offline
menu_item:11678978,MenuItem,Cơm gà sốt cay ngọt ( Best seller),cơm gà sốt cay ngọt ( best seller),kg_20260602_172448,offline
menu_item:11737681,MenuItem,Cơm gà viên sốt,cơm gà viên sốt,kg_20260602_172448,offline
menu_item:11601590,MenuItem,2 gà giòn + 1 khoai tây + 1 coca,2 gà giòn + 1 khoai tây + 1 coca,kg_20260602_172448,offline
menu_item:11601593,MenuItem,1 gà giòn + 1 khoai tây + 1 coca,1 gà giòn + 1 khoai tây + 1 coca,kg_20260602_172448,offline
menu_item:11601597,MenuItem,Gà xiên que - 3 xiên,gà xiên que - 3 xiên,kg_20260602_172448,offline
menu_item:11601600,MenuItem,Gà góc tư truyền thống,gà góc tư truyền thống,kg_20260602_172448,offline
menu_item:11601610,MenuItem,Gà giòn giòn,gà giòn giòn,kg_20260602_172448,offline
menu_item:11737683,MenuItem,Gà viên lắc phô mai,gà viên lắc phô mai,kg_20260602_172448,offline
menu_item:11601607,MenuItem,1 gà sốt + 1 khoai tây + 1 coca,1 gà sốt + 1 khoai tây + 1 coca,kg_20260602_172448,offline
menu_item:11601608,MenuItem,2 gà sốt + 1 khoai tây + 1 coca,2 gà sốt + 1 khoai tây + 1 coca,kg_20260602_172448,offline
menu_item:11601609,MenuItem,2 gà sốt + 1 coca,2 gà sốt + 1 coca,kg_20260602_172448,offline
menu_item:11601611,MenuItem,Gà góc tư sốt ( chọn 7 loại sốt),gà góc tư sốt ( chọn 7 loại sốt),kg_20260602_172448,offline
menu_item:11601612,MenuItem,Gà sốt ( chọn 7 loại sốt),gà sốt ( chọn 7 loại sốt),kg_20260602_172448,offline
menu_item:11601594,MenuItem,Mỳ Ý sốt bò bằm xúc xích,mỳ ý sốt bò bằm xúc xích,kg_20260602_172448,offline
menu_item:11601595,MenuItem,1 gà giòn + 1 mỳ ý + 1 khoai tây + 1 coca,1 gà giòn + 1 mỳ ý + 1 khoai tây + 1 coca,kg_20260602_172448,offline
menu_item:11601596,MenuItem,1 gà giòn + 1 mỳ ý + 1 coca,1 gà giòn + 1 mỳ ý + 1 coca,kg_20260602_172448,offline
menu_item:11737699,MenuItem,Piza nhồi size 15,piza nhồi size 15,kg_20260602_172448,offline
menu_item:12186568,MenuItem,Set 5 gỏi cuốn bò,set 5 gỏi cuốn bò,kg_20260602_172448,offline
menu_item:12186569,MenuItem,Set 5 gỏi cuốn mix vị,set 5 gỏi cuốn mix vị,kg_20260602_172448,offline
menu_item:12186570,MenuItem,Set 5 gỏi cuốn thập cẩm,set 5 gỏi cuốn thập cẩm,kg_20260602_172448,offline
menu_item:12186571,MenuItem,Set 5 gỏi cuốn thịt heo,set 5 gỏi cuốn thịt heo,kg_20260602_172448,offline
menu_item:12186572,MenuItem,Set 5 gỏi cuốn tôm,set 5 gỏi cuốn tôm,kg_20260602_172448,offline
menu_item:12186573,MenuItem,Set 5 gỏi cuốn tôm thịt,set 5 gỏi cuốn tôm thịt,kg_20260602_172448,offline
menu_item:12186574,MenuItem,Bún trộn bò Nam Bộ,bún trộn bò nam bộ,kg_20260602_172448,offline
menu_item:12186575,MenuItem,Bún trộn nem nướng,bún trộn nem nướng,kg_20260602_172448,offline
menu_item:12186576,MenuItem,Bún trộn xúc xích,bún trộn xúc xích,kg_20260602_172448,offline
menu_item:12186565,MenuItem,Phở cuốn bò,phở cuốn bò,kg_20260602_172448,offline
menu_item:12186566,MenuItem,Phở cuốn nem nướng,phở cuốn nem nướng,kg_20260602_172448,offline
menu_item:12186567,MenuItem,Phở cuốn truyền thống,phở cuốn truyền thống,kg_20260602_172448,offline
menu_item:2681303,MenuItem,Bún măng sườn mọc,bún măng sườn mọc,kg_20260602_172448,offline
menu_item:2681304,MenuItem,Miến gà,miến gà,kg_20260602_172448,offline
menu_item:2681305,MenuItem,Phở gà,phở gà,kg_20260602_172448,offline
menu_item:2681306,MenuItem,Miến gà trộn,miến gà trộn,kg_20260602_172448,offline
menu_item:2681307,MenuItem,Phở gà trộn thường,phở gà trộn thường,kg_20260602_172448,offline
menu_item:2681308,MenuItem,Phở gà trộn đùi,phở gà trộn đùi,kg_20260602_172448,offline
menu_item:589529,MenuItem,Bún chả Viên,bún chả viên,kg_20260602_172448,offline
menu_item:589534,MenuItem,Bún Chả Thịt Nướng,bún chả thịt nướng,kg_20260602_172448,offline
menu_item:589535,MenuItem,Bún Chả Nem Rán,bún chả nem rán,kg_20260602_172448,offline
menu_item:589532,MenuItem,Bún Chả Lẫn +Nem Rán +Coca,bún chả lẫn +nem rán +coca,kg_20260602_172448,offline
menu_item:589533,MenuItem,Bún Chả Viên +Coca-cola,bún chả viên +coca-cola,kg_20260602_172448,offline
menu_item:589536,MenuItem,Bún Chả Lẫn +Nem + Fanta,bún chả lẫn +nem + fanta,kg_20260602_172448,offline
menu_item:589537,MenuItem,Bún Chả Viên +Fanta,bún chả viên +fanta,kg_20260602_172448,offline
menu_item:589538,MenuItem,Bún Chả Viên +Sprite Chai,bún chả viên +sprite chai,kg_20260602_172448,offline
menu_item:589543,MenuItem,Bánh Cuốn Tráng + Chả Quế,bánh cuốn tráng + chả quế,kg_20260602_172448,offline
menu_item:6004218,MenuItem,Tào phớ thạch chân châu,tào phớ thạch chân châu,kg_20260602_172448,offline
menu_item:7763413,MenuItem,Phở tái,phở tái,kg_20260602_172448,offline
menu_item:7763414,MenuItem,Phở chín,phở chín,kg_20260602_172448,offline
menu_item:7763415,MenuItem,Phở tái gầu,phở tái gầu,kg_20260602_172448,offline
menu_item:7763416,MenuItem,Phở tái chín,phở tái chín,kg_20260602_172448,offline
menu_item:7763417,MenuItem,Phở bắp,phở bắp,kg_20260602_172448,offline
menu_item:7777615,MenuItem,Phở Bắp Gầu,phở bắp gầu,kg_20260602_172448,offline
menu_item:7777737,MenuItem,Phở Tái Lắn,phở tái lắn,kg_20260602_172448,offline
menu_item:7777738,MenuItem,Phở Gầu,phở gầu,kg_20260602_172448,offline
menu_item:7777739,MenuItem,Phở Đặc Biệt,phở đặc biệt,kg_20260602_172448,offline
menu_item:7804816,MenuItem,Cơm Rang Dưa Bò,cơm rang dưa bò,kg_20260602_172448,offline
menu_item:7804817,MenuItem,Cơm Rang Cải Bò,cơm rang cải bò,kg_20260602_172448,offline
menu_item:7804818,MenuItem,Cơm Rang Thập Cẩm,cơm rang thập cẩm,kg_20260602_172448,offline
menu_item:7804819,MenuItem,Cơm Rang Trứng ốp,cơm rang trứng ốp,kg_20260602_172448,offline
menu_item:9152024,MenuItem,Cơm rang đùi gà sốt mắm,cơm rang đùi gà sốt mắm,kg_20260602_172448,offline
menu_item:7804821,MenuItem,Mỳ Xào Cải Bỏ,mỳ xào cải bỏ,kg_20260602_172448,offline
menu_item:7804822,MenuItem,Phở Xào Cải Bò,phở xào cải bò,kg_20260602_172448,offline
menu_item:3931511,MenuItem,Cơm thịt xá xíu,cơm thịt xá xíu,kg_20260602_172448,offline
menu_item:3931512,MenuItem,Cơm gà rán ngũ vị,cơm gà rán ngũ vị,kg_20260602_172448,offline
menu_item:3931513,MenuItem,Cơm gà nướng mật ong,cơm gà nướng mật ong,kg_20260602_172448,offline
menu_item:4283039,MenuItem,Cơm gà xào nấm,cơm gà xào nấm,kg_20260602_172448,offline
menu_item:6945265,MenuItem,Bún chả,bún chả,kg_20260602_172448,offline
menu_item:6945266,MenuItem,Bún chả suất nhiều thịt,bún chả suất nhiều thịt,kg_20260602_172448,offline
menu_item:6945269,MenuItem,Thit nướng 2 suất nhiều thịt,thit nướng 2 suất nhiều thịt,kg_20260602_172448,offline
menu_item:6945270,MenuItem,Bún chả băm,bún chả băm,kg_20260602_172448,offline
menu_item:6945271,MenuItem,Thịt nướng 1 lạng,thịt nướng 1 lạng,kg_20260602_172448,offline
menu_item:6945273,MenuItem,Bún chả miếng,bún chả miếng,kg_20260602_172448,offline
menu_item:6945274,MenuItem,Chả băm,chả băm,kg_20260602_172448,offline
menu_item:6945276,MenuItem,Bún chả lẫn,bún chả lẫn,kg_20260602_172448,offline
menu_item:9017441,MenuItem,bánh cuốn phủ lý,bánh cuốn phủ lý,kg_20260602_172448,offline
menu_item:5345960,MenuItem,Phở gà,phở gà,kg_20260602_172448,offline
menu_item:5345961,MenuItem,Phở bò,phở bò,kg_20260602_172448,offline
menu_item:5345962,MenuItem,Phở ngan,phở ngan,kg_20260602_172448,offline
menu_item:5345963,MenuItem,"Phở lòng mề, trứng non","phở lòng mề, trứng non",kg_20260602_172448,offline
menu_item:5345964,MenuItem,Phở bò áp chảo,phở bò áp chảo,kg_20260602_172448,offline
menu_item:5345965,MenuItem,Phở trộn,phở trộn,kg_20260602_172448,offline
menu_item:343207,MenuItem,Cơm rang thập cẩm,cơm rang thập cẩm,kg_20260602_172448,offline
menu_item:343208,MenuItem,Mì xào + 1 chai Pepsi,mì xào + 1 chai pepsi,kg_20260602_172448,offline
menu_item:343209,MenuItem,Phở xào,phở xào,kg_20260602_172448,offline
menu_item:343210,MenuItem,Phở tái,phở tái,kg_20260602_172448,offline
menu_item:343212,MenuItem,Phở tái lăn,phở tái lăn,kg_20260602_172448,offline
menu_item:343215,MenuItem,Phở áp chảo,phở áp chảo,kg_20260602_172448,offline
menu_item:343217,MenuItem,Cơm gà xối mắm,cơm gà xối mắm,kg_20260602_172448,offline
menu_item:343218,MenuItem,Cơm rang đùi gà rán không có sốt,cơm rang đùi gà rán không có sốt,kg_20260602_172448,offline
menu_item:343219,MenuItem,Cơm rang dưa bò,cơm rang dưa bò,kg_20260602_172448,offline
menu_item:343220,MenuItem,Cơm rang thập cẩm,cơm rang thập cẩm,kg_20260602_172448,offline
menu_item:343221,MenuItem,Cơm rang trứng,cơm rang trứng,kg_20260602_172448,offline
menu_item:343223,MenuItem,Đùi gà thêm,đùi gà thêm,kg_20260602_172448,offline
menu_item:343224,MenuItem,Combo cơm gà xối mắm - pepsi,combo cơm gà xối mắm - pepsi,kg_20260602_172448,offline
menu_item:343225,MenuItem,Cơm Rang Trứng,cơm rang trứng,kg_20260602_172448,offline
menu_item:343226,MenuItem,Cơm rang thêm,cơm rang thêm,kg_20260602_172448,offline
menu_item:343228,MenuItem,Combo cơm rang dưa bò - pepsi,combo cơm rang dưa bò - pepsi,kg_20260602_172448,offline
menu_item:3430074,MenuItem,Bánh Cuốn Nóng Chả Nướng,bánh cuốn nóng chả nướng,kg_20260602_172448,offline
menu_item:3430075,MenuItem,Bún Chả,bún chả,kg_20260602_172448,offline
menu_item:6997349,MenuItem,Cơm gà sốt cay ngọt,cơm gà sốt cay ngọt,kg_20260602_172448,offline
menu_item:6997350,MenuItem,Cơm gà sốt cay nóng,cơm gà sốt cay nóng,kg_20260602_172448,offline
menu_item:6997352,MenuItem,Cơm gà sốt mật ong,cơm gà sốt mật ong,kg_20260602_172448,offline
menu_item:6997356,MenuItem,Cơm gà sốt mắm tỏi,cơm gà sốt mắm tỏi,kg_20260602_172448,offline
menu_item:6997358,MenuItem,Cơm gà sốt BBQ,cơm gà sốt bbq,kg_20260602_172448,offline
menu_item:6997359,MenuItem,Cơm gà sốt kiểu Ý,cơm gà sốt kiểu ý,kg_20260602_172448,offline
menu_item:6997360,MenuItem,Cơm gà xiên que,cơm gà xiên que,kg_20260602_172448,offline
menu_item:6997364,MenuItem,Gà xiên que ( 3 xiên ),gà xiên que ( 3 xiên ),kg_20260602_172448,offline
menu_item:6997368,MenuItem,Gà sốt cay ngọt,gà sốt cay ngọt,kg_20260602_172448,offline
menu_item:6997369,MenuItem,Gà sốt cay nóng,gà sốt cay nóng,kg_20260602_172448,offline
menu_item:6997370,MenuItem,Gà sốt mật ong,gà sốt mật ong,kg_20260602_172448,offline
menu_item:6997371,MenuItem,Gà sốt kiểu Ý,gà sốt kiểu ý,kg_20260602_172448,offline
menu_item:8477155,MenuItem,Gà sốt mắm tỏi,gà sốt mắm tỏi,kg_20260602_172448,offline
menu_item:8477175,MenuItem,Gà sốt BBQ,gà sốt bbq,kg_20260602_172448,offline
menu_item:4507195,MenuItem,Nem rán,nem rán,kg_20260602_172448,offline
menu_item:4507199,MenuItem,Thêm bún,thêm bún,kg_20260602_172448,offline
menu_item:6272142,MenuItem,Bún đậu mẹt,bún đậu mẹt,kg_20260602_172448,offline
menu_item:10657644,MenuItem,Dasani,dasani,kg_20260602_172448,offline
menu_item:10570424,MenuItem,Mỳ Quảng tôm gà,mỳ quảng tôm gà,kg_20260602_172448,offline
menu_item:10570425,MenuItem,Mỳ Quảng tôm lợn,mỳ quảng tôm lợn,kg_20260602_172448,offline
menu_item:10570426,MenuItem,Mỳ Quảng thập cẩm,mỳ quảng thập cẩm,kg_20260602_172448,offline
menu_item:10570427,MenuItem,Cơm đùi gà (Cơm Trắng),cơm đùi gà (cơm trắng),kg_20260602_172448,offline
menu_item:10570428,MenuItem,Cơm đùi gà (Cơm chiên trứng),cơm đùi gà (cơm chiên trứng),kg_20260602_172448,offline
menu_item:10570429,MenuItem,Cơm đùi gà (Cơm đỏ chiên tỏi),cơm đùi gà (cơm đỏ chiên tỏi),kg_20260602_172448,offline
menu_item:10571165,MenuItem,Combo Cơm Đùi Gà Tự Chọn + Nước Tự Chọn,combo cơm đùi gà tự chọn + nước tự chọn,kg_20260602_172448,offline
menu_item:10571180,MenuItem,Combo Mỳ Quảng Tôm Lợn + Nước Tự Chọn,combo mỳ quảng tôm lợn + nước tự chọn,kg_20260602_172448,offline
menu_item:10571191,MenuItem,Combo Mỳ Quảng Tôm Gà + Nước Tự Chọn,combo mỳ quảng tôm gà + nước tự chọn,kg_20260602_172448,offline
menu_item:7031292,MenuItem,Bún chả nướng nóng xuất thường,bún chả nướng nóng xuất thường,kg_20260602_172448,offline
menu_item:7031300,MenuItem,Bún chả nướng nóng xuất đặc biệt,bún chả nướng nóng xuất đặc biệt,kg_20260602_172448,offline
menu_item:7031294,MenuItem,Bún chả nướng nóng nguyên băm,bún chả nướng nóng nguyên băm,kg_20260602_172448,offline
menu_item:7031302,MenuItem,Bún chả nướng nóng nguyên miếng,bún chả nướng nóng nguyên miếng,kg_20260602_172448,offline
menu_item:7031295,MenuItem,Bún chả chan thường,bún chả chan thường,kg_20260602_172448,offline
menu_item:7031296,MenuItem,Bún chả chan nguyên băm,bún chả chan nguyên băm,kg_20260602_172448,offline
menu_item:7031298,MenuItem,Bún chả chan đặc biệt,bún chả chan đặc biệt,kg_20260602_172448,offline
menu_item:7440802,MenuItem,bánh cuốn chả nướng,bánh cuốn chả nướng,kg_20260602_172448,offline
menu_item:7031301,MenuItem,Bún ngan mọc đặc biệt,bún ngan mọc đặc biệt,kg_20260602_172448,offline
menu_item:7031297,MenuItem,Bún ngan xé măng khô,bún ngan xé măng khô,kg_20260602_172448,offline
menu_item:7031307,MenuItem,Bún ngan xé măng khô đặc biệt,bún ngan xé măng khô đặc biệt,kg_20260602_172448,offline
menu_item:7031306,MenuItem,Miến ngan mọc,miến ngan mọc,kg_20260602_172448,offline
menu_item:7031309,MenuItem,Miến ngan mọc đặc biệt,miến ngan mọc đặc biệt,kg_20260602_172448,offline
menu_item:7031303,MenuItem,Bún mọc thịt chân giò măng khô,bún mọc thịt chân giò măng khô,kg_20260602_172448,offline
menu_item:7031304,MenuItem,Bún mọc măng khô,bún mọc măng khô,kg_20260602_172448,offline
menu_item:7031308,MenuItem,Bún nem thịt,bún nem thịt,kg_20260602_172448,offline
menu_item:7031311,MenuItem,Bún nem đặc biệt,bún nem đặc biệt,kg_20260602_172448,offline
menu_item:7031313,MenuItem,Nem chiên nóng giòn,nem chiên nóng giòn,kg_20260602_172448,offline
menu_item:7031321,MenuItem,Bún chả nướng nóng - coca,bún chả nướng nóng - coca,kg_20260602_172448,offline
menu_item:7031322,MenuItem,Bún chả chan - coca,bún chả chan - coca,kg_20260602_172448,offline
menu_item:7031323,MenuItem,Bún nem - coca,bún nem - coca,kg_20260602_172448,offline
menu_item:7085317,MenuItem,Phở Cuốn - 10 Chiếc Tặng 1Ly Coca,phở cuốn - 10 chiếc tặng 1ly coca,kg_20260602_172448,offline
menu_item:8213843,MenuItem,Nem Chua Rán - 10 Chiếc,nem chua rán - 10 chiếc,kg_20260602_172448,offline
menu_item:8213844,MenuItem,Xúc Xích Rán - 5 Chiếc,xúc xích rán - 5 chiếc,kg_20260602_172448,offline
menu_item:9448304,MenuItem,Bánh Bột Lọc Huế - 10 Chiếc,bánh bột lọc huế - 10 chiếc,kg_20260602_172448,offline
menu_item:858187,MenuItem,Bún chả viên,bún chả viên,kg_20260602_172448,offline
menu_item:858188,MenuItem,Bún Đậu Chả Cốm Và Nem Rán,bún đậu chả cốm và nem rán,kg_20260602_172448,offline
menu_item:858189,MenuItem,Bánh Cuốn Nhân Thịt Hành Phi,bánh cuốn nhân thịt hành phi,kg_20260602_172448,offline
menu_item:858190,MenuItem,Bánh Cuốn Chả Viên,bánh cuốn chả viên,kg_20260602_172448,offline
menu_item:858191,MenuItem,Bún đậu mẹt đầy đủ,bún đậu mẹt đầy đủ,kg_20260602_172448,offline
menu_item:858192,MenuItem,"Bún Đậu Chả Cốm, Thịt Chân Giò, Dồi Rán","bún đậu chả cốm, thịt chân giò, dồi rán",kg_20260602_172448,offline
menu_item:858193,MenuItem,Bún Đậu Và Nem Rán,bún đậu và nem rán,kg_20260602_172448,offline
menu_item:858197,MenuItem,Bún Đậu Thịt Luôc Và Dồi Sụn,bún đậu thịt luôc và dồi sụn,kg_20260602_172448,offline
menu_item:858198,MenuItem,Bún Đậu Thịt Luộc,bún đậu thịt luộc,kg_20260602_172448,offline
menu_item:858199,MenuItem,Bún Đậu Nem Rán Và Dồi Sụn,bún đậu nem rán và dồi sụn,kg_20260602_172448,offline
menu_item:858200,MenuItem,"Bún Đậu Chả Cốm, Thịt Luộc, Nem Rán","bún đậu chả cốm, thịt luộc, nem rán",kg_20260602_172448,offline
menu_item:858203,MenuItem,Bánh Cuốn Nhân Thit Và Chả Lụa,bánh cuốn nhân thit và chả lụa,kg_20260602_172448,offline
menu_item:11750060,MenuItem,Bún Chả Lẫn Đặc Biệt,bún chả lẫn đặc biệt,kg_20260602_172448,offline
menu_item:11750068,MenuItem,Bún Chả Lẫn,bún chả lẫn,kg_20260602_172448,offline
menu_item:11837735,MenuItem,Bún Chả Băm Viên,bún chả băm viên,kg_20260602_172448,offline
menu_item:11837754,MenuItem,Bún Chả Băm Viên Đặc Biệt,bún chả băm viên đặc biệt,kg_20260602_172448,offline
menu_item:11837772,MenuItem,Bún Chả Miếng,bún chả miếng,kg_20260602_172448,offline
menu_item:11837789,MenuItem,Bún Chả Miếng Đặc Biệt,bún chả miếng đặc biệt,kg_20260602_172448,offline
menu_item:10964980,MenuItem,Mỳ chua cay,mỳ chua cay,kg_20260602_172448,offline
menu_item:10964981,MenuItem,Mỳ xào,mỳ xào,kg_20260602_172448,offline
menu_item:10964982,MenuItem,Phở xào,phở xào,kg_20260602_172448,offline
menu_item:616020,MenuItem,Chín sốt vang,chín sốt vang,kg_20260602_172448,offline
menu_item:616022,MenuItem,Bò chín,bò chín,kg_20260602_172448,offline
menu_item:616024,MenuItem,Bò tái chín,bò tái chín,kg_20260602_172448,offline
menu_item:616028,MenuItem,Bò tái,bò tái,kg_20260602_172448,offline
menu_item:616029,MenuItem,Tái sốt vang,tái sốt vang,kg_20260602_172448,offline
menu_item:616030,MenuItem,Sốt vang,sốt vang,kg_20260602_172448,offline
menu_item:616031,MenuItem,Gà đùi,gà đùi,kg_20260602_172448,offline
menu_item:616032,MenuItem,Gà đùi lẫn tái,gà đùi lẫn tái,kg_20260602_172448,offline
menu_item:616039,MenuItem,Gà đùi lẫn bò chín,gà đùi lẫn bò chín,kg_20260602_172448,offline
menu_item:11973847,MenuItem,Mì cay bò Mỹ,mì cay bò mỹ,kg_20260602_172448,offline
menu_item:11973848,MenuItem,Mì cay hải sản,mì cay hải sản,kg_20260602_172448,offline
menu_item:11973849,MenuItem,Mì cay sườn sụn,mì cay sườn sụn,kg_20260602_172448,offline
menu_item:11981729,MenuItem,Mỳ cay thập cẩm,mỳ cay thập cẩm,kg_20260602_172448,offline
menu_item:11985735,MenuItem,Mỳ cay xúc xích,mỳ cay xúc xích,kg_20260602_172448,offline
menu_item:11985759,MenuItem,Mỳ cay các loại viên,mỳ cay các loại viên,kg_20260602_172448,offline
menu_item:11986106,MenuItem,Mỳ trộn xúc xích,mỳ trộn xúc xích,kg_20260602_172448,offline
menu_item:11986115,MenuItem,Mỳ trộn các viên thả lẩu,mỳ trộn các viên thả lẩu,kg_20260602_172448,offline
menu_item:11986126,MenuItem,mỳ trộn thập cẩm,mỳ trộn thập cẩm,kg_20260602_172448,offline
menu_item:11986133,MenuItem,Mỳ trộn bò Mỹ,mỳ trộn bò mỹ,kg_20260602_172448,offline
menu_item:12027048,MenuItem,Mì trộn full topping nhiều mì,mì trộn full topping nhiều mì,kg_20260602_172448,offline
menu_item:12027049,MenuItem,Mì trộn full topping - trứng ốp,mì trộn full topping - trứng ốp,kg_20260602_172448,offline
menu_item:12027050,MenuItem,Mì trộn rau củ,mì trộn rau củ,kg_20260602_172448,offline
menu_item:12027051,MenuItem,Mì trộn Indomie xúc xích,mì trộn indomie xúc xích,kg_20260602_172448,offline
menu_item:12027052,MenuItem,Mì trộn Indomie trứng ốp,mì trộn indomie trứng ốp,kg_20260602_172448,offline
menu_item:12027053,MenuItem,Cá viên chiên,cá viên chiên,kg_20260602_172448,offline
menu_item:2452363,MenuItem,Bún chả quạt,bún chả quạt,kg_20260602_172448,offline
menu_item:3847352,MenuItem,Bún đậu mắm tôm,bún đậu mắm tôm,kg_20260602_172448,offline
menu_item:11944369,MenuItem,Combo Bún Đậu Mắm Tôm và Trà Tắc,combo bún đậu mắm tôm và trà tắc,kg_20260602_172448,offline
menu_item:2535795,MenuItem,Cánh,cánh,kg_20260602_172448,offline
menu_item:2535796,MenuItem,Má đùi,má đùi,kg_20260602_172448,offline
menu_item:2535797,MenuItem,Đùi,đùi,kg_20260602_172448,offline
menu_item:2535798,MenuItem,Tim,tim,kg_20260602_172448,offline
menu_item:2535799,MenuItem,Lòng mề,lòng mề,kg_20260602_172448,offline
menu_item:2535800,MenuItem,Cánh,cánh,kg_20260602_172448,offline
menu_item:2535801,MenuItem,Má đùi,má đùi,kg_20260602_172448,offline
menu_item:2535802,MenuItem,Đùi,đùi,kg_20260602_172448,offline
menu_item:4009106,MenuItem,Salad Hoa Quả,salad hoa quả,kg_20260602_172448,offline
menu_item:4468701,MenuItem,Salad Nhiệt Đới,salad nhiệt đới,kg_20260602_172448,offline
menu_item:9775322,MenuItem,Salad KOMBO,salad kombo,kg_20260602_172448,offline
menu_item:4009067,MenuItem,Cơm Niêu Bò Nướng,cơm niêu bò nướng,kg_20260602_172448,offline
menu_item:4009069,MenuItem,Cơm Niêu Bò Sốt Tiêu Đen,cơm niêu bò sốt tiêu đen,kg_20260602_172448,offline
menu_item:4009074,MenuItem,Cơm Niêu Gà Sốt Nấm,cơm niêu gà sốt nấm,kg_20260602_172448,offline
menu_item:4009078,MenuItem,Cơm Niêu Thịt Sốt BBQ,cơm niêu thịt sốt bbq,kg_20260602_172448,offline
menu_item:4009065,MenuItem,Canh Chua Thịt Bằm,canh chua thịt bằm,kg_20260602_172448,offline
menu_item:4009092,MenuItem,Nấm Xào,nấm xào,kg_20260602_172448,offline
menu_item:4009097,MenuItem,Súp Lơ Xào Nấm,súp lơ xào nấm,kg_20260602_172448,offline
menu_item:9775348,MenuItem,Canh Chua Ngao,canh chua ngao,kg_20260602_172448,offline
menu_item:4009087,MenuItem,Ngô Chiên Bơ,ngô chiên bơ,kg_20260602_172448,offline
menu_item:9775396,MenuItem,Trứng Rán Ngũ Sắc,trứng rán ngũ sắc,kg_20260602_172448,offline
menu_item:2963750,MenuItem,Cơm Gà Nướng,cơm gà nướng,kg_20260602_172448,offline
menu_item:2963751,MenuItem,Cơm Gà Kho Gừng,cơm gà kho gừng,kg_20260602_172448,offline
menu_item:2963752,MenuItem,Cơm Gà Xào Nấm,cơm gà xào nấm,kg_20260602_172448,offline
menu_item:3134157,MenuItem,cơm thịt kho tầu,cơm thịt kho tầu,kg_20260602_172448,offline
menu_item:3134158,MenuItem,cơm thịt rang,cơm thịt rang,kg_20260602_172448,offline
menu_item:3134160,MenuItem,cơm xá xíu,cơm xá xíu,kg_20260602_172448,offline
menu_item:3134161,MenuItem,cơm sườn sốt,cơm sườn sốt,kg_20260602_172448,offline
menu_item:3134162,MenuItem,cơm bò kho,cơm bò kho,kg_20260602_172448,offline
menu_item:3134163,MenuItem,cơm chả cá chiên,cơm chả cá chiên,kg_20260602_172448,offline
menu_item:3134174,MenuItem,cơm đậu sốt thịt,cơm đậu sốt thịt,kg_20260602_172448,offline
menu_item:3134213,MenuItem,cơm rang dưa bò,cơm rang dưa bò,kg_20260602_172448,offline
menu_item:3134214,MenuItem,mỳ sào hải sản,mỳ sào hải sản,kg_20260602_172448,offline
menu_item:4330792,MenuItem,Cơm thịt kho tàu + Coca Cola,cơm thịt kho tàu + coca cola,kg_20260602_172448,offline
menu_item:4330799,MenuItem,Cơm cá kho + Coca Cola,cơm cá kho + coca cola,kg_20260602_172448,offline
menu_item:4330840,MenuItem,Cơm gà xối mỡ + Coca Cola,cơm gà xối mỡ + coca cola,kg_20260602_172448,offline
menu_item:12263809,MenuItem,1 Miếng Gà Lắc Tiêu Chanh,1 miếng gà lắc tiêu chanh,kg_20260602_172448,offline
menu_item:12263810,MenuItem,2 Miếng Gà Lắc Tiêu Chanh,2 miếng gà lắc tiêu chanh,kg_20260602_172448,offline
menu_item:12263811,MenuItem,3 Miếng Gà Lắc Tiêu Chanh,3 miếng gà lắc tiêu chanh,kg_20260602_172448,offline
menu_item:12275964,MenuItem,1 Cơm Gà Lắc Tiêu Chanh,1 cơm gà lắc tiêu chanh,kg_20260602_172448,offline
menu_item:12263812,MenuItem,Combo Tiêu Tung Chill 85k,combo tiêu tung chill 85k,kg_20260602_172448,offline
menu_item:9949959,MenuItem,1 Miếng Gà Xốt Mắm Tỏi,1 miếng gà xốt mắm tỏi,kg_20260602_172448,offline
menu_item:9949960,MenuItem,2 Miếng Gà Xốt Mắm Tỏi,2 miếng gà xốt mắm tỏi,kg_20260602_172448,offline
menu_item:9949961,MenuItem,3 Miếng Gà Xốt Mắm Tỏi,3 miếng gà xốt mắm tỏi,kg_20260602_172448,offline
menu_item:6125646,MenuItem,Combo Burger Tôm,combo burger tôm,kg_20260602_172448,offline
menu_item:6125780,MenuItem,Combo Burger Zinger,combo burger zinger,kg_20260602_172448,offline
menu_item:6126006,MenuItem,Combo Mì Ý & Gà Tenders,combo mì ý & gà tenders,kg_20260602_172448,offline
menu_item:11959414,MenuItem,Combo 1 Miếng Gà,combo 1 miếng gà,kg_20260602_172448,offline
menu_item:11959418,MenuItem,Combo Mì Ý Solo,combo mì ý solo,kg_20260602_172448,offline
menu_item:11959420,MenuItem,Combo Burger Zinger,combo burger zinger,kg_20260602_172448,offline
menu_item:11959421,MenuItem,Combo Burger Gà Quay,combo burger gà quay,kg_20260602_172448,offline
menu_item:11959422,MenuItem,Combo Burger Gà Yo,combo burger gà yo,kg_20260602_172448,offline
menu_item:6123968,MenuItem,3 Miếng Gà Rán,3 miếng gà rán,kg_20260602_172448,offline
menu_item:6123969,MenuItem,2 Miếng Gà Rán,2 miếng gà rán,kg_20260602_172448,offline
menu_item:6123970,MenuItem,1 Miếng Gà Rán,1 miếng gà rán,kg_20260602_172448,offline
menu_item:7424268,MenuItem,5 Miếng Gà Rán Tenders,5 miếng gà rán tenders,kg_20260602_172448,offline
menu_item:9399195,MenuItem,3 Miếng Gà Rán Tender,3 miếng gà rán tender,kg_20260602_172448,offline
menu_item:6129014,MenuItem,Mì Ý Gà Viên,mì ý gà viên,kg_20260602_172448,offline
menu_item:6129017,MenuItem,Mì Ý Gà Rán,mì ý gà rán,kg_20260602_172448,offline
menu_item:6129217,MenuItem,Burger Gà Zinger,burger gà zinger,kg_20260602_172448,offline
menu_item:6129218,MenuItem,Burger Tôm,burger tôm,kg_20260602_172448,offline
menu_item:9009741,MenuItem,BURGER GÀ YO,burger gà yo,kg_20260602_172448,offline
menu_item:9644509,MenuItem,Mì Ý Xúc Xích Gà,mì ý xúc xích gà,kg_20260602_172448,offline
menu_item:11953582,MenuItem,Burger Phi-lê Gà Quay,burger phi-lê gà quay,kg_20260602_172448,offline
menu_item:6128122,MenuItem,Gà Viên Popcorn (Vừa),gà viên popcorn (vừa),kg_20260602_172448,offline
menu_item:6128123,MenuItem,Gà Viên Popcorn (Lớn),gà viên popcorn (lớn),kg_20260602_172448,offline
menu_item:6128125,MenuItem,4 Phô Mai Viên,4 phô mai viên,kg_20260602_172448,offline
menu_item:6128131,MenuItem,1 Salad Xốt Mè Rang,1 salad xốt mè rang,kg_20260602_172448,offline
menu_item:11953909,MenuItem,6 Phô Mai Viên,6 phô mai viên,kg_20260602_172448,offline
menu_item:11954304,MenuItem,Khoai Tây Chiên (Đại),khoai tây chiên (đại),kg_20260602_172448,offline
menu_item:11956505,MenuItem,Salad Hạt Gà Viên,salad hạt gà viên,kg_20260602_172448,offline
menu_item:11956630,MenuItem,1 Bắp Cải Trộn (Lớn),1 bắp cải trộn (lớn),kg_20260602_172448,offline
menu_item:11956755,MenuItem,1 Bắp Cải Trộn (Đại),1 bắp cải trộn (đại),kg_20260602_172448,offline
menu_item:6127170,MenuItem,4 Bánh trứng,4 bánh trứng,kg_20260602_172448,offline
menu_item:6503273,MenuItem,Bún Hải Sản Đặc Biệt,bún hải sản đặc biệt,kg_20260602_172448,offline
menu_item:6503290,MenuItem,Bún Hải Sản Tôm-Mực,bún hải sản tôm-mực,kg_20260602_172448,offline
menu_item:6503299,MenuItem,Bún Thái Mực,bún thái mực,kg_20260602_172448,offline
menu_item:6503328,MenuItem,Bún Cá Trộn Măng Cay,bún cá trộn măng cay,kg_20260602_172448,offline
menu_item:6503331,MenuItem,Bánh Đa Hải Sản Đặc Biệt,bánh đa hải sản đặc biệt,kg_20260602_172448,offline
menu_item:7778068,MenuItem,Bún Cá Măng Cay,bún cá măng cay,kg_20260602_172448,offline
menu_item:7778070,MenuItem,Bánh đa cá cay,bánh đa cá cay,kg_20260602_172448,offline
menu_item:9388092,MenuItem,"Bún Riêu Cá, Chả, Thịt Bò","bún riêu cá, chả, thịt bò",kg_20260602_172448,offline
menu_item:9388112,MenuItem,Bún Cá- Bò_ Canh chua,bún cá- bò_ canh chua,kg_20260602_172448,offline
menu_item:9388113,MenuItem,Bánh Đa Cá- Chả- Bò,bánh đa cá- chả- bò,kg_20260602_172448,offline
menu_item:9388120,MenuItem,"Bánh đa Cá, Bò canh chua","bánh đa cá, bò canh chua",kg_20260602_172448,offline
menu_item:9388126,MenuItem,"Bún Chả, Thịt Bò Canh Chua","bún chả, thịt bò canh chua",kg_20260602_172448,offline
menu_item:9388128,MenuItem,Bún Bò Canh Chua,bún bò canh chua,kg_20260602_172448,offline
menu_item:1981338,MenuItem,Cơm Rang Dưa Bò,cơm rang dưa bò,kg_20260602_172448,offline
menu_item:1981339,MenuItem,Cơm Rang Dưa Bò Ngập Thịt,cơm rang dưa bò ngập thịt,kg_20260602_172448,offline
menu_item:1981340,MenuItem,Cơm Rang Thập Cẩm Bò,cơm rang thập cẩm bò,kg_20260602_172448,offline
menu_item:1981341,MenuItem,Cơm Rang Hải Sản,cơm rang hải sản,kg_20260602_172448,offline
menu_item:1981342,MenuItem,Cơm Rang Thập Cẩm Nhiều Cơm,cơm rang thập cẩm nhiều cơm,kg_20260602_172448,offline
menu_item:1981343,MenuItem,Cơm Rang Thập Cẩm,cơm rang thập cẩm,kg_20260602_172448,offline
menu_item:1981344,MenuItem,Cơm Rang Cải Bò,cơm rang cải bò,kg_20260602_172448,offline
menu_item:1981345,MenuItem,Cơm Rang Trứng,cơm rang trứng,kg_20260602_172448,offline
menu_item:1981346,MenuItem,Cơm Rang Dưa Bò Thêm Cơm,cơm rang dưa bò thêm cơm,kg_20260602_172448,offline
menu_item:1981347,MenuItem,Cơm Rang Trứng Ốp,cơm rang trứng ốp,kg_20260602_172448,offline
menu_item:1981348,MenuItem,Cơm Rang Cải Bò Ngập Thịt,cơm rang cải bò ngập thịt,kg_20260602_172448,offline
menu_item:1981351,MenuItem,Phở Xào Cải Bò,phở xào cải bò,kg_20260602_172448,offline
menu_item:1981352,MenuItem,Mỳ Sào Thịt Bò,mỳ sào thịt bò,kg_20260602_172448,offline
menu_item:1981353,MenuItem,Mỳ Sào Cải Bò,mỳ sào cải bò,kg_20260602_172448,offline
menu_item:1981354,MenuItem,Phở Xào Thịt Bò,phở xào thịt bò,kg_20260602_172448,offline
menu_item:5146585,MenuItem,Bánh Tráng Nướng khô bò,bánh tráng nướng khô bò,kg_20260602_172448,offline
menu_item:9153051,MenuItem,bánh tráng nướng ruốc phomai sốt bơ,bánh tráng nướng ruốc phomai sốt bơ,kg_20260602_172448,offline
menu_item:5146587,MenuItem,Bánh Tráng Cuốn Tổng Hợp,bánh tráng cuốn tổng hợp,kg_20260602_172448,offline
menu_item:5146588,MenuItem,Bánh Tráng Cuốn Sốt Me,bánh tráng cuốn sốt me,kg_20260602_172448,offline
menu_item:5146589,MenuItem,Bánh Tráng Cuốn Sốt Me Bơ,bánh tráng cuốn sốt me bơ,kg_20260602_172448,offline
menu_item:5146590,MenuItem,Bánh Tráng Cuốn Sốt Me Mayonnaise,bánh tráng cuốn sốt me mayonnaise,kg_20260602_172448,offline
menu_item:5146591,MenuItem,Bánh Tráng Cuốn Mix Sốt,bánh tráng cuốn mix sốt,kg_20260602_172448,offline
menu_item:5146592,MenuItem,Bánh Tráng Cuốn Phô Mai Ruốc Cay,bánh tráng cuốn phô mai ruốc cay,kg_20260602_172448,offline
menu_item:5146610,MenuItem,Bánh Tráng Cuốn Sốt Me Phomai,bánh tráng cuốn sốt me phomai,kg_20260602_172448,offline
menu_item:5146593,MenuItem,Bánh Tráng Trộn Da Heo,bánh tráng trộn da heo,kg_20260602_172448,offline
menu_item:5146594,MenuItem,Bánh Tráng Trộn Lớn,bánh tráng trộn lớn,kg_20260602_172448,offline
menu_item:5146595,MenuItem,Bánh Tráng Trộn Nhỏ,bánh tráng trộn nhỏ,kg_20260602_172448,offline
menu_item:5146596,MenuItem,Bánh Tráng Trộn Bơ Tỏi,bánh tráng trộn bơ tỏi,kg_20260602_172448,offline
menu_item:5146597,MenuItem,Bánh Tráng trộn Mix Cuốn,bánh tráng trộn mix cuốn,kg_20260602_172448,offline
menu_item:5146598,MenuItem,Trứng Cút Lắc,trứng cút lắc,kg_20260602_172448,offline
menu_item:5146599,MenuItem,Xoài Bò Khô,xoài bò khô,kg_20260602_172448,offline
menu_item:5146600,MenuItem,Nem Chua Rán - 5 Cái,nem chua rán - 5 cái,kg_20260602_172448,offline
menu_item:5146605,MenuItem,Gỏi Xoài,gỏi xoài,kg_20260602_172448,offline
menu_item:5146606,MenuItem,Khoai Lang Kén,khoai lang kén,kg_20260602_172448,offline
menu_item:9153071,MenuItem,da heo Thái Lan,da heo thái lan,kg_20260602_172448,offline
menu_item:10897732,MenuItem,2c bánh mì muối ớt sốt bơ mật ong,2c bánh mì muối ớt sốt bơ mật ong,kg_20260602_172448,offline
menu_item:11070428,MenuItem,bánh tráng lắc khô,bánh tráng lắc khô,kg_20260602_172448,offline
menu_item:11930661,MenuItem,tóp mỡ cay giòn,tóp mỡ cay giòn,kg_20260602_172448,offline
menu_item:6821345,MenuItem,BT phơi sương tép hành,bt phơi sương tép hành,kg_20260602_172448,offline
menu_item:2188277,MenuItem,Bún chả thịt lẫn + Coca ( không bao gồm dụng cụ ăn uống ),bún chả thịt lẫn + coca ( không bao gồm dụng cụ ăn uống ),kg_20260602_172448,offline
menu_item:2188281,MenuItem,Bún chả thịt miếng + Coca ( không bao gồm dụng cụ ăn uống ),bún chả thịt miếng + coca ( không bao gồm dụng cụ ăn uống ),kg_20260602_172448,offline
menu_item:2188284,MenuItem,Bún chả thịt băm + Coca (không bao gồm dụng cụ ăn uống ),bún chả thịt băm + coca (không bao gồm dụng cụ ăn uống ),kg_20260602_172448,offline
menu_item:2188280,MenuItem,Bún chả miếng ( không bao gồm dụng cụ ăn uống ),bún chả miếng ( không bao gồm dụng cụ ăn uống ),kg_20260602_172448,offline
menu_item:2188276,MenuItem,Bún chả băm ( không bao gồm dụng cụ ăn uống ),bún chả băm ( không bao gồm dụng cụ ăn uống ),kg_20260602_172448,offline
menu_item:2188282,MenuItem,Bún nem ( không bao gồm dụng cụ ăn uống ),bún nem ( không bao gồm dụng cụ ăn uống ),kg_20260602_172448,offline
menu_item:2188278,MenuItem,Bún chả lẫn ( không bao gồm dụng cụ ăn uống ),bún chả lẫn ( không bao gồm dụng cụ ăn uống ),kg_20260602_172448,offline
menu_item:9890402,MenuItem,Bún chả đầy đủ (không bao gồm dụng cụ ăn uống),bún chả đầy đủ (không bao gồm dụng cụ ăn uống),kg_20260602_172448,offline
menu_item:208860,MenuItem,Bún chả lẫn + 1 nem,bún chả lẫn + 1 nem,kg_20260602_172448,offline
menu_item:9922790,MenuItem,Cơm gà chiên sốt cay ngọt,cơm gà chiên sốt cay ngọt,kg_20260602_172448,offline
menu_item:9922791,MenuItem,Cơm đậu hũ sốt thịt bằm,cơm đậu hũ sốt thịt bằm,kg_20260602_172448,offline
menu_item:9922792,MenuItem,Cơm mix sườn cốt lết - trứng ốp la sốt cay ngọt,cơm mix sườn cốt lết - trứng ốp la sốt cay ngọt,kg_20260602_172448,offline
menu_item:9922793,MenuItem,Cơm heo chiên giòn sốt chua ngọt,cơm heo chiên giòn sốt chua ngọt,kg_20260602_172448,offline
menu_item:9922794,MenuItem,Cơm thịt nướng sốt BBQ,cơm thịt nướng sốt bbq,kg_20260602_172448,offline
menu_item:11782413,MenuItem,Cơm Sườn Cốt Lết Nướng Sốt Cay Ngọt,cơm sườn cốt lết nướng sốt cay ngọt,kg_20260602_172448,offline
menu_item:281313,MenuItem,Cơm đảo kim chi sườn - lavie trái cây,cơm đảo kim chi sườn - lavie trái cây,kg_20260602_172448,offline
menu_item:281314,MenuItem,Mỳ ý sốt bò băm,mỳ ý sốt bò băm,kg_20260602_172448,offline
menu_item:281315,MenuItem,Cơm cá thu - coca,cơm cá thu - coca,kg_20260602_172448,offline
menu_item:281316,MenuItem,Cơm gà sốt BBQ - Sprite,cơm gà sốt bbq - sprite,kg_20260602_172448,offline
menu_item:281317,MenuItem,Combo cơm đảo kim chi gà nướng - 1 salad hoa quả - 1 chanh sả bạc hà,combo cơm đảo kim chi gà nướng - 1 salad hoa quả - 1 chanh sả bạc hà,kg_20260602_172448,offline
menu_item:281318,MenuItem,Combo cơm đảo bò - trứng ốp - salad trộn - dâu tằm,combo cơm đảo bò - trứng ốp - salad trộn - dâu tằm,kg_20260602_172448,offline
menu_item:281320,MenuItem,Cơm gà sốt bb - coca,cơm gà sốt bb - coca,kg_20260602_172448,offline
menu_item:281321,MenuItem,Combo cơm đảo kim chi xá xíu - trứng ốp la - salad dưa chuột - 1 tắc sả,combo cơm đảo kim chi xá xíu - trứng ốp la - salad dưa chuột - 1 tắc sả,kg_20260602_172448,offline
menu_item:281324,MenuItem,Combo cơm gà đùi xào chua ngọt - chanh sả bạc hà,combo cơm gà đùi xào chua ngọt - chanh sả bạc hà,kg_20260602_172448,offline
menu_item:328625,MenuItem,Cơm Tôm chưa thịt luôc +Trứng ốp la+ Chè Dưỡng Nhan,cơm tôm chưa thịt luôc +trứng ốp la+ chè dưỡng nhan,kg_20260602_172448,offline
menu_item:344991,MenuItem,Cơm ba chỉ mắm quet+ trứng ốp la + chè dưỡng nhan,cơm ba chỉ mắm quet+ trứng ốp la + chè dưỡng nhan,kg_20260602_172448,offline
menu_item:344993,MenuItem,Cơm đậu phụ sốt rứ xuyên+ trứng ốp + chè dưỡng nhan,cơm đậu phụ sốt rứ xuyên+ trứng ốp + chè dưỡng nhan,kg_20260602_172448,offline
menu_item:1018221,MenuItem,Mỳ ý sốt bò băm+ Coca,mỳ ý sốt bò băm+ coca,kg_20260602_172448,offline
menu_item:1018226,MenuItem,Mỳ Ý sốt bò băm+ Nước táo ép,mỳ ý sốt bò băm+ nước táo ép,kg_20260602_172448,offline
menu_item:281327,MenuItem,Cơm ba chỉ rang mắm tép ớt hiểm - món mới,cơm ba chỉ rang mắm tép ớt hiểm - món mới,kg_20260602_172448,offline
menu_item:281328,MenuItem,Cơm bò lúc lắc kiểu thái,cơm bò lúc lắc kiểu thái,kg_20260602_172448,offline
menu_item:281329,MenuItem,Cơm ba chỉ rang sốt cay,cơm ba chỉ rang sốt cay,kg_20260602_172448,offline
menu_item:281330,MenuItem,Cơm sườn BBQ,cơm sườn bbq,kg_20260602_172448,offline
menu_item:281331,MenuItem,Cơm đảo kim chi xá xíu kèm trứng ốpla,cơm đảo kim chi xá xíu kèm trứng ốpla,kg_20260602_172448,offline
menu_item:281332,MenuItem,Cơm cá bông lau kho tộ - món mới,cơm cá bông lau kho tộ - món mới,kg_20260602_172448,offline
menu_item:281333,MenuItem,Cơm đảo kim chi đùi gà nướng sốt cay - món mới,cơm đảo kim chi đùi gà nướng sốt cay - món mới,kg_20260602_172448,offline
menu_item:281334,MenuItem,Cơm thịt xá xíu trứng ốp la,cơm thịt xá xíu trứng ốp la,kg_20260602_172448,offline
menu_item:281335,MenuItem,Cơm đậu phụ non sốt nấm,cơm đậu phụ non sốt nấm,kg_20260602_172448,offline
menu_item:281336,MenuItem,Cơm sườn xào tứ xuyên,cơm sườn xào tứ xuyên,kg_20260602_172448,offline
menu_item:281337,MenuItem,Cơm gà nướng sốt nấm,cơm gà nướng sốt nấm,kg_20260602_172448,offline
menu_item:281339,MenuItem,Cơm gà nướng sốt chanh leo,cơm gà nướng sốt chanh leo,kg_20260602_172448,offline
menu_item:281340,MenuItem,Cơm cánh gà sốt me cay,cơm cánh gà sốt me cay,kg_20260602_172448,offline
menu_item:281349,MenuItem,Cơm ba chỉ chưng mắm quẹt,cơm ba chỉ chưng mắm quẹt,kg_20260602_172448,offline
menu_item:281351,MenuItem,Cơm thịt viên x íu mại ( món mới ),cơm thịt viên x íu mại ( món mới ),kg_20260602_172448,offline
menu_item:281361,MenuItem,Cơm Ba chỉ luộc,cơm ba chỉ luộc,kg_20260602_172448,offline
menu_item:316339,MenuItem,Cơm cá Bông lau kho tộ,cơm cá bông lau kho tộ,kg_20260602_172448,offline
menu_item:333947,MenuItem,Cơm Đậu phụ non sốt tứ xuyên,cơm đậu phụ non sốt tứ xuyên,kg_20260602_172448,offline
menu_item:10679922,MenuItem,chè Mochi sắn nóng,chè mochi sắn nóng,kg_20260602_172448,offline
menu_item:11125832,MenuItem,Cơm ba chỉ rang cháy cạnh,cơm ba chỉ rang cháy cạnh,kg_20260602_172448,offline
menu_item:10575178,MenuItem,Cơm tấm sườn bì chả trứng,cơm tấm sườn bì chả trứng,kg_20260602_172448,offline
menu_item:10575179,MenuItem,Cơm tấm sườn chả trứng ốp la,cơm tấm sườn chả trứng ốp la,kg_20260602_172448,offline
menu_item:10575180,MenuItem,Cơm tấm sườn bì trứng,cơm tấm sườn bì trứng,kg_20260602_172448,offline
menu_item:10575181,MenuItem,Cơm tấm sườn trứng ốp la,cơm tấm sườn trứng ốp la,kg_20260602_172448,offline
menu_item:10575182,MenuItem,Cơm tấm sườn bì,cơm tấm sườn bì,kg_20260602_172448,offline
menu_item:10804612,MenuItem,Cơm tấm sườn bì chả,cơm tấm sườn bì chả,kg_20260602_172448,offline
menu_item:3484775,MenuItem,Bún chả lẫn suất nhỏ,bún chả lẫn suất nhỏ,kg_20260602_172448,offline
menu_item:3484776,MenuItem,Bún chả lẫn suất lớn,bún chả lẫn suất lớn,kg_20260602_172448,offline
menu_item:3484778,MenuItem,Bún chả miếng suất lớn,bún chả miếng suất lớn,kg_20260602_172448,offline
menu_item:3484779,MenuItem,Bún chả viên suất nhỏ,bún chả viên suất nhỏ,kg_20260602_172448,offline
menu_item:9286479,MenuItem,Cơm gà chiên xù popcorn sốt tuỳ chọn,cơm gà chiên xù popcorn sốt tuỳ chọn,kg_20260602_172448,offline
menu_item:9286480,MenuItem,Cơm ba chỉ bò Mỹ đặc biệt,cơm ba chỉ bò mỹ đặc biệt,kg_20260602_172448,offline
menu_item:9286481,MenuItem,Cơm đùi gà sốt Nhật teriyaki,cơm đùi gà sốt nhật teriyaki,kg_20260602_172448,offline
menu_item:9286482,MenuItem,Cơm đùi gà cỡ lớn sốt Nhật teriyaki,cơm đùi gà cỡ lớn sốt nhật teriyaki,kg_20260602_172448,offline
menu_item:9286483,MenuItem,Cơm đùi gà sốt cay Hàn Quốc,cơm đùi gà sốt cay hàn quốc,kg_20260602_172448,offline
menu_item:9286484,MenuItem,Cơm đùi gà cỡ lớn sốt cay Hàn Quốc,cơm đùi gà cỡ lớn sốt cay hàn quốc,kg_20260602_172448,offline
menu_item:9286485,MenuItem,Cơm đùi gà sốt mắm tỏi,cơm đùi gà sốt mắm tỏi,kg_20260602_172448,offline
menu_item:9286486,MenuItem,Cơm đùi gà cỡ lớn sốt mắm tỏi,cơm đùi gà cỡ lớn sốt mắm tỏi,kg_20260602_172448,offline
menu_item:9286487,MenuItem,Mỳ spaghetti bò băm,mỳ spaghetti bò băm,kg_20260602_172448,offline
menu_item:930293,MenuItem,Bún chả lẫn,bún chả lẫn,kg_20260602_172448,offline
menu_item:930305,MenuItem,Bún chả thịt miếng,bún chả thịt miếng,kg_20260602_172448,offline
menu_item:930306,MenuItem,Bún chả thịt băm,bún chả thịt băm,kg_20260602_172448,offline
menu_item:930309,MenuItem,Bún nem,bún nem,kg_20260602_172448,offline
menu_item:930315,MenuItem,Bún chả lẫn - nem,bún chả lẫn - nem,kg_20260602_172448,offline
menu_item:930479,MenuItem,Bún chả thịt miếng - nem,bún chả thịt miếng - nem,kg_20260602_172448,offline
menu_item:930481,MenuItem,Bún chả thịt băm - nem,bún chả thịt băm - nem,kg_20260602_172448,offline
menu_item:930483,MenuItem,Bún chả lẫn - nem - coca chai,bún chả lẫn - nem - coca chai,kg_20260602_172448,offline
menu_item:930484,MenuItem,Bún chả thịt miếng - nem - coca chai,bún chả thịt miếng - nem - coca chai,kg_20260602_172448,offline
menu_item:930488,MenuItem,Bún chả thịt băm - nem - coca chai,bún chả thịt băm - nem - coca chai,kg_20260602_172448,offline
menu_item:930490,MenuItem,Bún nem - coca chai,bún nem - coca chai,kg_20260602_172448,offline
menu_item:12261418,MenuItem,Cơm Trắng Đùi Gà Rán - Sale,cơm trắng đùi gà rán - sale,kg_20260602_172448,offline
menu_item:12261420,MenuItem,Cơm Trắng Cánh Gà Rán - Sale,cơm trắng cánh gà rán - sale,kg_20260602_172448,offline
menu_item:12261423,MenuItem,Cơm Trắng Gà Viên Chiên - Sale,cơm trắng gà viên chiên - sale,kg_20260602_172448,offline
menu_item:12233200,MenuItem,Cơm Đảo Gà Viên Chiên,cơm đảo gà viên chiên,kg_20260602_172448,offline
menu_item:12233202,MenuItem,Cơm Trắng Cánh Gà Rán,cơm trắng cánh gà rán,kg_20260602_172448,offline
menu_item:12233201,MenuItem,Cơm Trắng Đùi Gà Rán,cơm trắng đùi gà rán,kg_20260602_172448,offline
menu_item:12233203,MenuItem,Cơm Trắng Gà Viên Chiên,cơm trắng gà viên chiên,kg_20260602_172448,offline
menu_item:12233207,MenuItem,Mì Cánh Gà Rán,mì cánh gà rán,kg_20260602_172448,offline
menu_item:12233206,MenuItem,Mì Đùi Gà Rán,mì đùi gà rán,kg_20260602_172448,offline
menu_item:12233205,MenuItem,Mì Gà Viên Chiên,mì gà viên chiên,kg_20260602_172448,offline
menu_item:12233204,MenuItem,Mì Rau Củ,mì rau củ,kg_20260602_172448,offline
menu_item:12233209,MenuItem,Cánh Gà Rán,cánh gà rán,kg_20260602_172448,offline
menu_item:12233208,MenuItem,Đùi Gà rán,đùi gà rán,kg_20260602_172448,offline
menu_item:12233210,MenuItem,Gà Viên Chiên,gà viên chiên,kg_20260602_172448,offline
menu_item:12233211,MenuItem,Khoai Tây Chiên,khoai tây chiên,kg_20260602_172448,offline
menu_item:12233212,MenuItem,Khoai Lang Chiên,khoai lang chiên,kg_20260602_172448,offline
menu_item:9940365,MenuItem,Cơm gà sốt Thái,cơm gà sốt thái,kg_20260602_172448,offline
menu_item:9940366,MenuItem,Cơm gà sốt bbq,cơm gà sốt bbq,kg_20260602_172448,offline
menu_item:9940368,MenuItem,Cơm gà sốt chua ngọt,cơm gà sốt chua ngọt,kg_20260602_172448,offline
menu_item:9940369,MenuItem,Cơm gà sốt mắm tỏi,cơm gà sốt mắm tỏi,kg_20260602_172448,offline
menu_item:9940370,MenuItem,Cơm gà sốt mật ong,cơm gà sốt mật ong,kg_20260602_172448,offline
menu_item:9940371,MenuItem,Cơm gà sốt me cay,cơm gà sốt me cay,kg_20260602_172448,offline
menu_item:9940373,MenuItem,Cơm gà sốt roti,cơm gà sốt roti,kg_20260602_172448,offline
menu_item:9940374,MenuItem,Cơm gà sốt tiêu đen,cơm gà sốt tiêu đen,kg_20260602_172448,offline
menu_item:5809908,MenuItem,Combo 5 cuốn thịt bò,combo 5 cuốn thịt bò,kg_20260602_172448,offline
menu_item:5809909,MenuItem,Bún bò nam bộ xuất lớn,bún bò nam bộ xuất lớn,kg_20260602_172448,offline
menu_item:5851403,MenuItem,Bún Bò Nam Bộ Xuất Nhỏ,bún bò nam bộ xuất nhỏ,kg_20260602_172448,offline
menu_item:5851404,MenuItem,Bún Bò Nam Bộ Xuất Thường,bún bò nam bộ xuất thường,kg_20260602_172448,offline
menu_item:5851405,MenuItem,ComBo 1 xuất bún 2 cuốn,combo 1 xuất bún 2 cuốn,kg_20260602_172448,offline
menu_item:5851406,MenuItem,Combo 2 xuất bún lớn,combo 2 xuất bún lớn,kg_20260602_172448,offline
menu_item:8927387,MenuItem,Bún Bò Nam Bộ Xuất Lớn,bún bò nam bộ xuất lớn,kg_20260602_172448,offline
menu_item:12261943,MenuItem,01 Miếng Gà Sốt Me Cay,01 miếng gà sốt me cay,kg_20260602_172448,offline
menu_item:12261987,MenuItem,Combo A - Gà Sốt Me Cay,combo a - gà sốt me cay,kg_20260602_172448,offline
menu_item:11777706,MenuItem,05 Bánh quy bơ sốt cam,05 bánh quy bơ sốt cam,kg_20260602_172448,offline
menu_item:10250557,MenuItem,COMBO 9 MÓN 99K,combo 9 món 99k,kg_20260602_172448,offline
menu_item:721727,MenuItem,1 Miếng Gà Sốt Bơ Tỏi Và Thảo Mộc,1 miếng gà sốt bơ tỏi và thảo mộc,kg_20260602_172448,offline
menu_item:721731,MenuItem,Combo 02 Miếng Gà Sốt Bơ Tỏi Và Thảo Mộc,combo 02 miếng gà sốt bơ tỏi và thảo mộc,kg_20260602_172448,offline
menu_item:9796129,MenuItem,Combo 01 Miếng Gà Sốt Bơ Tỏi Và Thảo Mộc,combo 01 miếng gà sốt bơ tỏi và thảo mộc,kg_20260602_172448,offline
menu_item:9796130,MenuItem,3 Miếng Gà Sốt Bơ Tỏi Và Thảo Mộc,3 miếng gà sốt bơ tỏi và thảo mộc,kg_20260602_172448,offline
menu_item:9796327,MenuItem,Combo 02 Miếng Gà Rán Truyền Thống,combo 02 miếng gà rán truyền thống,kg_20260602_172448,offline
menu_item:9796328,MenuItem,Combo Tex Sampler - Gà Rán Truyền Thống,combo tex sampler - gà rán truyền thống,kg_20260602_172448,offline
menu_item:9797086,MenuItem,Combo Gà Rán & Bánh cuộn Zesty Crunch,combo gà rán & bánh cuộn zesty crunch,kg_20260602_172448,offline
menu_item:9797087,MenuItem,Combo Gà Rán & Burger Cổ Điển,combo gà rán & burger cổ điển,kg_20260602_172448,offline
menu_item:9797088,MenuItem,Combo Gà Rán & Burger Zesty Crunch,combo gà rán & burger zesty crunch,kg_20260602_172448,offline
menu_item:278367,MenuItem,Bánh cuộn Tex - Cay,bánh cuộn tex - cay,kg_20260602_172448,offline
menu_item:278370,MenuItem,Bánh cuộn Mexicana - Cay,bánh cuộn mexicana - cay,kg_20260602_172448,offline
menu_item:9798770,MenuItem,Combo Bánh cuộn Tex,combo bánh cuộn tex,kg_20260602_172448,offline
menu_item:9798771,MenuItem,Combo Bánh cuộn Mexicana,combo bánh cuộn mexicana,kg_20260602_172448,offline
menu_item:9798775,MenuItem,Bánh cuộn Tex - Không Cay,bánh cuộn tex - không cay,kg_20260602_172448,offline
menu_item:9798776,MenuItem,Bánh cuộn Mexicana - Không Cay,bánh cuộn mexicana - không cay,kg_20260602_172448,offline
menu_item:278372,MenuItem,Burger Tôm - Cay,burger tôm - cay,kg_20260602_172448,offline
menu_item:278374,MenuItem,Burger Tex Supreme - Cay,burger tex supreme - cay,kg_20260602_172448,offline
menu_item:6959204,MenuItem,Burger Mexicana - Cay,burger mexicana - cay,kg_20260602_172448,offline
menu_item:9798772,MenuItem,Combo Burger Tôm,combo burger tôm,kg_20260602_172448,offline
menu_item:9798773,MenuItem,Combo Burger Tex Supreme,combo burger tex supreme,kg_20260602_172448,offline
menu_item:9798774,MenuItem,Combo Burger Mexicana,combo burger mexicana,kg_20260602_172448,offline
menu_item:9798777,MenuItem,Burger Tôm - Không Cay,burger tôm - không cay,kg_20260602_172448,offline
menu_item:9798778,MenuItem,Burger Tex Supreme - Không Cay,burger tex supreme - không cay,kg_20260602_172448,offline
menu_item:9798779,MenuItem,Burger Mexicana - Không Cay,burger mexicana - không cay,kg_20260602_172448,offline
menu_item:7216750,MenuItem,Combo Mỳ Ý Gà Giòn Không Xương,combo mỳ ý gà giòn không xương,kg_20260602_172448,offline
menu_item:7216751,MenuItem,Combo Mỳ Ý Gà Rán Truyền Thống,combo mỳ ý gà rán truyền thống,kg_20260602_172448,offline
menu_item:7216752,MenuItem,Combo Cơm Gà Sốt Teriyaki,combo cơm gà sốt teriyaki,kg_20260602_172448,offline
menu_item:7216753,MenuItem,Combo Cơm Gà Sốt Chua Ngọt,combo cơm gà sốt chua ngọt,kg_20260602_172448,offline
menu_item:6960308,MenuItem,Khuỷu Cánh Gà Giòn Cay - 6 Miếng,khuỷu cánh gà giòn cay - 6 miếng,kg_20260602_172448,offline
menu_item:9796126,MenuItem,Gà Giòn Không Xương- 6 Miếng,gà giòn không xương- 6 miếng,kg_20260602_172448,offline
menu_item:9800475,MenuItem,Combo 03 Miếng Gà Giòn Không Xương,combo 03 miếng gà giòn không xương,kg_20260602_172448,offline
menu_item:9800476,MenuItem,Combo 05 Khuỷu Cánh Gà Giòn Cay,combo 05 khuỷu cánh gà giòn cay,kg_20260602_172448,offline
menu_item:6393657,MenuItem,Cơm tấm sườn cốt lết đầy đủ,cơm tấm sườn cốt lết đầy đủ,kg_20260602_172448,offline
menu_item:6393658,MenuItem,Cơm tấm má heo nướng đầy đủ,cơm tấm má heo nướng đầy đủ,kg_20260602_172448,offline
menu_item:6393659,MenuItem,Cơm tấm sườn cốt lết nướng,cơm tấm sườn cốt lết nướng,kg_20260602_172448,offline
menu_item:6393660,MenuItem,Cơm tấm má heo nướng,cơm tấm má heo nướng,kg_20260602_172448,offline
menu_item:6393661,MenuItem,Cơm tấm dẻ sườn nướng đầy đủ,cơm tấm dẻ sườn nướng đầy đủ,kg_20260602_172448,offline
menu_item:6393662,MenuItem,Cơm tấm ba rọi đầy đủ,cơm tấm ba rọi đầy đủ,kg_20260602_172448,offline
menu_item:6393663,MenuItem,Cơm tấm ba rọi nướng,cơm tấm ba rọi nướng,kg_20260602_172448,offline
menu_item:6393664,MenuItem,Cơm tấm cá quả kho tiêu,cơm tấm cá quả kho tiêu,kg_20260602_172448,offline
menu_item:6393665,MenuItem,Cơm tấm dẻ sườn nướng,cơm tấm dẻ sườn nướng,kg_20260602_172448,offline
menu_item:6393666,MenuItem,Cơm gà nướng mật ong,cơm gà nướng mật ong,kg_20260602_172448,offline
menu_item:9059946,MenuItem,Cơm thịt kho trứng,cơm thịt kho trứng,kg_20260602_172448,offline
menu_item:6055189,MenuItem,Bún chả chấm,bún chả chấm,kg_20260602_172448,offline
menu_item:6055190,MenuItem,Bún đậu,bún đậu,kg_20260602_172448,offline
menu_item:6055191,MenuItem,Bún trộn,bún trộn,kg_20260602_172448,offline
menu_item:6077837,MenuItem,Bún chả chan,bún chả chan,kg_20260602_172448,offline
menu_item:6400514,MenuItem,Bún Gà,bún gà,kg_20260602_172448,offline
menu_item:6807873,MenuItem,Bún Bò,bún bò,kg_20260602_172448,offline
menu_item:6055192,MenuItem,Cơm rang dưa bò,cơm rang dưa bò,kg_20260602_172448,offline
menu_item:6077609,MenuItem,Cơm rang thập cẩm,cơm rang thập cẩm,kg_20260602_172448,offline
menu_item:7910090,MenuItem,Cơm trộn truyền thống,cơm trộn truyền thống,kg_20260602_172448,offline
menu_item:7927137,MenuItem,Cơm trộn thịt bò,cơm trộn thịt bò,kg_20260602_172448,offline
menu_item:7936257,MenuItem,Cơm trộn gà viên,cơm trộn gà viên,kg_20260602_172448,offline
menu_item:7950623,MenuItem,Cơm rang xúc xích,cơm rang xúc xích,kg_20260602_172448,offline
menu_item:8047187,MenuItem,Cơm rang trứng,cơm rang trứng,kg_20260602_172448,offline
menu_item:8070574,MenuItem,Cơm gà viên sốt cay (ngọt),cơm gà viên sốt cay (ngọt),kg_20260602_172448,offline
menu_item:8101714,MenuItem,Cơm gà đùi sốt cay (ngọt),cơm gà đùi sốt cay (ngọt),kg_20260602_172448,offline
menu_item:9544631,MenuItem,Cơm xá xíu,cơm xá xíu,kg_20260602_172448,offline
menu_item:6055197,MenuItem,Mì gà tần,mì gà tần,kg_20260602_172448,offline
menu_item:6055198,MenuItem,Mì trộn indomie,mì trộn indomie,kg_20260602_172448,offline
menu_item:6055194,MenuItem,Mì cay bò,mì cay bò,kg_20260602_172448,offline
menu_item:6055195,MenuItem,Mì cay cá viên,mì cay cá viên,kg_20260602_172448,offline
menu_item:6055196,MenuItem,Mì cay xúc xích,mì cay xúc xích,kg_20260602_172448,offline
menu_item:6077834,MenuItem,Mì cay sụn,mì cay sụn,kg_20260602_172448,offline
menu_item:6077835,MenuItem,Mì cay hải sản,mì cay hải sản,kg_20260602_172448,offline
menu_item:6077836,MenuItem,Mì cay thập cẩm,mì cay thập cẩm,kg_20260602_172448,offline
menu_item:9489165,MenuItem,Tokbokki lắc phô mai,tokbokki lắc phô mai,kg_20260602_172448,offline
menu_item:9501149,MenuItem,Khoai tây chiên lắc phô mai,khoai tây chiên lắc phô mai,kg_20260602_172448,offline
menu_item:9501152,MenuItem,Gà viên trộn Tok sốt cay (ngọt),gà viên trộn tok sốt cay (ngọt),kg_20260602_172448,offline
menu_item:9502122,MenuItem,Kimbap truyền thống,kimbap truyền thống,kg_20260602_172448,offline
menu_item:9544664,MenuItem,Tokbokki truyền thống,tokbokki truyền thống,kg_20260602_172448,offline
menu_item:9635140,MenuItem,Tokbokki sốt Rose,tokbokki sốt rose,kg_20260602_172448,offline
menu_item:9643095,MenuItem,Kimbap bò,kimbap bò,kg_20260602_172448,offline
menu_item:2181653,MenuItem,Phở Trộn Gà Lườn,phở trộn gà lườn,kg_20260602_172448,offline
menu_item:2181649,MenuItem,Phở Trộn Gà Lẫn,phở trộn gà lẫn,kg_20260602_172448,offline
menu_item:9372458,MenuItem,Phở Trộn Gà Đùi,phở trộn gà đùi,kg_20260602_172448,offline
menu_item:2181651,MenuItem,Miến Trộn Gà Lườn,miến trộn gà lườn,kg_20260602_172448,offline
menu_item:2181650,MenuItem,Miến Trộn Gà Lẫn,miến trộn gà lẫn,kg_20260602_172448,offline
menu_item:2181655,MenuItem,Mì Trộn Gà Lườn,mì trộn gà lườn,kg_20260602_172448,offline
menu_item:2181654,MenuItem,Mì Trộn Gà Lẫn,mì trộn gà lẫn,kg_20260602_172448,offline
menu_item:11082795,MenuItem,Miến Trộn Gà Đùi,miến trộn gà đùi,kg_20260602_172448,offline
menu_item:11082798,MenuItem,Mì Trộn Gà Đùi,mì trộn gà đùi,kg_20260602_172448,offline
menu_item:2181664,MenuItem,Xôi Gà Lườn,xôi gà lườn,kg_20260602_172448,offline
menu_item:9793575,MenuItem,Xôi Gà Lẫn,xôi gà lẫn,kg_20260602_172448,offline
menu_item:9793578,MenuItem,Xôi Gà Đùi,xôi gà đùi,kg_20260602_172448,offline
menu_item:11640307,MenuItem,Gà rán giòn truyền thống,gà rán giòn truyền thống,kg_20260602_172448,offline
menu_item:11640308,MenuItem,Đùi gà rán truyền thống,đùi gà rán truyền thống,kg_20260602_172448,offline
menu_item:11640309,MenuItem,Lườn gà truyền thống,lườn gà truyền thống,kg_20260602_172448,offline
menu_item:11640310,MenuItem,Cánh gà rán truyền thống,cánh gà rán truyền thống,kg_20260602_172448,offline
menu_item:11640311,MenuItem,Cánh gà rắc rắc tê cay,cánh gà rắc rắc tê cay,kg_20260602_172448,offline
menu_item:11640312,MenuItem,Gà rán giòn rút xương,gà rán giòn rút xương,kg_20260602_172448,offline
menu_item:11640313,MenuItem,Gà rán giòn xốt mật ong tỏi,gà rán giòn xốt mật ong tỏi,kg_20260602_172448,offline
menu_item:11640314,MenuItem,Cánh gà rán giòn xốt mật ong tỏi,cánh gà rán giòn xốt mật ong tỏi,kg_20260602_172448,offline
menu_item:11640315,MenuItem,Gà rán giòn rắc phô mai,gà rán giòn rắc phô mai,kg_20260602_172448,offline
menu_item:11640316,MenuItem,Gà rán giòn tỏi xốt mặn ngọt,gà rán giòn tỏi xốt mặn ngọt,kg_20260602_172448,offline
menu_item:11640317,MenuItem,Gà rán giòn dừa xốt tỏi mặn ngọt,gà rán giòn dừa xốt tỏi mặn ngọt,kg_20260602_172448,offline
menu_item:11640318,MenuItem,Gà rán giòn xốt Jachiso,gà rán giòn xốt jachiso,kg_20260602_172448,offline
menu_item:11640319,MenuItem,Gà rán giòn xốt cay nồng,gà rán giòn xốt cay nồng,kg_20260602_172448,offline
menu_item:11640320,MenuItem,Gà rán giòn xốt cay ngọt,gà rán giòn xốt cay ngọt,kg_20260602_172448,offline
menu_item:11640321,MenuItem,Gà rán giòn xốt cà tím Mapsody,gà rán giòn xốt cà tím mapsody,kg_20260602_172448,offline
menu_item:11640322,MenuItem,Gà rán giòn xốt sườn,gà rán giòn xốt sườn,kg_20260602_172448,offline
menu_item:11640323,MenuItem,Cánh gà giòn xốt Paris,cánh gà giòn xốt paris,kg_20260602_172448,offline
menu_item:11640328,MenuItem,Gà rán giòn xốt mật ong tỏi rút xương,gà rán giòn xốt mật ong tỏi rút xương,kg_20260602_172448,offline
menu_item:11640329,MenuItem,Gà rán giòn rắc phô mai rút xương,gà rán giòn rắc phô mai rút xương,kg_20260602_172448,offline
menu_item:11640330,MenuItem,Gà rán giòn xốt Paris rút xương,gà rán giòn xốt paris rút xương,kg_20260602_172448,offline
menu_item:11640331,MenuItem,Gà rán giòn xốt cay nóng rút xương,gà rán giòn xốt cay nóng rút xương,kg_20260602_172448,offline
menu_item:11640332,MenuItem,Gà rán giòn xốt kem tuyết Himalaya,gà rán giòn xốt kem tuyết himalaya,kg_20260602_172448,offline
menu_item:11640333,MenuItem,Gà rán giòn xốt cay ngọt rút xương,gà rán giòn xốt cay ngọt rút xương,kg_20260602_172448,offline
menu_item:11640334,MenuItem,Gà rán giòn xốt sườn rút xương,gà rán giòn xốt sườn rút xương,kg_20260602_172448,offline
menu_item:11640335,MenuItem,Gà rán giòn xốt Jachiso rút xương,gà rán giòn xốt jachiso rút xương,kg_20260602_172448,offline
menu_item:11640336,MenuItem,Gà rán giòn xốt tỏi mặn ngọt rút xương,gà rán giòn xốt tỏi mặn ngọt rút xương,kg_20260602_172448,offline
menu_item:11640337,MenuItem,Gà giòn dừa sốt tỏi mặn ngọt rút xương,gà giòn dừa sốt tỏi mặn ngọt rút xương,kg_20260602_172448,offline
menu_item:11640338,MenuItem,Gà rán giòn xốt cà tím Mapsody rút xương,gà rán giòn xốt cà tím mapsody rút xương,kg_20260602_172448,offline
menu_item:11640339,MenuItem,Đùi gà nướng Barbecued,đùi gà nướng barbecued,kg_20260602_172448,offline
menu_item:11640340,MenuItem,Cánh gà nướng Barbecued,cánh gà nướng barbecued,kg_20260602_172448,offline
menu_item:11640341,MenuItem,Gà hun khói,gà hun khói,kg_20260602_172448,offline
menu_item:11640342,MenuItem,Gà nướng tẩm gia vị,gà nướng tẩm gia vị,kg_20260602_172448,offline
menu_item:11640343,MenuItem,Đùi barbecued ngô phô mai,đùi barbecued ngô phô mai,kg_20260602_172448,offline
menu_item:11640344,MenuItem,Cơm đùi gà nướng Barbecued,cơm đùi gà nướng barbecued,kg_20260602_172448,offline
menu_item:11640345,MenuItem,Cơm gà nướng tẩm gia vị,cơm gà nướng tẩm gia vị,kg_20260602_172448,offline
menu_item:11640346,MenuItem,Cơm gà hun khói,cơm gà hun khói,kg_20260602_172448,offline
menu_item:11640347,MenuItem,Cơm gà BB set 1,cơm gà bb set 1,kg_20260602_172448,offline
menu_item:11640348,MenuItem,Cơm gà BB set 2,cơm gà bb set 2,kg_20260602_172448,offline
menu_item:11640349,MenuItem,Cơm gà BB set 3,cơm gà bb set 3,kg_20260602_172448,offline
menu_item:11640350,MenuItem,Canh Kim Chi - Kimchi Soup,canh kim chi - kimchi soup,kg_20260602_172448,offline
menu_item:11640351,MenuItem,Canh Chả cá - Fish Cake Soup,canh chả cá - fish cake soup,kg_20260602_172448,offline
menu_item:11640352,MenuItem,Miến trộn - BB Japchae,miến trộn - bb japchae,kg_20260602_172448,offline
menu_item:11640353,MenuItem,Cơm rang kim chi cá ngừ,cơm rang kim chi cá ngừ,kg_20260602_172448,offline
menu_item:11640354,MenuItem,Cơm niêu đá trộn rau truyền thống,cơm niêu đá trộn rau truyền thống,kg_20260602_172448,offline
menu_item:11640355,MenuItem,Cơm niêu đá trộn thịt bò,cơm niêu đá trộn thịt bò,kg_20260602_172448,offline
menu_item:11640356,MenuItem,Cơm niêu gà sốt mayonnaise,cơm niêu gà sốt mayonnaise,kg_20260602_172448,offline
menu_item:11640357,MenuItem,Mỳ tương đen,mỳ tương đen,kg_20260602_172448,offline
menu_item:11640358,MenuItem,Bánh gạo BB,bánh gạo bb,kg_20260602_172448,offline
menu_item:11640359,MenuItem,Bánh gạo BB phô mai,bánh gạo bb phô mai,kg_20260602_172448,offline
menu_item:11640360,MenuItem,Bánh gạo sốt Rose,bánh gạo sốt rose,kg_20260602_172448,offline
menu_item:11640378,MenuItem,Phô mai viên Hoàng kim (3 viên),phô mai viên hoàng kim (3 viên),kg_20260602_172448,offline
menu_item:11640362,MenuItem,Salad gà hun khói,salad gà hun khói,kg_20260602_172448,offline
menu_item:11640363,MenuItem,Salad gà sốt cajun,salad gà sốt cajun,kg_20260602_172448,offline
menu_item:11640364,MenuItem,Set burger gà giòn truyền thống,set burger gà giòn truyền thống,kg_20260602_172448,offline
menu_item:11640365,MenuItem,Set burger tôm,set burger tôm,kg_20260602_172448,offline
menu_item:11640366,MenuItem,Set burger gà nướng,set burger gà nướng,kg_20260602_172448,offline
menu_item:11640367,MenuItem,Pizza Salad gà sốt Cajun,pizza salad gà sốt cajun,kg_20260602_172448,offline
menu_item:11640368,MenuItem,Pizza hải sản,pizza hải sản,kg_20260602_172448,offline
menu_item:11640381,MenuItem,Cơm cốc gà sốt sườn,cơm cốc gà sốt sườn,kg_20260602_172448,offline
menu_item:11640382,MenuItem,Cơm cốc gà sốt mayonnaise,cơm cốc gà sốt mayonnaise,kg_20260602_172448,offline
menu_item:11640383,MenuItem,Cơm cốc gà sốt cay ngọt,cơm cốc gà sốt cay ngọt,kg_20260602_172448,offline
menu_item:11640384,MenuItem,Cơm cốc cơm rang kim chi cá ngừ,cơm cốc cơm rang kim chi cá ngừ,kg_20260602_172448,offline
menu_item:11640385,MenuItem,Cơm cốc trộn thịt bò Bulgogi,cơm cốc trộn thịt bò bulgogi,kg_20260602_172448,offline
menu_item:11726843,MenuItem,Gà giòn tứ vị phô mai - Bboom Cheese,gà giòn tứ vị phô mai - bboom cheese,kg_20260602_172448,offline
menu_item:11726844,MenuItem,Gà giòn tứ vị phô mai rút xương - Bboom Cheese Boneless,gà giòn tứ vị phô mai rút xương - bboom cheese boneless,kg_20260602_172448,offline
menu_item:6643129,MenuItem,Cơm rang dưa bò,cơm rang dưa bò,kg_20260602_172448,offline
menu_item:6643130,MenuItem,Mì xào cải bò,mì xào cải bò,kg_20260602_172448,offline
menu_item:6643131,MenuItem,Mì xào tim cật,mì xào tim cật,kg_20260602_172448,offline
menu_item:6643132,MenuItem,Cơm rang lẫn bò tim,cơm rang lẫn bò tim,kg_20260602_172448,offline
menu_item:6643133,MenuItem,Cơm rang cải bò,cơm rang cải bò,kg_20260602_172448,offline
menu_item:6643134,MenuItem,Cơm rang tim cật,cơm rang tim cật,kg_20260602_172448,offline
menu_item:6643135,MenuItem,Xào tim cật,xào tim cật,kg_20260602_172448,offline
menu_item:6643136,MenuItem,Phở tái chín,phở tái chín,kg_20260602_172448,offline
menu_item:6643137,MenuItem,Phở nạm gầu,phở nạm gầu,kg_20260602_172448,offline
menu_item:6643138,MenuItem,Phở xào,phở xào,kg_20260602_172448,offline
menu_item:6643139,MenuItem,Phở tái nạm,phở tái nạm,kg_20260602_172448,offline
menu_item:6643141,MenuItem,Phở tái lăn,phở tái lăn,kg_20260602_172448,offline
menu_item:6643142,MenuItem,Phở bắp gầu,phở bắp gầu,kg_20260602_172448,offline
menu_item:6643144,MenuItem,Phở chín,phở chín,kg_20260602_172448,offline
menu_item:6643145,MenuItem,Phở sốt vang,phở sốt vang,kg_20260602_172448,offline
menu_item:6643146,MenuItem,Phở bắp tái,phở bắp tái,kg_20260602_172448,offline
menu_item:6643147,MenuItem,Phở tái gầu,phở tái gầu,kg_20260602_172448,offline
menu_item:6643148,MenuItem,Phở tái,phở tái,kg_20260602_172448,offline
menu_item:6643149,MenuItem,Phở bắp nạm,phở bắp nạm,kg_20260602_172448,offline
menu_item:6643150,MenuItem,Phở sốt vang gầu,phở sốt vang gầu,kg_20260602_172448,offline
menu_item:6643151,MenuItem,Phở xào giòn,phở xào giòn,kg_20260602_172448,offline
menu_item:6643152,MenuItem,Phở áp chảo,phở áp chảo,kg_20260602_172448,offline
menu_item:6643153,MenuItem,Phở chín gầu,phở chín gầu,kg_20260602_172448,offline
menu_item:6643154,MenuItem,Phở sốt vang tái,phở sốt vang tái,kg_20260602_172448,offline
menu_item:6643155,MenuItem,Phở sốt vang nạm,phở sốt vang nạm,kg_20260602_172448,offline
menu_item:6643156,MenuItem,Phở bắp sốt vang,phở bắp sốt vang,kg_20260602_172448,offline
menu_item:6643157,MenuItem,Phở sốt vang chín,phở sốt vang chín,kg_20260602_172448,offline
menu_item:6643158,MenuItem,Phở tim cật,phở tim cật,kg_20260602_172448,offline
menu_item:540651,MenuItem,Bánh Tráng Cuốn Thịt Heo Quay,bánh tráng cuốn thịt heo quay,kg_20260602_172448,offline
menu_item:540652,MenuItem,Nem Lụi,nem lụi,kg_20260602_172448,offline
menu_item:540653,MenuItem,Bánh Tráng Thịt Heo Luộc,bánh tráng thịt heo luộc,kg_20260602_172448,offline
menu_item:540654,MenuItem,Nem Tôm,nem tôm,kg_20260602_172448,offline
menu_item:540655,MenuItem,Nộm Tai Xúc Bánh Đa Nhỏ,nộm tai xúc bánh đa nhỏ,kg_20260602_172448,offline
menu_item:540656,MenuItem,Cháo Ngao,cháo ngao,kg_20260602_172448,offline
menu_item:540658,MenuItem,Nộm Tai Xúc Bánh Đa Lớn,nộm tai xúc bánh đa lớn,kg_20260602_172448,offline
menu_item:540659,MenuItem,Bún Mắm,bún mắm,kg_20260602_172448,offline
menu_item:477169,MenuItem,Bún đậu,bún đậu,kg_20260602_172448,offline
menu_item:477170,MenuItem,Bánh đa trộn,bánh đa trộn,kg_20260602_172448,offline
menu_item:477171,MenuItem,Mì gà tần,mì gà tần,kg_20260602_172448,offline
menu_item:477172,MenuItem,Bún chả,bún chả,kg_20260602_172448,offline
menu_item:11943904,MenuItem,Cơm rang dưa bò,cơm rang dưa bò,kg_20260602_172448,offline
menu_item:11943905,MenuItem,Cơm rang sườn chua ngọt,cơm rang sườn chua ngọt,kg_20260602_172448,offline
menu_item:11943906,MenuItem,Cơm rang sườn áp chảo,cơm rang sườn áp chảo,kg_20260602_172448,offline
menu_item:11943907,MenuItem,Cơm rang bò xào hành tây,cơm rang bò xào hành tây,kg_20260602_172448,offline
menu_item:11943908,MenuItem,Cơm rang bò sốt tiêu đen,cơm rang bò sốt tiêu đen,kg_20260602_172448,offline
menu_item:11943909,MenuItem,Cơm rang cải bò,cơm rang cải bò,kg_20260602_172448,offline
menu_item:11943913,MenuItem,Cơm rang đùi gà sốt mắm tỏi,cơm rang đùi gà sốt mắm tỏi,kg_20260602_172448,offline
menu_item:11943914,MenuItem,Cơm rang đùi gà sốt chua ngọt,cơm rang đùi gà sốt chua ngọt,kg_20260602_172448,offline
menu_item:11943915,MenuItem,Cơm rang thập cẩm bò,cơm rang thập cẩm bò,kg_20260602_172448,offline
menu_item:11943916,MenuItem,Cơm rang thập cẩm,cơm rang thập cẩm,kg_20260602_172448,offline
menu_item:11943917,MenuItem,Cơm rang cá mặn,cơm rang cá mặn,kg_20260602_172448,offline
menu_item:11943918,MenuItem,Cơm rang trứng,cơm rang trứng,kg_20260602_172448,offline
menu_item:11943919,MenuItem,Cơm rang hải sản,cơm rang hải sản,kg_20260602_172448,offline
menu_item:11943920,MenuItem,Cơm rang xá xíu,cơm rang xá xíu,kg_20260602_172448,offline
menu_item:11943921,MenuItem,Cơm rang sườn cốt lết - trứng tráng,cơm rang sườn cốt lết - trứng tráng,kg_20260602_172448,offline
menu_item:11943922,MenuItem,Cơm rang sườn cốt lết sốt mắm tỏi,cơm rang sườn cốt lết sốt mắm tỏi,kg_20260602_172448,offline
menu_item:316619,MenuItem,Cơm Thịt Heo Quay Giòn,cơm thịt heo quay giòn,kg_20260602_172448,offline
menu_item:2695576,MenuItem,Cơm Gà Chua Ngọt,cơm gà chua ngọt,kg_20260602_172448,offline
menu_item:2695579,MenuItem,Cơm Gà xào sả ớt,cơm gà xào sả ớt,kg_20260602_172448,offline
menu_item:2695580,MenuItem,Cơm Tôm Rang,cơm tôm rang,kg_20260602_172448,offline
menu_item:2695581,MenuItem,Cơm 2 Miếng Gà Chiên Mắm,cơm 2 miếng gà chiên mắm,kg_20260602_172448,offline
menu_item:2695583,MenuItem,Cơm Thịt xào hành tây,cơm thịt xào hành tây,kg_20260602_172448,offline
menu_item:2695585,MenuItem,Cơm Sườn Mặn Ngọt,cơm sườn mặn ngọt,kg_20260602_172448,offline
menu_item:2695587,MenuItem,Cơm Thịt Kho Tàu,cơm thịt kho tàu,kg_20260602_172448,offline
menu_item:2695588,MenuItem,Cơm Gà Chiên Mắm,cơm gà chiên mắm,kg_20260602_172448,offline
menu_item:2695593,MenuItem,Cơm Cá om giềng,cơm cá om giềng,kg_20260602_172448,offline
menu_item:2695596,MenuItem,Cơm Bò Hầm Khoai Tây,cơm bò hầm khoai tây,kg_20260602_172448,offline
menu_item:2695597,MenuItem,Cơm thịt xay xào rau củ,cơm thịt xay xào rau củ,kg_20260602_172448,offline
menu_item:2695599,MenuItem,Cơm Gà Rang Lá Chanh,cơm gà rang lá chanh,kg_20260602_172448,offline
menu_item:2695604,MenuItem,Cơm Thịt Rang,cơm thịt rang,kg_20260602_172448,offline
menu_item:5600268,MenuItem,Cơm Thịt Trưng Mắm Tép,cơm thịt trưng mắm tép,kg_20260602_172448,offline
menu_item:2695589,MenuItem,Cơm Cá Om Giềng VIP,cơm cá om giềng vip,kg_20260602_172448,offline
menu_item:2695592,MenuItem,Cơm Thịt Rang VIP,cơm thịt rang vip,kg_20260602_172448,offline
menu_item:2695598,MenuItem,Cơm Gà Xào Xả Ớt VIP,cơm gà xào xả ớt vip,kg_20260602_172448,offline
menu_item:2695600,MenuItem,Cơm Gà Chiên Mắm VIP,cơm gà chiên mắm vip,kg_20260602_172448,offline
menu_item:2695601,MenuItem,Cơm Sườn Sốt Chua Ngọt VIP,cơm sườn sốt chua ngọt vip,kg_20260602_172448,offline
menu_item:2695607,MenuItem,Cơm Gà Rang VIP,cơm gà rang vip,kg_20260602_172448,offline
menu_item:2695608,MenuItem,Cơm Gà Chua Ngọt VIP,cơm gà chua ngọt vip,kg_20260602_172448,offline
menu_item:5600266,MenuItem,Cơm Thịt Trưng Mắm Tép VIP,cơm thịt trưng mắm tép vip,kg_20260602_172448,offline
menu_item:5600267,MenuItem,Cơm Thịt Kho Tàu VIP,cơm thịt kho tàu vip,kg_20260602_172448,offline
menu_item:8133304,MenuItem,Cơm Thịt Heo Quay VIP,cơm thịt heo quay vip,kg_20260602_172448,offline
menu_item:8133317,MenuItem,Cơm Tôm Rang VIP,cơm tôm rang vip,kg_20260602_172448,offline
menu_item:2695590,MenuItem,cơm gà sốt chua ngọt + coca,cơm gà sốt chua ngọt + coca,kg_20260602_172448,offline
menu_item:2695595,MenuItem,Cơm gà chua ngọt + fanta,cơm gà chua ngọt + fanta,kg_20260602_172448,offline
menu_item:2695603,MenuItem,Cơm 2 miếng gà chiên mắm + coca,cơm 2 miếng gà chiên mắm + coca,kg_20260602_172448,offline
menu_item:2695606,MenuItem,Cơm 2 miếng gà chiên mắm + sprite,cơm 2 miếng gà chiên mắm + sprite,kg_20260602_172448,offline
menu_item:7617183,MenuItem,Combo Cơm Gà Lọc Xương Sốt BBQ + Pepsi,combo cơm gà lọc xương sốt bbq + pepsi,kg_20260602_172448,offline
menu_item:7617184,MenuItem,Combo Cơm bò xào sốt tiêu đen + Pepsi,combo cơm bò xào sốt tiêu đen + pepsi,kg_20260602_172448,offline
menu_item:7617185,MenuItem,Combo Cơm Gà Sốt cay ngọt + Pepsi,combo cơm gà sốt cay ngọt + pepsi,kg_20260602_172448,offline
menu_item:7617186,MenuItem,[Deal Hot] Combo Cơm sườn thăn chiên xù Nhật + Pepsi,[deal hot] combo cơm sườn thăn chiên xù nhật + pepsi,kg_20260602_172448,offline
menu_item:230344,MenuItem,Cơm sườn thăn chiên xù Nhật,cơm sườn thăn chiên xù nhật,kg_20260602_172448,offline
menu_item:230336,MenuItem,Cơm gà lọc xương sốt cay ngọt,cơm gà lọc xương sốt cay ngọt,kg_20260602_172448,offline
menu_item:230338,MenuItem,Cơm gà lọc xương sốt BBQ,cơm gà lọc xương sốt bbq,kg_20260602_172448,offline
menu_item:230335,MenuItem,Cơm gà lọc xương sốt Teriyaki kiểu Nhật,cơm gà lọc xương sốt teriyaki kiểu nhật,kg_20260602_172448,offline
menu_item:230345,MenuItem,Cơm bò xào sốt tiêu đen,cơm bò xào sốt tiêu đen,kg_20260602_172448,offline
menu_item:342013,MenuItem,Cơm Bò xào sốt tiêu đen + pepsi,cơm bò xào sốt tiêu đen + pepsi,kg_20260602_172448,offline
menu_item:342014,MenuItem,Cơm Gà lọc xương sốt BBQ + pepsi,cơm gà lọc xương sốt bbq + pepsi,kg_20260602_172448,offline
menu_item:342161,MenuItem,Cơm sườn thăn chiên xù Nhật+ pepsi,cơm sườn thăn chiên xù nhật+ pepsi,kg_20260602_172448,offline
menu_item:9481930,MenuItem,Cơm gà lọc xương sốt cay ngọt + pepsi,cơm gà lọc xương sốt cay ngọt + pepsi,kg_20260602_172448,offline
menu_item:342011,MenuItem,Combo 2 Gà + 1 Nước,combo 2 gà + 1 nước,kg_20260602_172448,offline
menu_item:342012,MenuItem,Combo 1 Gà + 1 Nước,combo 1 gà + 1 nước,kg_20260602_172448,offline
menu_item:1978423,MenuItem,Cơm gà lọc xương sốt Teriyaki kiểu Nhật + Coca,cơm gà lọc xương sốt teriyaki kiểu nhật + coca,kg_20260602_172448,offline
menu_item:1978424,MenuItem,Cơm sườn thăn chiên xù Nhật + Coca,cơm sườn thăn chiên xù nhật + coca,kg_20260602_172448,offline
menu_item:1978425,MenuItem,Cơm gà lọc xương sốt cay ngọt + Coca,cơm gà lọc xương sốt cay ngọt + coca,kg_20260602_172448,offline
menu_item:1978426,MenuItem,Cơm bò xào sốt tiêu đen + Coca,cơm bò xào sốt tiêu đen + coca,kg_20260602_172448,offline
menu_item:1978427,MenuItem,Cơm gà lọc xương sốt BBQ + Coca,cơm gà lọc xương sốt bbq + coca,kg_20260602_172448,offline
menu_item:488455,MenuItem,Cơm sườn thăn chiên xù nhật,cơm sườn thăn chiên xù nhật,kg_20260602_172448,offline
menu_item:488453,MenuItem,Cơm gà lọc xương sốt cay ngọt,cơm gà lọc xương sốt cay ngọt,kg_20260602_172448,offline
menu_item:488454,MenuItem,Cơm gà lọc xương sốt BBQ,cơm gà lọc xương sốt bbq,kg_20260602_172448,offline
menu_item:488456,MenuItem,Cơm gà lọc xương sốt Teriyaki kiểu Nhật,cơm gà lọc xương sốt teriyaki kiểu nhật,kg_20260602_172448,offline
menu_item:488462,MenuItem,Cơm bò xào sốt tiêu đen,cơm bò xào sốt tiêu đen,kg_20260602_172448,offline
menu_item:5539406,MenuItem,Gà giòn giòn,gà giòn giòn,kg_20260602_172448,offline
menu_item:488465,MenuItem,Combo 1 Gà + 1 nước,combo 1 gà + 1 nước,kg_20260602_172448,offline
menu_item:488467,MenuItem,Combo 2 gà + 1 nước,combo 2 gà + 1 nước,kg_20260602_172448,offline
menu_item:2046065,MenuItem,Cơm sườn thăn chiên xù Nhật + Coca,cơm sườn thăn chiên xù nhật + coca,kg_20260602_172448,offline
menu_item:2046067,MenuItem,Cơm gà lọc xương sốt BBQ + Coca,cơm gà lọc xương sốt bbq + coca,kg_20260602_172448,offline
menu_item:2046069,MenuItem,Cơm gà lọc xương sốt teriyaki + Coca,cơm gà lọc xương sốt teriyaki + coca,kg_20260602_172448,offline
menu_item:2046072,MenuItem,Cơm gà lọc xương sốt cay ngọt + Coca,cơm gà lọc xương sốt cay ngọt + coca,kg_20260602_172448,offline
menu_item:2046074,MenuItem,Cơm bò xào sốt tiêu đen + Coca,cơm bò xào sốt tiêu đen + coca,kg_20260602_172448,offline
menu_item:4077497,MenuItem,Cơm gà lọc xương sốt Bbq + Pepsi,cơm gà lọc xương sốt bbq + pepsi,kg_20260602_172448,offline
menu_item:488463,MenuItem,Cơm sườn thăn chiên xù Nhật + pepsi,cơm sườn thăn chiên xù nhật + pepsi,kg_20260602_172448,offline
menu_item:488464,MenuItem,Cơm gà lọc xương sốt cay ngọt +pepsi,cơm gà lọc xương sốt cay ngọt +pepsi,kg_20260602_172448,offline
menu_item:488466,MenuItem,Cơm gà lọc xương sốt Teriyaki kiểu Nhật + pepsi,cơm gà lọc xương sốt teriyaki kiểu nhật + pepsi,kg_20260602_172448,offline
menu_item:488468,MenuItem,Cơm bò xào sốt tiêu đen + 1 chai pepsi,cơm bò xào sốt tiêu đen + 1 chai pepsi,kg_20260602_172448,offline
menu_item:9359634,MenuItem,Cháo cao lớn Ghẹ hấp quinoa,cháo cao lớn ghẹ hấp quinoa,kg_20260602_172448,offline
menu_item:9359641,MenuItem,Cháo tăng cân Sườn hầm sen dừa,cháo tăng cân sườn hầm sen dừa,kg_20260602_172448,offline
menu_item:9359650,MenuItem,Cháo tiêu hoá Gà tiềm sen táo đỏ,cháo tiêu hoá gà tiềm sen táo đỏ,kg_20260602_172448,offline
menu_item:11561696,MenuItem,Cháo tăng cân Vai heo sốt đậu đỏ (Mới),cháo tăng cân vai heo sốt đậu đỏ (mới),kg_20260602_172448,offline
menu_item:9357081,MenuItem,Set lạnh - Mỳ ý sốt bò bằm (Có gia vị),set lạnh - mỳ ý sốt bò bằm (có gia vị),kg_20260602_172448,offline
menu_item:9357082,MenuItem,Set lạnh - Nui sốt kem tôm (Có gia vị),set lạnh - nui sốt kem tôm (có gia vị),kg_20260602_172448,offline
menu_item:9360010,MenuItem,Set lạnh - Nui cá hồi sốt phô mai (Có gia vị),set lạnh - nui cá hồi sốt phô mai (có gia vị),kg_20260602_172448,offline
menu_item:11560826,MenuItem,Set lạnh - Nui sốt tôm bơ (Có gia vị),set lạnh - nui sốt tôm bơ (có gia vị),kg_20260602_172448,offline
menu_item:11560840,MenuItem,Set lạnh - Mỳ heo xay sốt xá xíu (Có gia vị),set lạnh - mỳ heo xay sốt xá xíu (có gia vị),kg_20260602_172448,offline
menu_item:11709515,MenuItem,Bún Đùi heo nấm hương,bún đùi heo nấm hương,kg_20260602_172448,offline
menu_item:11709523,MenuItem,Bún Sườn hầm bí đỏ,bún sườn hầm bí đỏ,kg_20260602_172448,offline
menu_item:11709527,MenuItem,Phở Bò băm cà rốt,phở bò băm cà rốt,kg_20260602_172448,offline
menu_item:11709532,MenuItem,Phở Gà xào bắp cải,phở gà xào bắp cải,kg_20260602_172448,offline
menu_item:11709537,MenuItem,Phở Tim gà hạt sen,phở tim gà hạt sen,kg_20260602_172448,offline
menu_item:11567184,MenuItem,Súp.KGV-Sườn đậu ngự bí đỏ,súp.kgv-sườn đậu ngự bí đỏ,kg_20260602_172448,offline
menu_item:11567196,MenuItem,Súp.KGV-Gà hạt sen quinoa,súp.kgv-gà hạt sen quinoa,kg_20260602_172448,offline
menu_item:11567206,MenuItem,Súp.KGV-Tôm đậu lăng yến mạch,súp.kgv-tôm đậu lăng yến mạch,kg_20260602_172448,offline
menu_item:11567210,MenuItem,Súp.KGV-Đùi heo đậu đỏ,súp.kgv-đùi heo đậu đỏ,kg_20260602_172448,offline
menu_item:11567232,MenuItem,Súp thô.KGV-Cá hồi đậu lăng,súp thô.kgv-cá hồi đậu lăng,kg_20260602_172448,offline
menu_item:11567238,MenuItem,Súp thô.KGV-Sườn nui,súp thô.kgv-sườn nui,kg_20260602_172448,offline
menu_item:11567244,MenuItem,Súp thô.KGV-Bồ câu quinoa,súp thô.kgv-bồ câu quinoa,kg_20260602_172448,offline
menu_item:11567253,MenuItem,Súp thô.KGV-Lươn nấm đông cô,súp thô.kgv-lươn nấm đông cô,kg_20260602_172448,offline
menu_item:11567257,MenuItem,Súp thô.KGV-Tôm rong biển,súp thô.kgv-tôm rong biển,kg_20260602_172448,offline
menu_item:9366052,MenuItem,Nhân thô-Bò hầm tứ sắc,nhân thô-bò hầm tứ sắc,kg_20260602_172448,offline
menu_item:9366055,MenuItem,Nhân thô-Heo xào sen ngô,nhân thô-heo xào sen ngô,kg_20260602_172448,offline
menu_item:9366058,MenuItem,Nhân thô-Bò hầm đậu ngự,nhân thô-bò hầm đậu ngự,kg_20260602_172448,offline
menu_item:9366059,MenuItem,Nhân thô-Sườn hầm sen dừa,nhân thô-sườn hầm sen dừa,kg_20260602_172448,offline
menu_item:9366061,MenuItem,Nhân thô-Đùi heo hầm tứ bảo,nhân thô-đùi heo hầm tứ bảo,kg_20260602_172448,offline
menu_item:11600793,MenuItem,Nhân thô-Heo đậu xanh táo đỏ,nhân thô-heo đậu xanh táo đỏ,kg_20260602_172448,offline
menu_item:11600797,MenuItem,Nhân thô-Heo hầm hạt điều,nhân thô-heo hầm hạt điều,kg_20260602_172448,offline
menu_item:11600799,MenuItem,Nhân thô-Bò hầm hạt sen,nhân thô-bò hầm hạt sen,kg_20260602_172448,offline
menu_item:11709544,MenuItem,Heo bằm sốt cà chua,heo bằm sốt cà chua,kg_20260602_172448,offline
menu_item:9366063,MenuItem,Nhân thô-Vịt tiềm đậu xanh,nhân thô-vịt tiềm đậu xanh,kg_20260602_172448,offline
menu_item:9366065,MenuItem,Nhân thô-Tim hầm đậu đỏ,nhân thô-tim hầm đậu đỏ,kg_20260602_172448,offline
menu_item:9366068,MenuItem,Nhân thô-Bồ câu tiềm long nhãn,nhân thô-bồ câu tiềm long nhãn,kg_20260602_172448,offline
menu_item:9366070,MenuItem,Nhân thô-Bồ câu củ sen,nhân thô-bồ câu củ sen,kg_20260602_172448,offline
menu_item:11600803,MenuItem,Nhân thô-Gà tiềm sen táo đỏ,nhân thô-gà tiềm sen táo đỏ,kg_20260602_172448,offline
menu_item:11600807,MenuItem,Nhân thô-Gà đen hầm củ sen,nhân thô-gà đen hầm củ sen,kg_20260602_172448,offline
menu_item:11600809,MenuItem,Nhân thô-Tim om hạnh nhân,nhân thô-tim om hạnh nhân,kg_20260602_172448,offline
menu_item:9366073,MenuItem,Nhân thô-Ghẹ hấp quinoa,nhân thô-ghẹ hấp quinoa,kg_20260602_172448,offline
menu_item:9366074,MenuItem,Nhân thô-Tôm ngào bơ tỏi,nhân thô-tôm ngào bơ tỏi,kg_20260602_172448,offline
menu_item:9366078,MenuItem,Nhân thô-Tôm nấu quinoa,nhân thô-tôm nấu quinoa,kg_20260602_172448,offline
menu_item:9366079,MenuItem,Nhân thô-Lươn đảo cốt dừa,nhân thô-lươn đảo cốt dừa,kg_20260602_172448,offline
menu_item:11600812,MenuItem,Nhân thô-Bào ngư rong biển,nhân thô-bào ngư rong biển,kg_20260602_172448,offline
menu_item:745857,MenuItem,Cơm đùi gà kèm cam ép,cơm đùi gà kèm cam ép,kg_20260602_172448,offline
menu_item:745858,MenuItem,Cơm thịt rang cháy cạnh kèm Coca cola,cơm thịt rang cháy cạnh kèm coca cola,kg_20260602_172448,offline
menu_item:745860,MenuItem,Cơm đùi gà kèm Coca cola,cơm đùi gà kèm coca cola,kg_20260602_172448,offline
menu_item:745861,MenuItem,Cơm cá kho kèm Sprite,cơm cá kho kèm sprite,kg_20260602_172448,offline
menu_item:745865,MenuItem,Cơm thịt rang cháy cạnh đậu sốt,cơm thịt rang cháy cạnh đậu sốt,kg_20260602_172448,offline
menu_item:745866,MenuItem,Cơm thịt kho trứng chả,cơm thịt kho trứng chả,kg_20260602_172448,offline
menu_item:745868,MenuItem,Cơm tôm rang thịt,cơm tôm rang thịt,kg_20260602_172448,offline
menu_item:745869,MenuItem,Cơm đùi gà,cơm đùi gà,kg_20260602_172448,offline
menu_item:745870,MenuItem,Cơm cá kho,cơm cá kho,kg_20260602_172448,offline
menu_item:745871,MenuItem,Cơm gà xào sả ớt,cơm gà xào sả ớt,kg_20260602_172448,offline
menu_item:745872,MenuItem,Cơm gà rang gừng,cơm gà rang gừng,kg_20260602_172448,offline
menu_item:745873,MenuItem,Cơm cá trắm rán,cơm cá trắm rán,kg_20260602_172448,offline
menu_item:745874,MenuItem,Cơm trứng chả xúc xích,cơm trứng chả xúc xích,kg_20260602_172448,offline
menu_item:745875,MenuItem,Cơm gà chua ngọt,cơm gà chua ngọt,kg_20260602_172448,offline
menu_item:6322680,MenuItem,cháo thịt băm,cháo thịt băm,kg_20260602_172448,offline
menu_item:6322682,MenuItem,cháo tim,cháo tim,kg_20260602_172448,offline
menu_item:6322683,MenuItem,cháo tim bầu dục,cháo tim bầu dục,kg_20260602_172448,offline
menu_item:6322684,MenuItem,cháo gà,cháo gà,kg_20260602_172448,offline
menu_item:6322697,MenuItem,cháo bầu dục,cháo bầu dục,kg_20260602_172448,offline
menu_item:6941918,MenuItem,cháo tim thịt băm,cháo tim thịt băm,kg_20260602_172448,offline
menu_item:6322698,MenuItem,mỳ xào tim bầu dục,mỳ xào tim bầu dục,kg_20260602_172448,offline
menu_item:6322700,MenuItem,mỳ xào tim,mỳ xào tim,kg_20260602_172448,offline
menu_item:6322701,MenuItem,mỳ xào bầu dục,mỳ xào bầu dục,kg_20260602_172448,offline
menu_item:6451874,MenuItem,Mì xào bò,mì xào bò,kg_20260602_172448,offline
menu_item:6322784,MenuItem,Mì trộn gà,mì trộn gà,kg_20260602_172448,offline
menu_item:6322785,MenuItem,Mì trộn bò,mì trộn bò,kg_20260602_172448,offline
menu_item:6400352,MenuItem,Mì trộn bầu dục,mì trộn bầu dục,kg_20260602_172448,offline
menu_item:6400353,MenuItem,Mì trộn tim,mì trộn tim,kg_20260602_172448,offline
menu_item:8671178,MenuItem,Mì trộn gà bò,mì trộn gà bò,kg_20260602_172448,offline
menu_item:8671170,MenuItem,Phở trộn gà bò,phở trộn gà bò,kg_20260602_172448,offline
menu_item:8671172,MenuItem,Phở trộn gà,phở trộn gà,kg_20260602_172448,offline
menu_item:8671173,MenuItem,Phở trộn bò,phở trộn bò,kg_20260602_172448,offline
menu_item:8671174,MenuItem,Miến trộn gà bò,miến trộn gà bò,kg_20260602_172448,offline
menu_item:8671175,MenuItem,Miến trộn bò,miến trộn bò,kg_20260602_172448,offline
menu_item:8671177,MenuItem,Miến trộn gà,miến trộn gà,kg_20260602_172448,offline
menu_item:519733,MenuItem,Cơm đảo xíu,cơm đảo xíu,kg_20260602_172448,offline
menu_item:519734,MenuItem,Cơm đảo sườn,cơm đảo sườn,kg_20260602_172448,offline
menu_item:519735,MenuItem,Cơm đảo gà,cơm đảo gà,kg_20260602_172448,offline
menu_item:519736,MenuItem,Cơm đảo cá kho,cơm đảo cá kho,kg_20260602_172448,offline
menu_item:519737,MenuItem,Cơm đảo bò gagu,cơm đảo bò gagu,kg_20260602_172448,offline
menu_item:519738,MenuItem,Cơm xá xíu BBQ truyền thống,cơm xá xíu bbq truyền thống,kg_20260602_172448,offline
menu_item:519739,MenuItem,Cơm sườn nướng BBQ truyền thống,cơm sườn nướng bbq truyền thống,kg_20260602_172448,offline
menu_item:519740,MenuItem,Cơm cá kho BBQ truyền thống,cơm cá kho bbq truyền thống,kg_20260602_172448,offline
menu_item:519741,MenuItem,Cơm đùi gà nướng truyền thống,cơm đùi gà nướng truyền thống,kg_20260602_172448,offline
menu_item:519742,MenuItem,Cơm bò gagu,cơm bò gagu,kg_20260602_172448,offline
menu_item:519717,MenuItem,Combo cơm đảo gà - trứng ốp - coca,combo cơm đảo gà - trứng ốp - coca,kg_20260602_172448,offline
menu_item:519719,MenuItem,Combo cơm đảo cá kho - trứng ốp - coca,combo cơm đảo cá kho - trứng ốp - coca,kg_20260602_172448,offline
menu_item:519720,MenuItem,Combo cơm trắng gà - coca,combo cơm trắng gà - coca,kg_20260602_172448,offline
menu_item:519721,MenuItem,Combo cơm đảo sườn - coca,combo cơm đảo sườn - coca,kg_20260602_172448,offline
menu_item:519722,MenuItem,Combo cơm đảo xá xíu - coca,combo cơm đảo xá xíu - coca,kg_20260602_172448,offline
menu_item:519723,MenuItem,Combo cơm trắng gà - trứng ốp - coca,combo cơm trắng gà - trứng ốp - coca,kg_20260602_172448,offline
menu_item:519724,MenuItem,Combo cơm trắng cá kho - coca,combo cơm trắng cá kho - coca,kg_20260602_172448,offline
menu_item:519725,MenuItem,Combo cơm đảo gà - coca,combo cơm đảo gà - coca,kg_20260602_172448,offline
menu_item:519727,MenuItem,Combo cơm đảo cá kho - coca,combo cơm đảo cá kho - coca,kg_20260602_172448,offline
menu_item:519728,MenuItem,Combo cơm trắng xá xíu - coca,combo cơm trắng xá xíu - coca,kg_20260602_172448,offline
menu_item:519730,MenuItem,Combo cơm đảo bò gagu - coca,combo cơm đảo bò gagu - coca,kg_20260602_172448,offline
menu_item:519731,MenuItem,Combo cơm trắng bò gagu - coca,combo cơm trắng bò gagu - coca,kg_20260602_172448,offline
menu_item:519732,MenuItem,Combo cơm trắng sườn - coca,combo cơm trắng sườn - coca,kg_20260602_172448,offline
menu_item:11260212,MenuItem,Cơm tấm bò kho tiêu,cơm tấm bò kho tiêu,kg_20260602_172448,offline
menu_item:11260213,MenuItem,Cơm tấm cá bông lau kho,cơm tấm cá bông lau kho,kg_20260602_172448,offline
menu_item:11260214,MenuItem,Cơm tấm ba rọi rim mắm,cơm tấm ba rọi rim mắm,kg_20260602_172448,offline
menu_item:11260218,MenuItem,Cơm tấm ba rọi rim mắm bì chả trứng,cơm tấm ba rọi rim mắm bì chả trứng,kg_20260602_172448,offline
menu_item:11260219,MenuItem,Cơm tấm cá bông lau kho bì chả trứng ốp la,cơm tấm cá bông lau kho bì chả trứng ốp la,kg_20260602_172448,offline
menu_item:11260220,MenuItem,Cơm tấm ba rọi nướng muối ớt bì trứng ốp la chả,cơm tấm ba rọi nướng muối ớt bì trứng ốp la chả,kg_20260602_172448,offline
menu_item:11260221,MenuItem,Cơm tấm sườn cốt lết nướng bì trứng ốp chả,cơm tấm sườn cốt lết nướng bì trứng ốp chả,kg_20260602_172448,offline
menu_item:11260222,MenuItem,Cơm tấm ba rọi rim mắm đặc biệt,cơm tấm ba rọi rim mắm đặc biệt,kg_20260602_172448,offline
menu_item:11260223,MenuItem,Cơm tấm cá bông lau kho đặc biệt,cơm tấm cá bông lau kho đặc biệt,kg_20260602_172448,offline
menu_item:11260224,MenuItem,Cơm tấm bò kho tiêu đặc biệt,cơm tấm bò kho tiêu đặc biệt,kg_20260602_172448,offline
menu_item:11260225,MenuItem,Cơm tấm ba rọi nướng muối ớt đặc biệt,cơm tấm ba rọi nướng muối ớt đặc biệt,kg_20260602_172448,offline
menu_item:11260226,MenuItem,Cơm tấm sườn cốt lết nướng đặc biệt,cơm tấm sườn cốt lết nướng đặc biệt,kg_20260602_172448,offline
menu_item:2135839,MenuItem,Cơm Tấm Sườn Nướng,cơm tấm sườn nướng,kg_20260602_172448,offline
menu_item:2135953,MenuItem,"Cơm Tấm Sườn, Chả","cơm tấm sườn, chả",kg_20260602_172448,offline
menu_item:2135954,MenuItem,"Cơm Tấm Sườn, Ốp La","cơm tấm sườn, ốp la",kg_20260602_172448,offline
menu_item:2135955,MenuItem,"Cơm Tấm Sườn, Bì, Chả","cơm tấm sườn, bì, chả",kg_20260602_172448,offline
menu_item:2135956,MenuItem,"Cơm Tấm Sườn, Bì, Ốp La","cơm tấm sườn, bì, ốp la",kg_20260602_172448,offline
menu_item:2135957,MenuItem,"Cơm Tấm Sườn, Chả, Ốp La","cơm tấm sườn, chả, ốp la",kg_20260602_172448,offline
menu_item:2135958,MenuItem,"Cơm Tấm (Đầy Đủ) Sườn, Bì, Chả, Ốp La","cơm tấm (đầy đủ) sườn, bì, chả, ốp la",kg_20260602_172448,offline
menu_item:4045482,MenuItem,"Cơm Tấm Sườn, Bì","cơm tấm sườn, bì",kg_20260602_172448,offline
menu_item:2922537,MenuItem,"Cơm Tấm Ba Rọi, Chả, Ốp La","cơm tấm ba rọi, chả, ốp la",kg_20260602_172448,offline
menu_item:2922539,MenuItem,"Cơm Tấm Ba Rọi, Bì, Ốp La","cơm tấm ba rọi, bì, ốp la",kg_20260602_172448,offline
menu_item:2922541,MenuItem,"Cơm Tấm Ba Rọi, Bì, Chả","cơm tấm ba rọi, bì, chả",kg_20260602_172448,offline
menu_item:2927563,MenuItem,Cơm Tấm Ba Rọi Nướng,cơm tấm ba rọi nướng,kg_20260602_172448,offline
menu_item:2654265,MenuItem,Phở gà trộn truyền thống,phở gà trộn truyền thống,kg_20260602_172448,offline
menu_item:2654266,MenuItem,Phở trộn gà quay,phở trộn gà quay,kg_20260602_172448,offline
menu_item:2654267,MenuItem,Phở Trộn Thịt Xá Xíu Chua Ngọt,phở trộn thịt xá xíu chua ngọt,kg_20260602_172448,offline
menu_item:2654268,MenuItem,Phở gà nước,phở gà nước,kg_20260602_172448,offline
menu_item:2654269,MenuItem,Miến trộn gà quay chua ngọt,miến trộn gà quay chua ngọt,kg_20260602_172448,offline
menu_item:2654270,MenuItem,Miến Trộn Thịt Xá Xíu Chua Ngọt,miến trộn thịt xá xíu chua ngọt,kg_20260602_172448,offline
menu_item:2654271,MenuItem,Phở Gà Bò Tái Lăn,phở gà bò tái lăn,kg_20260602_172448,offline
menu_item:2654272,MenuItem,Phở Gà Xá Xíu,phở gà xá xíu,kg_20260602_172448,offline
menu_item:2654273,MenuItem,Phở Bò Tái Lăn,phở bò tái lăn,kg_20260602_172448,offline
menu_item:2654274,MenuItem,Gà Quay Ăn thêm(100gram),gà quay ăn thêm(100gram),kg_20260602_172448,offline
menu_item:388175,MenuItem,Cơm Gà Sốt Chua Ngọt,cơm gà sốt chua ngọt,kg_20260602_172448,offline
menu_item:388176,MenuItem,Cơm Gà Chiên Mắm,cơm gà chiên mắm,kg_20260602_172448,offline
menu_item:388177,MenuItem,Cơm Thịt Rang,cơm thịt rang,kg_20260602_172448,offline
menu_item:388178,MenuItem,"Cơm Sườn Xào Chua Ngọt, Trứng Ốp La","cơm sườn xào chua ngọt, trứng ốp la",kg_20260602_172448,offline
menu_item:388179,MenuItem,Cơm Thịt Xào Cần Tỏi,cơm thịt xào cần tỏi,kg_20260602_172448,offline
menu_item:388180,MenuItem,Cơm Gà Xào Sả Ớt,cơm gà xào sả ớt,kg_20260602_172448,offline
menu_item:388181,MenuItem,Cơm Cá biển sốt mặn ngọt,cơm cá biển sốt mặn ngọt,kg_20260602_172448,offline
menu_item:388182,MenuItem,Cơm Thịt Kho,cơm thịt kho,kg_20260602_172448,offline
menu_item:388183,MenuItem,Cơm Thịt Xào Sả Ớt,cơm thịt xào sả ớt,kg_20260602_172448,offline
menu_item:388184,MenuItem,Cơm Gà Xào Nấm,cơm gà xào nấm,kg_20260602_172448,offline
menu_item:388185,MenuItem,Cơm Gà Kho Gừng Sả,cơm gà kho gừng sả,kg_20260602_172448,offline
menu_item:388187,MenuItem,Combo 1 (Cơm Gà Chiên Mắm + Coca Hoặc Pepsi),combo 1 (cơm gà chiên mắm + coca hoặc pepsi),kg_20260602_172448,offline
menu_item:388188,MenuItem,Combo 13: Cơm Gà Chua Ngọt + Coca hoặc Pepsi,combo 13: cơm gà chua ngọt + coca hoặc pepsi,kg_20260602_172448,offline
menu_item:388189,MenuItem,Combo 2 (Cơm Thịt Rang +Coca hoặc Pepsi),combo 2 (cơm thịt rang +coca hoặc pepsi),kg_20260602_172448,offline
menu_item:388190,MenuItem,Combo 3 (Cơm Gà Xào Sả Ớt +Coca hoặc Pepsi),combo 3 (cơm gà xào sả ớt +coca hoặc pepsi),kg_20260602_172448,offline
menu_item:388191,MenuItem,Combo 4 (Cơm Gà Xào Nấm +Coca hoặc Pepsi),combo 4 (cơm gà xào nấm +coca hoặc pepsi),kg_20260602_172448,offline
menu_item:388198,MenuItem,Combo 7: Cơm Thịt Gà Xào Sả Ớt + 01 Miếng Gà Chiên Mắm + Cocacola (Hoặc Đồ Uống Tương Đương),combo 7: cơm thịt gà xào sả ớt + 01 miếng gà chiên mắm + cocacola (hoặc đồ uống tương đương),kg_20260602_172448,offline
menu_item:388199,MenuItem,Combo 9: Cơm Thịt Xào Cần Tỏi + 01 Miếng Gà Chiên Mắm + Cocacola (Hoặc Đồ Uống Tương Đương),combo 9: cơm thịt xào cần tỏi + 01 miếng gà chiên mắm + cocacola (hoặc đồ uống tương đương),kg_20260602_172448,offline
menu_item:388200,MenuItem,Combo 10: Cơm Thịt Xào Sả Ớt + 01 Miếng Gà Chiên Mắm + Cocacola (Hoặc Đồ Uống Tương Đương),combo 10: cơm thịt xào sả ớt + 01 miếng gà chiên mắm + cocacola (hoặc đồ uống tương đương),kg_20260602_172448,offline
menu_item:11838381,MenuItem,Gà nguyên con rán giòn truyền thống không cay,gà nguyên con rán giòn truyền thống không cay,kg_20260602_172448,offline
menu_item:11838383,MenuItem,Gà nửa con sốt kem hành,gà nửa con sốt kem hành,kg_20260602_172448,offline
menu_item:11838384,MenuItem,Gà nửa con mix 4,gà nửa con mix 4,kg_20260602_172448,offline
menu_item:11838385,MenuItem,Gà nửa con mix 3,gà nửa con mix 3,kg_20260602_172448,offline
menu_item:11838386,MenuItem,Gà nửa con mix 2,gà nửa con mix 2,kg_20260602_172448,offline
menu_item:11838387,MenuItem,Gà nửa con sốt cay ngọt Hàn Quốc,gà nửa con sốt cay ngọt hàn quốc,kg_20260602_172448,offline
menu_item:11838388,MenuItem,Gà nửa con rán giòn truyền thống,gà nửa con rán giòn truyền thống,kg_20260602_172448,offline
menu_item:11838389,MenuItem,Gà nửa con mix 1,gà nửa con mix 1,kg_20260602_172448,offline
menu_item:11838390,MenuItem,Combo 5 cánh gà sốt cay ngọt Hàn Quốc,combo 5 cánh gà sốt cay ngọt hàn quốc,kg_20260602_172448,offline
menu_item:11838391,MenuItem,Combo 5 đùi gà sốt cay ngọt Hàn Quốc,combo 5 đùi gà sốt cay ngọt hàn quốc,kg_20260602_172448,offline
menu_item:11838392,MenuItem,Combo 5 cánh gà rán,combo 5 cánh gà rán,kg_20260602_172448,offline
menu_item:11838393,MenuItem,Combo 5 đùi gà rán,combo 5 đùi gà rán,kg_20260602_172448,offline
menu_item:11838398,MenuItem,Gà cốc sốt phomai trứng muối,gà cốc sốt phomai trứng muối,kg_20260602_172448,offline
menu_item:11838399,MenuItem,Gà cốc sốt kem hành,gà cốc sốt kem hành,kg_20260602_172448,offline
menu_item:11838400,MenuItem,Gà cốc phủ phomai,gà cốc phủ phomai,kg_20260602_172448,offline
menu_item:11838401,MenuItem,Gà cốc sốt xì dầu tỏi,gà cốc sốt xì dầu tỏi,kg_20260602_172448,offline
menu_item:11838402,MenuItem,Gà cốc sốt mù tạt mật ong,gà cốc sốt mù tạt mật ong,kg_20260602_172448,offline
menu_item:11838403,MenuItem,Gà cốc sốt cay ngọt Hàn Quốc,gà cốc sốt cay ngọt hàn quốc,kg_20260602_172448,offline
menu_item:11838404,MenuItem,Gà cốc lắc phomai,gà cốc lắc phomai,kg_20260602_172448,offline
menu_item:11838405,MenuItem,Gà cốc sốt rose,gà cốc sốt rose,kg_20260602_172448,offline
menu_item:11838406,MenuItem,Ức gà rút xương chiên tokbokki sốt cay ngọt - size nhỡ 2 nguời,ức gà rút xương chiên tokbokki sốt cay ngọt - size nhỡ 2 nguời,kg_20260602_172448,offline
menu_item:11763891,MenuItem,Ưu Đãi Tháng 05,ưu đãi tháng 05,kg_20260602_172448,offline
menu_item:9794410,MenuItem,TIỆN LỢI 53K,tiện lợi 53k,kg_20260602_172448,offline
menu_item:9794411,MenuItem,TIỆN LỢI 59K,tiện lợi 59k,kg_20260602_172448,offline
menu_item:9794412,MenuItem,TIỆN LỢI 70K,tiện lợi 70k,kg_20260602_172448,offline
menu_item:443705,MenuItem,Gà Rán 1 Miếng,gà rán 1 miếng,kg_20260602_172448,offline
menu_item:2620061,MenuItem,Gà Rán Phần.,gà rán phần.,kg_20260602_172448,offline
menu_item:4406151,MenuItem,Gà Sốt HS Phần.,gà sốt hs phần.,kg_20260602_172448,offline
menu_item:4406152,MenuItem,Gà Sốt Đậu Phần.,gà sốt đậu phần.,kg_20260602_172448,offline
menu_item:4406153,MenuItem,Gà Sốt Phô Mai Phần.,gà sốt phô mai phần.,kg_20260602_172448,offline
menu_item:4406155,MenuItem,Gà Sốt Đậu 1 Miếng,gà sốt đậu 1 miếng,kg_20260602_172448,offline
menu_item:4406156,MenuItem,Gà Sốt HS 1 Miếng,gà sốt hs 1 miếng,kg_20260602_172448,offline
menu_item:4406157,MenuItem,Gà Sốt Phô Mai 1 Miếng,gà sốt phô mai 1 miếng,kg_20260602_172448,offline
menu_item:444064,MenuItem,Mì Ý Thịt Bằm (L),mì ý thịt bằm (l),kg_20260602_172448,offline
menu_item:444098,MenuItem,Cơm Thịt Bò,cơm thịt bò,kg_20260602_172448,offline
menu_item:2620947,MenuItem,Mì Ý Thịt Bằm (M),mì ý thịt bằm (m),kg_20260602_172448,offline
menu_item:3756170,MenuItem,Cơm Teri LChicken,cơm teri lchicken,kg_20260602_172448,offline
menu_item:4406875,MenuItem,Cơm Gà Sốt Đậu,cơm gà sốt đậu,kg_20260602_172448,offline
menu_item:4406876,MenuItem,Cơm Gà Sốt HS,cơm gà sốt hs,kg_20260602_172448,offline
menu_item:4406877,MenuItem,Cơm Gà Sốt Phô Mai,cơm gà sốt phô mai,kg_20260602_172448,offline
menu_item:9597504,MenuItem,Mì Ý Thịt Bò (M),mì ý thịt bò (m),kg_20260602_172448,offline
menu_item:9597505,MenuItem,Mì Ý Thịt Bò (L),mì ý thịt bò (l),kg_20260602_172448,offline
menu_item:443891,MenuItem,Burger Double Double,burger double double,kg_20260602_172448,offline
menu_item:443982,MenuItem,Burger Bulgogi,burger bulgogi,kg_20260602_172448,offline
menu_item:443985,MenuItem,Burger Tôm,burger tôm,kg_20260602_172448,offline
menu_item:444002,MenuItem,Burger Phô Mai,burger phô mai,kg_20260602_172448,offline
menu_item:444003,MenuItem,Combo Burger Phô Mai,combo burger phô mai,kg_20260602_172448,offline
menu_item:444059,MenuItem,Burger Bò Teriyaki,burger bò teriyaki,kg_20260602_172448,offline
menu_item:444060,MenuItem,Combo Burger Bò Teriyaki,combo burger bò teriyaki,kg_20260602_172448,offline
menu_item:2620718,MenuItem,Burger LChicken,burger lchicken,kg_20260602_172448,offline
menu_item:11696207,MenuItem,Burger Sườn Sài Gòn,burger sườn sài gòn,kg_20260602_172448,offline
menu_item:11696357,MenuItem,Combo Burger Sườn Sài Gòn,combo burger sườn sài gòn,kg_20260602_172448,offline
menu_item:444102,MenuItem,Khoai Tây Lắc (Phô Mai),khoai tây lắc (phô mai),kg_20260602_172448,offline
menu_item:444104,MenuItem,Gà Lắc (Phô Mai),gà lắc (phô mai),kg_20260602_172448,offline
menu_item:444105,MenuItem,Phô Mai Que,phô mai que,kg_20260602_172448,offline
menu_item:444181,MenuItem,Mực Rán (3 miếng),mực rán (3 miếng),kg_20260602_172448,offline
menu_item:6407543,MenuItem,Gà Miếng Nuggets (3 miếng),gà miếng nuggets (3 miếng),kg_20260602_172448,offline
menu_item:6407545,MenuItem,Màn Thầu Chiên,màn thầu chiên,kg_20260602_172448,offline
menu_item:10138513,MenuItem,Thanh cua (3 miếng),thanh cua (3 miếng),kg_20260602_172448,offline
menu_item:10258497,MenuItem,Cơm Ly Cháy Tỏi,cơm ly cháy tỏi,kg_20260602_172448,offline
menu_item:9491209,MenuItem,Gà Popcorn Truyền Thống (Size M),gà popcorn truyền thống (size m),kg_20260602_172448,offline
menu_item:9491211,MenuItem,Gà Popcorn Sốt Teriyaki (Size M),gà popcorn sốt teriyaki (size m),kg_20260602_172448,offline
menu_item:9491213,MenuItem,Gà Popcorn Sốt Kem (Size M),gà popcorn sốt kem (size m),kg_20260602_172448,offline
menu_item:9491216,MenuItem,Gà Popcorn Sốt Mù Tạt Mật Ong (Size M),gà popcorn sốt mù tạt mật ong (size m),kg_20260602_172448,offline
menu_item:9491219,MenuItem,Gà Popcorn Sốt Tương Tỏi (Size M),gà popcorn sốt tương tỏi (size m),kg_20260602_172448,offline
menu_item:9491221,MenuItem,Gà Popcorn Phô mai Trứng Muối (Size M),gà popcorn phô mai trứng muối (size m),kg_20260602_172448,offline
menu_item:9491224,MenuItem,Gà Popcorn Chua Ngọt (Size M),gà popcorn chua ngọt (size m),kg_20260602_172448,offline
menu_item:9491226,MenuItem,Gà Popcorn Lắc Phô mai (size M),gà popcorn lắc phô mai (size m),kg_20260602_172448,offline
menu_item:2960526,MenuItem,Gà popcorn chua ngọt,gà popcorn chua ngọt,kg_20260602_172448,offline
menu_item:2960527,MenuItem,Gà popcorn truyền thống,gà popcorn truyền thống,kg_20260602_172448,offline
menu_item:2960528,MenuItem,Gà popcorn lắc phô mai,gà popcorn lắc phô mai,kg_20260602_172448,offline
menu_item:2960529,MenuItem,Gà popcorn sốt mù tạt mật ong,gà popcorn sốt mù tạt mật ong,kg_20260602_172448,offline
menu_item:2960530,MenuItem,Gà popcorn sốt kem,gà popcorn sốt kem,kg_20260602_172448,offline
menu_item:2960531,MenuItem,Gà mix nửa con - 2 Coca hoặc Pepsi (Nửa truyền thống - Nửa chua ngọt),gà mix nửa con - 2 coca hoặc pepsi (nửa truyền thống - nửa chua ngọt),kg_20260602_172448,offline
menu_item:2960532,MenuItem,Gà mix nửa con (Nửa chua ngọt - Nửa mù tạt mật ong),gà mix nửa con (nửa chua ngọt - nửa mù tạt mật ong),kg_20260602_172448,offline
menu_item:2960533,MenuItem,Gà mix nửa con (Nửa mù tạt mật ong - Nửa sốt kem),gà mix nửa con (nửa mù tạt mật ong - nửa sốt kem),kg_20260602_172448,offline
menu_item:2960534,MenuItem,Gà mix nửa con (Nửa chua ngọt - Nửa sốt kem),gà mix nửa con (nửa chua ngọt - nửa sốt kem),kg_20260602_172448,offline
menu_item:2960535,MenuItem,Gà mix nửa con (Nửa truyền thống - Nửa chua ngọt),gà mix nửa con (nửa truyền thống - nửa chua ngọt),kg_20260602_172448,offline
menu_item:2960536,MenuItem,Gà mix nửa con - 2 coca hoặc pepsi (Nửa chua ngọt - Nửa mù tạt mật ong),gà mix nửa con - 2 coca hoặc pepsi (nửa chua ngọt - nửa mù tạt mật ong),kg_20260602_172448,offline
menu_item:2960537,MenuItem,Gà mix nửa con (Nửa truyền thống - Nửa sốt tương tỏi),gà mix nửa con (nửa truyền thống - nửa sốt tương tỏi),kg_20260602_172448,offline
menu_item:2960538,MenuItem,Gà mix nửa con - 2 coca hoặc pepsi (Nửa truyền thống - Nửa mù tạt mật ong),gà mix nửa con - 2 coca hoặc pepsi (nửa truyền thống - nửa mù tạt mật ong),kg_20260602_172448,offline
menu_item:4271095,MenuItem,Mix Nửa Con ( Nửa truyền thống - Nửa Sốt phô mai trứng muối),mix nửa con ( nửa truyền thống - nửa sốt phô mai trứng muối),kg_20260602_172448,offline
menu_item:2960539,MenuItem,Gà sốt chua ngọt nửa con,gà sốt chua ngọt nửa con,kg_20260602_172448,offline
menu_item:2960540,MenuItem,Gà sốt mù tạt mật ong nửa con,gà sốt mù tạt mật ong nửa con,kg_20260602_172448,offline
menu_item:2960541,MenuItem,Gà truyền thống nửa con,gà truyền thống nửa con,kg_20260602_172448,offline
menu_item:2960542,MenuItem,Gà rán phomai tuyết nửa con,gà rán phomai tuyết nửa con,kg_20260602_172448,offline
menu_item:2960543,MenuItem,Gà sốt kem nửa con,gà sốt kem nửa con,kg_20260602_172448,offline
menu_item:2960544,MenuItem,Gà sốt tương tỏi nửa con,gà sốt tương tỏi nửa con,kg_20260602_172448,offline
menu_item:4271107,MenuItem,Gà Sốt Phô Mai Trứng Muối Nửa Con,gà sốt phô mai trứng muối nửa con,kg_20260602_172448,offline
menu_item:2960560,MenuItem,Mề gà rán,mề gà rán,kg_20260602_172448,offline
menu_item:3032624,MenuItem,Bánh gạo chiên sốt chua ngọt,bánh gạo chiên sốt chua ngọt,kg_20260602_172448,offline
menu_item:4025876,MenuItem,Bánh Gạo Lắc Phomai,bánh gạo lắc phomai,kg_20260602_172448,offline
menu_item:4275185,MenuItem,Gà Popcorn + 1 Pepsi,gà popcorn + 1 pepsi,kg_20260602_172448,offline
menu_item:9323012,MenuItem,Phở lườn,phở lườn,kg_20260602_172448,offline
menu_item:9323013,MenuItem,Phở lẫn,phở lẫn,kg_20260602_172448,offline
menu_item:9323014,MenuItem,Phở đùi,phở đùi,kg_20260602_172448,offline
menu_item:9323015,MenuItem,Phở cánh,phở cánh,kg_20260602_172448,offline
menu_item:9619297,MenuItem,Phở gà đặc biệt,phở gà đặc biệt,kg_20260602_172448,offline
menu_item:9323016,MenuItem,Cơm gà thường,cơm gà thường,kg_20260602_172448,offline
menu_item:9323017,MenuItem,Cơm gà đặc biệt,cơm gà đặc biệt,kg_20260602_172448,offline
menu_item:9619858,MenuItem,Bún gà đặc biệt,bún gà đặc biệt,kg_20260602_172448,offline
menu_item:9619861,MenuItem,Bún gà đùi,bún gà đùi,kg_20260602_172448,offline
menu_item:9619863,MenuItem,Bún gà lẫn,bún gà lẫn,kg_20260602_172448,offline
menu_item:9619914,MenuItem,Bún Gà Lườn,bún gà lườn,kg_20260602_172448,offline
menu_item:9619937,MenuItem,Miến Đặc Biệt,miến đặc biệt,kg_20260602_172448,offline
menu_item:9619941,MenuItem,Miến Đùi,miến đùi,kg_20260602_172448,offline
menu_item:9619943,MenuItem,Miến Lẫn,miến lẫn,kg_20260602_172448,offline
menu_item:1049131,MenuItem,Bánh mì Muối Ớt (suất vừa - 2 phần ),bánh mì muối ớt (suất vừa - 2 phần ),kg_20260602_172448,offline
menu_item:1049132,MenuItem,Suất double ( 1 phần nướng sốt + 1 phần muối ớt),suất double ( 1 phần nướng sốt + 1 phần muối ớt),kg_20260602_172448,offline
menu_item:1049133,MenuItem,Bánh mì Nướng Sốt ( suất vừa - 2 phần - kem trứng phô mai),bánh mì nướng sốt ( suất vừa - 2 phần - kem trứng phô mai),kg_20260602_172448,offline
menu_item:1049134,MenuItem,Bánh mì muối ớt ( suất bé - 1 phần ),bánh mì muối ớt ( suất bé - 1 phần ),kg_20260602_172448,offline
menu_item:1049135,MenuItem,Bánh mì nướng sốt ( suất bé - 1 phần,bánh mì nướng sốt ( suất bé - 1 phần,kg_20260602_172448,offline
menu_item:5114521,MenuItem,Bánh Quy Chấm Sốt ( Suất 1 kem + 1 bánh),bánh quy chấm sốt ( suất 1 kem + 1 bánh),kg_20260602_172448,offline
menu_item:5114524,MenuItem,Bánh Quy Chấm Sốt ( Suất 2 kem - 1 bánh),bánh quy chấm sốt ( suất 2 kem - 1 bánh),kg_20260602_172448,offline
menu_item:5114527,MenuItem,Bánh Quy Chấm Sốt ( Suất 3 kem + 1 bánh),bánh quy chấm sốt ( suất 3 kem + 1 bánh),kg_20260602_172448,offline
menu_item:5017268,MenuItem,Kem Trứng + Bánh Mì Nướng (1 suất 2 trứng + 2 bánh),kem trứng + bánh mì nướng (1 suất 2 trứng + 2 bánh),kg_20260602_172448,offline
menu_item:5017270,MenuItem,Siêu Kem Trứng + Bánh Mì Nướng (1 suất 3 trứng + 2 bánh ),siêu kem trứng + bánh mì nướng (1 suất 3 trứng + 2 bánh ),kg_20260602_172448,offline
menu_item:5017272,MenuItem,Kem Trứng Cacao + Bánh Mì Nướng (1 suất 2 trứng + 2 bánh),kem trứng cacao + bánh mì nướng (1 suất 2 trứng + 2 bánh),kg_20260602_172448,offline
menu_item:5017273,MenuItem,Siêu Kem Trứng Cacao + Bánh Mì Nướng (1 suất 3 trứng + 2 bánh ),siêu kem trứng cacao + bánh mì nướng (1 suất 3 trứng + 2 bánh ),kg_20260602_172448,offline
menu_item:1049139,MenuItem,Bánh mì ruốc hành xúc xích,bánh mì ruốc hành xúc xích,kg_20260602_172448,offline
menu_item:1049140,MenuItem,Bánh mì ruốc hành,bánh mì ruốc hành,kg_20260602_172448,offline
menu_item:1049174,MenuItem,Ruốc thịt nguyên chất ( 100gr),ruốc thịt nguyên chất ( 100gr),kg_20260602_172448,offline
menu_item:5993900,MenuItem,Miến gà trộn đặc biệt,miến gà trộn đặc biệt,kg_20260602_172448,offline
menu_item:5993901,MenuItem,Miến trộn gà,miến trộn gà,kg_20260602_172448,offline
menu_item:5993902,MenuItem,Phở gà trộn đặc biệt,phở gà trộn đặc biệt,kg_20260602_172448,offline
menu_item:5993903,MenuItem,Phở gà trộn,phở gà trộn,kg_20260602_172448,offline
menu_item:7244539,MenuItem,Bún Trộn Gà Đặt Biệt,bún trộn gà đặt biệt,kg_20260602_172448,offline
menu_item:7244540,MenuItem,Bún Trộn Gà,bún trộn gà,kg_20260602_172448,offline
menu_item:7244541,MenuItem,Miến Trộn Gà,miến trộn gà,kg_20260602_172448,offline
menu_item:7244542,MenuItem,Miến Trộn Gà Đặt Biệt,miến trộn gà đặt biệt,kg_20260602_172448,offline
menu_item:7244543,MenuItem,Phở Gà Trộn,phở gà trộn,kg_20260602_172448,offline
menu_item:7244544,MenuItem,Phở Gà Trộn Đặt Biệt,phở gà trộn đặt biệt,kg_20260602_172448,offline
menu_item:7244649,MenuItem,Mì bò,mì bò,kg_20260602_172448,offline
menu_item:7244655,MenuItem,Mì bò gà,mì bò gà,kg_20260602_172448,offline
menu_item:10125602,MenuItem,Cơm rang Hawaii,cơm rang hawaii,kg_20260602_172448,offline
menu_item:10125603,MenuItem,Cơm rang thập cẩm - 大盛り炒飯,cơm rang thập cẩm - 大盛り炒飯,kg_20260602_172448,offline
menu_item:10125604,MenuItem,Cơm rang thập cẩm sốt thịt băm cay nhẹ - ピリ辛ひき肉大盛り炒飯,cơm rang thập cẩm sốt thịt băm cay nhẹ - ピリ辛ひき肉大盛り炒飯,kg_20260602_172448,offline
menu_item:10125605,MenuItem,Cơm rang thịt nướng - 焼き肉炒飯,cơm rang thịt nướng - 焼き肉炒飯,kg_20260602_172448,offline
menu_item:10125606,MenuItem,Cơm rang thập cẩm ức gà nướng - グリル若鶏炒飯,cơm rang thập cẩm ức gà nướng - グリル若鶏炒飯,kg_20260602_172448,offline
menu_item:10125607,MenuItem,Cơm rang thập cẩm bò xào,cơm rang thập cẩm bò xào,kg_20260602_172448,offline
menu_item:10125608,MenuItem,Cơm rang cá ngừ - ツナマヨ 炒飯 - best seller,cơm rang cá ngừ - ツナマヨ 炒飯 - best seller,kg_20260602_172448,offline
menu_item:10135546,MenuItem,Cơm rang trứng chảy ruốc,cơm rang trứng chảy ruốc,kg_20260602_172448,offline
menu_item:10135547,MenuItem,Cơm rang trứng chảy sốt thịt băm,cơm rang trứng chảy sốt thịt băm,kg_20260602_172448,offline
menu_item:10125609,MenuItem,B - cơm rang 2 trong 1 - sốt thịt băm - cá ngừ,b - cơm rang 2 trong 1 - sốt thịt băm - cá ngừ,kg_20260602_172448,offline
menu_item:10125610,MenuItem,A - cơm rang 2 trong 1 - thịt nướng - cá ngừ,a - cơm rang 2 trong 1 - thịt nướng - cá ngừ,kg_20260602_172448,offline
menu_item:9656576,MenuItem,Bún chả lẫn,bún chả lẫn,kg_20260602_172448,offline
menu_item:9656575,MenuItem,Bún chả miếng,bún chả miếng,kg_20260602_172448,offline
menu_item:9656574,MenuItem,Bún chả viên,bún chả viên,kg_20260602_172448,offline
menu_item:9749033,MenuItem,Suất bún nem rán,suất bún nem rán,kg_20260602_172448,offline
menu_item:9947702,MenuItem,2 bún chả miếng + 1 coca,2 bún chả miếng + 1 coca,kg_20260602_172448,offline
menu_item:9947703,MenuItem,2 bún chả viên + 1 coca,2 bún chả viên + 1 coca,kg_20260602_172448,offline
menu_item:9947704,MenuItem,2 bún chả lẫn + 1 coca,2 bún chả lẫn + 1 coca,kg_20260602_172448,offline
menu_item:3545944,MenuItem,Gỏi Cuốn tôm thịt Mắm Nêm,gỏi cuốn tôm thịt mắm nêm,kg_20260602_172448,offline
menu_item:3545945,MenuItem,Gỏi cuốn tôm thịt mắm nêm - 1 chiếc,gỏi cuốn tôm thịt mắm nêm - 1 chiếc,kg_20260602_172448,offline
menu_item:3545947,MenuItem,Gỏi cuốn thịt heo chấm mắm nêm,gỏi cuốn thịt heo chấm mắm nêm,kg_20260602_172448,offline
menu_item:3545949,MenuItem,Gỏi cuốn tôm (1 chiếc) chấm mắm nêm,gỏi cuốn tôm (1 chiếc) chấm mắm nêm,kg_20260602_172448,offline
menu_item:3545951,MenuItem,Gỏi cuốn thịt heo mắm nêm,gỏi cuốn thịt heo mắm nêm,kg_20260602_172448,offline
menu_item:6312985,MenuItem,Gỏi cuốn nem nướng( 5 chiếc),gỏi cuốn nem nướng( 5 chiếc),kg_20260602_172448,offline
menu_item:6312986,MenuItem,Heo khô cháy tỏi,heo khô cháy tỏi,kg_20260602_172448,offline
menu_item:6640522,MenuItem,Sét 3 gói cơm cháy mắm hành,sét 3 gói cơm cháy mắm hành,kg_20260602_172448,offline
menu_item:8668863,MenuItem,Bánh cuốn thịt nhiều nhân cuộn tròn chả quế,bánh cuốn thịt nhiều nhân cuộn tròn chả quế,kg_20260602_172448,offline
menu_item:8668864,MenuItem,Bánh cuốn rong biển tôm thịt đặc biệt,bánh cuốn rong biển tôm thịt đặc biệt,kg_20260602_172448,offline
menu_item:8668865,MenuItem,Bánh cuốn thịt nấm nhiều nhân cuộn tròn,bánh cuốn thịt nấm nhiều nhân cuộn tròn,kg_20260602_172448,offline
menu_item:8668866,MenuItem,Bánh cuốn nhân hành phi không chả,bánh cuốn nhân hành phi không chả,kg_20260602_172448,offline
menu_item:8668867,MenuItem,Bánh cuốn gà nấm không chả,bánh cuốn gà nấm không chả,kg_20260602_172448,offline
menu_item:8668868,MenuItem,Bánh cuốn thịt nấm không chả,bánh cuốn thịt nấm không chả,kg_20260602_172448,offline
menu_item:8668869,MenuItem,Bánh cuốn chay không chả,bánh cuốn chay không chả,kg_20260602_172448,offline
menu_item:8668870,MenuItem,Bánh cuốn gà nấm chả quế,bánh cuốn gà nấm chả quế,kg_20260602_172448,offline
menu_item:8668871,MenuItem,Bánh cuốn không nhân có chả,bánh cuốn không nhân có chả,kg_20260602_172448,offline
menu_item:8668873,MenuItem,Bánh cuốn tôm thịt nấm không chả,bánh cuốn tôm thịt nấm không chả,kg_20260602_172448,offline
menu_item:8668874,MenuItem,Bánh cuốn nhân ruốc tôm chả quế,bánh cuốn nhân ruốc tôm chả quế,kg_20260602_172448,offline
menu_item:8668875,MenuItem,Bánh cuốn thịt nấm có chả,bánh cuốn thịt nấm có chả,kg_20260602_172448,offline
menu_item:8668876,MenuItem,Bánh cuốn thịt không chả,bánh cuốn thịt không chả,kg_20260602_172448,offline
menu_item:8668877,MenuItem,Bánh cuốn tôm thịt nấm có chả,bánh cuốn tôm thịt nấm có chả,kg_20260602_172448,offline
menu_item:8668878,MenuItem,Bánh cuốn thịt chả quế,bánh cuốn thịt chả quế,kg_20260602_172448,offline
menu_item:8668879,MenuItem,Bánh cuốn trứng chảy lòng đào,bánh cuốn trứng chảy lòng đào,kg_20260602_172448,offline
menu_item:8691768,MenuItem,Bánh cuốn rong biển cuộn hành phi,bánh cuốn rong biển cuộn hành phi,kg_20260602_172448,offline
menu_item:11799469,MenuItem,Phở bò chín,phở bò chín,kg_20260602_172448,offline
menu_item:11799470,MenuItem,Phở bò tái,phở bò tái,kg_20260602_172448,offline
menu_item:11799471,MenuItem,Phở bò tái chín,phở bò tái chín,kg_20260602_172448,offline
menu_item:11799472,MenuItem,Phở bò tái lăn,phở bò tái lăn,kg_20260602_172448,offline
menu_item:2353515,MenuItem,Phở Gà Trộn,phở gà trộn,kg_20260602_172448,offline
menu_item:2353516,MenuItem,Phở Trộn Đùi Gà,phở trộn đùi gà,kg_20260602_172448,offline
menu_item:2353517,MenuItem,Phở Trộn Thường,phở trộn thường,kg_20260602_172448,offline
menu_item:2353518,MenuItem,Phở Trộn Cánh,phở trộn cánh,kg_20260602_172448,offline
menu_item:2353527,MenuItem,Bún Gà Trộn,bún gà trộn,kg_20260602_172448,offline
menu_item:2353528,MenuItem,Bún Trộn Đùi Gà,bún trộn đùi gà,kg_20260602_172448,offline
menu_item:2353529,MenuItem,Bún Trộn Thường,bún trộn thường,kg_20260602_172448,offline
menu_item:2353530,MenuItem,Bún Trộn Cánh,bún trộn cánh,kg_20260602_172448,offline
menu_item:2353538,MenuItem,Mỳ Gà Trộn,mỳ gà trộn,kg_20260602_172448,offline
menu_item:2353539,MenuItem,Mỳ Trộn Đùi Gà,mỳ trộn đùi gà,kg_20260602_172448,offline
menu_item:2353540,MenuItem,Mỳ Trộn Thường,mỳ trộn thường,kg_20260602_172448,offline
menu_item:2353541,MenuItem,Mỳ Trộn Cánh,mỳ trộn cánh,kg_20260602_172448,offline
menu_item:3409904,MenuItem,Phở Tái Chín,phở tái chín,kg_20260602_172448,offline
menu_item:3409905,MenuItem,Phở Tái Gầu,phở tái gầu,kg_20260602_172448,offline
menu_item:3409906,MenuItem,Phở Tái gầu giòn,phở tái gầu giòn,kg_20260602_172448,offline
menu_item:3409907,MenuItem,Phở Tái,phở tái,kg_20260602_172448,offline
menu_item:3409908,MenuItem,Phở Tái Nạm,phở tái nạm,kg_20260602_172448,offline
menu_item:3409909,MenuItem,Phở Tái Lăn,phở tái lăn,kg_20260602_172448,offline
menu_item:3409910,MenuItem,Phở Tái Tủy,phở tái tủy,kg_20260602_172448,offline
menu_item:3409911,MenuItem,Phở Bò Chín,phở bò chín,kg_20260602_172448,offline
menu_item:3409912,MenuItem,Phở Chín Gầu,phở chín gầu,kg_20260602_172448,offline
menu_item:3409934,MenuItem,Phở Chín Nạm,phở chín nạm,kg_20260602_172448,offline
menu_item:3409935,MenuItem,Phở Gân,phở gân,kg_20260602_172448,offline
menu_item:3409936,MenuItem,Phở Bắp Bò,phở bắp bò,kg_20260602_172448,offline
menu_item:3409937,MenuItem,Phở Bắp Tuỷ,phở bắp tuỷ,kg_20260602_172448,offline
menu_item:3409938,MenuItem,Phở Bắp Gầu Giòn,phở bắp gầu giòn,kg_20260602_172448,offline
menu_item:3409939,MenuItem,Phở Bắp Lăn,phở bắp lăn,kg_20260602_172448,offline
menu_item:3409940,MenuItem,Phở Sốt Vang,phở sốt vang,kg_20260602_172448,offline
menu_item:3409941,MenuItem,Phở Sốt Vang Giầu Giòn,phở sốt vang giầu giòn,kg_20260602_172448,offline
menu_item:3409942,MenuItem,Phở Lõi Gầu Giòn,phở lõi gầu giòn,kg_20260602_172448,offline
menu_item:3409943,MenuItem,Phở Lõi Bò,phở lõi bò,kg_20260602_172448,offline
menu_item:3409965,MenuItem,Phở Lõi Lăn,phở lõi lăn,kg_20260602_172448,offline
menu_item:3409966,MenuItem,Phở Lõi Tuỷ,phở lõi tuỷ,kg_20260602_172448,offline
menu_item:7209942,MenuItem,Bún mắm nêm,bún mắm nêm,kg_20260602_172448,offline
menu_item:7209943,MenuItem,Bánh bột lọc lá Huế - 6 cái,bánh bột lọc lá huế - 6 cái,kg_20260602_172448,offline
menu_item:395309,MenuItem,Bún Hải Sản Hoa Quả Size S (Cỡ Nhỏ),bún hải sản hoa quả size s (cỡ nhỏ),kg_20260602_172448,offline
menu_item:395307,MenuItem,Bún Hải Sản Hoa Quả Size M (Cỡ Vừa),bún hải sản hoa quả size m (cỡ vừa),kg_20260602_172448,offline
menu_item:395310,MenuItem,Bún Hải Sản Hoa Quả Size XL (Cỡ Đại),bún hải sản hoa quả size xl (cỡ đại),kg_20260602_172448,offline
menu_item:395308,MenuItem,Bún Hải Sản Hoa Quả Size L (Cỡ Lớn),bún hải sản hoa quả size l (cỡ lớn),kg_20260602_172448,offline
menu_item:4089143,MenuItem,Bún Cá Trái Cây Size S (Cỡ Nhỏ),bún cá trái cây size s (cỡ nhỏ),kg_20260602_172448,offline
menu_item:4089144,MenuItem,Bún Cá Trái Cây Size M (Cỡ Vừa),bún cá trái cây size m (cỡ vừa),kg_20260602_172448,offline
menu_item:4089145,MenuItem,Bún Cá Trái Cây Size L (Cỡ Lớn),bún cá trái cây size l (cỡ lớn),kg_20260602_172448,offline
menu_item:4089146,MenuItem,Bún Cá Trái Cây Size XL (Cỡ Đại),bún cá trái cây size xl (cỡ đại),kg_20260602_172448,offline
menu_item:395313,MenuItem,Bún Chanh Dây Bò Việt Size S (Cỡ Nhỏ),bún chanh dây bò việt size s (cỡ nhỏ),kg_20260602_172448,offline
menu_item:395311,MenuItem,Bún Chanh Dây Bò Việt Size M (Cỡ Vừa),bún chanh dây bò việt size m (cỡ vừa),kg_20260602_172448,offline
menu_item:395312,MenuItem,Bún Chanh Dây Bò Việt Size L (Cỡ Lớn),bún chanh dây bò việt size l (cỡ lớn),kg_20260602_172448,offline
menu_item:395314,MenuItem,Bún Chanh Dây Bò Việt Size XL (Cỡ Đại),bún chanh dây bò việt size xl (cỡ đại),kg_20260602_172448,offline
menu_item:395318,MenuItem,Bún Bò Biển Size S (Cỡ Nhỏ),bún bò biển size s (cỡ nhỏ),kg_20260602_172448,offline
menu_item:395315,MenuItem,Bún Bò Biển Size M (Cỡ Vừa),bún bò biển size m (cỡ vừa),kg_20260602_172448,offline
menu_item:395316,MenuItem,Bún Bò Biển Size L (Cỡ Lớn),bún bò biển size l (cỡ lớn),kg_20260602_172448,offline
menu_item:395317,MenuItem,Bún Bò Biển Size XL (Cỡ Đại),bún bò biển size xl (cỡ đại),kg_20260602_172448,offline
menu_item:9656371,MenuItem,Bún Chả Mực Bò Viên Đậu Phụ,bún chả mực bò viên đậu phụ,kg_20260602_172448,offline
menu_item:9656372,MenuItem,Bún Ốc Nhồi Bò Viên Đậu Phụ,bún ốc nhồi bò viên đậu phụ,kg_20260602_172448,offline
menu_item:744806,MenuItem,Bánh Cuốn Trứng Giò Cao Bằng,bánh cuốn trứng giò cao bằng,kg_20260602_172448,offline
menu_item:744811,MenuItem,Bánh Vàng,bánh vàng,kg_20260602_172448,offline
menu_item:744814,MenuItem,Bánh Cuốn Trứng,bánh cuốn trứng,kg_20260602_172448,offline
menu_item:744815,MenuItem,Giò,giò,kg_20260602_172448,offline
menu_item:744818,MenuItem,Thạch Đen Nhà Làm,thạch đen nhà làm,kg_20260602_172448,offline
menu_item:4026290,MenuItem,Bánh Cuốn Nhân Thịt(Ko Trứng Ko Giò),bánh cuốn nhân thịt(ko trứng ko giò),kg_20260602_172448,offline
menu_item:7316583,MenuItem,Bún Trộn Bò Nam Bộ - sốt me,bún trộn bò nam bộ - sốt me,kg_20260602_172448,offline
menu_item:7339151,MenuItem,Bún Trộn Bò Truyền Thống,bún trộn bò truyền thống,kg_20260602_172448,offline
menu_item:7365329,MenuItem,Bún Trộn Nem Nướng,bún trộn nem nướng,kg_20260602_172448,offline
menu_item:7365330,MenuItem,Bún Trộn Nem Nướng + Xúc Xích,bún trộn nem nướng + xúc xích,kg_20260602_172448,offline
menu_item:7365331,MenuItem,Bún Trộn Xúc Xích,bún trộn xúc xích,kg_20260602_172448,offline
menu_item:7392114,MenuItem,Bún Trộn Nem Rán,bún trộn nem rán,kg_20260602_172448,offline
menu_item:7392115,MenuItem,Bún Trộn Đặc Biệt (Nem Nướng).,bún trộn đặc biệt (nem nướng).,kg_20260602_172448,offline
menu_item:7339152,MenuItem,Phở Trộn Thịt Bò,phở trộn thịt bò,kg_20260602_172448,offline
menu_item:7365336,MenuItem,Phở Trộn Nem Nướng,phở trộn nem nướng,kg_20260602_172448,offline
menu_item:7404288,MenuItem,Phở Trộn Đặc Biệt,phở trộn đặc biệt,kg_20260602_172448,offline
menu_item:8873192,MenuItem,Phở Trộn xúc xích,phở trộn xúc xích,kg_20260602_172448,offline
menu_item:9459016,MenuItem,Phở Trộn Xúc Xích + Nem Nướng,phở trộn xúc xích + nem nướng,kg_20260602_172448,offline
menu_item:8093782,MenuItem,Phở Trộn Bò + 1 pepsi,phở trộn bò + 1 pepsi,kg_20260602_172448,offline
menu_item:9187674,MenuItem,ComBo Bún Trộn Nem nướng + 2 Pepsi,combo bún trộn nem nướng + 2 pepsi,kg_20260602_172448,offline
menu_item:5924048,MenuItem,cơm rang dưa bò nhiều cơm,cơm rang dưa bò nhiều cơm,kg_20260602_172448,offline
menu_item:5924049,MenuItem,cơm rang xá xíu nhiều cơm,cơm rang xá xíu nhiều cơm,kg_20260602_172448,offline
menu_item:5924050,MenuItem,cơm rang thập cẩm nhiều cơm,cơm rang thập cẩm nhiều cơm,kg_20260602_172448,offline
menu_item:5924051,MenuItem,cơm rang gà nhiều cơm,cơm rang gà nhiều cơm,kg_20260602_172448,offline
menu_item:5924052,MenuItem,cơm rang chả giò nhiều cơm,cơm rang chả giò nhiều cơm,kg_20260602_172448,offline
menu_item:5924053,MenuItem,cơm rang dưa bò ngập thịt,cơm rang dưa bò ngập thịt,kg_20260602_172448,offline
menu_item:5924054,MenuItem,cơm rang xá xíu ngập thịt,cơm rang xá xíu ngập thịt,kg_20260602_172448,offline
menu_item:5924055,MenuItem,cơm rang thập cẩm ngập thịt,cơm rang thập cẩm ngập thịt,kg_20260602_172448,offline
menu_item:5924056,MenuItem,cơm rang chả giò ngập thịt,cơm rang chả giò ngập thịt,kg_20260602_172448,offline
menu_item:5924057,MenuItem,cơm rang gà ngập thịt,cơm rang gà ngập thịt,kg_20260602_172448,offline
menu_item:5924058,MenuItem,cơm rang bò + trứng ốp + trà đào hoặc quất,cơm rang bò + trứng ốp + trà đào hoặc quất,kg_20260602_172448,offline
menu_item:5924059,MenuItem,cơm rang xá xíu + trứng ốp + trà đào hoặc quất,cơm rang xá xíu + trứng ốp + trà đào hoặc quất,kg_20260602_172448,offline
menu_item:5924060,MenuItem,cơm rang thập cẩm + trứng ốp + trà đào hoặc quất,cơm rang thập cẩm + trứng ốp + trà đào hoặc quất,kg_20260602_172448,offline
menu_item:5924061,MenuItem,cơm rang gà + trứng ốp + trà đào hoặc quất,cơm rang gà + trứng ốp + trà đào hoặc quất,kg_20260602_172448,offline
menu_item:5924062,MenuItem,cơm rang chả giò + trứng ốp + trà đào hoặc quất,cơm rang chả giò + trứng ốp + trà đào hoặc quất,kg_20260602_172448,offline
menu_item:5633621,MenuItem,cơm rang gà mất trí,cơm rang gà mất trí,kg_20260602_172448,offline
menu_item:5633660,MenuItem,cơm rang dưa bò,cơm rang dưa bò,kg_20260602_172448,offline
menu_item:5633668,MenuItem,cơm rang thập cẩm,cơm rang thập cẩm,kg_20260602_172448,offline
menu_item:5633671,MenuItem,cơm rang xá xíu,cơm rang xá xíu,kg_20260602_172448,offline
menu_item:5633672,MenuItem,cơm rang chả giò,cơm rang chả giò,kg_20260602_172448,offline
menu_item:9596704,MenuItem,mỳ gà tần,mỳ gà tần,kg_20260602_172448,offline
menu_item:9219335,MenuItem,Cơm thố Gà - Trứng,cơm thố gà - trứng,kg_20260602_172448,offline
menu_item:2965481,MenuItem,CƠM THỐ ĐẶC BIỆT,cơm thố đặc biệt,kg_20260602_172448,offline
menu_item:6410385,MenuItem,CƠM THỐ MIX 2 vị,cơm thố mix 2 vị,kg_20260602_172448,offline
menu_item:6467064,MenuItem,CƠM CHIÊN RAU CỦ,cơm chiên rau củ,kg_20260602_172448,offline
menu_item:7607402,MenuItem,CƠM CHIÊN DƯƠNG CHÂU,cơm chiên dương châu,kg_20260602_172448,offline
menu_item:7740188,MenuItem,CƠM THỐ GÀ,cơm thố gà,kg_20260602_172448,offline
menu_item:8102496,MenuItem,CƠM THỐ HEO,cơm thố heo,kg_20260602_172448,offline
menu_item:9016912,MenuItem,CƠM THỐ BÒ,cơm thố bò,kg_20260602_172448,offline
menu_item:9017691,MenuItem,Cơm trắng thịt gà trứng ốp,cơm trắng thịt gà trứng ốp,kg_20260602_172448,offline
menu_item:9017734,MenuItem,Cơm trắng thịt bò trứng ốp,cơm trắng thịt bò trứng ốp,kg_20260602_172448,offline
menu_item:9018047,MenuItem,Cơm trắng thịt heo trứng ốp,cơm trắng thịt heo trứng ốp,kg_20260602_172448,offline
menu_item:9018292,MenuItem,Cơm trắng mix vị,cơm trắng mix vị,kg_20260602_172448,offline
menu_item:9264849,MenuItem,Cơm thố XÁ XÍU,cơm thố xá xíu,kg_20260602_172448,offline
menu_item:9051128,MenuItem,Đĩa rau xanh 200r,đĩa rau xanh 200r,kg_20260602_172448,offline
menu_item:7503266,MenuItem,Bánh tráng cuốn xá xíu,bánh tráng cuốn xá xíu,kg_20260602_172448,offline
menu_item:7503267,MenuItem,Nem gà nấm sốt chanh leo,nem gà nấm sốt chanh leo,kg_20260602_172448,offline
menu_item:11631684,MenuItem,Gỏi Chân Gà Rút Xương,gỏi chân gà rút xương,kg_20260602_172448,offline
menu_item:7503268,MenuItem,Cơm gà Hội An đặc biệt,cơm gà hội an đặc biệt,kg_20260602_172448,offline
menu_item:7503269,MenuItem,Cơm gà Hội An thường - đùi/cánh,cơm gà hội an thường - đùi/cánh,kg_20260602_172448,offline
menu_item:7503270,MenuItem,Cơm gà cuộn sốt nấm,cơm gà cuộn sốt nấm,kg_20260602_172448,offline
menu_item:7503271,MenuItem,Cơm gà Hội An thường - lẫn,cơm gà hội an thường - lẫn,kg_20260602_172448,offline
menu_item:7503272,MenuItem,Cơm trứng non cháy tỏi,cơm trứng non cháy tỏi,kg_20260602_172448,offline
menu_item:7503273,MenuItem,Cơm Xá Xíu Hội An,cơm xá xíu hội an,kg_20260602_172448,offline
menu_item:7503274,MenuItem,Cơm gà xào nấm,cơm gà xào nấm,kg_20260602_172448,offline
menu_item:11631680,MenuItem,CƠM CÁNH GÀ RÔTI,cơm cánh gà rôti,kg_20260602_172448,offline
menu_item:11631682,MenuItem,CƠM ĐÙI GÀ RÔTI,cơm đùi gà rôti,kg_20260602_172448,offline
menu_item:11766987,MenuItem,Cơm Thịt Heo Nướng Ngũ Vị,cơm thịt heo nướng ngũ vị,kg_20260602_172448,offline
menu_item:7503277,MenuItem,Phở gà trộn,phở gà trộn,kg_20260602_172448,offline
menu_item:7503278,MenuItem,Bún trộn xá xíu,bún trộn xá xíu,kg_20260602_172448,offline
menu_item:11767060,MenuItem,BÚN TRỘN THỊT NƯỚNG,bún trộn thịt nướng,kg_20260602_172448,offline
menu_item:11970007,MenuItem,Cơm thịt rang,cơm thịt rang,kg_20260602_172448,offline
menu_item:11970008,MenuItem,Cơm suất cá kho,cơm suất cá kho,kg_20260602_172448,offline
menu_item:11970009,MenuItem,Cơm tôm bóc rang,cơm tôm bóc rang,kg_20260602_172448,offline
menu_item:11970010,MenuItem,Cơm thịt kho,cơm thịt kho,kg_20260602_172448,offline
menu_item:11970011,MenuItem,Cơm suất sườn chua ngọt,cơm suất sườn chua ngọt,kg_20260602_172448,offline
menu_item:11970012,MenuItem,Cơm gà rang gừng,cơm gà rang gừng,kg_20260602_172448,offline
menu_item:11970013,MenuItem,Cơm chân giò luộc,cơm chân giò luộc,kg_20260602_172448,offline
menu_item:11970016,MenuItem,Thịt rang cháy cạnh,thịt rang cháy cạnh,kg_20260602_172448,offline
menu_item:11970017,MenuItem,Thịt kho tàu - Braised pork meat,thịt kho tàu - braised pork meat,kg_20260602_172448,offline
menu_item:11970018,MenuItem,Sườn chua ngọt - Sweet and sour pork,sườn chua ngọt - sweet and sour pork,kg_20260602_172448,offline
menu_item:11970019,MenuItem,Chân giò luộc chấm mắm nêm,chân giò luộc chấm mắm nêm,kg_20260602_172448,offline
menu_item:11970020,MenuItem,Ba chỉ luộc chấm tôm chua,ba chỉ luộc chấm tôm chua,kg_20260602_172448,offline
menu_item:11970021,MenuItem,Chả lá lốt - Grilled pork wrapped in betel leaves,chả lá lốt - grilled pork wrapped in betel leaves,kg_20260602_172448,offline
menu_item:11970022,MenuItem,Thịt quay - Roast pork meat,thịt quay - roast pork meat,kg_20260602_172448,offline
menu_item:11970023,MenuItem,Thịt rang mắm tép,thịt rang mắm tép,kg_20260602_172448,offline
menu_item:11970024,MenuItem,Mắm tép chưng thịt,mắm tép chưng thịt,kg_20260602_172448,offline
menu_item:11970025,MenuItem,Sườn nướng vị tỏi - Grilled ribs with garlic flavor,sườn nướng vị tỏi - grilled ribs with garlic flavor,kg_20260602_172448,offline
menu_item:11970026,MenuItem,Tôm bóc rang - Roasted shrimp,tôm bóc rang - roasted shrimp,kg_20260602_172448,offline
menu_item:11970027,MenuItem,Cá bông lau kho tộ - Braised cotton fish,cá bông lau kho tộ - braised cotton fish,kg_20260602_172448,offline
menu_item:11970030,MenuItem,Nửa con gà chiên mắm,nửa con gà chiên mắm,kg_20260602_172448,offline
menu_item:11970031,MenuItem,Gà rang gừng - Roasted ginger chicken,gà rang gừng - roasted ginger chicken,kg_20260602_172448,offline
menu_item:11970032,MenuItem,Nửa con gà nướng mắc khén,nửa con gà nướng mắc khén,kg_20260602_172448,offline
menu_item:11970033,MenuItem,Nửa con gà hấp chấm mắc khén,nửa con gà hấp chấm mắc khén,kg_20260602_172448,offline
menu_item:11970034,MenuItem,Bò xào dưa - Stir fried beef with melon,bò xào dưa - stir fried beef with melon,kg_20260602_172448,offline
menu_item:11970035,MenuItem,Bò xào cần tỏi - Stir fried beef with garlic,bò xào cần tỏi - stir fried beef with garlic,kg_20260602_172448,offline
menu_item:11970036,MenuItem,Mực xào cần tỏi - Stir fried squid with garlic,mực xào cần tỏi - stir fried squid with garlic,kg_20260602_172448,offline
menu_item:11970037,MenuItem,Đậu phụ sốt cà chua,đậu phụ sốt cà chua,kg_20260602_172448,offline
menu_item:11970038,MenuItem,Đậu nhồi thịt - Tofu stuffed with meat,đậu nhồi thịt - tofu stuffed with meat,kg_20260602_172448,offline
menu_item:11970039,MenuItem,Đậu phụ Tứ Xuyên - Szechuan tofu,đậu phụ tứ xuyên - szechuan tofu,kg_20260602_172448,offline
menu_item:11970042,MenuItem,Canh cua - Crab soup,canh cua - crab soup,kg_20260602_172448,offline
menu_item:11970043,MenuItem,Canh cải thịt băm,canh cải thịt băm,kg_20260602_172448,offline
menu_item:11970044,MenuItem,Canh thịt chua - Meat sour soup,canh thịt chua - meat sour soup,kg_20260602_172448,offline
menu_item:11970045,MenuItem,Rau muống xào - Spinach sauteed garlic,rau muống xào - spinach sauteed garlic,kg_20260602_172448,offline
menu_item:11970046,MenuItem,Cải luộc chấm trứng - Boiled cabbage with egg,cải luộc chấm trứng - boiled cabbage with egg,kg_20260602_172448,offline
menu_item:11970047,MenuItem,Rau củ quả luộc,rau củ quả luộc,kg_20260602_172448,offline
menu_item:11970048,MenuItem,Kho quẹt - Warehouse swipe,kho quẹt - warehouse swipe,kg_20260602_172448,offline
menu_item:11970049,MenuItem,Mướp đắng xào trứng,mướp đắng xào trứng,kg_20260602_172448,offline
menu_item:10360352,MenuItem,Cơm Gà Xối Mỡ (Đùi Tỏi/Má Đùi) + Canh Cải Ngọt,cơm gà xối mỡ (đùi tỏi/má đùi) + canh cải ngọt,kg_20260602_172448,offline
menu_item:11780637,MenuItem,Cơm Gà Xối Mỡ (Đùi Tỏi/Má Đùi) + Canh Cải Ngọt,cơm gà xối mỡ (đùi tỏi/má đùi) + canh cải ngọt,kg_20260602_172448,offline
menu_item:94965,MenuItem,Cơm Gà Sốt Lá Chanh (Lớn),cơm gà sốt lá chanh (lớn),kg_20260602_172448,offline
menu_item:94969,MenuItem,Cơm Gà Xối Mắm Tỏi (Lớn),cơm gà xối mắm tỏi (lớn),kg_20260602_172448,offline
menu_item:94974,MenuItem,Cơm Gà Sốt Cay (Lớn),cơm gà sốt cay (lớn),kg_20260602_172448,offline
menu_item:94976,MenuItem,Cơm Gà Sốt Me (Lớn),cơm gà sốt me (lớn),kg_20260602_172448,offline
menu_item:737509,MenuItem,Cơm Gà Sốt Thái (Lớn),cơm gà sốt thái (lớn),kg_20260602_172448,offline
menu_item:6509156,MenuItem,Cơm Gà Sốt Tiêu Xanh (Lớn),cơm gà sốt tiêu xanh (lớn),kg_20260602_172448,offline
menu_item:7716578,MenuItem,Cơm Gà Sốt Tiêu Xanh (Vừa),cơm gà sốt tiêu xanh (vừa),kg_20260602_172448,offline
menu_item:7716616,MenuItem,Cơm Gà Sốt Me (Vừa),cơm gà sốt me (vừa),kg_20260602_172448,offline
menu_item:7716640,MenuItem,Cơm Gà Sốt Mắm Tỏi (Vừa),cơm gà sốt mắm tỏi (vừa),kg_20260602_172448,offline
menu_item:7716655,MenuItem,Cơm Gà Sốt Thái (Vừa),cơm gà sốt thái (vừa),kg_20260602_172448,offline
menu_item:8430508,MenuItem,Cơm Gà Sốt Cay (Vừa),cơm gà sốt cay (vừa),kg_20260602_172448,offline
menu_item:737511,MenuItem,Cơm Gà Sốt Thái (Đùi Tỏi/Má Đùi),cơm gà sốt thái (đùi tỏi/má đùi),kg_20260602_172448,offline
menu_item:2065105,MenuItem,Cơm Gà Xối Mắm Tỏi (Đùi Tỏi/Má Đùi),cơm gà xối mắm tỏi (đùi tỏi/má đùi),kg_20260602_172448,offline
menu_item:2065356,MenuItem,Cơm Gà Xối Mỡ (Đùi Tỏi/Má Đùi),cơm gà xối mỡ (đùi tỏi/má đùi),kg_20260602_172448,offline
menu_item:2065363,MenuItem,Cơm Gà Sốt Me (Đùi Tỏi/Má Đùi),cơm gà sốt me (đùi tỏi/má đùi),kg_20260602_172448,offline
menu_item:2065664,MenuItem,Cơm Gà Sốt Cay (Đùi Tỏi/Má Đùi),cơm gà sốt cay (đùi tỏi/má đùi),kg_20260602_172448,offline
menu_item:2065946,MenuItem,Cơm Gà Sốt Tiêu Xanh (Đùi Tỏi/Má Đùi),cơm gà sốt tiêu xanh (đùi tỏi/má đùi),kg_20260602_172448,offline
menu_item:2066183,MenuItem,Cơm Gà Sốt Lá Chanh (Đùi Tỏi/Má Đùi),cơm gà sốt lá chanh (đùi tỏi/má đùi),kg_20260602_172448,offline
menu_item:7331070,MenuItem,Cơm Tấm Sườn Nướng,cơm tấm sườn nướng,kg_20260602_172448,offline
menu_item:7331126,MenuItem,Cơm Tấm Sườn Chả,cơm tấm sườn chả,kg_20260602_172448,offline
menu_item:503594,MenuItem,Cơm Gà Xối Mắm Tỏi,cơm gà xối mắm tỏi,kg_20260602_172448,offline
menu_item:503595,MenuItem,Cơm Gà Xối Mỡ,cơm gà xối mỡ,kg_20260602_172448,offline
menu_item:503596,MenuItem,Cơm Gà Sốt Me,cơm gà sốt me,kg_20260602_172448,offline
menu_item:503598,MenuItem,Cơm Gà Sốt Tiêu Đen,cơm gà sốt tiêu đen,kg_20260602_172448,offline
menu_item:503599,MenuItem,Cơm Gà Sốt Cay,cơm gà sốt cay,kg_20260602_172448,offline
menu_item:503601,MenuItem,Cơm Gà Sốt Lá Chanh,cơm gà sốt lá chanh,kg_20260602_172448,offline
menu_item:10670171,MenuItem,Cơm Gà Sốt Muối Ớt Nướng,cơm gà sốt muối ớt nướng,kg_20260602_172448,offline
menu_item:10670495,MenuItem,Cơm Gà Sốt Muối Ớt Nướng (Đùi Tỏi/Má Đùi),cơm gà sốt muối ớt nướng (đùi tỏi/má đùi),kg_20260602_172448,offline
menu_item:10783416,MenuItem,Cơm Sườn Nướng Sốt Thái,cơm sườn nướng sốt thái,kg_20260602_172448,offline
menu_item:10783434,MenuItem,Cơm Sườn Sốt Muối Ớt Nướng,cơm sườn sốt muối ớt nướng,kg_20260602_172448,offline
menu_item:10626545,MenuItem,Cơm Gà Kho Sả Ớt,cơm gà kho sả ớt,kg_20260602_172448,offline
menu_item:10756244,MenuItem,Cơm Gà Kho Sả Ớt,cơm gà kho sả ớt,kg_20260602_172448,offline
menu_item:10819092,MenuItem,Cơm Thịt Ba Chỉ Kho Tiêu,cơm thịt ba chỉ kho tiêu,kg_20260602_172448,offline
menu_item:11552039,MenuItem,Cơm Thịt Xá Xíu,cơm thịt xá xíu,kg_20260602_172448,offline
menu_item:12189957,MenuItem,Cơm Thịt Ba Chỉ Kho Tiêu,cơm thịt ba chỉ kho tiêu,kg_20260602_172448,offline
menu_item:1979380,MenuItem,Bánh cuốn chả quế,bánh cuốn chả quế,kg_20260602_172448,offline
menu_item:1979381,MenuItem,Bánh cuốn không chả,bánh cuốn không chả,kg_20260602_172448,offline
menu_item:1979385,MenuItem,Gà ta tần,gà ta tần,kg_20260602_172448,offline
menu_item:1979383,MenuItem,Gà ác tần,gà ác tần,kg_20260602_172448,offline
menu_item:1979384,MenuItem,Bánh cuốn chả nướng,bánh cuốn chả nướng,kg_20260602_172448,offline
menu_item:1979382,MenuItem,Bánh cuốn chả lẫn,bánh cuốn chả lẫn,kg_20260602_172448,offline
menu_item:1979386,MenuItem,Mì gà ác,mì gà ác,kg_20260602_172448,offline
menu_item:1979387,MenuItem,Mì gà ta,mì gà ta,kg_20260602_172448,offline
menu_item:9512185,MenuItem,Bánh cuốn chả đầy đủ,bánh cuốn chả đầy đủ,kg_20260602_172448,offline
menu_item:276804,MenuItem,Gà rán mix Nửa Con(1/2 sốt Cay Ngọt),gà rán mix nửa con(1/2 sốt cay ngọt),kg_20260602_172448,offline
menu_item:276805,MenuItem,Nửa Con Mix( Mật Ong/ Sốt Cay Ngọt,nửa con mix( mật ong/ sốt cay ngọt,kg_20260602_172448,offline
menu_item:276806,MenuItem,Gà rán truyền thống,gà rán truyền thống,kg_20260602_172448,offline
menu_item:276807,MenuItem,Gà rán sốt Cay Ngọt Nửa Con,gà rán sốt cay ngọt nửa con,kg_20260602_172448,offline
menu_item:276801,MenuItem,Gà rán mix 1 Con (1/2 sốt Cay Ngọt ),gà rán mix 1 con (1/2 sốt cay ngọt ),kg_20260602_172448,offline
menu_item:276803,MenuItem,Gà rán Giòn truyền thống 1 con,gà rán giòn truyền thống 1 con,kg_20260602_172448,offline
menu_item:276776,MenuItem,Gà Rán Mix Nửa Con (1/2 Sốt) + 01 Chai Coca 300ml,gà rán mix nửa con (1/2 sốt) + 01 chai coca 300ml,kg_20260602_172448,offline
menu_item:276777,MenuItem,Gà Rút Xương Sốt Size Nhỏ+ 01 Chai Coca 300ml,gà rút xương sốt size nhỏ+ 01 chai coca 300ml,kg_20260602_172448,offline
menu_item:276778,MenuItem,Gà Rán Mix Nửa Con( 1/2 Sốt) + 01 Chai Sprite 300ml,gà rán mix nửa con( 1/2 sốt) + 01 chai sprite 300ml,kg_20260602_172448,offline
menu_item:276779,MenuItem,Gà Rán Sốt Cay Ngọt Nửa Con+ 01 Chai Coca 300ml,gà rán sốt cay ngọt nửa con+ 01 chai coca 300ml,kg_20260602_172448,offline
menu_item:276780,MenuItem,Gà Rút Xương Sốt Size Nhỏ+ 01 Chai Sprite 300ml,gà rút xương sốt size nhỏ+ 01 chai sprite 300ml,kg_20260602_172448,offline
menu_item:276781,MenuItem,Gà Rán Sốt Cay Ngọt Nửa Con+ 01 Chai Sprite 300ml,gà rán sốt cay ngọt nửa con+ 01 chai sprite 300ml,kg_20260602_172448,offline
menu_item:276782,MenuItem,Gà Rút Xương Sốt Size Nhỏ+ 01 Chai Fanta 300ml,gà rút xương sốt size nhỏ+ 01 chai fanta 300ml,kg_20260602_172448,offline
menu_item:276783,MenuItem,Gà Rán Mix Nửa Con(1/2 Sốt) + 01 Chai Fanta 300ml,gà rán mix nửa con(1/2 sốt) + 01 chai fanta 300ml,kg_20260602_172448,offline
menu_item:276784,MenuItem,Gà Rán Sốt Cay Ngọt Nửa Con+ 01 Chai Fanta 300ml,gà rán sốt cay ngọt nửa con+ 01 chai fanta 300ml,kg_20260602_172448,offline
menu_item:276786,MenuItem,5 Đùi Rán Giòn+ 01 Chai Fanta 300ml,5 đùi rán giòn+ 01 chai fanta 300ml,kg_20260602_172448,offline
menu_item:276790,MenuItem,5 Cánh Rán Giòn+ 01 Fanta Chai 300ml,5 cánh rán giòn+ 01 fanta chai 300ml,kg_20260602_172448,offline
menu_item:4023505,MenuItem,Gà Rán Mix Nửa Con( Nửa Sốt) + 01 Chai Sprite 300ml,gà rán mix nửa con( nửa sốt) + 01 chai sprite 300ml,kg_20260602_172448,offline
menu_item:4038277,MenuItem,Gà Rán Mix Nửa Con (N Sốt) + 01 Chai Coca 300ml,gà rán mix nửa con (n sốt) + 01 chai coca 300ml,kg_20260602_172448,offline
menu_item:4038312,MenuItem,Gà Rán Mix Nửa Con(Nửa Sốt) + 01 Chai Fanta 300ml,gà rán mix nửa con(nửa sốt) + 01 chai fanta 300ml,kg_20260602_172448,offline
menu_item:276810,MenuItem,Nửa Con Sốt Xì Dầu Mật Ong,nửa con sốt xì dầu mật ong,kg_20260602_172448,offline
menu_item:276811,MenuItem,Gà Rút Xương Xì Dầu Mật Ong,gà rút xương xì dầu mật ong,kg_20260602_172448,offline
menu_item:4038339,MenuItem,Gà rút xương xì dầu mật ong size nhỏ,gà rút xương xì dầu mật ong size nhỏ,kg_20260602_172448,offline
menu_item:276798,MenuItem,Gà rút xương sốt- size nhỏ,gà rút xương sốt- size nhỏ,kg_20260602_172448,offline
menu_item:276799,MenuItem,Gà Rút Xương Rán Giòn,gà rút xương rán giòn,kg_20260602_172448,offline
menu_item:276800,MenuItem,Gà rút xương sốt- size lớn,gà rút xương sốt- size lớn,kg_20260602_172448,offline
menu_item:4038148,MenuItem,Gà rút xương sốt cay ngọt size nhỏ+ kimbap chiên( tặng 1 coca 300ml),gà rút xương sốt cay ngọt size nhỏ+ kimbap chiên( tặng 1 coca 300ml),kg_20260602_172448,offline
menu_item:4038150,MenuItem,Gà rút xương sốt cay ngọt size nhỏ+ kimbap truyền thống( tặng 1 coca 300ml),gà rút xương sốt cay ngọt size nhỏ+ kimbap truyền thống( tặng 1 coca 300ml),kg_20260602_172448,offline
menu_item:276795,MenuItem,"2 Đùi ,3 Cánh Rán Giòn","2 đùi ,3 cánh rán giòn",kg_20260602_172448,offline
menu_item:276796,MenuItem,5 cánh rán Giòn,5 cánh rán giòn,kg_20260602_172448,offline
menu_item:276797,MenuItem,5 đùi rán Giòn,5 đùi rán giòn,kg_20260602_172448,offline
menu_item:4995410,MenuItem,Cơm rang đậu hũ hồng xíu,cơm rang đậu hũ hồng xíu,kg_20260602_172448,offline
menu_item:4995411,MenuItem,Cơm rang đậu sốt tứ xuyên,cơm rang đậu sốt tứ xuyên,kg_20260602_172448,offline
menu_item:4995412,MenuItem,Cơm rang gà quay Quảng Đông,cơm rang gà quay quảng đông,kg_20260602_172448,offline
menu_item:4995414,MenuItem,Cơm rang trứng ốp la - canh rau củ quả,cơm rang trứng ốp la - canh rau củ quả,kg_20260602_172448,offline
menu_item:4995415,MenuItem,Cơm rang vịt quay xá xíu,cơm rang vịt quay xá xíu,kg_20260602_172448,offline
menu_item:4995416,MenuItem,Cơm rang vịt quay,cơm rang vịt quay,kg_20260602_172448,offline
menu_item:4995417,MenuItem,Cơm rang xá xíu,cơm rang xá xíu,kg_20260602_172448,offline
menu_item:4995418,MenuItem,Cơm trắng đặc biệt,cơm trắng đặc biệt,kg_20260602_172448,offline
menu_item:4995419,MenuItem,Cơm trắng đậu hũ hồng xíu,cơm trắng đậu hũ hồng xíu,kg_20260602_172448,offline
menu_item:4995420,MenuItem,Cơm trắng gà quay Quảng Đông,cơm trắng gà quay quảng đông,kg_20260602_172448,offline
menu_item:4995421,MenuItem,Cơm trắng nọng heo quay BBQ,cơm trắng nọng heo quay bbq,kg_20260602_172448,offline
menu_item:4995422,MenuItem,Cơm trắng rau nấm,cơm trắng rau nấm,kg_20260602_172448,offline
menu_item:4995423,MenuItem,Cơm trắng vịt quay,cơm trắng vịt quay,kg_20260602_172448,offline
menu_item:4995424,MenuItem,Cơm trắng xá xíu,cơm trắng xá xíu,kg_20260602_172448,offline
menu_item:4995425,MenuItem,Cơm trắng đậu xốt tứ xuyên,cơm trắng đậu xốt tứ xuyên,kg_20260602_172448,offline
menu_item:7869543,MenuItem,Cơm trắng đậu xốt Tứ Xuyên,cơm trắng đậu xốt tứ xuyên,kg_20260602_172448,offline
menu_item:4995426,MenuItem,Mỳ trộn vịt quay trứng ốp la lòng đào,mỳ trộn vịt quay trứng ốp la lòng đào,kg_20260602_172448,offline
menu_item:4995427,MenuItem,Mỳ trộn xá xíu trứng ốp la lòng đào,mỳ trộn xá xíu trứng ốp la lòng đào,kg_20260602_172448,offline
menu_item:4995428,MenuItem,Mỳ vịt quay xá xíu,mỳ vịt quay xá xíu,kg_20260602_172448,offline
menu_item:4995429,MenuItem,Mỳ vịt quay,mỳ vịt quay,kg_20260602_172448,offline
menu_item:4995430,MenuItem,Mỳ xá xíu,mỳ xá xíu,kg_20260602_172448,offline
menu_item:4995431,MenuItem,Mỳ xào đặc biệt,mỳ xào đặc biệt,kg_20260602_172448,offline
menu_item:4995432,MenuItem,Mỳ xào rau nấm,mỳ xào rau nấm,kg_20260602_172448,offline
menu_item:4995433,MenuItem,Mỳ xào vịt quay,mỳ xào vịt quay,kg_20260602_172448,offline
menu_item:4995434,MenuItem,Mỳ xào xá xíu,mỳ xào xá xíu,kg_20260602_172448,offline
menu_item:4995435,MenuItem,Miến xào đặc biệt,miến xào đặc biệt,kg_20260602_172448,offline
menu_item:4995436,MenuItem,Miến xào vịt quay,miến xào vịt quay,kg_20260602_172448,offline
menu_item:4995437,MenuItem,Miến xào xá xíu,miến xào xá xíu,kg_20260602_172448,offline
menu_item:4995443,MenuItem,1 Lạng xá xíu,1 lạng xá xíu,kg_20260602_172448,offline
menu_item:4995444,MenuItem,Bánh cuốn đặc biệt,bánh cuốn đặc biệt,kg_20260602_172448,offline
menu_item:4995445,MenuItem,Bánh cuốn vịt quay,bánh cuốn vịt quay,kg_20260602_172448,offline
menu_item:4995446,MenuItem,Bánh cuốn xá xíu,bánh cuốn xá xíu,kg_20260602_172448,offline
menu_item:4995447,MenuItem,Đậu phụ sốt Tứ Xuyên,đậu phụ sốt tứ xuyên,kg_20260602_172448,offline
menu_item:4995448,MenuItem,Rai cải chíp xào,rai cải chíp xào,kg_20260602_172448,offline
menu_item:4995449,MenuItem,Rau xào nấm bạch linh,rau xào nấm bạch linh,kg_20260602_172448,offline
menu_item:2858035,MenuItem,Thịt cốt lết,thịt cốt lết,kg_20260602_172448,offline
menu_item:2858037,MenuItem,Thịt ba chỉ,thịt ba chỉ,kg_20260602_172448,offline
menu_item:4107569,MenuItem,Bánh chuối phômai,bánh chuối phômai,kg_20260602_172448,offline
menu_item:11374520,MenuItem,SUKEM TRUYỀN THỐNG,sukem truyền thống,kg_20260602_172448,offline
menu_item:11374528,MenuItem,SUKEM VỎ GIÒN,sukem vỏ giòn,kg_20260602_172448,offline
menu_item:11374536,MenuItem,MOCHI CHẤM KEM,mochi chấm kem,kg_20260602_172448,offline
menu_item:11374540,MenuItem,MOCHI MIX 4 VỊ,mochi mix 4 vị,kg_20260602_172448,offline
menu_item:11374571,MenuItem,BÁNH SINH NHẬT MINI SIZE 8CM,bánh sinh nhật mini size 8cm,kg_20260602_172448,offline
menu_item:4107573,MenuItem,Bông lan mix 4 vị,bông lan mix 4 vị,kg_20260602_172448,offline
menu_item:4107574,MenuItem,Bông lan trứng muối 2 sốt,bông lan trứng muối 2 sốt,kg_20260602_172448,offline
menu_item:4107577,MenuItem,Bông lan trứng muối truyền thống,bông lan trứng muối truyền thống,kg_20260602_172448,offline
menu_item:4107579,MenuItem,Gato flan chocolate,gato flan chocolate,kg_20260602_172448,offline
menu_item:4107581,MenuItem,Bông lan mix 3 vị kem cheese,bông lan mix 3 vị kem cheese,kg_20260602_172448,offline
menu_item:4107582,MenuItem,Bông lan trứng muối 3 loại sốt,bông lan trứng muối 3 loại sốt,kg_20260602_172448,offline
menu_item:4107584,MenuItem,Red velvet kem cheese,red velvet kem cheese,kg_20260602_172448,offline
menu_item:4107585,MenuItem,Bánh sữa chua phômai nướng,bánh sữa chua phômai nướng,kg_20260602_172448,offline
menu_item:4107588,MenuItem,Bông lan cuộn kem,bông lan cuộn kem,kg_20260602_172448,offline
menu_item:4107589,MenuItem,Bông lan trứng muối siêu sốt siêu trứng,bông lan trứng muối siêu sốt siêu trứng,kg_20260602_172448,offline
menu_item:4107590,MenuItem,Bông lan trứng muối siêu sốt siêu trứng mini,bông lan trứng muối siêu sốt siêu trứng mini,kg_20260602_172448,offline
menu_item:4107593,MenuItem,Bánh dark chocolate,bánh dark chocolate,kg_20260602_172448,offline
menu_item:4107595,MenuItem,Bông lan cuộn hoa quả kemcheese,bông lan cuộn hoa quả kemcheese,kg_20260602_172448,offline
menu_item:4107597,MenuItem,Bông lan trứng muối ruốc gà cay,bông lan trứng muối ruốc gà cay,kg_20260602_172448,offline
menu_item:4107600,MenuItem,Sữa chua phomai nướng 500ml,sữa chua phomai nướng 500ml,kg_20260602_172448,offline
menu_item:4107602,MenuItem,Bánh milo kem socola hộp 500ml,bánh milo kem socola hộp 500ml,kg_20260602_172448,offline
menu_item:4107603,MenuItem,TIRAMISU MIX 2 VỊ 1L,tiramisu mix 2 vị 1l,kg_20260602_172448,offline
menu_item:4107604,MenuItem,Bánh chuối phômai nướng,bánh chuối phômai nướng,kg_20260602_172448,offline
menu_item:4107606,MenuItem,Bông lan cuộn gà cay malay,bông lan cuộn gà cay malay,kg_20260602_172448,offline
menu_item:4107608,MenuItem,Bông lan trứng muối mix gà cay hộp 750ml,bông lan trứng muối mix gà cay hộp 750ml,kg_20260602_172448,offline
menu_item:4107610,MenuItem,Bánh milo kem socola hộp 750ml,bánh milo kem socola hộp 750ml,kg_20260602_172448,offline
menu_item:4107614,MenuItem,Bltm cuộn 2 loại sốt,bltm cuộn 2 loại sốt,kg_20260602_172448,offline
menu_item:4521984,MenuItem,Bánh xèo cốt dừa( miền tây nhân thịt heo tôm,bánh xèo cốt dừa( miền tây nhân thịt heo tôm,kg_20260602_172448,offline
menu_item:4691220,MenuItem,Bánh Xèo Cốt Dừa Nhân Tôm Gà,bánh xèo cốt dừa nhân tôm gà,kg_20260602_172448,offline
menu_item:6389106,MenuItem,Bánh Xèo Cốt Dừa Nhân Tôm Giá,bánh xèo cốt dừa nhân tôm giá,kg_20260602_172448,offline
menu_item:10331123,MenuItem,Bún trộn thịt Viên Nướng Nam Bộ (xuất như hình),bún trộn thịt viên nướng nam bộ (xuất như hình),kg_20260602_172448,offline
menu_item:10483471,MenuItem,bún chả thịt viên,bún chả thịt viên,kg_20260602_172448,offline
menu_item:11738268,MenuItem,1 que Nem Hồ lô Nướng Mièn Tây,1 que nem hồ lô nướng mièn tây,kg_20260602_172448,offline
menu_item:11738270,MenuItem,Bún Trộn Nem Hồ Lô Nướng,bún trộn nem hồ lô nướng,kg_20260602_172448,offline
menu_item:27424,MenuItem,Bánh tráng cuốn thịt quay,bánh tráng cuốn thịt quay,kg_20260602_172448,offline
menu_item:27440,MenuItem,Nem lụi nướng bọc xả Đà Nẵng,nem lụi nướng bọc xả đà nẵng,kg_20260602_172448,offline
menu_item:27443,MenuItem,Bánh bột lọc xứ Huế,bánh bột lọc xứ huế,kg_20260602_172448,offline
menu_item:27447,MenuItem,Đặc sản chả ram tôm đất Bình Định,đặc sản chả ram tôm đất bình định,kg_20260602_172448,offline
menu_item:27451,MenuItem,Bún trộn mắm nêm thịt heo luộc,bún trộn mắm nêm thịt heo luộc,kg_20260602_172448,offline
menu_item:27461,MenuItem,Tré trộn Đà Nẵng,tré trộn đà nẵng,kg_20260602_172448,offline
menu_item:27471,MenuItem,Thịt heo quay giòn bì thơm nức nở,thịt heo quay giòn bì thơm nức nở,kg_20260602_172448,offline
menu_item:1043585,MenuItem,Bún trộn mắm nêm thịt heo quay,bún trộn mắm nêm thịt heo quay,kg_20260602_172448,offline
menu_item:6945147,MenuItem,Bánh tráng cuốn thịt heo nướng,bánh tráng cuốn thịt heo nướng,kg_20260602_172448,offline
menu_item:3920991,MenuItem,Bánh đa cua trộn đầy đủ,bánh đa cua trộn đầy đủ,kg_20260602_172448,offline
menu_item:3920992,MenuItem,Bánh đa giò chả trộn,bánh đa giò chả trộn,kg_20260602_172448,offline
menu_item:3920993,MenuItem,Bánh đa bò chả trộn,bánh đa bò chả trộn,kg_20260602_172448,offline
menu_item:3920994,MenuItem,Bánh đa chả trộn,bánh đa chả trộn,kg_20260602_172448,offline
menu_item:3920995,MenuItem,Bánh đa cua nước đầy đủ,bánh đa cua nước đầy đủ,kg_20260602_172448,offline
menu_item:3920996,MenuItem,Bánh đa giò chả nước,bánh đa giò chả nước,kg_20260602_172448,offline
menu_item:3920997,MenuItem,Bánh đa chả nước,bánh đa chả nước,kg_20260602_172448,offline
menu_item:3920998,MenuItem,Bánh đa bò chả nước,bánh đa bò chả nước,kg_20260602_172448,offline
menu_item:3920999,MenuItem,Miến cua trộn đầy đủ,miến cua trộn đầy đủ,kg_20260602_172448,offline
menu_item:3921000,MenuItem,Miến giò chả trộn,miến giò chả trộn,kg_20260602_172448,offline
menu_item:3921001,MenuItem,Miến bò chả trộn,miến bò chả trộn,kg_20260602_172448,offline
menu_item:3921002,MenuItem,Miến cua nước đầy đủ,miến cua nước đầy đủ,kg_20260602_172448,offline
menu_item:3921003,MenuItem,Miến giò chả nước,miến giò chả nước,kg_20260602_172448,offline
menu_item:3921004,MenuItem,Miến chả nước,miến chả nước,kg_20260602_172448,offline
menu_item:3921005,MenuItem,Miến chả trộn,miến chả trộn,kg_20260602_172448,offline
menu_item:3921006,MenuItem,Miến bò chả nước,miến bò chả nước,kg_20260602_172448,offline
menu_item:9380734,MenuItem,Cơm Tấm Sườn Nướng + Trứng Ốp La,cơm tấm sườn nướng + trứng ốp la,kg_20260602_172448,offline
menu_item:2671563,MenuItem,Cơm Tấm Sườn Nướng,cơm tấm sườn nướng,kg_20260602_172448,offline
menu_item:2671565,MenuItem,Cơm Tấm Sườn Chả,cơm tấm sườn chả,kg_20260602_172448,offline
menu_item:2671568,MenuItem,Cơm Tấm Sườn Chả Ốp La,cơm tấm sườn chả ốp la,kg_20260602_172448,offline
menu_item:6508774,MenuItem,Cơm Tấm Sườn Ốp La,cơm tấm sườn ốp la,kg_20260602_172448,offline
menu_item:12123925,MenuItem,Cơm Ba Chỉ Rút Sườn Mắm Tỏi,cơm ba chỉ rút sườn mắm tỏi,kg_20260602_172448,offline
menu_item:12123939,MenuItem,Cơm Ba Chỉ Rút Sườn Sốt Tiêu Xanh,cơm ba chỉ rút sườn sốt tiêu xanh,kg_20260602_172448,offline
menu_item:12123953,MenuItem,Cơm Ba Chỉ Rút Sườn Sốt Lá Chanh,cơm ba chỉ rút sườn sốt lá chanh,kg_20260602_172448,offline
menu_item:10271205,MenuItem,Cơm Ức (Lườn) Gà Nướng,cơm ức (lườn) gà nướng,kg_20260602_172448,offline
menu_item:10317624,MenuItem,Cơm Ức (Lườn) Gà Nướng Sốt Mắm Tỏi,cơm ức (lườn) gà nướng sốt mắm tỏi,kg_20260602_172448,offline
menu_item:10317636,MenuItem,Cơm Ức (Lườn) Gà Nướng Sốt Lá Chanh,cơm ức (lườn) gà nướng sốt lá chanh,kg_20260602_172448,offline
menu_item:10626603,MenuItem,Cơm Gà Kho Sả Ớt,cơm gà kho sả ớt,kg_20260602_172448,offline
menu_item:10783895,MenuItem,Cơm Sườn Nướng Xốt Thái,cơm sườn nướng xốt thái,kg_20260602_172448,offline
menu_item:10783918,MenuItem,Cơm Sườn Nướng Xốt Mắm Tỏi,cơm sườn nướng xốt mắm tỏi,kg_20260602_172448,offline
menu_item:10819156,MenuItem,Cơm Thịt Ba Chỉ Kho Tiêu,cơm thịt ba chỉ kho tiêu,kg_20260602_172448,offline
menu_item:12190268,MenuItem,Cơm Ức (Lườn) Gà Nướng Sốt Mắm Tỏi,cơm ức (lườn) gà nướng sốt mắm tỏi,kg_20260602_172448,offline
menu_item:12190279,MenuItem,Cơm Thịt Ba Chỉ Kho Tiêu,cơm thịt ba chỉ kho tiêu,kg_20260602_172448,offline
menu_item:10670363,MenuItem,Cơm Sườn Sốt Muối Ớt Nướng,cơm sườn sốt muối ớt nướng,kg_20260602_172448,offline
menu_item:10670379,MenuItem,Cơm Ba Rọi Sốt Muối Ớt Nướng,cơm ba rọi sốt muối ớt nướng,kg_20260602_172448,offline
menu_item:11781669,MenuItem,Cơm Gà Sốt Muối Ớt Nướng (Đùi Tỏi/Má Đùi),cơm gà sốt muối ớt nướng (đùi tỏi/má đùi),kg_20260602_172448,offline
menu_item:11781680,MenuItem,Cơm Gà Sốt Muối Ớt Nướng,cơm gà sốt muối ớt nướng,kg_20260602_172448,offline
menu_item:6508848,MenuItem,Cơm Tấm Chả Ốp La,cơm tấm chả ốp la,kg_20260602_172448,offline
menu_item:6508854,MenuItem,Cơm Tấm Bì Ốp La,cơm tấm bì ốp la,kg_20260602_172448,offline
menu_item:8944521,MenuItem,Cơm Tấm Ốp La,cơm tấm ốp la,kg_20260602_172448,offline
menu_item:6609740,MenuItem,Bánh cuốn nhân thịt + chả lụa,bánh cuốn nhân thịt + chả lụa,kg_20260602_172448,offline
menu_item:6609741,MenuItem,Bánh cuốn nhân thịt,bánh cuốn nhân thịt,kg_20260602_172448,offline
menu_item:6609742,MenuItem,Bánh cuốn trứng 2 trứng,bánh cuốn trứng 2 trứng,kg_20260602_172448,offline
menu_item:2169910,MenuItem,Bún Chả lẫn (Băm - miếng),bún chả lẫn (băm - miếng),kg_20260602_172448,offline
menu_item:2169911,MenuItem,Bún Chả Thịt Miếng,bún chả thịt miếng,kg_20260602_172448,offline
menu_item:2169912,MenuItem,Bún Chả Thịt Băm,bún chả thịt băm,kg_20260602_172448,offline
menu_item:10533659,MenuItem,Kimbap truyền thống,kimbap truyền thống,kg_20260602_172448,offline
menu_item:10548078,MenuItem,Mua 1 tặng 1,mua 1 tặng 1,kg_20260602_172448,offline
menu_item:11073587,MenuItem,[NEW] Gà Half Half (Size L),[new] gà half half (size l),kg_20260602_172448,offline
menu_item:10281161,MenuItem,One-derful 1,one-derful 1,kg_20260602_172448,offline
menu_item:10281162,MenuItem,One-derful 2,one-derful 2,kg_20260602_172448,offline
menu_item:10281163,MenuItem,Jajang-Tangsu,jajang-tangsu,kg_20260602_172448,offline
menu_item:6437084,MenuItem,Sính Hàn,sính hàn,kg_20260602_172448,offline
menu_item:2242775,MenuItem,Gà Rán Sốt Mật Ong Tỏi,gà rán sốt mật ong tỏi,kg_20260602_172448,offline
menu_item:2242776,MenuItem,Gà Rán Sốt Cay Ngọt,gà rán sốt cay ngọt,kg_20260602_172448,offline
menu_item:2242778,MenuItem,Gà Popcorn Phomai,gà popcorn phomai,kg_20260602_172448,offline
menu_item:2242779,MenuItem,Gà Popcorn Mật Ong Tỏi,gà popcorn mật ong tỏi,kg_20260602_172448,offline
menu_item:6227348,MenuItem,Gà Lắc Tok Chua Ngọt,gà lắc tok chua ngọt,kg_20260602_172448,offline
menu_item:8116989,MenuItem,Gà Popcorn Cay Ngọt,gà popcorn cay ngọt,kg_20260602_172448,offline
menu_item:9361035,MenuItem,Gà Sốt Bơ Tỏi,gà sốt bơ tỏi,kg_20260602_172448,offline
menu_item:9361037,MenuItem,Gà Sốt Kem Hành,gà sốt kem hành,kg_20260602_172448,offline
menu_item:9361038,MenuItem,Gà Popcorn Sốt Bơ Tỏi,gà popcorn sốt bơ tỏi,kg_20260602_172448,offline
menu_item:9361040,MenuItem,Gà Popcorn Sốt Kem Hành,gà popcorn sốt kem hành,kg_20260602_172448,offline
menu_item:2242772,MenuItem,Gà Miếng Chiên 3 Vị Sốt (Size M),gà miếng chiên 3 vị sốt (size m),kg_20260602_172448,offline
menu_item:2242773,MenuItem,Cánh Gà Rán 3 Vị Sốt (Size M),cánh gà rán 3 vị sốt (size m),kg_20260602_172448,offline
menu_item:9361366,MenuItem,Gà Popcorn 3 Vị Sốt (Size M),gà popcorn 3 vị sốt (size m),kg_20260602_172448,offline
menu_item:2242788,MenuItem,Kimbap Truyền Thống,kimbap truyền thống,kg_20260602_172448,offline
menu_item:2242789,MenuItem,Kimbap Chiên,kimbap chiên,kg_20260602_172448,offline
menu_item:2242790,MenuItem,Kimbap Trứng,kimbap trứng,kg_20260602_172448,offline
menu_item:2242791,MenuItem,Kimbap Bò,kimbap bò,kg_20260602_172448,offline
menu_item:2242784,MenuItem,Tokbokki Truyền Thống,tokbokki truyền thống,kg_20260602_172448,offline
menu_item:2242785,MenuItem,Tokbokki Phô Mai,tokbokki phô mai,kg_20260602_172448,offline
menu_item:2242792,MenuItem,Miến Trộn Bò Japchae,miến trộn bò japchae,kg_20260602_172448,offline
menu_item:2242793,MenuItem,Mỳ Trộn Bò Há Cảo,mỳ trộn bò há cảo,kg_20260602_172448,offline
menu_item:8019094,MenuItem,Mì Cay Carbonara Samyang,mì cay carbonara samyang,kg_20260602_172448,offline
menu_item:8019095,MenuItem,Mì Tương Đen Truyền Thống,mì tương đen truyền thống,kg_20260602_172448,offline
menu_item:10281409,MenuItem,Thịt chiên chua ngọt Hàn Quốc,thịt chiên chua ngọt hàn quốc,kg_20260602_172448,offline
menu_item:2242783,MenuItem,Cơm Rang Kim Chi,cơm rang kim chi,kg_20260602_172448,offline
menu_item:6227372,MenuItem,Canh Rong Biển,canh rong biển,kg_20260602_172448,offline
menu_item:8019093,MenuItem,Canh Chả Cá Jin,canh chả cá jin,kg_20260602_172448,offline
menu_item:6589098,MenuItem,Gà Popcorn Mật Ong Tỏi (size S),gà popcorn mật ong tỏi (size s),kg_20260602_172448,offline
menu_item:8022798,MenuItem,Gà Popcorn Phomai (size S),gà popcorn phomai (size s),kg_20260602_172448,offline
menu_item:8116988,MenuItem,Popcorn Sốt Cay Ngọt (Size S),popcorn sốt cay ngọt (size s),kg_20260602_172448,offline
menu_item:2668009,MenuItem,Cơm Rang Đùi Gà Xối Mỡ,cơm rang đùi gà xối mỡ,kg_20260602_172448,offline
menu_item:2668008,MenuItem,Cơm Rang Đùi Gà Xối Mắm,cơm rang đùi gà xối mắm,kg_20260602_172448,offline
menu_item:2668006,MenuItem,Cơm Rang Gà Sốt Chua Ngọt,cơm rang gà sốt chua ngọt,kg_20260602_172448,offline
menu_item:5741546,MenuItem,Cơm rang gà lọc xương,cơm rang gà lọc xương,kg_20260602_172448,offline
menu_item:2668007,MenuItem,Cơm Rang Xá Xíu,cơm rang xá xíu,kg_20260602_172448,offline
menu_item:2668005,MenuItem,Cơm Rang Dưa Bò,cơm rang dưa bò,kg_20260602_172448,offline
menu_item:2668013,MenuItem,Cơm Rang Thập Cẩm,cơm rang thập cẩm,kg_20260602_172448,offline
menu_item:7090716,MenuItem,Cơm rang trứng lẫn,cơm rang trứng lẫn,kg_20260602_172448,offline
menu_item:7019401,MenuItem,cơm rang 2 xúc xích rán,cơm rang 2 xúc xích rán,kg_20260602_172448,offline
menu_item:2668017,MenuItem,Cơm Rang Trứng Ốp,cơm rang trứng ốp,kg_20260602_172448,offline
menu_item:9852203,MenuItem,Cơm rang Dương Châu,cơm rang dương châu,kg_20260602_172448,offline
menu_item:2668011,MenuItem,Cơm rang thập cẩm - Pepsi,cơm rang thập cẩm - pepsi,kg_20260602_172448,offline
menu_item:2668015,MenuItem,Cơm Rang Dưa Bò + pepsi,cơm rang dưa bò + pepsi,kg_20260602_172448,offline
menu_item:2668018,MenuItem,Cơm Rang Gà + pepsi,cơm rang gà + pepsi,kg_20260602_172448,offline
menu_item:2668024,MenuItem,Cơm Rang Xá Xíu + pepsi,cơm rang xá xíu + pepsi,kg_20260602_172448,offline
menu_item:4391593,MenuItem,Bánh tráng cuốn bơ,bánh tráng cuốn bơ,kg_20260602_172448,offline
menu_item:4391594,MenuItem,Bánh tráng trộn,bánh tráng trộn,kg_20260602_172448,offline
menu_item:4391595,MenuItem,Bánh tráng nướng,bánh tráng nướng,kg_20260602_172448,offline
menu_item:4391596,MenuItem,Bánh tráng cuốn phô mai,bánh tráng cuốn phô mai,kg_20260602_172448,offline
menu_item:4391597,MenuItem,Bánh tráng cuốn phô mai trứng muối,bánh tráng cuốn phô mai trứng muối,kg_20260602_172448,offline
menu_item:5983921,MenuItem,Cơm gà mắm tỏi,cơm gà mắm tỏi,kg_20260602_172448,offline
menu_item:5983922,MenuItem,Cơm gà xào nấm,cơm gà xào nấm,kg_20260602_172448,offline
menu_item:5983924,MenuItem,Heo chiên xì dầu trứng,heo chiên xì dầu trứng,kg_20260602_172448,offline
menu_item:5983920,MenuItem,Cơm bò xốt tiêu đen,cơm bò xốt tiêu đen,kg_20260602_172448,offline
menu_item:5983925,MenuItem,Cơm gà viên xốt Hàn Quốc,cơm gà viên xốt hàn quốc,kg_20260602_172448,offline
menu_item:6613857,MenuItem,Cơm gà viên xốt cari,cơm gà viên xốt cari,kg_20260602_172448,offline
menu_item:5986735,MenuItem,COMBO cơm gà mắm tỏi lớn + Nước,combo cơm gà mắm tỏi lớn + nước,kg_20260602_172448,offline
menu_item:5986740,MenuItem,COMBO cơm gà viên xốt ngũ vị + Nước,combo cơm gà viên xốt ngũ vị + nước,kg_20260602_172448,offline
menu_item:5986738,MenuItem,COMBO cơm gà xào nấm + Nước,combo cơm gà xào nấm + nước,kg_20260602_172448,offline
menu_item:5986737,MenuItem,COMBO cơm bò xốt tiêu + Nước,combo cơm bò xốt tiêu + nước,kg_20260602_172448,offline
menu_item:340323,MenuItem,Bánh cuốn thịt chả,bánh cuốn thịt chả,kg_20260602_172448,offline
menu_item:340324,MenuItem,Bánh cuốn thịt,bánh cuốn thịt,kg_20260602_172448,offline
menu_item:340325,MenuItem,Bánh cuốn trứng chín,bánh cuốn trứng chín,kg_20260602_172448,offline
menu_item:340326,MenuItem,Bánh cuốn trứng lòng đào,bánh cuốn trứng lòng đào,kg_20260602_172448,offline
menu_item:340328,MenuItem,Bánh cuốn tôm,bánh cuốn tôm,kg_20260602_172448,offline
menu_item:340329,MenuItem,Bánh cuốn tôm chả,bánh cuốn tôm chả,kg_20260602_172448,offline
menu_item:340330,MenuItem,Bánh cuốn nhân hành khô,bánh cuốn nhân hành khô,kg_20260602_172448,offline
menu_item:340331,MenuItem,Bánh cuốn nhân hành khô có chả,bánh cuốn nhân hành khô có chả,kg_20260602_172448,offline
menu_item:340332,MenuItem,Bánh cuốn chả nướng,bánh cuốn chả nướng,kg_20260602_172448,offline
menu_item:340333,MenuItem,Chả nướng,chả nướng,kg_20260602_172448,offline
menu_item:11466561,MenuItem,Bánh cuốn nhân gà,bánh cuốn nhân gà,kg_20260602_172448,offline
menu_item:48695,MenuItem,Bánh giò truyền thống,bánh giò truyền thống,kg_20260602_172448,offline
menu_item:48704,MenuItem,Bánh rán mặn,bánh rán mặn,kg_20260602_172448,offline
menu_item:48706,MenuItem,Nem Ngọt Rán,nem ngọt rán,kg_20260602_172448,offline
menu_item:48718,MenuItem,Bánh tôm,bánh tôm,kg_20260602_172448,offline
menu_item:48722,MenuItem,Bánh gối,bánh gối,kg_20260602_172448,offline
menu_item:48726,MenuItem,Nem Chua,nem chua,kg_20260602_172448,offline
menu_item:48731,MenuItem,Bánh Rán Ngọt,bánh rán ngọt,kg_20260602_172448,offline
menu_item:48735,MenuItem,Bún chả,bún chả,kg_20260602_172448,offline
menu_item:9766759,MenuItem,Cơm cá trắm kho,cơm cá trắm kho,kg_20260602_172448,offline
menu_item:9766760,MenuItem,Cơm thịt kho tàu,cơm thịt kho tàu,kg_20260602_172448,offline
menu_item:9766761,MenuItem,Cơm đùi gà quay,cơm đùi gà quay,kg_20260602_172448,offline
menu_item:9766762,MenuItem,Cơm gà cà ri,cơm gà cà ri,kg_20260602_172448,offline
menu_item:9766763,MenuItem,Cơm rang dưa bò,cơm rang dưa bò,kg_20260602_172448,offline
menu_item:9766765,MenuItem,Cơm rang hải sản,cơm rang hải sản,kg_20260602_172448,offline
menu_item:2904640,MenuItem,Phở xào,phở xào,kg_20260602_172448,offline
menu_item:2904641,MenuItem,Mỳ xào,mỳ xào,kg_20260602_172448,offline
menu_item:2904642,MenuItem,Cơm rang thập cẩm,cơm rang thập cẩm,kg_20260602_172448,offline
menu_item:2904643,MenuItem,Cơm rang cải bò,cơm rang cải bò,kg_20260602_172448,offline
menu_item:2904644,MenuItem,Phở tái,phở tái,kg_20260602_172448,offline
menu_item:2904645,MenuItem,Phở tái chín,phở tái chín,kg_20260602_172448,offline
menu_item:2904646,MenuItem,Phở tái gầu,phở tái gầu,kg_20260602_172448,offline
menu_item:2904647,MenuItem,Phở tái nạm,phở tái nạm,kg_20260602_172448,offline
menu_item:548617,MenuItem,Thịt xiên nướng,thịt xiên nướng,kg_20260602_172448,offline
menu_item:548619,MenuItem,Bánh mỳ bơ mật ong,bánh mỳ bơ mật ong,kg_20260602_172448,offline
menu_item:548620,MenuItem,Bánh mỳ 2 xiên,bánh mỳ 2 xiên,kg_20260602_172448,offline
menu_item:548622,MenuItem,Bánh mỳ 3 xiên,bánh mỳ 3 xiên,kg_20260602_172448,offline
menu_item:548623,MenuItem,Bún thịt nướng,bún thịt nướng,kg_20260602_172448,offline
menu_item:548624,MenuItem,Bánh mì thịt nướng,bánh mì thịt nướng,kg_20260602_172448,offline
menu_item:9623816,MenuItem,Bún chả,bún chả,kg_20260602_172448,offline
menu_item:7573135,MenuItem,Bánh chay,bánh chay,kg_20260602_172448,offline
menu_item:7573136,MenuItem,Bánh nhân thịt nấm không chả,bánh nhân thịt nấm không chả,kg_20260602_172448,offline
menu_item:7573137,MenuItem,Bánh nhân tôm thịt không kèm chả,bánh nhân tôm thịt không kèm chả,kg_20260602_172448,offline
menu_item:7573138,MenuItem,Bánh nhân hành phi,bánh nhân hành phi,kg_20260602_172448,offline
menu_item:7573139,MenuItem,Bánh cuốn đặc biệt kèm chả,bánh cuốn đặc biệt kèm chả,kg_20260602_172448,offline
menu_item:7573140,MenuItem,Bánh thịt nấm - nhiều nhân,bánh thịt nấm - nhiều nhân,kg_20260602_172448,offline
menu_item:10182888,MenuItem,Măng Trúc Xào Tỏi,măng trúc xào tỏi,kg_20260602_172448,offline
menu_item:10182896,MenuItem,Bắp Cải Xào Tỏi,bắp cải xào tỏi,kg_20260602_172448,offline
menu_item:10182905,MenuItem,Bắp Cải Luộc Chấm Trứng,bắp cải luộc chấm trứng,kg_20260602_172448,offline
menu_item:10188675,MenuItem,Rau củ quả luộc chấm trứng,rau củ quả luộc chấm trứng,kg_20260602_172448,offline
menu_item:7824041,MenuItem,Cơm chiên trứng,cơm chiên trứng,kg_20260602_172448,offline
menu_item:7824043,MenuItem,Cá nục hoa sốt chanh leo,cá nục hoa sốt chanh leo,kg_20260602_172448,offline
menu_item:7824044,MenuItem,Cá bông lau kho tộ,cá bông lau kho tộ,kg_20260602_172448,offline
menu_item:7824046,MenuItem,Đậu hũ sốt Thái,đậu hũ sốt thái,kg_20260602_172448,offline
menu_item:7824049,MenuItem,Trứng chiên,trứng chiên,kg_20260602_172448,offline
menu_item:7824050,MenuItem,Kho quẹt,kho quẹt,kg_20260602_172448,offline
menu_item:7824051,MenuItem,Cá mối rim Thái,cá mối rim thái,kg_20260602_172448,offline
menu_item:7824053,MenuItem,Bò sốt tiêu đen,bò sốt tiêu đen,kg_20260602_172448,offline
menu_item:7824055,MenuItem,Thịt ba chỉ rang cháy cạnh,thịt ba chỉ rang cháy cạnh,kg_20260602_172448,offline
menu_item:7824056,MenuItem,Thịt kho tàu,thịt kho tàu,kg_20260602_172448,offline
menu_item:7824057,MenuItem,Canh cải thịt bằm,canh cải thịt bằm,kg_20260602_172448,offline
menu_item:10188794,MenuItem,Canh sườn hầm củ sen,canh sườn hầm củ sen,kg_20260602_172448,offline
menu_item:10182915,MenuItem,"Combo cơm đốt 1 mặt, đậu hũ sốt thái","combo cơm đốt 1 mặt, đậu hũ sốt thái",kg_20260602_172448,offline
menu_item:10182917,MenuItem,"Combo cơm đốt 1 mặt, thịt kho tàu","combo cơm đốt 1 mặt, thịt kho tàu",kg_20260602_172448,offline
menu_item:11237130,MenuItem,Cơm gà xá xíu,cơm gà xá xíu,kg_20260602_172448,offline
menu_item:11237131,MenuItem,Cơm heo xá xíu,cơm heo xá xíu,kg_20260602_172448,offline
menu_item:11237132,MenuItem,Cơm gà bompi,cơm gà bompi,kg_20260602_172448,offline
menu_item:368779,MenuItem,Bánh cuốn thịt,bánh cuốn thịt,kg_20260602_172448,offline
menu_item:368781,MenuItem,Bánh cuốn thịt chả,bánh cuốn thịt chả,kg_20260602_172448,offline
menu_item:368783,MenuItem,Bánh cuốn tôm lẫn thịt,bánh cuốn tôm lẫn thịt,kg_20260602_172448,offline
menu_item:368784,MenuItem,Bánh cuốn tôm lẫn thịt có chả,bánh cuốn tôm lẫn thịt có chả,kg_20260602_172448,offline
menu_item:368786,MenuItem,Bánh cuốn nhân hành khô,bánh cuốn nhân hành khô,kg_20260602_172448,offline
menu_item:368788,MenuItem,Bánh cuốn nhân hành khô chả,bánh cuốn nhân hành khô chả,kg_20260602_172448,offline
menu_item:368790,MenuItem,Bánh cuốn trứng chín,bánh cuốn trứng chín,kg_20260602_172448,offline
menu_item:368793,MenuItem,Bánh cuốn trứng lòng đào,bánh cuốn trứng lòng đào,kg_20260602_172448,offline
menu_item:8149929,MenuItem,CHẢ XIÊN 20K/ 1 XIÊN,chả xiên 20k/ 1 xiên,kg_20260602_172448,offline
menu_item:8149936,MenuItem,bánh cuốn nhân thịt chả nướng,bánh cuốn nhân thịt chả nướng,kg_20260602_172448,offline
menu_item:12060342,MenuItem,Bún chả lẫn,bún chả lẫn,kg_20260602_172448,offline
menu_item:12060343,MenuItem,Bún chả viên,bún chả viên,kg_20260602_172448,offline
menu_item:12060346,MenuItem,Bún chả miếng,bún chả miếng,kg_20260602_172448,offline
menu_item:4116942,MenuItem,Bún bò tái + Coca Cola,bún bò tái + coca cola,kg_20260602_172448,offline
menu_item:4116943,MenuItem,Phở bò tái,phở bò tái,kg_20260602_172448,offline
menu_item:2205992,MenuItem,Khoai Tây Lắc Phô Mai,khoai tây lắc phô mai,kg_20260602_172448,offline
menu_item:2205993,MenuItem,Xúc Xích Chiên (2 Cái),xúc xích chiên (2 cái),kg_20260602_172448,offline
menu_item:3469388,MenuItem,Phở Gà Hà Nội,phở gà hà nội,kg_20260602_172448,offline
menu_item:3469389,MenuItem,Phở Bò Tái,phở bò tái,kg_20260602_172448,offline
menu_item:3469390,MenuItem,Bún Gà Ta,bún gà ta,kg_20260602_172448,offline
menu_item:3469391,MenuItem,Bún Bò Tái,bún bò tái,kg_20260602_172448,offline
menu_item:3469392,MenuItem,Mì Gà Ta,mì gà ta,kg_20260602_172448,offline
menu_item:4033987,MenuItem,Mì Bò Tái,mì bò tái,kg_20260602_172448,offline
menu_item:4033988,MenuItem,Quẩy giòn,quẩy giòn,kg_20260602_172448,offline
menu_item:7487223,MenuItem,Cơm tấm sườn nướng,cơm tấm sườn nướng,kg_20260602_172448,offline
menu_item:7487224,MenuItem,Cơm tấm sườn bì chả trứng ốp la,cơm tấm sườn bì chả trứng ốp la,kg_20260602_172448,offline
menu_item:7487226,MenuItem,Cơm tấm sườn bì chả,cơm tấm sườn bì chả,kg_20260602_172448,offline
menu_item:7487233,MenuItem,Cơm tấm sườn chả,cơm tấm sườn chả,kg_20260602_172448,offline
menu_item:8670519,MenuItem,Cơm tấm sườn bì,cơm tấm sườn bì,kg_20260602_172448,offline
menu_item:8670521,MenuItem,Cơm tấm sườn ốp la,cơm tấm sườn ốp la,kg_20260602_172448,offline
menu_item:8670522,MenuItem,Cơm tấm sườn bì ốp la,cơm tấm sườn bì ốp la,kg_20260602_172448,offline
menu_item:8670530,MenuItem,Cơm tấm sườn chả ốp la,cơm tấm sườn chả ốp la,kg_20260602_172448,offline
menu_item:7487225,MenuItem,Cơm tấm ba chỉ chả,cơm tấm ba chỉ chả,kg_20260602_172448,offline
menu_item:7487230,MenuItem,Cơm tấm ba chỉ nướng,cơm tấm ba chỉ nướng,kg_20260602_172448,offline
menu_item:7487232,MenuItem,Cơm tấm ba chỉ bì chả trứng ốp la,cơm tấm ba chỉ bì chả trứng ốp la,kg_20260602_172448,offline
menu_item:7487234,MenuItem,Cơm tấm ba chỉ bì chả,cơm tấm ba chỉ bì chả,kg_20260602_172448,offline
menu_item:8670357,MenuItem,Cơm tấm ba chỉ bì ốp la,cơm tấm ba chỉ bì ốp la,kg_20260602_172448,offline
menu_item:8670359,MenuItem,Cơm tấm ba chỉ ốp la,cơm tấm ba chỉ ốp la,kg_20260602_172448,offline
menu_item:8670361,MenuItem,Cơm tấm ba chỉ bì,cơm tấm ba chỉ bì,kg_20260602_172448,offline
menu_item:8670370,MenuItem,Cơm tấm má heo nướng,cơm tấm má heo nướng,kg_20260602_172448,offline
menu_item:8670456,MenuItem,Cơm tấm má heo bì chả ốp la,cơm tấm má heo bì chả ốp la,kg_20260602_172448,offline
menu_item:8670459,MenuItem,Cơm tấm má heo chả ốp la,cơm tấm má heo chả ốp la,kg_20260602_172448,offline
menu_item:8670460,MenuItem,Cơm tấm má heo bì ốp la,cơm tấm má heo bì ốp la,kg_20260602_172448,offline
menu_item:8670461,MenuItem,Cơm tấm má heo bì chả,cơm tấm má heo bì chả,kg_20260602_172448,offline
menu_item:8670463,MenuItem,Cơm tấm má heo ốp la,cơm tấm má heo ốp la,kg_20260602_172448,offline
menu_item:8670464,MenuItem,Cơm tấm má heo chả,cơm tấm má heo chả,kg_20260602_172448,offline
menu_item:8670465,MenuItem,Cơm tấm má heo bì,cơm tấm má heo bì,kg_20260602_172448,offline
menu_item:9838712,MenuItem,Bún Thái Hải Sản,bún thái hải sản,kg_20260602_172448,offline
menu_item:9838713,MenuItem,Bún Thái thập cẩm,bún thái thập cẩm,kg_20260602_172448,offline
menu_item:9838714,MenuItem,Bún Thái đặc biệt,bún thái đặc biệt,kg_20260602_172448,offline
menu_item:10134301,MenuItem,Bún Thái Bò Mỹ,bún thái bò mỹ,kg_20260602_172448,offline
menu_item:9838715,MenuItem,Bún Thái tôm,bún thái tôm,kg_20260602_172448,offline
menu_item:11248054,MenuItem,Bún Thái Sụn Non + Bò Mỹ,bún thái sụn non + bò mỹ,kg_20260602_172448,offline
menu_item:11248057,MenuItem,Bún Thái Sụn Non,bún thái sụn non,kg_20260602_172448,offline
menu_item:9838722,MenuItem,Mì tomyum hải sản,mì tomyum hải sản,kg_20260602_172448,offline
menu_item:9838721,MenuItem,Mì tomyum thập cẩm,mì tomyum thập cẩm,kg_20260602_172448,offline
menu_item:9838723,MenuItem,Mì tomyum đặc biệt,mì tomyum đặc biệt,kg_20260602_172448,offline
menu_item:10134303,MenuItem,Mì Thái Bò Mỹ,mì thái bò mỹ,kg_20260602_172448,offline
menu_item:9838724,MenuItem,Mì tomyum tôm,mì tomyum tôm,kg_20260602_172448,offline
menu_item:11248064,MenuItem,Mì Tomyum Sụn Non,mì tomyum sụn non,kg_20260602_172448,offline
menu_item:11248067,MenuItem,Mì Tomyum Sụn Non + Bò Mỹ,mì tomyum sụn non + bò mỹ,kg_20260602_172448,offline
menu_item:9838718,MenuItem,Mì chua cay full topping,mì chua cay full topping,kg_20260602_172448,offline
menu_item:9838719,MenuItem,Mì chua cay tim bầu dục trứng non,mì chua cay tim bầu dục trứng non,kg_20260602_172448,offline
menu_item:9838720,MenuItem,Mì chua cay tim bầu dục mọc,mì chua cay tim bầu dục mọc,kg_20260602_172448,offline
menu_item:9838717,MenuItem,Mì chua cay tim bầu dục,mì chua cay tim bầu dục,kg_20260602_172448,offline
menu_item:9838725,MenuItem,Bún bò trộn Nam Bộ,bún bò trộn nam bộ,kg_20260602_172448,offline
menu_item:9838727,MenuItem,Bún trộn gà nướng,bún trộn gà nướng,kg_20260602_172448,offline
menu_item:9838728,MenuItem,Bún trộn xúc xích,bún trộn xúc xích,kg_20260602_172448,offline
menu_item:10485719,MenuItem,Phở Bò Tái Nạm,phở bò tái nạm,kg_20260602_172448,offline
menu_item:10485723,MenuItem,Phở Bò Tái Gầu,phở bò tái gầu,kg_20260602_172448,offline
menu_item:10485727,MenuItem,Phở Bò Tái Lăn,phở bò tái lăn,kg_20260602_172448,offline
menu_item:10485730,MenuItem,Phở Bò Sốt Vang,phở bò sốt vang,kg_20260602_172448,offline
menu_item:10485735,MenuItem,Phở Bò Gầu,phở bò gầu,kg_20260602_172448,offline
menu_item:10485737,MenuItem,Cơm Rang Dưa Bò,cơm rang dưa bò,kg_20260602_172448,offline
menu_item:10485741,MenuItem,Cơm Rang Cải Bò,cơm rang cải bò,kg_20260602_172448,offline
menu_item:10485750,MenuItem,Cơm Rang Sốt Vang,cơm rang sốt vang,kg_20260602_172448,offline
menu_item:10485752,MenuItem,Phở Xào Cải Bò,phở xào cải bò,kg_20260602_172448,offline
menu_item:10485754,MenuItem,Mỳ Xào Cải Bò,mỳ xào cải bò,kg_20260602_172448,offline
menu_item:10485756,MenuItem,Mỳ Ý Sốt Bỏ Bằm,mỳ ý sốt bỏ bằm,kg_20260602_172448,offline
menu_item:876288,MenuItem,Cơm thịt kho tàu trứng kèm chả lá lốt 1 trứng cuộn,cơm thịt kho tàu trứng kèm chả lá lốt 1 trứng cuộn,kg_20260602_172448,offline
menu_item:876289,MenuItem,Cơm sườn xào chua ngọt kèm chả lá lốt 1 trứng cuộn,cơm sườn xào chua ngọt kèm chả lá lốt 1 trứng cuộn,kg_20260602_172448,offline
menu_item:876290,MenuItem,Cơm Đậu Phụ Nhồi Thịt Sốt Cà Chua Trứng Ốp La,cơm đậu phụ nhồi thịt sốt cà chua trứng ốp la,kg_20260602_172448,offline
menu_item:876291,MenuItem,Cơm thịt heo nướng cốt lết,cơm thịt heo nướng cốt lết,kg_20260602_172448,offline
menu_item:876292,MenuItem,"Cơm bò sốt tiêu đen,Trứng Ốp","cơm bò sốt tiêu đen,trứng ốp",kg_20260602_172448,offline
menu_item:876293,MenuItem,Cơm thịt chân giò luộc,cơm thịt chân giò luộc,kg_20260602_172448,offline
menu_item:876294,MenuItem,Cơm Bò Sốt Tiêu Đen,cơm bò sốt tiêu đen,kg_20260602_172448,offline
menu_item:876295,MenuItem,Cơm Cánh gà chiên mắm,cơm cánh gà chiên mắm,kg_20260602_172448,offline
menu_item:876296,MenuItem,Cơm Đậu Phụ Nhồi Thịt Sốt Cà Chua,cơm đậu phụ nhồi thịt sốt cà chua,kg_20260602_172448,offline
menu_item:876297,MenuItem,Cơm Cánh gà sốt me chua ngọt,cơm cánh gà sốt me chua ngọt,kg_20260602_172448,offline
menu_item:876298,MenuItem,"Cơm Thịt Băm Với Đậu Và Ngô đậu , Trứng Ốp","cơm thịt băm với đậu và ngô đậu , trứng ốp",kg_20260602_172448,offline
menu_item:996310,MenuItem,cơm gà rang gừng xa ớt,cơm gà rang gừng xa ớt,kg_20260602_172448,offline
menu_item:1948765,MenuItem,cơm thịt kho tầu trứng kèm 1 chai cô ca,cơm thịt kho tầu trứng kèm 1 chai cô ca,kg_20260602_172448,offline
menu_item:1948767,MenuItem,cơm sườn xào chua ngọt kèm 1 chai cô ca,cơm sườn xào chua ngọt kèm 1 chai cô ca,kg_20260602_172448,offline
menu_item:1948768,MenuItem,cơm thịt giò luộc kèm 1 chai cô ca,cơm thịt giò luộc kèm 1 chai cô ca,kg_20260602_172448,offline
menu_item:1948769,MenuItem,cơm bò sốt tiêu đen kèm 1 chai cô ca,cơm bò sốt tiêu đen kèm 1 chai cô ca,kg_20260602_172448,offline
menu_item:2135850,MenuItem,cơm gà xào nấm,cơm gà xào nấm,kg_20260602_172448,offline
menu_item:2207056,MenuItem,cơm bò sôt tiêu đen kèm 1 chai trà đào hạt chia,cơm bò sôt tiêu đen kèm 1 chai trà đào hạt chia,kg_20260602_172448,offline
menu_item:2207059,MenuItem,cơm gà xào nấm kèm 1 chai trà đào hạt chia,cơm gà xào nấm kèm 1 chai trà đào hạt chia,kg_20260602_172448,offline
menu_item:7437953,MenuItem,cơm dưa xào bò,cơm dưa xào bò,kg_20260602_172448,offline
menu_item:9419692,MenuItem,cơm cá chiên xù kèm chả lá lốt trứng cuộn,cơm cá chiên xù kèm chả lá lốt trứng cuộn,kg_20260602_172448,offline
menu_item:11476481,MenuItem,cơm dưa xao thịt bò,cơm dưa xao thịt bò,kg_20260602_172448,offline
menu_item:11476482,MenuItem,cơm cá chiên xù kèm chả lá lốt 1 trứng cuộn,cơm cá chiên xù kèm chả lá lốt 1 trứng cuộn,kg_20260602_172448,offline
menu_item:876303,MenuItem,Thịt Kho Tầu Trứng,thịt kho tầu trứng,kg_20260602_172448,offline
menu_item:876306,MenuItem,Sườn Xào Chua Ngọt,sườn xào chua ngọt,kg_20260602_172448,offline
menu_item:876307,MenuItem,Thịt Chân Giò Luộc,thịt chân giò luộc,kg_20260602_172448,offline
menu_item:876309,MenuItem,Thịt Băm Ngô Đậu,thịt băm ngô đậu,kg_20260602_172448,offline
menu_item:876310,MenuItem,Thịt Côt Lết ( thịt nạc vai đầu giòn ),thịt côt lết ( thịt nạc vai đầu giòn ),kg_20260602_172448,offline
menu_item:2135852,MenuItem,gà xào nấm ăn thêm,gà xào nấm ăn thêm,kg_20260602_172448,offline
menu_item:4594509,MenuItem,thịt bò xào cần tỏi ko bao gồm cơm ăn thêm,thịt bò xào cần tỏi ko bao gồm cơm ăn thêm,kg_20260602_172448,offline
menu_item:5845619,MenuItem,thịt bọc trứng cút xốt xíu mại,thịt bọc trứng cút xốt xíu mại,kg_20260602_172448,offline
menu_item:3990153,MenuItem,gà xào nấm ăn thêm,gà xào nấm ăn thêm,kg_20260602_172448,offline
menu_item:6088651,MenuItem,tôm rang thịt ăn thêm ko kèm cơm,tôm rang thịt ăn thêm ko kèm cơm,kg_20260602_172448,offline
menu_item:11476480,MenuItem,Dưa xào bò ăn thêm ko bao gồm cơm,dưa xào bò ăn thêm ko bao gồm cơm,kg_20260602_172448,offline
menu_item:10171396,MenuItem,Cơm tấm sườn,cơm tấm sườn,kg_20260602_172448,offline
menu_item:10171397,MenuItem,Cơm tấm sườn bì,cơm tấm sườn bì,kg_20260602_172448,offline
menu_item:10171398,MenuItem,Cơm tấm sườn chả,cơm tấm sườn chả,kg_20260602_172448,offline
menu_item:10171399,MenuItem,Cơm tấm sườn trứng,cơm tấm sườn trứng,kg_20260602_172448,offline
menu_item:10171400,MenuItem,Cơm tấm sườn chả trứng,cơm tấm sườn chả trứng,kg_20260602_172448,offline
menu_item:10171401,MenuItem,Cơm tấm sườn chả trứng lạp xưởng,cơm tấm sườn chả trứng lạp xưởng,kg_20260602_172448,offline
menu_item:10171402,MenuItem,Cơm tấm sườn non,cơm tấm sườn non,kg_20260602_172448,offline
menu_item:10171403,MenuItem,Cơm tấm má heo,cơm tấm má heo,kg_20260602_172448,offline
menu_item:10171404,MenuItem,Cơm tấm ba chỉ luộc chấm mắm cá cơm,cơm tấm ba chỉ luộc chấm mắm cá cơm,kg_20260602_172448,offline
menu_item:10171405,MenuItem,Cơm gà chiên mắm Thái,cơm gà chiên mắm thái,kg_20260602_172448,offline
menu_item:10171406,MenuItem,Cơm tấm đặc biệt,cơm tấm đặc biệt,kg_20260602_172448,offline
menu_item:10171407,MenuItem,Cơm tấm ba chỉ nướng,cơm tấm ba chỉ nướng,kg_20260602_172448,offline
menu_item:10171409,MenuItem,Cơm tôm đất rang thịt,cơm tôm đất rang thịt,kg_20260602_172448,offline
menu_item:10171410,MenuItem,Cơm cá kho tộ thịt ba chỉ,cơm cá kho tộ thịt ba chỉ,kg_20260602_172448,offline
menu_item:7652938,MenuItem,Gà Phủ Pho Mai Tuyết (suất nhỡ),gà phủ pho mai tuyết (suất nhỡ),kg_20260602_172448,offline
menu_item:7653019,MenuItem,Gà Phủ Pho Mai Tuyết (suất lớn),gà phủ pho mai tuyết (suất lớn),kg_20260602_172448,offline
menu_item:7652936,MenuItem,Gà Phủ Sốt Kem Hành (suất nhỡ),gà phủ sốt kem hành (suất nhỡ),kg_20260602_172448,offline
menu_item:7652937,MenuItem,Gà Phủ Sốt Kem Hành (suất lớn),gà phủ sốt kem hành (suất lớn),kg_20260602_172448,offline
menu_item:10436407,MenuItem,Gà Phủ Sốt Trứng Muối Kim Sa (suất nhỡ),gà phủ sốt trứng muối kim sa (suất nhỡ),kg_20260602_172448,offline
menu_item:10481158,MenuItem,Gà Cầu Vồng 7 Sắc (suất nhỡ),gà cầu vồng 7 sắc (suất nhỡ),kg_20260602_172448,offline
menu_item:7651667,MenuItem,Gà Suất Nhỡ Truyền Thống,gà suất nhỡ truyền thống,kg_20260602_172448,offline
menu_item:7586659,MenuItem,Gà Suất nhỡ 1 sốt,gà suất nhỡ 1 sốt,kg_20260602_172448,offline
menu_item:7651666,MenuItem,Gà Suất Nhỡ 2 Sốt,gà suất nhỡ 2 sốt,kg_20260602_172448,offline
menu_item:7586660,MenuItem,Gà Suất Nhỡ 3 Sốt,gà suất nhỡ 3 sốt,kg_20260602_172448,offline
menu_item:7651671,MenuItem,Gà Suất Lớn Truyền Thống,gà suất lớn truyền thống,kg_20260602_172448,offline
menu_item:7651670,MenuItem,Gà Suất Lớn 1 Sốt,gà suất lớn 1 sốt,kg_20260602_172448,offline
menu_item:7651669,MenuItem,Gà Suất Lớn 2 Sốt,gà suất lớn 2 sốt,kg_20260602_172448,offline
menu_item:7651668,MenuItem,Gà Suất Lớn 3 Sốt,gà suất lớn 3 sốt,kg_20260602_172448,offline
menu_item:7654256,MenuItem,Cánh gà (4 miếng),cánh gà (4 miếng),kg_20260602_172448,offline
menu_item:7654305,MenuItem,Má Đùi (3 miếng),má đùi (3 miếng),kg_20260602_172448,offline
menu_item:11909292,MenuItem,Đùi Gà Rán (2 miếng),đùi gà rán (2 miếng),kg_20260602_172448,offline
menu_item:11909352,MenuItem,Combo Đùi,combo đùi,kg_20260602_172448,offline
menu_item:11909369,MenuItem,Combo Cánh,combo cánh,kg_20260602_172448,offline
menu_item:11909396,MenuItem,Combo Đùi Cánh,combo đùi cánh,kg_20260602_172448,offline
menu_item:7655230,MenuItem,Gà Popcorn,gà popcorn,kg_20260602_172448,offline
menu_item:10131534,MenuItem,Gà Xào Bắp Cải Phô Mai,gà xào bắp cải phô mai,kg_20260602_172448,offline
menu_item:10436399,MenuItem,1 Con Gà Ri Ủ Muối Hoa Tiêu,1 con gà ri ủ muối hoa tiêu,kg_20260602_172448,offline
menu_item:10436341,MenuItem,Chân Gà Sả Ớt Chua Cay Ngọt (hộp nhỏ),chân gà sả ớt chua cay ngọt (hộp nhỏ),kg_20260602_172448,offline
menu_item:10436346,MenuItem,Chân Gà Sả Ớt Chua Cay Ngọt (hộp to),chân gà sả ớt chua cay ngọt (hộp to),kg_20260602_172448,offline
menu_item:10436429,MenuItem,1 Lẩu Tokbokki Sốt Pho Mai Hàn Quốc,1 lẩu tokbokki sốt pho mai hàn quốc,kg_20260602_172448,offline
menu_item:10436431,MenuItem,2 Lẩu Tokbokki Sốt Pho Mai Hàn Quốc,2 lẩu tokbokki sốt pho mai hàn quốc,kg_20260602_172448,offline
menu_item:10131482,MenuItem,Cheesy Tokbokki,cheesy tokbokki,kg_20260602_172448,offline
menu_item:7655698,MenuItem,cheese balls (25 viên),cheese balls (25 viên),kg_20260602_172448,offline
menu_item:9224337,MenuItem,Cheese Balls (5 viên),cheese balls (5 viên),kg_20260602_172448,offline
menu_item:4867387,MenuItem,Bánh cuốn chả,bánh cuốn chả,kg_20260602_172448,offline
menu_item:4867388,MenuItem,Bánh cuốn trứng,bánh cuốn trứng,kg_20260602_172448,offline
menu_item:4867389,MenuItem,Bánh cuốn,bánh cuốn,kg_20260602_172448,offline
menu_item:4867390,MenuItem,Chân gà luộc,chân gà luộc,kg_20260602_172448,offline
menu_item:6406136,MenuItem,Gà Xé Hoàng Kim Giòn - 1/2 Con,gà xé hoàng kim giòn - 1/2 con,kg_20260602_172448,offline
menu_item:6406148,MenuItem,Gà Xé Sợi Kiểu Pháp - 1/2 Con,gà xé sợi kiểu pháp - 1/2 con,kg_20260602_172448,offline
menu_item:6406165,MenuItem,Gà Xé Sốt Mật Ong - 1/2 Con,gà xé sốt mật ong - 1/2 con,kg_20260602_172448,offline
menu_item:6037324,MenuItem,Burger Gà Cay,burger gà cay,kg_20260602_172448,offline
menu_item:6037325,MenuItem,Burger Gà Giòn,burger gà giòn,kg_20260602_172448,offline
menu_item:6037326,MenuItem,Burger Bò,burger bò,kg_20260602_172448,offline
menu_item:6037338,MenuItem,Mì Ý Sốt Tiêu Đen,mì ý sốt tiêu đen,kg_20260602_172448,offline
menu_item:8070975,MenuItem,Mì Ý Sốt Thịt Băm,mì ý sốt thịt băm,kg_20260602_172448,offline
menu_item:6037339,MenuItem,Gà Phi Lê Giòn Sốt Hàn,gà phi lê giòn sốt hàn,kg_20260602_172448,offline
menu_item:6037340,MenuItem,Gà Nguyên Vị,gà nguyên vị,kg_20260602_172448,offline
menu_item:6037341,MenuItem,Đùi Gà Giòn,đùi gà giòn,kg_20260602_172448,offline
menu_item:6037342,MenuItem,Cánh Gà Giòn Thơm,cánh gà giòn thơm,kg_20260602_172448,offline
menu_item:6037343,MenuItem,Cánh Nướng Kiểu Pháp,cánh nướng kiểu pháp,kg_20260602_172448,offline
menu_item:6037344,MenuItem,Cánh Gà Cay,cánh gà cay,kg_20260602_172448,offline
menu_item:6037345,MenuItem,Nguyên Cánh Nướng Kiểu Pháp,nguyên cánh nướng kiểu pháp,kg_20260602_172448,offline
menu_item:6037346,MenuItem,Cánh Gà Hoàng Kim,cánh gà hoàng kim,kg_20260602_172448,offline
menu_item:6037347,MenuItem,Gà Viên,gà viên,kg_20260602_172448,offline
menu_item:7119568,MenuItem,Khoai Tây Chiên Lắc Phô Mai,khoai tây chiên lắc phô mai,kg_20260602_172448,offline
menu_item:8326343,MenuItem,XIÊN GÀ ĐẢO VÀNG 2 XIÊN,xiên gà đảo vàng 2 xiên,kg_20260602_172448,offline
menu_item:8326357,MenuItem,CỔ GÀ KIM LỘC 2 CÁI,cổ gà kim lộc 2 cái,kg_20260602_172448,offline
menu_item:8326373,MenuItem,PHI LÊ GÀ LỤC YÊN,phi lê gà lục yên,kg_20260602_172448,offline
menu_item:6037357,MenuItem,Cơm Đùi Gà,cơm đùi gà,kg_20260602_172448,offline
menu_item:6037358,MenuItem,Cơm Cánh Gà,cơm cánh gà,kg_20260602_172448,offline
menu_item:9219909,MenuItem,Cơm cari gà,cơm cari gà,kg_20260602_172448,offline
menu_item:9219917,MenuItem,Cơm Gà Shou Ba Ji,cơm gà shou ba ji,kg_20260602_172448,offline
menu_item:9219924,MenuItem,Cơm Gà Hei Jiang,cơm gà hei jiang,kg_20260602_172448,offline
menu_item:6037361,MenuItem,Combo Burger Gà,combo burger gà,kg_20260602_172448,offline
menu_item:6037369,MenuItem,Mỳ Ý - Coca Cola - Cỡ M,mỳ ý - coca cola - cỡ m,kg_20260602_172448,offline
menu_item:6037370,MenuItem,Mỳ Ý - Salad Rau Củ,mỳ ý - salad rau củ,kg_20260602_172448,offline
menu_item:6037371,MenuItem,Mỳ Ý - Gà Nguyên Vị - Coca Cola - Cỡ M,mỳ ý - gà nguyên vị - coca cola - cỡ m,kg_20260602_172448,offline
menu_item:6037372,MenuItem,Mỳ Ý - Gà Nguyên Vị - Salad Rau Củ,mỳ ý - gà nguyên vị - salad rau củ,kg_20260602_172448,offline
menu_item:5202115,MenuItem,Cơm Gà Xào Sả Ớt + Món Phụ,cơm gà xào sả ớt + món phụ,kg_20260602_172448,offline
menu_item:5202116,MenuItem,Cơm Fillet Gà Tẩm Bột + Món Phụ,cơm fillet gà tẩm bột + món phụ,kg_20260602_172448,offline
menu_item:5202117,MenuItem,Cơm Gà Rang Gừng ( gà ta ) + Món Phụ,cơm gà rang gừng ( gà ta ) + món phụ,kg_20260602_172448,offline
menu_item:5202118,MenuItem,Cơm Thịt Kho Trứng + Món Phụ,cơm thịt kho trứng + món phụ,kg_20260602_172448,offline
menu_item:5202119,MenuItem,Cơm Thịt Rang Cháy Cạnh + Món Phụ,cơm thịt rang cháy cạnh + món phụ,kg_20260602_172448,offline
menu_item:5202120,MenuItem,Cơm Mắm Tép Chưng Thịt + Món Phụ,cơm mắm tép chưng thịt + món phụ,kg_20260602_172448,offline
menu_item:5202121,MenuItem,Cơm Thịt Chân Giò Luộc + Món Phụ,cơm thịt chân giò luộc + món phụ,kg_20260602_172448,offline
menu_item:5202122,MenuItem,Cơm Cá Chiên Giòn + Món Phụ,cơm cá chiên giòn + món phụ,kg_20260602_172448,offline
menu_item:5202123,MenuItem,Cơm Cá Nục Kho Tiêu + Món Phụ,cơm cá nục kho tiêu + món phụ,kg_20260602_172448,offline
menu_item:5202124,MenuItem,Cơm Bò Xào Măng + Món Phụ,cơm bò xào măng + món phụ,kg_20260602_172448,offline
menu_item:5202125,MenuItem,Cơm Cá Trắm Kho Riềng + Món Phụ,cơm cá trắm kho riềng + món phụ,kg_20260602_172448,offline
menu_item:5202126,MenuItem,Cơm Trứng Đúc Thịt + Món Phụ,cơm trứng đúc thịt + món phụ,kg_20260602_172448,offline
menu_item:5202127,MenuItem,Cơm Healthy,cơm healthy,kg_20260602_172448,offline
menu_item:5223192,MenuItem,Cơm Sườn Xào Chua Ngọt + Món Phụ,cơm sườn xào chua ngọt + món phụ,kg_20260602_172448,offline
menu_item:5223194,MenuItem,Cơm Tôm Đồng Đảo Hành Hoa + Món Phụ,cơm tôm đồng đảo hành hoa + món phụ,kg_20260602_172448,offline
menu_item:5231848,MenuItem,Cơm Cá Trắm Sốt Cà + Món Phụ,cơm cá trắm sốt cà + món phụ,kg_20260602_172448,offline
menu_item:5276947,MenuItem,Cơm Chả Lá Lốt + Món Phụ,cơm chả lá lốt + món phụ,kg_20260602_172448,offline
menu_item:5438993,MenuItem,Cơm Cá Cơm Chua Ngọt + Thịt Luộc + Món Phụ,cơm cá cơm chua ngọt + thịt luộc + món phụ,kg_20260602_172448,offline
menu_item:11574641,MenuItem,Cơm thịt nạc vai rán,cơm thịt nạc vai rán,kg_20260602_172448,offline
menu_item:1016490,MenuItem,Cơm rang 10 Cẩm tặng kèm 1 ly coca( bao gồm bát giấy),cơm rang 10 cẩm tặng kèm 1 ly coca( bao gồm bát giấy),kg_20260602_172448,offline
menu_item:1016494,MenuItem,Cơm rang dồi sụn tặng 1 ly coca(bao gồm bát giấy),cơm rang dồi sụn tặng 1 ly coca(bao gồm bát giấy),kg_20260602_172448,offline
menu_item:1016548,MenuItem,Cơm rang hải sản tặng 1 ly coca(bao gồm bát giấy),cơm rang hải sản tặng 1 ly coca(bao gồm bát giấy),kg_20260602_172448,offline
menu_item:2149384,MenuItem,"Cơm Rang Dưa Bò, Tặng 1 ly coca(bao gồm bát giấy)","cơm rang dưa bò, tặng 1 ly coca(bao gồm bát giấy)",kg_20260602_172448,offline
menu_item:5496956,MenuItem,Cơm Ba Chỉ Chiên Giòn tặng 1 ly coca(bao gồm bát giấy),cơm ba chỉ chiên giòn tặng 1 ly coca(bao gồm bát giấy),kg_20260602_172448,offline
menu_item:5496962,MenuItem,Cơm Rang Xúc Xích Kèm 1ly coca(bao gồm bát giấy),cơm rang xúc xích kèm 1ly coca(bao gồm bát giấy),kg_20260602_172448,offline
menu_item:5496966,MenuItem,Cơm Rang Đùi Gà Xé kèm 1ly coca (bao gồm bát giấy),cơm rang đùi gà xé kèm 1ly coca (bao gồm bát giấy),kg_20260602_172448,offline
menu_item:5496968,MenuItem,Cơm Rang Thịt Chưng Mắn Tép kèm 1ly coca(bao gồm bát giấy),cơm rang thịt chưng mắn tép kèm 1ly coca(bao gồm bát giấy),kg_20260602_172448,offline
menu_item:5497529,MenuItem,Cơm Rang Đùi Gà Sốt kèm 1 ly coca( bao gồm bát giấy),cơm rang đùi gà sốt kèm 1 ly coca( bao gồm bát giấy),kg_20260602_172448,offline
menu_item:5497530,MenuItem,Cơm Rang Trứng Dưa kèm 1ly coca(bao gồm bát giấy),cơm rang trứng dưa kèm 1ly coca(bao gồm bát giấy),kg_20260602_172448,offline
menu_item:5497532,MenuItem,Cơm Rang Trứng kèm 1 ly coca(bao gồm hộp giấy),cơm rang trứng kèm 1 ly coca(bao gồm hộp giấy),kg_20260602_172448,offline
menu_item:5497534,MenuItem,Cơm Rang Giò Nạc kèm 1 ly coca(bao gồm hộp giấy),cơm rang giò nạc kèm 1 ly coca(bao gồm hộp giấy),kg_20260602_172448,offline
menu_item:5497536,MenuItem,Cơm Rang Ngô Dưa Chua kèm 1 ly coca(bao gồm bát giấy),cơm rang ngô dưa chua kèm 1 ly coca(bao gồm bát giấy),kg_20260602_172448,offline
menu_item:10410092,MenuItem,Cơm Rang Lạp Xưởng Nướng Đá 2 cái kèm 1ly coca,cơm rang lạp xưởng nướng đá 2 cái kèm 1ly coca,kg_20260602_172448,offline
menu_item:10845574,MenuItem,Mỳ Trộn Nem Chua Rán,mỳ trộn nem chua rán,kg_20260602_172448,offline
menu_item:10845580,MenuItem,Mỳ Trộn Thập Cẩm,mỳ trộn thập cẩm,kg_20260602_172448,offline
menu_item:10845588,MenuItem,Mỳ Trộn Xúc Xich 2 cái,mỳ trộn xúc xich 2 cái,kg_20260602_172448,offline
menu_item:10845593,MenuItem,Mỳ trộn Hình Tôm,mỳ trộn hình tôm,kg_20260602_172448,offline
menu_item:10845602,MenuItem,Mỳ trộn Mực Xoắn,mỳ trộn mực xoắn,kg_20260602_172448,offline
menu_item:10845878,MenuItem,Mỳ trộn sủi Cảo nhân thịt,mỳ trộn sủi cảo nhân thịt,kg_20260602_172448,offline
menu_item:10845882,MenuItem,Mỳ trộn Viên Chiên,mỳ trộn viên chiên,kg_20260602_172448,offline
menu_item:10845886,MenuItem,Mỳ trộn Lạp Xưởng Nướng Đá 2 cái,mỳ trộn lạp xưởng nướng đá 2 cái,kg_20260602_172448,offline
menu_item:10845890,MenuItem,Mỳ trộn TrỨng Ốp La 2 quả,mỳ trộn trứng ốp la 2 quả,kg_20260602_172448,offline
menu_item:10845896,MenuItem,Mỳ Trộn Dồi Sụn 2 cái,mỳ trộn dồi sụn 2 cái,kg_20260602_172448,offline
menu_item:881818,MenuItem,đùi gà sốt,đùi gà sốt,kg_20260602_172448,offline
menu_item:9113549,MenuItem,Sủi Cảo Chiên SL 10,sủi cảo chiên sl 10,kg_20260602_172448,offline
menu_item:9113550,MenuItem,Mực Xoắn Chiên SL 10,mực xoắn chiên sl 10,kg_20260602_172448,offline
menu_item:9113551,MenuItem,Hình Tôm Chiên SL 10,hình tôm chiên sl 10,kg_20260602_172448,offline
menu_item:9113552,MenuItem,Viên chiên Sl 30 viên,viên chiên sl 30 viên,kg_20260602_172448,offline
menu_item:9113554,MenuItem,Sét Ăn Vặt,sét ăn vặt,kg_20260602_172448,offline
menu_item:9128144,MenuItem,Viên Hình tôm + sủi cảo + mực xoăn Sl 10,viên hình tôm + sủi cảo + mực xoăn sl 10,kg_20260602_172448,offline
menu_item:10409106,MenuItem,Lạp Xưởng Nướng Đá 1c (bột Ớt),lạp xưởng nướng đá 1c (bột ớt),kg_20260602_172448,offline
menu_item:10412988,MenuItem,Nem Chua Rán Phố Cổ 5 cái,nem chua rán phố cổ 5 cái,kg_20260602_172448,offline
menu_item:10412994,MenuItem,Nem Chua Rán Phố Cổ 10 cái,nem chua rán phố cổ 10 cái,kg_20260602_172448,offline
menu_item:11629556,MenuItem,Cơm rang đảo gà,cơm rang đảo gà,kg_20260602_172448,offline
menu_item:11629557,MenuItem,Cơm rang thập cẩm,cơm rang thập cẩm,kg_20260602_172448,offline
menu_item:11629558,MenuItem,Cơm rang đùi gà xối mỡ,cơm rang đùi gà xối mỡ,kg_20260602_172448,offline
menu_item:11629559,MenuItem,Cơm rang xá xíu,cơm rang xá xíu,kg_20260602_172448,offline
menu_item:11629560,MenuItem,Cơm rang mắm tép,cơm rang mắm tép,kg_20260602_172448,offline
menu_item:11629561,MenuItem,Cơm rang dưa bò,cơm rang dưa bò,kg_20260602_172448,offline
menu_item:11532538,MenuItem,Bún đậu thịt heo chân giò,bún đậu thịt heo chân giò,kg_20260602_172448,offline
menu_item:11537517,MenuItem,Bún đậu chả cốm,bún đậu chả cốm,kg_20260602_172448,offline
menu_item:11538982,MenuItem,Bún đậu đặc biệt full topping,bún đậu đặc biệt full topping,kg_20260602_172448,offline
menu_item:11538983,MenuItem,Bún đậu thịt lòng rán,bún đậu thịt lòng rán,kg_20260602_172448,offline
menu_item:11538984,MenuItem,Bún đậu thịt chả cốm,bún đậu thịt chả cốm,kg_20260602_172448,offline
menu_item:11538985,MenuItem,Bún đậu lòng rán,bún đậu lòng rán,kg_20260602_172448,offline
menu_item:11625877,MenuItem,Bánh Cuốn Thanh Trì,bánh cuốn thanh trì,kg_20260602_172448,offline
menu_item:11625879,MenuItem,Bánh cuốn thanh trì + chả quế,bánh cuốn thanh trì + chả quế,kg_20260602_172448,offline
menu_item:4851412,MenuItem,Gà nửa con kèm sốt,gà nửa con kèm sốt,kg_20260602_172448,offline
menu_item:4851414,MenuItem,Gà viên lắc phomai,gà viên lắc phomai,kg_20260602_172448,offline
menu_item:4851415,MenuItem,Gà truyền thống ketchup nửa con,gà truyền thống ketchup nửa con,kg_20260602_172448,offline
menu_item:4851416,MenuItem,2 đùi gà chiên truyền thống,2 đùi gà chiên truyền thống,kg_20260602_172448,offline
menu_item:4851418,MenuItem,2 cánh gà chiên truyền thống,2 cánh gà chiên truyền thống,kg_20260602_172448,offline
menu_item:4851419,MenuItem,Tokbokki chả cá Hàn Quốc,tokbokki chả cá hàn quốc,kg_20260602_172448,offline
menu_item:4851425,MenuItem,2 đùi gà chiên kèm sốt,2 đùi gà chiên kèm sốt,kg_20260602_172448,offline
menu_item:4851426,MenuItem,2 cánh gà chiên kèm sốt,2 cánh gà chiên kèm sốt,kg_20260602_172448,offline
menu_item:4851427,MenuItem,Gà viên kèm sốt,gà viên kèm sốt,kg_20260602_172448,offline
menu_item:4851428,MenuItem,Gà viên truyền thống ketchup,gà viên truyền thống ketchup,kg_20260602_172448,offline
menu_item:4851434,MenuItem,Khoai tây chiên lắc phomai to,khoai tây chiên lắc phomai to,kg_20260602_172448,offline
menu_item:4851435,MenuItem,Khoai tây chiên to,khoai tây chiên to,kg_20260602_172448,offline
menu_item:4053683,MenuItem,Phở đùi gà,phở đùi gà,kg_20260602_172448,offline
menu_item:4106353,MenuItem,Phở bò tái,phở bò tái,kg_20260602_172448,offline
menu_item:4106469,MenuItem,Phở gà,phở gà,kg_20260602_172448,offline
menu_item:4106470,MenuItem,Phở bò chín,phở bò chín,kg_20260602_172448,offline
menu_item:4106471,MenuItem,Phở gầu,phở gầu,kg_20260602_172448,offline
menu_item:4106472,MenuItem,Phở tái gầu,phở tái gầu,kg_20260602_172448,offline
menu_item:4106473,MenuItem,Phở sốt vang,phở sốt vang,kg_20260602_172448,offline
menu_item:4106474,MenuItem,Bún ngan,bún ngan,kg_20260602_172448,offline
menu_item:4106475,MenuItem,Bún gà,bún gà,kg_20260602_172448,offline
menu_item:4106476,MenuItem,Miến ngan,miến ngan,kg_20260602_172448,offline
menu_item:4106477,MenuItem,Miến gà,miến gà,kg_20260602_172448,offline
menu_item:4106478,MenuItem,Mỳ tôm bò,mỳ tôm bò,kg_20260602_172448,offline
menu_item:4106479,MenuItem,Mỳ tôm gà,mỳ tôm gà,kg_20260602_172448,offline
menu_item:11918004,MenuItem,Combo 2 Bún chả miếng,combo 2 bún chả miếng,kg_20260602_172448,offline
menu_item:375388,MenuItem,Combo 2 bún chả lẫn,combo 2 bún chả lẫn,kg_20260602_172448,offline
menu_item:375389,MenuItem,Combo 2 bún chả băm viên,combo 2 bún chả băm viên,kg_20260602_172448,offline
menu_item:375390,MenuItem,5 bún chả lẫn,5 bún chả lẫn,kg_20260602_172448,offline
menu_item:375391,MenuItem,Combo bún chả lẫn - Coca Cola,combo bún chả lẫn - coca cola,kg_20260602_172448,offline
menu_item:375392,MenuItem,Combo bún chả băm viên - Coca Cola,combo bún chả băm viên - coca cola,kg_20260602_172448,offline
menu_item:375394,MenuItem,Combo bún chả miếng - Coca Cola,combo bún chả miếng - coca cola,kg_20260602_172448,offline
menu_item:9767083,MenuItem,2 suất bún chả lẫn - 2 suất bún chả băm viên - 1 Coca Cola 1 lít 5,2 suất bún chả lẫn - 2 suất bún chả băm viên - 1 coca cola 1 lít 5,kg_20260602_172448,offline
menu_item:375395,MenuItem,Bún chả lẫn,bún chả lẫn,kg_20260602_172448,offline
menu_item:375396,MenuItem,Bún chả băm viên,bún chả băm viên,kg_20260602_172448,offline
menu_item:375397,MenuItem,Bún chả miếng,bún chả miếng,kg_20260602_172448,offline
menu_item:375399,MenuItem,Bún chả nem,bún chả nem,kg_20260602_172448,offline
menu_item:8462053,MenuItem,Tokbokki sốt phô mai cay,tokbokki sốt phô mai cay,kg_20260602_172448,offline
menu_item:8462057,MenuItem,Tokbokki sốt rose cay,tokbokki sốt rose cay,kg_20260602_172448,offline
menu_item:8462419,MenuItem,Tokbokki sốt rose,tokbokki sốt rose,kg_20260602_172448,offline
menu_item:8311284,MenuItem,Mì Ý sốt bò bằm lớn,mì ý sốt bò bằm lớn,kg_20260602_172448,offline
menu_item:8338093,MenuItem,Mì Ý Sốt Bò Bằm Lớn+ 1 pepsi,mì ý sốt bò bằm lớn+ 1 pepsi,kg_20260602_172448,offline
menu_item:8338150,MenuItem,Gà rán nửa con sốt Hot&Sweet,gà rán nửa con sốt hot&sweet,kg_20260602_172448,offline
menu_item:8338151,MenuItem,Gà rán nửa con sốt tương tỏi,gà rán nửa con sốt tương tỏi,kg_20260602_172448,offline
menu_item:8338152,MenuItem,Gà rán nửa con sốt Habon cay,gà rán nửa con sốt habon cay,kg_20260602_172448,offline
menu_item:8338154,MenuItem,Gà rán nửa con sốt habon không cay,gà rán nửa con sốt habon không cay,kg_20260602_172448,offline
menu_item:8338155,MenuItem,Gà rán nửa con sốt hàn ngọt,gà rán nửa con sốt hàn ngọt,kg_20260602_172448,offline
menu_item:8338156,MenuItem,Gà rán nửa con lắc phô mai,gà rán nửa con lắc phô mai,kg_20260602_172448,offline
menu_item:8338157,MenuItem,Gà rán nửa con truyền thống,gà rán nửa con truyền thống,kg_20260602_172448,offline
menu_item:8338166,MenuItem,Gà rán nửa con sốt kem,gà rán nửa con sốt kem,kg_20260602_172448,offline
menu_item:8565059,MenuItem,Gà rán nửa con sốt Phô Mai,gà rán nửa con sốt phô mai,kg_20260602_172448,offline
menu_item:8462060,MenuItem,Popcorn Truyền Thống,popcorn truyền thống,kg_20260602_172448,offline
menu_item:8462062,MenuItem,Popcorn Lắc Phô Mai,popcorn lắc phô mai,kg_20260602_172448,offline
menu_item:8462063,MenuItem,Da Gà Truyền Thống,da gà truyền thống,kg_20260602_172448,offline
menu_item:8462064,MenuItem,Da Gà Lắc Phô Mai,da gà lắc phô mai,kg_20260602_172448,offline
menu_item:11006210,MenuItem,Gà viên mix lắc phô mai/sốt Hàn kèm cơm S [HOT],gà viên mix lắc phô mai/sốt hàn kèm cơm s [hot],kg_20260602_172448,offline
menu_item:11006248,MenuItem,Gà viên sốt phômai/ sốt Hàn/kem hành M [HOT],gà viên sốt phômai/ sốt hàn/kem hành m [hot],kg_20260602_172448,offline
menu_item:11190362,MenuItem,Gà mix sốt kem hành/ sốt phômai kèm cơm S,gà mix sốt kem hành/ sốt phômai kèm cơm s,kg_20260602_172448,offline
menu_item:11468065,MenuItem,Gà mix sốt phômai cay/sốt Hàn S,gà mix sốt phômai cay/sốt hàn s,kg_20260602_172448,offline
menu_item:11468067,MenuItem,Gà mix sốt kem hành/sốt Hàn kèm cơm S,gà mix sốt kem hành/sốt hàn kèm cơm s,kg_20260602_172448,offline
menu_item:12175053,MenuItem,Gà mix sốt phômai/ sốt Hàn/kem hành L [HOT],gà mix sốt phômai/ sốt hàn/kem hành l [hot],kg_20260602_172448,offline
menu_item:10951733,MenuItem,Gà sốt kem hành size vừa tặng cơm S [HOT],gà sốt kem hành size vừa tặng cơm s [hot],kg_20260602_172448,offline
menu_item:10951736,MenuItem,Gà miếng sốt kem hành M,gà miếng sốt kem hành m,kg_20260602_172448,offline
menu_item:12173421,MenuItem,Gà rán sốt kem hành L,gà rán sốt kem hành l,kg_20260602_172448,offline
menu_item:11006373,MenuItem,Gà sốt phô mai M,gà sốt phô mai m,kg_20260602_172448,offline
menu_item:11024205,MenuItem,Gà sốt phômai size vừa tặng cơm S,gà sốt phômai size vừa tặng cơm s,kg_20260602_172448,offline
menu_item:12174753,MenuItem,Gà sốt phômai L,gà sốt phômai l,kg_20260602_172448,offline
menu_item:10951737,MenuItem,Gà miếng lắc phô mai M,gà miếng lắc phô mai m,kg_20260602_172448,offline
menu_item:11006358,MenuItem,Gà lắc phô mai size vừa tặng cơm S,gà lắc phô mai size vừa tặng cơm s,kg_20260602_172448,offline
menu_item:12174973,MenuItem,Gà lắc phômai L,gà lắc phômai l,kg_20260602_172448,offline
menu_item:10951756,MenuItem,Gà tắm nc mắm size vừa tặng cơm S,gà tắm nc mắm size vừa tặng cơm s,kg_20260602_172448,offline
menu_item:11024385,MenuItem,Gà miếng tắm nc mắm M,gà miếng tắm nc mắm m,kg_20260602_172448,offline
menu_item:12174869,MenuItem,Gà tắm nc mắm L,gà tắm nc mắm l,kg_20260602_172448,offline
menu_item:10951735,MenuItem,Gà miếng sốt Hàn M,gà miếng sốt hàn m,kg_20260602_172448,offline
menu_item:11006420,MenuItem,Gà sốt Hàn size vừa tặng cơm S,gà sốt hàn size vừa tặng cơm s,kg_20260602_172448,offline
menu_item:12174820,MenuItem,Gà sốt Hàn L,gà sốt hàn l,kg_20260602_172448,offline
menu_item:10951741,MenuItem,Mì trộn xúc xích trứg sốt phômai [HOT],mì trộn xúc xích trứg sốt phômai [hot],kg_20260602_172448,offline
menu_item:10951742,MenuItem,Tokbokki [HOT],tokbokki [hot],kg_20260602_172448,offline
menu_item:10951743,MenuItem,Tok gà,tok gà,kg_20260602_172448,offline
menu_item:10951745,MenuItem,Mì tương đen,mì tương đen,kg_20260602_172448,offline
menu_item:11024245,MenuItem,Tokbokki sốt phômai [HOT],tokbokki sốt phômai [hot],kg_20260602_172448,offline
menu_item:11070333,MenuItem,Mì tương đen trứng,mì tương đen trứng,kg_20260602_172448,offline
menu_item:11112325,MenuItem,Cơm trộn bò chuẩn Hàn sốt phômai[HOT],cơm trộn bò chuẩn hàn sốt phômai[hot],kg_20260602_172448,offline
menu_item:11112356,MenuItem,Mì trộn bò sốt Hàn,mì trộn bò sốt hàn,kg_20260602_172448,offline
menu_item:11268598,MenuItem,Cơm trộn Hàn xúc xích phômai,cơm trộn hàn xúc xích phômai,kg_20260602_172448,offline
menu_item:11268704,MenuItem,Mì phômai gà chiên[HOT],mì phômai gà chiên[hot],kg_20260602_172448,offline
menu_item:10951761,MenuItem,Combo2 vui vẻ 3 món tặng Matcha,combo2 vui vẻ 3 món tặng matcha,kg_20260602_172448,offline
menu_item:10951762,MenuItem,Combo1 vui vẻ 3 món tặng Matcha,combo1 vui vẻ 3 món tặng matcha,kg_20260602_172448,offline
menu_item:12174891,MenuItem,Gà sốt phômai cay S tặng cơm,gà sốt phômai cay s tặng cơm,kg_20260602_172448,offline
menu_item:12174900,MenuItem,Gà sốt phômai cay M,gà sốt phômai cay m,kg_20260602_172448,offline
menu_item:12174909,MenuItem,Gà sốt phômai cay L,gà sốt phômai cay l,kg_20260602_172448,offline
menu_item:2453327,MenuItem,Bánh cuốn nhân thịt,bánh cuốn nhân thịt,kg_20260602_172448,offline
menu_item:2453328,MenuItem,Bánh cuốn trứng,bánh cuốn trứng,kg_20260602_172448,offline
menu_item:2453329,MenuItem,Chả mỡ,chả mỡ,kg_20260602_172448,offline
menu_item:2453330,MenuItem,Bánh Cuốn Chay,bánh cuốn chay,kg_20260602_172448,offline
menu_item:2453331,MenuItem,Bánh Cuốn Nhân Hành,bánh cuốn nhân hành,kg_20260602_172448,offline
menu_item:2453332,MenuItem,Bánh cuốn trứng chả,bánh cuốn trứng chả,kg_20260602_172448,offline
menu_item:2453333,MenuItem,Chả Mực,chả mực,kg_20260602_172448,offline
menu_item:2453334,MenuItem,Chả Cá,chả cá,kg_20260602_172448,offline
menu_item:11741892,MenuItem,Mì Ý Sốt Cay vừa,mì ý sốt cay vừa,kg_20260602_172448,offline
menu_item:11741893,MenuItem,Mì Ý Sốt Cay vừa + 1 Pepsi vừa,mì ý sốt cay vừa + 1 pepsi vừa,kg_20260602_172448,offline
menu_item:11741894,MenuItem,Mì Ý Sốt Cay vừa + 1 Miếng Gà Giòn Vui Vẻ + 1 Pepsi vừa,mì ý sốt cay vừa + 1 miếng gà giòn vui vẻ + 1 pepsi vừa,kg_20260602_172448,offline
menu_item:2640118,MenuItem,2 Miếng gà giòn vui vẻ + 1 Khoai tây chiên vừa + 1 Nước ngọt lớn,2 miếng gà giòn vui vẻ + 1 khoai tây chiên vừa + 1 nước ngọt lớn,kg_20260602_172448,offline
menu_item:2640119,MenuItem,2 Miếng gà giòn vui vẻ + 1 Bánh xoài đào + 1 Nước ngọt lớn,2 miếng gà giòn vui vẻ + 1 bánh xoài đào + 1 nước ngọt lớn,kg_20260602_172448,offline
menu_item:2640120,MenuItem,1 Miếng gà giòn vui vẻ + 1 Khoai tây chiên vừa + 1 Bánh xoài đào + 1 Nước ngọt lớn,1 miếng gà giòn vui vẻ + 1 khoai tây chiên vừa + 1 bánh xoài đào + 1 nước ngọt lớn,kg_20260602_172448,offline
menu_item:2640125,MenuItem,1 Miếng gà giòn vui vẻ + 1 Khoai tây chiên vừa + 1 Nước ngọt lớn,1 miếng gà giòn vui vẻ + 1 khoai tây chiên vừa + 1 nước ngọt lớn,kg_20260602_172448,offline
menu_item:2640126,MenuItem,1 Cơm gà giòn vui vẻ + 1 Súp bí đỏ + 1 Nước ngọt lớn,1 cơm gà giòn vui vẻ + 1 súp bí đỏ + 1 nước ngọt lớn,kg_20260602_172448,offline
menu_item:2640171,MenuItem,1 Miếng gà giòn vui vẻ,1 miếng gà giòn vui vẻ,kg_20260602_172448,offline
menu_item:7225351,MenuItem,Cơm gà mắm tỏi,cơm gà mắm tỏi,kg_20260602_172448,offline
menu_item:9612627,MenuItem,Combo cơm gà mắm tỏi,combo cơm gà mắm tỏi,kg_20260602_172448,offline
menu_item:330421,MenuItem,2 Miếng gà sốt cay + 1 Khoai tây chiên vừa + 1 Nước ngọt lớn,2 miếng gà sốt cay + 1 khoai tây chiên vừa + 1 nước ngọt lớn,kg_20260602_172448,offline
menu_item:330424,MenuItem,1 Miếng gà sốt cay + 1 Khoai tây chiên vừa + 1 Bánh xoài đào + 1 Nước ngọt lớn,1 miếng gà sốt cay + 1 khoai tây chiên vừa + 1 bánh xoài đào + 1 nước ngọt lớn,kg_20260602_172448,offline
menu_item:330494,MenuItem,1 Miếng gà sốt cay,1 miếng gà sốt cay,kg_20260602_172448,offline
menu_item:1967021,MenuItem,1 Miếng gà sốt cay + 1 Khoai tây chiên vừa + 1 Nước ngọt lớn.,1 miếng gà sốt cay + 1 khoai tây chiên vừa + 1 nước ngọt lớn.,kg_20260602_172448,offline
menu_item:1967037,MenuItem,2 Miếng gà sốt cay + 1 Nước ngọt lớn.,2 miếng gà sốt cay + 1 nước ngọt lớn.,kg_20260602_172448,offline
menu_item:1967043,MenuItem,1 Cơm gà sốt cay + 1 Súp bí đỏ + 1 Nước ngọt lớn.,1 cơm gà sốt cay + 1 súp bí đỏ + 1 nước ngọt lớn.,kg_20260602_172448,offline
menu_item:330532,MenuItem,1 Mỳ Ý Jolly vừa + 2 Miếng Gà Giòn Vui Vẻ không xương + 1 Khoai tây chiên vừa + 1 Nước ngọt lớn.,1 mỳ ý jolly vừa + 2 miếng gà giòn vui vẻ không xương + 1 khoai tây chiên vừa + 1 nước ngọt lớn.,kg_20260602_172448,offline
menu_item:330550,MenuItem,1 Mỳ Ý Jolly vừa + 2 Gà Giòn Vui Vẻ không xương + 1 Nước ngọt lớn.,1 mỳ ý jolly vừa + 2 gà giòn vui vẻ không xương + 1 nước ngọt lớn.,kg_20260602_172448,offline
menu_item:330555,MenuItem,1 Mỳ Ý Jolly vừa + 1 Khoai tây chiên vừa + 1 Nước ngọt lớn.,1 mỳ ý jolly vừa + 1 khoai tây chiên vừa + 1 nước ngọt lớn.,kg_20260602_172448,offline
menu_item:2640173,MenuItem,1 Mỳ Ý Jolly vừa + 1 Miếng gà giòn vui vẻ + 1 Khoai tây chiên vừa + 1 Nước ngọt lớn.,1 mỳ ý jolly vừa + 1 miếng gà giòn vui vẻ + 1 khoai tây chiên vừa + 1 nước ngọt lớn.,kg_20260602_172448,offline
menu_item:2640175,MenuItem,1 Mỳ Ý Jolly vừa + 1 Miếng gà giòn vui vẻ + 1 Nước ngọt lớn.,1 mỳ ý jolly vừa + 1 miếng gà giòn vui vẻ + 1 nước ngọt lớn.,kg_20260602_172448,offline
menu_item:330564,MenuItem,1 Sandwich Gà + 1 Khoai tây lắc vị thịt nướng BBQ vừa + 1 Nước ngọt lớn,1 sandwich gà + 1 khoai tây lắc vị thịt nướng bbq vừa + 1 nước ngọt lớn,kg_20260602_172448,offline
menu_item:5254022,MenuItem,Burger Tôm,burger tôm,kg_20260602_172448,offline
menu_item:5254023,MenuItem,Combo Burger Tôm 1,combo burger tôm 1,kg_20260602_172448,offline
menu_item:5254024,MenuItem,Combo Burger Tôm 2,combo burger tôm 2,kg_20260602_172448,offline
menu_item:5874837,MenuItem,Gà ủ muối 1/2 con,gà ủ muối 1/2 con,kg_20260602_172448,offline
menu_item:5874838,MenuItem,Gà Hun Khói 1/2 Con,gà hun khói 1/2 con,kg_20260602_172448,offline
menu_item:5874840,MenuItem,Gà Ủ Xì Dầu 1/2 con,gà ủ xì dầu 1/2 con,kg_20260602_172448,offline
menu_item:5874841,MenuItem,Gà Hấp Lá Chanh 1/2 con,gà hấp lá chanh 1/2 con,kg_20260602_172448,offline
menu_item:5874843,MenuItem,Gà Ủ Muối - ( 1 con ),gà ủ muối - ( 1 con ),kg_20260602_172448,offline
menu_item:5874844,MenuItem,Gà Hun Khói - ( 1 con ),gà hun khói - ( 1 con ),kg_20260602_172448,offline
menu_item:5874846,MenuItem,Gà Ủ Xì Dầu - ( 1 con ),gà ủ xì dầu - ( 1 con ),kg_20260602_172448,offline
menu_item:5874847,MenuItem,Gà Hấp Lá Chanh - ( 1 con ),gà hấp lá chanh - ( 1 con ),kg_20260602_172448,offline
menu_item:9555042,MenuItem,Gà Ủ Muối 1/2 Con (Mát) + Coca chai,gà ủ muối 1/2 con (mát) + coca chai,kg_20260602_172448,offline
menu_item:5874855,MenuItem,Bánh Gà Thường - 5 chiếc,bánh gà thường - 5 chiếc,kg_20260602_172448,offline
menu_item:5874856,MenuItem,Bánh Gà Nhân Phô Mai - 5 chiếc,bánh gà nhân phô mai - 5 chiếc,kg_20260602_172448,offline
menu_item:5874860,MenuItem,Bánh Gạo Lắc Phô Mai,bánh gạo lắc phô mai,kg_20260602_172448,offline
menu_item:5874863,MenuItem,Gà Nướng Lu 1/2 con,gà nướng lu 1/2 con,kg_20260602_172448,offline
menu_item:5874864,MenuItem,Gà Ủ Xì Dầu 1/2 con,gà ủ xì dầu 1/2 con,kg_20260602_172448,offline
menu_item:5874867,MenuItem,Gà Nướng Lu - 1 con,gà nướng lu - 1 con,kg_20260602_172448,offline
menu_item:5874868,MenuItem,Gà Ủ Xì Dầu - 1 con,gà ủ xì dầu - 1 con,kg_20260602_172448,offline
menu_item:9268161,MenuItem,1/2 Gà Ủ Muối + Xôi Chà Bông Hành Phi,1/2 gà ủ muối + xôi chà bông hành phi,kg_20260602_172448,offline
menu_item:9449664,MenuItem,Gà Ủ Muối 1/2 Con + Coca chai,gà ủ muối 1/2 con + coca chai,kg_20260602_172448,offline
menu_item:9837070,MenuItem,Gà Ủ Muối 1/2 Con (Ăn Mát) + Sốt Chấm,gà ủ muối 1/2 con (ăn mát) + sốt chấm,kg_20260602_172448,offline
menu_item:5874878,MenuItem,chân Gà Rút Xương Sả Tắc 5-6 chiếc,chân gà rút xương sả tắc 5-6 chiếc,kg_20260602_172448,offline
menu_item:5874880,MenuItem,Chân Gà Ruta Xương sả tắc 10-12 chân,chân gà ruta xương sả tắc 10-12 chân,kg_20260602_172448,offline
menu_item:9268155,MenuItem,Gà ủ muối nửa con,gà ủ muối nửa con,kg_20260602_172448,offline
menu_item:11985986,MenuItem,Chân Gà Ủ Muối Rút Xương 250gram,chân gà ủ muối rút xương 250gram,kg_20260602_172448,offline
menu_item:5874882,MenuItem,Xúc Xích Chiên - 5 chiếc,xúc xích chiên - 5 chiếc,kg_20260602_172448,offline
menu_item:5874883,MenuItem,Xúc Xích Chiên 10 chiếc,xúc xích chiên 10 chiếc,kg_20260602_172448,offline
menu_item:5874885,MenuItem,Nem Chua Rán - 10 chiếc,nem chua rán - 10 chiếc,kg_20260602_172448,offline
menu_item:5874887,MenuItem,phô mai que - 10 chiếc,phô mai que - 10 chiếc,kg_20260602_172448,offline
menu_item:5874890,MenuItem,bánh gạo lắc phô mai,bánh gạo lắc phô mai,kg_20260602_172448,offline
menu_item:5874893,MenuItem,Dồi Sụn - 5 chiếc,dồi sụn - 5 chiếc,kg_20260602_172448,offline
menu_item:5874894,MenuItem,Dồi Sụn - 10 chiếc,dồi sụn - 10 chiếc,kg_20260602_172448,offline
menu_item:6623572,MenuItem,Cơm Chân Giò Hầm Sốt Tiêu Đen,cơm chân giò hầm sốt tiêu đen,kg_20260602_172448,offline
menu_item:6623931,MenuItem,Cơm Sườn Cốt Lết Nướng Sốt Cay Ngọt,cơm sườn cốt lết nướng sốt cay ngọt,kg_20260602_172448,offline
menu_item:6623932,MenuItem,Mix Cơm Sườn Cốt Lết + Trứng Ốp La Sốt Cay Ngọt,mix cơm sườn cốt lết + trứng ốp la sốt cay ngọt,kg_20260602_172448,offline
menu_item:6627163,MenuItem,Cơm Thịt Nướng Sốt BBQ,cơm thịt nướng sốt bbq,kg_20260602_172448,offline
menu_item:6627164,MenuItem,Cơm Gà Chiên Sốt Cay Ngọt,cơm gà chiên sốt cay ngọt,kg_20260602_172448,offline
menu_item:6627165,MenuItem,Cơm Đậu Hũ Sốt Thịt Bằm,cơm đậu hũ sốt thịt bằm,kg_20260602_172448,offline
menu_item:6627168,MenuItem,Cơm Bò Hầm Sốt Tiêu Đen,cơm bò hầm sốt tiêu đen,kg_20260602_172448,offline
menu_item:7779584,MenuItem,Cơm Gà Viên Chiên Sốt Tự Chọn,cơm gà viên chiên sốt tự chọn,kg_20260602_172448,offline
menu_item:7897367,MenuItem,Cơm Đậu Hũ Sốt Thịt,cơm đậu hũ sốt thịt,kg_20260602_172448,offline
menu_item:9055683,MenuItem,SÉT 2 GỎI CUỐN TÔM TO,sét 2 gỏi cuốn tôm to,kg_20260602_172448,offline
menu_item:9055682,MenuItem,SET 2 GỎI CUỐN BẮP GIÒ HEO,set 2 gỏi cuốn bắp giò heo,kg_20260602_172448,offline
menu_item:9055688,MenuItem,SÉT 2 GỎI CUỐN TÔM THỊT,sét 2 gỏi cuốn tôm thịt,kg_20260602_172448,offline
menu_item:9055691,MenuItem,SÉT 2 GỎI CUỐN BÒ XÀO MỀM,sét 2 gỏi cuốn bò xào mềm,kg_20260602_172448,offline
menu_item:9055693,MenuItem,SÉT 2 GỎI CUỐN NEM NƯỚNG NHA TRANG,sét 2 gỏi cuốn nem nướng nha trang,kg_20260602_172448,offline
menu_item:9057469,MenuItem,SÉT 5 GỎI CUỐN TÔ TO,sét 5 gỏi cuốn tô to,kg_20260602_172448,offline
menu_item:9057470,MenuItem,SÉT 5 GỎI CUỐN BẮP GIÒ HEO RÚT XƯƠNG,sét 5 gỏi cuốn bắp giò heo rút xương,kg_20260602_172448,offline
menu_item:9057471,MenuItem,SÉT 5 GỎI CUỐN TÔM THỊT,sét 5 gỏi cuốn tôm thịt,kg_20260602_172448,offline
menu_item:9057472,MenuItem,SÉT 5 GỎI CUỐN BÒ XÀO MỀM MỌNG,sét 5 gỏi cuốn bò xào mềm mọng,kg_20260602_172448,offline
menu_item:9057474,MenuItem,SÉT 5 GỎI CUỐN NEM NƯỚNG NHA TRANG,sét 5 gỏi cuốn nem nướng nha trang,kg_20260602_172448,offline
menu_item:9057492,MenuItem,BÚN TRỘN THỊT NƯỚNG THƠM LỪNG,bún trộn thịt nướng thơm lừng,kg_20260602_172448,offline
menu_item:9057500,MenuItem,BÚN TRỘN NEM NHA TRANG,bún trộn nem nha trang,kg_20260602_172448,offline
menu_item:9057501,MenuItem,BÚN TRỘN BÒ XÀO MỀM MỌNG,bún trộn bò xào mềm mọng,kg_20260602_172448,offline
menu_item:9057502,MenuItem,BÚN TRỘN THỊT XÁ XÍU NGON XỈU,bún trộn thịt xá xíu ngon xỉu,kg_20260602_172448,offline
menu_item:9057505,MenuItem,BÚN TRỘN ĐẶC SỜ BIỆT,bún trộn đặc sờ biệt,kg_20260602_172448,offline
menu_item:9057520,MenuItem,COMBO : BÚN TRỘN ĐẶC SỜ BIỆT & TRÀ TẮC 500ml,combo : bún trộn đặc sờ biệt & trà tắc 500ml,kg_20260602_172448,offline
menu_item:9057521,MenuItem,COMBO : BÚN TRỘN THỊ XÁ XÍU & TRÀ TẮC 500ml,combo : bún trộn thị xá xíu & trà tắc 500ml,kg_20260602_172448,offline
menu_item:9057522,MenuItem,COMBO : BÚN TRỘN BÒ XÀO MỀM & TRÀ TẮC 500ml,combo : bún trộn bò xào mềm & trà tắc 500ml,kg_20260602_172448,offline
menu_item:9057523,MenuItem,COMBO : BÚN TRỘN NEM NHA TRANG & TRÀ TẮC 500ml,combo : bún trộn nem nha trang & trà tắc 500ml,kg_20260602_172448,offline
menu_item:9057524,MenuItem,COMBO : BÚN TRỘN THỊT NƯỚNG & TRÀ TẮC 500ml,combo : bún trộn thịt nướng & trà tắc 500ml,kg_20260602_172448,offline
menu_item:9057584,MenuItem,SINH TỐ BƠ,sinh tố bơ,kg_20260602_172448,offline
menu_item:9057586,MenuItem,SINH TỐ XOÀI,sinh tố xoài,kg_20260602_172448,offline
menu_item:9057588,MenuItem,SINH TỐ Dâu,sinh tố dâu,kg_20260602_172448,offline
menu_item:9057590,MenuItem,SINH TỐ VIỆT QUẤT,sinh tố việt quất,kg_20260602_172448,offline
menu_item:9057593,MenuItem,SINH TỐ MIX : BƠ + XOÀI,sinh tố mix : bơ + xoài,kg_20260602_172448,offline
menu_item:26869,MenuItem,Cơm Rang Dưa Bò,cơm rang dưa bò,kg_20260602_172448,offline
menu_item:26882,MenuItem,Mỳ Xào Bò,mỳ xào bò,kg_20260602_172448,offline
menu_item:26886,MenuItem,Cơm Rang Cải Bò,cơm rang cải bò,kg_20260602_172448,offline
menu_item:26892,MenuItem,Cơm Rang Xá Xíu Heo,cơm rang xá xíu heo,kg_20260602_172448,offline
menu_item:26901,MenuItem,Cơm Rang Thập Cẩm - Dưa Bò,cơm rang thập cẩm - dưa bò,kg_20260602_172448,offline
menu_item:26910,MenuItem,Cơm Rang Dưa Bò - Xá Xíu,cơm rang dưa bò - xá xíu,kg_20260602_172448,offline
menu_item:247601,MenuItem,Cơm Rang Đùi Gà Xối Mỡ,cơm rang đùi gà xối mỡ,kg_20260602_172448,offline
menu_item:6879079,MenuItem,Cơm Rang trứng,cơm rang trứng,kg_20260602_172448,offline
menu_item:275605,MenuItem,Cơm rang thập cẩm,cơm rang thập cẩm,kg_20260602_172448,offline
menu_item:26873,MenuItem,Cơm Rang Xá Xíu Gà,cơm rang xá xíu gà,kg_20260602_172448,offline
menu_item:915149,MenuItem,Cơm rang dưa bò + coca,cơm rang dưa bò + coca,kg_20260602_172448,offline
menu_item:915156,MenuItem,Cơm rang thấp cẩm + coca,cơm rang thấp cẩm + coca,kg_20260602_172448,offline
menu_item:915157,MenuItem,mì xào bò + coca,mì xào bò + coca,kg_20260602_172448,offline
menu_item:5377815,MenuItem,Rau ngồng cải xào,rau ngồng cải xào,kg_20260602_172448,offline
menu_item:5377816,MenuItem,Hoa lơ xào,hoa lơ xào,kg_20260602_172448,offline
menu_item:5377817,MenuItem,Rau muống xào,rau muống xào,kg_20260602_172448,offline
menu_item:5377819,MenuItem,Cơm cari gà,cơm cari gà,kg_20260602_172448,offline
menu_item:5377820,MenuItem,Cơm đùi gà nướng,cơm đùi gà nướng,kg_20260602_172448,offline
menu_item:5377821,MenuItem,Cơm đùi gà xốt chua ngọt,cơm đùi gà xốt chua ngọt,kg_20260602_172448,offline
menu_item:5377822,MenuItem,Cơm Bít Tết 1985,cơm bít tết 1985,kg_20260602_172448,offline
menu_item:5377823,MenuItem,Cơm bò cari,cơm bò cari,kg_20260602_172448,offline
menu_item:5377825,MenuItem,Cơm bò sốt tiêu đen,cơm bò sốt tiêu đen,kg_20260602_172448,offline
menu_item:5377826,MenuItem,Cơm bò sốt khoai,cơm bò sốt khoai,kg_20260602_172448,offline
menu_item:5377827,MenuItem,Cơm Bít Tết chiên xù,cơm bít tết chiên xù,kg_20260602_172448,offline
menu_item:5377828,MenuItem,Cơm Bò lúc lắc,cơm bò lúc lắc,kg_20260602_172448,offline
menu_item:5377829,MenuItem,Cơm sườn chua ngọt,cơm sườn chua ngọt,kg_20260602_172448,offline
menu_item:5377830,MenuItem,Cơm sườn nướng,cơm sườn nướng,kg_20260602_172448,offline
menu_item:5377831,MenuItem,Cơm Cốt lết chiên xù,cơm cốt lết chiên xù,kg_20260602_172448,offline
menu_item:5377832,MenuItem,Cơm Cốt lết,cơm cốt lết,kg_20260602_172448,offline
menu_item:5377848,MenuItem,Cơm chiên trứng,cơm chiên trứng,kg_20260602_172448,offline
menu_item:5377849,MenuItem,Cơm chiên bò,cơm chiên bò,kg_20260602_172448,offline
menu_item:5377850,MenuItem,Cơm chiên đùi gà nướng,cơm chiên đùi gà nướng,kg_20260602_172448,offline
menu_item:5377851,MenuItem,Cơm chiên tôm,cơm chiên tôm,kg_20260602_172448,offline
menu_item:5377852,MenuItem,Cơm chiên sườn nướng,cơm chiên sườn nướng,kg_20260602_172448,offline
menu_item:5377853,MenuItem,Cơm chiên gà,cơm chiên gà,kg_20260602_172448,offline
menu_item:5377854,MenuItem,Cơm chiên bít tết 1985,cơm chiên bít tết 1985,kg_20260602_172448,offline
menu_item:5377855,MenuItem,Mỳ ý sốt bò băm,mỳ ý sốt bò băm,kg_20260602_172448,offline
menu_item:5377856,MenuItem,Mỳ ý xốt kem bò,mỳ ý xốt kem bò,kg_20260602_172448,offline
menu_item:5377858,MenuItem,Mỳ ý xốt kem tôm,mỳ ý xốt kem tôm,kg_20260602_172448,offline
