query_node_id,user_id,time_query,query_lat,query_lng,area_id,query_location_hint,time_slot_id,term,desired_price_range_id,preferred_aspects,raw_preferred_aspects,distance_tolerance_m,store_node_id,store_id,store_name,rank,relevance_score,relevance_weight,distance_m,rating,review_count,median_price,latitude,longitude,is_closed,reason
query:u001,u001,6/1/2026 12:10,21.006237,105.840925,Ha Noi:Quan Hai Ba Trung,HUST cổng Trần Đại Nghĩa,lunch,com|com ga|com van phong,under_50k,price|service,value_for_money|staff_service,1200,store:4486,4486,"Bento Delichi (by Cooky) - Cơm Gà Mắm Tỏi, Xối Mỡ - Xã Đàn",1,0.86364,1.0,595.0,4.7,2748,56000.0,21.01066017,105.8376999,false,"khớp term: com, com ga, com van phong; cách query 595m; rating 4.7; price_min 8000; opening_status=open"
query:u001,u001,6/1/2026 12:10,21.006237,105.840925,Ha Noi:Quan Hai Ba Trung,HUST cổng Trần Đại Nghĩa,lunch,com|com ga|com van phong,under_50k,price|service,value_for_money|staff_service,1200,store:11471,11471,Thiên Trường - Phở Cồ & Cơm Gà Xối Mắm - Giải Phóng,2,0.854962,0.63093,394.5,4.5,39,59000.0,21.00283051,105.8419876,false,"khớp term: com, com ga; cách query 395m; rating 4.5; price_min 10000; opening_status=open"
query:u001,u001,6/1/2026 12:10,21.006237,105.840925,Ha Noi:Quan Hai Ba Trung,HUST cổng Trần Đại Nghĩa,lunch,com|com ga|com van phong,under_50k,price|service,value_for_money|staff_service,1200,store:7635,7635,Happy Food Cơm Gà Ba Vì,3,0.780724,0.5,878.9,4.8,4000,65000.0,20.99850082,105.842659,false,"khớp term: com, com ga; cách query 879m; rating 4.8; price_min 12000; opening_status=open"
query:u001,u001,6/1/2026 12:10,21.006237,105.840925,Ha Noi:Quan Hai Ba Trung,HUST cổng Trần Đại Nghĩa,lunch,com|com ga|com van phong,under_50k,price|service,value_for_money|staff_service,1200,store:14318,14318,Thuỷ Hùng Cơm Gà Ba Vì - Phố Vọng,4,0.780724,0.430677,878.9,4.8,1618,65000.0,20.99850082,105.842659,false,"khớp term: com, com ga; cách query 879m; rating 4.8; price_min 12000; opening_status=open"
query:u001,u001,6/1/2026 12:10,21.006237,105.840925,Ha Noi:Quan Hai Ba Trung,HUST cổng Trần Đại Nghĩa,lunch,com|com ga|com van phong,under_50k,price|service,value_for_money|staff_service,1200,store:42458,42458,Cơm Gà Xối Mỡ Mai Phương - Lê Thanh Nghị,5,0.770303,0.386853,845.5,4.6,226,50000.0,21.00358009,105.8485565,false,"khớp term: com, com ga; cách query 845m; rating 4.6; price_min 50000; opening_status=open"
query:u002,u002,6/2/2026 13:10,21.004356,105.845382,Ha Noi:Quan Hai Ba Trung,KTX Bách Khoa,lunch,bun|pho,under_50k,price|food_quality,value_for_money|taste,1400,store:8805,8805,Gà Rán Texas Chicken - Bạch Mai,1,0.858128,1.0,623.5,4.8,2851,79000.0,21.00197983,105.8508224,false,"khớp term: bun, pho; cách query 624m; rating 4.8; price_min 3000; opening_status=open"
query:u002,u002,6/2/2026 13:10,21.004356,105.845382,Ha Noi:Quan Hai Ba Trung,KTX Bách Khoa,lunch,bun|pho,under_50k,price|food_quality,value_for_money|taste,1400,store:8314,8314,Phở Bò Cơm Rang Duy Nhất - Giải Phóng,2,0.812859,0.63093,542.8,4.6,1787,60000.0,21.00073051,105.8418808,true,"khớp term: bun, pho; cách query 543m; rating 4.6; price_min 35000; opening_status=closed"
query:u002,u002,6/2/2026 13:10,21.004356,105.845382,Ha Noi:Quan Hai Ba Trung,KTX Bách Khoa,lunch,bun|pho,under_50k,price|food_quality,value_for_money|taste,1400,store:76300,76300,Phở Gà & Thịt Xiên - Bùi Ngọc Dương,3,0.808449,0.5,907.8,4.4,131,67500.0,21.00065994,105.8531799,false,"khớp term: bun, pho; cách query 908m; rating 4.4; price_min 8000; opening_status=open"
query:u002,u002,6/2/2026 13:10,21.004356,105.845382,Ha Noi:Quan Hai Ba Trung,KTX Bách Khoa,lunch,bun|pho,under_50k,price|food_quality,value_for_money|taste,1400,store:13998,13998,Quán Thiên Đức - Tự Do,4,0.798913,0.430677,668.4,4.2,60,32000.0,20.99867058,105.8474731,false,"khớp term: bun, pho; cách query 668m; rating 4.2; price_min 32000; opening_status=open"
query:u002,u002,6/2/2026 13:10,21.004356,105.845382,Ha Noi:Quan Hai Ba Trung,KTX Bách Khoa,lunch,bun|pho,under_50k,price|food_quality,value_for_money|taste,1400,store:77657,77657,BBQ Chicken - Gà Rán Hàn Quốc - Bà Triệu,5,0.786249,0.386853,817.2,4.9,141,137000.0,21.01087952,105.8490067,false,"khớp term: bun, pho; cách query 817m; rating 4.9; price_min 22000; opening_status=open"
query:u003,u003,6/3/2026 11:10,21.004972,105.840859,Ha Noi:Quan Hai Ba Trung,Tạ Quang Bửu,lunch,com|com rang,under_50k,service|price,staff_service|value_for_money,1800,store:31215,31215,Cơm Rang Hải Sơn - Giải Phóng,1,0.905314,1.0,278.1,4.0,429,46000.0,21.00285912,105.8422928,false,"khớp term: com, com rang; cách query 278m; rating 4.0; price_min 12000; opening_status=open"
query:u003,u003,6/3/2026 11:10,21.004972,105.840859,Ha Noi:Quan Hai Ba Trung,Tạ Quang Bửu,lunch,com|com rang,under_50k,service|price,staff_service|value_for_money,1800,store:11471,11471,Thiên Trường - Phở Cồ & Cơm Gà Xối Mắm - Giải Phóng,2,0.891228,0.63093,265.4,4.5,39,59000.0,21.00283051,105.8419876,false,"khớp term: com, com rang; cách query 265m; rating 4.5; price_min 10000; opening_status=open"
query:u003,u003,6/3/2026 11:10,21.004972,105.840859,Ha Noi:Quan Hai Ba Trung,Tạ Quang Bửu,lunch,com|com rang,under_50k,service|price,staff_service|value_for_money,1800,store:8314,8314,Phở Bò Cơm Rang Duy Nhất - Giải Phóng,3,0.806687,0.5,483.4,4.6,1787,60000.0,21.00073051,105.8418808,true,"khớp term: com, com rang; cách query 483m; rating 4.6; price_min 35000; opening_status=closed"
query:u003,u003,6/3/2026 11:10,21.004972,105.840859,Ha Noi:Quan Hai Ba Trung,Tạ Quang Bửu,lunch,com|com rang,under_50k,service|price,staff_service|value_for_money,1800,store:126147,126147,"Nhà Hàng Bin Bo - Bún Riêu Cua, Cơm Rang & Phở Xào - Phương Mai",4,0.798496,0.430677,192.1,4.3,4,70000.0,21.00564957,105.8391571,false,"khớp term: com, com rang; cách query 192m; rating 4.3; price_min 1000; opening_status=open"
query:u003,u003,6/3/2026 11:10,21.004972,105.840859,Ha Noi:Quan Hai Ba Trung,Tạ Quang Bửu,lunch,com|com rang,under_50k,service|price,staff_service|value_for_money,1800,store:1255,1255,Cơm Rang Dế Mèn,5,0.791241,0.386853,1044.6,4.6,644,55000.0,21.00871086,105.8316269,false,"khớp term: com, com rang; cách query 1045m; rating 4.6; price_min 12000; opening_status=open"
query:u004,u004,6/4/2026 15:10,21.004123,105.84421,Ha Noi:Quan Hai Ba Trung,Lê Thanh Nghị,afternoon,banh cuon,under_50k,food_quality|cleanliness,taste|cleanliness,2300,store:67574,67574,Bánh Tráng Mập - Lê Thanh Nghị,1,0.884565,1.0,537.4,4.9,205,41000.0,21.00349045,105.8493423,false,khớp term: banh cuon; cách query 537m; rating 4.9; price_min 17000; opening_status=open
query:u004,u004,6/4/2026 15:10,21.004123,105.84421,Ha Noi:Quan Hai Ba Trung,Lê Thanh Nghị,afternoon,banh cuon,under_50k,food_quality|cleanliness,taste|cleanliness,2300,store:73491,73491,U Lìu - Bún Bò Nam Bộ & Các Món Cuốn - Vân Hồ 2,2,0.871149,0.63093,756.8,4.8,51,55000.0,21.01061058,105.8464127,false,khớp term: banh cuon; cách query 757m; rating 4.8; price_min 40000; opening_status=open
query:u004,u004,6/4/2026 15:10,21.004123,105.84421,Ha Noi:Quan Hai Ba Trung,Lê Thanh Nghị,afternoon,banh cuon,under_50k,food_quality|cleanliness,taste|cleanliness,2300,store:17056,17056,Chảnh Quán - Gỏi Cuốn Mắm Nêm - Phố Vọng,3,0.86697,0.5,811.9,4.6,82,46500.0,20.99692917,105.8428726,false,khớp term: banh cuon; cách query 812m; rating 4.6; price_min 7000; opening_status=open
query:u004,u004,6/4/2026 15:10,21.004123,105.84421,Ha Noi:Quan Hai Ba Trung,Lê Thanh Nghị,afternoon,banh cuon,under_50k,food_quality|cleanliness,taste|cleanliness,2300,store:1279,1279,Gạch Quán - Bánh Tráng Cuốn Thịt Heo,4,0.865483,0.430677,1031.7,4.8,1923,42000.0,21.00968933,105.8362579,false,khớp term: banh cuon; cách query 1032m; rating 4.8; price_min 10000; opening_status=open
query:u004,u004,6/4/2026 15:10,21.004123,105.84421,Ha Noi:Quan Hai Ba Trung,Lê Thanh Nghị,afternoon,banh cuon,under_50k,food_quality|cleanliness,taste|cleanliness,2300,store:32416,32416,Ngọc Lợi - Miến & Bánh Đa Cua Trộn - Kim Liên,5,0.859095,0.386853,939.9,4.8,144,52500.0,21.00330925,105.8351974,false,khớp term: banh cuon; cách query 940m; rating 4.8; price_min 7000; opening_status=open
query:u005,u005,6/5/2026 19:10,21.004988,105.843146,Ha Noi:Quan Hai Ba Trung,Thư viện Tạ Quang Bửu,dinner,ga ran|com ga|ga,50k_100k,food_quality|speed,taste|portion|fast_delivery,2100,store:42458,42458,Cơm Gà Xối Mỡ Mai Phương - Lê Thanh Nghị,1,0.865689,1.0,583.1,4.6,226,50000.0,21.00358009,105.8485565,false,"khớp term: com ga, ga; cách query 583m; rating 4.6; price_min 50000; opening_status=open"
query:u005,u005,6/5/2026 19:10,21.004988,105.843146,Ha Noi:Quan Hai Ba Trung,Thư viện Tạ Quang Bửu,dinner,ga ran|com ga|ga,50k_100k,food_quality|speed,taste|portion|fast_delivery,2100,store:95450,95450,Hương Hội An - Cơm Gà Hội An - Thanh Nhàn,2,0.784207,0.63093,1266.2,4.0,23,80000.0,21.00276947,105.8551102,false,"khớp term: com ga, ga; cách query 1266m; rating 4.0; price_min 70000; opening_status=open"
query:u005,u005,6/5/2026 19:10,21.004988,105.843146,Ha Noi:Quan Hai Ba Trung,Thư viện Tạ Quang Bửu,dinner,ga ran|com ga|ga,50k_100k,food_quality|speed,taste|portion|fast_delivery,2100,store:117708,117708,Cơm Gà Cô Tấm - Tạ Quang Bửu,3,0.783526,0.5,758.5,5.0,10,65000.0,21.00081062,105.8489227,false,"khớp term: com ga, ga; cách query 759m; rating 5.0; price_min 65000; opening_status=open"
query:u005,u005,6/5/2026 19:10,21.004988,105.843146,Ha Noi:Quan Hai Ba Trung,Thư viện Tạ Quang Bửu,dinner,ga ran|com ga|ga,50k_100k,food_quality|speed,taste|portion|fast_delivery,2100,store:11471,11471,Thiên Trường - Phở Cồ & Cơm Gà Xối Mắm - Giải Phóng,4,0.737158,0.430677,268.4,4.5,39,59000.0,21.00283051,105.8419876,false,"khớp term: com ga, ga; cách query 268m; rating 4.5; price_min 10000; opening_status=open"
query:u005,u005,6/5/2026 19:10,21.004988,105.843146,Ha Noi:Quan Hai Ba Trung,Thư viện Tạ Quang Bửu,dinner,ga ran|com ga|ga,50k_100k,food_quality|speed,taste|portion|fast_delivery,2100,store:7635,7635,Happy Food Cơm Gà Ba Vì,5,0.712732,0.386853,723.1,4.8,4000,65000.0,20.99850082,105.842659,false,"khớp term: com ga, ga; cách query 723m; rating 4.8; price_min 12000; opening_status=open"
query:u006,u006,6/6/2026 8:50,21.007704,105.842998,Ha Noi:Quan Hai Ba Trung,cổng Parabol,breakfast,pho|pho bo|pho ga,under_50k,food_quality|location,taste|nearby,1700,store:80180,80180,"Quyên Phở Gà - Phở, Mì & Miến Trộn - Phố Vọng",1,0.810539,1.0,1037.2,4.8,563,55000.0,20.99840927,105.8421631,false,"khớp term: pho, pho ga; cách query 1037m; rating 4.8; price_min 15000; opening_status=open"
query:u006,u006,6/6/2026 8:50,21.007704,105.842998,Ha Noi:Quan Hai Ba Trung,cổng Parabol,breakfast,pho|pho bo|pho ga,under_50k,food_quality|location,taste|nearby,1700,store:8314,8314,Phở Bò Cơm Rang Duy Nhất - Giải Phóng,2,0.79816,0.63093,784.0,4.6,1787,60000.0,21.00073051,105.8418808,true,"khớp term: pho, pho bo; cách query 784m; rating 4.6; price_min 35000; opening_status=closed"
query:u006,u006,6/6/2026 8:50,21.007704,105.842998,Ha Noi:Quan Hai Ba Trung,cổng Parabol,breakfast,pho|pho bo|pho ga,under_50k,food_quality|location,taste|nearby,1700,store:76300,76300,Phở Gà & Thịt Xiên - Bùi Ngọc Dương,3,0.783371,0.5,1315.5,4.4,131,67500.0,21.00065994,105.8531799,false,"khớp term: pho, pho ga; cách query 1316m; rating 4.4; price_min 8000; opening_status=open"
query:u006,u006,6/6/2026 8:50,21.007704,105.842998,Ha Noi:Quan Hai Ba Trung,cổng Parabol,breakfast,pho|pho bo|pho ga,under_50k,food_quality|location,taste|nearby,1700,store:23407,23407,Phở Bò 33 - Lê Đại Hành,4,0.775546,0.430677,692.0,4.2,63,60000.0,21.01115036,105.8485489,false,"khớp term: pho, pho bo; cách query 692m; rating 4.2; price_min 55000; opening_status=open"
query:u006,u006,6/6/2026 8:50,21.007704,105.842998,Ha Noi:Quan Hai Ba Trung,cổng Parabol,breakfast,pho|pho bo|pho ga,under_50k,food_quality|location,taste|nearby,1700,store:32462,32462,Phở Liên - Phở Gà & Phở Trộn - Bạch Mai,5,0.722576,0.386853,1097.5,4.9,150,55000.0,21.00217056,105.8517532,true,"khớp term: pho, pho ga; cách query 1098m; rating 4.9; price_min 3000; opening_status=closed"
query:u007,u007,6/1/2026 19:10,21.005489,105.843677,Ha Noi:Quan Hai Ba Trung,Ngã tư Vọng,dinner,bun cha,50k_100k,food_quality|price,taste|value_for_money,2400,store:62951,62951,Bún Cá Măng Cay & Bún Hải Sản Cát Bà - Lê Thanh Nghị,1,0.905345,1.0,399.6,4.4,461,65000.0,21.00189972,105.843483,false,khớp term: bun cha; cách query 400m; rating 4.4; price_min 55000; opening_status=open
query:u007,u007,6/1/2026 19:10,21.005489,105.843677,Ha Noi:Quan Hai Ba Trung,Ngã tư Vọng,dinner,bun cha,50k_100k,food_quality|price,taste|value_for_money,2400,store:97742,97742,"NaBi Bún Chả Quạt, Cơm Tấm & Cơm Văn Phòng - Tây Sơn",2,0.722196,0.63093,1869.3,4.3,11,66000.0,21.01016045,105.8263779,false,khớp term: bun cha; cách query 1869m; rating 4.3; price_min 58000; opening_status=open
query:u007,u007,6/1/2026 19:10,21.005489,105.843677,Ha Noi:Quan Hai Ba Trung,Ngã tư Vọng,dinner,bun cha,50k_100k,food_quality|price,taste|value_for_money,2400,store:130307,130307,"Phở Bò Nội - Bún Chả, Cháo & Cơm - Trần Hưng Đạo",3,0.690525,0.5,1997.3,4.8,10,50000.0,21.02345085,105.8435669,false,khớp term: bun cha; cách query 1997m; rating 4.8; price_min 50000; opening_status=open
query:u007,u007,6/1/2026 19:10,21.005489,105.843677,Ha Noi:Quan Hai Ba Trung,Ngã tư Vọng,dinner,bun cha,50k_100k,food_quality|price,taste|value_for_money,2400,store:7160,7160,Bún Chả Mẹ Nga - Vân Hồ 3,4,0.682545,0.430677,492.7,4.3,2598,64000.0,21.00921059,105.8462524,false,khớp term: bun cha; cách query 493m; rating 4.3; price_min 2000; opening_status=open
query:u007,u007,6/1/2026 19:10,21.005489,105.843677,Ha Noi:Quan Hai Ba Trung,Ngã tư Vọng,dinner,bun cha,50k_100k,food_quality|price,taste|value_for_money,2400,store:13998,13998,Quán Thiên Đức - Tự Do,5,0.661596,0.386853,854.5,4.2,60,32000.0,20.99867058,105.8474731,false,khớp term: bun cha; cách query 854m; rating 4.2; price_min 32000; opening_status=open
query:u008,u008,6/2/2026 12:10,21.005404,105.844484,Ha Noi:Quan Dong Da,Giải Phóng - Phương Mai,lunch,com rang|pho xao,50k_100k,food_quality,portion|taste,3100,store:23407,23407,Phở Bò 33 - Lê Đại Hành,1,0.729557,1.0,765.7,4.2,63,60000.0,21.01115036,105.8485489,false,khớp term: com rang; cách query 766m; rating 4.2; price_min 55000; opening_status=open
query:u008,u008,6/2/2026 12:10,21.005404,105.844484,Ha Noi:Quan Dong Da,Giải Phóng - Phương Mai,lunch,com rang|pho xao,50k_100k,food_quality,portion|taste,3100,store:8314,8314,Phở Bò Cơm Rang Duy Nhất - Giải Phóng,2,0.694611,0.63093,585.7,4.6,1787,60000.0,21.00073051,105.8418808,true,"khớp term: com rang, pho xao; cách query 586m; rating 4.6; price_min 35000; opening_status=closed"
query:u008,u008,6/2/2026 12:10,21.005404,105.844484,Ha Noi:Quan Dong Da,Giải Phóng - Phương Mai,lunch,com rang|pho xao,50k_100k,food_quality,portion|taste,3100,store:20226,20226,Phở Lưu - Phở Bò & Cơm Rang - Tam Trinh,3,0.603895,0.5,2484.5,4.5,443,50000.0,20.99151039,105.8632278,false,"khớp term: com rang, pho xao; cách query 2485m; rating 4.5; price_min 8000; opening_status=open"
query:u008,u008,6/2/2026 12:10,21.005404,105.844484,Ha Noi:Quan Dong Da,Giải Phóng - Phương Mai,lunch,com rang|pho xao,50k_100k,food_quality,portion|taste,3100,store:31215,31215,Cơm Rang Hải Sơn - Giải Phóng,4,0.587192,0.430677,363.1,4.0,429,46000.0,21.00285912,105.8422928,false,khớp term: com rang; cách query 363m; rating 4.0; price_min 12000; opening_status=open
query:u008,u008,6/2/2026 12:10,21.005404,105.844484,Ha Noi:Quan Dong Da,Giải Phóng - Phương Mai,lunch,com rang|pho xao,50k_100k,food_quality,portion|taste,3100,store:98870,98870,Tứ Quý - Phở Bò & Cơm Rang - Trịnh Đình Cửu,5,0.586977,0.386853,2592.4,4.8,337,50000.0,20.9841404,105.8342438,false,"khớp term: com rang, pho xao; cách query 2592m; rating 4.8; price_min 3000; opening_status=open"
query:u009,u009,6/3/2026 16:45,21.006983,105.843817,Ha Noi:Quan Dong Da,Phương Mai,afternoon,com|ga,50k_100k,food_quality|service,high_rating|staff_service,3500,store:42458,42458,Cơm Gà Xối Mỡ Mai Phương - Lê Thanh Nghị,1,0.875752,1.0,620.7,4.6,226,50000.0,21.00358009,105.8485565,false,"khớp term: com, ga; cách query 621m; rating 4.6; price_min 50000; opening_status=open"
query:u009,u009,6/3/2026 16:45,21.006983,105.843817,Ha Noi:Quan Dong Da,Phương Mai,afternoon,com|ga,50k_100k,food_quality|service,high_rating|staff_service,3500,store:16422,16422,Phương Dung - Cơm Đảo Gà Rang & Chim Quay - Tống Duy Tân,2,0.799035,0.63093,2473.1,4.9,378,110000.0,21.02922058,105.843399,false,"khớp term: com, ga; cách query 2473m; rating 4.9; price_min 55000; opening_status=open"
query:u009,u009,6/3/2026 16:45,21.006983,105.843817,Ha Noi:Quan Dong Da,Phương Mai,afternoon,com|ga,50k_100k,food_quality|service,high_rating|staff_service,3500,store:117708,117708,Cơm Gà Cô Tấm - Tạ Quang Bửu,3,0.796214,0.5,867.2,5.0,10,65000.0,21.00081062,105.8489227,false,"khớp term: com, ga; cách query 867m; rating 5.0; price_min 65000; opening_status=open"
query:u009,u009,6/3/2026 16:45,21.006983,105.843817,Ha Noi:Quan Dong Da,Phương Mai,afternoon,com|ga,50k_100k,food_quality|service,high_rating|staff_service,3500,store:4486,4486,"Bento Delichi (by Cooky) - Cơm Gà Mắm Tỏi, Xối Mỡ - Xã Đàn",4,0.729244,0.430677,755.2,4.7,2748,56000.0,21.01066017,105.8376999,false,"khớp term: com, ga; cách query 755m; rating 4.7; price_min 8000; opening_status=open"
query:u009,u009,6/3/2026 16:45,21.006983,105.843817,Ha Noi:Quan Dong Da,Phương Mai,afternoon,com|ga,50k_100k,food_quality|service,high_rating|staff_service,3500,store:7635,7635,Happy Food Cơm Gà Ba Vì,5,0.717268,0.386853,950.8,4.8,4000,65000.0,20.99850082,105.842659,false,"khớp term: com, ga; cách query 951m; rating 4.8; price_min 12000; opening_status=open"
query:u010,u010,6/4/2026 18:00,21.008324,105.841911,Ha Noi:Quan Dong Da,Kim Liên,dinner,pho|bun,under_50k,location|food_quality,nearby|taste,3800,store:8314,8314,Phở Bò Cơm Rang Duy Nhất - Giải Phóng,1,0.94596,1.0,844.4,4.6,1787,60000.0,21.00073051,105.8418808,false,"khớp term: pho, bun; cách query 844m; rating 4.6; price_min 35000; opening_status=open"
query:u010,u010,6/4/2026 18:00,21.008324,105.841911,Ha Noi:Quan Dong Da,Kim Liên,dinner,pho|bun,under_50k,location|food_quality,nearby|taste,3800,store:8805,8805,Gà Rán Texas Chicken - Bạch Mai,2,0.885971,0.63093,1163.3,4.8,2851,79000.0,21.00197983,105.8508224,false,"khớp term: pho, bun; cách query 1163m; rating 4.8; price_min 3000; opening_status=open"
query:u010,u010,6/4/2026 18:00,21.008324,105.841911,Ha Noi:Quan Dong Da,Kim Liên,dinner,pho|bun,under_50k,location|food_quality,nearby|taste,3800,store:93168,93168,Minh Sơn - Bún Trộn & Phở Chiên Phồng - Bạch Mai,3,0.874182,0.5,1526.8,4.8,118,60000.0,20.99758911,105.8510818,false,"khớp term: pho, bun; cách query 1527m; rating 4.8; price_min 13000; opening_status=open"
query:u010,u010,6/4/2026 18:00,21.008324,105.841911,Ha Noi:Quan Dong Da,Kim Liên,dinner,pho|bun,under_50k,location|food_quality,nearby|taste,3800,store:17056,17056,Chảnh Quán - Gỏi Cuốn Mắm Nêm - Phố Vọng,4,0.870675,0.430677,1271.0,4.6,82,46500.0,20.99692917,105.8428726,false,"khớp term: pho, bun; cách query 1271m; rating 4.6; price_min 7000; opening_status=open"
query:u010,u010,6/4/2026 18:00,21.008324,105.841911,Ha Noi:Quan Dong Da,Kim Liên,dinner,pho|bun,under_50k,location|food_quality,nearby|taste,3800,store:76300,76300,Phở Gà & Thịt Xiên - Bùi Ngọc Dương,5,0.861967,0.386853,1447.3,4.4,131,67500.0,21.00065994,105.8531799,false,"khớp term: pho, bun; cách query 1447m; rating 4.4; price_min 8000; opening_status=open"
query:u011,u011,6/5/2026 12:10,21.012166,105.836543,Ha Noi:Quan Dong Da,Xã Đàn,lunch,com|pho|bun,any,food_quality|location,high_rating|nearby,4300,store:4486,4486,"Bento Delichi (by Cooky) - Cơm Gà Mắm Tỏi, Xối Mỡ - Xã Đàn",1,0.983216,1.0,206.1,4.7,2748,56000.0,21.01066017,105.8376999,false,"khớp term: com, pho; cách query 206m; rating 4.7; price_min 8000; opening_status=open"
query:u011,u011,6/5/2026 12:10,21.012166,105.836543,Ha Noi:Quan Dong Da,Xã Đàn,lunch,com|pho|bun,any,food_quality|location,high_rating|nearby,4300,store:11020,11020,Bún Chả Cô An - Hanoi Grilled Pork Noodles - Khâm Thiên,2,0.925627,0.63093,597.1,4.6,40,65000.0,21.01643944,105.8400269,false,"khớp term: com, bun; cách query 597m; rating 4.6; price_min 45000; opening_status=open"
query:u011,u011,6/5/2026 12:10,21.012166,105.836543,Ha Noi:Quan Dong Da,Xã Đàn,lunch,com|pho|bun,any,food_quality|location,high_rating|nearby,4300,store:7240,7240,"Cơm Gà, Mì Cay & Mì Trộn Bếp Nhà Cám - Tôn Đức Thắng",3,0.92209,0.5,1216.1,4.7,294,40000.0,21.02137947,105.8302307,false,"khớp term: com, pho; cách query 1216m; rating 4.7; price_min 9900; opening_status=open"
query:u011,u011,6/5/2026 12:10,21.012166,105.836543,Ha Noi:Quan Dong Da,Xã Đàn,lunch,com|pho|bun,any,food_quality|location,high_rating|nearby,4300,store:26075,26075,Chi Nấm - Cơm Văn Phòng,4,0.919969,0.430677,177.3,4.6,293,48000.0,21.01133919,105.835083,false,"khớp term: com, pho; cách query 177m; rating 4.6; price_min 7000; opening_status=open"
query:u011,u011,6/5/2026 12:10,21.012166,105.836543,Ha Noi:Quan Dong Da,Xã Đàn,lunch,com|pho|bun,any,food_quality|location,high_rating|nearby,4300,store:7635,7635,Happy Food Cơm Gà Ba Vì,5,0.910605,0.386853,1646.8,4.8,4000,65000.0,20.99850082,105.842659,false,"khớp term: com, pho; cách query 1647m; rating 4.8; price_min 12000; opening_status=open"
query:u012,u012,6/6/2026 23:00,21.009261,105.829548,Ha Noi:Quan Dong Da,Chùa Bộc,late_night,ga|pho|com,50k_100k,speed|food_quality,fast_delivery|taste,4500,store:16422,16422,Phương Dung - Cơm Đảo Gà Rang & Chim Quay - Tống Duy Tân,1,0.822826,1.0,2644.4,4.9,378,110000.0,21.02922058,105.843399,false,"khớp term: ga, com; cách query 2644m; rating 4.9; price_min 55000; opening_status=open"
query:u012,u012,6/6/2026 23:00,21.009261,105.829548,Ha Noi:Quan Dong Da,Chùa Bộc,late_night,ga|pho|com,50k_100k,speed|food_quality,fast_delivery|taste,4500,store:97742,97742,"NaBi Bún Chả Quạt, Cơm Tấm & Cơm Văn Phòng - Tây Sơn",2,0.762688,0.63093,343.9,4.3,11,66000.0,21.01016045,105.8263779,true,"khớp term: ga, pho, com; cách query 344m; rating 4.3; price_min 58000; opening_status=closed"
query:u012,u012,6/6/2026 23:00,21.009261,105.829548,Ha Noi:Quan Dong Da,Chùa Bộc,late_night,ga|pho|com,50k_100k,speed|food_quality,fast_delivery|taste,4500,store:8314,8314,Phở Bò Cơm Rang Duy Nhất - Giải Phóng,3,0.731585,0.5,1593.3,4.6,1787,60000.0,21.00073051,105.8418808,false,"khớp term: pho, com; cách query 1593m; rating 4.6; price_min 35000; opening_status=open"
query:u012,u012,6/6/2026 23:00,21.009261,105.829548,Ha Noi:Quan Dong Da,Chùa Bộc,late_night,ga|pho|com,50k_100k,speed|food_quality,fast_delivery|taste,4500,store:23407,23407,Phở Bò 33 - Lê Đại Hành,4,0.730803,0.430677,1983.5,4.2,63,60000.0,21.01115036,105.8485489,true,"khớp term: pho, com; cách query 1983m; rating 4.2; price_min 55000; opening_status=closed"
query:u012,u012,6/6/2026 23:00,21.009261,105.829548,Ha Noi:Quan Dong Da,Chùa Bộc,late_night,ga|pho|com,50k_100k,speed|food_quality,fast_delivery|taste,4500,store:57665,57665,Phở Bò Gà & Bún Miến Ngan 343 - Phố Vọng,5,0.724128,0.386853,2198.4,4.8,187,66000.0,20.99327087,105.8420029,true,"khớp term: ga, pho; cách query 2198m; rating 4.8; price_min 66000; opening_status=closed"
query:u013,u013,6/1/2026 11:45,21.013165,105.829226,Ha Noi:Quan Dong Da,Thái Hà,lunch,com|com ga|com van phong,under_50k,price|service,value_for_money|staff_service,1100,store:4486,4486,"Bento Delichi (by Cooky) - Cơm Gà Mắm Tỏi, Xối Mỡ - Xã Đàn",1,0.795046,1.0,922.6,4.7,2748,56000.0,21.01066017,105.8376999,false,"khớp term: com, com ga, com van phong; cách query 923m; rating 4.7; price_min 8000; opening_status=open"
query:u013,u013,6/1/2026 11:45,21.013165,105.829226,Ha Noi:Quan Dong Da,Thái Hà,lunch,com|com ga|com van phong,under_50k,price|service,value_for_money|staff_service,1100,store:7240,7240,"Cơm Gà, Mì Cay & Mì Trộn Bếp Nhà Cám - Tôn Đức Thắng",2,0.781499,0.63093,919.3,4.7,294,40000.0,21.02137947,105.8302307,false,"khớp term: com, com ga; cách query 919m; rating 4.7; price_min 9900; opening_status=open"
query:u013,u013,6/1/2026 11:45,21.013165,105.829226,Ha Noi:Quan Dong Da,Thái Hà,lunch,com|com ga|com van phong,under_50k,price|service,value_for_money|staff_service,1100,store:26075,26075,Chi Nấm - Cơm Văn Phòng,3,0.751674,0.5,641.0,4.6,293,48000.0,21.01133919,105.835083,false,"khớp term: com, com van phong; cách query 641m; rating 4.6; price_min 7000; opening_status=open"
query:u013,u013,6/1/2026 11:45,21.013165,105.829226,Ha Noi:Quan Dong Da,Thái Hà,lunch,com|com ga|com van phong,under_50k,price|service,value_for_money|staff_service,1100,store:25639,25639,Quán Mùa - Cơm Gà & Bún Miến Trộn - Tây Sơn,4,0.725914,0.430677,439.0,4.6,562,45000.0,21.00948906,105.8276825,true,"khớp term: com, com ga; cách query 439m; rating 4.6; price_min 15000; opening_status=closed"
query:u013,u013,6/1/2026 11:45,21.013165,105.829226,Ha Noi:Quan Dong Da,Thái Hà,lunch,com|com ga|com van phong,under_50k,price|service,value_for_money|staff_service,1100,store:55835,55835,Tiệm Cơm Gà - Trung Liệt,5,0.709797,0.386853,924.0,4.2,28,62500.0,21.01144028,105.8205185,false,"khớp term: com, com ga; cách query 924m; rating 4.2; price_min 12000; opening_status=open"
query:u014,u014,6/2/2026 12:10,21.003151,105.846167,Ha Noi:Quan Hai Ba Trung,Bạch Mai,lunch,bun|pho,under_50k,price|food_quality,value_for_money|taste,1500,store:8805,8805,Gà Rán Texas Chicken - Bạch Mai,1,0.880466,1.0,500.5,4.8,2851,79000.0,21.00197983,105.8508224,false,"khớp term: bun, pho; cách query 501m; rating 4.8; price_min 3000; opening_status=open"
query:u014,u014,6/2/2026 12:10,21.003151,105.846167,Ha Noi:Quan Hai Ba Trung,Bạch Mai,lunch,bun|pho,under_50k,price|food_quality,value_for_money|taste,1500,store:76300,76300,Phở Gà & Thịt Xiên - Bùi Ngọc Dương,2,0.834286,0.63093,778.9,4.4,131,67500.0,21.00065994,105.8531799,false,"khớp term: bun, pho; cách query 779m; rating 4.4; price_min 8000; opening_status=open"
query:u014,u014,6/2/2026 12:10,21.003151,105.846167,Ha Noi:Quan Hai Ba Trung,Bạch Mai,lunch,bun|pho,under_50k,price|food_quality,value_for_money|taste,1500,store:13998,13998,Quán Thiên Đức - Tự Do,3,0.825559,0.5,516.3,4.2,60,32000.0,20.99867058,105.8474731,false,"khớp term: bun, pho; cách query 516m; rating 4.2; price_min 32000; opening_status=open"
query:u014,u014,6/2/2026 12:10,21.003151,105.846167,Ha Noi:Quan Hai Ba Trung,Bạch Mai,lunch,bun|pho,under_50k,price|food_quality,value_for_money|taste,1500,store:8314,8314,Phở Bò Cơm Rang Duy Nhất - Giải Phóng,4,0.821065,0.430677,520.0,4.6,1787,60000.0,21.00073051,105.8418808,true,"khớp term: bun, pho; cách query 520m; rating 4.6; price_min 35000; opening_status=closed"
query:u014,u014,6/2/2026 12:10,21.003151,105.846167,Ha Noi:Quan Hai Ba Trung,Bạch Mai,lunch,bun|pho,under_50k,price|food_quality,value_for_money|taste,1500,store:17056,17056,Chảnh Quán - Gỏi Cuốn Mắm Nêm - Phố Vọng,5,0.804668,0.386853,771.7,4.6,82,46500.0,20.99692917,105.8428726,false,"khớp term: bun, pho; cách query 772m; rating 4.6; price_min 7000; opening_status=open"
query:u015,u015,6/3/2026 12:10,21.002781,105.845648,Ha Noi:Quan Hai Ba Trung,Bạch Mai - Minh Khai,lunch,com|com rang,under_50k,service|price,staff_service|value_for_money,1700,store:31215,31215,Cơm Rang Hải Sơn - Giải Phóng,1,0.895227,1.0,348.4,4.0,429,46000.0,21.00285912,105.8422928,false,"khớp term: com, com rang; cách query 348m; rating 4.0; price_min 12000; opening_status=open"
query:u015,u015,6/3/2026 12:10,21.002781,105.845648,Ha Noi:Quan Hai Ba Trung,Bạch Mai - Minh Khai,lunch,com|com rang,under_50k,service|price,staff_service|value_for_money,1700,store:11471,11471,Thiên Trường - Phở Cồ & Cơm Gà Xối Mắm - Giải Phóng,2,0.876008,0.63093,380.0,4.5,39,59000.0,21.00283051,105.8419876,false,"khớp term: com, com rang; cách query 380m; rating 4.5; price_min 10000; opening_status=open"
query:u015,u015,6/3/2026 12:10,21.002781,105.845648,Ha Noi:Quan Hai Ba Trung,Bạch Mai - Minh Khai,lunch,com|com rang,under_50k,service|price,staff_service|value_for_money,1700,store:8314,8314,Phở Bò Cơm Rang Duy Nhất - Giải Phóng,3,0.807144,0.5,452.7,4.6,1787,60000.0,21.00073051,105.8418808,true,"khớp term: com, com rang; cách query 453m; rating 4.6; price_min 35000; opening_status=closed"
query:u015,u015,6/3/2026 12:10,21.002781,105.845648,Ha Noi:Quan Hai Ba Trung,Bạch Mai - Minh Khai,lunch,com|com rang,under_50k,service|price,staff_service|value_for_money,1700,store:1108,1108,Cô Tám - Cơm Rang & Cơm Tấm - 126 Hồng Mai,4,0.803137,0.430677,850.5,4.8,1319,61000.0,20.9987793,105.8526306,false,"khớp term: com, com rang; cách query 851m; rating 4.8; price_min 6000; opening_status=open"
query:u015,u015,6/3/2026 12:10,21.002781,105.845648,Ha Noi:Quan Hai Ba Trung,Bạch Mai - Minh Khai,lunch,com|com rang,under_50k,service|price,staff_service|value_for_money,1700,store:8868,8868,Cơm Rang 10 Cẩm - Ngõ Trại Cá,5,0.762898,0.386853,1083.8,4.6,1617,42000.0,20.99341011,105.8485184,false,"khớp term: com, com rang; cách query 1084m; rating 4.6; price_min 1000; opening_status=open"
query:u016,u016,6/4/2026 15:10,21.005456,105.846556,Ha Noi:Quan Hai Ba Trung,Đại La,afternoon,banh cuon,under_50k,food_quality|cleanliness,taste|cleanliness,2000,store:67574,67574,Bánh Tráng Mập - Lê Thanh Nghị,1,0.895042,1.0,362.5,4.9,205,41000.0,21.00349045,105.8493423,false,khớp term: banh cuon; cách query 363m; rating 4.9; price_min 17000; opening_status=open
query:u016,u016,6/4/2026 15:10,21.005456,105.846556,Ha Noi:Quan Hai Ba Trung,Đại La,afternoon,banh cuon,under_50k,food_quality|cleanliness,taste|cleanliness,2000,store:73491,73491,U Lìu - Bún Bò Nam Bộ & Các Món Cuốn - Vân Hồ 2,2,0.879618,0.63093,573.4,4.8,51,55000.0,21.01061058,105.8464127,false,khớp term: banh cuon; cách query 573m; rating 4.8; price_min 40000; opening_status=open
query:u016,u016,6/4/2026 15:10,21.005456,105.846556,Ha Noi:Quan Hai Ba Trung,Đại La,afternoon,banh cuon,under_50k,food_quality|cleanliness,taste|cleanliness,2000,store:8805,8805,Gà Rán Texas Chicken - Bạch Mai,3,0.858416,0.5,587.8,4.8,2851,79000.0,21.00197983,105.8508224,false,khớp term: banh cuon; cách query 588m; rating 4.8; price_min 3000; opening_status=open
query:u016,u016,6/4/2026 15:10,21.005456,105.846556,Ha Noi:Quan Hai Ba Trung,Đại La,afternoon,banh cuon,under_50k,food_quality|cleanliness,taste|cleanliness,2000,store:22815,22815,Bánh Cuốn Cao Bằng - Thể Giao,4,0.854037,0.430677,957.7,4.8,314,30000.0,21.01400948,105.847641,false,khớp term: banh cuon; cách query 958m; rating 4.8; price_min 7000; opening_status=open
query:u016,u016,6/4/2026 15:10,21.005456,105.846556,Ha Noi:Quan Hai Ba Trung,Đại La,afternoon,banh cuon,under_50k,food_quality|cleanliness,taste|cleanliness,2000,store:1279,1279,Gạch Quán - Bánh Tráng Cuốn Thịt Heo,5,0.838396,0.386853,1168.0,4.8,1923,42000.0,21.00968933,105.8362579,false,khớp term: banh cuon; cách query 1168m; rating 4.8; price_min 10000; opening_status=open
query:u017,u017,6/5/2026 20:45,21.001011,105.85085,Ha Noi:Quan Hai Ba Trung,Minh Khai,dinner,ga ran|com ga|ga,50k_100k,food_quality|speed,taste|portion|fast_delivery,2200,store:42458,42458,Cơm Gà Xối Mỡ Mai Phương - Lê Thanh Nghị,1,0.887411,1.0,371.9,4.6,226,50000.0,21.00358009,105.8485565,false,"khớp term: com ga, ga; cách query 372m; rating 4.6; price_min 50000; opening_status=open"
query:u017,u017,6/5/2026 20:45,21.001011,105.85085,Ha Noi:Quan Hai Ba Trung,Minh Khai,dinner,ga ran|com ga|ga,50k_100k,food_quality|speed,taste|portion|fast_delivery,2200,store:95450,95450,Hương Hội An - Cơm Gà Hội An - Thanh Nhàn,2,0.860842,0.63093,483.5,4.0,23,80000.0,21.00276947,105.8551102,false,"khớp term: com ga, ga; cách query 484m; rating 4.0; price_min 70000; opening_status=open"
query:u017,u017,6/5/2026 20:45,21.001011,105.85085,Ha Noi:Quan Hai Ba Trung,Minh Khai,dinner,ga ran|com ga|ga,50k_100k,food_quality|speed,taste|portion|fast_delivery,2200,store:117708,117708,Cơm Gà Cô Tấm - Tạ Quang Bửu,3,0.837466,0.5,201.3,5.0,10,65000.0,21.00081062,105.8489227,false,"khớp term: com ga, ga; cách query 201m; rating 5.0; price_min 65000; opening_status=open"
query:u017,u017,6/5/2026 20:45,21.001011,105.85085,Ha Noi:Quan Hai Ba Trung,Minh Khai,dinner,ga ran|com ga|ga,50k_100k,food_quality|speed,taste|portion|fast_delivery,2200,store:31548,31548,Han Chicken - Gà Rán Hàn Quốc - Bùi Ngọc Dương,4,0.738694,0.430677,265.2,4.9,1103,99000.0,21.00123024,105.8533936,false,"khớp term: ga ran, ga; cách query 265m; rating 4.9; price_min 1000; opening_status=open"
query:u017,u017,6/5/2026 20:45,21.001011,105.85085,Ha Noi:Quan Hai Ba Trung,Minh Khai,dinner,ga ran|com ga|ga,50k_100k,food_quality|speed,taste|portion|fast_delivery,2200,store:8805,8805,Gà Rán Texas Chicken - Bạch Mai,5,0.721003,0.386853,107.8,4.8,2851,79000.0,21.00197983,105.8508224,false,"khớp term: ga ran, com ga, ga; cách query 108m; rating 4.8; price_min 3000; opening_status=open"
query:u018,u018,6/6/2026 7:10,20.999823,105.856814,Ha Noi:Quan Hai Ba Trung,Times City - Minh Khai,breakfast,pho|pho bo|pho ga,under_50k,food_quality|location,taste|nearby,1600,store:76300,76300,Phở Gà & Thịt Xiên - Bùi Ngọc Dương,1,0.88957,1.0,388.6,4.4,131,67500.0,21.00065994,105.8531799,false,"khớp term: pho, pho ga; cách query 389m; rating 4.4; price_min 8000; opening_status=open"
query:u018,u018,6/6/2026 7:10,20.999823,105.856814,Ha Noi:Quan Hai Ba Trung,Times City - Minh Khai,breakfast,pho|pho bo|pho ga,under_50k,food_quality|location,taste|nearby,1600,store:33749,33749,Phở Bò 288 - Phở Bò & Cơm Rang - Minh Khai,2,0.830293,0.63093,629.5,4.6,27,50000.0,20.99505997,105.8600922,false,"khớp term: pho, pho bo; cách query 630m; rating 4.6; price_min 6000; opening_status=open"
query:u018,u018,6/6/2026 7:10,20.999823,105.856814,Ha Noi:Quan Hai Ba Trung,Times City - Minh Khai,breakfast,pho|pho bo|pho ga,under_50k,food_quality|location,taste|nearby,1600,store:20226,20226,Phở Lưu - Phở Bò & Cơm Rang - Tam Trinh,3,0.812191,0.5,1139.2,4.5,443,50000.0,20.99151039,105.8632278,false,"khớp term: pho, pho bo; cách query 1139m; rating 4.5; price_min 8000; opening_status=open"
query:u018,u018,6/6/2026 7:10,20.999823,105.856814,Ha Noi:Quan Hai Ba Trung,Times City - Minh Khai,breakfast,pho|pho bo|pho ga,under_50k,food_quality|location,taste|nearby,1600,store:32462,32462,Phở Liên - Phở Gà & Phở Trộn - Bạch Mai,4,0.778369,0.430677,586.6,4.9,150,55000.0,21.00217056,105.8517532,true,"khớp term: pho, pho ga; cách query 587m; rating 4.9; price_min 3000; opening_status=closed"
query:u018,u018,6/6/2026 7:10,20.999823,105.856814,Ha Noi:Quan Hai Ba Trung,Times City - Minh Khai,breakfast,pho|pho bo|pho ga,under_50k,food_quality|location,taste|nearby,1600,store:14305,14305,Phở Bò Long Bích - Võ Thị Sáu,5,0.773537,0.386853,458.3,4.5,452,61000.0,21.00349998,105.8548203,true,"khớp term: pho, pho bo, pho ga; cách query 458m; rating 4.5; price_min 46000; opening_status=closed"
query:u019,u019,6/1/2026 20:00,21.001309,105.849725,Ha Noi:Quan Hai Ba Trung,Trương Định,dinner,bun cha,50k_100k,food_quality|price,taste|value_for_money,2600,store:62951,62951,Bún Cá Măng Cay & Bún Hải Sản Cát Bà - Lê Thanh Nghị,1,0.888547,1.0,651.3,4.4,461,65000.0,21.00189972,105.843483,false,khớp term: bun cha; cách query 651m; rating 4.4; price_min 55000; opening_status=open
query:u019,u019,6/1/2026 20:00,21.001309,105.849725,Ha Noi:Quan Hai Ba Trung,Trương Định,dinner,bun cha,50k_100k,food_quality|price,taste|value_for_money,2600,store:13998,13998,Quán Thiên Đức - Tự Do,2,0.703946,0.63093,375.1,4.2,60,32000.0,20.99867058,105.8474731,false,khớp term: bun cha; cách query 375m; rating 4.2; price_min 32000; opening_status=open
query:u019,u019,6/1/2026 20:00,21.001309,105.849725,Ha Noi:Quan Hai Ba Trung,Trương Định,dinner,bun cha,50k_100k,food_quality|price,taste|value_for_money,2600,store:77167,77167,Mỳ Gà Tần & Bún Chả - Khu Tập Thể Kinh Tế Quốc Dân,3,0.700418,0.5,327.9,4.2,160,45000.0,20.99908066,105.8476563,false,khớp term: bun cha; cách query 328m; rating 4.2; price_min 10000; opening_status=open
query:u019,u019,6/1/2026 20:00,21.001309,105.849725,Ha Noi:Quan Hai Ba Trung,Trương Định,dinner,bun cha,50k_100k,food_quality|price,taste|value_for_money,2600,store:114792,114792,Bún Chả - Nem Rán Long Vũ - Bạch Mai,4,0.690205,0.430677,387.6,4.8,226,58000.0,20.99784088,105.8500977,false,khớp term: bun cha; cách query 388m; rating 4.8; price_min 10000; opening_status=open
query:u019,u019,6/1/2026 20:00,21.001309,105.849725,Ha Noi:Quan Hai Ba Trung,Trương Định,dinner,bun cha,50k_100k,food_quality|price,taste|value_for_money,2600,store:11493,11493,Tun Tun - Bún Hải Sản Hoa Quả - Bùi Ngọc Dương,5,0.669067,0.386853,495.7,4.9,1821,70000.0,21.00175095,105.8544769,false,khớp term: bun cha; cách query 496m; rating 4.9; price_min 3000; opening_status=open
query:u020,u020,6/2/2026 13:10,20.994631,105.845266,Ha Noi:Quan Hoang Mai,Tân Mai,lunch,com rang|pho xao,50k_100k,food_quality,portion|taste,2900,store:8314,8314,Phở Bò Cơm Rang Duy Nhất - Giải Phóng,1,0.679719,1.0,763.9,4.6,1787,60000.0,21.00073051,105.8418808,true,"khớp term: com rang, pho xao; cách query 764m; rating 4.6; price_min 35000; opening_status=closed"
query:u020,u020,6/2/2026 13:10,20.994631,105.845266,Ha Noi:Quan Hoang Mai,Tân Mai,lunch,com rang|pho xao,50k_100k,food_quality,portion|taste,2900,store:23407,23407,Phở Bò 33 - Lê Đại Hành,2,0.650115,0.63093,1868.2,4.2,63,60000.0,21.01115036,105.8485489,false,khớp term: com rang; cách query 1868m; rating 4.2; price_min 55000; opening_status=open
query:u020,u020,6/2/2026 13:10,20.994631,105.845266,Ha Noi:Quan Hoang Mai,Tân Mai,lunch,com rang|pho xao,50k_100k,food_quality,portion|taste,2900,store:98870,98870,Tứ Quý - Phở Bò & Cơm Rang - Trịnh Đình Cửu,3,0.641535,0.5,1634.1,4.8,337,50000.0,20.9841404,105.8342438,false,"khớp term: com rang, pho xao; cách query 1634m; rating 4.8; price_min 3000; opening_status=open"
query:u020,u020,6/2/2026 13:10,20.994631,105.845266,Ha Noi:Quan Hoang Mai,Tân Mai,lunch,com rang|pho xao,50k_100k,food_quality,portion|taste,2900,store:20226,20226,Phở Lưu - Phở Bò & Cơm Rang - Tam Trinh,4,0.63338,0.430677,1896.7,4.5,443,50000.0,20.99151039,105.8632278,false,"khớp term: com rang, pho xao; cách query 1897m; rating 4.5; price_min 8000; opening_status=open"
query:u020,u020,6/2/2026 13:10,20.994631,105.845266,Ha Noi:Quan Hoang Mai,Tân Mai,lunch,com rang|pho xao,50k_100k,food_quality,portion|taste,2900,store:8868,8868,Cơm Rang 10 Cẩm - Ngõ Trại Cá,5,0.556503,0.386853,363.9,4.6,1617,42000.0,20.99341011,105.8485184,false,khớp term: com rang; cách query 364m; rating 4.6; price_min 1000; opening_status=open
query:u021,u021,6/3/2026 16:45,21.010163,105.850196,Ha Noi:Quan Hai Ba Trung,Thanh Nhàn,afternoon,com|ga,50k_100k,food_quality|service,high_rating|staff_service,3200,store:42458,42458,Cơm Gà Xối Mỡ Mai Phương - Lê Thanh Nghị,1,0.864249,1.0,751.5,4.6,226,50000.0,21.00358009,105.8485565,false,"khớp term: com, ga; cách query 752m; rating 4.6; price_min 50000; opening_status=open"
query:u021,u021,6/3/2026 16:45,21.010163,105.850196,Ha Noi:Quan Hai Ba Trung,Thanh Nhàn,afternoon,com|ga,50k_100k,food_quality|service,high_rating|staff_service,3200,store:16422,16422,Phương Dung - Cơm Đảo Gà Rang & Chim Quay - Tống Duy Tân,2,0.800763,0.63093,2233.5,4.9,378,110000.0,21.02922058,105.843399,false,"khớp term: com, ga; cách query 2233m; rating 4.9; price_min 55000; opening_status=open"
query:u021,u021,6/3/2026 16:45,21.010163,105.850196,Ha Noi:Quan Hai Ba Trung,Thanh Nhàn,afternoon,com|ga,50k_100k,food_quality|service,high_rating|staff_service,3200,store:117708,117708,Cơm Gà Cô Tấm - Tạ Quang Bửu,3,0.780247,0.5,1048.3,5.0,10,65000.0,21.00081062,105.8489227,false,"khớp term: com, ga; cách query 1048m; rating 5.0; price_min 65000; opening_status=open"
query:u021,u021,6/3/2026 16:45,21.010163,105.850196,Ha Noi:Quan Hai Ba Trung,Thanh Nhàn,afternoon,com|ga,50k_100k,food_quality|service,high_rating|staff_service,3200,store:8919,8919,Cơm Sạch Mẹ Shin - Tô Hoàng,4,0.719751,0.430677,389.7,4.5,849,65000.0,21.00667,105.8498917,false,"khớp term: com, ga; cách query 390m; rating 4.5; price_min 10000; opening_status=open"
query:u021,u021,6/3/2026 16:45,21.010163,105.850196,Ha Noi:Quan Hai Ba Trung,Thanh Nhàn,afternoon,com|ga,50k_100k,food_quality|service,high_rating|staff_service,3200,store:23407,23407,Phở Bò 33 - Lê Đại Hành,5,0.706259,0.386853,203.2,4.2,63,60000.0,21.01115036,105.8485489,false,khớp term: com; cách query 203m; rating 4.2; price_min 55000; opening_status=open
query:u022,u022,6/4/2026 20:45,21.014424,105.854033,Ha Noi:Quan Hai Ba Trung,Lò Đúc,dinner,pho|bun,under_50k,location|food_quality,nearby|taste,3800,store:22455,22455,Phở Cuốn Hoa Lan - Trần Hưng Đạo,1,0.905182,1.0,664.5,4.8,272,80000.0,21.01988983,105.8566208,false,"khớp term: pho, bun; cách query 664m; rating 4.8; price_min 35000; opening_status=open"
query:u022,u022,6/4/2026 20:45,21.014424,105.854033,Ha Noi:Quan Hai Ba Trung,Lò Đúc,dinner,pho|bun,under_50k,location|food_quality,nearby|taste,3800,store:8314,8314,Phở Bò Cơm Rang Duy Nhất - Giải Phóng,2,0.886332,0.63093,1977.3,4.6,1787,60000.0,21.00073051,105.8418808,false,"khớp term: pho, bun; cách query 1977m; rating 4.6; price_min 35000; opening_status=open"
query:u022,u022,6/4/2026 20:45,21.014424,105.854033,Ha Noi:Quan Hai Ba Trung,Lò Đúc,dinner,pho|bun,under_50k,location|food_quality,nearby|taste,3800,store:8805,8805,Gà Rán Texas Chicken - Bạch Mai,3,0.87229,0.5,1423.3,4.8,2851,79000.0,21.00197983,105.8508224,false,"khớp term: pho, bun; cách query 1423m; rating 4.8; price_min 3000; opening_status=open"
query:u022,u022,6/4/2026 20:45,21.014424,105.854033,Ha Noi:Quan Hai Ba Trung,Lò Đúc,dinner,pho|bun,under_50k,location|food_quality,nearby|taste,3800,store:77657,77657,BBQ Chicken - Gà Rán Hàn Quốc - Bà Triệu,4,0.868572,0.430677,653.9,4.9,141,137000.0,21.01087952,105.8490067,false,"khớp term: pho, bun; cách query 654m; rating 4.9; price_min 22000; opening_status=open"
query:u022,u022,6/4/2026 20:45,21.014424,105.854033,Ha Noi:Quan Hai Ba Trung,Lò Đúc,dinner,pho|bun,under_50k,location|food_quality,nearby|taste,3800,store:33188,33188,Hải Dung - Cơm Rang & Phở Xào - Quỳnh Mai,5,0.860541,0.386853,1657.7,4.5,61,55000.0,21.00110054,105.8611984,false,"khớp term: pho, bun; cách query 1658m; rating 4.5; price_min 17000; opening_status=open"
query:u023,u023,6/5/2026 13:10,21.008214,105.856823,Ha Noi:Quan Hai Ba Trung,Trần Khát Chân,lunch,com|pho|bun,any,food_quality|location,high_rating|nearby,4200,store:81353,81353,Cơm Tấm Xưa - Phong Vị Sài Thành - Lê Đại Hành,1,0.925979,1.0,683.9,4.6,507,70000.0,21.00931931,105.8503418,false,"khớp term: com, pho; cách query 684m; rating 4.6; price_min 7000; opening_status=open"
query:u023,u023,6/5/2026 13:10,21.008214,105.856823,Ha Noi:Quan Hai Ba Trung,Trần Khát Chân,lunch,com|pho|bun,any,food_quality|location,high_rating|nearby,4200,store:8805,8805,Gà Rán Texas Chicken - Bạch Mai,2,0.902821,0.63093,932.0,4.8,2851,79000.0,21.00197983,105.8508224,false,"khớp term: com, pho, bun; cách query 932m; rating 4.8; price_min 3000; opening_status=open"
query:u023,u023,6/5/2026 13:10,21.008214,105.856823,Ha Noi:Quan Hai Ba Trung,Trần Khát Chân,lunch,com|pho|bun,any,food_quality|location,high_rating|nearby,4200,store:7635,7635,Happy Food Cơm Gà Ba Vì,3,0.900325,0.5,1824.4,4.8,4000,65000.0,20.99850082,105.842659,false,"khớp term: com, pho; cách query 1824m; rating 4.8; price_min 12000; opening_status=open"
query:u023,u023,6/5/2026 13:10,21.008214,105.856823,Ha Noi:Quan Hai Ba Trung,Trần Khát Chân,lunch,com|pho|bun,any,food_quality|location,high_rating|nearby,4200,store:14318,14318,Thuỷ Hùng Cơm Gà Ba Vì - Phố Vọng,4,0.900325,0.430677,1824.4,4.8,1618,65000.0,20.99850082,105.842659,false,"khớp term: com, pho; cách query 1824m; rating 4.8; price_min 12000; opening_status=open"
query:u023,u023,6/5/2026 13:10,21.008214,105.856823,Ha Noi:Quan Hai Ba Trung,Trần Khát Chân,lunch,com|pho|bun,any,food_quality|location,high_rating|nearby,4200,store:4486,4486,"Bento Delichi (by Cooky) - Cơm Gà Mắm Tỏi, Xối Mỡ - Xã Đàn",5,0.897391,0.386853,2003.6,4.7,2748,56000.0,21.01066017,105.8376999,false,"khớp term: com, pho; cách query 2004m; rating 4.7; price_min 8000; opening_status=open"
query:u024,u024,6/6/2026 21:30,21.01321,105.849887,Ha Noi:Quan Hai Ba Trung,Phố Huế,late_night,ga|pho|com,50k_100k,speed|food_quality,fast_delivery|taste,4800,store:23407,23407,Phở Bò 33 - Lê Đại Hành,1,0.907797,1.0,267.8,4.2,63,60000.0,21.01115036,105.8485489,false,"khớp term: pho, com; cách query 268m; rating 4.2; price_min 55000; opening_status=open"
query:u024,u024,6/6/2026 21:30,21.01321,105.849887,Ha Noi:Quan Hai Ba Trung,Phố Huế,late_night,ga|pho|com,50k_100k,speed|food_quality,fast_delivery|taste,4800,store:42458,42458,Cơm Gà Xối Mỡ Mai Phương - Lê Thanh Nghị,2,0.866232,0.63093,1079.7,4.6,226,50000.0,21.00358009,105.8485565,false,"khớp term: ga, pho, com; cách query 1080m; rating 4.6; price_min 50000; opening_status=open"
query:u024,u024,6/6/2026 21:30,21.01321,105.849887,Ha Noi:Quan Hai Ba Trung,Phố Huế,late_night,ga|pho|com,50k_100k,speed|food_quality,fast_delivery|taste,4800,store:16422,16422,Phương Dung - Cơm Đảo Gà Rang & Chim Quay - Tống Duy Tân,3,0.861045,0.5,1903.4,4.9,378,110000.0,21.02922058,105.843399,false,"khớp term: ga, com; cách query 1903m; rating 4.9; price_min 55000; opening_status=open"
query:u024,u024,6/6/2026 21:30,21.01321,105.849887,Ha Noi:Quan Hai Ba Trung,Phố Huế,late_night,ga|pho|com,50k_100k,speed|food_quality,fast_delivery|taste,4800,store:95450,95450,Hương Hội An - Cơm Gà Hội An - Thanh Nhàn,4,0.841413,0.430677,1281.3,4.0,23,80000.0,21.00276947,105.8551102,false,"khớp term: ga, pho, com; cách query 1281m; rating 4.0; price_min 70000; opening_status=open"
query:u024,u024,6/6/2026 21:30,21.01321,105.849887,Ha Noi:Quan Hai Ba Trung,Phố Huế,late_night,ga|pho|com,50k_100k,speed|food_quality,fast_delivery|taste,4800,store:57665,57665,Phở Bò Gà & Bún Miến Ngan 343 - Phố Vọng,5,0.823362,0.386853,2363.4,4.8,187,66000.0,20.99327087,105.8420029,false,"khớp term: ga, pho; cách query 2363m; rating 4.8; price_min 66000; opening_status=open"
query:u025,u025,6/1/2026 11:10,21.016468,105.844879,Ha Noi:Quan Hai Ba Trung,Bà Triệu,lunch,com|com ga|com van phong,under_50k,price|service,value_for_money|staff_service,1200,store:4486,4486,"Bento Delichi (by Cooky) - Cơm Gà Mắm Tỏi, Xối Mỡ - Xã Đàn",1,0.798452,1.0,986.1,4.7,2748,56000.0,21.01066017,105.8376999,false,"khớp term: com, com ga, com van phong; cách query 986m; rating 4.7; price_min 8000; opening_status=open"
query:u025,u025,6/1/2026 11:10,21.016468,105.844879,Ha Noi:Quan Hai Ba Trung,Bà Triệu,lunch,com|com ga|com van phong,under_50k,price|service,value_for_money|staff_service,1200,store:126401,126401,"Happy Food - Đồ Ăn Hàn, Gà Rán Sốt & Cơm Bò HQ - Phùng Khắc Khoan",2,0.78488,0.63093,773.5,4.2,40,75000.0,21.01605034,105.8523178,false,"khớp term: com, com ga; cách query 774m; rating 4.2; price_min 1000; opening_status=open"
query:u025,u025,6/1/2026 11:10,21.016468,105.844879,Ha Noi:Quan Hai Ba Trung,Bà Triệu,lunch,com|com ga|com van phong,under_50k,price|service,value_for_money|staff_service,1200,store:24720,24720,Gà Rán Tok Tok - Khâm Thiên,3,0.767342,0.5,576.9,4.9,104,70000.0,21.01596069,105.8393478,false,"khớp term: com, com ga; cách query 577m; rating 4.9; price_min 15000; opening_status=open"
query:u025,u025,6/1/2026 11:10,21.016468,105.844879,Ha Noi:Quan Hai Ba Trung,Bà Triệu,lunch,com|com ga|com van phong,under_50k,price|service,value_for_money|staff_service,1200,store:53514,53514,Cơm 1985 - Phố Chợ Khâm Thiên,4,0.693066,0.430677,887.4,5.0,96,79000.0,21.0156002,105.83638,false,"khớp term: com, com ga; cách query 887m; rating 5.0; price_min 12000; opening_status=open"
query:u025,u025,6/1/2026 11:10,21.016468,105.844879,Ha Noi:Quan Hai Ba Trung,Bà Triệu,lunch,com|com ga|com van phong,under_50k,price|service,value_for_money|staff_service,1200,store:22815,22815,Bánh Cuốn Cao Bằng - Thể Giao,5,0.683789,0.386853,396.1,4.8,314,30000.0,21.01400948,105.847641,false,khớp term: com; cách query 396m; rating 4.8; price_min 7000; opening_status=open
query:u026,u026,6/2/2026 12:45,21.006837,105.83296,Ha Noi:Quan Dong Da,Tây Sơn,lunch,bun|pho,under_50k,price|food_quality,value_for_money|taste,1800,store:59967,59967,Quán Hà Nội Xưa - Bún Chả - Trường Chinh,1,0.77908,1.0,851.5,3.9,18,45000.0,21.00046921,105.8375168,false,"khớp term: bun, pho; cách query 852m; rating 3.9; price_min 45000; opening_status=open"
query:u026,u026,6/2/2026 12:45,21.006837,105.83296,Ha Noi:Quan Dong Da,Tây Sơn,lunch,bun|pho,under_50k,price|food_quality,value_for_money|taste,1800,store:118507,118507,"Bánh Cuốn, Bún Trộn Đức Anh - Trần Hữu Tước",2,0.767705,0.63093,1234.6,4.7,7,50000.0,21.01745033,105.8294678,false,"khớp term: bun, pho; cách query 1235m; rating 4.7; price_min 40000; opening_status=open"
query:u026,u026,6/2/2026 12:45,21.006837,105.83296,Ha Noi:Quan Dong Da,Tây Sơn,lunch,bun|pho,under_50k,price|food_quality,value_for_money|taste,1800,store:25639,25639,Quán Mùa - Cơm Gà & Bún Miến Trộn - Tây Sơn,3,0.766608,0.5,622.2,4.6,562,45000.0,21.00948906,105.8276825,true,"khớp term: bun, pho; cách query 622m; rating 4.6; price_min 15000; opening_status=closed"
query:u026,u026,6/2/2026 12:45,21.006837,105.83296,Ha Noi:Quan Dong Da,Tây Sơn,lunch,bun|pho,under_50k,price|food_quality,value_for_money|taste,1800,store:8314,8314,Phở Bò Cơm Rang Duy Nhất - Giải Phóng,4,0.762811,0.430677,1148.3,4.6,1787,60000.0,21.00073051,105.8418808,true,"khớp term: bun, pho; cách query 1148m; rating 4.6; price_min 35000; opening_status=closed"
query:u026,u026,6/2/2026 12:45,21.006837,105.83296,Ha Noi:Quan Dong Da,Tây Sơn,lunch,bun|pho,under_50k,price|food_quality,value_for_money|taste,1800,store:4486,4486,"Bento Delichi (by Cooky) - Cơm Gà Mắm Tỏi, Xối Mỡ - Xã Đàn",5,0.750552,0.386853,650.2,4.7,2748,56000.0,21.01066017,105.8376999,false,khớp term: pho; cách query 650m; rating 4.7; price_min 8000; opening_status=open
query:u027,u027,6/3/2026 12:45,21.006518,105.836208,Ha Noi:Quan Dong Da,Nguyễn Lương Bằng,lunch,com|com rang,under_50k,service|price,staff_service|value_for_money,2100,store:31215,31215,Cơm Rang Hải Sơn - Giải Phóng,1,0.864661,1.0,751.3,4.0,429,46000.0,21.00285912,105.8422928,false,"khớp term: com, com rang; cách query 751m; rating 4.0; price_min 12000; opening_status=open"
query:u027,u027,6/3/2026 12:45,21.006518,105.836208,Ha Noi:Quan Dong Da,Nguyễn Lương Bằng,lunch,com|com rang,under_50k,service|price,staff_service|value_for_money,2100,store:1255,1255,Cơm Rang Dế Mèn,2,0.856415,0.63093,534.4,4.6,644,55000.0,21.00871086,105.8316269,false,"khớp term: com, com rang; cách query 534m; rating 4.6; price_min 12000; opening_status=open"
query:u027,u027,6/3/2026 12:45,21.006518,105.836208,Ha Noi:Quan Dong Da,Nguyễn Lương Bằng,lunch,com|com rang,under_50k,service|price,staff_service|value_for_money,2100,store:11471,11471,Thiên Trường - Phở Cồ & Cơm Gà Xối Mắm - Giải Phóng,3,0.851507,0.5,726.7,4.5,39,59000.0,21.00283051,105.8419876,false,"khớp term: com, com rang; cách query 727m; rating 4.5; price_min 10000; opening_status=open"
query:u027,u027,6/3/2026 12:45,21.006518,105.836208,Ha Noi:Quan Dong Da,Nguyễn Lương Bằng,lunch,com|com rang,under_50k,service|price,staff_service|value_for_money,2100,store:126147,126147,"Nhà Hàng Bin Bo - Bún Riêu Cua, Cơm Rang & Phở Xào - Phương Mai",4,0.789265,0.430677,321.0,4.3,4,70000.0,21.00564957,105.8391571,false,"khớp term: com, com rang; cách query 321m; rating 4.3; price_min 1000; opening_status=open"
query:u027,u027,6/3/2026 12:45,21.006518,105.836208,Ha Noi:Quan Dong Da,Nguyễn Lương Bằng,lunch,com|com rang,under_50k,service|price,staff_service|value_for_money,2100,store:119112,119112,Cơm Rang A Lú - Lương Định Của,5,0.780622,0.386853,54.3,5.0,21,60000.0,21.00650978,105.836731,true,"khớp term: com, com rang; cách query 54m; rating 5.0; price_min 2000; opening_status=closed"
query:u028,u028,6/4/2026 14:20,21.001657,105.836766,Ha Noi:Quan Dong Da,Khâm Thiên,afternoon,banh cuon,under_50k,food_quality|cleanliness,taste|cleanliness,1900,store:32416,32416,Ngọc Lợi - Miến & Bánh Đa Cua Trộn - Kim Liên,1,0.914986,1.0,245.5,4.8,144,52500.0,21.00330925,105.8351974,false,khớp term: banh cuon; cách query 245m; rating 4.8; price_min 7000; opening_status=open
query:u028,u028,6/4/2026 14:20,21.001657,105.836766,Ha Noi:Quan Dong Da,Khâm Thiên,afternoon,banh cuon,under_50k,food_quality|cleanliness,taste|cleanliness,1900,store:1279,1279,Gạch Quán - Bánh Tráng Cuốn Thịt Heo,2,0.86102,0.63093,894.7,4.8,1923,42000.0,21.00968933,105.8362579,false,khớp term: banh cuon; cách query 895m; rating 4.8; price_min 10000; opening_status=open
query:u028,u028,6/4/2026 14:20,21.001657,105.836766,Ha Noi:Quan Dong Da,Khâm Thiên,afternoon,banh cuon,under_50k,food_quality|cleanliness,taste|cleanliness,1900,store:31187,31187,Đáng Vũ - Bánh Cuốn Nóng Gia Truyền - Lương Định Của,3,0.858481,0.5,260.6,4.8,133,65000.0,21.00382042,105.8358002,false,khớp term: banh cuon; cách query 261m; rating 4.8; price_min 18000; opening_status=open
query:u028,u028,6/4/2026 14:20,21.001657,105.836766,Ha Noi:Quan Dong Da,Khâm Thiên,afternoon,banh cuon,under_50k,food_quality|cleanliness,taste|cleanliness,1900,store:65884,65884,Kaoya Hotpot - Mì Vịt Quay & Cơm Xá Xíu - Lương Định Của,4,0.852645,0.430677,388.6,4.7,635,70000.0,21.00495911,105.8355408,false,khớp term: banh cuon; cách query 389m; rating 4.7; price_min 15000; opening_status=open
query:u028,u028,6/4/2026 14:20,21.001657,105.836766,Ha Noi:Quan Dong Da,Khâm Thiên,afternoon,banh cuon,under_50k,food_quality|cleanliness,taste|cleanliness,1900,store:10856,10856,Hồng Hạnh - Bánh Cuốn Tôm Thịt,5,0.851751,0.386853,862.1,4.7,205,30000.0,21.00914955,105.8346329,false,khớp term: banh cuon; cách query 862m; rating 4.7; price_min 15000; opening_status=open
query:u029,u029,6/5/2026 19:10,21.001509,105.839385,Ha Noi:Quan Hai Ba Trung,Lê Duẩn - Đại Cồ Việt,dinner,ga ran|com ga|ga,50k_100k,food_quality|speed,taste|portion|fast_delivery,2300,store:42458,42458,Cơm Gà Xối Mỡ Mai Phương - Lê Thanh Nghị,1,0.836042,1.0,979.5,4.6,226,50000.0,21.00358009,105.8485565,false,"khớp term: com ga, ga; cách query 980m; rating 4.6; price_min 50000; opening_status=open"
query:u029,u029,6/5/2026 19:10,21.001509,105.839385,Ha Noi:Quan Hai Ba Trung,Lê Duẩn - Đại Cồ Việt,dinner,ga ran|com ga|ga,50k_100k,food_quality|speed,taste|portion|fast_delivery,2300,store:117708,117708,Cơm Gà Cô Tấm - Tạ Quang Bửu,2,0.769407,0.63093,993.1,5.0,10,65000.0,21.00081062,105.8489227,false,"khớp term: com ga, ga; cách query 993m; rating 5.0; price_min 65000; opening_status=open"
query:u029,u029,6/5/2026 19:10,21.001509,105.839385,Ha Noi:Quan Hai Ba Trung,Lê Duẩn - Đại Cồ Việt,dinner,ga ran|com ga|ga,50k_100k,food_quality|speed,taste|portion|fast_delivery,2300,store:95450,95450,Hương Hội An - Cơm Gà Hội An - Thanh Nhàn,3,0.76233,0.5,1638.4,4.0,23,80000.0,21.00276947,105.8551102,false,"khớp term: com ga, ga; cách query 1638m; rating 4.0; price_min 70000; opening_status=open"
query:u029,u029,6/5/2026 19:10,21.001509,105.839385,Ha Noi:Quan Hai Ba Trung,Lê Duẩn - Đại Cồ Việt,dinner,ga ran|com ga|ga,50k_100k,food_quality|speed,taste|portion|fast_delivery,2300,store:7635,7635,Happy Food Cơm Gà Ba Vì,4,0.740134,0.430677,476.9,4.8,4000,65000.0,20.99850082,105.842659,false,"khớp term: com ga, ga; cách query 477m; rating 4.8; price_min 12000; opening_status=open"
query:u029,u029,6/5/2026 19:10,21.001509,105.839385,Ha Noi:Quan Hai Ba Trung,Lê Duẩn - Đại Cồ Việt,dinner,ga ran|com ga|ga,50k_100k,food_quality|speed,taste|portion|fast_delivery,2300,store:14318,14318,Thuỷ Hùng Cơm Gà Ba Vì - Phố Vọng,5,0.740134,0.386853,476.9,4.8,1618,65000.0,20.99850082,105.842659,false,"khớp term: com ga, ga; cách query 477m; rating 4.8; price_min 12000; opening_status=open"
query:u030,u030,6/6/2026 8:50,20.999958,105.832074,Ha Noi:Quan Dong Da,Ô Chợ Dừa,breakfast,pho|pho bo|pho ga,under_50k,food_quality|location,taste|nearby,1500,store:21224,21224,Phở Cồ Gia Truyền - Phở Bò & Cơm Rang,1,0.808669,1.0,929.5,4.7,174,55000.0,21.00001907,105.8231201,false,"khớp term: pho, pho bo; cách query 930m; rating 4.7; price_min 20000; opening_status=open"
query:u030,u030,6/6/2026 8:50,20.999958,105.832074,Ha Noi:Quan Dong Da,Ô Chợ Dừa,breakfast,pho|pho bo|pho ga,under_50k,food_quality|location,taste|nearby,1500,store:80180,80180,"Quyên Phở Gà - Phở, Mì & Miến Trộn - Phố Vọng",2,0.791035,0.63093,1061.4,4.8,563,55000.0,20.99840927,105.8421631,false,"khớp term: pho, pho ga; cách query 1061m; rating 4.8; price_min 15000; opening_status=open"
query:u030,u030,6/6/2026 8:50,20.999958,105.832074,Ha Noi:Quan Dong Da,Ô Chợ Dừa,breakfast,pho|pho bo|pho ga,under_50k,food_quality|location,taste|nearby,1500,store:8314,8314,Phở Bò Cơm Rang Duy Nhất - Giải Phóng,3,0.75418,0.5,1021.7,4.6,1787,60000.0,21.00073051,105.8418808,true,"khớp term: pho, pho bo; cách query 1022m; rating 4.6; price_min 35000; opening_status=closed"
query:u030,u030,6/6/2026 8:50,20.999958,105.832074,Ha Noi:Quan Dong Da,Ô Chợ Dừa,breakfast,pho|pho bo|pho ga,under_50k,food_quality|location,taste|nearby,1500,store:32784,32784,Nhà Hàng Đức Mai - Các Món Nhậu - Giải Phóng,4,0.737192,0.430677,1124.9,4.1,11,35000.0,20.99481964,105.8414078,false,"khớp term: pho, pho ga; cách query 1125m; rating 4.1; price_min 10000; opening_status=open"
query:u030,u030,6/6/2026 8:50,20.999958,105.832074,Ha Noi:Quan Dong Da,Ô Chợ Dừa,breakfast,pho|pho bo|pho ga,under_50k,food_quality|location,taste|nearby,1500,store:7635,7635,Happy Food Cơm Gà Ba Vì,5,0.669105,0.386853,1110.7,4.8,4000,65000.0,20.99850082,105.842659,false,khớp term: pho; cách query 1111m; rating 4.8; price_min 12000; opening_status=open
query:u031,u031,6/1/2026 19:10,20.997169,105.869079,Ha Noi:Quan Hai Ba Trung,Vĩnh Tuy,dinner,bun cha,50k_100k,food_quality|price,taste|value_for_money,2800,store:62951,62951,Bún Cá Măng Cay & Bún Hải Sản Cát Bà - Lê Thanh Nghị,1,0.745169,1.0,2708.7,4.4,461,65000.0,21.00189972,105.843483,false,khớp term: bun cha; cách query 2709m; rating 4.4; price_min 55000; opening_status=open
query:u031,u031,6/1/2026 19:10,20.997169,105.869079,Ha Noi:Quan Hai Ba Trung,Vĩnh Tuy,dinner,bun cha,50k_100k,food_quality|price,taste|value_for_money,2800,store:17700,17700,Bún Chả Xưa - Lĩnh Nam,2,0.726382,0.63093,845.9,4.2,2333,37500.0,20.99094963,105.8643875,false,khớp term: bun cha; cách query 846m; rating 4.2; price_min 5000; opening_status=open
query:u031,u031,6/1/2026 19:10,20.997169,105.869079,Ha Noi:Quan Hai Ba Trung,Vĩnh Tuy,dinner,bun cha,50k_100k,food_quality|price,taste|value_for_money,2800,store:21980,21980,H&A Quán - Bún Đậu & Nem Nướng - Vĩnh Tuy,3,0.672496,0.5,917.1,4.8,1673,45000.0,21.00074959,105.877037,false,khớp term: bun cha; cách query 917m; rating 4.8; price_min 4000; opening_status=open
query:u031,u031,6/1/2026 19:10,20.997169,105.869079,Ha Noi:Quan Hai Ba Trung,Vĩnh Tuy,dinner,bun cha,50k_100k,food_quality|price,taste|value_for_money,2800,store:25452,25452,"Bánh Cuốn Nóng, Bún Đậu Mẹt & Bún Chả - Vĩnh Hưng",4,0.660134,0.430677,1250.2,4.4,674,52500.0,20.99073029,105.878952,false,khớp term: bun cha; cách query 1250m; rating 4.4; price_min 12000; opening_status=open
query:u031,u031,6/1/2026 19:10,20.997169,105.869079,Ha Noi:Quan Hai Ba Trung,Vĩnh Tuy,dinner,bun cha,50k_100k,food_quality|price,taste|value_for_money,2800,store:20472,20472,"Bánh Cuốn, Bún Chả & Gà Tần - Đền Lừ 2",5,0.654152,0.386853,1551.3,4.7,63,45000.0,20.98712921,105.8587036,false,khớp term: bun cha; cách query 1551m; rating 4.7; price_min 35000; opening_status=open
query:u032,u032,6/2/2026 11:10,20.99391,105.862238,Ha Noi:Quan Hoang Mai,Mai Động,lunch,com rang|pho xao,50k_100k,food_quality,portion|taste,2900,store:20226,20226,Phở Lưu - Phở Bò & Cơm Rang - Tam Trinh,1,0.744468,1.0,285.9,4.5,443,50000.0,20.99151039,105.8632278,false,"khớp term: com rang, pho xao; cách query 286m; rating 4.5; price_min 8000; opening_status=open"
query:u032,u032,6/2/2026 11:10,20.99391,105.862238,Ha Noi:Quan Hoang Mai,Mai Động,lunch,com rang|pho xao,50k_100k,food_quality,portion|taste,2900,store:23407,23407,Phở Bò 33 - Lê Đại Hành,2,0.614386,0.63093,2386.3,4.2,63,60000.0,21.01115036,105.8485489,false,khớp term: com rang; cách query 2386m; rating 4.2; price_min 55000; opening_status=open
query:u032,u032,6/2/2026 11:10,20.99391,105.862238,Ha Noi:Quan Hoang Mai,Mai Động,lunch,com rang|pho xao,50k_100k,food_quality,portion|taste,2900,store:33188,33188,Hải Dung - Cơm Rang & Phở Xào - Quỳnh Mai,3,0.612549,0.5,806.8,4.5,61,55000.0,21.00110054,105.8611984,true,"khớp term: com rang, pho xao; cách query 807m; rating 4.5; price_min 17000; opening_status=closed"
query:u032,u032,6/2/2026 11:10,20.99391,105.862238,Ha Noi:Quan Hoang Mai,Mai Động,lunch,com rang|pho xao,50k_100k,food_quality,portion|taste,2900,store:28837,28837,Gà Tần Huyền Anh - Phở Xào & Cơm Rang - Quỳnh Mai,4,0.59776,0.430677,852.3,4.7,173,62000.0,21.00131989,105.8601379,true,"khớp term: com rang, pho xao; cách query 852m; rating 4.7; price_min 20000; opening_status=closed"
query:u032,u032,6/2/2026 11:10,20.99391,105.862238,Ha Noi:Quan Hoang Mai,Mai Động,lunch,com rang|pho xao,50k_100k,food_quality,portion|taste,2900,store:8314,8314,Phở Bò Cơm Rang Duy Nhất - Giải Phóng,5,0.577554,0.386853,2245.3,4.6,1787,60000.0,21.00073051,105.8418808,true,"khớp term: com rang, pho xao; cách query 2245m; rating 4.6; price_min 35000; opening_status=closed"
query:u033,u033,6/3/2026 15:10,20.991508,105.850938,Ha Noi:Quan Hoang Mai,Hoàng Mai,afternoon,com|ga,50k_100k,food_quality|service,high_rating|staff_service,3200,store:42458,42458,Cơm Gà Xối Mỡ Mai Phương - Lê Thanh Nghị,1,0.82591,1.0,1364.9,4.6,226,50000.0,21.00358009,105.8485565,false,"khớp term: com, ga; cách query 1365m; rating 4.6; price_min 50000; opening_status=open"
query:u033,u033,6/3/2026 15:10,20.991508,105.850938,Ha Noi:Quan Hoang Mai,Hoàng Mai,afternoon,com|ga,50k_100k,food_quality|service,high_rating|staff_service,3200,store:76892,76892,GONGFU CHICKEN - Trương Định,2,0.737044,0.63093,291.0,4.7,485,54000.0,20.99386024,105.8497086,false,"khớp term: com, ga; cách query 291m; rating 4.7; price_min 14000; opening_status=open"
query:u033,u033,6/3/2026 15:10,20.991508,105.850938,Ha Noi:Quan Hoang Mai,Hoàng Mai,afternoon,com|ga,50k_100k,food_quality|service,high_rating|staff_service,3200,store:7635,7635,Happy Food Cơm Gà Ba Vì,3,0.699162,0.5,1159.0,4.8,4000,65000.0,20.99850082,105.842659,false,"khớp term: com, ga; cách query 1159m; rating 4.8; price_min 12000; opening_status=open"
query:u033,u033,6/3/2026 15:10,20.991508,105.850938,Ha Noi:Quan Hoang Mai,Hoàng Mai,afternoon,com|ga,50k_100k,food_quality|service,high_rating|staff_service,3200,store:14318,14318,Thuỷ Hùng Cơm Gà Ba Vì - Phố Vọng,4,0.699162,0.430677,1159.0,4.8,1618,65000.0,20.99850082,105.842659,false,"khớp term: com, ga; cách query 1159m; rating 4.8; price_min 12000; opening_status=open"
query:u033,u033,6/3/2026 15:10,20.991508,105.850938,Ha Noi:Quan Hoang Mai,Hoàng Mai,afternoon,com|ga,50k_100k,food_quality|service,high_rating|staff_service,3200,store:93168,93168,Minh Sơn - Bún Trộn & Phở Chiên Phồng - Bạch Mai,5,0.697868,0.386853,676.4,4.8,118,60000.0,20.99758911,105.8510818,false,"khớp term: com, ga; cách query 676m; rating 4.8; price_min 13000; opening_status=open"
query:u034,u034,6/4/2026 20:45,21.01877,105.848108,Ha Noi:Quan Hoan Kiem,Hoàn Kiếm phía Nam,dinner,pho|bun,under_50k,location|food_quality,nearby|taste,3400,store:22455,22455,Phở Cuốn Hoa Lan - Trần Hưng Đạo,1,0.887665,1.0,892.3,4.8,272,80000.0,21.01988983,105.8566208,false,"khớp term: pho, bun; cách query 892m; rating 4.8; price_min 35000; opening_status=open"
query:u034,u034,6/4/2026 20:45,21.01877,105.848108,Ha Noi:Quan Hoan Kiem,Hoàn Kiếm phía Nam,dinner,pho|bun,under_50k,location|food_quality,nearby|taste,3400,store:8314,8314,Phở Bò Cơm Rang Duy Nhất - Giải Phóng,2,0.866431,0.63093,2107.5,4.6,1787,60000.0,21.00073051,105.8418808,false,"khớp term: pho, bun; cách query 2107m; rating 4.6; price_min 35000; opening_status=open"
query:u034,u034,6/4/2026 20:45,21.01877,105.848108,Ha Noi:Quan Hoan Kiem,Hoàn Kiếm phía Nam,dinner,pho|bun,under_50k,location|food_quality,nearby|taste,3400,store:15897,15897,Vịt 29 - 29 Food - Cơm Phở -Nguyễn Thượng Hiền,3,0.854784,0.5,610.0,4.9,48,195000.0,21.01884079,105.8422318,false,"khớp term: pho, bun; cách query 610m; rating 4.9; price_min 8000; opening_status=open"
query:u034,u034,6/4/2026 20:45,21.01877,105.848108,Ha Noi:Quan Hoan Kiem,Hoàn Kiếm phía Nam,dinner,pho|bun,under_50k,location|food_quality,nearby|taste,3400,store:77657,77657,BBQ Chicken - Gà Rán Hàn Quốc - Bà Triệu,4,0.851084,0.430677,882.3,4.9,141,137000.0,21.01087952,105.8490067,false,"khớp term: pho, bun; cách query 882m; rating 4.9; price_min 22000; opening_status=open"
query:u034,u034,6/4/2026 20:45,21.01877,105.848108,Ha Noi:Quan Hoan Kiem,Hoàn Kiếm phía Nam,dinner,pho|bun,under_50k,location|food_quality,nearby|taste,3400,store:8805,8805,Gà Rán Texas Chicken - Bạch Mai,5,0.836134,0.386853,1888.1,4.8,2851,79000.0,21.00197983,105.8508224,false,"khớp term: pho, bun; cách query 1888m; rating 4.8; price_min 3000; opening_status=open"
query:u035,u035,6/5/2026 11:10,21.006035,105.843243,Ha Noi:Quan Hai Ba Trung,HUST cổng Trần Đại Nghĩa,lunch,com|pho|bun,any,food_quality|location,high_rating|nearby,4100,store:4486,4486,"Bento Delichi (by Cooky) - Cơm Gà Mắm Tỏi, Xối Mỡ - Xã Đàn",1,0.955154,1.0,771.7,4.7,2748,56000.0,21.01066017,105.8376999,false,"khớp term: com, pho; cách query 772m; rating 4.7; price_min 8000; opening_status=open"
query:u035,u035,6/5/2026 11:10,21.006035,105.843243,Ha Noi:Quan Hai Ba Trung,HUST cổng Trần Đại Nghĩa,lunch,com|pho|bun,any,food_quality|location,high_rating|nearby,4100,store:7635,7635,Happy Food Cơm Gà Ba Vì,2,0.946227,0.63093,840.0,4.8,4000,65000.0,20.99850082,105.842659,false,"khớp term: com, pho; cách query 840m; rating 4.8; price_min 12000; opening_status=open"
query:u035,u035,6/5/2026 11:10,21.006035,105.843243,Ha Noi:Quan Hai Ba Trung,HUST cổng Trần Đại Nghĩa,lunch,com|pho|bun,any,food_quality|location,high_rating|nearby,4100,store:14318,14318,Thuỷ Hùng Cơm Gà Ba Vì - Phố Vọng,3,0.946227,0.5,840.0,4.8,1618,65000.0,20.99850082,105.842659,false,"khớp term: com, pho; cách query 840m; rating 4.8; price_min 12000; opening_status=open"
query:u035,u035,6/5/2026 11:10,21.006035,105.843243,Ha Noi:Quan Hai Ba Trung,HUST cổng Trần Đại Nghĩa,lunch,com|pho|bun,any,food_quality|location,high_rating|nearby,4100,store:11471,11471,Thiên Trường - Phở Cồ & Cơm Gà Xối Mắm - Giải Phóng,4,0.932208,0.430677,379.4,4.5,39,59000.0,21.00283051,105.8419876,false,"khớp term: com, pho; cách query 379m; rating 4.5; price_min 10000; opening_status=open"
query:u035,u035,6/5/2026 11:10,21.006035,105.843243,Ha Noi:Quan Hai Ba Trung,HUST cổng Trần Đại Nghĩa,lunch,com|pho|bun,any,food_quality|location,high_rating|nearby,4100,store:81353,81353,Cơm Tấm Xưa - Phong Vị Sài Thành - Lê Đại Hành,5,0.918428,0.386853,822.4,4.6,507,70000.0,21.00931931,105.8503418,false,"khớp term: com, pho; cách query 822m; rating 4.6; price_min 7000; opening_status=open"
query:u036,u036,6/6/2026 22:15,21.007634,105.845858,Ha Noi:Quan Hai Ba Trung,KTX Bách Khoa,late_night,ga|pho|com,50k_100k,speed|food_quality,fast_delivery|taste,4500,store:23407,23407,Phở Bò 33 - Lê Đại Hành,1,0.897601,1.0,480.5,4.2,63,60000.0,21.01115036,105.8485489,false,"khớp term: pho, com; cách query 481m; rating 4.2; price_min 55000; opening_status=open"
query:u036,u036,6/6/2026 22:15,21.007634,105.845858,Ha Noi:Quan Hai Ba Trung,KTX Bách Khoa,late_night,ga|pho|com,50k_100k,speed|food_quality,fast_delivery|taste,4500,store:16422,16422,Phương Dung - Cơm Đảo Gà Rang & Chim Quay - Tống Duy Tân,2,0.833072,0.63093,2413.9,4.9,378,110000.0,21.02922058,105.843399,false,"khớp term: ga, com; cách query 2414m; rating 4.9; price_min 55000; opening_status=open"
query:u036,u036,6/6/2026 22:15,21.007634,105.845858,Ha Noi:Quan Hai Ba Trung,KTX Bách Khoa,late_night,ga|pho|com,50k_100k,speed|food_quality,fast_delivery|taste,4500,store:42458,42458,Cơm Gà Xối Mỡ Mai Phương - Lê Thanh Nghị,3,0.787631,0.5,530.7,4.6,226,50000.0,21.00358009,105.8485565,true,"khớp term: ga, pho, com; cách query 531m; rating 4.6; price_min 50000; opening_status=closed"
query:u036,u036,6/6/2026 22:15,21.007634,105.845858,Ha Noi:Quan Hai Ba Trung,KTX Bách Khoa,late_night,ga|pho|com,50k_100k,speed|food_quality,fast_delivery|taste,4500,store:8314,8314,Phở Bò Cơm Rang Duy Nhất - Giải Phóng,4,0.763662,0.430677,871.6,4.6,1787,60000.0,21.00073051,105.8418808,false,"khớp term: pho, com; cách query 872m; rating 4.6; price_min 35000; opening_status=open"
query:u036,u036,6/6/2026 22:15,21.007634,105.845858,Ha Noi:Quan Hai Ba Trung,KTX Bách Khoa,late_night,ga|pho|com,50k_100k,speed|food_quality,fast_delivery|taste,4500,store:57665,57665,Phở Bò Gà & Bún Miến Ngan 343 - Phố Vọng,5,0.748658,0.386853,1646.5,4.8,187,66000.0,20.99327087,105.8420029,true,"khớp term: ga, pho; cách query 1646m; rating 4.8; price_min 66000; opening_status=closed"
query:u037,u037,6/1/2026 11:10,21.00231,105.84509,Ha Noi:Quan Hai Ba Trung,Tạ Quang Bửu,lunch,com|com ga|com van phong,under_50k,price|service,value_for_money|staff_service,1100,store:11471,11471,Thiên Trường - Phở Cồ & Cơm Gà Xối Mắm - Giải Phóng,1,0.861222,1.0,327.2,4.5,39,59000.0,21.00283051,105.8419876,false,"khớp term: com, com ga; cách query 327m; rating 4.5; price_min 10000; opening_status=open"
query:u037,u037,6/1/2026 11:10,21.00231,105.84509,Ha Noi:Quan Hai Ba Trung,Tạ Quang Bửu,lunch,com|com ga|com van phong,under_50k,price|service,value_for_money|staff_service,1100,store:42458,42458,Cơm Gà Xối Mỡ Mai Phương - Lê Thanh Nghị,2,0.840933,0.63093,386.6,4.6,226,50000.0,21.00358009,105.8485565,false,"khớp term: com, com ga; cách query 387m; rating 4.6; price_min 50000; opening_status=open"
query:u037,u037,6/1/2026 11:10,21.00231,105.84509,Ha Noi:Quan Hai Ba Trung,Tạ Quang Bửu,lunch,com|com ga|com van phong,under_50k,price|service,value_for_money|staff_service,1100,store:7635,7635,Happy Food Cơm Gà Ba Vì,3,0.837556,0.5,493.0,4.8,4000,65000.0,20.99850082,105.842659,false,"khớp term: com, com ga; cách query 493m; rating 4.8; price_min 12000; opening_status=open"
query:u037,u037,6/1/2026 11:10,21.00231,105.84509,Ha Noi:Quan Hai Ba Trung,Tạ Quang Bửu,lunch,com|com ga|com van phong,under_50k,price|service,value_for_money|staff_service,1100,store:14318,14318,Thuỷ Hùng Cơm Gà Ba Vì - Phố Vọng,4,0.837556,0.430677,493.0,4.8,1618,65000.0,20.99850082,105.842659,false,"khớp term: com, com ga; cách query 493m; rating 4.8; price_min 12000; opening_status=open"
query:u037,u037,6/1/2026 11:10,21.00231,105.84509,Ha Noi:Quan Hai Ba Trung,Tạ Quang Bửu,lunch,com|com ga|com van phong,under_50k,price|service,value_for_money|staff_service,1100,store:8805,8805,Gà Rán Texas Chicken - Bạch Mai,5,0.8088,0.386853,596.2,4.8,2851,79000.0,21.00197983,105.8508224,false,"khớp term: com, com ga; cách query 596m; rating 4.8; price_min 3000; opening_status=open"
query:u038,u038,6/2/2026 13:10,21.00662,105.84528,Ha Noi:Quan Hai Ba Trung,Lê Thanh Nghị,lunch,bun|pho,under_50k,price|food_quality,value_for_money|taste,1500,store:8805,8805,Gà Rán Texas Chicken - Bạch Mai,1,0.844159,1.0,772.8,4.8,2851,79000.0,21.00197983,105.8508224,false,"khớp term: bun, pho; cách query 773m; rating 4.8; price_min 3000; opening_status=open"
query:u038,u038,6/2/2026 13:10,21.00662,105.84528,Ha Noi:Quan Hai Ba Trung,Lê Thanh Nghị,lunch,bun|pho,under_50k,price|food_quality,value_for_money|taste,1500,store:77657,77657,BBQ Chicken - Gà Rán Hàn Quốc - Bà Triệu,2,0.821447,0.63093,611.5,4.9,141,137000.0,21.01087952,105.8490067,false,"khớp term: bun, pho; cách query 612m; rating 4.9; price_min 22000; opening_status=open"
query:u038,u038,6/2/2026 13:10,21.00662,105.84528,Ha Noi:Quan Hai Ba Trung,Lê Thanh Nghị,lunch,bun|pho,under_50k,price|food_quality,value_for_money|taste,1500,store:76300,76300,Phở Gà & Thịt Xiên - Bùi Ngọc Dương,3,0.797557,0.5,1054.4,4.4,131,67500.0,21.00065994,105.8531799,false,"khớp term: bun, pho; cách query 1054m; rating 4.4; price_min 8000; opening_status=open"
query:u038,u038,6/2/2026 13:10,21.00662,105.84528,Ha Noi:Quan Hai Ba Trung,Lê Thanh Nghị,lunch,bun|pho,under_50k,price|food_quality,value_for_money|taste,1500,store:8314,8314,Phở Bò Cơm Rang Duy Nhất - Giải Phóng,4,0.791214,0.430677,743.9,4.6,1787,60000.0,21.00073051,105.8418808,true,"khớp term: bun, pho; cách query 744m; rating 4.6; price_min 35000; opening_status=closed"
query:u038,u038,6/2/2026 13:10,21.00662,105.84528,Ha Noi:Quan Hai Ba Trung,Lê Thanh Nghị,lunch,bun|pho,under_50k,price|food_quality,value_for_money|taste,1500,store:13998,13998,Quán Thiên Đức - Tự Do,5,0.772698,0.386853,912.8,4.2,60,32000.0,20.99867058,105.8474731,false,"khớp term: bun, pho; cách query 913m; rating 4.2; price_min 32000; opening_status=open"
query:u039,u039,6/3/2026 13:10,21.003532,105.843276,Ha Noi:Quan Hai Ba Trung,Thư viện Tạ Quang Bửu,lunch,com|com rang,under_50k,service|price,staff_service|value_for_money,1800,store:31215,31215,Cơm Rang Hải Sơn - Giải Phóng,1,0.922154,1.0,126.6,4.0,429,46000.0,21.00285912,105.8422928,false,"khớp term: com, com rang; cách query 127m; rating 4.0; price_min 12000; opening_status=open"
query:u039,u039,6/3/2026 13:10,21.003532,105.843276,Ha Noi:Quan Hai Ba Trung,Thư viện Tạ Quang Bửu,lunch,com|com rang,under_50k,service|price,staff_service|value_for_money,1800,store:11471,11471,Thiên Trường - Phở Cồ & Cơm Gà Xối Mắm - Giải Phóng,2,0.903512,0.63093,154.8,4.5,39,59000.0,21.00283051,105.8419876,false,"khớp term: com, com rang; cách query 155m; rating 4.5; price_min 10000; opening_status=open"
query:u039,u039,6/3/2026 13:10,21.003532,105.843276,Ha Noi:Quan Hai Ba Trung,Thư viện Tạ Quang Bửu,lunch,com|com rang,under_50k,service|price,staff_service|value_for_money,1800,store:8314,8314,Phở Bò Cơm Rang Duy Nhất - Giải Phóng,3,0.82223,0.5,343.5,4.6,1787,60000.0,21.00073051,105.8418808,true,"khớp term: com, com rang; cách query 344m; rating 4.6; price_min 35000; opening_status=closed"
query:u039,u039,6/3/2026 13:10,21.003532,105.843276,Ha Noi:Quan Hai Ba Trung,Thư viện Tạ Quang Bửu,lunch,com|com rang,under_50k,service|price,staff_service|value_for_money,1800,store:1108,1108,Cô Tám - Cơm Rang & Cơm Tấm - 126 Hồng Mai,4,0.780358,0.430677,1105.6,4.8,1319,61000.0,20.9987793,105.8526306,false,"khớp term: com, com rang; cách query 1106m; rating 4.8; price_min 6000; opening_status=open"
query:u039,u039,6/3/2026 13:10,21.003532,105.843276,Ha Noi:Quan Hai Ba Trung,Thư viện Tạ Quang Bửu,lunch,com|com rang,under_50k,service|price,staff_service|value_for_money,1800,store:126147,126147,"Nhà Hàng Bin Bo - Bún Riêu Cua, Cơm Rang & Phở Xào - Phương Mai",5,0.765601,0.386853,488.1,4.3,4,70000.0,21.00564957,105.8391571,false,"khớp term: com, com rang; cách query 488m; rating 4.3; price_min 1000; opening_status=open"
query:u040,u040,6/4/2026 16:45,21.005235,105.846562,Ha Noi:Quan Hai Ba Trung,cổng Parabol,afternoon,banh cuon,under_50k,food_quality|cleanliness,taste|cleanliness,2000,store:67574,67574,Bánh Tráng Mập - Lê Thanh Nghị,1,0.89652,1.0,347.7,4.9,205,41000.0,21.00349045,105.8493423,false,khớp term: banh cuon; cách query 348m; rating 4.9; price_min 17000; opening_status=open
query:u040,u040,6/4/2026 16:45,21.005235,105.846562,Ha Noi:Quan Hai Ba Trung,cổng Parabol,afternoon,banh cuon,under_50k,food_quality|cleanliness,taste|cleanliness,2000,store:73491,73491,U Lìu - Bún Bò Nam Bộ & Các Món Cuốn - Vân Hồ 2,2,0.87716,0.63093,597.9,4.8,51,55000.0,21.01061058,105.8464127,false,khớp term: banh cuon; cách query 598m; rating 4.8; price_min 40000; opening_status=open
query:u040,u040,6/4/2026 16:45,21.005235,105.846562,Ha Noi:Quan Hai Ba Trung,cổng Parabol,afternoon,banh cuon,under_50k,food_quality|cleanliness,taste|cleanliness,2000,store:8805,8805,Gà Rán Texas Chicken - Bạch Mai,3,0.86005,0.5,571.5,4.8,2851,79000.0,21.00197983,105.8508224,false,khớp term: banh cuon; cách query 571m; rating 4.8; price_min 3000; opening_status=open
query:u040,u040,6/4/2026 16:45,21.005235,105.846562,Ha Noi:Quan Hai Ba Trung,cổng Parabol,afternoon,banh cuon,under_50k,food_quality|cleanliness,taste|cleanliness,2000,store:22815,22815,Bánh Cuốn Cao Bằng - Thể Giao,4,0.851603,0.430677,982.1,4.8,314,30000.0,21.01400948,105.847641,false,khớp term: banh cuon; cách query 982m; rating 4.8; price_min 7000; opening_status=open
query:u040,u040,6/4/2026 16:45,21.005235,105.846562,Ha Noi:Quan Hai Ba Trung,cổng Parabol,afternoon,banh cuon,under_50k,food_quality|cleanliness,taste|cleanliness,2000,store:17056,17056,Chảnh Quán - Gỏi Cuốn Mắm Nêm - Phố Vọng,5,0.837585,0.386853,999.8,4.6,82,46500.0,20.99692917,105.8428726,false,khớp term: banh cuon; cách query 1000m; rating 4.6; price_min 7000; opening_status=open
query:u041,u041,6/5/2026 18:30,21.008745,105.846376,Ha Noi:Quan Hai Ba Trung,Ngã tư Vọng,dinner,ga ran|com ga|ga,50k_100k,food_quality|speed,taste|portion|fast_delivery,2300,store:42458,42458,Cơm Gà Xối Mỡ Mai Phương - Lê Thanh Nghị,1,0.867539,1.0,617.3,4.6,226,50000.0,21.00358009,105.8485565,false,"khớp term: com ga, ga; cách query 617m; rating 4.6; price_min 50000; opening_status=open"
query:u041,u041,6/5/2026 18:30,21.008745,105.846376,Ha Noi:Quan Hai Ba Trung,Ngã tư Vọng,dinner,ga ran|com ga|ga,50k_100k,food_quality|speed,taste|portion|fast_delivery,2300,store:95450,95450,Hương Hội An - Cơm Gà Hội An - Thanh Nhàn,2,0.807056,0.63093,1124.1,4.0,23,80000.0,21.00276947,105.8551102,false,"khớp term: com ga, ga; cách query 1124m; rating 4.0; price_min 70000; opening_status=open"
query:u041,u041,6/5/2026 18:30,21.008745,105.846376,Ha Noi:Quan Hai Ba Trung,Ngã tư Vọng,dinner,ga ran|com ga|ga,50k_100k,food_quality|speed,taste|portion|fast_delivery,2300,store:117708,117708,Cơm Gà Cô Tấm - Tạ Quang Bửu,3,0.775678,0.5,921.0,5.0,10,65000.0,21.00081062,105.8489227,false,"khớp term: com ga, ga; cách query 921m; rating 5.0; price_min 65000; opening_status=open"
query:u041,u041,6/5/2026 18:30,21.008745,105.846376,Ha Noi:Quan Hai Ba Trung,Ngã tư Vọng,dinner,ga ran|com ga|ga,50k_100k,food_quality|speed,taste|portion|fast_delivery,2300,store:16422,16422,Phương Dung - Cơm Đảo Gà Rang & Chim Quay - Tống Duy Tân,4,0.750558,0.430677,2297.7,4.9,378,110000.0,21.02922058,105.843399,false,"khớp term: ga ran, ga; cách query 2298m; rating 4.9; price_min 55000; opening_status=open"
query:u041,u041,6/5/2026 18:30,21.008745,105.846376,Ha Noi:Quan Hai Ba Trung,Ngã tư Vọng,dinner,ga ran|com ga|ga,50k_100k,food_quality|speed,taste|portion|fast_delivery,2300,store:4486,4486,"Bento Delichi (by Cooky) - Cơm Gà Mắm Tỏi, Xối Mỡ - Xã Đàn",5,0.701927,0.386853,925.4,4.7,2748,56000.0,21.01066017,105.8376999,false,"khớp term: com ga, ga; cách query 925m; rating 4.7; price_min 8000; opening_status=open"
query:u042,u042,6/6/2026 8:15,21.006935,105.847358,Ha Noi:Quan Dong Da,Giải Phóng - Phương Mai,breakfast,pho|pho bo|pho ga,under_50k,food_quality|location,taste|nearby,1800,store:76300,76300,Phở Gà & Thịt Xiên - Bùi Ngọc Dương,1,0.835574,1.0,923.1,4.4,131,67500.0,21.00065994,105.8531799,false,"khớp term: pho, pho ga; cách query 923m; rating 4.4; price_min 8000; opening_status=open"
query:u042,u042,6/6/2026 8:15,21.006935,105.847358,Ha Noi:Quan Dong Da,Giải Phóng - Phương Mai,breakfast,pho|pho bo|pho ga,under_50k,food_quality|location,taste|nearby,1800,store:80180,80180,"Quyên Phở Gà - Phở, Mì & Miến Trộn - Phố Vọng",2,0.811372,0.63093,1090.7,4.8,563,55000.0,20.99840927,105.8421631,false,"khớp term: pho, pho ga; cách query 1091m; rating 4.8; price_min 15000; opening_status=open"
query:u042,u042,6/6/2026 8:15,21.006935,105.847358,Ha Noi:Quan Dong Da,Giải Phóng - Phương Mai,breakfast,pho|pho bo|pho ga,under_50k,food_quality|location,taste|nearby,1800,store:23407,23407,Phở Bò 33 - Lê Đại Hành,3,0.803096,0.5,484.8,4.2,63,60000.0,21.01115036,105.8485489,false,"khớp term: pho, pho bo; cách query 485m; rating 4.2; price_min 55000; opening_status=open"
query:u042,u042,6/6/2026 8:15,21.006935,105.847358,Ha Noi:Quan Dong Da,Giải Phóng - Phương Mai,breakfast,pho|pho bo|pho ga,under_50k,food_quality|location,taste|nearby,1800,store:8314,8314,Phở Bò Cơm Rang Duy Nhất - Giải Phóng,4,0.791066,0.430677,894.0,4.6,1787,60000.0,21.00073051,105.8418808,true,"khớp term: pho, pho bo; cách query 894m; rating 4.6; price_min 35000; opening_status=closed"
query:u042,u042,6/6/2026 8:15,21.006935,105.847358,Ha Noi:Quan Dong Da,Giải Phóng - Phương Mai,breakfast,pho|pho bo|pho ga,under_50k,food_quality|location,taste|nearby,1800,store:32462,32462,Phở Liên - Phở Gà & Phở Trộn - Bạch Mai,5,0.774013,0.386853,699.2,4.9,150,55000.0,21.00217056,105.8517532,true,"khớp term: pho, pho ga; cách query 699m; rating 4.9; price_min 3000; opening_status=closed"
query:u043,u043,6/1/2026 18:30,21.010158,105.845857,Ha Noi:Quan Dong Da,Phương Mai,dinner,bun cha,50k_100k,food_quality|price,taste|value_for_money,2500,store:62951,62951,Bún Cá Măng Cay & Bún Hải Sản Cát Bà - Lê Thanh Nghị,1,0.862585,1.0,950.8,4.4,461,65000.0,21.00189972,105.843483,false,khớp term: bun cha; cách query 951m; rating 4.4; price_min 55000; opening_status=open
query:u043,u043,6/1/2026 18:30,21.010158,105.845857,Ha Noi:Quan Dong Da,Phương Mai,dinner,bun cha,50k_100k,food_quality|price,taste|value_for_money,2500,store:130307,130307,"Phở Bò Nội - Bún Chả, Cháo & Cơm - Trần Hưng Đạo",2,0.737199,0.63093,1497.1,4.8,10,50000.0,21.02345085,105.8435669,false,khớp term: bun cha; cách query 1497m; rating 4.8; price_min 50000; opening_status=open
query:u043,u043,6/1/2026 18:30,21.010158,105.845857,Ha Noi:Quan Dong Da,Phương Mai,dinner,bun cha,50k_100k,food_quality|price,taste|value_for_money,2500,store:97742,97742,"NaBi Bún Chả Quạt, Cơm Tấm & Cơm Văn Phòng - Tây Sơn",3,0.716216,0.5,2022.0,4.3,11,66000.0,21.01016045,105.8263779,false,khớp term: bun cha; cách query 2022m; rating 4.3; price_min 58000; opening_status=open
query:u043,u043,6/1/2026 18:30,21.010158,105.845857,Ha Noi:Quan Dong Da,Phương Mai,dinner,bun cha,50k_100k,food_quality|price,taste|value_for_money,2500,store:7160,7160,Bún Chả Mẹ Nga - Vân Hồ 3,4,0.714555,0.430677,113.1,4.3,2598,64000.0,21.00921059,105.8462524,false,khớp term: bun cha; cách query 113m; rating 4.3; price_min 2000; opening_status=open
query:u043,u043,6/1/2026 18:30,21.010158,105.845857,Ha Noi:Quan Dong Da,Phương Mai,dinner,bun cha,50k_100k,food_quality|price,taste|value_for_money,2500,store:16270,16270,"Bún Chả, Bún Thịt Nướng & Thịt Xiên Cây Dâu - Nguyễn Công Trứ",5,0.653559,0.386853,764.9,5.0,42,28000.0,21.01353073,105.8522797,false,khớp term: bun cha; cách query 765m; rating 5.0; price_min 11000; opening_status=open
query:u044,u044,6/2/2026 13:10,21.00802,105.837405,Ha Noi:Quan Dong Da,Kim Liên,lunch,com rang|pho xao,50k_100k,food_quality,portion|taste,2800,store:23407,23407,Phở Bò 33 - Lê Đại Hành,1,0.692672,1.0,1208.0,4.2,63,60000.0,21.01115036,105.8485489,false,khớp term: com rang; cách query 1208m; rating 4.2; price_min 55000; opening_status=open
query:u044,u044,6/2/2026 13:10,21.00802,105.837405,Ha Noi:Quan Dong Da,Kim Liên,lunch,com rang|pho xao,50k_100k,food_quality,portion|taste,2800,store:8314,8314,Phở Bò Cơm Rang Duy Nhất - Giải Phóng,2,0.665666,0.63093,934.3,4.6,1787,60000.0,21.00073051,105.8418808,true,"khớp term: com rang, pho xao; cách query 934m; rating 4.6; price_min 35000; opening_status=closed"
query:u044,u044,6/2/2026 13:10,21.00802,105.837405,Ha Noi:Quan Dong Da,Kim Liên,lunch,com rang|pho xao,50k_100k,food_quality,portion|taste,2800,store:126147,126147,"Nhà Hàng Bin Bo - Bún Riêu Cua, Cơm Rang & Phở Xào - Phương Mai",3,0.598162,0.5,320.2,4.3,4,70000.0,21.00564957,105.8391571,false,"khớp term: com rang, pho xao; cách query 320m; rating 4.3; price_min 1000; opening_status=open"
query:u044,u044,6/2/2026 13:10,21.00802,105.837405,Ha Noi:Quan Dong Da,Kim Liên,lunch,com rang|pho xao,50k_100k,food_quality,portion|taste,2800,store:128321,128321,"Cơm, Phở Xào & Miến Xào - Cù Chính Lan",4,0.577906,0.430677,1578.2,5.0,4,57000.0,21.00102997,105.824173,false,"khớp term: com rang, pho xao; cách query 1578m; rating 5.0; price_min 20000; opening_status=open"
query:u044,u044,6/2/2026 13:10,21.00802,105.837405,Ha Noi:Quan Dong Da,Kim Liên,lunch,com rang|pho xao,50k_100k,food_quality,portion|taste,2800,store:98870,98870,Tứ Quý - Phở Bò & Cơm Rang - Trịnh Đình Cửu,5,0.563121,0.386853,2675.5,4.8,337,50000.0,20.9841404,105.8342438,false,"khớp term: com rang, pho xao; cách query 2675m; rating 4.8; price_min 3000; opening_status=open"
query:u045,u045,6/3/2026 14:20,21.013642,105.833436,Ha Noi:Quan Dong Da,Xã Đàn,afternoon,com|ga,50k_100k,food_quality|service,high_rating|staff_service,3200,store:16422,16422,Phương Dung - Cơm Đảo Gà Rang & Chim Quay - Tống Duy Tân,1,0.814263,1.0,2017.4,4.9,378,110000.0,21.02922058,105.843399,false,"khớp term: com, ga; cách query 2017m; rating 4.9; price_min 55000; opening_status=open"
query:u045,u045,6/3/2026 14:20,21.013642,105.833436,Ha Noi:Quan Dong Da,Xã Đàn,afternoon,com|ga,50k_100k,food_quality|service,high_rating|staff_service,3200,store:42458,42458,Cơm Gà Xối Mỡ Mai Phương - Lê Thanh Nghị,2,0.790749,0.63093,1927.5,4.6,226,50000.0,21.00358009,105.8485565,false,"khớp term: com, ga; cách query 1928m; rating 4.6; price_min 50000; opening_status=open"
query:u045,u045,6/3/2026 14:20,21.013642,105.833436,Ha Noi:Quan Dong Da,Xã Đàn,afternoon,com|ga,50k_100k,food_quality|service,high_rating|staff_service,3200,store:4486,4486,"Bento Delichi (by Cooky) - Cơm Gà Mắm Tỏi, Xối Mỡ - Xã Đàn",3,0.737836,0.5,553.0,4.7,2748,56000.0,21.01066017,105.8376999,false,"khớp term: com, ga; cách query 553m; rating 4.7; price_min 8000; opening_status=open"
query:u045,u045,6/3/2026 14:20,21.013642,105.833436,Ha Noi:Quan Dong Da,Xã Đàn,afternoon,com|ga,50k_100k,food_quality|service,high_rating|staff_service,3200,store:4397,4397,Mokchang - Đồ Ăn Hàn Quốc & Gà Rán - Xã Đàn,4,0.709349,0.430677,477.6,4.8,5937,85000.0,21.01195908,105.8376694,false,"khớp term: com, ga; cách query 478m; rating 4.8; price_min 5000; opening_status=open"
query:u045,u045,6/3/2026 14:20,21.013642,105.833436,Ha Noi:Quan Dong Da,Xã Đàn,afternoon,com|ga,50k_100k,food_quality|service,high_rating|staff_service,3200,store:7240,7240,"Cơm Gà, Mì Cay & Mì Trộn Bếp Nhà Cám - Tôn Đức Thắng",5,0.702879,0.386853,922.5,4.7,294,40000.0,21.02137947,105.8302307,false,"khớp term: com, ga; cách query 922m; rating 4.7; price_min 9900; opening_status=open"
query:u046,u046,6/4/2026 19:10,21.008637,105.829357,Ha Noi:Quan Dong Da,Chùa Bộc,dinner,pho|bun,under_50k,location|food_quality,nearby|taste,3400,store:25639,25639,Quán Mùa - Cơm Gà & Bún Miến Trộn - Tây Sơn,1,0.924091,1.0,198.0,4.6,562,45000.0,21.00948906,105.8276825,false,"khớp term: pho, bun; cách query 198m; rating 4.6; price_min 15000; opening_status=open"
query:u046,u046,6/4/2026 19:10,21.008637,105.829357,Ha Noi:Quan Dong Da,Chùa Bộc,dinner,pho|bun,under_50k,location|food_quality,nearby|taste,3400,store:8314,8314,Phở Bò Cơm Rang Duy Nhất - Giải Phóng,2,0.898082,0.63093,1569.4,4.6,1787,60000.0,21.00073051,105.8418808,false,"khớp term: pho, bun; cách query 1569m; rating 4.6; price_min 35000; opening_status=open"
query:u046,u046,6/4/2026 19:10,21.008637,105.829357,Ha Noi:Quan Dong Da,Chùa Bộc,dinner,pho|bun,under_50k,location|food_quality,nearby|taste,3400,store:118507,118507,"Bánh Cuốn, Bún Trộn Đức Anh - Trần Hữu Tước",3,0.847228,0.5,980.1,4.7,7,50000.0,21.01745033,105.8294678,false,"khớp term: pho, bun; cách query 980m; rating 4.7; price_min 40000; opening_status=open"
query:u046,u046,6/4/2026 19:10,21.008637,105.829357,Ha Noi:Quan Dong Da,Chùa Bộc,dinner,pho|bun,under_50k,location|food_quality,nearby|taste,3400,store:17056,17056,Chảnh Quán - Gỏi Cuốn Mắm Nêm - Phố Vọng,4,0.824982,0.430677,1914.0,4.6,82,46500.0,20.99692917,105.8428726,false,"khớp term: pho, bun; cách query 1914m; rating 4.6; price_min 7000; opening_status=open"
query:u046,u046,6/4/2026 19:10,21.008637,105.829357,Ha Noi:Quan Dong Da,Chùa Bộc,dinner,pho|bun,under_50k,location|food_quality,nearby|taste,3400,store:8200,8200,Phở bò - Cơm rang Duy Nhất - Huỳnh Thúc Kháng,5,0.812763,0.386853,2244.6,4.7,2429,65000.0,21.01929092,105.8109894,false,"khớp term: pho, bun; cách query 2245m; rating 4.7; price_min 35000; opening_status=open"
query:u047,u047,6/5/2026 12:45,21.011871,105.825692,Ha Noi:Quan Dong Da,Thái Hà,lunch,com|pho|bun,any,food_quality|location,high_rating|nearby,4000,store:4486,4486,"Bento Delichi (by Cooky) - Cơm Gà Mắm Tỏi, Xối Mỡ - Xã Đàn",1,0.930116,1.0,1253.7,4.7,2748,56000.0,21.01066017,105.8376999,false,"khớp term: com, pho; cách query 1254m; rating 4.7; price_min 8000; opening_status=open"
query:u047,u047,6/5/2026 12:45,21.011871,105.825692,Ha Noi:Quan Dong Da,Thái Hà,lunch,com|pho|bun,any,food_quality|location,high_rating|nearby,4000,store:7240,7240,"Cơm Gà, Mì Cay & Mì Trộn Bếp Nhà Cám - Tôn Đức Thắng",2,0.920777,0.63093,1157.5,4.7,294,40000.0,21.02137947,105.8302307,false,"khớp term: com, pho; cách query 1158m; rating 4.7; price_min 9900; opening_status=open"
query:u047,u047,6/5/2026 12:45,21.011871,105.825692,Ha Noi:Quan Dong Da,Thái Hà,lunch,com|pho|bun,any,food_quality|location,high_rating|nearby,4000,store:12952,12952,KCC - Phở - Cơm Rang - Nguyên Hồng,3,0.884223,0.5,1884.1,4.5,437,60000.0,21.02290916,105.8119202,false,"khớp term: com, pho; cách query 1884m; rating 4.5; price_min 10000; opening_status=open"
query:u047,u047,6/5/2026 12:45,21.011871,105.825692,Ha Noi:Quan Dong Da,Thái Hà,lunch,com|pho|bun,any,food_quality|location,high_rating|nearby,4000,store:26075,26075,Chi Nấm - Cơm Văn Phòng,4,0.879384,0.430677,976.6,4.6,293,48000.0,21.01133919,105.835083,false,"khớp term: com, pho; cách query 977m; rating 4.6; price_min 7000; opening_status=open"
query:u047,u047,6/5/2026 12:45,21.011871,105.825692,Ha Noi:Quan Dong Da,Thái Hà,lunch,com|pho|bun,any,food_quality|location,high_rating|nearby,4000,store:11020,11020,Bún Chả Cô An - Hanoi Grilled Pork Noodles - Khâm Thiên,5,0.874787,0.386853,1572.3,4.6,40,65000.0,21.01643944,105.8400269,false,"khớp term: com, bun; cách query 1572m; rating 4.6; price_min 45000; opening_status=open"
query:u048,u048,6/6/2026 23:00,21.003946,105.847517,Ha Noi:Quan Hai Ba Trung,Bạch Mai,late_night,ga|pho|com,50k_100k,speed|food_quality,fast_delivery|taste,4800,store:16422,16422,Phương Dung - Cơm Đảo Gà Rang & Chim Quay - Tống Duy Tân,1,0.821907,1.0,2842.7,4.9,378,110000.0,21.02922058,105.843399,false,"khớp term: ga, com; cách query 2843m; rating 4.9; price_min 55000; opening_status=open"
query:u048,u048,6/6/2026 23:00,21.003946,105.847517,Ha Noi:Quan Hai Ba Trung,Bạch Mai,late_night,ga|pho|com,50k_100k,speed|food_quality,fast_delivery|taste,4800,store:42458,42458,Cơm Gà Xối Mỡ Mai Phương - Lê Thanh Nghị,2,0.806413,0.63093,115.3,4.6,226,50000.0,21.00358009,105.8485565,true,"khớp term: ga, pho, com; cách query 115m; rating 4.6; price_min 50000; opening_status=closed"
query:u048,u048,6/6/2026 23:00,21.003946,105.847517,Ha Noi:Quan Hai Ba Trung,Bạch Mai,late_night,ga|pho|com,50k_100k,speed|food_quality,fast_delivery|taste,4800,store:23407,23407,Phở Bò 33 - Lê Đại Hành,3,0.785282,0.5,808.2,4.2,63,60000.0,21.01115036,105.8485489,true,"khớp term: pho, com; cách query 808m; rating 4.2; price_min 55000; opening_status=closed"
query:u048,u048,6/6/2026 23:00,21.003946,105.847517,Ha Noi:Quan Hai Ba Trung,Bạch Mai,late_night,ga|pho|com,50k_100k,speed|food_quality,fast_delivery|taste,4800,store:8314,8314,Phở Bò Cơm Rang Duy Nhất - Giải Phóng,4,0.77383,0.430677,685.7,4.6,1787,60000.0,21.00073051,105.8418808,false,"khớp term: pho, com; cách query 686m; rating 4.6; price_min 35000; opening_status=open"
query:u048,u048,6/6/2026 23:00,21.003946,105.847517,Ha Noi:Quan Hai Ba Trung,Bạch Mai,late_night,ga|pho|com,50k_100k,speed|food_quality,fast_delivery|taste,4800,store:57665,57665,Phở Bò Gà & Bún Miến Ngan 343 - Phố Vọng,5,0.766926,0.386853,1317.8,4.8,187,66000.0,20.99327087,105.8420029,true,"khớp term: ga, pho; cách query 1318m; rating 4.8; price_min 66000; opening_status=closed"
query:u049,u049,6/1/2026 12:45,21.003293,105.848523,Ha Noi:Quan Hai Ba Trung,Bạch Mai - Minh Khai,lunch,com|com ga|com van phong,under_50k,price|service,value_for_money|staff_service,1200,store:42458,42458,Cơm Gà Xối Mỡ Mai Phương - Lê Thanh Nghị,1,0.905866,1.0,32.1,4.6,226,50000.0,21.00358009,105.8485565,false,"khớp term: com, com ga; cách query 32m; rating 4.6; price_min 50000; opening_status=open"
query:u049,u049,6/1/2026 12:45,21.003293,105.848523,Ha Noi:Quan Hai Ba Trung,Bạch Mai - Minh Khai,lunch,com|com ga|com van phong,under_50k,price|service,value_for_money|staff_service,1200,store:8805,8805,Gà Rán Texas Chicken - Bạch Mai,2,0.870564,0.63093,279.8,4.8,2851,79000.0,21.00197983,105.8508224,false,"khớp term: com, com ga; cách query 280m; rating 4.8; price_min 3000; opening_status=open"
query:u049,u049,6/1/2026 12:45,21.003293,105.848523,Ha Noi:Quan Hai Ba Trung,Bạch Mai - Minh Khai,lunch,com|com ga|com van phong,under_50k,price|service,value_for_money|staff_service,1200,store:11471,11471,Thiên Trường - Phở Cồ & Cơm Gà Xối Mắm - Giải Phóng,3,0.807321,0.5,680.4,4.5,39,59000.0,21.00283051,105.8419876,false,"khớp term: com, com ga; cách query 680m; rating 4.5; price_min 10000; opening_status=open"
query:u049,u049,6/1/2026 12:45,21.003293,105.848523,Ha Noi:Quan Hai Ba Trung,Bạch Mai - Minh Khai,lunch,com|com ga|com van phong,under_50k,price|service,value_for_money|staff_service,1200,store:7635,7635,Happy Food Cơm Gà Ba Vì,4,0.792364,0.430677,809.0,4.8,4000,65000.0,20.99850082,105.842659,false,"khớp term: com, com ga; cách query 809m; rating 4.8; price_min 12000; opening_status=open"
query:u049,u049,6/1/2026 12:45,21.003293,105.848523,Ha Noi:Quan Hai Ba Trung,Bạch Mai - Minh Khai,lunch,com|com ga|com van phong,under_50k,price|service,value_for_money|staff_service,1200,store:14318,14318,Thuỷ Hùng Cơm Gà Ba Vì - Phố Vọng,5,0.792364,0.386853,809.0,4.8,1618,65000.0,20.99850082,105.842659,false,"khớp term: com, com ga; cách query 809m; rating 4.8; price_min 12000; opening_status=open"
query:u050,u050,6/2/2026 12:10,21.002882,105.848995,Ha Noi:Quan Hai Ba Trung,Đại La,lunch,bun|pho,under_50k,price|food_quality,value_for_money|taste,1700,store:8805,8805,Gà Rán Texas Chicken - Bạch Mai,1,0.921954,1.0,214.6,4.8,2851,79000.0,21.00197983,105.8508224,false,"khớp term: bun, pho; cách query 215m; rating 4.8; price_min 3000; opening_status=open"
query:u050,u050,6/2/2026 12:10,21.002882,105.848995,Ha Noi:Quan Hai Ba Trung,Đại La,lunch,bun|pho,under_50k,price|food_quality,value_for_money|taste,1700,store:76300,76300,Phở Gà & Thịt Xiên - Bùi Ngọc Dương,2,0.879343,0.63093,499.8,4.4,131,67500.0,21.00065994,105.8531799,false,"khớp term: bun, pho; cách query 500m; rating 4.4; price_min 8000; opening_status=open"
query:u050,u050,6/2/2026 12:10,21.002882,105.848995,Ha Noi:Quan Hai Ba Trung,Đại La,lunch,bun|pho,under_50k,price|food_quality,value_for_money|taste,1700,store:13998,13998,Quán Thiên Đức - Tự Do,3,0.836258,0.5,494.2,4.2,60,32000.0,20.99867058,105.8474731,false,"khớp term: bun, pho; cách query 494m; rating 4.2; price_min 32000; opening_status=open"
query:u050,u050,6/2/2026 12:10,21.002882,105.848995,Ha Noi:Quan Hai Ba Trung,Đại La,lunch,bun|pho,under_50k,price|food_quality,value_for_money|taste,1700,store:17056,17056,Chảnh Quán - Gỏi Cuốn Mắm Nêm - Phố Vọng,4,0.799609,0.430677,917.7,4.6,82,46500.0,20.99692917,105.8428726,false,"khớp term: bun, pho; cách query 918m; rating 4.6; price_min 7000; opening_status=open"
query:u050,u050,6/2/2026 12:10,21.002882,105.848995,Ha Noi:Quan Hai Ba Trung,Đại La,lunch,bun|pho,under_50k,price|food_quality,value_for_money|taste,1700,store:8314,8314,Phở Bò Cơm Rang Duy Nhất - Giải Phóng,5,0.799071,0.386853,776.3,4.6,1787,60000.0,21.00073051,105.8418808,true,"khớp term: bun, pho; cách query 776m; rating 4.6; price_min 35000; opening_status=closed"
query:u051,u051,6/3/2026 11:10,21.000756,105.853819,Ha Noi:Quan Hai Ba Trung,Minh Khai,lunch,com|com rang,under_50k,service|price,staff_service|value_for_money,1700,store:1108,1108,Cô Tám - Cơm Rang & Cơm Tấm - 126 Hồng Mai,1,0.873547,1.0,252.1,4.8,1319,61000.0,20.9987793,105.8526306,false,"khớp term: com, com rang; cách query 252m; rating 4.8; price_min 6000; opening_status=open"
query:u051,u051,6/3/2026 11:10,21.000756,105.853819,Ha Noi:Quan Hai Ba Trung,Minh Khai,lunch,com|com rang,under_50k,service|price,staff_service|value_for_money,1700,store:31215,31215,Cơm Rang Hải Sơn - Giải Phóng,2,0.792786,0.63093,1219.2,4.0,429,46000.0,21.00285912,105.8422928,false,"khớp term: com, com rang; cách query 1219m; rating 4.0; price_min 12000; opening_status=open"
query:u051,u051,6/3/2026 11:10,21.000756,105.853819,Ha Noi:Quan Hai Ba Trung,Minh Khai,lunch,com|com rang,under_50k,service|price,staff_service|value_for_money,1700,store:7920,7920,Cơm Gà Q35 - Hồng Mai,3,0.784333,0.5,211.4,4.8,2207,45000.0,20.99887085,105.8540802,true,"khớp term: com, com rang; cách query 211m; rating 4.8; price_min 1; opening_status=closed"
query:u051,u051,6/3/2026 11:10,21.000756,105.853819,Ha Noi:Quan Hai Ba Trung,Minh Khai,lunch,com|com rang,under_50k,service|price,staff_service|value_for_money,1700,store:8868,8868,Cơm Rang 10 Cẩm - Ngõ Trại Cá,4,0.774531,0.430677,984.9,4.6,1617,42000.0,20.99341011,105.8485184,false,"khớp term: com, com rang; cách query 985m; rating 4.6; price_min 1000; opening_status=open"
query:u051,u051,6/3/2026 11:10,21.000756,105.853819,Ha Noi:Quan Hai Ba Trung,Minh Khai,lunch,com|com rang,under_50k,service|price,staff_service|value_for_money,1700,store:11471,11471,Thiên Trường - Phở Cồ & Cơm Gà Xối Mắm - Giải Phóng,5,0.773695,0.386853,1249.7,4.5,39,59000.0,21.00283051,105.8419876,false,"khớp term: com, com rang; cách query 1250m; rating 4.5; price_min 10000; opening_status=open"
query:u052,u052,6/4/2026 14:20,20.996703,105.856241,Ha Noi:Quan Hai Ba Trung,Times City - Minh Khai,afternoon,banh cuon,under_50k,food_quality|cleanliness,taste|cleanliness,2000,store:94161,94161,Bánh Cuốn Nóng & Gà Ác Tần - Minh Khai,1,0.888608,1.0,243.2,4.7,31,47500.0,20.99523926,105.8544998,false,khớp term: banh cuon; cách query 243m; rating 4.7; price_min 10000; opening_status=open
query:u052,u052,6/4/2026 14:20,20.996703,105.856241,Ha Noi:Quan Hai Ba Trung,Times City - Minh Khai,afternoon,banh cuon,under_50k,food_quality|cleanliness,taste|cleanliness,2000,store:17700,17700,Bún Chả Xưa - Lĩnh Nam,2,0.874757,0.63093,1060.4,4.2,2333,37500.0,20.99094963,105.8643875,false,khớp term: banh cuon; cách query 1060m; rating 4.2; price_min 5000; opening_status=open
query:u052,u052,6/4/2026 14:20,20.996703,105.856241,Ha Noi:Quan Hai Ba Trung,Times City - Minh Khai,afternoon,banh cuon,under_50k,food_quality|cleanliness,taste|cleanliness,2000,store:20472,20472,"Bánh Cuốn, Bún Chả & Gà Tần - Đền Lừ 2",3,0.843475,0.5,1094.8,4.7,63,45000.0,20.98712921,105.8587036,false,khớp term: banh cuon; cách query 1095m; rating 4.7; price_min 35000; opening_status=open
query:u052,u052,6/4/2026 14:20,20.996703,105.856241,Ha Noi:Quan Hai Ba Trung,Times City - Minh Khai,afternoon,banh cuon,under_50k,food_quality|cleanliness,taste|cleanliness,2000,store:8805,8805,Gà Rán Texas Chicken - Bạch Mai,4,0.835917,0.430677,812.8,4.8,2851,79000.0,21.00197983,105.8508224,false,khớp term: banh cuon; cách query 813m; rating 4.8; price_min 3000; opening_status=open
query:u052,u052,6/4/2026 14:20,20.996703,105.856241,Ha Noi:Quan Hai Ba Trung,Times City - Minh Khai,afternoon,banh cuon,under_50k,food_quality|cleanliness,taste|cleanliness,2000,store:67574,67574,Bánh Tráng Mập - Lê Thanh Nghị,5,0.827252,0.386853,1040.4,4.9,205,41000.0,21.00349045,105.8493423,false,khớp term: banh cuon; cách query 1040m; rating 4.9; price_min 17000; opening_status=open
query:u053,u053,6/5/2026 18:30,20.998158,105.848381,Ha Noi:Quan Hai Ba Trung,Trương Định,dinner,ga ran|com ga|ga,50k_100k,food_quality|speed,taste|portion|fast_delivery,2400,store:42458,42458,Cơm Gà Xối Mỡ Mai Phương - Lê Thanh Nghị,1,0.870953,1.0,603.2,4.6,226,50000.0,21.00358009,105.8485565,false,"khớp term: com ga, ga; cách query 603m; rating 4.6; price_min 50000; opening_status=open"
query:u053,u053,6/5/2026 18:30,20.998158,105.848381,Ha Noi:Quan Hai Ba Trung,Trương Định,dinner,ga ran|com ga|ga,50k_100k,food_quality|speed,taste|portion|fast_delivery,2400,store:95450,95450,Hương Hội An - Cơm Gà Hội An - Thanh Nhàn,2,0.832588,0.63093,866.6,4.0,23,80000.0,21.00276947,105.8551102,false,"khớp term: com ga, ga; cách query 867m; rating 4.0; price_min 70000; opening_status=open"
query:u053,u053,6/5/2026 18:30,20.998158,105.848381,Ha Noi:Quan Hai Ba Trung,Trương Định,dinner,ga ran|com ga|ga,50k_100k,food_quality|speed,taste|portion|fast_delivery,2400,store:117708,117708,Cơm Gà Cô Tấm - Tạ Quang Bửu,3,0.830744,0.5,300.3,5.0,10,65000.0,21.00081062,105.8489227,false,"khớp term: com ga, ga; cách query 300m; rating 5.0; price_min 65000; opening_status=open"
query:u053,u053,6/5/2026 18:30,20.998158,105.848381,Ha Noi:Quan Hai Ba Trung,Trương Định,dinner,ga ran|com ga|ga,50k_100k,food_quality|speed,taste|portion|fast_delivery,2400,store:7635,7635,Happy Food Cơm Gà Ba Vì,4,0.731998,0.430677,595.2,4.8,4000,65000.0,20.99850082,105.842659,false,"khớp term: com ga, ga; cách query 595m; rating 4.8; price_min 12000; opening_status=open"
query:u053,u053,6/5/2026 18:30,20.998158,105.848381,Ha Noi:Quan Hai Ba Trung,Trương Định,dinner,ga ran|com ga|ga,50k_100k,food_quality|speed,taste|portion|fast_delivery,2400,store:14318,14318,Thuỷ Hùng Cơm Gà Ba Vì - Phố Vọng,5,0.731998,0.386853,595.2,4.8,1618,65000.0,20.99850082,105.842659,false,"khớp term: com ga, ga; cách query 595m; rating 4.8; price_min 12000; opening_status=open"
query:u054,u054,6/6/2026 7:10,20.995217,105.843013,Ha Noi:Quan Hoang Mai,Tân Mai,breakfast,pho|pho bo|pho ga,under_50k,food_quality|location,taste|nearby,1800,store:80180,80180,"Quyên Phở Gà - Phở, Mì & Miến Trộn - Phố Vọng",1,0.891916,1.0,365.8,4.8,563,55000.0,20.99840927,105.8421631,false,"khớp term: pho, pho ga; cách query 366m; rating 4.8; price_min 15000; opening_status=open"
query:u054,u054,6/6/2026 7:10,20.995217,105.843013,Ha Noi:Quan Hoang Mai,Tân Mai,breakfast,pho|pho bo|pho ga,under_50k,food_quality|location,taste|nearby,1800,store:32784,32784,Nhà Hàng Đức Mai - Các Món Nhậu - Giải Phóng,2,0.868019,0.63093,172.4,4.1,11,35000.0,20.99481964,105.8414078,false,"khớp term: pho, pho ga; cách query 172m; rating 4.1; price_min 10000; opening_status=open"
query:u054,u054,6/6/2026 7:10,20.995217,105.843013,Ha Noi:Quan Hoang Mai,Tân Mai,breakfast,pho|pho bo|pho ga,under_50k,food_quality|location,taste|nearby,1800,store:8314,8314,Phở Bò Cơm Rang Duy Nhất - Giải Phóng,3,0.82104,0.5,624.2,4.6,1787,60000.0,21.00073051,105.8418808,true,"khớp term: pho, pho bo; cách query 624m; rating 4.6; price_min 35000; opening_status=closed"
query:u054,u054,6/6/2026 7:10,20.995217,105.843013,Ha Noi:Quan Hoang Mai,Tân Mai,breakfast,pho|pho bo|pho ga,under_50k,food_quality|location,taste|nearby,1800,store:57665,57665,Phở Bò Gà & Bún Miến Ngan 343 - Phố Vọng,4,0.806717,0.430677,240.5,4.8,187,66000.0,20.99327087,105.8420029,false,"khớp term: pho, pho bo; cách query 240m; rating 4.8; price_min 66000; opening_status=open"
query:u054,u054,6/6/2026 7:10,20.995217,105.843013,Ha Noi:Quan Hoang Mai,Tân Mai,breakfast,pho|pho bo|pho ga,under_50k,food_quality|location,taste|nearby,1800,store:76300,76300,Phở Gà & Thịt Xiên - Bùi Ngọc Dương,5,0.802957,0.386853,1216.7,4.4,131,67500.0,21.00065994,105.8531799,false,"khớp term: pho, pho ga; cách query 1217m; rating 4.4; price_min 8000; opening_status=open"
query:u055,u055,6/1/2026 18:00,21.01314,105.85198,Ha Noi:Quan Hai Ba Trung,Thanh Nhàn,dinner,bun cha,50k_100k,food_quality|price,taste|value_for_money,2400,store:62951,62951,Bún Cá Măng Cay & Bún Hải Sản Cát Bà - Lê Thanh Nghị,1,0.811168,1.0,1529.7,4.4,461,65000.0,21.00189972,105.843483,false,khớp term: bun cha; cách query 1530m; rating 4.4; price_min 55000; opening_status=open
query:u055,u055,6/1/2026 18:00,21.01314,105.85198,Ha Noi:Quan Hai Ba Trung,Thanh Nhàn,dinner,bun cha,50k_100k,food_quality|price,taste|value_for_money,2400,store:130307,130307,"Phở Bò Nội - Bún Chả, Cháo & Cơm - Trần Hưng Đạo",2,0.736866,0.63093,1441.2,4.8,10,50000.0,21.02345085,105.8435669,false,khớp term: bun cha; cách query 1441m; rating 4.8; price_min 50000; opening_status=open
query:u055,u055,6/1/2026 18:00,21.01314,105.85198,Ha Noi:Quan Hai Ba Trung,Thanh Nhàn,dinner,bun cha,50k_100k,food_quality|price,taste|value_for_money,2400,store:16270,16270,"Bún Chả, Bún Thịt Nướng & Thịt Xiên Cây Dâu - Nguyễn Công Trứ",3,0.7103,0.5,53.4,5.0,42,28000.0,21.01353073,105.8522797,false,khớp term: bun cha; cách query 53m; rating 5.0; price_min 11000; opening_status=open
query:u055,u055,6/1/2026 18:00,21.01314,105.85198,Ha Noi:Quan Hai Ba Trung,Thanh Nhàn,dinner,bun cha,50k_100k,food_quality|price,taste|value_for_money,2400,store:7160,7160,Bún Chả Mẹ Nga - Vân Hồ 3,4,0.662115,0.430677,737.8,4.3,2598,64000.0,21.00921059,105.8462524,false,khớp term: bun cha; cách query 738m; rating 4.3; price_min 2000; opening_status=open
query:u055,u055,6/1/2026 18:00,21.01314,105.85198,Ha Noi:Quan Hai Ba Trung,Thanh Nhàn,dinner,bun cha,50k_100k,food_quality|price,taste|value_for_money,2400,store:11493,11493,Tun Tun - Bún Hải Sản Hoa Quả - Bùi Ngọc Dương,5,0.599479,0.386853,1292.7,4.9,1821,70000.0,21.00175095,105.8544769,false,khớp term: bun cha; cách query 1293m; rating 4.9; price_min 3000; opening_status=open
query:u056,u056,6/2/2026 11:10,21.016361,105.855503,Ha Noi:Quan Hai Ba Trung,Lò Đúc,lunch,com rang|pho xao,50k_100k,food_quality,portion|taste,2700,store:23407,23407,Phở Bò 33 - Lê Đại Hành,1,0.710394,1.0,925.6,4.2,63,60000.0,21.01115036,105.8485489,false,khớp term: com rang; cách query 926m; rating 4.2; price_min 55000; opening_status=open
query:u056,u056,6/2/2026 11:10,21.016361,105.855503,Ha Noi:Quan Hai Ba Trung,Lò Đúc,lunch,com rang|pho xao,50k_100k,food_quality,portion|taste,2700,store:8314,8314,Phở Bò Cơm Rang Duy Nhất - Giải Phóng,2,0.56643,0.63093,2240.6,4.6,1787,60000.0,21.00073051,105.8418808,true,"khớp term: com rang, pho xao; cách query 2241m; rating 4.6; price_min 35000; opening_status=closed"
query:u056,u056,6/2/2026 11:10,21.016361,105.855503,Ha Noi:Quan Hai Ba Trung,Lò Đúc,lunch,com rang|pho xao,50k_100k,food_quality,portion|taste,2700,store:33188,33188,Hải Dung - Cơm Rang & Phở Xào - Quỳnh Mai,3,0.535085,0.5,1796.9,4.5,61,55000.0,21.00110054,105.8611984,true,"khớp term: com rang, pho xao; cách query 1797m; rating 4.5; price_min 17000; opening_status=closed"
query:u056,u056,6/2/2026 11:10,21.016361,105.855503,Ha Noi:Quan Hai Ba Trung,Lò Đúc,lunch,com rang|pho xao,50k_100k,food_quality,portion|taste,2700,store:28837,28837,Gà Tần Huyền Anh - Phở Xào & Cơm Rang - Quỳnh Mai,4,0.527627,0.430677,1740.3,4.7,173,62000.0,21.00131989,105.8601379,true,"khớp term: com rang, pho xao; cách query 1740m; rating 4.7; price_min 20000; opening_status=closed"
query:u056,u056,6/2/2026 11:10,21.016361,105.855503,Ha Noi:Quan Hai Ba Trung,Lò Đúc,lunch,com rang|pho xao,50k_100k,food_quality,portion|taste,2700,store:126147,126147,"Nhà Hàng Bin Bo - Bún Riêu Cua, Cơm Rang & Phở Xào - Phương Mai",5,0.467478,0.386853,2073.0,4.3,4,70000.0,21.00564957,105.8391571,false,"khớp term: com rang, pho xao; cách query 2073m; rating 4.3; price_min 1000; opening_status=open"
query:u057,u057,6/3/2026 15:10,21.011532,105.858143,Ha Noi:Quan Hai Ba Trung,Trần Khát Chân,afternoon,com|ga,50k_100k,food_quality|service,high_rating|staff_service,3400,store:42458,42458,Cơm Gà Xối Mỡ Mai Phương - Lê Thanh Nghị,1,0.832912,1.0,1331.2,4.6,226,50000.0,21.00358009,105.8485565,false,"khớp term: com, ga; cách query 1331m; rating 4.6; price_min 50000; opening_status=open"
query:u057,u057,6/3/2026 15:10,21.011532,105.858143,Ha Noi:Quan Hai Ba Trung,Trần Khát Chân,afternoon,com|ga,50k_100k,food_quality|service,high_rating|staff_service,3400,store:16422,16422,Phương Dung - Cơm Đảo Gà Rang & Chim Quay - Tống Duy Tân,2,0.793759,0.63093,2492.1,4.9,378,110000.0,21.02922058,105.843399,false,"khớp term: com, ga; cách query 2492m; rating 4.9; price_min 55000; opening_status=open"
query:u057,u057,6/3/2026 15:10,21.011532,105.858143,Ha Noi:Quan Hai Ba Trung,Trần Khát Chân,afternoon,com|ga,50k_100k,food_quality|service,high_rating|staff_service,3400,store:68175,68175,Cơm Quê Ngõ Nhỏ - Đồng Nhân,3,0.714942,0.5,349.9,4.6,202,65000.0,21.01306915,105.8552017,false,"khớp term: com, ga; cách query 350m; rating 4.6; price_min 8000; opening_status=open"
query:u057,u057,6/3/2026 15:10,21.011532,105.858143,Ha Noi:Quan Hai Ba Trung,Trần Khát Chân,afternoon,com|ga,50k_100k,food_quality|service,high_rating|staff_service,3400,store:95450,95450,Hương Hội An - Cơm Gà Hội An - Thanh Nhàn,4,0.704568,0.430677,1023.9,4.0,23,80000.0,21.00276947,105.8551102,true,"khớp term: com, ga; cách query 1024m; rating 4.0; price_min 70000; opening_status=closed"
query:u057,u057,6/3/2026 15:10,21.011532,105.858143,Ha Noi:Quan Hai Ba Trung,Trần Khát Chân,afternoon,com|ga,50k_100k,food_quality|service,high_rating|staff_service,3400,store:22455,22455,Phở Cuốn Hoa Lan - Trần Hưng Đạo,5,0.696703,0.386853,942.7,4.8,272,80000.0,21.01988983,105.8566208,false,"khớp term: com, ga; cách query 943m; rating 4.8; price_min 35000; opening_status=open"
query:u058,u058,6/4/2026 20:00,21.013828,105.845969,Ha Noi:Quan Hai Ba Trung,Phố Huế,dinner,pho|bun,under_50k,location|food_quality,nearby|taste,3400,store:8314,8314,Phở Bò Cơm Rang Duy Nhất - Giải Phóng,1,0.901168,1.0,1516.9,4.6,1787,60000.0,21.00073051,105.8418808,false,"khớp term: pho, bun; cách query 1517m; rating 4.6; price_min 35000; opening_status=open"
query:u058,u058,6/4/2026 20:00,21.013828,105.845969,Ha Noi:Quan Hai Ba Trung,Phố Huế,dinner,pho|bun,under_50k,location|food_quality,nearby|taste,3400,store:77657,77657,BBQ Chicken - Gà Rán Hàn Quốc - Bà Triệu,2,0.876229,0.63093,454.9,4.9,141,137000.0,21.01087952,105.8490067,false,"khớp term: pho, bun; cách query 455m; rating 4.9; price_min 22000; opening_status=open"
query:u058,u058,6/4/2026 20:00,21.013828,105.845969,Ha Noi:Quan Hai Ba Trung,Phố Huế,dinner,pho|bun,under_50k,location|food_quality,nearby|taste,3400,store:8805,8805,Gà Rán Texas Chicken - Bạch Mai,3,0.864229,0.5,1410.5,4.8,2851,79000.0,21.00197983,105.8508224,false,"khớp term: pho, bun; cách query 1410m; rating 4.8; price_min 3000; opening_status=open"
query:u058,u058,6/4/2026 20:00,21.013828,105.845969,Ha Noi:Quan Hai Ba Trung,Phố Huế,dinner,pho|bun,under_50k,location|food_quality,nearby|taste,3400,store:22455,22455,Phở Cuốn Hoa Lan - Trần Hưng Đạo,4,0.863985,0.430677,1294.9,4.8,272,80000.0,21.01988983,105.8566208,false,"khớp term: pho, bun; cách query 1295m; rating 4.8; price_min 35000; opening_status=open"
query:u058,u058,6/4/2026 20:00,21.013828,105.845969,Ha Noi:Quan Hai Ba Trung,Phố Huế,dinner,pho|bun,under_50k,location|food_quality,nearby|taste,3400,store:15897,15897,Vịt 29 - 29 Food - Cơm Phở -Nguyễn Thượng Hiền,5,0.850719,0.386853,679.1,4.9,48,195000.0,21.01884079,105.8422318,false,"khớp term: pho, bun; cách query 679m; rating 4.9; price_min 8000; opening_status=open"
query:u059,u059,6/5/2026 12:45,21.014823,105.841111,Ha Noi:Quan Hai Ba Trung,Bà Triệu,lunch,com|pho|bun,any,food_quality|location,high_rating|nearby,4100,store:4486,4486,"Bento Delichi (by Cooky) - Cơm Gà Mắm Tỏi, Xối Mỡ - Xã Đàn",1,0.964372,1.0,582.8,4.7,2748,56000.0,21.01066017,105.8376999,false,"khớp term: com, pho; cách query 583m; rating 4.7; price_min 8000; opening_status=open"
query:u059,u059,6/5/2026 12:45,21.014823,105.841111,Ha Noi:Quan Hai Ba Trung,Bà Triệu,lunch,com|pho|bun,any,food_quality|location,high_rating|nearby,4100,store:11020,11020,Bún Chả Cô An - Hanoi Grilled Pork Noodles - Khâm Thiên,2,0.943057,0.63093,212.1,4.6,40,65000.0,21.01643944,105.8400269,false,"khớp term: com, bun; cách query 212m; rating 4.6; price_min 45000; opening_status=open"
query:u059,u059,6/5/2026 12:45,21.014823,105.841111,Ha Noi:Quan Hai Ba Trung,Bà Triệu,lunch,com|pho|bun,any,food_quality|location,high_rating|nearby,4100,store:7240,7240,"Cơm Gà, Mì Cay & Mì Trộn Bếp Nhà Cám - Tôn Đức Thắng",3,0.913081,0.5,1344.2,4.7,294,40000.0,21.02137947,105.8302307,false,"khớp term: com, pho; cách query 1344m; rating 4.7; price_min 9900; opening_status=open"
query:u059,u059,6/5/2026 12:45,21.014823,105.841111,Ha Noi:Quan Hai Ba Trung,Bà Triệu,lunch,com|pho|bun,any,food_quality|location,high_rating|nearby,4100,store:24720,24720,Gà Rán Tok Tok - Khâm Thiên,4,0.912638,0.430677,222.5,4.9,104,70000.0,21.01596069,105.8393478,false,"khớp term: com, pho; cách query 222m; rating 4.9; price_min 15000; opening_status=open"
query:u059,u059,6/5/2026 12:45,21.014823,105.841111,Ha Noi:Quan Hai Ba Trung,Bà Triệu,lunch,com|pho|bun,any,food_quality|location,high_rating|nearby,4100,store:81353,81353,Cơm Tấm Xưa - Phong Vị Sài Thành - Lê Đại Hành,5,0.903086,0.386853,1136.9,4.6,507,70000.0,21.00931931,105.8503418,false,"khớp term: com, pho; cách query 1137m; rating 4.6; price_min 7000; opening_status=open"
query:u060,u060,6/6/2026 22:15,21.008333,105.832926,Ha Noi:Quan Dong Da,Tây Sơn,late_night,ga|pho|com,50k_100k,speed|food_quality,fast_delivery|taste,4700,store:23407,23407,Phở Bò 33 - Lê Đại Hành,1,0.848674,1.0,1651.7,4.2,63,60000.0,21.01115036,105.8485489,false,"khớp term: pho, com; cách query 1652m; rating 4.2; price_min 55000; opening_status=open"
query:u060,u060,6/6/2026 22:15,21.008333,105.832926,Ha Noi:Quan Dong Da,Tây Sơn,late_night,ga|pho|com,50k_100k,speed|food_quality,fast_delivery|taste,4700,store:16422,16422,Phương Dung - Cơm Đảo Gà Rang & Chim Quay - Tống Duy Tân,2,0.83123,0.63093,2564.4,4.9,378,110000.0,21.02922058,105.843399,false,"khớp term: ga, com; cách query 2564m; rating 4.9; price_min 55000; opening_status=open"
query:u060,u060,6/6/2026 22:15,21.008333,105.832926,Ha Noi:Quan Dong Da,Tây Sơn,late_night,ga|pho|com,50k_100k,speed|food_quality,fast_delivery|taste,4700,store:8314,8314,Phở Bò Cơm Rang Duy Nhất - Giải Phóng,3,0.748933,0.5,1256.5,4.6,1787,60000.0,21.00073051,105.8418808,false,"khớp term: pho, com; cách query 1256m; rating 4.6; price_min 35000; opening_status=open"
query:u060,u060,6/6/2026 22:15,21.008333,105.832926,Ha Noi:Quan Dong Da,Tây Sơn,late_night,ga|pho|com,50k_100k,speed|food_quality,fast_delivery|taste,4700,store:97742,97742,"NaBi Bún Chả Quạt, Cơm Tấm & Cơm Văn Phòng - Tây Sơn",4,0.747785,0.430677,709.4,4.3,11,66000.0,21.01016045,105.8263779,true,"khớp term: ga, pho, com; cách query 709m; rating 4.3; price_min 58000; opening_status=closed"
query:u060,u060,6/6/2026 22:15,21.008333,105.832926,Ha Noi:Quan Dong Da,Tây Sơn,late_night,ga|pho|com,50k_100k,speed|food_quality,fast_delivery|taste,4700,store:57665,57665,Phở Bò Gà & Bún Miến Ngan 343 - Phố Vọng,5,0.740061,0.386853,1921.7,4.8,187,66000.0,20.99327087,105.8420029,true,"khớp term: ga, pho; cách query 1922m; rating 4.8; price_min 66000; opening_status=closed"
query:u061,u061,6/1/2026 13:10,21.009683,105.837953,Ha Noi:Quan Dong Da,Nguyễn Lương Bằng,lunch,com|com ga|com van phong,under_50k,price|service,value_for_money|staff_service,1400,store:4486,4486,"Bento Delichi (by Cooky) - Cơm Gà Mắm Tỏi, Xối Mỡ - Xã Đàn",1,0.94683,1.0,111.8,4.7,2748,56000.0,21.01066017,105.8376999,false,"khớp term: com, com ga, com van phong; cách query 112m; rating 4.7; price_min 8000; opening_status=open"
query:u061,u061,6/1/2026 13:10,21.009683,105.837953,Ha Noi:Quan Dong Da,Nguyễn Lương Bằng,lunch,com|com ga|com van phong,under_50k,price|service,value_for_money|staff_service,1400,store:26075,26075,Chi Nấm - Cơm Văn Phòng,2,0.818179,0.63093,350.2,4.6,293,48000.0,21.01133919,105.835083,false,"khớp term: com, com van phong; cách query 350m; rating 4.6; price_min 7000; opening_status=open"
query:u061,u061,6/1/2026 13:10,21.009683,105.837953,Ha Noi:Quan Dong Da,Nguyễn Lương Bằng,lunch,com|com ga|com van phong,under_50k,price|service,value_for_money|staff_service,1400,store:11471,11471,Thiên Trường - Phở Cồ & Cơm Gà Xối Mắm - Giải Phóng,3,0.796504,0.5,869.5,4.5,39,59000.0,21.00283051,105.8419876,false,"khớp term: com, com ga; cách query 869m; rating 4.5; price_min 10000; opening_status=open"
query:u061,u061,6/1/2026 13:10,21.009683,105.837953,Ha Noi:Quan Dong Da,Nguyễn Lương Bằng,lunch,com|com ga|com van phong,under_50k,price|service,value_for_money|staff_service,1400,store:24720,24720,Gà Rán Tok Tok - Khâm Thiên,4,0.761647,0.430677,712.9,4.9,104,70000.0,21.01596069,105.8393478,false,"khớp term: com, com ga; cách query 713m; rating 4.9; price_min 15000; opening_status=open"
query:u061,u061,6/1/2026 13:10,21.009683,105.837953,Ha Noi:Quan Dong Da,Nguyễn Lương Bằng,lunch,com|com ga|com van phong,under_50k,price|service,value_for_money|staff_service,1400,store:53514,53514,Cơm 1985 - Phố Chợ Khâm Thiên,5,0.744127,0.386853,677.9,5.0,96,79000.0,21.0156002,105.83638,false,"khớp term: com, com ga; cách query 678m; rating 5.0; price_min 12000; opening_status=open"
query:u062,u062,6/2/2026 11:10,21.001174,105.835484,Ha Noi:Quan Dong Da,Khâm Thiên,lunch,bun|pho,under_50k,price|food_quality,value_for_money|taste,1800,store:59967,59967,Quán Hà Nội Xưa - Bún Chả - Trường Chinh,1,0.848683,1.0,225.1,3.9,18,45000.0,21.00046921,105.8375168,false,"khớp term: bun, pho; cách query 225m; rating 3.9; price_min 45000; opening_status=open"
query:u062,u062,6/2/2026 11:10,21.001174,105.835484,Ha Noi:Quan Dong Da,Khâm Thiên,lunch,bun|pho,under_50k,price|food_quality,value_for_money|taste,1800,store:8314,8314,Phở Bò Cơm Rang Duy Nhất - Giải Phóng,2,0.816414,0.63093,665.9,4.6,1787,60000.0,21.00073051,105.8418808,true,"khớp term: bun, pho; cách query 666m; rating 4.6; price_min 35000; opening_status=closed"
query:u062,u062,6/2/2026 11:10,21.001174,105.835484,Ha Noi:Quan Dong Da,Khâm Thiên,lunch,bun|pho,under_50k,price|food_quality,value_for_money|taste,1800,store:17056,17056,Chảnh Quán - Gỏi Cuốn Mắm Nêm - Phố Vọng,3,0.807501,0.5,900.6,4.6,82,46500.0,20.99692917,105.8428726,false,"khớp term: bun, pho; cách query 901m; rating 4.6; price_min 7000; opening_status=open"
query:u062,u062,6/2/2026 11:10,21.001174,105.835484,Ha Noi:Quan Dong Da,Khâm Thiên,lunch,bun|pho,under_50k,price|food_quality,value_for_money|taste,1800,store:32784,32784,Nhà Hàng Đức Mai - Các Món Nhậu - Giải Phóng,4,0.783096,0.430677,936.7,4.1,11,35000.0,20.99481964,105.8414078,false,"khớp term: bun, pho; cách query 937m; rating 4.1; price_min 10000; opening_status=open"
query:u062,u062,6/2/2026 11:10,21.001174,105.835484,Ha Noi:Quan Dong Da,Khâm Thiên,lunch,bun|pho,under_50k,price|food_quality,value_for_money|taste,1800,store:8805,8805,Gà Rán Texas Chicken - Bạch Mai,5,0.770003,0.386853,1594.8,4.8,2851,79000.0,21.00197983,105.8508224,false,"khớp term: bun, pho; cách query 1595m; rating 4.8; price_min 3000; opening_status=open"
query:u063,u063,6/3/2026 12:10,21.001779,105.837005,Ha Noi:Quan Hai Ba Trung,Lê Duẩn - Đại Cồ Việt,lunch,com|com rang,under_50k,service|price,staff_service|value_for_money,1700,store:31215,31215,Cơm Rang Hải Sơn - Giải Phóng,1,0.87011,1.0,561.9,4.0,429,46000.0,21.00285912,105.8422928,false,"khớp term: com, com rang; cách query 562m; rating 4.0; price_min 12000; opening_status=open"
query:u063,u063,6/3/2026 12:10,21.001779,105.837005,Ha Noi:Quan Hai Ba Trung,Lê Duẩn - Đại Cồ Việt,lunch,com|com rang,under_50k,service|price,staff_service|value_for_money,1700,store:11471,11471,Thiên Trường - Phở Cồ & Cơm Gà Xối Mắm - Giải Phóng,2,0.858329,0.63093,530.3,4.5,39,59000.0,21.00283051,105.8419876,false,"khớp term: com, com rang; cách query 530m; rating 4.5; price_min 10000; opening_status=open"
query:u063,u063,6/3/2026 12:10,21.001779,105.837005,Ha Noi:Quan Hai Ba Trung,Lê Duẩn - Đại Cồ Việt,lunch,com|com rang,under_50k,service|price,staff_service|value_for_money,1700,store:8314,8314,Phở Bò Cơm Rang Duy Nhất - Giải Phóng,3,0.799294,0.5,519.4,4.6,1787,60000.0,21.00073051,105.8418808,true,"khớp term: com, com rang; cách query 519m; rating 4.6; price_min 35000; opening_status=closed"
query:u063,u063,6/3/2026 12:10,21.001779,105.837005,Ha Noi:Quan Hai Ba Trung,Lê Duẩn - Đại Cồ Việt,lunch,com|com rang,under_50k,service|price,staff_service|value_for_money,1700,store:1255,1255,Cơm Rang Dế Mèn,4,0.795343,0.430677,951.7,4.6,644,55000.0,21.00871086,105.8316269,false,"khớp term: com, com rang; cách query 952m; rating 4.6; price_min 12000; opening_status=open"
query:u063,u063,6/3/2026 12:10,21.001779,105.837005,Ha Noi:Quan Hai Ba Trung,Lê Duẩn - Đại Cồ Việt,lunch,com|com rang,under_50k,service|price,staff_service|value_for_money,1700,store:126147,126147,"Nhà Hàng Bin Bo - Bún Riêu Cua, Cơm Rang & Phở Xào - Phương Mai",5,0.762788,0.386853,484.9,4.3,4,70000.0,21.00564957,105.8391571,false,"khớp term: com, com rang; cách query 485m; rating 4.3; price_min 1000; opening_status=open"
query:u064,u064,6/4/2026 15:10,20.999651,105.832284,Ha Noi:Quan Dong Da,Ô Chợ Dừa,afternoon,banh cuon,under_50k,food_quality|cleanliness,taste|cleanliness,1900,store:32416,32416,Ngọc Lợi - Miến & Bánh Đa Cua Trộn - Kim Liên,1,0.887471,1.0,506.9,4.8,144,52500.0,21.00330925,105.8351974,false,khớp term: banh cuon; cách query 507m; rating 4.8; price_min 7000; opening_status=open
query:u064,u064,6/4/2026 15:10,20.999651,105.832284,Ha Noi:Quan Dong Da,Ô Chợ Dừa,afternoon,banh cuon,under_50k,food_quality|cleanliness,taste|cleanliness,1900,store:1279,1279,Gạch Quán - Bánh Tráng Cuốn Thịt Heo,2,0.829937,0.63093,1190.0,4.8,1923,42000.0,21.00968933,105.8362579,false,khớp term: banh cuon; cách query 1190m; rating 4.8; price_min 10000; opening_status=open
query:u064,u064,6/4/2026 15:10,20.999651,105.832284,Ha Noi:Quan Dong Da,Ô Chợ Dừa,afternoon,banh cuon,under_50k,food_quality|cleanliness,taste|cleanliness,1900,store:10856,10856,Hồng Hạnh - Bánh Cuốn Tôm Thịt,3,0.828392,0.5,1084.0,4.7,205,30000.0,21.00914955,105.8346329,false,khớp term: banh cuon; cách query 1084m; rating 4.7; price_min 15000; opening_status=open
query:u064,u064,6/4/2026 15:10,20.999651,105.832284,Ha Noi:Quan Dong Da,Ô Chợ Dừa,afternoon,banh cuon,under_50k,food_quality|cleanliness,taste|cleanliness,1900,store:31187,31187,Đáng Vũ - Bánh Cuốn Nóng Gia Truyền - Lương Định Của,4,0.823803,0.430677,590.1,4.8,133,65000.0,21.00382042,105.8358002,false,khớp term: banh cuon; cách query 590m; rating 4.8; price_min 18000; opening_status=open
query:u064,u064,6/4/2026 15:10,20.999651,105.832284,Ha Noi:Quan Dong Da,Ô Chợ Dừa,afternoon,banh cuon,under_50k,food_quality|cleanliness,taste|cleanliness,1900,store:65884,65884,Kaoya Hotpot - Mì Vịt Quay & Cơm Xá Xíu - Lương Định Của,5,0.821948,0.386853,680.2,4.7,635,70000.0,21.00495911,105.8355408,false,khớp term: banh cuon; cách query 680m; rating 4.7; price_min 15000; opening_status=open
query:u065,u065,6/5/2026 18:30,20.997204,105.865101,Ha Noi:Quan Hai Ba Trung,Vĩnh Tuy,dinner,ga ran|com ga|ga,50k_100k,food_quality|speed,taste|portion|fast_delivery,2100,store:95450,95450,Hương Hội An - Cơm Gà Hội An - Thanh Nhàn,1,0.789777,1.0,1207.7,4.0,23,80000.0,21.00276947,105.8551102,false,"khớp term: com ga, ga; cách query 1208m; rating 4.0; price_min 70000; opening_status=open"
query:u065,u065,6/5/2026 18:30,20.997204,105.865101,Ha Noi:Quan Hai Ba Trung,Vĩnh Tuy,dinner,ga ran|com ga|ga,50k_100k,food_quality|speed,taste|portion|fast_delivery,2100,store:42458,42458,Cơm Gà Xối Mỡ Mai Phương - Lê Thanh Nghị,2,0.744261,0.63093,1858.1,4.6,226,50000.0,21.00358009,105.8485565,false,"khớp term: com ga, ga; cách query 1858m; rating 4.6; price_min 50000; opening_status=open"
query:u065,u065,6/5/2026 18:30,20.997204,105.865101,Ha Noi:Quan Hai Ba Trung,Vĩnh Tuy,dinner,ga ran|com ga|ga,50k_100k,food_quality|speed,taste|portion|fast_delivery,2100,store:117708,117708,Cơm Gà Cô Tấm - Tạ Quang Bửu,3,0.69132,0.5,1726.7,5.0,10,65000.0,21.00081062,105.8489227,false,"khớp term: com ga, ga; cách query 1727m; rating 5.0; price_min 65000; opening_status=open"
query:u065,u065,6/5/2026 18:30,20.997204,105.865101,Ha Noi:Quan Hai Ba Trung,Vĩnh Tuy,dinner,ga ran|com ga|ga,50k_100k,food_quality|speed,taste|portion|fast_delivery,2100,store:10307,10307,Cơm Gà Xối Mắm Còn - Dương Văn Bé,4,0.648037,0.430677,908.0,4.7,236,55000.0,20.99644089,105.8738098,false,"khớp term: ga ran, com ga, ga; cách query 908m; rating 4.7; price_min 2000; opening_status=open"
query:u065,u065,6/5/2026 18:30,20.997204,105.865101,Ha Noi:Quan Hai Ba Trung,Vĩnh Tuy,dinner,ga ran|com ga|ga,50k_100k,food_quality|speed,taste|portion|fast_delivery,2100,store:31548,31548,Han Chicken - Gà Rán Hàn Quốc - Bùi Ngọc Dương,5,0.639449,0.386853,1295.2,4.9,1103,99000.0,21.00123024,105.8533936,false,"khớp term: ga ran, ga; cách query 1295m; rating 4.9; price_min 1000; opening_status=open"
query:u066,u066,6/6/2026 7:45,20.993075,105.863076,Ha Noi:Quan Hoang Mai,Mai Động,breakfast,pho|pho bo|pho ga,under_50k,food_quality|location,taste|nearby,1800,store:20226,20226,Phở Lưu - Phở Bò & Cơm Rang - Tam Trinh,1,0.935177,1.0,174.7,4.5,443,50000.0,20.99151039,105.8632278,false,"khớp term: pho, pho bo; cách query 175m; rating 4.5; price_min 8000; opening_status=open"
query:u066,u066,6/6/2026 7:45,20.993075,105.863076,Ha Noi:Quan Hoang Mai,Mai Động,breakfast,pho|pho bo|pho ga,under_50k,food_quality|location,taste|nearby,1800,store:21413,21413,Phở Bò Hải Phòng - Phở Bò & Cơm Rang - Hoàng Mai,2,0.889646,0.63093,521.6,4.6,393,53000.0,20.98838997,105.8628235,false,"khớp term: pho, pho bo; cách query 522m; rating 4.6; price_min 8000; opening_status=open"
query:u066,u066,6/6/2026 7:45,20.993075,105.863076,Ha Noi:Quan Hoang Mai,Mai Động,breakfast,pho|pho bo|pho ga,under_50k,food_quality|location,taste|nearby,1800,store:33749,33749,Phở Bò 288 - Phở Bò & Cơm Rang - Minh Khai,3,0.866724,0.5,380.4,4.6,27,50000.0,20.99505997,105.8600922,false,"khớp term: pho, pho bo; cách query 380m; rating 4.6; price_min 6000; opening_status=open"
query:u066,u066,6/6/2026 7:45,20.993075,105.863076,Ha Noi:Quan Hoang Mai,Mai Động,breakfast,pho|pho bo|pho ga,under_50k,food_quality|location,taste|nearby,1800,store:76300,76300,Phở Gà & Thịt Xiên - Bùi Ngọc Dương,4,0.790453,0.430677,1329.2,4.4,131,67500.0,21.00065994,105.8531799,false,"khớp term: pho, pho ga; cách query 1329m; rating 4.4; price_min 8000; opening_status=open"
query:u066,u066,6/6/2026 7:45,20.993075,105.863076,Ha Noi:Quan Hoang Mai,Mai Động,breakfast,pho|pho bo|pho ga,under_50k,food_quality|location,taste|nearby,1800,store:18796,18796,Phở Dung - Bún Chả - Tân Mai,5,0.707436,0.386853,1337.3,5.0,1,50000.0,20.98362923,105.8551025,false,"khớp term: pho, pho bo, pho ga; cách query 1337m; rating 5.0; price_min 2000; opening_status=open"
query:u067,u067,6/1/2026 18:30,20.987899,105.852851,Ha Noi:Quan Hoang Mai,Hoàng Mai,dinner,bun cha,50k_100k,food_quality|price,taste|value_for_money,2800,store:62951,62951,Bún Cá Măng Cay & Bún Hải Sản Cát Bà - Lê Thanh Nghị,1,0.807532,1.0,1835.6,4.4,461,65000.0,21.00189972,105.843483,false,khớp term: bun cha; cách query 1836m; rating 4.4; price_min 55000; opening_status=open
query:u067,u067,6/1/2026 18:30,20.987899,105.852851,Ha Noi:Quan Hoang Mai,Hoàng Mai,dinner,bun cha,50k_100k,food_quality|price,taste|value_for_money,2800,store:20472,20472,"Bánh Cuốn, Bún Chả & Gà Tần - Đền Lừ 2",2,0.721129,0.63093,613.6,4.7,63,45000.0,20.98712921,105.8587036,false,khớp term: bun cha; cách query 614m; rating 4.7; price_min 35000; opening_status=open
query:u067,u067,6/1/2026 18:30,20.987899,105.852851,Ha Noi:Quan Hoang Mai,Hoàng Mai,dinner,bun cha,50k_100k,food_quality|price,taste|value_for_money,2800,store:17700,17700,Bún Chả Xưa - Lĩnh Nam,3,0.697886,0.5,1244.8,4.2,2333,37500.0,20.99094963,105.8643875,false,khớp term: bun cha; cách query 1245m; rating 4.2; price_min 5000; opening_status=open
query:u067,u067,6/1/2026 18:30,20.987899,105.852851,Ha Noi:Quan Hoang Mai,Hoàng Mai,dinner,bun cha,50k_100k,food_quality|price,taste|value_for_money,2800,store:36034,36034,Bảo An Quán - Bánh Cuốn Phủ Lý - Trương Định,4,0.67271,0.430677,1076.6,4.6,98,50000.0,20.98130989,105.845253,false,khớp term: bun cha; cách query 1077m; rating 4.6; price_min 15000; opening_status=open
query:u067,u067,6/1/2026 18:30,20.987899,105.852851,Ha Noi:Quan Hoang Mai,Hoàng Mai,dinner,bun cha,50k_100k,food_quality|price,taste|value_for_money,2800,store:114792,114792,Bún Chả - Nem Rán Long Vũ - Bạch Mai,5,0.638458,0.386853,1141.8,4.8,226,58000.0,20.99784088,105.8500977,false,khớp term: bun cha; cách query 1142m; rating 4.8; price_min 10000; opening_status=open
query:u068,u068,6/2/2026 12:45,21.019873,105.850397,Ha Noi:Quan Hoan Kiem,Hoàn Kiếm phía Nam,lunch,com rang|pho xao,50k_100k,food_quality,portion|taste,3100,store:23407,23407,Phở Bò 33 - Lê Đại Hành,1,0.715171,1.0,988.7,4.2,63,60000.0,21.01115036,105.8485489,false,khớp term: com rang; cách query 989m; rating 4.2; price_min 55000; opening_status=open
query:u068,u068,6/2/2026 12:45,21.019873,105.850397,Ha Noi:Quan Hoan Kiem,Hoàn Kiếm phía Nam,lunch,com rang|pho xao,50k_100k,food_quality,portion|taste,3100,store:8314,8314,Phở Bò Cơm Rang Duy Nhất - Giải Phóng,2,0.583702,0.63093,2304.8,4.6,1787,60000.0,21.00073051,105.8418808,true,"khớp term: com rang, pho xao; cách query 2305m; rating 4.6; price_min 35000; opening_status=closed"
query:u068,u068,6/2/2026 12:45,21.019873,105.850397,Ha Noi:Quan Hoan Kiem,Hoàn Kiếm phía Nam,lunch,com rang|pho xao,50k_100k,food_quality,portion|taste,3100,store:33188,33188,Hải Dung - Cơm Rang & Phở Xào - Quỳnh Mai,3,0.515322,0.5,2369.5,4.5,61,55000.0,21.00110054,105.8611984,true,"khớp term: com rang, pho xao; cách query 2369m; rating 4.5; price_min 17000; opening_status=closed"
query:u068,u068,6/2/2026 12:45,21.019873,105.850397,Ha Noi:Quan Hoan Kiem,Hoàn Kiếm phía Nam,lunch,com rang|pho xao,50k_100k,food_quality,portion|taste,3100,store:28837,28837,Gà Tần Huyền Anh - Phở Xào & Cơm Rang - Quỳnh Mai,4,0.508315,0.430677,2297.5,4.7,173,62000.0,21.00131989,105.8601379,true,"khớp term: com rang, pho xao; cách query 2297m; rating 4.7; price_min 20000; opening_status=closed"
query:u068,u068,6/2/2026 12:45,21.019873,105.850397,Ha Noi:Quan Hoan Kiem,Hoàn Kiếm phía Nam,lunch,com rang|pho xao,50k_100k,food_quality,portion|taste,3100,store:126147,126147,"Nhà Hàng Bin Bo - Bún Riêu Cua, Cơm Rang & Phở Xào - Phương Mai",5,0.49424,0.386853,1965.3,4.3,4,70000.0,21.00564957,105.8391571,false,"khớp term: com rang, pho xao; cách query 1965m; rating 4.3; price_min 1000; opening_status=open"
query:u069,u069,6/3/2026 16:00,21.005866,105.842382,Ha Noi:Quan Hai Ba Trung,HUST cổng Trần Đại Nghĩa,afternoon,com|ga,50k_100k,food_quality|service,high_rating|staff_service,3200,store:42458,42458,Cơm Gà Xối Mỡ Mai Phương - Lê Thanh Nghị,1,0.868124,1.0,689.5,4.6,226,50000.0,21.00358009,105.8485565,false,"khớp term: com, ga; cách query 690m; rating 4.6; price_min 50000; opening_status=open"
query:u069,u069,6/3/2026 16:00,21.005866,105.842382,Ha Noi:Quan Hai Ba Trung,HUST cổng Trần Đại Nghĩa,afternoon,com|ga,50k_100k,food_quality|service,high_rating|staff_service,3200,store:16422,16422,Phương Dung - Cơm Đảo Gà Rang & Chim Quay - Tống Duy Tân,2,0.777913,0.63093,2599.1,4.9,378,110000.0,21.02922058,105.843399,false,"khớp term: com, ga; cách query 2599m; rating 4.9; price_min 55000; opening_status=open"
query:u069,u069,6/3/2026 16:00,21.005866,105.842382,Ha Noi:Quan Hai Ba Trung,HUST cổng Trần Đại Nghĩa,afternoon,com|ga,50k_100k,food_quality|service,high_rating|staff_service,3200,store:4486,4486,"Bento Delichi (by Cooky) - Cơm Gà Mắm Tỏi, Xối Mỡ - Xã Đàn",3,0.727313,0.5,721.4,4.7,2748,56000.0,21.01066017,105.8376999,false,"khớp term: com, ga; cách query 721m; rating 4.7; price_min 8000; opening_status=open"
query:u069,u069,6/3/2026 16:00,21.005866,105.842382,Ha Noi:Quan Hai Ba Trung,HUST cổng Trần Đại Nghĩa,afternoon,com|ga,50k_100k,food_quality|service,high_rating|staff_service,3200,store:7635,7635,Happy Food Cơm Gà Ba Vì,4,0.720383,0.430677,819.5,4.8,4000,65000.0,20.99850082,105.842659,false,"khớp term: com, ga; cách query 819m; rating 4.8; price_min 12000; opening_status=open"
query:u069,u069,6/3/2026 16:00,21.005866,105.842382,Ha Noi:Quan Hai Ba Trung,HUST cổng Trần Đại Nghĩa,afternoon,com|ga,50k_100k,food_quality|service,high_rating|staff_service,3200,store:14318,14318,Thuỷ Hùng Cơm Gà Ba Vì - Phố Vọng,5,0.720383,0.386853,819.5,4.8,1618,65000.0,20.99850082,105.842659,false,"khớp term: com, ga; cách query 819m; rating 4.8; price_min 12000; opening_status=open"
query:u070,u070,6/4/2026 19:10,21.006589,105.843271,Ha Noi:Quan Hai Ba Trung,KTX Bách Khoa,dinner,pho|bun,under_50k,location|food_quality,nearby|taste,3700,store:8314,8314,Phở Bò Cơm Rang Duy Nhất - Giải Phóng,1,0.954334,1.0,667.2,4.6,1787,60000.0,21.00073051,105.8418808,false,"khớp term: pho, bun; cách query 667m; rating 4.6; price_min 35000; opening_status=open"
query:u070,u070,6/4/2026 19:10,21.006589,105.843271,Ha Noi:Quan Hai Ba Trung,KTX Bách Khoa,dinner,pho|bun,under_50k,location|food_quality,nearby|taste,3700,store:8805,8805,Gà Rán Texas Chicken - Bạch Mai,2,0.896575,0.63093,936.6,4.8,2851,79000.0,21.00197983,105.8508224,false,"khớp term: pho, bun; cách query 937m; rating 4.8; price_min 3000; opening_status=open"
query:u070,u070,6/4/2026 19:10,21.006589,105.843271,Ha Noi:Quan Hai Ba Trung,KTX Bách Khoa,dinner,pho|bun,under_50k,location|food_quality,nearby|taste,3700,store:93168,93168,Minh Sơn - Bún Trộn & Phở Chiên Phồng - Bạch Mai,3,0.884919,0.5,1288.0,4.8,118,60000.0,20.99758911,105.8510818,false,"khớp term: pho, bun; cách query 1288m; rating 4.8; price_min 13000; opening_status=open"
query:u070,u070,6/4/2026 19:10,21.006589,105.843271,Ha Noi:Quan Hai Ba Trung,KTX Bách Khoa,dinner,pho|bun,under_50k,location|food_quality,nearby|taste,3700,store:17056,17056,Chảnh Quán - Gỏi Cuốn Mắm Nêm - Phố Vọng,4,0.879464,0.430677,1074.9,4.6,82,46500.0,20.99692917,105.8428726,false,"khớp term: pho, bun; cách query 1075m; rating 4.6; price_min 7000; opening_status=open"
query:u070,u070,6/4/2026 19:10,21.006589,105.843271,Ha Noi:Quan Hai Ba Trung,KTX Bách Khoa,dinner,pho|bun,under_50k,location|food_quality,nearby|taste,3700,store:76300,76300,Phở Gà & Thịt Xiên - Bùi Ngọc Dương,5,0.872099,0.386853,1221.8,4.4,131,67500.0,21.00065994,105.8531799,false,"khớp term: pho, bun; cách query 1222m; rating 4.4; price_min 8000; opening_status=open"
