query_node_id,user_id,time_query,query_lat,query_lng,area_id,query_location_hint,time_slot_id,term,desired_price_range_id,preferred_aspects,raw_preferred_aspects,distance_tolerance_m,store_node_id,store_id,store_name,rank,relevance_score,relevance_weight,distance_m,rating,review_count,median_price,latitude,longitude,is_closed,reason,raw_query,normalized_query,semantic_chunks_json,label_source,clicked,created_at
query:34cf97f9-f288-4dd3-9f12-b0d630cba087,,2026-06-02T13:11:51+00:00,,,bach khoa,bach khoa,,com ga,under_50k,distance,distance,,store:36034,36034,Bảo An Quán - Bánh Cuốn Phủ Lý - Trương Định,1,,,,4.6,98.0,,,,,"[{'source': 'menu', 'source_record_id': '2444195', 'field': 'menu_items', 'value': '1 suât bánh cuốn phủ lý'}, {'source': 'menu', 'source_record_id': '2444196', 'field': 'menu_items', 'value': '1 suất bún chả'}, {'source': 'menu', 'source_record_id': '2444199', 'field': 'menu_items', 'value': '1 thịt nướng'}, {'source': 'review', 'source_record_id': 'tu_0c96fee6026f690f', 'field': 'text_units', 'value': 'Tên quán: Bảo An Quán - Bánh Cuốn Phủ Lý - Trương Định\nNguồn: befood_comment\nRating người ",toi muon an com ga gan Bach Khoa gia duoi 50k,,"{""cuisine"": null, ""food"": ""com ga"", ""location"": ""bach khoa"", ""max_price"": 50000, ""priority"": [""distance""], ""time_constraint"": null}",shown_candidate,false,2026-06-02T13:11:51+00:00
query:34cf97f9-f288-4dd3-9f12-b0d630cba087,,2026-06-02T13:11:51+00:00,,,bach khoa,bach khoa,,com ga,under_50k,distance,distance,,store:21224,21224,Phở Cồ Gia Truyền - Phở Bò & Cơm Rang,2,,,,4.7,174.0,,,,,"[{'source': 'menu', 'source_record_id': '684101', 'field': 'menu_items', 'value': 'Phở Chín'}, {'source': 'menu', 'source_record_id': '684102', 'field': 'menu_items', 'value': 'Phở Xào'}, {'source': 'menu', 'source_record_id': '684103', 'field': 'menu_items', 'value': 'Phở Tái Chín'}, {'source': 'review', 'source_record_id': 'tu_81e6dee6d74d0104', 'field': 'text_units', 'value': 'Tên quán: Phở Cồ Gia Truyền - Phở Bò & Cơm Rang\nNguồn: befood_comment\nRating người dùng: 4.7\nSentiment tổng hợp: n",toi muon an com ga gan Bach Khoa gia duoi 50k,,"{""cuisine"": null, ""food"": ""com ga"", ""location"": ""bach khoa"", ""max_price"": 50000, ""priority"": [""distance""], ""time_constraint"": null}",shown_candidate,false,2026-06-02T13:11:51+00:00
query:34cf97f9-f288-4dd3-9f12-b0d630cba087,,2026-06-02T13:11:51+00:00,,,bach khoa,bach khoa,,com ga,under_50k,distance,distance,,store:69613,69613,Bánh Cuốn Nóng Gia Truyền - Đội Cấn,3,,,,4.5,77.0,,,,,"[{'source': 'menu', 'source_record_id': '5397644', 'field': 'menu_items', 'value': 'Bánh cuốn chả quế'}, {'source': 'menu', 'source_record_id': '5397645', 'field': 'menu_items', 'value': 'Bánh cuốn chả nướng'}, {'source': 'menu', 'source_record_id': '5397646', 'field': 'menu_items', 'value': 'Bánh cuốn trứng - chả quế'}, {'source': 'review', 'source_record_id': 'tu_099f7ca257ea665d', 'field': 'text_units', 'value': 'Tên quán: Bánh Cuốn Nóng Gia Truyền - Đội Cấn\nNguồn: befood_comment\nRating ngư",toi muon an com ga gan Bach Khoa gia duoi 50k,,"{""cuisine"": null, ""food"": ""com ga"", ""location"": ""bach khoa"", ""max_price"": 50000, ""priority"": [""distance""], ""time_constraint"": null}",shown_candidate,false,2026-06-02T13:11:51+00:00
query:34cf97f9-f288-4dd3-9f12-b0d630cba087,,2026-06-02T13:11:51+00:00,,,bach khoa,bach khoa,,com ga,under_50k,distance,distance,,store:95450,95450,Hương Hội An - Cơm Gà Hội An - Thanh Nhàn,4,,,,4.0,23.0,,,,,"[{'source': 'menu', 'source_record_id': '7503266', 'field': 'menu_items', 'value': 'Bánh tráng cuốn xá xíu'}, {'source': 'menu', 'source_record_id': '7503267', 'field': 'menu_items', 'value': 'Nem gà nấm sốt chanh leo'}, {'source': 'menu', 'source_record_id': '11631684', 'field': 'menu_items', 'value': 'Gỏi Chân Gà Rút Xương'}, {'source': 'review', 'source_record_id': 'tu_0b8fd60cb39380e9', 'field': 'text_units', 'value': 'Tên quán: Hương Hội An - Cơm Gà Hội An - Thanh Nhàn\nNguồn: befood_commen",toi muon an com ga gan Bach Khoa gia duoi 50k,,"{""cuisine"": null, ""food"": ""com ga"", ""location"": ""bach khoa"", ""max_price"": 50000, ""priority"": [""distance""], ""time_constraint"": null}",shown_candidate,false,2026-06-02T13:11:51+00:00
query:34cf97f9-f288-4dd3-9f12-b0d630cba087,,2026-06-02T13:11:51+00:00,,,bach khoa,bach khoa,,com ga,under_50k,distance,distance,,store:40980,40980,Cơm Thố Bách Khoa - Lương Định Của,5,,,,4.8,310.0,,,,,"[{'source': 'menu', 'source_record_id': '9219335', 'field': 'menu_items', 'value': 'Cơm thố Gà - Trứng'}, {'source': 'menu', 'source_record_id': '2965481', 'field': 'menu_items', 'value': 'CƠM THỐ ĐẶC BIỆT'}, {'source': 'menu', 'source_record_id': '6410385', 'field': 'menu_items', 'value': 'CƠM THỐ MIX 2 vị'}, {'source': 'review', 'source_record_id': 'tu_c6fcefdfcd9d111c', 'field': 'text_units', 'value': 'Tên quán: Cơm Thố Bách Khoa - Lương Định Của\nNguồn: befood_comment\nRating người dùng: 4.8",toi muon an com ga gan Bach Khoa gia duoi 50k,,"{""cuisine"": null, ""food"": ""com ga"", ""location"": ""bach khoa"", ""max_price"": 50000, ""priority"": [""distance""], ""time_constraint"": null}",shown_candidate,false,2026-06-02T13:11:51+00:00
query:f29d7ecf-5207-49c4-a727-cc4133a6da67,,2026-06-02T13:20:53+00:00,,,bach khoa,bach khoa,,com ga,under_50k,rating|distance,rating|distance,,store:116156,116156,Phở Vịt Quay & Bánh Cuốn Cao Bằng - Định Công,1,,,,4.0,10.0,,,,,"[{'source': 'menu', 'source_record_id': '9774862', 'field': 'menu_items', 'value': 'Bánh cuốn Cao Bằng'}, {'source': 'menu', 'source_record_id': '9774868', 'field': 'menu_items', 'value': 'Bánh cuốn chấm'}, {'source': 'menu', 'source_record_id': '9774875', 'field': 'menu_items', 'value': 'Phở vịt quay măng'}, {'source': 'review', 'source_record_id': 'tu_69f1e84d1d3282f6', 'field': 'text_units', 'value': 'Tên quán: Phở Vịt Quay & Bánh Cuốn Cao Bằng - Định Công\nNguồn: befood_comment\nRating người","tim quan com ga gan Bach Khoa duoi 50k, uu tien rating cao",,"{""cuisine"": null, ""food"": ""com ga"", ""location"": ""bach khoa"", ""max_price"": 50000, ""priority"": [""rating"", ""distance""], ""time_constraint"": null}",shown_candidate,false,2026-06-02T13:20:53+00:00
query:f29d7ecf-5207-49c4-a727-cc4133a6da67,,2026-06-02T13:20:53+00:00,,,bach khoa,bach khoa,,com ga,under_50k,rating|distance,rating|distance,,store:22815,22815,Bánh Cuốn Cao Bằng - Thể Giao,2,,,,4.8,314.0,,,,,"[{'source': 'menu', 'source_record_id': '744806', 'field': 'menu_items', 'value': 'Bánh Cuốn Trứng Giò Cao Bằng'}, {'source': 'menu', 'source_record_id': '744811', 'field': 'menu_items', 'value': 'Bánh Vàng'}, {'source': 'menu', 'source_record_id': '744814', 'field': 'menu_items', 'value': 'Bánh Cuốn Trứng'}, {'source': 'review', 'source_record_id': 'tu_91c5da78638b0beb', 'field': 'text_units', 'value': 'Tên quán: Bánh Cuốn Cao Bằng - Thể Giao\nNguồn: befood_comment\nRating người dùng: 4.8\nSent","tim quan com ga gan Bach Khoa duoi 50k, uu tien rating cao",,"{""cuisine"": null, ""food"": ""com ga"", ""location"": ""bach khoa"", ""max_price"": 50000, ""priority"": [""rating"", ""distance""], ""time_constraint"": null}",shown_candidate,false,2026-06-02T13:20:53+00:00
query:f29d7ecf-5207-49c4-a727-cc4133a6da67,,2026-06-02T13:20:53+00:00,,,bach khoa,bach khoa,,com ga,under_50k,rating|distance,rating|distance,,store:40980,40980,Cơm Thố Bách Khoa - Lương Định Của,3,,,,4.8,310.0,,,,,"[{'source': 'menu', 'source_record_id': '9219335', 'field': 'menu_items', 'value': 'Cơm thố Gà - Trứng'}, {'source': 'menu', 'source_record_id': '2965481', 'field': 'menu_items', 'value': 'CƠM THỐ ĐẶC BIỆT'}, {'source': 'menu', 'source_record_id': '6410385', 'field': 'menu_items', 'value': 'CƠM THỐ MIX 2 vị'}, {'source': 'review', 'source_record_id': 'tu_c6fcefdfcd9d111c', 'field': 'text_units', 'value': 'Tên quán: Cơm Thố Bách Khoa - Lương Định Của\nNguồn: befood_comment\nRating người dùng: 4.8","tim quan com ga gan Bach Khoa duoi 50k, uu tien rating cao",,"{""cuisine"": null, ""food"": ""com ga"", ""location"": ""bach khoa"", ""max_price"": 50000, ""priority"": [""rating"", ""distance""], ""time_constraint"": null}",shown_candidate,false,2026-06-02T13:20:53+00:00
query:f29d7ecf-5207-49c4-a727-cc4133a6da67,,2026-06-02T13:20:53+00:00,,,bach khoa,bach khoa,,com ga,under_50k,rating|distance,rating|distance,,store:97742,97742,"NaBi Bún Chả Quạt, Cơm Tấm & Cơm Văn Phòng - Tây Sơn",4,,,,4.3,11.0,,,,,"[{'source': 'menu', 'source_record_id': '7670605', 'field': 'menu_items', 'value': 'Cơm thịt lợn mường xào xả ớt'}, {'source': 'menu', 'source_record_id': '9050411', 'field': 'menu_items', 'value': 'Cơm thịt kho tàu - trứng cút'}, {'source': 'menu', 'source_record_id': '9050419', 'field': 'menu_items', 'value': 'Cơm chả lá lốt vị nhà làm'}, {'source': 'review', 'source_record_id': 'tu_037157be32ed104c', 'field': 'text_units', 'value': 'Tên quán: NaBi Bún Chả Quạt, Cơm Tấm & Cơm Văn Phòng - Tây S","tim quan com ga gan Bach Khoa duoi 50k, uu tien rating cao",,"{""cuisine"": null, ""food"": ""com ga"", ""location"": ""bach khoa"", ""max_price"": 50000, ""priority"": [""rating"", ""distance""], ""time_constraint"": null}",shown_candidate,false,2026-06-02T13:20:53+00:00
query:f29d7ecf-5207-49c4-a727-cc4133a6da67,,2026-06-02T13:20:53+00:00,,,bach khoa,bach khoa,,com ga,under_50k,rating|distance,rating|distance,,store:111742,111742,Fami Cháo - Cháo Dinh Dưỡng Cao Cấp - 404 Bạch Mai,5,,,,5.0,26.0,,,,,"[{'source': 'menu', 'source_record_id': '9359634', 'field': 'menu_items', 'value': 'Cháo cao lớn Ghẹ hấp quinoa'}, {'source': 'menu', 'source_record_id': '9359641', 'field': 'menu_items', 'value': 'Cháo tăng cân Sườn hầm sen dừa'}, {'source': 'menu', 'source_record_id': '9359650', 'field': 'menu_items', 'value': 'Cháo tiêu hoá Gà tiềm sen táo đỏ'}, {'source': 'review', 'source_record_id': 'tu_9fdbf090d288e2f7', 'field': 'text_units', 'value': 'Tên quán: Fami Cháo - Cháo Dinh Dưỡng Cao Cấp - 404 ","tim quan com ga gan Bach Khoa duoi 50k, uu tien rating cao",,"{""cuisine"": null, ""food"": ""com ga"", ""location"": ""bach khoa"", ""max_price"": 50000, ""priority"": [""rating"", ""distance""], ""time_constraint"": null}",shown_candidate,false,2026-06-02T13:20:53+00:00
query:335c54ae-1da4-46c6-a52f-07eb25873d10,,2026-06-02T13:22:44+00:00,,,bach khoa,bach khoa,,com ga,under_50k,rating|distance,rating|distance,,store:116156,116156,Phở Vịt Quay & Bánh Cuốn Cao Bằng - Định Công,1,,,,4.0,10.0,,,,,"[{'source': 'menu', 'source_record_id': '9774862', 'field': 'menu_items', 'value': 'Bánh cuốn Cao Bằng'}, {'source': 'menu', 'source_record_id': '9774868', 'field': 'menu_items', 'value': 'Bánh cuốn chấm'}, {'source': 'menu', 'source_record_id': '9774875', 'field': 'menu_items', 'value': 'Phở vịt quay măng'}, {'source': 'review', 'source_record_id': 'tu_69f1e84d1d3282f6', 'field': 'text_units', 'value': 'Tên quán: Phở Vịt Quay & Bánh Cuốn Cao Bằng - Định Công\nNguồn: befood_comment\nRating người","tim quan com ga gan Bach Khoa duoi 50k, uu tien rating cao",,"{""cuisine"": null, ""food"": ""com ga"", ""location"": ""bach khoa"", ""max_price"": 50000, ""priority"": [""rating"", ""distance""], ""time_constraint"": null}",shown_candidate,false,2026-06-02T13:22:44+00:00
query:335c54ae-1da4-46c6-a52f-07eb25873d10,,2026-06-02T13:22:44+00:00,,,bach khoa,bach khoa,,com ga,under_50k,rating|distance,rating|distance,,store:22815,22815,Bánh Cuốn Cao Bằng - Thể Giao,2,,,,4.8,314.0,,,,,"[{'source': 'menu', 'source_record_id': '744806', 'field': 'menu_items', 'value': 'Bánh Cuốn Trứng Giò Cao Bằng'}, {'source': 'menu', 'source_record_id': '744811', 'field': 'menu_items', 'value': 'Bánh Vàng'}, {'source': 'menu', 'source_record_id': '744814', 'field': 'menu_items', 'value': 'Bánh Cuốn Trứng'}, {'source': 'review', 'source_record_id': 'tu_91c5da78638b0beb', 'field': 'text_units', 'value': 'Tên quán: Bánh Cuốn Cao Bằng - Thể Giao\nNguồn: befood_comment\nRating người dùng: 4.8\nSent","tim quan com ga gan Bach Khoa duoi 50k, uu tien rating cao",,"{""cuisine"": null, ""food"": ""com ga"", ""location"": ""bach khoa"", ""max_price"": 50000, ""priority"": [""rating"", ""distance""], ""time_constraint"": null}",shown_candidate,false,2026-06-02T13:22:44+00:00
query:335c54ae-1da4-46c6-a52f-07eb25873d10,,2026-06-02T13:22:44+00:00,,,bach khoa,bach khoa,,com ga,under_50k,rating|distance,rating|distance,,store:40980,40980,Cơm Thố Bách Khoa - Lương Định Của,3,,,,4.8,310.0,,,,,"[{'source': 'menu', 'source_record_id': '9219335', 'field': 'menu_items', 'value': 'Cơm thố Gà - Trứng'}, {'source': 'menu', 'source_record_id': '2965481', 'field': 'menu_items', 'value': 'CƠM THỐ ĐẶC BIỆT'}, {'source': 'menu', 'source_record_id': '6410385', 'field': 'menu_items', 'value': 'CƠM THỐ MIX 2 vị'}, {'source': 'review', 'source_record_id': 'tu_c6fcefdfcd9d111c', 'field': 'text_units', 'value': 'Tên quán: Cơm Thố Bách Khoa - Lương Định Của\nNguồn: befood_comment\nRating người dùng: 4.8","tim quan com ga gan Bach Khoa duoi 50k, uu tien rating cao",,"{""cuisine"": null, ""food"": ""com ga"", ""location"": ""bach khoa"", ""max_price"": 50000, ""priority"": [""rating"", ""distance""], ""time_constraint"": null}",shown_candidate,false,2026-06-02T13:22:44+00:00
query:335c54ae-1da4-46c6-a52f-07eb25873d10,,2026-06-02T13:22:44+00:00,,,bach khoa,bach khoa,,com ga,under_50k,rating|distance,rating|distance,,store:97742,97742,"NaBi Bún Chả Quạt, Cơm Tấm & Cơm Văn Phòng - Tây Sơn",4,,,,4.3,11.0,,,,,"[{'source': 'menu', 'source_record_id': '7670605', 'field': 'menu_items', 'value': 'Cơm thịt lợn mường xào xả ớt'}, {'source': 'menu', 'source_record_id': '9050411', 'field': 'menu_items', 'value': 'Cơm thịt kho tàu - trứng cút'}, {'source': 'menu', 'source_record_id': '9050419', 'field': 'menu_items', 'value': 'Cơm chả lá lốt vị nhà làm'}, {'source': 'review', 'source_record_id': 'tu_037157be32ed104c', 'field': 'text_units', 'value': 'Tên quán: NaBi Bún Chả Quạt, Cơm Tấm & Cơm Văn Phòng - Tây S","tim quan com ga gan Bach Khoa duoi 50k, uu tien rating cao",,"{""cuisine"": null, ""food"": ""com ga"", ""location"": ""bach khoa"", ""max_price"": 50000, ""priority"": [""rating"", ""distance""], ""time_constraint"": null}",shown_candidate,false,2026-06-02T13:22:44+00:00
query:335c54ae-1da4-46c6-a52f-07eb25873d10,,2026-06-02T13:22:44+00:00,,,bach khoa,bach khoa,,com ga,under_50k,rating|distance,rating|distance,,store:111742,111742,Fami Cháo - Cháo Dinh Dưỡng Cao Cấp - 404 Bạch Mai,5,,,,5.0,26.0,,,,,"[{'source': 'menu', 'source_record_id': '9359634', 'field': 'menu_items', 'value': 'Cháo cao lớn Ghẹ hấp quinoa'}, {'source': 'menu', 'source_record_id': '9359641', 'field': 'menu_items', 'value': 'Cháo tăng cân Sườn hầm sen dừa'}, {'source': 'menu', 'source_record_id': '9359650', 'field': 'menu_items', 'value': 'Cháo tiêu hoá Gà tiềm sen táo đỏ'}, {'source': 'review', 'source_record_id': 'tu_9fdbf090d288e2f7', 'field': 'text_units', 'value': 'Tên quán: Fami Cháo - Cháo Dinh Dưỡng Cao Cấp - 404 ","tim quan com ga gan Bach Khoa duoi 50k, uu tien rating cao",,"{""cuisine"": null, ""food"": ""com ga"", ""location"": ""bach khoa"", ""max_price"": 50000, ""priority"": [""rating"", ""distance""], ""time_constraint"": null}",shown_candidate,false,2026-06-02T13:22:44+00:00
query:5fcb00ed-2ecb-4e43-a9d9-d549e1351656,,2026-06-02T13:22:47+00:00,,,bach khoa,bach khoa,,com ga,under_50k,rating|distance,rating|distance,,store:116156,116156,Phở Vịt Quay & Bánh Cuốn Cao Bằng - Định Công,1,,,,4.0,10.0,,,,,"[{'source': 'menu', 'source_record_id': '9774862', 'field': 'menu_items', 'value': 'Bánh cuốn Cao Bằng'}, {'source': 'menu', 'source_record_id': '9774868', 'field': 'menu_items', 'value': 'Bánh cuốn chấm'}, {'source': 'menu', 'source_record_id': '9774875', 'field': 'menu_items', 'value': 'Phở vịt quay măng'}, {'source': 'review', 'source_record_id': 'tu_69f1e84d1d3282f6', 'field': 'text_units', 'value': 'Tên quán: Phở Vịt Quay & Bánh Cuốn Cao Bằng - Định Công\nNguồn: befood_comment\nRating người","tim quan com ga gan Bach Khoa duoi 50k, uu tien rating cao",,"{""cuisine"": null, ""food"": ""com ga"", ""location"": ""bach khoa"", ""max_price"": 50000, ""priority"": [""rating"", ""distance""], ""time_constraint"": null}",shown_candidate,false,2026-06-02T13:22:47+00:00
query:5fcb00ed-2ecb-4e43-a9d9-d549e1351656,,2026-06-02T13:22:47+00:00,,,bach khoa,bach khoa,,com ga,under_50k,rating|distance,rating|distance,,store:22815,22815,Bánh Cuốn Cao Bằng - Thể Giao,2,,,,4.8,314.0,,,,,"[{'source': 'menu', 'source_record_id': '744806', 'field': 'menu_items', 'value': 'Bánh Cuốn Trứng Giò Cao Bằng'}, {'source': 'menu', 'source_record_id': '744811', 'field': 'menu_items', 'value': 'Bánh Vàng'}, {'source': 'menu', 'source_record_id': '744814', 'field': 'menu_items', 'value': 'Bánh Cuốn Trứng'}, {'source': 'review', 'source_record_id': 'tu_91c5da78638b0beb', 'field': 'text_units', 'value': 'Tên quán: Bánh Cuốn Cao Bằng - Thể Giao\nNguồn: befood_comment\nRating người dùng: 4.8\nSent","tim quan com ga gan Bach Khoa duoi 50k, uu tien rating cao",,"{""cuisine"": null, ""food"": ""com ga"", ""location"": ""bach khoa"", ""max_price"": 50000, ""priority"": [""rating"", ""distance""], ""time_constraint"": null}",shown_candidate,false,2026-06-02T13:22:47+00:00
query:5fcb00ed-2ecb-4e43-a9d9-d549e1351656,,2026-06-02T13:22:47+00:00,,,bach khoa,bach khoa,,com ga,under_50k,rating|distance,rating|distance,,store:40980,40980,Cơm Thố Bách Khoa - Lương Định Của,3,,,,4.8,310.0,,,,,"[{'source': 'menu', 'source_record_id': '9219335', 'field': 'menu_items', 'value': 'Cơm thố Gà - Trứng'}, {'source': 'menu', 'source_record_id': '2965481', 'field': 'menu_items', 'value': 'CƠM THỐ ĐẶC BIỆT'}, {'source': 'menu', 'source_record_id': '6410385', 'field': 'menu_items', 'value': 'CƠM THỐ MIX 2 vị'}, {'source': 'review', 'source_record_id': 'tu_c6fcefdfcd9d111c', 'field': 'text_units', 'value': 'Tên quán: Cơm Thố Bách Khoa - Lương Định Của\nNguồn: befood_comment\nRating người dùng: 4.8","tim quan com ga gan Bach Khoa duoi 50k, uu tien rating cao",,"{""cuisine"": null, ""food"": ""com ga"", ""location"": ""bach khoa"", ""max_price"": 50000, ""priority"": [""rating"", ""distance""], ""time_constraint"": null}",shown_candidate,false,2026-06-02T13:22:47+00:00
query:5fcb00ed-2ecb-4e43-a9d9-d549e1351656,,2026-06-02T13:22:47+00:00,,,bach khoa,bach khoa,,com ga,under_50k,rating|distance,rating|distance,,store:97742,97742,"NaBi Bún Chả Quạt, Cơm Tấm & Cơm Văn Phòng - Tây Sơn",4,,,,4.3,11.0,,,,,"[{'source': 'menu', 'source_record_id': '7670605', 'field': 'menu_items', 'value': 'Cơm thịt lợn mường xào xả ớt'}, {'source': 'menu', 'source_record_id': '9050411', 'field': 'menu_items', 'value': 'Cơm thịt kho tàu - trứng cút'}, {'source': 'menu', 'source_record_id': '9050419', 'field': 'menu_items', 'value': 'Cơm chả lá lốt vị nhà làm'}, {'source': 'review', 'source_record_id': 'tu_037157be32ed104c', 'field': 'text_units', 'value': 'Tên quán: NaBi Bún Chả Quạt, Cơm Tấm & Cơm Văn Phòng - Tây S","tim quan com ga gan Bach Khoa duoi 50k, uu tien rating cao",,"{""cuisine"": null, ""food"": ""com ga"", ""location"": ""bach khoa"", ""max_price"": 50000, ""priority"": [""rating"", ""distance""], ""time_constraint"": null}",shown_candidate,false,2026-06-02T13:22:47+00:00
query:5fcb00ed-2ecb-4e43-a9d9-d549e1351656,,2026-06-02T13:22:47+00:00,,,bach khoa,bach khoa,,com ga,under_50k,rating|distance,rating|distance,,store:111742,111742,Fami Cháo - Cháo Dinh Dưỡng Cao Cấp - 404 Bạch Mai,5,,,,5.0,26.0,,,,,"[{'source': 'menu', 'source_record_id': '9359634', 'field': 'menu_items', 'value': 'Cháo cao lớn Ghẹ hấp quinoa'}, {'source': 'menu', 'source_record_id': '9359641', 'field': 'menu_items', 'value': 'Cháo tăng cân Sườn hầm sen dừa'}, {'source': 'menu', 'source_record_id': '9359650', 'field': 'menu_items', 'value': 'Cháo tiêu hoá Gà tiềm sen táo đỏ'}, {'source': 'review', 'source_record_id': 'tu_9fdbf090d288e2f7', 'field': 'text_units', 'value': 'Tên quán: Fami Cháo - Cháo Dinh Dưỡng Cao Cấp - 404 ","tim quan com ga gan Bach Khoa duoi 50k, uu tien rating cao",,"{""cuisine"": null, ""food"": ""com ga"", ""location"": ""bach khoa"", ""max_price"": 50000, ""priority"": [""rating"", ""distance""], ""time_constraint"": null}",shown_candidate,false,2026-06-02T13:22:47+00:00
query:c964e0ee-9bc0-4311-802d-240924919cd8,,2026-06-02T13:23:02+00:00,,,bach khoa,bach khoa,,com ga,under_50k,rating|distance,rating|distance,,store:116156,116156,Phở Vịt Quay & Bánh Cuốn Cao Bằng - Định Công,1,,,,4.0,10.0,,,,,"[{'source': 'menu', 'source_record_id': '9774862', 'field': 'menu_items', 'value': 'Bánh cuốn Cao Bằng'}, {'source': 'menu', 'source_record_id': '9774868', 'field': 'menu_items', 'value': 'Bánh cuốn chấm'}, {'source': 'menu', 'source_record_id': '9774875', 'field': 'menu_items', 'value': 'Phở vịt quay măng'}, {'source': 'review', 'source_record_id': 'tu_69f1e84d1d3282f6', 'field': 'text_units', 'value': 'Tên quán: Phở Vịt Quay & Bánh Cuốn Cao Bằng - Định Công\nNguồn: befood_comment\nRating người","tim quan com ga gan Bach Khoa duoi 50k, uu tien rating cao",,"{""cuisine"": null, ""food"": ""com ga"", ""location"": ""bach khoa"", ""max_price"": 50000, ""priority"": [""rating"", ""distance""], ""time_constraint"": null}",shown_candidate,false,2026-06-02T13:23:02+00:00
query:c964e0ee-9bc0-4311-802d-240924919cd8,,2026-06-02T13:23:02+00:00,,,bach khoa,bach khoa,,com ga,under_50k,rating|distance,rating|distance,,store:22815,22815,Bánh Cuốn Cao Bằng - Thể Giao,2,,,,4.8,314.0,,,,,"[{'source': 'menu', 'source_record_id': '744806', 'field': 'menu_items', 'value': 'Bánh Cuốn Trứng Giò Cao Bằng'}, {'source': 'menu', 'source_record_id': '744811', 'field': 'menu_items', 'value': 'Bánh Vàng'}, {'source': 'menu', 'source_record_id': '744814', 'field': 'menu_items', 'value': 'Bánh Cuốn Trứng'}, {'source': 'review', 'source_record_id': 'tu_91c5da78638b0beb', 'field': 'text_units', 'value': 'Tên quán: Bánh Cuốn Cao Bằng - Thể Giao\nNguồn: befood_comment\nRating người dùng: 4.8\nSent","tim quan com ga gan Bach Khoa duoi 50k, uu tien rating cao",,"{""cuisine"": null, ""food"": ""com ga"", ""location"": ""bach khoa"", ""max_price"": 50000, ""priority"": [""rating"", ""distance""], ""time_constraint"": null}",shown_candidate,false,2026-06-02T13:23:02+00:00
query:c964e0ee-9bc0-4311-802d-240924919cd8,,2026-06-02T13:23:02+00:00,,,bach khoa,bach khoa,,com ga,under_50k,rating|distance,rating|distance,,store:40980,40980,Cơm Thố Bách Khoa - Lương Định Của,3,,,,4.8,310.0,,,,,"[{'source': 'menu', 'source_record_id': '9219335', 'field': 'menu_items', 'value': 'Cơm thố Gà - Trứng'}, {'source': 'menu', 'source_record_id': '2965481', 'field': 'menu_items', 'value': 'CƠM THỐ ĐẶC BIỆT'}, {'source': 'menu', 'source_record_id': '6410385', 'field': 'menu_items', 'value': 'CƠM THỐ MIX 2 vị'}, {'source': 'review', 'source_record_id': 'tu_c6fcefdfcd9d111c', 'field': 'text_units', 'value': 'Tên quán: Cơm Thố Bách Khoa - Lương Định Của\nNguồn: befood_comment\nRating người dùng: 4.8","tim quan com ga gan Bach Khoa duoi 50k, uu tien rating cao",,"{""cuisine"": null, ""food"": ""com ga"", ""location"": ""bach khoa"", ""max_price"": 50000, ""priority"": [""rating"", ""distance""], ""time_constraint"": null}",shown_candidate,false,2026-06-02T13:23:02+00:00
query:c964e0ee-9bc0-4311-802d-240924919cd8,,2026-06-02T13:23:02+00:00,,,bach khoa,bach khoa,,com ga,under_50k,rating|distance,rating|distance,,store:97742,97742,"NaBi Bún Chả Quạt, Cơm Tấm & Cơm Văn Phòng - Tây Sơn",4,,,,4.3,11.0,,,,,"[{'source': 'menu', 'source_record_id': '7670605', 'field': 'menu_items', 'value': 'Cơm thịt lợn mường xào xả ớt'}, {'source': 'menu', 'source_record_id': '9050411', 'field': 'menu_items', 'value': 'Cơm thịt kho tàu - trứng cút'}, {'source': 'menu', 'source_record_id': '9050419', 'field': 'menu_items', 'value': 'Cơm chả lá lốt vị nhà làm'}, {'source': 'review', 'source_record_id': 'tu_037157be32ed104c', 'field': 'text_units', 'value': 'Tên quán: NaBi Bún Chả Quạt, Cơm Tấm & Cơm Văn Phòng - Tây S","tim quan com ga gan Bach Khoa duoi 50k, uu tien rating cao",,"{""cuisine"": null, ""food"": ""com ga"", ""location"": ""bach khoa"", ""max_price"": 50000, ""priority"": [""rating"", ""distance""], ""time_constraint"": null}",shown_candidate,false,2026-06-02T13:23:02+00:00
query:c964e0ee-9bc0-4311-802d-240924919cd8,,2026-06-02T13:23:02+00:00,,,bach khoa,bach khoa,,com ga,under_50k,rating|distance,rating|distance,,store:111742,111742,Fami Cháo - Cháo Dinh Dưỡng Cao Cấp - 404 Bạch Mai,5,,,,5.0,26.0,,,,,"[{'source': 'menu', 'source_record_id': '9359634', 'field': 'menu_items', 'value': 'Cháo cao lớn Ghẹ hấp quinoa'}, {'source': 'menu', 'source_record_id': '9359641', 'field': 'menu_items', 'value': 'Cháo tăng cân Sườn hầm sen dừa'}, {'source': 'menu', 'source_record_id': '9359650', 'field': 'menu_items', 'value': 'Cháo tiêu hoá Gà tiềm sen táo đỏ'}, {'source': 'review', 'source_record_id': 'tu_9fdbf090d288e2f7', 'field': 'text_units', 'value': 'Tên quán: Fami Cháo - Cháo Dinh Dưỡng Cao Cấp - 404 ","tim quan com ga gan Bach Khoa duoi 50k, uu tien rating cao",,"{""cuisine"": null, ""food"": ""com ga"", ""location"": ""bach khoa"", ""max_price"": 50000, ""priority"": [""rating"", ""distance""], ""time_constraint"": null}",shown_candidate,false,2026-06-02T13:23:02+00:00
query:8bc35d69-35c5-4c41-b1e4-5c1170fedf5f,,2026-06-02T13:33:42+00:00,,,bach khoa,bach khoa,,com ga,under_50k,distance,distance,,store:40980,40980,Cơm Thố Bách Khoa - Lương Định Của,1,,,,4.8,310.0,,,,,"[{'source': 'menu', 'source_record_id': '9219335', 'field': 'menu_items', 'value': 'Cơm thố Gà - Trứng'}, {'source': 'menu', 'source_record_id': '2965481', 'field': 'menu_items', 'value': 'CƠM THỐ ĐẶC BIỆT'}, {'source': 'menu', 'source_record_id': '6410385', 'field': 'menu_items', 'value': 'CƠM THỐ MIX 2 vị'}, {'source': 'review', 'source_record_id': 'tu_c6fcefdfcd9d111c', 'field': 'text_units', 'value': 'Tên quán: Cơm Thố Bách Khoa - Lương Định Của\nNguồn: befood_comment\nRating người dùng: 4.8",tôi muốn ăn cơm gà gần Bách Khoa giá dưới 50k,toi muon an com ga gan bach khoa gia duoi 50k,"{""cuisine"": null, ""food"": ""com ga"", ""location"": ""bach khoa"", ""max_price"": 50000, ""normalized_query"": ""toi muon an com ga gan bach khoa gia duoi 50k"", ""priority"": [""distance""], ""time_constraint"": null}",shown_candidate,false,2026-06-02T13:33:42+00:00
query:8bc35d69-35c5-4c41-b1e4-5c1170fedf5f,,2026-06-02T13:33:42+00:00,,,bach khoa,bach khoa,,com ga,under_50k,distance,distance,,store:7635,7635,Happy Food Cơm Gà Ba Vì,2,,,,4.8,4000.0,,,,,"[{'source': 'menu', 'source_record_id': '7617183', 'field': 'menu_items', 'value': 'Combo Cơm Gà Lọc Xương Sốt BBQ + Pepsi'}, {'source': 'menu', 'source_record_id': '7617184', 'field': 'menu_items', 'value': 'Combo Cơm bò xào sốt tiêu đen + Pepsi'}, {'source': 'menu', 'source_record_id': '7617185', 'field': 'menu_items', 'value': 'Combo Cơm Gà Sốt cay ngọt + Pepsi'}, {'source': 'review', 'source_record_id': 'tu_415e50fd226b34db', 'field': 'text_units', 'value': 'Tên quán: Happy Food Cơm Gà Ba Vì",tôi muốn ăn cơm gà gần Bách Khoa giá dưới 50k,toi muon an com ga gan bach khoa gia duoi 50k,"{""cuisine"": null, ""food"": ""com ga"", ""location"": ""bach khoa"", ""max_price"": 50000, ""normalized_query"": ""toi muon an com ga gan bach khoa gia duoi 50k"", ""priority"": [""distance""], ""time_constraint"": null}",shown_candidate,false,2026-06-02T13:33:42+00:00
query:69b6e580-515d-44fa-b2bb-165f2db156d4,,2026-06-02T13:34:26+00:00,,,bach khoa,bach khoa,,com ga,under_50k,distance,distance,,store:40980,40980,Cơm Thố Bách Khoa - Lương Định Của,1,,,,4.8,310.0,,,,,"[{'source': 'menu', 'source_record_id': '9219335', 'field': 'menu_items', 'value': 'Cơm thố Gà - Trứng'}, {'source': 'menu', 'source_record_id': '2965481', 'field': 'menu_items', 'value': 'CƠM THỐ ĐẶC BIỆT'}, {'source': 'menu', 'source_record_id': '6410385', 'field': 'menu_items', 'value': 'CƠM THỐ MIX 2 vị'}, {'source': 'review', 'source_record_id': 'tu_c6fcefdfcd9d111c', 'field': 'text_units', 'value': 'Tên quán: Cơm Thố Bách Khoa - Lương Định Của\nNguồn: befood_comment\nRating người dùng: 4.8",tôi muốn ăn cơm gà gần Bách Khoa giá dưới 50k,toi muon an com ga gan bach khoa gia duoi 50k,"{""cuisine"": null, ""food"": ""com ga"", ""location"": ""bach khoa"", ""max_price"": 50000, ""normalized_query"": ""toi muon an com ga gan bach khoa gia duoi 50k"", ""priority"": [""distance""], ""time_constraint"": null}",shown_candidate,false,2026-06-02T13:34:26+00:00
query:b9c12a5e-bbea-4827-a9c4-5d1e866a4034,,2026-06-02T13:34:50+00:00,,,bach khoa,bach khoa,,com ga,under_50k,rating|distance,rating|distance,,store:11471,11471,Thiên Trường - Phở Cồ & Cơm Gà Xối Mắm - Giải Phóng,1,,,,4.5,39.0,,,,,"khớp term: com, com ga; cách query 327m; rating 4.5; price_min 10000; opening_status=open","tìm quán cơm gà gần Bách Khoa dưới 50k, ưu tiên rating cao",tim quan com ga gan bach khoa duoi 50k uu tien rating cao,"{""cuisine"": null, ""food"": ""com ga"", ""location"": ""bach khoa"", ""max_price"": 50000, ""normalized_query"": ""tim quan com ga gan bach khoa duoi 50k uu tien rating cao"", ""priority"": [""rating"", ""distance""], ""time_constraint"": null}",shown_candidate,false,2026-06-02T13:34:50+00:00
query:b9c12a5e-bbea-4827-a9c4-5d1e866a4034,,2026-06-02T13:34:50+00:00,,,bach khoa,bach khoa,,com ga,under_50k,rating|distance,rating|distance,,store:25639,25639,Quán Mùa - Cơm Gà & Bún Miến Trộn - Tây Sơn,2,,,,4.6,562.0,,,,,"[{'source': 'menu', 'source_record_id': '867932', 'field': 'menu_items', 'value': 'Phở trộn bò và gà - 1 Coca cola'}, {'source': 'menu', 'source_record_id': '867933', 'field': 'menu_items', 'value': 'Miến trộn bò và gà - 1 coca cola'}, {'source': 'menu', 'source_record_id': '867935', 'field': 'menu_items', 'value': 'Bún trộn bò và gà - 1 Sprite'}, {'source': 'review', 'source_record_id': 'tu_15034de1df0b4e9a', 'field': 'text_units', 'value': 'Tên quán: Quán Mùa - Cơm Gà & Bún Miến Trộn - Tây Sơn","tìm quán cơm gà gần Bách Khoa dưới 50k, ưu tiên rating cao",tim quan com ga gan bach khoa duoi 50k uu tien rating cao,"{""cuisine"": null, ""food"": ""com ga"", ""location"": ""bach khoa"", ""max_price"": 50000, ""normalized_query"": ""tim quan com ga gan bach khoa duoi 50k uu tien rating cao"", ""priority"": [""rating"", ""distance""], ""time_constraint"": null}",shown_candidate,false,2026-06-02T13:34:50+00:00
query:b9c12a5e-bbea-4827-a9c4-5d1e866a4034,,2026-06-02T13:34:50+00:00,,,bach khoa,bach khoa,,com ga,under_50k,rating|distance,rating|distance,,store:40980,40980,Cơm Thố Bách Khoa - Lương Định Của,3,,,,4.8,310.0,,,,,"[{'source': 'menu', 'source_record_id': '9219335', 'field': 'menu_items', 'value': 'Cơm thố Gà - Trứng'}, {'source': 'menu', 'source_record_id': '2965481', 'field': 'menu_items', 'value': 'CƠM THỐ ĐẶC BIỆT'}, {'source': 'menu', 'source_record_id': '6410385', 'field': 'menu_items', 'value': 'CƠM THỐ MIX 2 vị'}, {'source': 'review', 'source_record_id': 'tu_c6fcefdfcd9d111c', 'field': 'text_units', 'value': 'Tên quán: Cơm Thố Bách Khoa - Lương Định Của\nNguồn: befood_comment\nRating người dùng: 4.8","tìm quán cơm gà gần Bách Khoa dưới 50k, ưu tiên rating cao",tim quan com ga gan bach khoa duoi 50k uu tien rating cao,"{""cuisine"": null, ""food"": ""com ga"", ""location"": ""bach khoa"", ""max_price"": 50000, ""normalized_query"": ""tim quan com ga gan bach khoa duoi 50k uu tien rating cao"", ""priority"": [""rating"", ""distance""], ""time_constraint"": null}",shown_candidate,false,2026-06-02T13:34:50+00:00
query:b9c12a5e-bbea-4827-a9c4-5d1e866a4034,,2026-06-02T13:34:50+00:00,,,bach khoa,bach khoa,,com ga,under_50k,rating|distance,rating|distance,,store:4486,4486,"Bento Delichi (by Cooky) - Cơm Gà Mắm Tỏi, Xối Mỡ - Xã Đàn",4,,,,4.7,2748.0,,,,,"khớp term: com, com ga, com van phong; cách query 595m; rating 4.7; price_min 8000; opening_status=open","tìm quán cơm gà gần Bách Khoa dưới 50k, ưu tiên rating cao",tim quan com ga gan bach khoa duoi 50k uu tien rating cao,"{""cuisine"": null, ""food"": ""com ga"", ""location"": ""bach khoa"", ""max_price"": 50000, ""normalized_query"": ""tim quan com ga gan bach khoa duoi 50k uu tien rating cao"", ""priority"": [""rating"", ""distance""], ""time_constraint"": null}",shown_candidate,false,2026-06-02T13:34:50+00:00
query:b9c12a5e-bbea-4827-a9c4-5d1e866a4034,,2026-06-02T13:34:50+00:00,,,bach khoa,bach khoa,,com ga,under_50k,rating|distance,rating|distance,,store:28837,28837,Gà Tần Huyền Anh - Phở Xào & Cơm Rang - Quỳnh Mai,5,,,,4.7,173.0,,,,,"[{'source': 'menu', 'source_record_id': '1005079', 'field': 'menu_items', 'value': 'Phở xào mềm bò'}, {'source': 'menu', 'source_record_id': '1005080', 'field': 'menu_items', 'value': 'Phở xào giòn bò'}, {'source': 'menu', 'source_record_id': '1005081', 'field': 'menu_items', 'value': 'Phở xào giòn tim'}, {'source': 'review', 'source_record_id': 'tu_ed697290ea2a7085', 'field': 'text_units', 'value': 'Tên quán: Gà Tần Huyền Anh - Phở Xào & Cơm Rang - Quỳnh Mai\nNguồn: befood_comment\nRating người","tìm quán cơm gà gần Bách Khoa dưới 50k, ưu tiên rating cao",tim quan com ga gan bach khoa duoi 50k uu tien rating cao,"{""cuisine"": null, ""food"": ""com ga"", ""location"": ""bach khoa"", ""max_price"": 50000, ""normalized_query"": ""tim quan com ga gan bach khoa duoi 50k uu tien rating cao"", ""priority"": [""rating"", ""distance""], ""time_constraint"": null}",shown_candidate,false,2026-06-02T13:34:50+00:00
query:6c3ac463-26bf-43a2-910f-660ed9f21eef,,2026-06-02T13:34:52+00:00,,,bach khoa,bach khoa,,com ga,under_50k,rating|distance,rating|distance,,store:11471,11471,Thiên Trường - Phở Cồ & Cơm Gà Xối Mắm - Giải Phóng,1,,,,4.5,39.0,,,,,"khớp term: com, com ga; cách query 327m; rating 4.5; price_min 10000; opening_status=open","tìm quán cơm gà gần Bách Khoa dưới 50k, ưu tiên rating cao",tim quan com ga gan bach khoa duoi 50k uu tien rating cao,"{""cuisine"": null, ""food"": ""com ga"", ""location"": ""bach khoa"", ""max_price"": 50000, ""normalized_query"": ""tim quan com ga gan bach khoa duoi 50k uu tien rating cao"", ""priority"": [""rating"", ""distance""], ""time_constraint"": null}",shown_candidate,false,2026-06-02T13:34:52+00:00
query:6c3ac463-26bf-43a2-910f-660ed9f21eef,,2026-06-02T13:34:52+00:00,,,bach khoa,bach khoa,,com ga,under_50k,rating|distance,rating|distance,,store:25639,25639,Quán Mùa - Cơm Gà & Bún Miến Trộn - Tây Sơn,2,,,,4.6,562.0,,,,,"[{'source': 'menu', 'source_record_id': '867932', 'field': 'menu_items', 'value': 'Phở trộn bò và gà - 1 Coca cola'}, {'source': 'menu', 'source_record_id': '867933', 'field': 'menu_items', 'value': 'Miến trộn bò và gà - 1 coca cola'}, {'source': 'menu', 'source_record_id': '867935', 'field': 'menu_items', 'value': 'Bún trộn bò và gà - 1 Sprite'}, {'source': 'review', 'source_record_id': 'tu_15034de1df0b4e9a', 'field': 'text_units', 'value': 'Tên quán: Quán Mùa - Cơm Gà & Bún Miến Trộn - Tây Sơn","tìm quán cơm gà gần Bách Khoa dưới 50k, ưu tiên rating cao",tim quan com ga gan bach khoa duoi 50k uu tien rating cao,"{""cuisine"": null, ""food"": ""com ga"", ""location"": ""bach khoa"", ""max_price"": 50000, ""normalized_query"": ""tim quan com ga gan bach khoa duoi 50k uu tien rating cao"", ""priority"": [""rating"", ""distance""], ""time_constraint"": null}",shown_candidate,false,2026-06-02T13:34:52+00:00
query:6c3ac463-26bf-43a2-910f-660ed9f21eef,,2026-06-02T13:34:52+00:00,,,bach khoa,bach khoa,,com ga,under_50k,rating|distance,rating|distance,,store:40980,40980,Cơm Thố Bách Khoa - Lương Định Của,3,,,,4.8,310.0,,,,,"[{'source': 'menu', 'source_record_id': '9219335', 'field': 'menu_items', 'value': 'Cơm thố Gà - Trứng'}, {'source': 'menu', 'source_record_id': '2965481', 'field': 'menu_items', 'value': 'CƠM THỐ ĐẶC BIỆT'}, {'source': 'menu', 'source_record_id': '6410385', 'field': 'menu_items', 'value': 'CƠM THỐ MIX 2 vị'}, {'source': 'review', 'source_record_id': 'tu_c6fcefdfcd9d111c', 'field': 'text_units', 'value': 'Tên quán: Cơm Thố Bách Khoa - Lương Định Của\nNguồn: befood_comment\nRating người dùng: 4.8","tìm quán cơm gà gần Bách Khoa dưới 50k, ưu tiên rating cao",tim quan com ga gan bach khoa duoi 50k uu tien rating cao,"{""cuisine"": null, ""food"": ""com ga"", ""location"": ""bach khoa"", ""max_price"": 50000, ""normalized_query"": ""tim quan com ga gan bach khoa duoi 50k uu tien rating cao"", ""priority"": [""rating"", ""distance""], ""time_constraint"": null}",shown_candidate,false,2026-06-02T13:34:52+00:00
query:6c3ac463-26bf-43a2-910f-660ed9f21eef,,2026-06-02T13:34:52+00:00,,,bach khoa,bach khoa,,com ga,under_50k,rating|distance,rating|distance,,store:4486,4486,"Bento Delichi (by Cooky) - Cơm Gà Mắm Tỏi, Xối Mỡ - Xã Đàn",4,,,,4.7,2748.0,,,,,"khớp term: com, com ga, com van phong; cách query 595m; rating 4.7; price_min 8000; opening_status=open","tìm quán cơm gà gần Bách Khoa dưới 50k, ưu tiên rating cao",tim quan com ga gan bach khoa duoi 50k uu tien rating cao,"{""cuisine"": null, ""food"": ""com ga"", ""location"": ""bach khoa"", ""max_price"": 50000, ""normalized_query"": ""tim quan com ga gan bach khoa duoi 50k uu tien rating cao"", ""priority"": [""rating"", ""distance""], ""time_constraint"": null}",shown_candidate,false,2026-06-02T13:34:52+00:00
query:6c3ac463-26bf-43a2-910f-660ed9f21eef,,2026-06-02T13:34:52+00:00,,,bach khoa,bach khoa,,com ga,under_50k,rating|distance,rating|distance,,store:28837,28837,Gà Tần Huyền Anh - Phở Xào & Cơm Rang - Quỳnh Mai,5,,,,4.7,173.0,,,,,"[{'source': 'menu', 'source_record_id': '1005079', 'field': 'menu_items', 'value': 'Phở xào mềm bò'}, {'source': 'menu', 'source_record_id': '1005080', 'field': 'menu_items', 'value': 'Phở xào giòn bò'}, {'source': 'menu', 'source_record_id': '1005081', 'field': 'menu_items', 'value': 'Phở xào giòn tim'}, {'source': 'review', 'source_record_id': 'tu_ed697290ea2a7085', 'field': 'text_units', 'value': 'Tên quán: Gà Tần Huyền Anh - Phở Xào & Cơm Rang - Quỳnh Mai\nNguồn: befood_comment\nRating người","tìm quán cơm gà gần Bách Khoa dưới 50k, ưu tiên rating cao",tim quan com ga gan bach khoa duoi 50k uu tien rating cao,"{""cuisine"": null, ""food"": ""com ga"", ""location"": ""bach khoa"", ""max_price"": 50000, ""normalized_query"": ""tim quan com ga gan bach khoa duoi 50k uu tien rating cao"", ""priority"": [""rating"", ""distance""], ""time_constraint"": null}",shown_candidate,false,2026-06-02T13:34:52+00:00
query:3a1ed486-e402-4bc7-8fe3-5d48fd74d389,,2026-06-02T13:34:53+00:00,,,bach khoa,bach khoa,,com ga,under_50k,rating|distance,rating|distance,,store:11471,11471,Thiên Trường - Phở Cồ & Cơm Gà Xối Mắm - Giải Phóng,1,,,,4.5,39.0,,,,,"khớp term: com, com ga; cách query 327m; rating 4.5; price_min 10000; opening_status=open","tìm quán cơm gà gần Bách Khoa dưới 50k, ưu tiên rating cao",tim quan com ga gan bach khoa duoi 50k uu tien rating cao,"{""cuisine"": null, ""food"": ""com ga"", ""location"": ""bach khoa"", ""max_price"": 50000, ""normalized_query"": ""tim quan com ga gan bach khoa duoi 50k uu tien rating cao"", ""priority"": [""rating"", ""distance""], ""time_constraint"": null}",shown_candidate,false,2026-06-02T13:34:53+00:00
query:3a1ed486-e402-4bc7-8fe3-5d48fd74d389,,2026-06-02T13:34:53+00:00,,,bach khoa,bach khoa,,com ga,under_50k,rating|distance,rating|distance,,store:25639,25639,Quán Mùa - Cơm Gà & Bún Miến Trộn - Tây Sơn,2,,,,4.6,562.0,,,,,"[{'source': 'menu', 'source_record_id': '867932', 'field': 'menu_items', 'value': 'Phở trộn bò và gà - 1 Coca cola'}, {'source': 'menu', 'source_record_id': '867933', 'field': 'menu_items', 'value': 'Miến trộn bò và gà - 1 coca cola'}, {'source': 'menu', 'source_record_id': '867935', 'field': 'menu_items', 'value': 'Bún trộn bò và gà - 1 Sprite'}, {'source': 'review', 'source_record_id': 'tu_15034de1df0b4e9a', 'field': 'text_units', 'value': 'Tên quán: Quán Mùa - Cơm Gà & Bún Miến Trộn - Tây Sơn","tìm quán cơm gà gần Bách Khoa dưới 50k, ưu tiên rating cao",tim quan com ga gan bach khoa duoi 50k uu tien rating cao,"{""cuisine"": null, ""food"": ""com ga"", ""location"": ""bach khoa"", ""max_price"": 50000, ""normalized_query"": ""tim quan com ga gan bach khoa duoi 50k uu tien rating cao"", ""priority"": [""rating"", ""distance""], ""time_constraint"": null}",shown_candidate,false,2026-06-02T13:34:53+00:00
query:3a1ed486-e402-4bc7-8fe3-5d48fd74d389,,2026-06-02T13:34:53+00:00,,,bach khoa,bach khoa,,com ga,under_50k,rating|distance,rating|distance,,store:40980,40980,Cơm Thố Bách Khoa - Lương Định Của,3,,,,4.8,310.0,,,,,"[{'source': 'menu', 'source_record_id': '9219335', 'field': 'menu_items', 'value': 'Cơm thố Gà - Trứng'}, {'source': 'menu', 'source_record_id': '2965481', 'field': 'menu_items', 'value': 'CƠM THỐ ĐẶC BIỆT'}, {'source': 'menu', 'source_record_id': '6410385', 'field': 'menu_items', 'value': 'CƠM THỐ MIX 2 vị'}, {'source': 'review', 'source_record_id': 'tu_c6fcefdfcd9d111c', 'field': 'text_units', 'value': 'Tên quán: Cơm Thố Bách Khoa - Lương Định Của\nNguồn: befood_comment\nRating người dùng: 4.8","tìm quán cơm gà gần Bách Khoa dưới 50k, ưu tiên rating cao",tim quan com ga gan bach khoa duoi 50k uu tien rating cao,"{""cuisine"": null, ""food"": ""com ga"", ""location"": ""bach khoa"", ""max_price"": 50000, ""normalized_query"": ""tim quan com ga gan bach khoa duoi 50k uu tien rating cao"", ""priority"": [""rating"", ""distance""], ""time_constraint"": null}",shown_candidate,false,2026-06-02T13:34:53+00:00
query:3a1ed486-e402-4bc7-8fe3-5d48fd74d389,,2026-06-02T13:34:53+00:00,,,bach khoa,bach khoa,,com ga,under_50k,rating|distance,rating|distance,,store:4486,4486,"Bento Delichi (by Cooky) - Cơm Gà Mắm Tỏi, Xối Mỡ - Xã Đàn",4,,,,4.7,2748.0,,,,,"khớp term: com, com ga, com van phong; cách query 595m; rating 4.7; price_min 8000; opening_status=open","tìm quán cơm gà gần Bách Khoa dưới 50k, ưu tiên rating cao",tim quan com ga gan bach khoa duoi 50k uu tien rating cao,"{""cuisine"": null, ""food"": ""com ga"", ""location"": ""bach khoa"", ""max_price"": 50000, ""normalized_query"": ""tim quan com ga gan bach khoa duoi 50k uu tien rating cao"", ""priority"": [""rating"", ""distance""], ""time_constraint"": null}",shown_candidate,false,2026-06-02T13:34:53+00:00
query:3a1ed486-e402-4bc7-8fe3-5d48fd74d389,,2026-06-02T13:34:53+00:00,,,bach khoa,bach khoa,,com ga,under_50k,rating|distance,rating|distance,,store:28837,28837,Gà Tần Huyền Anh - Phở Xào & Cơm Rang - Quỳnh Mai,5,,,,4.7,173.0,,,,,"[{'source': 'menu', 'source_record_id': '1005079', 'field': 'menu_items', 'value': 'Phở xào mềm bò'}, {'source': 'menu', 'source_record_id': '1005080', 'field': 'menu_items', 'value': 'Phở xào giòn bò'}, {'source': 'menu', 'source_record_id': '1005081', 'field': 'menu_items', 'value': 'Phở xào giòn tim'}, {'source': 'review', 'source_record_id': 'tu_ed697290ea2a7085', 'field': 'text_units', 'value': 'Tên quán: Gà Tần Huyền Anh - Phở Xào & Cơm Rang - Quỳnh Mai\nNguồn: befood_comment\nRating người","tìm quán cơm gà gần Bách Khoa dưới 50k, ưu tiên rating cao",tim quan com ga gan bach khoa duoi 50k uu tien rating cao,"{""cuisine"": null, ""food"": ""com ga"", ""location"": ""bach khoa"", ""max_price"": 50000, ""normalized_query"": ""tim quan com ga gan bach khoa duoi 50k uu tien rating cao"", ""priority"": [""rating"", ""distance""], ""time_constraint"": null}",shown_candidate,false,2026-06-02T13:34:53+00:00
query:73c87d51-2685-431a-8b6e-03c08537d21a,,2026-06-02T13:34:54+00:00,,,bach khoa,bach khoa,,com ga,under_50k,rating|distance,rating|distance,,store:11471,11471,Thiên Trường - Phở Cồ & Cơm Gà Xối Mắm - Giải Phóng,1,,,,4.5,39.0,,,,,"khớp term: com, com ga; cách query 327m; rating 4.5; price_min 10000; opening_status=open","tìm quán cơm gà gần Bách Khoa dưới 50k, ưu tiên rating cao",tim quan com ga gan bach khoa duoi 50k uu tien rating cao,"{""cuisine"": null, ""food"": ""com ga"", ""location"": ""bach khoa"", ""max_price"": 50000, ""normalized_query"": ""tim quan com ga gan bach khoa duoi 50k uu tien rating cao"", ""priority"": [""rating"", ""distance""], ""time_constraint"": null}",shown_candidate,false,2026-06-02T13:34:54+00:00
query:73c87d51-2685-431a-8b6e-03c08537d21a,,2026-06-02T13:34:54+00:00,,,bach khoa,bach khoa,,com ga,under_50k,rating|distance,rating|distance,,store:25639,25639,Quán Mùa - Cơm Gà & Bún Miến Trộn - Tây Sơn,2,,,,4.6,562.0,,,,,"[{'source': 'menu', 'source_record_id': '867932', 'field': 'menu_items', 'value': 'Phở trộn bò và gà - 1 Coca cola'}, {'source': 'menu', 'source_record_id': '867933', 'field': 'menu_items', 'value': 'Miến trộn bò và gà - 1 coca cola'}, {'source': 'menu', 'source_record_id': '867935', 'field': 'menu_items', 'value': 'Bún trộn bò và gà - 1 Sprite'}, {'source': 'review', 'source_record_id': 'tu_15034de1df0b4e9a', 'field': 'text_units', 'value': 'Tên quán: Quán Mùa - Cơm Gà & Bún Miến Trộn - Tây Sơn","tìm quán cơm gà gần Bách Khoa dưới 50k, ưu tiên rating cao",tim quan com ga gan bach khoa duoi 50k uu tien rating cao,"{""cuisine"": null, ""food"": ""com ga"", ""location"": ""bach khoa"", ""max_price"": 50000, ""normalized_query"": ""tim quan com ga gan bach khoa duoi 50k uu tien rating cao"", ""priority"": [""rating"", ""distance""], ""time_constraint"": null}",shown_candidate,false,2026-06-02T13:34:54+00:00
query:73c87d51-2685-431a-8b6e-03c08537d21a,,2026-06-02T13:34:54+00:00,,,bach khoa,bach khoa,,com ga,under_50k,rating|distance,rating|distance,,store:40980,40980,Cơm Thố Bách Khoa - Lương Định Của,3,,,,4.8,310.0,,,,,"[{'source': 'menu', 'source_record_id': '9219335', 'field': 'menu_items', 'value': 'Cơm thố Gà - Trứng'}, {'source': 'menu', 'source_record_id': '2965481', 'field': 'menu_items', 'value': 'CƠM THỐ ĐẶC BIỆT'}, {'source': 'menu', 'source_record_id': '6410385', 'field': 'menu_items', 'value': 'CƠM THỐ MIX 2 vị'}, {'source': 'review', 'source_record_id': 'tu_c6fcefdfcd9d111c', 'field': 'text_units', 'value': 'Tên quán: Cơm Thố Bách Khoa - Lương Định Của\nNguồn: befood_comment\nRating người dùng: 4.8","tìm quán cơm gà gần Bách Khoa dưới 50k, ưu tiên rating cao",tim quan com ga gan bach khoa duoi 50k uu tien rating cao,"{""cuisine"": null, ""food"": ""com ga"", ""location"": ""bach khoa"", ""max_price"": 50000, ""normalized_query"": ""tim quan com ga gan bach khoa duoi 50k uu tien rating cao"", ""priority"": [""rating"", ""distance""], ""time_constraint"": null}",shown_candidate,false,2026-06-02T13:34:54+00:00
query:73c87d51-2685-431a-8b6e-03c08537d21a,,2026-06-02T13:34:54+00:00,,,bach khoa,bach khoa,,com ga,under_50k,rating|distance,rating|distance,,store:4486,4486,"Bento Delichi (by Cooky) - Cơm Gà Mắm Tỏi, Xối Mỡ - Xã Đàn",4,,,,4.7,2748.0,,,,,"khớp term: com, com ga, com van phong; cách query 595m; rating 4.7; price_min 8000; opening_status=open","tìm quán cơm gà gần Bách Khoa dưới 50k, ưu tiên rating cao",tim quan com ga gan bach khoa duoi 50k uu tien rating cao,"{""cuisine"": null, ""food"": ""com ga"", ""location"": ""bach khoa"", ""max_price"": 50000, ""normalized_query"": ""tim quan com ga gan bach khoa duoi 50k uu tien rating cao"", ""priority"": [""rating"", ""distance""], ""time_constraint"": null}",shown_candidate,false,2026-06-02T13:34:54+00:00
query:73c87d51-2685-431a-8b6e-03c08537d21a,,2026-06-02T13:34:54+00:00,,,bach khoa,bach khoa,,com ga,under_50k,rating|distance,rating|distance,,store:28837,28837,Gà Tần Huyền Anh - Phở Xào & Cơm Rang - Quỳnh Mai,5,,,,4.7,173.0,,,,,"[{'source': 'menu', 'source_record_id': '1005079', 'field': 'menu_items', 'value': 'Phở xào mềm bò'}, {'source': 'menu', 'source_record_id': '1005080', 'field': 'menu_items', 'value': 'Phở xào giòn bò'}, {'source': 'menu', 'source_record_id': '1005081', 'field': 'menu_items', 'value': 'Phở xào giòn tim'}, {'source': 'review', 'source_record_id': 'tu_ed697290ea2a7085', 'field': 'text_units', 'value': 'Tên quán: Gà Tần Huyền Anh - Phở Xào & Cơm Rang - Quỳnh Mai\nNguồn: befood_comment\nRating người","tìm quán cơm gà gần Bách Khoa dưới 50k, ưu tiên rating cao",tim quan com ga gan bach khoa duoi 50k uu tien rating cao,"{""cuisine"": null, ""food"": ""com ga"", ""location"": ""bach khoa"", ""max_price"": 50000, ""normalized_query"": ""tim quan com ga gan bach khoa duoi 50k uu tien rating cao"", ""priority"": [""rating"", ""distance""], ""time_constraint"": null}",shown_candidate,false,2026-06-02T13:34:54+00:00
query:9ac40e9f-7fdf-464f-9fa8-b92067fea441,,2026-06-02T13:34:54+00:00,,,bach khoa,bach khoa,,com ga,under_50k,rating|distance,rating|distance,,store:11471,11471,Thiên Trường - Phở Cồ & Cơm Gà Xối Mắm - Giải Phóng,1,,,,4.5,39.0,,,,,"khớp term: com, com ga; cách query 327m; rating 4.5; price_min 10000; opening_status=open","tìm quán cơm gà gần Bách Khoa dưới 50k, ưu tiên rating cao",tim quan com ga gan bach khoa duoi 50k uu tien rating cao,"{""cuisine"": null, ""food"": ""com ga"", ""location"": ""bach khoa"", ""max_price"": 50000, ""normalized_query"": ""tim quan com ga gan bach khoa duoi 50k uu tien rating cao"", ""priority"": [""rating"", ""distance""], ""time_constraint"": null}",shown_candidate,false,2026-06-02T13:34:54+00:00
query:9ac40e9f-7fdf-464f-9fa8-b92067fea441,,2026-06-02T13:34:54+00:00,,,bach khoa,bach khoa,,com ga,under_50k,rating|distance,rating|distance,,store:25639,25639,Quán Mùa - Cơm Gà & Bún Miến Trộn - Tây Sơn,2,,,,4.6,562.0,,,,,"[{'source': 'menu', 'source_record_id': '867932', 'field': 'menu_items', 'value': 'Phở trộn bò và gà - 1 Coca cola'}, {'source': 'menu', 'source_record_id': '867933', 'field': 'menu_items', 'value': 'Miến trộn bò và gà - 1 coca cola'}, {'source': 'menu', 'source_record_id': '867935', 'field': 'menu_items', 'value': 'Bún trộn bò và gà - 1 Sprite'}, {'source': 'review', 'source_record_id': 'tu_15034de1df0b4e9a', 'field': 'text_units', 'value': 'Tên quán: Quán Mùa - Cơm Gà & Bún Miến Trộn - Tây Sơn","tìm quán cơm gà gần Bách Khoa dưới 50k, ưu tiên rating cao",tim quan com ga gan bach khoa duoi 50k uu tien rating cao,"{""cuisine"": null, ""food"": ""com ga"", ""location"": ""bach khoa"", ""max_price"": 50000, ""normalized_query"": ""tim quan com ga gan bach khoa duoi 50k uu tien rating cao"", ""priority"": [""rating"", ""distance""], ""time_constraint"": null}",shown_candidate,false,2026-06-02T13:34:54+00:00
query:9ac40e9f-7fdf-464f-9fa8-b92067fea441,,2026-06-02T13:34:54+00:00,,,bach khoa,bach khoa,,com ga,under_50k,rating|distance,rating|distance,,store:40980,40980,Cơm Thố Bách Khoa - Lương Định Của,3,,,,4.8,310.0,,,,,"[{'source': 'menu', 'source_record_id': '9219335', 'field': 'menu_items', 'value': 'Cơm thố Gà - Trứng'}, {'source': 'menu', 'source_record_id': '2965481', 'field': 'menu_items', 'value': 'CƠM THỐ ĐẶC BIỆT'}, {'source': 'menu', 'source_record_id': '6410385', 'field': 'menu_items', 'value': 'CƠM THỐ MIX 2 vị'}, {'source': 'review', 'source_record_id': 'tu_c6fcefdfcd9d111c', 'field': 'text_units', 'value': 'Tên quán: Cơm Thố Bách Khoa - Lương Định Của\nNguồn: befood_comment\nRating người dùng: 4.8","tìm quán cơm gà gần Bách Khoa dưới 50k, ưu tiên rating cao",tim quan com ga gan bach khoa duoi 50k uu tien rating cao,"{""cuisine"": null, ""food"": ""com ga"", ""location"": ""bach khoa"", ""max_price"": 50000, ""normalized_query"": ""tim quan com ga gan bach khoa duoi 50k uu tien rating cao"", ""priority"": [""rating"", ""distance""], ""time_constraint"": null}",shown_candidate,false,2026-06-02T13:34:54+00:00
query:9ac40e9f-7fdf-464f-9fa8-b92067fea441,,2026-06-02T13:34:54+00:00,,,bach khoa,bach khoa,,com ga,under_50k,rating|distance,rating|distance,,store:4486,4486,"Bento Delichi (by Cooky) - Cơm Gà Mắm Tỏi, Xối Mỡ - Xã Đàn",4,,,,4.7,2748.0,,,,,"khớp term: com, com ga, com van phong; cách query 595m; rating 4.7; price_min 8000; opening_status=open","tìm quán cơm gà gần Bách Khoa dưới 50k, ưu tiên rating cao",tim quan com ga gan bach khoa duoi 50k uu tien rating cao,"{""cuisine"": null, ""food"": ""com ga"", ""location"": ""bach khoa"", ""max_price"": 50000, ""normalized_query"": ""tim quan com ga gan bach khoa duoi 50k uu tien rating cao"", ""priority"": [""rating"", ""distance""], ""time_constraint"": null}",shown_candidate,false,2026-06-02T13:34:54+00:00
query:695a40d2-dc4b-459d-a77a-91b9de0495a9,,2026-06-02T13:34:54+00:00,,,bach khoa,bach khoa,,com ga,under_50k,rating|distance,rating|distance,,store:11471,11471,Thiên Trường - Phở Cồ & Cơm Gà Xối Mắm - Giải Phóng,1,,,,4.5,39.0,,,,,"khớp term: com, com ga; cách query 327m; rating 4.5; price_min 10000; opening_status=open","tìm quán cơm gà gần Bách Khoa dưới 50k, ưu tiên rating cao",tim quan com ga gan bach khoa duoi 50k uu tien rating cao,"{""cuisine"": null, ""food"": ""com ga"", ""location"": ""bach khoa"", ""max_price"": 50000, ""normalized_query"": ""tim quan com ga gan bach khoa duoi 50k uu tien rating cao"", ""priority"": [""rating"", ""distance""], ""time_constraint"": null}",shown_candidate,false,2026-06-02T13:34:54+00:00
query:9ac40e9f-7fdf-464f-9fa8-b92067fea441,,2026-06-02T13:34:54+00:00,,,bach khoa,bach khoa,,com ga,under_50k,rating|distance,rating|distance,,store:28837,28837,Gà Tần Huyền Anh - Phở Xào & Cơm Rang - Quỳnh Mai,5,,,,4.7,173.0,,,,,"[{'source': 'menu', 'source_record_id': '1005079', 'field': 'menu_items', 'value': 'Phở xào mềm bò'}, {'source': 'menu', 'source_record_id': '1005080', 'field': 'menu_items', 'value': 'Phở xào giòn bò'}, {'source': 'menu', 'source_record_id': '1005081', 'field': 'menu_items', 'value': 'Phở xào giòn tim'}, {'source': 'review', 'source_record_id': 'tu_ed697290ea2a7085', 'field': 'text_units', 'value': 'Tên quán: Gà Tần Huyền Anh - Phở Xào & Cơm Rang - Quỳnh Mai\nNguồn: befood_comment\nRating người","tìm quán cơm gà gần Bách Khoa dưới 50k, ưu tiên rating cao",tim quan com ga gan bach khoa duoi 50k uu tien rating cao,"{""cuisine"": null, ""food"": ""com ga"", ""location"": ""bach khoa"", ""max_price"": 50000, ""normalized_query"": ""tim quan com ga gan bach khoa duoi 50k uu tien rating cao"", ""priority"": [""rating"", ""distance""], ""time_constraint"": null}",shown_candidate,false,2026-06-02T13:34:54+00:00
query:695a40d2-dc4b-459d-a77a-91b9de0495a9,,2026-06-02T13:34:54+00:00,,,bach khoa,bach khoa,,com ga,under_50k,rating|distance,rating|distance,,store:25639,25639,Quán Mùa - Cơm Gà & Bún Miến Trộn - Tây Sơn,2,,,,4.6,562.0,,,,,"[{'source': 'menu', 'source_record_id': '867932', 'field': 'menu_items', 'value': 'Phở trộn bò và gà - 1 Coca cola'}, {'source': 'menu', 'source_record_id': '867933', 'field': 'menu_items', 'value': 'Miến trộn bò và gà - 1 coca cola'}, {'source': 'menu', 'source_record_id': '867935', 'field': 'menu_items', 'value': 'Bún trộn bò và gà - 1 Sprite'}, {'source': 'review', 'source_record_id': 'tu_15034de1df0b4e9a', 'field': 'text_units', 'value': 'Tên quán: Quán Mùa - Cơm Gà & Bún Miến Trộn - Tây Sơn","tìm quán cơm gà gần Bách Khoa dưới 50k, ưu tiên rating cao",tim quan com ga gan bach khoa duoi 50k uu tien rating cao,"{""cuisine"": null, ""food"": ""com ga"", ""location"": ""bach khoa"", ""max_price"": 50000, ""normalized_query"": ""tim quan com ga gan bach khoa duoi 50k uu tien rating cao"", ""priority"": [""rating"", ""distance""], ""time_constraint"": null}",shown_candidate,false,2026-06-02T13:34:54+00:00
query:695a40d2-dc4b-459d-a77a-91b9de0495a9,,2026-06-02T13:34:54+00:00,,,bach khoa,bach khoa,,com ga,under_50k,rating|distance,rating|distance,,store:40980,40980,Cơm Thố Bách Khoa - Lương Định Của,3,,,,4.8,310.0,,,,,"[{'source': 'menu', 'source_record_id': '9219335', 'field': 'menu_items', 'value': 'Cơm thố Gà - Trứng'}, {'source': 'menu', 'source_record_id': '2965481', 'field': 'menu_items', 'value': 'CƠM THỐ ĐẶC BIỆT'}, {'source': 'menu', 'source_record_id': '6410385', 'field': 'menu_items', 'value': 'CƠM THỐ MIX 2 vị'}, {'source': 'review', 'source_record_id': 'tu_c6fcefdfcd9d111c', 'field': 'text_units', 'value': 'Tên quán: Cơm Thố Bách Khoa - Lương Định Của\nNguồn: befood_comment\nRating người dùng: 4.8","tìm quán cơm gà gần Bách Khoa dưới 50k, ưu tiên rating cao",tim quan com ga gan bach khoa duoi 50k uu tien rating cao,"{""cuisine"": null, ""food"": ""com ga"", ""location"": ""bach khoa"", ""max_price"": 50000, ""normalized_query"": ""tim quan com ga gan bach khoa duoi 50k uu tien rating cao"", ""priority"": [""rating"", ""distance""], ""time_constraint"": null}",shown_candidate,false,2026-06-02T13:34:54+00:00
query:695a40d2-dc4b-459d-a77a-91b9de0495a9,,2026-06-02T13:34:54+00:00,,,bach khoa,bach khoa,,com ga,under_50k,rating|distance,rating|distance,,store:4486,4486,"Bento Delichi (by Cooky) - Cơm Gà Mắm Tỏi, Xối Mỡ - Xã Đàn",4,,,,4.7,2748.0,,,,,"khớp term: com, com ga, com van phong; cách query 595m; rating 4.7; price_min 8000; opening_status=open","tìm quán cơm gà gần Bách Khoa dưới 50k, ưu tiên rating cao",tim quan com ga gan bach khoa duoi 50k uu tien rating cao,"{""cuisine"": null, ""food"": ""com ga"", ""location"": ""bach khoa"", ""max_price"": 50000, ""normalized_query"": ""tim quan com ga gan bach khoa duoi 50k uu tien rating cao"", ""priority"": [""rating"", ""distance""], ""time_constraint"": null}",shown_candidate,false,2026-06-02T13:34:54+00:00
query:695a40d2-dc4b-459d-a77a-91b9de0495a9,,2026-06-02T13:34:54+00:00,,,bach khoa,bach khoa,,com ga,under_50k,rating|distance,rating|distance,,store:28837,28837,Gà Tần Huyền Anh - Phở Xào & Cơm Rang - Quỳnh Mai,5,,,,4.7,173.0,,,,,"[{'source': 'menu', 'source_record_id': '1005079', 'field': 'menu_items', 'value': 'Phở xào mềm bò'}, {'source': 'menu', 'source_record_id': '1005080', 'field': 'menu_items', 'value': 'Phở xào giòn bò'}, {'source': 'menu', 'source_record_id': '1005081', 'field': 'menu_items', 'value': 'Phở xào giòn tim'}, {'source': 'review', 'source_record_id': 'tu_ed697290ea2a7085', 'field': 'text_units', 'value': 'Tên quán: Gà Tần Huyền Anh - Phở Xào & Cơm Rang - Quỳnh Mai\nNguồn: befood_comment\nRating người","tìm quán cơm gà gần Bách Khoa dưới 50k, ưu tiên rating cao",tim quan com ga gan bach khoa duoi 50k uu tien rating cao,"{""cuisine"": null, ""food"": ""com ga"", ""location"": ""bach khoa"", ""max_price"": 50000, ""normalized_query"": ""tim quan com ga gan bach khoa duoi 50k uu tien rating cao"", ""priority"": [""rating"", ""distance""], ""time_constraint"": null}",shown_candidate,false,2026-06-02T13:34:54+00:00
query:35a68b41-3770-477d-9186-b514feec02b0,,2026-06-02T13:35:04+00:00,,,bach khoa,bach khoa,,com ga,under_50k,distance,distance,,store:25639,25639,Quán Mùa - Cơm Gà & Bún Miến Trộn - Tây Sơn,1,,,,4.6,562.0,,,,,"[{'source': 'menu', 'source_record_id': '867932', 'field': 'menu_items', 'value': 'Phở trộn bò và gà - 1 Coca cola'}, {'source': 'menu', 'source_record_id': '867933', 'field': 'menu_items', 'value': 'Miến trộn bò và gà - 1 coca cola'}, {'source': 'menu', 'source_record_id': '867935', 'field': 'menu_items', 'value': 'Bún trộn bò và gà - 1 Sprite'}, {'source': 'review', 'source_record_id': 'tu_15034de1df0b4e9a', 'field': 'text_units', 'value': 'Tên quán: Quán Mùa - Cơm Gà & Bún Miến Trộn - Tây Sơn",tìm quán cơm gà gần Bách Khoa dưới 50k,tim quan com ga gan bach khoa duoi 50k,"{""cuisine"": null, ""food"": ""com ga"", ""location"": ""bach khoa"", ""max_price"": 50000, ""normalized_query"": ""tim quan com ga gan bach khoa duoi 50k"", ""priority"": [""distance""], ""time_constraint"": null}",shown_candidate,false,2026-06-02T13:35:04+00:00
query:35a68b41-3770-477d-9186-b514feec02b0,,2026-06-02T13:35:04+00:00,,,bach khoa,bach khoa,,com ga,under_50k,distance,distance,,store:40980,40980,Cơm Thố Bách Khoa - Lương Định Của,2,,,,4.8,310.0,,,,,"[{'source': 'menu', 'source_record_id': '9219335', 'field': 'menu_items', 'value': 'Cơm thố Gà - Trứng'}, {'source': 'menu', 'source_record_id': '2965481', 'field': 'menu_items', 'value': 'CƠM THỐ ĐẶC BIỆT'}, {'source': 'menu', 'source_record_id': '6410385', 'field': 'menu_items', 'value': 'CƠM THỐ MIX 2 vị'}, {'source': 'review', 'source_record_id': 'tu_c6fcefdfcd9d111c', 'field': 'text_units', 'value': 'Tên quán: Cơm Thố Bách Khoa - Lương Định Của\nNguồn: befood_comment\nRating người dùng: 4.8",tìm quán cơm gà gần Bách Khoa dưới 50k,tim quan com ga gan bach khoa duoi 50k,"{""cuisine"": null, ""food"": ""com ga"", ""location"": ""bach khoa"", ""max_price"": 50000, ""normalized_query"": ""tim quan com ga gan bach khoa duoi 50k"", ""priority"": [""distance""], ""time_constraint"": null}",shown_candidate,false,2026-06-02T13:35:04+00:00
query:35a68b41-3770-477d-9186-b514feec02b0,,2026-06-02T13:35:04+00:00,,,bach khoa,bach khoa,,com ga,under_50k,distance,distance,,store:11471,11471,Thiên Trường - Phở Cồ & Cơm Gà Xối Mắm - Giải Phóng,3,,,,4.5,39.0,,,,,"khớp term: com, com ga; cách query 327m; rating 4.5; price_min 10000; opening_status=open",tìm quán cơm gà gần Bách Khoa dưới 50k,tim quan com ga gan bach khoa duoi 50k,"{""cuisine"": null, ""food"": ""com ga"", ""location"": ""bach khoa"", ""max_price"": 50000, ""normalized_query"": ""tim quan com ga gan bach khoa duoi 50k"", ""priority"": [""distance""], ""time_constraint"": null}",shown_candidate,false,2026-06-02T13:35:04+00:00
query:35a68b41-3770-477d-9186-b514feec02b0,,2026-06-02T13:35:04+00:00,,,bach khoa,bach khoa,,com ga,under_50k,distance,distance,,store:4486,4486,"Bento Delichi (by Cooky) - Cơm Gà Mắm Tỏi, Xối Mỡ - Xã Đàn",4,,,,4.7,2748.0,,,,,"khớp term: com, com ga, com van phong; cách query 595m; rating 4.7; price_min 8000; opening_status=open",tìm quán cơm gà gần Bách Khoa dưới 50k,tim quan com ga gan bach khoa duoi 50k,"{""cuisine"": null, ""food"": ""com ga"", ""location"": ""bach khoa"", ""max_price"": 50000, ""normalized_query"": ""tim quan com ga gan bach khoa duoi 50k"", ""priority"": [""distance""], ""time_constraint"": null}",shown_candidate,false,2026-06-02T13:35:04+00:00
query:35a68b41-3770-477d-9186-b514feec02b0,,2026-06-02T13:35:04+00:00,,,bach khoa,bach khoa,,com ga,under_50k,distance,distance,,store:128372,128372,Cơm BomPi - Gà & Xá Xíu - Trường Chinh,5,,,,4.3,8.0,,,,,"[{'source': 'menu', 'source_record_id': '11237130', 'field': 'menu_items', 'value': 'Cơm gà xá xíu'}, {'source': 'menu', 'source_record_id': '11237131', 'field': 'menu_items', 'value': 'Cơm heo xá xíu'}, {'source': 'menu', 'source_record_id': '11237132', 'field': 'menu_items', 'value': 'Cơm gà bompi'}, {'source': 'review', 'source_record_id': 'tu_9a81d1a4bf13121f', 'field': 'text_units', 'value': 'Tên quán: Cơm BomPi - Gà & Xá Xíu - Trường Chinh\nNguồn: befood_comment\nRating người dùng: 4.3\nSe",tìm quán cơm gà gần Bách Khoa dưới 50k,tim quan com ga gan bach khoa duoi 50k,"{""cuisine"": null, ""food"": ""com ga"", ""location"": ""bach khoa"", ""max_price"": 50000, ""normalized_query"": ""tim quan com ga gan bach khoa duoi 50k"", ""priority"": [""distance""], ""time_constraint"": null}",shown_candidate,false,2026-06-02T13:35:04+00:00
query:7cce69e5-f8b8-4ba7-bb61-e2960f55b5b9,,2026-06-02T13:35:05+00:00,,,bach khoa,bach khoa,,com ga,under_50k,distance,distance,,store:25639,25639,Quán Mùa - Cơm Gà & Bún Miến Trộn - Tây Sơn,1,,,,4.6,562.0,,,,,"[{'source': 'menu', 'source_record_id': '867932', 'field': 'menu_items', 'value': 'Phở trộn bò và gà - 1 Coca cola'}, {'source': 'menu', 'source_record_id': '867933', 'field': 'menu_items', 'value': 'Miến trộn bò và gà - 1 coca cola'}, {'source': 'menu', 'source_record_id': '867935', 'field': 'menu_items', 'value': 'Bún trộn bò và gà - 1 Sprite'}, {'source': 'review', 'source_record_id': 'tu_15034de1df0b4e9a', 'field': 'text_units', 'value': 'Tên quán: Quán Mùa - Cơm Gà & Bún Miến Trộn - Tây Sơn",tìm quán cơm gà gần Bách Khoa dưới 50k,tim quan com ga gan bach khoa duoi 50k,"{""cuisine"": null, ""food"": ""com ga"", ""location"": ""bach khoa"", ""max_price"": 50000, ""normalized_query"": ""tim quan com ga gan bach khoa duoi 50k"", ""priority"": [""distance""], ""time_constraint"": null}",shown_candidate,false,2026-06-02T13:35:05+00:00
query:7cce69e5-f8b8-4ba7-bb61-e2960f55b5b9,,2026-06-02T13:35:05+00:00,,,bach khoa,bach khoa,,com ga,under_50k,distance,distance,,store:40980,40980,Cơm Thố Bách Khoa - Lương Định Của,2,,,,4.8,310.0,,,,,"[{'source': 'menu', 'source_record_id': '9219335', 'field': 'menu_items', 'value': 'Cơm thố Gà - Trứng'}, {'source': 'menu', 'source_record_id': '2965481', 'field': 'menu_items', 'value': 'CƠM THỐ ĐẶC BIỆT'}, {'source': 'menu', 'source_record_id': '6410385', 'field': 'menu_items', 'value': 'CƠM THỐ MIX 2 vị'}, {'source': 'review', 'source_record_id': 'tu_c6fcefdfcd9d111c', 'field': 'text_units', 'value': 'Tên quán: Cơm Thố Bách Khoa - Lương Định Của\nNguồn: befood_comment\nRating người dùng: 4.8",tìm quán cơm gà gần Bách Khoa dưới 50k,tim quan com ga gan bach khoa duoi 50k,"{""cuisine"": null, ""food"": ""com ga"", ""location"": ""bach khoa"", ""max_price"": 50000, ""normalized_query"": ""tim quan com ga gan bach khoa duoi 50k"", ""priority"": [""distance""], ""time_constraint"": null}",shown_candidate,false,2026-06-02T13:35:05+00:00
query:7cce69e5-f8b8-4ba7-bb61-e2960f55b5b9,,2026-06-02T13:35:05+00:00,,,bach khoa,bach khoa,,com ga,under_50k,distance,distance,,store:11471,11471,Thiên Trường - Phở Cồ & Cơm Gà Xối Mắm - Giải Phóng,3,,,,4.5,39.0,,,,,"khớp term: com, com ga; cách query 327m; rating 4.5; price_min 10000; opening_status=open",tìm quán cơm gà gần Bách Khoa dưới 50k,tim quan com ga gan bach khoa duoi 50k,"{""cuisine"": null, ""food"": ""com ga"", ""location"": ""bach khoa"", ""max_price"": 50000, ""normalized_query"": ""tim quan com ga gan bach khoa duoi 50k"", ""priority"": [""distance""], ""time_constraint"": null}",shown_candidate,false,2026-06-02T13:35:05+00:00
query:7cce69e5-f8b8-4ba7-bb61-e2960f55b5b9,,2026-06-02T13:35:05+00:00,,,bach khoa,bach khoa,,com ga,under_50k,distance,distance,,store:4486,4486,"Bento Delichi (by Cooky) - Cơm Gà Mắm Tỏi, Xối Mỡ - Xã Đàn",4,,,,4.7,2748.0,,,,,"khớp term: com, com ga, com van phong; cách query 595m; rating 4.7; price_min 8000; opening_status=open",tìm quán cơm gà gần Bách Khoa dưới 50k,tim quan com ga gan bach khoa duoi 50k,"{""cuisine"": null, ""food"": ""com ga"", ""location"": ""bach khoa"", ""max_price"": 50000, ""normalized_query"": ""tim quan com ga gan bach khoa duoi 50k"", ""priority"": [""distance""], ""time_constraint"": null}",shown_candidate,false,2026-06-02T13:35:05+00:00
query:7cce69e5-f8b8-4ba7-bb61-e2960f55b5b9,,2026-06-02T13:35:05+00:00,,,bach khoa,bach khoa,,com ga,under_50k,distance,distance,,store:128372,128372,Cơm BomPi - Gà & Xá Xíu - Trường Chinh,5,,,,4.3,8.0,,,,,"[{'source': 'menu', 'source_record_id': '11237130', 'field': 'menu_items', 'value': 'Cơm gà xá xíu'}, {'source': 'menu', 'source_record_id': '11237131', 'field': 'menu_items', 'value': 'Cơm heo xá xíu'}, {'source': 'menu', 'source_record_id': '11237132', 'field': 'menu_items', 'value': 'Cơm gà bompi'}, {'source': 'review', 'source_record_id': 'tu_9a81d1a4bf13121f', 'field': 'text_units', 'value': 'Tên quán: Cơm BomPi - Gà & Xá Xíu - Trường Chinh\nNguồn: befood_comment\nRating người dùng: 4.3\nSe",tìm quán cơm gà gần Bách Khoa dưới 50k,tim quan com ga gan bach khoa duoi 50k,"{""cuisine"": null, ""food"": ""com ga"", ""location"": ""bach khoa"", ""max_price"": 50000, ""normalized_query"": ""tim quan com ga gan bach khoa duoi 50k"", ""priority"": [""distance""], ""time_constraint"": null}",shown_candidate,false,2026-06-02T13:35:05+00:00
query:19ee5d6f-40c8-490d-ace7-9b3b245845f4,,2026-06-02T15:01:56+00:00,,,bach khoa,bach khoa,,com ga,under_50k,rating|distance,rating|distance,,store:11471,11471,Thiên Trường - Phở Cồ & Cơm Gà Xối Mắm - Giải Phóng,1,,,,4.5,39.0,,,,,"khớp term: com, com ga; cách query 327m; rating 4.5; price_min 10000; opening_status=open","tìm quán cơm gà gần Bách Khoa dưới 50k, ưu tiên rating cao",tim quan com ga gan bach khoa duoi 50k uu tien rating cao,"{""cuisine"": null, ""food"": ""com ga"", ""location"": ""bach khoa"", ""max_price"": 50000, ""normalized_query"": ""tim quan com ga gan bach khoa duoi 50k uu tien rating cao"", ""priority"": [""rating"", ""distance""], ""time_constraint"": null}",shown_candidate,false,2026-06-02T15:01:56+00:00
query:19ee5d6f-40c8-490d-ace7-9b3b245845f4,,2026-06-02T15:01:56+00:00,,,bach khoa,bach khoa,,com ga,under_50k,rating|distance,rating|distance,,store:25639,25639,Quán Mùa - Cơm Gà & Bún Miến Trộn - Tây Sơn,2,,,,4.6,562.0,,,,,"[{'source': 'menu', 'source_record_id': '867932', 'field': 'menu_items', 'value': 'Phở trộn bò và gà - 1 Coca cola'}, {'source': 'menu', 'source_record_id': '867933', 'field': 'menu_items', 'value': 'Miến trộn bò và gà - 1 coca cola'}, {'source': 'menu', 'source_record_id': '867935', 'field': 'menu_items', 'value': 'Bún trộn bò và gà - 1 Sprite'}, {'source': 'review', 'source_record_id': 'tu_15034de1df0b4e9a', 'field': 'text_units', 'value': 'Tên quán: Quán Mùa - Cơm Gà & Bún Miến Trộn - Tây Sơn","tìm quán cơm gà gần Bách Khoa dưới 50k, ưu tiên rating cao",tim quan com ga gan bach khoa duoi 50k uu tien rating cao,"{""cuisine"": null, ""food"": ""com ga"", ""location"": ""bach khoa"", ""max_price"": 50000, ""normalized_query"": ""tim quan com ga gan bach khoa duoi 50k uu tien rating cao"", ""priority"": [""rating"", ""distance""], ""time_constraint"": null}",shown_candidate,false,2026-06-02T15:01:56+00:00
query:19ee5d6f-40c8-490d-ace7-9b3b245845f4,,2026-06-02T15:01:56+00:00,,,bach khoa,bach khoa,,com ga,under_50k,rating|distance,rating|distance,,store:40980,40980,Cơm Thố Bách Khoa - Lương Định Của,3,,,,4.8,310.0,,,,,"[{'source': 'menu', 'source_record_id': '9219335', 'field': 'menu_items', 'value': 'Cơm thố Gà - Trứng'}, {'source': 'menu', 'source_record_id': '2965481', 'field': 'menu_items', 'value': 'CƠM THỐ ĐẶC BIỆT'}, {'source': 'menu', 'source_record_id': '6410385', 'field': 'menu_items', 'value': 'CƠM THỐ MIX 2 vị'}, {'source': 'review', 'source_record_id': 'tu_c6fcefdfcd9d111c', 'field': 'text_units', 'value': 'Tên quán: Cơm Thố Bách Khoa - Lương Định Của\nNguồn: befood_comment\nRating người dùng: 4.8","tìm quán cơm gà gần Bách Khoa dưới 50k, ưu tiên rating cao",tim quan com ga gan bach khoa duoi 50k uu tien rating cao,"{""cuisine"": null, ""food"": ""com ga"", ""location"": ""bach khoa"", ""max_price"": 50000, ""normalized_query"": ""tim quan com ga gan bach khoa duoi 50k uu tien rating cao"", ""priority"": [""rating"", ""distance""], ""time_constraint"": null}",shown_candidate,false,2026-06-02T15:01:56+00:00
query:19ee5d6f-40c8-490d-ace7-9b3b245845f4,,2026-06-02T15:01:56+00:00,,,bach khoa,bach khoa,,com ga,under_50k,rating|distance,rating|distance,,store:4486,4486,"Bento Delichi (by Cooky) - Cơm Gà Mắm Tỏi, Xối Mỡ - Xã Đàn",4,,,,4.7,2748.0,,,,,"khớp term: com, com ga, com van phong; cách query 595m; rating 4.7; price_min 8000; opening_status=open","tìm quán cơm gà gần Bách Khoa dưới 50k, ưu tiên rating cao",tim quan com ga gan bach khoa duoi 50k uu tien rating cao,"{""cuisine"": null, ""food"": ""com ga"", ""location"": ""bach khoa"", ""max_price"": 50000, ""normalized_query"": ""tim quan com ga gan bach khoa duoi 50k uu tien rating cao"", ""priority"": [""rating"", ""distance""], ""time_constraint"": null}",shown_candidate,false,2026-06-02T15:01:56+00:00
query:19ee5d6f-40c8-490d-ace7-9b3b245845f4,,2026-06-02T15:01:57+00:00,,,bach khoa,bach khoa,,com ga,under_50k,rating|distance,rating|distance,,store:28837,28837,Gà Tần Huyền Anh - Phở Xào & Cơm Rang - Quỳnh Mai,5,,,,4.7,173.0,,,,,"[{'source': 'menu', 'source_record_id': '1005079', 'field': 'menu_items', 'value': 'Phở xào mềm bò'}, {'source': 'menu', 'source_record_id': '1005080', 'field': 'menu_items', 'value': 'Phở xào giòn bò'}, {'source': 'menu', 'source_record_id': '1005081', 'field': 'menu_items', 'value': 'Phở xào giòn tim'}, {'source': 'review', 'source_record_id': 'tu_ed697290ea2a7085', 'field': 'text_units', 'value': 'Tên quán: Gà Tần Huyền Anh - Phở Xào & Cơm Rang - Quỳnh Mai\nNguồn: befood_comment\nRating người","tìm quán cơm gà gần Bách Khoa dưới 50k, ưu tiên rating cao",tim quan com ga gan bach khoa duoi 50k uu tien rating cao,"{""cuisine"": null, ""food"": ""com ga"", ""location"": ""bach khoa"", ""max_price"": 50000, ""normalized_query"": ""tim quan com ga gan bach khoa duoi 50k uu tien rating cao"", ""priority"": [""rating"", ""distance""], ""time_constraint"": null}",shown_candidate,false,2026-06-02T15:01:57+00:00
query:01381781-56b4-4b22-9d4e-356ffed52396,,2026-06-02T15:02:18+00:00,,,bach khoa,bach khoa,,com ga,under_50k,rating|distance,rating|distance,,store:11471,11471,Thiên Trường - Phở Cồ & Cơm Gà Xối Mắm - Giải Phóng,1,,,,4.5,39.0,,,,,"khớp term: com, com ga; cách query 327m; rating 4.5; price_min 10000; opening_status=open","tìm quán cơm gà gần Bách Khoa dưới 50k, ưu tiên rating cao",tim quan com ga gan bach khoa duoi 50k uu tien rating cao,"{""cuisine"": null, ""food"": ""com ga"", ""location"": ""bach khoa"", ""max_price"": 50000, ""normalized_query"": ""tim quan com ga gan bach khoa duoi 50k uu tien rating cao"", ""priority"": [""rating"", ""distance""], ""time_constraint"": null}",shown_candidate,false,2026-06-02T15:02:18+00:00
query:01381781-56b4-4b22-9d4e-356ffed52396,,2026-06-02T15:02:18+00:00,,,bach khoa,bach khoa,,com ga,under_50k,rating|distance,rating|distance,,store:25639,25639,Quán Mùa - Cơm Gà & Bún Miến Trộn - Tây Sơn,2,,,,4.6,562.0,,,,,"[{'source': 'menu', 'source_record_id': '867932', 'field': 'menu_items', 'value': 'Phở trộn bò và gà - 1 Coca cola'}, {'source': 'menu', 'source_record_id': '867933', 'field': 'menu_items', 'value': 'Miến trộn bò và gà - 1 coca cola'}, {'source': 'menu', 'source_record_id': '867935', 'field': 'menu_items', 'value': 'Bún trộn bò và gà - 1 Sprite'}, {'source': 'review', 'source_record_id': 'tu_15034de1df0b4e9a', 'field': 'text_units', 'value': 'Tên quán: Quán Mùa - Cơm Gà & Bún Miến Trộn - Tây Sơn","tìm quán cơm gà gần Bách Khoa dưới 50k, ưu tiên rating cao",tim quan com ga gan bach khoa duoi 50k uu tien rating cao,"{""cuisine"": null, ""food"": ""com ga"", ""location"": ""bach khoa"", ""max_price"": 50000, ""normalized_query"": ""tim quan com ga gan bach khoa duoi 50k uu tien rating cao"", ""priority"": [""rating"", ""distance""], ""time_constraint"": null}",shown_candidate,false,2026-06-02T15:02:18+00:00
query:01381781-56b4-4b22-9d4e-356ffed52396,,2026-06-02T15:02:18+00:00,,,bach khoa,bach khoa,,com ga,under_50k,rating|distance,rating|distance,,store:40980,40980,Cơm Thố Bách Khoa - Lương Định Của,3,,,,4.8,310.0,,,,,"[{'source': 'menu', 'source_record_id': '9219335', 'field': 'menu_items', 'value': 'Cơm thố Gà - Trứng'}, {'source': 'menu', 'source_record_id': '2965481', 'field': 'menu_items', 'value': 'CƠM THỐ ĐẶC BIỆT'}, {'source': 'menu', 'source_record_id': '6410385', 'field': 'menu_items', 'value': 'CƠM THỐ MIX 2 vị'}, {'source': 'review', 'source_record_id': 'tu_c6fcefdfcd9d111c', 'field': 'text_units', 'value': 'Tên quán: Cơm Thố Bách Khoa - Lương Định Của\nNguồn: befood_comment\nRating người dùng: 4.8","tìm quán cơm gà gần Bách Khoa dưới 50k, ưu tiên rating cao",tim quan com ga gan bach khoa duoi 50k uu tien rating cao,"{""cuisine"": null, ""food"": ""com ga"", ""location"": ""bach khoa"", ""max_price"": 50000, ""normalized_query"": ""tim quan com ga gan bach khoa duoi 50k uu tien rating cao"", ""priority"": [""rating"", ""distance""], ""time_constraint"": null}",shown_candidate,false,2026-06-02T15:02:18+00:00
query:01381781-56b4-4b22-9d4e-356ffed52396,,2026-06-02T15:02:18+00:00,,,bach khoa,bach khoa,,com ga,under_50k,rating|distance,rating|distance,,store:4486,4486,"Bento Delichi (by Cooky) - Cơm Gà Mắm Tỏi, Xối Mỡ - Xã Đàn",4,,,,4.7,2748.0,,,,,"khớp term: com, com ga, com van phong; cách query 595m; rating 4.7; price_min 8000; opening_status=open","tìm quán cơm gà gần Bách Khoa dưới 50k, ưu tiên rating cao",tim quan com ga gan bach khoa duoi 50k uu tien rating cao,"{""cuisine"": null, ""food"": ""com ga"", ""location"": ""bach khoa"", ""max_price"": 50000, ""normalized_query"": ""tim quan com ga gan bach khoa duoi 50k uu tien rating cao"", ""priority"": [""rating"", ""distance""], ""time_constraint"": null}",shown_candidate,false,2026-06-02T15:02:18+00:00
query:01381781-56b4-4b22-9d4e-356ffed52396,,2026-06-02T15:02:18+00:00,,,bach khoa,bach khoa,,com ga,under_50k,rating|distance,rating|distance,,store:28837,28837,Gà Tần Huyền Anh - Phở Xào & Cơm Rang - Quỳnh Mai,5,,,,4.7,173.0,,,,,"[{'source': 'menu', 'source_record_id': '1005079', 'field': 'menu_items', 'value': 'Phở xào mềm bò'}, {'source': 'menu', 'source_record_id': '1005080', 'field': 'menu_items', 'value': 'Phở xào giòn bò'}, {'source': 'menu', 'source_record_id': '1005081', 'field': 'menu_items', 'value': 'Phở xào giòn tim'}, {'source': 'review', 'source_record_id': 'tu_ed697290ea2a7085', 'field': 'text_units', 'value': 'Tên quán: Gà Tần Huyền Anh - Phở Xào & Cơm Rang - Quỳnh Mai\nNguồn: befood_comment\nRating người","tìm quán cơm gà gần Bách Khoa dưới 50k, ưu tiên rating cao",tim quan com ga gan bach khoa duoi 50k uu tien rating cao,"{""cuisine"": null, ""food"": ""com ga"", ""location"": ""bach khoa"", ""max_price"": 50000, ""normalized_query"": ""tim quan com ga gan bach khoa duoi 50k uu tien rating cao"", ""priority"": [""rating"", ""distance""], ""time_constraint"": null}",shown_candidate,false,2026-06-02T15:02:18+00:00
query:ed5b2bb3-e10f-4c68-b4bc-66bcb349f1b1,,2026-06-02T15:02:23+00:00,,,bach khoa,bach khoa,,com ga,under_50k,rating|distance,rating|distance,,store:11471,11471,Thiên Trường - Phở Cồ & Cơm Gà Xối Mắm - Giải Phóng,1,,,,4.5,39.0,,,,,"khớp term: com, com ga; cách query 327m; rating 4.5; price_min 10000; opening_status=open","tìm quán cơm gà gần Bách Khoa dưới 50k, ưu tiên rating cao",tim quan com ga gan bach khoa duoi 50k uu tien rating cao,"{""cuisine"": null, ""food"": ""com ga"", ""location"": ""bach khoa"", ""max_price"": 50000, ""normalized_query"": ""tim quan com ga gan bach khoa duoi 50k uu tien rating cao"", ""priority"": [""rating"", ""distance""], ""time_constraint"": null}",shown_candidate,false,2026-06-02T15:02:23+00:00
query:ed5b2bb3-e10f-4c68-b4bc-66bcb349f1b1,,2026-06-02T15:02:23+00:00,,,bach khoa,bach khoa,,com ga,under_50k,rating|distance,rating|distance,,store:25639,25639,Quán Mùa - Cơm Gà & Bún Miến Trộn - Tây Sơn,2,,,,4.6,562.0,,,,,"[{'source': 'menu', 'source_record_id': '867932', 'field': 'menu_items', 'value': 'Phở trộn bò và gà - 1 Coca cola'}, {'source': 'menu', 'source_record_id': '867933', 'field': 'menu_items', 'value': 'Miến trộn bò và gà - 1 coca cola'}, {'source': 'menu', 'source_record_id': '867935', 'field': 'menu_items', 'value': 'Bún trộn bò và gà - 1 Sprite'}, {'source': 'review', 'source_record_id': 'tu_15034de1df0b4e9a', 'field': 'text_units', 'value': 'Tên quán: Quán Mùa - Cơm Gà & Bún Miến Trộn - Tây Sơn","tìm quán cơm gà gần Bách Khoa dưới 50k, ưu tiên rating cao",tim quan com ga gan bach khoa duoi 50k uu tien rating cao,"{""cuisine"": null, ""food"": ""com ga"", ""location"": ""bach khoa"", ""max_price"": 50000, ""normalized_query"": ""tim quan com ga gan bach khoa duoi 50k uu tien rating cao"", ""priority"": [""rating"", ""distance""], ""time_constraint"": null}",shown_candidate,false,2026-06-02T15:02:23+00:00
query:ed5b2bb3-e10f-4c68-b4bc-66bcb349f1b1,,2026-06-02T15:02:23+00:00,,,bach khoa,bach khoa,,com ga,under_50k,rating|distance,rating|distance,,store:40980,40980,Cơm Thố Bách Khoa - Lương Định Của,3,,,,4.8,310.0,,,,,"[{'source': 'menu', 'source_record_id': '9219335', 'field': 'menu_items', 'value': 'Cơm thố Gà - Trứng'}, {'source': 'menu', 'source_record_id': '2965481', 'field': 'menu_items', 'value': 'CƠM THỐ ĐẶC BIỆT'}, {'source': 'menu', 'source_record_id': '6410385', 'field': 'menu_items', 'value': 'CƠM THỐ MIX 2 vị'}, {'source': 'review', 'source_record_id': 'tu_c6fcefdfcd9d111c', 'field': 'text_units', 'value': 'Tên quán: Cơm Thố Bách Khoa - Lương Định Của\nNguồn: befood_comment\nRating người dùng: 4.8","tìm quán cơm gà gần Bách Khoa dưới 50k, ưu tiên rating cao",tim quan com ga gan bach khoa duoi 50k uu tien rating cao,"{""cuisine"": null, ""food"": ""com ga"", ""location"": ""bach khoa"", ""max_price"": 50000, ""normalized_query"": ""tim quan com ga gan bach khoa duoi 50k uu tien rating cao"", ""priority"": [""rating"", ""distance""], ""time_constraint"": null}",shown_candidate,false,2026-06-02T15:02:23+00:00
query:ed5b2bb3-e10f-4c68-b4bc-66bcb349f1b1,,2026-06-02T15:02:23+00:00,,,bach khoa,bach khoa,,com ga,under_50k,rating|distance,rating|distance,,store:4486,4486,"Bento Delichi (by Cooky) - Cơm Gà Mắm Tỏi, Xối Mỡ - Xã Đàn",4,,,,4.7,2748.0,,,,,"khớp term: com, com ga, com van phong; cách query 595m; rating 4.7; price_min 8000; opening_status=open","tìm quán cơm gà gần Bách Khoa dưới 50k, ưu tiên rating cao",tim quan com ga gan bach khoa duoi 50k uu tien rating cao,"{""cuisine"": null, ""food"": ""com ga"", ""location"": ""bach khoa"", ""max_price"": 50000, ""normalized_query"": ""tim quan com ga gan bach khoa duoi 50k uu tien rating cao"", ""priority"": [""rating"", ""distance""], ""time_constraint"": null}",shown_candidate,false,2026-06-02T15:02:23+00:00
query:ed5b2bb3-e10f-4c68-b4bc-66bcb349f1b1,,2026-06-02T15:02:23+00:00,,,bach khoa,bach khoa,,com ga,under_50k,rating|distance,rating|distance,,store:28837,28837,Gà Tần Huyền Anh - Phở Xào & Cơm Rang - Quỳnh Mai,5,,,,4.7,173.0,,,,,"[{'source': 'menu', 'source_record_id': '1005079', 'field': 'menu_items', 'value': 'Phở xào mềm bò'}, {'source': 'menu', 'source_record_id': '1005080', 'field': 'menu_items', 'value': 'Phở xào giòn bò'}, {'source': 'menu', 'source_record_id': '1005081', 'field': 'menu_items', 'value': 'Phở xào giòn tim'}, {'source': 'review', 'source_record_id': 'tu_ed697290ea2a7085', 'field': 'text_units', 'value': 'Tên quán: Gà Tần Huyền Anh - Phở Xào & Cơm Rang - Quỳnh Mai\nNguồn: befood_comment\nRating người","tìm quán cơm gà gần Bách Khoa dưới 50k, ưu tiên rating cao",tim quan com ga gan bach khoa duoi 50k uu tien rating cao,"{""cuisine"": null, ""food"": ""com ga"", ""location"": ""bach khoa"", ""max_price"": 50000, ""normalized_query"": ""tim quan com ga gan bach khoa duoi 50k uu tien rating cao"", ""priority"": [""rating"", ""distance""], ""time_constraint"": null}",shown_candidate,false,2026-06-02T15:02:23+00:00
query:5af515c5-42fc-4c52-9c8c-0df4b02c3261,,2026-06-02T15:02:24+00:00,,,bach khoa,bach khoa,,com ga,under_50k,rating|distance,rating|distance,,store:11471,11471,Thiên Trường - Phở Cồ & Cơm Gà Xối Mắm - Giải Phóng,1,,,,4.5,39.0,,,,,"khớp term: com, com ga; cách query 327m; rating 4.5; price_min 10000; opening_status=open","tìm quán cơm gà gần Bách Khoa dưới 50k, ưu tiên rating cao",tim quan com ga gan bach khoa duoi 50k uu tien rating cao,"{""cuisine"": null, ""food"": ""com ga"", ""location"": ""bach khoa"", ""max_price"": 50000, ""normalized_query"": ""tim quan com ga gan bach khoa duoi 50k uu tien rating cao"", ""priority"": [""rating"", ""distance""], ""time_constraint"": null}",shown_candidate,false,2026-06-02T15:02:24+00:00
query:5af515c5-42fc-4c52-9c8c-0df4b02c3261,,2026-06-02T15:02:24+00:00,,,bach khoa,bach khoa,,com ga,under_50k,rating|distance,rating|distance,,store:25639,25639,Quán Mùa - Cơm Gà & Bún Miến Trộn - Tây Sơn,2,,,,4.6,562.0,,,,,"[{'source': 'menu', 'source_record_id': '867932', 'field': 'menu_items', 'value': 'Phở trộn bò và gà - 1 Coca cola'}, {'source': 'menu', 'source_record_id': '867933', 'field': 'menu_items', 'value': 'Miến trộn bò và gà - 1 coca cola'}, {'source': 'menu', 'source_record_id': '867935', 'field': 'menu_items', 'value': 'Bún trộn bò và gà - 1 Sprite'}, {'source': 'review', 'source_record_id': 'tu_15034de1df0b4e9a', 'field': 'text_units', 'value': 'Tên quán: Quán Mùa - Cơm Gà & Bún Miến Trộn - Tây Sơn","tìm quán cơm gà gần Bách Khoa dưới 50k, ưu tiên rating cao",tim quan com ga gan bach khoa duoi 50k uu tien rating cao,"{""cuisine"": null, ""food"": ""com ga"", ""location"": ""bach khoa"", ""max_price"": 50000, ""normalized_query"": ""tim quan com ga gan bach khoa duoi 50k uu tien rating cao"", ""priority"": [""rating"", ""distance""], ""time_constraint"": null}",shown_candidate,false,2026-06-02T15:02:24+00:00
query:5af515c5-42fc-4c52-9c8c-0df4b02c3261,,2026-06-02T15:02:24+00:00,,,bach khoa,bach khoa,,com ga,under_50k,rating|distance,rating|distance,,store:40980,40980,Cơm Thố Bách Khoa - Lương Định Của,3,,,,4.8,310.0,,,,,"[{'source': 'menu', 'source_record_id': '9219335', 'field': 'menu_items', 'value': 'Cơm thố Gà - Trứng'}, {'source': 'menu', 'source_record_id': '2965481', 'field': 'menu_items', 'value': 'CƠM THỐ ĐẶC BIỆT'}, {'source': 'menu', 'source_record_id': '6410385', 'field': 'menu_items', 'value': 'CƠM THỐ MIX 2 vị'}, {'source': 'review', 'source_record_id': 'tu_c6fcefdfcd9d111c', 'field': 'text_units', 'value': 'Tên quán: Cơm Thố Bách Khoa - Lương Định Của\nNguồn: befood_comment\nRating người dùng: 4.8","tìm quán cơm gà gần Bách Khoa dưới 50k, ưu tiên rating cao",tim quan com ga gan bach khoa duoi 50k uu tien rating cao,"{""cuisine"": null, ""food"": ""com ga"", ""location"": ""bach khoa"", ""max_price"": 50000, ""normalized_query"": ""tim quan com ga gan bach khoa duoi 50k uu tien rating cao"", ""priority"": [""rating"", ""distance""], ""time_constraint"": null}",shown_candidate,false,2026-06-02T15:02:24+00:00
query:5af515c5-42fc-4c52-9c8c-0df4b02c3261,,2026-06-02T15:02:24+00:00,,,bach khoa,bach khoa,,com ga,under_50k,rating|distance,rating|distance,,store:4486,4486,"Bento Delichi (by Cooky) - Cơm Gà Mắm Tỏi, Xối Mỡ - Xã Đàn",4,,,,4.7,2748.0,,,,,"khớp term: com, com ga, com van phong; cách query 595m; rating 4.7; price_min 8000; opening_status=open","tìm quán cơm gà gần Bách Khoa dưới 50k, ưu tiên rating cao",tim quan com ga gan bach khoa duoi 50k uu tien rating cao,"{""cuisine"": null, ""food"": ""com ga"", ""location"": ""bach khoa"", ""max_price"": 50000, ""normalized_query"": ""tim quan com ga gan bach khoa duoi 50k uu tien rating cao"", ""priority"": [""rating"", ""distance""], ""time_constraint"": null}",shown_candidate,false,2026-06-02T15:02:24+00:00
query:5af515c5-42fc-4c52-9c8c-0df4b02c3261,,2026-06-02T15:02:24+00:00,,,bach khoa,bach khoa,,com ga,under_50k,rating|distance,rating|distance,,store:28837,28837,Gà Tần Huyền Anh - Phở Xào & Cơm Rang - Quỳnh Mai,5,,,,4.7,173.0,,,,,"[{'source': 'menu', 'source_record_id': '1005079', 'field': 'menu_items', 'value': 'Phở xào mềm bò'}, {'source': 'menu', 'source_record_id': '1005080', 'field': 'menu_items', 'value': 'Phở xào giòn bò'}, {'source': 'menu', 'source_record_id': '1005081', 'field': 'menu_items', 'value': 'Phở xào giòn tim'}, {'source': 'review', 'source_record_id': 'tu_ed697290ea2a7085', 'field': 'text_units', 'value': 'Tên quán: Gà Tần Huyền Anh - Phở Xào & Cơm Rang - Quỳnh Mai\nNguồn: befood_comment\nRating người","tìm quán cơm gà gần Bách Khoa dưới 50k, ưu tiên rating cao",tim quan com ga gan bach khoa duoi 50k uu tien rating cao,"{""cuisine"": null, ""food"": ""com ga"", ""location"": ""bach khoa"", ""max_price"": 50000, ""normalized_query"": ""tim quan com ga gan bach khoa duoi 50k uu tien rating cao"", ""priority"": [""rating"", ""distance""], ""time_constraint"": null}",shown_candidate,false,2026-06-02T15:02:24+00:00
query:ca12e25f-28f8-44d2-a974-577855812cd6,,2026-06-02T15:18:54+00:00,,,bach khoa,bach khoa,,com ga,under_50k,rating|distance,rating|distance,,store:11471,11471,Thiên Trường - Phở Cồ & Cơm Gà Xối Mắm - Giải Phóng,1,,,,4.5,39.0,,,,,"khớp term: com, com ga; cách query 327m; rating 4.5; price_min 10000; opening_status=open","tìm quán cơm gà gần Bách Khoa dưới 50k, ưu tiên rating cao",tim quan com ga gan bach khoa duoi 50k uu tien rating cao,"{""cuisine"": null, ""food"": ""com ga"", ""location"": ""bach khoa"", ""max_price"": 50000, ""normalized_query"": ""tim quan com ga gan bach khoa duoi 50k uu tien rating cao"", ""priority"": [""rating"", ""distance""], ""time_constraint"": null}",shown_candidate,false,2026-06-02T15:18:54+00:00
query:ca12e25f-28f8-44d2-a974-577855812cd6,,2026-06-02T15:18:54+00:00,,,bach khoa,bach khoa,,com ga,under_50k,rating|distance,rating|distance,,store:25639,25639,Quán Mùa - Cơm Gà & Bún Miến Trộn - Tây Sơn,2,,,,4.6,562.0,,,,,"[{'source': 'menu', 'source_record_id': '867932', 'field': 'menu_items', 'value': 'Phở trộn bò và gà - 1 Coca cola'}, {'source': 'menu', 'source_record_id': '867933', 'field': 'menu_items', 'value': 'Miến trộn bò và gà - 1 coca cola'}, {'source': 'menu', 'source_record_id': '867935', 'field': 'menu_items', 'value': 'Bún trộn bò và gà - 1 Sprite'}, {'source': 'review', 'source_record_id': 'tu_15034de1df0b4e9a', 'field': 'text_units', 'value': 'Tên quán: Quán Mùa - Cơm Gà & Bún Miến Trộn - Tây Sơn","tìm quán cơm gà gần Bách Khoa dưới 50k, ưu tiên rating cao",tim quan com ga gan bach khoa duoi 50k uu tien rating cao,"{""cuisine"": null, ""food"": ""com ga"", ""location"": ""bach khoa"", ""max_price"": 50000, ""normalized_query"": ""tim quan com ga gan bach khoa duoi 50k uu tien rating cao"", ""priority"": [""rating"", ""distance""], ""time_constraint"": null}",shown_candidate,false,2026-06-02T15:18:54+00:00
query:ca12e25f-28f8-44d2-a974-577855812cd6,,2026-06-02T15:18:54+00:00,,,bach khoa,bach khoa,,com ga,under_50k,rating|distance,rating|distance,,store:40980,40980,Cơm Thố Bách Khoa - Lương Định Của,3,,,,4.8,310.0,,,,,"[{'source': 'menu', 'source_record_id': '9219335', 'field': 'menu_items', 'value': 'Cơm thố Gà - Trứng'}, {'source': 'menu', 'source_record_id': '2965481', 'field': 'menu_items', 'value': 'CƠM THỐ ĐẶC BIỆT'}, {'source': 'menu', 'source_record_id': '6410385', 'field': 'menu_items', 'value': 'CƠM THỐ MIX 2 vị'}, {'source': 'review', 'source_record_id': 'tu_c6fcefdfcd9d111c', 'field': 'text_units', 'value': 'Tên quán: Cơm Thố Bách Khoa - Lương Định Của\nNguồn: befood_comment\nRating người dùng: 4.8","tìm quán cơm gà gần Bách Khoa dưới 50k, ưu tiên rating cao",tim quan com ga gan bach khoa duoi 50k uu tien rating cao,"{""cuisine"": null, ""food"": ""com ga"", ""location"": ""bach khoa"", ""max_price"": 50000, ""normalized_query"": ""tim quan com ga gan bach khoa duoi 50k uu tien rating cao"", ""priority"": [""rating"", ""distance""], ""time_constraint"": null}",shown_candidate,false,2026-06-02T15:18:54+00:00
query:ca12e25f-28f8-44d2-a974-577855812cd6,,2026-06-02T15:18:54+00:00,,,bach khoa,bach khoa,,com ga,under_50k,rating|distance,rating|distance,,store:4486,4486,"Bento Delichi (by Cooky) - Cơm Gà Mắm Tỏi, Xối Mỡ - Xã Đàn",4,,,,4.7,2748.0,,,,,"khớp term: com, com ga, com van phong; cách query 595m; rating 4.7; price_min 8000; opening_status=open","tìm quán cơm gà gần Bách Khoa dưới 50k, ưu tiên rating cao",tim quan com ga gan bach khoa duoi 50k uu tien rating cao,"{""cuisine"": null, ""food"": ""com ga"", ""location"": ""bach khoa"", ""max_price"": 50000, ""normalized_query"": ""tim quan com ga gan bach khoa duoi 50k uu tien rating cao"", ""priority"": [""rating"", ""distance""], ""time_constraint"": null}",shown_candidate,false,2026-06-02T15:18:54+00:00
query:ca12e25f-28f8-44d2-a974-577855812cd6,,2026-06-02T15:18:55+00:00,,,bach khoa,bach khoa,,com ga,under_50k,rating|distance,rating|distance,,store:28837,28837,Gà Tần Huyền Anh - Phở Xào & Cơm Rang - Quỳnh Mai,5,,,,4.7,173.0,,,,,"[{'source': 'menu', 'source_record_id': '1005079', 'field': 'menu_items', 'value': 'Phở xào mềm bò'}, {'source': 'menu', 'source_record_id': '1005080', 'field': 'menu_items', 'value': 'Phở xào giòn bò'}, {'source': 'menu', 'source_record_id': '1005081', 'field': 'menu_items', 'value': 'Phở xào giòn tim'}, {'source': 'review', 'source_record_id': 'tu_ed697290ea2a7085', 'field': 'text_units', 'value': 'Tên quán: Gà Tần Huyền Anh - Phở Xào & Cơm Rang - Quỳnh Mai\nNguồn: befood_comment\nRating người","tìm quán cơm gà gần Bách Khoa dưới 50k, ưu tiên rating cao",tim quan com ga gan bach khoa duoi 50k uu tien rating cao,"{""cuisine"": null, ""food"": ""com ga"", ""location"": ""bach khoa"", ""max_price"": 50000, ""normalized_query"": ""tim quan com ga gan bach khoa duoi 50k uu tien rating cao"", ""priority"": [""rating"", ""distance""], ""time_constraint"": null}",shown_candidate,false,2026-06-02T15:18:55+00:00
query:0d5a251a-a084-4226-ad3e-130c944d0c6b,,2026-06-02T15:19:14+00:00,,,bach khoa,bach khoa,,com ga,under_50k,rating|distance,rating|distance,,store:11471,11471,Thiên Trường - Phở Cồ & Cơm Gà Xối Mắm - Giải Phóng,1,,,,4.5,39.0,,,,,"khớp term: com, com ga; cách query 327m; rating 4.5; price_min 10000; opening_status=open","tìm quán cơm gà gần Bách Khoa dưới 50k, ưu tiên rating cao",tim quan com ga gan bach khoa duoi 50k uu tien rating cao,"{""cuisine"": null, ""food"": ""com ga"", ""location"": ""bach khoa"", ""max_price"": 50000, ""normalized_query"": ""tim quan com ga gan bach khoa duoi 50k uu tien rating cao"", ""priority"": [""rating"", ""distance""], ""time_constraint"": null}",shown_candidate,false,2026-06-02T15:19:14+00:00
query:0d5a251a-a084-4226-ad3e-130c944d0c6b,,2026-06-02T15:19:14+00:00,,,bach khoa,bach khoa,,com ga,under_50k,rating|distance,rating|distance,,store:25639,25639,Quán Mùa - Cơm Gà & Bún Miến Trộn - Tây Sơn,2,,,,4.6,562.0,,,,,"[{'source': 'menu', 'source_record_id': '867932', 'field': 'menu_items', 'value': 'Phở trộn bò và gà - 1 Coca cola'}, {'source': 'menu', 'source_record_id': '867933', 'field': 'menu_items', 'value': 'Miến trộn bò và gà - 1 coca cola'}, {'source': 'menu', 'source_record_id': '867935', 'field': 'menu_items', 'value': 'Bún trộn bò và gà - 1 Sprite'}, {'source': 'review', 'source_record_id': 'tu_15034de1df0b4e9a', 'field': 'text_units', 'value': 'Tên quán: Quán Mùa - Cơm Gà & Bún Miến Trộn - Tây Sơn","tìm quán cơm gà gần Bách Khoa dưới 50k, ưu tiên rating cao",tim quan com ga gan bach khoa duoi 50k uu tien rating cao,"{""cuisine"": null, ""food"": ""com ga"", ""location"": ""bach khoa"", ""max_price"": 50000, ""normalized_query"": ""tim quan com ga gan bach khoa duoi 50k uu tien rating cao"", ""priority"": [""rating"", ""distance""], ""time_constraint"": null}",shown_candidate,false,2026-06-02T15:19:14+00:00
query:0d5a251a-a084-4226-ad3e-130c944d0c6b,,2026-06-02T15:19:14+00:00,,,bach khoa,bach khoa,,com ga,under_50k,rating|distance,rating|distance,,store:40980,40980,Cơm Thố Bách Khoa - Lương Định Của,3,,,,4.8,310.0,,,,,"[{'source': 'menu', 'source_record_id': '9219335', 'field': 'menu_items', 'value': 'Cơm thố Gà - Trứng'}, {'source': 'menu', 'source_record_id': '2965481', 'field': 'menu_items', 'value': 'CƠM THỐ ĐẶC BIỆT'}, {'source': 'menu', 'source_record_id': '6410385', 'field': 'menu_items', 'value': 'CƠM THỐ MIX 2 vị'}, {'source': 'review', 'source_record_id': 'tu_c6fcefdfcd9d111c', 'field': 'text_units', 'value': 'Tên quán: Cơm Thố Bách Khoa - Lương Định Của\nNguồn: befood_comment\nRating người dùng: 4.8","tìm quán cơm gà gần Bách Khoa dưới 50k, ưu tiên rating cao",tim quan com ga gan bach khoa duoi 50k uu tien rating cao,"{""cuisine"": null, ""food"": ""com ga"", ""location"": ""bach khoa"", ""max_price"": 50000, ""normalized_query"": ""tim quan com ga gan bach khoa duoi 50k uu tien rating cao"", ""priority"": [""rating"", ""distance""], ""time_constraint"": null}",shown_candidate,false,2026-06-02T15:19:14+00:00
query:0d5a251a-a084-4226-ad3e-130c944d0c6b,,2026-06-02T15:19:14+00:00,,,bach khoa,bach khoa,,com ga,under_50k,rating|distance,rating|distance,,store:4486,4486,"Bento Delichi (by Cooky) - Cơm Gà Mắm Tỏi, Xối Mỡ - Xã Đàn",4,,,,4.7,2748.0,,,,,"khớp term: com, com ga, com van phong; cách query 595m; rating 4.7; price_min 8000; opening_status=open","tìm quán cơm gà gần Bách Khoa dưới 50k, ưu tiên rating cao",tim quan com ga gan bach khoa duoi 50k uu tien rating cao,"{""cuisine"": null, ""food"": ""com ga"", ""location"": ""bach khoa"", ""max_price"": 50000, ""normalized_query"": ""tim quan com ga gan bach khoa duoi 50k uu tien rating cao"", ""priority"": [""rating"", ""distance""], ""time_constraint"": null}",shown_candidate,false,2026-06-02T15:19:14+00:00
query:0d5a251a-a084-4226-ad3e-130c944d0c6b,,2026-06-02T15:19:14+00:00,,,bach khoa,bach khoa,,com ga,under_50k,rating|distance,rating|distance,,store:28837,28837,Gà Tần Huyền Anh - Phở Xào & Cơm Rang - Quỳnh Mai,5,,,,4.7,173.0,,,,,"[{'source': 'menu', 'source_record_id': '1005079', 'field': 'menu_items', 'value': 'Phở xào mềm bò'}, {'source': 'menu', 'source_record_id': '1005080', 'field': 'menu_items', 'value': 'Phở xào giòn bò'}, {'source': 'menu', 'source_record_id': '1005081', 'field': 'menu_items', 'value': 'Phở xào giòn tim'}, {'source': 'review', 'source_record_id': 'tu_ed697290ea2a7085', 'field': 'text_units', 'value': 'Tên quán: Gà Tần Huyền Anh - Phở Xào & Cơm Rang - Quỳnh Mai\nNguồn: befood_comment\nRating người","tìm quán cơm gà gần Bách Khoa dưới 50k, ưu tiên rating cao",tim quan com ga gan bach khoa duoi 50k uu tien rating cao,"{""cuisine"": null, ""food"": ""com ga"", ""location"": ""bach khoa"", ""max_price"": 50000, ""normalized_query"": ""tim quan com ga gan bach khoa duoi 50k uu tien rating cao"", ""priority"": [""rating"", ""distance""], ""time_constraint"": null}",shown_candidate,false,2026-06-02T15:19:14+00:00
query:7c8c2c4d-83ba-4351-8c98-cea2c8611dd6,,2026-06-02T15:19:16+00:00,,,bach khoa,bach khoa,,com ga,under_50k,rating|distance,rating|distance,,store:11471,11471,Thiên Trường - Phở Cồ & Cơm Gà Xối Mắm - Giải Phóng,1,,,,4.5,39.0,,,,,"khớp term: com, com ga; cách query 327m; rating 4.5; price_min 10000; opening_status=open","tìm quán cơm gà gần Bách Khoa dưới 50k, ưu tiên rating cao",tim quan com ga gan bach khoa duoi 50k uu tien rating cao,"{""cuisine"": null, ""food"": ""com ga"", ""location"": ""bach khoa"", ""max_price"": 50000, ""normalized_query"": ""tim quan com ga gan bach khoa duoi 50k uu tien rating cao"", ""priority"": [""rating"", ""distance""], ""time_constraint"": null}",shown_candidate,false,2026-06-02T15:19:16+00:00
query:5f8bd31e-61ea-43aa-84e8-5edfc30ef46e,,2026-06-02T15:19:16+00:00,,,bach khoa,bach khoa,,com ga,under_50k,rating|distance,rating|distance,,store:11471,11471,Thiên Trường - Phở Cồ & Cơm Gà Xối Mắm - Giải Phóng,1,,,,4.5,39.0,,,,,"khớp term: com, com ga; cách query 327m; rating 4.5; price_min 10000; opening_status=open","tìm quán cơm gà gần Bách Khoa dưới 50k, ưu tiên rating cao",tim quan com ga gan bach khoa duoi 50k uu tien rating cao,"{""cuisine"": null, ""food"": ""com ga"", ""location"": ""bach khoa"", ""max_price"": 50000, ""normalized_query"": ""tim quan com ga gan bach khoa duoi 50k uu tien rating cao"", ""priority"": [""rating"", ""distance""], ""time_constraint"": null}",shown_candidate,false,2026-06-02T15:19:16+00:00
query:7c8c2c4d-83ba-4351-8c98-cea2c8611dd6,,2026-06-02T15:19:16+00:00,,,bach khoa,bach khoa,,com ga,under_50k,rating|distance,rating|distance,,store:25639,25639,Quán Mùa - Cơm Gà & Bún Miến Trộn - Tây Sơn,2,,,,4.6,562.0,,,,,"[{'source': 'menu', 'source_record_id': '867932', 'field': 'menu_items', 'value': 'Phở trộn bò và gà - 1 Coca cola'}, {'source': 'menu', 'source_record_id': '867933', 'field': 'menu_items', 'value': 'Miến trộn bò và gà - 1 coca cola'}, {'source': 'menu', 'source_record_id': '867935', 'field': 'menu_items', 'value': 'Bún trộn bò và gà - 1 Sprite'}, {'source': 'review', 'source_record_id': 'tu_15034de1df0b4e9a', 'field': 'text_units', 'value': 'Tên quán: Quán Mùa - Cơm Gà & Bún Miến Trộn - Tây Sơn","tìm quán cơm gà gần Bách Khoa dưới 50k, ưu tiên rating cao",tim quan com ga gan bach khoa duoi 50k uu tien rating cao,"{""cuisine"": null, ""food"": ""com ga"", ""location"": ""bach khoa"", ""max_price"": 50000, ""normalized_query"": ""tim quan com ga gan bach khoa duoi 50k uu tien rating cao"", ""priority"": [""rating"", ""distance""], ""time_constraint"": null}",shown_candidate,false,2026-06-02T15:19:16+00:00
query:5f8bd31e-61ea-43aa-84e8-5edfc30ef46e,,2026-06-02T15:19:16+00:00,,,bach khoa,bach khoa,,com ga,under_50k,rating|distance,rating|distance,,store:25639,25639,Quán Mùa - Cơm Gà & Bún Miến Trộn - Tây Sơn,2,,,,4.6,562.0,,,,,"[{'source': 'menu', 'source_record_id': '867932', 'field': 'menu_items', 'value': 'Phở trộn bò và gà - 1 Coca cola'}, {'source': 'menu', 'source_record_id': '867933', 'field': 'menu_items', 'value': 'Miến trộn bò và gà - 1 coca cola'}, {'source': 'menu', 'source_record_id': '867935', 'field': 'menu_items', 'value': 'Bún trộn bò và gà - 1 Sprite'}, {'source': 'review', 'source_record_id': 'tu_15034de1df0b4e9a', 'field': 'text_units', 'value': 'Tên quán: Quán Mùa - Cơm Gà & Bún Miến Trộn - Tây Sơn","tìm quán cơm gà gần Bách Khoa dưới 50k, ưu tiên rating cao",tim quan com ga gan bach khoa duoi 50k uu tien rating cao,"{""cuisine"": null, ""food"": ""com ga"", ""location"": ""bach khoa"", ""max_price"": 50000, ""normalized_query"": ""tim quan com ga gan bach khoa duoi 50k uu tien rating cao"", ""priority"": [""rating"", ""distance""], ""time_constraint"": null}",shown_candidate,false,2026-06-02T15:19:16+00:00
query:7c8c2c4d-83ba-4351-8c98-cea2c8611dd6,,2026-06-02T15:19:16+00:00,,,bach khoa,bach khoa,,com ga,under_50k,rating|distance,rating|distance,,store:40980,40980,Cơm Thố Bách Khoa - Lương Định Của,3,,,,4.8,310.0,,,,,"[{'source': 'menu', 'source_record_id': '9219335', 'field': 'menu_items', 'value': 'Cơm thố Gà - Trứng'}, {'source': 'menu', 'source_record_id': '2965481', 'field': 'menu_items', 'value': 'CƠM THỐ ĐẶC BIỆT'}, {'source': 'menu', 'source_record_id': '6410385', 'field': 'menu_items', 'value': 'CƠM THỐ MIX 2 vị'}, {'source': 'review', 'source_record_id': 'tu_c6fcefdfcd9d111c', 'field': 'text_units', 'value': 'Tên quán: Cơm Thố Bách Khoa - Lương Định Của\nNguồn: befood_comment\nRating người dùng: 4.8","tìm quán cơm gà gần Bách Khoa dưới 50k, ưu tiên rating cao",tim quan com ga gan bach khoa duoi 50k uu tien rating cao,"{""cuisine"": null, ""food"": ""com ga"", ""location"": ""bach khoa"", ""max_price"": 50000, ""normalized_query"": ""tim quan com ga gan bach khoa duoi 50k uu tien rating cao"", ""priority"": [""rating"", ""distance""], ""time_constraint"": null}",shown_candidate,false,2026-06-02T15:19:16+00:00
query:7c8c2c4d-83ba-4351-8c98-cea2c8611dd6,,2026-06-02T15:19:16+00:00,,,bach khoa,bach khoa,,com ga,under_50k,rating|distance,rating|distance,,store:4486,4486,"Bento Delichi (by Cooky) - Cơm Gà Mắm Tỏi, Xối Mỡ - Xã Đàn",4,,,,4.7,2748.0,,,,,"khớp term: com, com ga, com van phong; cách query 595m; rating 4.7; price_min 8000; opening_status=open","tìm quán cơm gà gần Bách Khoa dưới 50k, ưu tiên rating cao",tim quan com ga gan bach khoa duoi 50k uu tien rating cao,"{""cuisine"": null, ""food"": ""com ga"", ""location"": ""bach khoa"", ""max_price"": 50000, ""normalized_query"": ""tim quan com ga gan bach khoa duoi 50k uu tien rating cao"", ""priority"": [""rating"", ""distance""], ""time_constraint"": null}",shown_candidate,false,2026-06-02T15:19:16+00:00
query:5f8bd31e-61ea-43aa-84e8-5edfc30ef46e,,2026-06-02T15:19:16+00:00,,,bach khoa,bach khoa,,com ga,under_50k,rating|distance,rating|distance,,store:40980,40980,Cơm Thố Bách Khoa - Lương Định Của,3,,,,4.8,310.0,,,,,"[{'source': 'menu', 'source_record_id': '9219335', 'field': 'menu_items', 'value': 'Cơm thố Gà - Trứng'}, {'source': 'menu', 'source_record_id': '2965481', 'field': 'menu_items', 'value': 'CƠM THỐ ĐẶC BIỆT'}, {'source': 'menu', 'source_record_id': '6410385', 'field': 'menu_items', 'value': 'CƠM THỐ MIX 2 vị'}, {'source': 'review', 'source_record_id': 'tu_c6fcefdfcd9d111c', 'field': 'text_units', 'value': 'Tên quán: Cơm Thố Bách Khoa - Lương Định Của\nNguồn: befood_comment\nRating người dùng: 4.8","tìm quán cơm gà gần Bách Khoa dưới 50k, ưu tiên rating cao",tim quan com ga gan bach khoa duoi 50k uu tien rating cao,"{""cuisine"": null, ""food"": ""com ga"", ""location"": ""bach khoa"", ""max_price"": 50000, ""normalized_query"": ""tim quan com ga gan bach khoa duoi 50k uu tien rating cao"", ""priority"": [""rating"", ""distance""], ""time_constraint"": null}",shown_candidate,false,2026-06-02T15:19:16+00:00
query:5f8bd31e-61ea-43aa-84e8-5edfc30ef46e,,2026-06-02T15:19:17+00:00,,,bach khoa,bach khoa,,com ga,under_50k,rating|distance,rating|distance,,store:4486,4486,"Bento Delichi (by Cooky) - Cơm Gà Mắm Tỏi, Xối Mỡ - Xã Đàn",4,,,,4.7,2748.0,,,,,"khớp term: com, com ga, com van phong; cách query 595m; rating 4.7; price_min 8000; opening_status=open","tìm quán cơm gà gần Bách Khoa dưới 50k, ưu tiên rating cao",tim quan com ga gan bach khoa duoi 50k uu tien rating cao,"{""cuisine"": null, ""food"": ""com ga"", ""location"": ""bach khoa"", ""max_price"": 50000, ""normalized_query"": ""tim quan com ga gan bach khoa duoi 50k uu tien rating cao"", ""priority"": [""rating"", ""distance""], ""time_constraint"": null}",shown_candidate,false,2026-06-02T15:19:17+00:00
query:7c8c2c4d-83ba-4351-8c98-cea2c8611dd6,,2026-06-02T15:19:17+00:00,,,bach khoa,bach khoa,,com ga,under_50k,rating|distance,rating|distance,,store:28837,28837,Gà Tần Huyền Anh - Phở Xào & Cơm Rang - Quỳnh Mai,5,,,,4.7,173.0,,,,,"[{'source': 'menu', 'source_record_id': '1005079', 'field': 'menu_items', 'value': 'Phở xào mềm bò'}, {'source': 'menu', 'source_record_id': '1005080', 'field': 'menu_items', 'value': 'Phở xào giòn bò'}, {'source': 'menu', 'source_record_id': '1005081', 'field': 'menu_items', 'value': 'Phở xào giòn tim'}, {'source': 'review', 'source_record_id': 'tu_ed697290ea2a7085', 'field': 'text_units', 'value': 'Tên quán: Gà Tần Huyền Anh - Phở Xào & Cơm Rang - Quỳnh Mai\nNguồn: befood_comment\nRating người","tìm quán cơm gà gần Bách Khoa dưới 50k, ưu tiên rating cao",tim quan com ga gan bach khoa duoi 50k uu tien rating cao,"{""cuisine"": null, ""food"": ""com ga"", ""location"": ""bach khoa"", ""max_price"": 50000, ""normalized_query"": ""tim quan com ga gan bach khoa duoi 50k uu tien rating cao"", ""priority"": [""rating"", ""distance""], ""time_constraint"": null}",shown_candidate,false,2026-06-02T15:19:17+00:00
query:5f8bd31e-61ea-43aa-84e8-5edfc30ef46e,,2026-06-02T15:19:17+00:00,,,bach khoa,bach khoa,,com ga,under_50k,rating|distance,rating|distance,,store:28837,28837,Gà Tần Huyền Anh - Phở Xào & Cơm Rang - Quỳnh Mai,5,,,,4.7,173.0,,,,,"[{'source': 'menu', 'source_record_id': '1005079', 'field': 'menu_items', 'value': 'Phở xào mềm bò'}, {'source': 'menu', 'source_record_id': '1005080', 'field': 'menu_items', 'value': 'Phở xào giòn bò'}, {'source': 'menu', 'source_record_id': '1005081', 'field': 'menu_items', 'value': 'Phở xào giòn tim'}, {'source': 'review', 'source_record_id': 'tu_ed697290ea2a7085', 'field': 'text_units', 'value': 'Tên quán: Gà Tần Huyền Anh - Phở Xào & Cơm Rang - Quỳnh Mai\nNguồn: befood_comment\nRating người","tìm quán cơm gà gần Bách Khoa dưới 50k, ưu tiên rating cao",tim quan com ga gan bach khoa duoi 50k uu tien rating cao,"{""cuisine"": null, ""food"": ""com ga"", ""location"": ""bach khoa"", ""max_price"": 50000, ""normalized_query"": ""tim quan com ga gan bach khoa duoi 50k uu tien rating cao"", ""priority"": [""rating"", ""distance""], ""time_constraint"": null}",shown_candidate,false,2026-06-02T15:19:17+00:00
query:6d393337-fecc-4874-b001-d396610421e6,,2026-06-02T15:19:17+00:00,,,bach khoa,bach khoa,,com ga,under_50k,rating|distance,rating|distance,,store:11471,11471,Thiên Trường - Phở Cồ & Cơm Gà Xối Mắm - Giải Phóng,1,,,,4.5,39.0,,,,,"khớp term: com, com ga; cách query 327m; rating 4.5; price_min 10000; opening_status=open","tìm quán cơm gà gần Bách Khoa dưới 50k, ưu tiên rating cao",tim quan com ga gan bach khoa duoi 50k uu tien rating cao,"{""cuisine"": null, ""food"": ""com ga"", ""location"": ""bach khoa"", ""max_price"": 50000, ""normalized_query"": ""tim quan com ga gan bach khoa duoi 50k uu tien rating cao"", ""priority"": [""rating"", ""distance""], ""time_constraint"": null}",shown_candidate,false,2026-06-02T15:19:17+00:00
query:6d393337-fecc-4874-b001-d396610421e6,,2026-06-02T15:19:17+00:00,,,bach khoa,bach khoa,,com ga,under_50k,rating|distance,rating|distance,,store:25639,25639,Quán Mùa - Cơm Gà & Bún Miến Trộn - Tây Sơn,2,,,,4.6,562.0,,,,,"[{'source': 'menu', 'source_record_id': '867932', 'field': 'menu_items', 'value': 'Phở trộn bò và gà - 1 Coca cola'}, {'source': 'menu', 'source_record_id': '867933', 'field': 'menu_items', 'value': 'Miến trộn bò và gà - 1 coca cola'}, {'source': 'menu', 'source_record_id': '867935', 'field': 'menu_items', 'value': 'Bún trộn bò và gà - 1 Sprite'}, {'source': 'review', 'source_record_id': 'tu_15034de1df0b4e9a', 'field': 'text_units', 'value': 'Tên quán: Quán Mùa - Cơm Gà & Bún Miến Trộn - Tây Sơn","tìm quán cơm gà gần Bách Khoa dưới 50k, ưu tiên rating cao",tim quan com ga gan bach khoa duoi 50k uu tien rating cao,"{""cuisine"": null, ""food"": ""com ga"", ""location"": ""bach khoa"", ""max_price"": 50000, ""normalized_query"": ""tim quan com ga gan bach khoa duoi 50k uu tien rating cao"", ""priority"": [""rating"", ""distance""], ""time_constraint"": null}",shown_candidate,false,2026-06-02T15:19:17+00:00
query:6d393337-fecc-4874-b001-d396610421e6,,2026-06-02T15:19:17+00:00,,,bach khoa,bach khoa,,com ga,under_50k,rating|distance,rating|distance,,store:40980,40980,Cơm Thố Bách Khoa - Lương Định Của,3,,,,4.8,310.0,,,,,"[{'source': 'menu', 'source_record_id': '9219335', 'field': 'menu_items', 'value': 'Cơm thố Gà - Trứng'}, {'source': 'menu', 'source_record_id': '2965481', 'field': 'menu_items', 'value': 'CƠM THỐ ĐẶC BIỆT'}, {'source': 'menu', 'source_record_id': '6410385', 'field': 'menu_items', 'value': 'CƠM THỐ MIX 2 vị'}, {'source': 'review', 'source_record_id': 'tu_c6fcefdfcd9d111c', 'field': 'text_units', 'value': 'Tên quán: Cơm Thố Bách Khoa - Lương Định Của\nNguồn: befood_comment\nRating người dùng: 4.8","tìm quán cơm gà gần Bách Khoa dưới 50k, ưu tiên rating cao",tim quan com ga gan bach khoa duoi 50k uu tien rating cao,"{""cuisine"": null, ""food"": ""com ga"", ""location"": ""bach khoa"", ""max_price"": 50000, ""normalized_query"": ""tim quan com ga gan bach khoa duoi 50k uu tien rating cao"", ""priority"": [""rating"", ""distance""], ""time_constraint"": null}",shown_candidate,false,2026-06-02T15:19:17+00:00
query:6d393337-fecc-4874-b001-d396610421e6,,2026-06-02T15:19:17+00:00,,,bach khoa,bach khoa,,com ga,under_50k,rating|distance,rating|distance,,store:4486,4486,"Bento Delichi (by Cooky) - Cơm Gà Mắm Tỏi, Xối Mỡ - Xã Đàn",4,,,,4.7,2748.0,,,,,"khớp term: com, com ga, com van phong; cách query 595m; rating 4.7; price_min 8000; opening_status=open","tìm quán cơm gà gần Bách Khoa dưới 50k, ưu tiên rating cao",tim quan com ga gan bach khoa duoi 50k uu tien rating cao,"{""cuisine"": null, ""food"": ""com ga"", ""location"": ""bach khoa"", ""max_price"": 50000, ""normalized_query"": ""tim quan com ga gan bach khoa duoi 50k uu tien rating cao"", ""priority"": [""rating"", ""distance""], ""time_constraint"": null}",shown_candidate,false,2026-06-02T15:19:17+00:00
query:6d393337-fecc-4874-b001-d396610421e6,,2026-06-02T15:19:17+00:00,,,bach khoa,bach khoa,,com ga,under_50k,rating|distance,rating|distance,,store:28837,28837,Gà Tần Huyền Anh - Phở Xào & Cơm Rang - Quỳnh Mai,5,,,,4.7,173.0,,,,,"[{'source': 'menu', 'source_record_id': '1005079', 'field': 'menu_items', 'value': 'Phở xào mềm bò'}, {'source': 'menu', 'source_record_id': '1005080', 'field': 'menu_items', 'value': 'Phở xào giòn bò'}, {'source': 'menu', 'source_record_id': '1005081', 'field': 'menu_items', 'value': 'Phở xào giòn tim'}, {'source': 'review', 'source_record_id': 'tu_ed697290ea2a7085', 'field': 'text_units', 'value': 'Tên quán: Gà Tần Huyền Anh - Phở Xào & Cơm Rang - Quỳnh Mai\nNguồn: befood_comment\nRating người","tìm quán cơm gà gần Bách Khoa dưới 50k, ưu tiên rating cao",tim quan com ga gan bach khoa duoi 50k uu tien rating cao,"{""cuisine"": null, ""food"": ""com ga"", ""location"": ""bach khoa"", ""max_price"": 50000, ""normalized_query"": ""tim quan com ga gan bach khoa duoi 50k uu tien rating cao"", ""priority"": [""rating"", ""distance""], ""time_constraint"": null}",shown_candidate,false,2026-06-02T15:19:17+00:00
query:d00affb5-fecd-4427-9635-34beca24889a,,2026-06-02T15:19:35+00:00,,,bach khoa,bach khoa,,com ga,under_50k,rating|distance,rating|distance,,store:11471,11471,Thiên Trường - Phở Cồ & Cơm Gà Xối Mắm - Giải Phóng,1,,,,4.5,39.0,,,,,"khớp term: com, com ga; cách query 327m; rating 4.5; price_min 10000; opening_status=open","tìm quán cơm gà gần Bách Khoa dưới 50k, ưu tiên rating cao",tim quan com ga gan bach khoa duoi 50k uu tien rating cao,"{""cuisine"": null, ""food"": ""com ga"", ""location"": ""bach khoa"", ""max_price"": 50000, ""normalized_query"": ""tim quan com ga gan bach khoa duoi 50k uu tien rating cao"", ""priority"": [""rating"", ""distance""], ""time_constraint"": null}",shown_candidate,false,2026-06-02T15:19:35+00:00
query:d00affb5-fecd-4427-9635-34beca24889a,,2026-06-02T15:19:35+00:00,,,bach khoa,bach khoa,,com ga,under_50k,rating|distance,rating|distance,,store:25639,25639,Quán Mùa - Cơm Gà & Bún Miến Trộn - Tây Sơn,2,,,,4.6,562.0,,,,,"[{'source': 'menu', 'source_record_id': '867932', 'field': 'menu_items', 'value': 'Phở trộn bò và gà - 1 Coca cola'}, {'source': 'menu', 'source_record_id': '867933', 'field': 'menu_items', 'value': 'Miến trộn bò và gà - 1 coca cola'}, {'source': 'menu', 'source_record_id': '867935', 'field': 'menu_items', 'value': 'Bún trộn bò và gà - 1 Sprite'}, {'source': 'review', 'source_record_id': 'tu_15034de1df0b4e9a', 'field': 'text_units', 'value': 'Tên quán: Quán Mùa - Cơm Gà & Bún Miến Trộn - Tây Sơn","tìm quán cơm gà gần Bách Khoa dưới 50k, ưu tiên rating cao",tim quan com ga gan bach khoa duoi 50k uu tien rating cao,"{""cuisine"": null, ""food"": ""com ga"", ""location"": ""bach khoa"", ""max_price"": 50000, ""normalized_query"": ""tim quan com ga gan bach khoa duoi 50k uu tien rating cao"", ""priority"": [""rating"", ""distance""], ""time_constraint"": null}",shown_candidate,false,2026-06-02T15:19:35+00:00
query:d00affb5-fecd-4427-9635-34beca24889a,,2026-06-02T15:19:35+00:00,,,bach khoa,bach khoa,,com ga,under_50k,rating|distance,rating|distance,,store:40980,40980,Cơm Thố Bách Khoa - Lương Định Của,3,,,,4.8,310.0,,,,,"[{'source': 'menu', 'source_record_id': '9219335', 'field': 'menu_items', 'value': 'Cơm thố Gà - Trứng'}, {'source': 'menu', 'source_record_id': '2965481', 'field': 'menu_items', 'value': 'CƠM THỐ ĐẶC BIỆT'}, {'source': 'menu', 'source_record_id': '6410385', 'field': 'menu_items', 'value': 'CƠM THỐ MIX 2 vị'}, {'source': 'review', 'source_record_id': 'tu_c6fcefdfcd9d111c', 'field': 'text_units', 'value': 'Tên quán: Cơm Thố Bách Khoa - Lương Định Của\nNguồn: befood_comment\nRating người dùng: 4.8","tìm quán cơm gà gần Bách Khoa dưới 50k, ưu tiên rating cao",tim quan com ga gan bach khoa duoi 50k uu tien rating cao,"{""cuisine"": null, ""food"": ""com ga"", ""location"": ""bach khoa"", ""max_price"": 50000, ""normalized_query"": ""tim quan com ga gan bach khoa duoi 50k uu tien rating cao"", ""priority"": [""rating"", ""distance""], ""time_constraint"": null}",shown_candidate,false,2026-06-02T15:19:35+00:00
query:d00affb5-fecd-4427-9635-34beca24889a,,2026-06-02T15:19:35+00:00,,,bach khoa,bach khoa,,com ga,under_50k,rating|distance,rating|distance,,store:4486,4486,"Bento Delichi (by Cooky) - Cơm Gà Mắm Tỏi, Xối Mỡ - Xã Đàn",4,,,,4.7,2748.0,,,,,"khớp term: com, com ga, com van phong; cách query 595m; rating 4.7; price_min 8000; opening_status=open","tìm quán cơm gà gần Bách Khoa dưới 50k, ưu tiên rating cao",tim quan com ga gan bach khoa duoi 50k uu tien rating cao,"{""cuisine"": null, ""food"": ""com ga"", ""location"": ""bach khoa"", ""max_price"": 50000, ""normalized_query"": ""tim quan com ga gan bach khoa duoi 50k uu tien rating cao"", ""priority"": [""rating"", ""distance""], ""time_constraint"": null}",shown_candidate,false,2026-06-02T15:19:35+00:00
query:d00affb5-fecd-4427-9635-34beca24889a,,2026-06-02T15:19:35+00:00,,,bach khoa,bach khoa,,com ga,under_50k,rating|distance,rating|distance,,store:28837,28837,Gà Tần Huyền Anh - Phở Xào & Cơm Rang - Quỳnh Mai,5,,,,4.7,173.0,,,,,"[{'source': 'menu', 'source_record_id': '1005079', 'field': 'menu_items', 'value': 'Phở xào mềm bò'}, {'source': 'menu', 'source_record_id': '1005080', 'field': 'menu_items', 'value': 'Phở xào giòn bò'}, {'source': 'menu', 'source_record_id': '1005081', 'field': 'menu_items', 'value': 'Phở xào giòn tim'}, {'source': 'review', 'source_record_id': 'tu_ed697290ea2a7085', 'field': 'text_units', 'value': 'Tên quán: Gà Tần Huyền Anh - Phở Xào & Cơm Rang - Quỳnh Mai\nNguồn: befood_comment\nRating người","tìm quán cơm gà gần Bách Khoa dưới 50k, ưu tiên rating cao",tim quan com ga gan bach khoa duoi 50k uu tien rating cao,"{""cuisine"": null, ""food"": ""com ga"", ""location"": ""bach khoa"", ""max_price"": 50000, ""normalized_query"": ""tim quan com ga gan bach khoa duoi 50k uu tien rating cao"", ""priority"": [""rating"", ""distance""], ""time_constraint"": null}",shown_candidate,false,2026-06-02T15:19:35+00:00
query:3b4c6bca-f7fb-4617-980e-f6927911033f,,2026-06-02T15:20:06+00:00,,,bach khoa,bach khoa,,com ga,under_50k,rating|distance,rating|distance,,store:11471,11471,Thiên Trường - Phở Cồ & Cơm Gà Xối Mắm - Giải Phóng,1,,,,4.5,39.0,,,,,"khớp term: com, com ga; cách query 327m; rating 4.5; price_min 10000; opening_status=open","tìm quán cơm gà gần Bách Khoa dưới 50k, ưu tiên rating cao",tim quan com ga gan bach khoa duoi 50k uu tien rating cao,"{""cuisine"": null, ""food"": ""com ga"", ""location"": ""bach khoa"", ""max_price"": 50000, ""normalized_query"": ""tim quan com ga gan bach khoa duoi 50k uu tien rating cao"", ""priority"": [""rating"", ""distance""], ""time_constraint"": null}",shown_candidate,false,2026-06-02T15:20:06+00:00
query:3b4c6bca-f7fb-4617-980e-f6927911033f,,2026-06-02T15:20:06+00:00,,,bach khoa,bach khoa,,com ga,under_50k,rating|distance,rating|distance,,store:25639,25639,Quán Mùa - Cơm Gà & Bún Miến Trộn - Tây Sơn,2,,,,4.6,562.0,,,,,"[{'source': 'menu', 'source_record_id': '867932', 'field': 'menu_items', 'value': 'Phở trộn bò và gà - 1 Coca cola'}, {'source': 'menu', 'source_record_id': '867933', 'field': 'menu_items', 'value': 'Miến trộn bò và gà - 1 coca cola'}, {'source': 'menu', 'source_record_id': '867935', 'field': 'menu_items', 'value': 'Bún trộn bò và gà - 1 Sprite'}, {'source': 'review', 'source_record_id': 'tu_15034de1df0b4e9a', 'field': 'text_units', 'value': 'Tên quán: Quán Mùa - Cơm Gà & Bún Miến Trộn - Tây Sơn","tìm quán cơm gà gần Bách Khoa dưới 50k, ưu tiên rating cao",tim quan com ga gan bach khoa duoi 50k uu tien rating cao,"{""cuisine"": null, ""food"": ""com ga"", ""location"": ""bach khoa"", ""max_price"": 50000, ""normalized_query"": ""tim quan com ga gan bach khoa duoi 50k uu tien rating cao"", ""priority"": [""rating"", ""distance""], ""time_constraint"": null}",shown_candidate,false,2026-06-02T15:20:06+00:00
query:3b4c6bca-f7fb-4617-980e-f6927911033f,,2026-06-02T15:20:06+00:00,,,bach khoa,bach khoa,,com ga,under_50k,rating|distance,rating|distance,,store:40980,40980,Cơm Thố Bách Khoa - Lương Định Của,3,,,,4.8,310.0,,,,,"[{'source': 'menu', 'source_record_id': '9219335', 'field': 'menu_items', 'value': 'Cơm thố Gà - Trứng'}, {'source': 'menu', 'source_record_id': '2965481', 'field': 'menu_items', 'value': 'CƠM THỐ ĐẶC BIỆT'}, {'source': 'menu', 'source_record_id': '6410385', 'field': 'menu_items', 'value': 'CƠM THỐ MIX 2 vị'}, {'source': 'review', 'source_record_id': 'tu_c6fcefdfcd9d111c', 'field': 'text_units', 'value': 'Tên quán: Cơm Thố Bách Khoa - Lương Định Của\nNguồn: befood_comment\nRating người dùng: 4.8","tìm quán cơm gà gần Bách Khoa dưới 50k, ưu tiên rating cao",tim quan com ga gan bach khoa duoi 50k uu tien rating cao,"{""cuisine"": null, ""food"": ""com ga"", ""location"": ""bach khoa"", ""max_price"": 50000, ""normalized_query"": ""tim quan com ga gan bach khoa duoi 50k uu tien rating cao"", ""priority"": [""rating"", ""distance""], ""time_constraint"": null}",shown_candidate,false,2026-06-02T15:20:06+00:00
query:3b4c6bca-f7fb-4617-980e-f6927911033f,,2026-06-02T15:20:06+00:00,,,bach khoa,bach khoa,,com ga,under_50k,rating|distance,rating|distance,,store:4486,4486,"Bento Delichi (by Cooky) - Cơm Gà Mắm Tỏi, Xối Mỡ - Xã Đàn",4,,,,4.7,2748.0,,,,,"khớp term: com, com ga, com van phong; cách query 595m; rating 4.7; price_min 8000; opening_status=open","tìm quán cơm gà gần Bách Khoa dưới 50k, ưu tiên rating cao",tim quan com ga gan bach khoa duoi 50k uu tien rating cao,"{""cuisine"": null, ""food"": ""com ga"", ""location"": ""bach khoa"", ""max_price"": 50000, ""normalized_query"": ""tim quan com ga gan bach khoa duoi 50k uu tien rating cao"", ""priority"": [""rating"", ""distance""], ""time_constraint"": null}",shown_candidate,false,2026-06-02T15:20:06+00:00
query:3b4c6bca-f7fb-4617-980e-f6927911033f,,2026-06-02T15:20:06+00:00,,,bach khoa,bach khoa,,com ga,under_50k,rating|distance,rating|distance,,store:28837,28837,Gà Tần Huyền Anh - Phở Xào & Cơm Rang - Quỳnh Mai,5,,,,4.7,173.0,,,,,"[{'source': 'menu', 'source_record_id': '1005079', 'field': 'menu_items', 'value': 'Phở xào mềm bò'}, {'source': 'menu', 'source_record_id': '1005080', 'field': 'menu_items', 'value': 'Phở xào giòn bò'}, {'source': 'menu', 'source_record_id': '1005081', 'field': 'menu_items', 'value': 'Phở xào giòn tim'}, {'source': 'review', 'source_record_id': 'tu_ed697290ea2a7085', 'field': 'text_units', 'value': 'Tên quán: Gà Tần Huyền Anh - Phở Xào & Cơm Rang - Quỳnh Mai\nNguồn: befood_comment\nRating người","tìm quán cơm gà gần Bách Khoa dưới 50k, ưu tiên rating cao",tim quan com ga gan bach khoa duoi 50k uu tien rating cao,"{""cuisine"": null, ""food"": ""com ga"", ""location"": ""bach khoa"", ""max_price"": 50000, ""normalized_query"": ""tim quan com ga gan bach khoa duoi 50k uu tien rating cao"", ""priority"": [""rating"", ""distance""], ""time_constraint"": null}",shown_candidate,false,2026-06-02T15:20:06+00:00
query:47d527aa-d3ee-4b2c-bc60-6d2c024ea808,,2026-06-02T15:20:07+00:00,,,bach khoa,bach khoa,,com ga,under_50k,rating|distance,rating|distance,,store:11471,11471,Thiên Trường - Phở Cồ & Cơm Gà Xối Mắm - Giải Phóng,1,,,,4.5,39.0,,,,,"khớp term: com, com ga; cách query 327m; rating 4.5; price_min 10000; opening_status=open","tìm quán cơm gà gần Bách Khoa dưới 50k, ưu tiên rating cao",tim quan com ga gan bach khoa duoi 50k uu tien rating cao,"{""cuisine"": null, ""food"": ""com ga"", ""location"": ""bach khoa"", ""max_price"": 50000, ""normalized_query"": ""tim quan com ga gan bach khoa duoi 50k uu tien rating cao"", ""priority"": [""rating"", ""distance""], ""time_constraint"": null}",shown_candidate,false,2026-06-02T15:20:07+00:00
query:47d527aa-d3ee-4b2c-bc60-6d2c024ea808,,2026-06-02T15:20:07+00:00,,,bach khoa,bach khoa,,com ga,under_50k,rating|distance,rating|distance,,store:25639,25639,Quán Mùa - Cơm Gà & Bún Miến Trộn - Tây Sơn,2,,,,4.6,562.0,,,,,"[{'source': 'menu', 'source_record_id': '867932', 'field': 'menu_items', 'value': 'Phở trộn bò và gà - 1 Coca cola'}, {'source': 'menu', 'source_record_id': '867933', 'field': 'menu_items', 'value': 'Miến trộn bò và gà - 1 coca cola'}, {'source': 'menu', 'source_record_id': '867935', 'field': 'menu_items', 'value': 'Bún trộn bò và gà - 1 Sprite'}, {'source': 'review', 'source_record_id': 'tu_15034de1df0b4e9a', 'field': 'text_units', 'value': 'Tên quán: Quán Mùa - Cơm Gà & Bún Miến Trộn - Tây Sơn","tìm quán cơm gà gần Bách Khoa dưới 50k, ưu tiên rating cao",tim quan com ga gan bach khoa duoi 50k uu tien rating cao,"{""cuisine"": null, ""food"": ""com ga"", ""location"": ""bach khoa"", ""max_price"": 50000, ""normalized_query"": ""tim quan com ga gan bach khoa duoi 50k uu tien rating cao"", ""priority"": [""rating"", ""distance""], ""time_constraint"": null}",shown_candidate,false,2026-06-02T15:20:07+00:00
query:47d527aa-d3ee-4b2c-bc60-6d2c024ea808,,2026-06-02T15:20:07+00:00,,,bach khoa,bach khoa,,com ga,under_50k,rating|distance,rating|distance,,store:40980,40980,Cơm Thố Bách Khoa - Lương Định Của,3,,,,4.8,310.0,,,,,"[{'source': 'menu', 'source_record_id': '9219335', 'field': 'menu_items', 'value': 'Cơm thố Gà - Trứng'}, {'source': 'menu', 'source_record_id': '2965481', 'field': 'menu_items', 'value': 'CƠM THỐ ĐẶC BIỆT'}, {'source': 'menu', 'source_record_id': '6410385', 'field': 'menu_items', 'value': 'CƠM THỐ MIX 2 vị'}, {'source': 'review', 'source_record_id': 'tu_c6fcefdfcd9d111c', 'field': 'text_units', 'value': 'Tên quán: Cơm Thố Bách Khoa - Lương Định Của\nNguồn: befood_comment\nRating người dùng: 4.8","tìm quán cơm gà gần Bách Khoa dưới 50k, ưu tiên rating cao",tim quan com ga gan bach khoa duoi 50k uu tien rating cao,"{""cuisine"": null, ""food"": ""com ga"", ""location"": ""bach khoa"", ""max_price"": 50000, ""normalized_query"": ""tim quan com ga gan bach khoa duoi 50k uu tien rating cao"", ""priority"": [""rating"", ""distance""], ""time_constraint"": null}",shown_candidate,false,2026-06-02T15:20:07+00:00
query:47d527aa-d3ee-4b2c-bc60-6d2c024ea808,,2026-06-02T15:20:07+00:00,,,bach khoa,bach khoa,,com ga,under_50k,rating|distance,rating|distance,,store:4486,4486,"Bento Delichi (by Cooky) - Cơm Gà Mắm Tỏi, Xối Mỡ - Xã Đàn",4,,,,4.7,2748.0,,,,,"khớp term: com, com ga, com van phong; cách query 595m; rating 4.7; price_min 8000; opening_status=open","tìm quán cơm gà gần Bách Khoa dưới 50k, ưu tiên rating cao",tim quan com ga gan bach khoa duoi 50k uu tien rating cao,"{""cuisine"": null, ""food"": ""com ga"", ""location"": ""bach khoa"", ""max_price"": 50000, ""normalized_query"": ""tim quan com ga gan bach khoa duoi 50k uu tien rating cao"", ""priority"": [""rating"", ""distance""], ""time_constraint"": null}",shown_candidate,false,2026-06-02T15:20:07+00:00
query:47d527aa-d3ee-4b2c-bc60-6d2c024ea808,,2026-06-02T15:20:07+00:00,,,bach khoa,bach khoa,,com ga,under_50k,rating|distance,rating|distance,,store:28837,28837,Gà Tần Huyền Anh - Phở Xào & Cơm Rang - Quỳnh Mai,5,,,,4.7,173.0,,,,,"[{'source': 'menu', 'source_record_id': '1005079', 'field': 'menu_items', 'value': 'Phở xào mềm bò'}, {'source': 'menu', 'source_record_id': '1005080', 'field': 'menu_items', 'value': 'Phở xào giòn bò'}, {'source': 'menu', 'source_record_id': '1005081', 'field': 'menu_items', 'value': 'Phở xào giòn tim'}, {'source': 'review', 'source_record_id': 'tu_ed697290ea2a7085', 'field': 'text_units', 'value': 'Tên quán: Gà Tần Huyền Anh - Phở Xào & Cơm Rang - Quỳnh Mai\nNguồn: befood_comment\nRating người","tìm quán cơm gà gần Bách Khoa dưới 50k, ưu tiên rating cao",tim quan com ga gan bach khoa duoi 50k uu tien rating cao,"{""cuisine"": null, ""food"": ""com ga"", ""location"": ""bach khoa"", ""max_price"": 50000, ""normalized_query"": ""tim quan com ga gan bach khoa duoi 50k uu tien rating cao"", ""priority"": [""rating"", ""distance""], ""time_constraint"": null}",shown_candidate,false,2026-06-02T15:20:07+00:00
query:38bb8d49-ddeb-4c40-9712-4e9ce9226f1d,,2026-06-02T15:24:36+00:00,,,bach khoa,bach khoa,,com ga,under_50k,rating|distance,rating|distance,,store:11471,11471,Thiên Trường - Phở Cồ & Cơm Gà Xối Mắm - Giải Phóng,1,,,,4.5,39.0,,,,,"khớp term: com, com ga; cách query 327m; rating 4.5; price_min 10000; opening_status=open","tìm quán cơm gà gần Bách Khoa dưới 50k, ưu tiên rating cao",tim quan com ga gan bach khoa duoi 50k uu tien rating cao,"{""cuisine"": null, ""food"": ""com ga"", ""location"": ""bach khoa"", ""max_price"": 50000, ""normalized_query"": ""tim quan com ga gan bach khoa duoi 50k uu tien rating cao"", ""priority"": [""rating"", ""distance""], ""time_constraint"": null}",shown_candidate,false,2026-06-02T15:24:36+00:00
query:38bb8d49-ddeb-4c40-9712-4e9ce9226f1d,,2026-06-02T15:24:38+00:00,,,bach khoa,bach khoa,,com ga,under_50k,rating|distance,rating|distance,,store:25639,25639,Quán Mùa - Cơm Gà & Bún Miến Trộn - Tây Sơn,2,,,,4.6,562.0,,,,,"[{'source': 'menu', 'source_record_id': '867932', 'field': 'menu_items', 'value': 'Phở trộn bò và gà - 1 Coca cola'}, {'source': 'menu', 'source_record_id': '867933', 'field': 'menu_items', 'value': 'Miến trộn bò và gà - 1 coca cola'}, {'source': 'menu', 'source_record_id': '867935', 'field': 'menu_items', 'value': 'Bún trộn bò và gà - 1 Sprite'}, {'source': 'review', 'source_record_id': 'tu_15034de1df0b4e9a', 'field': 'text_units', 'value': 'Tên quán: Quán Mùa - Cơm Gà & Bún Miến Trộn - Tây Sơn","tìm quán cơm gà gần Bách Khoa dưới 50k, ưu tiên rating cao",tim quan com ga gan bach khoa duoi 50k uu tien rating cao,"{""cuisine"": null, ""food"": ""com ga"", ""location"": ""bach khoa"", ""max_price"": 50000, ""normalized_query"": ""tim quan com ga gan bach khoa duoi 50k uu tien rating cao"", ""priority"": [""rating"", ""distance""], ""time_constraint"": null}",shown_candidate,false,2026-06-02T15:24:38+00:00
query:38bb8d49-ddeb-4c40-9712-4e9ce9226f1d,,2026-06-02T15:24:38+00:00,,,bach khoa,bach khoa,,com ga,under_50k,rating|distance,rating|distance,,store:40980,40980,Cơm Thố Bách Khoa - Lương Định Của,3,,,,4.8,310.0,,,,,"[{'source': 'menu', 'source_record_id': '9219335', 'field': 'menu_items', 'value': 'Cơm thố Gà - Trứng'}, {'source': 'menu', 'source_record_id': '2965481', 'field': 'menu_items', 'value': 'CƠM THỐ ĐẶC BIỆT'}, {'source': 'menu', 'source_record_id': '6410385', 'field': 'menu_items', 'value': 'CƠM THỐ MIX 2 vị'}, {'source': 'review', 'source_record_id': 'tu_c6fcefdfcd9d111c', 'field': 'text_units', 'value': 'Tên quán: Cơm Thố Bách Khoa - Lương Định Của\nNguồn: befood_comment\nRating người dùng: 4.8","tìm quán cơm gà gần Bách Khoa dưới 50k, ưu tiên rating cao",tim quan com ga gan bach khoa duoi 50k uu tien rating cao,"{""cuisine"": null, ""food"": ""com ga"", ""location"": ""bach khoa"", ""max_price"": 50000, ""normalized_query"": ""tim quan com ga gan bach khoa duoi 50k uu tien rating cao"", ""priority"": [""rating"", ""distance""], ""time_constraint"": null}",shown_candidate,false,2026-06-02T15:24:38+00:00
query:38bb8d49-ddeb-4c40-9712-4e9ce9226f1d,,2026-06-02T15:24:38+00:00,,,bach khoa,bach khoa,,com ga,under_50k,rating|distance,rating|distance,,store:4486,4486,"Bento Delichi (by Cooky) - Cơm Gà Mắm Tỏi, Xối Mỡ - Xã Đàn",4,,,,4.7,2748.0,,,,,"khớp term: com, com ga, com van phong; cách query 595m; rating 4.7; price_min 8000; opening_status=open","tìm quán cơm gà gần Bách Khoa dưới 50k, ưu tiên rating cao",tim quan com ga gan bach khoa duoi 50k uu tien rating cao,"{""cuisine"": null, ""food"": ""com ga"", ""location"": ""bach khoa"", ""max_price"": 50000, ""normalized_query"": ""tim quan com ga gan bach khoa duoi 50k uu tien rating cao"", ""priority"": [""rating"", ""distance""], ""time_constraint"": null}",shown_candidate,false,2026-06-02T15:24:38+00:00
query:38bb8d49-ddeb-4c40-9712-4e9ce9226f1d,,2026-06-02T15:24:38+00:00,,,bach khoa,bach khoa,,com ga,under_50k,rating|distance,rating|distance,,store:28837,28837,Gà Tần Huyền Anh - Phở Xào & Cơm Rang - Quỳnh Mai,5,,,,4.7,173.0,,,,,"[{'source': 'menu', 'source_record_id': '1005079', 'field': 'menu_items', 'value': 'Phở xào mềm bò'}, {'source': 'menu', 'source_record_id': '1005080', 'field': 'menu_items', 'value': 'Phở xào giòn bò'}, {'source': 'menu', 'source_record_id': '1005081', 'field': 'menu_items', 'value': 'Phở xào giòn tim'}, {'source': 'review', 'source_record_id': 'tu_ed697290ea2a7085', 'field': 'text_units', 'value': 'Tên quán: Gà Tần Huyền Anh - Phở Xào & Cơm Rang - Quỳnh Mai\nNguồn: befood_comment\nRating người","tìm quán cơm gà gần Bách Khoa dưới 50k, ưu tiên rating cao",tim quan com ga gan bach khoa duoi 50k uu tien rating cao,"{""cuisine"": null, ""food"": ""com ga"", ""location"": ""bach khoa"", ""max_price"": 50000, ""normalized_query"": ""tim quan com ga gan bach khoa duoi 50k uu tien rating cao"", ""priority"": [""rating"", ""distance""], ""time_constraint"": null}",shown_candidate,false,2026-06-02T15:24:38+00:00
query:092e59b2-55be-4a6e-9450-53fb969fede3,,2026-06-02T15:35:20+00:00,,,bach khoa,bach khoa,,com ga,under_50k,rating|distance,rating|distance,,store:11471,11471,Thiên Trường - Phở Cồ & Cơm Gà Xối Mắm - Giải Phóng,1,,,,4.5,39.0,,,,,"khớp term: com, com ga; cách query 327m; rating 4.5; price_min 10000; opening_status=open","tìm quán cơm gà gần Bách Khoa dưới 50k, ưu tiên rating cao",tim quan com ga gan bach khoa duoi 50k uu tien rating cao,"{""cuisine"": null, ""food"": ""com ga"", ""location"": ""bach khoa"", ""max_price"": 50000, ""normalized_query"": ""tim quan com ga gan bach khoa duoi 50k uu tien rating cao"", ""priority"": [""rating"", ""distance""], ""time_constraint"": null}",shown_candidate,false,2026-06-02T15:35:20+00:00
query:092e59b2-55be-4a6e-9450-53fb969fede3,,2026-06-02T15:35:20+00:00,,,bach khoa,bach khoa,,com ga,under_50k,rating|distance,rating|distance,,store:25639,25639,Quán Mùa - Cơm Gà & Bún Miến Trộn - Tây Sơn,2,,,,4.6,562.0,,,,,"[{'source': 'menu', 'source_record_id': '867932', 'field': 'menu_items', 'value': 'Phở trộn bò và gà - 1 Coca cola'}, {'source': 'menu', 'source_record_id': '867933', 'field': 'menu_items', 'value': 'Miến trộn bò và gà - 1 coca cola'}, {'source': 'menu', 'source_record_id': '867935', 'field': 'menu_items', 'value': 'Bún trộn bò và gà - 1 Sprite'}, {'source': 'review', 'source_record_id': 'tu_15034de1df0b4e9a', 'field': 'text_units', 'value': 'Tên quán: Quán Mùa - Cơm Gà & Bún Miến Trộn - Tây Sơn","tìm quán cơm gà gần Bách Khoa dưới 50k, ưu tiên rating cao",tim quan com ga gan bach khoa duoi 50k uu tien rating cao,"{""cuisine"": null, ""food"": ""com ga"", ""location"": ""bach khoa"", ""max_price"": 50000, ""normalized_query"": ""tim quan com ga gan bach khoa duoi 50k uu tien rating cao"", ""priority"": [""rating"", ""distance""], ""time_constraint"": null}",shown_candidate,false,2026-06-02T15:35:20+00:00
query:092e59b2-55be-4a6e-9450-53fb969fede3,,2026-06-02T15:35:20+00:00,,,bach khoa,bach khoa,,com ga,under_50k,rating|distance,rating|distance,,store:40980,40980,Cơm Thố Bách Khoa - Lương Định Của,3,,,,4.8,310.0,,,,,"[{'source': 'menu', 'source_record_id': '9219335', 'field': 'menu_items', 'value': 'Cơm thố Gà - Trứng'}, {'source': 'menu', 'source_record_id': '2965481', 'field': 'menu_items', 'value': 'CƠM THỐ ĐẶC BIỆT'}, {'source': 'menu', 'source_record_id': '6410385', 'field': 'menu_items', 'value': 'CƠM THỐ MIX 2 vị'}, {'source': 'review', 'source_record_id': 'tu_c6fcefdfcd9d111c', 'field': 'text_units', 'value': 'Tên quán: Cơm Thố Bách Khoa - Lương Định Của\nNguồn: befood_comment\nRating người dùng: 4.8","tìm quán cơm gà gần Bách Khoa dưới 50k, ưu tiên rating cao",tim quan com ga gan bach khoa duoi 50k uu tien rating cao,"{""cuisine"": null, ""food"": ""com ga"", ""location"": ""bach khoa"", ""max_price"": 50000, ""normalized_query"": ""tim quan com ga gan bach khoa duoi 50k uu tien rating cao"", ""priority"": [""rating"", ""distance""], ""time_constraint"": null}",shown_candidate,false,2026-06-02T15:35:20+00:00
query:092e59b2-55be-4a6e-9450-53fb969fede3,,2026-06-02T15:35:20+00:00,,,bach khoa,bach khoa,,com ga,under_50k,rating|distance,rating|distance,,store:4486,4486,"Bento Delichi (by Cooky) - Cơm Gà Mắm Tỏi, Xối Mỡ - Xã Đàn",4,,,,4.7,2748.0,,,,,"khớp term: com, com ga, com van phong; cách query 595m; rating 4.7; price_min 8000; opening_status=open","tìm quán cơm gà gần Bách Khoa dưới 50k, ưu tiên rating cao",tim quan com ga gan bach khoa duoi 50k uu tien rating cao,"{""cuisine"": null, ""food"": ""com ga"", ""location"": ""bach khoa"", ""max_price"": 50000, ""normalized_query"": ""tim quan com ga gan bach khoa duoi 50k uu tien rating cao"", ""priority"": [""rating"", ""distance""], ""time_constraint"": null}",shown_candidate,false,2026-06-02T15:35:20+00:00
query:092e59b2-55be-4a6e-9450-53fb969fede3,,2026-06-02T15:35:20+00:00,,,bach khoa,bach khoa,,com ga,under_50k,rating|distance,rating|distance,,store:28837,28837,Gà Tần Huyền Anh - Phở Xào & Cơm Rang - Quỳnh Mai,5,,,,4.7,173.0,,,,,"[{'source': 'menu', 'source_record_id': '1005079', 'field': 'menu_items', 'value': 'Phở xào mềm bò'}, {'source': 'menu', 'source_record_id': '1005080', 'field': 'menu_items', 'value': 'Phở xào giòn bò'}, {'source': 'menu', 'source_record_id': '1005081', 'field': 'menu_items', 'value': 'Phở xào giòn tim'}, {'source': 'review', 'source_record_id': 'tu_ed697290ea2a7085', 'field': 'text_units', 'value': 'Tên quán: Gà Tần Huyền Anh - Phở Xào & Cơm Rang - Quỳnh Mai\nNguồn: befood_comment\nRating người","tìm quán cơm gà gần Bách Khoa dưới 50k, ưu tiên rating cao",tim quan com ga gan bach khoa duoi 50k uu tien rating cao,"{""cuisine"": null, ""food"": ""com ga"", ""location"": ""bach khoa"", ""max_price"": 50000, ""normalized_query"": ""tim quan com ga gan bach khoa duoi 50k uu tien rating cao"", ""priority"": [""rating"", ""distance""], ""time_constraint"": null}",shown_candidate,false,2026-06-02T15:35:20+00:00
query:6dfb681d-62fb-49c6-ae5c-aa6994ecafeb,,2026-06-02T15:37:46+00:00,,,bach khoa,bach khoa,,com ga,under_50k,distance,distance,,store:25639,25639,Quán Mùa - Cơm Gà & Bún Miến Trộn - Tây Sơn,1,,,,4.6,562.0,,,,,"[{'source': 'menu', 'source_record_id': '867932', 'field': 'menu_items', 'value': 'Phở trộn bò và gà - 1 Coca cola'}, {'source': 'menu', 'source_record_id': '867933', 'field': 'menu_items', 'value': 'Miến trộn bò và gà - 1 coca cola'}, {'source': 'menu', 'source_record_id': '867935', 'field': 'menu_items', 'value': 'Bún trộn bò và gà - 1 Sprite'}, {'source': 'review', 'source_record_id': 'tu_15034de1df0b4e9a', 'field': 'text_units', 'value': 'Tên quán: Quán Mùa - Cơm Gà & Bún Miến Trộn - Tây Sơn","tìm quán cơm gà gần Bách Khoa dưới 50k
o",tim quan com ga gan bach khoa duoi 50k o,"{""cuisine"": null, ""food"": ""com ga"", ""location"": ""bach khoa"", ""max_price"": 50000, ""normalized_query"": ""tim quan com ga gan bach khoa duoi 50k o"", ""priority"": [""distance""], ""time_constraint"": null}",shown_candidate,false,2026-06-02T15:37:46+00:00
query:6dfb681d-62fb-49c6-ae5c-aa6994ecafeb,,2026-06-02T15:37:46+00:00,,,bach khoa,bach khoa,,com ga,under_50k,distance,distance,,store:40980,40980,Cơm Thố Bách Khoa - Lương Định Của,2,,,,4.8,310.0,,,,,"[{'source': 'menu', 'source_record_id': '9219335', 'field': 'menu_items', 'value': 'Cơm thố Gà - Trứng'}, {'source': 'menu', 'source_record_id': '2965481', 'field': 'menu_items', 'value': 'CƠM THỐ ĐẶC BIỆT'}, {'source': 'menu', 'source_record_id': '6410385', 'field': 'menu_items', 'value': 'CƠM THỐ MIX 2 vị'}, {'source': 'review', 'source_record_id': 'tu_c6fcefdfcd9d111c', 'field': 'text_units', 'value': 'Tên quán: Cơm Thố Bách Khoa - Lương Định Của\nNguồn: befood_comment\nRating người dùng: 4.8","tìm quán cơm gà gần Bách Khoa dưới 50k
o",tim quan com ga gan bach khoa duoi 50k o,"{""cuisine"": null, ""food"": ""com ga"", ""location"": ""bach khoa"", ""max_price"": 50000, ""normalized_query"": ""tim quan com ga gan bach khoa duoi 50k o"", ""priority"": [""distance""], ""time_constraint"": null}",shown_candidate,false,2026-06-02T15:37:46+00:00
query:6dfb681d-62fb-49c6-ae5c-aa6994ecafeb,,2026-06-02T15:37:46+00:00,,,bach khoa,bach khoa,,com ga,under_50k,distance,distance,,store:11471,11471,Thiên Trường - Phở Cồ & Cơm Gà Xối Mắm - Giải Phóng,3,,,,4.5,39.0,,,,,"khớp term: com, com ga; cách query 327m; rating 4.5; price_min 10000; opening_status=open","tìm quán cơm gà gần Bách Khoa dưới 50k
o",tim quan com ga gan bach khoa duoi 50k o,"{""cuisine"": null, ""food"": ""com ga"", ""location"": ""bach khoa"", ""max_price"": 50000, ""normalized_query"": ""tim quan com ga gan bach khoa duoi 50k o"", ""priority"": [""distance""], ""time_constraint"": null}",shown_candidate,false,2026-06-02T15:37:46+00:00
query:6dfb681d-62fb-49c6-ae5c-aa6994ecafeb,,2026-06-02T15:37:46+00:00,,,bach khoa,bach khoa,,com ga,under_50k,distance,distance,,store:4486,4486,"Bento Delichi (by Cooky) - Cơm Gà Mắm Tỏi, Xối Mỡ - Xã Đàn",4,,,,4.7,2748.0,,,,,"khớp term: com, com ga, com van phong; cách query 595m; rating 4.7; price_min 8000; opening_status=open","tìm quán cơm gà gần Bách Khoa dưới 50k
o",tim quan com ga gan bach khoa duoi 50k o,"{""cuisine"": null, ""food"": ""com ga"", ""location"": ""bach khoa"", ""max_price"": 50000, ""normalized_query"": ""tim quan com ga gan bach khoa duoi 50k o"", ""priority"": [""distance""], ""time_constraint"": null}",shown_candidate,false,2026-06-02T15:37:46+00:00
query:6dfb681d-62fb-49c6-ae5c-aa6994ecafeb,,2026-06-02T15:37:46+00:00,,,bach khoa,bach khoa,,com ga,under_50k,distance,distance,,store:128372,128372,Cơm BomPi - Gà & Xá Xíu - Trường Chinh,5,,,,4.3,8.0,,,,,"[{'source': 'menu', 'source_record_id': '11237130', 'field': 'menu_items', 'value': 'Cơm gà xá xíu'}, {'source': 'menu', 'source_record_id': '11237131', 'field': 'menu_items', 'value': 'Cơm heo xá xíu'}, {'source': 'menu', 'source_record_id': '11237132', 'field': 'menu_items', 'value': 'Cơm gà bompi'}, {'source': 'review', 'source_record_id': 'tu_9a81d1a4bf13121f', 'field': 'text_units', 'value': 'Tên quán: Cơm BomPi - Gà & Xá Xíu - Trường Chinh\nNguồn: befood_comment\nRating người dùng: 4.3\nSe","tìm quán cơm gà gần Bách Khoa dưới 50k
o",tim quan com ga gan bach khoa duoi 50k o,"{""cuisine"": null, ""food"": ""com ga"", ""location"": ""bach khoa"", ""max_price"": 50000, ""normalized_query"": ""tim quan com ga gan bach khoa duoi 50k o"", ""priority"": [""distance""], ""time_constraint"": null}",shown_candidate,false,2026-06-02T15:37:46+00:00
query:2729e700-b589-4773-b81a-7849e691a6a1,,2026-06-02T15:42:58+00:00,,,bach khoa,bach khoa,,com ga,under_50k,distance,distance,,store:40980,40980,Cơm Thố Bách Khoa - Lương Định Của,1,,,,4.8,310.0,,,,,"[{'source': 'menu', 'source_record_id': '9219335', 'field': 'menu_items', 'value': 'Cơm thố Gà - Trứng'}, {'source': 'menu', 'source_record_id': '2965481', 'field': 'menu_items', 'value': 'CƠM THỐ ĐẶC BIỆT'}, {'source': 'menu', 'source_record_id': '6410385', 'field': 'menu_items', 'value': 'CƠM THỐ MIX 2 vị'}, {'source': 'review', 'source_record_id': 'tu_c6fcefdfcd9d111c', 'field': 'text_units', 'value': 'Tên quán: Cơm Thố Bách Khoa - Lương Định Của\nNguồn: befood_comment\nRating người dùng: 4.8",tôi muốn ăn cơm gà gần Bách Khoa giá dưới 50k,toi muon an com ga gan bach khoa gia duoi 50k,"{""cuisine"": null, ""food"": ""com ga"", ""location"": ""bach khoa"", ""max_price"": 50000, ""normalized_query"": ""toi muon an com ga gan bach khoa gia duoi 50k"", ""priority"": [""distance""], ""time_constraint"": null}",shown_candidate,false,2026-06-02T15:42:58+00:00
query:2729e700-b589-4773-b81a-7849e691a6a1,,2026-06-02T15:42:58+00:00,,,bach khoa,bach khoa,,com ga,under_50k,distance,distance,,store:7635,7635,Happy Food Cơm Gà Ba Vì,2,,,,4.8,4000.0,,,,,"[{'source': 'menu', 'source_record_id': '7617183', 'field': 'menu_items', 'value': 'Combo Cơm Gà Lọc Xương Sốt BBQ + Pepsi'}, {'source': 'menu', 'source_record_id': '7617184', 'field': 'menu_items', 'value': 'Combo Cơm bò xào sốt tiêu đen + Pepsi'}, {'source': 'menu', 'source_record_id': '7617185', 'field': 'menu_items', 'value': 'Combo Cơm Gà Sốt cay ngọt + Pepsi'}, {'source': 'review', 'source_record_id': 'tu_415e50fd226b34db', 'field': 'text_units', 'value': 'Tên quán: Happy Food Cơm Gà Ba Vì",tôi muốn ăn cơm gà gần Bách Khoa giá dưới 50k,toi muon an com ga gan bach khoa gia duoi 50k,"{""cuisine"": null, ""food"": ""com ga"", ""location"": ""bach khoa"", ""max_price"": 50000, ""normalized_query"": ""toi muon an com ga gan bach khoa gia duoi 50k"", ""priority"": [""distance""], ""time_constraint"": null}",shown_candidate,false,2026-06-02T15:42:58+00:00
query:70753369-0ab6-479d-9412-1ff6e2bc4e48,,2026-06-02T15:43:33+00:00,,,bach khoa,bach khoa,,com ga,under_50k,distance,distance,,store:40980,40980,Cơm Thố Bách Khoa - Lương Định Của,1,,,,4.8,310.0,,,,,"[{'source': 'menu', 'source_record_id': '9219335', 'field': 'menu_items', 'value': 'Cơm thố Gà - Trứng'}, {'source': 'menu', 'source_record_id': '2965481', 'field': 'menu_items', 'value': 'CƠM THỐ ĐẶC BIỆT'}, {'source': 'menu', 'source_record_id': '6410385', 'field': 'menu_items', 'value': 'CƠM THỐ MIX 2 vị'}, {'source': 'review', 'source_record_id': 'tu_c6fcefdfcd9d111c', 'field': 'text_units', 'value': 'Tên quán: Cơm Thố Bách Khoa - Lương Định Của\nNguồn: befood_comment\nRating người dùng: 4.8",tôi muốn ăn cơm gà gần Bách Khoa giá dưới 50k,toi muon an com ga gan bach khoa gia duoi 50k,"{""cuisine"": null, ""food"": ""com ga"", ""location"": ""bach khoa"", ""max_price"": 50000, ""normalized_query"": ""toi muon an com ga gan bach khoa gia duoi 50k"", ""priority"": [""distance""], ""time_constraint"": null}",shown_candidate,false,2026-06-02T15:43:33+00:00
query:70753369-0ab6-479d-9412-1ff6e2bc4e48,,2026-06-02T15:43:33+00:00,,,bach khoa,bach khoa,,com ga,under_50k,distance,distance,,store:7635,7635,Happy Food Cơm Gà Ba Vì,2,,,,4.8,4000.0,,,,,"[{'source': 'menu', 'source_record_id': '7617183', 'field': 'menu_items', 'value': 'Combo Cơm Gà Lọc Xương Sốt BBQ + Pepsi'}, {'source': 'menu', 'source_record_id': '7617184', 'field': 'menu_items', 'value': 'Combo Cơm bò xào sốt tiêu đen + Pepsi'}, {'source': 'menu', 'source_record_id': '7617185', 'field': 'menu_items', 'value': 'Combo Cơm Gà Sốt cay ngọt + Pepsi'}, {'source': 'review', 'source_record_id': 'tu_415e50fd226b34db', 'field': 'text_units', 'value': 'Tên quán: Happy Food Cơm Gà Ba Vì",tôi muốn ăn cơm gà gần Bách Khoa giá dưới 50k,toi muon an com ga gan bach khoa gia duoi 50k,"{""cuisine"": null, ""food"": ""com ga"", ""location"": ""bach khoa"", ""max_price"": 50000, ""normalized_query"": ""toi muon an com ga gan bach khoa gia duoi 50k"", ""priority"": [""distance""], ""time_constraint"": null}",shown_candidate,false,2026-06-02T15:43:33+00:00
query:26c21492-6a6b-4ddf-8313-b48c9c43e52b,,2026-06-02T15:44:11+00:00,,,bach khoa,bach khoa,,com ga,under_50k,rating|distance,rating|distance,,store:11471,11471,Thiên Trường - Phở Cồ & Cơm Gà Xối Mắm - Giải Phóng,1,,,,4.5,39.0,,,,,"khớp term: com, com ga; cách query 327m; rating 4.5; price_min 10000; opening_status=open","tìm quán cơm gà gần Bách Khoa dưới 50k, ưu tiên rating cao",tim quan com ga gan bach khoa duoi 50k uu tien rating cao,"{""cuisine"": null, ""food"": ""com ga"", ""location"": ""bach khoa"", ""max_price"": 50000, ""normalized_query"": ""tim quan com ga gan bach khoa duoi 50k uu tien rating cao"", ""priority"": [""rating"", ""distance""], ""time_constraint"": null}",shown_candidate,false,2026-06-02T15:44:11+00:00
query:26c21492-6a6b-4ddf-8313-b48c9c43e52b,,2026-06-02T15:44:11+00:00,,,bach khoa,bach khoa,,com ga,under_50k,rating|distance,rating|distance,,store:25639,25639,Quán Mùa - Cơm Gà & Bún Miến Trộn - Tây Sơn,2,,,,4.6,562.0,,,,,"[{'source': 'menu', 'source_record_id': '867932', 'field': 'menu_items', 'value': 'Phở trộn bò và gà - 1 Coca cola'}, {'source': 'menu', 'source_record_id': '867933', 'field': 'menu_items', 'value': 'Miến trộn bò và gà - 1 coca cola'}, {'source': 'menu', 'source_record_id': '867935', 'field': 'menu_items', 'value': 'Bún trộn bò và gà - 1 Sprite'}, {'source': 'review', 'source_record_id': 'tu_15034de1df0b4e9a', 'field': 'text_units', 'value': 'Tên quán: Quán Mùa - Cơm Gà & Bún Miến Trộn - Tây Sơn","tìm quán cơm gà gần Bách Khoa dưới 50k, ưu tiên rating cao",tim quan com ga gan bach khoa duoi 50k uu tien rating cao,"{""cuisine"": null, ""food"": ""com ga"", ""location"": ""bach khoa"", ""max_price"": 50000, ""normalized_query"": ""tim quan com ga gan bach khoa duoi 50k uu tien rating cao"", ""priority"": [""rating"", ""distance""], ""time_constraint"": null}",shown_candidate,false,2026-06-02T15:44:11+00:00
query:26c21492-6a6b-4ddf-8313-b48c9c43e52b,,2026-06-02T15:44:11+00:00,,,bach khoa,bach khoa,,com ga,under_50k,rating|distance,rating|distance,,store:40980,40980,Cơm Thố Bách Khoa - Lương Định Của,3,,,,4.8,310.0,,,,,"[{'source': 'menu', 'source_record_id': '9219335', 'field': 'menu_items', 'value': 'Cơm thố Gà - Trứng'}, {'source': 'menu', 'source_record_id': '2965481', 'field': 'menu_items', 'value': 'CƠM THỐ ĐẶC BIỆT'}, {'source': 'menu', 'source_record_id': '6410385', 'field': 'menu_items', 'value': 'CƠM THỐ MIX 2 vị'}, {'source': 'review', 'source_record_id': 'tu_c6fcefdfcd9d111c', 'field': 'text_units', 'value': 'Tên quán: Cơm Thố Bách Khoa - Lương Định Của\nNguồn: befood_comment\nRating người dùng: 4.8","tìm quán cơm gà gần Bách Khoa dưới 50k, ưu tiên rating cao",tim quan com ga gan bach khoa duoi 50k uu tien rating cao,"{""cuisine"": null, ""food"": ""com ga"", ""location"": ""bach khoa"", ""max_price"": 50000, ""normalized_query"": ""tim quan com ga gan bach khoa duoi 50k uu tien rating cao"", ""priority"": [""rating"", ""distance""], ""time_constraint"": null}",shown_candidate,false,2026-06-02T15:44:11+00:00
query:26c21492-6a6b-4ddf-8313-b48c9c43e52b,,2026-06-02T15:44:11+00:00,,,bach khoa,bach khoa,,com ga,under_50k,rating|distance,rating|distance,,store:4486,4486,"Bento Delichi (by Cooky) - Cơm Gà Mắm Tỏi, Xối Mỡ - Xã Đàn",4,,,,4.7,2748.0,,,,,"khớp term: com, com ga, com van phong; cách query 595m; rating 4.7; price_min 8000; opening_status=open","tìm quán cơm gà gần Bách Khoa dưới 50k, ưu tiên rating cao",tim quan com ga gan bach khoa duoi 50k uu tien rating cao,"{""cuisine"": null, ""food"": ""com ga"", ""location"": ""bach khoa"", ""max_price"": 50000, ""normalized_query"": ""tim quan com ga gan bach khoa duoi 50k uu tien rating cao"", ""priority"": [""rating"", ""distance""], ""time_constraint"": null}",shown_candidate,false,2026-06-02T15:44:11+00:00
query:26c21492-6a6b-4ddf-8313-b48c9c43e52b,,2026-06-02T15:44:11+00:00,,,bach khoa,bach khoa,,com ga,under_50k,rating|distance,rating|distance,,store:28837,28837,Gà Tần Huyền Anh - Phở Xào & Cơm Rang - Quỳnh Mai,5,,,,4.7,173.0,,,,,"[{'source': 'menu', 'source_record_id': '1005079', 'field': 'menu_items', 'value': 'Phở xào mềm bò'}, {'source': 'menu', 'source_record_id': '1005080', 'field': 'menu_items', 'value': 'Phở xào giòn bò'}, {'source': 'menu', 'source_record_id': '1005081', 'field': 'menu_items', 'value': 'Phở xào giòn tim'}, {'source': 'review', 'source_record_id': 'tu_ed697290ea2a7085', 'field': 'text_units', 'value': 'Tên quán: Gà Tần Huyền Anh - Phở Xào & Cơm Rang - Quỳnh Mai\nNguồn: befood_comment\nRating người","tìm quán cơm gà gần Bách Khoa dưới 50k, ưu tiên rating cao",tim quan com ga gan bach khoa duoi 50k uu tien rating cao,"{""cuisine"": null, ""food"": ""com ga"", ""location"": ""bach khoa"", ""max_price"": 50000, ""normalized_query"": ""tim quan com ga gan bach khoa duoi 50k uu tien rating cao"", ""priority"": [""rating"", ""distance""], ""time_constraint"": null}",shown_candidate,false,2026-06-02T15:44:11+00:00
query:5cf3d50e-23cb-4e98-8a7d-47a02f1b0c1b,,2026-06-02T15:44:31+00:00,,,bach khoa,bach khoa,,tìm|quán|bún|gần|bách|khoa|dưới|50k,under_50k,distance,distance,,store:87272,87272,"Thành Tâm Quán - Cơm Rang, Phở Bò & Bún Bò Huế - Định Công Thượng",1,,,,4.4,25.0,,,,,"[{'source': 'menu', 'source_record_id': '6861606', 'field': 'menu_items', 'value': 'Bún bò Huế sinh viên'}, {'source': 'menu', 'source_record_id': '6861607', 'field': 'menu_items', 'value': 'Bún bò Huế - không móng'}, {'source': 'menu', 'source_record_id': '6861608', 'field': 'menu_items', 'value': 'Bún Huế đầy đủ'}, {'source': 'review', 'source_record_id': 'tu_c4aa9ae36dcca43f', 'field': 'text_units', 'value': 'Tên quán: Thành Tâm Quán - Cơm Rang, Phở Bò & Bún Bò Huế - Định Công Thượng\nNguồn: ",tìm quán bún bò gần Bách Khoa dưới 50k,tim quan bun bo gan bach khoa duoi 50k,"{""cuisine"": null, ""food"": null, ""location"": ""bach khoa"", ""max_price"": 50000, ""normalized_query"": ""tim quan bun bo gan bach khoa duoi 50k"", ""priority"": [""distance""], ""time_constraint"": null}",shown_candidate,false,2026-06-02T15:44:31+00:00
query:5cf3d50e-23cb-4e98-8a7d-47a02f1b0c1b,,2026-06-02T15:44:31+00:00,,,bach khoa,bach khoa,,tìm|quán|bún|gần|bách|khoa|dưới|50k,under_50k,distance,distance,,store:59967,59967,Quán Hà Nội Xưa - Bún Chả - Trường Chinh,2,,,,3.9,18.0,,,,,"[{'source': 'menu', 'source_record_id': '4235913', 'field': 'menu_items', 'value': 'Bún chả lá xương sông đày đủ'}, {'source': 'menu', 'source_record_id': '4235914', 'field': 'menu_items', 'value': 'Bún chả lá xương sông thịt miếng'}, {'source': 'menu', 'source_record_id': '4235915', 'field': 'menu_items', 'value': 'Bún chả lá xương sông thịt băm'}, {'source': 'review', 'source_record_id': 'tu_856653aa94c915f9', 'field': 'text_units', 'value': 'Tên quán: Quán Hà Nội Xưa - Bún Chả - Trường Chinh\",tìm quán bún bò gần Bách Khoa dưới 50k,tim quan bun bo gan bach khoa duoi 50k,"{""cuisine"": null, ""food"": null, ""location"": ""bach khoa"", ""max_price"": 50000, ""normalized_query"": ""tim quan bun bo gan bach khoa duoi 50k"", ""priority"": [""distance""], ""time_constraint"": null}",shown_candidate,false,2026-06-02T15:44:31+00:00
query:5cf3d50e-23cb-4e98-8a7d-47a02f1b0c1b,,2026-06-02T15:44:31+00:00,,,bach khoa,bach khoa,,tìm|quán|bún|gần|bách|khoa|dưới|50k,under_50k,distance,distance,,store:25639,25639,Quán Mùa - Cơm Gà & Bún Miến Trộn - Tây Sơn,3,,,,4.6,562.0,,,,,"[{'source': 'menu', 'source_record_id': '867932', 'field': 'menu_items', 'value': 'Phở trộn bò và gà - 1 Coca cola'}, {'source': 'menu', 'source_record_id': '867933', 'field': 'menu_items', 'value': 'Miến trộn bò và gà - 1 coca cola'}, {'source': 'menu', 'source_record_id': '867935', 'field': 'menu_items', 'value': 'Bún trộn bò và gà - 1 Sprite'}, {'source': 'review', 'source_record_id': 'tu_15034de1df0b4e9a', 'field': 'text_units', 'value': 'Tên quán: Quán Mùa - Cơm Gà & Bún Miến Trộn - Tây Sơn",tìm quán bún bò gần Bách Khoa dưới 50k,tim quan bun bo gan bach khoa duoi 50k,"{""cuisine"": null, ""food"": null, ""location"": ""bach khoa"", ""max_price"": 50000, ""normalized_query"": ""tim quan bun bo gan bach khoa duoi 50k"", ""priority"": [""distance""], ""time_constraint"": null}",shown_candidate,false,2026-06-02T15:44:31+00:00
query:5cf3d50e-23cb-4e98-8a7d-47a02f1b0c1b,,2026-06-02T15:44:31+00:00,,,bach khoa,bach khoa,,tìm|quán|bún|gần|bách|khoa|dưới|50k,under_50k,distance,distance,,store:130307,130307,"Phở Bò Nội - Bún Chả, Cháo & Cơm - Trần Hưng Đạo",4,,,,4.8,10.0,,,,,"[{'source': 'menu', 'source_record_id': '11563785', 'field': 'menu_items', 'value': 'Phở bò tái chín nạm'}, {'source': 'menu', 'source_record_id': '11563786', 'field': 'menu_items', 'value': 'Phở bò gầu'}, {'source': 'menu', 'source_record_id': '11563787', 'field': 'menu_items', 'value': 'Phở gà'}, {'source': 'review', 'source_record_id': 'tu_bc9541e1fead26dd', 'field': 'text_units', 'value': 'Tên quán: Phở Bò Nội - Bún Chả, Cháo & Cơm - Trần Hưng Đạo\nNguồn: befood_comment\nRating người dùng: 4",tìm quán bún bò gần Bách Khoa dưới 50k,tim quan bun bo gan bach khoa duoi 50k,"{""cuisine"": null, ""food"": null, ""location"": ""bach khoa"", ""max_price"": 50000, ""normalized_query"": ""tim quan bun bo gan bach khoa duoi 50k"", ""priority"": [""distance""], ""time_constraint"": null}",shown_candidate,false,2026-06-02T15:44:31+00:00
query:5cf3d50e-23cb-4e98-8a7d-47a02f1b0c1b,,2026-06-02T15:44:31+00:00,,,bach khoa,bach khoa,,tìm|quán|bún|gần|bách|khoa|dưới|50k,under_50k,distance,distance,,store:86219,86219,Phở Bò Thiên Trường - Bún Bò & Cơm Rang - Trương Định,5,,,,4.8,63.0,,,,,"[{'source': 'menu', 'source_record_id': '6798092', 'field': 'menu_items', 'value': 'Cơm rang dưa bò xào riêng'}, {'source': 'menu', 'source_record_id': '6798093', 'field': 'menu_items', 'value': 'Cơm rang thập cẩm'}, {'source': 'menu', 'source_record_id': '6798094', 'field': 'menu_items', 'value': 'Cơm rang đùi gà xối mắm'}, {'source': 'review', 'source_record_id': 'tu_d3f1283bd64e0ed1', 'field': 'text_units', 'value': 'Tên quán: Phở Bò Thiên Trường - Bún Bò & Cơm Rang - Trương Định\nNguồn: befo",tìm quán bún bò gần Bách Khoa dưới 50k,tim quan bun bo gan bach khoa duoi 50k,"{""cuisine"": null, ""food"": null, ""location"": ""bach khoa"", ""max_price"": 50000, ""normalized_query"": ""tim quan bun bo gan bach khoa duoi 50k"", ""priority"": [""distance""], ""time_constraint"": null}",shown_candidate,false,2026-06-02T15:44:31+00:00
query:6d465fc2-73fe-4633-b813-3e9eaa38ed42,,2026-06-02T15:47:54+00:00,,,bach khoa,bach khoa,,com ga,under_50k,rating|distance,rating|distance,,store:11471,11471,Thiên Trường - Phở Cồ & Cơm Gà Xối Mắm - Giải Phóng,1,,,,4.5,39.0,,,,,"khớp term: com, com ga; cách query 327m; rating 4.5; price_min 10000; opening_status=open","tìm quán cơm gà gần Bách Khoa dưới 50k, ưu tiên rating cao",tim quan com ga gan bach khoa duoi 50k uu tien rating cao,"{""cuisine"": null, ""food"": ""com ga"", ""location"": ""bach khoa"", ""max_price"": 50000, ""normalized_query"": ""tim quan com ga gan bach khoa duoi 50k uu tien rating cao"", ""priority"": [""rating"", ""distance""], ""time_constraint"": null}",shown_candidate,false,2026-06-02T15:47:54+00:00
query:6d465fc2-73fe-4633-b813-3e9eaa38ed42,,2026-06-02T15:47:54+00:00,,,bach khoa,bach khoa,,com ga,under_50k,rating|distance,rating|distance,,store:25639,25639,Quán Mùa - Cơm Gà & Bún Miến Trộn - Tây Sơn,2,,,,4.6,562.0,,,,,"[{'source': 'menu', 'source_record_id': '867932', 'field': 'menu_items', 'value': 'Phở trộn bò và gà - 1 Coca cola'}, {'source': 'menu', 'source_record_id': '867933', 'field': 'menu_items', 'value': 'Miến trộn bò và gà - 1 coca cola'}, {'source': 'menu', 'source_record_id': '867935', 'field': 'menu_items', 'value': 'Bún trộn bò và gà - 1 Sprite'}, {'source': 'review', 'source_record_id': 'tu_15034de1df0b4e9a', 'field': 'text_units', 'value': 'Tên quán: Quán Mùa - Cơm Gà & Bún Miến Trộn - Tây Sơn","tìm quán cơm gà gần Bách Khoa dưới 50k, ưu tiên rating cao",tim quan com ga gan bach khoa duoi 50k uu tien rating cao,"{""cuisine"": null, ""food"": ""com ga"", ""location"": ""bach khoa"", ""max_price"": 50000, ""normalized_query"": ""tim quan com ga gan bach khoa duoi 50k uu tien rating cao"", ""priority"": [""rating"", ""distance""], ""time_constraint"": null}",shown_candidate,false,2026-06-02T15:47:54+00:00
query:6d465fc2-73fe-4633-b813-3e9eaa38ed42,,2026-06-02T15:47:54+00:00,,,bach khoa,bach khoa,,com ga,under_50k,rating|distance,rating|distance,,store:40980,40980,Cơm Thố Bách Khoa - Lương Định Của,3,,,,4.8,310.0,,,,,"[{'source': 'menu', 'source_record_id': '9219335', 'field': 'menu_items', 'value': 'Cơm thố Gà - Trứng'}, {'source': 'menu', 'source_record_id': '2965481', 'field': 'menu_items', 'value': 'CƠM THỐ ĐẶC BIỆT'}, {'source': 'menu', 'source_record_id': '6410385', 'field': 'menu_items', 'value': 'CƠM THỐ MIX 2 vị'}, {'source': 'review', 'source_record_id': 'tu_c6fcefdfcd9d111c', 'field': 'text_units', 'value': 'Tên quán: Cơm Thố Bách Khoa - Lương Định Của\nNguồn: befood_comment\nRating người dùng: 4.8","tìm quán cơm gà gần Bách Khoa dưới 50k, ưu tiên rating cao",tim quan com ga gan bach khoa duoi 50k uu tien rating cao,"{""cuisine"": null, ""food"": ""com ga"", ""location"": ""bach khoa"", ""max_price"": 50000, ""normalized_query"": ""tim quan com ga gan bach khoa duoi 50k uu tien rating cao"", ""priority"": [""rating"", ""distance""], ""time_constraint"": null}",shown_candidate,false,2026-06-02T15:47:54+00:00
query:6d465fc2-73fe-4633-b813-3e9eaa38ed42,,2026-06-02T15:47:54+00:00,,,bach khoa,bach khoa,,com ga,under_50k,rating|distance,rating|distance,,store:4486,4486,"Bento Delichi (by Cooky) - Cơm Gà Mắm Tỏi, Xối Mỡ - Xã Đàn",4,,,,4.7,2748.0,,,,,"khớp term: com, com ga, com van phong; cách query 595m; rating 4.7; price_min 8000; opening_status=open","tìm quán cơm gà gần Bách Khoa dưới 50k, ưu tiên rating cao",tim quan com ga gan bach khoa duoi 50k uu tien rating cao,"{""cuisine"": null, ""food"": ""com ga"", ""location"": ""bach khoa"", ""max_price"": 50000, ""normalized_query"": ""tim quan com ga gan bach khoa duoi 50k uu tien rating cao"", ""priority"": [""rating"", ""distance""], ""time_constraint"": null}",shown_candidate,false,2026-06-02T15:47:54+00:00
query:6d465fc2-73fe-4633-b813-3e9eaa38ed42,,2026-06-02T15:47:54+00:00,,,bach khoa,bach khoa,,com ga,under_50k,rating|distance,rating|distance,,store:28837,28837,Gà Tần Huyền Anh - Phở Xào & Cơm Rang - Quỳnh Mai,5,,,,4.7,173.0,,,,,"[{'source': 'menu', 'source_record_id': '1005079', 'field': 'menu_items', 'value': 'Phở xào mềm bò'}, {'source': 'menu', 'source_record_id': '1005080', 'field': 'menu_items', 'value': 'Phở xào giòn bò'}, {'source': 'menu', 'source_record_id': '1005081', 'field': 'menu_items', 'value': 'Phở xào giòn tim'}, {'source': 'review', 'source_record_id': 'tu_ed697290ea2a7085', 'field': 'text_units', 'value': 'Tên quán: Gà Tần Huyền Anh - Phở Xào & Cơm Rang - Quỳnh Mai\nNguồn: befood_comment\nRating người","tìm quán cơm gà gần Bách Khoa dưới 50k, ưu tiên rating cao",tim quan com ga gan bach khoa duoi 50k uu tien rating cao,"{""cuisine"": null, ""food"": ""com ga"", ""location"": ""bach khoa"", ""max_price"": 50000, ""normalized_query"": ""tim quan com ga gan bach khoa duoi 50k uu tien rating cao"", ""priority"": [""rating"", ""distance""], ""time_constraint"": null}",shown_candidate,false,2026-06-02T15:47:54+00:00
query:f06c9299-4192-4538-b260-c76fea22cd0d,,2026-06-02T15:47:58+00:00,,,bach khoa,bach khoa,,com ga,under_50k,rating|distance,rating|distance,,store:11471,11471,Thiên Trường - Phở Cồ & Cơm Gà Xối Mắm - Giải Phóng,1,,,,4.5,39.0,,,,,"khớp term: com, com ga; cách query 327m; rating 4.5; price_min 10000; opening_status=open","tìm quán cơm gà gần Bách Khoa dưới 50k, ưu tiên rating cao",tim quan com ga gan bach khoa duoi 50k uu tien rating cao,"{""cuisine"": null, ""food"": ""com ga"", ""location"": ""bach khoa"", ""max_price"": 50000, ""normalized_query"": ""tim quan com ga gan bach khoa duoi 50k uu tien rating cao"", ""priority"": [""rating"", ""distance""], ""time_constraint"": null}",shown_candidate,false,2026-06-02T15:47:58+00:00
query:f06c9299-4192-4538-b260-c76fea22cd0d,,2026-06-02T15:47:58+00:00,,,bach khoa,bach khoa,,com ga,under_50k,rating|distance,rating|distance,,store:25639,25639,Quán Mùa - Cơm Gà & Bún Miến Trộn - Tây Sơn,2,,,,4.6,562.0,,,,,"[{'source': 'menu', 'source_record_id': '867932', 'field': 'menu_items', 'value': 'Phở trộn bò và gà - 1 Coca cola'}, {'source': 'menu', 'source_record_id': '867933', 'field': 'menu_items', 'value': 'Miến trộn bò và gà - 1 coca cola'}, {'source': 'menu', 'source_record_id': '867935', 'field': 'menu_items', 'value': 'Bún trộn bò và gà - 1 Sprite'}, {'source': 'review', 'source_record_id': 'tu_15034de1df0b4e9a', 'field': 'text_units', 'value': 'Tên quán: Quán Mùa - Cơm Gà & Bún Miến Trộn - Tây Sơn","tìm quán cơm gà gần Bách Khoa dưới 50k, ưu tiên rating cao",tim quan com ga gan bach khoa duoi 50k uu tien rating cao,"{""cuisine"": null, ""food"": ""com ga"", ""location"": ""bach khoa"", ""max_price"": 50000, ""normalized_query"": ""tim quan com ga gan bach khoa duoi 50k uu tien rating cao"", ""priority"": [""rating"", ""distance""], ""time_constraint"": null}",shown_candidate,false,2026-06-02T15:47:58+00:00
query:f06c9299-4192-4538-b260-c76fea22cd0d,,2026-06-02T15:47:58+00:00,,,bach khoa,bach khoa,,com ga,under_50k,rating|distance,rating|distance,,store:40980,40980,Cơm Thố Bách Khoa - Lương Định Của,3,,,,4.8,310.0,,,,,"[{'source': 'menu', 'source_record_id': '9219335', 'field': 'menu_items', 'value': 'Cơm thố Gà - Trứng'}, {'source': 'menu', 'source_record_id': '2965481', 'field': 'menu_items', 'value': 'CƠM THỐ ĐẶC BIỆT'}, {'source': 'menu', 'source_record_id': '6410385', 'field': 'menu_items', 'value': 'CƠM THỐ MIX 2 vị'}, {'source': 'review', 'source_record_id': 'tu_c6fcefdfcd9d111c', 'field': 'text_units', 'value': 'Tên quán: Cơm Thố Bách Khoa - Lương Định Của\nNguồn: befood_comment\nRating người dùng: 4.8","tìm quán cơm gà gần Bách Khoa dưới 50k, ưu tiên rating cao",tim quan com ga gan bach khoa duoi 50k uu tien rating cao,"{""cuisine"": null, ""food"": ""com ga"", ""location"": ""bach khoa"", ""max_price"": 50000, ""normalized_query"": ""tim quan com ga gan bach khoa duoi 50k uu tien rating cao"", ""priority"": [""rating"", ""distance""], ""time_constraint"": null}",shown_candidate,false,2026-06-02T15:47:58+00:00
query:f06c9299-4192-4538-b260-c76fea22cd0d,,2026-06-02T15:47:58+00:00,,,bach khoa,bach khoa,,com ga,under_50k,rating|distance,rating|distance,,store:4486,4486,"Bento Delichi (by Cooky) - Cơm Gà Mắm Tỏi, Xối Mỡ - Xã Đàn",4,,,,4.7,2748.0,,,,,"khớp term: com, com ga, com van phong; cách query 595m; rating 4.7; price_min 8000; opening_status=open","tìm quán cơm gà gần Bách Khoa dưới 50k, ưu tiên rating cao",tim quan com ga gan bach khoa duoi 50k uu tien rating cao,"{""cuisine"": null, ""food"": ""com ga"", ""location"": ""bach khoa"", ""max_price"": 50000, ""normalized_query"": ""tim quan com ga gan bach khoa duoi 50k uu tien rating cao"", ""priority"": [""rating"", ""distance""], ""time_constraint"": null}",shown_candidate,false,2026-06-02T15:47:58+00:00
query:f06c9299-4192-4538-b260-c76fea22cd0d,,2026-06-02T15:47:58+00:00,,,bach khoa,bach khoa,,com ga,under_50k,rating|distance,rating|distance,,store:28837,28837,Gà Tần Huyền Anh - Phở Xào & Cơm Rang - Quỳnh Mai,5,,,,4.7,173.0,,,,,"[{'source': 'menu', 'source_record_id': '1005079', 'field': 'menu_items', 'value': 'Phở xào mềm bò'}, {'source': 'menu', 'source_record_id': '1005080', 'field': 'menu_items', 'value': 'Phở xào giòn bò'}, {'source': 'menu', 'source_record_id': '1005081', 'field': 'menu_items', 'value': 'Phở xào giòn tim'}, {'source': 'review', 'source_record_id': 'tu_ed697290ea2a7085', 'field': 'text_units', 'value': 'Tên quán: Gà Tần Huyền Anh - Phở Xào & Cơm Rang - Quỳnh Mai\nNguồn: befood_comment\nRating người","tìm quán cơm gà gần Bách Khoa dưới 50k, ưu tiên rating cao",tim quan com ga gan bach khoa duoi 50k uu tien rating cao,"{""cuisine"": null, ""food"": ""com ga"", ""location"": ""bach khoa"", ""max_price"": 50000, ""normalized_query"": ""tim quan com ga gan bach khoa duoi 50k uu tien rating cao"", ""priority"": [""rating"", ""distance""], ""time_constraint"": null}",shown_candidate,false,2026-06-02T15:47:58+00:00
query:4164db86-9458-4fbb-9ce4-b2c08758c434,,2026-06-02T15:59:34+00:00,21.005118,105.845592,bach khoa,bach khoa,,com ga,under_50k,distance,distance,1500.0,store:40980,40980,Cơm Thố Bách Khoa - Lương Định Của,1,,,1021.1,4.8,310.0,,21.00451088,105.8357773,,"[{'source': 'menu', 'source_record_id': '9219335', 'field': 'menu_items', 'value': 'Cơm thố Gà - Trứng'}, {'source': 'menu', 'source_record_id': '2965481', 'field': 'menu_items', 'value': 'CƠM THỐ ĐẶC BIỆT'}, {'source': 'menu', 'source_record_id': '6410385', 'field': 'menu_items', 'value': 'CƠM THỐ MIX 2 vị'}, {'source': 'review', 'source_record_id': 'tu_c6fcefdfcd9d111c', 'field': 'text_units', 'value': 'Tên quán: Cơm Thố Bách Khoa - Lương Định Của\nNguồn: befood_comment\nRating người dùng: 4.8",tôi muốn ăn cơm gà gần Bách Khoa giá dưới 50k,toi muon an com ga gan bach khoa gia duoi 50k,"{""cuisine"": null, ""distance_tolerance_m"": 1500.0, ""food"": ""com ga"", ""location"": ""bach khoa"", ""max_price"": 50000, ""normalized_query"": ""toi muon an com ga gan bach khoa gia duoi 50k"", ""priority"": [""distance""], ""query_lat"": 21.005118, ""query_lng"": 105.845592, ""time_constraint"": null}",shown_candidate,false,2026-06-02T15:59:34+00:00
query:4164db86-9458-4fbb-9ce4-b2c08758c434,,2026-06-02T15:59:34+00:00,21.005118,105.845592,bach khoa,bach khoa,,com ga,under_50k,distance,distance,1500.0,store:7635,7635,Happy Food Cơm Gà Ba Vì,2,,,796.3,4.8,4000.0,,20.99850082,105.842659,,"[{'source': 'menu', 'source_record_id': '7617183', 'field': 'menu_items', 'value': 'Combo Cơm Gà Lọc Xương Sốt BBQ + Pepsi'}, {'source': 'menu', 'source_record_id': '7617184', 'field': 'menu_items', 'value': 'Combo Cơm bò xào sốt tiêu đen + Pepsi'}, {'source': 'menu', 'source_record_id': '7617185', 'field': 'menu_items', 'value': 'Combo Cơm Gà Sốt cay ngọt + Pepsi'}, {'source': 'review', 'source_record_id': 'tu_415e50fd226b34db', 'field': 'text_units', 'value': 'Tên quán: Happy Food Cơm Gà Ba Vì",tôi muốn ăn cơm gà gần Bách Khoa giá dưới 50k,toi muon an com ga gan bach khoa gia duoi 50k,"{""cuisine"": null, ""distance_tolerance_m"": 1500.0, ""food"": ""com ga"", ""location"": ""bach khoa"", ""max_price"": 50000, ""normalized_query"": ""toi muon an com ga gan bach khoa gia duoi 50k"", ""priority"": [""distance""], ""query_lat"": 21.005118, ""query_lng"": 105.845592, ""time_constraint"": null}",shown_candidate,false,2026-06-02T15:59:34+00:00
query:4164db86-9458-4fbb-9ce4-b2c08758c434,,2026-06-02T15:59:34+00:00,21.005118,105.845592,bach khoa,bach khoa,,com ga,under_50k,distance,distance,1500.0,store:14318,14318,Thuỷ Hùng Cơm Gà Ba Vì - Phố Vọng,3,,,796.3,4.8,1618.0,,20.99850082,105.842659,,"[{'source': 'menu', 'source_record_id': '488455', 'field': 'menu_items', 'value': 'Cơm sườn thăn chiên xù nhật'}, {'source': 'menu', 'source_record_id': '488453', 'field': 'menu_items', 'value': 'Cơm gà lọc xương sốt cay ngọt'}, {'source': 'menu', 'source_record_id': '488454', 'field': 'menu_items', 'value': 'Cơm gà lọc xương sốt BBQ'}, {'source': 'review', 'source_record_id': 'tu_e677fb99ac180115', 'field': 'text_units', 'value': 'Tên quán: Thuỷ Hùng Cơm Gà Ba Vì - Phố Vọng\nNguồn: befood_comme",tôi muốn ăn cơm gà gần Bách Khoa giá dưới 50k,toi muon an com ga gan bach khoa gia duoi 50k,"{""cuisine"": null, ""distance_tolerance_m"": 1500.0, ""food"": ""com ga"", ""location"": ""bach khoa"", ""max_price"": 50000, ""normalized_query"": ""toi muon an com ga gan bach khoa gia duoi 50k"", ""priority"": [""distance""], ""query_lat"": 21.005118, ""query_lng"": 105.845592, ""time_constraint"": null}",shown_candidate,false,2026-06-02T15:59:34+00:00
query:26d9a6fe-6335-4577-888c-4b2853380c4d,,2026-06-02T16:00:08+00:00,,,bach khoa,bach khoa,,com ga,under_50k,rating|distance,rating|distance,,store:11471,11471,Thiên Trường - Phở Cồ & Cơm Gà Xối Mắm - Giải Phóng,1,,,327.2,4.5,39.0,,21.00283051,105.8419876,,"khớp term: com, com ga; cách query 327m; rating 4.5; price_min 10000; opening_status=open","tìm quán cơm gà gần Bách Khoa dưới 50k, ưu tiên rating cao",tim quan com ga gan bach khoa duoi 50k uu tien rating cao,"{""cuisine"": null, ""distance_tolerance_m"": """", ""food"": ""com ga"", ""location"": ""bach khoa"", ""max_price"": 50000, ""normalized_query"": ""tim quan com ga gan bach khoa duoi 50k uu tien rating cao"", ""priority"": [""rating"", ""distance""], ""query_lat"": null, ""query_lng"": null, ""time_constraint"": null}",shown_candidate,false,2026-06-02T16:00:08+00:00
query:26d9a6fe-6335-4577-888c-4b2853380c4d,,2026-06-02T16:00:08+00:00,,,bach khoa,bach khoa,,com ga,under_50k,rating|distance,rating|distance,,store:25639,25639,Quán Mùa - Cơm Gà & Bún Miến Trộn - Tây Sơn,2,,,,4.6,562.0,,21.00948906,105.8276825,,"[{'source': 'menu', 'source_record_id': '867932', 'field': 'menu_items', 'value': 'Phở trộn bò và gà - 1 Coca cola'}, {'source': 'menu', 'source_record_id': '867933', 'field': 'menu_items', 'value': 'Miến trộn bò và gà - 1 coca cola'}, {'source': 'menu', 'source_record_id': '867935', 'field': 'menu_items', 'value': 'Bún trộn bò và gà - 1 Sprite'}, {'source': 'review', 'source_record_id': 'tu_15034de1df0b4e9a', 'field': 'text_units', 'value': 'Tên quán: Quán Mùa - Cơm Gà & Bún Miến Trộn - Tây Sơn","tìm quán cơm gà gần Bách Khoa dưới 50k, ưu tiên rating cao",tim quan com ga gan bach khoa duoi 50k uu tien rating cao,"{""cuisine"": null, ""distance_tolerance_m"": """", ""food"": ""com ga"", ""location"": ""bach khoa"", ""max_price"": 50000, ""normalized_query"": ""tim quan com ga gan bach khoa duoi 50k uu tien rating cao"", ""priority"": [""rating"", ""distance""], ""query_lat"": null, ""query_lng"": null, ""time_constraint"": null}",shown_candidate,false,2026-06-02T16:00:08+00:00
query:26d9a6fe-6335-4577-888c-4b2853380c4d,,2026-06-02T16:00:08+00:00,,,bach khoa,bach khoa,,com ga,under_50k,rating|distance,rating|distance,,store:40980,40980,Cơm Thố Bách Khoa - Lương Định Của,3,,,,4.8,310.0,,21.00451088,105.8357773,,"[{'source': 'menu', 'source_record_id': '9219335', 'field': 'menu_items', 'value': 'Cơm thố Gà - Trứng'}, {'source': 'menu', 'source_record_id': '2965481', 'field': 'menu_items', 'value': 'CƠM THỐ ĐẶC BIỆT'}, {'source': 'menu', 'source_record_id': '6410385', 'field': 'menu_items', 'value': 'CƠM THỐ MIX 2 vị'}, {'source': 'review', 'source_record_id': 'tu_c6fcefdfcd9d111c', 'field': 'text_units', 'value': 'Tên quán: Cơm Thố Bách Khoa - Lương Định Của\nNguồn: befood_comment\nRating người dùng: 4.8","tìm quán cơm gà gần Bách Khoa dưới 50k, ưu tiên rating cao",tim quan com ga gan bach khoa duoi 50k uu tien rating cao,"{""cuisine"": null, ""distance_tolerance_m"": """", ""food"": ""com ga"", ""location"": ""bach khoa"", ""max_price"": 50000, ""normalized_query"": ""tim quan com ga gan bach khoa duoi 50k uu tien rating cao"", ""priority"": [""rating"", ""distance""], ""query_lat"": null, ""query_lng"": null, ""time_constraint"": null}",shown_candidate,false,2026-06-02T16:00:08+00:00
query:26d9a6fe-6335-4577-888c-4b2853380c4d,,2026-06-02T16:00:08+00:00,,,bach khoa,bach khoa,,com ga,under_50k,rating|distance,rating|distance,,store:4486,4486,"Bento Delichi (by Cooky) - Cơm Gà Mắm Tỏi, Xối Mỡ - Xã Đàn",4,,,111.8,4.7,2748.0,,21.01066017,105.8376999,,"khớp term: com, com ga, com van phong; cách query 112m; rating 4.7; price_min 8000; opening_status=open","tìm quán cơm gà gần Bách Khoa dưới 50k, ưu tiên rating cao",tim quan com ga gan bach khoa duoi 50k uu tien rating cao,"{""cuisine"": null, ""distance_tolerance_m"": """", ""food"": ""com ga"", ""location"": ""bach khoa"", ""max_price"": 50000, ""normalized_query"": ""tim quan com ga gan bach khoa duoi 50k uu tien rating cao"", ""priority"": [""rating"", ""distance""], ""query_lat"": null, ""query_lng"": null, ""time_constraint"": null}",shown_candidate,false,2026-06-02T16:00:08+00:00
query:26d9a6fe-6335-4577-888c-4b2853380c4d,,2026-06-02T16:00:08+00:00,,,bach khoa,bach khoa,,com ga,under_50k,rating|distance,rating|distance,,store:28837,28837,Gà Tần Huyền Anh - Phở Xào & Cơm Rang - Quỳnh Mai,5,,,,4.7,173.0,,21.00131989,105.8601379,,"[{'source': 'menu', 'source_record_id': '1005079', 'field': 'menu_items', 'value': 'Phở xào mềm bò'}, {'source': 'menu', 'source_record_id': '1005080', 'field': 'menu_items', 'value': 'Phở xào giòn bò'}, {'source': 'menu', 'source_record_id': '1005081', 'field': 'menu_items', 'value': 'Phở xào giòn tim'}, {'source': 'review', 'source_record_id': 'tu_ed697290ea2a7085', 'field': 'text_units', 'value': 'Tên quán: Gà Tần Huyền Anh - Phở Xào & Cơm Rang - Quỳnh Mai\nNguồn: befood_comment\nRating người","tìm quán cơm gà gần Bách Khoa dưới 50k, ưu tiên rating cao",tim quan com ga gan bach khoa duoi 50k uu tien rating cao,"{""cuisine"": null, ""distance_tolerance_m"": """", ""food"": ""com ga"", ""location"": ""bach khoa"", ""max_price"": 50000, ""normalized_query"": ""tim quan com ga gan bach khoa duoi 50k uu tien rating cao"", ""priority"": [""rating"", ""distance""], ""query_lat"": null, ""query_lng"": null, ""time_constraint"": null}",shown_candidate,false,2026-06-02T16:00:08+00:00
query:20718686-8754-4927-816d-6a846389253a,,2026-06-02T16:00:12+00:00,,,bach khoa,bach khoa,,com ga,under_50k,rating|distance,rating|distance,,store:11471,11471,Thiên Trường - Phở Cồ & Cơm Gà Xối Mắm - Giải Phóng,1,,,327.2,4.5,39.0,,21.00283051,105.8419876,,"khớp term: com, com ga; cách query 327m; rating 4.5; price_min 10000; opening_status=open","tìm quán cơm gà gần Bách Khoa dưới 50k, ưu tiên rating cao",tim quan com ga gan bach khoa duoi 50k uu tien rating cao,"{""cuisine"": null, ""distance_tolerance_m"": """", ""food"": ""com ga"", ""location"": ""bach khoa"", ""max_price"": 50000, ""normalized_query"": ""tim quan com ga gan bach khoa duoi 50k uu tien rating cao"", ""priority"": [""rating"", ""distance""], ""query_lat"": null, ""query_lng"": null, ""time_constraint"": null}",shown_candidate,false,2026-06-02T16:00:12+00:00
query:20718686-8754-4927-816d-6a846389253a,,2026-06-02T16:00:12+00:00,,,bach khoa,bach khoa,,com ga,under_50k,rating|distance,rating|distance,,store:25639,25639,Quán Mùa - Cơm Gà & Bún Miến Trộn - Tây Sơn,2,,,,4.6,562.0,,21.00948906,105.8276825,,"[{'source': 'menu', 'source_record_id': '867932', 'field': 'menu_items', 'value': 'Phở trộn bò và gà - 1 Coca cola'}, {'source': 'menu', 'source_record_id': '867933', 'field': 'menu_items', 'value': 'Miến trộn bò và gà - 1 coca cola'}, {'source': 'menu', 'source_record_id': '867935', 'field': 'menu_items', 'value': 'Bún trộn bò và gà - 1 Sprite'}, {'source': 'review', 'source_record_id': 'tu_15034de1df0b4e9a', 'field': 'text_units', 'value': 'Tên quán: Quán Mùa - Cơm Gà & Bún Miến Trộn - Tây Sơn","tìm quán cơm gà gần Bách Khoa dưới 50k, ưu tiên rating cao",tim quan com ga gan bach khoa duoi 50k uu tien rating cao,"{""cuisine"": null, ""distance_tolerance_m"": """", ""food"": ""com ga"", ""location"": ""bach khoa"", ""max_price"": 50000, ""normalized_query"": ""tim quan com ga gan bach khoa duoi 50k uu tien rating cao"", ""priority"": [""rating"", ""distance""], ""query_lat"": null, ""query_lng"": null, ""time_constraint"": null}",shown_candidate,false,2026-06-02T16:00:12+00:00
query:20718686-8754-4927-816d-6a846389253a,,2026-06-02T16:00:12+00:00,,,bach khoa,bach khoa,,com ga,under_50k,rating|distance,rating|distance,,store:40980,40980,Cơm Thố Bách Khoa - Lương Định Của,3,,,,4.8,310.0,,21.00451088,105.8357773,,"[{'source': 'menu', 'source_record_id': '9219335', 'field': 'menu_items', 'value': 'Cơm thố Gà - Trứng'}, {'source': 'menu', 'source_record_id': '2965481', 'field': 'menu_items', 'value': 'CƠM THỐ ĐẶC BIỆT'}, {'source': 'menu', 'source_record_id': '6410385', 'field': 'menu_items', 'value': 'CƠM THỐ MIX 2 vị'}, {'source': 'review', 'source_record_id': 'tu_c6fcefdfcd9d111c', 'field': 'text_units', 'value': 'Tên quán: Cơm Thố Bách Khoa - Lương Định Của\nNguồn: befood_comment\nRating người dùng: 4.8","tìm quán cơm gà gần Bách Khoa dưới 50k, ưu tiên rating cao",tim quan com ga gan bach khoa duoi 50k uu tien rating cao,"{""cuisine"": null, ""distance_tolerance_m"": """", ""food"": ""com ga"", ""location"": ""bach khoa"", ""max_price"": 50000, ""normalized_query"": ""tim quan com ga gan bach khoa duoi 50k uu tien rating cao"", ""priority"": [""rating"", ""distance""], ""query_lat"": null, ""query_lng"": null, ""time_constraint"": null}",shown_candidate,false,2026-06-02T16:00:12+00:00
query:20718686-8754-4927-816d-6a846389253a,,2026-06-02T16:00:12+00:00,,,bach khoa,bach khoa,,com ga,under_50k,rating|distance,rating|distance,,store:4486,4486,"Bento Delichi (by Cooky) - Cơm Gà Mắm Tỏi, Xối Mỡ - Xã Đàn",4,,,111.8,4.7,2748.0,,21.01066017,105.8376999,,"khớp term: com, com ga, com van phong; cách query 112m; rating 4.7; price_min 8000; opening_status=open","tìm quán cơm gà gần Bách Khoa dưới 50k, ưu tiên rating cao",tim quan com ga gan bach khoa duoi 50k uu tien rating cao,"{""cuisine"": null, ""distance_tolerance_m"": """", ""food"": ""com ga"", ""location"": ""bach khoa"", ""max_price"": 50000, ""normalized_query"": ""tim quan com ga gan bach khoa duoi 50k uu tien rating cao"", ""priority"": [""rating"", ""distance""], ""query_lat"": null, ""query_lng"": null, ""time_constraint"": null}",shown_candidate,false,2026-06-02T16:00:12+00:00
query:20718686-8754-4927-816d-6a846389253a,,2026-06-02T16:00:12+00:00,,,bach khoa,bach khoa,,com ga,under_50k,rating|distance,rating|distance,,store:28837,28837,Gà Tần Huyền Anh - Phở Xào & Cơm Rang - Quỳnh Mai,5,,,,4.7,173.0,,21.00131989,105.8601379,,"[{'source': 'menu', 'source_record_id': '1005079', 'field': 'menu_items', 'value': 'Phở xào mềm bò'}, {'source': 'menu', 'source_record_id': '1005080', 'field': 'menu_items', 'value': 'Phở xào giòn bò'}, {'source': 'menu', 'source_record_id': '1005081', 'field': 'menu_items', 'value': 'Phở xào giòn tim'}, {'source': 'review', 'source_record_id': 'tu_ed697290ea2a7085', 'field': 'text_units', 'value': 'Tên quán: Gà Tần Huyền Anh - Phở Xào & Cơm Rang - Quỳnh Mai\nNguồn: befood_comment\nRating người","tìm quán cơm gà gần Bách Khoa dưới 50k, ưu tiên rating cao",tim quan com ga gan bach khoa duoi 50k uu tien rating cao,"{""cuisine"": null, ""distance_tolerance_m"": """", ""food"": ""com ga"", ""location"": ""bach khoa"", ""max_price"": 50000, ""normalized_query"": ""tim quan com ga gan bach khoa duoi 50k uu tien rating cao"", ""priority"": [""rating"", ""distance""], ""query_lat"": null, ""query_lng"": null, ""time_constraint"": null}",shown_candidate,false,2026-06-02T16:00:12+00:00
query:1166663d-56f9-4a17-b41d-a6c3eef25509,,2026-06-02T16:00:25+00:00,,,bach khoa,bach khoa,,com ga,under_50k,rating|distance,rating|distance,,store:11471,11471,Thiên Trường - Phở Cồ & Cơm Gà Xối Mắm - Giải Phóng,1,,,327.2,4.5,39.0,,21.00283051,105.8419876,,"khớp term: com, com ga; cách query 327m; rating 4.5; price_min 10000; opening_status=open","tìm quán cơm gà gần Bách Khoa dưới 50k, ưu tiên rating cao",tim quan com ga gan bach khoa duoi 50k uu tien rating cao,"{""cuisine"": null, ""distance_tolerance_m"": """", ""food"": ""com ga"", ""location"": ""bach khoa"", ""max_price"": 50000, ""normalized_query"": ""tim quan com ga gan bach khoa duoi 50k uu tien rating cao"", ""priority"": [""rating"", ""distance""], ""query_lat"": null, ""query_lng"": null, ""time_constraint"": null}",shown_candidate,false,2026-06-02T16:00:25+00:00
query:1166663d-56f9-4a17-b41d-a6c3eef25509,,2026-06-02T16:00:25+00:00,,,bach khoa,bach khoa,,com ga,under_50k,rating|distance,rating|distance,,store:25639,25639,Quán Mùa - Cơm Gà & Bún Miến Trộn - Tây Sơn,2,,,,4.6,562.0,,21.00948906,105.8276825,,"[{'source': 'menu', 'source_record_id': '867932', 'field': 'menu_items', 'value': 'Phở trộn bò và gà - 1 Coca cola'}, {'source': 'menu', 'source_record_id': '867933', 'field': 'menu_items', 'value': 'Miến trộn bò và gà - 1 coca cola'}, {'source': 'menu', 'source_record_id': '867935', 'field': 'menu_items', 'value': 'Bún trộn bò và gà - 1 Sprite'}, {'source': 'review', 'source_record_id': 'tu_15034de1df0b4e9a', 'field': 'text_units', 'value': 'Tên quán: Quán Mùa - Cơm Gà & Bún Miến Trộn - Tây Sơn","tìm quán cơm gà gần Bách Khoa dưới 50k, ưu tiên rating cao",tim quan com ga gan bach khoa duoi 50k uu tien rating cao,"{""cuisine"": null, ""distance_tolerance_m"": """", ""food"": ""com ga"", ""location"": ""bach khoa"", ""max_price"": 50000, ""normalized_query"": ""tim quan com ga gan bach khoa duoi 50k uu tien rating cao"", ""priority"": [""rating"", ""distance""], ""query_lat"": null, ""query_lng"": null, ""time_constraint"": null}",shown_candidate,false,2026-06-02T16:00:25+00:00
query:1166663d-56f9-4a17-b41d-a6c3eef25509,,2026-06-02T16:00:25+00:00,,,bach khoa,bach khoa,,com ga,under_50k,rating|distance,rating|distance,,store:40980,40980,Cơm Thố Bách Khoa - Lương Định Của,3,,,,4.8,310.0,,21.00451088,105.8357773,,"[{'source': 'menu', 'source_record_id': '9219335', 'field': 'menu_items', 'value': 'Cơm thố Gà - Trứng'}, {'source': 'menu', 'source_record_id': '2965481', 'field': 'menu_items', 'value': 'CƠM THỐ ĐẶC BIỆT'}, {'source': 'menu', 'source_record_id': '6410385', 'field': 'menu_items', 'value': 'CƠM THỐ MIX 2 vị'}, {'source': 'review', 'source_record_id': 'tu_c6fcefdfcd9d111c', 'field': 'text_units', 'value': 'Tên quán: Cơm Thố Bách Khoa - Lương Định Của\nNguồn: befood_comment\nRating người dùng: 4.8","tìm quán cơm gà gần Bách Khoa dưới 50k, ưu tiên rating cao",tim quan com ga gan bach khoa duoi 50k uu tien rating cao,"{""cuisine"": null, ""distance_tolerance_m"": """", ""food"": ""com ga"", ""location"": ""bach khoa"", ""max_price"": 50000, ""normalized_query"": ""tim quan com ga gan bach khoa duoi 50k uu tien rating cao"", ""priority"": [""rating"", ""distance""], ""query_lat"": null, ""query_lng"": null, ""time_constraint"": null}",shown_candidate,false,2026-06-02T16:00:25+00:00
query:1166663d-56f9-4a17-b41d-a6c3eef25509,,2026-06-02T16:00:25+00:00,,,bach khoa,bach khoa,,com ga,under_50k,rating|distance,rating|distance,,store:4486,4486,"Bento Delichi (by Cooky) - Cơm Gà Mắm Tỏi, Xối Mỡ - Xã Đàn",4,,,111.8,4.7,2748.0,,21.01066017,105.8376999,,"khớp term: com, com ga, com van phong; cách query 112m; rating 4.7; price_min 8000; opening_status=open","tìm quán cơm gà gần Bách Khoa dưới 50k, ưu tiên rating cao",tim quan com ga gan bach khoa duoi 50k uu tien rating cao,"{""cuisine"": null, ""distance_tolerance_m"": """", ""food"": ""com ga"", ""location"": ""bach khoa"", ""max_price"": 50000, ""normalized_query"": ""tim quan com ga gan bach khoa duoi 50k uu tien rating cao"", ""priority"": [""rating"", ""distance""], ""query_lat"": null, ""query_lng"": null, ""time_constraint"": null}",shown_candidate,false,2026-06-02T16:00:25+00:00
query:1166663d-56f9-4a17-b41d-a6c3eef25509,,2026-06-02T16:00:25+00:00,,,bach khoa,bach khoa,,com ga,under_50k,rating|distance,rating|distance,,store:28837,28837,Gà Tần Huyền Anh - Phở Xào & Cơm Rang - Quỳnh Mai,5,,,,4.7,173.0,,21.00131989,105.8601379,,"[{'source': 'menu', 'source_record_id': '1005079', 'field': 'menu_items', 'value': 'Phở xào mềm bò'}, {'source': 'menu', 'source_record_id': '1005080', 'field': 'menu_items', 'value': 'Phở xào giòn bò'}, {'source': 'menu', 'source_record_id': '1005081', 'field': 'menu_items', 'value': 'Phở xào giòn tim'}, {'source': 'review', 'source_record_id': 'tu_ed697290ea2a7085', 'field': 'text_units', 'value': 'Tên quán: Gà Tần Huyền Anh - Phở Xào & Cơm Rang - Quỳnh Mai\nNguồn: befood_comment\nRating người","tìm quán cơm gà gần Bách Khoa dưới 50k, ưu tiên rating cao",tim quan com ga gan bach khoa duoi 50k uu tien rating cao,"{""cuisine"": null, ""distance_tolerance_m"": """", ""food"": ""com ga"", ""location"": ""bach khoa"", ""max_price"": 50000, ""normalized_query"": ""tim quan com ga gan bach khoa duoi 50k uu tien rating cao"", ""priority"": [""rating"", ""distance""], ""query_lat"": null, ""query_lng"": null, ""time_constraint"": null}",shown_candidate,false,2026-06-02T16:00:25+00:00
query:5d75c8fc-5078-4432-9398-36622a484366,,2026-06-02T16:02:52+00:00,21.005118,105.845592,bach khoa,bach khoa,,com ga,under_50k,distance,distance,1500.0,store:40980,40980,Cơm Thố Bách Khoa - Lương Định Của,1,,,1021.1,4.8,310.0,,21.00451088,105.8357773,,"[{'source': 'menu', 'source_record_id': '9219335', 'field': 'menu_items', 'value': 'Cơm thố Gà - Trứng'}, {'source': 'menu', 'source_record_id': '2965481', 'field': 'menu_items', 'value': 'CƠM THỐ ĐẶC BIỆT'}, {'source': 'menu', 'source_record_id': '6410385', 'field': 'menu_items', 'value': 'CƠM THỐ MIX 2 vị'}, {'source': 'review', 'source_record_id': 'tu_c6fcefdfcd9d111c', 'field': 'text_units', 'value': 'Tên quán: Cơm Thố Bách Khoa - Lương Định Của\nNguồn: befood_comment\nRating người dùng: 4.8",tôi muốn ăn cơm gà gần Bách Khoa giá dưới 50k,toi muon an com ga gan bach khoa gia duoi 50k,"{""cuisine"": null, ""distance_tolerance_m"": 1500.0, ""food"": ""com ga"", ""location"": ""bach khoa"", ""max_price"": 50000, ""normalized_query"": ""toi muon an com ga gan bach khoa gia duoi 50k"", ""priority"": [""distance""], ""query_lat"": 21.005118, ""query_lng"": 105.845592, ""time_constraint"": null}",shown_candidate,false,2026-06-02T16:02:52+00:00
query:5d75c8fc-5078-4432-9398-36622a484366,,2026-06-02T16:02:52+00:00,21.005118,105.845592,bach khoa,bach khoa,,com ga,under_50k,distance,distance,1500.0,store:4397,4397,Mokchang - Đồ Ăn Hàn Quốc & Gà Rán - Xã Đàn,2,,,1120.3,4.8,5937.0,,21.01195908,105.8376694,,"[{'source': 'menu', 'source_record_id': '10533659', 'field': 'menu_items', 'value': 'Kimbap truyền thống'}, {'source': 'menu', 'source_record_id': '10548078', 'field': 'menu_items', 'value': 'Mua 1 tặng 1'}, {'source': 'menu', 'source_record_id': '11073587', 'field': 'menu_items', 'value': '[NEW] Gà Half Half (Size L)'}, {'source': 'review', 'source_record_id': 'tu_147535990f9b276f_0', 'field': 'text_units', 'value': 'Tên quán: Mokchang - Đồ Ăn Hàn Quốc & Gà Rán - Xã Đàn\nNguồn: befood_comment\n",tôi muốn ăn cơm gà gần Bách Khoa giá dưới 50k,toi muon an com ga gan bach khoa gia duoi 50k,"{""cuisine"": null, ""distance_tolerance_m"": 1500.0, ""food"": ""com ga"", ""location"": ""bach khoa"", ""max_price"": 50000, ""normalized_query"": ""toi muon an com ga gan bach khoa gia duoi 50k"", ""priority"": [""distance""], ""query_lat"": 21.005118, ""query_lng"": 105.845592, ""time_constraint"": null}",shown_candidate,false,2026-06-02T16:02:52+00:00
query:5d75c8fc-5078-4432-9398-36622a484366,,2026-06-02T16:02:52+00:00,21.005118,105.845592,bach khoa,bach khoa,,com ga,under_50k,distance,distance,1500.0,store:4486,4486,"Bento Delichi (by Cooky) - Cơm Gà Mắm Tỏi, Xối Mỡ - Xã Đàn",3,,,1025.1,4.7,2748.0,,21.01066017,105.8376999,,"khớp term: com, com ga, com van phong; cách query 595m; rating 4.7; price_min 8000; opening_status=open",tôi muốn ăn cơm gà gần Bách Khoa giá dưới 50k,toi muon an com ga gan bach khoa gia duoi 50k,"{""cuisine"": null, ""distance_tolerance_m"": 1500.0, ""food"": ""com ga"", ""location"": ""bach khoa"", ""max_price"": 50000, ""normalized_query"": ""toi muon an com ga gan bach khoa gia duoi 50k"", ""priority"": [""distance""], ""query_lat"": 21.005118, ""query_lng"": 105.845592, ""time_constraint"": null}",shown_candidate,false,2026-06-02T16:02:52+00:00
query:5d75c8fc-5078-4432-9398-36622a484366,,2026-06-02T16:02:52+00:00,21.005118,105.845592,bach khoa,bach khoa,,com ga,under_50k,distance,distance,1500.0,store:7635,7635,Happy Food Cơm Gà Ba Vì,4,,,796.3,4.8,4000.0,,20.99850082,105.842659,,"khớp term: com, com ga; cách query 879m; rating 4.8; price_min 12000; opening_status=open",tôi muốn ăn cơm gà gần Bách Khoa giá dưới 50k,toi muon an com ga gan bach khoa gia duoi 50k,"{""cuisine"": null, ""distance_tolerance_m"": 1500.0, ""food"": ""com ga"", ""location"": ""bach khoa"", ""max_price"": 50000, ""normalized_query"": ""toi muon an com ga gan bach khoa gia duoi 50k"", ""priority"": [""distance""], ""query_lat"": 21.005118, ""query_lng"": 105.845592, ""time_constraint"": null}",shown_candidate,false,2026-06-02T16:02:52+00:00
query:5d75c8fc-5078-4432-9398-36622a484366,,2026-06-02T16:02:52+00:00,21.005118,105.845592,bach khoa,bach khoa,,com ga,under_50k,distance,distance,1500.0,store:95450,95450,Hương Hội An - Cơm Gà Hội An - Thanh Nhàn,5,,,1022.0,4.0,23.0,,21.00276947,105.8551102,,"[{'source': 'menu', 'source_record_id': '7503266', 'field': 'menu_items', 'value': 'Bánh tráng cuốn xá xíu'}, {'source': 'menu', 'source_record_id': '7503267', 'field': 'menu_items', 'value': 'Nem gà nấm sốt chanh leo'}, {'source': 'menu', 'source_record_id': '11631684', 'field': 'menu_items', 'value': 'Gỏi Chân Gà Rút Xương'}, {'source': 'review', 'source_record_id': 'tu_0b8fd60cb39380e9', 'field': 'text_units', 'value': 'Tên quán: Hương Hội An - Cơm Gà Hội An - Thanh Nhàn\nNguồn: befood_commen",tôi muốn ăn cơm gà gần Bách Khoa giá dưới 50k,toi muon an com ga gan bach khoa gia duoi 50k,"{""cuisine"": null, ""distance_tolerance_m"": 1500.0, ""food"": ""com ga"", ""location"": ""bach khoa"", ""max_price"": 50000, ""normalized_query"": ""toi muon an com ga gan bach khoa gia duoi 50k"", ""priority"": [""distance""], ""query_lat"": 21.005118, ""query_lng"": 105.845592, ""time_constraint"": null}",shown_candidate,false,2026-06-02T16:02:52+00:00
query:a469fe5b-b299-4bd0-8309-d6fc72e817f1,,2026-06-02T16:03:48+00:00,,,bach khoa,bach khoa,,com ga,under_50k,rating|distance,rating|distance,,store:11471,11471,Thiên Trường - Phở Cồ & Cơm Gà Xối Mắm - Giải Phóng,1,,,327.2,4.5,39.0,,21.00283051,105.8419876,,"khớp term: com, com ga; cách query 327m; rating 4.5; price_min 10000; opening_status=open","tìm quán cơm gà gần Bách Khoa dưới 50k, ưu tiên rating cao",tim quan com ga gan bach khoa duoi 50k uu tien rating cao,"{""cuisine"": null, ""distance_tolerance_m"": """", ""food"": ""com ga"", ""location"": ""bach khoa"", ""max_price"": 50000, ""normalized_query"": ""tim quan com ga gan bach khoa duoi 50k uu tien rating cao"", ""priority"": [""rating"", ""distance""], ""query_lat"": null, ""query_lng"": null, ""time_constraint"": null}",shown_candidate,false,2026-06-02T16:03:48+00:00
query:a469fe5b-b299-4bd0-8309-d6fc72e817f1,,2026-06-02T16:03:48+00:00,,,bach khoa,bach khoa,,com ga,under_50k,rating|distance,rating|distance,,store:25639,25639,Quán Mùa - Cơm Gà & Bún Miến Trộn - Tây Sơn,2,,,,4.6,562.0,,21.00948906,105.8276825,,"[{'source': 'menu', 'source_record_id': '867932', 'field': 'menu_items', 'value': 'Phở trộn bò và gà - 1 Coca cola'}, {'source': 'menu', 'source_record_id': '867933', 'field': 'menu_items', 'value': 'Miến trộn bò và gà - 1 coca cola'}, {'source': 'menu', 'source_record_id': '867935', 'field': 'menu_items', 'value': 'Bún trộn bò và gà - 1 Sprite'}, {'source': 'review', 'source_record_id': 'tu_15034de1df0b4e9a', 'field': 'text_units', 'value': 'Tên quán: Quán Mùa - Cơm Gà & Bún Miến Trộn - Tây Sơn","tìm quán cơm gà gần Bách Khoa dưới 50k, ưu tiên rating cao",tim quan com ga gan bach khoa duoi 50k uu tien rating cao,"{""cuisine"": null, ""distance_tolerance_m"": """", ""food"": ""com ga"", ""location"": ""bach khoa"", ""max_price"": 50000, ""normalized_query"": ""tim quan com ga gan bach khoa duoi 50k uu tien rating cao"", ""priority"": [""rating"", ""distance""], ""query_lat"": null, ""query_lng"": null, ""time_constraint"": null}",shown_candidate,false,2026-06-02T16:03:48+00:00
query:a469fe5b-b299-4bd0-8309-d6fc72e817f1,,2026-06-02T16:03:48+00:00,,,bach khoa,bach khoa,,com ga,under_50k,rating|distance,rating|distance,,store:40980,40980,Cơm Thố Bách Khoa - Lương Định Của,3,,,,4.8,310.0,,21.00451088,105.8357773,,"[{'source': 'menu', 'source_record_id': '9219335', 'field': 'menu_items', 'value': 'Cơm thố Gà - Trứng'}, {'source': 'menu', 'source_record_id': '2965481', 'field': 'menu_items', 'value': 'CƠM THỐ ĐẶC BIỆT'}, {'source': 'menu', 'source_record_id': '6410385', 'field': 'menu_items', 'value': 'CƠM THỐ MIX 2 vị'}, {'source': 'review', 'source_record_id': 'tu_c6fcefdfcd9d111c', 'field': 'text_units', 'value': 'Tên quán: Cơm Thố Bách Khoa - Lương Định Của\nNguồn: befood_comment\nRating người dùng: 4.8","tìm quán cơm gà gần Bách Khoa dưới 50k, ưu tiên rating cao",tim quan com ga gan bach khoa duoi 50k uu tien rating cao,"{""cuisine"": null, ""distance_tolerance_m"": """", ""food"": ""com ga"", ""location"": ""bach khoa"", ""max_price"": 50000, ""normalized_query"": ""tim quan com ga gan bach khoa duoi 50k uu tien rating cao"", ""priority"": [""rating"", ""distance""], ""query_lat"": null, ""query_lng"": null, ""time_constraint"": null}",shown_candidate,false,2026-06-02T16:03:48+00:00
query:a469fe5b-b299-4bd0-8309-d6fc72e817f1,,2026-06-02T16:03:48+00:00,,,bach khoa,bach khoa,,com ga,under_50k,rating|distance,rating|distance,,store:4486,4486,"Bento Delichi (by Cooky) - Cơm Gà Mắm Tỏi, Xối Mỡ - Xã Đàn",4,,,111.8,4.7,2748.0,,21.01066017,105.8376999,,"khớp term: com, com ga, com van phong; cách query 112m; rating 4.7; price_min 8000; opening_status=open","tìm quán cơm gà gần Bách Khoa dưới 50k, ưu tiên rating cao",tim quan com ga gan bach khoa duoi 50k uu tien rating cao,"{""cuisine"": null, ""distance_tolerance_m"": """", ""food"": ""com ga"", ""location"": ""bach khoa"", ""max_price"": 50000, ""normalized_query"": ""tim quan com ga gan bach khoa duoi 50k uu tien rating cao"", ""priority"": [""rating"", ""distance""], ""query_lat"": null, ""query_lng"": null, ""time_constraint"": null}",shown_candidate,false,2026-06-02T16:03:48+00:00
query:a469fe5b-b299-4bd0-8309-d6fc72e817f1,,2026-06-02T16:03:48+00:00,,,bach khoa,bach khoa,,com ga,under_50k,rating|distance,rating|distance,,store:28837,28837,Gà Tần Huyền Anh - Phở Xào & Cơm Rang - Quỳnh Mai,5,,,,4.7,173.0,,21.00131989,105.8601379,,"[{'source': 'menu', 'source_record_id': '1005079', 'field': 'menu_items', 'value': 'Phở xào mềm bò'}, {'source': 'menu', 'source_record_id': '1005080', 'field': 'menu_items', 'value': 'Phở xào giòn bò'}, {'source': 'menu', 'source_record_id': '1005081', 'field': 'menu_items', 'value': 'Phở xào giòn tim'}, {'source': 'review', 'source_record_id': 'tu_ed697290ea2a7085', 'field': 'text_units', 'value': 'Tên quán: Gà Tần Huyền Anh - Phở Xào & Cơm Rang - Quỳnh Mai\nNguồn: befood_comment\nRating người","tìm quán cơm gà gần Bách Khoa dưới 50k, ưu tiên rating cao",tim quan com ga gan bach khoa duoi 50k uu tien rating cao,"{""cuisine"": null, ""distance_tolerance_m"": """", ""food"": ""com ga"", ""location"": ""bach khoa"", ""max_price"": 50000, ""normalized_query"": ""tim quan com ga gan bach khoa duoi 50k uu tien rating cao"", ""priority"": [""rating"", ""distance""], ""query_lat"": null, ""query_lng"": null, ""time_constraint"": null}",shown_candidate,false,2026-06-02T16:03:48+00:00
query:3e85a74e-4cb3-4ca0-aa68-77fd937eb061,,2026-06-02T16:04:04+00:00,21.005118,105.845592,bach khoa,bach khoa,,com ga,under_50k,rating|distance,rating|distance,1500.0,store:11471,11471,Thiên Trường - Phở Cồ & Cơm Gà Xối Mắm - Giải Phóng,1,,,452.4,4.5,39.0,,21.00283051,105.8419876,,"khớp term: com, com ga; cách query 327m; rating 4.5; price_min 10000; opening_status=open","tìm quán cơm gà gần Bách Khoa dưới 50k, ưu tiên rating cao",tim quan com ga gan bach khoa duoi 50k uu tien rating cao,"{""cuisine"": null, ""distance_tolerance_m"": 1500.0, ""food"": ""com ga"", ""location"": ""bach khoa"", ""max_price"": 50000, ""normalized_query"": ""tim quan com ga gan bach khoa duoi 50k uu tien rating cao"", ""priority"": [""rating"", ""distance""], ""query_lat"": 21.005118, ""query_lng"": 105.845592, ""time_constraint"": null}",shown_candidate,false,2026-06-02T16:04:04+00:00
query:3e85a74e-4cb3-4ca0-aa68-77fd937eb061,,2026-06-02T16:04:04+00:00,21.005118,105.845592,bach khoa,bach khoa,,com ga,under_50k,rating|distance,rating|distance,1500.0,store:40980,40980,Cơm Thố Bách Khoa - Lương Định Của,2,,,1021.1,4.8,310.0,,21.00451088,105.8357773,,"[{'source': 'menu', 'source_record_id': '9219335', 'field': 'menu_items', 'value': 'Cơm thố Gà - Trứng'}, {'source': 'menu', 'source_record_id': '2965481', 'field': 'menu_items', 'value': 'CƠM THỐ ĐẶC BIỆT'}, {'source': 'menu', 'source_record_id': '6410385', 'field': 'menu_items', 'value': 'CƠM THỐ MIX 2 vị'}, {'source': 'review', 'source_record_id': 'tu_c6fcefdfcd9d111c', 'field': 'text_units', 'value': 'Tên quán: Cơm Thố Bách Khoa - Lương Định Của\nNguồn: befood_comment\nRating người dùng: 4.8","tìm quán cơm gà gần Bách Khoa dưới 50k, ưu tiên rating cao",tim quan com ga gan bach khoa duoi 50k uu tien rating cao,"{""cuisine"": null, ""distance_tolerance_m"": 1500.0, ""food"": ""com ga"", ""location"": ""bach khoa"", ""max_price"": 50000, ""normalized_query"": ""tim quan com ga gan bach khoa duoi 50k uu tien rating cao"", ""priority"": [""rating"", ""distance""], ""query_lat"": 21.005118, ""query_lng"": 105.845592, ""time_constraint"": null}",shown_candidate,false,2026-06-02T16:04:04+00:00
query:3e85a74e-4cb3-4ca0-aa68-77fd937eb061,,2026-06-02T16:04:04+00:00,21.005118,105.845592,bach khoa,bach khoa,,com ga,under_50k,rating|distance,rating|distance,1500.0,store:25639,25639,Quán Mùa - Cơm Gà & Bún Miến Trộn - Tây Sơn,3,,,1921.6,4.6,562.0,,21.00948906,105.8276825,,"[{'source': 'menu', 'source_record_id': '867932', 'field': 'menu_items', 'value': 'Phở trộn bò và gà - 1 Coca cola'}, {'source': 'menu', 'source_record_id': '867933', 'field': 'menu_items', 'value': 'Miến trộn bò và gà - 1 coca cola'}, {'source': 'menu', 'source_record_id': '867935', 'field': 'menu_items', 'value': 'Bún trộn bò và gà - 1 Sprite'}, {'source': 'review', 'source_record_id': 'tu_15034de1df0b4e9a', 'field': 'text_units', 'value': 'Tên quán: Quán Mùa - Cơm Gà & Bún Miến Trộn - Tây Sơn","tìm quán cơm gà gần Bách Khoa dưới 50k, ưu tiên rating cao",tim quan com ga gan bach khoa duoi 50k uu tien rating cao,"{""cuisine"": null, ""distance_tolerance_m"": 1500.0, ""food"": ""com ga"", ""location"": ""bach khoa"", ""max_price"": 50000, ""normalized_query"": ""tim quan com ga gan bach khoa duoi 50k uu tien rating cao"", ""priority"": [""rating"", ""distance""], ""query_lat"": 21.005118, ""query_lng"": 105.845592, ""time_constraint"": null}",shown_candidate,false,2026-06-02T16:04:04+00:00
query:3e85a74e-4cb3-4ca0-aa68-77fd937eb061,,2026-06-02T16:04:04+00:00,21.005118,105.845592,bach khoa,bach khoa,,com ga,under_50k,rating|distance,rating|distance,1500.0,store:4486,4486,"Bento Delichi (by Cooky) - Cơm Gà Mắm Tỏi, Xối Mỡ - Xã Đàn",4,,,1025.1,4.7,2748.0,,21.01066017,105.8376999,,"khớp term: com, com ga, com van phong; cách query 595m; rating 4.7; price_min 8000; opening_status=open","tìm quán cơm gà gần Bách Khoa dưới 50k, ưu tiên rating cao",tim quan com ga gan bach khoa duoi 50k uu tien rating cao,"{""cuisine"": null, ""distance_tolerance_m"": 1500.0, ""food"": ""com ga"", ""location"": ""bach khoa"", ""max_price"": 50000, ""normalized_query"": ""tim quan com ga gan bach khoa duoi 50k uu tien rating cao"", ""priority"": [""rating"", ""distance""], ""query_lat"": 21.005118, ""query_lng"": 105.845592, ""time_constraint"": null}",shown_candidate,false,2026-06-02T16:04:04+00:00
query:3e85a74e-4cb3-4ca0-aa68-77fd937eb061,,2026-06-02T16:04:04+00:00,21.005118,105.845592,bach khoa,bach khoa,,com ga,under_50k,rating|distance,rating|distance,1500.0,store:28837,28837,Gà Tần Huyền Anh - Phở Xào & Cơm Rang - Quỳnh Mai,5,,,1567.9,4.7,173.0,,21.00131989,105.8601379,,"[{'source': 'menu', 'source_record_id': '1005079', 'field': 'menu_items', 'value': 'Phở xào mềm bò'}, {'source': 'menu', 'source_record_id': '1005080', 'field': 'menu_items', 'value': 'Phở xào giòn bò'}, {'source': 'menu', 'source_record_id': '1005081', 'field': 'menu_items', 'value': 'Phở xào giòn tim'}, {'source': 'review', 'source_record_id': 'tu_ed697290ea2a7085', 'field': 'text_units', 'value': 'Tên quán: Gà Tần Huyền Anh - Phở Xào & Cơm Rang - Quỳnh Mai\nNguồn: befood_comment\nRating người","tìm quán cơm gà gần Bách Khoa dưới 50k, ưu tiên rating cao",tim quan com ga gan bach khoa duoi 50k uu tien rating cao,"{""cuisine"": null, ""distance_tolerance_m"": 1500.0, ""food"": ""com ga"", ""location"": ""bach khoa"", ""max_price"": 50000, ""normalized_query"": ""tim quan com ga gan bach khoa duoi 50k uu tien rating cao"", ""priority"": [""rating"", ""distance""], ""query_lat"": 21.005118, ""query_lng"": 105.845592, ""time_constraint"": null}",shown_candidate,false,2026-06-02T16:04:04+00:00
query:ab009623-a1fc-4568-a11c-94d0fc55f514,,2026-06-02T16:06:09+00:00,,,bach khoa,bach khoa,,com ga,under_50k,rating|distance,rating|distance,,store:11471,11471,Thiên Trường - Phở Cồ & Cơm Gà Xối Mắm - Giải Phóng,1,,,327.2,4.5,39.0,,21.00283051,105.8419876,,"khớp term: com, com ga; cách query 327m; rating 4.5; price_min 10000; opening_status=open","tìm quán cơm gà gần Bách Khoa dưới 50k, ưu tiên rating cao",tim quan com ga gan bach khoa duoi 50k uu tien rating cao,"{""cuisine"": null, ""distance_tolerance_m"": """", ""food"": ""com ga"", ""location"": ""bach khoa"", ""max_price"": 50000, ""normalized_query"": ""tim quan com ga gan bach khoa duoi 50k uu tien rating cao"", ""priority"": [""rating"", ""distance""], ""query_lat"": null, ""query_lng"": null, ""time_constraint"": null}",shown_candidate,false,2026-06-02T16:06:09+00:00
query:ab009623-a1fc-4568-a11c-94d0fc55f514,,2026-06-02T16:06:09+00:00,,,bach khoa,bach khoa,,com ga,under_50k,rating|distance,rating|distance,,store:25639,25639,Quán Mùa - Cơm Gà & Bún Miến Trộn - Tây Sơn,2,,,,4.6,562.0,,21.00948906,105.8276825,,"[{'source': 'menu', 'source_record_id': '867932', 'field': 'menu_items', 'value': 'Phở trộn bò và gà - 1 Coca cola'}, {'source': 'menu', 'source_record_id': '867933', 'field': 'menu_items', 'value': 'Miến trộn bò và gà - 1 coca cola'}, {'source': 'menu', 'source_record_id': '867935', 'field': 'menu_items', 'value': 'Bún trộn bò và gà - 1 Sprite'}, {'source': 'review', 'source_record_id': 'tu_15034de1df0b4e9a', 'field': 'text_units', 'value': 'Tên quán: Quán Mùa - Cơm Gà & Bún Miến Trộn - Tây Sơn","tìm quán cơm gà gần Bách Khoa dưới 50k, ưu tiên rating cao",tim quan com ga gan bach khoa duoi 50k uu tien rating cao,"{""cuisine"": null, ""distance_tolerance_m"": """", ""food"": ""com ga"", ""location"": ""bach khoa"", ""max_price"": 50000, ""normalized_query"": ""tim quan com ga gan bach khoa duoi 50k uu tien rating cao"", ""priority"": [""rating"", ""distance""], ""query_lat"": null, ""query_lng"": null, ""time_constraint"": null}",shown_candidate,false,2026-06-02T16:06:09+00:00
query:ab009623-a1fc-4568-a11c-94d0fc55f514,,2026-06-02T16:06:09+00:00,,,bach khoa,bach khoa,,com ga,under_50k,rating|distance,rating|distance,,store:40980,40980,Cơm Thố Bách Khoa - Lương Định Của,3,,,,4.8,310.0,,21.00451088,105.8357773,,"[{'source': 'menu', 'source_record_id': '9219335', 'field': 'menu_items', 'value': 'Cơm thố Gà - Trứng'}, {'source': 'menu', 'source_record_id': '2965481', 'field': 'menu_items', 'value': 'CƠM THỐ ĐẶC BIỆT'}, {'source': 'menu', 'source_record_id': '6410385', 'field': 'menu_items', 'value': 'CƠM THỐ MIX 2 vị'}, {'source': 'review', 'source_record_id': 'tu_c6fcefdfcd9d111c', 'field': 'text_units', 'value': 'Tên quán: Cơm Thố Bách Khoa - Lương Định Của\nNguồn: befood_comment\nRating người dùng: 4.8","tìm quán cơm gà gần Bách Khoa dưới 50k, ưu tiên rating cao",tim quan com ga gan bach khoa duoi 50k uu tien rating cao,"{""cuisine"": null, ""distance_tolerance_m"": """", ""food"": ""com ga"", ""location"": ""bach khoa"", ""max_price"": 50000, ""normalized_query"": ""tim quan com ga gan bach khoa duoi 50k uu tien rating cao"", ""priority"": [""rating"", ""distance""], ""query_lat"": null, ""query_lng"": null, ""time_constraint"": null}",shown_candidate,false,2026-06-02T16:06:09+00:00
query:ab009623-a1fc-4568-a11c-94d0fc55f514,,2026-06-02T16:06:09+00:00,,,bach khoa,bach khoa,,com ga,under_50k,rating|distance,rating|distance,,store:4486,4486,"Bento Delichi (by Cooky) - Cơm Gà Mắm Tỏi, Xối Mỡ - Xã Đàn",4,,,111.8,4.7,2748.0,,21.01066017,105.8376999,,"khớp term: com, com ga, com van phong; cách query 112m; rating 4.7; price_min 8000; opening_status=open","tìm quán cơm gà gần Bách Khoa dưới 50k, ưu tiên rating cao",tim quan com ga gan bach khoa duoi 50k uu tien rating cao,"{""cuisine"": null, ""distance_tolerance_m"": """", ""food"": ""com ga"", ""location"": ""bach khoa"", ""max_price"": 50000, ""normalized_query"": ""tim quan com ga gan bach khoa duoi 50k uu tien rating cao"", ""priority"": [""rating"", ""distance""], ""query_lat"": null, ""query_lng"": null, ""time_constraint"": null}",shown_candidate,false,2026-06-02T16:06:09+00:00
query:ab009623-a1fc-4568-a11c-94d0fc55f514,,2026-06-02T16:06:09+00:00,,,bach khoa,bach khoa,,com ga,under_50k,rating|distance,rating|distance,,store:28837,28837,Gà Tần Huyền Anh - Phở Xào & Cơm Rang - Quỳnh Mai,5,,,,4.7,173.0,,21.00131989,105.8601379,,"[{'source': 'menu', 'source_record_id': '1005079', 'field': 'menu_items', 'value': 'Phở xào mềm bò'}, {'source': 'menu', 'source_record_id': '1005080', 'field': 'menu_items', 'value': 'Phở xào giòn bò'}, {'source': 'menu', 'source_record_id': '1005081', 'field': 'menu_items', 'value': 'Phở xào giòn tim'}, {'source': 'review', 'source_record_id': 'tu_ed697290ea2a7085', 'field': 'text_units', 'value': 'Tên quán: Gà Tần Huyền Anh - Phở Xào & Cơm Rang - Quỳnh Mai\nNguồn: befood_comment\nRating người","tìm quán cơm gà gần Bách Khoa dưới 50k, ưu tiên rating cao",tim quan com ga gan bach khoa duoi 50k uu tien rating cao,"{""cuisine"": null, ""distance_tolerance_m"": """", ""food"": ""com ga"", ""location"": ""bach khoa"", ""max_price"": 50000, ""normalized_query"": ""tim quan com ga gan bach khoa duoi 50k uu tien rating cao"", ""priority"": [""rating"", ""distance""], ""query_lat"": null, ""query_lng"": null, ""time_constraint"": null}",shown_candidate,false,2026-06-02T16:06:09+00:00
query:5ae065db-2c47-4d51-9041-cb93efeccd64,,2026-06-02T16:06:19+00:00,,,bach khoa,bach khoa,,com ga,under_50k,rating|distance,rating|distance,,store:11471,11471,Thiên Trường - Phở Cồ & Cơm Gà Xối Mắm - Giải Phóng,1,,,327.2,4.5,39.0,,21.00283051,105.8419876,,"khớp term: com, com ga; cách query 327m; rating 4.5; price_min 10000; opening_status=open","tìm quán cơm gà gần Bách Khoa dưới 50k, ưu tiên rating cao",tim quan com ga gan bach khoa duoi 50k uu tien rating cao,"{""cuisine"": null, ""distance_tolerance_m"": """", ""food"": ""com ga"", ""location"": ""bach khoa"", ""max_price"": 50000, ""normalized_query"": ""tim quan com ga gan bach khoa duoi 50k uu tien rating cao"", ""priority"": [""rating"", ""distance""], ""query_lat"": null, ""query_lng"": null, ""time_constraint"": null}",shown_candidate,false,2026-06-02T16:06:19+00:00
query:5ae065db-2c47-4d51-9041-cb93efeccd64,,2026-06-02T16:06:19+00:00,,,bach khoa,bach khoa,,com ga,under_50k,rating|distance,rating|distance,,store:25639,25639,Quán Mùa - Cơm Gà & Bún Miến Trộn - Tây Sơn,2,,,,4.6,562.0,,21.00948906,105.8276825,,"[{'source': 'menu', 'source_record_id': '867932', 'field': 'menu_items', 'value': 'Phở trộn bò và gà - 1 Coca cola'}, {'source': 'menu', 'source_record_id': '867933', 'field': 'menu_items', 'value': 'Miến trộn bò và gà - 1 coca cola'}, {'source': 'menu', 'source_record_id': '867935', 'field': 'menu_items', 'value': 'Bún trộn bò và gà - 1 Sprite'}, {'source': 'review', 'source_record_id': 'tu_15034de1df0b4e9a', 'field': 'text_units', 'value': 'Tên quán: Quán Mùa - Cơm Gà & Bún Miến Trộn - Tây Sơn","tìm quán cơm gà gần Bách Khoa dưới 50k, ưu tiên rating cao",tim quan com ga gan bach khoa duoi 50k uu tien rating cao,"{""cuisine"": null, ""distance_tolerance_m"": """", ""food"": ""com ga"", ""location"": ""bach khoa"", ""max_price"": 50000, ""normalized_query"": ""tim quan com ga gan bach khoa duoi 50k uu tien rating cao"", ""priority"": [""rating"", ""distance""], ""query_lat"": null, ""query_lng"": null, ""time_constraint"": null}",shown_candidate,false,2026-06-02T16:06:19+00:00
query:5ae065db-2c47-4d51-9041-cb93efeccd64,,2026-06-02T16:06:19+00:00,,,bach khoa,bach khoa,,com ga,under_50k,rating|distance,rating|distance,,store:40980,40980,Cơm Thố Bách Khoa - Lương Định Của,3,,,,4.8,310.0,,21.00451088,105.8357773,,"[{'source': 'menu', 'source_record_id': '9219335', 'field': 'menu_items', 'value': 'Cơm thố Gà - Trứng'}, {'source': 'menu', 'source_record_id': '2965481', 'field': 'menu_items', 'value': 'CƠM THỐ ĐẶC BIỆT'}, {'source': 'menu', 'source_record_id': '6410385', 'field': 'menu_items', 'value': 'CƠM THỐ MIX 2 vị'}, {'source': 'review', 'source_record_id': 'tu_c6fcefdfcd9d111c', 'field': 'text_units', 'value': 'Tên quán: Cơm Thố Bách Khoa - Lương Định Của\nNguồn: befood_comment\nRating người dùng: 4.8","tìm quán cơm gà gần Bách Khoa dưới 50k, ưu tiên rating cao",tim quan com ga gan bach khoa duoi 50k uu tien rating cao,"{""cuisine"": null, ""distance_tolerance_m"": """", ""food"": ""com ga"", ""location"": ""bach khoa"", ""max_price"": 50000, ""normalized_query"": ""tim quan com ga gan bach khoa duoi 50k uu tien rating cao"", ""priority"": [""rating"", ""distance""], ""query_lat"": null, ""query_lng"": null, ""time_constraint"": null}",shown_candidate,false,2026-06-02T16:06:19+00:00
query:5ae065db-2c47-4d51-9041-cb93efeccd64,,2026-06-02T16:06:19+00:00,,,bach khoa,bach khoa,,com ga,under_50k,rating|distance,rating|distance,,store:4486,4486,"Bento Delichi (by Cooky) - Cơm Gà Mắm Tỏi, Xối Mỡ - Xã Đàn",4,,,111.8,4.7,2748.0,,21.01066017,105.8376999,,"khớp term: com, com ga, com van phong; cách query 112m; rating 4.7; price_min 8000; opening_status=open","tìm quán cơm gà gần Bách Khoa dưới 50k, ưu tiên rating cao",tim quan com ga gan bach khoa duoi 50k uu tien rating cao,"{""cuisine"": null, ""distance_tolerance_m"": """", ""food"": ""com ga"", ""location"": ""bach khoa"", ""max_price"": 50000, ""normalized_query"": ""tim quan com ga gan bach khoa duoi 50k uu tien rating cao"", ""priority"": [""rating"", ""distance""], ""query_lat"": null, ""query_lng"": null, ""time_constraint"": null}",shown_candidate,false,2026-06-02T16:06:19+00:00
query:5ae065db-2c47-4d51-9041-cb93efeccd64,,2026-06-02T16:06:19+00:00,,,bach khoa,bach khoa,,com ga,under_50k,rating|distance,rating|distance,,store:28837,28837,Gà Tần Huyền Anh - Phở Xào & Cơm Rang - Quỳnh Mai,5,,,,4.7,173.0,,21.00131989,105.8601379,,"[{'source': 'menu', 'source_record_id': '1005079', 'field': 'menu_items', 'value': 'Phở xào mềm bò'}, {'source': 'menu', 'source_record_id': '1005080', 'field': 'menu_items', 'value': 'Phở xào giòn bò'}, {'source': 'menu', 'source_record_id': '1005081', 'field': 'menu_items', 'value': 'Phở xào giòn tim'}, {'source': 'review', 'source_record_id': 'tu_ed697290ea2a7085', 'field': 'text_units', 'value': 'Tên quán: Gà Tần Huyền Anh - Phở Xào & Cơm Rang - Quỳnh Mai\nNguồn: befood_comment\nRating người","tìm quán cơm gà gần Bách Khoa dưới 50k, ưu tiên rating cao",tim quan com ga gan bach khoa duoi 50k uu tien rating cao,"{""cuisine"": null, ""distance_tolerance_m"": """", ""food"": ""com ga"", ""location"": ""bach khoa"", ""max_price"": 50000, ""normalized_query"": ""tim quan com ga gan bach khoa duoi 50k uu tien rating cao"", ""priority"": [""rating"", ""distance""], ""query_lat"": null, ""query_lng"": null, ""time_constraint"": null}",shown_candidate,false,2026-06-02T16:06:19+00:00
query:840cd603-d9db-4168-acf9-0d80051c5c27,,2026-06-02T16:06:22+00:00,,,bach khoa,bach khoa,,com ga,under_50k,rating|distance,rating|distance,,store:11471,11471,Thiên Trường - Phở Cồ & Cơm Gà Xối Mắm - Giải Phóng,1,,,327.2,4.5,39.0,,21.00283051,105.8419876,,"khớp term: com, com ga; cách query 327m; rating 4.5; price_min 10000; opening_status=open","tìm quán cơm gà gần Bách Khoa dưới 50k, ưu tiên rating cao",tim quan com ga gan bach khoa duoi 50k uu tien rating cao,"{""cuisine"": null, ""distance_tolerance_m"": """", ""food"": ""com ga"", ""location"": ""bach khoa"", ""max_price"": 50000, ""normalized_query"": ""tim quan com ga gan bach khoa duoi 50k uu tien rating cao"", ""priority"": [""rating"", ""distance""], ""query_lat"": null, ""query_lng"": null, ""time_constraint"": null}",shown_candidate,false,2026-06-02T16:06:22+00:00
query:840cd603-d9db-4168-acf9-0d80051c5c27,,2026-06-02T16:06:22+00:00,,,bach khoa,bach khoa,,com ga,under_50k,rating|distance,rating|distance,,store:25639,25639,Quán Mùa - Cơm Gà & Bún Miến Trộn - Tây Sơn,2,,,,4.6,562.0,,21.00948906,105.8276825,,"[{'source': 'menu', 'source_record_id': '867932', 'field': 'menu_items', 'value': 'Phở trộn bò và gà - 1 Coca cola'}, {'source': 'menu', 'source_record_id': '867933', 'field': 'menu_items', 'value': 'Miến trộn bò và gà - 1 coca cola'}, {'source': 'menu', 'source_record_id': '867935', 'field': 'menu_items', 'value': 'Bún trộn bò và gà - 1 Sprite'}, {'source': 'review', 'source_record_id': 'tu_15034de1df0b4e9a', 'field': 'text_units', 'value': 'Tên quán: Quán Mùa - Cơm Gà & Bún Miến Trộn - Tây Sơn","tìm quán cơm gà gần Bách Khoa dưới 50k, ưu tiên rating cao",tim quan com ga gan bach khoa duoi 50k uu tien rating cao,"{""cuisine"": null, ""distance_tolerance_m"": """", ""food"": ""com ga"", ""location"": ""bach khoa"", ""max_price"": 50000, ""normalized_query"": ""tim quan com ga gan bach khoa duoi 50k uu tien rating cao"", ""priority"": [""rating"", ""distance""], ""query_lat"": null, ""query_lng"": null, ""time_constraint"": null}",shown_candidate,false,2026-06-02T16:06:22+00:00
query:840cd603-d9db-4168-acf9-0d80051c5c27,,2026-06-02T16:06:22+00:00,,,bach khoa,bach khoa,,com ga,under_50k,rating|distance,rating|distance,,store:40980,40980,Cơm Thố Bách Khoa - Lương Định Của,3,,,,4.8,310.0,,21.00451088,105.8357773,,"[{'source': 'menu', 'source_record_id': '9219335', 'field': 'menu_items', 'value': 'Cơm thố Gà - Trứng'}, {'source': 'menu', 'source_record_id': '2965481', 'field': 'menu_items', 'value': 'CƠM THỐ ĐẶC BIỆT'}, {'source': 'menu', 'source_record_id': '6410385', 'field': 'menu_items', 'value': 'CƠM THỐ MIX 2 vị'}, {'source': 'review', 'source_record_id': 'tu_c6fcefdfcd9d111c', 'field': 'text_units', 'value': 'Tên quán: Cơm Thố Bách Khoa - Lương Định Của\nNguồn: befood_comment\nRating người dùng: 4.8","tìm quán cơm gà gần Bách Khoa dưới 50k, ưu tiên rating cao",tim quan com ga gan bach khoa duoi 50k uu tien rating cao,"{""cuisine"": null, ""distance_tolerance_m"": """", ""food"": ""com ga"", ""location"": ""bach khoa"", ""max_price"": 50000, ""normalized_query"": ""tim quan com ga gan bach khoa duoi 50k uu tien rating cao"", ""priority"": [""rating"", ""distance""], ""query_lat"": null, ""query_lng"": null, ""time_constraint"": null}",shown_candidate,false,2026-06-02T16:06:22+00:00
query:840cd603-d9db-4168-acf9-0d80051c5c27,,2026-06-02T16:06:22+00:00,,,bach khoa,bach khoa,,com ga,under_50k,rating|distance,rating|distance,,store:4486,4486,"Bento Delichi (by Cooky) - Cơm Gà Mắm Tỏi, Xối Mỡ - Xã Đàn",4,,,111.8,4.7,2748.0,,21.01066017,105.8376999,,"khớp term: com, com ga, com van phong; cách query 112m; rating 4.7; price_min 8000; opening_status=open","tìm quán cơm gà gần Bách Khoa dưới 50k, ưu tiên rating cao",tim quan com ga gan bach khoa duoi 50k uu tien rating cao,"{""cuisine"": null, ""distance_tolerance_m"": """", ""food"": ""com ga"", ""location"": ""bach khoa"", ""max_price"": 50000, ""normalized_query"": ""tim quan com ga gan bach khoa duoi 50k uu tien rating cao"", ""priority"": [""rating"", ""distance""], ""query_lat"": null, ""query_lng"": null, ""time_constraint"": null}",shown_candidate,false,2026-06-02T16:06:22+00:00
query:840cd603-d9db-4168-acf9-0d80051c5c27,,2026-06-02T16:06:22+00:00,,,bach khoa,bach khoa,,com ga,under_50k,rating|distance,rating|distance,,store:28837,28837,Gà Tần Huyền Anh - Phở Xào & Cơm Rang - Quỳnh Mai,5,,,,4.7,173.0,,21.00131989,105.8601379,,"[{'source': 'menu', 'source_record_id': '1005079', 'field': 'menu_items', 'value': 'Phở xào mềm bò'}, {'source': 'menu', 'source_record_id': '1005080', 'field': 'menu_items', 'value': 'Phở xào giòn bò'}, {'source': 'menu', 'source_record_id': '1005081', 'field': 'menu_items', 'value': 'Phở xào giòn tim'}, {'source': 'review', 'source_record_id': 'tu_ed697290ea2a7085', 'field': 'text_units', 'value': 'Tên quán: Gà Tần Huyền Anh - Phở Xào & Cơm Rang - Quỳnh Mai\nNguồn: befood_comment\nRating người","tìm quán cơm gà gần Bách Khoa dưới 50k, ưu tiên rating cao",tim quan com ga gan bach khoa duoi 50k uu tien rating cao,"{""cuisine"": null, ""distance_tolerance_m"": """", ""food"": ""com ga"", ""location"": ""bach khoa"", ""max_price"": 50000, ""normalized_query"": ""tim quan com ga gan bach khoa duoi 50k uu tien rating cao"", ""priority"": [""rating"", ""distance""], ""query_lat"": null, ""query_lng"": null, ""time_constraint"": null}",shown_candidate,false,2026-06-02T16:06:22+00:00
query:0bcff495-fc0b-40ab-8f40-516202c6c7b0,,2026-06-02T16:06:22+00:00,,,bach khoa,bach khoa,,com ga,under_50k,rating|distance,rating|distance,,store:11471,11471,Thiên Trường - Phở Cồ & Cơm Gà Xối Mắm - Giải Phóng,1,,,327.2,4.5,39.0,,21.00283051,105.8419876,,"khớp term: com, com ga; cách query 327m; rating 4.5; price_min 10000; opening_status=open","tìm quán cơm gà gần Bách Khoa dưới 50k, ưu tiên rating cao",tim quan com ga gan bach khoa duoi 50k uu tien rating cao,"{""cuisine"": null, ""distance_tolerance_m"": """", ""food"": ""com ga"", ""location"": ""bach khoa"", ""max_price"": 50000, ""normalized_query"": ""tim quan com ga gan bach khoa duoi 50k uu tien rating cao"", ""priority"": [""rating"", ""distance""], ""query_lat"": null, ""query_lng"": null, ""time_constraint"": null}",shown_candidate,false,2026-06-02T16:06:22+00:00
query:0bcff495-fc0b-40ab-8f40-516202c6c7b0,,2026-06-02T16:06:22+00:00,,,bach khoa,bach khoa,,com ga,under_50k,rating|distance,rating|distance,,store:25639,25639,Quán Mùa - Cơm Gà & Bún Miến Trộn - Tây Sơn,2,,,,4.6,562.0,,21.00948906,105.8276825,,"[{'source': 'menu', 'source_record_id': '867932', 'field': 'menu_items', 'value': 'Phở trộn bò và gà - 1 Coca cola'}, {'source': 'menu', 'source_record_id': '867933', 'field': 'menu_items', 'value': 'Miến trộn bò và gà - 1 coca cola'}, {'source': 'menu', 'source_record_id': '867935', 'field': 'menu_items', 'value': 'Bún trộn bò và gà - 1 Sprite'}, {'source': 'review', 'source_record_id': 'tu_15034de1df0b4e9a', 'field': 'text_units', 'value': 'Tên quán: Quán Mùa - Cơm Gà & Bún Miến Trộn - Tây Sơn","tìm quán cơm gà gần Bách Khoa dưới 50k, ưu tiên rating cao",tim quan com ga gan bach khoa duoi 50k uu tien rating cao,"{""cuisine"": null, ""distance_tolerance_m"": """", ""food"": ""com ga"", ""location"": ""bach khoa"", ""max_price"": 50000, ""normalized_query"": ""tim quan com ga gan bach khoa duoi 50k uu tien rating cao"", ""priority"": [""rating"", ""distance""], ""query_lat"": null, ""query_lng"": null, ""time_constraint"": null}",shown_candidate,false,2026-06-02T16:06:22+00:00
query:0bcff495-fc0b-40ab-8f40-516202c6c7b0,,2026-06-02T16:06:22+00:00,,,bach khoa,bach khoa,,com ga,under_50k,rating|distance,rating|distance,,store:40980,40980,Cơm Thố Bách Khoa - Lương Định Của,3,,,,4.8,310.0,,21.00451088,105.8357773,,"[{'source': 'menu', 'source_record_id': '9219335', 'field': 'menu_items', 'value': 'Cơm thố Gà - Trứng'}, {'source': 'menu', 'source_record_id': '2965481', 'field': 'menu_items', 'value': 'CƠM THỐ ĐẶC BIỆT'}, {'source': 'menu', 'source_record_id': '6410385', 'field': 'menu_items', 'value': 'CƠM THỐ MIX 2 vị'}, {'source': 'review', 'source_record_id': 'tu_c6fcefdfcd9d111c', 'field': 'text_units', 'value': 'Tên quán: Cơm Thố Bách Khoa - Lương Định Của\nNguồn: befood_comment\nRating người dùng: 4.8","tìm quán cơm gà gần Bách Khoa dưới 50k, ưu tiên rating cao",tim quan com ga gan bach khoa duoi 50k uu tien rating cao,"{""cuisine"": null, ""distance_tolerance_m"": """", ""food"": ""com ga"", ""location"": ""bach khoa"", ""max_price"": 50000, ""normalized_query"": ""tim quan com ga gan bach khoa duoi 50k uu tien rating cao"", ""priority"": [""rating"", ""distance""], ""query_lat"": null, ""query_lng"": null, ""time_constraint"": null}",shown_candidate,false,2026-06-02T16:06:22+00:00
query:0bcff495-fc0b-40ab-8f40-516202c6c7b0,,2026-06-02T16:06:22+00:00,,,bach khoa,bach khoa,,com ga,under_50k,rating|distance,rating|distance,,store:4486,4486,"Bento Delichi (by Cooky) - Cơm Gà Mắm Tỏi, Xối Mỡ - Xã Đàn",4,,,111.8,4.7,2748.0,,21.01066017,105.8376999,,"khớp term: com, com ga, com van phong; cách query 112m; rating 4.7; price_min 8000; opening_status=open","tìm quán cơm gà gần Bách Khoa dưới 50k, ưu tiên rating cao",tim quan com ga gan bach khoa duoi 50k uu tien rating cao,"{""cuisine"": null, ""distance_tolerance_m"": """", ""food"": ""com ga"", ""location"": ""bach khoa"", ""max_price"": 50000, ""normalized_query"": ""tim quan com ga gan bach khoa duoi 50k uu tien rating cao"", ""priority"": [""rating"", ""distance""], ""query_lat"": null, ""query_lng"": null, ""time_constraint"": null}",shown_candidate,false,2026-06-02T16:06:22+00:00
query:0bcff495-fc0b-40ab-8f40-516202c6c7b0,,2026-06-02T16:06:22+00:00,,,bach khoa,bach khoa,,com ga,under_50k,rating|distance,rating|distance,,store:28837,28837,Gà Tần Huyền Anh - Phở Xào & Cơm Rang - Quỳnh Mai,5,,,,4.7,173.0,,21.00131989,105.8601379,,"[{'source': 'menu', 'source_record_id': '1005079', 'field': 'menu_items', 'value': 'Phở xào mềm bò'}, {'source': 'menu', 'source_record_id': '1005080', 'field': 'menu_items', 'value': 'Phở xào giòn bò'}, {'source': 'menu', 'source_record_id': '1005081', 'field': 'menu_items', 'value': 'Phở xào giòn tim'}, {'source': 'review', 'source_record_id': 'tu_ed697290ea2a7085', 'field': 'text_units', 'value': 'Tên quán: Gà Tần Huyền Anh - Phở Xào & Cơm Rang - Quỳnh Mai\nNguồn: befood_comment\nRating người","tìm quán cơm gà gần Bách Khoa dưới 50k, ưu tiên rating cao",tim quan com ga gan bach khoa duoi 50k uu tien rating cao,"{""cuisine"": null, ""distance_tolerance_m"": """", ""food"": ""com ga"", ""location"": ""bach khoa"", ""max_price"": 50000, ""normalized_query"": ""tim quan com ga gan bach khoa duoi 50k uu tien rating cao"", ""priority"": [""rating"", ""distance""], ""query_lat"": null, ""query_lng"": null, ""time_constraint"": null}",shown_candidate,false,2026-06-02T16:06:22+00:00
