entity_key,name,entity_type,store_key,review_id,text_unit_id,sentiment,confidence,evidence
dish:com-ga,cơm gà,dish,25639,15034de1df0b4e9a,tu_15034de1df0b4e9a,positive,0.82,quán mùa - cơm gà
dish:bun-mien-tron,bún miến trộn,dish,25639,15034de1df0b4e9a,tu_15034de1df0b4e9a,positive,0.82,& bún miến trộn
food_descriptor:ngon,ngon,food_descriptor,25639,15034de1df0b4e9a,tu_15034de1df0b4e9a,positive,0.96,"ngon đấy, ngon xỉu"
dish:pho,phở,dish,25639,8ea2b2b2c0447f44,tu_8ea2b2b2c0447f44,neutral,0.95,đặt phở
dish:bun,bún,dish,25639,8ea2b2b2c0447f44,tu_8ea2b2b2c0447f44,neutral,0.95,cho bún
problem:giao-nham-mon,giao nhầm món,problem,25639,8ea2b2b2c0447f44,tu_8ea2b2b2c0447f44,negative,0.78,đặt phở cho bún?
dish:bun-ngan-tron,bún ngan trộn,dish,25639,d2292fdad09da78a,tu_d2292fdad09da78a,negative,0.96,bún ngan trộn của mình
problem:gian,gián,problem,25639,d2292fdad09da78a,tu_d2292fdad09da78a,negative,0.99,có cả gián
dish:bun-ga,bún gà,dish,25639,d7985d984f2378be,tu_d7985d984f2378be,negative,0.94,bán bún gà
dish:tuong-ot-chanh,tương ớt chanh,dish,25639,d7985d984f2378be,tu_d7985d984f2378be,neutral,0.82,tương ớt chanh
dish:rau-song,rau sống,dish,25639,d7985d984f2378be,tu_d7985d984f2378be,neutral,0.71,rau sống
service_quality:service-thieu-tam,service thiếu tâm,service_quality,25639,d7985d984f2378be,tu_d7985d984f2378be,negative,0.9,bán đồ ăn ko có tâm
problem:khong-cho-tuong-ot-chanh,không cho tương ớt chanh,problem,25639,d7985d984f2378be,tu_d7985d984f2378be,negative,0.95,ko cho tương ớt chanh
problem:trai-nghiem-so,trải nghiệm sợ,problem,25639,d7985d984f2378be,tu_d7985d984f2378be,negative,0.84,ăn 1 lần sợ vl
dish:com,cơm,dish,97742,037157be32ed104c,tu_037157be32ed104c,negative,0.97,cơm quá tệ
food_descriptor:qua-te,quá tệ,food_descriptor,97742,037157be32ed104c,tu_037157be32ed104c,negative,0.94,quá tệ
food_descriptor:khong-hop-khau-vi,không hợp khẩu vị,food_descriptor,97742,037157be32ed104c,tu_037157be32ed104c,negative,0.95,không hợp khẩu vị
delivery_packaging:dong-goi,đóng gói,delivery_packaging,97742,037157be32ed104c,tu_037157be32ed104c,negative,0.94,đóng gói chưa tốt
problem:chua-tot,chưa tốt,problem,97742,037157be32ed104c,tu_037157be32ed104c,negative,0.86,chưa tốt
dish:bun-cha-quat,bún chả quạt,dish,97742,0372b2ecb8c342a2,tu_0372b2ecb8c342a2,neutral,0.68,bún chả quạt
dish:com-tam,cơm tấm,dish,97742,0372b2ecb8c342a2,tu_0372b2ecb8c342a2,neutral,0.68,cơm tấm
dish:com-van-phong,cơm văn phòng,dish,97742,0372b2ecb8c342a2,tu_0372b2ecb8c342a2,neutral,0.66,cơm văn phòng
food_descriptor:ngon,ngon,food_descriptor,97742,0372b2ecb8c342a2,tu_0372b2ecb8c342a2,positive,0.96,ngon xỉu
problem:nabi-bun-cha-quat-com-tam-com-van-phong-tay-son,"nabi bún chả quạt, cơm tấm & cơm văn phòng - tây sơn",problem,97742,7ae42d66486164bb,tu_7ae42d66486164bb,positive,0.6,"tên quán: nabi bún chả quạt, cơm tấm & cơm văn phòng - tây sơn"
price_value:price-value,price_value,price_value,97742,7ae42d66486164bb,tu_7ae42d66486164bb,positive,0.95,đáng đồng tiền
service_quality:food-quality,food_quality,service_quality,97742,7ae42d66486164bb,tu_7ae42d66486164bb,positive,0.73,ngon xỉu
space_quality:cleanliness,cleanliness,space_quality,97742,7ae42d66486164bb,tu_7ae42d66486164bb,positive,0.88,sạch sẽ
delivery_packaging:delivery-packaging,delivery_packaging,delivery_packaging,97742,7ae42d66486164bb,tu_7ae42d66486164bb,positive,0.94,đóng gói tốt
price_value:dang-dong-tien,đáng đồng tiền,price_value,97742,feeb28ca8361cf2c,tu_feeb28ca8361cf2c,positive,0.97,đáng đồng tiền
dish:bun-cha,bún chả,dish,97742,7c4646359cd75afd,tu_7c4646359cd75afd,positive,0.98,ăn bún chả
food_descriptor:vi-dam-da,vị đậm đà,food_descriptor,97742,7c4646359cd75afd,tu_7c4646359cd75afd,positive,0.95,vị đậm đà ngon
food_descriptor:ngon,ngon,food_descriptor,97742,7c4646359cd75afd,tu_7c4646359cd75afd,positive,0.93,ngon xỉu
space_quality:sach-se,sạch sẽ,space_quality,97742,7c4646359cd75afd,tu_7c4646359cd75afd,positive,0.9,sạch sẽ
delivery_packaging:dong-goi-tot,đóng gói tốt,delivery_packaging,97742,7c4646359cd75afd,tu_7c4646359cd75afd,positive,0.96,đóng gói tốt
price_value:dang-dong-tien,đáng đồng tiền,price_value,97742,7c4646359cd75afd,tu_7c4646359cd75afd,positive,0.95,đáng đồng tiền
service_quality:yen-tam-ve-thuc-pham,yên tâm về thực phẩm,service_quality,97742,7c4646359cd75afd,tu_7c4646359cd75afd,positive,0.73,rất yên tâm về thực phẩm
dish:bun-cha-quat,bún chả quạt,dish,97742,e30ba8949ea2d587,tu_e30ba8949ea2d587,positive,0.8,tên quán: nabi bún chả quạt
dish:com-tam,cơm tấm,dish,97742,e30ba8949ea2d587,tu_e30ba8949ea2d587,neutral,0.78,tên quán: ... cơm tấm
dish:com-van-phong,cơm văn phòng,dish,97742,e30ba8949ea2d587,tu_e30ba8949ea2d587,neutral,0.78,tên quán: ... cơm văn phòng
food_descriptor:ngon-xiu,ngon xỉu,food_descriptor,97742,e30ba8949ea2d587,tu_e30ba8949ea2d587,positive,0.96,ngon xỉu
price_value:dang-dong-tien,đáng đồng tiền,price_value,97742,e30ba8949ea2d587,tu_e30ba8949ea2d587,positive,0.97,đáng đồng tiền
space_quality:sach-se,sạch sẽ,space_quality,97742,e30ba8949ea2d587,tu_e30ba8949ea2d587,positive,0.78,sạch sẽ
delivery_packaging:dong-goi-tot,đóng gói tốt,delivery_packaging,97742,e30ba8949ea2d587,tu_e30ba8949ea2d587,positive,0.98,đóng gói tốt
dish:com-suon-cha-trung,cơm sườn chả trứng,dish,97742,aacd67ada15eea36,tu_aacd67ada15eea36,negative,0.94,cơm sườn chả trứng
dish:cha-trung,chả trứng,dish,97742,aacd67ada15eea36,tu_aacd67ada15eea36,negative,0.88,k có chả trứng
problem:thieu-cha-trung,thiếu chả trứng,problem,97742,aacd67ada15eea36,tu_aacd67ada15eea36,negative,0.97,k có chả trứng
dish:pho-bo,phở bò,dish,130307,bc9541e1fead26dd,tu_bc9541e1fead26dd,neutral,0.62,phở bò nội
dish:bun-cha,bún chả,dish,130307,bc9541e1fead26dd,tu_bc9541e1fead26dd,neutral,0.78,bún chả
dish:chao,cháo,dish,130307,bc9541e1fead26dd,tu_bc9541e1fead26dd,neutral,0.74,cháo
dish:com,cơm,dish,130307,bc9541e1fead26dd,tu_bc9541e1fead26dd,neutral,0.74,cơm
food_descriptor:ngon,ngon,food_descriptor,130307,bc9541e1fead26dd,tu_bc9541e1fead26dd,positive,0.96,ngon xỉu
delivery_packaging:dong-goi,đóng gói,delivery_packaging,130307,bc9541e1fead26dd,tu_bc9541e1fead26dd,positive,0.97,đóng gói tốt
price_value:dang-dong-tien,đáng đồng tiền,price_value,130307,bc9541e1fead26dd,tu_bc9541e1fead26dd,positive,0.96,đáng đồng tiền
location_landmark:tran-hung-dao,trần hưng đạo,location_landmark,130307,bc9541e1fead26dd,tu_bc9541e1fead26dd,neutral,0.71,trần hưng đạo
price_value:dang-dong-tien,đáng đồng tiền,price_value,130307,4fa57277909c072f,tu_4fa57277909c072f,positive,0.97,đáng đồng tiền
delivery_packaging:dong-goi-tot,đóng gói tốt,delivery_packaging,130307,4fa57277909c072f,tu_4fa57277909c072f,positive,0.98,đóng gói tốt
food_descriptor:ngon-xiu,ngon xỉu,food_descriptor,130307,4fa57277909c072f,tu_4fa57277909c072f,positive,0.95,ngon xỉu
dish:bo-tai,bò tái,dish,130307,ca0d927e46b103bd,tu_ca0d927e46b103bd,negative,0.97,bò tái ko trần thì lại trần kỹ
dish:thit-chin-nam,thịt chín nạm,dish,130307,ca0d927e46b103bd,tu_ca0d927e46b103bd,negative,0.94,thịt chín nạm thì ko thấy đâu
food_descriptor:cung,cứng,food_descriptor,130307,ca0d927e46b103bd,tu_ca0d927e46b103bd,negative,0.96,cứng hết cả
problem:sai-thieu-mon,sai/thiếu món,problem,130307,ca0d927e46b103bd,tu_ca0d927e46b103bd,negative,0.99,sai/thiếu món
problem:khong-lam-dung-ghi-chu,không làm đúng ghi chú,problem,130307,ca0d927e46b103bd,tu_ca0d927e46b103bd,negative,0.99,không làm đúng ghi chú
price_value:dang-dong-tien,đáng đồng tiền,price_value,22758,5fa5fb7203c1385f,tu_5fa5fb7203c1385f,positive,0.97,đáng đồng tiền
location_landmark:ngo-chua-lien-phai-bach-mai,ngõ chùa liên phái bạch mai,location_landmark,22758,5fa5fb7203c1385f,tu_5fa5fb7203c1385f,neutral,0.92,ngõ chùa liên phái bạch mai
dish:com-do-an-vat,cơm & đồ ăn vặt,dish,22758,8a694549684838e9,tu_8a694549684838e9,positive,0.88,cơm & đồ ăn vặt
food_descriptor:ngon-xiu,ngon xỉu,food_descriptor,22758,8a694549684838e9,tu_8a694549684838e9,positive,0.96,ngon xỉu
space_quality:sach-se,sạch sẽ,space_quality,22758,8a694549684838e9,tu_8a694549684838e9,positive,0.84,sạch sẽ
delivery_packaging:dong-goi-tot,đóng gói tốt,delivery_packaging,22758,8a694549684838e9,tu_8a694549684838e9,positive,0.97,đóng gói tốt
location_landmark:ngo-chua-lien-phai-bach-mai,ngõ chùa liên phái bạch mai,location_landmark,22758,8a694549684838e9,tu_8a694549684838e9,neutral,0.91,ngõ chùa liên phái bạch mai
problem:khong-hop-khau-vi,không hợp khẩu vị,problem,22758,7959f3533c185ec2,tu_7959f3533c185ec2,negative,0.92,không hợp khẩu vị
delivery_packaging:dong-goi,đóng gói,delivery_packaging,22758,7959f3533c185ec2,tu_7959f3533c185ec2,negative,0.95,đóng gói chưa tốt
problem:chua-tot,chưa tốt,problem,22758,7959f3533c185ec2,tu_7959f3533c185ec2,negative,0.88,chưa tốt
location_landmark:ngo-chua-lien-phai-bach-mai,ngõ chùa liên phái bạch mai,location_landmark,22758,7959f3533c185ec2,tu_7959f3533c185ec2,neutral,0.79,ngõ chùa liên phái bạch mai
service_quality:thien-truong-pho-co-com-ga-xoi-mam,thiên trường - phở cồ & cơm gà xối mắm,service_quality,11471,244cbf6cab9d40b3,tu_244cbf6cab9d40b3,neutral,0.55,tên quán: thiên trường - phở cồ & cơm gà xối mắm
delivery_packaging:dong-goi,đóng gói,delivery_packaging,11471,244cbf6cab9d40b3,tu_244cbf6cab9d40b3,negative,0.97,đóng gói không cẩn thận
dish:com,cơm,dish,11471,244cbf6cab9d40b3,tu_244cbf6cab9d40b3,negative,0.89,cả cơm ... đều lèo tèo quá ít
dish:mi,mì,dish,11471,244cbf6cab9d40b3,tu_244cbf6cab9d40b3,negative,0.89,cả ... mì đều lèo tèo quá ít
food_descriptor:leo-teo,lèo tèo,food_descriptor,11471,244cbf6cab9d40b3,tu_244cbf6cab9d40b3,negative,0.83,lèo tèo quá ít
food_descriptor:qua-it,quá ít,food_descriptor,11471,244cbf6cab9d40b3,tu_244cbf6cab9d40b3,negative,0.95,quá ít
problem:dong-goi-khong-can-than,đóng gói không cẩn thận,problem,11471,244cbf6cab9d40b3,tu_244cbf6cab9d40b3,negative,0.98,đóng gói không cẩn thận
problem:dong-goi-chua-tot,đóng gói chưa tốt,problem,11471,244cbf6cab9d40b3,tu_244cbf6cab9d40b3,negative,0.96,đóng gói chưa tốt
space_quality:sach-se,sạch sẽ,space_quality,11471,d3c0592d59330390,tu_d3c0592d59330390,positive,0.97,sạch sẽ
delivery_packaging:dong-goi,đóng gói,delivery_packaging,11471,3290b898adddc379,tu_3290b898adddc379,positive,0.96,đóng gói tốt
space_quality:sach-se,sạch sẽ,space_quality,11471,3290b898adddc379,tu_3290b898adddc379,positive,0.75,sạch sẽ
delivery_packaging:dong-goi,đóng gói,delivery_packaging,11471,d94674e82246cc30,tu_d94674e82246cc30,positive,0.97,đóng gói tốt
food_descriptor:ngon-xiu,ngon xỉu,food_descriptor,11471,50199678ae31aa77,tu_50199678ae31aa77,positive,0.9,ngon xỉu
delivery_packaging:dong-goi-tot,đóng gói tốt,delivery_packaging,11471,50199678ae31aa77,tu_50199678ae31aa77,positive,0.98,đóng gói tốt
price_value:dang-dong-tien,đáng đồng tiền,price_value,11471,50199678ae31aa77,tu_50199678ae31aa77,positive,0.97,đáng đồng tiền
space_quality:sach-se,sạch sẽ,space_quality,11471,50199678ae31aa77,tu_50199678ae31aa77,positive,0.85,sạch sẽ
food_descriptor:ngon-xiu,ngon xỉu,food_descriptor,11471,b31bafef6a6c5f4f,tu_b31bafef6a6c5f4f,positive,0.94,ngon xỉu
space_quality:sach-se,sạch sẽ,space_quality,11471,b31bafef6a6c5f4f,tu_b31bafef6a6c5f4f,positive,0.84,sạch sẽ
delivery_packaging:dong-goi-tot,đóng gói tốt,delivery_packaging,11471,b31bafef6a6c5f4f,tu_b31bafef6a6c5f4f,positive,0.93,đóng gói tốt
dish:thien-truong-pho-co-com-ga-xoi-mam,thiên trường - phở cồ & cơm gà xối mắm,dish,11471,58884e5ebe3ac1c9,tu_58884e5ebe3ac1c9,positive,0.51,tên quán: thiên trường - phở cồ & cơm gà xối mắm
service_quality:food-quality,food_quality,service_quality,11471,58884e5ebe3ac1c9,tu_58884e5ebe3ac1c9,positive,0.55,ngon xỉu
delivery_packaging:dong-goi,đóng gói,delivery_packaging,11471,58884e5ebe3ac1c9,tu_58884e5ebe3ac1c9,positive,0.95,đóng gói tốt
food_descriptor:tot,tốt,food_descriptor,11471,58884e5ebe3ac1c9,tu_58884e5ebe3ac1c9,positive,0.68,tốt
problem:problem,problem,problem,11471,58884e5ebe3ac1c9,tu_58884e5ebe3ac1c9,neutral,0.05,
delivery_packaging:packaging,packaging,delivery_packaging,11471,2e8f091631a99785,tu_2e8f091631a99785,negative,0.86,packaging=-1.00
problem:sai-thieu-mon,sai/thiếu món,problem,11471,2e8f091631a99785,tu_2e8f091631a99785,negative,0.98,sai/thiếu món
dish:pho-co-com-ga-xoi-mam,phở cồ & cơm gà xối mắm,dish,11471,851efab10ca73713,tu_851efab10ca73713,positive,0.69,phở cồ & cơm gà xối mắm
food_descriptor:ngon,ngon,food_descriptor,11471,851efab10ca73713,tu_851efab10ca73713,positive,0.83,khá ngon
dish:pho-co,phở cồ,dish,11471,db76f1976fb4e848,tu_db76f1976fb4e848,neutral,0.8,phở cồ
dish:com-ga-xoi-mam,cơm gà xối mắm,dish,11471,db76f1976fb4e848,tu_db76f1976fb4e848,neutral,0.88,cơm gà xối mắm
service_quality:service-te,service tệ,service_quality,11471,db76f1976fb4e848,tu_db76f1976fb4e848,negative,0.94,quán làm ăn cực kỳ tệ
food_descriptor:khong-hop-khau-vi,không hợp khẩu vị,food_descriptor,11471,db76f1976fb4e848,tu_db76f1976fb4e848,negative,0.78,không hợp khẩu vị
problem:cho-hanh-du-da-dan-khong-hanh,cho hành dù đã dặn không hành,problem,11471,db76f1976fb4e848,tu_db76f1976fb4e848,negative,0.97,dặn không hành rất to rồi nhưng vẫn cho 1 đống
problem:sai-thieu-mon,sai/thiếu món,problem,11471,db76f1976fb4e848,tu_db76f1976fb4e848,negative,0.96,sai/thiếu món
problem:khong-lam-dung-ghi-chu,không làm đúng ghi chú,problem,11471,db76f1976fb4e848,tu_db76f1976fb4e848,negative,0.98,không làm đúng ghi chú
price_value:dang-dong-tien,đáng đồng tiền,price_value,11326,38ef02ba212b466a,tu_38ef02ba212b466a,positive,0.97,đáng đồng tiền
food_descriptor:ngon-xiu,ngon xỉu,food_descriptor,11326,bc445469771870b9,tu_bc445469771870b9,positive,0.91,ngon xỉu
price_value:dang-dong-tien,đáng đồng tiền,price_value,11326,bc445469771870b9,tu_bc445469771870b9,positive,0.95,đáng đồng tiền
space_quality:sach-se,sạch sẽ,space_quality,11326,bc445469771870b9,tu_bc445469771870b9,positive,0.79,sạch sẽ
delivery_packaging:dong-goi-tot,đóng gói tốt,delivery_packaging,11326,bc445469771870b9,tu_bc445469771870b9,positive,0.96,đóng gói tốt
dish:com-van-phong-nuoc-ep,cơm văn phòng & nước ép,dish,11326,e90946fe5e330b0d,tu_e90946fe5e330b0d,positive,0.77,cơm văn phòng & nước ép
food_descriptor:ngon-xiu,ngon xỉu,food_descriptor,11326,e90946fe5e330b0d,tu_e90946fe5e330b0d,positive,0.94,ngon xỉu
price_value:dang-dong-tien,đáng đồng tiền,price_value,11326,e90946fe5e330b0d,tu_e90946fe5e330b0d,positive,0.96,đáng đồng tiền
delivery_packaging:dong-goi-tot,đóng gói tốt,delivery_packaging,11326,e90946fe5e330b0d,tu_e90946fe5e330b0d,positive,0.95,đóng gói tốt
space_quality:sach-se,sạch sẽ,space_quality,11326,e90946fe5e330b0d,tu_e90946fe5e330b0d,positive,0.83,sạch sẽ
dish:do-an,đồ ăn,dish,11326,ea92d4a304b91d71,tu_ea92d4a304b91d71,positive,0.93,"siêu ngon, ăn siêu no"
food_descriptor:ngon,ngon,food_descriptor,11326,ea92d4a304b91d71,tu_ea92d4a304b91d71,positive,0.97,siêu ngon
price_value:gia-tri-tien,giá trị tiền,price_value,11326,ea92d4a304b91d71,tu_ea92d4a304b91d71,positive,0.94,đáng đồng tiền
space_quality:sach-se,sạch sẽ,space_quality,11326,ea92d4a304b91d71,tu_ea92d4a304b91d71,positive,0.86,sạch sẽ
delivery_packaging:dong-goi,đóng gói,delivery_packaging,11326,ea92d4a304b91d71,tu_ea92d4a304b91d71,positive,0.93,đóng gói tốt
dish:com-van-phong,cơm văn phòng,dish,11326,12cf45f29ea20b39,tu_12cf45f29ea20b39,negative,0.88,ko giống cơm vp
problem:khong-giong-com-van-phong,không giống cơm văn phòng,problem,11326,12cf45f29ea20b39,tu_12cf45f29ea20b39,negative,0.91,ko giống cơm vp
dish:com,cơm,dish,8314,4f5984817280af3b,tu_4f5984817280af3b,positive,0.91,cơm giòn ngon
food_descriptor:gion,giòn,food_descriptor,8314,4f5984817280af3b,tu_4f5984817280af3b,positive,0.95,cơm giòn ngon
food_descriptor:ngon,ngon,food_descriptor,8314,4f5984817280af3b,tu_4f5984817280af3b,positive,0.96,cơm giòn ngon; ngon xỉu
delivery_packaging:dong-goi,đóng gói,delivery_packaging,8314,4f5984817280af3b,tu_4f5984817280af3b,positive,0.94,đóng gói tốt
price_value:dang-dong-tien,đáng đồng tiền,price_value,8314,4f5984817280af3b,tu_4f5984817280af3b,positive,0.95,đáng đồng tiền
space_quality:sach-se,sạch sẽ,space_quality,8314,4f5984817280af3b,tu_4f5984817280af3b,positive,0.82,sạch sẽ
dish:pho-bo,phở bò,dish,8314,dbb8e7f078a878fe,tu_dbb8e7f078a878fe,neutral,0.77,tên quán: phở bò cơm rang duy nhất
dish:com-rang,cơm rang,dish,8314,dbb8e7f078a878fe,tu_dbb8e7f078a878fe,neutral,0.77,tên quán: phở bò cơm rang duy nhất
service_quality:phuc-vu-khong-noi-gi,phục vụ không nói gì,service_quality,8314,dbb8e7f078a878fe,tu_dbb8e7f078a878fe,negative,0.9,để đây và không nói gì
problem:khong-dam-bao-ve-sinh,không đảm bảo vệ sinh,problem,8314,dbb8e7f078a878fe,tu_dbb8e7f078a878fe,negative,0.98,không đảm bảo vệ sinh
space_quality:sach-se,sạch sẽ,space_quality,8314,2af46641d7006282,tu_2af46641d7006282,positive,0.98,sạch sẽ
price_value:dang-dong-tien,đáng đồng tiền,price_value,8314,a57e2ff5f83d9ca4,tu_a57e2ff5f83d9ca4,positive,0.98,đáng đồng tiền
delivery_packaging:dong-goi,đóng gói,delivery_packaging,8314,0b6e54fb55a62d8d,tu_0b6e54fb55a62d8d,positive,0.98,đóng gói tốt
price_value:gia-ca,giá cả,price_value,8314,3f00b8f79cdd65ed,tu_3f00b8f79cdd65ed,positive,0.95,đáng đồng tiền
dish:chat-luong-mon-an,chất lượng món ăn,dish,8314,3f00b8f79cdd65ed,tu_3f00b8f79cdd65ed,positive,0.66,ngon xỉu
food_descriptor:ngon-xiu,ngon xỉu,food_descriptor,8314,3f00b8f79cdd65ed,tu_3f00b8f79cdd65ed,positive,0.93,ngon xỉu
space_quality:khong-gian-ve-sinh,không gian/vệ sinh,space_quality,8314,3f00b8f79cdd65ed,tu_3f00b8f79cdd65ed,positive,0.84,sạch sẽ
delivery_packaging:dong-goi,đóng gói,delivery_packaging,8314,3f00b8f79cdd65ed,tu_3f00b8f79cdd65ed,positive,0.94,đóng gói tốt
dish:mon-an,món ăn,dish,8314,fde5e6063834b72d,tu_fde5e6063834b72d,positive,0.57,ngon xỉu
food_descriptor:ngon-xiu,ngon xỉu,food_descriptor,8314,fde5e6063834b72d,tu_fde5e6063834b72d,positive,0.94,ngon xỉu
price_value:dang-dong-tien,đáng đồng tiền,price_value,8314,fde5e6063834b72d,tu_fde5e6063834b72d,positive,0.96,đáng đồng tiền
delivery_packaging:dong-goi-tot,đóng gói tốt,delivery_packaging,8314,fde5e6063834b72d,tu_fde5e6063834b72d,positive,0.97,đóng gói tốt
food_descriptor:ngon,ngon,food_descriptor,8314,0f92bffdac0e0729,tu_0f92bffdac0e0729,positive,0.9,khá ngon
delivery_packaging:dong-goi,đóng gói,delivery_packaging,8314,067f0442bf3588bd,tu_067f0442bf3588bd,negative,0.95,đóng gói chưa tốt
problem:chua-tot,chưa tốt,problem,8314,067f0442bf3588bd,tu_067f0442bf3588bd,negative,0.91,chưa tốt
dish:pho-xao,phở xào,dish,8314,c245f9e52651f9a3,tu_c245f9e52651f9a3,negative,0.96,phở xào hơi nhạt
food_descriptor:nhat,nhạt,food_descriptor,8314,c245f9e52651f9a3,tu_c245f9e52651f9a3,negative,0.97,hơi nhạt
problem:thieu-magie,thiếu magie,problem,8314,c245f9e52651f9a3,tu_c245f9e52651f9a3,negative,0.62,hình như thiếu magie
dish:com-cum,cơm cũm,dish,8314,c245f9e52651f9a3,tu_c245f9e52651f9a3,negative,0.72,cơm cũm hơi nhạt
dish:nuoc-canh,nước canh,dish,8314,c245f9e52651f9a3,tu_c245f9e52651f9a3,positive,0.83,mỗi nc canh là đậm
food_descriptor:dam,đậm,food_descriptor,8314,c245f9e52651f9a3,tu_c245f9e52651f9a3,positive,0.9,là đậm
dish:bun-rieu-cua,bún riêu cua,dish,126147,c052075a94117be3,tu_c052075a94117be3,neutral,0.65,tên quán: ... bún riêu cua
dish:com-rang,cơm rang,dish,126147,c052075a94117be3,tu_c052075a94117be3,neutral,0.65,tên quán: ... cơm rang
dish:pho-xao,phở xào,dish,126147,c052075a94117be3,tu_c052075a94117be3,neutral,0.65,tên quán: ... phở xào
problem:khong-giong-tren-anh,không giống trên ảnh,problem,126147,c052075a94117be3,tu_c052075a94117be3,negative,0.96,không giống trên ảnh
service_quality:quan-ha-noi-xua-bun-cha-truong-chinh,quán hà nội xưa - bún chả - trường chinh,service_quality,59967,856653aa94c915f9,tu_856653aa94c915f9,negative,0.52,trải nhiệm rất tệ
problem:dua-moc,đũa mốc,problem,59967,856653aa94c915f9,tu_856653aa94c915f9,negative,0.98,đũa mốc
dish:cha,chả,dish,59967,856653aa94c915f9,tu_856653aa94c915f9,negative,0.87,chả có 5 miếng
problem:khong-dam-bao-ve-sinh,không đảm bảo vệ sinh,problem,59967,856653aa94c915f9,tu_856653aa94c915f9,negative,0.97,không đảm bảo vệ sinh
service_quality:ve-sinh,vệ sinh,service_quality,59967,856653aa94c915f9,tu_856653aa94c915f9,negative,0.74,không đảm bảo vệ sinh
delivery_packaging:dong-goi,đóng gói,delivery_packaging,59967,ab33fb4f749c77ea,tu_ab33fb4f749c77ea,positive,0.97,đóng gói tốt
price_value:dang-dong-tien,đáng đồng tiền,price_value,59967,ab33fb4f749c77ea,tu_ab33fb4f749c77ea,positive,0.95,đáng đồng tiền
dish:nuoc-cham,nước chấm,dish,59967,6171cc4bcedb39e0,tu_6171cc4bcedb39e0,negative,0.72,không có nước chấm
problem:thieu-nuoc-cham,thiếu nước chấm,problem,59967,6171cc4bcedb39e0,tu_6171cc4bcedb39e0,negative,0.93,không có nước chấm
price_value:gia-50k,giá 50k,price_value,59967,df3e9851b3929fb9,tu_df3e9851b3929fb9,negative,0.95,50k mà
problem:phan-an-it,phần ăn ít,problem,59967,df3e9851b3929fb9,tu_df3e9851b3929fb9,negative,0.96,được có mấy miếng
service_quality:quan-ha-noi-xua-bun-cha-truong-chinh,quán hà nội xưa - bún chả - trường chinh,service_quality,59967,f74c9edfc07b7cd2,tu_f74c9edfc07b7cd2,neutral,0.51,tên quán: quán hà nội xưa - bún chả - trường chinh
dish:cha-bam,chả băm,dish,59967,f74c9edfc07b7cd2,tu_f74c9edfc07b7cd2,positive,0.91,chả băm ok
dish:cha-mieng,chả miếng,dish,59967,f74c9edfc07b7cd2,tu_f74c9edfc07b7cd2,negative,0.88,chả miếng thì hơi chán
price_value:gia,giá,price_value,59967,f74c9edfc07b7cd2,tu_f74c9edfc07b7cd2,negative,0.9,giá không rẻ
dish:thit,thịt,dish,59967,f74c9edfc07b7cd2,tu_f74c9edfc07b7cd2,negative,0.86,thịt dai và có phần hơi bèo nhèo
food_descriptor:dai,dai,food_descriptor,59967,f74c9edfc07b7cd2,tu_f74c9edfc07b7cd2,negative,0.92,thịt dai
food_descriptor:beo-nheo,bèo nhèo,food_descriptor,59967,f74c9edfc07b7cd2,tu_f74c9edfc07b7cd2,negative,0.9,hơi bèo nhèo
dish:thit-ba-chi,thịt ba chỉ,dish,59967,f74c9edfc07b7cd2,tu_f74c9edfc07b7cd2,negative,0.84,ai fan thịt ba chỉ thì không ưng nổi
problem:khong-ung-noi,không ưng nổi,problem,59967,f74c9edfc07b7cd2,tu_f74c9edfc07b7cd2,negative,0.72,không ưng nổi
dish:com,cơm,dish,59967,17ed891e32f351a4,tu_17ed891e32f351a4,negative,0.94,cơm dở
food_descriptor:do,dở,food_descriptor,59967,17ed891e32f351a4,tu_17ed891e32f351a4,negative,0.97,dở
food_descriptor:ngon-xiu,ngon xỉu,food_descriptor,128724,f5c514fa5ee0b2d6,tu_f5c514fa5ee0b2d6,positive,0.96,ngon xỉu
price_value:dang-dong-tien,đáng đồng tiền,price_value,128724,f5c514fa5ee0b2d6,tu_f5c514fa5ee0b2d6,positive,0.95,đáng đồng tiền
space_quality:sach-se,sạch sẽ,space_quality,128724,f5c514fa5ee0b2d6,tu_f5c514fa5ee0b2d6,positive,0.84,sạch sẽ
delivery_packaging:dong-goi-tot,đóng gói tốt,delivery_packaging,128724,f5c514fa5ee0b2d6,tu_f5c514fa5ee0b2d6,positive,0.97,đóng gói tốt
dish:phan-dac-biet,phần đặc biệt,dish,128724,a0b6632d19436c51,tu_a0b6632d19436c51,neutral,0.82,phần đặc biệt
food_descriptor:nhieu-topping,nhiều topping,food_descriptor,128724,a0b6632d19436c51,tu_a0b6632d19436c51,positive,0.88,nhiều topping
problem:ko-co-trung-non,ko có trứng non,problem,128724,a0b6632d19436c51,tu_a0b6632d19436c51,negative,0.95,ko có trứng non
food_descriptor:an-cung-ok,ăn cũng ok,food_descriptor,128724,a0b6632d19436c51,tu_a0b6632d19436c51,positive,0.72,ăn cũng ok
dish:trung-cut,trứng cút,dish,128724,82bb612a157093f3,tu_82bb612a157093f3,neutral,0.86,trứng cút
problem:thieu-trung-cut,thiếu trứng cút,problem,128724,82bb612a157093f3,tu_82bb612a157093f3,negative,0.97,thiếu trứng cút nhà shop
dish:banh-cuon-nong,bánh cuốn nóng,dish,94161,90bf4b4256ce762d,tu_90bf4b4256ce762d,positive,0.62,tên quán: bánh cuốn nóng
dish:ga-ac-tan,gà ác tần,dish,94161,90bf4b4256ce762d,tu_90bf4b4256ce762d,positive,0.62,tên quán: gà ác tần
food_descriptor:ngon-xiu,ngon xỉu,food_descriptor,94161,90bf4b4256ce762d,tu_90bf4b4256ce762d,positive,0.94,ngon xỉu
delivery_packaging:dong-goi-tot,đóng gói tốt,delivery_packaging,94161,90bf4b4256ce762d,tu_90bf4b4256ce762d,positive,0.97,đóng gói tốt
price_value:dang-dong-tien,đáng đồng tiền,price_value,94161,90bf4b4256ce762d,tu_90bf4b4256ce762d,positive,0.95,đáng đồng tiền
space_quality:sach-se,sạch sẽ,space_quality,94161,90bf4b4256ce762d,tu_90bf4b4256ce762d,positive,0.72,sạch sẽ
dish:banh-cuon-nong-ga-ac-tan,bánh cuốn nóng & gà ác tần,dish,94161,108180174b27fc7a,tu_108180174b27fc7a,positive,0.79,bánh cuốn nóng & gà ác tần
food_descriptor:ngon-xiu,ngon xỉu,food_descriptor,94161,108180174b27fc7a,tu_108180174b27fc7a,positive,0.97,ngon xỉu
price_value:dang-dong-tien,đáng đồng tiền,price_value,94161,108180174b27fc7a,tu_108180174b27fc7a,positive,0.98,đáng đồng tiền
space_quality:sach-se,sạch sẽ,space_quality,94161,108180174b27fc7a,tu_108180174b27fc7a,positive,0.83,sạch sẽ
delivery_packaging:dong-goi-tot,đóng gói tốt,delivery_packaging,94161,108180174b27fc7a,tu_108180174b27fc7a,positive,0.98,đóng gói tốt
dish:banh-cuon-nong,bánh cuốn nóng,dish,94161,c6ba2bab4389fd23,tu_c6ba2bab4389fd23,positive,0.76,bánh cuốn nóng
dish:ga-ac-tan,gà ác tần,dish,94161,c6ba2bab4389fd23,tu_c6ba2bab4389fd23,positive,0.76,gà ác tần
food_descriptor:ngon,ngon,food_descriptor,94161,c6ba2bab4389fd23,tu_c6ba2bab4389fd23,positive,0.95,ngon xỉu
price_value:dang-dong-tien,đáng đồng tiền,price_value,94161,a1e04e46c162547c,tu_a1e04e46c162547c,positive,0.97,đáng đồng tiền
problem:khong-dam-bao-ve-sinh,không đảm bảo vệ sinh,problem,94161,d2c3670085f4ff00,tu_d2c3670085f4ff00,negative,0.98,không đảm bảo vệ sinh
dish:ga-tan,gà tần,dish,28837,ed697290ea2a7085,tu_ed697290ea2a7085,neutral,0.78,gà tần huyền anh
dish:pho-xao,phở xào,dish,28837,ed697290ea2a7085,tu_ed697290ea2a7085,neutral,0.9,phở xào
dish:com-rang,cơm rang,dish,28837,ed697290ea2a7085,tu_ed697290ea2a7085,neutral,0.9,cơm rang
price_value:dang-dong-tien,đáng đồng tiền,price_value,28837,ed697290ea2a7085,tu_ed697290ea2a7085,positive,0.96,đáng đồng tiền
food_descriptor:ngon-xiu,ngon xỉu,food_descriptor,28837,ed697290ea2a7085,tu_ed697290ea2a7085,positive,0.95,ngon xỉu
space_quality:sach-se,sạch sẽ,space_quality,28837,b2e2e3f598d35aae,tu_b2e2e3f598d35aae,positive,0.97,sạch sẽ
service_quality:ga-tan-huyen-anh-pho-xao-com-rang-quynh-mai,gà tần huyền anh - phở xào & cơm rang - quỳnh mai,service_quality,28837,5bf5f62cf749dd3b,tu_5bf5f62cf749dd3b,neutral,0.2,tên quán: gà tần huyền anh - phở xào & cơm rang - quỳnh mai
price_value:gia-tri-tien,giá trị tiền,price_value,28837,5bf5f62cf749dd3b,tu_5bf5f62cf749dd3b,positive,0.95,đáng đồng tiền
delivery_packaging:dong-goi,đóng gói,delivery_packaging,28837,5bf5f62cf749dd3b,tu_5bf5f62cf749dd3b,positive,0.94,đóng gói tốt
space_quality:sach-se,sạch sẽ,space_quality,28837,5bf5f62cf749dd3b,tu_5bf5f62cf749dd3b,positive,0.9,sạch sẽ
food_descriptor:ngon,ngon,food_descriptor,28837,5bf5f62cf749dd3b,tu_5bf5f62cf749dd3b,positive,0.93,ngon xỉu
problem:ga-tan-huyen-anh-pho-xao-com-rang-quynh-mai,gà tần huyền anh - phở xào & cơm rang - quỳnh mai,problem,28837,7f79d6b012d4205b,tu_7f79d6b012d4205b,neutral,0.64,tên quán: gà tần huyền anh - phở xào & cơm rang - quỳnh mai
dish:oc-ham-la-ngai,óc hầm lá ngải,dish,28837,7f79d6b012d4205b,tu_7f79d6b012d4205b,negative,0.96,óc hầm lá ngải quá mặn
food_descriptor:qua-man,quá mặn,food_descriptor,28837,7f79d6b012d4205b,tu_7f79d6b012d4205b,negative,0.98,quá mặn
dish:chao-tim,cháo tim,dish,28837,7f79d6b012d4205b,tu_7f79d6b012d4205b,negative,0.95,cháo tim dai
food_descriptor:dai,dai,food_descriptor,28837,7f79d6b012d4205b,tu_7f79d6b012d4205b,negative,0.96,cháo tim dai
dish:la-thom,lá thơm,dish,28837,7f79d6b012d4205b,tu_7f79d6b012d4205b,neutral,0.73,lá thơm nên để bên ngoài
problem:khong-hop-khau-vi,không hợp khẩu vị,problem,28837,7f79d6b012d4205b,tu_7f79d6b012d4205b,negative,0.97,không hợp khẩu vị
problem:kho-an,khó ăn,problem,28837,9683b9776379a0e9,tu_9683b9776379a0e9,negative,0.95,khó ăn
problem:khong-hop-khau-vi,không hợp khẩu vị,problem,28837,9683b9776379a0e9,tu_9683b9776379a0e9,negative,0.98,không hợp khẩu vị
problem:khong-hop-khau-vi,không hợp khẩu vị,problem,117760,e6c19832c1bd3767,tu_e6c19832c1bd3767,negative,0.97,không hợp khẩu vị
delivery_packaging:dong-goi,đóng gói,delivery_packaging,33188,78cf6b2b913bc687,tu_78cf6b2b913bc687,positive,0.99,đóng gói tốt
dish:com-rang,cơm rang,dish,33188,a8b67f73cc613c9e,tu_a8b67f73cc613c9e,neutral,0.78,cơm rang
dish:pho-xao,phở xào,dish,33188,a8b67f73cc613c9e,tu_a8b67f73cc613c9e,neutral,0.78,phở xào
food_descriptor:ngon-xiu,ngon xỉu,food_descriptor,33188,a8b67f73cc613c9e,tu_a8b67f73cc613c9e,positive,0.95,ngon xỉu
price_value:dang-dong-tien,đáng đồng tiền,price_value,33188,a8b67f73cc613c9e,tu_a8b67f73cc613c9e,positive,0.96,đáng đồng tiền
space_quality:sach-se,sạch sẽ,space_quality,33188,a8b67f73cc613c9e,tu_a8b67f73cc613c9e,positive,0.83,sạch sẽ
delivery_packaging:dong-goi-tot,đóng gói tốt,delivery_packaging,33188,a8b67f73cc613c9e,tu_a8b67f73cc613c9e,positive,0.96,đóng gói tốt
delivery_packaging:dong-goi,đóng gói,delivery_packaging,33188,1f5d783f5d3a507e,tu_1f5d783f5d3a507e,positive,0.97,đóng gói tốt
food_descriptor:ngon,ngon,food_descriptor,33188,fc3f5e5069707f9f,tu_fc3f5e5069707f9f,positive,0.84,khá ngon
dish:pho-xao,phở xào,dish,33188,97d0e75e928cf661,tu_97d0e75e928cf661,negative,0.95,phở xào quá nhiều mỡ
food_descriptor:nhieu-mo,nhiều mỡ,food_descriptor,33188,97d0e75e928cf661,tu_97d0e75e928cf661,negative,0.98,quá nhiều mỡ
food_descriptor:kha-ngon,khá ngon,food_descriptor,33188,97d0e75e928cf661,tu_97d0e75e928cf661,positive,0.77,khá ngon
dish:pho-xao,phở xào,dish,33188,cdfc9b9ef0376557,tu_cdfc9b9ef0376557,negative,0.98,ăn phở xào quá nhiều mỡ
food_descriptor:nhieu-mo,nhiều mỡ,food_descriptor,33188,cdfc9b9ef0376557,tu_cdfc9b9ef0376557,negative,0.97,quá nhiều mỡ
problem:khong-lam-dung-ghi-chu,không làm đúng ghi chú,problem,33188,cdfc9b9ef0376557,tu_cdfc9b9ef0376557,negative,0.99,không làm đúng ghi chú
location_landmark:hai-dung-com-rang-pho-xao-quynh-mai,hải dung - cơm rang & phở xào - quỳnh mai,location_landmark,33188,9f8864aa4b489e36,tu_9f8864aa4b489e36,neutral,0.56,tên quán: hải dung - cơm rang & phở xào - quỳnh mai
dish:pho-xao,phở xào,dish,33188,9f8864aa4b489e36,tu_9f8864aa4b489e36,negative,0.98,phở xào toàn nước nát bét
food_descriptor:toan-nuoc,toàn nước,food_descriptor,33188,9f8864aa4b489e36,tu_9f8864aa4b489e36,negative,0.95,toàn nước
food_descriptor:nat-bet,nát bét,food_descriptor,33188,9f8864aa4b489e36,tu_9f8864aa4b489e36,negative,0.97,nát bét
problem:problem-food-quality,problem_food_quality,problem,33188,9f8864aa4b489e36,tu_9f8864aa4b489e36,negative,0.93,"nấu như cám lợn, k có lần thứ 2"
dish:hai-dung-com-rang-pho-xao-quynh-mai,hải dung - cơm rang & phở xào - quỳnh mai,dish,33188,095834879f75f67f,tu_095834879f75f67f,neutral,0.2,tên quán: hải dung - cơm rang & phở xào - quỳnh mai
service_quality:service,service,service_quality,33188,095834879f75f67f,tu_095834879f75f67f,negative,0.93,ko làm theo note
problem:problem-with-note-request,problem with note request,problem,33188,095834879f75f67f,tu_095834879f75f67f,negative,0.97,ko làm theo note
dish:hanh,hành,dish,33188,095834879f75f67f,tu_095834879f75f67f,negative,0.9,rất nhiều hành
delivery_packaging:dong-goi,đóng gói,delivery_packaging,33188,02eaa7112958cf39,tu_02eaa7112958cf39,negative,0.98,đóng gói cẩu thả
problem:problem-do-ra-tui-nilong,problem đổ ra túi nilong,problem,33188,02eaa7112958cf39,tu_02eaa7112958cf39,negative,0.97,đổ hết ra túi nilong
delivery_packaging:hop,hộp,delivery_packaging,33188,02eaa7112958cf39,tu_02eaa7112958cf39,negative,0.77,đừng để hộp nữa
delivery_packaging:nap,nắp,delivery_packaging,33188,02eaa7112958cf39,tu_02eaa7112958cf39,negative,0.74,ko ấn nắp chặt
dish:pho-bo,phở bò,dish,33749,aa81e068436db6eb,tu_aa81e068436db6eb,neutral,0.77,tên quán: phở bò 288 - phở bò & cơm rang
dish:com-rang,cơm rang,dish,33749,aa81e068436db6eb,tu_aa81e068436db6eb,neutral,0.74,tên quán: phở bò 288 - phở bò & cơm rang
food_descriptor:ngon,ngon,food_descriptor,33749,aa81e068436db6eb,tu_aa81e068436db6eb,positive,0.95,ngon xỉu
dish:pho-bo,phở bò,dish,33749,924169b553160c9d,tu_924169b553160c9d,neutral,0.72,phở bò
dish:com-rang,cơm rang,dish,33749,924169b553160c9d,tu_924169b553160c9d,neutral,0.72,cơm rang
price_value:dang-dong-tien,đáng đồng tiền,price_value,33749,924169b553160c9d,tu_924169b553160c9d,positive,0.95,đáng đồng tiền
dish:pho,phở,dish,33749,54b9acd8f5a31dd2,tu_54b9acd8f5a31dd2,positive,0.82,phở ăn ok
service_quality:lam-sai-het-mon,làm sai hết món,service_quality,33749,54b9acd8f5a31dd2,tu_54b9acd8f5a31dd2,negative,0.94,làm sai hết món
problem:sai-thieu-mon,sai/thiếu món,problem,33749,54b9acd8f5a31dd2,tu_54b9acd8f5a31dd2,negative,0.97,sai/thiếu món
delivery_packaging:tui-zip,túi zip,delivery_packaging,33749,636b71425e0a2b9e,tu_636b71425e0a2b9e,neutral,0.89,thêm cái túi zip
delivery_packaging:tui-bong,túi bóng,delivery_packaging,33749,636b71425e0a2b9e,tu_636b71425e0a2b9e,negative,0.92,cho vào túi bóng
price_value:bo-them-tien,bỏ thêm tiền,price_value,33749,636b71425e0a2b9e,tu_636b71425e0a2b9e,negative,0.86,bỏ thêm tiền
problem:sai-dong-goi,sai đóng gói,problem,33749,636b71425e0a2b9e,tu_636b71425e0a2b9e,negative,0.9,quán lại cho vào túi bóng
dish:pho,phở,dish,33749,2fd1d4191ec259a3,tu_2fd1d4191ec259a3,neutral,0.95,đặt 2 phở
dish:com,cơm,dish,33749,2fd1d4191ec259a3,tu_2fd1d4191ec259a3,neutral,0.9,1 cơm
problem:giao-thieu-1-pho,giao thiếu 1 phở,problem,33749,2fd1d4191ec259a3,tu_2fd1d4191ec259a3,negative,0.97,đặt 2 phở 1 cơm giao 1 phở 1 cơm
dish:pho,phở,dish,22455,df2bf85f008c128c,tu_df2bf85f008c128c,neutral,0.91,giao phở
delivery_packaging:dong-goi,đóng gói,delivery_packaging,22455,df2bf85f008c128c,tu_df2bf85f008c128c,negative,0.98,đóng gói chưa tốt
problem:de-nuoc-chung,để nước chung,problem,22455,df2bf85f008c128c,tu_df2bf85f008c128c,negative,0.97,để nước chung như này
dish:pho-cuon,phở cuốn,dish,22455,972aa14caeb09cb2,tu_972aa14caeb09cb2,neutral,0.58,phở cuốn hoa lan
food_descriptor:ngon-xiu,ngon xỉu,food_descriptor,22455,972aa14caeb09cb2,tu_972aa14caeb09cb2,positive,0.94,ngon xỉu
location_landmark:pho-cuon-hoa-lan-tran-hung-dao,phở cuốn hoa lan - trần hưng đạo,location_landmark,22455,a0c66728340d293a,tu_a0c66728340d293a,positive,0.5,tên quán: phở cuốn hoa lan - trần hưng đạo
dish:food,food,dish,22455,a0c66728340d293a,tu_a0c66728340d293a,positive,0.72,ngon xỉu
space_quality:sach-se,sạch sẽ,space_quality,22455,a0c66728340d293a,tu_a0c66728340d293a,positive,0.9,sạch sẽ
price_value:dang-dong-tien,đáng đồng tiền,price_value,22455,a0c66728340d293a,tu_a0c66728340d293a,positive,0.95,đáng đồng tiền
delivery_packaging:dong-goi-tot,đóng gói tốt,delivery_packaging,22455,a0c66728340d293a,tu_a0c66728340d293a,positive,0.96,đóng gói tốt
dish:com-suon,cơm sườn,dish,22455,e9eb2557d4ad64af,tu_e9eb2557d4ad64af,negative,0.92,1 suất cơm sườn
price_value:80k-1-suat,80k 1 suất,price_value,22455,e9eb2557d4ad64af,tu_e9eb2557d4ad64af,negative,0.96,80k 1 suất cơm sườn ntn
problem:khong-giong-anh-mo-ta,không giống ảnh mô tả,problem,22455,e9eb2557d4ad64af,tu_e9eb2557d4ad64af,negative,0.95,có giống ảnh mô tả chút nào không
food_descriptor:chat-luong-mon,chất lượng món,food_descriptor,22455,e9eb2557d4ad64af,tu_e9eb2557d4ad64af,negative,0.73,bán như thế này
dish:thit-bo,thịt bò,dish,22455,8c781e7c90c675af,tu_8c781e7c90c675af,negative,0.95,thịt bò dai và nhiều gân mỡ quá
dish:pho-chien-trung,phở chiên trứng,dish,22455,8c781e7c90c675af,tu_8c781e7c90c675af,negative,0.97,phở chiên trứng hơi ngấm dầu
food_descriptor:dai,dai,food_descriptor,22455,8c781e7c90c675af,tu_8c781e7c90c675af,negative,0.96,thịt bò dai
food_descriptor:nhieu-gan-mo,nhiều gân mỡ,food_descriptor,22455,8c781e7c90c675af,tu_8c781e7c90c675af,negative,0.93,nhiều gân mỡ quá
food_descriptor:ngam-dau,ngấm dầu,food_descriptor,22455,8c781e7c90c675af,tu_8c781e7c90c675af,negative,0.95,hơi ngấm dầu
price_value:gia-tri-gia-ca,giá trị giá cả,price_value,14976,cfbe21c057cd6d88,tu_cfbe21c057cd6d88,positive,0.96,đáng đồng tiền
delivery_packaging:dong-goi,đóng gói,delivery_packaging,14976,cfbe21c057cd6d88,tu_cfbe21c057cd6d88,positive,0.95,đóng gói tốt
space_quality:do-sach-se,độ sạch sẽ,space_quality,14976,cfbe21c057cd6d88,tu_cfbe21c057cd6d88,positive,0.82,sạch sẽ
food_descriptor:ngon-xiu,ngon xỉu,food_descriptor,14976,c6ce8cd5f4d49254,tu_c6ce8cd5f4d49254,positive,0.93,ngon xỉu
price_value:dang-dong-tien,đáng đồng tiền,price_value,14976,c6ce8cd5f4d49254,tu_c6ce8cd5f4d49254,positive,0.96,đáng đồng tiền
space_quality:sach-se,sạch sẽ,space_quality,14976,c6ce8cd5f4d49254,tu_c6ce8cd5f4d49254,positive,0.83,sạch sẽ
delivery_packaging:dong-goi-tot,đóng gói tốt,delivery_packaging,14976,c6ce8cd5f4d49254,tu_c6ce8cd5f4d49254,positive,0.96,đóng gói tốt
dish:com-suon-cay,cơm sườn cay,dish,14976,c4a3ecf19f8fe8ae,tu_c4a3ecf19f8fe8ae,neutral,0.62,tên quán: cơm sườn cay himc
delivery_packaging:dong-goi-tot,đóng gói tốt,delivery_packaging,14976,c4a3ecf19f8fe8ae,tu_c4a3ecf19f8fe8ae,positive,0.98,đóng gói tốt
food_descriptor:ngon-xiu,ngon xỉu,food_descriptor,14976,c4a3ecf19f8fe8ae,tu_c4a3ecf19f8fe8ae,positive,0.95,ngon xỉu
price_value:dang-dong-tien,đáng đồng tiền,price_value,14976,c4a3ecf19f8fe8ae,tu_c4a3ecf19f8fe8ae,positive,0.97,đáng đồng tiền
space_quality:sach-se,sạch sẽ,space_quality,14976,c4a3ecf19f8fe8ae,tu_c4a3ecf19f8fe8ae,positive,0.83,sạch sẽ
problem:com-suon-cay-himc-ha-ke-tan,cơm sườn cay himc - hà kế tấn,problem,14976,38b56ac64679d1ce,tu_38b56ac64679d1ce,neutral,0.93,tên quán: cơm sườn cay himc - hà kế tấn
dish:nuoc,nước,dish,14976,38b56ac64679d1ce,tu_38b56ac64679d1ce,negative,0.78,nước thì kh có ống hút
dish:rong-bien,rong biển,dish,14976,38b56ac64679d1ce,tu_38b56ac64679d1ce,negative,0.87,gọi thêm rong biển thì giao thiếu rong biển
delivery_packaging:dong-goi,đóng gói,delivery_packaging,14976,38b56ac64679d1ce,tu_38b56ac64679d1ce,negative,0.7,nước thì kh có ống hút
problem:sai-thieu-mon,sai/thiếu món,problem,14976,38b56ac64679d1ce,tu_38b56ac64679d1ce,negative,0.95,sai/thiếu món
problem:thieu-ong-hut,thiếu ống hút,problem,14976,38b56ac64679d1ce,tu_38b56ac64679d1ce,negative,0.92,kh có ống hút
problem:thieu-rong-bien,thiếu rong biển,problem,14976,38b56ac64679d1ce,tu_38b56ac64679d1ce,negative,0.94,giao thiếu rong biển
dish:thach,thạch,dish,14976,3cc9d4210bbfcd8f,tu_3cc9d4210bbfcd8f,positive,0.79,thạch dai
dish:com,cơm,dish,14976,3cc9d4210bbfcd8f,tu_3cc9d4210bbfcd8f,positive,0.91,cơm thì 10đ
food_descriptor:dai,dai,food_descriptor,14976,3cc9d4210bbfcd8f,tu_3cc9d4210bbfcd8f,positive,0.88,thạch dai
service_quality:tang-dung,tặng đúng,service_quality,14976,3cc9d4210bbfcd8f,tu_3cc9d4210bbfcd8f,positive,0.72,tặng đúng
dish:cha,chả,dish,118507,0518770f0d6dbabf,tu_0518770f0d6dbabf,neutral,0.9,4 miếng chả
dish:banh-cuon,bánh cuốn,dish,118507,0518770f0d6dbabf,tu_0518770f0d6dbabf,positive,0.98,"bánh cuốn nhân nhiều, ngon xỉu"
dish:rau-an-kem,rau ăn kèm,dish,118507,0518770f0d6dbabf,tu_0518770f0d6dbabf,neutral,0.72,có rau ăn kèm
dish:nuoc-mam,nước mắm,dish,118507,0518770f0d6dbabf,tu_0518770f0d6dbabf,neutral,0.86,nước mắm để vào ly nhựa nhỏ riêng
food_descriptor:nhan-nhieu,nhân nhiều,food_descriptor,118507,0518770f0d6dbabf,tu_0518770f0d6dbabf,positive,0.95,bánh cuốn nhân nhiều
food_descriptor:ngon,ngon,food_descriptor,118507,0518770f0d6dbabf,tu_0518770f0d6dbabf,positive,0.97,ngon xỉu
delivery_packaging:dong-goi-tot,đóng gói tốt,delivery_packaging,118507,0518770f0d6dbabf,tu_0518770f0d6dbabf,positive,0.97,đóng gói tốt
space_quality:sach-se,sạch sẽ,space_quality,118507,0518770f0d6dbabf,tu_0518770f0d6dbabf,positive,0.9,sạch sẽ
dish:banh-cuon,bánh cuốn,dish,118507,49383b0941231112,tu_49383b0941231112,positive,0.87,tên quán: bánh cuốn
dish:nuoc-cham,nước chấm,dish,118507,49383b0941231112,tu_49383b0941231112,positive,0.91,nước chấm vừa vị
food_descriptor:ngon,ngon,food_descriptor,118507,49383b0941231112,tu_49383b0941231112,positive,0.96,rất ngon
food_descriptor:nong,nóng,food_descriptor,118507,49383b0941231112,tu_49383b0941231112,positive,0.93,bánh nóng
food_descriptor:vua-vi,vừa vị,food_descriptor,118507,49383b0941231112,tu_49383b0941231112,positive,0.95,nước chấm vừa vị
price_value:dang-dong-tien,đáng đồng tiền,price_value,118507,49383b0941231112,tu_49383b0941231112,positive,0.97,đáng đồng tiền
dish:banh-cuon,bánh cuốn,dish,118507,0690b4f513a1009b,tu_0690b4f513a1009b,positive,0.97,tên quán: bánh cuốn
dish:bun-tron,bún trộn,dish,118507,0690b4f513a1009b,tu_0690b4f513a1009b,positive,0.97,tên quán: ... bún trộn
food_descriptor:ngon-xiu,ngon xỉu,food_descriptor,118507,0690b4f513a1009b,tu_0690b4f513a1009b,positive,0.95,ngon xỉu
price_value:dang-dong-tien,đáng đồng tiền,price_value,118507,0690b4f513a1009b,tu_0690b4f513a1009b,positive,0.95,đáng đồng tiền
delivery_packaging:dong-goi-tot,đóng gói tốt,delivery_packaging,118507,0690b4f513a1009b,tu_0690b4f513a1009b,positive,0.96,đóng gói tốt
space_quality:sach-se,sạch sẽ,space_quality,118507,0690b4f513a1009b,tu_0690b4f513a1009b,positive,0.84,sạch sẽ
space_quality:sach-se,sạch sẽ,space_quality,118507,58240b758d2a6229,tu_58240b758d2a6229,positive,0.93,sạch sẽ
delivery_packaging:dong-goi,đóng gói,delivery_packaging,118507,58240b758d2a6229,tu_58240b758d2a6229,positive,0.95,đóng gói tốt
price_value:gia,giá,price_value,118507,00062a63fdf0af06,tu_00062a63fdf0af06,negative,0.95,giá hơi đắt
problem:dat,đắt,problem,118507,00062a63fdf0af06,tu_00062a63fdf0af06,negative,0.91,hơi đắt
dish:banh-cuon,bánh cuốn,dish,118507,cff58d2c4ad26ba5,tu_cff58d2c4ad26ba5,neutral,0.71,tên quán: bánh cuốn
dish:bun-tron,bún trộn,dish,118507,cff58d2c4ad26ba5,tu_cff58d2c4ad26ba5,neutral,0.71,tên quán: ... bún trộn
problem:co-hat-tieu,có hạt tiêu,problem,118507,cff58d2c4ad26ba5,tu_cff58d2c4ad26ba5,negative,0.92,kh thích có hạt tiêu
dish:com,cơm,dish,128321,578412fd0c97a27b,tu_578412fd0c97a27b,neutral,0.78,tên quán: cơm
dish:pho-xao,phở xào,dish,128321,578412fd0c97a27b,tu_578412fd0c97a27b,neutral,0.83,phở xào
dish:mien-xao,miến xào,dish,128321,578412fd0c97a27b,tu_578412fd0c97a27b,neutral,0.83,miến xào
food_descriptor:ngon-xiu,ngon xỉu,food_descriptor,128321,578412fd0c97a27b,tu_578412fd0c97a27b,positive,0.95,ngon xỉu
price_value:dang-dong-tien,đáng đồng tiền,price_value,128321,578412fd0c97a27b,tu_578412fd0c97a27b,positive,0.97,đáng đồng tiền
space_quality:sach-se,sạch sẽ,space_quality,128321,578412fd0c97a27b,tu_578412fd0c97a27b,positive,0.88,sạch sẽ
delivery_packaging:dong-goi-tot,đóng gói tốt,delivery_packaging,128321,578412fd0c97a27b,tu_578412fd0c97a27b,positive,0.97,đóng gói tốt
dish:tao-pho,tào phớ,dish,116156,69f1e84d1d3282f6,tu_69f1e84d1d3282f6,neutral,0.94,đặt ở trên app là tào phớ
dish:nuoc-dau,nước đậu,dish,116156,69f1e84d1d3282f6,tu_69f1e84d1d3282f6,negative,0.92,không đặt nước đậu
service_quality:khong-goi-xac-nhan-doi-mon,không gọi xác nhận đổi món,service_quality,116156,69f1e84d1d3282f6,tu_69f1e84d1d3282f6,negative,0.95,phải gọi xác nhận đổi món
problem:tu-y-doi-mon,tự ý đổi món,problem,116156,69f1e84d1d3282f6,tu_69f1e84d1d3282f6,negative,0.97,k dc tự ý như thế
problem:sai-thieu-mon,sai/thiếu món,problem,116156,69f1e84d1d3282f6,tu_69f1e84d1d3282f6,negative,0.99,sai/thiếu món
dish:pho-vit-quay,phở vịt quay,dish,116156,fb41ef915d04e62b,tu_fb41ef915d04e62b,neutral,0.83,tên quán: phở vịt quay & bánh cuốn cao bằng
dish:banh-cuon-cao-bang,bánh cuốn cao bằng,dish,116156,fb41ef915d04e62b,tu_fb41ef915d04e62b,neutral,0.83,tên quán: phở vịt quay & bánh cuốn cao bằng
food_descriptor:ngon-xiu,ngon xỉu,food_descriptor,116156,fb41ef915d04e62b,tu_fb41ef915d04e62b,positive,0.95,ngon xỉu
space_quality:sach-se,sạch sẽ,space_quality,116156,fb41ef915d04e62b,tu_fb41ef915d04e62b,positive,0.9,sạch sẽ
price_value:dang-dong-tien,đáng đồng tiền,price_value,116156,fb41ef915d04e62b,tu_fb41ef915d04e62b,positive,0.94,đáng đồng tiền
delivery_packaging:dong-goi-tot,đóng gói tốt,delivery_packaging,116156,fb41ef915d04e62b,tu_fb41ef915d04e62b,positive,0.96,đóng gói tốt
dish:pho-vit-quay,phở vịt quay,dish,116156,a097830609bf55e2,tu_a097830609bf55e2,neutral,0.76,tên quán: phở vịt quay
dish:banh-cuon-cao-bang,bánh cuốn cao bằng,dish,116156,a097830609bf55e2,tu_a097830609bf55e2,neutral,0.74,& bánh cuốn cao bằng
food_descriptor:ngon-xiu,ngon xỉu,food_descriptor,116156,a097830609bf55e2,tu_a097830609bf55e2,positive,0.95,ngon xỉu
price_value:dang-dong-tien,đáng đồng tiền,price_value,116156,a097830609bf55e2,tu_a097830609bf55e2,positive,0.97,đáng đồng tiền
space_quality:sach-se,sạch sẽ,space_quality,116156,a097830609bf55e2,tu_a097830609bf55e2,positive,0.88,sạch sẽ
delivery_packaging:dong-goi-tot,đóng gói tốt,delivery_packaging,116156,a097830609bf55e2,tu_a097830609bf55e2,positive,0.98,đóng gói tốt
price_value:dang-dong-tien,đáng đồng tiền,price_value,116156,305704b027977324,tu_305704b027977324,positive,0.95,đáng đồng tiền
delivery_packaging:dong-goi-tot,đóng gói tốt,delivery_packaging,116156,305704b027977324,tu_305704b027977324,positive,0.97,đóng gói tốt
space_quality:sach-se,sạch sẽ,space_quality,116156,305704b027977324,tu_305704b027977324,positive,0.84,sạch sẽ
price_value:20k,20k,price_value,116156,28b7f72bf6ffea00,tu_28b7f72bf6ffea00,negative,0.78,20k mà
dish:nuoc-duong,nước đường,dish,116156,28b7f72bf6ffea00,tu_28b7f72bf6ffea00,negative,0.67,ít nc đường quá
problem:it-nuoc-duong,ít nước đường,problem,116156,28b7f72bf6ffea00,tu_28b7f72bf6ffea00,negative,0.89,ít nc đường quá
dish:banh-trung-vang-long-dao,bánh trứng vàng lòng đào,dish,116156,28b7f72bf6ffea00,tu_28b7f72bf6ffea00,negative,0.94,gọi bánh trứng vàng lòng đào
problem:khong-giong-anh,không giống ảnh,problem,116156,28b7f72bf6ffea00,tu_28b7f72bf6ffea00,negative,0.93,k giống ảnh
occasion:takeaway,takeaway,occasion,116156,123bc47d81b24eb4,tu_123bc47d81b24eb4,neutral,0.72,lần đầu đặt
food_descriptor:ngon,ngon,food_descriptor,116156,123bc47d81b24eb4,tu_123bc47d81b24eb4,positive,0.95,ngon
space_quality:sach-se,sạch sẽ,space_quality,116156,123bc47d81b24eb4,tu_123bc47d81b24eb4,positive,0.97,quán vừa sạch sẽ
delivery_packaging:can-than,cẩn thận,delivery_packaging,116156,123bc47d81b24eb4,tu_123bc47d81b24eb4,positive,0.88,lại cẩn thận
dish:mon,món,dish,116156,4edb2c06a6cdbdf4,tu_4edb2c06a6cdbdf4,neutral,0.68,món
problem:hinh-anh-ko-nhu-mon,hình ảnh ko như món,problem,116156,4edb2c06a6cdbdf4,tu_4edb2c06a6cdbdf4,negative,0.97,hình ảnh ko như món
problem:qua-te,quá tệ,problem,116156,4edb2c06a6cdbdf4,tu_4edb2c06a6cdbdf4,negative,0.9,quá tệ
price_value:50k-mot-xuat,50k một xuất,price_value,41570,5f337291ce14521e,tu_5f337291ce14521e,negative,0.95,50k một xuất mà ít
food_descriptor:it,ít,food_descriptor,41570,5f337291ce14521e,tu_5f337291ce14521e,negative,0.87,ít
problem:sai-thieu-mon,sai/thiếu món,problem,41570,5f337291ce14521e,tu_5f337291ce14521e,negative,0.98,sai/thiếu món
dish:banh-cuon-nong,bánh cuốn nóng,dish,41570,fae9911eb6b9b3eb,tu_fae9911eb6b9b3eb,positive,0.72,tên quán: bánh cuốn nóng
food_descriptor:ngon,ngon,food_descriptor,41570,fae9911eb6b9b3eb,tu_fae9911eb6b9b3eb,positive,0.94,ngon xỉu
space_quality:sach-se,sạch sẽ,space_quality,41570,7ca95072c9c8a096,tu_7ca95072c9c8a096,positive,0.96,sạch sẽ
price_value:gia,giá,price_value,41570,24e217c0f397d60b,tu_24e217c0f397d60b,negative,0.97,giá hơi đắt
dish:banh-cuon-nong,bánh cuốn nóng,dish,41570,c7e128865323f362,tu_c7e128865323f362,neutral,0.62,bánh cuốn nóng
food_descriptor:ngon,ngon,food_descriptor,41570,c7e128865323f362,tu_c7e128865323f362,positive,0.88,khá ngon
location_landmark:trang-tien,tràng tiền,location_landmark,41570,c7e128865323f362,tu_c7e128865323f362,neutral,0.74,tràng tiền
dish:do-an,đồ ăn,dish,41570,b46e5a8805ceede1,tu_b46e5a8805ceede1,negative,0.75,đồ ăn lèo tèo
problem:leo-teo,lèo tèo,problem,41570,b46e5a8805ceede1,tu_b46e5a8805ceede1,negative,0.88,lèo tèo
price_value:khong-dang-tien,không đáng tiền,price_value,41570,b46e5a8805ceede1,tu_b46e5a8805ceede1,negative,0.95,đ đáng tiền bỏ ra
price_value:50k-1-xuat,50k 1 xuất,price_value,41570,b46e5a8805ceede1,tu_b46e5a8805ceede1,negative,0.84,50k 1 xuất
space_quality:sach-se,sạch sẽ,space_quality,20226,8ba7323f91f07f7f,tu_8ba7323f91f07f7f,positive,0.95,sạch sẽ
dish:pho-bo-com-rang,phở bò & cơm rang,dish,20226,4139c6353d2233cd,tu_4139c6353d2233cd,positive,0.73,phở bò & cơm rang
food_descriptor:ngon-xiu,ngon xỉu,food_descriptor,20226,4139c6353d2233cd,tu_4139c6353d2233cd,positive,0.95,ngon xỉu
price_value:dang-dong-tien,đáng đồng tiền,price_value,20226,4139c6353d2233cd,tu_4139c6353d2233cd,positive,0.96,đáng đồng tiền
space_quality:sach-se,sạch sẽ,space_quality,20226,4139c6353d2233cd,tu_4139c6353d2233cd,positive,0.89,sạch sẽ
delivery_packaging:dong-goi-tot,đóng gói tốt,delivery_packaging,20226,4139c6353d2233cd,tu_4139c6353d2233cd,positive,0.95,đóng gói tốt
dish:pho-bo,phở bò,dish,20226,e073f91d3c94dac0,tu_e073f91d3c94dac0,neutral,0.84,phở bò
dish:com-rang,cơm rang,dish,20226,e073f91d3c94dac0,tu_e073f91d3c94dac0,neutral,0.84,cơm rang
food_descriptor:ngon,ngon,food_descriptor,20226,e073f91d3c94dac0,tu_e073f91d3c94dac0,positive,0.97,ngon xỉu
food_descriptor:ngon,ngon,food_descriptor,20226,15ce37a3fc210405,tu_15ce37a3fc210405,positive,0.91,khá ngon
dish:pho-bo,phở bò,dish,20226,63aef39458e813f3,tu_63aef39458e813f3,neutral,0.72,phở bò
dish:com-rang,cơm rang,dish,20226,63aef39458e813f3,tu_63aef39458e813f3,neutral,0.72,cơm rang
location_landmark:tam-trinh,tam trinh,location_landmark,20226,63aef39458e813f3,tu_63aef39458e813f3,neutral,0.64,tam trinh
problem:khong-hop-khau-vi,không hợp khẩu vị,problem,20226,63aef39458e813f3,tu_63aef39458e813f3,negative,0.95,không hợp khẩu vị
dish:com-rang-dua-bo,cơm rang dưa bò,dish,20226,ab4fd7bac4f304d9,tu_ab4fd7bac4f304d9,negative,0.98,cơm rang dưa bò
dish:pho-xao,phở xào,dish,20226,ab4fd7bac4f304d9,tu_ab4fd7bac4f304d9,neutral,0.63,còn phở xào
problem:vai-lat-dua,vài lát dưa,problem,20226,ab4fd7bac4f304d9,tu_ab4fd7bac4f304d9,negative,0.95,đc vài lát dưa
problem:vai-mieng-thit-bo,vài miếng thịt bò,problem,20226,ab4fd7bac4f304d9,tu_ab4fd7bac4f304d9,negative,0.95,vài miếng thịt bò
problem:qua-te,quá tệ,problem,20226,ab4fd7bac4f304d9,tu_ab4fd7bac4f304d9,negative,0.91,quá tệ
dish:pho-bo,phở bò,dish,20226,c670adc635105e01,tu_c670adc635105e01,negative,0.6,phở bò
food_descriptor:thit-vun,thịt vụn,food_descriptor,20226,c670adc635105e01,tu_c670adc635105e01,negative,0.95,thịt vụn
problem:it-nuoc-dung,ít nước dùng,problem,20226,c670adc635105e01,tu_c670adc635105e01,negative,0.94,ít nước dùng
problem:mat-khau-vi,mất khẩu vị,problem,20226,c670adc635105e01,tu_c670adc635105e01,negative,0.92,nhìn mất khẩu vị
dish:pho-bo,phở bò,dish,21224,81e6dee6d74d0104,tu_81e6dee6d74d0104,neutral,0.82,phở bò
dish:com-rang,cơm rang,dish,21224,81e6dee6d74d0104,tu_81e6dee6d74d0104,neutral,0.82,cơm rang
space_quality:sach-se,sạch sẽ,space_quality,21224,81e6dee6d74d0104,tu_81e6dee6d74d0104,positive,0.95,sạch sẽ
price_value:dang-dong-tien,đáng đồng tiền,price_value,21224,81e6dee6d74d0104,tu_81e6dee6d74d0104,positive,0.98,đáng đồng tiền
food_descriptor:ngon-xiu,ngon xỉu,food_descriptor,21224,81e6dee6d74d0104,tu_81e6dee6d74d0104,positive,0.92,ngon xỉu
delivery_packaging:dong-goi-tot,đóng gói tốt,delivery_packaging,21224,81e6dee6d74d0104,tu_81e6dee6d74d0104,positive,0.97,đóng gói tốt
dish:pho-bo-com-rang,phở bò & cơm rang,dish,21224,803240130b3f53fc,tu_803240130b3f53fc,positive,0.83,phở bò & cơm rang
food_descriptor:ngon-xiu,ngon xỉu,food_descriptor,21224,803240130b3f53fc,tu_803240130b3f53fc,positive,0.95,ngon xỉu
price_value:dang-dong-tien,đáng đồng tiền,price_value,21224,803240130b3f53fc,tu_803240130b3f53fc,positive,0.97,đáng đồng tiền
delivery_packaging:dong-goi,đóng gói,delivery_packaging,21224,72edfcf1086c8f8f,tu_72edfcf1086c8f8f,negative,0.98,đóng gói
problem:chua-tot,chưa tốt,problem,21224,72edfcf1086c8f8f,tu_72edfcf1086c8f8f,negative,0.96,chưa tốt
dish:do-an,đồ ăn,dish,21224,885efe17b42fb6b4,tu_885efe17b42fb6b4,negative,0.67,đồ ăn
problem:ko-hop-vs-toi,ko hợp vs tôi,problem,21224,885efe17b42fb6b4,tu_885efe17b42fb6b4,negative,0.89,ko hợp vs tôi
problem:it-thit,ít thịt,problem,21224,9de274b5ebfc4142,tu_9de274b5ebfc4142,negative,0.97,ít thịt lắm
dish:dui-ga,đùi gà,dish,7240,dcb3005ac6b82138,tu_dcb3005ac6b82138,negative,0.97,đùi gà còn sống luôn
food_descriptor:song,sống,food_descriptor,7240,dcb3005ac6b82138,tu_dcb3005ac6b82138,negative,0.96,còn sống luôn
food_descriptor:tanh,tanh,food_descriptor,7240,dcb3005ac6b82138,tu_dcb3005ac6b82138,negative,0.95,ăn tanh
food_descriptor:dai,dai,food_descriptor,7240,dcb3005ac6b82138,tu_dcb3005ac6b82138,negative,0.94,dai lắm
problem:khong-dam-bao-ve-sinh,không đảm bảo vệ sinh,problem,7240,dcb3005ac6b82138,tu_dcb3005ac6b82138,negative,0.98,không đảm bảo vệ sinh
dish:com-ga,cơm gà,dish,7240,fade3a499de6bcea,tu_fade3a499de6bcea,positive,0.58,tên quán: cơm gà
dish:mi-cay,mì cay,dish,7240,fade3a499de6bcea,tu_fade3a499de6bcea,positive,0.58,tên quán: mì cay
dish:mi-tron,mì trộn,dish,7240,fade3a499de6bcea,tu_fade3a499de6bcea,positive,0.58,tên quán: mì trộn
food_descriptor:ngon,ngon,food_descriptor,7240,fade3a499de6bcea,tu_fade3a499de6bcea,positive,0.96,ngon xỉu
dish:com-ga,cơm gà,dish,7240,f27682e94a3a259e,tu_f27682e94a3a259e,positive,0.73,tên quán: cơm gà
dish:mi-cay,mì cay,dish,7240,f27682e94a3a259e,tu_f27682e94a3a259e,positive,0.73,tên quán: mì cay
dish:mi-tron,mì trộn,dish,7240,f27682e94a3a259e,tu_f27682e94a3a259e,positive,0.73,tên quán: mì trộn
food_descriptor:ngon,ngon,food_descriptor,7240,f27682e94a3a259e,tu_f27682e94a3a259e,positive,0.95,ngon xỉu
delivery_packaging:dong-goi,đóng gói,delivery_packaging,7240,f27682e94a3a259e,tu_f27682e94a3a259e,positive,0.97,đóng gói tốt
price_value:dang-dong-tien,đáng đồng tiền,price_value,7240,f27682e94a3a259e,tu_f27682e94a3a259e,positive,0.96,đáng đồng tiền
space_quality:sach-se,sạch sẽ,space_quality,7240,f27682e94a3a259e,tu_f27682e94a3a259e,positive,0.63,sạch sẽ
dish:com-ga,cơm gà,dish,7240,0df4d3250026da58,tu_0df4d3250026da58,neutral,0.9,tên quán: cơm gà
dish:mi-cay,mì cay,dish,7240,0df4d3250026da58,tu_0df4d3250026da58,neutral,0.9,mì cay
dish:mi-tron,mì trộn,dish,7240,0df4d3250026da58,tu_0df4d3250026da58,neutral,0.9,mì trộn
food_descriptor:ngon-xiu,ngon xỉu,food_descriptor,7240,0df4d3250026da58,tu_0df4d3250026da58,positive,0.96,ngon xỉu
space_quality:sach-se,sạch sẽ,space_quality,7240,0df4d3250026da58,tu_0df4d3250026da58,positive,0.9,sạch sẽ
price_value:gia,giá,price_value,7240,9899451e4d6327e2,tu_9899451e4d6327e2,negative,0.96,giá hơi đắt
problem:dat,đắt,problem,7240,9899451e4d6327e2,tu_9899451e4d6327e2,negative,0.9,hơi đắt
problem:khong-hop-khau-vi,không hợp khẩu vị,problem,7240,b6ab95447dcc8608,tu_b6ab95447dcc8608,negative,0.95,không hợp khẩu vị
dish:com-ga,cơm gà,dish,7240,cd1a06d0425f588d,tu_cd1a06d0425f588d,neutral,0.72,tên quán: cơm gà
dish:mi-cay,mì cay,dish,7240,cd1a06d0425f588d,tu_cd1a06d0425f588d,neutral,0.72,mì cay
dish:mi-tron,mì trộn,dish,7240,cd1a06d0425f588d,tu_cd1a06d0425f588d,neutral,0.72,mì trộn
problem:nhieu-chay,nhiều cháy,problem,7240,cd1a06d0425f588d,tu_cd1a06d0425f588d,negative,0.88,cho nhiều cháy quá
problem:it,ít,problem,7240,a4427c39f814186a,tu_a4427c39f814186a,negative,0.92,ít!
dish:mi-tom-thuong,mì tôm thường,dish,7240,2a45f3e816bc0b7f,tu_2a45f3e816bc0b7f,negative,0.73,như ăn mì tôm thường
food_descriptor:khong-ngon,không ngon,food_descriptor,7240,2a45f3e816bc0b7f,tu_2a45f3e816bc0b7f,negative,0.97,không ngon
food_descriptor:thuong,thường,food_descriptor,7240,2a45f3e816bc0b7f,tu_2a45f3e816bc0b7f,negative,0.68,mì tôm thường
dish:mi-cay,mì cay,dish,7240,70c36e1765f93ba0,tu_70c36e1765f93ba0,negative,0.96,mì cay 65k mà lèo tèo vài miếng
dish:tok,tok,dish,7240,70c36e1765f93ba0,tu_70c36e1765f93ba0,negative,0.91,tok mặn
food_descriptor:man,mặn,food_descriptor,7240,70c36e1765f93ba0,tu_70c36e1765f93ba0,negative,0.95,tok mặn
price_value:65k,65k,price_value,7240,70c36e1765f93ba0,tu_70c36e1765f93ba0,negative,0.83,mì cay 65k mà lèo tèo
problem:leo-teo-vai-mieng,lèo tèo vài miếng,problem,7240,70c36e1765f93ba0,tu_70c36e1765f93ba0,negative,0.94,lèo tèo vài miếng
problem:toan-vien-tha-lau,toàn viên thả lẩu,problem,7240,70c36e1765f93ba0,tu_70c36e1765f93ba0,negative,0.87,toàn viên thả lẩu
dish:banh-cuon,bánh cuốn,dish,20472,22ad1ca3b4b083d7,tu_22ad1ca3b4b083d7,neutral,0.62,tên quán: bánh cuốn
dish:bun-cha,bún chả,dish,20472,22ad1ca3b4b083d7,tu_22ad1ca3b4b083d7,neutral,0.62,tên quán: ... bún chả
dish:ga-tan,gà tần,dish,20472,22ad1ca3b4b083d7,tu_22ad1ca3b4b083d7,neutral,0.62,tên quán: ... gà tần
food_descriptor:day-dan,đầy đặn,food_descriptor,20472,22ad1ca3b4b083d7,tu_22ad1ca3b4b083d7,positive,0.9,1 suất đầy đặn
food_descriptor:nong,nóng,food_descriptor,20472,22ad1ca3b4b083d7,tu_22ad1ca3b4b083d7,positive,0.88,nước mắm tới nơi còn nóng
food_descriptor:hoi-ngot,hơi ngọt,food_descriptor,20472,22ad1ca3b4b083d7,tu_22ad1ca3b4b083d7,negative,0.9,nước chấm ăn bị hơi ngọt
food_descriptor:man,mặn,food_descriptor,20472,22ad1ca3b4b083d7,tu_22ad1ca3b4b083d7,negative,0.9,và mặn
delivery_packaging:dong-goi-tot,đóng gói tốt,delivery_packaging,20472,22ad1ca3b4b083d7,tu_22ad1ca3b4b083d7,positive,0.96,đóng gói tốt
space_quality:sach-se,sạch sẽ,space_quality,20472,22ad1ca3b4b083d7,tu_22ad1ca3b4b083d7,positive,0.83,sạch sẽ
problem:khong-cho-quat-voi-ot,không cho quất với ớt,problem,20472,22ad1ca3b4b083d7,tu_22ad1ca3b4b083d7,negative,0.95,quán không cho quất với ớt
dish:nuoc-cham,nước chấm,dish,20472,397d9bd437576690,tu_397d9bd437576690,neutral,0.83,nước chấm hơi mặn tẹo
food_descriptor:man,mặn,food_descriptor,20472,397d9bd437576690,tu_397d9bd437576690,negative,0.93,hơi mặn tẹo
food_descriptor:ngon,ngon,food_descriptor,20472,397d9bd437576690,tu_397d9bd437576690,positive,0.89,ngon xỉu
service_quality:chu-dao,chu đáo,service_quality,20472,397d9bd437576690,tu_397d9bd437576690,positive,0.9,chu đáo cho cả mình bát xốp đựng nước chấm
price_value:dang-dong-tien,đáng đồng tiền,price_value,20472,397d9bd437576690,tu_397d9bd437576690,positive,0.95,đáng đồng tiền
space_quality:sach-se,sạch sẽ,space_quality,20472,397d9bd437576690,tu_397d9bd437576690,positive,0.78,sạch sẽ
delivery_packaging:dong-goi-tot,đóng gói tốt,delivery_packaging,20472,397d9bd437576690,tu_397d9bd437576690,positive,0.96,đóng gói tốt
delivery_packaging:bat-xop-dung-nuoc-cham,bát xốp đựng nước chấm,delivery_packaging,20472,397d9bd437576690,tu_397d9bd437576690,positive,0.84,bát xốp đựng nước chấm
dish:banh-cuon,bánh cuốn,dish,20472,e32e548e17bf2087,tu_e32e548e17bf2087,positive,0.74,tên quán: bánh cuốn
dish:bun-cha,bún chả,dish,20472,e32e548e17bf2087,tu_e32e548e17bf2087,positive,0.74,tên quán: bún chả
dish:ga-tan,gà tần,dish,20472,e32e548e17bf2087,tu_e32e548e17bf2087,positive,0.74,tên quán: gà tần
food_descriptor:ngon,ngon,food_descriptor,20472,e32e548e17bf2087,tu_e32e548e17bf2087,positive,0.92,ngon xỉu
price_value:dang-dong-tien,đáng đồng tiền,price_value,20472,e32e548e17bf2087,tu_e32e548e17bf2087,positive,0.97,đáng đồng tiền
delivery_packaging:dong-goi-tot,đóng gói tốt,delivery_packaging,20472,e32e548e17bf2087,tu_e32e548e17bf2087,positive,0.96,đóng gói tốt
space_quality:sach-se,sạch sẽ,space_quality,20472,e32e548e17bf2087,tu_e32e548e17bf2087,positive,0.83,sạch sẽ
dish:banh-cuon,bánh cuốn,dish,20472,234ae85c38421956,tu_234ae85c38421956,neutral,0.96,tên quán: bánh cuốn
dish:bun-cha,bún chả,dish,20472,234ae85c38421956,tu_234ae85c38421956,neutral,0.96,tên quán: bún chả
dish:ga-tan,gà tần,dish,20472,234ae85c38421956,tu_234ae85c38421956,neutral,0.96,tên quán: gà tần
food_descriptor:ngon-xiu,ngon xỉu,food_descriptor,20472,234ae85c38421956,tu_234ae85c38421956,positive,0.93,ngon xỉu
space_quality:sach-se,sạch sẽ,space_quality,20472,234ae85c38421956,tu_234ae85c38421956,positive,0.86,sạch sẽ
delivery_packaging:dong-goi,đóng gói,delivery_packaging,20472,234ae85c38421956,tu_234ae85c38421956,positive,0.94,đóng gói tốt
price_value:dang-dong-tien,đáng đồng tiền,price_value,20472,234ae85c38421956,tu_234ae85c38421956,positive,0.95,đáng đồng tiền
dish:banh-cuon-bun-cha-ga-tan,"bánh cuốn, bún chả & gà tần",dish,20472,dae7119178429e30,tu_dae7119178429e30,neutral,0.87,"tên quán: bánh cuốn, bún chả & gà tần"
food_descriptor:ngon,ngon,food_descriptor,20472,dae7119178429e30,tu_dae7119178429e30,positive,0.95,ngon xỉu
delivery_packaging:dong-goi-tot,đóng gói tốt,delivery_packaging,20472,395872300db4c8e6,tu_395872300db4c8e6,positive,0.98,đóng gói tốt
dish:quat,quất,dish,20472,85d24aa19395ebaa,tu_85d24aa19395ebaa,negative,0.78,thiếu quất
dish:trung-chay,trứng chảy,dish,20472,85d24aa19395ebaa,tu_85d24aa19395ebaa,negative,0.87,note trứng chảy
food_descriptor:trung-chin,trứng chín,food_descriptor,20472,85d24aa19395ebaa,tu_85d24aa19395ebaa,negative,0.84,làm trứng chín
service_quality:service-khong-doc-note,service không đọc note,service_quality,20472,85d24aa19395ebaa,tu_85d24aa19395ebaa,negative,0.95,cả 2 lần đều không đọc note
problem:khong-lam-dung-ghi-chu,không làm đúng ghi chú,problem,20472,85d24aa19395ebaa,tu_85d24aa19395ebaa,negative,0.97,không làm đúng ghi chú
problem:thieu-mon-thieu-kem,thiếu món/thiếu kèm,problem,20472,85d24aa19395ebaa,tu_85d24aa19395ebaa,negative,0.8,thiếu quất
dish:banh-cuon,bánh cuốn,dish,20472,068e2e65c4ae67f3,tu_068e2e65c4ae67f3,neutral,0.77,tên quán: bánh cuốn
dish:bun-cha,bún chả,dish,20472,068e2e65c4ae67f3,tu_068e2e65c4ae67f3,neutral,0.77,tên quán: ... bún chả
dish:ga-tan,gà tần,dish,20472,068e2e65c4ae67f3,tu_068e2e65c4ae67f3,neutral,0.77,tên quán: ... gà tần
food_descriptor:ngay,ngấy,food_descriptor,20472,068e2e65c4ae67f3,tu_068e2e65c4ae67f3,negative,0.96,hơi ngấy
dish:nuoc-cham,nước chấm,dish,20472,91a32c56f5568835,tu_91a32c56f5568835,neutral,0.8,nước chấm
food_descriptor:chua,chua,food_descriptor,20472,91a32c56f5568835,tu_91a32c56f5568835,neutral,0.95,chua
dish:pho-bo,phở bò,dish,21413,3f47a3ad0d1d27ab,tu_3f47a3ad0d1d27ab,neutral,0.81,phở bò
dish:com-rang,cơm rang,dish,21413,3f47a3ad0d1d27ab,tu_3f47a3ad0d1d27ab,neutral,0.8,cơm rang
food_descriptor:ngon-xiu,ngon xỉu,food_descriptor,21413,3f47a3ad0d1d27ab,tu_3f47a3ad0d1d27ab,positive,0.96,ngon xỉu
delivery_packaging:dong-goi-tot,đóng gói tốt,delivery_packaging,21413,3f47a3ad0d1d27ab,tu_3f47a3ad0d1d27ab,positive,0.97,đóng gói tốt
price_value:dang-dong-tien,đáng đồng tiền,price_value,21413,3f47a3ad0d1d27ab,tu_3f47a3ad0d1d27ab,positive,0.96,đáng đồng tiền
space_quality:sach-se,sạch sẽ,space_quality,21413,3f47a3ad0d1d27ab,tu_3f47a3ad0d1d27ab,positive,0.72,sạch sẽ
food_descriptor:ngon-xiu,ngon xỉu,food_descriptor,21413,db04336f57c67dda,tu_db04336f57c67dda,positive,0.97,ngon xỉu
delivery_packaging:dong-goi-tot,đóng gói tốt,delivery_packaging,21413,db04336f57c67dda,tu_db04336f57c67dda,positive,0.98,đóng gói tốt
space_quality:sach-se,sạch sẽ,space_quality,21413,db04336f57c67dda,tu_db04336f57c67dda,positive,0.87,sạch sẽ
dish:pho-bo,phở bò,dish,21413,0199f89f7896a446,tu_0199f89f7896a446,neutral,0.77,phở bò
dish:com-rang,cơm rang,dish,21413,0199f89f7896a446,tu_0199f89f7896a446,neutral,0.74,cơm rang
food_descriptor:ngon,ngon,food_descriptor,21413,0199f89f7896a446,tu_0199f89f7896a446,positive,0.95,ngon xỉu
dish:pho-bo,phở bò,dish,21413,1eab72c2728e7f82,tu_1eab72c2728e7f82,neutral,0.64,phở bò
dish:com-rang,cơm rang,dish,21413,1eab72c2728e7f82,tu_1eab72c2728e7f82,neutral,0.64,cơm rang
food_descriptor:ngon-xiu,ngon xỉu,food_descriptor,21413,1eab72c2728e7f82,tu_1eab72c2728e7f82,positive,0.96,ngon xỉu
delivery_packaging:dong-goi,đóng gói,delivery_packaging,21413,1eab72c2728e7f82,tu_1eab72c2728e7f82,positive,0.95,đóng gói tốt
price_value:dang-dong-tien,đáng đồng tiền,price_value,21413,1eab72c2728e7f82,tu_1eab72c2728e7f82,positive,0.95,đáng đồng tiền
space_quality:sach-se,sạch sẽ,space_quality,21413,1eab72c2728e7f82,tu_1eab72c2728e7f82,positive,0.85,sạch sẽ
delivery_packaging:dong-goi,đóng gói,delivery_packaging,21413,5111a7b13a8b7101,tu_5111a7b13a8b7101,negative,0.97,đóng gói bằng túi nilon... chưa tốt
problem:tui-nilon,túi nilon,problem,21413,5111a7b13a8b7101,tu_5111a7b13a8b7101,negative,0.86,bằng túi nilon nhìn ko đảm bảo lắm
food_descriptor:vi-ok,vị ok,food_descriptor,21413,5111a7b13a8b7101,tu_5111a7b13a8b7101,positive,0.78,vị thì cũng ok
dish:com,cơm,dish,21413,c1698194bf6166a6,tu_c1698194bf6166a6,negative,0.98,cơm khô không ăn được
food_descriptor:kho,khô,food_descriptor,21413,c1698194bf6166a6,tu_c1698194bf6166a6,negative,0.97,cơm khô
food_descriptor:chay-canh,cháy cạnh,food_descriptor,21413,c1698194bf6166a6,tu_c1698194bf6166a6,negative,0.93,rang cháy cạnh
food_descriptor:toan-mo,toàn mỡ,food_descriptor,21413,c1698194bf6166a6,tu_c1698194bf6166a6,negative,0.9,toàn mỡ
dish:ga,gà,dish,21413,c1698194bf6166a6,tu_c1698194bf6166a6,negative,0.94,gà thì đỏ
food_descriptor:do,đỏ,food_descriptor,21413,c1698194bf6166a6,tu_c1698194bf6166a6,negative,0.9,gà thì đỏ
problem:khong-an-duoc,không ăn được,problem,21413,c1698194bf6166a6,tu_c1698194bf6166a6,negative,0.96,không ăn được
problem:vut-nguyen-3-suat-com,vứt nguyên 3 suất cơm,problem,21413,c1698194bf6166a6,tu_c1698194bf6166a6,negative,0.88,vứt nguyên 3 suất cơm
dish:pho-bo,phở bò,dish,86219,d3f1283bd64e0ed1,tu_d3f1283bd64e0ed1,neutral,0.79,phở bò thiên trường
dish:bun-bo,bún bò,dish,86219,d3f1283bd64e0ed1,tu_d3f1283bd64e0ed1,neutral,0.76,bún bò
dish:com-rang,cơm rang,dish,86219,d3f1283bd64e0ed1,tu_d3f1283bd64e0ed1,neutral,0.76,cơm rang
food_descriptor:ngon-xiu,ngon xỉu,food_descriptor,86219,d3f1283bd64e0ed1,tu_d3f1283bd64e0ed1,positive,0.95,ngon xỉu
price_value:dang-dong-tien,đáng đồng tiền,price_value,86219,d3f1283bd64e0ed1,tu_d3f1283bd64e0ed1,positive,0.97,đáng đồng tiền
space_quality:sach-se,sạch sẽ,space_quality,86219,d3f1283bd64e0ed1,tu_d3f1283bd64e0ed1,positive,0.84,sạch sẽ
delivery_packaging:dong-goi-tot,đóng gói tốt,delivery_packaging,86219,d3f1283bd64e0ed1,tu_d3f1283bd64e0ed1,positive,0.98,đóng gói tốt
food_descriptor:ngon-xiu,ngon xỉu,food_descriptor,86219,188c7c7e9f6c979c,tu_188c7c7e9f6c979c,positive,0.95,ngon xỉu
price_value:dang-dong-tien,đáng đồng tiền,price_value,86219,188c7c7e9f6c979c,tu_188c7c7e9f6c979c,positive,0.98,đáng đồng tiền
delivery_packaging:dong-goi-tot,đóng gói tốt,delivery_packaging,86219,188c7c7e9f6c979c,tu_188c7c7e9f6c979c,positive,0.97,đóng gói tốt
space_quality:sach-se,sạch sẽ,space_quality,86219,188c7c7e9f6c979c,tu_188c7c7e9f6c979c,positive,0.78,sạch sẽ
dish:pho-bo,phở bò,dish,86219,6392c083f9c8470f,tu_6392c083f9c8470f,neutral,0.67,phở bò thiên trường
dish:bun-bo,bún bò,dish,86219,6392c083f9c8470f,tu_6392c083f9c8470f,neutral,0.84,bún bò
dish:com-rang,cơm rang,dish,86219,6392c083f9c8470f,tu_6392c083f9c8470f,neutral,0.84,cơm rang
delivery_packaging:dong-goi,đóng gói,delivery_packaging,86219,6392c083f9c8470f,tu_6392c083f9c8470f,positive,0.97,đóng gói tốt
space_quality:sach-se,sạch sẽ,space_quality,86219,6392c083f9c8470f,tu_6392c083f9c8470f,positive,0.88,sạch sẽ
price_value:dang-dong-tien,đáng đồng tiền,price_value,86219,6392c083f9c8470f,tu_6392c083f9c8470f,positive,0.96,đáng đồng tiền
food_descriptor:ngon-xiu,ngon xỉu,food_descriptor,86219,6392c083f9c8470f,tu_6392c083f9c8470f,positive,0.95,ngon xỉu
problem:khong-lam-dung-ghi-chu,không làm đúng ghi chú,problem,86219,d5cc3d52d27224fb,tu_d5cc3d52d27224fb,negative,0.98,không làm đúng ghi chú
service_quality:service,service,service_quality,86219,d5cc3d52d27224fb,tu_d5cc3d52d27224fb,negative,0.84,không làm đúng ghi chú
delivery_packaging:dong-goi,đóng gói,delivery_packaging,86219,30070b4c02bb927a,tu_30070b4c02bb927a,negative,0.96,đóng gói chưa tốt
problem:chua-tot,chưa tốt,problem,86219,30070b4c02bb927a,tu_30070b4c02bb927a,negative,0.9,chưa tốt
delivery_packaging:dong-goi,đóng gói,delivery_packaging,86219,7f14515452c126d3,tu_7f14515452c126d3,negative,0.84,packaging=-1.00
problem:sai-thieu-mon,sai/thiếu món,problem,86219,7f14515452c126d3,tu_7f14515452c126d3,negative,0.98,sai/thiếu món
dish:banh-cuon,bánh cuốn,dish,36034,0c96fee6026f690f,tu_0c96fee6026f690f,neutral,0.96,đặt bánh cuốn
dish:bun-cha,bún chả,dish,36034,0c96fee6026f690f,tu_0c96fee6026f690f,neutral,0.94,ship về bún chả
problem:sai-thieu-mon,sai/thiếu món,problem,36034,0c96fee6026f690f,tu_0c96fee6026f690f,negative,0.99,sai/thiếu món
dish:banh-cuon-phu-ly,bánh cuốn phủ lý,dish,36034,1f361a3a2dd868dd,tu_1f361a3a2dd868dd,neutral,0.85,bánh cuốn phủ lý
location_landmark:truong-dinh,trương định,location_landmark,36034,1f361a3a2dd868dd,tu_1f361a3a2dd868dd,neutral,0.62,trương định
price_value:dang-dong-tien,đáng đồng tiền,price_value,36034,1f361a3a2dd868dd,tu_1f361a3a2dd868dd,positive,0.98,đáng đồng tiền
dish:banh-cuon-phu-ly,bánh cuốn phủ lý,dish,36034,ddd7e15630f912fc,tu_ddd7e15630f912fc,positive,0.83,bánh cuốn phủ lý
food_descriptor:ngon-xiu,ngon xỉu,food_descriptor,36034,ddd7e15630f912fc,tu_ddd7e15630f912fc,positive,0.95,ngon xỉu
price_value:dang-dong-tien,đáng đồng tiền,price_value,36034,ddd7e15630f912fc,tu_ddd7e15630f912fc,positive,0.96,đáng đồng tiền
delivery_packaging:dong-goi-tot,đóng gói tốt,delivery_packaging,36034,ddd7e15630f912fc,tu_ddd7e15630f912fc,positive,0.95,đóng gói tốt
space_quality:sach-se,sạch sẽ,space_quality,36034,ddd7e15630f912fc,tu_ddd7e15630f912fc,positive,0.78,sạch sẽ
dish:banh-cuon-phu-ly,bánh cuốn phủ lý,dish,36034,71f32c5dfa1f85ad,tu_71f32c5dfa1f85ad,positive,0.77,bánh cuốn phủ lý
food_descriptor:ngon,ngon,food_descriptor,36034,71f32c5dfa1f85ad,tu_71f32c5dfa1f85ad,positive,0.95,ngon xỉu
delivery_packaging:dong-goi-tot,đóng gói tốt,delivery_packaging,36034,71f32c5dfa1f85ad,tu_71f32c5dfa1f85ad,positive,0.97,đóng gói tốt
price_value:dang-dong-tien,đáng đồng tiền,price_value,36034,71f32c5dfa1f85ad,tu_71f32c5dfa1f85ad,positive,0.96,đáng đồng tiền
space_quality:sach-se,sạch sẽ,space_quality,36034,71f32c5dfa1f85ad,tu_71f32c5dfa1f85ad,positive,0.88,sạch sẽ
dish:banh-cuon-phu-ly,bánh cuốn phủ lý,dish,36034,2f5c4aa7bd5d1aa6,tu_2f5c4aa7bd5d1aa6,positive,0.72,ngon quấ
dish:bun,bún,dish,36034,2f5c4aa7bd5d1aa6,tu_2f5c4aa7bd5d1aa6,neutral,0.9,thêm option thêm bún
dish:nuoc-dung,nước dùng,dish,36034,2f5c4aa7bd5d1aa6,tu_2f5c4aa7bd5d1aa6,neutral,0.88,thêm ít nước dùng nữa
food_descriptor:ngon,ngon,food_descriptor,36034,2f5c4aa7bd5d1aa6,tu_2f5c4aa7bd5d1aa6,positive,0.94,ngon quấ
problem:it-nuoc-dung,ít nước dùng,problem,36034,2f5c4aa7bd5d1aa6,tu_2f5c4aa7bd5d1aa6,negative,0.92,mong quán thêm ít nước dùng nữa
dish:cha-nuong,chả nướng,dish,36034,dfc1dc5533351556,tu_dfc1dc5533351556,negative,0.98,chả nướng cháy
dish:nuoc-cham,nước chấm,dish,36034,dfc1dc5533351556,tu_dfc1dc5533351556,negative,0.94,nước chấm ko ngon
food_descriptor:chay,cháy,food_descriptor,36034,dfc1dc5533351556,tu_dfc1dc5533351556,negative,0.97,chả nướng cháy
food_descriptor:khong-ngon,không ngon,food_descriptor,36034,dfc1dc5533351556,tu_dfc1dc5533351556,negative,0.95,nước chấm ko ngon
delivery_packaging:bat,bát,delivery_packaging,36034,dfc1dc5533351556,tu_dfc1dc5533351556,negative,0.86,ko cho bát
problem:khong-cho-bat,không cho bát,problem,36034,dfc1dc5533351556,tu_dfc1dc5533351556,negative,0.93,ko cho bát thì đựng nước chấm vào đâu
price_value:dang-dong-tien,đáng đồng tiền,price_value,20129,046b26a5537ab24d,tu_046b26a5537ab24d,positive,0.97,đáng đồng tiền
space_quality:sach-se,sạch sẽ,space_quality,20129,046b26a5537ab24d,tu_046b26a5537ab24d,positive,0.88,sạch sẽ
delivery_packaging:dong-goi-tot,đóng gói tốt,delivery_packaging,20129,046b26a5537ab24d,tu_046b26a5537ab24d,positive,0.98,đóng gói tốt
food_descriptor:ngon,ngon,food_descriptor,20129,046b26a5537ab24d,tu_046b26a5537ab24d,positive,0.93,ngon xỉu
dish:pho,phở,dish,20129,7b13184838e62490,tu_7b13184838e62490,neutral,0.64,tên quán: ... phở
dish:com-rang,cơm rang,dish,20129,7b13184838e62490,tu_7b13184838e62490,neutral,0.64,tên quán: ... cơm rang
food_descriptor:ngon,ngon,food_descriptor,20129,7b13184838e62490,tu_7b13184838e62490,positive,0.95,khá ngon
dish:com-dao-ga-rang,cơm đảo gà rang,dish,16422,41b13bf35107e52f,tu_41b13bf35107e52f,positive,0.66,tên quán: ... cơm đảo gà rang
dish:chim-quay,chim quay,dish,16422,41b13bf35107e52f,tu_41b13bf35107e52f,positive,0.66,tên quán: ... chim quay
food_descriptor:ngon-xiu,ngon xỉu,food_descriptor,16422,41b13bf35107e52f,tu_41b13bf35107e52f,positive,0.95,ngon xỉu
price_value:dang-dong-tien,đáng đồng tiền,price_value,16422,41b13bf35107e52f,tu_41b13bf35107e52f,positive,0.96,đáng đồng tiền
space_quality:sach-se,sạch sẽ,space_quality,16422,41b13bf35107e52f,tu_41b13bf35107e52f,positive,0.88,sạch sẽ
delivery_packaging:dong-goi-tot,đóng gói tốt,delivery_packaging,16422,41b13bf35107e52f,tu_41b13bf35107e52f,positive,0.97,đóng gói tốt
price_value:dang-dong-tien,đáng đồng tiền,price_value,16422,fb8da8c350574082,tu_fb8da8c350574082,positive,0.96,đáng đồng tiền
dish:com-dao-ga-rang,cơm đảo gà rang,dish,16422,17fb0c7005a0ffb4,tu_17fb0c7005a0ffb4,positive,0.72,cơm đảo gà rang
dish:chim-quay,chim quay,dish,16422,17fb0c7005a0ffb4,tu_17fb0c7005a0ffb4,positive,0.72,chim quay
food_descriptor:ngon-xiu,ngon xỉu,food_descriptor,16422,17fb0c7005a0ffb4,tu_17fb0c7005a0ffb4,positive,0.95,ngon xỉu
dish:ca-phai,cà phái,dish,16422,4a88180c78a90aaa,tu_4a88180c78a90aaa,neutral,0.44,thiếu cà phái
dish:dua-chua,dưa chua,dish,16422,4a88180c78a90aaa,tu_4a88180c78a90aaa,neutral,0.95,dưa chua
problem:sai-thieu-mon,sai/thiếu món,problem,16422,4a88180c78a90aaa,tu_4a88180c78a90aaa,negative,0.99,sai/thiếu món
problem:thieu-ca-phai,thiếu cà phái,problem,16422,4a88180c78a90aaa,tu_4a88180c78a90aaa,negative,0.9,thiếu cà phái
problem:thieu-dua-chua,thiếu dưa chua,problem,16422,4a88180c78a90aaa,tu_4a88180c78a90aaa,negative,0.89,thiếu cà phái vs dưa chua của mình
dish:ga-tan,gà tần,dish,16422,a14f241036959c2e,tu_a14f241036959c2e,neutral,0.92,1 suất gà tần
service_quality:service,service,service_quality,16422,a14f241036959c2e,tu_a14f241036959c2e,negative,0.88,đưa nhầm
problem:dua-nham-mon,đưa nhầm món,problem,16422,a14f241036959c2e,tu_a14f241036959c2e,negative,0.96,đưa nhầm 1 suất gà tần
dish:mon-an,món ăn,dish,16422,a05ffd2cd0606bab,tu_a05ffd2cd0606bab,neutral,0.57,mọi thứ
food_descriptor:man,mặn,food_descriptor,16422,a05ffd2cd0606bab,tu_a05ffd2cd0606bab,negative,0.91,hơi mặn
dish:com-dao-ga-rang,cơm đảo gà rang,dish,16422,1369cee094850331,tu_1369cee094850331,neutral,0.7,cơm đảo gà rang
dish:chim-quay,chim quay,dish,16422,1369cee094850331,tu_1369cee094850331,neutral,0.7,chim quay
food_descriptor:ngon,ngon,food_descriptor,16422,1369cee094850331,tu_1369cee094850331,positive,0.95,ngon
price_value:gia-ca,giá cả,price_value,60874,059f74e0e70f7fec,tu_059f74e0e70f7fec,positive,0.95,đáng đồng tiền
service_quality:service,service,service_quality,60874,a6554ac6cd48dd02,tu_a6554ac6cd48dd02,negative,0.93,không làm đúng ghi chú
problem:khong-lam-dung-ghi-chu,không làm đúng ghi chú,problem,60874,a6554ac6cd48dd02,tu_a6554ac6cd48dd02,negative,0.98,không làm đúng ghi chú
delivery_packaging:dong-goi,đóng gói,delivery_packaging,60874,537f354a5a80f539,tu_537f354a5a80f539,negative,0.96,đóng gói chưa tốt
problem:chua-tot,chưa tốt,problem,60874,537f354a5a80f539,tu_537f354a5a80f539,negative,0.91,chưa tốt
dish:pepsi-nho,pepsi nhỏ,dish,60874,c9293c852e0135d1,tu_c9293c852e0135d1,neutral,0.95,thiếu pepsi nhỏ
dish:sting,sting,dish,60874,c9293c852e0135d1,tu_c9293c852e0135d1,neutral,0.95,đặt sting + pepsi nhỏ
problem:thieu-pepsi-nho,thiếu pepsi nhỏ,problem,60874,c9293c852e0135d1,tu_c9293c852e0135d1,negative,0.98,thiếu pepsi nhỏ
problem:sai-thieu-mon,sai/thiếu món,problem,60874,c9293c852e0135d1,tu_c9293c852e0135d1,negative,0.99,sai/thiếu món
delivery_packaging:packaging,packaging,delivery_packaging,60874,c9293c852e0135d1,tu_c9293c852e0135d1,negative,0.88,packaging=-1.00
dish:bo,bò,dish,60874,574c8f222aaa3e40,tu_574c8f222aaa3e40,negative,0.73,nêm bò đẫm muối
food_descriptor:man-chat,mặn chát,food_descriptor,60874,574c8f222aaa3e40,tu_574c8f222aaa3e40,negative,0.97,mặn chát
food_descriptor:dam-muoi,đẫm muối,food_descriptor,60874,574c8f222aaa3e40,tu_574c8f222aaa3e40,negative,0.95,đẫm muối
problem:thua-muoi,thừa muối,problem,60874,574c8f222aaa3e40,tu_574c8f222aaa3e40,negative,0.94,quán thừa muối
space_quality:sach-se,sạch sẽ,space_quality,13942,fc515ecedd1eac43,tu_fc515ecedd1eac43,positive,0.79,sạch sẽ
delivery_packaging:dong-goi-tot,đóng gói tốt,delivery_packaging,13942,fc515ecedd1eac43,tu_fc515ecedd1eac43,positive,0.96,đóng gói tốt
price_value:dang-dong-tien,đáng đồng tiền,price_value,13942,fc515ecedd1eac43,tu_fc515ecedd1eac43,positive,0.97,đáng đồng tiền
food_descriptor:ngon-xiu,ngon xỉu,food_descriptor,13942,fc515ecedd1eac43,tu_fc515ecedd1eac43,positive,0.91,ngon xỉu
problem:khong-hop-khau-vi,không hợp khẩu vị,problem,13942,cce75a14940d7749,tu_cce75a14940d7749,negative,0.96,không hợp khẩu vị
service_quality:giao-nhanh,giao nhanh,service_quality,13942,c2473daa4268eaa2,tu_c2473daa4268eaa2,positive,0.96,giao nhanh
dish:sot-vang,sốt vang,dish,13942,c2473daa4268eaa2,tu_c2473daa4268eaa2,positive,0.93,sốt vang ăn ổn
food_descriptor:an-on,ăn ổn,food_descriptor,13942,c2473daa4268eaa2,tu_c2473daa4268eaa2,positive,0.87,ăn ổn
dish:pho-tron,phở trộn,dish,13942,c2473daa4268eaa2,tu_c2473daa4268eaa2,positive,0.94,phở trộn nhìn có vẻ ngon hơn
food_descriptor:ngon-hon,ngon hơn,food_descriptor,13942,c2473daa4268eaa2,tu_c2473daa4268eaa2,positive,0.84,ngon hơn
delivery_packaging:coc,cốc,delivery_packaging,13942,c2473daa4268eaa2,tu_c2473daa4268eaa2,negative,0.88,cho khách ăn cốc kì vậy
problem:coc-ki-vay,cốc kì vậy,problem,13942,c2473daa4268eaa2,tu_c2473daa4268eaa2,negative,0.9,cốc kì vậy
dish:pho-bo,phở bò,dish,13942,298b93db9bda1fc0,tu_298b93db9bda1fc0,neutral,0.67,phở bò
dish:com-rang,cơm rang,dish,13942,298b93db9bda1fc0,tu_298b93db9bda1fc0,neutral,0.67,cơm rang
service_quality:service,service,service_quality,13942,298b93db9bda1fc0,tu_298b93db9bda1fc0,negative,0.89,service=-0.50
problem:ghi-chu-khong-hanh,ghi chú không hành,problem,13942,298b93db9bda1fc0,tu_298b93db9bda1fc0,negative,0.72,đã note không hành rồi
dish:pho-bo,phở bò,dish,13942,ae3e899e09307fb9,tu_ae3e899e09307fb9,neutral,0.68,phở bò
dish:com-rang,cơm rang,dish,13942,ae3e899e09307fb9,tu_ae3e899e09307fb9,neutral,0.68,cơm rang
food_descriptor:kho,khô,food_descriptor,13942,ae3e899e09307fb9,tu_ae3e899e09307fb9,negative,0.95,hơi khô
dish:pho-bo-com-rang-nguyen-trai,phở bò & cơm rang - nguyễn trãi,dish,13942,ddc36e455a12ed39,tu_ddc36e455a12ed39,neutral,0.51,tên quán: phở bò & cơm rang - nguyễn trãi
dish:thit,thịt,dish,13942,ddc36e455a12ed39,tu_ddc36e455a12ed39,negative,0.94,thịt có mùi hôi
food_descriptor:mui-hoi,mùi hôi,food_descriptor,13942,ddc36e455a12ed39,tu_ddc36e455a12ed39,negative,0.98,mùi hôi
problem:food-quality,food_quality,problem,13942,ddc36e455a12ed39,tu_ddc36e455a12ed39,negative,0.77,food_quality=-1.00
dish:pho,phở,dish,13942,ca11348f1a36fc0a,tu_ca11348f1a36fc0a,negative,0.95,phở
dish:com,cơm,dish,13942,ca11348f1a36fc0a,tu_ca11348f1a36fc0a,negative,0.95,cơm
food_descriptor:man,mặn,food_descriptor,13942,ca11348f1a36fc0a,tu_ca11348f1a36fc0a,negative,0.98,đều mặn
dish:nuoc-mam,nước mắm,dish,29659,97462b35d7c7edb7,tu_97462b35d7c7edb7,neutral,0.76,nước mắm
dish:toi-ot,tỏi ớt,dish,29659,97462b35d7c7edb7,tu_97462b35d7c7edb7,neutral,0.68,tỏi ớt
problem:cho-toi-ot-vao-nuoc-mam,cho tỏi ớt vào nước mắm,problem,29659,97462b35d7c7edb7,tu_97462b35d7c7edb7,negative,0.94,vẫn cho vào
service_quality:khong-lam-dung-ghi-chu,không làm đúng ghi chú,service_quality,29659,97462b35d7c7edb7,tu_97462b35d7c7edb7,negative,0.97,không làm đúng ghi chú
dish:banh-cuon-phu-ly,bánh cuốn phủ lý,dish,29659,a89971733b87e6c8,tu_a89971733b87e6c8,positive,0.73,tên quán: bánh cuốn phủ lý
food_descriptor:ngon-xiu,ngon xỉu,food_descriptor,29659,a89971733b87e6c8,tu_a89971733b87e6c8,positive,0.95,ngon xỉu
price_value:dang-dong-tien,đáng đồng tiền,price_value,29659,a89971733b87e6c8,tu_a89971733b87e6c8,positive,0.96,đáng đồng tiền
space_quality:sach-se,sạch sẽ,space_quality,29659,a89971733b87e6c8,tu_a89971733b87e6c8,positive,0.74,sạch sẽ
delivery_packaging:dong-goi-tot,đóng gói tốt,delivery_packaging,29659,a89971733b87e6c8,tu_a89971733b87e6c8,positive,0.97,đóng gói tốt
dish:banh-cuon-phu-ly,bánh cuốn phủ lý,dish,29659,d2b346211c00c498,tu_d2b346211c00c498,positive,0.62,tên quán: bánh cuốn phủ lý
space_quality:sach-se,sạch sẽ,space_quality,29659,d2b346211c00c498,tu_d2b346211c00c498,positive,0.93,sạch sẽ
price_value:dang-dong-tien,đáng đồng tiền,price_value,29659,d2b346211c00c498,tu_d2b346211c00c498,positive,0.97,đáng đồng tiền
delivery_packaging:dong-goi-tot,đóng gói tốt,delivery_packaging,29659,d2b346211c00c498,tu_d2b346211c00c498,positive,0.98,đóng gói tốt
food_descriptor:ngon-xiu,ngon xỉu,food_descriptor,29659,d2b346211c00c498,tu_d2b346211c00c498,positive,0.95,ngon xỉu
dish:cha,chả,dish,29659,7fc5b86d74ec835f,tu_7fc5b86d74ec835f,positive,0.95,chả nóng ngon
dish:quat,quất,dish,29659,7fc5b86d74ec835f,tu_7fc5b86d74ec835f,neutral,0.68,có thêm quất nữa
food_descriptor:nong,nóng,food_descriptor,29659,7fc5b86d74ec835f,tu_7fc5b86d74ec835f,positive,0.93,chả nóng ngon
food_descriptor:ngon,ngon,food_descriptor,29659,7fc5b86d74ec835f,tu_7fc5b86d74ec835f,positive,0.97,ngon xỉu
space_quality:sach-se,sạch sẽ,space_quality,29659,7fc5b86d74ec835f,tu_7fc5b86d74ec835f,positive,0.9,sạch sẽ
delivery_packaging:dong-goi-tot,đóng gói tốt,delivery_packaging,29659,7fc5b86d74ec835f,tu_7fc5b86d74ec835f,positive,0.95,đóng gói tốt
price_value:dang-dong-tien,đáng đồng tiền,price_value,29659,7fc5b86d74ec835f,tu_7fc5b86d74ec835f,positive,0.94,đáng đồng tiền
price_value:dang-dong-tien,đáng đồng tiền,price_value,29659,f601d4442a02ed0f,tu_f601d4442a02ed0f,positive,0.96,đáng đồng tiền
space_quality:sach-se,sạch sẽ,space_quality,29659,f601d4442a02ed0f,tu_f601d4442a02ed0f,positive,0.83,sạch sẽ
delivery_packaging:dong-goi-tot,đóng gói tốt,delivery_packaging,29659,f601d4442a02ed0f,tu_f601d4442a02ed0f,positive,0.97,đóng gói tốt
food_descriptor:ngon-xiu,ngon xỉu,food_descriptor,29659,f601d4442a02ed0f,tu_f601d4442a02ed0f,positive,0.93,ngon xỉu
delivery_packaging:dong-goi,đóng gói,delivery_packaging,29659,57d542c3957acbae,tu_57d542c3957acbae,negative,0.96,đóng gói chưa tốt
problem:khong-co-bat-dung-nuoc-cham,không có bát đựng nước chấm,problem,29659,57d542c3957acbae,tu_57d542c3957acbae,negative,0.93,không có bát đưng nước chấm
problem:tui-boc-nuoc-mam-rach,túi bọc nước mắm rách,problem,29659,57d542c3957acbae,tu_57d542c3957acbae,negative,0.98,túi bọc nước mắm rách
problem:sai-thieu-mon,sai/thiếu món,problem,29659,57d542c3957acbae,tu_57d542c3957acbae,negative,0.99,sai/thiếu món
problem:khong-dam-bao-ve-sinh,không đảm bảo vệ sinh,problem,29659,57d542c3957acbae,tu_57d542c3957acbae,negative,0.97,không đảm bảo vệ sinh
dish:ut-beo-bun-dau-met-com,út béo - bún đậu mẹt & cơm,dish,35452,7cbf74f6dae87e9c,tu_7cbf74f6dae87e9c,positive,0.53,khá ngon
food_descriptor:kha-ngon,khá ngon,food_descriptor,35452,7cbf74f6dae87e9c,tu_7cbf74f6dae87e9c,positive,0.92,khá ngon
delivery_packaging:dong-goi,đóng gói,delivery_packaging,35452,7cbf74f6dae87e9c,tu_7cbf74f6dae87e9c,negative,0.95,đóng gói chưa tốt
problem:chua-tot,chưa tốt,problem,35452,7cbf74f6dae87e9c,tu_7cbf74f6dae87e9c,negative,0.9,chưa tốt
dish:bun-dau-met,bún đậu mẹt,dish,35452,88086a0c31e9e0d3,tu_88086a0c31e9e0d3,neutral,0.72,bún đậu mẹt
dish:com,cơm,dish,35452,88086a0c31e9e0d3,tu_88086a0c31e9e0d3,neutral,0.63,cơm
location_landmark:ngo-thai-thinh-1,ngõ thái thịnh 1,location_landmark,35452,88086a0c31e9e0d3,tu_88086a0c31e9e0d3,neutral,0.76,ngõ thái thịnh 1
food_descriptor:kha-ngon,khá ngon,food_descriptor,35452,88086a0c31e9e0d3,tu_88086a0c31e9e0d3,positive,0.93,khá ngon
dish:bun-dau-met,bún đậu mẹt,dish,35452,53238337de508ea9,tu_53238337de508ea9,neutral,0.78,bún đậu mẹt
dish:com,cơm,dish,35452,53238337de508ea9,tu_53238337de508ea9,neutral,0.72,cơm
location_landmark:ngo-thai-thinh-1,ngõ thái thịnh 1,location_landmark,35452,53238337de508ea9,tu_53238337de508ea9,neutral,0.84,ngõ thái thịnh 1
price_value:gia,giá,price_value,35452,0bd9307cc45523a8,tu_0bd9307cc45523a8,negative,0.88,price=-0.70
problem:khau-phan-it,khẩu phần ít,problem,35452,0bd9307cc45523a8,tu_0bd9307cc45523a8,negative,0.95,suất lớn mà có tí như này
delivery_packaging:befood-comment,befood_comment,delivery_packaging,35452,0bd9307cc45523a8,tu_0bd9307cc45523a8,neutral,0.22,nguồn: befood_comment
dish:bun-dau-met,bún đậu mẹt,dish,35452,0624ad7481aa585b,tu_0624ad7481aa585b,neutral,0.82,bún đậu mẹt
dish:com,cơm,dish,35452,0624ad7481aa585b,tu_0624ad7481aa585b,neutral,0.78,cơm
location_landmark:ngo-thai-thinh-1,ngõ thái thịnh 1,location_landmark,35452,0624ad7481aa585b,tu_0624ad7481aa585b,neutral,0.84,ngõ thái thịnh 1
food_descriptor:ngon,ngon,food_descriptor,35452,0624ad7481aa585b,tu_0624ad7481aa585b,positive,0.96,ngon nhé
dish:mon-an,món ăn,dish,35452,63784876d4c92834,tu_63784876d4c92834,neutral,0.88,món ăn
food_descriptor:chua-duoc-dep-mat,chưa được đẹp mắt,food_descriptor,35452,63784876d4c92834,tu_63784876d4c92834,negative,0.96,chưa được đẹp mắt
dish:bun,bún,dish,35452,e929c1f9bb53d24c,tu_e929c1f9bb53d24c,negative,0.95,bún bị chua
dish:dau,đậu,dish,35452,e929c1f9bb53d24c,tu_e929c1f9bb53d24c,negative,0.95,đậu chua
food_descriptor:chua,chua,food_descriptor,35452,e929c1f9bb53d24c,tu_e929c1f9bb53d24c,negative,0.98,"bị chua, chua"
dish:cha-la-lot,chả lá lốt,dish,35452,c6d18c1383a895ef,tu_c6d18c1383a895ef,neutral,0.94,đặt thêm chả lá lốt
service_quality:khong-cho-mon-dat-them,không cho món đặt thêm,service_quality,35452,c6d18c1383a895ef,tu_c6d18c1383a895ef,negative,0.89,quán không cho
problem:khong-cho-cha-la-lot-dat-them,không cho chả lá lốt đặt thêm,problem,35452,c6d18c1383a895ef,tu_c6d18c1383a895ef,negative,0.91,đặt thêm chả lá lốt mà quán không cho
dish:nuoc-mam,nước mắm,dish,35452,6dbb54d972cabc07,tu_6dbb54d972cabc07,neutral,0.74,nước mắm
problem:khong-thay-note,không thấy note,problem,35452,6dbb54d972cabc07,tu_6dbb54d972cabc07,negative,0.92,kh thấy note em để
dish:pho-com-rang,phở & cơm rang,dish,81993,104c0403dd16d90a,tu_104c0403dd16d90a,neutral,0.89,phở & cơm rang
problem:khong-hop-khau-vi,không hợp khẩu vị,problem,81993,104c0403dd16d90a,tu_104c0403dd16d90a,negative,0.98,không hợp khẩu vị
location_landmark:dinh-cong-ha,định công hạ,location_landmark,81993,104c0403dd16d90a,tu_104c0403dd16d90a,neutral,0.84,định công hạ
dish:bun-dau,bún đậu,dish,21980,c23e39c7f566ac96,tu_c23e39c7f566ac96,neutral,0.79,bún đậu
dish:nem-nuong,nem nướng,dish,21980,c23e39c7f566ac96,tu_c23e39c7f566ac96,neutral,0.79,nem nướng
location_landmark:vinh-tuy,vĩnh tuy,location_landmark,21980,c23e39c7f566ac96,tu_c23e39c7f566ac96,neutral,0.73,vĩnh tuy
food_descriptor:ngon-xiu,ngon xỉu,food_descriptor,21980,c23e39c7f566ac96,tu_c23e39c7f566ac96,positive,0.95,ngon xỉu
price_value:dang-dong-tien,đáng đồng tiền,price_value,21980,c23e39c7f566ac96,tu_c23e39c7f566ac96,positive,0.96,đáng đồng tiền
delivery_packaging:dong-goi-tot,đóng gói tốt,delivery_packaging,21980,c23e39c7f566ac96,tu_c23e39c7f566ac96,positive,0.96,đóng gói tốt
space_quality:sach-se,sạch sẽ,space_quality,21980,a9fea56e79885606,tu_a9fea56e79885606,positive,0.92,sạch sẽ
price_value:dang-dong-tien,đáng đồng tiền,price_value,21980,a9fea56e79885606,tu_a9fea56e79885606,positive,0.96,đáng đồng tiền
delivery_packaging:dong-goi-tot,đóng gói tốt,delivery_packaging,21980,a9fea56e79885606,tu_a9fea56e79885606,positive,0.97,đóng gói tốt
food_descriptor:ngon-xiu,ngon xỉu,food_descriptor,21980,a9fea56e79885606,tu_a9fea56e79885606,positive,0.88,ngon xỉu
dish:do-an,đồ ăn,dish,21980,24d891750fd49a55,tu_24d891750fd49a55,positive,0.95,đồ ăn no căng
dish:bun-dau,bún đậu,dish,21980,24d891750fd49a55,tu_24d891750fd49a55,neutral,0.86,bún đậu
dish:nem-nuong,nem nướng,dish,21980,24d891750fd49a55,tu_24d891750fd49a55,neutral,0.86,nem nướng
food_descriptor:no-cang,no căng,food_descriptor,21980,24d891750fd49a55,tu_24d891750fd49a55,positive,0.95,no căng
food_descriptor:ngon-xiu,ngon xỉu,food_descriptor,21980,24d891750fd49a55,tu_24d891750fd49a55,positive,0.95,ngon xỉu
price_value:dang-dong-tien,đáng đồng tiền,price_value,21980,24d891750fd49a55,tu_24d891750fd49a55,positive,0.96,đáng đồng tiền
space_quality:sach-se,sạch sẽ,space_quality,21980,24d891750fd49a55,tu_24d891750fd49a55,positive,0.87,sạch sẽ
delivery_packaging:dong-goi-tot,đóng gói tốt,delivery_packaging,21980,24d891750fd49a55,tu_24d891750fd49a55,positive,0.97,đóng gói tốt
location_landmark:vinh-tuy,vĩnh tuy,location_landmark,21980,24d891750fd49a55,tu_24d891750fd49a55,neutral,0.72,vĩnh tuy
space_quality:sach-se,sạch sẽ,space_quality,21980,fd87b30256ececc6,tu_fd87b30256ececc6,positive,0.89,sạch sẽ
delivery_packaging:dong-goi-tot,đóng gói tốt,delivery_packaging,21980,fd87b30256ececc6,tu_fd87b30256ececc6,positive,0.96,đóng gói tốt
price_value:dang-dong-tien,đáng đồng tiền,price_value,21980,fd87b30256ececc6,tu_fd87b30256ececc6,positive,0.97,đáng đồng tiền
food_descriptor:ngon-xiu,ngon xỉu,food_descriptor,21980,fd87b30256ececc6,tu_fd87b30256ececc6,positive,0.92,ngon xỉu
dish:bun-dau,bún đậu,dish,21980,7a85d1617fe089a9,tu_7a85d1617fe089a9,neutral,0.74,bún đậu
dish:nem-nuong,nem nướng,dish,21980,7a85d1617fe089a9,tu_7a85d1617fe089a9,neutral,0.74,nem nướng
price_value:dang-dong-tien,đáng đồng tiền,price_value,21980,7a85d1617fe089a9,tu_7a85d1617fe089a9,positive,0.98,đáng đồng tiền
delivery_packaging:dong-goi,đóng gói,delivery_packaging,21980,2595021d13d7e811,tu_2595021d13d7e811,negative,0.97,đóng gói
problem:chua-tot,chưa tốt,problem,21980,2595021d13d7e811,tu_2595021d13d7e811,negative,0.95,chưa tốt
dish:com,cơm,dish,114833,e156a9e6e3152cbc,tu_e156a9e6e3152cbc,positive,0.93,cơm ngon chất lượng
food_descriptor:ngon,ngon,food_descriptor,114833,e156a9e6e3152cbc,tu_e156a9e6e3152cbc,positive,0.95,cơm ngon chất lượng
food_descriptor:chat-luong,chất lượng,food_descriptor,114833,e156a9e6e3152cbc,tu_e156a9e6e3152cbc,positive,0.9,cơm ngon chất lượng
price_value:dang-dong-tien,đáng đồng tiền,price_value,114833,e156a9e6e3152cbc,tu_e156a9e6e3152cbc,positive,0.94,đáng đồng tiền
delivery_packaging:dong-goi-tot,đóng gói tốt,delivery_packaging,114833,e156a9e6e3152cbc,tu_e156a9e6e3152cbc,positive,0.92,đóng gói tốt
space_quality:sach-se,sạch sẽ,space_quality,114833,e156a9e6e3152cbc,tu_e156a9e6e3152cbc,positive,0.86,sạch sẽ
food_descriptor:ngon,ngon,food_descriptor,114833,8b87f8295eaf52ee,tu_8b87f8295eaf52ee,positive,0.95,ngon xỉu
food_descriptor:ngon-xiu,ngon xỉu,food_descriptor,114833,fe5e7e8c47420cea,tu_fe5e7e8c47420cea,positive,0.93,ngon xỉu
delivery_packaging:dong-goi-tot,đóng gói tốt,delivery_packaging,114833,fe5e7e8c47420cea,tu_fe5e7e8c47420cea,positive,0.98,đóng gói tốt
price_value:dang-dong-tien,đáng đồng tiền,price_value,114833,fe5e7e8c47420cea,tu_fe5e7e8c47420cea,positive,0.97,đáng đồng tiền
space_quality:sach-se,sạch sẽ,space_quality,114833,fe5e7e8c47420cea,tu_fe5e7e8c47420cea,positive,0.8,sạch sẽ
food_descriptor:ngon-xiu,ngon xỉu,food_descriptor,114833,7d3047fcf0338041,tu_7d3047fcf0338041,positive,0.94,ngon xỉu
delivery_packaging:dong-goi,đóng gói,delivery_packaging,114833,7d3047fcf0338041,tu_7d3047fcf0338041,positive,0.96,đóng gói tốt
price_value:dang-dong-tien,đáng đồng tiền,price_value,114833,7d3047fcf0338041,tu_7d3047fcf0338041,positive,0.95,đáng đồng tiền
problem:gui-nham-mon,gửi nhầm món,problem,114833,a5d83ace86ef130c,tu_a5d83ace86ef130c,negative,0.98,gửi nhầm món
problem:sai-thieu-mon,sai/thiếu món,problem,114833,a5d83ace86ef130c,tu_a5d83ace86ef130c,negative,0.99,sai/thiếu món
problem:khong-hop-khau-vi,không hợp khẩu vị,problem,114833,18392d34aa8656bd,tu_18392d34aa8656bd,negative,0.98,không hợp khẩu vị
dish:suon,sườn,dish,114833,5f0830e52c6e3195,tu_5f0830e52c6e3195,neutral,0.94,đặt sườn
dish:ga,gà,dish,114833,5f0830e52c6e3195,tu_5f0830e52c6e3195,neutral,0.94,ko đặt gà
problem:sai-mon-an,sai món ăn,problem,114833,5f0830e52c6e3195,tu_5f0830e52c6e3195,negative,0.98,sai món ăn
price_value:price-value,price_value,price_value,87272,c4aa9ae36dcca43f,tu_c4aa9ae36dcca43f,positive,0.95,đáng đồng tiền
space_quality:cleanliness,cleanliness,space_quality,87272,c4aa9ae36dcca43f,tu_c4aa9ae36dcca43f,positive,0.93,sạch sẽ
delivery_packaging:packaging,packaging,delivery_packaging,87272,c4aa9ae36dcca43f,tu_c4aa9ae36dcca43f,positive,0.95,đóng gói tốt
food_descriptor:food-quality,food_quality,food_descriptor,87272,c4aa9ae36dcca43f,tu_c4aa9ae36dcca43f,positive,0.9,ngon xỉu
dish:com-rang,cơm rang,dish,87272,c4aa9ae36dcca43f,tu_c4aa9ae36dcca43f,neutral,0.82,cơm rang
dish:pho-bo,phở bò,dish,87272,c4aa9ae36dcca43f,tu_c4aa9ae36dcca43f,neutral,0.82,phở bò
dish:bun-bo-hue,bún bò huế,dish,87272,c4aa9ae36dcca43f,tu_c4aa9ae36dcca43f,neutral,0.82,bún bò huế
delivery_packaging:dong-goi,đóng gói,delivery_packaging,87272,bbc3e2631d058d9f,tu_bbc3e2631d058d9f,negative,0.97,"đóng gói cẩu thả, đóng gói chưa tốt"
problem:cau-tha,cẩu thả,problem,87272,bbc3e2631d058d9f,tu_bbc3e2631d058d9f,negative,0.95,đóng gói cẩu thả
problem:chua-tot,chưa tốt,problem,87272,bbc3e2631d058d9f,tu_bbc3e2631d058d9f,negative,0.92,đóng gói chưa tốt
dish:com-rang,cơm rang,dish,87272,d0e569897c20b7fe,tu_d0e569897c20b7fe,neutral,0.81,cơm rang
dish:pho-bo,phở bò,dish,87272,d0e569897c20b7fe,tu_d0e569897c20b7fe,neutral,0.81,phở bò
dish:bun-bo-hue,bún bò huế,dish,87272,d0e569897c20b7fe,tu_d0e569897c20b7fe,neutral,0.81,bún bò huế
location_landmark:dinh-cong-thuong,định công thượng,location_landmark,87272,d0e569897c20b7fe,tu_d0e569897c20b7fe,neutral,0.78,định công thượng
price_value:dang-dong-tien,đáng đồng tiền,price_value,87272,d0e569897c20b7fe,tu_d0e569897c20b7fe,positive,0.96,đáng đồng tiền
dish:com-rang,cơm rang,dish,87272,a5afab79cf4ec0ca,tu_a5afab79cf4ec0ca,neutral,0.94,cơm rang
dish:pho-bo,phở bò,dish,87272,a5afab79cf4ec0ca,tu_a5afab79cf4ec0ca,neutral,0.95,phở bò
dish:bun-bo-hue,bún bò huế,dish,87272,a5afab79cf4ec0ca,tu_a5afab79cf4ec0ca,neutral,0.95,bún bò huế
location_landmark:dinh-cong-thuong,định công thượng,location_landmark,87272,a5afab79cf4ec0ca,tu_a5afab79cf4ec0ca,neutral,0.86,định công thượng
dish:bun-bo,bún bò,dish,87272,fbe5ae3a90d2f6d2,tu_fbe5ae3a90d2f6d2,negative,0.95,ăn cả bún bò
dish:pho,phở,dish,87272,fbe5ae3a90d2f6d2,tu_fbe5ae3a90d2f6d2,negative,0.95,và phở
problem:say-mi-chinh,say mì chính,problem,87272,fbe5ae3a90d2f6d2,tu_fbe5ae3a90d2f6d2,negative,0.97,bị say mì chính
problem:day-bung,đầy bụng,problem,87272,fbe5ae3a90d2f6d2,tu_fbe5ae3a90d2f6d2,negative,0.96,đầy bụng đến hôm nay chưa hết
problem:khong-dam-bao-ve-sinh,không đảm bảo vệ sinh,problem,87272,fbe5ae3a90d2f6d2,tu_fbe5ae3a90d2f6d2,negative,0.98,không đảm bảo vệ sinh
price_value:ton-them-tien-mua-thuoc,tốn thêm tiền mua thuốc,price_value,87272,fbe5ae3a90d2f6d2,tu_fbe5ae3a90d2f6d2,negative,0.86,mất thêm tiền mua thuốc
dish:com-rang,cơm rang,dish,87272,2917d9b3657e5de8,tu_2917d9b3657e5de8,neutral,0.64,cơm rang
dish:pho-bo,phở bò,dish,87272,2917d9b3657e5de8,tu_2917d9b3657e5de8,neutral,0.64,phở bò
dish:bun-bo-hue,bún bò huế,dish,87272,2917d9b3657e5de8,tu_2917d9b3657e5de8,neutral,0.64,bún bò huế
food_descriptor:ngon,ngon,food_descriptor,87272,2917d9b3657e5de8,tu_2917d9b3657e5de8,positive,0.95,ok ngon
dish:com-rang,cơm rang,dish,87272,5845c437315818c6,tu_5845c437315818c6,neutral,0.93,cơm rang
dish:pho-bo,phở bò,dish,87272,5845c437315818c6,tu_5845c437315818c6,neutral,0.93,phở bò
dish:bun-bo-hue,bún bò huế,dish,87272,5845c437315818c6,tu_5845c437315818c6,neutral,0.93,bún bò huế
location_landmark:dinh-cong-thuong,định công thượng,location_landmark,87272,5845c437315818c6,tu_5845c437315818c6,neutral,0.84,định công thượng
dish:com-rang,cơm rang,dish,87272,afe588f844e62a06,tu_afe588f844e62a06,neutral,0.9,cơm rang
dish:pho-bo,phở bò,dish,87272,afe588f844e62a06,tu_afe588f844e62a06,neutral,0.9,phở bò
dish:bun-bo-hue,bún bò huế,dish,87272,afe588f844e62a06,tu_afe588f844e62a06,neutral,0.9,bún bò huế
location_landmark:dinh-cong-thuong,định công thượng,location_landmark,87272,afe588f844e62a06,tu_afe588f844e62a06,neutral,0.77,định công thượng
food_descriptor:chan,chán,food_descriptor,87272,afe588f844e62a06,tu_afe588f844e62a06,negative,0.95,chán
food_descriptor:khong-co-vi,không có vị,food_descriptor,87272,afe588f844e62a06,tu_afe588f844e62a06,negative,0.96,k có vị gì
food_descriptor:nhat-nheo,nhạt nhẽo,food_descriptor,87272,afe588f844e62a06,tu_afe588f844e62a06,negative,0.95,ăn nhạt nhẽo
problem:khong-co-tuong-ot,không có tương ớt,problem,87272,afe588f844e62a06,tu_afe588f844e62a06,negative,0.93,k tương ớt
dish:pho-cuon-bun-tron,phở cuốn & bún trộn,dish,130463,7f14cd5086745a9d,tu_7f14cd5086745a9d,positive,0.88,phở cuốn & bún trộn
food_descriptor:ngon,ngon,food_descriptor,130463,7f14cd5086745a9d,tu_7f14cd5086745a9d,positive,0.97,ngon
food_descriptor:hop-khau-vi,hợp khẩu vị,food_descriptor,130463,7f14cd5086745a9d,tu_7f14cd5086745a9d,positive,0.94,hợp khẩu vị
food_descriptor:day-dan,đầy đặn,food_descriptor,130463,7f14cd5086745a9d,tu_7f14cd5086745a9d,positive,0.9,1 suất khá đầy đặn
space_quality:sach-se,sạch sẽ,space_quality,130463,7f14cd5086745a9d,tu_7f14cd5086745a9d,positive,0.72,sạch sẽ
delivery_packaging:dong-goi-tot,đóng gói tốt,delivery_packaging,130463,7f14cd5086745a9d,tu_7f14cd5086745a9d,positive,0.95,đóng gói tốt
price_value:dang-dong-tien,đáng đồng tiền,price_value,130463,7f14cd5086745a9d,tu_7f14cd5086745a9d,positive,0.96,đáng đồng tiền
space_quality:sach-se,sạch sẽ,space_quality,130463,6e9356cefe3fde38,tu_6e9356cefe3fde38,positive,0.96,sạch sẽ
dish:thit,thịt,dish,130463,1dde4ef5dc76e1a3,tu_1dde4ef5dc76e1a3,negative,0.82,ít thịt
dish:rau,rau,dish,130463,1dde4ef5dc76e1a3,tu_1dde4ef5dc76e1a3,negative,0.8,toàn rau
problem:it-thit,ít thịt,problem,130463,1dde4ef5dc76e1a3,tu_1dde4ef5dc76e1a3,negative,0.94,ít thịt
problem:toan-rau,toàn rau,problem,130463,1dde4ef5dc76e1a3,tu_1dde4ef5dc76e1a3,negative,0.91,toàn rau
delivery_packaging:packaging,packaging,delivery_packaging,68548,e795aebe8b84944b,tu_e795aebe8b84944b,positive,0.98,good packaging
dish:banh-cuon-nong,bánh cuốn nóng,dish,68548,d241a1086d105edb,tu_d241a1086d105edb,neutral,0.83,bánh cuốn nóng
dish:bun-cha,bún chả,dish,68548,d241a1086d105edb,tu_d241a1086d105edb,neutral,0.83,bún chả
dish:my-ga-tan,mỳ gà tần,dish,68548,d241a1086d105edb,tu_d241a1086d105edb,neutral,0.83,mỳ gà tần
food_descriptor:ngon,ngon,food_descriptor,68548,d241a1086d105edb,tu_d241a1086d105edb,positive,0.9,khá ngon
dish:banh-cuon-nong,bánh cuốn nóng,dish,68548,72d6621963178d63,tu_72d6621963178d63,neutral,0.88,tên quán: bánh cuốn nóng
dish:bun-cha,bún chả,dish,68548,72d6621963178d63,tu_72d6621963178d63,neutral,0.88,bún chả
dish:my-ga-tan,mỳ gà tần,dish,68548,72d6621963178d63,tu_72d6621963178d63,neutral,0.88,mỳ gà tần
problem:khong-hop-khau-vi,không hợp khẩu vị,problem,68548,72d6621963178d63,tu_72d6621963178d63,negative,0.97,không hợp khẩu vị
delivery_packaging:dong-goi,đóng gói,delivery_packaging,68548,b7e45720f408f719,tu_b7e45720f408f719,negative,0.98,đóng gói chưa tốt
problem:chua-tot,chưa tốt,problem,68548,b7e45720f408f719,tu_b7e45720f408f719,negative,0.92,chưa tốt
problem:sai-thieu-mon,sai/thiếu món,problem,68548,27c2afbc79aa79a6,tu_27c2afbc79aa79a6,negative,0.98,sai/thiếu món
dish:thit,thịt,dish,68548,850b3b249f3be759,tu_850b3b249f3be759,negative,0.8,ít thịt
dish:bun,bún,dish,68548,850b3b249f3be759,tu_850b3b249f3be759,negative,0.9,nhiều bún quá
problem:it-thit,ít thịt,problem,68548,850b3b249f3be759,tu_850b3b249f3be759,negative,0.94,ít thịt
problem:nhieu-bun-qua,nhiều bún quá,problem,68548,850b3b249f3be759,tu_850b3b249f3be759,negative,0.96,nhiều bún quá
price_value:dang-dong-tien,đáng đồng tiền,price_value,80920,956caf8243ced744,tu_956caf8243ced744,positive,0.97,đáng đồng tiền
dish:pho-bo,phở bò,dish,80920,ba39aa43e5f5b0de,tu_ba39aa43e5f5b0de,neutral,0.67,phở bò
dish:com-rang,cơm rang,dish,80920,ba39aa43e5f5b0de,tu_ba39aa43e5f5b0de,neutral,0.67,cơm rang
price_value:dang-dong-tien,đáng đồng tiền,price_value,80920,ba39aa43e5f5b0de,tu_ba39aa43e5f5b0de,positive,0.96,đáng đồng tiền
delivery_packaging:dong-goi-tot,đóng gói tốt,delivery_packaging,80920,ba39aa43e5f5b0de,tu_ba39aa43e5f5b0de,positive,0.95,đóng gói tốt
space_quality:sach-se,sạch sẽ,space_quality,80920,ba39aa43e5f5b0de,tu_ba39aa43e5f5b0de,positive,0.84,sạch sẽ
food_descriptor:ngon-xiu,ngon xỉu,food_descriptor,80920,ba39aa43e5f5b0de,tu_ba39aa43e5f5b0de,positive,0.93,ngon xỉu
dish:pho-bo,phở bò,dish,80920,954e18470e7fde6e,tu_954e18470e7fde6e,neutral,0.74,phở bò
dish:com-rang,cơm rang,dish,80920,954e18470e7fde6e,tu_954e18470e7fde6e,neutral,0.74,cơm rang
food_descriptor:kha-ngon,khá ngon,food_descriptor,80920,954e18470e7fde6e,tu_954e18470e7fde6e,positive,0.93,khá ngon
food_descriptor:cung-duoc-oke,cũng được oke,food_descriptor,80920,954e18470e7fde6e,tu_954e18470e7fde6e,positive,0.78,ăn cũng được oke
dish:com,cơm,dish,80920,ee98051a7bc60a72,tu_ee98051a7bc60a72,negative,0.91,cơm hơi hôi
food_descriptor:hoi,hôi,food_descriptor,80920,ee98051a7bc60a72,tu_ee98051a7bc60a72,negative,0.95,hơi hôi
dish:thit-bo,thịt bò,dish,80920,698bbaa1c4b80c54,tu_698bbaa1c4b80c54,negative,0.73,ko phải thịt bò
problem:ko-phai-thit-bo,ko phải thịt bò,problem,80920,698bbaa1c4b80c54,tu_698bbaa1c4b80c54,negative,0.96,ko phải thịt bò
space_quality:sach-se,sạch sẽ,space_quality,123914,bc8f3c43ce564f70,tu_bc8f3c43ce564f70,positive,0.94,sạch sẽ
delivery_packaging:dong-goi-tot,đóng gói tốt,delivery_packaging,123914,bc8f3c43ce564f70,tu_bc8f3c43ce564f70,positive,0.97,đóng gói tốt
food_descriptor:ngon-xiu,ngon xỉu,food_descriptor,123914,bc8f3c43ce564f70,tu_bc8f3c43ce564f70,positive,0.93,ngon xỉu
dish:chan-ga,chân gà,dish,123914,f9e17c4085bf62f6,tu_f9e17c4085bf62f6,positive,0.96,ăn chân gà
food_descriptor:hop-khau-vi,hợp khẩu vị,food_descriptor,123914,f9e17c4085bf62f6,tu_f9e17c4085bf62f6,positive,0.93,hợp khẩu vị lắm
food_descriptor:ngon,ngon,food_descriptor,123914,f9e17c4085bf62f6,tu_f9e17c4085bf62f6,positive,0.9,ngon xỉu
price_value:dang-dong-tien,đáng đồng tiền,price_value,123914,f9e17c4085bf62f6,tu_f9e17c4085bf62f6,positive,0.95,đáng đồng tiền
dish:nuoc-dung,nước dùng,dish,123914,ed446678d7809fae,tu_ed446678d7809fae,neutral,0.84,nước dùng
food_descriptor:ngon,ngon,food_descriptor,123914,ed446678d7809fae,tu_ed446678d7809fae,positive,0.95,"ngon, ngon xỉu"
space_quality:sach-se,sạch sẽ,space_quality,123914,ed446678d7809fae,tu_ed446678d7809fae,positive,0.88,sạch sẽ
problem:bi-do-ti,bị đổ tí,problem,123914,ed446678d7809fae,tu_ed446678d7809fae,negative,0.87,giao bị đổ tí
dish:ga-ran,gà rán,dish,123914,6dc495f80f07a9c0,tu_6dc495f80f07a9c0,neutral,0.84,gà rán
dish:my-cay,mỳ cay,dish,123914,6dc495f80f07a9c0,tu_6dc495f80f07a9c0,positive,0.91,mỳ cay
food_descriptor:cay,cay,food_descriptor,123914,6dc495f80f07a9c0,tu_6dc495f80f07a9c0,positive,0.9,đúng vị cay mình thích
price_value:dang-dong-tien,đáng đồng tiền,price_value,123914,6dc495f80f07a9c0,tu_6dc495f80f07a9c0,positive,0.95,đáng đồng tiền
delivery_packaging:dong-goi-tot,đóng gói tốt,delivery_packaging,123914,6dc495f80f07a9c0,tu_6dc495f80f07a9c0,positive,0.96,đóng gói tốt
dish:ga-ran,gà rán,dish,123914,1633fed734e7e2eb,tu_1633fed734e7e2eb,neutral,0.68,gà rán
dish:my-cay,mỳ cay,dish,123914,1633fed734e7e2eb,tu_1633fed734e7e2eb,neutral,0.68,mỳ cay
delivery_packaging:dong-goi-tot,đóng gói tốt,delivery_packaging,123914,1633fed734e7e2eb,tu_1633fed734e7e2eb,positive,0.97,đóng gói tốt
price_value:dang-dong-tien,đáng đồng tiền,price_value,123914,1633fed734e7e2eb,tu_1633fed734e7e2eb,positive,0.96,đáng đồng tiền
food_descriptor:ngon-xiu,ngon xỉu,food_descriptor,123914,1633fed734e7e2eb,tu_1633fed734e7e2eb,positive,0.9,ngon xỉu
space_quality:sach-se,sạch sẽ,space_quality,123914,1633fed734e7e2eb,tu_1633fed734e7e2eb,positive,0.83,sạch sẽ
delivery_packaging:dong-goi,đóng gói,delivery_packaging,123914,455ab49bc7327761,tu_455ab49bc7327761,positive,0.96,đóng gói tốt
space_quality:sach-se,sạch sẽ,space_quality,123914,455ab49bc7327761,tu_455ab49bc7327761,positive,0.82,sạch sẽ
dish:ga-ran,gà rán,dish,123914,ee1dc390a5311868,tu_ee1dc390a5311868,neutral,0.89,gà rán
dish:my-cay,mỳ cay,dish,123914,ee1dc390a5311868,tu_ee1dc390a5311868,neutral,0.89,mỳ cay
food_descriptor:ngonnnnnnnnnn,ngonnnnnnnnnn,food_descriptor,123914,ee1dc390a5311868,tu_ee1dc390a5311868,positive,0.96,ngonnnnnnnnnn
food_descriptor:ngon-xiu,ngon xỉu,food_descriptor,123914,ee1dc390a5311868,tu_ee1dc390a5311868,positive,0.95,ngon xỉu
price_value:dang-dong-tien,đáng đồng tiền,price_value,123914,ee1dc390a5311868,tu_ee1dc390a5311868,positive,0.94,đáng đồng tiền
space_quality:sach-se,sạch sẽ,space_quality,123914,ee1dc390a5311868,tu_ee1dc390a5311868,positive,0.91,sạch sẽ
space_quality:sach-se,sạch sẽ,space_quality,123914,210ec2ca83717462,tu_210ec2ca83717462,positive,0.86,sạch sẽ
price_value:dang-dong-tien,đáng đồng tiền,price_value,123914,210ec2ca83717462,tu_210ec2ca83717462,positive,0.97,đáng đồng tiền
delivery_packaging:dong-goi-tot,đóng gói tốt,delivery_packaging,123914,210ec2ca83717462,tu_210ec2ca83717462,positive,0.98,đóng gói tốt
food_descriptor:ngon-xiu,ngon xỉu,food_descriptor,123914,210ec2ca83717462,tu_210ec2ca83717462,positive,0.94,ngon xỉu
food_descriptor:ngon-xiu,ngon xỉu,food_descriptor,123914,e720b053a81bc04d,tu_e720b053a81bc04d,positive,0.95,ngon xỉu
price_value:dang-dong-tien,đáng đồng tiền,price_value,123914,e720b053a81bc04d,tu_e720b053a81bc04d,positive,0.97,đáng đồng tiền
space_quality:sach-se,sạch sẽ,space_quality,123914,e720b053a81bc04d,tu_e720b053a81bc04d,positive,0.73,sạch sẽ
delivery_packaging:dong-goi-tot,đóng gói tốt,delivery_packaging,123914,e720b053a81bc04d,tu_e720b053a81bc04d,positive,0.98,đóng gói tốt
food_descriptor:ngon-xiu,ngon xỉu,food_descriptor,123914,b8a76f619eb44b9d,tu_b8a76f619eb44b9d,positive,0.96,ngon xỉu
price_value:dang-dong-tien,đáng đồng tiền,price_value,81712,9210a697fa0e8c5d,tu_9210a697fa0e8c5d,positive,0.97,đáng đồng tiền
food_descriptor:ngon-xiu,ngon xỉu,food_descriptor,81712,eb5389e048f4f7c1,tu_eb5389e048f4f7c1,positive,0.92,ngon xỉu
price_value:dang-dong-tien,đáng đồng tiền,price_value,81712,eb5389e048f4f7c1,tu_eb5389e048f4f7c1,positive,0.95,đáng đồng tiền
space_quality:sach-se,sạch sẽ,space_quality,81712,eb5389e048f4f7c1,tu_eb5389e048f4f7c1,positive,0.84,sạch sẽ
delivery_packaging:dong-goi-tot,đóng gói tốt,delivery_packaging,81712,eb5389e048f4f7c1,tu_eb5389e048f4f7c1,positive,0.97,đóng gói tốt
delivery_packaging:dong-goi,đóng gói,delivery_packaging,81712,2c55a9380d884b36,tu_2c55a9380d884b36,positive,0.97,đóng gói chỉn chu
dish:ca-kho-rieng,cá kho riềng,dish,81712,2c55a9380d884b36,tu_2c55a9380d884b36,negative,0.98,cá kho riềng k hợp khẩu vị
problem:vay-ca,vảy cá,problem,81712,2c55a9380d884b36,tu_2c55a9380d884b36,negative,0.95,còn vảy cá
problem:khong-hop-khau-vi,không hợp khẩu vị,problem,81712,2c55a9380d884b36,tu_2c55a9380d884b36,negative,0.96,k hợp khẩu vị
food_descriptor:chin-chu,chỉn chu,food_descriptor,81712,2c55a9380d884b36,tu_2c55a9380d884b36,positive,0.75,đóng gói chỉn chu
food_descriptor:ngon,ngon,food_descriptor,119113,46eee99f79148f37,tu_46eee99f79148f37,positive,0.96,ngon
delivery_packaging:dua,đũa,delivery_packaging,119113,46eee99f79148f37,tu_46eee99f79148f37,negative,0.92,quên cho em đũa
problem:quen-cho-em-dua,quên cho em đũa,problem,119113,46eee99f79148f37,tu_46eee99f79148f37,negative,0.97,quên cho em đũa
price_value:gia-nay,giá này,price_value,119113,fcb7b96b626108ac,tu_fcb7b96b626108ac,negative,0.92,với giá này
problem:qua-it,quá ít,problem,119113,fcb7b96b626108ac,tu_fcb7b96b626108ac,negative,0.97,quá ít
dish:thit-bo,thịt bò,dish,119113,fcb7b96b626108ac,tu_fcb7b96b626108ac,negative,0.78,thịt bò được đúng 5 miếng
delivery_packaging:dong-goi,đóng gói,delivery_packaging,123573,588fd63cff6d8649,tu_588fd63cff6d8649,positive,0.97,đóng gói tốt
dish:ngan,ngan,dish,123573,bc9536babf95c601,tu_bc9536babf95c601,negative,0.95,ngan ít không ngon
food_descriptor:khong-ngon,không ngon,food_descriptor,123573,bc9536babf95c601,tu_bc9536babf95c601,negative,0.96,không ngon
food_descriptor:khong-hop-khau-vi,không hợp khẩu vị,food_descriptor,123573,bc9536babf95c601,tu_bc9536babf95c601,negative,0.94,không hợp khẩu vị
problem:it,ít,problem,123573,bc9536babf95c601,tu_bc9536babf95c601,negative,0.88,ngan ít
dish:banh-cuon-thit-nuong,bánh cuốn thịt nướng,dish,123573,1b8e2bc01dd97dd8,tu_1b8e2bc01dd97dd8,negative,0.95,bánh cuốn thịt nướng
problem:khong-co-thit,không có thịt,problem,123573,1b8e2bc01dd97dd8,tu_1b8e2bc01dd97dd8,negative,0.98,chỉ có bánh không có thịt
problem:sai-thieu-mon,sai/thiếu món,problem,123573,1b8e2bc01dd97dd8,tu_1b8e2bc01dd97dd8,negative,0.99,sai/thiếu món
dish:banh-cuon-nhan,bánh cuốn nhân,dish,123573,c1f6af88413e331d,tu_c1f6af88413e331d,negative,0.99,bánh cuốn nhân bị thiu rồi
food_descriptor:thiu,thiu,food_descriptor,123573,c1f6af88413e331d,tu_c1f6af88413e331d,negative,0.98,bị thiu
food_descriptor:hoi-thiu-mui-oi,hôi thiu mùi ôi,food_descriptor,123573,c1f6af88413e331d,tu_c1f6af88413e331d,negative,0.99,hôi thiu mùi ôi
problem:phai-bo-di,phải bỏ đi,problem,123573,c1f6af88413e331d,tu_c1f6af88413e331d,negative,0.93,mình phải bỏ đi
dish:mien-ngan,miến ngan,dish,123573,c1f6af88413e331d,tu_c1f6af88413e331d,positive,0.95,miến ngan ngon
food_descriptor:ngon,ngon,food_descriptor,123573,c1f6af88413e331d,tu_c1f6af88413e331d,positive,0.92,ngon
food_descriptor:ngon,ngon,food_descriptor,8200,80b5feae51481460,tu_80b5feae51481460,positive,0.95,ngon xỉu
dish:pho-bo,phở bò,dish,8200,0701dcca5937a133,tu_0701dcca5937a133,neutral,0.79,tên quán: phở bò
dish:com-rang,cơm rang,dish,8200,0701dcca5937a133,tu_0701dcca5937a133,neutral,0.76,tên quán: ... cơm rang ...
food_descriptor:ngon,ngon,food_descriptor,8200,0701dcca5937a133,tu_0701dcca5937a133,positive,0.9,khá ngon
dish:pho-bo,phở bò,dish,8200,2f9ecd9670068271,tu_2f9ecd9670068271,neutral,0.77,tên quán: phở bò
dish:com-rang,cơm rang,dish,8200,2f9ecd9670068271,tu_2f9ecd9670068271,neutral,0.77,cơm rang
delivery_packaging:dung-cu-an-uong,dụng cụ ăn uống,delivery_packaging,8200,2f9ecd9670068271,tu_2f9ecd9670068271,negative,0.89,không có dụng cụ ăn uống
problem:khong-co-dung-cu-an-uong,không có dụng cụ ăn uống,problem,8200,2f9ecd9670068271,tu_2f9ecd9670068271,negative,0.95,không có dụng cụ ăn uống
service_quality:service,service,service_quality,8200,5df4b148513e1de9,tu_5df4b148513e1de9,negative,0.92,k để ý
problem:khong-de-y-ghi-chu,không để ý ghi chú,problem,8200,5df4b148513e1de9,tu_5df4b148513e1de9,negative,0.97,có ghi chú nhma k để ý
dish:nuoc-cham,nước chấm,dish,78300,83a3a20195c197a3,tu_83a3a20195c197a3,negative,0.88,nước chấm nhạt
dish:thit-nuong,thịt nướng,dish,78300,83a3a20195c197a3,tu_83a3a20195c197a3,positive,0.96,thịt nướng rất ngon
food_descriptor:nhat,nhạt,food_descriptor,78300,83a3a20195c197a3,tu_83a3a20195c197a3,negative,0.94,nhạt
food_descriptor:ngon,ngon,food_descriptor,78300,83a3a20195c197a3,tu_83a3a20195c197a3,positive,0.93,rất ngon
space_quality:sach-se,sạch sẽ,space_quality,78300,83a3a20195c197a3,tu_83a3a20195c197a3,positive,0.84,sạch sẽ
delivery_packaging:dong-goi-tot,đóng gói tốt,delivery_packaging,78300,83a3a20195c197a3,tu_83a3a20195c197a3,positive,0.91,đóng gói tốt
space_quality:sach-se,sạch sẽ,space_quality,78300,011c0492833432a7,tu_011c0492833432a7,positive,0.93,sạch sẽ
delivery_packaging:dong-goi,đóng gói,delivery_packaging,78300,5959dd8ebb0246a6,tu_5959dd8ebb0246a6,positive,0.98,đóng gói tốt
dish:banh-cuon-nong,bánh cuốn nóng,dish,78300,451e4ba26f1b7357,tu_451e4ba26f1b7357,neutral,0.84,tên quán: bánh cuốn nóng
dish:bun-cha,bún chả,dish,78300,451e4ba26f1b7357,tu_451e4ba26f1b7357,neutral,0.84,tên quán: ... bún chả
dish:thit-nuong,thịt nướng,dish,78300,451e4ba26f1b7357,tu_451e4ba26f1b7357,positive,0.96,thịt nướng thơm đầy đặn
food_descriptor:thom,thơm,food_descriptor,78300,451e4ba26f1b7357,tu_451e4ba26f1b7357,positive,0.94,thơm
food_descriptor:day-dan,đầy đặn,food_descriptor,78300,451e4ba26f1b7357,tu_451e4ba26f1b7357,positive,0.9,đầy đặn
food_descriptor:ngon,ngon,food_descriptor,78300,451e4ba26f1b7357,tu_451e4ba26f1b7357,positive,0.89,ngon xỉu
price_value:dang-dong-tien,đáng đồng tiền,price_value,78300,451e4ba26f1b7357,tu_451e4ba26f1b7357,positive,0.95,đáng đồng tiền
space_quality:sach-se,sạch sẽ,space_quality,78300,451e4ba26f1b7357,tu_451e4ba26f1b7357,positive,0.83,sạch sẽ
delivery_packaging:dong-goi-tot,đóng gói tốt,delivery_packaging,78300,451e4ba26f1b7357,tu_451e4ba26f1b7357,positive,0.95,đóng gói tốt
dish:banh-cuon,bánh cuốn,dish,78300,74b16fbb6370a515,tu_74b16fbb6370a515,positive,0.95,bánh cuốn ngon
dish:nuoc-cham,nước chấm,dish,78300,74b16fbb6370a515,tu_74b16fbb6370a515,negative,0.89,nước chấm hơi nhạt
food_descriptor:nhat,nhạt,food_descriptor,78300,74b16fbb6370a515,tu_74b16fbb6370a515,negative,0.88,hơi nhạt
service_quality:giao-dung-don,giao đúng đơn,service_quality,78300,74b16fbb6370a515,tu_74b16fbb6370a515,positive,0.93,shop giao đúng đơn
delivery_packaging:day-du-dung-cu-an-uong,đầy đủ dụng cụ ăn uống,delivery_packaging,78300,74b16fbb6370a515,tu_74b16fbb6370a515,positive,0.95,đầy đủ dụng cụ ăn uống
food_descriptor:kha-ngon,khá ngon,food_descriptor,78300,74b16fbb6370a515,tu_74b16fbb6370a515,positive,0.73,khá ngon
dish:banh-cuon-nong,bánh cuốn nóng,dish,78300,d386170fcb321f69,tu_d386170fcb321f69,neutral,0.95,tên quán: bánh cuốn nóng & bún chả
dish:bun-cha,bún chả,dish,78300,d386170fcb321f69,tu_d386170fcb321f69,neutral,0.95,tên quán: bánh cuốn nóng & bún chả
food_descriptor:ngon,ngon,food_descriptor,78300,d386170fcb321f69,tu_d386170fcb321f69,positive,0.93,khá ngon
dish:banh-cuon-nong,bánh cuốn nóng,dish,20601,2edec273963cb0fc,tu_2edec273963cb0fc,positive,0.67,tên quán: bánh cuốn nóng
dish:bun-cha,bún chả,dish,20601,2edec273963cb0fc,tu_2edec273963cb0fc,positive,0.67,tên quán: ... bún chả
dish:ga-tan,gà tần,dish,20601,2edec273963cb0fc,tu_2edec273963cb0fc,positive,0.67,tên quán: ... gà tần
food_descriptor:ngon-xiu,ngon xỉu,food_descriptor,20601,2edec273963cb0fc,tu_2edec273963cb0fc,positive,0.91,ngon xỉu
price_value:dang-dong-tien,đáng đồng tiền,price_value,20601,2edec273963cb0fc,tu_2edec273963cb0fc,positive,0.96,đáng đồng tiền
space_quality:sach-se,sạch sẽ,space_quality,20601,2edec273963cb0fc,tu_2edec273963cb0fc,positive,0.9,sạch sẽ
delivery_packaging:dong-goi-tot,đóng gói tốt,delivery_packaging,20601,2edec273963cb0fc,tu_2edec273963cb0fc,positive,0.95,đóng gói tốt
dish:banh-cuon-nong,bánh cuốn nóng,dish,20601,763aa8c7f7f80c9d,tu_763aa8c7f7f80c9d,positive,0.86,bánh cuốn nóng
dish:bun-cha,bún chả,dish,20601,763aa8c7f7f80c9d,tu_763aa8c7f7f80c9d,positive,0.86,bún chả
dish:ga-tan,gà tần,dish,20601,763aa8c7f7f80c9d,tu_763aa8c7f7f80c9d,positive,0.86,gà tần
food_descriptor:ngon-xiu,ngon xỉu,food_descriptor,20601,763aa8c7f7f80c9d,tu_763aa8c7f7f80c9d,positive,0.97,ngon xỉu
price_value:dang-dong-tien,đáng đồng tiền,price_value,20601,2cb923c8782cd8f1,tu_2cb923c8782cd8f1,positive,0.97,đáng đồng tiền
dish:banh-cuon-nong-bun-cha-ga-tan,"bánh cuốn nóng, bún chả & gà tần",dish,20601,977df368a2f45535,tu_977df368a2f45535,positive,0.86,"tên quán: bánh cuốn nóng, bún chả & gà tần"
food_descriptor:kha-ngon,khá ngon,food_descriptor,20601,977df368a2f45535,tu_977df368a2f45535,positive,0.95,khá ngon
dish:banh-cuon-nong-bun-cha-ga-tan,"bánh cuốn nóng, bún chả & gà tần",dish,20601,ba9210ac19fd695a,tu_ba9210ac19fd695a,neutral,0.82,"bánh cuốn nóng, bún chả & gà tần"
problem:khong-hop-khau-vi,không hợp khẩu vị,problem,20601,ba9210ac19fd695a,tu_ba9210ac19fd695a,negative,0.96,không hợp khẩu vị
delivery_packaging:dua,đũa,delivery_packaging,20601,fb91e2f432c34cab,tu_fb91e2f432c34cab,negative,0.86,đéo cho đũa
problem:khong-cho-dua,không cho đũa,problem,20601,fb91e2f432c34cab,tu_fb91e2f432c34cab,negative,0.95,đéo cho đũa ăn bốc à ?
problem:sai-thieu-mon,sai/thiếu món,problem,20601,fb91e2f432c34cab,tu_fb91e2f432c34cab,negative,0.98,sai/thiếu món
problem:sai-thieu-mon,sai/thiếu món,problem,20601,5a67ce29836c8ba1,tu_5a67ce29836c8ba1,negative,0.99,sai/thiếu món
price_value:gia-ca,giá cả,price_value,9568,a8c2eb8f9d2b8639,tu_a8c2eb8f9d2b8639,positive,0.96,worth the price
dish:bun-cha,bún chả,dish,9568,927f65954261571a,tu_927f65954261571a,positive,0.84,tên quán: bún chả
dish:banh-cuon-nong,bánh cuốn nóng,dish,9568,927f65954261571a,tu_927f65954261571a,positive,0.84,tên quán: bánh cuốn nóng
dish:ga-tan,gà tần,dish,9568,927f65954261571a,tu_927f65954261571a,positive,0.84,tên quán: gà tần
food_descriptor:ngon,ngon,food_descriptor,9568,927f65954261571a,tu_927f65954261571a,positive,0.92,khá ngon
dish:bun-cha-banh-cuon-nong-ga-tan,"bún chả, bánh cuốn nóng, gà tần",dish,9568,bdf31b85e91d8ea6,tu_bdf31b85e91d8ea6,neutral,0.74,"tên quán: bún chả, bánh cuốn nóng, gà tần"
food_descriptor:chua-dam-da,chưa đậm đà,food_descriptor,9568,bdf31b85e91d8ea6,tu_bdf31b85e91d8ea6,negative,0.96,vị chưa đậm đà lắm
dish:pho,phở,dish,12952,5468e970485d8102,tu_5468e970485d8102,positive,0.56,tên quán: ... phở ...
dish:com-rang,cơm rang,dish,12952,5468e970485d8102,tu_5468e970485d8102,positive,0.56,tên quán: ... cơm rang ...
food_descriptor:ngon-xiu,ngon xỉu,food_descriptor,12952,5468e970485d8102,tu_5468e970485d8102,positive,0.96,ngon xỉu
price_value:dang-dong-tien,đáng đồng tiền,price_value,12952,5468e970485d8102,tu_5468e970485d8102,positive,0.97,đáng đồng tiền
space_quality:sach-se,sạch sẽ,space_quality,12952,5468e970485d8102,tu_5468e970485d8102,positive,0.9,sạch sẽ
delivery_packaging:dong-goi-tot,đóng gói tốt,delivery_packaging,12952,5468e970485d8102,tu_5468e970485d8102,positive,0.97,đóng gói tốt
delivery_packaging:dong-goi,đóng gói,delivery_packaging,12952,64b2a3030b1c7b32,tu_64b2a3030b1c7b32,negative,0.97,đóng gói chưa tốt
problem:chua-tot,chưa tốt,problem,12952,64b2a3030b1c7b32,tu_64b2a3030b1c7b32,negative,0.88,chưa tốt
service_quality:khong-lam-dung-ghi-chu,không làm đúng ghi chú,service_quality,12952,72c184f6564a2425,tu_72c184f6564a2425,negative,0.96,không làm đúng ghi chú
problem:cho-hanh-cu-du-dan-khong-hanh,cho hành củ dù dặn không hành,problem,12952,72c184f6564a2425,tu_72c184f6564a2425,negative,0.98,bảo không hành mà quán cho hành củ
problem:sai-thieu-mon,sai/thiếu món,problem,12952,bd2f5d7bacae733c,tu_bd2f5d7bacae733c,negative,0.98,sai/thiếu món
delivery_packaging:packaging,packaging,delivery_packaging,12952,bd2f5d7bacae733c,tu_bd2f5d7bacae733c,negative,0.72,packaging=-1.00
dish:thit,thịt,dish,12952,5b2eb4486969f6fc,tu_5b2eb4486969f6fc,negative,0.96,"thịt ... khô, nguội, cứng"
dish:com,cơm,dish,12952,5b2eb4486969f6fc,tu_5b2eb4486969f6fc,negative,0.98,"cơm khô, nguội, cứng"
dish:trung,trứng,dish,12952,5b2eb4486969f6fc,tu_5b2eb4486969f6fc,negative,0.89,mô tả có trứng
dish:canh,canh,dish,12952,5b2eb4486969f6fc,tu_5b2eb4486969f6fc,negative,0.89,mô tả có ... canh
food_descriptor:kho,khô,food_descriptor,12952,5b2eb4486969f6fc,tu_5b2eb4486969f6fc,negative,0.98,khô
food_descriptor:nguoi,nguội,food_descriptor,12952,5b2eb4486969f6fc,tu_5b2eb4486969f6fc,negative,0.98,nguội
food_descriptor:cung,cứng,food_descriptor,12952,5b2eb4486969f6fc,tu_5b2eb4486969f6fc,negative,0.98,cứng
problem:thieu-mon-khi-giao,thiếu món khi giao,problem,12952,5b2eb4486969f6fc,tu_5b2eb4486969f6fc,negative,0.94,giao k thấy có
dish:com,cơm,dish,12952,3c096928813d087e,tu_3c096928813d087e,negative,0.96,cơm như bị thiu
food_descriptor:thiu,thiu,food_descriptor,12952,3c096928813d087e,tu_3c096928813d087e,negative,0.94,bị thiu
dish:dui-ga-chien-mam,đùi gà chiên mắm,dish,12952,46e534350433ce38,tu_46e534350433ce38,negative,0.93,thiếu 1 hộp đùi gà chiên mắm
dish:com,cơm,dish,12952,46e534350433ce38,tu_46e534350433ce38,negative,0.82,thừa 1 hộp cơm
problem:thieu-1-hop-dui-ga-chien-mam,thiếu 1 hộp đùi gà chiên mắm,problem,12952,46e534350433ce38,tu_46e534350433ce38,negative,0.97,thiếu 1 hộp đùi gà chiên mắm
problem:thua-1-hop-com,thừa 1 hộp cơm,problem,12952,46e534350433ce38,tu_46e534350433ce38,negative,0.96,thừa 1 hộp cơm
delivery_packaging:dong-goi-giao-don,đóng gói / giao đơn,delivery_packaging,12952,46e534350433ce38,tu_46e534350433ce38,negative,0.74,thiếu 1 hộp... thừa 1 hộp...
dish:com,cơm,dish,12952,274862d85964fadf,tu_274862d85964fadf,positive,0.91,cơm mềm ngon
food_descriptor:mem,mềm,food_descriptor,12952,274862d85964fadf,tu_274862d85964fadf,positive,0.89,mềm
food_descriptor:ngon,ngon,food_descriptor,12952,274862d85964fadf,tu_274862d85964fadf,positive,0.93,ngon
dish:com,cơm,dish,12952,36506a63a09386c6,tu_36506a63a09386c6,negative,0.95,"cơm khô, cứng"
dish:ga,gà,dish,12952,36506a63a09386c6,tu_36506a63a09386c6,negative,0.93,gà thì rán quá khô
food_descriptor:kho,khô,food_descriptor,12952,36506a63a09386c6,tu_36506a63a09386c6,negative,0.98,khô
food_descriptor:cung,cứng,food_descriptor,12952,36506a63a09386c6,tu_36506a63a09386c6,negative,0.97,cứng
dish:thit-bo,thịt bò,dish,12952,70218d6909357f0a,tu_70218d6909357f0a,neutral,0.92,thịt bò
problem:dung-5-mieng,đúng 5 miếng,problem,12952,70218d6909357f0a,tu_70218d6909357f0a,negative,0.8,được đúng 5 miếng
dish:banh-cuon-cha-que-voi-trung,bánh cuốn chả quế với trứng,dish,69613,099f7ca257ea665d,tu_099f7ca257ea665d,negative,0.93,đặt 2 bánh cuốn chả quế với trứng cho có 1 suất
dish:ga-tan,gà tần,dish,69613,099f7ca257ea665d,tu_099f7ca257ea665d,negative,0.95,gà tần thì dai
food_descriptor:dai,dai,food_descriptor,69613,099f7ca257ea665d,tu_099f7ca257ea665d,negative,0.98,dai
problem:sai-thieu-mon,sai/thiếu món,problem,69613,099f7ca257ea665d,tu_099f7ca257ea665d,negative,0.99,sai/thiếu món
service_quality:service,service,service_quality,69613,099f7ca257ea665d,tu_099f7ca257ea665d,negative,0.84,service=-0.80
price_value:dang-dong-tien,đáng đồng tiền,price_value,69613,9ea474a1a0e1cee4,tu_9ea474a1a0e1cee4,positive,0.96,đáng đồng tiền
dish:banh-cuon,bánh cuốn,dish,69613,ea8a0b253ea205d3,tu_ea8a0b253ea205d3,negative,0.95,bánh cuốn không đạt
problem:khong-dat,không đạt,problem,69613,ea8a0b253ea205d3,tu_ea8a0b253ea205d3,negative,0.9,không đạt
dish:banh-cuon-nong,bánh cuốn nóng,dish,69613,9a35b3927a648427,tu_9a35b3927a648427,neutral,0.86,tên quán: bánh cuốn nóng gia truyền
food_descriptor:ngon,ngon,food_descriptor,69613,9a35b3927a648427,tu_9a35b3927a648427,positive,0.98,ngon
problem:qua-it,quá ít,problem,69613,cde14991730fe239,tu_cde14991730fe239,negative,0.95,quá ít
price_value:gia-ca,giá cả,price_value,14120,67559aa3112ab200,tu_67559aa3112ab200,neutral,0.84,đáng đồng tiền
price_value:dang-dong-tien,đáng đồng tiền,price_value,14120,67559aa3112ab200,tu_67559aa3112ab200,positive,0.96,đáng đồng tiền
dish:pho,phở,dish,14120,9ecc9a47456e4102,tu_9ecc9a47456e4102,neutral,0.74,phở
dish:com-ga-xoi-mam,cơm gà xối mắm,dish,14120,9ecc9a47456e4102,tu_9ecc9a47456e4102,neutral,0.74,cơm gà xối mắm
food_descriptor:ngon-xiu,ngon xỉu,food_descriptor,14120,9ecc9a47456e4102,tu_9ecc9a47456e4102,positive,0.95,ngon xỉu
price_value:dang-dong-tien,đáng đồng tiền,price_value,14120,9ecc9a47456e4102,tu_9ecc9a47456e4102,positive,0.97,đáng đồng tiền
space_quality:sach-se,sạch sẽ,space_quality,14120,9ecc9a47456e4102,tu_9ecc9a47456e4102,positive,0.88,sạch sẽ
delivery_packaging:dong-goi-tot,đóng gói tốt,delivery_packaging,14120,9ecc9a47456e4102,tu_9ecc9a47456e4102,positive,0.98,đóng gói tốt
dish:ga-chien,gà chiên,dish,14120,aa4385041d14cb1d,tu_aa4385041d14cb1d,negative,0.94,gà chiên
food_descriptor:do,đỏ,food_descriptor,14120,aa4385041d14cb1d,tu_aa4385041d14cb1d,negative,0.92,vẫn bị đỏ
delivery_packaging:dong-goi,đóng gói,delivery_packaging,14120,aa4385041d14cb1d,tu_aa4385041d14cb1d,negative,0.93,đóng gói
problem:tui-thung,túi thủng,problem,14120,aa4385041d14cb1d,tu_aa4385041d14cb1d,negative,0.97,túi thủng
problem:chay-het-ra,chảy hết ra,problem,14120,aa4385041d14cb1d,tu_aa4385041d14cb1d,negative,0.95,chảy hết ra
dish:pho,phở,dish,14120,4b11884cd63e838f,tu_4b11884cd63e838f,neutral,0.66,phở
dish:com-ga-xoi-mam,cơm gà xối mắm,dish,14120,4b11884cd63e838f,tu_4b11884cd63e838f,neutral,0.83,cơm gà xối mắm
delivery_packaging:giao-hang,giao hàng,delivery_packaging,14120,4b11884cd63e838f,tu_4b11884cd63e838f,negative,0.9,giao thiếu sốt
problem:thieu-sot,thiếu sốt,problem,14120,4b11884cd63e838f,tu_4b11884cd63e838f,negative,0.95,giao thiếu sốt
location_landmark:doi-can,đội cấn,location_landmark,14120,4b11884cd63e838f,tu_4b11884cd63e838f,neutral,0.68,đội cấn
food_descriptor:ngon-xiu,ngon xỉu,food_descriptor,2282,91c2470b50c3fd7f,tu_91c2470b50c3fd7f,positive,0.95,ngon xỉu
dish:pho-bo,phở bò,dish,2282,0ef5ee59f9b7fe94,tu_0ef5ee59f9b7fe94,neutral,0.55,phở bò cơm rang nhân hòa
dish:com-rang,cơm rang,dish,2282,0ef5ee59f9b7fe94,tu_0ef5ee59f9b7fe94,neutral,0.55,phở bò cơm rang nhân hòa
price_value:gia-ca,giá cả,price_value,2282,0ef5ee59f9b7fe94,tu_0ef5ee59f9b7fe94,positive,0.94,đáng đồng tiền
price_value:dang-dong-tien,đáng đồng tiền,price_value,2282,0ef5ee59f9b7fe94,tu_0ef5ee59f9b7fe94,positive,0.97,đáng đồng tiền
service_quality:service,service,service_quality,2282,1c2947421976e706,tu_1c2947421976e706,negative,0.93,"note không hành vẫn cố nhét hành vào, sai/thiếu món"
problem:co-hanh-du-note-khong-hanh,có hành dù note không hành,problem,2282,1c2947421976e706,tu_1c2947421976e706,negative,0.97,note không hành vẫn cố nhét hành vào
problem:sai-thieu-mon,sai/thiếu món,problem,2282,1c2947421976e706,tu_1c2947421976e706,negative,0.98,sai/thiếu món
dish:banh-cuon-nong,bánh cuốn nóng,dish,76776,effafa86aabee0dd,tu_effafa86aabee0dd,neutral,0.71,bánh cuốn nóng
dish:bun-cha,bún chả,dish,76776,effafa86aabee0dd,tu_effafa86aabee0dd,neutral,0.71,bún chả
dish:lon-coca,lon coca,dish,76776,effafa86aabee0dd,tu_effafa86aabee0dd,neutral,0.92,lon coca
problem:thieu-lon-coca,thiếu lon coca,problem,76776,effafa86aabee0dd,tu_effafa86aabee0dd,negative,0.98,thiếu lon coca
problem:sai-thieu-mon,sai/thiếu món,problem,76776,effafa86aabee0dd,tu_effafa86aabee0dd,negative,0.99,sai/thiếu món
dish:banh-cuon-nong,bánh cuốn nóng,dish,76776,7fb45d001809c9f1,tu_7fb45d001809c9f1,neutral,0.8,tên quán: bánh cuốn nóng & bún chả
dish:bun-cha,bún chả,dish,76776,7fb45d001809c9f1,tu_7fb45d001809c9f1,neutral,0.8,tên quán: bánh cuốn nóng & bún chả
food_descriptor:ngon-xiu,ngon xỉu,food_descriptor,76776,7fb45d001809c9f1,tu_7fb45d001809c9f1,positive,0.97,ngon xỉu
price_value:dang-dong-tien,đáng đồng tiền,price_value,76776,7fb45d001809c9f1,tu_7fb45d001809c9f1,positive,0.96,đáng đồng tiền
space_quality:sach-se,sạch sẽ,space_quality,76776,7fb45d001809c9f1,tu_7fb45d001809c9f1,positive,0.84,sạch sẽ
delivery_packaging:dong-goi-tot,đóng gói tốt,delivery_packaging,76776,7fb45d001809c9f1,tu_7fb45d001809c9f1,positive,0.95,đóng gói tốt
delivery_packaging:bat-nhua,bát nhựa,delivery_packaging,76776,772f7c0800cd85ec,tu_772f7c0800cd85ec,negative,0.82,bát nhựa
problem:dong-goi-chua-tot,đóng gói chưa tốt,problem,76776,772f7c0800cd85ec,tu_772f7c0800cd85ec,negative,0.97,đóng gói chưa tốt
delivery_packaging:hop-dung-mam,hộp đựng mắm,delivery_packaging,76776,911b23d0362863ea,tu_911b23d0362863ea,negative,0.96,k có hộp đựng mắm
dish:rau-song,rau sống,dish,76776,911b23d0362863ea,tu_911b23d0362863ea,negative,0.91,k có rau sống
problem:thieu-hop-dung-mam,thiếu hộp đựng mắm,problem,76776,911b23d0362863ea,tu_911b23d0362863ea,negative,0.95,k có hộp đựng mắm
problem:thieu-rau-song,thiếu rau sống,problem,76776,911b23d0362863ea,tu_911b23d0362863ea,negative,0.9,k có rau sống
dish:cha,chả,dish,76776,ab33d56f408132ad,tu_ab33d56f408132ad,neutral,0.86,5 cục chả
dish:banh-cuon,bánh cuốn,dish,102812,ba3e0535a7e09804,tu_ba3e0535a7e09804,neutral,0.71,tên quán: bánh cuốn bà hy
space_quality:sach-se,sạch sẽ,space_quality,102812,ba3e0535a7e09804,tu_ba3e0535a7e09804,positive,0.98,sạch sẽ
dish:banh-cuon,bánh cuốn,dish,102812,83813775663af8ad,tu_83813775663af8ad,positive,0.88,bánh cuốn
food_descriptor:ngon,ngon,food_descriptor,102812,83813775663af8ad,tu_83813775663af8ad,positive,0.93,khá ngon
dish:com-ga,cơm gà,dish,130643,46ff9af71716ad02,tu_46ff9af71716ad02,neutral,0.88,cơm gà
dish:ga-ran,gà rán,dish,130643,46ff9af71716ad02,tu_46ff9af71716ad02,neutral,0.88,gà rán
food_descriptor:ngon-xiu,ngon xỉu,food_descriptor,130643,46ff9af71716ad02,tu_46ff9af71716ad02,positive,0.94,ngon xỉu
price_value:dang-dong-tien,đáng đồng tiền,price_value,130643,46ff9af71716ad02,tu_46ff9af71716ad02,positive,0.97,đáng đồng tiền
space_quality:sach-se,sạch sẽ,space_quality,130643,46ff9af71716ad02,tu_46ff9af71716ad02,positive,0.83,sạch sẽ
delivery_packaging:dong-goi-tot,đóng gói tốt,delivery_packaging,130643,46ff9af71716ad02,tu_46ff9af71716ad02,positive,0.98,đóng gói tốt
problem:giao-thieu-mon,giao thiếu món,problem,8432,900ff3d026031335,tu_900ff3d026031335,negative,0.98,đặt 4 món mà giao 3 món
service_quality:lien-he-voi-shop-khong-duoc,liên hệ với shop không được,service_quality,8432,900ff3d026031335,tu_900ff3d026031335,negative,0.97,muốn liên hệ cho shop cũng không đc
problem:ship-khong-co-so-cua-quan,ship không có số của quán,problem,8432,900ff3d026031335,tu_900ff3d026031335,negative,0.95,ship cũng ko có số của quán để giải quyết
food_descriptor:ngon,ngon,food_descriptor,8432,b6be7747b22ec98d,tu_b6be7747b22ec98d,positive,0.97,ngon xỉu
price_value:dang-dong-tien,đáng đồng tiền,price_value,8432,b6be7747b22ec98d,tu_b6be7747b22ec98d,positive,0.98,đáng đồng tiền
space_quality:sach-se,sạch sẽ,space_quality,8432,b6be7747b22ec98d,tu_b6be7747b22ec98d,positive,0.86,sạch sẽ
delivery_packaging:dong-goi-tot,đóng gói tốt,delivery_packaging,8432,b6be7747b22ec98d,tu_b6be7747b22ec98d,positive,0.98,đóng gói tốt
dish:thit-rang-chay-canh,thịt rang cháy cạnh,dish,102294,a96512072ba211e8,tu_a96512072ba211e8,neutral,0.96,đặt thịt rang cháy cạnh
dish:thit-kho,thịt kho,dish,102294,a96512072ba211e8,tu_a96512072ba211e8,negative,0.94,đưa tôi thịt kho
problem:giao-sai-mon,giao sai món,problem,102294,a96512072ba211e8,tu_a96512072ba211e8,negative,0.91,đặt thịt rang cháy cạnh... đưa tôi thịt kho
dish:com-pho,cơm phở,dish,15897,fa8a4d949b2c05fa,tu_fa8a4d949b2c05fa,neutral,0.58,cơm phở
food_descriptor:ngon-xiu,ngon xỉu,food_descriptor,15897,fa8a4d949b2c05fa,tu_fa8a4d949b2c05fa,positive,0.92,ngon xỉu
price_value:dang-dong-tien,đáng đồng tiền,price_value,15897,fa8a4d949b2c05fa,tu_fa8a4d949b2c05fa,positive,0.96,đáng đồng tiền
delivery_packaging:dong-goi-tot,đóng gói tốt,delivery_packaging,15897,fa8a4d949b2c05fa,tu_fa8a4d949b2c05fa,positive,0.97,đóng gói tốt
space_quality:sach-se,sạch sẽ,space_quality,15897,fa8a4d949b2c05fa,tu_fa8a4d949b2c05fa,positive,0.77,sạch sẽ
dish:com-ga,cơm gà,dish,130509,d8964f2eb4603782,tu_d8964f2eb4603782,positive,0.77,cơm gà
dish:ga-ran,gà rán,dish,130509,d8964f2eb4603782,tu_d8964f2eb4603782,positive,0.77,gà rán
food_descriptor:ngon,ngon,food_descriptor,130509,d8964f2eb4603782,tu_d8964f2eb4603782,positive,0.95,ngon xỉu
delivery_packaging:dong-goi-tot,đóng gói tốt,delivery_packaging,130509,d8964f2eb4603782,tu_d8964f2eb4603782,positive,0.97,đóng gói tốt
price_value:dang-dong-tien,đáng đồng tiền,price_value,130509,d8964f2eb4603782,tu_d8964f2eb4603782,positive,0.96,đáng đồng tiền
space_quality:sach-se,sạch sẽ,space_quality,130509,d8964f2eb4603782,tu_d8964f2eb4603782,positive,0.78,sạch sẽ
dish:bun-cha,bún chả,dish,17700,98ee63663e98aa54,tu_98ee63663e98aa54,positive,0.72,bún chả xưa
food_descriptor:ngon,ngon,food_descriptor,17700,98ee63663e98aa54,tu_98ee63663e98aa54,positive,0.95,ngon
price_value:dang-dong-tien,đáng đồng tiền,price_value,17700,98ee63663e98aa54,tu_98ee63663e98aa54,positive,0.98,đáng đồng tiền
food_descriptor:ngon,ngon,food_descriptor,17700,d574330250ce6b6d,tu_d574330250ce6b6d,positive,0.88,khá ngon
dish:thit-nuong,thịt nướng,dish,17700,92ec1861a815aabb,tu_92ec1861a815aabb,neutral,0.87,đặt thêm thịt nướng
problem:sai-thieu-mon,sai/thiếu món,problem,17700,92ec1861a815aabb,tu_92ec1861a815aabb,negative,0.98,sai/thiếu món
problem:khong-hop-khau-vi,không hợp khẩu vị,problem,17700,3bc572a8245e2bfa,tu_3bc572a8245e2bfa,negative,0.97,không hợp khẩu vị
dish:rau,rau,dish,17700,47109f789717089b,tu_47109f789717089b,negative,0.91,rau thối
dish:cha,chả,dish,17700,47109f789717089b,tu_47109f789717089b,negative,0.86,thiếu chả
food_descriptor:thoi,thối,food_descriptor,17700,47109f789717089b,tu_47109f789717089b,negative,0.95,rau thối
problem:sai-thieu-mon,sai/thiếu món,problem,17700,47109f789717089b,tu_47109f789717089b,negative,0.98,sai/thiếu món
problem:giao-thieu-cha,giao thiếu chả,problem,17700,47109f789717089b,tu_47109f789717089b,negative,0.9,giao còn thiếu chả
problem:dau-bung-ia-chay,đau bụng ỉa chảy,problem,17700,ed68889f9cb98025,tu_ed68889f9cb98025,negative,0.99,bị đau bụng ỉa chảy
problem:khong-dam-bao-ve-sinh,không đảm bảo vệ sinh,problem,17700,ed68889f9cb98025,tu_ed68889f9cb98025,negative,0.99,không đảm bảo vệ sinh
dish:bun,bún,dish,17700,e7151638e10b8a47,tu_e7151638e10b8a47,negative,0.97,bún bị chua
food_descriptor:chua,chua,food_descriptor,17700,e7151638e10b8a47,tu_e7151638e10b8a47,negative,0.99,bún bị chua
problem:dinh-mau-do,dính màu đỏ,problem,17700,e7151638e10b8a47,tu_e7151638e10b8a47,negative,0.92,bún dính màu đỏ như hình
dish:bun-cha,bún chả,dish,17700,a2a2d0d8e87867b5,tu_a2a2d0d8e87867b5,neutral,0.79,bún chả
dish:thit-vien,thịt viên,dish,17700,a2a2d0d8e87867b5,tu_a2a2d0d8e87867b5,neutral,0.68,thịt viên
problem:khong-phan-biet-duoc-bun-cha-thit-vien,không phân biệt được bún chả thịt viên,problem,17700,a2a2d0d8e87867b5,tu_a2a2d0d8e87867b5,negative,0.92,k phân biệt được bún chả thịt viên
dish:thit,thịt,dish,17700,7858f1c21124259a,tu_7858f1c21124259a,negative,0.79,thịt hơi có mùi
food_descriptor:co-mui,có mùi,food_descriptor,17700,7858f1c21124259a,tu_7858f1c21124259a,negative,0.9,có mùi
dish:thit,thịt,dish,17700,b7fcd8e5f847dd90,tu_b7fcd8e5f847dd90,negative,0.94,thịt siêu mỡ
food_descriptor:sieu-mo,siêu mỡ,food_descriptor,17700,b7fcd8e5f847dd90,tu_b7fcd8e5f847dd90,negative,0.98,siêu mỡ
delivery_packaging:dong-goi,đóng gói,delivery_packaging,98870,096e9f0f6a50790a,tu_096e9f0f6a50790a,positive,0.97,đóng gói tốt
price_value:gia-tri-so-voi-gia-tien,giá trị so với giá tiền,price_value,98870,096e9f0f6a50790a,tu_096e9f0f6a50790a,positive,0.95,đáng đồng tiền
dish:pho-bo,phở bò,dish,98870,8049448448e5ee67,tu_8049448448e5ee67,neutral,0.91,phở bò
dish:com-rang,cơm rang,dish,98870,8049448448e5ee67,tu_8049448448e5ee67,neutral,0.91,cơm rang
food_descriptor:ngon,ngon,food_descriptor,98870,8049448448e5ee67,tu_8049448448e5ee67,positive,0.96,ngon xỉu
price_value:dang-dong-tien,đáng đồng tiền,price_value,98870,8049448448e5ee67,tu_8049448448e5ee67,positive,0.97,đáng đồng tiền
space_quality:sach-se,sạch sẽ,space_quality,98870,8049448448e5ee67,tu_8049448448e5ee67,positive,0.9,sạch sẽ
delivery_packaging:dong-goi-tot,đóng gói tốt,delivery_packaging,98870,8049448448e5ee67,tu_8049448448e5ee67,positive,0.98,đóng gói tốt
space_quality:sach-se,sạch sẽ,space_quality,98870,16fdbe53407df7b0,tu_16fdbe53407df7b0,positive,0.93,sạch sẽ
delivery_packaging:dong-goi-tot,đóng gói tốt,delivery_packaging,98870,16fdbe53407df7b0,tu_16fdbe53407df7b0,positive,0.97,đóng gói tốt
delivery_packaging:dong-goi,đóng gói,delivery_packaging,98870,aee99f8ac6e78bab,tu_aee99f8ac6e78bab,positive,0.97,đóng gói tốt
space_quality:sach-se,sạch sẽ,space_quality,98870,aee99f8ac6e78bab,tu_aee99f8ac6e78bab,positive,0.8,sạch sẽ
dish:pho-bo,phở bò,dish,98870,e0855c48a9bd6577,tu_e0855c48a9bd6577,neutral,0.95,phở bò
dish:com-rang,cơm rang,dish,98870,e0855c48a9bd6577,tu_e0855c48a9bd6577,neutral,0.95,cơm rang
food_descriptor:ngon,ngon,food_descriptor,98870,e0855c48a9bd6577,tu_e0855c48a9bd6577,positive,0.97,ngon xỉu
delivery_packaging:dong-goi,đóng gói,delivery_packaging,98870,84d3f49eb6225bd3,tu_84d3f49eb6225bd3,positive,0.96,đóng gói đẹp
dish:mon-an,món ăn,dish,98870,84d3f49eb6225bd3,tu_84d3f49eb6225bd3,negative,0.8,"ăn như đấm vào mồm vậy, nhạt toẹt"
food_descriptor:nhat-toet,nhạt toẹt,food_descriptor,98870,84d3f49eb6225bd3,tu_84d3f49eb6225bd3,negative,0.98,nhạt toẹt
problem:an-nhu-dam-vao-mom,ăn như đấm vào mồm,problem,98870,84d3f49eb6225bd3,tu_84d3f49eb6225bd3,negative,0.9,ăn như đấm vào mồm vậy
dish:com-ga,cơm gà,dish,55835,761c58de755a634d,tu_761c58de755a634d,neutral,0.61,tiệm cơm gà
food_descriptor:ngon,ngon,food_descriptor,55835,761c58de755a634d,tu_761c58de755a634d,positive,0.93,khá ngon
dish:com-trang,cơm trắng,dish,55835,91bb22aa1962a164,tu_91bb22aa1962a164,negative,0.91,cơm là cơm trắng
dish:nuoc-sot,nước sốt,dish,55835,91bb22aa1962a164,tu_91bb22aa1962a164,neutral,0.72,thiếu nước sốt
problem:thieu-nuoc-sot,thiếu nước sốt,problem,55835,91bb22aa1962a164,tu_91bb22aa1962a164,negative,0.97,thiếu nước sốt
problem:sai-thieu-mon,sai/thiếu món,problem,55835,91bb22aa1962a164,tu_91bb22aa1962a164,negative,0.99,sai/thiếu món
dish:com,cơm,dish,55835,486348330a0d0b79,tu_486348330a0d0b79,negative,0.95,cơm cháy vàng ăn bị cứng
dish:ga-nuong,gà nướng,dish,55835,486348330a0d0b79,tu_486348330a0d0b79,negative,0.98,gà nướng bị cháy đen 1 mảng ăn rất đắng
dish:nuong-mat-ong,nướng mật ong,dish,55835,486348330a0d0b79,tu_486348330a0d0b79,negative,0.73,nướng mật ong có thể cháy nhẹ
food_descriptor:cung,cứng,food_descriptor,55835,486348330a0d0b79,tu_486348330a0d0b79,negative,0.96,ăn bị cứng
food_descriptor:dang,đắng,food_descriptor,55835,486348330a0d0b79,tu_486348330a0d0b79,negative,0.97,ăn rất đắng
food_descriptor:chay-vang,cháy vàng,food_descriptor,55835,486348330a0d0b79,tu_486348330a0d0b79,negative,0.85,cơm cháy vàng
food_descriptor:chay-den-1-mang,cháy đen 1 mảng,food_descriptor,55835,486348330a0d0b79,tu_486348330a0d0b79,negative,0.98,cháy đen 1 mảng
problem:cuoi-ngay-ship,cuối ngày ship,problem,55835,486348330a0d0b79,tu_486348330a0d0b79,negative,0.66,hình như cuối ngày ship cho mình
problem:that-vong,thất vọng,problem,55835,486348330a0d0b79,tu_486348330a0d0b79,negative,0.9,rất thất vọng từ cơm đến gà
price_value:gia-tien,giá tiền,price_value,55835,77c539c7cd8b72fc,tu_77c539c7cd8b72fc,negative,0.97,giá tiền bỏ ra
problem:khong-dang,không đáng,problem,55835,77c539c7cd8b72fc,tu_77c539c7cd8b72fc,negative,0.92,không đáng với giá tiền bỏ ra
dish:dui-ga,đùi gà,dish,55835,bb2b308efa0f3d6c,tu_bb2b308efa0f3d6c,negative,0.98,đùi gà
problem:con-song,còn sống,problem,55835,bb2b308efa0f3d6c,tu_bb2b308efa0f3d6c,negative,0.99,còn sống
dish:nuoc-canh,nước canh,dish,55835,4d89347e5e937587,tu_4d89347e5e937587,negative,0.88,nước canh
dish:nuoc-cham,nước chấm,dish,55835,4d89347e5e937587,tu_4d89347e5e937587,negative,0.9,nước chấm
problem:khong-co,không có,problem,55835,4d89347e5e937587,tu_4d89347e5e937587,negative,0.95,không có
space_quality:sach-se,sạch sẽ,space_quality,88436,b72ffe17a2e11a43,tu_b72ffe17a2e11a43,positive,0.89,sạch sẽ
price_value:dang-dong-tien,đáng đồng tiền,price_value,88436,b72ffe17a2e11a43,tu_b72ffe17a2e11a43,positive,0.96,đáng đồng tiền
delivery_packaging:dong-goi-tot,đóng gói tốt,delivery_packaging,88436,b72ffe17a2e11a43,tu_b72ffe17a2e11a43,positive,0.97,đóng gói tốt
food_descriptor:ngon-xiu,ngon xỉu,food_descriptor,88436,b72ffe17a2e11a43,tu_b72ffe17a2e11a43,positive,0.94,ngon xỉu
food_descriptor:ngon-xiu,ngon xỉu,food_descriptor,88436,34a773c84cf66e72,tu_34a773c84cf66e72,positive,0.95,ngon xỉu
delivery_packaging:dong-goi-tot,đóng gói tốt,delivery_packaging,88436,34a773c84cf66e72,tu_34a773c84cf66e72,positive,0.97,đóng gói tốt
price_value:dang-dong-tien,đáng đồng tiền,price_value,88436,34a773c84cf66e72,tu_34a773c84cf66e72,positive,0.96,đáng đồng tiền
space_quality:sach-se,sạch sẽ,space_quality,88436,34a773c84cf66e72,tu_34a773c84cf66e72,positive,0.88,sạch sẽ
food_descriptor:ngon-xiu,ngon xỉu,food_descriptor,88436,97276e125c57cdf8,tu_97276e125c57cdf8,positive,0.94,ngon xỉu
price_value:worth-the-price,worth the price,price_value,88436,6e0e9b6c5c95ec7b,tu_6e0e9b6c5c95ec7b,positive,0.97,worth the price
food_descriptor:delicious,delicious,food_descriptor,88436,6e0e9b6c5c95ec7b,tu_6e0e9b6c5c95ec7b,positive,0.95,delicious
space_quality:clean,clean,space_quality,88436,6e0e9b6c5c95ec7b,tu_6e0e9b6c5c95ec7b,positive,0.87,clean
delivery_packaging:good-packaging,good packaging,delivery_packaging,88436,6e0e9b6c5c95ec7b,tu_6e0e9b6c5c95ec7b,positive,0.96,good packaging
food_descriptor:ngon,ngon,food_descriptor,69293,0970170911b6d95e,tu_0970170911b6d95e,positive,0.95,ngon xỉu
price_value:gia,giá,price_value,69293,ed59a7b8319aced8,tu_ed59a7b8319aced8,negative,0.96,giá hơi đắt
problem:dat,đắt,problem,69293,ed59a7b8319aced8,tu_ed59a7b8319aced8,negative,0.91,hơi đắt
delivery_packaging:packaging,packaging,delivery_packaging,69293,c6e70127478be47a,tu_c6e70127478be47a,negative,0.79,packaging=-1.00
problem:sai-thieu-mon,sai/thiếu món,problem,69293,c6e70127478be47a,tu_c6e70127478be47a,negative,0.97,sai/thiếu món
dish:pho,phở,dish,69293,9ba5d6a60f859020,tu_9ba5d6a60f859020,negative,0.94,ăn phở kiểu gì luôn
dish:nuoc-canh,nước canh,dish,69293,9ba5d6a60f859020,tu_9ba5d6a60f859020,negative,0.86,cho mỗi nc canh
problem:sai-thieu-mon,sai/thiếu món,problem,69293,9ba5d6a60f859020,tu_9ba5d6a60f859020,negative,0.98,sai/thiếu món
delivery_packaging:de-rieng-nuoc-dung,để riêng nước dùng,delivery_packaging,69293,41e3d7388ca3414f,tu_41e3d7388ca3414f,negative,0.94,nước dùng để riêng
problem:khong-lam-theo-ghi-chu,không làm theo ghi chú,problem,69293,41e3d7388ca3414f,tu_41e3d7388ca3414f,negative,0.96,đã note rõ ... vẫn cho vào
problem:khong-ngon,không ngon,problem,69293,58e382f425fbb4cd,tu_58e382f425fbb4cd,negative,0.95,k ngon
dish:com-ga-xoi-mam,cơm gà xối mắm,dish,10307,9e19a55c838d72de,tu_9e19a55c838d72de,positive,0.71,tên quán: cơm gà xối mắm
food_descriptor:ngon-xiu,ngon xỉu,food_descriptor,10307,9e19a55c838d72de,tu_9e19a55c838d72de,positive,0.92,ngon xỉu
price_value:dang-dong-tien,đáng đồng tiền,price_value,10307,9e19a55c838d72de,tu_9e19a55c838d72de,positive,0.95,đáng đồng tiền
delivery_packaging:dong-goi-tot,đóng gói tốt,delivery_packaging,10307,9e19a55c838d72de,tu_9e19a55c838d72de,positive,0.96,đóng gói tốt
space_quality:sach-se,sạch sẽ,space_quality,10307,9e19a55c838d72de,tu_9e19a55c838d72de,positive,0.78,sạch sẽ
dish:com-ga-xoi-mam,cơm gà xối mắm,dish,10307,7ace4ad0db01bcdf,tu_7ace4ad0db01bcdf,positive,0.7,tên quán: cơm gà xối mắm còn
food_descriptor:ngon-xiu,ngon xỉu,food_descriptor,10307,7ace4ad0db01bcdf,tu_7ace4ad0db01bcdf,positive,0.95,ngon xỉu
delivery_packaging:dong-goi-tot,đóng gói tốt,delivery_packaging,10307,7ace4ad0db01bcdf,tu_7ace4ad0db01bcdf,positive,0.97,đóng gói tốt
space_quality:sach-se,sạch sẽ,space_quality,10307,7ace4ad0db01bcdf,tu_7ace4ad0db01bcdf,positive,0.9,sạch sẽ
price_value:dang-dong-tien,đáng đồng tiền,price_value,10307,7ace4ad0db01bcdf,tu_7ace4ad0db01bcdf,positive,0.95,đáng đồng tiền
dish:com-ga-xoi-mam,cơm gà xối mắm,dish,10307,6f5e6fa7bf450151,tu_6f5e6fa7bf450151,positive,0.78,tên quán: cơm gà xối mắm còn
food_descriptor:ngon,ngon,food_descriptor,10307,6f5e6fa7bf450151,tu_6f5e6fa7bf450151,positive,0.96,ngon xỉu
space_quality:sach-se,sạch sẽ,space_quality,10307,6f5e6fa7bf450151,tu_6f5e6fa7bf450151,positive,0.9,sạch sẽ
delivery_packaging:dong-goi-tot,đóng gói tốt,delivery_packaging,10307,6f5e6fa7bf450151,tu_6f5e6fa7bf450151,positive,0.94,đóng gói tốt
price_value:dang-dong-tien,đáng đồng tiền,price_value,10307,6f5e6fa7bf450151,tu_6f5e6fa7bf450151,positive,0.95,đáng đồng tiền
price_value:dang-dong-tien,đáng đồng tiền,price_value,10307,c1a57bf1808057c1,tu_c1a57bf1808057c1,positive,0.96,đáng đồng tiền
dish:com-ga-xoi-mam,cơm gà xối mắm,dish,10307,a02114798e96e7c4,tu_a02114798e96e7c4,neutral,0.73,tên quán: cơm gà xối mắm còn
problem:khong-hop-khau-vi,không hợp khẩu vị,problem,10307,a02114798e96e7c4,tu_a02114798e96e7c4,negative,0.95,không hợp khẩu vị
problem:khong-an-duoc,không ăn được,problem,10307,8fdb75f417275a48,tu_8fdb75f417275a48,negative,0.95,ko ăn được
dish:bun-cha,bún chả,dish,49400,917fefcabca8aa10,tu_917fefcabca8aa10,neutral,0.78,bún chả
dish:banh-cuon-nong,bánh cuốn nóng,dish,49400,917fefcabca8aa10,tu_917fefcabca8aa10,neutral,0.78,bánh cuốn nóng
price_value:dang-dong-tien,đáng đồng tiền,price_value,49400,917fefcabca8aa10,tu_917fefcabca8aa10,positive,0.96,đáng đồng tiền
delivery_packaging:dong-goi-tot,đóng gói tốt,delivery_packaging,49400,917fefcabca8aa10,tu_917fefcabca8aa10,positive,0.97,đóng gói tốt
space_quality:sach-se,sạch sẽ,space_quality,49400,917fefcabca8aa10,tu_917fefcabca8aa10,positive,0.84,sạch sẽ
food_descriptor:ngon-xiu,ngon xỉu,food_descriptor,49400,917fefcabca8aa10,tu_917fefcabca8aa10,positive,0.95,ngon xỉu
dish:do-uong,đồ uống,dish,88782,8fa979394c7e0749,tu_8fa979394c7e0749,negative,0.89,đặt có đồ uống mà đơn thì không có đồ uống
dish:mon,món,dish,88782,8fa979394c7e0749,tu_8fa979394c7e0749,negative,0.74,sai/thiếu món
problem:khong-co-do-uong,không có đồ uống,problem,88782,8fa979394c7e0749,tu_8fa979394c7e0749,negative,0.95,đơn thì không có đồ uống
problem:sai-thieu-mon,sai/thiếu món,problem,88782,8fa979394c7e0749,tu_8fa979394c7e0749,negative,0.98,sai/thiếu món
service_quality:shop-cho-them-sot,shop cho thêm sốt,service_quality,88782,b06905bf3e41829e,tu_b06905bf3e41829e,negative,0.74,ko thấy shop cho thêm
problem:khong-thay-shop-cho-them-sot,không thấy shop cho thêm sốt,problem,88782,b06905bf3e41829e,tu_b06905bf3e41829e,negative,0.95,note thêm sốt mà ko thấy shop cho thêm
dish:bun-cha,bún chả,dish,61570,b60b6f3454c67a2b,tu_b60b6f3454c67a2b,positive,0.56,bún chả quý anh
food_descriptor:ngon,ngon,food_descriptor,61570,b60b6f3454c67a2b,tu_b60b6f3454c67a2b,positive,0.97,ngon xỉu
dish:cha,chả,dish,61570,1ed00c792401d9d3,tu_1ed00c792401d9d3,positive,0.91,chả quán này peak thực sự
food_descriptor:ngon,ngon,food_descriptor,61570,1ed00c792401d9d3,tu_1ed00c792401d9d3,positive,0.96,"ngonnn!, ngon xỉu"
price_value:dang-dong-tien,đáng đồng tiền,price_value,61570,1ed00c792401d9d3,tu_1ed00c792401d9d3,positive,0.94,đáng đồng tiền
delivery_packaging:dong-goi,đóng gói,delivery_packaging,61570,96cecfba41e18a5c,tu_96cecfba41e18a5c,negative,0.82,packaging=-1.00
problem:sai-thieu-mon,sai/thiếu món,problem,61570,96cecfba41e18a5c,tu_96cecfba41e18a5c,negative,0.98,sai/thiếu món
dish:nem,nem,dish,61570,ff0d13b206bbfea6,tu_ff0d13b206bbfea6,negative,0.94,nem cháy
food_descriptor:chay,cháy,food_descriptor,61570,ff0d13b206bbfea6,tu_ff0d13b206bbfea6,negative,0.97,cháy nửa cái
dish:my-quang,mỳ quảng,dish,123151,83e919a453278642,tu_83e919a453278642,neutral,0.61,mỳ quảng
dish:com-ga-roti,cơm gà roti,dish,123151,83e919a453278642,tu_83e919a453278642,neutral,0.61,cơm gà roti
food_descriptor:day-dan,đầy đặn,food_descriptor,123151,83e919a453278642,tu_83e919a453278642,positive,0.88,đồ shop đầy đặn
delivery_packaging:dong-goi-sach-se,đóng gói sạch sẽ,delivery_packaging,123151,83e919a453278642,tu_83e919a453278642,positive,0.96,đóng gói sạch sẽ
service_quality:chuan-bi-do-nhanh,chuẩn bị đồ nhanh,service_quality,123151,83e919a453278642,tu_83e919a453278642,positive,0.95,cbi đồ nhanh lắm
food_descriptor:ngon-xiu,ngon xỉu,food_descriptor,123151,83e919a453278642,tu_83e919a453278642,positive,0.93,ngon xỉu
price_value:dang-dong-tien,đáng đồng tiền,price_value,123151,83e919a453278642,tu_83e919a453278642,positive,0.94,đáng đồng tiền
service_quality:sach-se,sạch sẽ,service_quality,123151,83e919a453278642,tu_83e919a453278642,positive,0.78,sạch sẽ
dish:my-quang,mỳ quảng,dish,123151,7ad0df8f1a959d64,tu_7ad0df8f1a959d64,positive,0.79,mỳ quảng
dish:com-ga-roti,cơm gà roti,dish,123151,7ad0df8f1a959d64,tu_7ad0df8f1a959d64,positive,0.79,cơm gà roti
food_descriptor:ngon-xiu,ngon xỉu,food_descriptor,123151,7ad0df8f1a959d64,tu_7ad0df8f1a959d64,positive,0.95,ngon xỉu
price_value:dang-dong-tien,đáng đồng tiền,price_value,123151,7ad0df8f1a959d64,tu_7ad0df8f1a959d64,positive,0.96,đáng đồng tiền
space_quality:sach-se,sạch sẽ,space_quality,123151,7ad0df8f1a959d64,tu_7ad0df8f1a959d64,positive,0.88,sạch sẽ
dish:my-quang,mỳ quảng,dish,123151,7acc12499c232ce0,tu_7acc12499c232ce0,neutral,0.77,mỳ quảng
dish:com-ga-roti,cơm gà roti,dish,123151,7acc12499c232ce0,tu_7acc12499c232ce0,neutral,0.77,cơm gà roti
food_descriptor:delicious,delicious,food_descriptor,123151,7acc12499c232ce0,tu_7acc12499c232ce0,positive,0.96,delicious
delivery_packaging:good-packaging,good packaging,delivery_packaging,123151,7acc12499c232ce0,tu_7acc12499c232ce0,positive,0.97,good packaging
space_quality:clean,clean,space_quality,123151,7acc12499c232ce0,tu_7acc12499c232ce0,positive,0.6,clean
dish:my-quang,mỳ quảng,dish,123151,247cd476dd2274d3,tu_247cd476dd2274d3,positive,0.84,mỳ quảng
dish:com-ga-roti,cơm gà roti,dish,123151,247cd476dd2274d3,tu_247cd476dd2274d3,positive,0.84,cơm gà roti
food_descriptor:delicious,delicious,food_descriptor,123151,247cd476dd2274d3,tu_247cd476dd2274d3,positive,0.95,delicious
price_value:worth-the-price,worth the price,price_value,123151,247cd476dd2274d3,tu_247cd476dd2274d3,positive,0.97,worth the price
space_quality:clean,clean,space_quality,123151,247cd476dd2274d3,tu_247cd476dd2274d3,positive,0.88,clean
delivery_packaging:good-packaging,good packaging,delivery_packaging,123151,247cd476dd2274d3,tu_247cd476dd2274d3,positive,0.96,good packaging
dish:my-quang,mỳ quảng,dish,123151,a7ffb5e10e0ab1de,tu_a7ffb5e10e0ab1de,neutral,0.85,mỳ quảng
dish:com-ga-roti,cơm gà roti,dish,123151,a7ffb5e10e0ab1de,tu_a7ffb5e10e0ab1de,neutral,0.85,cơm gà roti
food_descriptor:ngon-xiu,ngon xỉu,food_descriptor,123151,a7ffb5e10e0ab1de,tu_a7ffb5e10e0ab1de,positive,0.92,ngon xỉu
price_value:dang-dong-tien,đáng đồng tiền,price_value,123151,a7ffb5e10e0ab1de,tu_a7ffb5e10e0ab1de,positive,0.95,đáng đồng tiền
delivery_packaging:dong-goi-tot,đóng gói tốt,delivery_packaging,123151,a7ffb5e10e0ab1de,tu_a7ffb5e10e0ab1de,positive,0.96,đóng gói tốt
space_quality:sach-se,sạch sẽ,space_quality,123151,a7ffb5e10e0ab1de,tu_a7ffb5e10e0ab1de,positive,0.72,sạch sẽ
dish:my-quang,mỳ quảng,dish,123151,8e5b706bd4b0b9e0,tu_8e5b706bd4b0b9e0,neutral,0.7,mỳ quảng
dish:com-ga-roti,cơm gà roti,dish,123151,8e5b706bd4b0b9e0,tu_8e5b706bd4b0b9e0,neutral,0.7,cơm gà roti
food_descriptor:ngon-xiu,ngon xỉu,food_descriptor,123151,8e5b706bd4b0b9e0,tu_8e5b706bd4b0b9e0,positive,0.95,ngon xỉu
price_value:dang-dong-tien,đáng đồng tiền,price_value,123151,8e5b706bd4b0b9e0,tu_8e5b706bd4b0b9e0,positive,0.98,đáng đồng tiền
space_quality:sach-se,sạch sẽ,space_quality,123151,8e5b706bd4b0b9e0,tu_8e5b706bd4b0b9e0,positive,0.88,sạch sẽ
delivery_packaging:dong-goi-tot,đóng gói tốt,delivery_packaging,123151,8e5b706bd4b0b9e0,tu_8e5b706bd4b0b9e0,positive,0.96,đóng gói tốt
dish:my-quang,mỳ quảng,dish,123151,60b50c9766aedd34,tu_60b50c9766aedd34,positive,0.89,mỳ quảng
dish:com-ga-roti,cơm gà roti,dish,123151,60b50c9766aedd34,tu_60b50c9766aedd34,positive,0.89,cơm gà roti
food_descriptor:ngon,ngon,food_descriptor,123151,60b50c9766aedd34,tu_60b50c9766aedd34,positive,0.96,đồ ăn ngon ạ
service_quality:chu-dap,chu đáp,service_quality,123151,60b50c9766aedd34,tu_60b50c9766aedd34,positive,0.76,chu đáp luôn ạ
delivery_packaging:dong-goi-tot,đóng gói tốt,delivery_packaging,123151,60b50c9766aedd34,tu_60b50c9766aedd34,positive,0.95,đóng gói tốt
price_value:dang-dong-tien,đáng đồng tiền,price_value,123151,60b50c9766aedd34,tu_60b50c9766aedd34,positive,0.95,đáng đồng tiền
space_quality:sach-se,sạch sẽ,space_quality,123151,60b50c9766aedd34,tu_60b50c9766aedd34,positive,0.82,sạch sẽ
dish:my-quang,mỳ quảng,dish,123151,18b68499c55941a8,tu_18b68499c55941a8,positive,0.72,mỳ quảng
dish:com-ga-roti,cơm gà roti,dish,123151,18b68499c55941a8,tu_18b68499c55941a8,positive,0.72,cơm gà roti
food_descriptor:ngon,ngon,food_descriptor,123151,18b68499c55941a8,tu_18b68499c55941a8,positive,0.86,khá ngon
problem:khong-hop-khau-vi,không hợp khẩu vị,problem,123151,a1c72c455533abe9,tu_a1c72c455533abe9,negative,0.97,không hợp khẩu vị
dish:do-an,đồ ăn,dish,123151,0bd0eb3deb677e20,tu_0bd0eb3deb677e20,positive,0.92,đồ ăn ngon lắm
dish:com,cơm,dish,123151,0bd0eb3deb677e20,tu_0bd0eb3deb677e20,positive,0.9,cơm hay mỳ đều ngon
dish:my,mỳ,dish,123151,0bd0eb3deb677e20,tu_0bd0eb3deb677e20,positive,0.9,cơm hay mỳ đều ngon
food_descriptor:ngon,ngon,food_descriptor,123151,0bd0eb3deb677e20,tu_0bd0eb3deb677e20,positive,0.97,ngon lắm / đều ngon
problem:khong-dam-bao-ve-sinh,không đảm bảo vệ sinh,problem,89400,b30f5340d84913e6,tu_b30f5340d84913e6,negative,0.98,không đảm bảo vệ sinh
dish:bun-ngan-moc,bún ngan mọc,dish,89400,3759bae0445fc67f,tu_3759bae0445fc67f,neutral,0.95,bún ngan mọc
dish:banh-gio-nong,bánh giò nóng,dish,89400,3759bae0445fc67f,tu_3759bae0445fc67f,neutral,0.95,bánh giò nóng
dish:trung-vit-lon,trứng vịt lộn,dish,89400,3759bae0445fc67f,tu_3759bae0445fc67f,neutral,0.95,trứng vịt lộn
food_descriptor:ngon-xiu,ngon xỉu,food_descriptor,89400,3759bae0445fc67f,tu_3759bae0445fc67f,positive,0.94,ngon xỉu
delivery_packaging:dong-goi-tot,đóng gói tốt,delivery_packaging,89400,3759bae0445fc67f,tu_3759bae0445fc67f,positive,0.97,đóng gói tốt
price_value:dang-dong-tien,đáng đồng tiền,price_value,89400,3759bae0445fc67f,tu_3759bae0445fc67f,positive,0.96,đáng đồng tiền
space_quality:sach-se,sạch sẽ,space_quality,89400,3759bae0445fc67f,tu_3759bae0445fc67f,positive,0.86,sạch sẽ
dish:bun-cha,bún chả,dish,89400,224ea7b7f54b3e5c,tu_224ea7b7f54b3e5c,neutral,0.94,bún chả linh anh
dish:bun-ngan-moc,bún ngan mọc,dish,89400,224ea7b7f54b3e5c,tu_224ea7b7f54b3e5c,neutral,0.98,bún ngan mọc
dish:banh-gio-nong,bánh giò nóng,dish,89400,224ea7b7f54b3e5c,tu_224ea7b7f54b3e5c,neutral,0.98,bánh giò nóng
dish:trung-vit-lon,trứng vịt lộn,dish,89400,224ea7b7f54b3e5c,tu_224ea7b7f54b3e5c,neutral,0.98,trứng vịt lộn
delivery_packaging:dong-goi-tot,đóng gói tốt,delivery_packaging,89400,224ea7b7f54b3e5c,tu_224ea7b7f54b3e5c,positive,0.99,đóng gói tốt
space_quality:sach-se,sạch sẽ,space_quality,89400,224ea7b7f54b3e5c,tu_224ea7b7f54b3e5c,positive,0.84,sạch sẽ
food_descriptor:ngon-xiu,ngon xỉu,food_descriptor,89400,224ea7b7f54b3e5c,tu_224ea7b7f54b3e5c,positive,0.93,ngon xỉu
dish:bun-ngan-moc,bún ngan mọc,dish,89400,1950bf6f35e1fe9f,tu_1950bf6f35e1fe9f,positive,0.7,bún ngan mọc
dish:banh-gio-nong,bánh giò nóng,dish,89400,1950bf6f35e1fe9f,tu_1950bf6f35e1fe9f,positive,0.7,bánh giò nóng
dish:trung-vit-lon,trứng vịt lộn,dish,89400,1950bf6f35e1fe9f,tu_1950bf6f35e1fe9f,positive,0.7,trứng vịt lộn
food_descriptor:ngon,ngon,food_descriptor,89400,1950bf6f35e1fe9f,tu_1950bf6f35e1fe9f,positive,0.88,khá ngon
dish:ga-tan,gà tần,dish,89681,903e4a9536d1bba1,tu_903e4a9536d1bba1,negative,0.96,gà tần
food_descriptor:lanh-ngat,lạnh ngắt,food_descriptor,89681,903e4a9536d1bba1,tu_903e4a9536d1bba1,negative,0.98,còn lạnh ngắt
problem:khong-dam-bao-ve-sinh,không đảm bảo vệ sinh,problem,89681,903e4a9536d1bba1,tu_903e4a9536d1bba1,negative,0.99,không đảm bảo vệ sinh
service_quality:doi-nhan-dc-ma-uc-che,đợi nhận dc mà ức chế,service_quality,89681,903e4a9536d1bba1,tu_903e4a9536d1bba1,negative,0.76,đợi nhận dc mà ức chế
dish:pho-cuon,phở cuốn,dish,89681,a781a51e23b724dd,tu_a781a51e23b724dd,positive,0.67,tên quán: phở cuốn diệu minh
food_descriptor:ngon-xiu,ngon xỉu,food_descriptor,89681,a781a51e23b724dd,tu_a781a51e23b724dd,positive,0.95,ngon xỉu
delivery_packaging:dong-goi-tot,đóng gói tốt,delivery_packaging,89681,a781a51e23b724dd,tu_a781a51e23b724dd,positive,0.97,đóng gói tốt
dish:nuoc-dung,nước dùng,dish,89681,69c212a6c4463525,tu_69c212a6c4463525,negative,0.93,"nước dùng ít, bị chua"
food_descriptor:it,ít,food_descriptor,89681,69c212a6c4463525,tu_69c212a6c4463525,negative,0.88,nước dùng ít
food_descriptor:chua,chua,food_descriptor,89681,69c212a6c4463525,tu_69c212a6c4463525,negative,0.95,bị chua
problem:khong-hop-khau-vi,không hợp khẩu vị,problem,89681,69c212a6c4463525,tu_69c212a6c4463525,negative,0.9,không hợp khẩu vị
service_quality:service,service,service_quality,89681,8d66dd048ea74409,tu_8d66dd048ea74409,negative,0.91,không làm đúng ghi chú
delivery_packaging:dong-goi,đóng gói,delivery_packaging,89681,8d66dd048ea74409,tu_8d66dd048ea74409,negative,0.96,đóng gói chưa tốt
problem:khong-lam-dung-ghi-chu,không làm đúng ghi chú,problem,89681,8d66dd048ea74409,tu_8d66dd048ea74409,negative,0.98,không làm đúng ghi chú
problem:chua-tot,chưa tốt,problem,89681,8d66dd048ea74409,tu_8d66dd048ea74409,negative,0.83,chưa tốt
dish:rau,rau,dish,25452,3b37ed666df6b6d7,tu_3b37ed666df6b6d7,negative,0.76,để riêng rau nhưng quán nhét chung vào túi
dish:bun-dau,bún đậu,dish,25452,3b37ed666df6b6d7,tu_3b37ed666df6b6d7,neutral,0.95,bún đậu mức bình thường
dish:cha,chả,dish,25452,3b37ed666df6b6d7,tu_3b37ed666df6b6d7,negative,0.98,"chả thì khô, nhỏ, quắt"
dish:mam,mắm,dish,25452,3b37ed666df6b6d7,tu_3b37ed666df6b6d7,negative,0.87,mắm đóng ẩu đổ hết ra túi
food_descriptor:kho,khô,food_descriptor,25452,3b37ed666df6b6d7,tu_3b37ed666df6b6d7,negative,0.98,chả thì khô
food_descriptor:nho,nhỏ,food_descriptor,25452,3b37ed666df6b6d7,tu_3b37ed666df6b6d7,negative,0.92,chả thì ... nhỏ
food_descriptor:quat,quắt,food_descriptor,25452,3b37ed666df6b6d7,tu_3b37ed666df6b6d7,negative,0.92,chả thì ... quắt
delivery_packaging:dong-goi,đóng gói,delivery_packaging,25452,3b37ed666df6b6d7,tu_3b37ed666df6b6d7,negative,0.99,đóng gói chưa tốt
service_quality:khong-lam-dung-ghi-chu,không làm đúng ghi chú,service_quality,25452,3b37ed666df6b6d7,tu_3b37ed666df6b6d7,negative,0.97,không làm đúng ghi chú
problem:khong-co-dua-thia,không có đũa thìa,problem,25452,3b37ed666df6b6d7,tu_3b37ed666df6b6d7,negative,0.95,không có đũa thìa
problem:mam-do-ra-tui,mắm đổ ra túi,problem,25452,3b37ed666df6b6d7,tu_3b37ed666df6b6d7,negative,0.98,mắm đóng ẩu đổ hết ra túi
problem:rau-bi-nhet-chung-vao-tui,rau bị nhét chung vào túi,problem,25452,3b37ed666df6b6d7,tu_3b37ed666df6b6d7,negative,0.9,nhét chung vào túi
problem:lan-vao-bun-dau-va-rau,lẫn vào bún đậu và rau,problem,25452,3b37ed666df6b6d7,tu_3b37ed666df6b6d7,negative,0.9,lẫn hết vào cả bún đậu và rau
dish:banh-cuon-nong,bánh cuốn nóng,dish,25452,a0adb969bd827201,tu_a0adb969bd827201,neutral,0.66,bánh cuốn nóng
dish:bun-dau-met,bún đậu mẹt,dish,25452,a0adb969bd827201,tu_a0adb969bd827201,neutral,0.66,bún đậu mẹt
dish:bun-cha,bún chả,dish,25452,a0adb969bd827201,tu_a0adb969bd827201,neutral,0.66,bún chả
food_descriptor:ngon-xiu,ngon xỉu,food_descriptor,25452,a0adb969bd827201,tu_a0adb969bd827201,positive,0.94,ngon xỉu
delivery_packaging:dong-goi-tot,đóng gói tốt,delivery_packaging,25452,a0adb969bd827201,tu_a0adb969bd827201,positive,0.97,đóng gói tốt
price_value:dang-dong-tien,đáng đồng tiền,price_value,25452,a0adb969bd827201,tu_a0adb969bd827201,positive,0.96,đáng đồng tiền
space_quality:sach-se,sạch sẽ,space_quality,25452,a0adb969bd827201,tu_a0adb969bd827201,positive,0.88,sạch sẽ
dish:banh-cuon-nong,bánh cuốn nóng,dish,25452,ae73f4d7c9283775,tu_ae73f4d7c9283775,neutral,0.86,tên quán: bánh cuốn nóng
dish:bun-dau-met,bún đậu mẹt,dish,25452,ae73f4d7c9283775,tu_ae73f4d7c9283775,neutral,0.86,tên quán: ... bún đậu mẹt
dish:bun-cha,bún chả,dish,25452,ae73f4d7c9283775,tu_ae73f4d7c9283775,neutral,0.86,tên quán: ... bún chả
delivery_packaging:dong-goi-tot,đóng gói tốt,delivery_packaging,25452,ae73f4d7c9283775,tu_ae73f4d7c9283775,positive,0.97,đóng gói tốt
food_descriptor:ngon,ngon,food_descriptor,25452,ae73f4d7c9283775,tu_ae73f4d7c9283775,positive,0.95,ngon xỉu
dish:banh-cuon-nong,bánh cuốn nóng,dish,25452,da46b386a8c9d1f3,tu_da46b386a8c9d1f3,neutral,0.81,bánh cuốn nóng
dish:bun-dau-met,bún đậu mẹt,dish,25452,da46b386a8c9d1f3,tu_da46b386a8c9d1f3,neutral,0.81,bún đậu mẹt
dish:bun-cha,bún chả,dish,25452,da46b386a8c9d1f3,tu_da46b386a8c9d1f3,neutral,0.81,bún chả
problem:khong-hop-khau-vi,không hợp khẩu vị,problem,25452,da46b386a8c9d1f3,tu_da46b386a8c9d1f3,negative,0.96,không hợp khẩu vị
dish:banh-cuon-nong,bánh cuốn nóng,dish,25452,baac68493cb0fd92,tu_baac68493cb0fd92,neutral,0.9,tên quán: bánh cuốn nóng
dish:bun-dau-met,bún đậu mẹt,dish,25452,baac68493cb0fd92,tu_baac68493cb0fd92,neutral,0.9,tên quán: ... bún đậu mẹt
dish:bun-cha,bún chả,dish,25452,baac68493cb0fd92,tu_baac68493cb0fd92,neutral,0.9,tên quán: ... bún chả
problem:nhieu-han-the,nhiều hàn the,problem,25452,baac68493cb0fd92,tu_baac68493cb0fd92,negative,0.96,nhiều hàn the quá
problem:kho-tieu,khó tiêu,problem,25452,baac68493cb0fd92,tu_baac68493cb0fd92,negative,0.97,đến sáng vẫn khó tiêu
dish:cha,chả,dish,25452,2c72d4f8babb34e5,tu_2c72d4f8babb34e5,neutral,0.86,3 miếng chả
dish:banh-cuon,bánh cuốn,dish,25452,549480671ff43341,tu_549480671ff43341,negative,0.94,55k 1 phần bánh cuốn
dish:nuoc-cham,nước chấm,dish,25452,549480671ff43341,tu_549480671ff43341,negative,0.78,ít nước chấm
dish:cha,chả,dish,25452,549480671ff43341,tu_549480671ff43341,negative,0.9,3 viên chả bé tí
food_descriptor:be-ti,bé tí,food_descriptor,25452,549480671ff43341,tu_549480671ff43341,negative,0.88,bé tí
price_value:gia,giá,price_value,25452,549480671ff43341,tu_549480671ff43341,negative,0.96,55k 1 phần bánh cuốn
problem:it,ít,problem,25452,549480671ff43341,tu_549480671ff43341,negative,0.8,ít nước chấm
problem:soc,sốc,problem,25452,549480671ff43341,tu_549480671ff43341,negative,0.67,sốc luôn ấy
dish:do-an,đồ ăn,dish,25452,6a940be03d9c02b0,tu_6a940be03d9c02b0,negative,0.85,đồ ăn ít k đảm bảo
food_descriptor:it,ít,food_descriptor,25452,6a940be03d9c02b0,tu_6a940be03d9c02b0,negative,0.92,đồ ăn ít
problem:khong-dam-bao,không đảm bảo,problem,25452,6a940be03d9c02b0,tu_6a940be03d9c02b0,negative,0.94,k đảm bảo
dish:cuon,cuốn,dish,2267,8e25cdb00214755d,tu_8e25cdb00214755d,negative,0.9,cuốn lạnh ngắt
food_descriptor:lanh-ngat,lạnh ngắt,food_descriptor,2267,8e25cdb00214755d,tu_8e25cdb00214755d,negative,0.97,lạnh ngắt
food_descriptor:khong-thom,không thơm,food_descriptor,2267,8e25cdb00214755d,tu_8e25cdb00214755d,negative,0.93,không thơm
problem:do-cu,đồ cũ,problem,2267,8e25cdb00214755d,tu_8e25cdb00214755d,negative,0.8,như đồ cũ
problem:khong-hop-khau-vi,không hợp khẩu vị,problem,2267,8e25cdb00214755d,tu_8e25cdb00214755d,negative,0.95,không hợp khẩu vị
dish:goi-cuon,gỏi cuốn,dish,2267,91eb1636ea67708c,tu_91eb1636ea67708c,positive,0.76,gỏi cuốn
dish:nem-nuong,nem nướng,dish,2267,91eb1636ea67708c,tu_91eb1636ea67708c,positive,0.76,nem nướng
food_descriptor:ngon-xiu,ngon xỉu,food_descriptor,2267,91eb1636ea67708c,tu_91eb1636ea67708c,positive,0.97,ngon xỉu
location_landmark:bui-xuong-trach,bùi xương trạch,location_landmark,2267,91eb1636ea67708c,tu_91eb1636ea67708c,neutral,0.64,bùi xương trạch
delivery_packaging:dong-goi,đóng gói,delivery_packaging,2267,09538b39f53d0fd9,tu_09538b39f53d0fd9,negative,0.97,đóng gói chưa tốt
problem:chua-tot,chưa tốt,problem,2267,09538b39f53d0fd9,tu_09538b39f53d0fd9,negative,0.91,chưa tốt
dish:goi-cuon,gỏi cuốn,dish,2267,02c14a98bce4c09a,tu_02c14a98bce4c09a,negative,0.91,vỏ cuốn ăn cứng
dish:nem-nuong,nem nướng,dish,2267,02c14a98bce4c09a,tu_02c14a98bce4c09a,neutral,0.63,tên quán: gỏi cuốn - nem nướng
food_descriptor:nhu-moi-bo-tu-tu-lanh-ra,như mới bỏ từ tủ lạnh ra,food_descriptor,2267,02c14a98bce4c09a,tu_02c14a98bce4c09a,negative,0.83,đồ ăn như mới bỏ từ tủ lạnh ra
food_descriptor:cung-ngach,cứng ngách,food_descriptor,2267,02c14a98bce4c09a,tu_02c14a98bce4c09a,negative,0.93,vỏ cuốn ăn cứng ngách
service_quality:doi-hang,đổi hàng,service_quality,2267,02c14a98bce4c09a,tu_02c14a98bce4c09a,positive,0.82,đã ok cho đổi hàng
problem:muon-non,muốn nôn,problem,2267,02c14a98bce4c09a,tu_02c14a98bce4c09a,negative,0.9,ăn muốn nôn
problem:khong-hop-khau-vi,không hợp khẩu vị,problem,2267,02c14a98bce4c09a,tu_02c14a98bce4c09a,negative,0.89,không hợp khẩu vị
problem:khong-dam-bao-ve-sinh,không đảm bảo vệ sinh,problem,2267,02c14a98bce4c09a,tu_02c14a98bce4c09a,negative,0.95,không đảm bảo vệ sinh
dish:goi-cuon,gỏi cuốn,dish,2267,e84f5e32f60af4dc,tu_e84f5e32f60af4dc,negative,0.98,gỏi cuốn
dish:bun,bún,dish,2267,e84f5e32f60af4dc,tu_e84f5e32f60af4dc,negative,0.93,bún khô cứng
dish:vo-banh-trang,vỏ bánh tráng,dish,2267,e84f5e32f60af4dc,tu_e84f5e32f60af4dc,negative,0.95,vỏ bánh tráng cũng cứng
dish:thit,thịt,dish,2267,e84f5e32f60af4dc,tu_e84f5e32f60af4dc,negative,0.92,thịt lạnh ngắt
food_descriptor:kho-cung,khô cứng,food_descriptor,2267,e84f5e32f60af4dc,tu_e84f5e32f60af4dc,negative,0.97,bún khô cứng lại luôn
food_descriptor:cung,cứng,food_descriptor,2267,e84f5e32f60af4dc,tu_e84f5e32f60af4dc,negative,0.96,vỏ bánh tráng cũng cứng
food_descriptor:lanh-ngat,lạnh ngắt,food_descriptor,2267,e84f5e32f60af4dc,tu_e84f5e32f60af4dc,negative,0.96,thịt lạnh ngắt
food_descriptor:nhu-nhai-rom,như nhai rơm,food_descriptor,2267,e84f5e32f60af4dc,tu_e84f5e32f60af4dc,negative,0.88,nhai như nhau rơm
problem:goi-san,gói sẵn,problem,2267,e84f5e32f60af4dc,tu_e84f5e32f60af4dc,negative,0.9,quán gói sẵn
problem:de-tu-lanh,để tủ lạnh,problem,2267,e84f5e32f60af4dc,tu_e84f5e32f60af4dc,negative,0.9,xong để tủ lạnh
problem:khong-dam-bao-ve-sinh,không đảm bảo vệ sinh,problem,2267,e84f5e32f60af4dc,tu_e84f5e32f60af4dc,negative,0.99,không đảm bảo vệ sinh
dish:do-an,đồ ăn,dish,2267,b8475d035066796c,tu_b8475d035066796c,negative,0.79,đồ ăn ... ăn lạnh không hợp với tôi
delivery_packaging:goi-san,gói sẵn,delivery_packaging,2267,b8475d035066796c,tu_b8475d035066796c,neutral,0.8,được gói sẵn
problem:de-tu-lanh,để tủ lạnh,problem,2267,b8475d035066796c,tu_b8475d035066796c,negative,0.92,để tủ lạnh
food_descriptor:an-lanh,ăn lạnh,food_descriptor,2267,b8475d035066796c,tu_b8475d035066796c,negative,0.94,ăn lạnh không hợp với tôi
dish:goi-cuon,gỏi cuốn,dish,2267,edded15a88972a1d,tu_edded15a88972a1d,negative,0.88,cuốn để tủ lạnh
dish:bun,bún,dish,2267,edded15a88972a1d,tu_edded15a88972a1d,negative,0.95,bún cứng
dish:rau,rau,dish,2267,edded15a88972a1d,tu_edded15a88972a1d,negative,0.92,rau héo
food_descriptor:cung,cứng,food_descriptor,2267,edded15a88972a1d,tu_edded15a88972a1d,negative,0.97,vỏ cứng
food_descriptor:giong-nhai-rom,giống nhai rơm,food_descriptor,2267,edded15a88972a1d,tu_edded15a88972a1d,negative,0.85,giống nhai rơm
food_descriptor:heo,héo,food_descriptor,2267,edded15a88972a1d,tu_edded15a88972a1d,negative,0.95,rau héo
problem:de-tu-lanh,để tủ lạnh,problem,2267,edded15a88972a1d,tu_edded15a88972a1d,negative,0.94,cuốn để tủ lạnh
dish:mam-nem,mắm nêm,dish,2267,ad05ebfce273c231,tu_ad05ebfce273c231,negative,0.95,mua mắm nêm nhưng k giao mắm nêm
dish:goi-cuon,gỏi cuốn,dish,2267,ad05ebfce273c231,tu_ad05ebfce273c231,negative,0.98,mua gỏi cuốn
dish:bi-chao,bì chạo,dish,2267,ad05ebfce273c231,tu_ad05ebfce273c231,negative,0.82,gỏi cuốn bì chạo cũng k có
food_descriptor:nhu-nhai-da,như nhai đá,food_descriptor,2267,ad05ebfce273c231,tu_ad05ebfce273c231,negative,0.96,như nhai đá thế
problem:khong-giao-mam-nem,không giao mắm nêm,problem,2267,ad05ebfce273c231,tu_ad05ebfce273c231,negative,0.97,k giao mắm nêm
problem:khong-co-bi-chao,không có bì chạo,problem,2267,ad05ebfce273c231,tu_ad05ebfce273c231,negative,0.9,gỏi cuốn bì chạo cũng k có
price_value:don-165k,đơn 165k,price_value,2267,ad05ebfce273c231,tu_ad05ebfce273c231,negative,0.92,đơn 165k mà muốn ném mẹ ra thùng rác
problem:de-tu-ngan-da,để tủ ngăn đá,problem,2267,ad05ebfce273c231,tu_ad05ebfce273c231,negative,0.72,để tủ ngăn đá hay sao
dish:bun,bún,dish,2267,1e6515ff2a837e72,tu_1e6515ff2a837e72,negative,0.96,bún thì cứng
food_descriptor:cung,cứng,food_descriptor,2267,1e6515ff2a837e72,tu_1e6515ff2a837e72,negative,0.98,bún thì cứng
dish:do-an,đồ ăn,dish,2267,1e6515ff2a837e72,tu_1e6515ff2a837e72,negative,0.84,đồ ăn lạnh ngắt
food_descriptor:lanh-ngat,lạnh ngắt,food_descriptor,2267,1e6515ff2a837e72,tu_1e6515ff2a837e72,negative,0.97,đồ ăn lạnh ngắt
price_value:khong-xung-dang-dong-tien-bo-ra,không xứng đáng đồng tiền bỏ ra,price_value,2267,1e6515ff2a837e72,tu_1e6515ff2a837e72,negative,0.95,không xứng đáng đồng tiền bỏ ra
dish:goi-cuon,gỏi cuốn,dish,2267,9cae6c72cd441aaa,tu_9cae6c72cd441aaa,negative,0.98,gỏi cuốn
dish:nuoc-mam,nước mắm,dish,2267,9cae6c72cd441aaa,tu_9cae6c72cd441aaa,negative,0.84,nước mắm
food_descriptor:lanh-ngat,lạnh ngắt,food_descriptor,2267,9cae6c72cd441aaa,tu_9cae6c72cd441aaa,negative,0.94,lạh ngắt
food_descriptor:toan-la-nuoc,toàn là nước,food_descriptor,2267,9cae6c72cd441aaa,tu_9cae6c72cd441aaa,negative,0.95,toàn là nước
problem:moi-ra-dong-ra,mới rã đông ra,problem,2267,9cae6c72cd441aaa,tu_9cae6c72cd441aaa,negative,0.88,mới rã đông ra
food_descriptor:nc-lanh,nc lạnh,food_descriptor,2267,9cae6c72cd441aaa,tu_9cae6c72cd441aaa,negative,0.91,như nc lạnh
dish:pho,phở,dish,18796,d0bbb111e9e9a7e3,tu_d0bbb111e9e9a7e3,neutral,0.41,phở dung - bún chả - tân mai
dish:bun-cha,bún chả,dish,18796,d0bbb111e9e9a7e3,tu_d0bbb111e9e9a7e3,neutral,0.41,phở dung - bún chả - tân mai
food_descriptor:ngon,ngon,food_descriptor,18796,d0bbb111e9e9a7e3,tu_d0bbb111e9e9a7e3,positive,0.91,ngon xỉu
dish:thit,thịt,dish,36147,ac9e68b30fa1e507,tu_ac9e68b30fa1e507,negative,0.73,thịt
food_descriptor:dai,dai,food_descriptor,36147,ac9e68b30fa1e507,tu_ac9e68b30fa1e507,negative,0.95,dai lắm
dish:mam-tom,mắm tôm,dish,54641,88bedb6022c43043,tu_88bedb6022c43043,negative,0.9,mắm tôm cho thế này
dish:nom-bo-kho,nộm bò khô,dish,54641,88bedb6022c43043,tu_88bedb6022c43043,negative,0.96,nộm bò khô thì lèo tèo 5 miếng bé tẹo
food_descriptor:leo-teo,lèo tèo,food_descriptor,54641,88bedb6022c43043,tu_88bedb6022c43043,negative,0.91,lèo tèo 5 miếng
food_descriptor:be-teo,bé tẹo,food_descriptor,54641,88bedb6022c43043,tu_88bedb6022c43043,negative,0.9,5 miếng bé tẹo
delivery_packaging:dong-goi-chua-tot,đóng gói chưa tốt,delivery_packaging,54641,88bedb6022c43043,tu_88bedb6022c43043,negative,0.98,đóng gói chưa tốt
problem:sai-thieu-mon,sai/thiếu món,problem,54641,88bedb6022c43043,tu_88bedb6022c43043,negative,0.99,sai/thiếu món
problem:khong-lam-dung-ghi-chu,không làm đúng ghi chú,problem,54641,88bedb6022c43043,tu_88bedb6022c43043,negative,0.98,không làm đúng ghi chú
problem:te-kinh-khung,tệ kinh khủng,problem,54641,88bedb6022c43043,tu_88bedb6022c43043,negative,0.86,tệ kinh khủng
delivery_packaging:dong-goi,đóng gói,delivery_packaging,54641,8b33907c37ce96e4,tu_8b33907c37ce96e4,positive,0.98,đóng gói tốt
dish:bun-dau,bún đậu,dish,54641,fa5ea18d83e3ce1c,tu_fa5ea18d83e3ce1c,neutral,0.86,bún đậu chị hai
dish:nem-nuong-nha-trang,nem nướng nha trang,dish,54641,fa5ea18d83e3ce1c,tu_fa5ea18d83e3ce1c,neutral,0.86,nem nướng nha trang
dish:pho-cuon,phở cuốn,dish,54641,fa5ea18d83e3ce1c,tu_fa5ea18d83e3ce1c,neutral,0.86,phở cuốn
problem:khong-hop-khau-vi,không hợp khẩu vị,problem,54641,fa5ea18d83e3ce1c,tu_fa5ea18d83e3ce1c,negative,0.95,không hợp khẩu vị
problem:khong-dam-bao-ve-sinh,không đảm bảo vệ sinh,problem,54641,f7c92b9682c29491,tu_f7c92b9682c29491,negative,0.98,không đảm bảo vệ sinh
dish:do-an,đồ ăn,dish,54641,e53ce367e02f8236,tu_e53ce367e02f8236,negative,0.93,đồ ăn thì nguội
dish:thit,thịt,dish,54641,e53ce367e02f8236,tu_e53ce367e02f8236,negative,0.95,thịt chưa chín
dish:lap-xuong,lạp xưởng,dish,54641,e53ce367e02f8236,tu_e53ce367e02f8236,negative,0.84,lạp xưởng luộc
dish:mam-tom,mắm tôm,dish,54641,e53ce367e02f8236,tu_e53ce367e02f8236,negative,0.96,mắm tôm không ngon
food_descriptor:nguoi,nguội,food_descriptor,54641,e53ce367e02f8236,tu_e53ce367e02f8236,negative,0.94,nguội
food_descriptor:chua-chin,chưa chín,food_descriptor,54641,e53ce367e02f8236,tu_e53ce367e02f8236,negative,0.97,chưa chín
food_descriptor:luoc,luộc,food_descriptor,54641,e53ce367e02f8236,tu_e53ce367e02f8236,neutral,0.72,luộc
food_descriptor:khong-ngon,không ngon,food_descriptor,54641,e53ce367e02f8236,tu_e53ce367e02f8236,negative,0.96,không ngon
problem:khong-dam-bao-ve-sinh,không đảm bảo vệ sinh,problem,54641,e53ce367e02f8236,tu_e53ce367e02f8236,negative,0.98,không đảm bảo vệ sinh
dish:do-an,đồ ăn,dish,54641,38cae2b60e2321c3,tu_38cae2b60e2321c3,negative,0.79,"đồ ăn lèo tèo, không ngon, mùi hôi"
food_descriptor:leo-teo,lèo tèo,food_descriptor,54641,38cae2b60e2321c3,tu_38cae2b60e2321c3,negative,0.95,lèo tèo
food_descriptor:khong-ngon,không ngon,food_descriptor,54641,38cae2b60e2321c3,tu_38cae2b60e2321c3,negative,0.97,không ngon
food_descriptor:mui-hoi,mùi hôi,food_descriptor,54641,38cae2b60e2321c3,tu_38cae2b60e2321c3,negative,0.98,mùi hôi
problem:cleanliness,cleanliness,problem,54641,38cae2b60e2321c3,tu_38cae2b60e2321c3,negative,0.62,mùi hôi
service_quality:service,service,service_quality,54641,bac9a552a4f47f34,tu_bac9a552a4f47f34,negative,0.93,đ bán đc thì huỷ đơn đi chứ bán thế này
problem:khong-huy-don,không huỷ đơn,problem,54641,bac9a552a4f47f34,tu_bac9a552a4f47f34,negative,0.91,huỷ đơn đi chứ
problem:ban-the-nay,bán thế này,problem,54641,bac9a552a4f47f34,tu_bac9a552a4f47f34,negative,0.85,bán thế này cũng mở bán à
dish:mam-tom,mắm tôm,dish,54641,29018a9f5aeada2f,tu_29018a9f5aeada2f,negative,0.86,mắm tôm
problem:cho-nhieu-mam-tom-qa-troi,cho nhiều mắm tôm qa trời,problem,54641,29018a9f5aeada2f,tu_29018a9f5aeada2f,negative,0.93,cho nhiều mắm tôm qa trời
dish:bun-dau,bún đậu,dish,54641,911a861cb233631a,tu_911a861cb233631a,neutral,0.76,bún đậu chị hai
dish:nem-nuong-nha-trang,nem nướng nha trang,dish,54641,911a861cb233631a,tu_911a861cb233631a,neutral,0.88,nem nướng nha trang
dish:pho-cuon,phở cuốn,dish,54641,911a861cb233631a,tu_911a861cb233631a,neutral,0.88,phở cuốn
food_descriptor:do,dở,food_descriptor,54641,911a861cb233631a,tu_911a861cb233631a,negative,0.97,dở
location_landmark:bun-dau-chi-hai-nem-nuong-nha-trang-pho-cuon-nguyen-ngoc-vu,bún đậu chị hai - nem nướng nha trang & phở cuốn - nguyễn ngọc vũ,location_landmark,54641,252abfac4775dc9e,tu_252abfac4775dc9e,neutral,0.57,tên quán: bún đậu chị hai - nem nướng nha trang & phở cuốn - nguyễn ngọc vũ
dish:mon-an,món ăn,dish,54641,252abfac4775dc9e,tu_252abfac4775dc9e,negative,0.72,không như trong ảnh
food_descriptor:be-ti-teo,bé tí tẹo,food_descriptor,54641,252abfac4775dc9e,tu_252abfac4775dc9e,negative,0.94,bé tí tẹo
dish:tom,tôm,dish,54641,252abfac4775dc9e,tu_252abfac4775dc9e,negative,0.83,ko thấy tôm
price_value:gia,giá,price_value,54641,252abfac4775dc9e,tu_252abfac4775dc9e,negative,0.89,aspect sentiment: price=-0.90
problem:lua-dao,lừa đảo,problem,54641,252abfac4775dc9e,tu_252abfac4775dc9e,negative,0.96,bán lừa đảo
dish:com,cơm,dish,6930,40e0b9e7ecd6a914,tu_40e0b9e7ecd6a914,neutral,0.64,giao cơm
dish:nuoc-ep,nước ép,dish,6930,40e0b9e7ecd6a914,tu_40e0b9e7ecd6a914,neutral,0.69,cốc nước ép
delivery_packaging:dong-goi,đóng gói,delivery_packaging,6930,40e0b9e7ecd6a914,tu_40e0b9e7ecd6a914,negative,0.97,đóng gói chưa tốt
problem:thieu-dua-thia,thiếu đũa thìa,problem,6930,40e0b9e7ecd6a914,tu_40e0b9e7ecd6a914,negative,0.98,không cho đũa thìa
problem:thieu-ong-hut,thiếu ống hút,problem,6930,40e0b9e7ecd6a914,tu_40e0b9e7ecd6a914,negative,0.98,không có ống hút
service_quality:thieu-trach-nhiem,thiếu trách nhiệm,service_quality,6930,40e0b9e7ecd6a914,tu_40e0b9e7ecd6a914,negative,0.91,trách nhiệm hơn được không
problem:giong-hinh-anh,giống hình ảnh,problem,6930,1c09e999d2644564,tu_1c09e999d2644564,negative,0.89,k giống hình ảnh
delivery_packaging:dong-goi,đóng gói,delivery_packaging,6930,1c09e999d2644564,tu_1c09e999d2644564,negative,0.96,đóng gói chưa tốt
dish:com-ga-xoi-mo,cơm gà xối mỡ,dish,42458,cf9b4b3a97a559bf,tu_cf9b4b3a97a559bf,neutral,0.61,cơm gà xối mỡ mai phương
problem:khau-phan-it,khẩu phần ít,problem,42458,cf9b4b3a97a559bf,tu_cf9b4b3a97a559bf,negative,0.9,được 3 miếng chết rét
problem:sai-thieu-mon,sai/thiếu món,problem,42458,cf9b4b3a97a559bf,tu_cf9b4b3a97a559bf,negative,0.98,sai/thiếu món
problem:khong-dam-bao-ve-sinh,không đảm bảo vệ sinh,problem,42458,cf9b4b3a97a559bf,tu_cf9b4b3a97a559bf,negative,0.99,không đảm bảo vệ sinh
delivery_packaging:dong-goi,đóng gói,delivery_packaging,42458,800831365464dcaa,tu_800831365464dcaa,positive,0.97,đóng gói tốt
dish:com-ga-xoi-mo,cơm gà xối mỡ,dish,42458,dc9f6493a67a24e0,tu_dc9f6493a67a24e0,positive,0.78,tên quán: cơm gà xối mỡ
food_descriptor:ngon-xiu,ngon xỉu,food_descriptor,42458,dc9f6493a67a24e0,tu_dc9f6493a67a24e0,positive,0.95,ngon xỉu
space_quality:sach-se,sạch sẽ,space_quality,42458,dc9f6493a67a24e0,tu_dc9f6493a67a24e0,positive,0.9,sạch sẽ
delivery_packaging:dong-goi-tot,đóng gói tốt,delivery_packaging,42458,dc9f6493a67a24e0,tu_dc9f6493a67a24e0,positive,0.94,đóng gói tốt
price_value:dang-dong-tien,đáng đồng tiền,price_value,42458,72d70031971d322e,tu_72d70031971d322e,positive,0.98,đáng đồng tiền
dish:do-an,đồ ăn,dish,42458,d4088243f18a96f8,tu_d4088243f18a96f8,positive,0.72,ngon xỉu
food_descriptor:ngon,ngon,food_descriptor,42458,d4088243f18a96f8,tu_d4088243f18a96f8,positive,0.88,ngon xỉu
delivery_packaging:dong-goi,đóng gói,delivery_packaging,42458,d4088243f18a96f8,tu_d4088243f18a96f8,positive,0.95,đóng gói tốt
price_value:gia-tri-so-voi-gia,giá trị so với giá,price_value,42458,d4088243f18a96f8,tu_d4088243f18a96f8,positive,0.92,đáng đồng tiền
space_quality:sach-se,sạch sẽ,space_quality,42458,d4088243f18a96f8,tu_d4088243f18a96f8,positive,0.83,sạch sẽ
dish:com-ga-xoi-mo,cơm gà xối mỡ,dish,42458,50f7099402d925c6,tu_50f7099402d925c6,neutral,0.56,cơm gà xối mỡ mai phương
food_descriptor:ngon,ngon,food_descriptor,42458,50f7099402d925c6,tu_50f7099402d925c6,positive,0.94,khá ngon
price_value:gia-ca,giá cả,price_value,56543,893525ad10299b1e,tu_893525ad10299b1e,positive,0.95,đáng đồng tiền
delivery_packaging:dong-goi,đóng gói,delivery_packaging,56543,900878ba4ef77287,tu_900878ba4ef77287,positive,0.96,đóng gói tốt
space_quality:sach-se,sạch sẽ,space_quality,56543,900878ba4ef77287,tu_900878ba4ef77287,positive,0.72,sạch sẽ
price_value:gia,giá,price_value,56543,cc2d2ea85edde47d,tu_cc2d2ea85edde47d,negative,0.98,giá hơi đắt
dish:khoai-tay-chien,khoai tây chiên,dish,56543,5b213efa90740564,tu_5b213efa90740564,negative,0.93,thiếu khoai tây chiên rồi
problem:sai-thieu-mon,sai/thiếu món,problem,56543,5b213efa90740564,tu_5b213efa90740564,negative,0.98,sai/thiếu món
dish:mang,măng,dish,62951,2de599b03a754faf,tu_2de599b03a754faf,neutral,0.76,măng hơi cay
food_descriptor:cay,cay,food_descriptor,62951,2de599b03a754faf,tu_2de599b03a754faf,neutral,0.91,hơi cay
delivery_packaging:dong-bun-trong-hop,đóng bún trong hộp,delivery_packaging,62951,2de599b03a754faf,tu_2de599b03a754faf,positive,0.96,quán đóng bún trong hộp
delivery_packaging:nuoc-trong-tui-zip-dam-bao,nước trong túi zip đảm bảo,delivery_packaging,62951,2de599b03a754faf,tu_2de599b03a754faf,positive,0.97,nước trong túi zip đảm bảo
price_value:dang-dong-tien,đáng đồng tiền,price_value,62951,2de599b03a754faf,tu_2de599b03a754faf,positive,0.95,đáng đồng tiền
dish:bun-ca-mang-cay,bún cá măng cay,dish,62951,eef0724c614fbd74,tu_eef0724c614fbd74,positive,0.68,tên quán: bún cá măng cay
dish:bun-hai-san-cat-ba,bún hải sản cát bà,dish,62951,eef0724c614fbd74,tu_eef0724c614fbd74,positive,0.68,tên quán: bún hải sản cát bà
food_descriptor:ngon-xiu,ngon xỉu,food_descriptor,62951,eef0724c614fbd74,tu_eef0724c614fbd74,positive,0.95,ngon xỉu
space_quality:sach-se,sạch sẽ,space_quality,62951,eef0724c614fbd74,tu_eef0724c614fbd74,positive,0.93,sạch sẽ
delivery_packaging:dong-goi-tot,đóng gói tốt,delivery_packaging,62951,eef0724c614fbd74,tu_eef0724c614fbd74,positive,0.95,đóng gói tốt
price_value:dang-dong-tien,đáng đồng tiền,price_value,62951,eef0724c614fbd74,tu_eef0724c614fbd74,positive,0.95,đáng đồng tiền
dish:bun-ca-mang-cay,bún cá măng cay,dish,62951,d1dd79589df34f20,tu_d1dd79589df34f20,positive,0.78,bún cá măng cay
dish:bun-hai-san-cat-ba,bún hải sản cát bà,dish,62951,d1dd79589df34f20,tu_d1dd79589df34f20,positive,0.78,bún hải sản cát bà
food_descriptor:ngon,ngon,food_descriptor,62951,d1dd79589df34f20,tu_d1dd79589df34f20,positive,0.9,ngon xỉu
delivery_packaging:dong-goi-tot,đóng gói tốt,delivery_packaging,62951,d1dd79589df34f20,tu_d1dd79589df34f20,positive,0.96,đóng gói tốt
price_value:dang-dong-tien,đáng đồng tiền,price_value,62951,d1dd79589df34f20,tu_d1dd79589df34f20,positive,0.96,đáng đồng tiền
space_quality:sach-se,sạch sẽ,space_quality,62951,d1dd79589df34f20,tu_d1dd79589df34f20,positive,0.74,sạch sẽ
delivery_packaging:dong-goi,đóng gói,delivery_packaging,62951,bf9eb44070b3bede,tu_bf9eb44070b3bede,positive,0.97,đóng gói tốt
space_quality:sach-se,sạch sẽ,space_quality,62951,bf9eb44070b3bede,tu_bf9eb44070b3bede,positive,0.72,sạch sẽ
price_value:dang-dong-tien,đáng đồng tiền,price_value,62951,bf9eb44070b3bede,tu_bf9eb44070b3bede,positive,0.96,đáng đồng tiền
dish:bun-ca-mang-cay,bún cá măng cay,dish,62951,99cffbcc762d9c5e,tu_99cffbcc762d9c5e,neutral,0.91,tên quán: bún cá măng cay
dish:bun-hai-san,bún hải sản,dish,62951,99cffbcc762d9c5e,tu_99cffbcc762d9c5e,neutral,0.84,& bún hải sản cát bà
dish:bat-bun,bát bún,dish,62951,99cffbcc762d9c5e,tu_99cffbcc762d9c5e,neutral,0.92,bát bún mình thấy
food_descriptor:ngon,ngon,food_descriptor,62951,99cffbcc762d9c5e,tu_99cffbcc762d9c5e,positive,0.95,đồ ăn về cơ bản là ngon
food_descriptor:cay,cay,food_descriptor,62951,99cffbcc762d9c5e,tu_99cffbcc762d9c5e,negative,0.92,vừa cay vừa mặn
food_descriptor:man,mặn,food_descriptor,62951,99cffbcc762d9c5e,tu_99cffbcc762d9c5e,negative,0.93,vừa cay vừa mặn
delivery_packaging:de-mang-rieng,để măng riêng,delivery_packaging,62951,99cffbcc762d9c5e,tu_99cffbcc762d9c5e,negative,0.87,shop nên để măng riêng
problem:khong-co-quat,không có quất,problem,62951,99cffbcc762d9c5e,tu_99cffbcc762d9c5e,negative,0.96,không có quất nữa
dish:bun-ca-mang-cay,bún cá măng cay,dish,62951,3243aea3fb160dd8,tu_3243aea3fb160dd8,neutral,0.74,tên quán: bún cá măng cay
dish:bun-hai-san-cat-ba,bún hải sản cát bà,dish,62951,3243aea3fb160dd8,tu_3243aea3fb160dd8,neutral,0.74,& bún hải sản cát bà
problem:khong-hop-khau-vi,không hợp khẩu vị,problem,62951,3243aea3fb160dd8,tu_3243aea3fb160dd8,negative,0.96,không hợp khẩu vị
service_quality:lam-dung-ghi-chu,làm đúng ghi chú,service_quality,62951,c411e8692ce138f5,tu_c411e8692ce138f5,negative,0.91,không làm đúng ghi chú
problem:khong-lam-dung-ghi-chu,không làm đúng ghi chú,problem,62951,c411e8692ce138f5,tu_c411e8692ce138f5,negative,0.97,không làm đúng ghi chú
dish:bun-ca-mang-cay,bún cá măng cay,dish,62951,74581fa841e8de98,tu_74581fa841e8de98,neutral,0.74,tên quán: bún cá măng cay
dish:bun-hai-san-cat-ba,bún hải sản cát bà,dish,62951,74581fa841e8de98,tu_74581fa841e8de98,neutral,0.74,tên quán: ... bún hải sản cát bà
dish:mang,măng,dish,62951,74581fa841e8de98,tu_74581fa841e8de98,positive,0.9,măng ngon
food_descriptor:ngon,ngon,food_descriptor,62951,74581fa841e8de98,tu_74581fa841e8de98,positive,0.92,ngon nha
food_descriptor:hop-mieng,hợp miệng,food_descriptor,62951,74581fa841e8de98,tu_74581fa841e8de98,positive,0.9,hợp miệng
food_descriptor:ngon,ngon,food_descriptor,62951,74581fa841e8de98,tu_74581fa841e8de98,positive,0.95,măng ngon
audience:3-nguoi,3 người,audience,62951,35e21401053e4d88,tu_35e21401053e4d88,neutral,0.62,3 người
problem:dau-bung,đau bụng,problem,62951,35e21401053e4d88,tu_35e21401053e4d88,negative,0.98,ai cũng đau bụng
dish:com,cơm,dish,31215,97e3ce40102959d1,tu_97e3ce40102959d1,negative,0.9,ít cơm
delivery_packaging:dong-goi,đóng gói,delivery_packaging,31215,97e3ce40102959d1,tu_97e3ce40102959d1,negative,0.98,"đóng gói kém, đóng gói chưa tốt"
problem:it-com,ít cơm,problem,31215,97e3ce40102959d1,tu_97e3ce40102959d1,negative,0.94,ít cơm
problem:cha-co-them-gia-vi,chả có thêm gia vị,problem,31215,97e3ce40102959d1,tu_97e3ce40102959d1,negative,0.9,chả có thêm gia vị
problem:dong-goi-kem,đóng gói kém,problem,31215,97e3ce40102959d1,tu_97e3ce40102959d1,negative,0.97,đóng gói kém
problem:dong-goi-chua-tot,đóng gói chưa tốt,problem,31215,97e3ce40102959d1,tu_97e3ce40102959d1,negative,0.96,đóng gói chưa tốt
delivery_packaging:dong-goi,đóng gói,delivery_packaging,31215,2217e401e1a6cac9,tu_2217e401e1a6cac9,negative,0.78,packaging=-1.00
problem:sai-thieu-mon,sai/thiếu món,problem,31215,2217e401e1a6cac9,tu_2217e401e1a6cac9,negative,0.98,sai/thiếu món
problem:dat-2-duoc-1,đặt 2 được 1,problem,31215,fe6fc00d83dcb4d3,tu_fe6fc00d83dcb4d3,negative,0.98,đặt 2 được 1
problem:sai-thieu-mon,sai/thiếu món,problem,31215,fe6fc00d83dcb4d3,tu_fe6fc00d83dcb4d3,negative,0.99,sai/thiếu món
food_descriptor:ngon,ngon,food_descriptor,31215,1349f4acd7b73a75,tu_1349f4acd7b73a75,positive,0.93,ngon xỉu
price_value:dang-dong-tien,đáng đồng tiền,price_value,31215,1349f4acd7b73a75,tu_1349f4acd7b73a75,positive,0.96,đáng đồng tiền
food_descriptor:ngon,ngon,food_descriptor,31215,15f24fd824b20ae3,tu_15f24fd824b20ae3,positive,0.86,khá ngon
delivery_packaging:dong-goi,đóng gói,delivery_packaging,31215,15f24fd824b20ae3,tu_15f24fd824b20ae3,negative,0.93,đóng gói chưa tốt
problem:chua-tot,chưa tốt,problem,31215,15f24fd824b20ae3,tu_15f24fd824b20ae3,negative,0.84,chưa tốt
dish:com,cơm,dish,31215,d065c03c4ffea6ed,tu_d065c03c4ffea6ed,neutral,0.91,1 xuất cơm
problem:thieu-1-xuat-com,thiếu 1 xuất cơm,problem,31215,d065c03c4ffea6ed,tu_d065c03c4ffea6ed,negative,0.98,thiếu hẳn 1 xuất cơm
problem:sai-thieu-mon,sai/thiếu món,problem,31215,d065c03c4ffea6ed,tu_d065c03c4ffea6ed,negative,0.99,sai/thiếu món
problem:ban,bẩn,problem,31215,89d075a0aa6814c3,tu_89d075a0aa6814c3,negative,0.98,bẩn
problem:2-cang-toc,2 cậng tóc,problem,31215,89d075a0aa6814c3,tu_89d075a0aa6814c3,negative,0.99,thấy 2 cậng tóc
problem:khong-dam-bao-ve-sinh,không đảm bảo vệ sinh,problem,31215,89d075a0aa6814c3,tu_89d075a0aa6814c3,negative,0.98,không đảm bảo vệ sinh
dish:com-rang,cơm rang,dish,31215,93a402f56e2d457a,tu_93a402f56e2d457a,positive,0.88,cơm rang ngập thịt
food_descriptor:ngap-thit,ngập thịt,food_descriptor,31215,93a402f56e2d457a,tu_93a402f56e2d457a,positive,0.84,ngập thịt
dish:cai-bo,cải bò,dish,31215,25b9ca016135aca1,tu_25b9ca016135aca1,negative,0.63,cải bò
dish:hai-san,hải sản,dish,31215,25b9ca016135aca1,tu_25b9ca016135aca1,negative,0.67,hati sản
dish:tom,tôm,dish,31215,25b9ca016135aca1,tu_25b9ca016135aca1,negative,0.6,tôm
problem:khong-co-rau-voi-tom,không có rau với tôm,problem,31215,25b9ca016135aca1,tu_25b9ca016135aca1,negative,0.85,k có rau vơia tôm
problem:toan-hanh,toàn hành,problem,31215,25b9ca016135aca1,tu_25b9ca016135aca1,negative,0.92,toàn hành là hành
problem:qua-te,quá tệ,problem,31215,25b9ca016135aca1,tu_25b9ca016135aca1,negative,0.94,quâ tệ
problem:khong-bao-gio-quay-lai-mua-nua,không bao giờ quay lại mua nữa,problem,31215,25b9ca016135aca1,tu_25b9ca016135aca1,negative,0.91,k bgio quay lại mua nữa
dish:com-rang,cơm rang,dish,31215,15d59bfb7f2d1e46,tu_15d59bfb7f2d1e46,negative,0.94,cơm rang vừa ít vừa đắt
dish:canh,canh,dish,31215,15d59bfb7f2d1e46,tu_15d59bfb7f2d1e46,negative,0.84,thiếu canh
food_descriptor:it,ít,food_descriptor,31215,15d59bfb7f2d1e46,tu_15d59bfb7f2d1e46,negative,0.91,vừa ít
price_value:dat,đắt,price_value,31215,15d59bfb7f2d1e46,tu_15d59bfb7f2d1e46,negative,0.96,vừa đắt
problem:thieu-canh,thiếu canh,problem,31215,15d59bfb7f2d1e46,tu_15d59bfb7f2d1e46,negative,0.93,thiếu canh
price_value:20k,20k,price_value,31215,15d59bfb7f2d1e46,tu_15d59bfb7f2d1e46,negative,0.78,xuất thêm 20k
dish:banh-trang,bánh tráng,dish,67574,ab54ab4aec3693d2,tu_ab54ab4aec3693d2,positive,0.59,tên quán: bánh tráng mập
food_descriptor:ngon-xiu,ngon xỉu,food_descriptor,67574,ab54ab4aec3693d2,tu_ab54ab4aec3693d2,positive,0.96,ngon xỉu
space_quality:sach-se,sạch sẽ,space_quality,67574,ab54ab4aec3693d2,tu_ab54ab4aec3693d2,positive,0.9,sạch sẽ
price_value:dang-dong-tien,đáng đồng tiền,price_value,67574,ab54ab4aec3693d2,tu_ab54ab4aec3693d2,positive,0.95,đáng đồng tiền
delivery_packaging:dong-goi-tot,đóng gói tốt,delivery_packaging,67574,ab54ab4aec3693d2,tu_ab54ab4aec3693d2,positive,0.94,đóng gói tốt
price_value:dang-dong-tien,đáng đồng tiền,price_value,67574,4079fa8cfcaa640c,tu_4079fa8cfcaa640c,positive,0.97,đáng đồng tiền
delivery_packaging:dong-goi,đóng gói,delivery_packaging,67574,4079fa8cfcaa640c,tu_4079fa8cfcaa640c,positive,0.96,đóng gói tốt
food_descriptor:ngon-xiu,ngon xỉu,food_descriptor,67574,4079fa8cfcaa640c,tu_4079fa8cfcaa640c,positive,0.95,ngon xỉu
problem:khong-hop-khau-vi,không hợp khẩu vị,problem,67574,9f85cdb72dc5125e,tu_9f85cdb72dc5125e,negative,0.96,không hợp khẩu vị
dish:banh-trang,bánh tráng,dish,67574,4302bb1a72071919,tu_4302bb1a72071919,positive,0.93,bánh tráng
food_descriptor:ok,ok,food_descriptor,67574,4302bb1a72071919,tu_4302bb1a72071919,positive,0.74,vị cũng ok
food_descriptor:hop-khau-vi,hợp khẩu vị,food_descriptor,67574,4302bb1a72071919,tu_4302bb1a72071919,positive,0.9,hợp khẩu vị mình
dish:bun,bún,dish,7160,25b1e6eb67492c5d,tu_25b1e6eb67492c5d,neutral,0.96,oder bún + nem
dish:nem,nem,dish,7160,25b1e6eb67492c5d,tu_25b1e6eb67492c5d,negative,0.98,3 xuất thiếu cả 3 xuất ... k có nem
delivery_packaging:delivery-packaging,delivery_packaging,delivery_packaging,7160,25b1e6eb67492c5d,tu_25b1e6eb67492c5d,negative,0.82,sai/thiếu món
problem:sai-thieu-mon,sai/thiếu món,problem,7160,25b1e6eb67492c5d,tu_25b1e6eb67492c5d,negative,0.99,sai/thiếu món
dish:bun-cha,bún chả,dish,7160,8679f22357aed085,tu_8679f22357aed085,positive,0.95,tên quán: bún chả mẹ nga
food_descriptor:ngon,ngon,food_descriptor,7160,8679f22357aed085,tu_8679f22357aed085,positive,0.94,khá ngon
delivery_packaging:dong-goi,đóng gói,delivery_packaging,7160,7816a82a55175fd2,tu_7816a82a55175fd2,negative,0.98,đóng gói chưa tốt
problem:sai-thieu-mon,sai/thiếu món,problem,7160,7816a82a55175fd2,tu_7816a82a55175fd2,negative,0.99,sai/thiếu món
problem:khong-dam-bao-ve-sinh,không đảm bảo vệ sinh,problem,7160,7816a82a55175fd2,tu_7816a82a55175fd2,negative,0.98,không đảm bảo vệ sinh
delivery_packaging:tui-nilong,túi nilong,delivery_packaging,7160,34ca550bc9873ce6,tu_34ca550bc9873ce6,negative,0.86,chỉ mình túi nilong
problem:khong-co-dung-cu-an,không có dụng cụ ăn,problem,7160,34ca550bc9873ce6,tu_34ca550bc9873ce6,negative,0.98,không có dụng cụ ăn
dish:rau,rau,dish,7160,9932f5dfc00d95ea,tu_9932f5dfc00d95ea,negative,0.91,rau bẩn
food_descriptor:ban,bẩn,food_descriptor,7160,9932f5dfc00d95ea,tu_9932f5dfc00d95ea,negative,0.9,rau bẩn
food_descriptor:nguoi,nguội,food_descriptor,7160,9932f5dfc00d95ea,tu_9932f5dfc00d95ea,negative,0.88,nguội
problem:rat-te,rất tệ,problem,7160,9932f5dfc00d95ea,tu_9932f5dfc00d95ea,negative,0.95,nói chung rất tệ
delivery_packaging:do-dung,đồ đựng,delivery_packaging,7160,aabf932f9f57891b,tu_aabf932f9f57891b,negative,0.97,k có đồ đựng
problem:khong-co-do-dung,không có đồ đựng,problem,7160,aabf932f9f57891b,tu_aabf932f9f57891b,negative,0.99,k có đồ đựng
price_value:qua-it,quá ít,price_value,7160,aabf932f9f57891b,tu_aabf932f9f57891b,negative,0.8,quá ít
dish:com-banh-mi-nuong-trung-hoa,cơm & bánh mì nướng trung hoa,dish,117526,1bdf4b1bba8d72f2,tu_1bdf4b1bba8d72f2,positive,0.79,cơm & bánh mì nướng trung hoa
food_descriptor:ngon,ngon,food_descriptor,117526,1bdf4b1bba8d72f2,tu_1bdf4b1bba8d72f2,positive,0.96,ngon xỉu
dish:suon,sườn,dish,8919,b1a7cdf91b9deb5a,tu_b1a7cdf91b9deb5a,negative,0.91,3 miếng sườn nhỏ
dish:com,cơm,dish,8919,b1a7cdf91b9deb5a,tu_b1a7cdf91b9deb5a,negative,0.97,cơm thì nhão
food_descriptor:nhao,nhão,food_descriptor,8919,b1a7cdf91b9deb5a,tu_b1a7cdf91b9deb5a,negative,0.98,cơm thì nhão
problem:khong-hop-khau-vi,không hợp khẩu vị,problem,8919,b1a7cdf91b9deb5a,tu_b1a7cdf91b9deb5a,negative,0.95,không hợp khẩu vị
problem:phan-suon-it,phần sườn ít,problem,8919,b1a7cdf91b9deb5a,tu_b1a7cdf91b9deb5a,negative,0.9,được đúng 3 miếng sườn nhỏ
delivery_packaging:dong-goi,đóng gói,delivery_packaging,8919,2ec03c52b38cb0de,tu_2ec03c52b38cb0de,positive,0.96,đóng gói tốt
food_descriptor:kha-ngon,khá ngon,food_descriptor,8919,56e3849f555a59df,tu_56e3849f555a59df,positive,0.93,khá ngon
dish:com-suon,cơm sườn,dish,8919,18b48fefad4016c1,tu_18b48fefad4016c1,positive,0.92,cơm sườn ổn
food_descriptor:man,mặn,food_descriptor,8919,18b48fefad4016c1,tu_18b48fefad4016c1,negative,0.9,hơi mặn
dish:com,cơm,dish,8919,18b48fefad4016c1,tu_18b48fefad4016c1,neutral,0.71,ăn với cơm ok
dish:com-ba-chi,cơm ba chỉ,dish,8919,18b48fefad4016c1,tu_18b48fefad4016c1,negative,0.95,cơm ba chỉ
dish:tom-chua,tôm chua,dish,8919,18b48fefad4016c1,tu_18b48fefad4016c1,neutral,0.96,có tôm chua
problem:thieu-tom-chua,thiếu tôm chua,problem,8919,18b48fefad4016c1,tu_18b48fefad4016c1,negative,0.98,về không có
dish:com-thit,cơm thịt,dish,8919,18b48fefad4016c1,tu_18b48fefad4016c1,positive,0.86,cơm thịt cx ok
problem:that-vong,thất vọng,problem,8919,18b48fefad4016c1,tu_18b48fefad4016c1,negative,0.9,hơi thất vọng
dish:com,cơm,dish,8919,575dfd1b034f4fb2,tu_575dfd1b034f4fb2,positive,0.96,cơm ngon
food_descriptor:ngon,ngon,food_descriptor,8919,575dfd1b034f4fb2,tu_575dfd1b034f4fb2,positive,0.95,cơm ngon
space_quality:sach-se,sạch sẽ,space_quality,8919,575dfd1b034f4fb2,tu_575dfd1b034f4fb2,positive,0.84,nhìn sạch sẽ
price_value:gia-70k-phan-com-nay,giá 70k phần cơm này,price_value,8919,575dfd1b034f4fb2,tu_575dfd1b034f4fb2,negative,0.84,giá 70k phần cơm này là cao
price_value:hop-li,hợp lí,price_value,8919,575dfd1b034f4fb2,tu_575dfd1b034f4fb2,positive,0.82,cũng hợp lí
dish:gao,gạo,dish,8919,80099ccb265ac9e4,tu_80099ccb265ac9e4,negative,0.58,chất lượng gạo
food_descriptor:chan,chán,food_descriptor,8919,80099ccb265ac9e4,tu_80099ccb265ac9e4,negative,0.76,ăn gạo rất chán
problem:chat-luong-gao-giam-di,chất lượng gạo giảm đi,problem,8919,80099ccb265ac9e4,tu_80099ccb265ac9e4,negative,0.91,chất lượng gạo ... bị giảm đi
problem:te,tệ,problem,8919,0d86425edc92b055,tu_0d86425edc92b055,negative,0.96,tệ
food_descriptor:ngon-xiu,ngon xỉu,food_descriptor,123211,f43d051aa8af858b,tu_f43d051aa8af858b,positive,0.92,ngon xỉu
delivery_packaging:dong-goi,đóng gói,delivery_packaging,123211,1bab8c1b14db1949,tu_1bab8c1b14db1949,positive,0.96,đóng gói tốt
delivery_packaging:tot,tốt,delivery_packaging,123211,1bab8c1b14db1949,tu_1bab8c1b14db1949,positive,0.83,đóng gói tốt
price_value:dang-dong-tien,đáng đồng tiền,price_value,123211,1bab8c1b14db1949,tu_1bab8c1b14db1949,positive,0.97,đáng đồng tiền
food_descriptor:ngon-xiu,ngon xỉu,food_descriptor,123211,1bab8c1b14db1949,tu_1bab8c1b14db1949,positive,0.95,ngon xỉu
space_quality:sach-se,sạch sẽ,space_quality,123211,1bab8c1b14db1949,tu_1bab8c1b14db1949,positive,0.72,sạch sẽ
dish:bi-them,bì thêm,dish,123211,91e92ec5c322768d,tu_91e92ec5c322768d,neutral,0.66,bì thêm
problem:quen-bi-them,quên bì thêm,problem,123211,91e92ec5c322768d,tu_91e92ec5c322768d,negative,0.97,shop quên bì thêm của em
dish:com,cơm,dish,123211,50ef4362f8f8134e,tu_50ef4362f8f8134e,negative,0.97,cơm làm như vậy
food_descriptor:do,dở,food_descriptor,123211,50ef4362f8f8134e,tu_50ef4362f8f8134e,negative,0.99,quá dở
food_descriptor:cha-ra-gi,chả ra gì,food_descriptor,123211,50ef4362f8f8134e,tu_50ef4362f8f8134e,negative,0.98,ăn chả ra gì
problem:mat-khach,mất khách,problem,123211,50ef4362f8f8134e,tu_50ef4362f8f8134e,negative,0.78,mất khách
space_quality:sach-se,sạch sẽ,space_quality,111026,af52380f16d3d3e2,tu_af52380f16d3d3e2,positive,0.76,sạch sẽ
delivery_packaging:dong-goi-tot,đóng gói tốt,delivery_packaging,111026,af52380f16d3d3e2,tu_af52380f16d3d3e2,positive,0.96,đóng gói tốt
price_value:dang-dong-tien,đáng đồng tiền,price_value,111026,af52380f16d3d3e2,tu_af52380f16d3d3e2,positive,0.97,đáng đồng tiền
food_descriptor:ngon-xiu,ngon xỉu,food_descriptor,111026,af52380f16d3d3e2,tu_af52380f16d3d3e2,positive,0.93,ngon xỉu
dish:do-an,đồ ăn,dish,111026,b68a6b5bb2a419db,tu_b68a6b5bb2a419db,positive,0.93,đồ ăn như hình ăn ngon
food_descriptor:ngon,ngon,food_descriptor,111026,b68a6b5bb2a419db,tu_b68a6b5bb2a419db,positive,0.95,ăn ngon
delivery_packaging:dong-goi,đóng gói,delivery_packaging,111026,b68a6b5bb2a419db,tu_b68a6b5bb2a419db,positive,0.96,đóng gói tốt
service_quality:sach-se,sạch sẽ,service_quality,111026,b68a6b5bb2a419db,tu_b68a6b5bb2a419db,positive,0.59,sạch sẽ
delivery_packaging:dong-goi,đóng gói,delivery_packaging,111026,6f1b616bf2f06240,tu_6f1b616bf2f06240,positive,0.98,đóng gói tốt
price_value:gia,giá,price_value,111026,b7afc5d461371004,tu_b7afc5d461371004,negative,0.98,giá hơi đắt
price_value:gia,giá,price_value,111026,e8bca208b6a3c6a6,tu_e8bca208b6a3c6a6,negative,0.95,giá hơi đắt
problem:dat,đắt,problem,111026,e8bca208b6a3c6a6,tu_e8bca208b6a3c6a6,negative,0.91,hơi đắt
food_descriptor:ngon,ngon,food_descriptor,111026,e8bca208b6a3c6a6,tu_e8bca208b6a3c6a6,positive,0.87,khá ngon
dish:canh,canh,dish,111026,b8af31a85447ad32,tu_b8af31a85447ad32,neutral,0.94,đặt thêm canh
dish:trung-op,trứng ốp,dish,111026,b8af31a85447ad32,tu_b8af31a85447ad32,neutral,0.95,trứng ốp
problem:sai-thieu-mon,sai/thiếu món,problem,111026,b8af31a85447ad32,tu_b8af31a85447ad32,negative,0.99,sai/thiếu món
delivery_packaging:packaging,packaging,delivery_packaging,111026,b8af31a85447ad32,tu_b8af31a85447ad32,negative,0.76,"quán không giao, sai/thiếu món"
problem:sai-thieu-mon,sai/thiếu món,problem,111026,b5c1c207e884a049,tu_b5c1c207e884a049,negative,0.99,sai/thiếu món
delivery_packaging:packaging,packaging,delivery_packaging,111026,b5c1c207e884a049,tu_b5c1c207e884a049,negative,0.72,packaging=-1.00
dish:com,cơm,dish,111026,e09cb6ab3c43bd07,tu_e09cb6ab3c43bd07,positive,0.84,cơm đầy đặn
food_descriptor:day-dan,đầy đặn,food_descriptor,111026,e09cb6ab3c43bd07,tu_e09cb6ab3c43bd07,positive,0.91,đầy đặn
problem:it-sot-di-kem,ít sốt đi kèm,problem,111026,e09cb6ab3c43bd07,tu_e09cb6ab3c43bd07,negative,0.95,hơi ít sốt đi kèm
dish:bun-cha,bún chả,dish,27416,edd5aca45f90c75f,tu_edd5aca45f90c75f,positive,0.74,bún chả minh béo
food_descriptor:ngon-xiu,ngon xỉu,food_descriptor,27416,edd5aca45f90c75f,tu_edd5aca45f90c75f,positive,0.95,ngon xỉu
price_value:dang-dong-tien,đáng đồng tiền,price_value,27416,edd5aca45f90c75f,tu_edd5aca45f90c75f,positive,0.98,đáng đồng tiền
space_quality:sach-se,sạch sẽ,space_quality,27416,edd5aca45f90c75f,tu_edd5aca45f90c75f,positive,0.84,sạch sẽ
delivery_packaging:dong-goi-tot,đóng gói tốt,delivery_packaging,27416,edd5aca45f90c75f,tu_edd5aca45f90c75f,positive,0.98,đóng gói tốt
food_descriptor:khac,khác,food_descriptor,27416,edd5aca45f90c75f,tu_edd5aca45f90c75f,neutral,0.44,khác
problem:khong-hop-khau-vi,không hợp khẩu vị,problem,27416,869708d277976469,tu_869708d277976469,negative,0.97,không hợp khẩu vị
dish:do-an,đồ ăn,dish,136086,bb540ac59dcc1da9,tu_bb540ac59dcc1da9,positive,0.91,"đồ ăn thực tế cũng đầy đủ, ngon lắm nha"
dish:ga,gà,dish,136086,bb540ac59dcc1da9,tu_bb540ac59dcc1da9,positive,0.88,"lần sau ăn gà thì chắc chắn sẽ đặt của quán, ngon xỉu"
food_descriptor:day-du,đầy đủ,food_descriptor,136086,bb540ac59dcc1da9,tu_bb540ac59dcc1da9,positive,0.79,đồ ăn thực tế cũng đầy đủ
food_descriptor:ngon,ngon,food_descriptor,136086,bb540ac59dcc1da9,tu_bb540ac59dcc1da9,positive,0.95,"ngon lắm nha, ngon xỉu"
price_value:dang-dong-tien,đáng đồng tiền,price_value,136086,bb540ac59dcc1da9,tu_bb540ac59dcc1da9,positive,0.9,đáng đồng tiền
space_quality:sach-se,sạch sẽ,space_quality,136086,bb540ac59dcc1da9,tu_bb540ac59dcc1da9,positive,0.66,sạch sẽ
delivery_packaging:dong-goi-tot,đóng gói tốt,delivery_packaging,136086,bb540ac59dcc1da9,tu_bb540ac59dcc1da9,positive,0.92,đóng gói tốt
dish:com-ga,cơm gà,dish,117708,1ae9e217f941b937,tu_1ae9e217f941b937,positive,0.74,cơm gà cô tấm
food_descriptor:ngon-xiu,ngon xỉu,food_descriptor,117708,1ae9e217f941b937,tu_1ae9e217f941b937,positive,0.95,ngon xỉu
price_value:dang-dong-tien,đáng đồng tiền,price_value,117708,1ae9e217f941b937,tu_1ae9e217f941b937,positive,0.97,đáng đồng tiền
delivery_packaging:dong-goi-tot,đóng gói tốt,delivery_packaging,117708,1ae9e217f941b937,tu_1ae9e217f941b937,positive,0.98,đóng gói tốt
dish:bun-bo-nam-bo,bún bò nam bộ,dish,73491,c944ee5966dead06,tu_c944ee5966dead06,positive,0.67,bún bò nam bộ
dish:cac-mon-cuon,các món cuốn,dish,73491,c944ee5966dead06,tu_c944ee5966dead06,positive,0.63,các món cuốn
food_descriptor:ngon-xiu,ngon xỉu,food_descriptor,73491,c944ee5966dead06,tu_c944ee5966dead06,positive,0.96,ngon xỉu
delivery_packaging:dong-goi-tot,đóng gói tốt,delivery_packaging,73491,c944ee5966dead06,tu_c944ee5966dead06,positive,0.97,đóng gói tốt
price_value:dang-dong-tien,đáng đồng tiền,price_value,73491,c944ee5966dead06,tu_c944ee5966dead06,positive,0.95,đáng đồng tiền
space_quality:sach-se,sạch sẽ,space_quality,73491,c944ee5966dead06,tu_c944ee5966dead06,positive,0.78,sạch sẽ
dish:bun-bo-nam-bo,bún bò nam bộ,dish,73491,eab440cd5c5ab42e,tu_eab440cd5c5ab42e,positive,0.75,bún bò nam bộ
dish:cac-mon-cuon,các món cuốn,dish,73491,eab440cd5c5ab42e,tu_eab440cd5c5ab42e,positive,0.72,các món cuốn
food_descriptor:ngon,ngon,food_descriptor,73491,eab440cd5c5ab42e,tu_eab440cd5c5ab42e,positive,0.95,ngon xỉu
delivery_packaging:dong-goi,đóng gói,delivery_packaging,73491,eab440cd5c5ab42e,tu_eab440cd5c5ab42e,positive,0.96,đóng gói tốt
price_value:gia-tri-dong-tien,giá trị đồng tiền,price_value,73491,eab440cd5c5ab42e,tu_eab440cd5c5ab42e,positive,0.95,đáng đồng tiền
space_quality:sach-se,sạch sẽ,space_quality,73491,eab440cd5c5ab42e,tu_eab440cd5c5ab42e,positive,0.88,sạch sẽ
dish:bun-bo-nam-bo,bún bò nam bộ,dish,73491,bc9cf70d4d583419,tu_bc9cf70d4d583419,positive,0.79,bún bò nam bộ
dish:cac-mon-cuon,các món cuốn,dish,73491,bc9cf70d4d583419,tu_bc9cf70d4d583419,positive,0.74,các món cuốn
food_descriptor:ngon-xiu,ngon xỉu,food_descriptor,73491,bc9cf70d4d583419,tu_bc9cf70d4d583419,positive,0.94,ngon xỉu
space_quality:sach-se,sạch sẽ,space_quality,73491,bc9cf70d4d583419,tu_bc9cf70d4d583419,positive,0.9,sạch sẽ
price_value:dang-dong-tien,đáng đồng tiền,price_value,73491,bc9cf70d4d583419,tu_bc9cf70d4d583419,positive,0.95,đáng đồng tiền
delivery_packaging:dong-goi-tot,đóng gói tốt,delivery_packaging,73491,bc9cf70d4d583419,tu_bc9cf70d4d583419,positive,0.96,đóng gói tốt
dish:bun-bo-nam-bo,bún bò nam bộ,dish,73491,1cb1796668216a5e,tu_1cb1796668216a5e,positive,0.67,bún bò nam bộ
dish:cac-mon-cuon,các món cuốn,dish,73491,1cb1796668216a5e,tu_1cb1796668216a5e,positive,0.62,các món cuốn
food_descriptor:ngon-xiu,ngon xỉu,food_descriptor,73491,1cb1796668216a5e,tu_1cb1796668216a5e,positive,0.92,ngon xỉu
space_quality:sach-se,sạch sẽ,space_quality,73491,1cb1796668216a5e,tu_1cb1796668216a5e,positive,0.9,sạch sẽ
price_value:dang-dong-tien,đáng đồng tiền,price_value,73491,1cb1796668216a5e,tu_1cb1796668216a5e,positive,0.95,đáng đồng tiền
delivery_packaging:dong-goi-tot,đóng gói tốt,delivery_packaging,73491,1cb1796668216a5e,tu_1cb1796668216a5e,positive,0.96,đóng gói tốt
dish:bun-bo-nam-bo,bún bò nam bộ,dish,73491,76d151fdd76b78ff,tu_76d151fdd76b78ff,neutral,0.65,bún bò nam bộ
dish:cac-mon-cuon,các món cuốn,dish,73491,76d151fdd76b78ff,tu_76d151fdd76b78ff,neutral,0.58,các món cuốn
food_descriptor:vi-ngon,vị ngon,food_descriptor,73491,76d151fdd76b78ff,tu_76d151fdd76b78ff,positive,0.96,"vị rất ngon, ngon xỉu"
space_quality:sach-se,sạch sẽ,space_quality,73491,76d151fdd76b78ff,tu_76d151fdd76b78ff,positive,0.93,sạch sẽ
dish:mon-an,món ăn,dish,73491,a98f4265ea9ddaf0,tu_a98f4265ea9ddaf0,positive,0.72,ngon xỉu
food_descriptor:ngon-xiu,ngon xỉu,food_descriptor,73491,a98f4265ea9ddaf0,tu_a98f4265ea9ddaf0,positive,0.95,ngon xỉu
space_quality:sach-se,sạch sẽ,space_quality,73491,a98f4265ea9ddaf0,tu_a98f4265ea9ddaf0,positive,0.89,sạch sẽ
delivery_packaging:dong-goi-tot,đóng gói tốt,delivery_packaging,73491,a98f4265ea9ddaf0,tu_a98f4265ea9ddaf0,positive,0.97,đóng gói tốt
price_value:dang-dong-tien,đáng đồng tiền,price_value,73491,a98f4265ea9ddaf0,tu_a98f4265ea9ddaf0,positive,0.96,đáng đồng tiền
dish:bun-bo-nam-bo,bún bò nam bộ,dish,73491,a98f4265ea9ddaf0,tu_a98f4265ea9ddaf0,neutral,0.86,bún bò nam bộ
dish:cac-mon-cuon,các món cuốn,dish,73491,a98f4265ea9ddaf0,tu_a98f4265ea9ddaf0,neutral,0.84,các món cuốn
dish:rau-tron,rau trộn,dish,73491,38bb5de08c284f65,tu_38bb5de08c284f65,negative,0.86,ít rau trộn
problem:it-rau-tron,ít rau trộn,problem,73491,38bb5de08c284f65,tu_38bb5de08c284f65,negative,0.93,hơi ít rau trộn
price_value:worth-the-price,worth the price,price_value,8805,c636d1538cccf67b,tu_c636d1538cccf67b,positive,0.98,worth the price
space_quality:clean,clean,space_quality,8805,c636d1538cccf67b,tu_c636d1538cccf67b,positive,0.92,clean
delivery_packaging:good-packaging,good packaging,delivery_packaging,8805,c636d1538cccf67b,tu_c636d1538cccf67b,positive,0.97,good packaging
dish:banh-cuon-ga,bánh cuộn gà,dish,8805,0fd89e41c077e801,tu_0fd89e41c077e801,negative,0.95,thiếu bánh cuộn gà
problem:sai-thieu-mon,sai/thiếu món,problem,8805,0fd89e41c077e801,tu_0fd89e41c077e801,negative,0.98,sai/thiếu món
dish:khoai-tay-chien,khoai tây chiên,dish,8805,95fa46bbec89ae15,tu_95fa46bbec89ae15,neutral,0.95,khoai tây chiên
problem:giao-thieu-phan-khoai-tay-chien,giao thiếu phần khoai tây chiên,problem,8805,95fa46bbec89ae15,tu_95fa46bbec89ae15,negative,0.98,giao thiếu phần khoai tây chiên
dish:khoai-tay-chien,khoai tây chiên,dish,8805,e3ff81c0a8ab0034,tu_e3ff81c0a8ab0034,neutral,0.97,đặt khoai tây chiên
problem:van-de-don-hang,vấn đề đơn hàng,problem,8805,e3ff81c0a8ab0034,tu_e3ff81c0a8ab0034,negative,0.72,tôi đặt khoai tây chiên cơ mà?
delivery_packaging:dong-goi,đóng gói,delivery_packaging,81353,78ba0e4e05577c0f,tu_78ba0e4e05577c0f,positive,0.95,đóng gói tốt
space_quality:sach-se,sạch sẽ,space_quality,81353,78ba0e4e05577c0f,tu_78ba0e4e05577c0f,positive,0.71,sạch sẽ
price_value:dang-dong-tien,đáng đồng tiền,price_value,81353,78ba0e4e05577c0f,tu_78ba0e4e05577c0f,positive,0.96,đáng đồng tiền
food_descriptor:ngon-xiu,ngon xỉu,food_descriptor,81353,78ba0e4e05577c0f,tu_78ba0e4e05577c0f,positive,0.93,ngon xỉu
food_descriptor:ngon-xiu,ngon xỉu,food_descriptor,81353,f5f8bb345d03b1a6,tu_f5f8bb345d03b1a6,positive,0.95,ngon xỉu
delivery_packaging:dong-goi,đóng gói,delivery_packaging,81353,9a1e100ca66475c6,tu_9a1e100ca66475c6,positive,0.95,đóng gói tốt
space_quality:sach-se,sạch sẽ,space_quality,81353,9a1e100ca66475c6,tu_9a1e100ca66475c6,positive,0.72,sạch sẽ
dish:com,cơm,dish,81353,7399db057c6af863,tu_7399db057c6af863,neutral,0.9,3 phần cơm
problem:sai-thieu-mon,sai/thiếu món,problem,81353,7399db057c6af863,tu_7399db057c6af863,negative,0.99,sai/thiếu món
service_quality:khong-co-mon-da-goi-them,không có món đã gọi thêm,service_quality,81353,7399db057c6af863,tu_7399db057c6af863,negative,0.86,gọi thêm 3 phần cơm mà ko có luôn
dish:com-them,cơm thêm,dish,81353,c05118b708144394,tu_c05118b708144394,neutral,0.86,cơm thêm
problem:khong-co-com-them,không có cơm thêm,problem,81353,c05118b708144394,tu_c05118b708144394,negative,0.95,cơm thêm ko có
problem:hoi-it,hơi ít,problem,81353,e1ecc169314d8f9c,tu_e1ecc169314d8f9c,negative,0.9,hơi ít
dish:ca-kho,cá kho,dish,81353,7234737a63a66801,tu_7234737a63a66801,negative,0.95,cá kho
problem:bo-tu-lanh-ra-chua-ham-nong,bỏ tủ lạnh ra chưa hâm nóng,problem,81353,7234737a63a66801,tu_7234737a63a66801,negative,0.97,bỏ tủ lạnh ra chưa hâm nóng
dish:bun,bún,dish,77167,637001e949170ee7,tu_637001e949170ee7,negative,0.95,bát bún dở
dish:cha,chả,dish,77167,637001e949170ee7,tu_637001e949170ee7,negative,0.95,chả thì hôi
dish:nuoc,nước,dish,77167,637001e949170ee7,tu_637001e949170ee7,negative,0.76,nước nhạt toẹt
food_descriptor:do,dở,food_descriptor,77167,637001e949170ee7,tu_637001e949170ee7,negative,0.94,bún dở
food_descriptor:nhat-toet,nhạt toẹt,food_descriptor,77167,637001e949170ee7,tu_637001e949170ee7,negative,0.98,nước nhạt toẹt
food_descriptor:hoi,hôi,food_descriptor,77167,637001e949170ee7,tu_637001e949170ee7,negative,0.98,chả thì hôi
food_descriptor:khong-hop-khau-vi,không hợp khẩu vị,food_descriptor,77167,637001e949170ee7,tu_637001e949170ee7,negative,0.9,không hợp khẩu vị
delivery_packaging:dong-goi-chua-tot,đóng gói chưa tốt,delivery_packaging,77167,637001e949170ee7,tu_637001e949170ee7,negative,0.96,đóng gói chưa tốt
problem:sai-thieu-mon,sai/thiếu món,problem,77167,637001e949170ee7,tu_637001e949170ee7,negative,0.98,sai/thiếu món
problem:khong-dam-bao-ve-sinh,không đảm bảo vệ sinh,problem,77167,637001e949170ee7,tu_637001e949170ee7,negative,0.98,không đảm bảo vệ sinh
dish:my-ga-tan,mỳ gà tần,dish,77167,42015e402861f25e,tu_42015e402861f25e,positive,0.94,tên quán: mỳ gà tần
dish:bun-cha,bún chả,dish,77167,42015e402861f25e,tu_42015e402861f25e,positive,0.94,tên quán: ... bún chả
food_descriptor:ngon-xiu,ngon xỉu,food_descriptor,77167,42015e402861f25e,tu_42015e402861f25e,positive,0.89,ngon xỉu
price_value:dang-dong-tien,đáng đồng tiền,price_value,77167,42015e402861f25e,tu_42015e402861f25e,positive,0.93,đáng đồng tiền
delivery_packaging:dong-goi-tot,đóng gói tốt,delivery_packaging,77167,42015e402861f25e,tu_42015e402861f25e,positive,0.95,đóng gói tốt
space_quality:sach-se,sạch sẽ,space_quality,77167,42015e402861f25e,tu_42015e402861f25e,positive,0.84,sạch sẽ
dish:my-ga-tan,mỳ gà tần,dish,77167,037524472026eec6,tu_037524472026eec6,neutral,0.72,tên quán: mỳ gà tần & bún chả
dish:bun-cha,bún chả,dish,77167,037524472026eec6,tu_037524472026eec6,neutral,0.72,tên quán: mỳ gà tần & bún chả
food_descriptor:ngon,ngon,food_descriptor,77167,037524472026eec6,tu_037524472026eec6,positive,0.88,khá ngon
service_quality:service,service,service_quality,77167,37dc594557b05e4d,tu_37dc594557b05e4d,negative,0.91,không làm đúng ghi chú
problem:khong-lam-dung-ghi-chu,không làm đúng ghi chú,problem,77167,37dc594557b05e4d,tu_37dc594557b05e4d,negative,0.98,không làm đúng ghi chú
dish:bun,bún,dish,77167,df3146b29c947b8c,tu_df3146b29c947b8c,neutral,0.93,gọi thêm bún
problem:khong-co-them,không có thêm,problem,77167,df3146b29c947b8c,tu_df3146b29c947b8c,negative,0.95,không có thêm
dish:my-ga-tan-bun-cha,mỳ gà tần & bún chả,dish,77167,1cd3cd847de23872,tu_1cd3cd847de23872,negative,0.74,tên quán: mỳ gà tần & bún chả
food_descriptor:do,dở,food_descriptor,77167,1cd3cd847de23872,tu_1cd3cd847de23872,negative,0.98,dở đ thể chịu được
dish:my-ga-tan,mỳ gà tần,dish,77167,8f06f7380fc78aef,tu_8f06f7380fc78aef,neutral,0.84,tên quán: mỳ gà tần & bún chả
dish:bun-cha,bún chả,dish,77167,8f06f7380fc78aef,tu_8f06f7380fc78aef,neutral,0.84,tên quán: mỳ gà tần & bún chả
problem:lan,lẫn,problem,77167,8f06f7380fc78aef,tu_8f06f7380fc78aef,negative,0.51,lại cho thành lẫn
dish:pepsi,pepsi,dish,77167,6ec891d1b3d24f34,tu_6ec891d1b3d24f34,negative,0.95,đặt pepsi
problem:khong-co,không có,problem,77167,6ec891d1b3d24f34,tu_6ec891d1b3d24f34,negative,0.97,k có
dish:pho-ga,phở gà,dish,32462,cb4db1067d0ce76a,tu_cb4db1067d0ce76a,positive,0.88,phở gà
dish:pho-tron,phở trộn,dish,32462,cb4db1067d0ce76a,tu_cb4db1067d0ce76a,positive,0.88,phở trộn
food_descriptor:ngon-xiu,ngon xỉu,food_descriptor,32462,cb4db1067d0ce76a,tu_cb4db1067d0ce76a,positive,0.97,ngon xỉu
dish:pho-ga,phở gà,dish,32462,d81395a588c6ff06,tu_d81395a588c6ff06,positive,0.88,phở gà
dish:pho-tron,phở trộn,dish,32462,d81395a588c6ff06,tu_d81395a588c6ff06,positive,0.88,phở trộn
food_descriptor:ngon-xiu,ngon xỉu,food_descriptor,32462,d81395a588c6ff06,tu_d81395a588c6ff06,positive,0.93,ngon xỉu
price_value:dang-dong-tien,đáng đồng tiền,price_value,32462,d81395a588c6ff06,tu_d81395a588c6ff06,positive,0.95,đáng đồng tiền
delivery_packaging:dong-goi-tot,đóng gói tốt,delivery_packaging,32462,d81395a588c6ff06,tu_d81395a588c6ff06,positive,0.95,đóng gói tốt
dish:pho-ga,phở gà,dish,32462,e80a0562b0175f9c,tu_e80a0562b0175f9c,positive,0.86,phở gà
dish:pho-tron,phở trộn,dish,32462,e80a0562b0175f9c,tu_e80a0562b0175f9c,positive,0.86,phở trộn
dish:ot,ớt,dish,32462,e80a0562b0175f9c,tu_e80a0562b0175f9c,positive,0.72,ớt đỉnh của chóp
food_descriptor:dinh-cua-chop,đỉnh của chóp,food_descriptor,32462,e80a0562b0175f9c,tu_e80a0562b0175f9c,positive,0.93,đỉnh của chóp
food_descriptor:ngon-xiu,ngon xỉu,food_descriptor,32462,e80a0562b0175f9c,tu_e80a0562b0175f9c,positive,0.97,ngon xỉu
price_value:dang-dong-tien,đáng đồng tiền,price_value,32462,e80a0562b0175f9c,tu_e80a0562b0175f9c,positive,0.95,đáng đồng tiền
space_quality:sach-se,sạch sẽ,space_quality,32462,e80a0562b0175f9c,tu_e80a0562b0175f9c,positive,0.84,sạch sẽ
delivery_packaging:dong-goi-tot,đóng gói tốt,delivery_packaging,32462,e80a0562b0175f9c,tu_e80a0562b0175f9c,positive,0.94,đóng gói tốt
dish:pho-ga,phở gà,dish,32462,4015fbfec5ebc09e,tu_4015fbfec5ebc09e,neutral,0.88,phở gà
dish:pho-tron,phở trộn,dish,32462,4015fbfec5ebc09e,tu_4015fbfec5ebc09e,neutral,0.88,phở trộn
food_descriptor:ngon-xiu,ngon xỉu,food_descriptor,32462,4015fbfec5ebc09e,tu_4015fbfec5ebc09e,positive,0.95,ngon xỉu
price_value:dang-dong-tien,đáng đồng tiền,price_value,32462,4015fbfec5ebc09e,tu_4015fbfec5ebc09e,positive,0.97,đáng đồng tiền
space_quality:sach-se,sạch sẽ,space_quality,32462,4015fbfec5ebc09e,tu_4015fbfec5ebc09e,positive,0.9,sạch sẽ
delivery_packaging:dong-goi-tot,đóng gói tốt,delivery_packaging,32462,4015fbfec5ebc09e,tu_4015fbfec5ebc09e,positive,0.96,đóng gói tốt
price_value:dang-dong-tien,đáng đồng tiền,price_value,32462,ee61a20cef33c981,tu_ee61a20cef33c981,positive,0.97,đáng đồng tiền
delivery_packaging:dong-goi-tot,đóng gói tốt,delivery_packaging,32462,ee61a20cef33c981,tu_ee61a20cef33c981,positive,0.99,đóng gói tốt
dish:pho-ga,phở gà,dish,32462,3e3e1f3a2945417a,tu_3e3e1f3a2945417a,positive,0.92,phở gà
dish:pho-tron,phở trộn,dish,32462,3e3e1f3a2945417a,tu_3e3e1f3a2945417a,positive,0.92,phở trộn
food_descriptor:ngon,ngon,food_descriptor,32462,3e3e1f3a2945417a,tu_3e3e1f3a2945417a,positive,0.95,ngon xỉu
price_value:dang-dong-tien,đáng đồng tiền,price_value,32462,3e3e1f3a2945417a,tu_3e3e1f3a2945417a,positive,0.97,đáng đồng tiền
dish:pho,phở,dish,32462,948acd1ca53c415d,tu_948acd1ca53c415d,negative,0.93,phở hôm nay bị chua
food_descriptor:chua,chua,food_descriptor,32462,948acd1ca53c415d,tu_948acd1ca53c415d,negative,0.97,bị chua
problem:pho-bi-chua,phở bị chua,problem,32462,948acd1ca53c415d,tu_948acd1ca53c415d,negative,0.91,phở hôm nay bị chua
delivery_packaging:dong-goi,đóng gói,delivery_packaging,77657,39d9bcb2cfdb725d,tu_39d9bcb2cfdb725d,negative,0.97,đóng gói chưa tốt
price_value:gia,giá,price_value,77657,39d9bcb2cfdb725d,tu_39d9bcb2cfdb725d,negative,0.95,giá hơi đắt
food_descriptor:ngon,ngon,food_descriptor,77657,39d9bcb2cfdb725d,tu_39d9bcb2cfdb725d,positive,0.82,khá ngon
problem:chua-tot,chưa tốt,problem,77657,39d9bcb2cfdb725d,tu_39d9bcb2cfdb725d,negative,0.88,đóng gói chưa tốt
problem:hoi-dat,hơi đắt,problem,77657,39d9bcb2cfdb725d,tu_39d9bcb2cfdb725d,negative,0.9,giá hơi đắt
dish:quay,quẩy,dish,23407,91e919312e5cfb1e,tu_91e919312e5cfb1e,negative,0.96,quẩy 4 cái mà quán thiếu
problem:thieu-mon,thiếu món,problem,23407,91e919312e5cfb1e,tu_91e919312e5cfb1e,negative,0.99,"quán thiếu, sai/thiếu món"
problem:sai-thieu-mon,sai/thiếu món,problem,23407,91e919312e5cfb1e,tu_91e919312e5cfb1e,negative,0.98,sai/thiếu món
dish:pho-bo,phở bò,dish,23407,a9f3815e52090b32,tu_a9f3815e52090b32,positive,0.77,phở bò 33
food_descriptor:ngon-xiu,ngon xỉu,food_descriptor,23407,a9f3815e52090b32,tu_a9f3815e52090b32,positive,0.98,ngon xỉu
price_value:dang-dong-tien,đáng đồng tiền,price_value,23407,a9f3815e52090b32,tu_a9f3815e52090b32,positive,0.97,đáng đồng tiền
space_quality:sach-se,sạch sẽ,space_quality,23407,a9f3815e52090b32,tu_a9f3815e52090b32,positive,0.88,sạch sẽ
delivery_packaging:dong-goi-tot,đóng gói tốt,delivery_packaging,23407,a9f3815e52090b32,tu_a9f3815e52090b32,positive,0.97,đóng gói tốt
problem:sai-thieu-mon,sai/thiếu món,problem,23407,f79b1790f6fab7d4,tu_f79b1790f6fab7d4,negative,0.98,sai/thiếu món
delivery_packaging:dong-goi,đóng gói,delivery_packaging,23407,f15967662327b478,tu_f15967662327b478,negative,0.96,đóng gói chưa tốt
problem:chua-tot,chưa tốt,problem,23407,f15967662327b478,tu_f15967662327b478,negative,0.92,chưa tốt
dish:quay,quẩy,dish,23407,9463de47ed7f9ebf,tu_9463de47ed7f9ebf,negative,0.95,đặt thêm quẩy đều ko hề có
problem:sai-thieu-mon,sai/thiếu món,problem,23407,9463de47ed7f9ebf,tu_9463de47ed7f9ebf,negative,0.99,sai/thiếu món
food_descriptor:khong-hanh,không hành,food_descriptor,23407,4cfd426c76abc347,tu_4cfd426c76abc347,neutral,0.83,đã note là không hành
food_descriptor:hanh,hành,food_descriptor,23407,4cfd426c76abc347,tu_4cfd426c76abc347,negative,0.76,quán thừa hành
service_quality:khong-lam-dung-ghi-chu,không làm đúng ghi chú,service_quality,23407,4cfd426c76abc347,tu_4cfd426c76abc347,negative,0.96,không làm đúng ghi chú
problem:cho-hanh-du-da-note-khong-hanh,cho hành dù đã note không hành,problem,23407,4cfd426c76abc347,tu_4cfd426c76abc347,negative,0.95,đã note là không hành ... cho vào làm gì
dish:quay,quẩy,dish,23407,4df1cae78aeb785c,tu_4df1cae78aeb785c,negative,0.9,thiếu quẩy
problem:thieu-quay,thiếu quẩy,problem,23407,4df1cae78aeb785c,tu_4df1cae78aeb785c,negative,0.98,thiếu quẩy
problem:sai-thieu-mon,sai/thiếu món,problem,23407,4df1cae78aeb785c,tu_4df1cae78aeb785c,negative,0.99,sai/thiếu món
dish:quay,quẩy,dish,23407,335bec64fefb0700,tu_335bec64fefb0700,negative,0.88,thiếu quẩy
problem:thieu-quay,thiếu quẩy,problem,23407,335bec64fefb0700,tu_335bec64fefb0700,negative,0.95,quán thiếu quẩy
dish:thit,thịt,dish,23407,cd86b9238f201e09,tu_cd86b9238f201e09,negative,0.74,thịt
problem:co-mui,có mùi,problem,23407,cd86b9238f201e09,tu_cd86b9238f201e09,negative,0.95,có mùi
dish:quay,quẩy,dish,23407,a876bce69614436e,tu_a876bce69614436e,neutral,0.98,đặt quẩy kèm
problem:het-quay,hết quẩy,problem,23407,a876bce69614436e,tu_a876bce69614436e,negative,0.96,báo hết quẩy
price_value:hoan-lai-moi-10k,hoàn lại mỗi 10k,price_value,23407,a876bce69614436e,tu_a876bce69614436e,negative,0.93,giả lại mỗi 10k
service_quality:shipper-khong-lien-quan,shipper không liên quan,service_quality,23407,a876bce69614436e,tu_a876bce69614436e,negative,0.9,shipper bảo k liên quan
problem:an-cuop,ăn cướp,problem,23407,a876bce69614436e,tu_a876bce69614436e,negative,0.87,khác j ăn cướp
dish:banh-trang,bánh tráng,dish,15964,6dc72c6bf9e9e045,tu_6dc72c6bf9e9e045,positive,0.93,chỉ gọi bánh tráng của quán rôm
dish:mam-nem,mắm nêm,dish,15964,6dc72c6bf9e9e045,tu_6dc72c6bf9e9e045,positive,0.95,mắm nêm ngon
dish:rau,rau,dish,15964,6dc72c6bf9e9e045,tu_6dc72c6bf9e9e045,positive,0.9,nhiều rau
dish:do-an-kem,đồ ăn kèm,dish,15964,6dc72c6bf9e9e045,tu_6dc72c6bf9e9e045,negative,0.94,quán cho ít đồ ăn kèm quá
dish:dua,dứa,dish,15964,6dc72c6bf9e9e045,tu_6dc72c6bf9e9e045,negative,0.82,"(dứa, dưa chuột...)"
dish:dua-chuot,dưa chuột,dish,15964,6dc72c6bf9e9e045,tu_6dc72c6bf9e9e045,negative,0.82,"(dứa, dưa chuột...)"
food_descriptor:ngon,ngon,food_descriptor,15964,6dc72c6bf9e9e045,tu_6dc72c6bf9e9e045,positive,0.96,mắm nêm ngon
space_quality:sach-se,sạch sẽ,space_quality,15964,6dc72c6bf9e9e045,tu_6dc72c6bf9e9e045,positive,0.92,quán làm sạch sẽ
problem:it-do-an-kem,ít đồ ăn kèm,problem,15964,6dc72c6bf9e9e045,tu_6dc72c6bf9e9e045,negative,0.97,cho ít đồ ăn kèm quá
problem:khong-du-do-cuon-cung,không đủ đồ cuốn cùng,problem,15964,6dc72c6bf9e9e045,tu_6dc72c6bf9e9e045,negative,0.93,đã hết đồ cuốn cùng
dish:banh-trang-cuon-thit-heo,bánh tráng cuốn thịt heo,dish,15964,827e034eede73f5b,tu_827e034eede73f5b,positive,0.82,bánh tráng cuốn thịt heo
food_descriptor:ngon-xiu,ngon xỉu,food_descriptor,15964,827e034eede73f5b,tu_827e034eede73f5b,positive,0.97,ngon xỉu
price_value:dang-dong-tien,đáng đồng tiền,price_value,15964,827e034eede73f5b,tu_827e034eede73f5b,positive,0.98,đáng đồng tiền
space_quality:sach-se,sạch sẽ,space_quality,15964,827e034eede73f5b,tu_827e034eede73f5b,positive,0.76,sạch sẽ
delivery_packaging:dong-goi-tot,đóng gói tốt,delivery_packaging,15964,827e034eede73f5b,tu_827e034eede73f5b,positive,0.98,đóng gói tốt
dish:banh-trang-cuon-thit-heo,bánh tráng cuốn thịt heo,dish,15964,1f27a091fdcab498,tu_1f27a091fdcab498,positive,0.87,bánh tráng cuốn thịt heo
food_descriptor:ngon,ngon,food_descriptor,15964,1f27a091fdcab498,tu_1f27a091fdcab498,positive,0.93,ngon xỉu
dish:banh-trang-cuon-thit-heo,bánh tráng cuốn thịt heo,dish,15964,4dd6a9042d7d7883,tu_4dd6a9042d7d7883,neutral,0.96,bánh tráng cuốn thịt heo
problem:sai-thieu-mon,sai/thiếu món,problem,15964,4dd6a9042d7d7883,tu_4dd6a9042d7d7883,negative,0.99,sai/thiếu món
problem:khong-co-banh-trang-cuon-kieu-j,không có bánh tráng cuốn kiểu j,problem,15964,4dd6a9042d7d7883,tu_4dd6a9042d7d7883,negative,0.9,không có bánh tráng cuốn kiểu j
problem:sai-thieu-mon,sai/thiếu món,problem,15964,8b336bb7133e59c8,tu_8b336bb7133e59c8,negative,0.99,sai/thiếu món
dish:banh-trang-cuon-thit-heo,bánh tráng cuốn thịt heo,dish,15964,096b671d83d69b9a,tu_096b671d83d69b9a,neutral,0.93,bánh tráng cuốn thịt heo
problem:thieu-do-cuon,thiếu đồ cuốn,problem,15964,096b671d83d69b9a,tu_096b671d83d69b9a,negative,0.98,thiếu đồ cuốn
delivery_packaging:1-bo-cuon,1 bộ cuốn,delivery_packaging,15964,096b671d83d69b9a,tu_096b671d83d69b9a,negative,0.91,chỉ có 1 bộ cuốn
food_descriptor:ngon,ngon,food_descriptor,13998,c412ccb7388264b5,tu_c412ccb7388264b5,positive,0.93,khá ngon
problem:khong-hop-khau-vi,không hợp khẩu vị,problem,13998,be7107606db6540e,tu_be7107606db6540e,negative,0.95,không hợp khẩu vị
problem:khong-hop-khau-vi,không hợp khẩu vị,problem,13998,5f2a3bf34ea8ba70,tu_5f2a3bf34ea8ba70,negative,0.96,không hợp khẩu vị
problem:sai-thieu-mon,sai/thiếu món,problem,13998,f1b6d3eb8de589bd,tu_f1b6d3eb8de589bd,negative,0.98,sai/thiếu món
food_descriptor:nhieu-day-dan,nhiều đầy đặn,food_descriptor,13998,7e2428f5331ef228,tu_7e2428f5331ef228,positive,0.73,nhiều đầy đặn
dish:bun-cha,bún chả,dish,13998,b56375770fe88ae4,tu_b56375770fe88ae4,negative,0.96,bún chả
food_descriptor:it-thit,ít thịt,food_descriptor,13998,b56375770fe88ae4,tu_b56375770fe88ae4,negative,0.9,quá ít thịt
dish:cha-bam,chả băm,dish,13998,b56375770fe88ae4,tu_b56375770fe88ae4,negative,0.88,không có chả băm
problem:khong-co-cha-bam,không có chả băm,problem,13998,b56375770fe88ae4,tu_b56375770fe88ae4,negative,0.94,không có chả băm
delivery_packaging:1-hop,1 hộp,delivery_packaging,13998,7ebca2e266bd8501,tu_7ebca2e266bd8501,neutral,0.82,1 hộp
problem:van-co-mang,vẫn có măng,problem,13998,7ebca2e266bd8501,tu_7ebca2e266bd8501,negative,0.95,vẫn có 1 hộp có măng
problem:sai-thieu-mon,sai/thiếu món,problem,9606,81e72321f383db2d,tu_81e72321f383db2d,negative,0.97,sai/thiếu món
delivery_packaging:dong-goi,đóng gói,delivery_packaging,9606,81e72321f383db2d,tu_81e72321f383db2d,negative,0.91,đóng gói chưa tốt
problem:dong-goi-chua-tot,đóng gói chưa tốt,problem,9606,81e72321f383db2d,tu_81e72321f383db2d,negative,0.95,đóng gói chưa tốt
service_quality:tai-xe,tài xế,service_quality,9606,9665ce42ec7c38eb,tu_9665ce42ec7c38eb,positive,0.89,tài xế rất ok
food_descriptor:delicious,delicious,food_descriptor,7635,415e50fd226b34db,tu_415e50fd226b34db,positive,0.94,delicious
space_quality:sach-se,sạch sẽ,space_quality,7635,39d741319b689d59,tu_39d741319b689d59,positive,0.82,sạch sẽ
price_value:dang-dong-tien,đáng đồng tiền,price_value,7635,39d741319b689d59,tu_39d741319b689d59,positive,0.95,đáng đồng tiền
delivery_packaging:dong-goi-tot,đóng gói tốt,delivery_packaging,7635,39d741319b689d59,tu_39d741319b689d59,positive,0.97,đóng gói tốt
space_quality:sach-se,sạch sẽ,space_quality,7635,fe85c1995f538d58,tu_fe85c1995f538d58,positive,0.9,sạch sẽ
delivery_packaging:dong-goi,đóng gói,delivery_packaging,7635,fe85c1995f538d58,tu_fe85c1995f538d58,positive,0.96,đóng gói tốt
food_descriptor:ngon-xiu,ngon xỉu,food_descriptor,7635,0e9c918d8876af67,tu_0e9c918d8876af67,positive,0.96,ngon xỉu
dish:com,cơm,dish,7635,a811b728dc6ea522,tu_a811b728dc6ea522,positive,0.93,cơm ngon
food_descriptor:ngon,ngon,food_descriptor,7635,a811b728dc6ea522,tu_a811b728dc6ea522,positive,0.96,cơm ngon
space_quality:sach-se,sạch sẽ,space_quality,7635,a811b728dc6ea522,tu_a811b728dc6ea522,positive,0.84,sạch sẽ
dish:com-ga,cơm gà,dish,7635,c3be30418387e824,tu_c3be30418387e824,positive,0.65,cơm gà ba vì
food_descriptor:ngon-xiu,ngon xỉu,food_descriptor,7635,c3be30418387e824,tu_c3be30418387e824,positive,0.96,ngon xỉu
space_quality:sach-se,sạch sẽ,space_quality,7635,c3be30418387e824,tu_c3be30418387e824,positive,0.9,sạch sẽ
delivery_packaging:dong-goi-tot,đóng gói tốt,delivery_packaging,7635,c3be30418387e824,tu_c3be30418387e824,positive,0.97,đóng gói tốt
price_value:dang-dong-tien,đáng đồng tiền,price_value,7635,c3be30418387e824,tu_c3be30418387e824,positive,0.97,đáng đồng tiền
food_descriptor:ngon,ngon,food_descriptor,7635,5984248e9c90aed5,tu_5984248e9c90aed5,positive,0.9,khá ngon
dish:lap-xuong,lạp xưởng,dish,7635,c99e28227425366f,tu_c99e28227425366f,negative,0.94,lạp xưởng chua vãi ra
food_descriptor:chua,chua,food_descriptor,7635,c99e28227425366f,tu_c99e28227425366f,negative,0.97,chua vãi ra
problem:khong-hop-khau-vi,không hợp khẩu vị,problem,7635,c99e28227425366f,tu_c99e28227425366f,negative,0.92,không hợp khẩu vị
dish:com-ga,cơm gà,dish,7635,63153c03d578ca3e,tu_63153c03d578ca3e,neutral,0.63,happy food cơm gà ba vì
food_descriptor:nhieu-sot,nhiều sốt,food_descriptor,7635,63153c03d578ca3e,tu_63153c03d578ca3e,negative,0.94,nhiều sốt
food_descriptor:man,mặn,food_descriptor,7635,63153c03d578ca3e,tu_63153c03d578ca3e,negative,0.98,mặn nữa
dish:ga-sot-cay-ngot,gà sốt cay ngọt,dish,14318,e677fb99ac180115,tu_e677fb99ac180115,positive,0.94,chuẩn gà sốt cay ngọt
food_descriptor:cay-ngot,cay ngọt,food_descriptor,14318,e677fb99ac180115,tu_e677fb99ac180115,positive,0.9,sốt cay ngọt
delivery_packaging:dong-goi-can-than,đóng gói cẩn thận,delivery_packaging,14318,e677fb99ac180115,tu_e677fb99ac180115,positive,0.97,đóng gói cẩn thận
delivery_packaging:good-packaging,good packaging,delivery_packaging,14318,e677fb99ac180115,tu_e677fb99ac180115,positive,0.95,good packaging
food_descriptor:delicious,delicious,food_descriptor,14318,e677fb99ac180115,tu_e677fb99ac180115,positive,0.92,delicious
space_quality:clean,clean,space_quality,14318,e677fb99ac180115,tu_e677fb99ac180115,positive,0.62,clean
food_descriptor:delicious,delicious,food_descriptor,14318,fd332592484abb85,tu_fd332592484abb85,positive,0.95,delicious
dish:com-ga-ba-vi,cơm gà ba vì,dish,14318,95356e861b70888b,tu_95356e861b70888b,positive,0.62,tên quán: thuỷ hùng cơm gà ba vì
price_value:dang-dong-tien,đáng đồng tiền,price_value,14318,95356e861b70888b,tu_95356e861b70888b,positive,0.98,đáng đồng tiền
food_descriptor:ngon,ngon,food_descriptor,14318,95356e861b70888b,tu_95356e861b70888b,positive,0.99,ngon xỉu
dish:com-ga,cơm gà,dish,14318,9cce74a531836ebc,tu_9cce74a531836ebc,positive,0.72,thuỷ hùng cơm gà ba vì
food_descriptor:ngon,ngon,food_descriptor,14318,9cce74a531836ebc,tu_9cce74a531836ebc,positive,0.98,ngon xỉu
dish:com-ga-ba-vi,cơm gà ba vì,dish,14318,52843430239b837f,tu_52843430239b837f,neutral,0.53,tên quán: ... cơm gà ba vì
food_descriptor:kha-ngon,khá ngon,food_descriptor,14318,52843430239b837f,tu_52843430239b837f,positive,0.94,khá ngon
dish:com-ga,cơm gà,dish,14318,d250e63d6b111aab,tu_d250e63d6b111aab,negative,0.92,1 suất 55k... 3 miếng gà... một ít cơm
food_descriptor:nhat-nheo,nhạt nhẽo,food_descriptor,14318,d250e63d6b111aab,tu_d250e63d6b111aab,negative,0.96,ăn nhạt nhẽo
price_value:55k,55k,price_value,14318,d250e63d6b111aab,tu_d250e63d6b111aab,negative,0.9,1 suất 55k
problem:het-sot,hết sốt,problem,14318,d250e63d6b111aab,tu_d250e63d6b111aab,negative,0.88,quán hết sốt rồi hả?
problem:khong-cho-them-com,không cho thêm cơm,problem,14318,d250e63d6b111aab,tu_d250e63d6b111aab,negative,0.93,note xin thêm cơm nhưng ko cho
problem:it-ga,ít gà,problem,14318,d250e63d6b111aab,tu_d250e63d6b111aab,negative,0.91,3 miếng gà tí tí
problem:it-com,ít cơm,problem,14318,d250e63d6b111aab,tu_d250e63d6b111aab,negative,0.87,một ít cơm
dish:do-an,đồ ăn,dish,14318,efc1f53272ae19ea,tu_efc1f53272ae19ea,negative,0.87,đồ ăn khum được như trước nữa
problem:khong-duoc-nhu-truoc-nua,không được như trước nữa,problem,14318,efc1f53272ae19ea,tu_efc1f53272ae19ea,negative,0.9,khum được như trước nữa
price_value:55k,55k,price_value,14318,b4a007f67f95144b,tu_b4a007f67f95144b,negative,0.95,55k mà hơi ít thức ăn
problem:it-thuc-an,ít thức ăn,problem,14318,b4a007f67f95144b,tu_b4a007f67f95144b,negative,0.96,hơi ít thức ăn
dish:thit-ga,thịt gà,dish,14318,b4a007f67f95144b,tu_b4a007f67f95144b,neutral,0.98,3 miếng thịt gà nhỏ
food_descriptor:nho,nhỏ,food_descriptor,14318,b4a007f67f95144b,tu_b4a007f67f95144b,negative,0.92,miếng thịt gà nhỏ
dish:com,cơm,dish,14318,b4a007f67f95144b,tu_b4a007f67f95144b,neutral,0.97,1 bát cơm
dish:dua-muoi,dưa muối,dish,14318,b4a007f67f95144b,tu_b4a007f67f95144b,neutral,0.95,1 đũa dưa muối
dish:canh,canh,dish,14318,b4a007f67f95144b,tu_b4a007f67f95144b,neutral,0.95,1 hộp canh
dish:ga,gà,dish,14318,d5c47f173b01c665,tu_d5c47f173b01c665,negative,0.82,gà như liểu
dish:da-ga-tam-bot,da gà tẩm bột,dish,14318,d5c47f173b01c665,tu_d5c47f173b01c665,negative,0.79,da gà tẩm bột
problem:chi-co-da-ga-tam-bot,chỉ có da gà tẩm bột,problem,14318,d5c47f173b01c665,tu_d5c47f173b01c665,negative,0.88,chỉ có da gà tẩm bột
food_descriptor:ngon,ngon,food_descriptor,111742,9fdbf090d288e2f7,tu_9fdbf090d288e2f7,positive,0.94,ngon xỉu
delivery_packaging:dong-goi,đóng gói,delivery_packaging,111742,9fdbf090d288e2f7,tu_9fdbf090d288e2f7,positive,0.96,đóng gói tốt
price_value:dang-dong-tien,đáng đồng tiền,price_value,111742,9fdbf090d288e2f7,tu_9fdbf090d288e2f7,positive,0.95,đáng đồng tiền
space_quality:sach-se,sạch sẽ,space_quality,111742,9fdbf090d288e2f7,tu_9fdbf090d288e2f7,positive,0.82,sạch sẽ
space_quality:sach-se,sạch sẽ,space_quality,111742,593526869d275daa,tu_593526869d275daa,positive,0.96,sạch sẽ
service_quality:dich-vu,dịch vụ,service_quality,111742,dc0c9280e77f6db3,tu_dc0c9280e77f6db3,positive,0.95,hỗ trợ nhiệt tình
food_descriptor:ngon-xiu,ngon xỉu,food_descriptor,22847,b63b4509f581e012,tu_b63b4509f581e012,positive,0.96,ngon xỉu
food_descriptor:ngon-xiu,ngon xỉu,food_descriptor,22847,6d243149dddb27e1,tu_6d243149dddb27e1,positive,0.97,ngon xỉu
price_value:dang-dong-tien,đáng đồng tiền,price_value,22847,6d243149dddb27e1,tu_6d243149dddb27e1,positive,0.96,đáng đồng tiền
delivery_packaging:dong-goi-tot,đóng gói tốt,delivery_packaging,22847,6d243149dddb27e1,tu_6d243149dddb27e1,positive,0.98,đóng gói tốt
space_quality:sach-se,sạch sẽ,space_quality,22847,6d243149dddb27e1,tu_6d243149dddb27e1,positive,0.72,sạch sẽ
food_descriptor:ngon-xiu,ngon xỉu,food_descriptor,22847,f751e4062a20767b,tu_f751e4062a20767b,positive,0.94,ngon xỉu
space_quality:sach-se,sạch sẽ,space_quality,22847,f751e4062a20767b,tu_f751e4062a20767b,positive,0.58,sạch sẽ
delivery_packaging:dong-goi-tot,đóng gói tốt,delivery_packaging,22847,f751e4062a20767b,tu_f751e4062a20767b,positive,0.95,đóng gói tốt
price_value:dang-dong-tien,đáng đồng tiền,price_value,22847,f751e4062a20767b,tu_f751e4062a20767b,positive,0.97,đáng đồng tiền
dish:nuoc,nước,dish,22847,957d4a6cffefce74,tu_957d4a6cffefce74,neutral,0.71,ghi kèm nước
food_descriptor:ngon,ngon,food_descriptor,22847,957d4a6cffefce74,tu_957d4a6cffefce74,positive,0.86,khá ngon
problem:khong-co-nuoc-kem,không có nước kèm,problem,22847,957d4a6cffefce74,tu_957d4a6cffefce74,negative,0.93,ghi kèm nước nhưng ko có
food_descriptor:ngon,ngon,food_descriptor,22847,86899308597503b9,tu_86899308597503b9,positive,0.87,khá ngon
dish:mon,món,dish,22847,14744ad4fbee2cd3,tu_14744ad4fbee2cd3,neutral,0.57,sai/thiếu món
service_quality:service,service,service_quality,22847,14744ad4fbee2cd3,tu_14744ad4fbee2cd3,negative,0.91,không làm đúng ghi chú
problem:sai-thieu-mon,sai/thiếu món,problem,22847,14744ad4fbee2cd3,tu_14744ad4fbee2cd3,negative,0.96,sai/thiếu món
problem:khong-lam-dung-ghi-chu,không làm đúng ghi chú,problem,22847,14744ad4fbee2cd3,tu_14744ad4fbee2cd3,negative,0.98,không làm đúng ghi chú
food_descriptor:khong-ngon,không ngon,food_descriptor,22847,2201f96067052bf0,tu_2201f96067052bf0,negative,0.98,ko ngon
dish:com,cơm,dish,22847,3cb75749f81c10c9,tu_3cb75749f81c10c9,negative,0.92,cơm ko bằg xuất cơm bụi 30k
price_value:30k,30k,price_value,22847,3cb75749f81c10c9,tu_3cb75749f81c10c9,negative,0.72,xuất cơm bụi 30k
food_descriptor:chan,chán,food_descriptor,22847,3cb75749f81c10c9,tu_3cb75749f81c10c9,negative,0.95,ăn chán
dish:pho,phở,dish,80180,798f136b8ceeecb0,tu_798f136b8ceeecb0,neutral,0.78,phở
dish:mi,mì,dish,80180,798f136b8ceeecb0,tu_798f136b8ceeecb0,neutral,0.74,mì
dish:mien-tron,miến trộn,dish,80180,798f136b8ceeecb0,tu_798f136b8ceeecb0,neutral,0.8,miến trộn
food_descriptor:ngon-xiu,ngon xỉu,food_descriptor,80180,798f136b8ceeecb0,tu_798f136b8ceeecb0,positive,0.94,ngon xỉu
delivery_packaging:dong-goi-tot,đóng gói tốt,delivery_packaging,80180,798f136b8ceeecb0,tu_798f136b8ceeecb0,positive,0.97,đóng gói tốt
price_value:dang-dong-tien,đáng đồng tiền,price_value,80180,798f136b8ceeecb0,tu_798f136b8ceeecb0,positive,0.95,đáng đồng tiền
dish:pho,phở,dish,80180,c1f057706fd752df,tu_c1f057706fd752df,neutral,0.86,phở
dish:mi-tron,mì trộn,dish,80180,c1f057706fd752df,tu_c1f057706fd752df,neutral,0.8,mì & miến trộn
dish:mien-tron,miến trộn,dish,80180,c1f057706fd752df,tu_c1f057706fd752df,neutral,0.8,mì & miến trộn
food_descriptor:ngon,ngon,food_descriptor,80180,c1f057706fd752df,tu_c1f057706fd752df,positive,0.96,ngon xỉu
dish:tra-chanh-leo,trà chanh leo,dish,80180,815313be539a24b7,tu_815313be539a24b7,negative,0.96,trà chanh leo như nước lọc pha đường
food_descriptor:nhu-nuoc-loc-pha-duong,như nước lọc pha đường,food_descriptor,80180,815313be539a24b7,tu_815313be539a24b7,negative,0.93,như nước lọc pha đường
price_value:15k,15k,price_value,80180,815313be539a24b7,tu_815313be539a24b7,neutral,0.99,(15k)
food_descriptor:ngon-xiu,ngon xỉu,food_descriptor,15387,4df5a23e845e1d7a,tu_4df5a23e845e1d7a,positive,0.96,ngon xỉu
space_quality:sach-se,sạch sẽ,space_quality,15387,4df5a23e845e1d7a,tu_4df5a23e845e1d7a,positive,0.86,sạch sẽ
food_descriptor:ngon,ngon,food_descriptor,15387,1f6625b5e097c715,tu_1f6625b5e097c715,positive,0.95,ngon xỉu
delivery_packaging:dong-goi-tot,đóng gói tốt,delivery_packaging,15387,1f6625b5e097c715,tu_1f6625b5e097c715,positive,0.97,đóng gói tốt
food_descriptor:ngon,ngon,food_descriptor,15387,0bede782d2801541,tu_0bede782d2801541,positive,0.96,ngon xỉu
delivery_packaging:dong-goi,đóng gói,delivery_packaging,15387,ce1ead78f61aabe1,tu_ce1ead78f61aabe1,negative,0.96,đóng gói chưa tốt
problem:dong-goi-chua-tot,đóng gói chưa tốt,problem,15387,ce1ead78f61aabe1,tu_ce1ead78f61aabe1,negative,0.93,đóng gói chưa tốt
delivery_packaging:khong-co-dua,không có đũa,delivery_packaging,15387,07d0f17ea5c9ebfb,tu_07d0f17ea5c9ebfb,negative,0.98,không có đũa
problem:an-boc,ăn bốc,problem,15387,07d0f17ea5c9ebfb,tu_07d0f17ea5c9ebfb,negative,0.84,ăn bốc à
dish:ca,cá,dish,128678,286ea2b8637e1dcf,tu_286ea2b8637e1dcf,neutral,0.94,đặt cá
dish:thit,thịt,dish,128678,286ea2b8637e1dcf,tu_286ea2b8637e1dcf,neutral,0.91,giao thịt
dish:xuat-com,xuất cơm,dish,128678,286ea2b8637e1dcf,tu_286ea2b8637e1dcf,negative,0.78,cái xuất cơm
problem:giao-sai,giao sai,problem,128678,286ea2b8637e1dcf,tu_286ea2b8637e1dcf,negative,0.98,giao sai
problem:sai-thieu-mon,sai/thiếu món,problem,128678,286ea2b8637e1dcf,tu_286ea2b8637e1dcf,negative,0.97,sai/thiếu món
price_value:ban-dat,bán đắt,price_value,128678,286ea2b8637e1dcf,tu_286ea2b8637e1dcf,negative,0.96,bán đắt
problem:khong-thay-muon-an,không thấy muốn ăn,problem,128678,286ea2b8637e1dcf,tu_286ea2b8637e1dcf,negative,0.82,ko thấy muốn ăn
problem:khong-hop-khau-vi,không hợp khẩu vị,problem,128678,6af65a302ee9fc79,tu_6af65a302ee9fc79,negative,0.95,không hợp khẩu vị
food_descriptor:ngon-xiu,ngon xỉu,food_descriptor,7207,be71aeab48d252c9,tu_be71aeab48d252c9,positive,0.91,ngon xỉu
price_value:dang-dong-tien,đáng đồng tiền,price_value,7207,be71aeab48d252c9,tu_be71aeab48d252c9,positive,0.97,đáng đồng tiền
delivery_packaging:dong-goi-tot,đóng gói tốt,delivery_packaging,7207,be71aeab48d252c9,tu_be71aeab48d252c9,positive,0.98,đóng gói tốt
space_quality:sach-se,sạch sẽ,space_quality,7207,be71aeab48d252c9,tu_be71aeab48d252c9,positive,0.83,sạch sẽ
space_quality:sach-se,sạch sẽ,space_quality,7207,80fe969e57e93123,tu_80fe969e57e93123,positive,0.98,sạch sẽ
food_descriptor:ngon,ngon,food_descriptor,7207,640b576f86418d3c,tu_640b576f86418d3c,positive,0.9,khá ngon
price_value:gia-hoi-dat,giá hơi đắt,price_value,7207,640b576f86418d3c,tu_640b576f86418d3c,negative,0.98,giá hơi đắt
food_descriptor:ngon,ngon,food_descriptor,7207,bec48216d549c86c,tu_bec48216d549c86c,positive,0.75,khá ngon
problem:khong-lam-dung-ghi-chu,không làm đúng ghi chú,problem,32487,71a084cf74ca88a8,tu_71a084cf74ca88a8,negative,0.98,không làm đúng ghi chú
food_descriptor:nguoi-ngat,nguội ngắt,food_descriptor,32487,20f5937903ef28cb,tu_20f5937903ef28cb,negative,0.96,nguội ngơ nguội ngắt
delivery_packaging:dong-goi,đóng gói,delivery_packaging,32487,20f5937903ef28cb,tu_20f5937903ef28cb,negative,0.93,đóng gói chưa tốt
problem:dong-goi-chua-tot,đóng gói chưa tốt,problem,32487,20f5937903ef28cb,tu_20f5937903ef28cb,negative,0.95,đóng gói chưa tốt
dish:pho-ga,phở gà,dish,32487,4ce5bc6cbe59c016,tu_4ce5bc6cbe59c016,positive,0.68,tên quán: phở gà ngon 69
food_descriptor:ngon-xiu,ngon xỉu,food_descriptor,32487,4ce5bc6cbe59c016,tu_4ce5bc6cbe59c016,positive,0.96,ngon xỉu
price_value:dang-dong-tien,đáng đồng tiền,price_value,32487,4ce5bc6cbe59c016,tu_4ce5bc6cbe59c016,positive,0.98,đáng đồng tiền
location_landmark:ngo-tu-do,ngõ tự do,location_landmark,32487,4ce5bc6cbe59c016,tu_4ce5bc6cbe59c016,neutral,0.62,ngõ tự do
delivery_packaging:dong-goi,đóng gói,delivery_packaging,32487,0cd0726e36c372be,tu_0cd0726e36c372be,negative,0.96,đóng gói chưa tốt
problem:chua-tot,chưa tốt,problem,32487,0cd0726e36c372be,tu_0cd0726e36c372be,negative,0.93,chưa tốt
dish:pho,phở,dish,32487,808865eb595f078b,tu_808865eb595f078b,neutral,0.93,phở ăn cũng đc
amenity:giay-an,giấy ăn,amenity,32487,808865eb595f078b,tu_808865eb595f078b,negative,0.95,không có giấy ăn
amenity:tam,tăm,amenity,32487,808865eb595f078b,tu_808865eb595f078b,negative,0.95,không có ... tăm
problem:thieu-giay-an-va-tam,thiếu giấy ăn và tăm,problem,32487,808865eb595f078b,tu_808865eb595f078b,negative,0.97,không có giấy ăn tăm
service_quality:service,service,service_quality,32487,c7774e52f460b1d2,tu_c7774e52f460b1d2,negative,0.88,service=-0.75
problem:cho-lac-du-da-note-khong-lac,cho lạc dù đã note không lạc,problem,32487,c7774e52f460b1d2,tu_c7774e52f460b1d2,negative,0.96,note k lạc lại cho lạc
food_descriptor:ngon-xiu,ngon xỉu,food_descriptor,11305,f74a72e4013eed14,tu_f74a72e4013eed14,positive,0.94,ngon xỉu
delivery_packaging:dong-goi-tot,đóng gói tốt,delivery_packaging,11305,f74a72e4013eed14,tu_f74a72e4013eed14,positive,0.97,đóng gói tốt
space_quality:sach-se,sạch sẽ,space_quality,11305,f74a72e4013eed14,tu_f74a72e4013eed14,positive,0.76,sạch sẽ
price_value:dang-dong-tien,đáng đồng tiền,price_value,11305,f74a72e4013eed14,tu_f74a72e4013eed14,positive,0.96,đáng đồng tiền
food_descriptor:ngon-xiu,ngon xỉu,food_descriptor,11305,9c327797f3ff4c53,tu_9c327797f3ff4c53,positive,0.97,ngon xỉu
price_value:dang-dong-tien,đáng đồng tiền,price_value,11305,9c327797f3ff4c53,tu_9c327797f3ff4c53,positive,0.97,đáng đồng tiền
delivery_packaging:dong-goi-tot,đóng gói tốt,delivery_packaging,11305,9c327797f3ff4c53,tu_9c327797f3ff4c53,positive,0.98,đóng gói tốt
space_quality:sach-se,sạch sẽ,space_quality,11305,9c327797f3ff4c53,tu_9c327797f3ff4c53,positive,0.83,sạch sẽ
dish:com,cơm,dish,11305,e953a4dafeb929aa,tu_e953a4dafeb929aa,positive,0.95,"cơm ngon, đầy đặn"
dish:cac-mon,các món,dish,11305,e953a4dafeb929aa,tu_e953a4dafeb929aa,positive,0.87,các món nêm nếm rất vừa vị
food_descriptor:ngon,ngon,food_descriptor,11305,e953a4dafeb929aa,tu_e953a4dafeb929aa,positive,0.96,cơm ngon
food_descriptor:day-dan,đầy đặn,food_descriptor,11305,e953a4dafeb929aa,tu_e953a4dafeb929aa,positive,0.9,đầy đặn
food_descriptor:vua-vi,vừa vị,food_descriptor,11305,e953a4dafeb929aa,tu_e953a4dafeb929aa,positive,0.94,rất vừa vị
food_descriptor:ngon-xiu,ngon xỉu,food_descriptor,133169,d467af80565ae273,tu_d467af80565ae273,positive,0.97,ngon xỉu
price_value:dang-dong-tien,đáng đồng tiền,price_value,133169,d467af80565ae273,tu_d467af80565ae273,positive,0.98,đáng đồng tiền
delivery_packaging:dong-goi-tot,đóng gói tốt,delivery_packaging,133169,d467af80565ae273,tu_d467af80565ae273,positive,0.98,đóng gói tốt
dish:ga-ran,gà rán,dish,133169,3df0515e8651851d,tu_3df0515e8651851d,neutral,0.72,gà rán
food_descriptor:delicious,delicious,food_descriptor,133169,3df0515e8651851d,tu_3df0515e8651851d,positive,0.93,pretty delicious
dish:nuoc,nước,dish,13003,bed47c8e2a47b78a,tu_bed47c8e2a47b78a,negative,0.71,thiếu nước
dish:mon,món,dish,13003,bed47c8e2a47b78a,tu_bed47c8e2a47b78a,negative,0.74,sai/thiếu món
problem:thieu-nuoc,thiếu nước,problem,13003,bed47c8e2a47b78a,tu_bed47c8e2a47b78a,negative,0.93,thiếu nước
problem:sai-thieu-mon,sai/thiếu món,problem,13003,bed47c8e2a47b78a,tu_bed47c8e2a47b78a,negative,0.96,sai/thiếu món
price_value:dang-dong-tien,đáng đồng tiền,price_value,13003,efdcec3d6ca3fda4,tu_efdcec3d6ca3fda4,positive,0.98,đáng đồng tiền
delivery_packaging:dong-goi-tot,đóng gói tốt,delivery_packaging,13003,efdcec3d6ca3fda4,tu_efdcec3d6ca3fda4,positive,0.99,đóng gói tốt
space_quality:sach-se,sạch sẽ,space_quality,13003,efdcec3d6ca3fda4,tu_efdcec3d6ca3fda4,positive,0.72,sạch sẽ
price_value:dang-dong-tien,đáng đồng tiền,price_value,31548,6fba1b17bd2ee5ef,tu_6fba1b17bd2ee5ef,positive,0.97,đáng đồng tiền
food_descriptor:ngon-xiu,ngon xỉu,food_descriptor,31548,6fba1b17bd2ee5ef,tu_6fba1b17bd2ee5ef,positive,0.94,ngon xỉu
space_quality:sach-se,sạch sẽ,space_quality,31548,6fba1b17bd2ee5ef,tu_6fba1b17bd2ee5ef,positive,0.9,sạch sẽ
delivery_packaging:dong-goi-tot,đóng gói tốt,delivery_packaging,31548,6fba1b17bd2ee5ef,tu_6fba1b17bd2ee5ef,positive,0.95,đóng gói tốt
dish:ga-ran-han-quoc,gà rán hàn quốc,dish,31548,040c391009b86a35,tu_040c391009b86a35,positive,0.82,gà rán hàn quốc
food_descriptor:ngon-xiu,ngon xỉu,food_descriptor,31548,040c391009b86a35,tu_040c391009b86a35,positive,0.95,ngon xỉu
price_value:dang-dong-tien,đáng đồng tiền,price_value,31548,040c391009b86a35,tu_040c391009b86a35,positive,0.96,đáng đồng tiền
delivery_packaging:dong-goi-tot,đóng gói tốt,delivery_packaging,31548,040c391009b86a35,tu_040c391009b86a35,positive,0.97,đóng gói tốt
space_quality:sach-se,sạch sẽ,space_quality,31548,040c391009b86a35,tu_040c391009b86a35,positive,0.83,sạch sẽ
delivery_packaging:dong-goi-tot,đóng gói tốt,delivery_packaging,31548,93d3781eb79f5480,tu_93d3781eb79f5480,positive,0.96,đóng gói tốt
food_descriptor:ngon-xiu,ngon xỉu,food_descriptor,31548,93d3781eb79f5480,tu_93d3781eb79f5480,positive,0.93,ngon xỉu
price_value:dang-dong-tien,đáng đồng tiền,price_value,31548,93d3781eb79f5480,tu_93d3781eb79f5480,positive,0.95,đáng đồng tiền
space_quality:sach-se,sạch sẽ,space_quality,31548,93d3781eb79f5480,tu_93d3781eb79f5480,positive,0.82,sạch sẽ
dish:ga-ran-han-quoc,gà rán hàn quốc,dish,31548,0817c1308f1aca43,tu_0817c1308f1aca43,positive,0.72,tên quán: ... gà rán hàn quốc
dish:rau,rau,dish,31548,0817c1308f1aca43,tu_0817c1308f1aca43,positive,0.88,cả rau nữa
dish:cu-cai-duong,củ cải đường,dish,31548,0817c1308f1aca43,tu_0817c1308f1aca43,negative,0.95,củ cải đường hơi bị gắt quá
food_descriptor:ngon,ngon,food_descriptor,31548,0817c1308f1aca43,tu_0817c1308f1aca43,positive,0.9,ngon nha
food_descriptor:gat,gắt,food_descriptor,31548,0817c1308f1aca43,tu_0817c1308f1aca43,negative,0.94,hơi bị gắt quá
price_value:dang-dong-tien,đáng đồng tiền,price_value,31548,0817c1308f1aca43,tu_0817c1308f1aca43,positive,0.96,đáng đồng tiền
dish:ga-ran-han-quoc,gà rán hàn quốc,dish,31548,e3df0658b97464ca,tu_e3df0658b97464ca,positive,0.79,gà rán hàn quốc
food_descriptor:ngon,ngon,food_descriptor,31548,e3df0658b97464ca,tu_e3df0658b97464ca,positive,0.96,ngon xỉu
dish:ga-ran-han-quoc,gà rán hàn quốc,dish,31548,3054eb3663d89239,tu_3054eb3663d89239,positive,0.74,gà rán hàn quốc
food_descriptor:ngon,ngon,food_descriptor,31548,3054eb3663d89239,tu_3054eb3663d89239,positive,0.96,ngon
food_descriptor:vi-kem-hanh,vị kèm hành,food_descriptor,31548,3054eb3663d89239,tu_3054eb3663d89239,positive,0.84,vị kèm hành
food_descriptor:nong-hoi,nóng hổi,food_descriptor,31548,3054eb3663d89239,tu_3054eb3663d89239,positive,0.9,vẫn nóng hổi
delivery_packaging:dong-goi-can-than,đóng gói cẩn thận,delivery_packaging,31548,3054eb3663d89239,tu_3054eb3663d89239,positive,0.97,đóng gói cẩn thận
dish:ga,gà,dish,31548,1b7373debcc5b15d,tu_1b7373debcc5b15d,positive,0.96,gà juicy thơm
dish:sot-kem,sốt kem,dish,31548,1b7373debcc5b15d,tu_1b7373debcc5b15d,positive,0.92,sốt kem đỉnh chốp
food_descriptor:juicy,juicy,food_descriptor,31548,1b7373debcc5b15d,tu_1b7373debcc5b15d,positive,0.98,gà juicy
food_descriptor:thom,thơm,food_descriptor,31548,1b7373debcc5b15d,tu_1b7373debcc5b15d,positive,0.95,gà juicy thơm
food_descriptor:tuoi,tươi,food_descriptor,31548,1b7373debcc5b15d,tu_1b7373debcc5b15d,positive,0.9,kiểu tươi
food_descriptor:gion,giòn,food_descriptor,31548,1b7373debcc5b15d,tu_1b7373debcc5b15d,positive,0.95,vỏ vẫn giòn
food_descriptor:vi-uop-ngon,vị ướp ngon,food_descriptor,31548,1b7373debcc5b15d,tu_1b7373debcc5b15d,positive,0.93,vị ướp ngon
food_descriptor:ro-vi-kem-hanh,rõ vị kem hành,food_descriptor,31548,1b7373debcc5b15d,tu_1b7373debcc5b15d,positive,0.9,rõ vị kem hành
food_descriptor:ngon,ngon,food_descriptor,31548,1b7373debcc5b15d,tu_1b7373debcc5b15d,positive,0.88,làm khéo luôn ngon
food_descriptor:ngon,ngon,food_descriptor,31548,80d30b372b6d6b27,tu_80d30b372b6d6b27,positive,0.96,ngon
price_value:gia-tri-gia-ca,giá trị giá cả,price_value,111500,e5b83d0297c29d3f,tu_e5b83d0297c29d3f,positive,0.94,đáng đồng tiền
dish:do-an,đồ ăn,dish,111500,e5b83d0297c29d3f,tu_e5b83d0297c29d3f,positive,0.78,ngon xỉu
food_descriptor:ngon-xiu,ngon xỉu,food_descriptor,111500,e5b83d0297c29d3f,tu_e5b83d0297c29d3f,positive,0.9,ngon xỉu
delivery_packaging:dong-goi,đóng gói,delivery_packaging,111500,e5b83d0297c29d3f,tu_e5b83d0297c29d3f,positive,0.95,đóng gói tốt
space_quality:do-sach-se,độ sạch sẽ,space_quality,111500,e5b83d0297c29d3f,tu_e5b83d0297c29d3f,positive,0.84,sạch sẽ
dish:chu-tieu-banh-mi-nuong-sot-muoi-ot,chú tiểu - bánh mì nướng sốt & muối ớt,dish,29781,e4ea3bbd095039bd,tu_e4ea3bbd095039bd,neutral,0.53,tên quán: chú tiểu - bánh mì nướng sốt & muối ớt
dish:xuc-xich,xúc xích,dish,29781,e4ea3bbd095039bd,tu_e4ea3bbd095039bd,negative,0.94,gọi thêm xúc xích mà không thấy có
problem:sai-thieu-mon,sai/thiếu món,problem,29781,e4ea3bbd095039bd,tu_e4ea3bbd095039bd,negative,0.99,sai/thiếu món
delivery_packaging:packaging,packaging,delivery_packaging,29781,e4ea3bbd095039bd,tu_e4ea3bbd095039bd,negative,0.72,packaging=-1.00
dish:banh-mi-nuong-sot-muoi-ot,bánh mì nướng sốt & muối ớt,dish,29781,80f442c8174d8bdf,tu_80f442c8174d8bdf,negative,0.93,bánh mì nướng sốt & muối ớt
food_descriptor:iu,ỉu,food_descriptor,29781,80f442c8174d8bdf,tu_80f442c8174d8bdf,negative,0.97,bánh mì ỉu
problem:khong-hop-mieng,không hợp miệng,problem,29781,80f442c8174d8bdf,tu_80f442c8174d8bdf,negative,0.89,chẳng hợp miệng lắm
delivery_packaging:dong-goi,đóng gói,delivery_packaging,29781,80f442c8174d8bdf,tu_80f442c8174d8bdf,negative,0.94,đóng gói chưa tốt
location_landmark:ngo-tu-do,ngõ tự do,location_landmark,29781,80f442c8174d8bdf,tu_80f442c8174d8bdf,neutral,0.84,ngõ tự do
dish:tron,trộn,dish,76300,ebff7c8ab618eac8,tu_ebff7c8ab618eac8,neutral,0.54,đặt trộn
dish:pho-dac-biet,phở đặc biệt,dish,76300,ebff7c8ab618eac8,tu_ebff7c8ab618eac8,negative,0.94,phở đặc biệt 70k
food_descriptor:toan-thit-trang,toàn thịt trắng,food_descriptor,76300,ebff7c8ab618eac8,tu_ebff7c8ab618eac8,negative,0.85,toàn thịt trắng
price_value:gia-70k,giá 70k,price_value,76300,ebff7c8ab618eac8,tu_ebff7c8ab618eac8,negative,0.83,70k nma
problem:day-hanh,đầy hành,problem,76300,ebff7c8ab618eac8,tu_ebff7c8ab618eac8,negative,0.92,đầy hành
problem:sai-thieu-mon,sai/thiếu món,problem,76300,ebff7c8ab618eac8,tu_ebff7c8ab618eac8,negative,0.98,sai/thiếu món
price_value:gia-tri-so-voi-gia-tien,giá trị so với giá tiền,price_value,76300,65fd2429a0f98e14,tu_65fd2429a0f98e14,positive,0.97,đáng đồng tiền
dish:pho-ga-thit-xien,phở gà & thịt xiên,dish,76300,7cd4470cec98270c,tu_7cd4470cec98270c,positive,0.84,tên quán: phở gà & thịt xiên
food_descriptor:ngon-xiu,ngon xỉu,food_descriptor,76300,7cd4470cec98270c,tu_7cd4470cec98270c,positive,0.94,ngon xỉu
delivery_packaging:dong-goi-tot,đóng gói tốt,delivery_packaging,76300,7cd4470cec98270c,tu_7cd4470cec98270c,positive,0.97,đóng gói tốt
price_value:dang-dong-tien,đáng đồng tiền,price_value,76300,7cd4470cec98270c,tu_7cd4470cec98270c,positive,0.96,đáng đồng tiền
space_quality:sach-se,sạch sẽ,space_quality,76300,7cd4470cec98270c,tu_7cd4470cec98270c,positive,0.88,sạch sẽ
dish:pho-ga,phở gà,dish,76300,985e5cc241b8f2aa,tu_985e5cc241b8f2aa,neutral,0.78,phở gà
dish:thit-xien,thịt xiên,dish,76300,985e5cc241b8f2aa,tu_985e5cc241b8f2aa,neutral,0.78,thịt xiên
space_quality:sach-se,sạch sẽ,space_quality,76300,985e5cc241b8f2aa,tu_985e5cc241b8f2aa,positive,0.98,sạch sẽ
delivery_packaging:dong-goi,đóng gói,delivery_packaging,76300,ea9bfe4bb1a445a9,tu_ea9bfe4bb1a445a9,positive,0.99,đóng gói tốt
dish:pho-ga,phở gà,dish,76300,fac2d9e2cddf5d2e,tu_fac2d9e2cddf5d2e,positive,0.73,phở gà & thịt xiên
dish:thit-xien,thịt xiên,dish,76300,fac2d9e2cddf5d2e,tu_fac2d9e2cddf5d2e,positive,0.73,phở gà & thịt xiên
food_descriptor:ngon,ngon,food_descriptor,76300,fac2d9e2cddf5d2e,tu_fac2d9e2cddf5d2e,positive,0.92,khá ngon
dish:pho-ga,phở gà,dish,76300,c0fb5ede907e36cb,tu_c0fb5ede907e36cb,positive,0.97,phở gà
dish:thit-xien,thịt xiên,dish,76300,c0fb5ede907e36cb,tu_c0fb5ede907e36cb,neutral,0.94,thịt xiên
price_value:re,rẻ,price_value,76300,c0fb5ede907e36cb,tu_c0fb5ede907e36cb,positive,0.98,săn flash sale nên rẻ
price_value:30k-1-bat,30k 1 bát,price_value,76300,c0fb5ede907e36cb,tu_c0fb5ede907e36cb,positive,0.97,có 30k 1 bát
food_descriptor:day,đầy,food_descriptor,76300,c0fb5ede907e36cb,tu_c0fb5ede907e36cb,positive,0.86,đầy
food_descriptor:nuoc-dung-ok,nước dùng ok,food_descriptor,76300,c0fb5ede907e36cb,tu_c0fb5ede907e36cb,positive,0.93,nước dùng ok
delivery_packaging:kem-chanh-goi-tuong-ot-va-dung-cu-an,kèm chanh gói tương ớt và dụng cụ ăn,delivery_packaging,76300,c0fb5ede907e36cb,tu_c0fb5ede907e36cb,positive,0.9,có kèm chanh gói tương ớt và dụng cụ ăn
food_descriptor:ngon,ngon,food_descriptor,119112,68c4b97f3a832d10,tu_68c4b97f3a832d10,positive,0.96,ngon xỉu
food_descriptor:ngon-xiu,ngon xỉu,food_descriptor,119112,50204db71358b3e4,tu_50204db71358b3e4,positive,0.93,ngon xỉu
price_value:dang-dong-tien,đáng đồng tiền,price_value,119112,50204db71358b3e4,tu_50204db71358b3e4,positive,0.98,đáng đồng tiền
space_quality:sach-se,sạch sẽ,space_quality,119112,50204db71358b3e4,tu_50204db71358b3e4,positive,0.95,sạch sẽ
dish:mon-an,món ăn,dish,119112,6fa16a1e37902ac3,tu_6fa16a1e37902ac3,positive,0.69,ngon xỉu
food_descriptor:ngon-xiu,ngon xỉu,food_descriptor,119112,6fa16a1e37902ac3,tu_6fa16a1e37902ac3,positive,0.95,ngon xỉu
price_value:dang-dong-tien,đáng đồng tiền,price_value,119112,6fa16a1e37902ac3,tu_6fa16a1e37902ac3,positive,0.97,đáng đồng tiền
space_quality:sach-se,sạch sẽ,space_quality,119112,6fa16a1e37902ac3,tu_6fa16a1e37902ac3,positive,0.77,sạch sẽ
delivery_packaging:dong-goi-tot,đóng gói tốt,delivery_packaging,119112,6fa16a1e37902ac3,tu_6fa16a1e37902ac3,positive,0.98,đóng gói tốt
price_value:gia,giá,price_value,119112,12b79296380f2b58,tu_12b79296380f2b58,negative,0.95,giá hơi đắt
problem:hoi-dat,hơi đắt,problem,119112,12b79296380f2b58,tu_12b79296380f2b58,negative,0.9,hơi đắt
dish:com,cơm,dish,119112,82c1697c6d48e083,tu_82c1697c6d48e083,positive,0.96,cơm ngon
food_descriptor:ngon,ngon,food_descriptor,119112,82c1697c6d48e083,tu_82c1697c6d48e083,positive,0.95,cơm ngon
price_value:gia,giá,price_value,119112,82c1697c6d48e083,tu_82c1697c6d48e083,negative,0.97,so với giá thì khá đắt
problem:kha-dat,khá đắt,problem,119112,82c1697c6d48e083,tu_82c1697c6d48e083,negative,0.93,khá đắt
dish:trung,trứng,dish,119112,82c1697c6d48e083,tu_82c1697c6d48e083,negative,0.88,trứng... khá là ít
dish:lap-xuong,lạp xưởng,dish,119112,82c1697c6d48e083,tu_82c1697c6d48e083,negative,0.88,lạp xưởng... khá là ít
dish:ngo,ngô,dish,119112,82c1697c6d48e083,tu_82c1697c6d48e083,negative,0.88,ngô... khá là ít
food_descriptor:it,ít,food_descriptor,119112,82c1697c6d48e083,tu_82c1697c6d48e083,negative,0.92,khá là ít
dish:bun-cha,bún chả,dish,114792,8b07145453db095c,tu_8b07145453db095c,neutral,0.89,bún chả
dish:nem-ran,nem rán,dish,114792,8b07145453db095c,tu_8b07145453db095c,neutral,0.88,nem rán
food_descriptor:ngon,ngon,food_descriptor,114792,8b07145453db095c,tu_8b07145453db095c,positive,0.95,ngon xỉu
price_value:dang-dong-tien,đáng đồng tiền,price_value,114792,8b07145453db095c,tu_8b07145453db095c,positive,0.97,đáng đồng tiền
dish:bun-cha,bún chả,dish,114792,d0944df2b028f422,tu_d0944df2b028f422,neutral,0.89,bún chả
dish:nem-ran,nem rán,dish,114792,d0944df2b028f422,tu_d0944df2b028f422,neutral,0.86,nem rán
food_descriptor:ngon-xiu,ngon xỉu,food_descriptor,114792,d0944df2b028f422,tu_d0944df2b028f422,positive,0.95,ngon xỉu
price_value:dang-dong-tien,đáng đồng tiền,price_value,114792,d0944df2b028f422,tu_d0944df2b028f422,positive,0.97,đáng đồng tiền
delivery_packaging:dong-goi-tot,đóng gói tốt,delivery_packaging,114792,d0944df2b028f422,tu_d0944df2b028f422,positive,0.98,đóng gói tốt
dish:bun-cha,bún chả,dish,114792,fde9fd6e180c5a12,tu_fde9fd6e180c5a12,neutral,0.63,bún chả
dish:nem-ran,nem rán,dish,114792,fde9fd6e180c5a12,tu_fde9fd6e180c5a12,neutral,0.63,nem rán
price_value:dang-dong-tien,đáng đồng tiền,price_value,114792,fde9fd6e180c5a12,tu_fde9fd6e180c5a12,positive,0.96,đáng đồng tiền
dish:bun-cha,bún chả,dish,114792,b8d53c6e0c5f6c25,tu_b8d53c6e0c5f6c25,positive,0.66,bún chả
dish:nem-ran,nem rán,dish,114792,b8d53c6e0c5f6c25,tu_b8d53c6e0c5f6c25,positive,0.66,nem rán
food_descriptor:ngon-xiu,ngon xỉu,food_descriptor,114792,b8d53c6e0c5f6c25,tu_b8d53c6e0c5f6c25,positive,0.98,ngon xỉu
price_value:dang-dong-tien,đáng đồng tiền,price_value,114792,b8d53c6e0c5f6c25,tu_b8d53c6e0c5f6c25,positive,0.97,đáng đồng tiền
space_quality:sach-se,sạch sẽ,space_quality,114792,b8d53c6e0c5f6c25,tu_b8d53c6e0c5f6c25,positive,0.9,sạch sẽ
delivery_packaging:dong-goi-tot,đóng gói tốt,delivery_packaging,114792,b8d53c6e0c5f6c25,tu_b8d53c6e0c5f6c25,positive,0.96,đóng gói tốt
dish:thit,thịt,dish,114792,dcc9212997c4958d,tu_dcc9212997c4958d,negative,0.94,thịt ... bị cháy
dish:nem,nem,dish,114792,dcc9212997c4958d,tu_dcc9212997c4958d,negative,0.94,nem bị cháy
food_descriptor:chay,cháy,food_descriptor,114792,dcc9212997c4958d,tu_dcc9212997c4958d,negative,0.97,bị cháy
food_descriptor:khong-ngon,không ngon,food_descriptor,114792,dcc9212997c4958d,tu_dcc9212997c4958d,negative,0.95,không ngon như mọi lần đặt
dish:goi-cuon-mam-nem,gỏi cuốn mắm nêm,dish,17056,8cfc82905de43983,tu_8cfc82905de43983,positive,0.92,gỏi cuốn mắm nêm
food_descriptor:ngon,ngon,food_descriptor,17056,8cfc82905de43983,tu_8cfc82905de43983,positive,0.98,ngon xỉu
dish:goi-cuon-mam-nem,gỏi cuốn mắm nêm,dish,17056,34eb0d07f58f023e,tu_34eb0d07f58f023e,positive,0.78,gỏi cuốn mắm nêm
food_descriptor:ngon-xiu,ngon xỉu,food_descriptor,17056,34eb0d07f58f023e,tu_34eb0d07f58f023e,positive,0.96,ngon xỉu
price_value:dang-dong-tien,đáng đồng tiền,price_value,17056,34eb0d07f58f023e,tu_34eb0d07f58f023e,positive,0.97,đáng đồng tiền
space_quality:sach-se,sạch sẽ,space_quality,17056,34eb0d07f58f023e,tu_34eb0d07f58f023e,positive,0.94,sạch sẽ
dish:goi-cuon-mam-nem,gỏi cuốn mắm nêm,dish,17056,e905093099292f01,tu_e905093099292f01,positive,0.67,gỏi cuốn mắm nêm
food_descriptor:ngon,ngon,food_descriptor,17056,e905093099292f01,tu_e905093099292f01,positive,0.93,ngon xỉu
space_quality:sach-se,sạch sẽ,space_quality,17056,e905093099292f01,tu_e905093099292f01,positive,0.88,sạch sẽ
delivery_packaging:dong-goi-tot,đóng gói tốt,delivery_packaging,17056,e905093099292f01,tu_e905093099292f01,positive,0.95,đóng gói tốt
dish:goi-cuon-mam-nem,gỏi cuốn mắm nêm,dish,17056,289cbe10daa8c0de,tu_289cbe10daa8c0de,neutral,0.62,gỏi cuốn mắm nêm
delivery_packaging:dong-goi-tot,đóng gói tốt,delivery_packaging,17056,289cbe10daa8c0de,tu_289cbe10daa8c0de,positive,0.96,đóng gói tốt
space_quality:sach-se,sạch sẽ,space_quality,17056,289cbe10daa8c0de,tu_289cbe10daa8c0de,positive,0.79,sạch sẽ
price_value:dang-dong-tien,đáng đồng tiền,price_value,17056,289cbe10daa8c0de,tu_289cbe10daa8c0de,positive,0.95,đáng đồng tiền
dish:nuoc-cham,nước chấm,dish,17056,449b0f0343ef7f0d,tu_449b0f0343ef7f0d,negative,0.94,nước chấm mùi hôi thiu
food_descriptor:mui-hoi-thiu,mùi hôi thiu,food_descriptor,17056,449b0f0343ef7f0d,tu_449b0f0343ef7f0d,negative,0.98,mùi hôi thiu
problem:dau-bung,đau bụng,problem,17056,449b0f0343ef7f0d,tu_449b0f0343ef7f0d,negative,0.97,2 đứa đau bụng
dish:goi-cuon-mam-nem,gỏi cuốn mắm nêm,dish,17056,b9ad44944de91aea,tu_b9ad44944de91aea,neutral,0.53,gỏi cuốn mắm nêm
dish:thit,thịt,dish,17056,b9ad44944de91aea,tu_b9ad44944de91aea,negative,0.92,thịt bở kinh
food_descriptor:bo,bở,food_descriptor,17056,b9ad44944de91aea,tu_b9ad44944de91aea,negative,0.97,bở kinh
dish:goi-cuon-mam-nem,gỏi cuốn mắm nêm,dish,17056,8eddc26981af745e,tu_8eddc26981af745e,negative,0.86,gỏi cuốn mắm nêm
food_descriptor:do,dở,food_descriptor,17056,8eddc26981af745e,tu_8eddc26981af745e,negative,0.93,dở
food_descriptor:cung,cứng,food_descriptor,17056,8eddc26981af745e,tu_8eddc26981af745e,negative,0.97,cứng
delivery_packaging:giao-hang,giao hàng,delivery_packaging,105958,5e4a893a4370d0d4,tu_5e4a893a4370d0d4,negative,0.86,giao sai
problem:giao-sai,giao sai,problem,105958,5e4a893a4370d0d4,tu_5e4a893a4370d0d4,negative,0.97,giao sai
problem:thieu-mon,thiếu món,problem,105958,5e4a893a4370d0d4,tu_5e4a893a4370d0d4,negative,0.98,thiếu món
problem:thieu-thit,thiếu thịt,problem,105958,5e4a893a4370d0d4,tu_5e4a893a4370d0d4,negative,0.9,1suất thiếu thịt
problem:cha-co-gi,chả có gì,problem,105958,5e4a893a4370d0d4,tu_5e4a893a4370d0d4,negative,0.89,1suất chả có gì
food_descriptor:ngon-xiu,ngon xỉu,food_descriptor,14305,19262dec2b3f454d,tu_19262dec2b3f454d,positive,0.95,ngon xỉu
price_value:dang-dong-tien,đáng đồng tiền,price_value,14305,19262dec2b3f454d,tu_19262dec2b3f454d,positive,0.98,đáng đồng tiền
space_quality:sach-se,sạch sẽ,space_quality,14305,19262dec2b3f454d,tu_19262dec2b3f454d,positive,0.87,sạch sẽ
delivery_packaging:dong-goi-tot,đóng gói tốt,delivery_packaging,14305,19262dec2b3f454d,tu_19262dec2b3f454d,positive,0.99,đóng gói tốt
service_quality:len-don-nhanh,lên đơn nhanh,service_quality,14305,2df77405aa47975d,tu_2df77405aa47975d,positive,0.97,lên đơn nhanh
dish:pho-bo,phở bò,dish,14305,2b57ee8f177cfb5e,tu_2b57ee8f177cfb5e,positive,0.87,khá ngon
dish:thit,thịt,dish,14305,2b57ee8f177cfb5e,tu_2b57ee8f177cfb5e,positive,0.82,nhiều thịt
dish:nuoc-dung,nước dùng,dish,14305,2b57ee8f177cfb5e,tu_2b57ee8f177cfb5e,negative,0.91,nước rất mặn
dish:banh-pho,bánh phở,dish,14305,2b57ee8f177cfb5e,tu_2b57ee8f177cfb5e,negative,0.93,bánh phở bở
food_descriptor:ngon,ngon,food_descriptor,14305,2b57ee8f177cfb5e,tu_2b57ee8f177cfb5e,positive,0.88,khá ngon
food_descriptor:nhieu-thit,nhiều thịt,food_descriptor,14305,2b57ee8f177cfb5e,tu_2b57ee8f177cfb5e,positive,0.84,nhiều thịt
food_descriptor:man,mặn,food_descriptor,14305,2b57ee8f177cfb5e,tu_2b57ee8f177cfb5e,negative,0.94,rất mặn
food_descriptor:bo,bở,food_descriptor,14305,2b57ee8f177cfb5e,tu_2b57ee8f177cfb5e,negative,0.95,bánh phở bở
dish:pho,phở,dish,14305,10a883c754d2ab5a,tu_10a883c754d2ab5a,negative,0.97,phở như cho vựa muối vào túi nước
food_descriptor:man-chat,mặn chát,food_descriptor,14305,10a883c754d2ab5a,tu_10a883c754d2ab5a,negative,0.99,mặn cháttttttt
space_quality:sach-se,sạch sẽ,space_quality,91853,ca94cebb760bd3d6,tu_ca94cebb760bd3d6,positive,0.97,sạch sẽ
dish:banh-trang-cuon-thit-heo,bánh tráng cuốn thịt heo,dish,91853,6405c32936343112,tu_6405c32936343112,positive,0.82,bánh tráng cuốn thịt heo
food_descriptor:ngon,ngon,food_descriptor,91853,6405c32936343112,tu_6405c32936343112,positive,0.94,ngon xỉu
dish:banh-trang-cuon-thit-heo,bánh tráng cuốn thịt heo,dish,91853,a1e8281f5aaa97ed,tu_a1e8281f5aaa97ed,positive,0.95,tên quán: bánh tráng cuốn thịt heo
food_descriptor:ngon,ngon,food_descriptor,91853,a1e8281f5aaa97ed,tu_a1e8281f5aaa97ed,positive,0.92,ngon xỉu
delivery_packaging:dong-goi-tot,đóng gói tốt,delivery_packaging,91853,a1e8281f5aaa97ed,tu_a1e8281f5aaa97ed,positive,0.97,đóng gói tốt
price_value:dang-dong-tien,đáng đồng tiền,price_value,91853,a1e8281f5aaa97ed,tu_a1e8281f5aaa97ed,positive,0.96,đáng đồng tiền
dish:banh-trang-cuon-thit-heo,bánh tráng cuốn thịt heo,dish,91853,045f615420bac780,tu_045f615420bac780,neutral,0.94,bánh tráng cuốn thịt heo
dish:thit,thịt,dish,91853,045f615420bac780,tu_045f615420bac780,negative,0.88,thịt hơi mỡ
dish:mam-nem,mắm nêm,dish,91853,045f615420bac780,tu_045f615420bac780,negative,0.95,mắm nêm rất loãng
food_descriptor:dep-mat,đẹp mắt,food_descriptor,91853,045f615420bac780,tu_045f615420bac780,positive,0.82,trình bày đẹp mắt
space_quality:sach-se,sạch sẽ,space_quality,91853,045f615420bac780,tu_045f615420bac780,positive,0.9,sạch sẽ
food_descriptor:mo,mỡ,food_descriptor,91853,045f615420bac780,tu_045f615420bac780,negative,0.86,hơi mỡ
food_descriptor:khong-co-do-ngot-cua-thit-tuoi-moi,không có độ ngọt của thịt tươi mới,food_descriptor,91853,045f615420bac780,tu_045f615420bac780,negative,0.9,không có độ ngọt của thịt tươi mới
food_descriptor:loang,loãng,food_descriptor,91853,045f615420bac780,tu_045f615420bac780,negative,0.93,rất loãng
food_descriptor:khong-ngon,không ngon,food_descriptor,91853,045f615420bac780,tu_045f615420bac780,negative,0.9,pha mắm không ngon
dish:bun-hai-san-hoa-qua,bún hải sản hoa quả,dish,11493,2719112ef67de634,tu_2719112ef67de634,positive,0.77,bún hải sản hoa quả
food_descriptor:ngon-xiu,ngon xỉu,food_descriptor,11493,2719112ef67de634,tu_2719112ef67de634,positive,0.95,ngon xỉu
price_value:dang-dong-tien,đáng đồng tiền,price_value,11493,2719112ef67de634,tu_2719112ef67de634,positive,0.98,đáng đồng tiền
delivery_packaging:dong-goi-tot,đóng gói tốt,delivery_packaging,11493,2719112ef67de634,tu_2719112ef67de634,positive,0.98,đóng gói tốt
dish:bun-hai-san-hoa-qua,bún hải sản hoa quả,dish,11493,67b7799b9ea6e6f7,tu_67b7799b9ea6e6f7,neutral,0.89,tên quán: tun tun - bún hải sản hoa quả
service_quality:service,service,service_quality,11493,67b7799b9ea6e6f7,tu_67b7799b9ea6e6f7,negative,0.92,"thíu nước, sai/thiếu món"
problem:thieu-nuoc,thiếu nước,problem,11493,67b7799b9ea6e6f7,tu_67b7799b9ea6e6f7,negative,0.95,thíu nước
problem:sai-thieu-mon,sai/thiếu món,problem,11493,67b7799b9ea6e6f7,tu_67b7799b9ea6e6f7,negative,0.98,sai/thiếu món
space_quality:sach-se,sạch sẽ,space_quality,22815,91c5da78638b0beb,tu_91c5da78638b0beb,positive,0.95,sạch sẽ
price_value:dang-dong-tien,đáng đồng tiền,price_value,22815,e7fbc6566f39a878,tu_e7fbc6566f39a878,positive,0.96,đáng đồng tiền
delivery_packaging:dong-goi,đóng gói,delivery_packaging,22815,e7fbc6566f39a878,tu_e7fbc6566f39a878,positive,0.98,đóng gói tốt
price_value:dang-dong-tien,đáng đồng tiền,price_value,22815,7cbfea26f614b4ca,tu_7cbfea26f614b4ca,positive,0.97,đáng đồng tiền
space_quality:sach-se,sạch sẽ,space_quality,22815,7cbfea26f614b4ca,tu_7cbfea26f614b4ca,positive,0.8,sạch sẽ
delivery_packaging:dong-goi-tot,đóng gói tốt,delivery_packaging,22815,7cbfea26f614b4ca,tu_7cbfea26f614b4ca,positive,0.98,đóng gói tốt
dish:gio,giò,dish,22815,24e235e08b825131,tu_24e235e08b825131,positive,0.9,giò cũng ok
food_descriptor:ngon,ngon,food_descriptor,22815,24e235e08b825131,tu_24e235e08b825131,positive,0.88,siêu ngon
food_descriptor:nhieu,nhiều,food_descriptor,22815,24e235e08b825131,tu_24e235e08b825131,positive,0.75,siêu nhiều
dish:mang,măng,dish,22815,9e67f534850ecefc,tu_9e67f534850ecefc,neutral,0.86,thiếu măng
problem:thieu-mang,thiếu măng,problem,22815,9e67f534850ecefc,tu_9e67f534850ecefc,negative,0.96,thiếu măng
dish:mang,măng,dish,22815,560dd55b98168ba6,tu_560dd55b98168ba6,neutral,0.86,thêm măng
problem:khong-cho-mang,không cho măng,problem,22815,560dd55b98168ba6,tu_560dd55b98168ba6,negative,0.97,k cho măng
dish:ga-xao-hanh,gà xào hành,dish,93168,9fcd7b75b0c5208e,tu_9fcd7b75b0c5208e,positive,0.97,gà xào hành
food_descriptor:thom,thơm,food_descriptor,93168,9fcd7b75b0c5208e,tu_9fcd7b75b0c5208e,positive,0.93,thơm
food_descriptor:mem,mềm,food_descriptor,93168,9fcd7b75b0c5208e,tu_9fcd7b75b0c5208e,positive,0.93,mềm
food_descriptor:ngon-xiu,ngon xỉu,food_descriptor,93168,9fcd7b75b0c5208e,tu_9fcd7b75b0c5208e,positive,0.9,ngon xỉu
food_descriptor:day-du,đầy đủ,food_descriptor,93168,9fcd7b75b0c5208e,tu_9fcd7b75b0c5208e,positive,0.82,suất ăn đầy đủ
price_value:dang-dong-tien,đáng đồng tiền,price_value,93168,9fcd7b75b0c5208e,tu_9fcd7b75b0c5208e,positive,0.95,đáng đồng tiền
delivery_packaging:dong-goi-tot,đóng gói tốt,delivery_packaging,93168,9fcd7b75b0c5208e,tu_9fcd7b75b0c5208e,positive,0.95,đóng gói tốt
space_quality:sach-se,sạch sẽ,space_quality,93168,9fcd7b75b0c5208e,tu_9fcd7b75b0c5208e,positive,0.88,sạch sẽ
location_landmark:minh-son-bun-tron-pho-chien-phong-bach-mai,minh sơn - bún trộn & phở chiên phồng - bạch mai,location_landmark,93168,4928e3f9df2812fe,tu_4928e3f9df2812fe,positive,0.68,tên quán: minh sơn - bún trộn & phở chiên phồng - bạch mai
dish:nem-nuong,nem nướng,dish,93168,4928e3f9df2812fe,tu_4928e3f9df2812fe,positive,0.95,nem nướng ... rất chỉn chu
dish:xuc-xich-chien,xúc xích chiên,dish,93168,4928e3f9df2812fe,tu_4928e3f9df2812fe,positive,0.95,xúc xích chiên rất chỉn chu
dish:thit-bo,thịt bò,dish,93168,4928e3f9df2812fe,tu_4928e3f9df2812fe,positive,0.96,"thịt bò thơm mềm, ngon xỉu"
food_descriptor:thom-lung,thơm lừng,food_descriptor,93168,4928e3f9df2812fe,tu_4928e3f9df2812fe,positive,0.92,mở nắp ra thơm lừng
food_descriptor:thom-mem,thơm mềm,food_descriptor,93168,4928e3f9df2812fe,tu_4928e3f9df2812fe,positive,0.93,thịt bò thơm mềm
food_descriptor:ngon,ngon,food_descriptor,93168,4928e3f9df2812fe,tu_4928e3f9df2812fe,positive,0.9,quán làm ngon vãi chưởng
food_descriptor:chin-chu,chỉn chu,food_descriptor,93168,4928e3f9df2812fe,tu_4928e3f9df2812fe,positive,0.88,rất chỉn chu
price_value:dang-dong-tien,đáng đồng tiền,price_value,93168,4928e3f9df2812fe,tu_4928e3f9df2812fe,positive,0.95,đáng đồng tiền
delivery_packaging:dong-goi-tot,đóng gói tốt,delivery_packaging,93168,4928e3f9df2812fe,tu_4928e3f9df2812fe,positive,0.96,đóng gói tốt
space_quality:sach-se,sạch sẽ,space_quality,93168,4928e3f9df2812fe,tu_4928e3f9df2812fe,positive,0.86,sạch sẽ
dish:pho-tron,phở trộn,dish,93168,743309834b7f665f,tu_743309834b7f665f,positive,0.95,sốt phở trộn ngon
dish:suat-an,suất ăn,dish,93168,743309834b7f665f,tu_743309834b7f665f,positive,0.88,suất ăn đầy đặn
dish:thit-bo,thịt bò,dish,93168,743309834b7f665f,tu_743309834b7f665f,positive,0.94,thịt bò ấn tượng
dish:bun,bún,dish,93168,743309834b7f665f,tu_743309834b7f665f,negative,0.74,sốt me bún chưa ấn tượng lắm
food_descriptor:ngon,ngon,food_descriptor,93168,743309834b7f665f,tu_743309834b7f665f,positive,0.92,phở trộn ngon
food_descriptor:day-dan,đầy đặn,food_descriptor,93168,743309834b7f665f,tu_743309834b7f665f,positive,0.9,suất ăn đầy đặn
food_descriptor:nhieu-hanh-kho-lac-rang,nhiều hành khô lạc rang,food_descriptor,93168,743309834b7f665f,tu_743309834b7f665f,positive,0.8,nhiều hành khô lạc rang
food_descriptor:mem,mềm,food_descriptor,93168,743309834b7f665f,tu_743309834b7f665f,positive,0.94,mềm
food_descriptor:thom-toi,thơm tỏi,food_descriptor,93168,743309834b7f665f,tu_743309834b7f665f,positive,0.92,thơm tỏi
food_descriptor:chua-an-tuong-lam,chưa ấn tượng lắm,food_descriptor,93168,743309834b7f665f,tu_743309834b7f665f,negative,0.86,chưa ấn tượng lắm
price_value:dang-tien,đáng tiền,price_value,93168,743309834b7f665f,tu_743309834b7f665f,positive,0.97,cực kì đáng tiền
delivery_packaging:dong-goi-tot,đóng gói tốt,delivery_packaging,93168,743309834b7f665f,tu_743309834b7f665f,positive,0.95,đóng gói tốt
space_quality:sach-se,sạch sẽ,space_quality,93168,743309834b7f665f,tu_743309834b7f665f,positive,0.9,sạch sẽ
dish:bun-tron,bún trộn,dish,93168,1b084a17959afee3,tu_1b084a17959afee3,positive,0.95,bún trộn
dish:pho-chien-phong,phở chiên phồng,dish,93168,1b084a17959afee3,tu_1b084a17959afee3,positive,0.95,phở chiên phồng
food_descriptor:ngon-xiu,ngon xỉu,food_descriptor,93168,1b084a17959afee3,tu_1b084a17959afee3,positive,0.96,ngon xỉu
space_quality:sach-se,sạch sẽ,space_quality,93168,1b084a17959afee3,tu_1b084a17959afee3,positive,0.9,sạch sẽ
delivery_packaging:dong-goi-tot,đóng gói tốt,delivery_packaging,93168,1b084a17959afee3,tu_1b084a17959afee3,positive,0.94,đóng gói tốt
price_value:dang-dong-tien,đáng đồng tiền,price_value,93168,1b084a17959afee3,tu_1b084a17959afee3,positive,0.93,đáng đồng tiền
dish:bun-tron,bún trộn,dish,93168,ea5752fcd41df6d1,tu_ea5752fcd41df6d1,positive,0.88,bún trộn
dish:pho-chien-phong,phở chiên phồng,dish,93168,ea5752fcd41df6d1,tu_ea5752fcd41df6d1,positive,0.88,phở chiên phồng
food_descriptor:ngon-xiu,ngon xỉu,food_descriptor,93168,ea5752fcd41df6d1,tu_ea5752fcd41df6d1,positive,0.97,ngon xỉu
dish:bun-tron,bún trộn,dish,93168,3fcfd1161ac35011,tu_3fcfd1161ac35011,neutral,0.92,bún trộn
dish:pho-chien-phong,phở chiên phồng,dish,93168,3fcfd1161ac35011,tu_3fcfd1161ac35011,neutral,0.92,phở chiên phồng
food_descriptor:ngon,ngon,food_descriptor,93168,3fcfd1161ac35011,tu_3fcfd1161ac35011,positive,0.95,ngon xỉu
price_value:dang-dong-tien,đáng đồng tiền,price_value,93168,3fcfd1161ac35011,tu_3fcfd1161ac35011,positive,0.97,đáng đồng tiền
delivery_packaging:dong-goi-tot,đóng gói tốt,delivery_packaging,93168,3fcfd1161ac35011,tu_3fcfd1161ac35011,positive,0.97,đóng gói tốt
space_quality:sach-se,sạch sẽ,space_quality,93168,3fcfd1161ac35011,tu_3fcfd1161ac35011,positive,0.74,sạch sẽ
dish:bun-tron,bún trộn,dish,93168,a71ba6e1e355bf80,tu_a71ba6e1e355bf80,neutral,0.93,bún trộn
dish:pho-chien-phong,phở chiên phồng,dish,93168,a71ba6e1e355bf80,tu_a71ba6e1e355bf80,neutral,0.93,phở chiên phồng
food_descriptor:ngon,ngon,food_descriptor,93168,a71ba6e1e355bf80,tu_a71ba6e1e355bf80,positive,0.94,ngon xỉu
price_value:dang-dong-tien,đáng đồng tiền,price_value,93168,a71ba6e1e355bf80,tu_a71ba6e1e355bf80,positive,0.98,đáng đồng tiền
dish:bun-tron,bún trộn,dish,93168,f38ffd1f7d115b72,tu_f38ffd1f7d115b72,neutral,0.78,bún trộn
dish:pho-chien-phong,phở chiên phồng,dish,93168,f38ffd1f7d115b72,tu_f38ffd1f7d115b72,neutral,0.78,phở chiên phồng
problem:khong-hop-khau-vi,không hợp khẩu vị,problem,93168,f38ffd1f7d115b72,tu_f38ffd1f7d115b72,negative,0.96,không hợp khẩu vị
food_descriptor:ngon-xiu,ngon xỉu,food_descriptor,1108,78cbdd1e296ef4b5,tu_78cbdd1e296ef4b5,positive,0.95,ngon xỉu
price_value:dang-dong-tien,đáng đồng tiền,price_value,1108,78cbdd1e296ef4b5,tu_78cbdd1e296ef4b5,positive,0.97,đáng đồng tiền
delivery_packaging:dong-goi-tot,đóng gói tốt,delivery_packaging,1108,78cbdd1e296ef4b5,tu_78cbdd1e296ef4b5,positive,0.98,đóng gói tốt
space_quality:sach-se,sạch sẽ,space_quality,1108,78cbdd1e296ef4b5,tu_78cbdd1e296ef4b5,positive,0.78,sạch sẽ
price_value:gia-dang-dong-tien,giá/đáng đồng tiền,price_value,1108,c0b07165f7a17a59,tu_c0b07165f7a17a59,positive,0.97,đáng đồng tiền
delivery_packaging:dong-goi,đóng gói,delivery_packaging,1108,c0b07165f7a17a59,tu_c0b07165f7a17a59,positive,0.98,đóng gói tốt
dish:com-rang,cơm rang,dish,1108,9b48ffe6d05729df,tu_9b48ffe6d05729df,neutral,0.82,cơm rang
dish:com-tam,cơm tấm,dish,1108,9b48ffe6d05729df,tu_9b48ffe6d05729df,neutral,0.82,cơm tấm
food_descriptor:ngon-xiu,ngon xỉu,food_descriptor,1108,9b48ffe6d05729df,tu_9b48ffe6d05729df,positive,0.95,ngon xỉu
price_value:dang-dong-tien,đáng đồng tiền,price_value,1108,9b48ffe6d05729df,tu_9b48ffe6d05729df,positive,0.96,đáng đồng tiền
delivery_packaging:dong-goi-tot,đóng gói tốt,delivery_packaging,1108,9b48ffe6d05729df,tu_9b48ffe6d05729df,positive,0.96,đóng gói tốt
dish:com-rang,cơm rang,dish,1108,dddc84967b3886d4,tu_dddc84967b3886d4,neutral,0.88,cơm rang
dish:com-tam,cơm tấm,dish,1108,dddc84967b3886d4,tu_dddc84967b3886d4,neutral,0.88,cơm tấm
occasion:dat,đặt,occasion,1108,dddc84967b3886d4,tu_dddc84967b3886d4,neutral,0.61,mọi lần đặt
service_quality:oke,oke,service_quality,1108,dddc84967b3886d4,tu_dddc84967b3886d4,positive,0.42,vẫn oke
dish:com-rang-dua-bo,cơm rang dưa bò,dish,1108,f9d0b0a37de54f5a,tu_f9d0b0a37de54f5a,negative,0.97,cơm rang dưa bò
problem:khong-phai-thit-bo-ma-la-thit-lon,không phải thịt bò mà là thịt lợn,problem,1108,f9d0b0a37de54f5a,tu_f9d0b0a37de54f5a,negative,0.99,kp thịt bò mà là thịt lợn
food_descriptor:ngon-xiu,ngon xỉu,food_descriptor,40980,c6fcefdfcd9d111c,tu_c6fcefdfcd9d111c,positive,0.95,ngon xỉu
delivery_packaging:dong-goi,đóng gói,delivery_packaging,40980,c6fcefdfcd9d111c,tu_c6fcefdfcd9d111c,positive,0.94,đóng gói tốt
price_value:dang-dong-tien,đáng đồng tiền,price_value,40980,c6fcefdfcd9d111c,tu_c6fcefdfcd9d111c,positive,0.96,đáng đồng tiền
space_quality:sach-se,sạch sẽ,space_quality,40980,c6fcefdfcd9d111c,tu_c6fcefdfcd9d111c,positive,0.82,sạch sẽ
delivery_packaging:dong-goi,đóng gói,delivery_packaging,40980,096764aa7a3db432,tu_096764aa7a3db432,positive,0.98,đóng gói tốt
food_descriptor:ngon-xiu,ngon xỉu,food_descriptor,40980,019e45c157f84c81,tu_019e45c157f84c81,positive,0.92,ngon xỉu
price_value:dang-dong-tien,đáng đồng tiền,price_value,40980,019e45c157f84c81,tu_019e45c157f84c81,positive,0.96,đáng đồng tiền
space_quality:sach-se,sạch sẽ,space_quality,40980,019e45c157f84c81,tu_019e45c157f84c81,positive,0.82,sạch sẽ
delivery_packaging:dong-goi-tot,đóng gói tốt,delivery_packaging,40980,019e45c157f84c81,tu_019e45c157f84c81,positive,0.97,đóng gói tốt
food_descriptor:ngon,ngon,food_descriptor,40980,5db222148d00f77e,tu_5db222148d00f77e,positive,0.9,khá ngon
food_descriptor:delicious,delicious,food_descriptor,95450,0b8fd60cb39380e9,tu_0b8fd60cb39380e9,positive,0.96,delicious
price_value:worth-the-price,worth the price,price_value,95450,0b8fd60cb39380e9,tu_0b8fd60cb39380e9,positive,0.98,worth the price
delivery_packaging:good-packaging,good packaging,delivery_packaging,95450,0b8fd60cb39380e9,tu_0b8fd60cb39380e9,positive,0.98,good packaging
space_quality:clean,clean,space_quality,95450,0b8fd60cb39380e9,tu_0b8fd60cb39380e9,positive,0.78,clean
price_value:gia,giá,price_value,95450,3054167caa439035,tu_3054167caa439035,negative,0.97,giá hơi đắt
problem:dat,đắt,problem,95450,3054167caa439035,tu_3054167caa439035,negative,0.91,hơi đắt
price_value:dat,đắt,price_value,95450,f3c7ef511236dec6,tu_f3c7ef511236dec6,negative,0.98,đắt
food_descriptor:ko-ngon,ko ngon,food_descriptor,95450,f3c7ef511236dec6,tu_f3c7ef511236dec6,negative,0.95,ko ngon
delivery_packaging:dong-goi-chua-tot,đóng gói chưa tốt,delivery_packaging,95450,f3c7ef511236dec6,tu_f3c7ef511236dec6,negative,0.97,đóng gói chưa tốt
problem:khong-hop-khau-vi,không hợp khẩu vị,problem,95450,09f4ed786b0be7ee,tu_09f4ed786b0be7ee,negative,0.95,không hợp khẩu vị
service_quality:huong-hoi-an-com-ga-hoi-an-thanh-nhan,hương hội an - cơm gà hội an - thanh nhàn,service_quality,95450,313c895f3529ed77,tu_313c895f3529ed77,neutral,0.31,tên quán: hương hội an - cơm gà hội an - thanh nhàn
dish:suat-com,suất cơm,dish,95450,313c895f3529ed77,tu_313c895f3529ed77,negative,0.92,85k suất cơm thua bát phở 3-40k
dish:bat-pho,bát phở,dish,95450,313c895f3529ed77,tu_313c895f3529ed77,neutral,0.72,thua bát phở 3-40k
price_value:gia-tien,giá tiền,price_value,95450,313c895f3529ed77,tu_313c895f3529ed77,negative,0.96,85k suất cơm thua bát phở 3-40k
price_value:khau-phan,khẩu phần,price_value,95450,313c895f3529ed77,tu_313c895f3529ed77,negative,0.92,khẩu phần hợp lý với giá tiền
dish:thit-dui,thịt đùi,dish,95450,313c895f3529ed77,tu_313c895f3529ed77,negative,0.93,thịt đùi bở
food_descriptor:bo,bở,food_descriptor,95450,313c895f3529ed77,tu_313c895f3529ed77,negative,0.97,thịt đùi bở
dish:canh,cánh,dish,95450,313c895f3529ed77,tu_313c895f3529ed77,negative,0.89,cánh là da cánh chứ k có thịt
problem:da-canh-chu-k-co-thit,da cánh chứ k có thịt,problem,95450,313c895f3529ed77,tu_313c895f3529ed77,negative,0.95,cánh là da cánh chứ k có thịt
dish:ga-cuon-nam,gà cuộn nấm,dish,95450,65f082001ead798f,tu_65f082001ead798f,neutral,0.95,trên ảnh là gà cuộn nấm
dish:thit-rang,thịt rang,dish,95450,65f082001ead798f,tu_65f082001ead798f,negative,0.97,lại ship thịt rang
food_descriptor:kho-quat,khô quắt,food_descriptor,95450,65f082001ead798f,tu_65f082001ead798f,negative,0.98,thịt rang khô quắt
food_descriptor:leo-teo,lèo tèo,food_descriptor,95450,65f082001ead798f,tu_65f082001ead798f,negative,0.93,lượng đồ ăn quá lèo tèo
food_descriptor:khong-ngon,không ngon,food_descriptor,95450,65f082001ead798f,tu_65f082001ead798f,negative,0.95,ko ngon
dish:nuoc-cham,nước chấm,dish,95450,65f082001ead798f,tu_65f082001ead798f,negative,0.89,ko có nước chấm
dish:nuoc-ma,nước mạ,dish,95450,65f082001ead798f,tu_65f082001ead798f,negative,0.94,nước mạ thì ko có gan băm
problem:khong-co-gan-bam,không có gan băm,problem,95450,65f082001ead798f,tu_65f082001ead798f,negative,0.92,ko có gan băm
food_descriptor:nguyen-nuoc,nguyên nước,food_descriptor,95450,65f082001ead798f,tu_65f082001ead798f,negative,0.9,nguyên nước ko
dish:com,cơm,dish,95450,65f082001ead798f,tu_65f082001ead798f,negative,0.95,cơm này cũng ko được nấu
food_descriptor:mui-khong-thom,mùi không thơm,food_descriptor,95450,65f082001ead798f,tu_65f082001ead798f,negative,0.96,mùi ko thơm
price_value:muc-gia-100k,mức giá 100k,price_value,95450,65f082001ead798f,tu_65f082001ead798f,negative,0.96,để mức giá 100k
price_value:gia-ca-cao,giá cả cao,price_value,95450,65f082001ead798f,tu_65f082001ead798f,negative,0.94,giá cả cao
problem:ship-sai-mon,ship sai món,problem,95450,65f082001ead798f,tu_65f082001ead798f,negative,0.97,trên ảnh là gà cuộn nấm... lại ship thịt rang
problem:khong-co-nuoc-cham,không có nước chấm,problem,95450,65f082001ead798f,tu_65f082001ead798f,negative,0.93,ko có nước chấm hay gì
food_descriptor:do-cuc-it,đồ cực ít,food_descriptor,95450,65f082001ead798f,tu_65f082001ead798f,negative,0.95,đồ cực ít như vậy
problem:con-sau,con sâu,problem,95450,0e9630a5f334f35c,tu_0e9630a5f334f35c,negative,0.99,có con sâu
problem:ve-sinh,vệ sinh,problem,95450,0e9630a5f334f35c,tu_0e9630a5f334f35c,negative,0.78,cleanliness=-1.00
dish:com,cơm,dish,95450,6c224467fe2ea299,tu_6c224467fe2ea299,negative,0.96,cơm rất là tệ
dish:ga,gà,dish,95450,6c224467fe2ea299,tu_6c224467fe2ea299,negative,0.99,gà thì toàn mỡ
food_descriptor:rat-la-te,rất là tệ,food_descriptor,95450,6c224467fe2ea299,tu_6c224467fe2ea299,negative,0.94,rất là tệ
food_descriptor:toan-mo,toàn mỡ,food_descriptor,95450,6c224467fe2ea299,tu_6c224467fe2ea299,negative,0.97,toàn mỡ
problem:phan-nhu-tat-cua-ga,phần như tật của gà,problem,95450,6c224467fe2ea299,tu_6c224467fe2ea299,negative,0.76,phần như tật của gà
food_descriptor:mui-chua,mùi chua,food_descriptor,95450,6c224467fe2ea299,tu_6c224467fe2ea299,negative,0.95,mùi chua
dish:do,đồ,dish,95450,29f508a254a68f3d,tu_29f508a254a68f3d,negative,0.69,đồ quá ít
problem:qua-it,quá ít,problem,95450,29f508a254a68f3d,tu_29f508a254a68f3d,negative,0.89,đồ quá ít
price_value:muc-gia,mức giá,price_value,95450,29f508a254a68f3d,tu_29f508a254a68f3d,negative,0.93,so với mức giá
problem:chan,chán,problem,95450,29f508a254a68f3d,tu_29f508a254a68f3d,negative,0.84,chán
dish:ga,gà,dish,4486,69c93035b9e76a1c,tu_69c93035b9e76a1c,negative,0.93,4 miếng gà toàn xương
food_descriptor:toan-xuong,toàn xương,food_descriptor,4486,69c93035b9e76a1c,tu_69c93035b9e76a1c,negative,0.96,toàn xương
problem:khong-lam-dung-ghi-chu,không làm đúng ghi chú,problem,4486,69c93035b9e76a1c,tu_69c93035b9e76a1c,negative,0.98,không làm đúng ghi chú
problem:sai-thieu-mon,sai/thiếu món,problem,4486,69c93035b9e76a1c,tu_69c93035b9e76a1c,negative,0.99,sai/thiếu món
dish:mieng-ga,miếng gà,dish,4486,a1b7f792f77935b7,tu_a1b7f792f77935b7,negative,0.93,miếng gà bé tí
food_descriptor:be-ti,bé tí,food_descriptor,4486,a1b7f792f77935b7,tu_a1b7f792f77935b7,negative,0.95,bé tí
problem:sai-thieu-mon,sai/thiếu món,problem,4486,a1b7f792f77935b7,tu_a1b7f792f77935b7,negative,0.98,sai/thiếu món
dish:com-ga-mam-toi,cơm gà mắm tỏi,dish,4486,7780e3b47c84449d,tu_7780e3b47c84449d,neutral,0.88,cơm gà mắm tỏi
dish:xoi-mo,xối mỡ,dish,4486,7780e3b47c84449d,tu_7780e3b47c84449d,neutral,0.8,xối mỡ
price_value:dang-dong-tien,đáng đồng tiền,price_value,4486,7780e3b47c84449d,tu_7780e3b47c84449d,positive,0.97,đáng đồng tiền
dish:com-ga-mam-toi,cơm gà mắm tỏi,dish,4486,a645ccc9c1c4594d,tu_a645ccc9c1c4594d,positive,0.94,cơm gà mắm tỏi
dish:xoi-mo,xối mỡ,dish,4486,a645ccc9c1c4594d,tu_a645ccc9c1c4594d,positive,0.9,xối mỡ
food_descriptor:ngon-xiu,ngon xỉu,food_descriptor,4486,a645ccc9c1c4594d,tu_a645ccc9c1c4594d,positive,0.96,ngon xỉu
price_value:dang-dong-tien,đáng đồng tiền,price_value,4486,a645ccc9c1c4594d,tu_a645ccc9c1c4594d,positive,0.95,đáng đồng tiền
delivery_packaging:dong-goi-tot,đóng gói tốt,delivery_packaging,4486,a645ccc9c1c4594d,tu_a645ccc9c1c4594d,positive,0.96,đóng gói tốt
space_quality:sach-se,sạch sẽ,space_quality,4486,a645ccc9c1c4594d,tu_a645ccc9c1c4594d,positive,0.75,sạch sẽ
dish:com-ga-mam-toi,cơm gà mắm tỏi,dish,4486,af8b540557ae89bc,tu_af8b540557ae89bc,positive,0.93,cơm gà mắm tỏi
dish:xoi-mo,xối mỡ,dish,4486,af8b540557ae89bc,tu_af8b540557ae89bc,positive,0.83,xối mỡ
food_descriptor:ngon-xiu,ngon xỉu,food_descriptor,4486,af8b540557ae89bc,tu_af8b540557ae89bc,positive,0.96,ngon xỉu
price_value:dang-dong-tien,đáng đồng tiền,price_value,4486,af8b540557ae89bc,tu_af8b540557ae89bc,positive,0.97,đáng đồng tiền
space_quality:sach-se,sạch sẽ,space_quality,4486,af8b540557ae89bc,tu_af8b540557ae89bc,positive,0.72,sạch sẽ
delivery_packaging:dong-goi-tot,đóng gói tốt,delivery_packaging,4486,af8b540557ae89bc,tu_af8b540557ae89bc,positive,0.95,đóng gói tốt
dish:com-ga-mam-toi,cơm gà mắm tỏi,dish,4486,c9376e4822d3ec19,tu_c9376e4822d3ec19,neutral,0.68,cơm gà mắm tỏi
dish:xoi-mo,xối mỡ,dish,4486,c9376e4822d3ec19,tu_c9376e4822d3ec19,neutral,0.6,xối mỡ
delivery_packaging:dong-goi,đóng gói,delivery_packaging,4486,c9376e4822d3ec19,tu_c9376e4822d3ec19,negative,0.93,đóng gói chưa tốt
problem:thieu-dung-cu-an,thiếu dụng cụ ăn,problem,4486,c9376e4822d3ec19,tu_c9376e4822d3ec19,negative,0.95,chỉ có 1 đũa 1 thìa
delivery_packaging:hop-giay,hộp giấy,delivery_packaging,4486,29e2055673015b85,tu_29e2055673015b85,neutral,0.91,chọn mua hộp giấy
delivery_packaging:hop-nhua,hộp nhựa,delivery_packaging,4486,29e2055673015b85,tu_29e2055673015b85,negative,0.96,lại giao hộp nhựa
problem:khong-phai-la-lan-dau,không phải là lần đầu,problem,4486,29e2055673015b85,tu_29e2055673015b85,negative,0.9,đây không phải là lần đầu
service_quality:khong-thay-thong-bao-lai-cho-khach-hang,không thấy thông báo lại cho khách hàng,service_quality,4486,29e2055673015b85,tu_29e2055673015b85,negative,0.95,không thấy thông báo lại cho khách hàng
dish:com-ga-mam-toi,cơm gà mắm tỏi,dish,4486,034280269b2e6df5,tu_034280269b2e6df5,neutral,0.94,cơm gà mắm tỏi
dish:xoi-mo,xối mỡ,dish,4486,034280269b2e6df5,tu_034280269b2e6df5,neutral,0.86,xối mỡ
dish:rau-dua,rau dưa,dish,4486,034280269b2e6df5,tu_034280269b2e6df5,neutral,0.88,cho thêm tí rau dưa
food_descriptor:ngan,ngán,food_descriptor,4486,034280269b2e6df5,tu_034280269b2e6df5,negative,0.92,ăn đỡ ngán
problem:it-rau-dua,ít rau dưa,problem,4486,034280269b2e6df5,tu_034280269b2e6df5,negative,0.83,mong shop cho thêm tí rau dưa
service_quality:an-cung-dc,ăn cũng đc,service_quality,4486,034280269b2e6df5,tu_034280269b2e6df5,neutral,0.53,ăn cũng đc
dish:com-ga-mam-toi,cơm gà mắm tỏi,dish,4486,66066d8238815a2c,tu_66066d8238815a2c,neutral,0.84,cơm gà mắm tỏi
dish:xoi-mo,xối mỡ,dish,4486,66066d8238815a2c,tu_66066d8238815a2c,neutral,0.72,xối mỡ
dish:phan-canh,phần canh,dish,4486,66066d8238815a2c,tu_66066d8238815a2c,neutral,0.92,phần canh
food_descriptor:hoi-man,hơi mặn,food_descriptor,4486,66066d8238815a2c,tu_66066d8238815a2c,negative,0.96,hơi mặn
problem:khau-phan-it,khẩu phần ít,problem,4486,66066d8238815a2c,tu_66066d8238815a2c,negative,0.97,khẩu phần ít
price_value:gia-re-hon,giá rẻ hơn,price_value,4486,66066d8238815a2c,tu_66066d8238815a2c,negative,0.86,giá rẻ hơn
food_descriptor:mon-ngon-hon,món ngon hơn,food_descriptor,4486,66066d8238815a2c,tu_66066d8238815a2c,positive,0.62,món ngon hơn
dish:com,cơm,dish,4486,c52cb87240e836b4,tu_c52cb87240e836b4,negative,0.97,cơm vẫn vón cục trắng nhão
dish:xot-mam-toi,xốt mắm tỏi,dish,4486,c52cb87240e836b4,tu_c52cb87240e836b4,negative,0.95,xốt mắm tỏi nhạt
food_descriptor:von-cuc,vón cục,food_descriptor,4486,c52cb87240e836b4,tu_c52cb87240e836b4,negative,0.98,vón cục
food_descriptor:trang,trắng,food_descriptor,4486,c52cb87240e836b4,tu_c52cb87240e836b4,negative,0.76,trắng
food_descriptor:nhao,nhão,food_descriptor,4486,c52cb87240e836b4,tu_c52cb87240e836b4,negative,0.98,nhão
food_descriptor:nhat,nhạt,food_descriptor,4486,c52cb87240e836b4,tu_c52cb87240e836b4,negative,0.97,nhạt
price_value:55k,55k,price_value,4486,c52cb87240e836b4,tu_c52cb87240e836b4,negative,0.93,chưa xứng đáng 55k
dish:banh-cuon-nong,bánh cuốn nóng,dish,31187,90de69102837cbe1,tu_90de69102837cbe1,neutral,0.75,bánh cuốn nóng
problem:sai-thieu-mon,sai/thiếu món,problem,31187,90de69102837cbe1,tu_90de69102837cbe1,negative,0.98,sai/thiếu món
problem:giao-thieu-so-luong,giao thiếu số lượng,problem,31187,90de69102837cbe1,tu_90de69102837cbe1,negative,0.96,đặt 3 xuất nhưng quán giao 2 xuất
space_quality:sach-se,sạch sẽ,space_quality,31187,9b9fd31a34a2ad09,tu_9b9fd31a34a2ad09,positive,0.91,sạch sẽ
delivery_packaging:dong-goi-tot,đóng gói tốt,delivery_packaging,31187,9b9fd31a34a2ad09,tu_9b9fd31a34a2ad09,positive,0.96,đóng gói tốt
dish:banh-cuon,bánh cuốn,dish,31187,3ffdb9a69bbc2c7b,tu_3ffdb9a69bbc2c7b,positive,0.77,đầy đặn
food_descriptor:day-dan,đầy đặn,food_descriptor,31187,3ffdb9a69bbc2c7b,tu_3ffdb9a69bbc2c7b,positive,0.9,đầy đặn
dish:banh-cuon-cha-mo,bánh cuốn chả mỡ,dish,31187,3ffdb9a69bbc2c7b,tu_3ffdb9a69bbc2c7b,neutral,0.9,thêm bánh cuốn chả mỡ
dish:cha-que,chả quế,dish,31187,3ffdb9a69bbc2c7b,tu_3ffdb9a69bbc2c7b,neutral,0.9,chả quế để chọn
problem:thieu-lua-chon-mon,thiếu lựa chọn món,problem,31187,3ffdb9a69bbc2c7b,tu_3ffdb9a69bbc2c7b,negative,0.74,nên thêm ... để chọn
dish:vit,vịt,dish,65884,77758152fa33495b,tu_77758152fa33495b,negative,0.95,vịt hôi
food_descriptor:hoi,hôi,food_descriptor,65884,77758152fa33495b,tu_77758152fa33495b,negative,0.98,vịt hôi
dish:do-an,đồ ăn,dish,65884,77758152fa33495b,tu_77758152fa33495b,negative,0.66,miêu tả đồ ăn
problem:khong-ro-rang-dinh-luong,không rõ ràng định lượng,problem,65884,77758152fa33495b,tu_77758152fa33495b,negative,0.96,không rõ ràng định lượng
problem:khong-hop-khau-vi,không hợp khẩu vị,problem,65884,77758152fa33495b,tu_77758152fa33495b,negative,0.97,không hợp khẩu vị
dish:mi,mì,dish,65884,c5192f7ad7fb9a6d,tu_c5192f7ad7fb9a6d,positive,0.88,1 xuất mì
food_descriptor:ngon,ngon,food_descriptor,65884,c5192f7ad7fb9a6d,tu_c5192f7ad7fb9a6d,positive,0.95,ngon
problem:dinh-luong-hoi-it,định lượng hơi ít,problem,65884,c5192f7ad7fb9a6d,tu_c5192f7ad7fb9a6d,negative,0.93,định lượng hơi ít
price_value:75k-cho-1-xuat-mi,75k cho 1 xuất mì,price_value,65884,c5192f7ad7fb9a6d,tu_c5192f7ad7fb9a6d,negative,0.9,1 xuất mì 75k
delivery_packaging:dong-goi,đóng gói,delivery_packaging,65884,c5192f7ad7fb9a6d,tu_c5192f7ad7fb9a6d,negative,0.96,đóng gói
problem:do-het-nuoc-sot-ra-ngoai,đổ hết nước sốt ra ngoài,problem,65884,c5192f7ad7fb9a6d,tu_c5192f7ad7fb9a6d,negative,0.98,đổ hết nước sốt ra ngoài
dish:banh,bánh,dish,58523,205a7524851c5a72,tu_205a7524851c5a72,neutral,0.55,tiệm bánh
food_descriptor:ngon,ngon,food_descriptor,58523,205a7524851c5a72,tu_205a7524851c5a72,positive,0.97,ngon xỉu
food_descriptor:ngon-xiu,ngon xỉu,food_descriptor,58523,b0e78a060973878c,tu_b0e78a060973878c,positive,0.97,ngon xỉu
price_value:dang-dong-tien,đáng đồng tiền,price_value,58523,b0e78a060973878c,tu_b0e78a060973878c,positive,0.96,đáng đồng tiền
delivery_packaging:dong-goi-tot,đóng gói tốt,delivery_packaging,58523,b0e78a060973878c,tu_b0e78a060973878c,positive,0.98,đóng gói tốt
space_quality:sach-se,sạch sẽ,space_quality,58523,b0e78a060973878c,tu_b0e78a060973878c,positive,0.88,sạch sẽ
dish:banh-su-kem,bánh su kem,dish,58523,3eab18ccdf29f819,tu_3eab18ccdf29f819,neutral,0.98,bánh su kem
food_descriptor:an-tam,ăn tạm,food_descriptor,58523,3eab18ccdf29f819,tu_3eab18ccdf29f819,negative,0.87,ăn tạm thui
food_descriptor:ngon,ngon,food_descriptor,58523,3eab18ccdf29f819,tu_3eab18ccdf29f819,positive,0.73,ngon
problem:kem-bi-chay,kem bị chảy,problem,58523,3eab18ccdf29f819,tu_3eab18ccdf29f819,negative,0.96,kem bị chảy
dish:cot-banh,cốt bánh,dish,58523,431293df19d4f6f8,tu_431293df19d4f6f8,negative,0.88,cốt chưa thấm
food_descriptor:chua-tham,chưa thấm,food_descriptor,58523,431293df19d4f6f8,tu_431293df19d4f6f8,negative,0.95,chưa thấm
dish:kem,kem,dish,58523,431293df19d4f6f8,tu_431293df19d4f6f8,negative,0.8,kem loại làm bánh sn
problem:khong-phai-mascarpone,không phải mascarpone,problem,58523,431293df19d4f6f8,tu_431293df19d4f6f8,negative,0.9,không phải mascarpone
dish:banh-xeo-cot-dua,bánh xèo cốt dừa,dish,62280,94335f8dd4987957,tu_94335f8dd4987957,positive,0.82,bánh xèo cốt dừa
food_descriptor:ngon-xiu,ngon xỉu,food_descriptor,62280,94335f8dd4987957,tu_94335f8dd4987957,positive,0.95,ngon xỉu
price_value:dang-dong-tien,đáng đồng tiền,price_value,62280,94335f8dd4987957,tu_94335f8dd4987957,positive,0.97,đáng đồng tiền
dish:banh-xeo-cot-dua,bánh xèo cốt dừa,dish,62280,82e5a513f3837cad,tu_82e5a513f3837cad,positive,0.72,bánh xèo cốt dừa
food_descriptor:delicious,delicious,food_descriptor,62280,82e5a513f3837cad,tu_82e5a513f3837cad,positive,0.94,delicious
price_value:worth-the-price,worth the price,price_value,62280,82e5a513f3837cad,tu_82e5a513f3837cad,positive,0.96,worth the price
dish:banh-trang-cuon-thit-heo,bánh tráng cuốn thịt heo,dish,1279,c379e628cf82ce84,tu_c379e628cf82ce84,positive,0.92,bánh tráng cuốn thịt heo
food_descriptor:ngon-xiu,ngon xỉu,food_descriptor,1279,c379e628cf82ce84,tu_c379e628cf82ce84,positive,0.95,ngon xỉu
price_value:dang-dong-tien,đáng đồng tiền,price_value,1279,c379e628cf82ce84,tu_c379e628cf82ce84,positive,0.96,đáng đồng tiền
space_quality:sach-se,sạch sẽ,space_quality,1279,c379e628cf82ce84,tu_c379e628cf82ce84,positive,0.75,sạch sẽ
delivery_packaging:dong-goi-tot,đóng gói tốt,delivery_packaging,1279,c379e628cf82ce84,tu_c379e628cf82ce84,positive,0.97,đóng gói tốt
delivery_packaging:dong-goi,đóng gói,delivery_packaging,1279,8d4b95ac40886114,tu_8d4b95ac40886114,positive,0.98,đóng gói tốt
dish:banh-trang-cuon-thit-heo,bánh tráng cuốn thịt heo,dish,1279,0d5e9ea504314cd2,tu_0d5e9ea504314cd2,positive,0.78,bánh tráng cuốn thịt heo
food_descriptor:ngon-xiu,ngon xỉu,food_descriptor,1279,0d5e9ea504314cd2,tu_0d5e9ea504314cd2,positive,0.93,ngon xỉu
service_quality:lam-dung-theo-yeu-cau-cua-khach,làm đúng theo yêu cầu của khách,service_quality,1279,0d5e9ea504314cd2,tu_0d5e9ea504314cd2,positive,0.95,làm đúng theo yêu cầu của khách
service_quality:qua-co-tam,quá có tâm,service_quality,1279,0d5e9ea504314cd2,tu_0d5e9ea504314cd2,positive,0.9,shop quá có tâm
price_value:dang-dong-tien,đáng đồng tiền,price_value,1279,0d5e9ea504314cd2,tu_0d5e9ea504314cd2,positive,0.95,đáng đồng tiền
space_quality:sach-se,sạch sẽ,space_quality,1279,0d5e9ea504314cd2,tu_0d5e9ea504314cd2,positive,0.62,sạch sẽ
dish:thit-heo,thịt heo,dish,1279,7c47f72f3f9273c5,tu_7c47f72f3f9273c5,neutral,0.92,thịt heo
price_value:40k-duoc-3-mieng-thit,40k được 3 miếng thịt,price_value,1279,7c47f72f3f9273c5,tu_7c47f72f3f9273c5,negative,0.96,40k được 3 miếng thịt
dish:gach-quan-banh-trang-cuon-thit-heo,gạch quán - bánh tráng cuốn thịt heo,dish,1279,0f426a6213dbb7c6,tu_0f426a6213dbb7c6,neutral,0.33,tên quán: gạch quán - bánh tráng cuốn thịt heo
amenity:giay-an,giấy ăn,amenity,1279,0f426a6213dbb7c6,tu_0f426a6213dbb7c6,negative,0.96,không có giấy ăn
problem:thieu-giay-an,thiếu giấy ăn,problem,1279,0f426a6213dbb7c6,tu_0f426a6213dbb7c6,negative,0.97,không có giấy ăn
service_quality:thanh-lich,thanh lịch,service_quality,1279,0f426a6213dbb7c6,tu_0f426a6213dbb7c6,negative,0.78,trừ 3 điểm thanh lịch
dish:bo,bò,dish,32416,82cbc814aa284ffa,tu_82cbc814aa284ffa,negative,0.87,đặt bò nhưng không có thịt bò đâu
dish:thit-bo,thịt bò,dish,32416,82cbc814aa284ffa,tu_82cbc814aa284ffa,negative,0.84,không có thịt bò đâu
delivery_packaging:dong-goi,đóng gói,delivery_packaging,32416,82cbc814aa284ffa,tu_82cbc814aa284ffa,negative,0.94,đóng gói chưa tốt
problem:sai-thieu-mon,sai/thiếu món,problem,32416,82cbc814aa284ffa,tu_82cbc814aa284ffa,negative,0.97,sai/thiếu món
dish:mien,miến,dish,32416,979ee9b19b87c6fa,tu_979ee9b19b87c6fa,positive,0.88,miến
dish:banh-da-cua-tron,bánh đa cua trộn,dish,32416,979ee9b19b87c6fa,tu_979ee9b19b87c6fa,positive,0.92,bánh đa cua trộn
food_descriptor:ngon,ngon,food_descriptor,32416,979ee9b19b87c6fa,tu_979ee9b19b87c6fa,positive,0.95,ngon xỉu
price_value:dang-dong-tien,đáng đồng tiền,price_value,32416,979ee9b19b87c6fa,tu_979ee9b19b87c6fa,positive,0.97,đáng đồng tiền
space_quality:sach-se,sạch sẽ,space_quality,32416,979ee9b19b87c6fa,tu_979ee9b19b87c6fa,positive,0.9,sạch sẽ
delivery_packaging:dong-goi-tot,đóng gói tốt,delivery_packaging,32416,979ee9b19b87c6fa,tu_979ee9b19b87c6fa,positive,0.96,đóng gói tốt
dish:mien,miến,dish,32416,1579876d313ac8c6,tu_1579876d313ac8c6,positive,0.62,miến
dish:banh-da-cua-tron,bánh đa cua trộn,dish,32416,1579876d313ac8c6,tu_1579876d313ac8c6,positive,0.75,bánh đa cua trộn
food_descriptor:ngon,ngon,food_descriptor,32416,1579876d313ac8c6,tu_1579876d313ac8c6,positive,0.96,ngon xỉu
dish:mien-banh-da-cua-tron,miến & bánh đa cua trộn,dish,32416,36eed4f18cba741a,tu_36eed4f18cba741a,positive,0.82,miến & bánh đa cua trộn
food_descriptor:ngon,ngon,food_descriptor,32416,36eed4f18cba741a,tu_36eed4f18cba741a,positive,0.95,vị ngon
dish:banh-da-cua-tron,bánh đa cua trộn,dish,32416,7a4a9530836bc97f,tu_7a4a9530836bc97f,negative,0.96,bánh đa cua trộn
problem:khong-thay-gach-cua,không thấy gạch cua,problem,32416,7a4a9530836bc97f,tu_7a4a9530836bc97f,negative,0.94,0 thấy gạch cua đâuu luôn
dish:mien-banh-da-cua-tron,miến & bánh đa cua trộn,dish,32416,ad9f3a8f3842f56c,tu_ad9f3a8f3842f56c,neutral,0.9,miến & bánh đa cua trộn
dish:mien,miến,dish,32416,ad9f3a8f3842f56c,tu_ad9f3a8f3842f56c,neutral,0.92,miến nhiều
dish:topping,topping,dish,32416,ad9f3a8f3842f56c,tu_ad9f3a8f3842f56c,negative,0.9,topping siêu ít
food_descriptor:sieu-it,siêu ít,food_descriptor,32416,ad9f3a8f3842f56c,tu_ad9f3a8f3842f56c,negative,0.95,siêu ít
food_descriptor:nhieu,nhiều,food_descriptor,32416,ad9f3a8f3842f56c,tu_ad9f3a8f3842f56c,neutral,0.86,miến nhiều
problem:topping-sieu-it,topping siêu ít,problem,32416,ad9f3a8f3842f56c,tu_ad9f3a8f3842f56c,negative,0.96,topping siêu ít
dish:mieng-suon,miếng sườn,dish,39068,02382f5203ef619d,tu_02382f5203ef619d,negative,0.95,miếng sườn
food_descriptor:trang-nhat-tung-an,trắng nhất từng ăn,food_descriptor,39068,02382f5203ef619d,tu_02382f5203ef619d,negative,0.81,trắng nhất từng ăn
food_descriptor:kho,khô,food_descriptor,39068,02382f5203ef619d,tu_02382f5203ef619d,negative,0.98,khô
dish:com-tam,cơm tấm,dish,39068,e6b84c9f67a66fbe,tu_e6b84c9f67a66fbe,neutral,0.76,cơm tấm
dish:com-suon-xot,cơm sườn xốt,dish,39068,e6b84c9f67a66fbe,tu_e6b84c9f67a66fbe,neutral,0.74,cơm sườn xốt
problem:khong-hop-khau-vi,không hợp khẩu vị,problem,39068,e6b84c9f67a66fbe,tu_e6b84c9f67a66fbe,negative,0.95,không hợp khẩu vị
dish:com-suon-cooky-com-tam-com-suon-xot,"cơm sườn cooky - cơm tấm, cơm sườn xốt",dish,39068,36d2cded0b35e0a0,tu_36d2cded0b35e0a0,negative,0.78,"cơm tấm, cơm sườn xốt"
dish:thit,thịt,dish,39068,36d2cded0b35e0a0,tu_36d2cded0b35e0a0,negative,0.95,thịt thì hôi
food_descriptor:hoi,hôi,food_descriptor,39068,36d2cded0b35e0a0,tu_36d2cded0b35e0a0,negative,0.98,thịt thì hôi
food_descriptor:khong-hop-khau-vi,không hợp khẩu vị,food_descriptor,39068,36d2cded0b35e0a0,tu_36d2cded0b35e0a0,negative,0.92,không hợp khẩu vị
delivery_packaging:dong-goi,đóng gói,delivery_packaging,39068,36d2cded0b35e0a0,tu_36d2cded0b35e0a0,negative,0.95,đóng gói chưa tốt
problem:sai-thieu-mon,sai/thiếu món,problem,39068,36d2cded0b35e0a0,tu_36d2cded0b35e0a0,negative,0.98,sai/thiếu món
space_quality:ve-sinh,vệ sinh,space_quality,39068,36d2cded0b35e0a0,tu_36d2cded0b35e0a0,negative,0.88,không đảm bảo vệ sinh
food_descriptor:chan,chán,food_descriptor,39068,36d2cded0b35e0a0,tu_36d2cded0b35e0a0,negative,0.9,ăn chán
dish:com-suon,cơm sườn,dish,39068,c03e9ff006cbe7e2,tu_c03e9ff006cbe7e2,negative,0.82,"đồ ăn ít, thịt khô"
dish:thit,thịt,dish,39068,c03e9ff006cbe7e2,tu_c03e9ff006cbe7e2,negative,0.9,thịt khô
food_descriptor:it,ít,food_descriptor,39068,c03e9ff006cbe7e2,tu_c03e9ff006cbe7e2,negative,0.84,đồ ăn ít
food_descriptor:kho,khô,food_descriptor,39068,c03e9ff006cbe7e2,tu_c03e9ff006cbe7e2,negative,0.96,thịt khô
price_value:dat-khong-dang-tien,đắt không đáng tiền,price_value,39068,c03e9ff006cbe7e2,tu_c03e9ff006cbe7e2,negative,0.98,đắt không đáng tiền
problem:khong-hop-khau-vi,không hợp khẩu vị,problem,39068,c03e9ff006cbe7e2,tu_c03e9ff006cbe7e2,negative,0.92,không hợp khẩu vị
service_quality:khong-lam-dung-ghi-chu,không làm đúng ghi chú,service_quality,39068,c03e9ff006cbe7e2,tu_c03e9ff006cbe7e2,negative,0.95,không làm đúng ghi chú
dish:com,cơm,dish,39068,b575e1e7ac61a950,tu_b575e1e7ac61a950,negative,0.93,cơm sống
food_descriptor:song,sống,food_descriptor,39068,b575e1e7ac61a950,tu_b575e1e7ac61a950,negative,0.95,cơm sống
problem:com-song,cơm sống,problem,39068,b575e1e7ac61a950,tu_b575e1e7ac61a950,negative,0.91,cơm sống
dish:com-tam,cơm tấm,dish,39068,8efc2e492f29298d,tu_8efc2e492f29298d,neutral,0.9,cơm tấm
dish:com-suon-xot,cơm sườn xốt,dish,39068,8efc2e492f29298d,tu_8efc2e492f29298d,neutral,0.9,cơm sườn xốt
dish:com,cơm,dish,39068,8efc2e492f29298d,tu_8efc2e492f29298d,negative,0.98,cơm khô
dish:thit,thịt,dish,39068,8efc2e492f29298d,tu_8efc2e492f29298d,negative,0.95,thịt khô
dish:nuoc-dung,nước dùng,dish,39068,8efc2e492f29298d,tu_8efc2e492f29298d,negative,0.86,k có nước dùng
food_descriptor:kho,khô,food_descriptor,39068,8efc2e492f29298d,tu_8efc2e492f29298d,negative,0.99,"cơm khô, thịt khô"
delivery_packaging:ship,ship,delivery_packaging,39068,8efc2e492f29298d,tu_8efc2e492f29298d,negative,0.83,ship thiếu đồ
problem:thieu-do,thiếu đồ,problem,39068,8efc2e492f29298d,tu_8efc2e492f29298d,negative,0.97,ship thiếu đồ
dish:com-tam,cơm tấm,dish,39068,75218e129ade0f39,tu_75218e129ade0f39,neutral,0.75,cơm tấm
dish:com-suon-xot,cơm sườn xốt,dish,39068,75218e129ade0f39,tu_75218e129ade0f39,neutral,0.77,cơm sườn xốt
location_landmark:tran-dai-nghia,trần đại nghĩa,location_landmark,39068,75218e129ade0f39,tu_75218e129ade0f39,neutral,0.72,trần đại nghĩa
problem:k-dung,k đúng,problem,39068,75218e129ade0f39,tu_75218e129ade0f39,negative,0.9,k đúng
dish:com,cơm,dish,39068,49671bd4a0ffc122,tu_49671bd4a0ffc122,negative,0.95,cơm khô
food_descriptor:kho,khô,food_descriptor,39068,49671bd4a0ffc122,tu_49671bd4a0ffc122,negative,0.98,cơm khô
dish:canh,canh,dish,39068,49671bd4a0ffc122,tu_49671bd4a0ffc122,negative,0.84,ko có canh
problem:khong-co-canh,không có canh,problem,39068,49671bd4a0ffc122,tu_49671bd4a0ffc122,negative,0.9,ko có canh
problem:trai-nghiem-lan-dau-qua-kem,trải nghiệm lần đầu quá kém,problem,39068,49671bd4a0ffc122,tu_49671bd4a0ffc122,negative,0.87,trải nghiệm lần đầu quá kém
dish:canh-cai-thit,canh cải thịt,dish,39068,ca00a76b098ccf00,tu_ca00a76b098ccf00,neutral,0.95,đặt canh cải thịt
problem:khong-thay-giao,không thấy giao,problem,39068,ca00a76b098ccf00,tu_ca00a76b098ccf00,negative,0.98,ko thấy giao
price_value:dang-dong-tien,đáng đồng tiền,price_value,32283,3154598df9c4d1c5,tu_3154598df9c4d1c5,positive,0.96,đáng đồng tiền
space_quality:sach-se,sạch sẽ,space_quality,32283,3154598df9c4d1c5,tu_3154598df9c4d1c5,positive,0.75,sạch sẽ
dish:bun-cha,bún chả,dish,32283,2255c050759655f9,tu_2255c050759655f9,positive,0.96,bún chả ngon
food_descriptor:ngon,ngon,food_descriptor,32283,2255c050759655f9,tu_2255c050759655f9,positive,0.95,ngon xỉu
dish:bun-cha,bún chả,dish,32283,1f3fd4e8333d22d2,tu_1f3fd4e8333d22d2,positive,0.8,bún chả ngon
food_descriptor:ngon,ngon,food_descriptor,32283,1f3fd4e8333d22d2,tu_1f3fd4e8333d22d2,positive,0.95,ngon xỉu
price_value:dang-dong-tien,đáng đồng tiền,price_value,32283,1f3fd4e8333d22d2,tu_1f3fd4e8333d22d2,positive,0.97,đáng đồng tiền
delivery_packaging:tui-nuoc-cham,túi nước chấm,delivery_packaging,32283,1b2adc5f41705e96,tu_1b2adc5f41705e96,negative,0.95,thủng 1 túi nước chấm
problem:tui-nuoc-cham-bi-thung,túi nước chấm bị thủng,problem,32283,1b2adc5f41705e96,tu_1b2adc5f41705e96,negative,0.97,làm thủng 1 túi nước chấm
problem:nuoc-cham-chay-het-ra,nước chấm chảy hết ra,problem,32283,1b2adc5f41705e96,tu_1b2adc5f41705e96,negative,0.96,nước chấm chảy hết rả ra
problem:kho-chiu,khó chịu,problem,32283,1b2adc5f41705e96,tu_1b2adc5f41705e96,negative,0.78,nhìn khó chịu thật
occasion:takeaway,takeaway,occasion,4397,147535990f9b276f,tu_147535990f9b276f_0,neutral,0.89,mình đặt đồ ăn
dish:combo-busan,combo busan,dish,4397,147535990f9b276f,tu_147535990f9b276f_0,positive,0.95,combo busan ... ăn khá ngon
dish:com-tron,cơm trộn,dish,4397,147535990f9b276f,tu_147535990f9b276f_0,positive,0.95,cơm trộn ... ăn khá ngon
dish:ga,gà,dish,4397,147535990f9b276f,tu_147535990f9b276f_0,negative,0.96,gà lần này
dish:sot,sốt,dish,4397,147535990f9b276f,tu_147535990f9b276f_0,positive,0.83,sốt vẫn ngon
dish:set-one-deful,set one-deful,dish,4397,147535990f9b276f,tu_147535990f9b276f_0,negative,0.94,set one-deful
dish:sot-kem-hanh,sốt kem hành,dish,4397,147535990f9b276f,tu_147535990f9b276f_0,negative,0.94,sốt kem hành ko hợp khẩu vị
dish:mien,miến,dish,4397,147535990f9b276f,tu_147535990f9b276f_0,negative,0.9,phần miến ... ít hơn mình nghĩ
dish:salad,salad,dish,4397,147535990f9b276f,tu_147535990f9b276f_0,negative,0.9,salad ít hơn mình nghĩ
food_descriptor:ngon,ngon,food_descriptor,4397,147535990f9b276f,tu_147535990f9b276f_0,positive,0.95,ăn khá ngon
food_descriptor:lop-bot-sieu-day,lớp bột siêu dày,food_descriptor,4397,147535990f9b276f,tu_147535990f9b276f_0,negative,0.96,lớp bột siêu dày
food_descriptor:thit-hoi-it,thịt hơi ít,food_descriptor,4397,147535990f9b276f,tu_147535990f9b276f_0,negative,0.86,phần thịt hơi ít
food_descriptor:khong-tuoi,không tươi,food_descriptor,4397,147535990f9b276f,tu_147535990f9b276f_0,negative,0.96,gà của mình ko tươi
food_descriptor:nhat,nhạt,food_descriptor,4397,147535990f9b276f,tu_147535990f9b276f_0,negative,0.95,mình ăn thấy nhạt
food_descriptor:khong-co-vi-gi,không có vị gì,food_descriptor,4397,147535990f9b276f,tu_147535990f9b276f_0,negative,0.92,ko có vị gì
problem:khong-hop-khau-vi,không hợp khẩu vị,problem,4397,147535990f9b276f,tu_147535990f9b276f_0,negative,0.95,đều ko hợp khẩu vị
problem:it-hon-minh-nghi,ít hơn mình nghĩ,problem,4397,147535990f9b276f,tu_147535990f9b276f_0,negative,0.9,ít hơn mình nghĩ
dish:do-an,đồ ăn,dish,4397,147535990f9b276f,tu_147535990f9b276f_1,negative,0.73,"hợp khẩu vị, mình ăn thấy nhạt ko có vị gì"
dish:mien,miến,dish,4397,147535990f9b276f,tu_147535990f9b276f_1,negative,0.82,phần miến ... ít hơn mình nghĩ
dish:salad,salad,dish,4397,147535990f9b276f,tu_147535990f9b276f_1,negative,0.82,salad ít hơn mình nghĩ
food_descriptor:nhat,nhạt,food_descriptor,4397,147535990f9b276f,tu_147535990f9b276f_1,negative,0.95,thấy nhạt
food_descriptor:ko-co-vi-gi,ko có vị gì,food_descriptor,4397,147535990f9b276f,tu_147535990f9b276f_1,negative,0.94,ko có vị gì
food_descriptor:con-nong,còn nóng,food_descriptor,4397,147535990f9b276f,tu_147535990f9b276f_1,positive,0.88,nhận khi còn nóng luôn
delivery_packaging:dong-goi-rat-chinh-chu,đóng gói rất chỉnh chu,delivery_packaging,4397,147535990f9b276f,tu_147535990f9b276f_1,positive,0.97,quán đóng gói rất chỉnh chu
problem:khong-hop-khau-vi,không hợp khẩu vị,problem,4397,147535990f9b276f,tu_147535990f9b276f_1,negative,0.96,không hợp khẩu vị
problem:it-hon-minh-nghi,ít hơn mình nghĩ,problem,4397,147535990f9b276f,tu_147535990f9b276f_1,negative,0.9,ít hơn mình nghĩ
dish:do-an,đồ ăn,dish,4397,9012e72fd7ad0cb8,tu_9012e72fd7ad0cb8,positive,0.85,ngon xỉu
food_descriptor:ngon-xiu,ngon xỉu,food_descriptor,4397,9012e72fd7ad0cb8,tu_9012e72fd7ad0cb8,positive,0.95,ngon xỉu
space_quality:sach-se,sạch sẽ,space_quality,4397,9012e72fd7ad0cb8,tu_9012e72fd7ad0cb8,positive,0.75,sạch sẽ
price_value:dang-dong-tien,đáng đồng tiền,price_value,4397,9012e72fd7ad0cb8,tu_9012e72fd7ad0cb8,positive,0.97,đáng đồng tiền
delivery_packaging:dong-goi-tot,đóng gói tốt,delivery_packaging,4397,9012e72fd7ad0cb8,tu_9012e72fd7ad0cb8,positive,0.98,đóng gói tốt
problem:khong-hop-khau-vi,không hợp khẩu vị,problem,4397,6afe78c30cfa63d6,tu_6afe78c30cfa63d6,negative,0.96,không hợp khẩu vị
dish:com,cơm,dish,4397,783db0490a19afc5,tu_783db0490a19afc5,negative,0.96,ăn cơm toàn mùi hôi
food_descriptor:mui-hoi,mùi hôi,food_descriptor,4397,783db0490a19afc5,tu_783db0490a19afc5,negative,0.93,mùi hôi
problem:gian,gián,problem,4397,783db0490a19afc5,tu_783db0490a19afc5,negative,0.97,của gián
problem:do-bep-chua-rua-lai,đồ bếp chưa rửa lại,problem,4397,783db0490a19afc5,tu_783db0490a19afc5,negative,0.9,phải rửa lại đồ bếp
problem:khong-dam-bao-ve-sinh,không đảm bảo vệ sinh,problem,4397,783db0490a19afc5,tu_783db0490a19afc5,negative,0.99,không đảm bảo vệ sinh
dish:com-tron,cơm trộn,dish,4397,0cbfedbdc85dbd51,tu_0cbfedbdc85dbd51,positive,0.97,cơm trộn chất lượng lắm ạ
dish:ga,gà,dish,4397,0cbfedbdc85dbd51,tu_0cbfedbdc85dbd51,positive,0.77,chưa kể gà nữa
food_descriptor:chat-luong,chất lượng,food_descriptor,4397,0cbfedbdc85dbd51,tu_0cbfedbdc85dbd51,positive,0.91,chất lượng lắm ạ
food_descriptor:e-he,ê hề,food_descriptor,4397,0cbfedbdc85dbd51,tu_0cbfedbdc85dbd51,positive,0.86,nó ê hề luôn
audience:2-ban,2 bạn,audience,4397,0cbfedbdc85dbd51,tu_0cbfedbdc85dbd51,neutral,0.72,nên 2 bạn ăn ạ
problem:giao-lau,giao lâu,problem,4397,560233c592de631f,tu_560233c592de631f,negative,0.98,giao lâu
food_descriptor:ngon-xiu,ngon xỉu,food_descriptor,7920,f5ce29ffbddb11d3,tu_f5ce29ffbddb11d3,positive,0.94,ngon xỉu
food_descriptor:hop-gu,hợp gu,food_descriptor,7920,9a945a15e2461200,tu_9a945a15e2461200,positive,0.83,hợp gu nha
space_quality:sach-se,sạch sẽ,space_quality,7920,9a945a15e2461200,tu_9a945a15e2461200,positive,0.9,sạch sẽ
price_value:dang-dong-tien,đáng đồng tiền,price_value,7920,9a945a15e2461200,tu_9a945a15e2461200,positive,0.94,đáng đồng tiền
food_descriptor:ngon-xiu,ngon xỉu,food_descriptor,7920,9a945a15e2461200,tu_9a945a15e2461200,positive,0.92,ngon xỉu
delivery_packaging:dong-goi-tot,đóng gói tốt,delivery_packaging,7920,9a945a15e2461200,tu_9a945a15e2461200,positive,0.95,đóng gói tốt
dish:xoi-mam,xối mắm,dish,7920,9eca35673de2093f,tu_9eca35673de2093f,negative,0.72,xối mắm
problem:de-ot,để ớt,problem,7920,9eca35673de2093f,tu_9eca35673de2093f,negative,0.9,để ớt
dish:banh-trang-cuon-phomai,bánh tráng cuốn phomai,dish,61209,6270e6d249ec9fd4,tu_6270e6d249ec9fd4,neutral,0.79,bánh tráng cuốn phomai
food_descriptor:ngon,ngon,food_descriptor,61209,6270e6d249ec9fd4,tu_6270e6d249ec9fd4,negative,0.86,kh ngon
space_quality:sach-se,sạch sẽ,space_quality,76124,9439f4157bc134d6,tu_9439f4157bc134d6,positive,0.93,sạch sẽ
dish:com-ga,cơm gà,dish,76124,f45009027903624d,tu_f45009027903624d,positive,0.64,cơm gà
dish:com-thit-heo,cơm thịt heo,dish,76124,f45009027903624d,tu_f45009027903624d,positive,0.64,cơm thịt heo
delivery_packaging:dong-goi,đóng gói,delivery_packaging,76124,f45009027903624d,tu_f45009027903624d,positive,0.96,đóng gói tốt
price_value:gia-tien,giá tiền,price_value,76124,f45009027903624d,tu_f45009027903624d,positive,0.94,đáng đồng tiền
space_quality:sach-se,sạch sẽ,space_quality,76124,f45009027903624d,tu_f45009027903624d,positive,0.73,sạch sẽ
food_descriptor:ngon,ngon,food_descriptor,76124,f45009027903624d,tu_f45009027903624d,positive,0.95,ngon xỉu
dish:com-ga,cơm gà,dish,76124,ba5131af8340472a,tu_ba5131af8340472a,positive,0.61,cơm gà
dish:com-thit-heo,cơm thịt heo,dish,76124,ba5131af8340472a,tu_ba5131af8340472a,positive,0.61,cơm thịt heo
food_descriptor:ngon,ngon,food_descriptor,76124,ba5131af8340472a,tu_ba5131af8340472a,positive,0.93,ngon xỉu
dish:com-ga,cơm gà,dish,76124,05fd48ad37a243dc,tu_05fd48ad37a243dc,positive,0.7,cơm gà
dish:com-thit-heo,cơm thịt heo,dish,76124,05fd48ad37a243dc,tu_05fd48ad37a243dc,positive,0.7,cơm thịt heo
food_descriptor:ngon,ngon,food_descriptor,76124,05fd48ad37a243dc,tu_05fd48ad37a243dc,positive,0.96,"sốt cx ngon nx, ngon xỉu"
food_descriptor:nhieu-thit,nhiều thịt,food_descriptor,76124,05fd48ad37a243dc,tu_05fd48ad37a243dc,positive,0.9,siêu nhìu thịt
delivery_packaging:dong-goi,đóng gói,delivery_packaging,76124,05fd48ad37a243dc,tu_05fd48ad37a243dc,positive,0.95,"đóng gói đẹp, đóng gói tốt"
price_value:dang-dong-tien,đáng đồng tiền,price_value,76124,05fd48ad37a243dc,tu_05fd48ad37a243dc,positive,0.94,đáng đồng tiền
space_quality:sach-se,sạch sẽ,space_quality,76124,05fd48ad37a243dc,tu_05fd48ad37a243dc,positive,0.84,sạch sẽ
delivery_packaging:dong-goi,đóng gói,delivery_packaging,10227,83d2c0ddfd22eda2,tu_83d2c0ddfd22eda2,negative,0.95,đóng gói chưa tốt
problem:khong-co-bat-do-nuoc-mam,không có bát đổ nước mắm,problem,10227,83d2c0ddfd22eda2,tu_83d2c0ddfd22eda2,negative,0.97,không có bát đổ nước mắm
problem:khong-dam-bao-ve-sinh,không đảm bảo vệ sinh,problem,10227,83d2c0ddfd22eda2,tu_83d2c0ddfd22eda2,negative,0.98,không đảm bảo vệ sinh
dish:banh-cuon-thit,bánh cuốn thịt,dish,10227,d883587135e58cc4,tu_d883587135e58cc4,negative,0.94,bánh cuốn thịt k có thịt
problem:sai-thieu-mon,sai/thiếu món,problem,10227,d883587135e58cc4,tu_d883587135e58cc4,negative,0.98,sai/thiếu món
food_descriptor:khong-co-thit,không có thịt,food_descriptor,10227,d883587135e58cc4,tu_d883587135e58cc4,negative,0.88,k có thịt
space_quality:sach-se,sạch sẽ,space_quality,10227,c1e23c906c161745,tu_c1e23c906c161745,positive,0.94,sạch sẽ
price_value:dang-dong-tien,đáng đồng tiền,price_value,10227,c1e23c906c161745,tu_c1e23c906c161745,positive,0.97,đáng đồng tiền
delivery_packaging:dong-goi-tot,đóng gói tốt,delivery_packaging,10227,c1e23c906c161745,tu_c1e23c906c161745,positive,0.98,đóng gói tốt
food_descriptor:ngon-xiu,ngon xỉu,food_descriptor,10227,c1e23c906c161745,tu_c1e23c906c161745,positive,0.95,ngon xỉu
dish:cha,chả,dish,10227,f7deb270deda0e5f,tu_f7deb270deda0e5f,negative,0.96,chả cũ từ hqua
dish:mieng-thit,miếng thịt,dish,10227,f7deb270deda0e5f,tu_f7deb270deda0e5f,negative,0.94,miếng thịt bị đen
food_descriptor:cu,cũ,food_descriptor,10227,f7deb270deda0e5f,tu_f7deb270deda0e5f,negative,0.95,cũ từ hqua
food_descriptor:den,đen,food_descriptor,10227,f7deb270deda0e5f,tu_f7deb270deda0e5f,negative,0.93,bị đen
food_descriptor:roi-nat,rời nát,food_descriptor,10227,f7deb270deda0e5f,tu_f7deb270deda0e5f,negative,0.95,rời nát
problem:lam-an-qua-bat-nhao,làm ăn quá bát nháo,problem,10227,f7deb270deda0e5f,tu_f7deb270deda0e5f,negative,0.9,làm ăn quá bát nháo
dish:rau,rau,dish,10227,a9e81ff16565bd76,tu_a9e81ff16565bd76,negative,0.87,ít rau
delivery_packaging:tui-nuoc-cham,túi nước chấm,delivery_packaging,10227,a9e81ff16565bd76,tu_a9e81ff16565bd76,negative,0.9,1 túi nó chấm
problem:thieu-rau,thiếu rau,problem,10227,a9e81ff16565bd76,tu_a9e81ff16565bd76,negative,0.9,ít rau
problem:2-suat-chi-co-1-tui-nuoc-cham,2 suất chỉ có 1 túi nước chấm,problem,10227,a9e81ff16565bd76,tu_a9e81ff16565bd76,negative,0.95,gọi 2 xuất có 1 túi nó chấm
dish:cha,chả,dish,10227,b11af4e072bc5575,tu_b11af4e072bc5575,negative,0.87,k thấy chả
problem:thieu-cha,thiếu chả,problem,10227,b11af4e072bc5575,tu_b11af4e072bc5575,negative,0.92,mở ra k thấy chả
delivery_packaging:packaging,packaging,delivery_packaging,10227,b11af4e072bc5575,tu_b11af4e072bc5575,negative,0.78,packaging=-1.00
dish:nuoc-quat,nước quất,dish,10227,432d9c5866a965a4,tu_432d9c5866a965a4,neutral,0.79,đổi nước quất
problem:tu-doi-khong-thong-bao,tự đổi không thông báo,problem,10227,432d9c5866a965a4,tu_432d9c5866a965a4,negative,0.97,tự đổi nước quất không thông báo
service_quality:service,service,service_quality,10227,432d9c5866a965a4,tu_432d9c5866a965a4,negative,0.74,không thông báo
price_value:gia,giá,price_value,2443,bb6db8bb8af68fac,tu_bb6db8bb8af68fac,negative,0.97,bit pricey
problem:sai-thieu-mon,sai/thiếu món,problem,2443,d29c4e15f8d815ab,tu_d29c4e15f8d815ab,negative,0.98,sai/thiếu món
delivery_packaging:dong-goi,đóng gói,delivery_packaging,2443,d29c4e15f8d815ab,tu_d29c4e15f8d815ab,negative,0.8,packaging=-1.00
dish:banh-gio,bánh giò,dish,2443,8169a5598d9678f4,tu_8169a5598d9678f4,negative,0.93,bánh bị hỏng
problem:bi-hong,bị hỏng,problem,2443,8169a5598d9678f4,tu_8169a5598d9678f4,negative,0.95,bánh bị hỏng
food_descriptor:vua-het-ca-ra,vữa hết cả ra,food_descriptor,2443,8169a5598d9678f4,tu_8169a5598d9678f4,negative,0.9,vữa hết cả ra
problem:khong-dam-bao-ve-sinh,không đảm bảo vệ sinh,problem,2443,8169a5598d9678f4,tu_8169a5598d9678f4,negative,0.97,không đảm bảo vệ sinh
dish:banh-gio,bánh giò,dish,2443,38dc7da1da3d8bc6,tu_38dc7da1da3d8bc6,neutral,0.97,2 bánh giò
dish:gio-cha-an-kem,giò chả ăn kèm,dish,2443,38dc7da1da3d8bc6,tu_38dc7da1da3d8bc6,neutral,0.89,giò chả ăn kèm
price_value:gia,giá,price_value,2443,38dc7da1da3d8bc6,tu_38dc7da1da3d8bc6,negative,0.98,97k được 2 bánh giò
problem:thieu-gio-cha-an-kem,thiếu giò chả ăn kèm,problem,2443,38dc7da1da3d8bc6,tu_38dc7da1da3d8bc6,negative,0.98,không có giò chả ăn kèm
dish:banh,bánh,dish,2443,883b18a78dd50111,tu_883b18a78dd50111,neutral,0.79,1 nghìn tiền bánh
price_value:1-nghin-tien-banh-19-nghin-tien-la,1 nghìn tiền bánh 19 nghìn tiền lá,price_value,2443,883b18a78dd50111,tu_883b18a78dd50111,negative,0.96,1 nghìn tiền bánh 19 nghìn tiền lá
problem:khong-co-tuong-ot-chinsu,không có tương ớt chinsu,problem,2443,883b18a78dd50111,tu_883b18a78dd50111,negative,0.98,ko có tương ớt chinsu
problem:khong-co-thia,không có thìa,problem,2443,883b18a78dd50111,tu_883b18a78dd50111,negative,0.99,ko có thìa
delivery_packaging:dong-goi,đóng gói,delivery_packaging,2443,883b18a78dd50111,tu_883b18a78dd50111,negative,0.83,ko có thìa
price_value:dang-dong-tien,đáng đồng tiền,price_value,116044,9bd379781fdc3306,tu_9bd379781fdc3306,positive,0.96,đáng đồng tiền
delivery_packaging:dong-goi-tot,đóng gói tốt,delivery_packaging,116044,9bd379781fdc3306,tu_9bd379781fdc3306,positive,0.97,đóng gói tốt
space_quality:sach-se,sạch sẽ,space_quality,116044,9bd379781fdc3306,tu_9bd379781fdc3306,positive,0.78,sạch sẽ
delivery_packaging:dong-goi,đóng gói,delivery_packaging,116044,bae14e6251d76402,tu_bae14e6251d76402,negative,0.98,đóng gói chưa tốt
problem:khong-ghim-nap-hop-com,không ghim nắp hộp cơm,problem,116044,bae14e6251d76402,tu_bae14e6251d76402,negative,0.97,không ghim nắp hộp cơm
dish:canh,canh,dish,116044,bae14e6251d76402,tu_bae14e6251d76402,neutral,0.9,canh bị đổ
problem:canh-bi-do,canh bị đổ,problem,116044,bae14e6251d76402,tu_bae14e6251d76402,negative,0.98,canh bị đổ
dish:com-ca-ri,cơm cà ri,dish,116044,bf65047c37a5e011,tu_bf65047c37a5e011,negative,0.83,ko giống cơm cà ri
price_value:gia-nay,giá này,price_value,116044,bf65047c37a5e011,tu_bf65047c37a5e011,negative,0.72,với giá này
problem:dua-gay,đũa gãy,problem,116044,bf65047c37a5e011,tu_bf65047c37a5e011,negative,0.94,đũa thì gãy
problem:that-vong,thất vọng,problem,116044,bf65047c37a5e011,tu_bf65047c37a5e011,negative,0.77,thất vọng quá
food_descriptor:ngon,ngon,food_descriptor,116044,395df67ad691a2e3,tu_395df67ad691a2e3,positive,0.95,ngon lắm
dish:bun-cha,bún chả,dish,16270,6be3a8d708c9cac3,tu_6be3a8d708c9cac3,positive,0.88,tên quán: bún chả
dish:bun-thit-nuong,bún thịt nướng,dish,16270,6be3a8d708c9cac3,tu_6be3a8d708c9cac3,positive,0.88,tên quán: ... bún thịt nướng
dish:thit-xien-cay-dau,thịt xiên cây dâu,dish,16270,6be3a8d708c9cac3,tu_6be3a8d708c9cac3,positive,0.84,tên quán: ... thịt xiên cây dâu
food_descriptor:ngon,ngon,food_descriptor,16270,6be3a8d708c9cac3,tu_6be3a8d708c9cac3,positive,0.95,ngon xỉu
dish:bun-cha,bún chả,dish,16270,4d0e9b75b856a653,tu_4d0e9b75b856a653,positive,0.84,tên quán: bún chả
dish:bun-thit-nuong,bún thịt nướng,dish,16270,4d0e9b75b856a653,tu_4d0e9b75b856a653,positive,0.84,tên quán: bún thịt nướng
dish:thit-xien,thịt xiên,dish,16270,4d0e9b75b856a653,tu_4d0e9b75b856a653,positive,0.78,thịt xiên
food_descriptor:ngon,ngon,food_descriptor,16270,4d0e9b75b856a653,tu_4d0e9b75b856a653,positive,0.93,ngon xỉu
delivery_packaging:dong-goi-tot,đóng gói tốt,delivery_packaging,16270,4d0e9b75b856a653,tu_4d0e9b75b856a653,positive,0.97,đóng gói tốt
price_value:dang-dong-tien,đáng đồng tiền,price_value,16270,4d0e9b75b856a653,tu_4d0e9b75b856a653,positive,0.96,đáng đồng tiền
space_quality:sach-se,sạch sẽ,space_quality,16270,4d0e9b75b856a653,tu_4d0e9b75b856a653,positive,0.83,sạch sẽ
dish:bun-cha,bún chả,dish,16270,b0e5561b679b896f,tu_b0e5561b679b896f,positive,0.86,tên quán: bún chả
dish:bun-thit-nuong,bún thịt nướng,dish,16270,b0e5561b679b896f,tu_b0e5561b679b896f,positive,0.86,tên quán: bún thịt nướng
dish:thit-xien,thịt xiên,dish,16270,b0e5561b679b896f,tu_b0e5561b679b896f,positive,0.8,thịt xiên
food_descriptor:ngon,ngon,food_descriptor,16270,b0e5561b679b896f,tu_b0e5561b679b896f,positive,0.95,ngon xỉu
space_quality:sach-se,sạch sẽ,space_quality,16270,b0e5561b679b896f,tu_b0e5561b679b896f,positive,0.9,sạch sẽ
dish:bun-cha,bún chả,dish,16270,9cc3cf6e7036424d,tu_9cc3cf6e7036424d,neutral,0.98,tên quán: bún chả
dish:bun-thit-nuong,bún thịt nướng,dish,16270,9cc3cf6e7036424d,tu_9cc3cf6e7036424d,neutral,0.98,tên quán: ... bún thịt nướng
dish:thit-xien-cay-dau,thịt xiên cây dâu,dish,16270,9cc3cf6e7036424d,tu_9cc3cf6e7036424d,neutral,0.95,tên quán: ... thịt xiên cây dâu
food_descriptor:ngon-xiu,ngon xỉu,food_descriptor,16270,9cc3cf6e7036424d,tu_9cc3cf6e7036424d,positive,0.94,ngon xỉu
delivery_packaging:dong-goi-tot,đóng gói tốt,delivery_packaging,16270,9cc3cf6e7036424d,tu_9cc3cf6e7036424d,positive,0.97,đóng gói tốt
price_value:dang-dong-tien,đáng đồng tiền,price_value,16270,9cc3cf6e7036424d,tu_9cc3cf6e7036424d,positive,0.95,đáng đồng tiền
space_quality:sach-se,sạch sẽ,space_quality,16270,9cc3cf6e7036424d,tu_9cc3cf6e7036424d,positive,0.72,sạch sẽ
dish:bun-cha,bún chả,dish,16270,c43d42e69981d647,tu_c43d42e69981d647,positive,0.98,tên quán: bún chả
dish:bun-thit-nuong,bún thịt nướng,dish,16270,c43d42e69981d647,tu_c43d42e69981d647,positive,0.97,bún thịt nướng
dish:thit-xien,thịt xiên,dish,16270,c43d42e69981d647,tu_c43d42e69981d647,positive,0.9,thịt xiên
food_descriptor:sieu-ngon,siêu ngon,food_descriptor,16270,c43d42e69981d647,tu_c43d42e69981d647,positive,0.95,siêu ngon
food_descriptor:ngon-xiu,ngon xỉu,food_descriptor,16270,c43d42e69981d647,tu_c43d42e69981d647,positive,0.93,ngon xỉu
price_value:dang-dong-tien,đáng đồng tiền,price_value,16270,c43d42e69981d647,tu_c43d42e69981d647,positive,0.95,đáng đồng tiền
space_quality:sach-se,sạch sẽ,space_quality,16270,c43d42e69981d647,tu_c43d42e69981d647,positive,0.78,sạch sẽ
delivery_packaging:dong-goi-tot,đóng gói tốt,delivery_packaging,16270,c43d42e69981d647,tu_c43d42e69981d647,positive,0.96,đóng gói tốt
dish:nuoc-mam,nước mắm,dish,16270,74153ecda60c5cee,tu_74153ecda60c5cee,negative,0.88,có tí nước mắm
problem:khong-du-mam-de-an,không đủ mắm để ăn,problem,16270,74153ecda60c5cee,tu_74153ecda60c5cee,negative,0.96,ko đủ mắm để ăn
dish:com,cơm,dish,128372,9a81d1a4bf13121f,tu_9a81d1a4bf13121f,positive,0.57,tên quán: cơm bompi
dish:ga,gà,dish,128372,9a81d1a4bf13121f,tu_9a81d1a4bf13121f,positive,0.62,gà & xá xíu
dish:xa-xiu,xá xíu,dish,128372,9a81d1a4bf13121f,tu_9a81d1a4bf13121f,positive,0.62,gà & xá xíu
food_descriptor:ngon-xiu,ngon xỉu,food_descriptor,128372,9a81d1a4bf13121f,tu_9a81d1a4bf13121f,positive,0.95,ngon xỉu
price_value:dang-dong-tien,đáng đồng tiền,price_value,128372,9a81d1a4bf13121f,tu_9a81d1a4bf13121f,positive,0.96,đáng đồng tiền
space_quality:sach-se,sạch sẽ,space_quality,128372,9a81d1a4bf13121f,tu_9a81d1a4bf13121f,positive,0.9,sạch sẽ
food_descriptor:ngon-xiu,ngon xỉu,food_descriptor,128372,e908b117906922b3,tu_e908b117906922b3,positive,0.94,ngon xỉu
price_value:dang-dong-tien,đáng đồng tiền,price_value,128372,e908b117906922b3,tu_e908b117906922b3,positive,0.97,đáng đồng tiền
delivery_packaging:dong-goi,đóng gói,delivery_packaging,128372,e908b117906922b3,tu_e908b117906922b3,positive,0.95,đóng gói tốt
space_quality:sach-se,sạch sẽ,space_quality,128372,e908b117906922b3,tu_e908b117906922b3,positive,0.72,sạch sẽ
service_quality:com-bompi-ga-xa-xiu-truong-chinh,cơm bompi - gà & xá xíu - trường chinh,service_quality,128372,ce613c0f6b23f5c0,tu_ce613c0f6b23f5c0,negative,0.51,quá tệ
dish:thit,thịt,dish,128372,ce613c0f6b23f5c0,tu_ce613c0f6b23f5c0,negative,0.94,thịt có mùi lạ
food_descriptor:mui-la,mùi lạ,food_descriptor,128372,ce613c0f6b23f5c0,tu_ce613c0f6b23f5c0,negative,0.96,mùi lạ
dish:do-an,đồ ăn,dish,128372,ce613c0f6b23f5c0,tu_ce613c0f6b23f5c0,negative,0.87,đồ ăn không giống trên ảnh
problem:ve-sinh,vệ sinh,problem,128372,ce613c0f6b23f5c0,tu_ce613c0f6b23f5c0,negative,0.96,không đảm bảo vệ sinh
problem:de-lau-bi-thiu,để lâu bị thiu,problem,128372,ce613c0f6b23f5c0,tu_ce613c0f6b23f5c0,negative,0.9,giống để lâu bị thiu
dish:phan-com,phần cơm,dish,128372,702bd59b759a1c68,tu_702bd59b759a1c68_0,positive,0.97,"phần cơm: ngon, hạt tơi, ăn thơm"
food_descriptor:ngon,ngon,food_descriptor,128372,702bd59b759a1c68,tu_702bd59b759a1c68_0,positive,0.95,ngon
food_descriptor:hat-toi,hạt tơi,food_descriptor,128372,702bd59b759a1c68,tu_702bd59b759a1c68_0,positive,0.94,hạt tơi
food_descriptor:thom,thơm,food_descriptor,128372,702bd59b759a1c68,tu_702bd59b759a1c68_0,positive,0.93,ăn thơm
delivery_packaging:package,package,delivery_packaging,128372,702bd59b759a1c68,tu_702bd59b759a1c68_0,positive,0.96,"phần package: đẹp, gọn gàng, chỉn chu"
dish:rau,rau,dish,128372,702bd59b759a1c68,tu_702bd59b759a1c68_0,positive,0.92,"phần rau: tươi, sạch"
food_descriptor:tuoi,tươi,food_descriptor,128372,702bd59b759a1c68,tu_702bd59b759a1c68_0,positive,0.93,tươi
food_descriptor:sach,sạch,food_descriptor,128372,702bd59b759a1c68,tu_702bd59b759a1c68_0,positive,0.92,sạch
dish:com-bompi-ga-xa-xiu,cơm bompi - gà & xá xíu,dish,128372,702bd59b759a1c68,tu_702bd59b759a1c68_1,neutral,0.58,tên quán: cơm bompi - gà & xá xíu
dish:rau-thom,rau thơm,dish,128372,702bd59b759a1c68,tu_702bd59b759a1c68_1,negative,0.79,đổi rau thơm thành rau theo ngày
dish:rau-theo-ngay,rau theo ngày,dish,128372,702bd59b759a1c68,tu_702bd59b759a1c68_1,positive,0.83,"rau theo ngày (rau cải, rau muống, cà rốt,...) thì hợp lý hơn"
dish:xa-xiu,xá xíu,dish,128372,702bd59b759a1c68,tu_702bd59b759a1c68_1,positive,0.94,xá xíu vị ok
dish:ga,gà,dish,128372,702bd59b759a1c68,tu_702bd59b759a1c68_1,negative,0.95,"gà thì hơi nhạt, không rõ vị"
dish:nuoc-cham,nước chấm,dish,128372,702bd59b759a1c68,tu_702bd59b759a1c68_1,negative,0.98,"chê nhất phần này, nước chấm hơi chua, nhạt nhẽo"
food_descriptor:ok,ok,food_descriptor,128372,702bd59b759a1c68,tu_702bd59b759a1c68_1,positive,0.78,vị ok
food_descriptor:hoi-nhat,hơi nhạt,food_descriptor,128372,702bd59b759a1c68,tu_702bd59b759a1c68_1,negative,0.95,gà thì hơi nhạt
food_descriptor:khong-ro-vi,không rõ vị,food_descriptor,128372,702bd59b759a1c68,tu_702bd59b759a1c68_1,negative,0.93,không rõ vị
food_descriptor:hoi-chua,hơi chua,food_descriptor,128372,702bd59b759a1c68,tu_702bd59b759a1c68_1,negative,0.94,nước chấm hơi chua
food_descriptor:nhat-nheo,nhạt nhẽo,food_descriptor,128372,702bd59b759a1c68,tu_702bd59b759a1c68_1,negative,0.96,nhạt nhẽo
food_descriptor:du-an,đủ ăn,food_descriptor,128372,702bd59b759a1c68,tu_702bd59b759a1c68_1,positive,0.88,định lượng: đủ ăn
problem:hoi-doi,hơi đói,problem,128372,702bd59b759a1c68,tu_702bd59b759a1c68_1,negative,0.86,con trai ăn có thể sẽ hơi đói
dish:com,cơm,dish,128372,36c277b5cd85166f,tu_36c277b5cd85166f,negative,0.93,cơm hơi nhão
dish:thit,thịt,dish,128372,36c277b5cd85166f,tu_36c277b5cd85166f,negative,0.87,thịt nhạt
food_descriptor:nhao,nhão,food_descriptor,128372,36c277b5cd85166f,tu_36c277b5cd85166f,negative,0.95,hơi nhão
food_descriptor:nhat,nhạt,food_descriptor,128372,36c277b5cd85166f,tu_36c277b5cd85166f,negative,0.95,nhạt
problem:khau-phan-an-it,khẩu phần ăn ít,problem,128372,36c277b5cd85166f,tu_36c277b5cd85166f,negative,0.9,khẩu phần ăn ít
dish:rau-xao,rau xào,dish,128372,e5a891feaf3d2e38,tu_e5a891feaf3d2e38,neutral,0.86,cải thiện thành rau xào
dish:rau-luoc,rau luộc,dish,128372,e5a891feaf3d2e38,tu_e5a891feaf3d2e38,neutral,0.84,có chút rau luộc
dish:thit-lon,thịt lợn,dish,128372,e5a891feaf3d2e38,tu_e5a891feaf3d2e38,negative,0.9,thịt lợn thì lại cho hơi nhiều
dish:ga,gà,dish,128372,e5a891feaf3d2e38,tu_e5a891feaf3d2e38,neutral,0.91,gà thì bình thường không nhiều
food_descriptor:hoi-nhieu,hơi nhiều,food_descriptor,128372,e5a891feaf3d2e38,tu_e5a891feaf3d2e38,negative,0.88,cho hơi nhiều
food_descriptor:binh-thuong,bình thường,food_descriptor,128372,e5a891feaf3d2e38,tu_e5a891feaf3d2e38,neutral,0.8,gà thì bình thường
food_descriptor:khong-nhieu,không nhiều,food_descriptor,128372,e5a891feaf3d2e38,tu_e5a891feaf3d2e38,negative,0.83,không nhiều
problem:khong-no-bung,không no bụng,problem,128372,e5a891feaf3d2e38,tu_e5a891feaf3d2e38,negative,0.92,chưa thấy no bụng
problem:thieu-rau,thiếu rau,problem,128372,e5a891feaf3d2e38,tu_e5a891feaf3d2e38,negative,0.86,ít nhất là có chút rau luộc thì sẽ hợp lý hơn
delivery_packaging:packaging,packaging,delivery_packaging,10856,f74d60fd78f328c5,tu_f74d60fd78f328c5,negative,0.84,cho có 1
problem:thieu-1-doi-dua,thiếu 1 đôi đũa,problem,10856,f74d60fd78f328c5,tu_f74d60fd78f328c5,negative,0.95,xin 2 đôi đũa mà cho có 1
problem:khong-lam-dung-ghi-chu,không làm đúng ghi chú,problem,10856,f74d60fd78f328c5,tu_f74d60fd78f328c5,negative,0.98,không làm đúng ghi chú
dish:banh-cuon-tom-thit,bánh cuốn tôm thịt,dish,10856,b7ca8832ffca4c0c,tu_b7ca8832ffca4c0c,positive,0.95,tên quán: ... bánh cuốn tôm thịt
food_descriptor:ngon-xiu,ngon xỉu,food_descriptor,10856,b7ca8832ffca4c0c,tu_b7ca8832ffca4c0c,positive,0.92,ngon xỉu
delivery_packaging:dong-goi-tot,đóng gói tốt,delivery_packaging,10856,b7ca8832ffca4c0c,tu_b7ca8832ffca4c0c,positive,0.97,đóng gói tốt
price_value:dang-dong-tien,đáng đồng tiền,price_value,10856,b7ca8832ffca4c0c,tu_b7ca8832ffca4c0c,positive,0.96,đáng đồng tiền
space_quality:sach-se,sạch sẽ,space_quality,10856,b7ca8832ffca4c0c,tu_b7ca8832ffca4c0c,positive,0.8,sạch sẽ
dish:banh-cuon-tom-thit,bánh cuốn tôm thịt,dish,10856,184ca7cec98d2d70,tu_184ca7cec98d2d70,positive,0.92,bánh cuốn tôm thịt
food_descriptor:ngon,ngon,food_descriptor,10856,184ca7cec98d2d70,tu_184ca7cec98d2d70,positive,0.95,ngon xỉu
price_value:dang-dong-tien,đáng đồng tiền,price_value,10856,184ca7cec98d2d70,tu_184ca7cec98d2d70,positive,0.96,đáng đồng tiền
dish:banh-cuon-tom-thit,bánh cuốn tôm thịt,dish,10856,3580c4a6532c92d7,tu_3580c4a6532c92d7,neutral,0.95,tên quán: hồng hạnh - bánh cuốn tôm thịt
delivery_packaging:1-tui-nuoc-be-teo,1 túi nước bé tẹo,delivery_packaging,10856,3580c4a6532c92d7,tu_3580c4a6532c92d7,negative,0.92,có 1 túi nước bé tẹo
problem:3-xuat-sao-cho-e-co-1-tui-nuoc-be-teo,3 xuất sao cho e có 1 túi nước bé tẹo,problem,10856,3580c4a6532c92d7,tu_3580c4a6532c92d7,negative,0.88,3 xuất sao cho e có 1 túi nước bé tẹo vậy
dish:banh-cuon-tom-thit,bánh cuốn tôm thịt,dish,10856,a0b546510b6cf10e,tu_a0b546510b6cf10e,negative,0.93,bánh giao đến
dish:trung,trứng,dish,10856,a0b546510b6cf10e,tu_a0b546510b6cf10e,negative,0.88,quả trứng
food_descriptor:danh-tan,đánh tan,food_descriptor,10856,a0b546510b6cf10e,tu_a0b546510b6cf10e,negative,0.9,đánh tan quả trứng ra
food_descriptor:chua-chin,chưa chín,food_descriptor,10856,a0b546510b6cf10e,tu_a0b546510b6cf10e,negative,0.79,để trứng chín cho nhanh
problem:khac-anh,khác ảnh,problem,10856,a0b546510b6cf10e,tu_a0b546510b6cf10e,negative,0.91,"ảnh thì nguyên quả, bánh giao đến thì lại kiểu đánh tan"
delivery_packaging:giao-hang,giao hàng,delivery_packaging,10856,a0b546510b6cf10e,tu_a0b546510b6cf10e,neutral,0.58,bánh giao đến
dish:banh-cuon-hanh,bánh cuốn hành,dish,10856,9361330c914759b6,tu_9361330c914759b6,neutral,0.96,đặt bánh cuốn hành
dish:cha,chả,dish,10856,9361330c914759b6,tu_9361330c914759b6,neutral,0.88,có chả
problem:giao-thieu-cha,giao thiếu chả,problem,10856,9361330c914759b6,tu_9361330c914759b6,negative,0.98,giao đến lại không có chả
dish:cac-mon-nhau,các món nhậu,dish,32784,56980ce2bef18ea8,tu_56980ce2bef18ea8,positive,0.88,các món nhậu
food_descriptor:ngon,ngon,food_descriptor,32784,56980ce2bef18ea8,tu_56980ce2bef18ea8,positive,0.95,ngon xỉu
food_descriptor:ngon,ngon,food_descriptor,32784,aedcbac70528ea09,tu_aedcbac70528ea09,positive,0.85,khá ngon
dish:bun,bún,dish,32784,668bc2d03d7c6ac9,tu_668bc2d03d7c6ac9,negative,0.95,bún hôi quá
food_descriptor:hoi,hôi,food_descriptor,32784,668bc2d03d7c6ac9,tu_668bc2d03d7c6ac9,negative,0.98,hôi quá
dish:bun,bún,dish,32784,b41597aaa3223477,tu_b41597aaa3223477,negative,0.93,bún vụn
food_descriptor:vun,vụn,food_descriptor,32784,b41597aaa3223477,tu_b41597aaa3223477,negative,0.95,bún vụn
dish:thit-bo,thịt bò,dish,32784,b41597aaa3223477,tu_b41597aaa3223477,negative,0.92,thịt bò nhưng là thịt lợn
dish:thit-lon,thịt lợn,dish,32784,b41597aaa3223477,tu_b41597aaa3223477,negative,0.8,là thịt lợn
problem:sai-mon-sai-nguyen-lieu,sai món/sai nguyên liệu,problem,32784,b41597aaa3223477,tu_b41597aaa3223477,negative,0.89,thịt bò nhưng là thịt lợn
dish:bun-ga,bún gà,dish,32784,b41597aaa3223477,tu_b41597aaa3223477,negative,0.94,bún gà nhưng lèo bèo vài miếng gà
food_descriptor:leo-beo,lèo bèo,food_descriptor,32784,b41597aaa3223477,tu_b41597aaa3223477,negative,0.93,lèo bèo
dish:ga,gà,dish,32784,b41597aaa3223477,tu_b41597aaa3223477,negative,0.72,vài miếng gà
dish:bun-ga,bún gà,dish,32784,8daa976614695624,tu_8daa976614695624,neutral,0.98,mua bún gà
dish:pho-ga,phở gà,dish,32784,8daa976614695624,tu_8daa976614695624,neutral,0.98,đưa phở gà
problem:dua-nham-mon,đưa nhầm món,problem,32784,8daa976614695624,tu_8daa976614695624,negative,0.97,mua bún gà lại đưa phở gà
dish:com-tam-suon,cơm tấm sườn,dish,95249,a1500bcea2364e07,tu_a1500bcea2364e07,positive,0.72,cơm tấm sườn
food_descriptor:ngon-xiu,ngon xỉu,food_descriptor,95249,a1500bcea2364e07,tu_a1500bcea2364e07,positive,0.96,ngon xỉu
price_value:dang-dong-tien,đáng đồng tiền,price_value,95249,a1500bcea2364e07,tu_a1500bcea2364e07,positive,0.97,đáng đồng tiền
delivery_packaging:dong-goi-tot,đóng gói tốt,delivery_packaging,95249,a1500bcea2364e07,tu_a1500bcea2364e07,positive,0.96,đóng gói tốt
dish:com-tam-suon,cơm tấm sườn,dish,95249,b5a3ab4d33d7b2e6,tu_b5a3ab4d33d7b2e6,positive,0.83,tên quán: cơm tấm sườn đông dương
food_descriptor:ngon-xiu,ngon xỉu,food_descriptor,95249,b5a3ab4d33d7b2e6,tu_b5a3ab4d33d7b2e6,positive,0.98,ngon xỉu
price_value:dang-dong-tien,đáng đồng tiền,price_value,95249,b5a3ab4d33d7b2e6,tu_b5a3ab4d33d7b2e6,positive,0.97,đáng đồng tiền
delivery_packaging:dong-goi-tot,đóng gói tốt,delivery_packaging,95249,b5a3ab4d33d7b2e6,tu_b5a3ab4d33d7b2e6,positive,0.98,đóng gói tốt
space_quality:sach-se,sạch sẽ,space_quality,95249,b5a3ab4d33d7b2e6,tu_b5a3ab4d33d7b2e6,positive,0.73,sạch sẽ
price_value:dang-dong-tien,đáng đồng tiền,price_value,95249,0a8455696d83968f,tu_0a8455696d83968f,positive,0.98,đáng đồng tiền
price_value:dang-dong-tien,đáng đồng tiền,price_value,95249,1c88f7a69fcc4aa7,tu_1c88f7a69fcc4aa7,positive,0.98,đáng đồng tiền
delivery_packaging:dong-goi-tot,đóng gói tốt,delivery_packaging,95249,1c88f7a69fcc4aa7,tu_1c88f7a69fcc4aa7,positive,0.99,đóng gói tốt
dish:com-tam-suon,cơm tấm sườn,dish,95249,c2c98e92d448158e,tu_c2c98e92d448158e,neutral,0.64,cơm tấm sườn đông dương
food_descriptor:ngon,ngon,food_descriptor,95249,c2c98e92d448158e,tu_c2c98e92d448158e,positive,0.95,khá ngon
dish:do-an,đồ ăn,dish,95249,a46e7b46557be716,tu_a46e7b46557be716,positive,0.84,đồ ăn ngon
dish:canh,canh,dish,95249,a46e7b46557be716,tu_a46e7b46557be716,neutral,0.89,phần canh
delivery_packaging:day-chac,đậy chắc,delivery_packaging,95249,a46e7b46557be716,tu_a46e7b46557be716,negative,0.75,chú ý đậy chắc phần canh
problem:rot-ra-ngoai-tui-bong,rớt ra ngoài túi bóng,problem,95249,a46e7b46557be716,tu_a46e7b46557be716,negative,0.93,rớt phần canh ra ngoài túi bóng
service_quality:shiper-van-chuyen,shiper vận chuyển,service_quality,95249,a46e7b46557be716,tu_a46e7b46557be716,neutral,0.56,shiper vận chuyển
dish:nuoc-mam,nước mắm,dish,95249,2a1e019c187bf675,tu_2a1e019c187bf675,neutral,0.63,nước mắm
problem:thieu-nuoc-mam,thiếu nước mắm,problem,95249,2a1e019c187bf675,tu_2a1e019c187bf675,negative,0.96,gửi thiếu nước mắm
dish:bun-thai-hai-san,bún thái hải sản,dish,116631,66ea5cf40f4216fc,tu_66ea5cf40f4216fc,neutral,0.66,bún thái hải sản
dish:mi-chua-cay,mì chua cay,dish,116631,66ea5cf40f4216fc,tu_66ea5cf40f4216fc,neutral,0.66,mì chua cay
service_quality:chu-dao,chu đáo,service_quality,116631,66ea5cf40f4216fc,tu_66ea5cf40f4216fc,positive,0.95,quá chu đáo
price_value:dang-dong-tien,đáng đồng tiền,price_value,116631,66ea5cf40f4216fc,tu_66ea5cf40f4216fc,positive,0.95,đáng đồng tiền
space_quality:sach-se,sạch sẽ,space_quality,116631,66ea5cf40f4216fc,tu_66ea5cf40f4216fc,positive,0.88,sạch sẽ
delivery_packaging:dong-goi-tot,đóng gói tốt,delivery_packaging,116631,66ea5cf40f4216fc,tu_66ea5cf40f4216fc,positive,0.96,đóng gói tốt
dish:bun-thai-hai-san,bún thái hải sản,dish,116631,eae567348b722449,tu_eae567348b722449,neutral,0.5,tên quán: ... bún thái hải sản
dish:mi-chua-cay,mì chua cay,dish,116631,eae567348b722449,tu_eae567348b722449,neutral,0.5,tên quán: ... mì chua cay
food_descriptor:ngon,ngon,food_descriptor,116631,eae567348b722449,tu_eae567348b722449,positive,0.96,ngon xỉu
price_value:dang-dong-tien,đáng đồng tiền,price_value,116631,eae567348b722449,tu_eae567348b722449,positive,0.95,đáng đồng tiền
space_quality:sach-se,sạch sẽ,space_quality,116631,eae567348b722449,tu_eae567348b722449,positive,0.92,sạch sẽ
problem:van-cho-da,vẫn cho đá,problem,116631,eae567348b722449,tu_eae567348b722449,negative,0.89,hỏi chấm nhưng vẫn cho đá
dish:bun-thai-hai-san,bún thái hải sản,dish,116631,9575c282742122d7,tu_9575c282742122d7,neutral,0.93,bún thái hải sản
dish:mi-chua-cay,mì chua cay,dish,116631,9575c282742122d7,tu_9575c282742122d7,neutral,0.93,mì chua cay
food_descriptor:ngon,ngon,food_descriptor,116631,9575c282742122d7,tu_9575c282742122d7,positive,0.96,ngon xỉu
dish:bun-thai-hai-san,bún thái hải sản,dish,116631,075ad26004e99b50,tu_075ad26004e99b50,neutral,0.76,bún thái hải sản
dish:mi-chua-cay,mì chua cay,dish,116631,075ad26004e99b50,tu_075ad26004e99b50,neutral,0.76,mì chua cay
food_descriptor:kha-ngon,khá ngon,food_descriptor,116631,075ad26004e99b50,tu_075ad26004e99b50,positive,0.95,khá ngon
service_quality:khong-lam-dung-ghi-chu,không làm đúng ghi chú,service_quality,116631,075ad26004e99b50,tu_075ad26004e99b50,negative,0.96,không làm đúng ghi chú
problem:khong-lam-dung-ghi-chu,không làm đúng ghi chú,problem,116631,075ad26004e99b50,tu_075ad26004e99b50,negative,0.93,không làm đúng ghi chú
problem:cho-qua-nhieu-my-chinh,cho quá nhiều mỳ chính,problem,116631,e0aaa1b4ce5d9c69,tu_e0aaa1b4ce5d9c69,negative,0.97,cho quá nhiều mỳ chính
problem:khach-bi-choang,khách bị choáng,problem,116631,e0aaa1b4ce5d9c69,tu_e0aaa1b4ce5d9c69,negative,0.95,khách bị choáng
delivery_packaging:dong-goi,đóng gói,delivery_packaging,26075,14fe32171f53a5f3,tu_14fe32171f53a5f3,positive,0.95,đóng gói tốt
space_quality:sach-se,sạch sẽ,space_quality,26075,14fe32171f53a5f3,tu_14fe32171f53a5f3,positive,0.76,sạch sẽ
food_descriptor:ngon-xiu,ngon xỉu,food_descriptor,26075,fe4b04f9942496cb,tu_fe4b04f9942496cb,positive,0.95,ngon xỉu
delivery_packaging:dong-goi,đóng gói,delivery_packaging,26075,d4acf90420dd4896,tu_d4acf90420dd4896,positive,0.98,đóng gói tốt
dish:canh,canh,dish,26075,baa33aafad427bfd,tu_baa33aafad427bfd,neutral,0.88,ko lấy canh
problem:do-ra-ngoai,đổ ra ngoài,problem,26075,baa33aafad427bfd,tu_baa33aafad427bfd,negative,0.97,toàn đổ ra ngoài thôi
delivery_packaging:dong-goi,đóng gói,delivery_packaging,26075,baa33aafad427bfd,tu_baa33aafad427bfd,negative,0.92,toàn đổ ra ngoài thôi
delivery_packaging:dong-goi,đóng gói,delivery_packaging,119585,c1d0ee0a6ebf4d1c,tu_c1d0ee0a6ebf4d1c,positive,0.98,đóng gói tốt
food_descriptor:ngon-xiu,ngon xỉu,food_descriptor,119585,c1d0ee0a6ebf4d1c,tu_c1d0ee0a6ebf4d1c,positive,0.95,ngon xỉu
price_value:dang-dong-tien,đáng đồng tiền,price_value,119585,c1d0ee0a6ebf4d1c,tu_c1d0ee0a6ebf4d1c,positive,0.97,đáng đồng tiền
space_quality:sach-se,sạch sẽ,space_quality,119585,c1d0ee0a6ebf4d1c,tu_c1d0ee0a6ebf4d1c,positive,0.82,sạch sẽ
food_descriptor:ngon-xiu,ngon xỉu,food_descriptor,119585,559441d2e290903f,tu_559441d2e290903f,positive,0.95,ngon xỉu
space_quality:sach-se,sạch sẽ,space_quality,119585,559441d2e290903f,tu_559441d2e290903f,positive,0.82,sạch sẽ
delivery_packaging:dong-goi-tot,đóng gói tốt,delivery_packaging,119585,559441d2e290903f,tu_559441d2e290903f,positive,0.97,đóng gói tốt
price_value:dang-dong-tien,đáng đồng tiền,price_value,119585,559441d2e290903f,tu_559441d2e290903f,positive,0.96,đáng đồng tiền
space_quality:sach-se,sạch sẽ,space_quality,119585,11375a813ed4904c,tu_11375a813ed4904c,positive,0.72,sạch sẽ
delivery_packaging:dong-goi-tot,đóng gói tốt,delivery_packaging,119585,11375a813ed4904c,tu_11375a813ed4904c,positive,0.97,đóng gói tốt
food_descriptor:ngon-xiu,ngon xỉu,food_descriptor,119585,11375a813ed4904c,tu_11375a813ed4904c,positive,0.95,ngon xỉu
price_value:dang-dong-tien,đáng đồng tiền,price_value,119585,11375a813ed4904c,tu_11375a813ed4904c,positive,0.96,đáng đồng tiền
dish:com-tam,cơm tấm,dish,119585,b4ba6ace7a9230e7,tu_b4ba6ace7a9230e7,neutral,0.64,cơm tấm nàng bơ
food_descriptor:ngon,ngon,food_descriptor,119585,b4ba6ace7a9230e7,tu_b4ba6ace7a9230e7,positive,0.93,khá ngon
dish:cha-trung,chả trứng,dish,119585,452ab6c8cbc01278,tu_452ab6c8cbc01278,negative,0.86,thiếu mất 1 phần chả trứng
problem:giao-thieu-mon,giao thiếu món,problem,119585,452ab6c8cbc01278,tu_452ab6c8cbc01278,negative,0.95,giao thiếu mất 1 phần
delivery_packaging:dong-goi-giao-hang,đóng gói/giao hàng,delivery_packaging,119585,452ab6c8cbc01278,tu_452ab6c8cbc01278,negative,0.78,cửa hàng giao thiếu
dish:do-an,đồ ăn,dish,119585,2ea9c81799779dc4,tu_2ea9c81799779dc4,neutral,0.72,đồ ăn ở mức ổn thôi
food_descriptor:on,ổn,food_descriptor,119585,2ea9c81799779dc4,tu_2ea9c81799779dc4,neutral,0.66,ở mức ổn thôi
delivery_packaging:dong-goi,đóng gói,delivery_packaging,119585,2ea9c81799779dc4,tu_2ea9c81799779dc4,positive,0.95,đóng gói rất chỉn chu và sạch sẽ
price_value:dang-dong-tien,đáng đồng tiền,price_value,20058,1bc2fbfd3f3d87a6,tu_1bc2fbfd3f3d87a6,positive,0.97,đáng đồng tiền
delivery_packaging:dong-goi-tot,đóng gói tốt,delivery_packaging,20058,1bc2fbfd3f3d87a6,tu_1bc2fbfd3f3d87a6,positive,0.98,đóng gói tốt
food_descriptor:ngon-xiu,ngon xỉu,food_descriptor,20058,1bc2fbfd3f3d87a6,tu_1bc2fbfd3f3d87a6,positive,0.94,ngon xỉu
dish:ga-ran,gà rán,dish,20058,21ebf86891f2c626,tu_21ebf86891f2c626,negative,0.98,"gà rán nhạt, khô"
food_descriptor:nhat,nhạt,food_descriptor,20058,21ebf86891f2c626,tu_21ebf86891f2c626,negative,0.97,gà rán nhạt
food_descriptor:kho,khô,food_descriptor,20058,21ebf86891f2c626,tu_21ebf86891f2c626,negative,0.97,"gà rán nhạt, khô"
delivery_packaging:hop-goi,hộp gói,delivery_packaging,20058,21ebf86891f2c626,tu_21ebf86891f2c626,negative,0.95,hộp gói còn có vệt đen
problem:vet-den-dang-ngo-nhu-bi-moc,vệt đen đáng ngờ như bị mốc,problem,20058,21ebf86891f2c626,tu_21ebf86891f2c626,negative,0.96,vệt đen đáng ngờ như bị mốc
dish:tokbokki,tokbokki,dish,20058,21ebf86891f2c626,tu_21ebf86891f2c626,negative,0.98,tokbokki bị ngọt quá
food_descriptor:ngot-qua,ngọt quá,food_descriptor,20058,21ebf86891f2c626,tu_21ebf86891f2c626,negative,0.96,bị ngọt quá
problem:khong-hop-khau-vi,không hợp khẩu vị,problem,20058,21ebf86891f2c626,tu_21ebf86891f2c626,negative,0.9,không hợp khẩu vị
problem:sai-mon,sai món,problem,20058,62a7fa31814d58da,tu_62a7fa31814d58da,negative,0.98,sai món rồi
problem:thieu-mon,thiếu món,problem,20058,62a7fa31814d58da,tu_62a7fa31814d58da,negative,0.97,sai/thiếu món
food_descriptor:ngon-xiu,ngon xỉu,food_descriptor,20058,c4fc9929e624bb32,tu_c4fc9929e624bb32,positive,0.95,ngon xỉu
delivery_packaging:dong-goi-tot,đóng gói tốt,delivery_packaging,20058,c4fc9929e624bb32,tu_c4fc9929e624bb32,positive,0.97,đóng gói tốt
price_value:dang-dong-tien,đáng đồng tiền,price_value,20058,c4fc9929e624bb32,tu_c4fc9929e624bb32,positive,0.96,đáng đồng tiền
space_quality:sach-se,sạch sẽ,space_quality,20058,c4fc9929e624bb32,tu_c4fc9929e624bb32,positive,0.83,sạch sẽ
food_descriptor:ngon-xiu,ngon xỉu,food_descriptor,20058,6d6271a0ffde48ba,tu_6d6271a0ffde48ba,positive,0.96,ngon xỉu
price_value:dang-dong-tien,đáng đồng tiền,price_value,20058,6d6271a0ffde48ba,tu_6d6271a0ffde48ba,positive,0.98,đáng đồng tiền
delivery_packaging:dong-goi-tot,đóng gói tốt,delivery_packaging,20058,6d6271a0ffde48ba,tu_6d6271a0ffde48ba,positive,0.98,đóng gói tốt
space_quality:sach-se,sạch sẽ,space_quality,20058,6d6271a0ffde48ba,tu_6d6271a0ffde48ba,positive,0.74,sạch sẽ
problem:khong-hop-khau-vi,không hợp khẩu vị,problem,20058,bb677070abc67bdb,tu_bb677070abc67bdb,negative,0.96,không hợp khẩu vị
price_value:gia-thanh-qua-cao,giá thành quá cao,price_value,20058,92bace2c5a8c1274,tu_92bace2c5a8c1274,negative,0.98,giá thành quá cao
dish:suat-nay,suất này,dish,20058,92bace2c5a8c1274,tu_92bace2c5a8c1274,neutral,0.63,suất này
audience:1-nguoi-an,1 người ăn,audience,20058,92bace2c5a8c1274,tu_92bace2c5a8c1274,neutral,0.84,chỉ đủ 1 người ăn
problem:khong-note-nua-con-hoac-1-3,không note nửa con hoặc 1/3,problem,20058,92bace2c5a8c1274,tu_92bace2c5a8c1274,negative,0.9,nên note là nửa con hoặc 1/3
dish:ga,gà,dish,20058,46ba44d9bd53bc87,tu_46ba44d9bd53bc87,negative,0.95,gà cũ k giòn ỉu ăn rất khô
food_descriptor:cu,cũ,food_descriptor,20058,46ba44d9bd53bc87,tu_46ba44d9bd53bc87,negative,0.89,gà cũ
food_descriptor:khong-gion,không giòn,food_descriptor,20058,46ba44d9bd53bc87,tu_46ba44d9bd53bc87,negative,0.97,k giòn
food_descriptor:iu,ỉu,food_descriptor,20058,46ba44d9bd53bc87,tu_46ba44d9bd53bc87,negative,0.95,ỉu
food_descriptor:kho,khô,food_descriptor,20058,46ba44d9bd53bc87,tu_46ba44d9bd53bc87,negative,0.98,ăn rất khô
dish:chan-ga,chân gà,dish,20000,3bc9c374dea2c0f8,tu_3bc9c374dea2c0f8,neutral,0.95,đặt 3 set chân gà
problem:sai-thieu-mon,sai/thiếu món,problem,20000,3bc9c374dea2c0f8,tu_3bc9c374dea2c0f8,negative,0.99,sai/thiếu món
space_quality:sach-se,sạch sẽ,space_quality,20000,f825b3c97028ece2,tu_f825b3c97028ece2,positive,0.94,sạch sẽ
dish:banh-cuon-nong,bánh cuốn nóng,dish,20000,37e38e7f7f47e901,tu_37e38e7f7f47e901,positive,0.97,tên quán: bánh cuốn nóng
food_descriptor:ngon-xiu,ngon xỉu,food_descriptor,20000,37e38e7f7f47e901,tu_37e38e7f7f47e901,positive,0.95,ngon xỉu
delivery_packaging:dong-goi-tot,đóng gói tốt,delivery_packaging,20000,37e38e7f7f47e901,tu_37e38e7f7f47e901,positive,0.96,đóng gói tốt
price_value:dang-dong-tien,đáng đồng tiền,price_value,20000,37e38e7f7f47e901,tu_37e38e7f7f47e901,positive,0.96,đáng đồng tiền
space_quality:sach-se,sạch sẽ,space_quality,20000,37e38e7f7f47e901,tu_37e38e7f7f47e901,positive,0.88,sạch sẽ
service_quality:service,service,service_quality,20000,4edb3179250cacb8,tu_4edb3179250cacb8,negative,0.92,không làm đúng ghi chú
problem:khong-lam-dung-ghi-chu,không làm đúng ghi chú,problem,20000,4edb3179250cacb8,tu_4edb3179250cacb8,negative,0.98,không làm đúng ghi chú
delivery_packaging:dung-cu-an-uong-kem,dụng cụ ăn uống kèm,delivery_packaging,20000,cf714285e0b3cbad,tu_cf714285e0b3cbad,negative,0.89,k có đũa hay bát
problem:khong-co-dua,không có đũa,problem,20000,cf714285e0b3cbad,tu_cf714285e0b3cbad,negative,0.95,k có đũa
problem:khong-co-bat,không có bát,problem,20000,cf714285e0b3cbad,tu_cf714285e0b3cbad,negative,0.95,k có ... bát
dish:nuoc-mam,nước mắm,dish,20000,cf714285e0b3cbad,tu_cf714285e0b3cbad,neutral,0.52,đựng nước mắm
service_quality:giao-hang,giao hàng,service_quality,76892,4c248315cbd99fbd,tu_4c248315cbd99fbd,negative,0.87,giao lần đầu... giao lần 2
problem:sai-mon,sai món,problem,76892,4c248315cbd99fbd,tu_4c248315cbd99fbd,negative,0.98,giao lần đầu thì sai món
problem:nham-dia-chi,nhầm địa chỉ,problem,76892,4c248315cbd99fbd,tu_4c248315cbd99fbd,negative,0.97,gọi lại giao lần 2 thì nhầm địa chỉ
problem:1-tieng-chua-duoc-an,1 tiếng chưa được ăn,problem,76892,4c248315cbd99fbd,tu_4c248315cbd99fbd,negative,0.95,1 tiếng chưa được ăn
problem:thieu-mon,thiếu món,problem,76892,4c248315cbd99fbd,tu_4c248315cbd99fbd,negative,0.94,sai/thiếu món
food_descriptor:ngon-xiu,ngon xỉu,food_descriptor,76892,01f828c78dbbdf9b,tu_01f828c78dbbdf9b,positive,0.92,ngon xỉu
price_value:dang-dong-tien,đáng đồng tiền,price_value,76892,01f828c78dbbdf9b,tu_01f828c78dbbdf9b,positive,0.97,đáng đồng tiền
delivery_packaging:dong-goi-tot,đóng gói tốt,delivery_packaging,76892,01f828c78dbbdf9b,tu_01f828c78dbbdf9b,positive,0.98,đóng gói tốt
space_quality:sach-se,sạch sẽ,space_quality,76892,01f828c78dbbdf9b,tu_01f828c78dbbdf9b,positive,0.78,sạch sẽ
location_landmark:truong-dinh,trương định,location_landmark,76892,01f828c78dbbdf9b,tu_01f828c78dbbdf9b,neutral,0.72,trương định
food_descriptor:ngon-xiu,ngon xỉu,food_descriptor,76892,d8c3d6037a5532d6,tu_d8c3d6037a5532d6,positive,0.95,ngon xỉu
food_descriptor:ngon-xiu,ngon xỉu,food_descriptor,76892,27161b13737ef73b,tu_27161b13737ef73b,positive,0.95,ngon xỉu
price_value:dang-dong-tien,đáng đồng tiền,price_value,76892,27161b13737ef73b,tu_27161b13737ef73b,positive,0.97,đáng đồng tiền
space_quality:sach-se,sạch sẽ,space_quality,76892,27161b13737ef73b,tu_27161b13737ef73b,positive,0.63,sạch sẽ
delivery_packaging:dong-goi-tot,đóng gói tốt,delivery_packaging,76892,27161b13737ef73b,tu_27161b13737ef73b,positive,0.96,đóng gói tốt
food_descriptor:ngon,ngon,food_descriptor,76892,ddcce94a89caf6c9,tu_ddcce94a89caf6c9,positive,0.95,ngon xỉu
delivery_packaging:dong-goi-tot,đóng gói tốt,delivery_packaging,76892,ddcce94a89caf6c9,tu_ddcce94a89caf6c9,positive,0.97,đóng gói tốt
price_value:dang-dong-tien,đáng đồng tiền,price_value,76892,ddcce94a89caf6c9,tu_ddcce94a89caf6c9,positive,0.96,đáng đồng tiền
space_quality:sach-se,sạch sẽ,space_quality,76892,ddcce94a89caf6c9,tu_ddcce94a89caf6c9,positive,0.78,sạch sẽ
delivery_packaging:dong-goi,đóng gói,delivery_packaging,76892,d6dc2e6bb681d776,tu_d6dc2e6bb681d776,negative,0.89,packaging=-1.00
problem:thieu-dua-thia,thiếu đũa thìa,problem,76892,d6dc2e6bb681d776,tu_d6dc2e6bb681d776,negative,0.98,thiếu đũa thìa
problem:thieu-tuong-cham,thiếu tương chấm,problem,76892,d6dc2e6bb681d776,tu_d6dc2e6bb681d776,negative,0.96,tương chấm
dish:combo-nua-con-ga,combo nửa con gà,dish,76892,bf1bdcb4321bae2e,tu_bf1bdcb4321bae2e,neutral,0.95,đặt combo nửa con gà
dish:nua-con-ga,nửa con gà,dish,76892,bf1bdcb4321bae2e,tu_bf1bdcb4321bae2e,neutral,0.92,chỉ có nửa con gà
dish:nuoc,nước,dish,76892,bf1bdcb4321bae2e,tu_bf1bdcb4321bae2e,negative,0.88,còn nước ... đâu
dish:khoai-tay-chien,khoai tây chiên,dish,76892,bf1bdcb4321bae2e,tu_bf1bdcb4321bae2e,negative,0.96,khoai tây chiên đâu
problem:giao-thieu-mon,giao thiếu món,problem,76892,bf1bdcb4321bae2e,tu_bf1bdcb4321bae2e,negative,0.98,giao chỉ có nửa con gà
dish:ga-ran,gà rán,dish,76892,414b9e07a855adfa,tu_414b9e07a855adfa,negative,0.97,gà rán khô quắt
food_descriptor:kho-quat,khô quắt,food_descriptor,76892,414b9e07a855adfa,tu_414b9e07a855adfa,negative,0.98,khô quắt
dish:com,cơm,dish,76892,414b9e07a855adfa,tu_414b9e07a855adfa,neutral,0.88,đặt cơm
dish:mi,mì,dish,76892,414b9e07a855adfa,tu_414b9e07a855adfa,neutral,0.88,với mì
occasion:takeaway,takeaway,occasion,76892,414b9e07a855adfa,tu_414b9e07a855adfa,neutral,0.76,hay đặt quán
delivery_packaging:don-dat,đơn đặt,delivery_packaging,76892,414b9e07a855adfa,tu_414b9e07a855adfa,negative,0.72,đặt cơm với mì
problem:thieu-dua-thia,thiếu đũa thìa,problem,76892,414b9e07a855adfa,tu_414b9e07a855adfa,negative,0.99,thiếu đũa thìa 2 lần
food_descriptor:ngon,ngon,food_descriptor,68175,1db3df20f257e939,tu_1db3df20f257e939,positive,0.94,ngon xỉu
price_value:gia-ca,giá cả,price_value,68175,23d2a20dbd94caf5,tu_23d2a20dbd94caf5,neutral,0.88,đáng đồng tiền
price_value:dang-dong-tien,đáng đồng tiền,price_value,68175,23d2a20dbd94caf5,tu_23d2a20dbd94caf5,positive,0.96,đáng đồng tiền
space_quality:do-sach-se,độ sạch sẽ,space_quality,68175,23d2a20dbd94caf5,tu_23d2a20dbd94caf5,neutral,0.73,sạch sẽ
space_quality:sach-se,sạch sẽ,space_quality,68175,23d2a20dbd94caf5,tu_23d2a20dbd94caf5,positive,0.94,sạch sẽ
food_descriptor:ngon-xiu,ngon xỉu,food_descriptor,68175,25496d3ac9c8d948,tu_25496d3ac9c8d948,positive,0.95,ngon xỉu
price_value:dang-dong-tien,đáng đồng tiền,price_value,68175,25496d3ac9c8d948,tu_25496d3ac9c8d948,positive,0.97,đáng đồng tiền
delivery_packaging:dong-goi-tot,đóng gói tốt,delivery_packaging,68175,25496d3ac9c8d948,tu_25496d3ac9c8d948,positive,0.98,đóng gói tốt
space_quality:sach-se,sạch sẽ,space_quality,68175,25496d3ac9c8d948,tu_25496d3ac9c8d948,positive,0.83,sạch sẽ
dish:do-an,đồ ăn,dish,68175,b141e7dac4821851,tu_b141e7dac4821851,positive,0.74,ngon xỉu
food_descriptor:ngon-xiu,ngon xỉu,food_descriptor,68175,b141e7dac4821851,tu_b141e7dac4821851,positive,0.91,ngon xỉu
space_quality:sach-se,sạch sẽ,space_quality,68175,b141e7dac4821851,tu_b141e7dac4821851,positive,0.88,sạch sẽ
dish:ga-xao,gà xào,dish,68175,ef8faf116e4c2b67,tu_ef8faf116e4c2b67,neutral,0.95,đặt gà xào
dish:suon,sườn,dish,68175,ef8faf116e4c2b67,tu_ef8faf116e4c2b67,neutral,0.94,giao sườn
problem:giao-sai-mon,giao sai món,problem,68175,ef8faf116e4c2b67,tu_ef8faf116e4c2b67,negative,0.99,giao sai món
problem:sai-thieu-mon,sai/thiếu món,problem,68175,ef8faf116e4c2b67,tu_ef8faf116e4c2b67,negative,0.99,sai/thiếu món
dish:dau-sot,đậu sốt,dish,68175,749eb938267df596,tu_749eb938267df596,negative,0.97,đậu sốt
problem:khong-co-nuoc-sot,không có nước sốt,problem,68175,749eb938267df596,tu_749eb938267df596,negative,0.98,k có nc sốt
dish:dau-ran,đậu rán,dish,68175,05aa067cdcd9cf3f,tu_05aa067cdcd9cf3f,negative,0.94,đậu rán hơi kỹ
food_descriptor:kho,khô,food_descriptor,68175,05aa067cdcd9cf3f,tu_05aa067cdcd9cf3f,negative,0.9,ăn đỡ khô
problem:ran-hoi-ky,rán hơi kỹ,problem,68175,05aa067cdcd9cf3f,tu_05aa067cdcd9cf3f,negative,0.88,đậu rán hơi kỹ
problem:rung-toc,rụng tóc,problem,68175,3f3845d792e00e6d,tu_3f3845d792e00e6d,negative,0.92,đầu bếp bị rụng tóc
dish:com,cơm,dish,8868,28b90248ff2037ab,tu_28b90248ff2037ab,negative,0.94,cơm có mùi kỳ lắm
food_descriptor:mui-dau-mo-cu,mùi dầu mỡ cũ,food_descriptor,8868,28b90248ff2037ab,tu_28b90248ff2037ab,negative,0.97,như mùi dầu mỡ cũ
food_descriptor:khong-thom,không thơm,food_descriptor,8868,28b90248ff2037ab,tu_28b90248ff2037ab,negative,0.93,ko thơm
food_descriptor:khong-hop-khau-vi,không hợp khẩu vị,food_descriptor,8868,28b90248ff2037ab,tu_28b90248ff2037ab,negative,0.9,không hợp khẩu vị
space_quality:sach-se,sạch sẽ,space_quality,8868,ea80df815e15954e,tu_ea80df815e15954e,positive,0.97,sạch sẽ
dish:com-rang,cơm rang,dish,8868,0f803a7f9028386a,tu_0f803a7f9028386a,positive,0.73,cơm rang 10 cẩm
food_descriptor:ngon,ngon,food_descriptor,8868,0f803a7f9028386a,tu_0f803a7f9028386a,positive,0.97,ngon xỉu
location_landmark:ngo-trai-ca,ngõ trại cá,location_landmark,8868,0f803a7f9028386a,tu_0f803a7f9028386a,neutral,0.78,ngõ trại cá
delivery_packaging:dong-goi,đóng gói,delivery_packaging,8868,fa68db1f0b70d704,tu_fa68db1f0b70d704,positive,0.96,đóng gói tốt
price_value:dang-dong-tien,đáng đồng tiền,price_value,8868,fa68db1f0b70d704,tu_fa68db1f0b70d704,positive,0.95,đáng đồng tiền
food_descriptor:ngon-xiu,ngon xỉu,food_descriptor,8868,fa68db1f0b70d704,tu_fa68db1f0b70d704,positive,0.9,ngon xỉu
service_quality:service,service,service_quality,8868,d89db4921273192b,tu_d89db4921273192b,negative,0.97,4 xuất cơm cho 1 đôi đũa
delivery_packaging:packaging,packaging,delivery_packaging,8868,d89db4921273192b,tu_d89db4921273192b,negative,0.96,4 ly coca không 1 cái ống hút
problem:thieu-dua,thiếu đũa,problem,8868,d89db4921273192b,tu_d89db4921273192b,negative,0.98,4 xuất cơm cho 1 đôi đũa
problem:thieu-ong-hut,thiếu ống hút,problem,8868,d89db4921273192b,tu_d89db4921273192b,negative,0.98,4 ly coca không 1 cái ống hút
problem:thieu-canh,thiếu canh,problem,8868,d89db4921273192b,tu_d89db4921273192b,negative,0.83,không canh
dish:com,cơm,dish,8868,d89db4921273192b,tu_d89db4921273192b,neutral,0.68,4 xuất cơm
dish:coca,coca,dish,8868,d89db4921273192b,tu_d89db4921273192b,neutral,0.8,4 ly coca
delivery_packaging:dong-goi-tot,đóng gói tốt,delivery_packaging,24720,1bf973f0e67b6f8b,tu_1bf973f0e67b6f8b,positive,0.98,đóng gói tốt
food_descriptor:ngon-xiu,ngon xỉu,food_descriptor,24720,1bf973f0e67b6f8b,tu_1bf973f0e67b6f8b,positive,0.96,ngon xỉu
price_value:dang-dong-tien,đáng đồng tiền,price_value,24720,1bf973f0e67b6f8b,tu_1bf973f0e67b6f8b,positive,0.97,đáng đồng tiền
space_quality:sach-se,sạch sẽ,space_quality,24720,1bf973f0e67b6f8b,tu_1bf973f0e67b6f8b,positive,0.62,sạch sẽ
food_descriptor:ngon-xiu,ngon xỉu,food_descriptor,24720,5b00261bf5d59adc,tu_5b00261bf5d59adc,positive,0.94,ngon xỉu
price_value:dang-dong-tien,đáng đồng tiền,price_value,24720,5b00261bf5d59adc,tu_5b00261bf5d59adc,positive,0.97,đáng đồng tiền
space_quality:sach-se,sạch sẽ,space_quality,24720,5b00261bf5d59adc,tu_5b00261bf5d59adc,positive,0.84,sạch sẽ
delivery_packaging:dong-goi-tot,đóng gói tốt,delivery_packaging,24720,5b00261bf5d59adc,tu_5b00261bf5d59adc,positive,0.98,đóng gói tốt
price_value:dang-dong-tien,đáng đồng tiền,price_value,24720,de31cea0bf83ca54,tu_de31cea0bf83ca54,positive,0.97,đáng đồng tiền
space_quality:sach-se,sạch sẽ,space_quality,24720,de31cea0bf83ca54,tu_de31cea0bf83ca54,positive,0.74,sạch sẽ
delivery_packaging:dong-goi-tot,đóng gói tốt,delivery_packaging,24720,de31cea0bf83ca54,tu_de31cea0bf83ca54,positive,0.98,đóng gói tốt
food_descriptor:delicious,delicious,food_descriptor,24720,90584d9c2400cd2c,tu_90584d9c2400cd2c,positive,0.95,delicious
space_quality:sach-se,sạch sẽ,space_quality,57665,ed10fb83982cb564,tu_ed10fb83982cb564,positive,0.82,sạch sẽ
delivery_packaging:dong-goi-tot,đóng gói tốt,delivery_packaging,57665,ed10fb83982cb564,tu_ed10fb83982cb564,positive,0.96,đóng gói tốt
price_value:dang-dong-tien,đáng đồng tiền,price_value,57665,ed10fb83982cb564,tu_ed10fb83982cb564,positive,0.97,đáng đồng tiền
dish:pho-bo-ga,phở bò gà,dish,57665,5b0c5c60603e2be6,tu_5b0c5c60603e2be6,neutral,0.74,phở bò gà
dish:bun-mien-ngan,bún miến ngan,dish,57665,5b0c5c60603e2be6,tu_5b0c5c60603e2be6,neutral,0.74,bún miến ngan
food_descriptor:ngon-xiu,ngon xỉu,food_descriptor,57665,5b0c5c60603e2be6,tu_5b0c5c60603e2be6,positive,0.97,ngon xỉu
price_value:dang-dong-tien,đáng đồng tiền,price_value,57665,5b0c5c60603e2be6,tu_5b0c5c60603e2be6,positive,0.98,đáng đồng tiền
price_value:dang-dong-tien,đáng đồng tiền,price_value,57665,ecf8f1e6eb76ce7a,tu_ecf8f1e6eb76ce7a,positive,0.97,đáng đồng tiền
dish:pho-bo-ga,phở bò gà,dish,57665,20a3fbfde373b491,tu_20a3fbfde373b491,positive,0.77,tên quán: phở bò gà
dish:bun-mien-ngan,bún miến ngan,dish,57665,20a3fbfde373b491,tu_20a3fbfde373b491,positive,0.77,& bún miến ngan
price_value:dang-dong-tien,đáng đồng tiền,price_value,57665,20a3fbfde373b491,tu_20a3fbfde373b491,positive,0.97,đáng đồng tiền
delivery_packaging:dong-goi-tot,đóng gói tốt,delivery_packaging,57665,20a3fbfde373b491,tu_20a3fbfde373b491,positive,0.98,đóng gói tốt
food_descriptor:ngon-xiu,ngon xỉu,food_descriptor,57665,20a3fbfde373b491,tu_20a3fbfde373b491,positive,0.95,ngon xỉu
space_quality:sach-se,sạch sẽ,space_quality,57665,20a3fbfde373b491,tu_20a3fbfde373b491,positive,0.9,sạch sẽ
dish:pho-bo-ga,phở bò gà,dish,57665,cf0899d9e1fd6a55,tu_cf0899d9e1fd6a55,neutral,0.58,phở bò gà
dish:bun-mien-ngan,bún miến ngan,dish,57665,cf0899d9e1fd6a55,tu_cf0899d9e1fd6a55,neutral,0.58,bún miến ngan
food_descriptor:man,mặn,food_descriptor,57665,cf0899d9e1fd6a55,tu_cf0899d9e1fd6a55,negative,0.96,mặn
dish:pho-bo-ga-bun-mien-ngan-343-pho-vong,phở bò gà & bún miến ngan 343 - phố vọng,dish,57665,ce70dc099a4b08c4,tu_ce70dc099a4b08c4,neutral,0.35,tên quán: phở bò gà & bún miến ngan 343 - phố vọng
problem:sap-1-luc,sập 1 lúc,problem,57665,ce70dc099a4b08c4,tu_ce70dc099a4b08c4,negative,0.92,lại cùng nhau sập 1 lúc
dish:pho-bo-ga,phở bò gà,dish,57665,cc652353c237a8f9,tu_cc652353c237a8f9,neutral,0.84,phở bò gà
dish:bun-mien-ngan,bún miến ngan,dish,57665,cc652353c237a8f9,tu_cc652353c237a8f9,neutral,0.84,bún miến ngan
problem:cam-nhan-kha-te,cảm nhận khá tệ,problem,57665,cc652353c237a8f9,tu_cc652353c237a8f9,negative,0.93,cảm nhận khá tệ
dish:bun,bún,dish,11020,61874fc7dacab8cd,tu_61874fc7dacab8cd,neutral,0.8,bún thêm
price_value:mat-6k-bun-them,mất 6k bún thêm,price_value,11020,61874fc7dacab8cd,tu_61874fc7dacab8cd,negative,0.96,mất 6k bún thêm
problem:sai-thieu-mon,sai/thiếu món,problem,11020,61874fc7dacab8cd,tu_61874fc7dacab8cd,negative,0.99,sai/thiếu món
dish:bun-cha,bún chả,dish,11020,48fb88923c7abc3d,tu_48fb88923c7abc3d,positive,0.83,bún chả
food_descriptor:ngon-xiu,ngon xỉu,food_descriptor,11020,48fb88923c7abc3d,tu_48fb88923c7abc3d,positive,0.96,ngon xỉu
price_value:dang-dong-tien,đáng đồng tiền,price_value,11020,48fb88923c7abc3d,tu_48fb88923c7abc3d,positive,0.97,đáng đồng tiền
delivery_packaging:dong-goi-tot,đóng gói tốt,delivery_packaging,11020,48fb88923c7abc3d,tu_48fb88923c7abc3d,positive,0.96,đóng gói tốt
space_quality:sach-se,sạch sẽ,space_quality,11020,48fb88923c7abc3d,tu_48fb88923c7abc3d,positive,0.9,sạch sẽ
delivery_packaging:dong-goi,đóng gói,delivery_packaging,11020,6b9e92bc734010c2,tu_6b9e92bc734010c2,positive,0.96,đóng gói tốt
space_quality:sach-se,sạch sẽ,space_quality,11020,6b9e92bc734010c2,tu_6b9e92bc734010c2,positive,0.93,sạch sẽ
dish:rau-song,rau sống,dish,11020,78c86377ba689d25,tu_78c86377ba689d25,negative,0.9,ăn rau sống
food_descriptor:ngon,ngon,food_descriptor,11020,78c86377ba689d25,tu_78c86377ba689d25,positive,0.95,lúc nào cx ngon hết
price_value:dang-dong-tien,đáng đồng tiền,price_value,11020,78c86377ba689d25,tu_78c86377ba689d25,positive,0.96,đáng đồng tiền
delivery_packaging:dong-goi-tot,đóng gói tốt,delivery_packaging,11020,78c86377ba689d25,tu_78c86377ba689d25,positive,0.97,đóng gói tốt
space_quality:sach-se,sạch sẽ,space_quality,11020,78c86377ba689d25,tu_78c86377ba689d25,positive,0.62,sạch sẽ
problem:di-e,đi ẻ,problem,11020,78c86377ba689d25,tu_78c86377ba689d25,negative,0.95,bị đi ẻ
problem:khong-tieu-hoa-duoc-rau,không tiêu hóa được rau,problem,11020,78c86377ba689d25,tu_78c86377ba689d25,negative,0.96,ko tiêu hóa đc rau
problem:rua-ki-hon,rửa kĩ hơn,problem,11020,78c86377ba689d25,tu_78c86377ba689d25,negative,0.77,mong sốp rửa kĩ hơn
dish:bun-cha,bún chả,dish,11020,2e2e627db8001824,tu_2e2e627db8001824,positive,0.84,bún chả
food_descriptor:ngon,ngon,food_descriptor,11020,2e2e627db8001824,tu_2e2e627db8001824,positive,0.95,ngon xỉu
dish:bun-cha,bún chả,dish,11020,73bb02a1d9cc1fbc,tu_73bb02a1d9cc1fbc,neutral,0.68,bún chả
problem:khong-hop-khau-vi,không hợp khẩu vị,problem,11020,73bb02a1d9cc1fbc,tu_73bb02a1d9cc1fbc,negative,0.96,không hợp khẩu vị
service_quality:bun-cha-co-an,bún chả cô an,service_quality,11020,ccf9f4d2a1b76fe3,tu_ccf9f4d2a1b76fe3,negative,0.52,bán hàng mà không coi khách ra gì
problem:thieu-mon,thiếu món,problem,11020,ccf9f4d2a1b76fe3,tu_ccf9f4d2a1b76fe3,negative,0.98,thường xuyên làm thiếu món
problem:sai-mon,sai món,problem,11020,ccf9f4d2a1b76fe3,tu_ccf9f4d2a1b76fe3,negative,0.96,sai/thiếu món
service_quality:service,service,service_quality,11020,ccf9f4d2a1b76fe3,tu_ccf9f4d2a1b76fe3,negative,0.99,không coi khách ra gì
delivery_packaging:delivery-packaging,delivery_packaging,delivery_packaging,11020,ccf9f4d2a1b76fe3,tu_ccf9f4d2a1b76fe3,negative,0.72,ship đọc sai đơn
occasion:takeaway,takeaway,occasion,11020,ccf9f4d2a1b76fe3,tu_ccf9f4d2a1b76fe3,neutral,0.62,gọi cho ship đi
service_quality:phuc-vu,phục vụ,service_quality,11020,f3b46719064fb704,tu_f3b46719064fb704,negative,0.88,ko cho đũa
problem:khong-cho-dua,không cho đũa,problem,11020,f3b46719064fb704,tu_f3b46719064fb704,negative,0.98,ko cho đũa
dish:bun-cha,bún chả,dish,11020,f3b46719064fb704,tu_f3b46719064fb704,neutral,0.56,bún chả cô an
dish:bun-cha,bún chả,dish,11020,083baa63f3257c94,tu_083baa63f3257c94,neutral,0.81,bún chả cô an
food_descriptor:nguoi,nguội,food_descriptor,11020,083baa63f3257c94,tu_083baa63f3257c94,negative,0.96,hơi nguội
dish:bun-cha,bún chả,dish,11020,f846ae48e4339c4a,tu_f846ae48e4339c4a,neutral,0.58,bún chả cô an
food_descriptor:ngon,ngon,food_descriptor,11020,f846ae48e4339c4a,tu_f846ae48e4339c4a,positive,0.95,ăn cũng ngon
food_descriptor:khong-hop-khau-vi,không hợp khẩu vị,food_descriptor,11020,f846ae48e4339c4a,tu_f846ae48e4339c4a,negative,0.97,kh hợp khẩu vị mình
dish:ga,gà,dish,103124,daa98ba7813840c7,tu_daa98ba7813840c7,positive,0.96,gà ngon
dish:tok-sot-rose,tok sốt rose,dish,103124,daa98ba7813840c7,tu_daa98ba7813840c7,positive,0.97,tok sốt rose béo ngậy ngon
food_descriptor:ngon,ngon,food_descriptor,103124,daa98ba7813840c7,tu_daa98ba7813840c7,positive,0.98,gà ngon
food_descriptor:nong-hoi,nóng hổi,food_descriptor,103124,daa98ba7813840c7,tu_daa98ba7813840c7,positive,0.93,còn nóng hổi
food_descriptor:mong-nuoc,mọng nước,food_descriptor,103124,daa98ba7813840c7,tu_daa98ba7813840c7,positive,0.94,mọng nước
food_descriptor:nhieu-sot,nhiều sốt,food_descriptor,103124,daa98ba7813840c7,tu_daa98ba7813840c7,positive,0.9,nhiều sốt
food_descriptor:beo-ngay,béo ngậy,food_descriptor,103124,daa98ba7813840c7,tu_daa98ba7813840c7,positive,0.93,béo ngậy
food_descriptor:vua-mieng,vừa miệng,food_descriptor,103124,daa98ba7813840c7,tu_daa98ba7813840c7,positive,0.92,rất vừa miệng
occasion:mang-ve,mang về,occasion,103124,daa98ba7813840c7,tu_daa98ba7813840c7,positive,0.88,mang về
delivery_packaging:dong-goi-tot,đóng gói tốt,delivery_packaging,103124,daa98ba7813840c7,tu_daa98ba7813840c7,positive,0.95,đóng gói tốt
price_value:dang-dong-tien,đáng đồng tiền,price_value,103124,daa98ba7813840c7,tu_daa98ba7813840c7,positive,0.94,đáng đồng tiền
space_quality:sach-se,sạch sẽ,space_quality,103124,daa98ba7813840c7,tu_daa98ba7813840c7,positive,0.86,sạch sẽ
dish:ga-ran-han-quoc,gà rán hàn quốc,dish,103124,a9f0bce3fbb206d4,tu_a9f0bce3fbb206d4,positive,0.65,tiệm gà rán hàn quốc
food_descriptor:ngon,ngon,food_descriptor,103124,a9f0bce3fbb206d4,tu_a9f0bce3fbb206d4,positive,0.95,ngon xỉu
price_value:dang-dong-tien,đáng đồng tiền,price_value,103124,a9f0bce3fbb206d4,tu_a9f0bce3fbb206d4,positive,0.97,đáng đồng tiền
delivery_packaging:dong-goi-tot,đóng gói tốt,delivery_packaging,103124,a9f0bce3fbb206d4,tu_a9f0bce3fbb206d4,positive,0.96,đóng gói tốt
space_quality:sach-se,sạch sẽ,space_quality,103124,a9f0bce3fbb206d4,tu_a9f0bce3fbb206d4,positive,0.82,sạch sẽ
location_landmark:ngo-trai-ca,ngõ trại cá,location_landmark,103124,a9f0bce3fbb206d4,tu_a9f0bce3fbb206d4,neutral,0.9,ngõ trại cá
dish:do-an,đồ ăn,dish,103124,3cd55ad14661c839,tu_3cd55ad14661c839,positive,0.82,đồ đến tay vẫn thơm vs nóng ngon
food_descriptor:thom,thơm,food_descriptor,103124,3cd55ad14661c839,tu_3cd55ad14661c839,positive,0.94,vẫn thơm
food_descriptor:nong,nóng,food_descriptor,103124,3cd55ad14661c839,tu_3cd55ad14661c839,positive,0.94,vẫn nóng
food_descriptor:ngon,ngon,food_descriptor,103124,3cd55ad14661c839,tu_3cd55ad14661c839,positive,0.97,ngon xỉu
service_quality:ship-nhanh,ship nhanh,service_quality,103124,3cd55ad14661c839,tu_3cd55ad14661c839,positive,0.95,ship cx nhanh nx
location_landmark:ngo-trai-ca,ngõ trại cá,location_landmark,103124,3cd55ad14661c839,tu_3cd55ad14661c839,neutral,0.98,ngõ trại cá
dish:ga-sot-phomai,gà sốt phomai,dish,103124,26b0ffd92ad46de1,tu_26b0ffd92ad46de1,neutral,0.98,mua gà sốt phomai
dish:ga-sot-hanh,gà sốt hành,dish,103124,26b0ffd92ad46de1,tu_26b0ffd92ad46de1,neutral,0.98,ship gà sốt hành
problem:ship-nham-mon,ship nhầm món,problem,103124,26b0ffd92ad46de1,tu_26b0ffd92ad46de1,negative,0.96,mua gà sốt phomai lại ship gà sốt hành
dish:do-an-han,đồ ăn hàn,dish,126401,0020e07e008bfae7,tu_0020e07e008bfae7,positive,0.74,đồ ăn hàn
dish:ga-ran-sot,gà rán sốt,dish,126401,0020e07e008bfae7,tu_0020e07e008bfae7,positive,0.92,gà rán sốt
dish:com-bo-hq,cơm bò hq,dish,126401,0020e07e008bfae7,tu_0020e07e008bfae7,positive,0.9,cơm bò hq
food_descriptor:ngon,ngon,food_descriptor,126401,0020e07e008bfae7,tu_0020e07e008bfae7,positive,0.98,ngon lắm ... ngon xỉu
price_value:re,rẻ,price_value,126401,0020e07e008bfae7,tu_0020e07e008bfae7,positive,0.98,còn rẻ nữaaaa
price_value:dang-dong-tien,đáng đồng tiền,price_value,126401,0020e07e008bfae7,tu_0020e07e008bfae7,positive,0.96,đáng đồng tiền
dish:kem-hanh,kem hành,dish,126401,1775324af4f0c23a,tu_1775324af4f0c23a,negative,0.83,kem hành chỉ có hành ko kem
problem:sai-thieu-mon,sai/thiếu món,problem,126401,1775324af4f0c23a,tu_1775324af4f0c23a,negative,0.96,sai/thiếu món
delivery_packaging:delivery-packaging,delivery_packaging,delivery_packaging,126401,1775324af4f0c23a,tu_1775324af4f0c23a,negative,0.72,packaging=-1.00
dish:do-an-han,đồ ăn hàn,dish,126401,659de155310c1186,tu_659de155310c1186,positive,0.84,đồ ăn hàn
dish:ga-ran-sot,gà rán sốt,dish,126401,659de155310c1186,tu_659de155310c1186,neutral,0.72,gà rán sốt
dish:com-bo-hq,cơm bò hq,dish,126401,659de155310c1186,tu_659de155310c1186,neutral,0.72,cơm bò hq
food_descriptor:ngon-xiu,ngon xỉu,food_descriptor,126401,659de155310c1186,tu_659de155310c1186,positive,0.96,ngon xỉu
price_value:dang-dong-tien,đáng đồng tiền,price_value,126401,659de155310c1186,tu_659de155310c1186,positive,0.97,đáng đồng tiền
space_quality:sach-se,sạch sẽ,space_quality,126401,659de155310c1186,tu_659de155310c1186,positive,0.86,sạch sẽ
delivery_packaging:dong-goi-tot,đóng gói tốt,delivery_packaging,126401,659de155310c1186,tu_659de155310c1186,positive,0.98,đóng gói tốt
dish:do-an-han,đồ ăn hàn,dish,126401,1df4016c7236dc7b,tu_1df4016c7236dc7b,positive,0.83,đồ ăn hàn
dish:ga-ran-sot,gà rán sốt,dish,126401,1df4016c7236dc7b,tu_1df4016c7236dc7b,neutral,0.78,gà rán sốt
dish:com-bo-hq,cơm bò hq,dish,126401,1df4016c7236dc7b,tu_1df4016c7236dc7b,neutral,0.78,cơm bò hq
food_descriptor:ngon-xiu,ngon xỉu,food_descriptor,126401,1df4016c7236dc7b,tu_1df4016c7236dc7b,positive,0.95,ngon xỉu
price_value:dang-dong-tien,đáng đồng tiền,price_value,126401,1df4016c7236dc7b,tu_1df4016c7236dc7b,positive,0.96,đáng đồng tiền
delivery_packaging:dong-goi-tot,đóng gói tốt,delivery_packaging,126401,1df4016c7236dc7b,tu_1df4016c7236dc7b,positive,0.97,đóng gói tốt
dish:ga-mix,gà mix,dish,126401,32483fbfe2eff256,tu_32483fbfe2eff256,neutral,0.96,đặt 1 gà mix
dish:com-tron,cơm trộn,dish,126401,32483fbfe2eff256,tu_32483fbfe2eff256,neutral,0.96,1 cơm trộn
delivery_packaging:2-hop-com,2 hộp cơm,delivery_packaging,126401,32483fbfe2eff256,tu_32483fbfe2eff256,negative,0.88,giao 2 hộp cơm
problem:sai-thieu-mon,sai/thiếu món,problem,126401,32483fbfe2eff256,tu_32483fbfe2eff256,negative,0.99,sai/thiếu món
dish:ga,gà,dish,126401,c127849eda8e7b8b,tu_c127849eda8e7b8b,neutral,0.88,gà không
dish:com,cơm,dish,126401,c127849eda8e7b8b,tu_c127849eda8e7b8b,neutral,0.9,cả cơm luôn
dish:ga,gà,dish,126401,a86494c333178116,tu_a86494c333178116,neutral,0.86,chỉ có gà
dish:com-ga,cơm gà,dish,126401,a86494c333178116,tu_a86494c333178116,negative,0.89,đâu phải cơm gà
problem:khong-dung-nhu-nghi-la-com-ga,không đúng như nghĩ là cơm gà,problem,126401,a86494c333178116,tu_a86494c333178116,negative,0.82,đâu phải cơm gà
dish:ga-ran-sot,gà rán sốt,dish,126401,97f66366c70b5fc4,tu_97f66366c70b5fc4,neutral,0.95,gà rán sốt
dish:com,cơm,dish,126401,97f66366c70b5fc4,tu_97f66366c70b5fc4,neutral,0.92,gọi thêm cơm
price_value:75k,75k,price_value,126401,97f66366c70b5fc4,tu_97f66366c70b5fc4,negative,0.96,75k đổi lại
food_descriptor:oke-on,oke ổn,food_descriptor,126401,97f66366c70b5fc4,tu_97f66366c70b5fc4,positive,0.81,ăn gà oke ổn
problem:chi-4-5-mieng-ga-nho,chỉ 4 - 5 miếng gà nhỡ,problem,126401,97f66366c70b5fc4,tu_97f66366c70b5fc4,negative,0.97,4 - 5 miếng gà nhỡ
problem:ghi-ro-khoang-12-15-mieng-ga,ghi rõ khoảng 12 - 15 miếng gà,problem,126401,97f66366c70b5fc4,tu_97f66366c70b5fc4,negative,0.94,ghi rõ “ khoảng 12 - 15 miếng gà”
problem:ten-mon-khong-ghi-co-com,tên món không ghi có cơm,problem,126401,97f66366c70b5fc4,tu_97f66366c70b5fc4,negative,0.93,tên món k có cơm
problem:thuc-don-va-mon-nhan-thuc-te-khac,thực đơn và món nhận thực tế khác,problem,126401,97f66366c70b5fc4,tu_97f66366c70b5fc4,negative,0.96,thực đơn với món khách nhận thực tế khác
problem:cam-giac-gian-doi,cảm giác gian dối,problem,126401,97f66366c70b5fc4,tu_97f66366c70b5fc4,negative,0.9,gian dối thế nào ấy
price_value:dang-tien,đáng tiền,price_value,126401,d728b43cb8dee92f,tu_d728b43cb8dee92f,negative,0.97,không đáng tiền
problem:khong-dang-tien,không đáng tiền,problem,126401,d728b43cb8dee92f,tu_d728b43cb8dee92f,negative,0.93,không đáng tiền
dish:ga,gà,dish,126401,8861ac8ef016b97f,tu_8861ac8ef016b97f,neutral,0.94,gà ít
dish:com,cơm,dish,126401,8861ac8ef016b97f,tu_8861ac8ef016b97f,neutral,0.89,thêm cơm 10k
dish:xuc-xich,xúc xích,dish,126401,8861ac8ef016b97f,tu_8861ac8ef016b97f,neutral,0.91,xúc xích có vài lát
problem:ga-it,gà ít,problem,126401,8861ac8ef016b97f,tu_8861ac8ef016b97f,negative,0.92,gà ít
price_value:them-com-10k,thêm cơm 10k,price_value,126401,8861ac8ef016b97f,tu_8861ac8ef016b97f,negative,0.94,thêm cơm 10k
problem:tu-nhien-them-com-10k,tự nhiên thêm cơm 10k,problem,126401,8861ac8ef016b97f,tu_8861ac8ef016b97f,negative,0.9,tự nhiên thêm cơm 10k
problem:xuc-xich-co-vai-lat,xúc xích có vài lát,problem,126401,8861ac8ef016b97f,tu_8861ac8ef016b97f,negative,0.88,xúc xích có vài lát
dish:ga-ran,gà rán,dish,9929,76594cb49a3cdafd,tu_76594cb49a3cdafd,neutral,0.56,gà rán
dish:my-y,mỳ ý,dish,9929,76594cb49a3cdafd,tu_76594cb49a3cdafd,neutral,0.56,mỳ ý
food_descriptor:ngon-xiu,ngon xỉu,food_descriptor,9929,76594cb49a3cdafd,tu_76594cb49a3cdafd,positive,0.95,ngon xỉu
price_value:dang-dong-tien,đáng đồng tiền,price_value,9929,76594cb49a3cdafd,tu_76594cb49a3cdafd,positive,0.95,đáng đồng tiền
delivery_packaging:dong-goi-tot,đóng gói tốt,delivery_packaging,9929,76594cb49a3cdafd,tu_76594cb49a3cdafd,positive,0.96,đóng gói tốt
space_quality:sach-se,sạch sẽ,space_quality,9929,76594cb49a3cdafd,tu_76594cb49a3cdafd,positive,0.84,sạch sẽ
problem:thieu-ong-hut,thiếu ống hút,problem,9929,76594cb49a3cdafd,tu_76594cb49a3cdafd,negative,0.97,thiếu ống hút
location_landmark:vincom-pham-ngoc-thach,vincom phạm ngọc thạch,location_landmark,9929,76594cb49a3cdafd,tu_76594cb49a3cdafd,neutral,0.9,vincom phạm ngọc thạch
dish:ga-ran,gà rán,dish,9929,850fced06b96c543,tu_850fced06b96c543,positive,0.91,tên quán: gà rán và mỳ ý jollibee
dish:my-y,mỳ ý,dish,9929,850fced06b96c543,tu_850fced06b96c543,positive,0.9,tên quán: gà rán và mỳ ý jollibee
location_landmark:vincom-pham-ngoc-thach,vincom phạm ngọc thạch,location_landmark,9929,850fced06b96c543,tu_850fced06b96c543,neutral,0.86,vincom phạm ngọc thạch
food_descriptor:ngon,ngon,food_descriptor,9929,850fced06b96c543,tu_850fced06b96c543,positive,0.96,ngon xỉu
price_value:dang-dong-tien,đáng đồng tiền,price_value,9929,850fced06b96c543,tu_850fced06b96c543,positive,0.97,đáng đồng tiền
space_quality:sach-se,sạch sẽ,space_quality,9929,850fced06b96c543,tu_850fced06b96c543,positive,0.94,sạch sẽ
dish:ga-ran,gà rán,dish,9929,a7e5641426ca9cf4,tu_a7e5641426ca9cf4,positive,0.73,gà rán
dish:my-y,mỳ ý,dish,9929,a7e5641426ca9cf4,tu_a7e5641426ca9cf4,positive,0.73,mỳ ý
food_descriptor:ngon-xiu,ngon xỉu,food_descriptor,9929,a7e5641426ca9cf4,tu_a7e5641426ca9cf4,positive,0.96,ngon xỉu
location_landmark:vincom-pham-ngoc-thach,vincom phạm ngọc thạch,location_landmark,9929,a7e5641426ca9cf4,tu_a7e5641426ca9cf4,neutral,0.7,vincom phạm ngọc thạch
dish:ga-ran,gà rán,dish,73467,173ba1029bbd4ed5,tu_173ba1029bbd4ed5,neutral,0.67,gà rán
dish:ga-u-muoi,gà ủ muối,dish,73467,173ba1029bbd4ed5,tu_173ba1029bbd4ed5,neutral,0.67,gà ủ muối
food_descriptor:ngon,ngon,food_descriptor,73467,173ba1029bbd4ed5,tu_173ba1029bbd4ed5,positive,0.9,"ngol, ngon xỉu"
space_quality:sach-se,sạch sẽ,space_quality,73467,173ba1029bbd4ed5,tu_173ba1029bbd4ed5,positive,0.88,sạch sẽ
delivery_packaging:dong-goi-tot,đóng gói tốt,delivery_packaging,73467,173ba1029bbd4ed5,tu_173ba1029bbd4ed5,positive,0.94,đóng gói tốt
price_value:dang-dong-tien,đáng đồng tiền,price_value,73467,173ba1029bbd4ed5,tu_173ba1029bbd4ed5,positive,0.93,đáng đồng tiền
dish:ga-ran,gà rán,dish,73467,daf2e650da4ca1c5,tu_daf2e650da4ca1c5,positive,0.92,gà rán
dish:ga-u-muoi,gà ủ muối,dish,73467,daf2e650da4ca1c5,tu_daf2e650da4ca1c5,positive,0.92,gà ủ muối
food_descriptor:ngon,ngon,food_descriptor,73467,daf2e650da4ca1c5,tu_daf2e650da4ca1c5,positive,0.98,"ngon, ngon xỉu"
price_value:dang-dong-tien,đáng đồng tiền,price_value,73467,daf2e650da4ca1c5,tu_daf2e650da4ca1c5,positive,0.95,đáng đồng tiền
dish:mieso-food-ga-ran-ga-u-muoi,mieso food - gà rán & gà ủ muối,dish,73467,7d4b54b2629f08af,tu_7d4b54b2629f08af,positive,0.51,tên quán: mieso food - gà rán & gà ủ muối
dish:do-an,đồ ăn,dish,73467,7d4b54b2629f08af,tu_7d4b54b2629f08af,positive,0.8,ngon xỉu
food_descriptor:ngon,ngon,food_descriptor,73467,7d4b54b2629f08af,tu_7d4b54b2629f08af,positive,0.95,ngon bổ rẻ
space_quality:sach-se,sạch sẽ,space_quality,73467,7d4b54b2629f08af,tu_7d4b54b2629f08af,positive,0.9,sạch sẽ
delivery_packaging:dong-goi-tot,đóng gói tốt,delivery_packaging,73467,7d4b54b2629f08af,tu_7d4b54b2629f08af,positive,0.94,đóng gói tốt
price_value:dang-dong-tien,đáng đồng tiền,price_value,73467,7d4b54b2629f08af,tu_7d4b54b2629f08af,positive,0.93,đáng đồng tiền
dish:ga-ran,gà rán,dish,73467,871e5ac84e3a2c0a,tu_871e5ac84e3a2c0a,positive,0.65,gà rán
dish:ga-u-muoi,gà ủ muối,dish,73467,871e5ac84e3a2c0a,tu_871e5ac84e3a2c0a,positive,0.65,gà ủ muối
food_descriptor:ngon-xiu,ngon xỉu,food_descriptor,73467,871e5ac84e3a2c0a,tu_871e5ac84e3a2c0a,positive,0.94,ngon xỉu
space_quality:sach-se,sạch sẽ,space_quality,73467,871e5ac84e3a2c0a,tu_871e5ac84e3a2c0a,positive,0.9,sạch sẽ
price_value:dang-dong-tien,đáng đồng tiền,price_value,73467,871e5ac84e3a2c0a,tu_871e5ac84e3a2c0a,positive,0.95,đáng đồng tiền
price_value:ngon-bo-re,ngon bổ rẻ,price_value,73467,871e5ac84e3a2c0a,tu_871e5ac84e3a2c0a,positive,0.9,ngon bổ rẻ
delivery_packaging:dong-goi-tot,đóng gói tốt,delivery_packaging,73467,871e5ac84e3a2c0a,tu_871e5ac84e3a2c0a,positive,0.96,đóng gói tốt
dish:ga-ran,gà rán,dish,73467,55e34550b2b3876a,tu_55e34550b2b3876a,positive,0.86,gà rán
dish:ga-u-muoi,gà ủ muối,dish,73467,55e34550b2b3876a,tu_55e34550b2b3876a,positive,0.86,gà ủ muối
food_descriptor:ngon-xiu,ngon xỉu,food_descriptor,73467,55e34550b2b3876a,tu_55e34550b2b3876a,positive,0.94,ngon xỉu
service_quality:lam-an-sach-se,làm ăn sạch sẽ,service_quality,73467,55e34550b2b3876a,tu_55e34550b2b3876a,positive,0.78,quán làm ăn sạch sẽ
price_value:dang-dong-tien,đáng đồng tiền,price_value,73467,55e34550b2b3876a,tu_55e34550b2b3876a,positive,0.93,đáng đồng tiền
food_descriptor:ngon-xiu,ngon xỉu,food_descriptor,73467,e9755f91986ef394,tu_e9755f91986ef394,positive,0.92,ngon xỉu
space_quality:sach-se,sạch sẽ,space_quality,73467,e9755f91986ef394,tu_e9755f91986ef394,positive,0.83,sạch sẽ
delivery_packaging:dong-goi-tot,đóng gói tốt,delivery_packaging,73467,e9755f91986ef394,tu_e9755f91986ef394,positive,0.97,đóng gói tốt
delivery_packaging:dong-goi,đóng gói,delivery_packaging,73467,4f0631c325e3a62f,tu_4f0631c325e3a62f,positive,0.98,đóng gói tốt
dish:ga,gà,dish,73467,0f5d5242217ff071,tu_0f5d5242217ff071,negative,0.97,"gà dai nhách, không có mùi vị"
food_descriptor:dai-nhach,dai nhách,food_descriptor,73467,0f5d5242217ff071,tu_0f5d5242217ff071,negative,0.98,gà dai nhách
food_descriptor:khong-co-mui-vi,không có mùi vị,food_descriptor,73467,0f5d5242217ff071,tu_0f5d5242217ff071,negative,0.97,không có mùi vị
food_descriptor:nhat-thech,nhạt thếch,food_descriptor,73467,0f5d5242217ff071,tu_0f5d5242217ff071,negative,0.94,nhạt thếch
price_value:price,price,price_value,73467,0f5d5242217ff071,tu_0f5d5242217ff071,negative,0.9,mua phí tiền
problem:khong-hop-khau-vi,không hợp khẩu vị,problem,73467,0f5d5242217ff071,tu_0f5d5242217ff071,negative,0.9,không hợp khẩu vị
dish:ga-luoc,gà luộc,dish,73467,00369b5b97124a5f,tu_00369b5b97124a5f,neutral,0.63,gửi gà luộc
dish:ga,gà,dish,73467,b4bb4249c04727ef,tu_b4bb4249c04727ef,positive,0.92,gà khá ngon
food_descriptor:ngon,ngon,food_descriptor,73467,b4bb4249c04727ef,tu_b4bb4249c04727ef,positive,0.9,khá ngon
dish:nuoc-cham,nước chấm,dish,73467,b4bb4249c04727ef,tu_b4bb4249c04727ef,negative,0.9,nước chấm không hợp khẩu vị
food_descriptor:khong-hop-khau-vi,không hợp khẩu vị,food_descriptor,73467,b4bb4249c04727ef,tu_b4bb4249c04727ef,negative,0.94,không hợp khẩu vị cho lắm
dish:com,cơm,dish,31750,b791ebba290e5a2a,tu_b791ebba290e5a2a,positive,0.57,cơm
dish:banh-mi-nuong-trung-hoa,bánh mì nướng trung hoa,dish,31750,b791ebba290e5a2a,tu_b791ebba290e5a2a,positive,0.62,bánh mì nướng trung hoa
food_descriptor:ngon,ngon,food_descriptor,31750,b791ebba290e5a2a,tu_b791ebba290e5a2a,positive,0.93,ngon xỉu
price_value:dang-dong-tien,đáng đồng tiền,price_value,31750,b791ebba290e5a2a,tu_b791ebba290e5a2a,positive,0.96,đáng đồng tiền
delivery_packaging:dong-goi,đóng gói,delivery_packaging,31750,b791ebba290e5a2a,tu_b791ebba290e5a2a,positive,0.95,đóng gói tốt
food_descriptor:ngon-xiu,ngon xỉu,food_descriptor,31750,9832c06088b3514a,tu_9832c06088b3514a,positive,0.92,ngon xỉu
food_descriptor:ngon-xiu,ngon xỉu,food_descriptor,31750,c1a3bab0b5bda8e0,tu_c1a3bab0b5bda8e0,positive,0.95,ngon xỉu
price_value:dang-dong-tien,đáng đồng tiền,price_value,31750,c1a3bab0b5bda8e0,tu_c1a3bab0b5bda8e0,positive,0.97,đáng đồng tiền
space_quality:sach-se,sạch sẽ,space_quality,31750,c1a3bab0b5bda8e0,tu_c1a3bab0b5bda8e0,positive,0.85,sạch sẽ
delivery_packaging:dong-goi-tot,đóng gói tốt,delivery_packaging,31750,c1a3bab0b5bda8e0,tu_c1a3bab0b5bda8e0,positive,0.98,đóng gói tốt
dish:hop-com,hộp cơm,dish,31750,6be6aee6781aca25,tu_6be6aee6781aca25,neutral,0.89,ăn hộp cơm
dish:sot,sốt,dish,31750,6be6aee6781aca25,tu_6be6aee6781aca25,negative,0.92,sốt thực sự rất mặn
dish:canh,canh,dish,31750,6be6aee6781aca25,tu_6be6aee6781aca25,negative,0.9,canh cũng hơi mặn nữa
food_descriptor:ngon,ngon,food_descriptor,31750,6be6aee6781aca25,tu_6be6aee6781aca25,positive,0.78,vị ngon
food_descriptor:rat-man,rất mặn,food_descriptor,31750,6be6aee6781aca25,tu_6be6aee6781aca25,negative,0.96,rất mặn
food_descriptor:hoi-man,hơi mặn,food_descriptor,31750,6be6aee6781aca25,tu_6be6aee6781aca25,negative,0.94,hơi mặn
dish:goi-cuon,gỏi cuốn,dish,109048,df2b3864900df3e2,tu_df2b3864900df3e2,neutral,0.72,gỏi cuốn
dish:bun-tron,bún trộn,dish,109048,df2b3864900df3e2,tu_df2b3864900df3e2,neutral,0.72,bún trộn
dish:nem-nuong-nha-trang,nem nướng nha trang,dish,109048,df2b3864900df3e2,tu_df2b3864900df3e2,neutral,0.72,nem nướng nha trang
food_descriptor:ngon-xiu,ngon xỉu,food_descriptor,109048,df2b3864900df3e2,tu_df2b3864900df3e2,positive,0.95,ngon xỉu
price_value:dang-dong-tien,đáng đồng tiền,price_value,109048,df2b3864900df3e2,tu_df2b3864900df3e2,positive,0.97,đáng đồng tiền
space_quality:sach-se,sạch sẽ,space_quality,109048,df2b3864900df3e2,tu_df2b3864900df3e2,positive,0.9,sạch sẽ
delivery_packaging:dong-goi-tot,đóng gói tốt,delivery_packaging,109048,df2b3864900df3e2,tu_df2b3864900df3e2,positive,0.96,đóng gói tốt
dish:goi-cuon,gỏi cuốn,dish,109048,d1c6b66f0b21b970,tu_d1c6b66f0b21b970,neutral,0.74,gỏi cuốn
dish:bun-tron,bún trộn,dish,109048,d1c6b66f0b21b970,tu_d1c6b66f0b21b970,neutral,0.74,bún trộn
dish:nem-nuong-nha-trang,nem nướng nha trang,dish,109048,d1c6b66f0b21b970,tu_d1c6b66f0b21b970,neutral,0.74,nem nướng nha trang
price_value:dang-dong-tien,đáng đồng tiền,price_value,109048,d1c6b66f0b21b970,tu_d1c6b66f0b21b970,positive,0.96,đáng đồng tiền
dish:goi-cuon,gỏi cuốn,dish,109048,2bb55f110c5def5e,tu_2bb55f110c5def5e,neutral,0.96,gỏi cuốn
dish:bun-tron,bún trộn,dish,109048,2bb55f110c5def5e,tu_2bb55f110c5def5e,neutral,0.96,bún trộn
dish:nem-nuong-nha-trang,nem nướng nha trang,dish,109048,2bb55f110c5def5e,tu_2bb55f110c5def5e,neutral,0.95,nem nướng nha trang
food_descriptor:ngon-xiu,ngon xỉu,food_descriptor,109048,2bb55f110c5def5e,tu_2bb55f110c5def5e,positive,0.94,ngon xỉu
price_value:dang-dong-tien,đáng đồng tiền,price_value,109048,2bb55f110c5def5e,tu_2bb55f110c5def5e,positive,0.98,đáng đồng tiền
space_quality:sach-se,sạch sẽ,space_quality,109048,2bb55f110c5def5e,tu_2bb55f110c5def5e,positive,0.82,sạch sẽ
problem:khong-hop-khau-vi,không hợp khẩu vị,problem,109048,048d7e9f11d27735,tu_048d7e9f11d27735,negative,0.97,không hợp khẩu vị
dish:goi,gỏi,dish,109048,c3a998a2694d839a,tu_c3a998a2694d839a,positive,0.95,gỏi ngon
food_descriptor:ngon,ngon,food_descriptor,109048,c3a998a2694d839a,tu_c3a998a2694d839a,positive,0.95,ngon
dish:nem-nuong,nem nướng,dish,109048,c3a998a2694d839a,tu_c3a998a2694d839a,negative,0.94,nem nướng cắt mỏng quá
food_descriptor:mong-qua,mỏng quá,food_descriptor,109048,c3a998a2694d839a,tu_c3a998a2694d839a,negative,0.93,cắt mỏng quá
dish:ram,ram,dish,109048,c3a998a2694d839a,tu_c3a998a2694d839a,negative,0.82,k có ram
problem:khong-co-ram,không có ram,problem,109048,c3a998a2694d839a,tu_c3a998a2694d839a,negative,0.9,k có ram
dish:banh-trang-cuon,bánh tráng cuốn,dish,109048,bbeff784b721fd99,tu_bbeff784b721fd99,neutral,0.9,bánh tráng cuốn
problem:thieu-banh-trang-cuon,thiếu bánh tráng cuốn,problem,109048,bbeff784b721fd99,tu_bbeff784b721fd99,negative,0.95,k cho bánh tráng cuốn
delivery_packaging:dong-goi,đóng gói,delivery_packaging,109048,bbeff784b721fd99,tu_bbeff784b721fd99,negative,0.74,packaging=-1.00
dish:com-rang-dua-bo,cơm rang dưa bò,dish,1255,fdb5a9bc6ba9a70f,tu_fdb5a9bc6ba9a70f,negative,0.96,suất cơm rang dưa bò
dish:dua,dưa,dish,1255,fdb5a9bc6ba9a70f,tu_fdb5a9bc6ba9a70f,negative,0.93,dưa thì đắng ngắt
food_descriptor:dang-ngat,đắng ngắt,food_descriptor,1255,fdb5a9bc6ba9a70f,tu_fdb5a9bc6ba9a70f,negative,0.98,đắng ngắt
dish:thit-bo,thịt bò,dish,1255,fdb5a9bc6ba9a70f,tu_fdb5a9bc6ba9a70f,negative,0.95,thịt bò thì như thịt vụt
food_descriptor:nhu-thit-vut,như thịt vụt,food_descriptor,1255,fdb5a9bc6ba9a70f,tu_fdb5a9bc6ba9a70f,negative,0.8,như thịt vụt
problem:khong-hop-khau-vi,không hợp khẩu vị,problem,1255,fdb5a9bc6ba9a70f,tu_fdb5a9bc6ba9a70f,negative,0.95,không hợp khẩu vị
problem:quan-lam-ko-thu-trc-khi-giao-cho-khach,quán làm ko thử trc khi giao cho khách,problem,1255,fdb5a9bc6ba9a70f,tu_fdb5a9bc6ba9a70f,negative,0.9,quán làm ko thử trc khi giao cho khách
price_value:gia-ca,giá cả,price_value,1255,bb83ec4f10655666,tu_bb83ec4f10655666,positive,0.95,đáng đồng tiền
food_descriptor:kha-ngon,khá ngon,food_descriptor,1255,d5e507f9d0412e9a,tu_d5e507f9d0412e9a,positive,0.93,khá ngon
problem:khong-dam-bao-ve-sinh,không đảm bảo vệ sinh,problem,1255,787ae5965f2454d7,tu_787ae5965f2454d7,negative,0.97,không đảm bảo vệ sinh
food_descriptor:khong-hop-khau-vi,không hợp khẩu vị,food_descriptor,1255,787ae5965f2454d7,tu_787ae5965f2454d7,negative,0.93,không hợp khẩu vị
dish:canh,canh,dish,53514,b70ab850d2c3b385,tu_b70ab850d2c3b385,neutral,0.95,đóng gói canh
food_descriptor:ngon,ngon,food_descriptor,53514,b70ab850d2c3b385,tu_b70ab850d2c3b385,positive,0.88,ngon
delivery_packaging:dong-goi,đóng gói,delivery_packaging,53514,b70ab850d2c3b385,tu_b70ab850d2c3b385,negative,0.94,đóng gói ... ko cẩn thận
problem:bi-do-het,bị đổ hết,problem,53514,b70ab850d2c3b385,tu_b70ab850d2c3b385,negative,0.97,bị đổ hết
