relation_key,source_entity_key,target_entity_key,relation_type,store_key,review_id,text_unit_id,sentiment,confidence,evidence
c3773488e3a37c1114c5a2accdf53cecc6632e45132d27faa0b8422e6d71cf74,dish:com-ga,food_descriptor:ngon,DESCRIBES_FOOD,25639,15034de1df0b4e9a,tu_15034de1df0b4e9a,positive,0.72,ngon đấy
65a3177ef11269c825463fe648d7dcc9fdf1ab00b8693129afd5c06694eb4864,dish:bun-mien-tron,food_descriptor:ngon,DESCRIBES_FOOD,25639,15034de1df0b4e9a,tu_15034de1df0b4e9a,positive,0.72,ngon xỉu
ab37c30c5969440c52e73c7a4b8a41c478ab174b4c1bbbca48be56533ae1072b,problem:giao-nham-mon,dish:pho,MENTIONS,25639,8ea2b2b2c0447f44,tu_8ea2b2b2c0447f44,negative,0.72,đặt phở cho bún?
a99104c3774ed3a09e8c6fbf2bf5531151728fa09875fefd5167f5e0c4593d97,problem:giao-nham-mon,dish:bun,MENTIONS,25639,8ea2b2b2c0447f44,tu_8ea2b2b2c0447f44,negative,0.72,đặt phở cho bún?
a244d0a12b3355b0b807c9108e54a2355a1462b144bc0c50659cdedea783900f,dish:bun-ngan-tron,problem:gian,HAS_PROBLEM,25639,d2292fdad09da78a,tu_d2292fdad09da78a,negative,0.98,bún ngan trộn ... có cả gián
738ebf935623922665f6b21c49e847013d44d879015f6106ab77a7c5705783d5,service_quality:service-thieu-tam,problem:khong-cho-tuong-ot-chanh,HAS_PROBLEM,25639,d7985d984f2378be,tu_d7985d984f2378be,negative,0.86,ko cho tương ớt chanh
675204d30438bedd5c4f0fed9155a69ee6d418a646e1e5d3336252ffd6fc60a6,service_quality:service-thieu-tam,problem:trai-nghiem-so,HAS_NEGATIVE_SIGNAL,25639,d7985d984f2378be,tu_d7985d984f2378be,negative,0.8,ăn 1 lần sợ vl
9a0139ba17cf03d950b17472c2ec136bc99c3786dac37ba30534163c3da1b44e,dish:bun-ga,problem:khong-cho-tuong-ot-chanh,HAS_PROBLEM,25639,d7985d984f2378be,tu_d7985d984f2378be,negative,0.93,bún gà mà ko cho tương ớt chanh
68d123f0a7b34d470b140bb8f8f17736b5184ac63b05246b2308fa987576baea,dish:com,food_descriptor:qua-te,DESCRIBES_FOOD,97742,037157be32ed104c,tu_037157be32ed104c,negative,0.95,cơm quá tệ
3f42b21ef056d656a91df0cfc4a476b57b52f82114d4e590aa80b4cd3ffa4f46,dish:com,food_descriptor:khong-hop-khau-vi,DESCRIBES_FOOD,97742,037157be32ed104c,tu_037157be32ed104c,negative,0.95,không hợp khẩu vị
2a32bc1d041805a21df41570549f19b5f52f431aca58f8100ed194248dd80eba,delivery_packaging:dong-goi,problem:chua-tot,HAS_PROBLEM,97742,037157be32ed104c,tu_037157be32ed104c,negative,0.9,đóng gói chưa tốt
5d7d38816ba4a6833318e2d35a5f1f7f67c10d1ddc5d09a21772a9dd368f053e,problem:nabi-bun-cha-quat-com-tam-com-van-phong-tay-son,price_value:price-value,HAS_POSITIVE_SIGNAL,97742,7ae42d66486164bb,tu_7ae42d66486164bb,positive,0.95,đáng đồng tiền
c18a1312d8283924b28753bec3f4b1cb8cf1c995918ab744fd3bde0ffb579c58,problem:nabi-bun-cha-quat-com-tam-com-van-phong-tay-son,service_quality:food-quality,HAS_POSITIVE_SIGNAL,97742,7ae42d66486164bb,tu_7ae42d66486164bb,positive,0.73,ngon xỉu
bdcba48bcb19fb4415de142ad9a473e0054373059232ba085ec2934a15e2f1aa,problem:nabi-bun-cha-quat-com-tam-com-van-phong-tay-son,space_quality:cleanliness,HAS_POSITIVE_SIGNAL,97742,7ae42d66486164bb,tu_7ae42d66486164bb,positive,0.88,sạch sẽ
4416a11818b50db8fff62325ab3a64f6d279520f5f045729b68d96d374395f32,problem:nabi-bun-cha-quat-com-tam-com-van-phong-tay-son,delivery_packaging:delivery-packaging,HAS_POSITIVE_SIGNAL,97742,7ae42d66486164bb,tu_7ae42d66486164bb,positive,0.94,đóng gói tốt
7b00296f06b068b2d836e72390fced5277e376d5e3f59aa8f19ca821923718e3,dish:bun-cha,food_descriptor:vi-dam-da,DESCRIBES_FOOD,97742,7c4646359cd75afd,tu_7c4646359cd75afd,positive,0.95,vị đậm đà ngon
319ff762484ecadc99f027ef7bfa0d00a2b9c0e24a20fef1077c2efdccdc8338,dish:bun-cha,food_descriptor:ngon,DESCRIBES_FOOD,97742,7c4646359cd75afd,tu_7c4646359cd75afd,positive,0.93,ngon xỉu
ece092b193799812560f4906fe75a48fe75b0912e49382b555741e9dba021d2a,dish:bun-cha,price_value:dang-dong-tien,HAS_POSITIVE_SIGNAL,97742,7c4646359cd75afd,tu_7c4646359cd75afd,positive,0.9,đáng đồng tiền
4577d077045e9e26046a61880b801b98f892e23945bb7f9c124ba526be8c0dea,dish:bun-cha,delivery_packaging:dong-goi-tot,HAS_POSITIVE_SIGNAL,97742,7c4646359cd75afd,tu_7c4646359cd75afd,positive,0.87,đóng gói tốt
c523c015811e8d493ff50d34c282b8fbe2fca5f6e0dcd6f7d4fe7a8e36807473,dish:bun-cha,space_quality:sach-se,HAS_POSITIVE_SIGNAL,97742,7c4646359cd75afd,tu_7c4646359cd75afd,positive,0.85,sạch sẽ
073b90fd55707eec44102e3f81730f5244a1828dfe17e046b457f8babf6bd090,dish:bun-cha,service_quality:yen-tam-ve-thuc-pham,HAS_POSITIVE_SIGNAL,97742,7c4646359cd75afd,tu_7c4646359cd75afd,positive,0.72,rất yên tâm về thực phẩm
b975b2d0184e9a36ae9f2a95a7c3a8c33fc7597b704194ef55786fe8bf3e1424,food_descriptor:ngon-xiu,dish:bun-cha-quat,DESCRIBES_FOOD,97742,e30ba8949ea2d587,tu_e30ba8949ea2d587,positive,0.8,ngon xỉu
0c4c6bcc5d55e76d01a450057e9fae8ad64a3434ceba18ae28e27670361d6a6f,food_descriptor:ngon-xiu,dish:com-tam,DESCRIBES_FOOD,97742,e30ba8949ea2d587,tu_e30ba8949ea2d587,positive,0.72,ngon xỉu
eb9da6656d080335c7f5e12c4b93d55476eb626cf371f3065a48b0672581ae33,food_descriptor:ngon-xiu,dish:com-van-phong,DESCRIBES_FOOD,97742,e30ba8949ea2d587,tu_e30ba8949ea2d587,positive,0.72,ngon xỉu
3d0a4619a01c0ce4734f88d40743bd9ec589d913d4f900b97df1d134026364a4,dish:com-suon-cha-trung,problem:thieu-cha-trung,HAS_PROBLEM,97742,aacd67ada15eea36,tu_aacd67ada15eea36,negative,0.95,cơm sườn chả trứng mà k có chả trứng
9a056207ccb6d77d0eaf98ede295d0491052c02376422113a8ebbe3db835d582,dish:cha-trung,problem:thieu-cha-trung,HAS_PROBLEM,97742,aacd67ada15eea36,tu_aacd67ada15eea36,negative,0.9,k có chả trứng
09e07bb387fe78ca4084e8b979d9e564c97884a5e60e660b4bc0cbfd1236076e,dish:pho-bo,food_descriptor:ngon,DESCRIBES_FOOD,130307,bc9541e1fead26dd,tu_bc9541e1fead26dd,positive,0.52,ngon xỉu
2f1bda087d5e5e3c26aeb8056965164048652611412b15cb06c83b7a499c4c07,dish:bun-cha,food_descriptor:ngon,DESCRIBES_FOOD,130307,bc9541e1fead26dd,tu_bc9541e1fead26dd,positive,0.52,ngon xỉu
ab3764f717738aec662a34e992b0e5c10801a73a359108a775c6fe443a489beb,dish:chao,food_descriptor:ngon,DESCRIBES_FOOD,130307,bc9541e1fead26dd,tu_bc9541e1fead26dd,positive,0.52,ngon xỉu
cfabdd90fecd026ae6b3e0088049388df95378cfae53d8e38835813d85c787bc,dish:com,food_descriptor:ngon,DESCRIBES_FOOD,130307,bc9541e1fead26dd,tu_bc9541e1fead26dd,positive,0.52,ngon xỉu
f3b1146ee8c756828e21247b6f737ff240a91a18776dab2c5c1dc1b1e9a5c51b,dish:bo-tai,food_descriptor:cung,DESCRIBES_FOOD,130307,ca0d927e46b103bd,tu_ca0d927e46b103bd,negative,0.96,trần kỹ cứng hết cả
6e928372146de454501693d5df032a13239c132d20cdd8bef3ffb89f1383abe6,dish:bo-tai,problem:khong-lam-dung-ghi-chu,HAS_PROBLEM,130307,ca0d927e46b103bd,tu_ca0d927e46b103bd,negative,0.95,ghi chú phần bò tái ko trần thì lại trần kỹ
9853893bf6a53ff4b873f719296a059723af2e5603cf2022d9349fcae1fcab05,dish:thit-chin-nam,problem:sai-thieu-mon,HAS_PROBLEM,130307,ca0d927e46b103bd,tu_ca0d927e46b103bd,negative,0.93,"thịt chín nạm thì ko thấy đâu, sai/thiếu món"
fd040750058f571d2c77890fef43e8f15066f15f8c0a922cda262bbbad55a97b,dish:com-do-an-vat,food_descriptor:ngon-xiu,DESCRIBES_FOOD,22758,8a694549684838e9,tu_8a694549684838e9,positive,0.93,ngon xỉu
b03cb237336ca44334232e5b7cd6df981623cbcb4ebd26f293b782ad9129a49c,delivery_packaging:dong-goi,problem:chua-tot,HAS_NEGATIVE_SIGNAL,22758,7959f3533c185ec2,tu_7959f3533c185ec2,negative,0.94,đóng gói chưa tốt
bbdab03b7790142adfeb638b695127cc43838686a75bf25622f6bfbaf280ec9a,service_quality:thien-truong-pho-co-com-ga-xoi-mam,delivery_packaging:dong-goi,MENTIONS,11471,244cbf6cab9d40b3,tu_244cbf6cab9d40b3,neutral,0.72,quán đóng gói không cẩn thận
a7216da61c88e89bcd4821cc9b9786d3773879b818a20498ee7d7bc916c5d1c8,delivery_packaging:dong-goi,problem:dong-goi-khong-can-than,HAS_NEGATIVE_SIGNAL,11471,244cbf6cab9d40b3,tu_244cbf6cab9d40b3,negative,0.97,đóng gói không cẩn thận
abcf78742f2f4ad4125ac966b7f2fb7b7b33717824c388aee8afb054e6e7d277,delivery_packaging:dong-goi,problem:dong-goi-chua-tot,HAS_NEGATIVE_SIGNAL,11471,244cbf6cab9d40b3,tu_244cbf6cab9d40b3,negative,0.96,đóng gói chưa tốt
08c732ca5a12dbc8c9061a48f8b94a06b05bff47ab2a48b07e26b800d9c09855,service_quality:thien-truong-pho-co-com-ga-xoi-mam,problem:dong-goi-khong-can-than,HAS_PROBLEM,11471,244cbf6cab9d40b3,tu_244cbf6cab9d40b3,negative,0.9,quán đóng gói không cẩn thận
a501b824ab3aca33b9bb16f9dfa6951ba6db355f5df161f05db19f77ebf4c20f,service_quality:thien-truong-pho-co-com-ga-xoi-mam,problem:dong-goi-chua-tot,HAS_PROBLEM,11471,244cbf6cab9d40b3,tu_244cbf6cab9d40b3,negative,0.88,đóng gói chưa tốt
687870b478414f77c5df4d76fba4668e498559a365b8803cc9a39be3b585a32e,dish:com,food_descriptor:leo-teo,DESCRIBES_FOOD,11471,244cbf6cab9d40b3,tu_244cbf6cab9d40b3,negative,0.8,cơm ... lèo tèo
3847c318440acfc44c6d2ee6c3133f92e15555a8562f4ce713c3bf8567ce69a4,dish:com,food_descriptor:qua-it,DESCRIBES_FOOD,11471,244cbf6cab9d40b3,tu_244cbf6cab9d40b3,negative,0.94,cơm ... quá ít
dcad064c7e12ca3f5f5ab06936cc13dea71e683f4df7a175fd1462a397130268,dish:mi,food_descriptor:leo-teo,DESCRIBES_FOOD,11471,244cbf6cab9d40b3,tu_244cbf6cab9d40b3,negative,0.8,mì đều lèo tèo
c09f4beb23811dda489de08516be149cc921fec6012d0e05b2e82bdb43348bbd,dish:mi,food_descriptor:qua-it,DESCRIBES_FOOD,11471,244cbf6cab9d40b3,tu_244cbf6cab9d40b3,negative,0.94,mì đều ... quá ít
7a5fa12db34de761c212c114b67e66664d7d1e18692efd58b11cdc00b87bf51b,dish:thien-truong-pho-co-com-ga-xoi-mam,service_quality:food-quality,HAS_POSITIVE_SIGNAL,11471,58884e5ebe3ac1c9,tu_58884e5ebe3ac1c9,positive,0.84,ngon xỉu
da574a37fd1314c02908425be35267cf509334b55842f38b925ddcbef8f5fb55,dish:thien-truong-pho-co-com-ga-xoi-mam,delivery_packaging:dong-goi,HAS_POSITIVE_SIGNAL,11471,58884e5ebe3ac1c9,tu_58884e5ebe3ac1c9,positive,0.95,đóng gói tốt
681c4aee1d7e1438fbb1f92b9e55174c9b2e6c99b344cd62c15d9ea583d59d22,delivery_packaging:dong-goi,food_descriptor:tot,MENTIONS,11471,58884e5ebe3ac1c9,tu_58884e5ebe3ac1c9,positive,0.58,đóng gói tốt
af40b0b470dd96fdf764dbf6f4f713ca8a871d4c5a4c00fd43f144302e98f1b1,delivery_packaging:packaging,problem:sai-thieu-mon,HAS_PROBLEM,11471,2e8f091631a99785,tu_2e8f091631a99785,negative,0.9,packaging=-1.00; sai/thiếu món
520bee0efce2a605076a3e2b528c986bdafc440f9c4aafb0c1fc34ce0247eb24,food_descriptor:ngon,dish:pho-co-com-ga-xoi-mam,DESCRIBES_FOOD,11471,851efab10ca73713,tu_851efab10ca73713,positive,0.8,khá ngon
bf4c7cebfef7c27523431b7cd49bf1931a39838aeeaab4262cd128bcbb245f06,dish:pho-co-com-ga-xoi-mam,food_descriptor:ngon,HAS_POSITIVE_SIGNAL,11471,851efab10ca73713,tu_851efab10ca73713,positive,0.76,khá ngon
f8fc8731bce21b43b26074e85f0c4a238fcbe5cf5071e6c9a906af06d2b6f09a,service_quality:service-te,problem:cho-hanh-du-da-dan-khong-hanh,HAS_PROBLEM,11471,db76f1976fb4e848,tu_db76f1976fb4e848,negative,0.96,dặn không hành rất to rồi nhưng vẫn cho 1 đống
6e30ae0155b6c5d42b42549252e6363b8fd510b1c0b83c65ba399d18bc8b1b2e,service_quality:service-te,problem:sai-thieu-mon,HAS_PROBLEM,11471,db76f1976fb4e848,tu_db76f1976fb4e848,negative,0.95,sai/thiếu món
e8e060b6c124fe65b9d31f91982fab39e58f7c5a5f5bbbbcb15697d4e22853fb,service_quality:service-te,problem:khong-lam-dung-ghi-chu,HAS_PROBLEM,11471,db76f1976fb4e848,tu_db76f1976fb4e848,negative,0.98,không làm đúng ghi chú
40426db680785cc8875f9479869159738921c815a892c08af21051169b552fc7,dish:pho-co,food_descriptor:khong-hop-khau-vi,DESCRIBES_FOOD,11471,db76f1976fb4e848,tu_db76f1976fb4e848,negative,0.52,không hợp khẩu vị
d513bedbca68ea8ad9cef4e42c360dc7193838af0880859b4d02b37584bdd3c3,dish:com-ga-xoi-mam,food_descriptor:khong-hop-khau-vi,DESCRIBES_FOOD,11471,db76f1976fb4e848,tu_db76f1976fb4e848,negative,0.52,không hợp khẩu vị
24340a5f70f9d74b26a76f5197355ea1bb7cc350fc2dd527667ebbd740f4c3a4,dish:com-van-phong-nuoc-ep,food_descriptor:ngon-xiu,DESCRIBES_FOOD,11326,e90946fe5e330b0d,tu_e90946fe5e330b0d,positive,0.82,ngon xỉu
c5a59f7f8b79e24a4af8fb9d94c29420a0e778d4339f939dcfd5d4e4b9922d0e,dish:do-an,food_descriptor:ngon,DESCRIBES_FOOD,11326,ea92d4a304b91d71,tu_ea92d4a304b91d71,positive,0.97,siêu ngon
415e44962c0dc9327c34d37e491a83ff265a47b87a1d33666f15543e7ee69b54,price_value:gia-tri-tien,dish:do-an,MENTIONS,11326,ea92d4a304b91d71,tu_ea92d4a304b91d71,positive,0.7,đáng đồng tiền
6faecf0a59e62dee5808ceef38c6e31e138f29b04189db888fa10208b622d4fa,delivery_packaging:dong-goi,dish:do-an,MENTIONS,11326,ea92d4a304b91d71,tu_ea92d4a304b91d71,positive,0.62,đóng gói tốt
65102a7b82485271b6f5927f40a4e363b0b2e3806677ee1b33055c17fc61f93a,space_quality:sach-se,dish:do-an,MENTIONS,11326,ea92d4a304b91d71,tu_ea92d4a304b91d71,positive,0.58,sạch sẽ
998d0793d2518cc160301de94342bfe072335df2e438f107d7834a666c6d2f84,dish:com-van-phong,problem:khong-giong-com-van-phong,HAS_PROBLEM,11326,12cf45f29ea20b39,tu_12cf45f29ea20b39,negative,0.9,ko giống cơm vp
9bfed71cccbb7a7d6f63c911670b6fdfec591de82a1595ef3f3f765f0493998b,dish:com,food_descriptor:gion,DESCRIBES_FOOD,8314,4f5984817280af3b,tu_4f5984817280af3b,positive,0.95,cơm giòn
dc3e9a9c2ec6a3c7871c0524eef6806cca0cd5cc5adba7e170bc4b39c126de6a,dish:com,food_descriptor:ngon,DESCRIBES_FOOD,8314,4f5984817280af3b,tu_4f5984817280af3b,positive,0.96,cơm giòn ngon
5594efed72292c1b37ac08642433d2b2d24ff0a2d206d6699ed14600d2317db0,service_quality:phuc-vu-khong-noi-gi,problem:khong-dam-bao-ve-sinh,HAS_PROBLEM,8314,dbb8e7f078a878fe,tu_dbb8e7f078a878fe,negative,0.59,để đây và không nói gì ... không đảm bảo vệ sinh
5ca2ca15492d6d712be228792c1884b380e5f01dd695027ee54116651c28e3be,dish:chat-luong-mon-an,food_descriptor:ngon-xiu,DESCRIBES_FOOD,8314,3f00b8f79cdd65ed,tu_3f00b8f79cdd65ed,positive,0.91,ngon xỉu
0b7c6a289d4840635ef2cffd661db0bef6ccdd75b54d89a88d71ab4c333a27a9,dish:mon-an,food_descriptor:ngon-xiu,DESCRIBES_FOOD,8314,fde5e6063834b72d,tu_fde5e6063834b72d,positive,0.91,ngon xỉu
e726de3c9fb16065ff5cc241a3ffe6c31f0d1078a83bcfb2138fc578e289a327,dish:mon-an,food_descriptor:ngon-xiu,HAS_POSITIVE_SIGNAL,8314,fde5e6063834b72d,tu_fde5e6063834b72d,positive,0.88,ngon xỉu
a499785beb583ca8106387b268cebfca8ba5b03fc1f2c48e9fbc2ceddedcab2f,price_value:dang-dong-tien,dish:mon-an,MENTIONS,8314,fde5e6063834b72d,tu_fde5e6063834b72d,positive,0.52,đáng đồng tiền
7eb08d35ac0ec748ac0a71621d456605d2a609a4cb014d0be8cf664ac9e4eae6,delivery_packaging:dong-goi-tot,dish:mon-an,MENTIONS,8314,fde5e6063834b72d,tu_fde5e6063834b72d,positive,0.5,đóng gói tốt
0cb9baef14782bb23d1da05b0bd59732fd5c7d47b5cf892f7fc089540163cdfd,delivery_packaging:dong-goi,problem:chua-tot,HAS_PROBLEM,8314,067f0442bf3588bd,tu_067f0442bf3588bd,negative,0.93,đóng gói chưa tốt
b00c86e0337d60091f30e9c5b6b12ce09605ba29aa38f43c3d0bfc128cda83a9,dish:pho-xao,food_descriptor:nhat,DESCRIBES_FOOD,8314,c245f9e52651f9a3,tu_c245f9e52651f9a3,negative,0.97,phở xào hơi nhạt
9b2ee288c293bcab380f63c885771480e4e558023a752e85376f5d64b8b96498,dish:pho-xao,problem:thieu-magie,HAS_PROBLEM,8314,c245f9e52651f9a3,tu_c245f9e52651f9a3,negative,0.62,hình như thiếu magie
f0875031ee34f59a89ca8ec8bfd6505ae64fc344e112dca67c281798995de2fc,dish:com-cum,food_descriptor:nhat,DESCRIBES_FOOD,8314,c245f9e52651f9a3,tu_c245f9e52651f9a3,negative,0.94,cơm cũm hơi nhạt
98340072b247e71691ce2599d7ea0d5349c460395899cbdc75e545b0b0cdf80e,dish:nuoc-canh,food_descriptor:dam,DESCRIBES_FOOD,8314,c245f9e52651f9a3,tu_c245f9e52651f9a3,positive,0.9,nc canh là đậm
8450eeface793bcfc78f3653112cfd7f40f7e7756c09ff2fbc0cdd46bb4aed22,dish:bun-rieu-cua,problem:khong-giong-tren-anh,HAS_PROBLEM,126147,c052075a94117be3,tu_c052075a94117be3,negative,0.4,không giống trên ảnh
3b75353432d1726a8254e66ac8068a030e354c7d52d81a9c1bbbecf1f0df559d,dish:com-rang,problem:khong-giong-tren-anh,HAS_PROBLEM,126147,c052075a94117be3,tu_c052075a94117be3,negative,0.4,không giống trên ảnh
f606aa7cea2e6a5ed1f3c562fab9c75d1e30c1d786eec5cbc6c86e27c6458d15,dish:pho-xao,problem:khong-giong-tren-anh,HAS_PROBLEM,126147,c052075a94117be3,tu_c052075a94117be3,negative,0.4,không giống trên ảnh
7f5ba567b2f263c99515129af68a094617482345da53439fdb2da5a58f21bfdf,service_quality:quan-ha-noi-xua-bun-cha-truong-chinh,problem:dua-moc,HAS_PROBLEM,59967,856653aa94c915f9,tu_856653aa94c915f9,negative,0.95,đũa mốc
80ced39eb152afcb39ebb0f979933934015504db3b7ba8d8eac73fc107836c96,service_quality:quan-ha-noi-xua-bun-cha-truong-chinh,problem:khong-dam-bao-ve-sinh,HAS_PROBLEM,59967,856653aa94c915f9,tu_856653aa94c915f9,negative,0.97,không đảm bảo vệ sinh
9ff40dc1aabd4460d86b74ae4300a5874e5eca4f567094f94896840b288cbaae,service_quality:quan-ha-noi-xua-bun-cha-truong-chinh,service_quality:ve-sinh,HAS_NEGATIVE_SIGNAL,59967,856653aa94c915f9,tu_856653aa94c915f9,negative,0.78,không đảm bảo vệ sinh
117d268c0f0a4328c2a53daef44a5e06e583664055f565a9e33584bf881b10d3,dish:cha,service_quality:quan-ha-noi-xua-bun-cha-truong-chinh,MENTIONS,59967,856653aa94c915f9,tu_856653aa94c915f9,neutral,0.68,chả có 5 miếng
67c39907428fbd8bbe908ce452634babe3e2b1a597f6e89e59dababbb9be475b,dish:nuoc-cham,problem:thieu-nuoc-cham,HAS_PROBLEM,59967,6171cc4bcedb39e0,tu_6171cc4bcedb39e0,negative,0.86,không có nước chấm
23edd174a1c487d7b260000e6d686fa3824d2e2fb02b3ac74dfacbdb9a5064d9,price_value:gia-50k,problem:phan-an-it,HAS_PROBLEM,59967,df3e9851b3929fb9,tu_df3e9851b3929fb9,negative,0.9,50k mà được có mấy miếng
faa28f6e6d89885cc6215f8a417ff610ea47a3c7af50d7f83ab98d1a9beef06c,service_quality:quan-ha-noi-xua-bun-cha-truong-chinh,dish:cha-bam,MENTIONS,59967,f74c9edfc07b7cd2,tu_f74c9edfc07b7cd2,neutral,0.9,chả băm ok
2b140d8f085a3181e25530fddb94aff07cc3e2eb2609e5be829774a75e20521e,dish:cha-bam,service_quality:quan-ha-noi-xua-bun-cha-truong-chinh,HAS_POSITIVE_SIGNAL,59967,f74c9edfc07b7cd2,tu_f74c9edfc07b7cd2,positive,0.86,ok
4740696d2289e8c0119fa53b66f3b3d202f3fb9a41433261e4210657eb48d045,service_quality:quan-ha-noi-xua-bun-cha-truong-chinh,dish:cha-mieng,MENTIONS,59967,f74c9edfc07b7cd2,tu_f74c9edfc07b7cd2,neutral,0.88,chả miếng thì hơi chán
477de93a71a92a292d8de5b54cf1419da636e80f894b479993302e98d868098a,dish:cha-mieng,service_quality:quan-ha-noi-xua-bun-cha-truong-chinh,HAS_NEGATIVE_SIGNAL,59967,f74c9edfc07b7cd2,tu_f74c9edfc07b7cd2,negative,0.84,hơi chán
9bc9426a16a2a1d069644ac2f96cda4fbee033ff861f308478bae81ded80efe8,service_quality:quan-ha-noi-xua-bun-cha-truong-chinh,price_value:gia,MENTIONS,59967,f74c9edfc07b7cd2,tu_f74c9edfc07b7cd2,neutral,0.87,giá không rẻ
c6cc4f7679bc54a08ada4ba4fa21e1e3954f9c301cc6bed7fb53cf93cb85378f,price_value:gia,service_quality:quan-ha-noi-xua-bun-cha-truong-chinh,HAS_NEGATIVE_SIGNAL,59967,f74c9edfc07b7cd2,tu_f74c9edfc07b7cd2,negative,0.89,không rẻ
a531a11bb9c4e64ba892b906a707623190f9cd2e14214f7d1663ab96ba50694a,service_quality:quan-ha-noi-xua-bun-cha-truong-chinh,dish:thit,MENTIONS,59967,f74c9edfc07b7cd2,tu_f74c9edfc07b7cd2,neutral,0.83,thịt dai và có phần hơi bèo nhèo
9789b6dd29ce8824b815b3b21682229cd5927c005d359ae756b58a1e31b44efe,dish:thit,food_descriptor:dai,DESCRIBES_FOOD,59967,f74c9edfc07b7cd2,tu_f74c9edfc07b7cd2,negative,0.92,thịt dai
5ba0bd4b287b46fdcedec618dc07a1ce959206e8ec9dfc0e9028f44e54f2e8a5,dish:thit,food_descriptor:beo-nheo,DESCRIBES_FOOD,59967,f74c9edfc07b7cd2,tu_f74c9edfc07b7cd2,negative,0.9,hơi bèo nhèo
36ba5d2444f9b528aedccf9ad52cdfa87a1ae3bf3b23fac49a53989abeaa61e8,dish:thit,service_quality:quan-ha-noi-xua-bun-cha-truong-chinh,HAS_NEGATIVE_SIGNAL,59967,f74c9edfc07b7cd2,tu_f74c9edfc07b7cd2,negative,0.85,thịt dai và có phần hơi bèo nhèo
835aebfd88a30a51e547d605a48a4bfc41523d457bb38c59f432c12b51842c0e,service_quality:quan-ha-noi-xua-bun-cha-truong-chinh,dish:thit-ba-chi,MENTIONS,59967,f74c9edfc07b7cd2,tu_f74c9edfc07b7cd2,neutral,0.79,fan thịt ba chỉ
b5f77531f4a435efcb11c5137633d0b96a058efe6259e4ae5f642c824cf077c1,dish:thit-ba-chi,problem:khong-ung-noi,HAS_PROBLEM,59967,f74c9edfc07b7cd2,tu_f74c9edfc07b7cd2,negative,0.73,không ưng nổi
4e38babc8147702afc34007e8f341f1c2d9455e6a80a359f82d93e1f14955d9c,dish:thit-ba-chi,service_quality:quan-ha-noi-xua-bun-cha-truong-chinh,HAS_NEGATIVE_SIGNAL,59967,f74c9edfc07b7cd2,tu_f74c9edfc07b7cd2,negative,0.78,không ưng nổi
5c4529e81242e0ea0f683ae04f02be2273ed4a54d198c755068239305dc45437,dish:com,food_descriptor:do,DESCRIBES_FOOD,59967,17ed891e32f351a4,tu_17ed891e32f351a4,negative,0.97,cơm dở
c58b64c8e0ebd2a5dec96b08e4a2f54ee2f23a3dc8f2ed9bddbf8de9e536d568,dish:phan-dac-biet,food_descriptor:nhieu-topping,DESCRIBES_FOOD,128724,a0b6632d19436c51,tu_a0b6632d19436c51,positive,0.76,nhiều topping
012264865aadde544890fa6fef937dd55221e20ec7b5351e5d70e9df08b17dcd,dish:phan-dac-biet,food_descriptor:an-cung-ok,DESCRIBES_FOOD,128724,a0b6632d19436c51,tu_a0b6632d19436c51,positive,0.68,ăn cũng ok
554148fe614f2a004cd4590c37351780c746a9f7a6339e5b1035dbefbdcc636e,dish:phan-dac-biet,problem:ko-co-trung-non,HAS_PROBLEM,128724,a0b6632d19436c51,tu_a0b6632d19436c51,negative,0.94,phần đặc biệt lại ko có trứng non
184c292cbccc3687a0aaa6817525f985a0fedc0967e364abf6ab0f4bb808fefc,problem:thieu-trung-cut,dish:trung-cut,MENTIONS,128724,82bb612a157093f3,tu_82bb612a157093f3,negative,0.9,thiếu trứng cút
b773c74ede5deedbd46f6be223f1e95e6d78bb251f36343bec69304fe342cb20,dish:banh-cuon-nong,food_descriptor:ngon-xiu,DESCRIBES_FOOD,94161,90bf4b4256ce762d,tu_90bf4b4256ce762d,positive,0.71,bánh cuốn nóng ... ngon xỉu
7768b7ece605986970baa9e34de70c7f9fd439338b82fe4df766527dd38733a7,dish:ga-ac-tan,food_descriptor:ngon-xiu,DESCRIBES_FOOD,94161,90bf4b4256ce762d,tu_90bf4b4256ce762d,positive,0.71,gà ác tần ... ngon xỉu
97f6ad76bb31b0f269c908e2931df59e4215cb9a3d0ec0336e670e86d19ff437,dish:banh-cuon-nong-ga-ac-tan,food_descriptor:ngon-xiu,DESCRIBES_FOOD,94161,108180174b27fc7a,tu_108180174b27fc7a,positive,0.94,ngon xỉu
05a4926e2330a4b0e7df8de261edfa93099e82e53e645c3d617f168777a152cc,dish:banh-cuon-nong-ga-ac-tan,price_value:dang-dong-tien,HAS_POSITIVE_SIGNAL,94161,108180174b27fc7a,tu_108180174b27fc7a,positive,0.95,đáng đồng tiền
7fda4a12b19a92592623efbd86a282cd536e9a8a611919c6bed679c800cc5257,dish:banh-cuon-nong-ga-ac-tan,space_quality:sach-se,HAS_POSITIVE_SIGNAL,94161,108180174b27fc7a,tu_108180174b27fc7a,positive,0.8,sạch sẽ
ebd040b49f19caab8d50f31b21428ed8e7d68f6f03c3355e05de80900eff5775,dish:banh-cuon-nong-ga-ac-tan,delivery_packaging:dong-goi-tot,HAS_POSITIVE_SIGNAL,94161,108180174b27fc7a,tu_108180174b27fc7a,positive,0.96,đóng gói tốt
40cdaeffa642052b53a330b9cb34f32fe43d92130372817ee43c6ac9c87f879a,dish:banh-cuon-nong,food_descriptor:ngon,DESCRIBES_FOOD,94161,c6ba2bab4389fd23,tu_c6ba2bab4389fd23,positive,0.82,ngon xỉu
3ea6d3a0ca91b7165adf7c33658e52f77f0f74b1ec8350c95ba6464eb5caeb00,dish:ga-ac-tan,food_descriptor:ngon,DESCRIBES_FOOD,94161,c6ba2bab4389fd23,tu_c6ba2bab4389fd23,positive,0.82,ngon xỉu
426290329c7c5c38b3367974b77f3a35b7b40910612fac410ddb1396954f898a,service_quality:ga-tan-huyen-anh-pho-xao-com-rang-quynh-mai,price_value:gia-tri-tien,HAS_POSITIVE_SIGNAL,28837,5bf5f62cf749dd3b,tu_5bf5f62cf749dd3b,positive,0.8,đáng đồng tiền
93c054dbae662d20007690635f61d73ea8ba014320f4f4b6e77d11a50c4b1caf,service_quality:ga-tan-huyen-anh-pho-xao-com-rang-quynh-mai,delivery_packaging:dong-goi,HAS_POSITIVE_SIGNAL,28837,5bf5f62cf749dd3b,tu_5bf5f62cf749dd3b,positive,0.82,đóng gói tốt
bcbd48e9614e7ab39a29c2ac2efe3326cab0aab011aaa0a3071c140ecf5ba3eb,service_quality:ga-tan-huyen-anh-pho-xao-com-rang-quynh-mai,space_quality:sach-se,HAS_POSITIVE_SIGNAL,28837,5bf5f62cf749dd3b,tu_5bf5f62cf749dd3b,positive,0.78,sạch sẽ
b6f3a360b13630253712fb85882569c1990c9aee48f059ef83e66936361e506b,service_quality:ga-tan-huyen-anh-pho-xao-com-rang-quynh-mai,food_descriptor:ngon,HAS_POSITIVE_SIGNAL,28837,5bf5f62cf749dd3b,tu_5bf5f62cf749dd3b,positive,0.8,ngon xỉu
4d659426bb33ec988e00e8d3f32bf65dfe87560f57135b038702e388155ee432,problem:ga-tan-huyen-anh-pho-xao-com-rang-quynh-mai,dish:oc-ham-la-ngai,MENTIONS,28837,7f79d6b012d4205b,tu_7f79d6b012d4205b,neutral,0.88,óc hầm lá ngải quá mặn
01fa1ead62787cac227cbd6b7f684b890174840ddb217f4aea7fef40ba22ca5e,dish:oc-ham-la-ngai,food_descriptor:qua-man,DESCRIBES_FOOD,28837,7f79d6b012d4205b,tu_7f79d6b012d4205b,negative,0.98,óc hầm lá ngải quá mặn
134dda1c94cf7552fe8dd1391816fc4f840d360c2a173542143bb34e5a1b8466,problem:ga-tan-huyen-anh-pho-xao-com-rang-quynh-mai,dish:chao-tim,MENTIONS,28837,7f79d6b012d4205b,tu_7f79d6b012d4205b,neutral,0.88,cháo tim dai
7815bda3d9bfcace30528176893589ee516e7e69e318d3830be93db8135b890b,dish:chao-tim,food_descriptor:dai,DESCRIBES_FOOD,28837,7f79d6b012d4205b,tu_7f79d6b012d4205b,negative,0.97,cháo tim dai
308d3d23021fc32538becbe04548bfd83b345e06d933fc338301190cce2aad64,problem:ga-tan-huyen-anh-pho-xao-com-rang-quynh-mai,dish:la-thom,MENTIONS,28837,7f79d6b012d4205b,tu_7f79d6b012d4205b,neutral,0.71,lá thơm nên để bên ngoài
4ff23fd1dea11cb0bd67e03d02a9c661cbe5439e1198cdd55bcd89daac44c372,problem:ga-tan-huyen-anh-pho-xao-com-rang-quynh-mai,problem:khong-hop-khau-vi,HAS_PROBLEM,28837,7f79d6b012d4205b,tu_7f79d6b012d4205b,negative,0.94,không hợp khẩu vị
3862631ce2ed3479cfa72726a3210bf6b4b35190deb00e451328b0cf9784f99b,dish:pho-xao,food_descriptor:nhieu-mo,DESCRIBES_FOOD,33188,97d0e75e928cf661,tu_97d0e75e928cf661,negative,0.97,phở xào quá nhiều mỡ
37bbfdb3298536b217edb1b17d8086d0109da95e385f023021764d655ec9b223,dish:pho-xao,food_descriptor:nhieu-mo,HAS_NEGATIVE_SIGNAL,33188,97d0e75e928cf661,tu_97d0e75e928cf661,negative,0.94,quá nhiều mỡ
0f1e676b6d63faadd8fb0f654c5c1964f94093d3e08731d56949ef2281e3708d,dish:pho-xao,food_descriptor:kha-ngon,HAS_POSITIVE_SIGNAL,33188,97d0e75e928cf661,tu_97d0e75e928cf661,positive,0.74,khá ngon
0f6a6224cfc6948b1bdc42590fa49b62f6e41e28785f4838c9fe845f7d86a3d2,dish:pho-xao,food_descriptor:nhieu-mo,DESCRIBES_FOOD,33188,cdfc9b9ef0376557,tu_cdfc9b9ef0376557,negative,0.97,phở xào quá nhiều mỡ
7ffe623b56943882e04c7aa4f9b7db2e04d8c3dcd108d98699045a6977d193fc,dish:pho-xao,problem:khong-lam-dung-ghi-chu,HAS_PROBLEM,33188,cdfc9b9ef0376557,tu_cdfc9b9ef0376557,negative,0.94,không làm đúng ghi chú
1684dc3d8b8e121ccf7293523d09de4e7629d1527a3f6276e61ea0276ed62378,dish:pho-xao,food_descriptor:toan-nuoc,DESCRIBES_FOOD,33188,9f8864aa4b489e36,tu_9f8864aa4b489e36,negative,0.95,phở xào toàn nước
8b97864330872374e8215ba1bedca4b26283fdde948c6f83206a3cd32a780e79,dish:pho-xao,food_descriptor:nat-bet,DESCRIBES_FOOD,33188,9f8864aa4b489e36,tu_9f8864aa4b489e36,negative,0.97,phở xào toàn nước nát bét
a6c970178c40b56685989c34bfa72d397fce2eccc7703fa04c45699c223f3307,dish:pho-xao,problem:problem-food-quality,HAS_PROBLEM,33188,9f8864aa4b489e36,tu_9f8864aa4b489e36,negative,0.88,nấu như cám lợn
4b07d00bae4e31a13c1ae2a1995b5c677ed9347a4d0b7c583713c3b8dbc7b67b,problem:problem-food-quality,dish:pho-xao,MENTIONS,33188,9f8864aa4b489e36,tu_9f8864aa4b489e36,negative,0.72,phở xào toàn nước nát bét
28ee965788c35e25761af342aabd999609bca7d894c67fb0da81ef34e3c85967,service_quality:service,problem:problem-with-note-request,HAS_PROBLEM,33188,095834879f75f67f,tu_095834879f75f67f,negative,0.95,ko làm theo note
2f5579c69abb0bfeb51228ce70eb81dcf6b2d383b0ac6956f8cb2ba23287a4df,problem:problem-with-note-request,dish:hanh,MENTIONS,33188,095834879f75f67f,tu_095834879f75f67f,negative,0.82,còn rất nhiều hành
d6e843a5faec175b59e036d79c22aca18c7f8de22fb416ec22b141f8e38465de,dish:hanh,problem:problem-with-note-request,HAS_NEGATIVE_SIGNAL,33188,095834879f75f67f,tu_095834879f75f67f,negative,0.78,rất nhiều hành
4c53b70758e54ecb4efb4f066b24814e43e7c062ef5fff2c0c7f92326a7218e3,delivery_packaging:dong-goi,problem:problem-do-ra-tui-nilong,HAS_PROBLEM,33188,02eaa7112958cf39,tu_02eaa7112958cf39,negative,0.97,đến nơi là đổ hết ra túi nilong
71bf77b43e075c6a1373473132e86b431f2c915ab55f6a63706813555383c054,delivery_packaging:hop,problem:problem-do-ra-tui-nilong,HAS_PROBLEM,33188,02eaa7112958cf39,tu_02eaa7112958cf39,negative,0.85,đừng để hộp nữa
1dc1c95a6f6f8dc6c46c426f49c410d505d108365da8f0f89cfe257a609e87b0,delivery_packaging:nap,delivery_packaging:dong-goi,MENTIONS,33188,02eaa7112958cf39,tu_02eaa7112958cf39,negative,0.68,ko ấn nắp chặt
120de550e902d03c2af90ecbf4d9efa827d812178c5029c58d01b878a740f123,delivery_packaging:dong-goi,delivery_packaging:hop,MENTIONS,33188,02eaa7112958cf39,tu_02eaa7112958cf39,neutral,0.71,đừng để hộp nữa
d815d5f2291f252169a9471be7542a0ce272c349f0f5dca36d55bcee0c425ffd,dish:pho-bo,food_descriptor:ngon,DESCRIBES_FOOD,33749,aa81e068436db6eb,tu_aa81e068436db6eb,positive,0.69,phở bò ... ngon xỉu
ac7b918f70f59dd7817d7001b06e31e03137b1f7c1437cb0d8df4e236fafb59d,dish:com-rang,food_descriptor:ngon,DESCRIBES_FOOD,33749,aa81e068436db6eb,tu_aa81e068436db6eb,positive,0.66,cơm rang ... ngon xỉu
f120238de1e9f5a405a7f4558e68042b6e382ead405f07fbf615e4d094885499,service_quality:lam-sai-het-mon,problem:sai-thieu-mon,HAS_PROBLEM,33749,54b9acd8f5a31dd2,tu_54b9acd8f5a31dd2,negative,0.95,"làm sai hết món, sai/thiếu món"
479d64747b4d3192e539a348689f74eb6d6453e4a4e21b78f233619faa667064,dish:pho,service_quality:lam-sai-het-mon,MENTIONS,33749,54b9acd8f5a31dd2,tu_54b9acd8f5a31dd2,neutral,0.56,phở ăn ok mà làm sai hết món
fe6642911be4b2ad0550e52df09de89d99fa55d6d11713dffd58de947bae877e,delivery_packaging:tui-zip,problem:sai-dong-goi,HAS_PROBLEM,33749,636b71425e0a2b9e,tu_636b71425e0a2b9e,negative,0.88,thêm cái túi zip quán lại cho vào túi bóng
cab5e0aab74b14286edb200a2551d755dfd8ff41f63288e834dedac4e033f0f7,price_value:bo-them-tien,problem:sai-dong-goi,HAS_NEGATIVE_SIGNAL,33749,636b71425e0a2b9e,tu_636b71425e0a2b9e,negative,0.8,bỏ thêm tiền để cho thêm cái túi zip quán lại cho vào túi bóng
7f699d2ec74a10fa981f44d82554f7596a7344367ad5979cc51f6897277e2b16,delivery_packaging:tui-bong,problem:sai-dong-goi,MENTIONS,33749,636b71425e0a2b9e,tu_636b71425e0a2b9e,negative,0.76,cho vào túi bóng
e208b1112e86aeec3e6fdf085be4f11c953b74f1184205f2e29a9d4ff21fe175,dish:pho,problem:giao-thieu-1-pho,HAS_PROBLEM,33749,2fd1d4191ec259a3,tu_2fd1d4191ec259a3,negative,0.95,đặt 2 phở 1 cơm giao 1 phở 1 cơm
cf57e6df1caaecb051be3ded29e7d7146759c38a6490d1a58a5dad27d097804f,dish:com,dish:pho,MENTIONS,33749,2fd1d4191ec259a3,tu_2fd1d4191ec259a3,neutral,0.55,2 phở 1 cơm
5eaf9e571366d1e8399471ca0a72b7543ec99e6e5dd6d2ac56b5f02c8bba9847,dish:pho,delivery_packaging:dong-goi,MENTIONS,22455,df2bf85f008c128c,tu_df2bf85f008c128c,neutral,0.73,giao phở
5f2f25d793582e6048a4019d8abe1aac1a2f07d3b81499329b0c1c9a918a056b,delivery_packaging:dong-goi,problem:de-nuoc-chung,HAS_PROBLEM,22455,df2bf85f008c128c,tu_df2bf85f008c128c,negative,0.95,để nước chung như này
02a82b34faf9409caefedca0a1c1711658b71fa8e571fba260b28f2a3ff30583,delivery_packaging:dong-goi,problem:de-nuoc-chung,HAS_NEGATIVE_SIGNAL,22455,df2bf85f008c128c,tu_df2bf85f008c128c,negative,0.89,đóng gói chưa tốt
2a98e00cf0a5d9b43834fba1b12a1e7bc34806668996f3fb27f202ae22228458,dish:pho-cuon,food_descriptor:ngon-xiu,DESCRIBES_FOOD,22455,972aa14caeb09cb2,tu_972aa14caeb09cb2,positive,0.78,ngon xỉu
5f7e424910f1eef487f51387e9a1111baa306602bad1add41d27819344b5b02b,location_landmark:pho-cuon-hoa-lan-tran-hung-dao,dish:food,MENTIONS,22455,a0c66728340d293a,tu_a0c66728340d293a,positive,0.68,ngon xỉu
c214582dea63729013fb213377b4034f37dfb312e4bbb71eaa9bc1d3f8ac29f6,dish:food,location_landmark:pho-cuon-hoa-lan-tran-hung-dao,HAS_POSITIVE_SIGNAL,22455,a0c66728340d293a,tu_a0c66728340d293a,positive,0.72,ngon xỉu
fdf52a3f068f1aae651c92393e969d693b888f7fb149ffe98413571dd6a6f749,location_landmark:pho-cuon-hoa-lan-tran-hung-dao,space_quality:sach-se,HAS_POSITIVE_SIGNAL,22455,a0c66728340d293a,tu_a0c66728340d293a,positive,0.9,sạch sẽ
87e048942588c1334332ff6293942024eb4b53afeefe6d01bb36c0471a16c39c,location_landmark:pho-cuon-hoa-lan-tran-hung-dao,price_value:dang-dong-tien,HAS_POSITIVE_SIGNAL,22455,a0c66728340d293a,tu_a0c66728340d293a,positive,0.95,đáng đồng tiền
d9c56c0414fb3d3e062481a993a2457a4af4baa048a89d74255b78e3f8810c7c,location_landmark:pho-cuon-hoa-lan-tran-hung-dao,delivery_packaging:dong-goi-tot,HAS_POSITIVE_SIGNAL,22455,a0c66728340d293a,tu_a0c66728340d293a,positive,0.96,đóng gói tốt
2f07eda2a48397e71aa069c151bb8edb4942d4a6c3d8c71f3496845c94361838,dish:com-suon,price_value:80k-1-suat,MENTIONS,22455,e9eb2557d4ad64af,tu_e9eb2557d4ad64af,negative,0.88,80k 1 suất cơm sườn
cfce2403ac05c7e7ecff09071efaf657de0ec1b0d722ef3fa53667d9cce2c70e,dish:com-suon,problem:khong-giong-anh-mo-ta,HAS_PROBLEM,22455,e9eb2557d4ad64af,tu_e9eb2557d4ad64af,negative,0.95,có giống ảnh mô tả chút nào không
3590da8037f91acb2ab9bb1259a5c52d134f45dfe551e18654a7a35760f0f5d9,dish:com-suon,food_descriptor:chat-luong-mon,HAS_NEGATIVE_SIGNAL,22455,e9eb2557d4ad64af,tu_e9eb2557d4ad64af,negative,0.72,bán như thế này
317d9a04b128822e6a73e4a3cc6c5d8e2a90c5375d738ecb6390111613b57fe2,dish:thit-bo,food_descriptor:dai,DESCRIBES_FOOD,22455,8c781e7c90c675af,tu_8c781e7c90c675af,negative,0.96,thịt bò dai
41a4656324d7657f904bfdab2e8b64f19b29983525ebe0faeccfe6230d4bf04d,dish:thit-bo,food_descriptor:nhieu-gan-mo,DESCRIBES_FOOD,22455,8c781e7c90c675af,tu_8c781e7c90c675af,negative,0.93,nhiều gân mỡ quá
69eebd0a4e0799e02d1c8993d5c1e269c7d952b3835e9c3284a2b71d284fbb3e,dish:pho-chien-trung,food_descriptor:ngam-dau,DESCRIBES_FOOD,22455,8c781e7c90c675af,tu_8c781e7c90c675af,negative,0.95,phở chiên trứng hơi ngấm dầu
930c53eb55394491d727a343bec345b2f382e5b070de8582ca9fd49084a22f11,dish:thit-bo,food_descriptor:dai,HAS_NEGATIVE_SIGNAL,22455,8c781e7c90c675af,tu_8c781e7c90c675af,negative,0.9,thịt bò dai
3cc4da394bb61cfda0b188dfe320b39bc327da3a6318cdd5f0774c0a7ed5ec0e,dish:thit-bo,food_descriptor:nhieu-gan-mo,HAS_NEGATIVE_SIGNAL,22455,8c781e7c90c675af,tu_8c781e7c90c675af,negative,0.89,nhiều gân mỡ quá
8fe3995a120a6ce0868e383a675ef3d70c9d95f381a6d0d63063e419ca6e0b0c,dish:pho-chien-trung,food_descriptor:ngam-dau,HAS_NEGATIVE_SIGNAL,22455,8c781e7c90c675af,tu_8c781e7c90c675af,negative,0.91,hơi ngấm dầu
b950ba5f357117607ca24faf0c8d9c992f1d5154779d7c6c17f6641cee6f792a,dish:com-suon-cay,food_descriptor:ngon-xiu,DESCRIBES_FOOD,14976,c4a3ecf19f8fe8ae,tu_c4a3ecf19f8fe8ae,positive,0.82,ngon xỉu
4d540a03afd4ec66ef739cc3c0eb17850b931bb8126524e48cba94fdd1ac42f7,problem:com-suon-cay-himc-ha-ke-tan,dish:nuoc,MENTIONS,14976,38b56ac64679d1ce,tu_38b56ac64679d1ce,neutral,0.73,nước thì kh có ống hút
55f01ff1814e668b34198aab382de2db82498a08cddf418a3653036a1bf7138b,problem:com-suon-cay-himc-ha-ke-tan,dish:rong-bien,MENTIONS,14976,38b56ac64679d1ce,tu_38b56ac64679d1ce,neutral,0.79,gọi thêm rong biển
815cc415764df10e58a01b3884fcfacfeb581c010e6baba41c01e98125891013,problem:com-suon-cay-himc-ha-ke-tan,delivery_packaging:dong-goi,MENTIONS,14976,38b56ac64679d1ce,tu_38b56ac64679d1ce,negative,0.68,kh có ống hút
ef4db0ed7ac2855c96f8aece633ddf5937763a95038d8fd88b70c3006005c2e6,delivery_packaging:dong-goi,problem:thieu-ong-hut,HAS_PROBLEM,14976,38b56ac64679d1ce,tu_38b56ac64679d1ce,negative,0.9,kh có ống hút
68a731dd358480f124760b6e254088f86c5f892bbd95408688bdf3b79afc7763,problem:com-suon-cay-himc-ha-ke-tan,problem:sai-thieu-mon,HAS_PROBLEM,14976,38b56ac64679d1ce,tu_38b56ac64679d1ce,negative,0.95,sai/thiếu món
2dd7afdb6528626d3191309a13ca92ae24b8acb697c296c39570a9a5f0a33476,dish:rong-bien,problem:thieu-rong-bien,HAS_NEGATIVE_SIGNAL,14976,38b56ac64679d1ce,tu_38b56ac64679d1ce,negative,0.92,giao thiếu rong biển
2ee9db0159a5c5737f788fb0611c8463178551286908e11748458e4a1580f203,problem:com-suon-cay-himc-ha-ke-tan,problem:thieu-rong-bien,HAS_PROBLEM,14976,38b56ac64679d1ce,tu_38b56ac64679d1ce,negative,0.9,giao thiếu rong biển
20efbfbad3f1e63688fc2eff63ca0a6548acd699e07a3b80ea26d360e9651639,dish:thach,food_descriptor:dai,DESCRIBES_FOOD,14976,3cc9d4210bbfcd8f,tu_3cc9d4210bbfcd8f,positive,0.9,thạch dai
8f34d0896d82040fd74bdd792db44b382e46f99cd3674031ee0ac41bf9ecc9dd,dish:com,service_quality:tang-dung,HAS_POSITIVE_SIGNAL,14976,3cc9d4210bbfcd8f,tu_3cc9d4210bbfcd8f,positive,0.56,tặng đúng cơm thì 10đ
82f69f51d787485d9892e55dee47e5b639f90adb9f3a6f3f0fb57c6c54436fd5,dish:banh-cuon,food_descriptor:nhan-nhieu,DESCRIBES_FOOD,118507,0518770f0d6dbabf,tu_0518770f0d6dbabf,positive,0.95,bánh cuốn nhân nhiều
ff1dbf344ec0e7f724de1076eed1c41e8ce1d62e2d8cc24d62120db7b59a8af1,dish:banh-cuon,food_descriptor:ngon,DESCRIBES_FOOD,118507,0518770f0d6dbabf,tu_0518770f0d6dbabf,positive,0.97,ngon xỉu
1c562edc3012c22018fa40c26b35fe38b3dfcb79bfdd6f646d95628f4f901787,dish:banh-cuon,delivery_packaging:dong-goi-tot,HAS_POSITIVE_SIGNAL,118507,0518770f0d6dbabf,tu_0518770f0d6dbabf,positive,0.78,đóng gói tốt
9938a3af6e5522745bd147c4fa26e02b8c6ee3b0fe99678988322d50d452f681,dish:nuoc-mam,delivery_packaging:dong-goi-tot,HAS_POSITIVE_SIGNAL,118507,0518770f0d6dbabf,tu_0518770f0d6dbabf,positive,0.72,để vào ly nhựa nhỏ riêng
653fa0667d690c817090e7173cd8e887515bf6b8efbb8d41a2b21125f68c65b0,dish:banh-cuon,space_quality:sach-se,HAS_POSITIVE_SIGNAL,118507,0518770f0d6dbabf,tu_0518770f0d6dbabf,positive,0.7,sạch sẽ
e54ea6a3d7d6e4731fb9ecbb9af0c0a1a7a3ff975822334b0d146d93842fb893,dish:cha,dish:banh-cuon,MENTIONS,118507,0518770f0d6dbabf,tu_0518770f0d6dbabf,neutral,0.55,"4 miếng chả, 5-6 thanh bánh cuốn"
2f54df67982266aa6ba19c452a3db899d5bfde86a92a3bd92614753fa90dc125,dish:rau-an-kem,dish:banh-cuon,MENTIONS,118507,0518770f0d6dbabf,tu_0518770f0d6dbabf,neutral,0.52,có rau ăn kèm
633122d7631cd623ab23b8bc0c61eb17c56a3138d721d3b0d519a4d0f663b366,dish:banh-cuon,food_descriptor:ngon,DESCRIBES_FOOD,118507,49383b0941231112,tu_49383b0941231112,positive,0.88,rất ngon
5ceb7c63a67c5bb2f0b325364c197b3a311d03fa25875e5b31e92444a8a9dc9e,dish:banh-cuon,food_descriptor:nong,DESCRIBES_FOOD,118507,49383b0941231112,tu_49383b0941231112,positive,0.92,bánh nóng
4bfbd34d8c753a3b6cdee6515836ba468daa888d7385f613eadd7c23f0a309c3,dish:nuoc-cham,food_descriptor:vua-vi,DESCRIBES_FOOD,118507,49383b0941231112,tu_49383b0941231112,positive,0.95,nước chấm vừa vị
d0f778ecc25e4128901b10c1f79e3aa98098c3b229e7b35b9ab86eeff07b8c11,price_value:dang-dong-tien,dish:banh-cuon,HAS_POSITIVE_SIGNAL,118507,49383b0941231112,tu_49383b0941231112,positive,0.78,đáng đồng tiền
f081e47c60c3ecec4ed420608b5875f8de2cf4ba995356b795b9ca30875cc730,food_descriptor:ngon-xiu,dish:banh-cuon,DESCRIBES_FOOD,118507,0690b4f513a1009b,tu_0690b4f513a1009b,positive,0.75,ngon xỉu
427a29b55af59a934a80a8d166b8b3e6c7936070703bd61d808acff91cf1a316,food_descriptor:ngon-xiu,dish:bun-tron,DESCRIBES_FOOD,118507,0690b4f513a1009b,tu_0690b4f513a1009b,positive,0.75,ngon xỉu
cdbb2ce12345276651334d16ee3f600e2fd5c093b9367bc1d5652493886d4d49,dish:banh-cuon,food_descriptor:ngon-xiu,HAS_POSITIVE_SIGNAL,118507,0690b4f513a1009b,tu_0690b4f513a1009b,positive,0.74,ngon xỉu
58a33f3d279e5e068c47be5d48890aa6ad62e1816c824f951345a4abce1bcbc3,dish:bun-tron,food_descriptor:ngon-xiu,HAS_POSITIVE_SIGNAL,118507,0690b4f513a1009b,tu_0690b4f513a1009b,positive,0.74,ngon xỉu
28cc2711d33d67fd6783e48ba9e9176f6e74393ad88cc8d25eed907915dd5418,price_value:gia,problem:dat,HAS_PROBLEM,118507,00062a63fdf0af06,tu_00062a63fdf0af06,negative,0.93,giá hơi đắt
76a0a4b211a9fd196cc62bcca8c652cebef58264e067bf66dbdceadee90f9c22,dish:com,food_descriptor:ngon-xiu,HAS_POSITIVE_SIGNAL,128321,578412fd0c97a27b,tu_578412fd0c97a27b,positive,0.56,ngon xỉu
be21db8fc67dffb5e0c54a7c2cf83b8d594fb5fb5f29bb1ed809587f6a40bdbb,dish:pho-xao,food_descriptor:ngon-xiu,HAS_POSITIVE_SIGNAL,128321,578412fd0c97a27b,tu_578412fd0c97a27b,positive,0.56,ngon xỉu
b22524d83db11f7880480f46d02951096e885a3da606dd7cde810afa03424877,dish:mien-xao,food_descriptor:ngon-xiu,HAS_POSITIVE_SIGNAL,128321,578412fd0c97a27b,tu_578412fd0c97a27b,positive,0.56,ngon xỉu
a471a1f3ab9c78bd67546220952d95e92b1631c18411b62a57dd911b274d1f59,service_quality:khong-goi-xac-nhan-doi-mon,problem:tu-y-doi-mon,HAS_PROBLEM,116156,69f1e84d1d3282f6,tu_69f1e84d1d3282f6,negative,0.95,phải gọi xác nhận đổi món chứ k dc tự ý
f853b2d094058ed46e3b7e79d8dc3ab2e3cdb55e9db2e85ace738d999733d6ff,service_quality:khong-goi-xac-nhan-doi-mon,problem:sai-thieu-mon,HAS_PROBLEM,116156,69f1e84d1d3282f6,tu_69f1e84d1d3282f6,negative,0.9,sai/thiếu món
c525709271f7863d58eda6e7d86f9f1dc085d852c24aeb7645f9e77570766c00,dish:pho-vit-quay,food_descriptor:ngon-xiu,HAS_POSITIVE_SIGNAL,116156,fb41ef915d04e62b,tu_fb41ef915d04e62b,positive,0.62,ngon xỉu
5253188fc82af773c98f0b0b3ab93f97ace47327c0aeb2f05ad412d6621323b2,dish:banh-cuon-cao-bang,food_descriptor:ngon-xiu,HAS_POSITIVE_SIGNAL,116156,fb41ef915d04e62b,tu_fb41ef915d04e62b,positive,0.62,ngon xỉu
2aecbc14d27013834309e2dcfde4817eda4d71bfb9902a87c4d6360e3eda836a,dish:pho-vit-quay,food_descriptor:ngon-xiu,DESCRIBES_FOOD,116156,fb41ef915d04e62b,tu_fb41ef915d04e62b,positive,0.58,ngon xỉu
fb1b3213e938aa001322cd9a8b1ca41c432df2343897019ee81e164318628c50,dish:banh-cuon-cao-bang,food_descriptor:ngon-xiu,DESCRIBES_FOOD,116156,fb41ef915d04e62b,tu_fb41ef915d04e62b,positive,0.58,ngon xỉu
7e57b12f28ff8bc7da7ed29ead27336d16b2bbb7208b26a3103fe696238bd1e4,dish:pho-vit-quay,food_descriptor:ngon-xiu,DESCRIBES_FOOD,116156,a097830609bf55e2,tu_a097830609bf55e2,positive,0.55,ngon xỉu
471961997b9bda6532094460371c53b3046e83d4595e1b05adbab5f829ff13bd,dish:banh-cuon-cao-bang,food_descriptor:ngon-xiu,DESCRIBES_FOOD,116156,a097830609bf55e2,tu_a097830609bf55e2,positive,0.55,ngon xỉu
248574fd7f79f53c9a35d558e6537b08d3401d71360144c7c86a0613dfdc80e2,dish:nuoc-duong,problem:it-nuoc-duong,HAS_PROBLEM,116156,28b7f72bf6ffea00,tu_28b7f72bf6ffea00,negative,0.88,ít nc đường quá
8814f1272986db8a3db8a195b3a8330a2256d8964fd61e7f239171eb81ac3be8,dish:banh-trung-vang-long-dao,problem:khong-giong-anh,HAS_PROBLEM,116156,28b7f72bf6ffea00,tu_28b7f72bf6ffea00,negative,0.93,k giống ảnh
141d7ccb6b13c08c14df300397c4ae929ecccadd47275bafa7b2bb75a7ed0d59,price_value:20k,problem:it-nuoc-duong,HAS_NEGATIVE_SIGNAL,116156,28b7f72bf6ffea00,tu_28b7f72bf6ffea00,negative,0.61,20k mà ít nc đường quá
0169a62b45e712e54cc380218d959c0a184cd561103f629893e9ce197c592b8c,occasion:takeaway,delivery_packaging:can-than,HAS_POSITIVE_SIGNAL,116156,123bc47d81b24eb4,tu_123bc47d81b24eb4,positive,0.79,đặt ... cẩn thận
e00e86091235c86e5a0259bc0070f3859ba5e1b91b7a2a3468d5c6ed65d44f1a,occasion:takeaway,food_descriptor:ngon,MENTIONS,116156,123bc47d81b24eb4,tu_123bc47d81b24eb4,positive,0.63,đặt ... ngon
ee77ef8c7143866b422593727f546a05f009918887446c5c620b2b1886ef002c,occasion:takeaway,space_quality:sach-se,MENTIONS,116156,123bc47d81b24eb4,tu_123bc47d81b24eb4,positive,0.61,đặt ... sạch sẽ
306b16293334d67eb48991bdf4a1ea4ac1654d3d5acb8e17b1c1b225174e76af,dish:mon,problem:hinh-anh-ko-nhu-mon,HAS_PROBLEM,116156,4edb2c06a6cdbdf4,tu_4edb2c06a6cdbdf4,negative,0.9,hình ảnh ko như món
5f67f2489dd77a3a0d73f0ed65cc3b07d6262aa073be7be2b4645f178d379e31,dish:mon,problem:qua-te,HAS_NEGATIVE_SIGNAL,116156,4edb2c06a6cdbdf4,tu_4edb2c06a6cdbdf4,negative,0.84,quá tệ
a10c95379738a3ebb8041d820771ccebff6ea52afa5665f975edd08a457d70a5,price_value:50k-mot-xuat,food_descriptor:it,HAS_NEGATIVE_SIGNAL,41570,5f337291ce14521e,tu_5f337291ce14521e,negative,0.92,50k một xuất mà ít
99be141f589580d16e3314ccc3da1331c053b9c92629edecd5b3b98dbadd0291,price_value:50k-mot-xuat,problem:sai-thieu-mon,HAS_PROBLEM,41570,5f337291ce14521e,tu_5f337291ce14521e,negative,0.7,sai/thiếu món
3228d984f606275180e49e235eea60f4556968a954f1adda0909f75196149c00,dish:banh-cuon-nong,food_descriptor:ngon,DESCRIBES_FOOD,41570,fae9911eb6b9b3eb,tu_fae9911eb6b9b3eb,positive,0.9,ngon xỉu
202fc8c90059356f61f90836eff04b0ab02c23432c265fbe6ee86f270ae28e96,dish:banh-cuon-nong,food_descriptor:ngon,DESCRIBES_FOOD,41570,c7e128865323f362,tu_c7e128865323f362,positive,0.84,khá ngon
541012ac29d8b2ec58ec4fcb9a739d4a0be80c56a00bc3ddc7501b5fb6cfd56d,dish:do-an,problem:leo-teo,HAS_PROBLEM,41570,b46e5a8805ceede1,tu_b46e5a8805ceede1,negative,0.88,đồ ăn lèo tèo
8f8ba39de4e2f3a173350beee80413e1a8f8ce80107ad67b854ed728b6f2f7d9,dish:do-an,price_value:khong-dang-tien,HAS_NEGATIVE_SIGNAL,41570,b46e5a8805ceede1,tu_b46e5a8805ceede1,negative,0.95,đ đáng tiền bỏ ra
c21ca2611ea27595b21a966eec5fd1f74e3fd7b25acc0bc9573b6c20b785d345,price_value:50k-1-xuat,price_value:khong-dang-tien,HAS_NEGATIVE_SIGNAL,41570,b46e5a8805ceede1,tu_b46e5a8805ceede1,negative,0.8,50k 1 xuất ... đ đáng tiền
be23e66d724f236748ff93b03d3eb8d42f11ae398ff48ecd03530fcbc23c1522,dish:pho-bo-com-rang,food_descriptor:ngon-xiu,HAS_POSITIVE_SIGNAL,20226,4139c6353d2233cd,tu_4139c6353d2233cd,positive,0.84,ngon xỉu
5e1fceee0dac49e9691da1335749b484a2321fe41de2744f26299782e6603563,dish:com-rang-dua-bo,problem:vai-lat-dua,HAS_PROBLEM,20226,ab4fd7bac4f304d9,tu_ab4fd7bac4f304d9,negative,0.95,đc vài lát dưa
264fc93ec88097168e920cbb573eba6e4f334b1633c4deca60c28d2923e15bd3,dish:com-rang-dua-bo,problem:vai-mieng-thit-bo,HAS_PROBLEM,20226,ab4fd7bac4f304d9,tu_ab4fd7bac4f304d9,negative,0.95,vài miếng thịt bò
e6c001cf341753825642bed9c605ffeeec07a63945793bd8078c934db33c77c2,dish:com-rang-dua-bo,problem:qua-te,HAS_NEGATIVE_SIGNAL,20226,ab4fd7bac4f304d9,tu_ab4fd7bac4f304d9,negative,0.91,quá tệ
203f0259aa5518604b9cb0111579b5c327c059e3d3da3b4288cdb16680dffc0a,dish:pho-xao,problem:qua-te,MENTIONS,20226,ab4fd7bac4f304d9,tu_ab4fd7bac4f304d9,neutral,0.28,k biết có như vậy k
462243a5b6e4939e062d2a976a32634051a2b94c429862ae357e952ee0cdb053,dish:pho-bo,food_descriptor:thit-vun,HAS_NEGATIVE_SIGNAL,20226,c670adc635105e01,tu_c670adc635105e01,negative,0.78,thịt vụn
354699f18dc71f0ea2a497087c40a42a7b0d68f4e619481239d9155fbdaa5568,dish:pho-bo,problem:it-nuoc-dung,HAS_PROBLEM,20226,c670adc635105e01,tu_c670adc635105e01,negative,0.76,ít nước dùng
08d7d7258b53bfe4303e942cab8ce21fcdb9e54d6bf51ad8c6b18e9d4d6140b3,food_descriptor:thit-vun,problem:mat-khau-vi,HAS_NEGATIVE_SIGNAL,20226,c670adc635105e01,tu_c670adc635105e01,negative,0.72,"thịt vụn, ... mất khẩu vị"
195224b7221f35e892b347596a05d6cbf17983c42d98bfa5ff5f67733a700039,problem:it-nuoc-dung,problem:mat-khau-vi,HAS_NEGATIVE_SIGNAL,20226,c670adc635105e01,tu_c670adc635105e01,negative,0.74,ít nước dùng nhìn mất khẩu vị
599188925e8adcc76f7b8f201e6e36c4063ffe772ffd2b134a01fdc3107af21b,dish:pho-bo-com-rang,food_descriptor:ngon-xiu,DESCRIBES_FOOD,21224,803240130b3f53fc,tu_803240130b3f53fc,positive,0.88,ngon xỉu
88d499cd8a6e00f6247bf54257301c5f42d7e8360618b26210c8a69d02e2a262,dish:pho-bo-com-rang,price_value:dang-dong-tien,HAS_POSITIVE_SIGNAL,21224,803240130b3f53fc,tu_803240130b3f53fc,positive,0.81,đáng đồng tiền
3be56fd4c8520af30c3afc8c634e730c33c8dd509460c22827881767185fcd34,delivery_packaging:dong-goi,problem:chua-tot,HAS_PROBLEM,21224,72edfcf1086c8f8f,tu_72edfcf1086c8f8f,negative,0.97,đóng gói chưa tốt
01797466e4bb572c59b6d2cc79e9b00164c9a87f8172dee2d6cc2807e3eb2996,dish:do-an,problem:ko-hop-vs-toi,HAS_NEGATIVE_SIGNAL,21224,885efe17b42fb6b4,tu_885efe17b42fb6b4,negative,0.85,đồ ăn ko hợp vs tôi
ad6ad6e500333bdb63ea9da6ce3b2189906999f8f89cfbc81bade35818d78340,dish:dui-ga,food_descriptor:song,DESCRIBES_FOOD,7240,dcb3005ac6b82138,tu_dcb3005ac6b82138,negative,0.96,đùi gà còn sống luôn
44c7093590289d15806323397920005bbaa9d64efd5e70364485b9eee996c40b,dish:dui-ga,food_descriptor:tanh,DESCRIBES_FOOD,7240,dcb3005ac6b82138,tu_dcb3005ac6b82138,negative,0.95,ăn tanh
83235fd19b8ad52fc6dcb4af567bf9453f6d7b148e55b66e8c2ba6e7eb76685f,dish:dui-ga,food_descriptor:dai,DESCRIBES_FOOD,7240,dcb3005ac6b82138,tu_dcb3005ac6b82138,negative,0.94,dai lắm
c283a215d229eeb8641b2f5c5562b012775f13d954375710a6f36bea70e9ba35,dish:dui-ga,problem:khong-dam-bao-ve-sinh,HAS_PROBLEM,7240,dcb3005ac6b82138,tu_dcb3005ac6b82138,negative,0.84,không đảm bảo vệ sinh
c14ba9c9d059c2cd6d764d07dafdfca98cb544b911129cb221bff5c263bc2313,dish:com-ga,food_descriptor:ngon,HAS_POSITIVE_SIGNAL,7240,fade3a499de6bcea,tu_fade3a499de6bcea,positive,0.61,ngon xỉu
e04d4b22e5bde2c562890553d5ff0a49510066452ec6ef4724c7749a0f3ddc24,dish:mi-cay,food_descriptor:ngon,HAS_POSITIVE_SIGNAL,7240,fade3a499de6bcea,tu_fade3a499de6bcea,positive,0.61,ngon xỉu
15464e40e88a4b15eaf17f7f1c6eb6f28f8fd6db20f797662436eca13a3d40e0,dish:mi-tron,food_descriptor:ngon,HAS_POSITIVE_SIGNAL,7240,fade3a499de6bcea,tu_fade3a499de6bcea,positive,0.61,ngon xỉu
833e7deca521af28d94c7139cda31bf9bfe2b5909593b59dd1d54334dd24d8cc,dish:com-ga,food_descriptor:ngon,DESCRIBES_FOOD,7240,f27682e94a3a259e,tu_f27682e94a3a259e,positive,0.74,ngon xỉu
9d8903124bb76c7b11cbebfbf90d01c992241f24cf943ef0e00b4917a2f6e8f1,dish:mi-cay,food_descriptor:ngon,DESCRIBES_FOOD,7240,f27682e94a3a259e,tu_f27682e94a3a259e,positive,0.74,ngon xỉu
f8e4fc299addf18a06fd3e94518145f38ea72ba2b9cc8081b977e725019212ba,dish:mi-tron,food_descriptor:ngon,DESCRIBES_FOOD,7240,f27682e94a3a259e,tu_f27682e94a3a259e,positive,0.74,ngon xỉu
538d8a1650d91c4f125606257d4f7725b43bfe4ff24a67b8359d3c68b07a26ba,delivery_packaging:dong-goi,price_value:dang-dong-tien,HAS_POSITIVE_SIGNAL,7240,f27682e94a3a259e,tu_f27682e94a3a259e,positive,0.52,"đóng gói tốt, đáng đồng tiền"
6e547ea1b070921000d2d8d397036befb45dcdffbd402531115b47078620b1f5,space_quality:sach-se,price_value:dang-dong-tien,HAS_POSITIVE_SIGNAL,7240,f27682e94a3a259e,tu_f27682e94a3a259e,positive,0.42,sạch sẽ
db1a8308486b70507c839fe5317ada015c93683e76e58b65c200bd7eb9f29e32,dish:com-ga,food_descriptor:ngon-xiu,DESCRIBES_FOOD,7240,0df4d3250026da58,tu_0df4d3250026da58,positive,0.69,cơm gà ... ngon xỉu
a0fee926cb9d357443db6c16e26fe7b08b26a81df8213d5950af442d69408061,dish:mi-cay,food_descriptor:ngon-xiu,DESCRIBES_FOOD,7240,0df4d3250026da58,tu_0df4d3250026da58,positive,0.69,mì cay ... ngon xỉu
3f884db405a2b39947152bb7fe277e194d839b2903090bca0e2b5fad40aa692a,dish:mi-tron,food_descriptor:ngon-xiu,DESCRIBES_FOOD,7240,0df4d3250026da58,tu_0df4d3250026da58,positive,0.69,mì trộn ... ngon xỉu
4d06083257f50f1bfbb9f17f41712e4f12db052d0a53b170f9579f9e55218519,price_value:gia,problem:dat,HAS_PROBLEM,7240,9899451e4d6327e2,tu_9899451e4d6327e2,negative,0.94,giá hơi đắt
5ed93cb97c37b3c9320e7d6c52da9b325d1da440e27856f910df879c5dc30010,dish:com-ga,problem:nhieu-chay,HAS_PROBLEM,7240,cd1a06d0425f588d,tu_cd1a06d0425f588d,negative,0.66,cho nhiều cháy quá
7ffc352c2fb5fce9504ba3e5cdc81f1b7fa7e5db3a2455bfd638cba7b354ead1,dish:mi-cay,problem:nhieu-chay,HAS_PROBLEM,7240,cd1a06d0425f588d,tu_cd1a06d0425f588d,negative,0.34,cho nhiều cháy quá
49d40660977f5147a9cfe2579e5ebf79e26c7ac576f29363c6365493dfd278e9,dish:mi-tron,problem:nhieu-chay,HAS_PROBLEM,7240,cd1a06d0425f588d,tu_cd1a06d0425f588d,negative,0.34,cho nhiều cháy quá
057fa96fad28099741c493c33a7a9e49047196f9f6bc960418a016990bd0b2d5,dish:mi-tom-thuong,food_descriptor:khong-ngon,DESCRIBES_FOOD,7240,2a45f3e816bc0b7f,tu_2a45f3e816bc0b7f,negative,0.9,không ngon
c2a724363b0b1302bb17b6183ea9cfcf0cab660bca760f756f00ee1350b03ccc,dish:mi-tom-thuong,food_descriptor:thuong,DESCRIBES_FOOD,7240,2a45f3e816bc0b7f,tu_2a45f3e816bc0b7f,negative,0.72,mì tôm thường
fb3b5212a90028e01055d1de04f4761fa809104566c7f1d2b9be64451a43030d,dish:mi-cay,price_value:65k,HAS_NEGATIVE_SIGNAL,7240,70c36e1765f93ba0,tu_70c36e1765f93ba0,negative,0.83,mì cay 65k mà lèo tèo
ee6f3c743d3d6c8a79c923aacc8f7062ebb18a7d22cb1761b9210ac949efec70,dish:mi-cay,problem:leo-teo-vai-mieng,HAS_PROBLEM,7240,70c36e1765f93ba0,tu_70c36e1765f93ba0,negative,0.94,lèo tèo vài miếng
73d18c03183c3e09c22685bcf5b600a329409713ca7030591d63778905b51a0b,dish:mi-cay,problem:toan-vien-tha-lau,HAS_PROBLEM,7240,70c36e1765f93ba0,tu_70c36e1765f93ba0,negative,0.87,toàn viên thả lẩu
c4f1ee3fd3f97cb8eceb10602ef2a6b9e019c57a4800cbf996c172546ccf9d03,dish:tok,food_descriptor:man,DESCRIBES_FOOD,7240,70c36e1765f93ba0,tu_70c36e1765f93ba0,negative,0.95,tok mặn
2c727b041893ba6f52d27df6e46c98df4e412bef4d772aa0eb2f302e35d0c895,dish:banh-cuon,food_descriptor:day-dan,DESCRIBES_FOOD,20472,22ad1ca3b4b083d7,tu_22ad1ca3b4b083d7,positive,0.44,1 suất đầy đặn
939cb92cbb0d3929664247617a712bf641f54a9c374123b3dfdb51a5925169f0,dish:bun-cha,food_descriptor:day-dan,DESCRIBES_FOOD,20472,22ad1ca3b4b083d7,tu_22ad1ca3b4b083d7,positive,0.44,1 suất đầy đặn
3e5093b56232b9ad80824644acea4ea6bcf7bf64d1270ab0292c50123fa3e72e,dish:ga-tan,food_descriptor:day-dan,DESCRIBES_FOOD,20472,22ad1ca3b4b083d7,tu_22ad1ca3b4b083d7,positive,0.44,1 suất đầy đặn
bb94f5da4f2239847e7fdc5c2c3f6117ae846bdd79e36d40d4984dbeaa6b351d,delivery_packaging:dong-goi-tot,space_quality:sach-se,HAS_POSITIVE_SIGNAL,20472,22ad1ca3b4b083d7,tu_22ad1ca3b4b083d7,positive,0.63,"đóng gói tốt, sạch sẽ"
5a9185aeef23cde4f240b0aa85447ac2c08c8e124dd2afb049cccba3fbc76856,problem:khong-cho-quat-voi-ot,food_descriptor:hoi-ngot,HAS_NEGATIVE_SIGNAL,20472,22ad1ca3b4b083d7,tu_22ad1ca3b4b083d7,negative,0.89,nên nước chấm ăn bị hơi ngọt
10f52a2f706288acabf0b1e7153f8f83448047a0f9558ad0faa50873f656aebf,problem:khong-cho-quat-voi-ot,food_descriptor:man,HAS_NEGATIVE_SIGNAL,20472,22ad1ca3b4b083d7,tu_22ad1ca3b4b083d7,negative,0.89,và mặn
5c378df70cecf720784dba17fd71362f9200c9a155689cc80ae2ddd52404fbcd,dish:nuoc-cham,food_descriptor:man,DESCRIBES_FOOD,20472,397d9bd437576690,tu_397d9bd437576690,negative,0.94,nước chấm hơi mặn tẹo
88c9ad1709b3fefa901c15482dfd18de49bcc7c21d59a6e074050c6de13d309d,dish:nuoc-cham,food_descriptor:ngon,HAS_POSITIVE_SIGNAL,20472,397d9bd437576690,tu_397d9bd437576690,positive,0.62,ngon xỉu
bdbf9b9b51730bba8eaab5160f6bd7c2f780b37996ed1c980219ed38e7912126,delivery_packaging:dong-goi-tot,delivery_packaging:bat-xop-dung-nuoc-cham,HAS_POSITIVE_SIGNAL,20472,397d9bd437576690,tu_397d9bd437576690,positive,0.81,cho cả mình bát xốp đựng nước chấm
c035fc32f08c8307bb2b9416540617844718aa8676141cf5ce9c0fe435b18f4d,service_quality:chu-dao,delivery_packaging:bat-xop-dung-nuoc-cham,HAS_POSITIVE_SIGNAL,20472,397d9bd437576690,tu_397d9bd437576690,positive,0.86,chu đáo cho cả mình bát xốp đựng nước chấm
39fbd1717e70c7ec36c4b941370c88eaf4fbd8a407bb8003d2159812d84a8921,dish:banh-cuon,food_descriptor:ngon,DESCRIBES_FOOD,20472,e32e548e17bf2087,tu_e32e548e17bf2087,positive,0.73,ngon xỉu
2fc36e387b781d3dc2f999ac875dd55526841cc57a000224a51e83c65760467a,dish:bun-cha,food_descriptor:ngon,DESCRIBES_FOOD,20472,e32e548e17bf2087,tu_e32e548e17bf2087,positive,0.73,ngon xỉu
791838e8dae327187be0b9866a6660a33d2cb2301f622b2d47a1bf5263f63a97,dish:ga-tan,food_descriptor:ngon,DESCRIBES_FOOD,20472,e32e548e17bf2087,tu_e32e548e17bf2087,positive,0.73,ngon xỉu
02d2b0a41b84726c5bc549f72c57a359de30078f07ee83bae5fb8d0c650b4f6a,dish:banh-cuon,food_descriptor:ngon-xiu,DESCRIBES_FOOD,20472,234ae85c38421956,tu_234ae85c38421956,positive,0.56,bánh cuốn ... ngon xỉu
41648a46fb1c00e0d8c52b93f49f9f5ebaeafaede3d9c2c8c2c5f6d09c3d14a9,dish:bun-cha,food_descriptor:ngon-xiu,DESCRIBES_FOOD,20472,234ae85c38421956,tu_234ae85c38421956,positive,0.56,bún chả ... ngon xỉu
26e32f556e56b3de03e169770557410ff554e19da3a843919a0fe4a53b851e8d,dish:ga-tan,food_descriptor:ngon-xiu,DESCRIBES_FOOD,20472,234ae85c38421956,tu_234ae85c38421956,positive,0.56,gà tần ... ngon xỉu
d5808cfdc598183de9f60100f0b6920d229c8bc8273436584bbba631ef787aad,delivery_packaging:dong-goi,price_value:dang-dong-tien,HAS_POSITIVE_SIGNAL,20472,234ae85c38421956,tu_234ae85c38421956,positive,0.5,"đóng gói tốt, đáng đồng tiền"
626b5bda3c6abeaa6ba6966f0c3fadf74a5b8da54cb707d48e8486ec5886088a,dish:banh-cuon-bun-cha-ga-tan,food_descriptor:ngon,DESCRIBES_FOOD,20472,dae7119178429e30,tu_dae7119178429e30,positive,0.78,ngon xỉu
8ef77186b6b2b0b9ff650a699de3c41265659d91cf65f8610814743915a9b4be,service_quality:service-khong-doc-note,problem:khong-lam-dung-ghi-chu,HAS_PROBLEM,20472,85d24aa19395ebaa,tu_85d24aa19395ebaa,negative,0.93,không đọc note... không làm đúng ghi chú
ed820ec286d2be9cda54959e7ef1d5951b349eb282e7a128681584def242c8aa,dish:trung-chay,food_descriptor:trung-chin,DESCRIBES_FOOD,20472,85d24aa19395ebaa,tu_85d24aa19395ebaa,negative,0.82,trứng chảy mà làm trứng chín
29a4ad23f37ca0a14d29ea9ed81f1a196c941dd52eb570967540f3f81df31557,dish:trung-chay,problem:khong-lam-dung-ghi-chu,HAS_NEGATIVE_SIGNAL,20472,85d24aa19395ebaa,tu_85d24aa19395ebaa,negative,0.86,note trứng chảy mà làm trứng chín
01ca7b8aa912d0af05a2d54d0b0ded41d0da388bfd17b4c1cd597e398f3849e8,dish:quat,problem:thieu-mon-thieu-kem,HAS_NEGATIVE_SIGNAL,20472,85d24aa19395ebaa,tu_85d24aa19395ebaa,negative,0.79,thiếu quất
ec47148f02ce0d43965c51fe8de2c2283e94bddf5eba4694d1dabcd51751b5b1,service_quality:service-khong-doc-note,dish:trung-chay,MENTIONS,20472,85d24aa19395ebaa,tu_85d24aa19395ebaa,negative,0.7,không đọc note... note trứng chảy
616ed0c6a253abe41034d94b75e6ee1cb63dfed78941df7b734252b3e2e38f2c,dish:banh-cuon,food_descriptor:ngay,DESCRIBES_FOOD,20472,068e2e65c4ae67f3,tu_068e2e65c4ae67f3,negative,0.35,hơi ngấy
17b0d07b63b94ffa8de79fe70b2f32fedca896d81d830948fd338caddf330111,dish:bun-cha,food_descriptor:ngay,DESCRIBES_FOOD,20472,068e2e65c4ae67f3,tu_068e2e65c4ae67f3,negative,0.35,hơi ngấy
8947221c903f8c9bdf36c131725db6ac0335bfdccef144f19017d7d3ec25cf30,dish:ga-tan,food_descriptor:ngay,DESCRIBES_FOOD,20472,068e2e65c4ae67f3,tu_068e2e65c4ae67f3,negative,0.35,hơi ngấy
784abe595f32a48eda68086675b44358ea464e32921c9fc955303e5c5b3a65fa,dish:nuoc-cham,food_descriptor:chua,DESCRIBES_FOOD,20472,91a32c56f5568835,tu_91a32c56f5568835,neutral,0.93,nước chấm chua
aecfdeee1bfefc9ccc46eba92f580e9dd160990aed99318a0732a59a89d3a4cc,dish:pho-bo,food_descriptor:ngon-xiu,DESCRIBES_FOOD,21413,3f47a3ad0d1d27ab,tu_3f47a3ad0d1d27ab,positive,0.62,ngon xỉu
6c47957e85a64e94f8a9073efa29e54a5b5f30fe3aee57187afbc6086e9636b0,dish:com-rang,food_descriptor:ngon-xiu,DESCRIBES_FOOD,21413,3f47a3ad0d1d27ab,tu_3f47a3ad0d1d27ab,positive,0.62,ngon xỉu
6b50b7859deb0c86a682f63d247556b81401aec3253538c3487d6c5c16f7e71e,dish:pho-bo,food_descriptor:ngon,DESCRIBES_FOOD,21413,0199f89f7896a446,tu_0199f89f7896a446,positive,0.57,phở bò ... ngon xỉu
2bf7929c1509e362f6a171e916c06f2ad2e325e2545916542fb277b6c172cd1c,dish:com-rang,food_descriptor:ngon,DESCRIBES_FOOD,21413,0199f89f7896a446,tu_0199f89f7896a446,positive,0.55,cơm rang ... ngon xỉu
90f0f2152c908b80318b7bc0f8184f3b8c60010e736521d72b63dd16ff48cfc6,dish:pho-bo,dish:com-rang,MENTIONS,21413,0199f89f7896a446,tu_0199f89f7896a446,neutral,0.64,phở bò & cơm rang
02be2a845852de1a4750283b3e5137095806a46794273de247278d5614ed9235,delivery_packaging:dong-goi,food_descriptor:ngon-xiu,MENTIONS,21413,1eab72c2728e7f82,tu_1eab72c2728e7f82,neutral,0.22,"đóng gói tốt, ngon xỉu"
d6b6082625e47566dbd155a30cc4e605c864d539c2978027db0ca2d8e54a29e4,delivery_packaging:dong-goi,problem:tui-nilon,HAS_PROBLEM,21413,5111a7b13a8b7101,tu_5111a7b13a8b7101,negative,0.9,đóng gói bằng túi nilon
a36e5f841bc714da8e98bcab5eb4df1b0941c87b0b0c01bfd4a5bac3f07a6066,delivery_packaging:dong-goi,problem:tui-nilon,HAS_NEGATIVE_SIGNAL,21413,5111a7b13a8b7101,tu_5111a7b13a8b7101,negative,0.93,nhìn ko đảm bảo lắm
bc8be7d43a1d323d1d3e629ecbaba67938e50f20a19c1ffeef5b2b03a5e8db89,dish:com,food_descriptor:kho,DESCRIBES_FOOD,21413,c1698194bf6166a6,tu_c1698194bf6166a6,negative,0.97,cơm khô
def6996c3474e453e8de93f37db244d93bce555e4e42191dc9fd1dd471c0d1a5,dish:com,food_descriptor:chay-canh,DESCRIBES_FOOD,21413,c1698194bf6166a6,tu_c1698194bf6166a6,negative,0.93,rang cháy cạnh
d4a5b40bfd209346e21a370d5292ea6e049135238e8739181d12677f1ea14aaf,dish:com,food_descriptor:toan-mo,DESCRIBES_FOOD,21413,c1698194bf6166a6,tu_c1698194bf6166a6,negative,0.88,toàn mỡ
1b6e9d996dd65bce0b73b6c82a2753029e0f184de126aa630ebb1978b9ff385b,dish:ga,food_descriptor:do,DESCRIBES_FOOD,21413,c1698194bf6166a6,tu_c1698194bf6166a6,negative,0.9,gà thì đỏ
34685a3d80fd81530cf9ca5862e2fa9cd27810df8575ee27c8d163515a2ecb5c,dish:com,problem:khong-an-duoc,HAS_PROBLEM,21413,c1698194bf6166a6,tu_c1698194bf6166a6,negative,0.96,cơm khô không ăn được
005172c1585450f3139896c5d44c855ef5a97e11891c5160adc78045bc94a91f,dish:com,problem:vut-nguyen-3-suat-com,HAS_PROBLEM,21413,c1698194bf6166a6,tu_c1698194bf6166a6,negative,0.85,vứt nguyên 3 suất cơm
729a8212549a473a41ab555013f23ac1a1e560813c8db2dce7483093d8af0f18,delivery_packaging:dong-goi,space_quality:sach-se,HAS_POSITIVE_SIGNAL,86219,6392c083f9c8470f,tu_6392c083f9c8470f,positive,0.58,"đóng gói tốt, sạch sẽ"
fc61b89d4a3c45de78f8c076061a93010da6b4bf23781d97dcd3807e4d99dffa,service_quality:service,problem:khong-lam-dung-ghi-chu,HAS_PROBLEM,86219,d5cc3d52d27224fb,tu_d5cc3d52d27224fb,negative,0.92,không làm đúng ghi chú
d34f5c2441e29c449790d2f69a4217e718ca5c905fd795fbc76ad71f544ffb52,service_quality:service,problem:khong-lam-dung-ghi-chu,HAS_NEGATIVE_SIGNAL,86219,d5cc3d52d27224fb,tu_d5cc3d52d27224fb,negative,0.8,không làm đúng ghi chú
929205bcd6c592ffcf427abddc6c1d786607b0979d1e661e7b60994261fe488d,delivery_packaging:dong-goi,problem:chua-tot,HAS_PROBLEM,86219,30070b4c02bb927a,tu_30070b4c02bb927a,negative,0.93,đóng gói chưa tốt
9a3cfcc4180eb7ddd8a077ffbfd8ec89d263be9c9613c8dcfa73d723e704ca40,delivery_packaging:dong-goi,problem:sai-thieu-mon,HAS_PROBLEM,86219,7f14515452c126d3,tu_7f14515452c126d3,negative,0.89,packaging=-1.00; sai/thiếu món
930486996bcd6f0584e1039c1503eb76d25b0ddf3ba7ef19f4ed82410613d545,dish:banh-cuon,problem:sai-thieu-mon,HAS_PROBLEM,36034,0c96fee6026f690f,tu_0c96fee6026f690f,negative,0.95,đặt bánh cuốn mà ship về bún chả
70bf91c8346477d52943eeb369cef4e61781669ac5ca1bc7bda3fc7b64c36859,dish:bun-cha,problem:sai-thieu-mon,HAS_PROBLEM,36034,0c96fee6026f690f,tu_0c96fee6026f690f,negative,0.9,"ship về bún chả là s ạ, sai/thiếu món"
3c4a2d2367426324beec3a29dc694d05506112865cd14fe100da628913e45ea7,dish:banh-cuon,dish:bun-cha,MENTIONS,36034,0c96fee6026f690f,tu_0c96fee6026f690f,negative,0.82,đặt bánh cuốn mà ship về bún chả
629fd579a681241ea6f5a62c71ec40babf07a21138e31cfeebfb2b5992dd53ad,dish:banh-cuon-phu-ly,price_value:dang-dong-tien,HAS_POSITIVE_SIGNAL,36034,1f361a3a2dd868dd,tu_1f361a3a2dd868dd,positive,0.8,đáng đồng tiền
1b02d0f1b6885f75e3106308dfa01b346e92fff7612596657cd18e1f189dd49f,dish:banh-cuon-phu-ly,food_descriptor:ngon-xiu,DESCRIBES_FOOD,36034,ddd7e15630f912fc,tu_ddd7e15630f912fc,positive,0.93,ngon xỉu
0aa44219e0a7c3327cc4bb5d5878c527c2be2b8c66c1188570f8a39a0b8e531a,dish:banh-cuon-phu-ly,price_value:dang-dong-tien,HAS_POSITIVE_SIGNAL,36034,ddd7e15630f912fc,tu_ddd7e15630f912fc,positive,0.79,đáng đồng tiền
4102771ba7ecf8d25f75940cc550752e560ee1927a802bfe31a2ddca53356c42,dish:banh-cuon-phu-ly,delivery_packaging:dong-goi-tot,HAS_POSITIVE_SIGNAL,36034,ddd7e15630f912fc,tu_ddd7e15630f912fc,positive,0.74,đóng gói tốt
06ec56ecf022eb8b0063b34066b6226f6808026e6e1d6ff40ab3ed3dd659a16b,dish:banh-cuon-phu-ly,space_quality:sach-se,HAS_POSITIVE_SIGNAL,36034,ddd7e15630f912fc,tu_ddd7e15630f912fc,positive,0.68,sạch sẽ
16c7952e0d728858ef2011e96bfdf322e81aecf54c2fe21366eedb97e364d721,dish:banh-cuon-phu-ly,food_descriptor:ngon,DESCRIBES_FOOD,36034,71f32c5dfa1f85ad,tu_71f32c5dfa1f85ad,positive,0.74,ngon xỉu
6ea52406a634b3d8296b24bd3299d48f720ffda4c3adee235a4541ca53bb92f9,dish:banh-cuon-phu-ly,delivery_packaging:dong-goi-tot,HAS_POSITIVE_SIGNAL,36034,71f32c5dfa1f85ad,tu_71f32c5dfa1f85ad,positive,0.7,đóng gói tốt
bad9f81bcc68a18a31b2f677bfa036eb82f9fdb8cec00821b2e0a6ec00671998,dish:banh-cuon-phu-ly,price_value:dang-dong-tien,HAS_POSITIVE_SIGNAL,36034,71f32c5dfa1f85ad,tu_71f32c5dfa1f85ad,positive,0.72,đáng đồng tiền
f3c2a9b2868ca04d10bbe17dcc159fb3f8682c1e193794f71a197a659a60ad42,dish:banh-cuon-phu-ly,space_quality:sach-se,HAS_POSITIVE_SIGNAL,36034,71f32c5dfa1f85ad,tu_71f32c5dfa1f85ad,positive,0.66,sạch sẽ
51676db395666af92e069dab0ab5965d2ab1bcb8e9df4fc9d65b17257a868085,dish:banh-cuon-phu-ly,food_descriptor:ngon,HAS_POSITIVE_SIGNAL,36034,2f5c4aa7bd5d1aa6,tu_2f5c4aa7bd5d1aa6,positive,0.9,ngon quấ
854eb45ccf4324902654583fcd7e2b8490476932144a2f154da3a25c43813c51,dish:nuoc-dung,problem:it-nuoc-dung,HAS_PROBLEM,36034,2f5c4aa7bd5d1aa6,tu_2f5c4aa7bd5d1aa6,negative,0.9,thêm ít nước dùng nữa
8872a17bc3224f5e310bdeb48db946ed053a20252642ffa23b6f0912e54fc47a,dish:cha-nuong,food_descriptor:chay,DESCRIBES_FOOD,36034,dfc1dc5533351556,tu_dfc1dc5533351556,negative,0.97,chả nướng cháy
1ad6aa4765c8d465783f805d98806c42169e0092ad9d841b2cb76b83db073483,dish:cha-nuong,food_descriptor:chay,HAS_NEGATIVE_SIGNAL,36034,dfc1dc5533351556,tu_dfc1dc5533351556,negative,0.94,cháy
bc7346c72656638fb3c14825ca6a738db71cef161431e94e311d8b46ac1b1483,dish:nuoc-cham,food_descriptor:khong-ngon,DESCRIBES_FOOD,36034,dfc1dc5533351556,tu_dfc1dc5533351556,negative,0.95,nước chấm ko ngon
999dfe6f569e3481541b467785add9db3d9f3125a68506b3d019d0e003c5e3f2,dish:nuoc-cham,food_descriptor:khong-ngon,HAS_NEGATIVE_SIGNAL,36034,dfc1dc5533351556,tu_dfc1dc5533351556,negative,0.93,ko ngon
183d114515e62f9520b30de9871316ce230b6b9acfb96b03b028cc8831fbd2a1,delivery_packaging:bat,problem:khong-cho-bat,HAS_PROBLEM,36034,dfc1dc5533351556,tu_dfc1dc5533351556,negative,0.9,ko cho bát
c9bf3baa9d281ee1c9f1811441d11e08dd9acd9c8b85490e0087e5b44a24258f,dish:pho,food_descriptor:ngon,DESCRIBES_FOOD,20129,7b13184838e62490,tu_7b13184838e62490,positive,0.57,phở ... khá ngon
74c6530e40005ca2cddabc80e7290caaf604e0d4bebe42e9a884949f3190149c,dish:com-rang,food_descriptor:ngon,DESCRIBES_FOOD,20129,7b13184838e62490,tu_7b13184838e62490,positive,0.57,cơm rang ... khá ngon
9ebdd67e9b2420fcd8aa4611eb36f0a76b965603c7e7934d838bfc4e2af22976,dish:com-dao-ga-rang,food_descriptor:ngon-xiu,DESCRIBES_FOOD,16422,41b13bf35107e52f,tu_41b13bf35107e52f,positive,0.58,ngon xỉu
d00215de6e3f74a868cceab7fdf72e29a0ed2bd9406dd99cf23c12e1d94ef06d,dish:chim-quay,food_descriptor:ngon-xiu,DESCRIBES_FOOD,16422,41b13bf35107e52f,tu_41b13bf35107e52f,positive,0.58,ngon xỉu
8e543c37af6081da56f450f158b04f564a06870edbb267f9b45788a18be37a0b,dish:com-dao-ga-rang,food_descriptor:ngon-xiu,DESCRIBES_FOOD,16422,17fb0c7005a0ffb4,tu_17fb0c7005a0ffb4,positive,0.78,ngon xỉu
dfd84220c221bfa14cd8dcce6b3114cd9b108ec2249c8b195c804da300fa1f45,dish:chim-quay,food_descriptor:ngon-xiu,DESCRIBES_FOOD,16422,17fb0c7005a0ffb4,tu_17fb0c7005a0ffb4,positive,0.78,ngon xỉu
1c4a5c6691612adde661a17311eba7e04326243a13790e46095558ad3e4d40a0,dish:ca-phai,problem:thieu-ca-phai,HAS_PROBLEM,16422,4a88180c78a90aaa,tu_4a88180c78a90aaa,negative,0.9,thiếu cà phái
5e8304f203a80c5341fae4051ed36f9fbe6d803683939c771d4abddc716eb7ae,dish:dua-chua,problem:thieu-dua-chua,HAS_PROBLEM,16422,4a88180c78a90aaa,tu_4a88180c78a90aaa,negative,0.88,dưa chua của mình
6b174cbb0bc6665fb3501032bb3dc625e691d0536fd339e16c7f139d9963385d,dish:ca-phai,problem:sai-thieu-mon,MENTIONS,16422,4a88180c78a90aaa,tu_4a88180c78a90aaa,negative,0.73,thiếu cà phái
ba20c61416bba3410b133374f5a279465e5ea2199d896f097adf876ec1480b54,dish:dua-chua,problem:sai-thieu-mon,MENTIONS,16422,4a88180c78a90aaa,tu_4a88180c78a90aaa,negative,0.77,dưa chua ... sai/thiếu món
f39638751c3745da25d86a089d12124b6568056c9335d62f26dcc7f8fa93320b,service_quality:service,problem:dua-nham-mon,HAS_PROBLEM,16422,a14f241036959c2e,tu_a14f241036959c2e,negative,0.95,đưa nhầm 1 suất gà tần
2c980f6d8d72a184bac81852e79ec9896fc09c6868aa10176f154b903080b273,service_quality:service,dish:ga-tan,MENTIONS,16422,a14f241036959c2e,tu_a14f241036959c2e,neutral,0.62,1 suất gà tần
a6b9d1f7c092319fe2e8f01a4c4b3171e13d44776b0305c63fa3d6ee8221fab2,dish:mon-an,food_descriptor:man,DESCRIBES_FOOD,16422,a05ffd2cd0606bab,tu_a05ffd2cd0606bab,negative,0.88,điểm trừ hơi mặn
16e08ec0f6ccfe66d33cc441a41adc2484b2a054887e63d7370ee7e87462a3b3,dish:com-dao-ga-rang,food_descriptor:ngon,DESCRIBES_FOOD,16422,1369cee094850331,tu_1369cee094850331,positive,0.45,ngon
955202d8fb03abb061554b1d6ead3212d2921d5dbb434783789b5e405b3f3ea0,dish:chim-quay,food_descriptor:ngon,DESCRIBES_FOOD,16422,1369cee094850331,tu_1369cee094850331,positive,0.45,ngon
4645ebc911d6ab1a6b1e4e3d7615fd475faded28b33685eba542e7841dc3d5e2,service_quality:service,problem:khong-lam-dung-ghi-chu,HAS_PROBLEM,60874,a6554ac6cd48dd02,tu_a6554ac6cd48dd02,negative,0.95,không làm đúng ghi chú
7c97a1fd450413a39259f99cd39a4b9718eb0acc7964c41b809394f23887b0b4,delivery_packaging:dong-goi,problem:chua-tot,HAS_PROBLEM,60874,537f354a5a80f539,tu_537f354a5a80f539,negative,0.94,đóng gói chưa tốt
5b36dc6ba56aae73cc031e30044c0cc94d8574360a87b24e292e70126ea3db1a,delivery_packaging:dong-goi,problem:chua-tot,MENTIONS,60874,537f354a5a80f539,tu_537f354a5a80f539,negative,0.67,đóng gói chưa tốt
35b3b4e328c2179143a7dcbf96fd06a03d5a6ea0075fc9c7ac3d57320c13b0b1,dish:pepsi-nho,problem:thieu-pepsi-nho,HAS_PROBLEM,60874,c9293c852e0135d1,tu_c9293c852e0135d1,negative,0.98,thiếu pepsi nhỏ
e8bd835c8ef59156ee4295a361b7d15a2cd17d720f1a93ed7a835673dd8ceec2,dish:sting,problem:sai-thieu-mon,HAS_PROBLEM,60874,c9293c852e0135d1,tu_c9293c852e0135d1,negative,0.74,đặt sting + pepsi nhỏ nhưng chỉ giao 1 sting
ae7d571534e3c0357319840e2eae4d7b3d1f7b358f7ebf3ba5361490489f11e0,delivery_packaging:packaging,problem:sai-thieu-mon,HAS_NEGATIVE_SIGNAL,60874,c9293c852e0135d1,tu_c9293c852e0135d1,negative,0.76,packaging=-1.00
769032ecbbf1158fb4b564ed66a5d641b96e66a2ae0fd1b421b4239554091ad6,dish:bo,food_descriptor:man-chat,DESCRIBES_FOOD,60874,574c8f222aaa3e40,tu_574c8f222aaa3e40,negative,0.74,mặn chát
aefa563be69614785b13123f79b5843d3813403d5cc19e44f384772a615ac1dd,dish:bo,food_descriptor:dam-muoi,DESCRIBES_FOOD,60874,574c8f222aaa3e40,tu_574c8f222aaa3e40,negative,0.95,nêm bò đẫm muối thế
22039e968a8f365967f7f50e97bb37585e14337770d26d2c859dc94459f647f6,dish:bo,problem:thua-muoi,HAS_PROBLEM,60874,574c8f222aaa3e40,tu_574c8f222aaa3e40,negative,0.8,quán thừa muối hay sao mà nêm bò đẫm muối
aab6ff8b03ea08e8327a840f824c2c25f7bbbfb117b10c9b37aa13b8a436f945,dish:sot-vang,food_descriptor:an-on,DESCRIBES_FOOD,13942,c2473daa4268eaa2,tu_c2473daa4268eaa2,positive,0.92,sốt vang ăn ổn
14d37e496054cd3ed7b251ac5e677e59a2939c0af83723aa57175d72ca0ceeeb,dish:pho-tron,food_descriptor:ngon-hon,DESCRIBES_FOOD,13942,c2473daa4268eaa2,tu_c2473daa4268eaa2,positive,0.88,phở trộn nhìn có vẻ ngon hơn
db2c31ff7e64195b1b2e05c5f7b9523a8f79acc823f81e0a5310cdb1bedac736,delivery_packaging:coc,problem:coc-ki-vay,HAS_PROBLEM,13942,c2473daa4268eaa2,tu_c2473daa4268eaa2,negative,0.89,cốc kì vậy
c33d9fa909d6e91533c2d5954ea2d9bb0eac8a24c55dbe6edefff62dca5e6037,service_quality:service,problem:ghi-chu-khong-hanh,HAS_PROBLEM,13942,298b93db9bda1fc0,tu_298b93db9bda1fc0,negative,0.7,đã note không hành rồi
ed299035405f59b35061ee4614190c814c71687d6283817f6b3fd561cd21ddf0,dish:thit,food_descriptor:mui-hoi,DESCRIBES_FOOD,13942,ddc36e455a12ed39,tu_ddc36e455a12ed39,negative,0.98,thịt có mùi hôi
2bbc095d1e6700662ba464118ec3e78203b1991eb620f264476257b2a352328d,dish:pho-bo-com-rang-nguyen-trai,dish:thit,MENTIONS,13942,ddc36e455a12ed39,tu_ddc36e455a12ed39,neutral,0.58,nội dung review: thịt có mùi hôi
ece5f7721c5cf3961750e5a008dbedd9fa992d314fa8b14e802f29cf12ebcd00,dish:pho-bo-com-rang-nguyen-trai,problem:food-quality,HAS_PROBLEM,13942,ddc36e455a12ed39,tu_ddc36e455a12ed39,negative,0.72,food_quality=-1.00
05738a568f6056c0e013f13a6584921864aa50c544ea6139f3cfc238457f3d8a,dish:pho,food_descriptor:man,DESCRIBES_FOOD,13942,ca11348f1a36fc0a,tu_ca11348f1a36fc0a,negative,0.97,phở ... mặn
b22f1c03ecfc5a972ea28b1724382125d0e1a1fa123e461550ff28fdb4eb2cf3,dish:com,food_descriptor:man,DESCRIBES_FOOD,13942,ca11348f1a36fc0a,tu_ca11348f1a36fc0a,negative,0.97,cơm đều mặn
77e13e87307b00ba5447de085251249381a16ef22e5e9576c815a2c0793a60e3,dish:nuoc-mam,dish:toi-ot,MENTIONS,29659,97462b35d7c7edb7,tu_97462b35d7c7edb7,neutral,0.71,tỏi ớt vào nước mắm
eb553ab1e90c6ad73e0aadda170f80feb70eecf47754a6a3f4c2c71b70ea7b2e,dish:nuoc-mam,problem:cho-toi-ot-vao-nuoc-mam,HAS_PROBLEM,29659,97462b35d7c7edb7,tu_97462b35d7c7edb7,negative,0.93,vẫn cho vào
088386fdd671b4dd4f7ec6e6c593d923e51eab2fb5d72db7bdc2130bab656b6f,service_quality:khong-lam-dung-ghi-chu,problem:cho-toi-ot-vao-nuoc-mam,HAS_NEGATIVE_SIGNAL,29659,97462b35d7c7edb7,tu_97462b35d7c7edb7,negative,0.88,"mà vẫn cho vào, không làm đúng ghi chú"
108111d505c8dd59e6a85a29eb08fcecb6a97ba3bf5556b36485be44dd01e2fc,dish:banh-cuon-phu-ly,food_descriptor:ngon-xiu,DESCRIBES_FOOD,29659,a89971733b87e6c8,tu_a89971733b87e6c8,positive,0.9,ngon xỉu
82c93a5a99820308d71c2bbd7568fb30861dcf74f134b7cc208bbce01f7a3d54,dish:banh-cuon-phu-ly,price_value:dang-dong-tien,HAS_POSITIVE_SIGNAL,29659,a89971733b87e6c8,tu_a89971733b87e6c8,positive,0.9,đáng đồng tiền
719af5dd1787b1d301d51b548615e241828cf4abb007e713316fb491095d8e07,dish:banh-cuon-phu-ly,space_quality:sach-se,HAS_POSITIVE_SIGNAL,29659,a89971733b87e6c8,tu_a89971733b87e6c8,positive,0.68,sạch sẽ
558483527caf9300a1465d78f7b3c878f8accb3cc23ec4bc0a043f8e3486fdba,dish:banh-cuon-phu-ly,delivery_packaging:dong-goi-tot,HAS_POSITIVE_SIGNAL,29659,a89971733b87e6c8,tu_a89971733b87e6c8,positive,0.95,đóng gói tốt
bd4426d5e6801e062499e43ebad4a12a73d7deb09198e0188418f33bfeb2ae16,dish:banh-cuon-phu-ly,food_descriptor:ngon-xiu,DESCRIBES_FOOD,29659,d2b346211c00c498,tu_d2b346211c00c498,positive,0.9,ngon xỉu
811e202c2bbfd9a72a2a0e940d66b343692eb1c1efa50213ed92c0280f6462cd,dish:banh-cuon-phu-ly,space_quality:sach-se,HAS_POSITIVE_SIGNAL,29659,d2b346211c00c498,tu_d2b346211c00c498,positive,0.74,sạch sẽ
7d4cda53cfb9654d18a2cd8de8576d529e9eea321f6d8812c8c35d89a4059c0a,dish:banh-cuon-phu-ly,price_value:dang-dong-tien,HAS_POSITIVE_SIGNAL,29659,d2b346211c00c498,tu_d2b346211c00c498,positive,0.87,đáng đồng tiền
19ba057f6006fb3c5fc8745c2dd815f04a51a1e02ca76ac66790ff03d9af0349,dish:banh-cuon-phu-ly,delivery_packaging:dong-goi-tot,HAS_POSITIVE_SIGNAL,29659,d2b346211c00c498,tu_d2b346211c00c498,positive,0.91,đóng gói tốt
3f5ef20ea03665f59aa87c76fed44c445d90a9be8f8fea04dd42ea70b0fce7de,dish:cha,food_descriptor:nong,DESCRIBES_FOOD,29659,7fc5b86d74ec835f,tu_7fc5b86d74ec835f,positive,0.94,chả nóng ngon
03af20554e1daf16b630dddd100f19715a9e178eaebdb1df5f51fc427d8af769,dish:cha,food_descriptor:ngon,DESCRIBES_FOOD,29659,7fc5b86d74ec835f,tu_7fc5b86d74ec835f,positive,0.96,chả nóng ngon
a957262f195822079aba959a3565a808d07aacc23ba8379447a453d9b5ff8af9,delivery_packaging:dong-goi-tot,food_descriptor:ngon-xiu,MENTIONS,29659,f601d4442a02ed0f,tu_f601d4442a02ed0f,neutral,0.35,"đóng gói tốt, ngon xỉu"
abe0885c121ab2572fbc640f0b664a0ff129d3f46e0a3ade355948e03615de6a,delivery_packaging:dong-goi,problem:khong-co-bat-dung-nuoc-cham,HAS_PROBLEM,29659,57d542c3957acbae,tu_57d542c3957acbae,negative,0.83,không có bát đưng nước chấm
507ad37d2288fa8c578d6b448883d0c92c427bd3138968690a73ce033aa50f37,delivery_packaging:dong-goi,problem:tui-boc-nuoc-mam-rach,HAS_PROBLEM,29659,57d542c3957acbae,tu_57d542c3957acbae,negative,0.98,túi bọc nước mắm rách
76a364664687f95891fe10f9dc5e558e096bec9e9d483b6179188f0fe0408da5,delivery_packaging:dong-goi,problem:sai-thieu-mon,HAS_PROBLEM,29659,57d542c3957acbae,tu_57d542c3957acbae,negative,0.82,"đóng gói chưa tốt, sai/thiếu món"
036878bddfbcdefa2168682a2487c89badce721b137fb33c9b007bb276d420c0,dish:ut-beo-bun-dau-met-com,food_descriptor:kha-ngon,DESCRIBES_FOOD,35452,7cbf74f6dae87e9c,tu_7cbf74f6dae87e9c,positive,0.86,khá ngon
a40ab6cb3c10bbda75189faf12d09af4bcaa8293e05f17c9f626f1d0c752f1af,delivery_packaging:dong-goi,problem:chua-tot,HAS_PROBLEM,35452,7cbf74f6dae87e9c,tu_7cbf74f6dae87e9c,negative,0.94,đóng gói chưa tốt
398dab52b91242e2804c503628269112f1d67480aaf13e8a6053cff5dfa90f17,dish:ut-beo-bun-dau-met-com,delivery_packaging:dong-goi,MENTIONS,35452,7cbf74f6dae87e9c,tu_7cbf74f6dae87e9c,neutral,0.65,đóng gói chưa tốt
720111f17211782a242992fbede0d3beb1e77656c41312d5233362ccff7bf14a,dish:bun-dau-met,food_descriptor:kha-ngon,DESCRIBES_FOOD,35452,88086a0c31e9e0d3,tu_88086a0c31e9e0d3,positive,0.79,khá ngon
809cc86876028b1fb9195297475579ab04eb887366200097a9856ee421e4abfa,dish:com,food_descriptor:kha-ngon,DESCRIBES_FOOD,35452,88086a0c31e9e0d3,tu_88086a0c31e9e0d3,positive,0.61,khá ngon
79fd8e644fb1e7cac54b35c115503443ee60163ac8eeba3f3b5cf931b0309c0f,price_value:gia,problem:khau-phan-it,HAS_NEGATIVE_SIGNAL,35452,0bd9307cc45523a8,tu_0bd9307cc45523a8,negative,0.84,suất lớn mà có tí như này
499ae94277efec63642ff4e64e85b3643f2654597431d2d04c4e1d437ff71f36,dish:bun-dau-met,food_descriptor:ngon,HAS_POSITIVE_SIGNAL,35452,0624ad7481aa585b,tu_0624ad7481aa585b,positive,0.71,ngon nhé
2a1243b35b5059b81b0b42e29219b35bd7148709d91d675b95ca1c899d3908a0,dish:com,food_descriptor:ngon,HAS_POSITIVE_SIGNAL,35452,0624ad7481aa585b,tu_0624ad7481aa585b,positive,0.68,ngon nhé
ffc8ecafaa78ceda34ad9052a4165b928f56c7b6c6960ec723d0eb5e6f16eaf5,dish:bun-dau-met,food_descriptor:ngon,DESCRIBES_FOOD,35452,0624ad7481aa585b,tu_0624ad7481aa585b,positive,0.71,ngon nhé
5673fc920fcc19450283fea9ce9c42f31a9400137e44f9d49d81dd40d7afc535,dish:com,food_descriptor:ngon,DESCRIBES_FOOD,35452,0624ad7481aa585b,tu_0624ad7481aa585b,positive,0.68,ngon nhé
ba05dbbde90cf06660381f077404b994fda4e3b0a44509a2d424ca84d13169df,dish:mon-an,food_descriptor:chua-duoc-dep-mat,DESCRIBES_FOOD,35452,63784876d4c92834,tu_63784876d4c92834,negative,0.95,món ăn chưa được đẹp mắt
ecb1d2b867dcc68b0ce9a257c362a573b026e5864b4ed85ab8440d126e643454,dish:bun,food_descriptor:chua,DESCRIBES_FOOD,35452,e929c1f9bb53d24c,tu_e929c1f9bb53d24c,negative,0.97,bún bị chua
2ba7b038f61acdcfadf22e9cdeeda26a2c5c496e7e13c5f3adf4e3717973d8eb,dish:dau,food_descriptor:chua,DESCRIBES_FOOD,35452,e929c1f9bb53d24c,tu_e929c1f9bb53d24c,negative,0.97,đậu chua
3c076cd18f66262541281a73ac038fe745c5935127cbf21ca3e96b0d0bf7a7dd,service_quality:khong-cho-mon-dat-them,problem:khong-cho-cha-la-lot-dat-them,HAS_PROBLEM,35452,c6d18c1383a895ef,tu_c6d18c1383a895ef,negative,0.88,quán không cho
e8d005889db5df25d57731f2109768720f7f260c683c6394b3993bc47a139837,problem:khong-cho-cha-la-lot-dat-them,dish:cha-la-lot,MENTIONS,35452,c6d18c1383a895ef,tu_c6d18c1383a895ef,negative,0.9,đặt thêm chả lá lốt mà quán không cho
5f5b33b6ff00e980f7d55e7adee5a8a81532039a9abc95bf386771798a1ea649,problem:khong-thay-note,dish:nuoc-mam,MENTIONS,35452,6dbb54d972cabc07,tu_6dbb54d972cabc07,negative,0.72,kh thấy note... nước mắm
c334d6b3497d758b88986dbf87c7ad045ab9f264e7f1b154bb111a18aed07d3a,dish:pho-com-rang,problem:khong-hop-khau-vi,HAS_NEGATIVE_SIGNAL,81993,104c0403dd16d90a,tu_104c0403dd16d90a,negative,0.93,không hợp khẩu vị
2e69e0958a1f035bd11157becb8811244b9222978c6d7f369306cf517f76854f,food_descriptor:ngon-xiu,dish:bun-dau,DESCRIBES_FOOD,21980,c23e39c7f566ac96,tu_c23e39c7f566ac96,positive,0.62,ngon xỉu
b87053ab9beb7309d8f4f06a5b8e32d78ad31a976c662be21fe30c31be1b5865,food_descriptor:ngon-xiu,dish:nem-nuong,DESCRIBES_FOOD,21980,c23e39c7f566ac96,tu_c23e39c7f566ac96,positive,0.62,ngon xỉu
366e9a85c66b9b2bec72b35af02c05a1e35638fa1bb727344528c54e650134e7,dish:do-an,food_descriptor:no-cang,DESCRIBES_FOOD,21980,24d891750fd49a55,tu_24d891750fd49a55,positive,0.95,đồ ăn no căng
67da703cc8f403fcbdbe25797aca37cb37466928037204e0aafe2b9d1efc6311,dish:do-an,food_descriptor:ngon-xiu,DESCRIBES_FOOD,21980,24d891750fd49a55,tu_24d891750fd49a55,positive,0.95,ngon xỉu
6663588bddd3fb6d5f88c70a013c7ae05ff97b933be28ef2893303d0267eecf9,dish:do-an,price_value:dang-dong-tien,HAS_POSITIVE_SIGNAL,21980,24d891750fd49a55,tu_24d891750fd49a55,positive,0.93,đáng đồng tiền
b08efdb8c2982d93608664e4be81427f25daf5d0ed53695fcfbab711f5b6b55d,dish:do-an,space_quality:sach-se,HAS_POSITIVE_SIGNAL,21980,24d891750fd49a55,tu_24d891750fd49a55,positive,0.84,sạch sẽ
efdba2b6d6436ba677efec96aecebff91150b73ce57eecf3d0a1f7c85fb7e1ad,dish:do-an,delivery_packaging:dong-goi-tot,HAS_POSITIVE_SIGNAL,21980,24d891750fd49a55,tu_24d891750fd49a55,positive,0.96,đóng gói tốt
4de5ec91771e78abee774d4885532019efeed0f3ba5082e47eee189c9a43de1d,dish:bun-dau,dish:do-an,MENTIONS,21980,24d891750fd49a55,tu_24d891750fd49a55,neutral,0.66,bún đậu
be72849c38ac2c02202d1ccf606341266b2f1016c835fb3cd5abe7f016b76803,dish:nem-nuong,dish:do-an,MENTIONS,21980,24d891750fd49a55,tu_24d891750fd49a55,neutral,0.66,nem nướng
6c2361320d9c72dc301c38d4466edba0daf4e30394739ff5c9ec8507c588af2d,delivery_packaging:dong-goi,problem:chua-tot,HAS_PROBLEM,21980,2595021d13d7e811,tu_2595021d13d7e811,negative,0.96,đóng gói chưa tốt
34ede5f2e8e1845984a8aa1196a230198918f209c946544d47008808d865e498,dish:com,food_descriptor:ngon,DESCRIBES_FOOD,114833,e156a9e6e3152cbc,tu_e156a9e6e3152cbc,positive,0.95,cơm ngon
c0bd2628768b414507ee9fc8c2e1ea65c34fff58fb7fb89181286da2f640653d,dish:com,food_descriptor:chat-luong,DESCRIBES_FOOD,114833,e156a9e6e3152cbc,tu_e156a9e6e3152cbc,positive,0.9,cơm chất lượng
556f7b9924e05d4cab371e6cbd956119017d66c1b8ad1b3ee77f0fe7fb3f672e,price_value:dang-dong-tien,dish:com,HAS_POSITIVE_SIGNAL,114833,e156a9e6e3152cbc,tu_e156a9e6e3152cbc,positive,0.81,đáng đồng tiền
2471d7a51b9d42f574bd96b580e372c56f62786fcb5295c966ee6f74c01136c5,delivery_packaging:dong-goi-tot,dish:com,HAS_POSITIVE_SIGNAL,114833,e156a9e6e3152cbc,tu_e156a9e6e3152cbc,positive,0.78,đóng gói tốt
a7af3fc8e4625679b803bde863fc08aff8fe65175aafcf68ffa046c79c4f529a,space_quality:sach-se,dish:com,HAS_POSITIVE_SIGNAL,114833,e156a9e6e3152cbc,tu_e156a9e6e3152cbc,positive,0.72,sạch sẽ
597acf70e7ae177b65a4e14583bc4a99ea1f292d4d4cd1d931f9b27f1be976f8,delivery_packaging:dong-goi,price_value:dang-dong-tien,HAS_POSITIVE_SIGNAL,114833,7d3047fcf0338041,tu_7d3047fcf0338041,positive,0.62,"đóng gói tốt, đáng đồng tiền"
97dbc42d08b44e999c857a72de5f0803b503b82ea04059e20df4387b99073fc0,problem:sai-mon-an,dish:suon,MENTIONS,114833,5f0830e52c6e3195,tu_5f0830e52c6e3195,neutral,0.83,đặt sườn
0b9e244733e1db8f3719d1ee9ade95f2df6f91c70cc615314ace8f202829c1f9,problem:sai-mon-an,dish:ga,HAS_PROBLEM,114833,5f0830e52c6e3195,tu_5f0830e52c6e3195,negative,0.92,ko đặt gà
816b7ae7ced6dacecf9933d207262e27b9e416bf286ed857c339a998c6b91bda,dish:com-rang,food_descriptor:food-quality,DESCRIBES_FOOD,87272,c4aa9ae36dcca43f,tu_c4aa9ae36dcca43f,positive,0.54,ngon xỉu
55c2dbb80dc386357ea7f4b96b98c36f2a7ee6f4644ccec3f3d163b2f7ee3168,dish:pho-bo,food_descriptor:food-quality,DESCRIBES_FOOD,87272,c4aa9ae36dcca43f,tu_c4aa9ae36dcca43f,positive,0.54,ngon xỉu
49be615e5e4a480792bf00e8ded0353783093aba8d0ad1597efe900c4647eb93,dish:bun-bo-hue,food_descriptor:food-quality,DESCRIBES_FOOD,87272,c4aa9ae36dcca43f,tu_c4aa9ae36dcca43f,positive,0.54,ngon xỉu
4e7fd486e313873b240482b39ff5a2f2b06f92481a8f8c4daa500c27b3ded816,delivery_packaging:dong-goi,problem:cau-tha,HAS_PROBLEM,87272,bbc3e2631d058d9f,tu_bbc3e2631d058d9f,negative,0.95,đóng gói cẩu thả
d856c4e4bf0c7c63e4960f4c8494279d2d9abb6696992b20b720d4d5d497b733,delivery_packaging:dong-goi,problem:chua-tot,HAS_NEGATIVE_SIGNAL,87272,bbc3e2631d058d9f,tu_bbc3e2631d058d9f,negative,0.92,đóng gói chưa tốt
76c6e2d325da982a6a8b2000119fa755d19cdcb96544daee2fcb3aa230c31a3c,dish:bun-bo,problem:say-mi-chinh,HAS_PROBLEM,87272,fbe5ae3a90d2f6d2,tu_fbe5ae3a90d2f6d2,negative,0.82,sau khi ăn cả bún bò và phở thì mình bị say mì chính
cc43774883403f1787419adeef74195b9b675c0df869c2cfc31117858b5f76e9,dish:pho,problem:say-mi-chinh,HAS_PROBLEM,87272,fbe5ae3a90d2f6d2,tu_fbe5ae3a90d2f6d2,negative,0.82,sau khi ăn cả bún bò và phở thì mình bị say mì chính
817a412569048394a859e3c0134cf1214ce5b01c1fa4b714cad83db783330cc5,dish:bun-bo,problem:day-bung,HAS_PROBLEM,87272,fbe5ae3a90d2f6d2,tu_fbe5ae3a90d2f6d2,negative,0.8,sau khi ăn cả bún bò và phở ... đầy bụng
5cd4eb44f614d0e8cde1b7e960e60ab2fd0ad4017bffb3bb3b32702b50f9d74e,dish:pho,problem:day-bung,HAS_PROBLEM,87272,fbe5ae3a90d2f6d2,tu_fbe5ae3a90d2f6d2,negative,0.8,sau khi ăn cả bún bò và phở ... đầy bụng
32d3a1c673459a34bc86c206d942f109a35cc56fcf62a448d2a751f8c36b4b62,dish:bun-bo,problem:khong-dam-bao-ve-sinh,HAS_NEGATIVE_SIGNAL,87272,fbe5ae3a90d2f6d2,tu_fbe5ae3a90d2f6d2,negative,0.68,không đảm bảo vệ sinh
4767aefe3020669ee54a756aee163cf7d79adbe40d9052ffc06be48a21e63584,dish:pho,problem:khong-dam-bao-ve-sinh,HAS_NEGATIVE_SIGNAL,87272,fbe5ae3a90d2f6d2,tu_fbe5ae3a90d2f6d2,negative,0.68,không đảm bảo vệ sinh
3fdae61a6fee3f4a1f5aae8f13f75437d0e4a9b70770189a16dfd987761e38ff,dish:bun-bo,price_value:ton-them-tien-mua-thuoc,HAS_NEGATIVE_SIGNAL,87272,fbe5ae3a90d2f6d2,tu_fbe5ae3a90d2f6d2,negative,0.62,mất thêm tiền mua thuốc
b53705361146417d85c69c0e6476688197332e84577d8bec2ce1e8e07ae89923,dish:pho,price_value:ton-them-tien-mua-thuoc,HAS_NEGATIVE_SIGNAL,87272,fbe5ae3a90d2f6d2,tu_fbe5ae3a90d2f6d2,negative,0.62,mất thêm tiền mua thuốc
6366ebbb798a3ff98c51d7fced629d63a5bd97d05e21917c751aa71601358799,dish:com-rang,food_descriptor:ngon,DESCRIBES_FOOD,87272,2917d9b3657e5de8,tu_2917d9b3657e5de8,positive,0.44,ok ngon
fdf87e21ef329b2395b61fb714ed83eb67add80362a54082e272c00f5a4ea6db,dish:pho-bo,food_descriptor:ngon,DESCRIBES_FOOD,87272,2917d9b3657e5de8,tu_2917d9b3657e5de8,positive,0.44,ok ngon
67b3efa6d26f06d5c19d5146909c629e1c8f596741809742f1373d2e3f0403bf,dish:bun-bo-hue,food_descriptor:ngon,DESCRIBES_FOOD,87272,2917d9b3657e5de8,tu_2917d9b3657e5de8,positive,0.44,ok ngon
e6f449468ef1997d04bb126907177584d0d6f79f01c4f1ccc6bd573295a4e7f5,dish:com-rang,food_descriptor:chan,HAS_NEGATIVE_SIGNAL,87272,afe588f844e62a06,tu_afe588f844e62a06,negative,0.63,chán
c6df0a4713dff6a9836dd651f12355d0b3eaa7acdc05b643d167491f3daca172,dish:com-rang,food_descriptor:khong-co-vi,DESCRIBES_FOOD,87272,afe588f844e62a06,tu_afe588f844e62a06,negative,0.63,k có vị gì
bd590ec57de8391c849f16a5321df3936805b5a703591054e621c90ed9c18c30,dish:com-rang,food_descriptor:nhat-nheo,DESCRIBES_FOOD,87272,afe588f844e62a06,tu_afe588f844e62a06,negative,0.63,ăn nhạt nhẽo
14a1b6c986aa548a0a5161e9d134f1e1515a04d5cc0fd10ad7cd96bf0984ac98,dish:pho-bo,food_descriptor:chan,HAS_NEGATIVE_SIGNAL,87272,afe588f844e62a06,tu_afe588f844e62a06,negative,0.63,chán
af985c396f0d53bc00d938d5fc033d89e0984887687f6a07f2acdc0b4a677209,dish:pho-bo,food_descriptor:khong-co-vi,DESCRIBES_FOOD,87272,afe588f844e62a06,tu_afe588f844e62a06,negative,0.63,k có vị gì
ec945272c4857fde1010ec964e97bf046f0192b492db76d2530cf13692b451d5,dish:pho-bo,food_descriptor:nhat-nheo,DESCRIBES_FOOD,87272,afe588f844e62a06,tu_afe588f844e62a06,negative,0.63,ăn nhạt nhẽo
f4a71cfabc55c4eafa133ef20593bd9fa593f3947faaa6402f30068af44d486c,dish:bun-bo-hue,food_descriptor:chan,HAS_NEGATIVE_SIGNAL,87272,afe588f844e62a06,tu_afe588f844e62a06,negative,0.63,chán
f64e9588ab346c5e3019b93200047535bc0ab842ddc09a5a20d938a0027c189e,dish:bun-bo-hue,food_descriptor:khong-co-vi,DESCRIBES_FOOD,87272,afe588f844e62a06,tu_afe588f844e62a06,negative,0.63,k có vị gì
8b94d2a601f47fe4165e1daa41ab234f4441ec658b524d1efe70469e23989678,dish:bun-bo-hue,food_descriptor:nhat-nheo,DESCRIBES_FOOD,87272,afe588f844e62a06,tu_afe588f844e62a06,negative,0.63,ăn nhạt nhẽo
cfc7c3bef9c88f0ea32e9147fae85285d76cf36b967d13e939df1216e863e5d5,dish:com-rang,problem:khong-co-tuong-ot,HAS_PROBLEM,87272,afe588f844e62a06,tu_afe588f844e62a06,negative,0.58,k tương ớt
b6e3544b9c04dd68205a7bbcf893e24944475040a04df27c973d9c74647c912f,dish:pho-bo,problem:khong-co-tuong-ot,HAS_PROBLEM,87272,afe588f844e62a06,tu_afe588f844e62a06,negative,0.58,k tương ớt
f9b11f3a4aeef019100526a8dcc502409876fc5dc6c912961c6e31ce6a34ede1,dish:bun-bo-hue,problem:khong-co-tuong-ot,HAS_PROBLEM,87272,afe588f844e62a06,tu_afe588f844e62a06,negative,0.58,k tương ớt
44dce5b1d8cfc0ea4dff9eb12e16ba322f94ebc144d8d2b2a81baade72e9780e,dish:pho-cuon-bun-tron,food_descriptor:ngon,DESCRIBES_FOOD,130463,7f14cd5086745a9d,tu_7f14cd5086745a9d,positive,0.92,ngon
adf27ad6a8050eccc04fd123d24e36566c9228c41badb1ff685e73249fb266b6,dish:pho-cuon-bun-tron,food_descriptor:hop-khau-vi,DESCRIBES_FOOD,130463,7f14cd5086745a9d,tu_7f14cd5086745a9d,positive,0.9,hợp khẩu vị
91f7137dca72f364ff4dccb40f96ebfec7eece5a7d57bbd1e38073019f4e23e6,dish:pho-cuon-bun-tron,food_descriptor:day-dan,DESCRIBES_FOOD,130463,7f14cd5086745a9d,tu_7f14cd5086745a9d,positive,0.88,1 suất khá đầy đặn
a9f2914f364b404ceb9d9f711cd4b13243794083a00fc8e4714f7830ec4ff89b,dish:pho-cuon-bun-tron,delivery_packaging:dong-goi-tot,HAS_POSITIVE_SIGNAL,130463,7f14cd5086745a9d,tu_7f14cd5086745a9d,positive,0.66,đóng gói tốt
f9325e1314567e13af72acaac6bfd1a1a6e6960571ce690de86e12e985812bcf,dish:pho-cuon-bun-tron,price_value:dang-dong-tien,HAS_POSITIVE_SIGNAL,130463,7f14cd5086745a9d,tu_7f14cd5086745a9d,positive,0.64,đáng đồng tiền
74255de53009f6caf4a6e82b106f60b3f236a2f2579200bd69eb76f44939a8bc,dish:pho-cuon-bun-tron,space_quality:sach-se,HAS_POSITIVE_SIGNAL,130463,7f14cd5086745a9d,tu_7f14cd5086745a9d,positive,0.62,sạch sẽ
43a62b50138a4eab1b7e160aeac915b7247a3f8e5b4e91cbcacd357ac5091f93,dish:thit,problem:it-thit,HAS_PROBLEM,130463,1dde4ef5dc76e1a3,tu_1dde4ef5dc76e1a3,negative,0.92,ít thịt
082339bb959b654ca7cb92dd28b1ecb189ba5637622ef7cfed2a60bbcea2fc01,dish:rau,problem:toan-rau,HAS_PROBLEM,130463,1dde4ef5dc76e1a3,tu_1dde4ef5dc76e1a3,negative,0.89,toàn rau
0e0b5149461517c0d53ba9466b3ba5ed4e0d280e00cbab1e1510e76ddc56d15a,dish:thit,dish:rau,MENTIONS,130463,1dde4ef5dc76e1a3,tu_1dde4ef5dc76e1a3,negative,0.68,ít thịt toàn rau
bf76db67249144cc2b874fce90be14350eb00f2758be0ea21c23c3c8e10ac237,dish:banh-cuon-nong,food_descriptor:ngon,DESCRIBES_FOOD,68548,d241a1086d105edb,tu_d241a1086d105edb,positive,0.62,khá ngon
82dcc8a46e28d2d30ba2a40f5e1b8ce1d558410c99f4bf621956633d50a4ad11,dish:bun-cha,food_descriptor:ngon,DESCRIBES_FOOD,68548,d241a1086d105edb,tu_d241a1086d105edb,positive,0.62,khá ngon
5f12c89d0e8329e7d8165e20194a4879cd2404d7cfde436504de669397fd7c5d,dish:my-ga-tan,food_descriptor:ngon,DESCRIBES_FOOD,68548,d241a1086d105edb,tu_d241a1086d105edb,positive,0.62,khá ngon
496276fa00a22036624a51e5835df1db5c55e6b67335233bd72898871f6b2b43,dish:banh-cuon-nong,problem:khong-hop-khau-vi,HAS_PROBLEM,68548,72d6621963178d63,tu_72d6621963178d63,negative,0.34,không hợp khẩu vị
8ea170ef7a38148fb0ecbeeaf00b87c446d6be6651537c337e094c8dd9c4fd99,dish:bun-cha,problem:khong-hop-khau-vi,HAS_PROBLEM,68548,72d6621963178d63,tu_72d6621963178d63,negative,0.34,không hợp khẩu vị
9b93ae435d56da45aafcdaf5518d8153f3343e464d16f439ca2d6102f1cf870a,dish:my-ga-tan,problem:khong-hop-khau-vi,HAS_PROBLEM,68548,72d6621963178d63,tu_72d6621963178d63,negative,0.34,không hợp khẩu vị
0ff0d19015d8a95dcaee127e82bb5bb697d4516b2099d276c36d5e86e4eed7aa,delivery_packaging:dong-goi,problem:chua-tot,HAS_PROBLEM,68548,b7e45720f408f719,tu_b7e45720f408f719,negative,0.96,đóng gói chưa tốt
e71560c9b6d00da6a72ca6c70259863b0b6ec16d790af24159c17f1c75342d2e,dish:thit,problem:it-thit,HAS_PROBLEM,68548,850b3b249f3be759,tu_850b3b249f3be759,negative,0.93,ít thịt
1408b49ca0c0af7fca772549d3da063ace5e1490b8a04bdd7547e55d3a90415d,dish:bun,problem:nhieu-bun-qua,HAS_PROBLEM,68548,850b3b249f3be759,tu_850b3b249f3be759,negative,0.95,nhiều bún quá
5725d6bbfbd9c3e664331c48f777cf59ed8add31392111ec810ebcf1f6c6fa76,dish:thit,dish:bun,MENTIONS,68548,850b3b249f3be759,tu_850b3b249f3be759,neutral,0.45,"ít thịt, nhiều bún quá"
d7a65fca6dd797bceb5d0a4ed080a37ff363ff2afbc3ac343ad1f5d3773c48c5,dish:pho-bo,food_descriptor:ngon-xiu,DESCRIBES_FOOD,80920,ba39aa43e5f5b0de,tu_ba39aa43e5f5b0de,positive,0.52,phở bò ... ngon xỉu
ec98672e31bc4a7bc200d943e0d2bf86bc2f05edd2bd64d0da16f63472644f70,dish:com-rang,food_descriptor:ngon-xiu,DESCRIBES_FOOD,80920,ba39aa43e5f5b0de,tu_ba39aa43e5f5b0de,positive,0.52,cơm rang ... ngon xỉu
742a1075a8eeeff86e16caf448e033e90facba3821ef1fe274b7c78e6d753bb4,dish:pho-bo,food_descriptor:kha-ngon,DESCRIBES_FOOD,80920,954e18470e7fde6e,tu_954e18470e7fde6e,positive,0.34,khá ngon
1eba104be031c8c17020c106efd1f2acb4093d74f8aac6d46c3a57443714aa1e,dish:com-rang,food_descriptor:kha-ngon,DESCRIBES_FOOD,80920,954e18470e7fde6e,tu_954e18470e7fde6e,positive,0.34,khá ngon
9f896500859917e749b2c3b62e2b2b23fbdac6e9719c3918b62c78bf5933ca10,dish:com,food_descriptor:hoi,DESCRIBES_FOOD,80920,ee98051a7bc60a72,tu_ee98051a7bc60a72,negative,0.94,cơm hơi hôi
4a8578ce9c9c739c047029351f61ce84f6479f4f5d2611a1346c72734a67e0f6,dish:com,food_descriptor:hoi,HAS_NEGATIVE_SIGNAL,80920,ee98051a7bc60a72,tu_ee98051a7bc60a72,negative,0.89,hơi hôi
f143ad1383e8dc291544952df74d9884fcfa9e4d5e5a726271b91b014a8d795d,dish:thit-bo,problem:ko-phai-thit-bo,HAS_PROBLEM,80920,698bbaa1c4b80c54,tu_698bbaa1c4b80c54,negative,0.9,ko phải thịt bò
b493fdb506df666610851c91e089b2a7846d89c5c66b44ff7bccda09c59322d6,dish:chan-ga,food_descriptor:hop-khau-vi,DESCRIBES_FOOD,123914,f9e17c4085bf62f6,tu_f9e17c4085bf62f6,positive,0.93,chân gà hợp khẩu vị
a4ac322460afb3944e725a10ef873d701a1e9f03727a85f614223b587b7cc033,dish:chan-ga,food_descriptor:ngon,DESCRIBES_FOOD,123914,f9e17c4085bf62f6,tu_f9e17c4085bf62f6,positive,0.9,ngon xỉu
9518e2fa363ea568d53fc44670d337c8592e140e4452a1ca3a99430f30a61897,dish:chan-ga,price_value:dang-dong-tien,MENTIONS,123914,f9e17c4085bf62f6,tu_f9e17c4085bf62f6,positive,0.62,ăn chân gà... đáng đồng tiền
2c71648e88757371c5a5983e41635292e43f11fa2b29b3fa971210024cfde64a,dish:nuoc-dung,food_descriptor:ngon,HAS_POSITIVE_SIGNAL,123914,ed446678d7809fae,tu_ed446678d7809fae,positive,0.9,"ngon, ngon xỉu"
3bc15b0199220b68fe537bb8967f1aef76321e7e620ae3914f985663258db8ad,food_descriptor:ngon,dish:nuoc-dung,DESCRIBES_FOOD,123914,ed446678d7809fae,tu_ed446678d7809fae,positive,0.92,nước dùng ... ngon
787e749ed5dafafd9c74fdc466ab953303f524188f0466a7ca52c447c6f90a90,dish:nuoc-dung,problem:bi-do-ti,HAS_PROBLEM,123914,ed446678d7809fae,tu_ed446678d7809fae,negative,0.89,nước dùng khi giao bị đổ tí
5f012d17dc645142163af20745541df033a2d6e353f8983a3bd0bcbd487580f1,food_descriptor:cay,dish:my-cay,DESCRIBES_FOOD,123914,6dc495f80f07a9c0,tu_6dc495f80f07a9c0,positive,0.81,đúng vị cay mình thích
5954345ff7b277fba8af8565b33f5ef057ce6fa0d76c40471081793bf7ccb219,dish:my-cay,food_descriptor:cay,HAS_POSITIVE_SIGNAL,123914,6dc495f80f07a9c0,tu_6dc495f80f07a9c0,positive,0.78,đúng vị cay mình thích
aa8777b3b86410d17b6c6bd5599199c671a9aadf357bcdac9acb19130aba7f52,dish:my-cay,price_value:dang-dong-tien,HAS_POSITIVE_SIGNAL,123914,6dc495f80f07a9c0,tu_6dc495f80f07a9c0,positive,0.68,đáng đồng tiền
38916a4fd0a7c7cb5eb30d728428e6edf68f4f3e7d052848a320aa22e89923a8,dish:my-cay,delivery_packaging:dong-goi-tot,HAS_POSITIVE_SIGNAL,123914,6dc495f80f07a9c0,tu_6dc495f80f07a9c0,positive,0.61,đóng gói tốt
719afe764b5c8bcd4d31c88f3cd6ad06baad24dfd5398a2786e5cf10b54cc28c,dish:ga-ran,food_descriptor:ngon-xiu,DESCRIBES_FOOD,123914,1633fed734e7e2eb,tu_1633fed734e7e2eb,positive,0.51,gà rán ... ngon xỉu
d2581ddfea5782c7269dd6602f82deb192dbab92f2b3bda0eb7195211ca01761,dish:my-cay,food_descriptor:ngon-xiu,DESCRIBES_FOOD,123914,1633fed734e7e2eb,tu_1633fed734e7e2eb,positive,0.51,mỳ cay ... ngon xỉu
c06acbd6a15257631c90a53d3d71db4ed99de0f3fc0492a7a80b500318b51283,delivery_packaging:dong-goi,space_quality:sach-se,HAS_POSITIVE_SIGNAL,123914,455ab49bc7327761,tu_455ab49bc7327761,positive,0.56,"đóng gói tốt, sạch sẽ"
a0182eb5b48b49684bca671796a3b8243403ebcf283808a7c1258321089a7394,dish:ga-ran,food_descriptor:ngonnnnnnnnnn,DESCRIBES_FOOD,123914,ee1dc390a5311868,tu_ee1dc390a5311868,positive,0.68,gà rán ... ngonnnnnnnnnn
2d774436ed8c5432c65c60329b4c34d5ed2bdd6b137c7fa82370ca2c2ac9da6e,dish:ga-ran,food_descriptor:ngon-xiu,DESCRIBES_FOOD,123914,ee1dc390a5311868,tu_ee1dc390a5311868,positive,0.66,gà rán ... ngon xỉu
5a787d026ced14b080f986eab4a76cd4d133710d4531c4aff4c0b63a7867b5ad,dish:my-cay,food_descriptor:ngonnnnnnnnnn,DESCRIBES_FOOD,123914,ee1dc390a5311868,tu_ee1dc390a5311868,positive,0.68,mỳ cay ... ngonnnnnnnnnn
686030884e9757ba93a337abd3bef2d8a50b65888636a64109f9eb0f9cdcf22a,dish:my-cay,food_descriptor:ngon-xiu,DESCRIBES_FOOD,123914,ee1dc390a5311868,tu_ee1dc390a5311868,positive,0.66,mỳ cay ... ngon xỉu
095fb1134b62e4b6d5b75fafa60cfa4cca657dcd8340d362416db6f4158074ab,delivery_packaging:dong-goi,food_descriptor:chin-chu,HAS_POSITIVE_SIGNAL,81712,2c55a9380d884b36,tu_2c55a9380d884b36,positive,0.94,đóng gói chỉn chu
ef7134d2ce03dc99b868b1138f6aa31590d1b1834d5f60ddf02f987106658ab7,dish:ca-kho-rieng,problem:khong-hop-khau-vi,HAS_NEGATIVE_SIGNAL,81712,2c55a9380d884b36,tu_2c55a9380d884b36,negative,0.98,cá kho riềng k hợp khẩu vị
f570e502a4bd8e79a5531a1952a395ac9b31ce83d2167c363613b9ed99f52dcb,dish:ca-kho-rieng,problem:vay-ca,HAS_PROBLEM,81712,2c55a9380d884b36,tu_2c55a9380d884b36,negative,0.95,còn vảy cá
8837f41d0a24b79dbbea00fa4d4d65c4f8693c383fde2fa05b7e469344823fb3,delivery_packaging:dua,problem:quen-cho-em-dua,HAS_PROBLEM,119113,46eee99f79148f37,tu_46eee99f79148f37,negative,0.95,quên cho em đũa
590521f3d749c1dfb8c6aceb6ff1620b6d48e3af2a157f234596b2584c792c7a,price_value:gia-nay,problem:qua-it,HAS_NEGATIVE_SIGNAL,119113,fcb7b96b626108ac,tu_fcb7b96b626108ac,negative,0.94,giá này thì quá ít
c39e0773325e1fb5423c19624703adc7e89460c7d5ee21faea57dff8732f3ed5,dish:thit-bo,problem:qua-it,HAS_PROBLEM,119113,fcb7b96b626108ac,tu_fcb7b96b626108ac,negative,0.86,thịt bò được đúng 5 miếng
ae4924c3c69f50b6e526058e643791f715263937532701fa7068bce8acdc6824,dish:ngan,food_descriptor:khong-ngon,DESCRIBES_FOOD,123573,bc9536babf95c601,tu_bc9536babf95c601,negative,0.95,ngan ít không ngon
6416e2a654a5761089f0b2f08acc95dec1e8c2ccb38c73a0249d1871491b0b48,dish:ngan,food_descriptor:khong-hop-khau-vi,HAS_NEGATIVE_SIGNAL,123573,bc9536babf95c601,tu_bc9536babf95c601,negative,0.92,không hợp khẩu vị
8246df943503fb2c57a6219bae629de251b7d2927c471e4e11cfeaba96d7f2d8,dish:ngan,problem:it,HAS_PROBLEM,123573,bc9536babf95c601,tu_bc9536babf95c601,negative,0.89,ngan ít
a2ec78faa9f96303172840606df801d825480e798d64b43fbfe5b579cf945e49,dish:banh-cuon-thit-nuong,problem:khong-co-thit,HAS_PROBLEM,123573,1b8e2bc01dd97dd8,tu_1b8e2bc01dd97dd8,negative,0.97,chỉ có bánh không có thịt
6e72ca2f71c0d2b7c1a922e37440c9bd2ac21585016fdbc3c7755349295c1cc6,dish:banh-cuon-thit-nuong,problem:sai-thieu-mon,HAS_PROBLEM,123573,1b8e2bc01dd97dd8,tu_1b8e2bc01dd97dd8,negative,0.99,sai/thiếu món
1222d2bca9e1f4fad2006974775bedb973146392b2069d58cc4c1b8f21cea2f4,dish:banh-cuon-nhan,food_descriptor:thiu,DESCRIBES_FOOD,123573,c1f6af88413e331d,tu_c1f6af88413e331d,negative,0.98,bị thiu
7dccb20291522fbc62daf4f4f809d006d225a8746329c4c5e692b629b176e4c0,dish:banh-cuon-nhan,food_descriptor:hoi-thiu-mui-oi,HAS_NEGATIVE_SIGNAL,123573,c1f6af88413e331d,tu_c1f6af88413e331d,negative,0.99,hôi thiu mùi ôi
17697f17dab597e99041e5dc506f599be41d12c12ebf02943ff2b0901f27f4d1,dish:banh-cuon-nhan,problem:phai-bo-di,HAS_PROBLEM,123573,c1f6af88413e331d,tu_c1f6af88413e331d,negative,0.93,mình phải bỏ đi
fc1ff1d14a76900512aa89ac1043e11e8e289d08f9cacd4630e72ee0a94e91a7,dish:mien-ngan,food_descriptor:ngon,HAS_POSITIVE_SIGNAL,123573,c1f6af88413e331d,tu_c1f6af88413e331d,positive,0.92,miến ngan ngon
f9f67b2112bde50be3286152a62ea59379135d1ff424ab8d2a01ca9fe083ad60,food_descriptor:ngon,dish:pho-bo,DESCRIBES_FOOD,8200,0701dcca5937a133,tu_0701dcca5937a133,positive,0.42,khá ngon
ca166ec4dca6f1e3cb61495e894f10eb6fc606279079dca2415c8a2ea1c94ae4,food_descriptor:ngon,dish:com-rang,DESCRIBES_FOOD,8200,0701dcca5937a133,tu_0701dcca5937a133,positive,0.42,khá ngon
8e3bd1ef919b2ed0a03dd0b70b4893803f0a5ee9afed52ace6b07723884aa69b,delivery_packaging:dung-cu-an-uong,problem:khong-co-dung-cu-an-uong,HAS_PROBLEM,8200,2f9ecd9670068271,tu_2f9ecd9670068271,negative,0.94,không có dụng cụ ăn uống
1bfa4979b0c0947faf7573a73f1435e2057e2e298218187ad14414284895ebbf,service_quality:service,problem:khong-de-y-ghi-chu,HAS_PROBLEM,8200,5df4b148513e1de9,tu_5df4b148513e1de9,negative,0.96,có ghi chú nhma k để ý
be21a572f398faa5e0bc8443b4f58ecaf9b8be64be836dbf2adbe07126bc5a07,food_descriptor:nhat,dish:nuoc-cham,DESCRIBES_FOOD,78300,83a3a20195c197a3,tu_83a3a20195c197a3,negative,0.94,nước chấm nhạt
33212e0238959ce61745c645845174b86f40df5f39707ae24add79453a9bab0a,dish:nuoc-cham,food_descriptor:nhat,HAS_NEGATIVE_SIGNAL,78300,83a3a20195c197a3,tu_83a3a20195c197a3,negative,0.92,nước chấm nhạt
f4436fa36dedf2b13ccc4722c6b28403a4b35bb039c3f5fe6e44cb0c7bef55ce,food_descriptor:ngon,dish:thit-nuong,DESCRIBES_FOOD,78300,83a3a20195c197a3,tu_83a3a20195c197a3,positive,0.93,thịt nướng rất ngon
3376e7355917ecf85c0b72e897bd54f9766334781c11231ca1c32db25e7812d8,dish:thit-nuong,food_descriptor:ngon,HAS_POSITIVE_SIGNAL,78300,83a3a20195c197a3,tu_83a3a20195c197a3,positive,0.95,thịt nướng rất ngon
7e2968ade6b630e3afb24ff11737d92a30adb959f9543d79225f46f3e79df348,dish:thit-nuong,delivery_packaging:dong-goi-tot,MENTIONS,78300,83a3a20195c197a3,tu_83a3a20195c197a3,neutral,0.4,đóng gói tốt
c4f2e01bdea2924edb8ca1c81b07d6f595e42e2a7b7112cb8ba2b2f998269eb2,dish:thit-nuong,food_descriptor:thom,DESCRIBES_FOOD,78300,451e4ba26f1b7357,tu_451e4ba26f1b7357,positive,0.95,thịt nướng thơm
69c15094c6b9e6bbe29025b627254e18c6b147f8d562c9a4a05e632ee5834138,dish:thit-nuong,food_descriptor:day-dan,DESCRIBES_FOOD,78300,451e4ba26f1b7357,tu_451e4ba26f1b7357,positive,0.92,thịt nướng ... đầy đặn
36d3c45685617bf8667c059baa3ea7e740244ecb661cd80465d6780739d6925d,dish:banh-cuon,food_descriptor:kha-ngon,DESCRIBES_FOOD,78300,74b16fbb6370a515,tu_74b16fbb6370a515,positive,0.7,khá ngon
9f20ff4f4a96c8d5dccaa2d1a1b9d2ae973c83ea5ae8f5c54a615bee55b80809,dish:banh-cuon,food_descriptor:nhat,HAS_NEGATIVE_SIGNAL,78300,74b16fbb6370a515,tu_74b16fbb6370a515,negative,0.62,nhưng nước chấm hơi nhạt
05045468106f2550ae68bb8a82f81083a43276e8669afa35e48438190fe242bf,dish:nuoc-cham,food_descriptor:nhat,DESCRIBES_FOOD,78300,74b16fbb6370a515,tu_74b16fbb6370a515,negative,0.95,nước chấm hơi nhạt
fff96e73ada927fb686225bfb0657862aecae27d151bd0fa4806fea830ce10b8,service_quality:giao-dung-don,delivery_packaging:day-du-dung-cu-an-uong,HAS_POSITIVE_SIGNAL,78300,74b16fbb6370a515,tu_74b16fbb6370a515,positive,0.72,giao đúng đơn cho đầy đủ dụng cụ ăn uống
b8e1f73bd6ee3a2e766dd647e431e34db9a04e5f829b32c62c5de4f03195af28,dish:banh-cuon-nong,food_descriptor:ngon,DESCRIBES_FOOD,78300,d386170fcb321f69,tu_d386170fcb321f69,positive,0.84,khá ngon
560513cd5ce4095f7ee79fdb88d5eb6eb15e10a6761e227f68dc8ba151fd5ae7,dish:bun-cha,food_descriptor:ngon,DESCRIBES_FOOD,78300,d386170fcb321f69,tu_d386170fcb321f69,positive,0.84,khá ngon
fe84e9667de61584179bbd753dac925409c6fd6cb43516043c3c91a40885d9fd,dish:banh-cuon-nong,food_descriptor:ngon,HAS_POSITIVE_SIGNAL,78300,d386170fcb321f69,tu_d386170fcb321f69,positive,0.8,khá ngon
8178ce0928d84a76e4c6b9896bb81f84365fd674c3df131d6d2cc16b2aef4a3d,dish:bun-cha,food_descriptor:ngon,HAS_POSITIVE_SIGNAL,78300,d386170fcb321f69,tu_d386170fcb321f69,positive,0.8,khá ngon
f27083c1b075775dbed15c3a25e6ad078737cdbf3cced36137e34f7c849941fa,dish:banh-cuon-nong,food_descriptor:ngon-xiu,DESCRIBES_FOOD,20601,2edec273963cb0fc,tu_2edec273963cb0fc,positive,0.76,ngon xỉu
0e7c86d45fdaddc2a1fdc7869ff22892f08082f6b4f57d74f8f3f4b207e78357,dish:bun-cha,food_descriptor:ngon-xiu,DESCRIBES_FOOD,20601,2edec273963cb0fc,tu_2edec273963cb0fc,positive,0.76,ngon xỉu
961f6a0e7a7d07b5590dd97db9240483044d0513464e107e0f21c6c8c28f02e4,dish:ga-tan,food_descriptor:ngon-xiu,DESCRIBES_FOOD,20601,2edec273963cb0fc,tu_2edec273963cb0fc,positive,0.76,ngon xỉu
1016eed2bf608bc2557db4bd681ebc1fc954f63ba66eef4735d9dc6c90979bb2,dish:banh-cuon-nong,food_descriptor:ngon-xiu,DESCRIBES_FOOD,20601,763aa8c7f7f80c9d,tu_763aa8c7f7f80c9d,positive,0.74,ngon xỉu
022fc6b3e018710fc5572286ac80c756170ac295ec7f898728970c04a5c8c2ef,dish:bun-cha,food_descriptor:ngon-xiu,DESCRIBES_FOOD,20601,763aa8c7f7f80c9d,tu_763aa8c7f7f80c9d,positive,0.74,ngon xỉu
244db0d8accf06c7e1c4a515c42591eae798d752abb25e6d1a36f35bcd4af5bd,dish:ga-tan,food_descriptor:ngon-xiu,DESCRIBES_FOOD,20601,763aa8c7f7f80c9d,tu_763aa8c7f7f80c9d,positive,0.74,ngon xỉu
d91fa5eaae328b301562dc2cc2f96677c08ec94fb63ad5f9482ee9718f23e60b,dish:banh-cuon-nong-bun-cha-ga-tan,food_descriptor:kha-ngon,DESCRIBES_FOOD,20601,977df368a2f45535,tu_977df368a2f45535,positive,0.9,khá ngon
29cf4aab9a30569da89239c912db5bf594b94f1df9ab05ae883995949d2df606,dish:banh-cuon-nong-bun-cha-ga-tan,food_descriptor:kha-ngon,HAS_POSITIVE_SIGNAL,20601,977df368a2f45535,tu_977df368a2f45535,positive,0.82,khá ngon
ebc8a8bf7070720a49da24a79b7dbca6106f82e6ee4b72621a4c1ef11c6341fd,dish:banh-cuon-nong-bun-cha-ga-tan,problem:khong-hop-khau-vi,HAS_NEGATIVE_SIGNAL,20601,ba9210ac19fd695a,tu_ba9210ac19fd695a,negative,0.9,không hợp khẩu vị
f8591b96f3861bf0da02ecb73938556186388bf047b6be9bab78869bb3248eec,delivery_packaging:dua,problem:khong-cho-dua,HAS_PROBLEM,20601,fb91e2f432c34cab,tu_fb91e2f432c34cab,negative,0.9,đéo cho đũa
10751ab74b056760d2c58b07266a4bb93d113899cb6996ea341ffeae681aa8af,delivery_packaging:dua,problem:sai-thieu-mon,MENTIONS,20601,fb91e2f432c34cab,tu_fb91e2f432c34cab,negative,0.42,sai/thiếu món
20be056add35bddf36208150f02bb6b5b041c9ab929629cfd233fa226d62371f,dish:bun-cha,food_descriptor:ngon,HAS_POSITIVE_SIGNAL,9568,927f65954261571a,tu_927f65954261571a,positive,0.7,khá ngon
82cafece420cfc78486f66e64d41f91a132f92b1981b8b1afb6a1fa613fd7425,dish:banh-cuon-nong,food_descriptor:ngon,HAS_POSITIVE_SIGNAL,9568,927f65954261571a,tu_927f65954261571a,positive,0.7,khá ngon
b2e3c14595ffa584b024ed2986b2fa05699ad53134fb6147f945622b53032b22,dish:ga-tan,food_descriptor:ngon,HAS_POSITIVE_SIGNAL,9568,927f65954261571a,tu_927f65954261571a,positive,0.7,khá ngon
4e4fd378bdf408841d8f8a80585d1cba4dea189195d1420a87563ca6a25ebea8,food_descriptor:ngon,dish:bun-cha,DESCRIBES_FOOD,9568,927f65954261571a,tu_927f65954261571a,positive,0.7,khá ngon
9a99cb42f78f9d2c5e61e9eb14e0dc4d26005112297f20c18152bd1032c6cf79,food_descriptor:ngon,dish:banh-cuon-nong,DESCRIBES_FOOD,9568,927f65954261571a,tu_927f65954261571a,positive,0.7,khá ngon
a215e6d4affd02c455ac82ee0b2c301e6de9a20dd983760b8308247ae3809ff4,food_descriptor:ngon,dish:ga-tan,DESCRIBES_FOOD,9568,927f65954261571a,tu_927f65954261571a,positive,0.7,khá ngon
816c6c78126b17c6c9b1f5f94ba616611b3d9eac4223e55c7b6c79d43d8223bc,dish:bun-cha-banh-cuon-nong-ga-tan,food_descriptor:chua-dam-da,DESCRIBES_FOOD,9568,bdf31b85e91d8ea6,tu_bdf31b85e91d8ea6,negative,0.83,vị chưa đậm đà lắm
a3d073db6c115c6934641b5911b58add8318cc8f8abc47aeb97e0894add90f6d,dish:bun-cha-banh-cuon-nong-ga-tan,food_descriptor:chua-dam-da,HAS_NEGATIVE_SIGNAL,9568,bdf31b85e91d8ea6,tu_bdf31b85e91d8ea6,negative,0.8,chưa đậm đà lắm
031922a861e2d46318bc552697cdb17cf9e73d913db46280e8c45fbca4e2389e,dish:pho,food_descriptor:ngon-xiu,DESCRIBES_FOOD,12952,5468e970485d8102,tu_5468e970485d8102,positive,0.63,ngon xỉu
6f50671bef151e9bbf17bfcadc71adbcbbf9b300db3903bb6dc9e1a5ea182453,dish:com-rang,food_descriptor:ngon-xiu,DESCRIBES_FOOD,12952,5468e970485d8102,tu_5468e970485d8102,positive,0.63,ngon xỉu
8ad14d47261ecfbc36fc671b06e7bd88fdade38d1fa53ba309b5a8ba779daefc,dish:pho,price_value:dang-dong-tien,HAS_POSITIVE_SIGNAL,12952,5468e970485d8102,tu_5468e970485d8102,positive,0.57,đáng đồng tiền
6d09b3e76d982d0c1d708c4f5df908b2364b5ca89749d17843a828667a8a65d3,dish:com-rang,price_value:dang-dong-tien,HAS_POSITIVE_SIGNAL,12952,5468e970485d8102,tu_5468e970485d8102,positive,0.57,đáng đồng tiền
a7df5031a07276378e5356bb340583039b33261df31882366abf16beeed94d1c,dish:pho,delivery_packaging:dong-goi-tot,HAS_POSITIVE_SIGNAL,12952,5468e970485d8102,tu_5468e970485d8102,positive,0.52,đóng gói tốt
fadd8ba4b915dd66256b2bd85919ba139a5897f14ae2550c961e5cb6cc4c3c77,dish:com-rang,delivery_packaging:dong-goi-tot,HAS_POSITIVE_SIGNAL,12952,5468e970485d8102,tu_5468e970485d8102,positive,0.52,đóng gói tốt
06eee8b3b73c053b3a967bc951417d37116e31941a284c1042d348db715e5bd2,delivery_packaging:dong-goi,problem:chua-tot,HAS_PROBLEM,12952,64b2a3030b1c7b32,tu_64b2a3030b1c7b32,negative,0.93,đóng gói chưa tốt
67119f4b12d7d317f08697d4ec33e88b07e27acbfb9d5b57b0a51b12c331cb4e,service_quality:khong-lam-dung-ghi-chu,problem:cho-hanh-cu-du-dan-khong-hanh,HAS_PROBLEM,12952,72c184f6564a2425,tu_72c184f6564a2425,negative,0.92,không làm đúng ghi chú
940402e409629ef757aa5fadada3d8be2f73e022e759d79025aa918b1a4a6654,delivery_packaging:packaging,problem:sai-thieu-mon,HAS_PROBLEM,12952,bd2f5d7bacae733c,tu_bd2f5d7bacae733c,negative,0.76,packaging=-1.00; sai/thiếu món
b997f310dce77ef696279481ff6eb2b14fce6527c3d537cf1a65d47fe4cc11b0,dish:thit,food_descriptor:kho,DESCRIBES_FOOD,12952,5b2eb4486969f6fc,tu_5b2eb4486969f6fc,negative,0.96,thịt ... khô
5b9bda356cdbc3ea11a65c30a6e50653b25a7f32f51de19f0fd70135f23a4b5a,dish:thit,food_descriptor:nguoi,DESCRIBES_FOOD,12952,5b2eb4486969f6fc,tu_5b2eb4486969f6fc,negative,0.96,thịt ... nguội
084aa5bb88958669827c4ccc320baff5a4ced46c8db8c76d01a5e6e7f59a5aea,dish:thit,food_descriptor:cung,DESCRIBES_FOOD,12952,5b2eb4486969f6fc,tu_5b2eb4486969f6fc,negative,0.96,thịt ... cứng
70ca6e0c2d3eaef5c5b555028fa393e1fb574b04f3f57a22d9028a75e3714093,dish:com,food_descriptor:kho,DESCRIBES_FOOD,12952,5b2eb4486969f6fc,tu_5b2eb4486969f6fc,negative,0.98,cơm khô
b7243845d5d854a71555c74ae8314820114ff178e3b83cd64c7c04364e519b1f,dish:com,food_descriptor:nguoi,DESCRIBES_FOOD,12952,5b2eb4486969f6fc,tu_5b2eb4486969f6fc,negative,0.98,cơm ... nguội
5638cb9a898ca9ed6a400963dc753577c789253af283cdb6bb56201bb8bae755,dish:com,food_descriptor:cung,DESCRIBES_FOOD,12952,5b2eb4486969f6fc,tu_5b2eb4486969f6fc,negative,0.98,cơm ... cứng
5253304f99b9efbc41591ec7146cb00c4811189512af9560f5ac5ed682171f63,dish:trung,problem:thieu-mon-khi-giao,HAS_PROBLEM,12952,5b2eb4486969f6fc,tu_5b2eb4486969f6fc,negative,0.9,mô tả có trứng ... giao k thấy có
8244f4611907092bd24d304be16e6d01bc130cd321f1f71c0f4a2f5a50704099,dish:canh,problem:thieu-mon-khi-giao,HAS_PROBLEM,12952,5b2eb4486969f6fc,tu_5b2eb4486969f6fc,negative,0.9,mô tả có ... canh nhưng giao k thấy có
ab0c92883c3b70dfbecf2a0ced29e049cefca8ee73fccd2759622549e71609ed,dish:com,food_descriptor:thiu,DESCRIBES_FOOD,12952,3c096928813d087e,tu_3c096928813d087e,negative,0.95,cơm như bị thiu
781c1d9f19875f320f970af6420f5f7c8ce833d0dc310c2268aff1e683b3f866,dish:com,food_descriptor:thiu,HAS_NEGATIVE_SIGNAL,12952,3c096928813d087e,tu_3c096928813d087e,negative,0.92,bị thiu
1d77b0a22f2e33b3f2c97328ca53b90b27c81d0bc57592d0ef8ee57f0e93dcd2,delivery_packaging:dong-goi-giao-don,problem:thieu-1-hop-dui-ga-chien-mam,HAS_PROBLEM,12952,46e534350433ce38,tu_46e534350433ce38,negative,0.95,thiếu 1 hộp đùi gà chiên mắm
54c84b3eeb63812509652b25cb1f7410f4fa0b8149742658c856d79942382a52,delivery_packaging:dong-goi-giao-don,problem:thua-1-hop-com,HAS_PROBLEM,12952,46e534350433ce38,tu_46e534350433ce38,negative,0.94,thừa 1 hộp cơm
eb1ebabb9ae66758ec129a811bcd76dda339b84cd47be5e2b98cb2cc386753bc,problem:thieu-1-hop-dui-ga-chien-mam,dish:dui-ga-chien-mam,MENTIONS,12952,46e534350433ce38,tu_46e534350433ce38,negative,0.91,thiếu 1 hộp đùi gà chiên mắm
f4e46954a89ba1da8f6c5ea75b2b975302bd9b52d94d2b6465cd538f522e4e00,problem:thua-1-hop-com,dish:com,MENTIONS,12952,46e534350433ce38,tu_46e534350433ce38,negative,0.84,thừa 1 hộp cơm
0c3300a6f9493aaa77f747a7ca62ec071cc303c5d6e4e0df65a86610c00b8d89,dish:com,food_descriptor:mem,DESCRIBES_FOOD,12952,274862d85964fadf,tu_274862d85964fadf,positive,0.89,cơm mềm
520bc14f14105383e7e557391f969345b641a801fe231f9ae7a5d31b61a8d558,dish:com,food_descriptor:ngon,HAS_POSITIVE_SIGNAL,12952,274862d85964fadf,tu_274862d85964fadf,positive,0.93,cơm ngon
ea0b8511fa1964eef198bd972040b83c1c5e476cf031bad13cbe6bd394dafb4c,food_descriptor:kho,dish:com,DESCRIBES_FOOD,12952,36506a63a09386c6,tu_36506a63a09386c6,negative,0.97,cơm khô
284070800b0105d1d8b0296db3e47983a1b5f3916caa1bd9349032b586afe1c9,food_descriptor:cung,dish:com,DESCRIBES_FOOD,12952,36506a63a09386c6,tu_36506a63a09386c6,negative,0.97,cơm ... cứng
67d964dfeb350b5f60a7ab0b92b2e7a2e8d0d6ec6502965fbda0174088b4db97,food_descriptor:kho,dish:ga,DESCRIBES_FOOD,12952,36506a63a09386c6,tu_36506a63a09386c6,negative,0.95,gà thì rán quá khô
29319430504dc0f2f69398bd6bfe41108f3cf028d1d3e33624bc7f658724effc,dish:thit-bo,problem:dung-5-mieng,HAS_PROBLEM,12952,70218d6909357f0a,tu_70218d6909357f0a,negative,0.78,thịt bò được đúng 5 miếng
4eb240f9ab04825ead811f98311fa5d4410030e708256e3bfa37a63ece0cb4da,dish:ga-tan,food_descriptor:dai,DESCRIBES_FOOD,69613,099f7ca257ea665d,tu_099f7ca257ea665d,negative,0.98,gà tần thì dai
c75c6acf78f24f9c1288ae032c7f14a356ec54959daada562f3a84e7fdec0f4d,dish:banh-cuon-cha-que-voi-trung,problem:sai-thieu-mon,HAS_PROBLEM,69613,099f7ca257ea665d,tu_099f7ca257ea665d,negative,0.94,đặt 2 ... cho có 1 suất
f7163d1573597ee8f20af9bee457faa1afeb0f953902d4f25395dcfdca5c8eb4,service_quality:service,problem:sai-thieu-mon,HAS_PROBLEM,69613,099f7ca257ea665d,tu_099f7ca257ea665d,negative,0.87,service=-0.80; sai/thiếu món
6b76c5e6c54a31036fed23a0fb1998a23ea692ce84f419855179bbd8155497b1,dish:banh-cuon,problem:khong-dat,HAS_NEGATIVE_SIGNAL,69613,ea8a0b253ea205d3,tu_ea8a0b253ea205d3,negative,0.93,bánh cuốn không đạt
f754ec5418e814553ad4c3d9f42d853edbffcb9064e82596db516568fb11bb01,dish:banh-cuon-nong,food_descriptor:ngon,DESCRIBES_FOOD,69613,9a35b3927a648427,tu_9a35b3927a648427,positive,0.94,ngon
8ca5bffb0a81bf3cff0c03f68fafceb9ea8f9694fb5ef50e34946b65f07900ee,price_value:gia-ca,price_value:dang-dong-tien,HAS_POSITIVE_SIGNAL,14120,67559aa3112ab200,tu_67559aa3112ab200,positive,0.94,đáng đồng tiền
a79666de24eb8acaa18f9f7fa3f0f761c09cd82986ac5b70e6d36261f1a7a246,dish:pho,food_descriptor:ngon-xiu,HAS_POSITIVE_SIGNAL,14120,9ecc9a47456e4102,tu_9ecc9a47456e4102,positive,0.57,phở ... ngon xỉu
b5266eb345f9d0097ea24f1a2bc7e952cc1c05c5237a60df5b8589165228dc9e,dish:com-ga-xoi-mam,food_descriptor:ngon-xiu,HAS_POSITIVE_SIGNAL,14120,9ecc9a47456e4102,tu_9ecc9a47456e4102,positive,0.57,cơm gà xối mắm ... ngon xỉu
dfd27c7556d77372e1968c5e333ce1fd8c93b34be001c80ca50d1ad417d9f977,dish:pho,food_descriptor:ngon-xiu,DESCRIBES_FOOD,14120,9ecc9a47456e4102,tu_9ecc9a47456e4102,positive,0.57,ngon xỉu
969bc5e87b0ff85d2ab0e1c516f6c105254d692a2372526b91585a3131f7783e,dish:com-ga-xoi-mam,food_descriptor:ngon-xiu,DESCRIBES_FOOD,14120,9ecc9a47456e4102,tu_9ecc9a47456e4102,positive,0.57,ngon xỉu
d743ebbf2e637b722c7821d232db472f350038949ad3c297f6ee70ae6e21330c,delivery_packaging:dong-goi-tot,price_value:dang-dong-tien,MENTIONS,14120,9ecc9a47456e4102,tu_9ecc9a47456e4102,positive,0.42,"đáng đồng tiền, ... đóng gói tốt"
a4ace14d1ba0778c41a11bd5675c66845546114c197dd598cfd50bcb02c362a7,space_quality:sach-se,price_value:dang-dong-tien,MENTIONS,14120,9ecc9a47456e4102,tu_9ecc9a47456e4102,positive,0.4,"đáng đồng tiền, sạch sẽ"
8810ad299385fe867a0675eca374490db72263c8d6a0ea53b8965f7e6614b22a,dish:ga-chien,food_descriptor:do,DESCRIBES_FOOD,14120,aa4385041d14cb1d,tu_aa4385041d14cb1d,negative,0.93,gà chiên trong vẫn bị đỏ
bcabf8cb3cc1e25e6ce778c27b7ffe4c6743312c9a5b7618fdf15baada8d81eb,delivery_packaging:dong-goi,problem:tui-thung,HAS_PROBLEM,14120,aa4385041d14cb1d,tu_aa4385041d14cb1d,negative,0.97,đóng gói túi thủng
a5e97f3cc99f416f01f7d14093b800464de6d5a74af894e37094fcad8e002c9c,delivery_packaging:dong-goi,problem:chay-het-ra,HAS_PROBLEM,14120,aa4385041d14cb1d,tu_aa4385041d14cb1d,negative,0.95,chảy hết ra
f068971998d607c5c3ea6d3fdf9368b52d434def49f579b875fedd9c8bf5937f,delivery_packaging:giao-hang,problem:thieu-sot,HAS_PROBLEM,14120,4b11884cd63e838f,tu_4b11884cd63e838f,negative,0.95,giao thiếu sốt
63903ffef288390b4d726926791d819240349583318b8847545db525f9e17d37,delivery_packaging:giao-hang,location_landmark:doi-can,MENTIONS,14120,4b11884cd63e838f,tu_4b11884cd63e838f,neutral,0.2,đội cấn
48022e015fe858627fdc4563fe80f265d6323f1ab4aee3ca350e663795460c32,price_value:gia-ca,price_value:dang-dong-tien,HAS_POSITIVE_SIGNAL,2282,0ef5ee59f9b7fe94,tu_0ef5ee59f9b7fe94,positive,0.96,đáng đồng tiền
2ffef9d5715edd8f784aa35375285ba1325e332ba71e13d2fcf2f413512364b7,service_quality:service,problem:co-hanh-du-note-khong-hanh,HAS_PROBLEM,2282,1c2947421976e706,tu_1c2947421976e706,negative,0.95,note không hành vẫn cố nhét hành vào
ee6a454d9adb2627af5c70fdc684e77d3f5e4ac62bbcf7049f939f109a1a0438,service_quality:service,problem:sai-thieu-mon,HAS_PROBLEM,2282,1c2947421976e706,tu_1c2947421976e706,negative,0.97,sai/thiếu món
c62d68bfec76c6319529a034d3c8de9c4a7b47236f7b5cf56ebf5a5772b13176,dish:lon-coca,problem:thieu-lon-coca,HAS_PROBLEM,76776,effafa86aabee0dd,tu_effafa86aabee0dd,negative,0.98,thiếu lon coca
901331a2dec3e6131e69ac6e41da0e84df05682148d5271eb53fed813caac130,dish:banh-cuon-nong,food_descriptor:ngon-xiu,DESCRIBES_FOOD,76776,7fb45d001809c9f1,tu_7fb45d001809c9f1,positive,0.74,ngon xỉu
eaf8fba3be3f7adbe41070973728935c067be7f5978ddbd969f112e259aa65ee,dish:bun-cha,food_descriptor:ngon-xiu,DESCRIBES_FOOD,76776,7fb45d001809c9f1,tu_7fb45d001809c9f1,positive,0.74,ngon xỉu
b5a32f2b810306888a46c504ee45fb1cce2458d4ba2fb96a26f5569e2836f3df,delivery_packaging:bat-nhua,problem:dong-goi-chua-tot,HAS_PROBLEM,76776,772f7c0800cd85ec,tu_772f7c0800cd85ec,negative,0.9,"bát nhựa..., đóng gói chưa tốt"
44c8c2b07b9038b73b69730a9cff867039f7360f2bb5fb8a6086c74b2e1b0f83,delivery_packaging:bat-nhua,problem:dong-goi-chua-tot,HAS_NEGATIVE_SIGNAL,76776,772f7c0800cd85ec,tu_772f7c0800cd85ec,negative,0.72,đóng gói chưa tốt
b2f654a71ec021409de7f176a0ef7e174ee9ce7ef5b6105bacbcb628363984b0,delivery_packaging:hop-dung-mam,problem:thieu-hop-dung-mam,HAS_PROBLEM,76776,911b23d0362863ea,tu_911b23d0362863ea,negative,0.95,k có hộp đựng mắm
daa2fb0b84a99497479474528cb6aa4e446b89f76e57d50655754439dd9647b6,dish:rau-song,problem:thieu-rau-song,HAS_PROBLEM,76776,911b23d0362863ea,tu_911b23d0362863ea,negative,0.9,k có rau sống
b690a429c5b4b8e3800acb74cf00525e4ecb9b80d312efc3e958c2d64ed40f64,dish:banh-cuon,food_descriptor:ngon,DESCRIBES_FOOD,102812,83813775663af8ad,tu_83813775663af8ad,positive,0.92,khá ngon
bd04f1e0be9f9f52a742ca33c72d12452f6200d8d8e2a583a425020158bdbd4a,dish:banh-cuon,food_descriptor:ngon,HAS_POSITIVE_SIGNAL,102812,83813775663af8ad,tu_83813775663af8ad,positive,0.86,khá ngon
ca8b44d175c63d7ad1611db9c41de9bf4c819ab28c5a42199cd66c453f5000a8,dish:com-ga,food_descriptor:ngon-xiu,DESCRIBES_FOOD,130643,46ff9af71716ad02,tu_46ff9af71716ad02,positive,0.62,cơm gà ... ngon xỉu
2753d821c961f3c26377a654a9b1bf74c0c7b16a8498392a53334adb689f854d,dish:ga-ran,food_descriptor:ngon-xiu,DESCRIBES_FOOD,130643,46ff9af71716ad02,tu_46ff9af71716ad02,positive,0.62,gà rán ... ngon xỉu
35ec2a12f90995bc9c8bc62ea615a0ec06f9ff08efa28b263cfa3026351cd531,delivery_packaging:dong-goi-tot,dish:ga-ran,MENTIONS,130643,46ff9af71716ad02,tu_46ff9af71716ad02,neutral,0.28,đóng gói tốt
3430ce14b0b03b0cd8b2162d7c598492d0a2f0ac279024e6a12da41a35fb7def,price_value:dang-dong-tien,dish:com-ga,MENTIONS,130643,46ff9af71716ad02,tu_46ff9af71716ad02,positive,0.23,đáng đồng tiền
45c511ddd891842d51399ef15dff7455297124a52069bdfe95d607de491c3620,price_value:dang-dong-tien,dish:ga-ran,MENTIONS,130643,46ff9af71716ad02,tu_46ff9af71716ad02,positive,0.23,đáng đồng tiền
5f6abb1d132a453aa509df9f1097ccf94d4bb0901852dc09c532bb41aae4af73,service_quality:lien-he-voi-shop-khong-duoc,problem:ship-khong-co-so-cua-quan,HAS_PROBLEM,8432,900ff3d026031335,tu_900ff3d026031335,negative,0.93,ship cũng ko có số của quán để giải quyết
5243d5a9eb5ab298bcbd1c926f4826a370e077d86e493216d92d4cd70ea50a2f,service_quality:lien-he-voi-shop-khong-duoc,problem:giao-thieu-mon,HAS_NEGATIVE_SIGNAL,8432,900ff3d026031335,tu_900ff3d026031335,negative,0.77,để giải quyết
0818ba202f10c865f3928949ae096d829f73a54f80c17b07b72d98fe195fb563,problem:giao-thieu-mon,service_quality:lien-he-voi-shop-khong-duoc,MENTIONS,8432,900ff3d026031335,tu_900ff3d026031335,negative,0.68,giao 3 món... liên hệ cho shop cũng không đc
36582fd339502892a7a765e3bda546bbf7e770c33db0a5d8fc2d38f7c8f9c4f1,problem:giao-sai-mon,dish:thit-rang-chay-canh,MENTIONS,102294,a96512072ba211e8,tu_a96512072ba211e8,negative,0.78,đặt thịt rang cháy cạnh
af9ae5f9cfb5c6cf76a14f6241cf22fcd549a739c267d1fb11e591c5284f9a29,problem:giao-sai-mon,dish:thit-kho,HAS_PROBLEM,102294,a96512072ba211e8,tu_a96512072ba211e8,negative,0.89,đưa tôi thịt kho
a0a33593a1f51c84ec68e147b326887d922dd1fb6037db723e410384bb225d1d,food_descriptor:ngon-xiu,dish:com-pho,DESCRIBES_FOOD,15897,fa8a4d949b2c05fa,tu_fa8a4d949b2c05fa,positive,0.74,ngon xỉu
cc092c8045f643058aa65da8e899f4bcbe928d1aa444cf46d7803390b82098f1,dish:com-ga,food_descriptor:ngon,DESCRIBES_FOOD,130509,d8964f2eb4603782,tu_d8964f2eb4603782,positive,0.73,ngon xỉu
a20969f78545ccc14d1fed34b538e8e7ceeed9dcc2587fd52937fb28fb3de6c2,dish:ga-ran,food_descriptor:ngon,DESCRIBES_FOOD,130509,d8964f2eb4603782,tu_d8964f2eb4603782,positive,0.73,ngon xỉu
4ed58ebbf1652fbd7bc4c0de91be9d2df537a0d4c6435d2bec5e6b41fc9971bc,dish:bun-cha,food_descriptor:ngon,DESCRIBES_FOOD,17700,98ee63663e98aa54,tu_98ee63663e98aa54,positive,0.86,ngon
13dd95bd06c832594b5cff631a1da4382c1a406db4e97d60916e09b13afdb667,price_value:dang-dong-tien,dish:bun-cha,HAS_POSITIVE_SIGNAL,17700,98ee63663e98aa54,tu_98ee63663e98aa54,positive,0.62,đáng đồng tiền
fc7fa366c85f32a18880cc4dfda95927c9111407b97ed2a46a2c15ec74400129,dish:thit-nuong,problem:sai-thieu-mon,HAS_PROBLEM,17700,92ec1861a815aabb,tu_92ec1861a815aabb,negative,0.93,đặt thêm thịt nướng mà k thấy đâu
bb23da9a03ae11a3fdb0c2f1fc8bc496cde11f06ee55ba575a9666a07c022d5b,dish:rau,food_descriptor:thoi,DESCRIBES_FOOD,17700,47109f789717089b,tu_47109f789717089b,negative,0.95,rau thối
060bc37bf5ce7aa5ce58703c70bc6bfe4fda240d0e3e51010369511130aa365e,dish:rau,food_descriptor:thoi,HAS_NEGATIVE_SIGNAL,17700,47109f789717089b,tu_47109f789717089b,negative,0.9,rau thối
4273265834197d53410269c34c7ca610e1120e1dd07ccba2ed85a041625ed3d2,dish:cha,problem:giao-thieu-cha,HAS_PROBLEM,17700,47109f789717089b,tu_47109f789717089b,negative,0.88,thiếu chả
06bfa342ddebf1d94d1801ea80b9c96d40064d9aaecba53607940183edc9c04c,dish:cha,problem:sai-thieu-mon,HAS_PROBLEM,17700,47109f789717089b,tu_47109f789717089b,negative,0.8,sai/thiếu món
8724a59684ed55eb257e3182aec9699d0791bde02f52072248e48f735909a0b7,problem:giao-thieu-cha,problem:sai-thieu-mon,MENTIONS,17700,47109f789717089b,tu_47109f789717089b,negative,0.76,"giao còn thiếu chả, sai/thiếu món"
eb6e02b4bf2329fbda76b65cd46ac8ca4d7f72d82c7d3c1c747f6a65ef716d13,problem:khong-dam-bao-ve-sinh,problem:dau-bung-ia-chay,HAS_NEGATIVE_SIGNAL,17700,ed68889f9cb98025,tu_ed68889f9cb98025,negative,0.84,"đau bụng ỉa chảy, không đảm bảo vệ sinh"
a977cd2c1293df69ccfcd2103420920d69c0273b5135cb6d79b7220dc66e86d3,food_descriptor:chua,dish:bun,DESCRIBES_FOOD,17700,e7151638e10b8a47,tu_e7151638e10b8a47,negative,0.98,bún bị chua
f14ca1461814c3ff55bf64fdfea75280a46522f8ce8a77c9ed610c570f0ec83f,dish:bun,food_descriptor:chua,HAS_NEGATIVE_SIGNAL,17700,e7151638e10b8a47,tu_e7151638e10b8a47,negative,0.97,bún bị chua
2b2898070256032803730100e35adf2bcf759855b574987fa815221728ccfead,dish:bun,problem:dinh-mau-do,HAS_PROBLEM,17700,e7151638e10b8a47,tu_e7151638e10b8a47,negative,0.93,bún dính màu đỏ như hình
4ced7325158adbf01efe4c6d390fe5def7d47886ec0885321df977d99bedc65f,dish:bun,problem:dinh-mau-do,HAS_NEGATIVE_SIGNAL,17700,e7151638e10b8a47,tu_e7151638e10b8a47,negative,0.9,bún dính màu đỏ như hình
d5e7246286ead0c0d5ebdc34b3366ba9ca8f79823be5a9725b0a00bed8d534df,dish:bun-cha,problem:khong-phan-biet-duoc-bun-cha-thit-vien,HAS_PROBLEM,17700,a2a2d0d8e87867b5,tu_a2a2d0d8e87867b5,negative,0.72,k phân biệt được bún chả thịt viên
9b470679689609d8853f0b516441e80c99f72dc464d5872cf818dbdc7f891ca8,dish:thit-vien,problem:khong-phan-biet-duoc-bun-cha-thit-vien,HAS_PROBLEM,17700,a2a2d0d8e87867b5,tu_a2a2d0d8e87867b5,negative,0.66,k phân biệt được bún chả thịt viên
4cd75c022d1df6fb191d5e291f85820be8899a97a7143e4ed69a690afbbbe454,dish:bun-cha,dish:thit-vien,MENTIONS,17700,a2a2d0d8e87867b5,tu_a2a2d0d8e87867b5,neutral,0.63,bún chả thịt viên
568617cfb31526b46d4d5c500ba682433ac78d1eb1431bb5e4cbf5e52a6a03c6,dish:thit,food_descriptor:co-mui,DESCRIBES_FOOD,17700,7858f1c21124259a,tu_7858f1c21124259a,negative,0.92,thịt hơi có mùi
ec9fb591dbd23c629339bdc206d3692b188e8f61a86bef225ce444f6be3d7e3c,dish:thit,food_descriptor:co-mui,HAS_NEGATIVE_SIGNAL,17700,7858f1c21124259a,tu_7858f1c21124259a,negative,0.81,hơi có mùi
6f58d4af3a02ffaf9ecf60f269c5fcc12af670fd721f13dae014a049ccdb1eb2,dish:thit,food_descriptor:sieu-mo,DESCRIBES_FOOD,17700,b7fcd8e5f847dd90,tu_b7fcd8e5f847dd90,negative,0.97,thịt siêu mỡ
c5733cda404333190c3ceabc8b1c1ce05af97c3aa1fe55b5112538adac143500,dish:pho-bo,food_descriptor:ngon,DESCRIBES_FOOD,98870,8049448448e5ee67,tu_8049448448e5ee67,neutral,0.54,ngon xỉu
8eff4a5adbf706e02af89effffa15648b7d77f1511d760007502c1c22cfef402,dish:com-rang,food_descriptor:ngon,DESCRIBES_FOOD,98870,8049448448e5ee67,tu_8049448448e5ee67,neutral,0.54,ngon xỉu
596a4cbe2222aa62147789c77c78297195e95483a9eb7449c35bd4ce617bbfb6,dish:pho-bo,price_value:dang-dong-tien,HAS_POSITIVE_SIGNAL,98870,8049448448e5ee67,tu_8049448448e5ee67,positive,0.52,đáng đồng tiền
f6585078ee898188d5c842fba8ba9472ed7aad50d83889251afa0d48503b4ba1,dish:com-rang,price_value:dang-dong-tien,HAS_POSITIVE_SIGNAL,98870,8049448448e5ee67,tu_8049448448e5ee67,positive,0.52,đáng đồng tiền
b1780e3c87e3fffc5612496439e04c2010baaf85c2ad8217495bfc7d117ecc65,dish:pho-bo,food_descriptor:ngon,DESCRIBES_FOOD,98870,e0855c48a9bd6577,tu_e0855c48a9bd6577,positive,0.77,phở bò ... ngon xỉu
081426a9d8eed96b1a7fc7c3923b92158e67c1e97b0bf9a3dd8b6023baeb8356,dish:com-rang,food_descriptor:ngon,DESCRIBES_FOOD,98870,e0855c48a9bd6577,tu_e0855c48a9bd6577,positive,0.77,cơm rang ... ngon xỉu
fbf97eb6c6f43c204cb8b22f8682eb703951127d13fcdd2622ff3918215fafbb,dish:pho-bo,dish:com-rang,MENTIONS,98870,e0855c48a9bd6577,tu_e0855c48a9bd6577,neutral,0.6,phở bò & cơm rang
0b9d1963af214a626419c3bd9e87aad47b174975cec345d5dbef827792fe954f,dish:mon-an,food_descriptor:nhat-toet,DESCRIBES_FOOD,98870,84d3f49eb6225bd3,tu_84d3f49eb6225bd3,negative,0.95,nhạt toẹt
70cbcb32355f2497835aec72b3e82b2e86f722ceb0441357086a2026497d9290,dish:mon-an,food_descriptor:nhat-toet,HAS_NEGATIVE_SIGNAL,98870,84d3f49eb6225bd3,tu_84d3f49eb6225bd3,negative,0.93,nhạt toẹt
996cc2b7c933461d4728c40f5a426cd802f3a5e78d634caec36bfb5c044e9d43,dish:mon-an,problem:an-nhu-dam-vao-mom,HAS_PROBLEM,98870,84d3f49eb6225bd3,tu_84d3f49eb6225bd3,negative,0.88,ăn như đấm vào mồm vậy
b7435115c8abf1cd7978acd060d0d7179e75861c41cdbff7b79306fd804bc473,delivery_packaging:dong-goi,dish:mon-an,MENTIONS,98870,84d3f49eb6225bd3,tu_84d3f49eb6225bd3,neutral,0.45,chỉ được cái đóng gói đẹp
b0222f6d0891702b35ec84676fe517b1cc91b2ddd313113e85c1cf2bc3eea7d4,food_descriptor:ngon,dish:com-ga,DESCRIBES_FOOD,55835,761c58de755a634d,tu_761c58de755a634d,positive,0.77,khá ngon
b2168b1ba08bd559dfd748302a892a16d83ad7ccc69617c2ab5fde50f581aa48,dish:com-trang,problem:thieu-nuoc-sot,HAS_PROBLEM,55835,91bb22aa1962a164,tu_91bb22aa1962a164,negative,0.94,cơm trắng và thiếu nước sốt
120d094ce3fbf4d6e2a1794cd5b873cbcd7b2e723bad82d750b7cb35aae958a5,dish:nuoc-sot,problem:thieu-nuoc-sot,HAS_NEGATIVE_SIGNAL,55835,91bb22aa1962a164,tu_91bb22aa1962a164,negative,0.84,thiếu nước sốt
273c399f1da9ab111b3c7ede54e994c13db8a122027a5fa5ac1b7266bf81509d,dish:com-trang,dish:nuoc-sot,MENTIONS,55835,91bb22aa1962a164,tu_91bb22aa1962a164,neutral,0.69,cơm trắng và thiếu nước sốt
478a5783e33c8b90e71ce170247bf3980bc134397cdd7e0142fdf482a9aed148,dish:com-trang,problem:sai-thieu-mon,HAS_PROBLEM,55835,91bb22aa1962a164,tu_91bb22aa1962a164,negative,0.73,sai/thiếu món
efb488d924ce5192f6af17b285ebbd5701e8f8e582e1e686cc941a28af9d6aee,dish:com,food_descriptor:cung,DESCRIBES_FOOD,55835,486348330a0d0b79,tu_486348330a0d0b79,negative,0.96,cơm cháy vàng ăn bị cứng
e9ffe8e7c1cb767c720bfb3fb3e6fe61581645322143744fd90accfef9690f57,dish:com,food_descriptor:chay-vang,DESCRIBES_FOOD,55835,486348330a0d0b79,tu_486348330a0d0b79,negative,0.85,cơm cháy vàng
77d80f93690f6478d5cddacf1c2bc3755fa907cc53c4d619f3c04b55fcc57e97,dish:ga-nuong,food_descriptor:chay-den-1-mang,DESCRIBES_FOOD,55835,486348330a0d0b79,tu_486348330a0d0b79,negative,0.98,gà nướng bị cháy đen 1 mảng
55ac201825b04223c375323a547128344de2dd9c6056728ff3e93ca01bc8ae56,dish:ga-nuong,food_descriptor:dang,DESCRIBES_FOOD,55835,486348330a0d0b79,tu_486348330a0d0b79,negative,0.97,ăn rất đắng
731a105358802d0ef7e86d9bd79f7d25554d0dc71aeddae638e0e2e3b2018e3a,dish:nuong-mat-ong,food_descriptor:chay-den-1-mang,DESCRIBES_FOOD,55835,486348330a0d0b79,tu_486348330a0d0b79,negative,0.58,đằng này 1 mảng đen ăn đắng
f2924389747308617b590c3ef6e1360d426d8e53e4849b7aa12b3547a63c319e,dish:com,problem:that-vong,HAS_NEGATIVE_SIGNAL,55835,486348330a0d0b79,tu_486348330a0d0b79,negative,0.76,rất thất vọng từ cơm đến gà
2a8070cd73afec6f572d839c545fde8e1c2980382475df20ddc5dfa431ad6d4c,dish:ga-nuong,problem:that-vong,HAS_NEGATIVE_SIGNAL,55835,486348330a0d0b79,tu_486348330a0d0b79,negative,0.76,rất thất vọng từ cơm đến gà
d8c0cbf0c36eb7b2111c9b5e3f2ba080ccdc280c64d2f3b50e73d845c9195c98,dish:ga-nuong,problem:cuoi-ngay-ship,HAS_PROBLEM,55835,486348330a0d0b79,tu_486348330a0d0b79,negative,0.42,hình như cuối ngày ship cho mình
0db2aea13f5fa5fef37285fa4741c7a8cc742fd647628bc41d4dd6da109290ff,price_value:gia-tien,problem:khong-dang,HAS_PROBLEM,55835,77c539c7cd8b72fc,tu_77c539c7cd8b72fc,negative,0.9,không đáng với giá tiền bỏ ra
edb8c4e54603f96278d57e5e655a53faefc3537c42869c0779287970a75631d4,price_value:gia-tien,problem:khong-dang,HAS_NEGATIVE_SIGNAL,55835,77c539c7cd8b72fc,tu_77c539c7cd8b72fc,negative,0.86,không đáng
87aa335191880e6a00da92dff867e8a080231b97b4e74906d7e0bccdca890a59,dish:dui-ga,problem:con-song,HAS_PROBLEM,55835,bb2b308efa0f3d6c,tu_bb2b308efa0f3d6c,negative,0.99,đùi gà còn sống
ba0ab017dee740cbdc442dd179a91fbd00471a0bf32901c7f0c942bde5a3be34,dish:dui-ga,problem:con-song,MENTIONS,55835,bb2b308efa0f3d6c,tu_bb2b308efa0f3d6c,negative,0.72,đùi gà còn sống
7a399ba5830e10014dbccc75437b65cc50f21886cc614f0e4ccd6ce59c89dbca,dish:nuoc-canh,problem:khong-co,HAS_PROBLEM,55835,4d89347e5e937587,tu_4d89347e5e937587,negative,0.9,không có nước canh
b4ae7b82c42fdb6d0f6d6ec1e49be7db4fb50ab2e08f139d8a5ef9702c15849a,dish:nuoc-cham,problem:khong-co,HAS_PROBLEM,55835,4d89347e5e937587,tu_4d89347e5e937587,negative,0.92,không có nước chấm
50aa7d660b9218c8f9d01047bb532e00692d0728c2aa92da74bfab8efd4478e7,price_value:gia,problem:dat,HAS_NEGATIVE_SIGNAL,69293,ed59a7b8319aced8,tu_ed59a7b8319aced8,negative,0.95,giá hơi đắt
c3563796f415f832144acf90b00898a7a2d770a8b918ed7e770b99296f050bed,delivery_packaging:packaging,problem:sai-thieu-mon,HAS_PROBLEM,69293,c6e70127478be47a,tu_c6e70127478be47a,negative,0.72,packaging=-1.00; sai/thiếu món
4f535e8d7de9443ba9d028f0a6be4a48c2557adc7aea5fa6cc7f5b591cd5150f,dish:pho,dish:nuoc-canh,MENTIONS,69293,9ba5d6a60f859020,tu_9ba5d6a60f859020,neutral,0.63,nc canh ... ăn phở
d4db6c83a937694ce3ab0b93c154dbd678c9f82cc75ac9b7f1bdda5b4871c50f,dish:pho,problem:sai-thieu-mon,HAS_PROBLEM,69293,9ba5d6a60f859020,tu_9ba5d6a60f859020,negative,0.71,sai/thiếu món
68d9fb69a0fee14e631fab217dba2d00e0f8ace40f47481216e6a9607d4622e4,dish:nuoc-canh,problem:sai-thieu-mon,HAS_PROBLEM,69293,9ba5d6a60f859020,tu_9ba5d6a60f859020,negative,0.54,cho mỗi nc canh ... sai/thiếu món
90e6d681b43bf009ac18009f2ae56384d626894309132c1ae5815eea992780ed,delivery_packaging:de-rieng-nuoc-dung,problem:khong-lam-theo-ghi-chu,HAS_PROBLEM,69293,41e3d7388ca3414f,tu_41e3d7388ca3414f,negative,0.95,đã note rõ ... vẫn cho vào
f29bc22fee443e64c2dea23a163d0b71f7a548dd5cca09ae9f1f8ec8c86142c1,dish:com-ga-xoi-mam,food_descriptor:ngon-xiu,DESCRIBES_FOOD,10307,9e19a55c838d72de,tu_9e19a55c838d72de,positive,0.9,ngon xỉu
41bc059f2e82ca1a16db435184b5c29645805043c3ec8dc00e4fa43488cd99fb,price_value:dang-dong-tien,dish:com-ga-xoi-mam,HAS_POSITIVE_SIGNAL,10307,9e19a55c838d72de,tu_9e19a55c838d72de,positive,0.7,đáng đồng tiền
a906c234d0b1b7ad69a15cd787325d6191f31262ff885306e5a1e2ae2582085a,delivery_packaging:dong-goi-tot,dish:com-ga-xoi-mam,HAS_POSITIVE_SIGNAL,10307,9e19a55c838d72de,tu_9e19a55c838d72de,positive,0.66,đóng gói tốt
88003072e7fab36a3a82e72da9b572380baf1e369b9748d3c88626461a16f1da,space_quality:sach-se,dish:com-ga-xoi-mam,HAS_POSITIVE_SIGNAL,10307,9e19a55c838d72de,tu_9e19a55c838d72de,positive,0.55,sạch sẽ
5386d19ef855eea16d401c0beacf1fe6e1ecb0d96d393e911f10d1f421066f09,dish:com-ga-xoi-mam,food_descriptor:ngon-xiu,DESCRIBES_FOOD,10307,7ace4ad0db01bcdf,tu_7ace4ad0db01bcdf,positive,0.78,ngon xỉu
d50976a701771e707bc6a692c3a427c86cc72e1d9eb755d4d91f5baed2da8599,dish:com-ga-xoi-mam,food_descriptor:ngon,DESCRIBES_FOOD,10307,6f5e6fa7bf450151,tu_6f5e6fa7bf450151,positive,0.9,ngon xỉu
8a08773b03443a10a415c6d15d1bd63775b960aa9d10d26d5d6c6148523f71eb,dish:com-ga-xoi-mam,price_value:dang-dong-tien,HAS_POSITIVE_SIGNAL,10307,6f5e6fa7bf450151,tu_6f5e6fa7bf450151,positive,0.87,đáng đồng tiền
92fc9c8a19f9bc5253a23d7279f1d5b3e2e144dd2038e3fbbbc8fa988dc1dc91,dish:com-ga-xoi-mam,space_quality:sach-se,HAS_POSITIVE_SIGNAL,10307,6f5e6fa7bf450151,tu_6f5e6fa7bf450151,positive,0.8,sạch sẽ
7c6bdbdb7cb6baf8f9fd75426487aa6e4b9dcd6ed0c786b4028124a5d87518cd,dish:com-ga-xoi-mam,delivery_packaging:dong-goi-tot,HAS_POSITIVE_SIGNAL,10307,6f5e6fa7bf450151,tu_6f5e6fa7bf450151,positive,0.88,đóng gói tốt
6f22c9edf209c3a65a6445522484bd496023bad83d2bf4e0cc508228fbdfde95,dish:com-ga-xoi-mam,problem:khong-hop-khau-vi,HAS_NEGATIVE_SIGNAL,10307,a02114798e96e7c4,tu_a02114798e96e7c4,negative,0.9,không hợp khẩu vị
4f26007791c089bac856c4bdea4b611a267e185c3db8c55adb79e810dec7ee56,dish:bun-cha,food_descriptor:ngon-xiu,DESCRIBES_FOOD,49400,917fefcabca8aa10,tu_917fefcabca8aa10,positive,0.72,bún chả ... ngon xỉu
b6997c5d519fe0322c6f5e0a35ced13c8732eb6255bf2893473e1b9e0801aec1,dish:banh-cuon-nong,food_descriptor:ngon-xiu,DESCRIBES_FOOD,49400,917fefcabca8aa10,tu_917fefcabca8aa10,positive,0.72,bánh cuốn nóng ... ngon xỉu
283c36bc07b55c4d4f67484a03103568272a456eb2e3ffdd1fab87089bec3805,dish:do-uong,problem:khong-co-do-uong,HAS_PROBLEM,88782,8fa979394c7e0749,tu_8fa979394c7e0749,negative,0.94,đồ uống mà đơn thì không có
7fe3d2dc7817a29018a03553b5673cee4f4f9eab5977d86309aafbc90afdc710,dish:mon,problem:sai-thieu-mon,HAS_PROBLEM,88782,8fa979394c7e0749,tu_8fa979394c7e0749,negative,0.97,sai/thiếu món
918cf2690e591b3bff209e6a29a68ca66f5ed71cf89c50ba12831984c02c96eb,dish:do-uong,problem:khong-co-do-uong,HAS_NEGATIVE_SIGNAL,88782,8fa979394c7e0749,tu_8fa979394c7e0749,negative,0.84,không có đồ uống
00cfd4549ac0c72f62dfff8807f19fcd4911ae5b1c1571a6b3f57294071f5e9e,dish:mon,problem:sai-thieu-mon,HAS_NEGATIVE_SIGNAL,88782,8fa979394c7e0749,tu_8fa979394c7e0749,negative,0.82,sai/thiếu món
4c6fdd0253837fabc3d7edd67b178dd3bcff21e3290f140d9f96377d15507e45,service_quality:shop-cho-them-sot,problem:khong-thay-shop-cho-them-sot,HAS_PROBLEM,88782,b06905bf3e41829e,tu_b06905bf3e41829e,negative,0.92,ko thấy shop cho thêm
afb47c1438233836ab8aa46f13ae368464325599df1687d0dada0c0a4ad22ee1,dish:bun-cha,food_descriptor:ngon,DESCRIBES_FOOD,61570,b60b6f3454c67a2b,tu_b60b6f3454c67a2b,positive,0.9,ngon xỉu
01e79ddd470411102c675c35061ac117f40c585287674ff1bee5a1a3a5926b8b,dish:cha,food_descriptor:ngon,DESCRIBES_FOOD,61570,1ed00c792401d9d3,tu_1ed00c792401d9d3,positive,0.95,"chả... ngonnn!, ngon xỉu"
e7a3ad4f37be76dc3569d15d803f393d1e172d677e5e32e0090dcf590c326cdc,price_value:dang-dong-tien,dish:cha,HAS_POSITIVE_SIGNAL,61570,1ed00c792401d9d3,tu_1ed00c792401d9d3,positive,0.78,đáng đồng tiền
124137e88ee913c53001eb9f59b4612de83876e54553baa48742b71d935cd7f7,delivery_packaging:dong-goi,problem:sai-thieu-mon,HAS_PROBLEM,61570,96cecfba41e18a5c,tu_96cecfba41e18a5c,negative,0.9,packaging=-1.00; sai/thiếu món
432f69a777dce25ad514e046e136e4f2a3921947654bc2d71b56f6123953206b,dish:nem,food_descriptor:chay,DESCRIBES_FOOD,61570,ff0d13b206bbfea6,tu_ff0d13b206bbfea6,negative,0.97,nem cháy
2f1fe20c6499b34afe6fb79b60ab8104bfc0cb11be50e3b0a77aab76325cae53,dish:nem,food_descriptor:chay,HAS_NEGATIVE_SIGNAL,61570,ff0d13b206bbfea6,tu_ff0d13b206bbfea6,negative,0.93,cháy nửa cái
6ff9793d35bb67f96360bfa4d8f017390026bbfdab4a88f440e329c1591c3d89,dish:my-quang,food_descriptor:day-dan,DESCRIBES_FOOD,123151,83e919a453278642,tu_83e919a453278642,positive,0.53,đồ shop đầy đặn
b42cfd45104f903c4131e0a26a286374d0551c6653df9a4bab633186d0968080,dish:my-quang,food_descriptor:ngon-xiu,DESCRIBES_FOOD,123151,83e919a453278642,tu_83e919a453278642,positive,0.53,ngon xỉu
90ab89439a36e685571b9c55fa6b1eef95a52294b0fc651535ccaa934cc5af28,dish:com-ga-roti,food_descriptor:day-dan,DESCRIBES_FOOD,123151,83e919a453278642,tu_83e919a453278642,positive,0.53,đồ shop đầy đặn
770b35122598cabf5bb6e78d69e7615f2bb84de381bc5218c76bbf9ba3a9335b,dish:com-ga-roti,food_descriptor:ngon-xiu,DESCRIBES_FOOD,123151,83e919a453278642,tu_83e919a453278642,positive,0.53,ngon xỉu
163487eed2e1fca16177ed609ff5f4d9659f0de6557c18dfab788bd4933da050,dish:my-quang,food_descriptor:ngon-xiu,DESCRIBES_FOOD,123151,7ad0df8f1a959d64,tu_7ad0df8f1a959d64,positive,0.72,ngon xỉu
9180cc241af3f11d9ed133f731e566f8dee93e1a56cf976c823d74ef850ff2c1,dish:com-ga-roti,food_descriptor:ngon-xiu,DESCRIBES_FOOD,123151,7ad0df8f1a959d64,tu_7ad0df8f1a959d64,positive,0.72,ngon xỉu
ff608fab1318d282ec52e9f7b6775b953f80d6a4a03ce9bdb4a76d7f0f8889d5,dish:my-quang,price_value:dang-dong-tien,HAS_POSITIVE_SIGNAL,123151,7ad0df8f1a959d64,tu_7ad0df8f1a959d64,positive,0.61,đáng đồng tiền
bb4dd7da1c7edad6fa209d476de6276960fe029112a6377977bd019010df4468,dish:com-ga-roti,price_value:dang-dong-tien,HAS_POSITIVE_SIGNAL,123151,7ad0df8f1a959d64,tu_7ad0df8f1a959d64,positive,0.61,đáng đồng tiền
0b90fdcbfb8c59322eb26820160a566b2421aab292ad61e14fbaf36da1b234db,dish:my-quang,food_descriptor:delicious,DESCRIBES_FOOD,123151,7acc12499c232ce0,tu_7acc12499c232ce0,positive,0.66,delicious
f2781fe0983b9476b760d380decaa5a572f2064d431dad032d570c664b464325,dish:com-ga-roti,food_descriptor:delicious,DESCRIBES_FOOD,123151,7acc12499c232ce0,tu_7acc12499c232ce0,positive,0.66,delicious
fde2e957aa31636388a3e5af05ab1fafa43459aab0f89546693b8bb3de8dd250,dish:my-quang,food_descriptor:delicious,DESCRIBES_FOOD,123151,247cd476dd2274d3,tu_247cd476dd2274d3,positive,0.77,delicious
2d0e5e872a419a21bfce200e2f5212df578d5b6c1db6db2552753c5700fba3bc,dish:com-ga-roti,food_descriptor:delicious,DESCRIBES_FOOD,123151,247cd476dd2274d3,tu_247cd476dd2274d3,positive,0.77,delicious
f360345605182064e25a94650040857e61f0617b5dd039996751aa4d249b2850,dish:my-quang,price_value:worth-the-price,HAS_POSITIVE_SIGNAL,123151,247cd476dd2274d3,tu_247cd476dd2274d3,positive,0.64,worth the price
10e78bbe5289cb1862baaa36631f1ef514496aa4935184a0b98d3d94fe122da0,dish:com-ga-roti,price_value:worth-the-price,HAS_POSITIVE_SIGNAL,123151,247cd476dd2274d3,tu_247cd476dd2274d3,positive,0.64,worth the price
f8ab71ea6dfc9b3fbd9657ae2952e092f5f354a21edb2a4e26861a66a615437e,dish:my-quang,food_descriptor:ngon-xiu,DESCRIBES_FOOD,123151,8e5b706bd4b0b9e0,tu_8e5b706bd4b0b9e0,positive,0.56,mỳ quảng ... ngon xỉu
8b583052dada9a86f799e67fb8cdb9f9f6279800668bebca3d5e725e1f6c1d0e,dish:com-ga-roti,food_descriptor:ngon-xiu,DESCRIBES_FOOD,123151,8e5b706bd4b0b9e0,tu_8e5b706bd4b0b9e0,positive,0.56,cơm gà roti ... ngon xỉu
27f17f5fff5ada281b435e54bf753ffdba5bf255261b080b9ee45c5600866b57,price_value:dang-dong-tien,food_descriptor:ngon-xiu,HAS_POSITIVE_SIGNAL,123151,8e5b706bd4b0b9e0,tu_8e5b706bd4b0b9e0,positive,0.63,"đáng đồng tiền, ngon xỉu"
a90ea20c1ea48250288566fed4a24341f13094e49d3962f5449283d54bc5037e,delivery_packaging:dong-goi-tot,space_quality:sach-se,HAS_POSITIVE_SIGNAL,123151,8e5b706bd4b0b9e0,tu_8e5b706bd4b0b9e0,positive,0.52,"sạch sẽ, đóng gói tốt"
96872de00dee449da0ecf18cfe224445a857c929a03f6f2990f66fcca245c76f,dish:my-quang,food_descriptor:ngon,DESCRIBES_FOOD,123151,60b50c9766aedd34,tu_60b50c9766aedd34,positive,0.74,đồ ăn ngon ạ
2b1a1a96ed190e36d44d8fdfb6b53d6dec98a0f2a6caeee96ac0b77ec94ce0db,dish:com-ga-roti,food_descriptor:ngon,DESCRIBES_FOOD,123151,60b50c9766aedd34,tu_60b50c9766aedd34,positive,0.74,đồ ăn ngon ạ
bcc1a4d13b0402a33d51b3a074e9c32bdd4151aa9691a19036e456d4991459c9,delivery_packaging:dong-goi-tot,price_value:dang-dong-tien,HAS_POSITIVE_SIGNAL,123151,60b50c9766aedd34,tu_60b50c9766aedd34,positive,0.55,"đóng gói tốt, đáng đồng tiền"
eb9997a5aa2f9a2a0efa6eaaa2f0b835ce6258e21c1aad7747734a3eaf6fdfab,service_quality:chu-dap,space_quality:sach-se,HAS_POSITIVE_SIGNAL,123151,60b50c9766aedd34,tu_60b50c9766aedd34,positive,0.45,"chu đáp luôn ạ, sạch sẽ"
e736077a2758e997954f84e24bf801c5802acbf3f6b3cfd7959b60db6b1f3fae,dish:my-quang,food_descriptor:ngon,DESCRIBES_FOOD,123151,18b68499c55941a8,tu_18b68499c55941a8,positive,0.56,khá ngon
5370647e3eb800e183de6d238ff89061e4cfa8dda5d3e28096a0c05ed4cf0e2e,dish:com-ga-roti,food_descriptor:ngon,DESCRIBES_FOOD,123151,18b68499c55941a8,tu_18b68499c55941a8,positive,0.56,khá ngon
cfde78199171e864810f7a8b72f6c14f9c41c9270da91bf1898c177208f13767,dish:do-an,food_descriptor:ngon,DESCRIBES_FOOD,123151,0bd0eb3deb677e20,tu_0bd0eb3deb677e20,positive,0.95,đồ ăn ngon lắm
a44c90a4e544cd70cd241b84d6b66c063d2b72dd32e52cf9fa5d57b5d1eaa45e,dish:com,food_descriptor:ngon,DESCRIBES_FOOD,123151,0bd0eb3deb677e20,tu_0bd0eb3deb677e20,positive,0.93,cơm ... đều ngon
2d7a8f155f8e4f3b2c0e14a662708bd1b6267b9ee2c821f4f751bb88c852fc95,dish:my,food_descriptor:ngon,DESCRIBES_FOOD,123151,0bd0eb3deb677e20,tu_0bd0eb3deb677e20,positive,0.93,mỳ đều ngon
e67f4879ba8a9c0f99e90cf08a1c18da5275e402015e0ce9e642bb38deb2545f,dish:com,food_descriptor:ngon,HAS_POSITIVE_SIGNAL,123151,0bd0eb3deb677e20,tu_0bd0eb3deb677e20,positive,0.88,cơm ... đều ngon
0cee829e694a85feaf1e7215e437b4ffe3eee10efa56cd25ced73da2b9b02013,dish:my,food_descriptor:ngon,HAS_POSITIVE_SIGNAL,123151,0bd0eb3deb677e20,tu_0bd0eb3deb677e20,positive,0.88,mỳ đều ngon
2076f01ab91ba7301d83b9193ccc8a905c027d1f7282857ad3b274c0c58a9d12,food_descriptor:ngon-xiu,dish:bun-ngan-moc,DESCRIBES_FOOD,89400,3759bae0445fc67f,tu_3759bae0445fc67f,positive,0.56,ngon xỉu
22638327b2b8b698bb91d128834c216c1375c8ff17ec2fccf84733ee2e0d0104,food_descriptor:ngon-xiu,dish:banh-gio-nong,DESCRIBES_FOOD,89400,3759bae0445fc67f,tu_3759bae0445fc67f,positive,0.56,ngon xỉu
f16608bdcf4feb6cf03b047f10b60ee002e1f34b8232728e455f29f9edaf18dd,food_descriptor:ngon-xiu,dish:trung-vit-lon,DESCRIBES_FOOD,89400,3759bae0445fc67f,tu_3759bae0445fc67f,positive,0.56,ngon xỉu
9871f8a6c783a74aa27b9c76ae7837b2a7d7b4088824458f9ff75f02b099ba81,dish:bun-cha,food_descriptor:ngon-xiu,DESCRIBES_FOOD,89400,224ea7b7f54b3e5c,tu_224ea7b7f54b3e5c,positive,0.62,ngon xỉu
4caf235c2b5438d4f2b1a34a28bbc7436499f6b7575471ed5a6c76eb63ed0277,dish:bun-ngan-moc,food_descriptor:ngon-xiu,DESCRIBES_FOOD,89400,224ea7b7f54b3e5c,tu_224ea7b7f54b3e5c,positive,0.62,ngon xỉu
976865a7511da41a6c2a8d4fc340240618dd72dbc3d4ca4c9d9dcd4f76b8942d,dish:banh-gio-nong,food_descriptor:ngon-xiu,DESCRIBES_FOOD,89400,224ea7b7f54b3e5c,tu_224ea7b7f54b3e5c,positive,0.62,ngon xỉu
03a7881140dfc3709b94ca2b9fc8ecb123e31195646764599b1d22f0f302599f,dish:trung-vit-lon,food_descriptor:ngon-xiu,DESCRIBES_FOOD,89400,224ea7b7f54b3e5c,tu_224ea7b7f54b3e5c,positive,0.62,ngon xỉu
9d6b250087376e99213fdf789584d7e9146627ed83926c6ac7ca17da64fb6d3d,dish:bun-ngan-moc,food_descriptor:ngon,DESCRIBES_FOOD,89400,1950bf6f35e1fe9f,tu_1950bf6f35e1fe9f,positive,0.72,khá ngon
c939f8771e36ab35af3ca2ab9bed3ab9c5593592b42db779bf4b1344225f6cb4,dish:banh-gio-nong,food_descriptor:ngon,DESCRIBES_FOOD,89400,1950bf6f35e1fe9f,tu_1950bf6f35e1fe9f,positive,0.72,khá ngon
088ad0305a74ec46b07187b33563f9cba4ea0b6a9605defcd9da6e18044ed9ac,dish:trung-vit-lon,food_descriptor:ngon,DESCRIBES_FOOD,89400,1950bf6f35e1fe9f,tu_1950bf6f35e1fe9f,positive,0.72,khá ngon
77e8984753553d6d3baa27da2357e71ebc7bae7db8d74daf6d8ddabdfaef6834,dish:ga-tan,food_descriptor:lanh-ngat,DESCRIBES_FOOD,89681,903e4a9536d1bba1,tu_903e4a9536d1bba1,negative,0.98,gà tần bên trong còn lạnh ngắt
9cda80b3e84114066f3a8f418cdb46444462a837ca6c95d28588645ccba8228a,dish:ga-tan,problem:khong-dam-bao-ve-sinh,HAS_PROBLEM,89681,903e4a9536d1bba1,tu_903e4a9536d1bba1,negative,0.76,không đảm bảo vệ sinh
89fffb28208af34c0316f07ece7192659e17ab860993e1a8fa57b787d231a00e,service_quality:doi-nhan-dc-ma-uc-che,dish:ga-tan,MENTIONS,89681,903e4a9536d1bba1,tu_903e4a9536d1bba1,negative,0.55,đang ốm đặt đợi nhận dc mà ức chế
063f730f86bc953fd2ed3d5877183d18767fc10af88885f5a7bb61022202be95,dish:pho-cuon,food_descriptor:ngon-xiu,HAS_POSITIVE_SIGNAL,89681,a781a51e23b724dd,tu_a781a51e23b724dd,positive,0.83,ngon xỉu
1f2aa29ae224d7df6c9538b55fbb670637b4f487959fe2740d401801173527fd,dish:pho-cuon,delivery_packaging:dong-goi-tot,MENTIONS,89681,a781a51e23b724dd,tu_a781a51e23b724dd,positive,0.56,đóng gói tốt
83b0b35a712e015e9da11aeaffe74f185a1f5404f2dc2b1e3fb9c7cfa84e2de4,dish:nuoc-dung,food_descriptor:it,DESCRIBES_FOOD,89681,69c212a6c4463525,tu_69c212a6c4463525,negative,0.9,nước dùng ít
1c2367dbb5e99efa027795e6522bee476f8014624b4b06e8cd742d28a912463a,dish:nuoc-dung,food_descriptor:chua,DESCRIBES_FOOD,89681,69c212a6c4463525,tu_69c212a6c4463525,negative,0.96,bị chua
0a8587c649f718d65dddd73a6310a3ff34a873805829d84d8c5f2f07400f1003,dish:nuoc-dung,problem:khong-hop-khau-vi,HAS_NEGATIVE_SIGNAL,89681,69c212a6c4463525,tu_69c212a6c4463525,negative,0.84,không hợp khẩu vị
65f3333301d548b130cac54c92037dd8280873fe2ba24fc759e1059be7a1a9f5,service_quality:service,problem:khong-lam-dung-ghi-chu,HAS_PROBLEM,89681,8d66dd048ea74409,tu_8d66dd048ea74409,negative,0.95,không làm đúng ghi chú
2e75530645eaa88abfff56e493b2dd365970e0d891b0a4ed7ea6985657cd6f67,delivery_packaging:dong-goi,problem:chua-tot,HAS_NEGATIVE_SIGNAL,89681,8d66dd048ea74409,tu_8d66dd048ea74409,negative,0.92,đóng gói chưa tốt
c4fa891513ff9c43306af31949da3b395fa65ada1fdca874512a83670a8c1cb5,delivery_packaging:dong-goi,problem:chua-tot,HAS_PROBLEM,89681,8d66dd048ea74409,tu_8d66dd048ea74409,negative,0.78,đóng gói chưa tốt
0b3b4e5d21d79cea1732e771d1d3c11847976a1efff1feb9156a22c21c379fc1,dish:cha,food_descriptor:kho,DESCRIBES_FOOD,25452,3b37ed666df6b6d7,tu_3b37ed666df6b6d7,negative,0.98,chả thì khô
0e3697b6e55b76ef01fd6952ddd2bafa61b8e849fc81675252dee223813e8651,dish:cha,food_descriptor:nho,DESCRIBES_FOOD,25452,3b37ed666df6b6d7,tu_3b37ed666df6b6d7,negative,0.92,chả thì ... nhỏ
fe422f7d3df2fad8323e19b5a1c6405765409f7d5d4c40d5911ef2231282dad1,dish:cha,food_descriptor:quat,DESCRIBES_FOOD,25452,3b37ed666df6b6d7,tu_3b37ed666df6b6d7,negative,0.92,chả thì ... quắt
47495dabab6eba6cbfad26217daa4187c1c703673d952e95cb903f1bc832f229,delivery_packaging:dong-goi,problem:mam-do-ra-tui,HAS_PROBLEM,25452,3b37ed666df6b6d7,tu_3b37ed666df6b6d7,negative,0.98,mắm đóng ẩu đổ hết ra túi
9e0a41d1967c4b81f59b149cae2f1e3113f5502d6bdabf528a5cb914b319d7ed,delivery_packaging:dong-goi,problem:rau-bi-nhet-chung-vao-tui,HAS_PROBLEM,25452,3b37ed666df6b6d7,tu_3b37ed666df6b6d7,negative,0.9,nhét chung vào túi
54b62c5a00d20748d2a038a8e7bdab0db6e301acf9ec1c22d93e1ec797514629,delivery_packaging:dong-goi,problem:lan-vao-bun-dau-va-rau,HAS_PROBLEM,25452,3b37ed666df6b6d7,tu_3b37ed666df6b6d7,negative,0.9,lẫn hết vào cả bún đậu và rau
672148a1826e5a0a520c44f29bc4791481c7cd62f887356014995b3827c7f7a5,delivery_packaging:dong-goi,problem:khong-co-dua-thia,HAS_PROBLEM,25452,3b37ed666df6b6d7,tu_3b37ed666df6b6d7,negative,0.78,không có đũa thìa
dd684acfb2d0aa10899223959ca50a13ebd41213d77ed0d88a7c42ad81a7cceb,service_quality:khong-lam-dung-ghi-chu,problem:rau-bi-nhet-chung-vao-tui,HAS_NEGATIVE_SIGNAL,25452,3b37ed666df6b6d7,tu_3b37ed666df6b6d7,negative,0.94,note quán để riêng rau nhưng ... nhét chung vào túi
b613eb88e9bf904218b0a24e6193586dc0229d82a8e8c1ece5c914386fa45117,service_quality:khong-lam-dung-ghi-chu,delivery_packaging:dong-goi,HAS_NEGATIVE_SIGNAL,25452,3b37ed666df6b6d7,tu_3b37ed666df6b6d7,negative,0.85,"đóng gói chưa tốt, không làm đúng ghi chú"
e84438ab028e4b099011fbd2444927b1a21d1e531b508ac46267cbab43a9f160,dish:mam,problem:mam-do-ra-tui,HAS_NEGATIVE_SIGNAL,25452,3b37ed666df6b6d7,tu_3b37ed666df6b6d7,negative,0.87,mắm ... đổ hết ra túi
340e1c072a7a3895b2e42fd63757bee33001c7bc5bdea8dc094414412819c5f7,dish:bun-dau,problem:lan-vao-bun-dau-va-rau,HAS_NEGATIVE_SIGNAL,25452,3b37ed666df6b6d7,tu_3b37ed666df6b6d7,negative,0.84,lẫn hết vào cả bún đậu và rau
5f1a8a7882c8bde0a49bf407b5cefcda28005a062cfd5f1458dedee625ada35b,food_descriptor:ngon-xiu,dish:banh-cuon-nong,DESCRIBES_FOOD,25452,a0adb969bd827201,tu_a0adb969bd827201,positive,0.55,ngon xỉu
0fa98fcce0402361f97fe4974e223d74fd4e4da17583b3fc1a4a1e05c360fde0,food_descriptor:ngon-xiu,dish:bun-dau-met,DESCRIBES_FOOD,25452,a0adb969bd827201,tu_a0adb969bd827201,positive,0.55,ngon xỉu
5de605720e0704064e3119c6271470b2c3b80871187371bec6612e31cb81c7cf,food_descriptor:ngon-xiu,dish:bun-cha,DESCRIBES_FOOD,25452,a0adb969bd827201,tu_a0adb969bd827201,positive,0.55,ngon xỉu
b1496d478ecfefb85476d51c7c1ce85888d59417d7f1aade0a13d1555bb7c0aa,delivery_packaging:dong-goi-tot,dish:banh-cuon-nong,MENTIONS,25452,ae73f4d7c9283775,tu_ae73f4d7c9283775,neutral,0.52,đóng gói tốt
89e9d6b4e4ab9175b90169903e59e348163a97c8b6b259f012a52c011d2820f0,food_descriptor:ngon,dish:banh-cuon-nong,DESCRIBES_FOOD,25452,ae73f4d7c9283775,tu_ae73f4d7c9283775,positive,0.55,ngon xỉu
eec50e17102745ead3250c1717c2988f024bba382b768363c18be280570c2ebc,delivery_packaging:dong-goi-tot,dish:bun-dau-met,MENTIONS,25452,ae73f4d7c9283775,tu_ae73f4d7c9283775,neutral,0.52,đóng gói tốt
b0de39f5bab33807266558bbd43db3f36545e971587c564d8e2d81d23697cb74,food_descriptor:ngon,dish:bun-dau-met,DESCRIBES_FOOD,25452,ae73f4d7c9283775,tu_ae73f4d7c9283775,positive,0.55,ngon xỉu
a0d106a8dc4ca6e447ceefa50f9098c045cb18cb1f6086c81b2f99f929ae8fe1,delivery_packaging:dong-goi-tot,dish:bun-cha,MENTIONS,25452,ae73f4d7c9283775,tu_ae73f4d7c9283775,neutral,0.52,đóng gói tốt
71c8625841ac8414dd75cbfa7a5cce77101bb60a20aa7ab9081a421128123650,food_descriptor:ngon,dish:bun-cha,DESCRIBES_FOOD,25452,ae73f4d7c9283775,tu_ae73f4d7c9283775,positive,0.55,ngon xỉu
4cf1e2057eeca39687175816002245a8b908700cab433bc884cbbcf3dc2ae02d,dish:banh-cuon-nong,problem:khong-hop-khau-vi,HAS_NEGATIVE_SIGNAL,25452,da46b386a8c9d1f3,tu_da46b386a8c9d1f3,negative,0.62,không hợp khẩu vị
fd38416d18134ab71a2ac680635bab1f9333f99280f860716d1f1ab6adf769cd,dish:bun-dau-met,problem:khong-hop-khau-vi,HAS_NEGATIVE_SIGNAL,25452,da46b386a8c9d1f3,tu_da46b386a8c9d1f3,negative,0.62,không hợp khẩu vị
8bc25d3c097e8b68012dbedb9447dfe5964aa6ba8a9aff6da45a552e4a77b23c,dish:bun-cha,problem:khong-hop-khau-vi,HAS_NEGATIVE_SIGNAL,25452,da46b386a8c9d1f3,tu_da46b386a8c9d1f3,negative,0.62,không hợp khẩu vị
16ca2d2bd865f80080c549192687f343c172feb5c2ddde9c6fb1b2023edea46c,dish:banh-cuon,price_value:gia,HAS_NEGATIVE_SIGNAL,25452,549480671ff43341,tu_549480671ff43341,negative,0.93,55k 1 phần bánh cuốn
d3c3094317d0194a6854d226ed99da13f182a428fa08e3c4275a36ac3b673e10,dish:nuoc-cham,problem:it,HAS_PROBLEM,25452,549480671ff43341,tu_549480671ff43341,negative,0.8,ít nước chấm
5403e22050cb3faeb57b75ce9694d79992eed720dd9f0bf806a8df19374c6703,dish:cha,food_descriptor:be-ti,DESCRIBES_FOOD,25452,549480671ff43341,tu_549480671ff43341,negative,0.9,chả bé tí
6544206a86ae85b21ad1f2a27915d0df8cf4834cb561b4202eca0e02daa4576c,dish:do-an,food_descriptor:it,DESCRIBES_FOOD,25452,6a940be03d9c02b0,tu_6a940be03d9c02b0,negative,0.92,đồ ăn ít
32b657f83f17dec753c695e2c75876f79ee0ba29fd2b8526195fee97c567633a,dish:do-an,problem:khong-dam-bao,HAS_PROBLEM,25452,6a940be03d9c02b0,tu_6a940be03d9c02b0,negative,0.9,k đảm bảo
3b92d3f40e8cae44d0a9a4d5f62d9eaaddc01558a436d0bb9d82141a6a1d6cf9,dish:cuon,food_descriptor:lanh-ngat,DESCRIBES_FOOD,2267,8e25cdb00214755d,tu_8e25cdb00214755d,negative,0.97,cuốn lạnh ngắt
7c3fc7d2284afe0c1d325c2e5d5f3e5026b9090f9e337b566e567dec11354f02,dish:cuon,food_descriptor:khong-thom,DESCRIBES_FOOD,2267,8e25cdb00214755d,tu_8e25cdb00214755d,negative,0.93,vị không thơm
8e58e46a51bf030a8d529e075df690c24e00331e22b986f0aa3679785bb34d06,dish:cuon,problem:do-cu,HAS_PROBLEM,2267,8e25cdb00214755d,tu_8e25cdb00214755d,negative,0.8,như đồ cũ
9d28cf4fea6ccb135fdb1a6030fd78fc2254c1ac78d4845d34fb87e6ca0138db,dish:cuon,problem:khong-hop-khau-vi,HAS_NEGATIVE_SIGNAL,2267,8e25cdb00214755d,tu_8e25cdb00214755d,negative,0.95,không hợp khẩu vị
ec4b2525e637c94062e8215317b9e267cf5d482cf004404b2210e1b98424a27f,dish:goi-cuon,food_descriptor:ngon-xiu,DESCRIBES_FOOD,2267,91eb1636ea67708c,tu_91eb1636ea67708c,positive,0.92,ngon xỉu
35ef9e7d54a0d761f5227da27eb92a5b917b8462fa77f1c93192037bc2978bd9,dish:nem-nuong,food_descriptor:ngon-xiu,DESCRIBES_FOOD,2267,91eb1636ea67708c,tu_91eb1636ea67708c,positive,0.92,ngon xỉu
64f9125e31ac3872fe35f6da5bdc94439f18bc600f17c6308ef70dadde196a13,delivery_packaging:dong-goi,problem:chua-tot,HAS_PROBLEM,2267,09538b39f53d0fd9,tu_09538b39f53d0fd9,negative,0.95,đóng gói chưa tốt
7a3fbb026a47fac42c6f98f8e2cc705ec522bc91c3eb19d4ac0320f889a3e8f1,dish:goi-cuon,food_descriptor:nhu-moi-bo-tu-tu-lanh-ra,DESCRIBES_FOOD,2267,02c14a98bce4c09a,tu_02c14a98bce4c09a,negative,0.82,đồ ăn như mới bỏ từ tủ lạnh ra
1a3a831c5e91580b09494ab6ee277d6d5e7b12924a2c6788cfb287009ba2f139,dish:goi-cuon,food_descriptor:cung-ngach,DESCRIBES_FOOD,2267,02c14a98bce4c09a,tu_02c14a98bce4c09a,negative,0.93,vỏ cuốn ăn cứng ngách
7df1917157876a42d0a4c010c25dbb9ad92f510461c80ecea26f863f43ab2a21,dish:goi-cuon,problem:muon-non,HAS_PROBLEM,2267,02c14a98bce4c09a,tu_02c14a98bce4c09a,negative,0.86,ăn muốn nôn
8b94f193ffcd2350fc77c48de3d16dfe3cd853634263f48a4eaaa69a5f83886f,dish:goi-cuon,problem:khong-hop-khau-vi,HAS_PROBLEM,2267,02c14a98bce4c09a,tu_02c14a98bce4c09a,negative,0.88,không hợp khẩu vị
1a77c0052109382430b734eea409961b7cb84984d3e240fdea613f74ad5637b2,dish:goi-cuon,problem:khong-dam-bao-ve-sinh,HAS_PROBLEM,2267,02c14a98bce4c09a,tu_02c14a98bce4c09a,negative,0.93,không đảm bảo vệ sinh
c044a7bf6112d3fbb1c7036eb52038bb8bb71c89b52fc1623a0c36d047a1a70f,service_quality:doi-hang,dish:goi-cuon,MENTIONS,2267,02c14a98bce4c09a,tu_02c14a98bce4c09a,positive,0.61,đã ok cho đổi hàng
9755c9a5bc988dce53f682d170568740074b769a924f8467af519df7538f0361,dish:goi-cuon,problem:goi-san,HAS_PROBLEM,2267,e84f5e32f60af4dc,tu_e84f5e32f60af4dc,negative,0.9,gỏi cuốn quán gói sẵn
9f45fb76548fc0f6f2176335f23ba4e7f474ef1a14e75624310dfa70ac36cd39,dish:goi-cuon,problem:de-tu-lanh,HAS_PROBLEM,2267,e84f5e32f60af4dc,tu_e84f5e32f60af4dc,negative,0.89,xong để tủ lạnh
5ef7c753cf6d5f21150baff2043ead224fa3e4a561fa60987e4d953973abd151,dish:bun,food_descriptor:kho-cung,DESCRIBES_FOOD,2267,e84f5e32f60af4dc,tu_e84f5e32f60af4dc,negative,0.97,bún khô cứng lại luôn
9480c48ce8b51a4b262b0936c0051591aeebd70136f1ea8b656ea47c2ec5e362,dish:vo-banh-trang,food_descriptor:cung,DESCRIBES_FOOD,2267,e84f5e32f60af4dc,tu_e84f5e32f60af4dc,negative,0.96,vỏ bánh tráng cũng cứng
a1806b54967d40f86179245dc6e9348206fd4c84ddfa39494d3fe14f68301b9d,dish:thit,food_descriptor:lanh-ngat,DESCRIBES_FOOD,2267,e84f5e32f60af4dc,tu_e84f5e32f60af4dc,negative,0.96,thịt lạnh ngắt
31e428ad8c7f82d5aeb12bfd3712eb0f76e859c722ac0d4d576d19182c60d42e,dish:goi-cuon,food_descriptor:nhu-nhai-rom,DESCRIBES_FOOD,2267,e84f5e32f60af4dc,tu_e84f5e32f60af4dc,negative,0.84,nhai như nhau rơm
c6df3b65c2e962ace559304597ef055ee3c3cee86491265933690c73d7032c83,dish:goi-cuon,problem:khong-dam-bao-ve-sinh,HAS_PROBLEM,2267,e84f5e32f60af4dc,tu_e84f5e32f60af4dc,negative,0.99,không đảm bảo vệ sinh
e5cffede3cdce3c5496bc420342cb2221d701330c6940782693a74bbde751cdb,dish:do-an,delivery_packaging:goi-san,MENTIONS,2267,b8475d035066796c,tu_b8475d035066796c,neutral,0.79,đồ ăn shop được gói sẵn
0e0620ca4c928695f6ee714c701b94e7a0a537e3af7111066d0b5e05940f9e23,dish:do-an,problem:de-tu-lanh,HAS_PROBLEM,2267,b8475d035066796c,tu_b8475d035066796c,negative,0.9,xong để tủ lạnh
e193f72542df8ec79566b6772d975ab7c863f001af0466c344d1d5133cd59516,food_descriptor:an-lanh,dish:do-an,DESCRIBES_FOOD,2267,b8475d035066796c,tu_b8475d035066796c,negative,0.88,ăn lạnh
c5342f38f23f07fd75f786435b07511f1a41a5bfa05f021850db4ecfcd2a9136,dish:do-an,food_descriptor:an-lanh,HAS_NEGATIVE_SIGNAL,2267,b8475d035066796c,tu_b8475d035066796c,negative,0.93,ăn lạnh không hợp với tôi
b041bc9b39f34c87ac3f8703232d87198ace297ad86e2b74877238749994ee96,dish:goi-cuon,problem:de-tu-lanh,HAS_PROBLEM,2267,edded15a88972a1d,tu_edded15a88972a1d,negative,0.94,cuốn để tủ lạnh
c0d51dd2971b63626ef4f33d7196722dc4f9c437ff49964f9f7b245eb10bd78e,dish:goi-cuon,food_descriptor:cung,DESCRIBES_FOOD,2267,edded15a88972a1d,tu_edded15a88972a1d,negative,0.84,vỏ cứng
f25fb52a1c669a4d74fa2904bdc24cbb09478ede66c7b7e927eaf44bfefe1220,dish:goi-cuon,food_descriptor:giong-nhai-rom,DESCRIBES_FOOD,2267,edded15a88972a1d,tu_edded15a88972a1d,negative,0.8,giống nhai rơm
09257e016f605fd7a0d7277c2f244dd24fac9325a000644df1f8ac50a034bc2d,dish:bun,food_descriptor:cung,DESCRIBES_FOOD,2267,edded15a88972a1d,tu_edded15a88972a1d,negative,0.96,bún cứng
296b440f00a4df78ed4ca91aeb4d01a0b40bdbe46c5b5d24f9c7868f3f69a535,dish:rau,food_descriptor:heo,DESCRIBES_FOOD,2267,edded15a88972a1d,tu_edded15a88972a1d,negative,0.95,rau héo
2725be32bf703c782a98ea9336dc7fe9394a5813ea99e4052f14cc714d99b2fe,dish:goi-cuon,food_descriptor:nhu-nhai-da,DESCRIBES_FOOD,2267,ad05ebfce273c231,tu_ad05ebfce273c231,negative,0.96,gỏi cuốn ra nhai dùm xem có nuốt được không
41b47510b056b4800b5bf22b0610c4b0c5e128cc02e019d134b1d564e908457c,dish:goi-cuon,problem:de-tu-ngan-da,HAS_PROBLEM,2267,ad05ebfce273c231,tu_ad05ebfce273c231,negative,0.72,để tủ ngăn đá hay sao
1adea3d238fb5e6f5094ae5027dc47ba12e8d0fc424d553bd28037443bc5932d,dish:mam-nem,problem:khong-giao-mam-nem,HAS_PROBLEM,2267,ad05ebfce273c231,tu_ad05ebfce273c231,negative,0.97,mua mắm nêm nhưng k giao mắm nêm
0e7dc3a034997099aa13398d2b16ff9845accc63c88de2a4fa4928349bc06761,dish:bi-chao,problem:khong-co-bi-chao,HAS_PROBLEM,2267,ad05ebfce273c231,tu_ad05ebfce273c231,negative,0.9,gỏi cuốn bì chạo cũng k có
212a7d6b8b6b927156fce816c0a45d753a6710dc6a4d730f9b716ebc37ca9bc3,dish:goi-cuon,problem:khong-co-bi-chao,HAS_PROBLEM,2267,ad05ebfce273c231,tu_ad05ebfce273c231,negative,0.84,gỏi cuốn bì chạo cũng k có
b70341d87bb7108c398448bdc734a4c4793a25a96df623f32dfd5020e2cb54a3,price_value:don-165k,dish:goi-cuon,HAS_NEGATIVE_SIGNAL,2267,ad05ebfce273c231,tu_ad05ebfce273c231,negative,0.75,đơn 165k mà muốn ném mẹ ra thùng rác
8f9ff5072162a365962aa85e0d9d987542bf5eab7c753ba56ec19ee9cdf6891a,dish:bun,food_descriptor:cung,DESCRIBES_FOOD,2267,1e6515ff2a837e72,tu_1e6515ff2a837e72,negative,0.98,bún thì cứng
71201c6fe1f644c24d80566645e50cf8d64942592299f0824a97893a62bef593,dish:bun,food_descriptor:cung,HAS_NEGATIVE_SIGNAL,2267,1e6515ff2a837e72,tu_1e6515ff2a837e72,negative,0.9,bún thì cứng
bd766535692520fd48e36775dece0aacd718a08ad5af4b30c97a7c8e291d0ddf,dish:do-an,food_descriptor:lanh-ngat,DESCRIBES_FOOD,2267,1e6515ff2a837e72,tu_1e6515ff2a837e72,negative,0.97,đồ ăn lạnh ngắt
8dddb10a02483f34b91e7494669a2b3ee5eaf2fb0e9d22232ba2386f5a340ec0,dish:do-an,food_descriptor:lanh-ngat,HAS_NEGATIVE_SIGNAL,2267,1e6515ff2a837e72,tu_1e6515ff2a837e72,negative,0.92,đồ ăn lạnh ngắt
348adcff2b3d21c80b6f60a502a87281791a5d77efe0a50954ea4bd6557f597e,dish:goi-cuon,food_descriptor:lanh-ngat,DESCRIBES_FOOD,2267,9cae6c72cd441aaa,tu_9cae6c72cd441aaa,negative,0.94,gỏi cuốn... lạh ngắt
b4fc54020faea54ab72786fe2499d2b198918e479cca7e03431f528506ea48d2,dish:goi-cuon,food_descriptor:toan-la-nuoc,DESCRIBES_FOOD,2267,9cae6c72cd441aaa,tu_9cae6c72cd441aaa,negative,0.95,toàn là nước
c0f46a2e473f1e46ede2b01facda443d27046290e6a2133fd15b896a09311fe1,dish:goi-cuon,problem:moi-ra-dong-ra,HAS_PROBLEM,2267,9cae6c72cd441aaa,tu_9cae6c72cd441aaa,negative,0.88,mới rã đông ra
65214a3f63dd7d2f357453638178a65efd55e7f4f4ad62c3e9c63d92c7659bfc,dish:nuoc-mam,food_descriptor:nc-lanh,DESCRIBES_FOOD,2267,9cae6c72cd441aaa,tu_9cae6c72cd441aaa,negative,0.91,nước mắm thì như nc lạnh
5821621ed3238b1d299e7e3e12d2b0966a0b6a060d96c9e2e147c861e25f1e29,dish:thit,food_descriptor:dai,DESCRIBES_FOOD,36147,ac9e68b30fa1e507,tu_ac9e68b30fa1e507,negative,0.95,thịt dai lắm
06f42e771a764f8c5950b270bd5fef77e79f6d9673aeb50d729da61fd2b56fa4,dish:thit,food_descriptor:dai,HAS_NEGATIVE_SIGNAL,36147,ac9e68b30fa1e507,tu_ac9e68b30fa1e507,negative,0.86,dai lắm
40a4c9b1b3f9ced0ee10cae92a8ab82f5a270b0bc5be04bf99d27acbb68642dd,dish:mam-tom,problem:te-kinh-khung,HAS_NEGATIVE_SIGNAL,54641,88bedb6022c43043,tu_88bedb6022c43043,negative,0.7,mắm tôm cho thế này
023cc43a3222d1e286f768f4d0187442ed6bcf3a68113f5c479928e90ab2c2eb,dish:nom-bo-kho,food_descriptor:leo-teo,DESCRIBES_FOOD,54641,88bedb6022c43043,tu_88bedb6022c43043,negative,0.95,nộm bò khô thì lèo tèo
adf1d2b3ac174c09078d165e7ad08892c0a1a3c6d60c6e3b291e6c03fbeef74c,dish:nom-bo-kho,food_descriptor:be-teo,DESCRIBES_FOOD,54641,88bedb6022c43043,tu_88bedb6022c43043,negative,0.95,5 miếng bé tẹo
cade71487b42f90da9419ac7321a01e54877c18ad07edbbcaa492299b55c6d42,delivery_packaging:dong-goi-chua-tot,problem:te-kinh-khung,HAS_NEGATIVE_SIGNAL,54641,88bedb6022c43043,tu_88bedb6022c43043,negative,0.82,"đóng gói chưa tốt, tệ kinh khủng"
dcf71debc4341e8ff9c10fcd8b4b65d1a277df19e8d04d803f2b1e434840eb2a,problem:sai-thieu-mon,problem:te-kinh-khung,HAS_NEGATIVE_SIGNAL,54641,88bedb6022c43043,tu_88bedb6022c43043,negative,0.82,"sai/thiếu món, tệ kinh khủng"
94b606a099ed4c0abdb09a67dcd2d8ae9c6d6b975a6dfdcd4fe13e54ba2b68d6,problem:khong-lam-dung-ghi-chu,problem:te-kinh-khung,HAS_NEGATIVE_SIGNAL,54641,88bedb6022c43043,tu_88bedb6022c43043,negative,0.8,không làm đúng ghi chú
1210a60609dcddbd40124500e58ab8c091d713aa0179c53fcb1512a4a2348666,problem:khong-hop-khau-vi,dish:bun-dau,MENTIONS,54641,fa5ea18d83e3ce1c,tu_fa5ea18d83e3ce1c,negative,0.52,không hợp khẩu vị
1b96bbea7fa383b5a9962b6fd49241e207ee8a86c9eef06c314f6492e1098f01,problem:khong-hop-khau-vi,dish:nem-nuong-nha-trang,MENTIONS,54641,fa5ea18d83e3ce1c,tu_fa5ea18d83e3ce1c,negative,0.52,không hợp khẩu vị
dd91ff368385552381a4fa21c9a5209b49db105fc15d40164fa349ad80a3791d,problem:khong-hop-khau-vi,dish:pho-cuon,MENTIONS,54641,fa5ea18d83e3ce1c,tu_fa5ea18d83e3ce1c,negative,0.52,không hợp khẩu vị
e1e54bff33b370311b3f704bbb4a1da262304da91b932893a609ea5468baadeb,dish:do-an,food_descriptor:nguoi,DESCRIBES_FOOD,54641,e53ce367e02f8236,tu_e53ce367e02f8236,negative,0.94,đồ ăn thì nguội
1b2565b9687c18f023b0476eb5b9bfe95afe21c4589b914227ad4e72d9c96f7f,dish:thit,food_descriptor:chua-chin,DESCRIBES_FOOD,54641,e53ce367e02f8236,tu_e53ce367e02f8236,negative,0.97,thịt chưa chín
4044979059d02c4f058ca84fee79b78960bc4b9d298eea49dc77661076ec85cb,dish:lap-xuong,food_descriptor:luoc,DESCRIBES_FOOD,54641,e53ce367e02f8236,tu_e53ce367e02f8236,neutral,0.72,lạp xưởng luộc
c7fb50610dfeff47d9f57b48274b292793a95ef97d3182d565bd9abd5a7fd347,dish:mam-tom,food_descriptor:khong-ngon,DESCRIBES_FOOD,54641,e53ce367e02f8236,tu_e53ce367e02f8236,negative,0.96,mắm tôm không ngon
5bd8eb13ddbe6265f004e08f4702788ca59888db45ea1335308fba2033e80fa8,dish:do-an,problem:khong-dam-bao-ve-sinh,HAS_PROBLEM,54641,e53ce367e02f8236,tu_e53ce367e02f8236,negative,0.9,không đảm bảo vệ sinh
6b9e04877ed7a5b4b57a06c5c69058cc43b83a3ed8ac61014bc8a81c8eeda272,dish:do-an,food_descriptor:leo-teo,DESCRIBES_FOOD,54641,38cae2b60e2321c3,tu_38cae2b60e2321c3,negative,0.95,đồ ăn lèo tèo
1cdf00e65fda207e379f7b07c86ae07d76d1bfc7e1914deff12b21495c6b90a2,dish:do-an,food_descriptor:khong-ngon,DESCRIBES_FOOD,54641,38cae2b60e2321c3,tu_38cae2b60e2321c3,negative,0.97,không ngon
3dcd9d62d1bce012f1850edcd203c594ecb56ceb7d9d6c73d6e875fb1d910775,dish:do-an,food_descriptor:mui-hoi,DESCRIBES_FOOD,54641,38cae2b60e2321c3,tu_38cae2b60e2321c3,negative,0.96,mùi hôi
cbe36e6ea7d9cf306fe9307ddf2f370a4e8c3cd4fbde4360775a597e4df54137,dish:do-an,problem:cleanliness,HAS_PROBLEM,54641,38cae2b60e2321c3,tu_38cae2b60e2321c3,negative,0.56,mùi hôi
17d50290fc8b366a06d81497e51c7fe8eb88745d5dad71f91581eb4673b47625,service_quality:service,problem:khong-huy-don,HAS_PROBLEM,54641,bac9a552a4f47f34,tu_bac9a552a4f47f34,negative,0.91,đ bán đc thì huỷ đơn đi
f6f9c4f31e8e34237eac9348d7b324fe17105b7298ba5aade279eec920281521,service_quality:service,problem:ban-the-nay,HAS_NEGATIVE_SIGNAL,54641,bac9a552a4f47f34,tu_bac9a552a4f47f34,negative,0.84,bán thế này cũng mở bán à
067171f0e1b4e0fb99ff87531744818c2f775b6b0af755b475cba96c83f27373,dish:mam-tom,problem:cho-nhieu-mam-tom-qa-troi,HAS_PROBLEM,54641,29018a9f5aeada2f,tu_29018a9f5aeada2f,negative,0.91,cho nhiều mắm tôm qa trời
e9bd77a6776a17fd60b2a6c42759ef6c0d0b6ffde398932ac352402794c2f161,dish:mon-an,food_descriptor:be-ti-teo,DESCRIBES_FOOD,54641,252abfac4775dc9e,tu_252abfac4775dc9e,negative,0.92,bé tí tẹo bằng cái ngón tay
9950fdffbc6df14b5706c52c69390cd82630745e9c1bafe767805dcd0db65699,dish:mon-an,problem:lua-dao,HAS_PROBLEM,54641,252abfac4775dc9e,tu_252abfac4775dc9e,negative,0.88,bán lừa đảo
b98b8e40a829e577d9e13b5d5aade413233d2f0b62e442da1167df078f970f62,dish:mon-an,dish:tom,HAS_NEGATIVE_SIGNAL,54641,252abfac4775dc9e,tu_252abfac4775dc9e,negative,0.79,ko thấy tôm
332d2da8f41194f253b5ebb905e1c2b70bd132c7c4600d5a1651979746c5031a,price_value:gia,problem:lua-dao,HAS_NEGATIVE_SIGNAL,54641,252abfac4775dc9e,tu_252abfac4775dc9e,negative,0.71,price=-0.90; bán lừa đảo
11df7b6fb769d42be7d0145f7f9176f90a7030dee2eb54b81a730c2f985f4830,delivery_packaging:dong-goi,problem:thieu-dua-thia,HAS_PROBLEM,6930,40e0b9e7ecd6a914,tu_40e0b9e7ecd6a914,negative,0.9,không cho đũa thìa
fef285259f0500e5a67db9ffbb8e9b2ab864bfb872ecb0c1d00c910ccab6849a,delivery_packaging:dong-goi,problem:thieu-ong-hut,HAS_PROBLEM,6930,40e0b9e7ecd6a914,tu_40e0b9e7ecd6a914,negative,0.91,không có ống hút
bd89fb129967537589b42bf2ba1dbd54d253a51d38f4a7f908b8b98326e19d99,service_quality:thieu-trach-nhiem,problem:thieu-dua-thia,HAS_PROBLEM,6930,40e0b9e7ecd6a914,tu_40e0b9e7ecd6a914,negative,0.8,có thể làm việc trách nhiệm hơn
3737e75fe18c66928693cce6fa557517bfc34456ef233c02d0d29a0fda85cbe0,service_quality:thieu-trach-nhiem,problem:thieu-ong-hut,HAS_PROBLEM,6930,40e0b9e7ecd6a914,tu_40e0b9e7ecd6a914,negative,0.79,có thể làm việc trách nhiệm hơn
7a3b7832783754130b6225d0a2568a9a2dd494d1730ed99a99889db14bb0d73c,dish:com-ga-xoi-mo,problem:khau-phan-it,HAS_PROBLEM,42458,cf9b4b3a97a559bf,tu_cf9b4b3a97a559bf,negative,0.82,được 3 miếng chết rét
869581be5bf70f9a04244f7e401cee9857fc122656dbd4d9a0d0fada8ccad206,dish:com-ga-xoi-mo,problem:sai-thieu-mon,HAS_PROBLEM,42458,cf9b4b3a97a559bf,tu_cf9b4b3a97a559bf,negative,0.95,sai/thiếu món
0fc538a18c4752ebcab9eb838a3a3dedd060d7b106922ecf3f2123ed79076451,dish:com-ga-xoi-mo,problem:khong-dam-bao-ve-sinh,HAS_PROBLEM,42458,cf9b4b3a97a559bf,tu_cf9b4b3a97a559bf,negative,0.97,không đảm bảo vệ sinh
63077b5b9653be6c2aa424bb3aa6f5c4d110887bc91549f10e59802f90713dff,dish:com-ga-xoi-mo,food_descriptor:ngon-xiu,DESCRIBES_FOOD,42458,dc9f6493a67a24e0,tu_dc9f6493a67a24e0,positive,0.86,ngon xỉu
893062d90111ed701d54bd7356a66634c9035ca7e8f6a394d02004ec1a6b19f8,dish:com-ga-xoi-mo,delivery_packaging:dong-goi-tot,HAS_POSITIVE_SIGNAL,42458,dc9f6493a67a24e0,tu_dc9f6493a67a24e0,positive,0.72,đóng gói tốt
ceead33bc17c6469de1b1a04715463bc1ee2c007b14df8daaefb2fd3fb142c1f,dish:com-ga-xoi-mo,space_quality:sach-se,HAS_POSITIVE_SIGNAL,42458,dc9f6493a67a24e0,tu_dc9f6493a67a24e0,positive,0.7,sạch sẽ
11b9456d84b5c73d9c0f3714a7ea43d9f79729e15ea2a58933be3e1e4a970bb5,dish:do-an,food_descriptor:ngon,DESCRIBES_FOOD,42458,d4088243f18a96f8,tu_d4088243f18a96f8,positive,0.9,ngon xỉu
a903f60fa7dea2408a0fa1234b176c87f06e8f5923e0dab9216de53e9c4cdd08,food_descriptor:ngon,dish:com-ga-xoi-mo,DESCRIBES_FOOD,42458,50f7099402d925c6,tu_50f7099402d925c6,positive,0.83,khá ngon
49c47cd088163581cf641b2aa60ac09e6100fef43d40698e5f68957c429035ec,delivery_packaging:dong-goi,space_quality:sach-se,HAS_POSITIVE_SIGNAL,56543,900878ba4ef77287,tu_900878ba4ef77287,positive,0.7,"đóng gói tốt, sạch sẽ"
5781c0fd40d1d2f85282868ea08bb6095f59cf8e809c7f514595409164ff5f04,dish:khoai-tay-chien,problem:sai-thieu-mon,HAS_PROBLEM,56543,5b213efa90740564,tu_5b213efa90740564,negative,0.9,"thiếu khoai tây chiên rồi, sai/thiếu món"
718e40d8ca850d35b9d7fe64d0a83ae4133d8afbe7d6f02ef57ff387142b9049,dish:mang,food_descriptor:cay,DESCRIBES_FOOD,62951,2de599b03a754faf,tu_2de599b03a754faf,neutral,0.9,măng hơi cay
5f94ab107dec2ffe6e81d54523aa07c40e7ff511b717ab2a1951cc5860c663f1,delivery_packaging:dong-bun-trong-hop,delivery_packaging:nuoc-trong-tui-zip-dam-bao,MENTIONS,62951,2de599b03a754faf,tu_2de599b03a754faf,neutral,0.52,"đóng bún trong hộp, nước trong túi zip"
aae83cac0fe752a6ef11e23f3c53ac50a790bdfb8d7c4eb0e9dc9985ead6dbe9,dish:bun-ca-mang-cay,food_descriptor:ngon-xiu,HAS_POSITIVE_SIGNAL,62951,eef0724c614fbd74,tu_eef0724c614fbd74,positive,0.58,bún cá măng cay ... ngon xỉu
741e64fdbe5b4942bd2582b81f0cb79684bc32abe515ff921b8302564da68e4a,dish:bun-hai-san-cat-ba,food_descriptor:ngon-xiu,HAS_POSITIVE_SIGNAL,62951,eef0724c614fbd74,tu_eef0724c614fbd74,positive,0.58,bún hải sản cát bà ... ngon xỉu
d67666049a60842f50f6de97b6e5ec7707369db375d940997a0178fe91a739fa,dish:bun-ca-mang-cay,delivery_packaging:dong-goi-tot,HAS_POSITIVE_SIGNAL,62951,eef0724c614fbd74,tu_eef0724c614fbd74,positive,0.52,đóng gói tốt
7aedf0e38cb7ca1ff672087791dd9ca4965562ccda7e3ee2e14bf7b1c0e7f833,dish:bun-hai-san-cat-ba,delivery_packaging:dong-goi-tot,HAS_POSITIVE_SIGNAL,62951,eef0724c614fbd74,tu_eef0724c614fbd74,positive,0.52,đóng gói tốt
63e432ea9bb0c7597efd3247006d9b34ab047c930fba527b23701d16d69168dc,dish:bun-ca-mang-cay,price_value:dang-dong-tien,HAS_POSITIVE_SIGNAL,62951,eef0724c614fbd74,tu_eef0724c614fbd74,positive,0.52,đáng đồng tiền
d81dbdce8dfd332465b4f4368c4cb37a65deb440de61fbde86a35d18ee54bcbd,dish:bun-hai-san-cat-ba,price_value:dang-dong-tien,HAS_POSITIVE_SIGNAL,62951,eef0724c614fbd74,tu_eef0724c614fbd74,positive,0.52,đáng đồng tiền
f02d271034eadb2c70a2352bfa27e0ede8993f5c072f0d0bb1feeb0eaf15d4c6,dish:bun-ca-mang-cay,space_quality:sach-se,HAS_POSITIVE_SIGNAL,62951,eef0724c614fbd74,tu_eef0724c614fbd74,positive,0.5,sạch sẽ
a5c25deb04cfaee05143b2143ac35781ae5737ebd94a75714a0a80cb34be251d,dish:bun-hai-san-cat-ba,space_quality:sach-se,HAS_POSITIVE_SIGNAL,62951,eef0724c614fbd74,tu_eef0724c614fbd74,positive,0.5,sạch sẽ
fddcd3e65b95e25d0fc7aad0a499dbd138eed77ed80124a459c17edb4817a0f4,dish:bun-ca-mang-cay,food_descriptor:ngon,DESCRIBES_FOOD,62951,d1dd79589df34f20,tu_d1dd79589df34f20,positive,0.72,ngon xỉu
88050ecbd1f078307514f94599c7f462e8fe368856d664df7b0a85014df36067,dish:bun-hai-san-cat-ba,food_descriptor:ngon,DESCRIBES_FOOD,62951,d1dd79589df34f20,tu_d1dd79589df34f20,positive,0.72,ngon xỉu
6dfa5fc11685a20182924aada7d561cf893bd09411c9d9720e2a8d08f0af1ef2,delivery_packaging:dong-goi-tot,dish:bun-ca-mang-cay,MENTIONS,62951,d1dd79589df34f20,tu_d1dd79589df34f20,positive,0.57,đóng gói tốt
e523f42873915a31d7e568b3602add6fd44569212c5225525650f06107d8e796,delivery_packaging:dong-goi-tot,dish:bun-hai-san-cat-ba,MENTIONS,62951,d1dd79589df34f20,tu_d1dd79589df34f20,positive,0.57,đóng gói tốt
20117812eb1b6f3384992a85933d8206bf3a404abfc1bd0866d7a8a25e117585,price_value:dang-dong-tien,dish:bun-ca-mang-cay,MENTIONS,62951,d1dd79589df34f20,tu_d1dd79589df34f20,positive,0.54,đáng đồng tiền
3c23b4a82c02103568a9192f705cbebc44ef61c972e7835d1c842157574b5bfc,price_value:dang-dong-tien,dish:bun-hai-san-cat-ba,MENTIONS,62951,d1dd79589df34f20,tu_d1dd79589df34f20,positive,0.54,đáng đồng tiền
fcf6d3ade026059112516045588287f954c984ee03475c146bacbdf10db63d2d,dish:bat-bun,food_descriptor:ngon,DESCRIBES_FOOD,62951,99cffbcc762d9c5e,tu_99cffbcc762d9c5e,positive,0.79,khá ngon
5e419b761e2663e2b3844bb5ae231302e249afe46aa68b0a4bb71a26fe8bf59e,dish:bat-bun,food_descriptor:cay,DESCRIBES_FOOD,62951,99cffbcc762d9c5e,tu_99cffbcc762d9c5e,negative,0.92,vừa cay
9187c77bd92ffd3d11c91b7aa1b480e48e08bd330766a803fe28c710666b2b0c,dish:bat-bun,food_descriptor:man,DESCRIBES_FOOD,62951,99cffbcc762d9c5e,tu_99cffbcc762d9c5e,negative,0.93,vừa mặn
0d07af9865df1efec4a1f4e7227ac58f01bae0faed7b644593bd9292e735bd2c,dish:bat-bun,delivery_packaging:de-mang-rieng,HAS_NEGATIVE_SIGNAL,62951,99cffbcc762d9c5e,tu_99cffbcc762d9c5e,negative,0.76,shop nên để măng riêng
e7b8822f3ba679750d139d183df9419e00c58a2117cda781054e59fe9663b541,dish:bat-bun,problem:khong-co-quat,HAS_PROBLEM,62951,99cffbcc762d9c5e,tu_99cffbcc762d9c5e,negative,0.95,không có quất nữa
bb9897839fd64682dd44395ea5894de936c298374f2fff616b5808d384775ab2,dish:bun-ca-mang-cay,problem:khong-hop-khau-vi,HAS_NEGATIVE_SIGNAL,62951,3243aea3fb160dd8,tu_3243aea3fb160dd8,negative,0.62,không hợp khẩu vị
f8964b0b9aa953465e8fbc8e8ac7b4d4a6e2f1e281ccfb91cb1672018eb0b517,dish:bun-hai-san-cat-ba,problem:khong-hop-khau-vi,HAS_NEGATIVE_SIGNAL,62951,3243aea3fb160dd8,tu_3243aea3fb160dd8,negative,0.62,không hợp khẩu vị
b793ccec2df8540740785c9b43631efcb05aaed1bf225fcba935fa82f4b8e182,service_quality:lam-dung-ghi-chu,problem:khong-lam-dung-ghi-chu,HAS_PROBLEM,62951,c411e8692ce138f5,tu_c411e8692ce138f5,negative,0.95,không làm đúng ghi chú
a222a6979a8d201f59a570eb4fbf97b91dd5ca4c83f5c8a216dc56167a0a230e,dish:mang,food_descriptor:ngon,HAS_POSITIVE_SIGNAL,62951,74581fa841e8de98,tu_74581fa841e8de98,positive,0.95,măng ngon
fad5dd2f006412d611f45718137db9d468dc79aaf190342feae8d4add6e08c10,audience:3-nguoi,problem:dau-bung,HAS_PROBLEM,62951,35e21401053e4d88,tu_35e21401053e4d88,negative,0.95,3 người ... ai cũng đau bụng
19a6d59eb6c3a9902ad0f0570a00bd377b2df56f9ef815b6163b0e746bed5584,audience:3-nguoi,problem:dau-bung,MENTIONS,62951,35e21401053e4d88,tu_35e21401053e4d88,negative,0.73,3 người ... đau bụng
365e68e531497cfe8777366e3b75b0c70c44bcf9007fcbb14f35680a5b9ee0d4,problem:it-com,dish:com,DESCRIBES_FOOD,31215,97e3ce40102959d1,tu_97e3ce40102959d1,negative,0.93,ít cơm
b9fd73e7e900f9ecccefa1692f5cfd6889a7ee05cc374c85fc8f1a06d020d630,delivery_packaging:dong-goi,problem:dong-goi-kem,HAS_PROBLEM,31215,97e3ce40102959d1,tu_97e3ce40102959d1,negative,0.97,đóng gói kém
300b620775ff4df191c043d4e72ebbfa991414f929abc4b25f6c265cbfda0e83,delivery_packaging:dong-goi,problem:dong-goi-chua-tot,HAS_PROBLEM,31215,97e3ce40102959d1,tu_97e3ce40102959d1,negative,0.96,đóng gói chưa tốt
6451c0a43428e21ea1dd45ce099e1b3a4adbe1a10ea4b4b7b44863fadd9cb2f8,dish:com,problem:cha-co-them-gia-vi,HAS_NEGATIVE_SIGNAL,31215,97e3ce40102959d1,tu_97e3ce40102959d1,negative,0.76,chả có thêm gia vị
14f63643ac20e92fb95e0c07ef39422854ebddd455f0db9f0987d85dd68a67dc,delivery_packaging:dong-goi,problem:sai-thieu-mon,HAS_PROBLEM,31215,2217e401e1a6cac9,tu_2217e401e1a6cac9,negative,0.76,packaging=-1.00; sai/thiếu món
c5a1d3438f014d7ef442962df5a7398e838e401562d61fb1afb46bc514f645e4,delivery_packaging:dong-goi,problem:chua-tot,HAS_NEGATIVE_SIGNAL,31215,15f24fd824b20ae3,tu_15f24fd824b20ae3,negative,0.91,đóng gói chưa tốt
35fbfe3d44be45aaf6da140faec2efd2a8c6108f5ba89e97468ca74b82c637bd,dish:com,problem:thieu-1-xuat-com,HAS_PROBLEM,31215,d065c03c4ffea6ed,tu_d065c03c4ffea6ed,negative,0.96,thiếu hẳn 1 xuất cơm
a4351585457f72990903403f2d9d1e909f6d1849195732818ee88b86b2505c69,dish:com,problem:sai-thieu-mon,HAS_PROBLEM,31215,d065c03c4ffea6ed,tu_d065c03c4ffea6ed,negative,0.88,sai/thiếu món
1a05c25554399ef4acf8d2ced027a9a7ebded1001176b38bca204b5e511bbcbc,problem:2-cang-toc,problem:khong-dam-bao-ve-sinh,HAS_NEGATIVE_SIGNAL,31215,89d075a0aa6814c3,tu_89d075a0aa6814c3,negative,0.9,"thấy 2 cậng tóc, không đảm bảo vệ sinh"
3ce17b60b90add65504dccd8a3742694072ce942802cc92e1a92f424126afd2a,problem:ban,problem:khong-dam-bao-ve-sinh,HAS_NEGATIVE_SIGNAL,31215,89d075a0aa6814c3,tu_89d075a0aa6814c3,negative,0.88,bẩn ... không đảm bảo vệ sinh
c4931f70e0e18c295f5746a6a8da03686839590d92716644f6bf1e31c8dd7d37,food_descriptor:ngap-thit,dish:com-rang,DESCRIBES_FOOD,31215,93a402f56e2d457a,tu_93a402f56e2d457a,positive,0.9,cơm rang ngập thịt
c4dc319fb6bf888560770471289a3d962c0328e6f4185fdfa3b6e45ae1e9070c,dish:com-rang,food_descriptor:ngap-thit,HAS_POSITIVE_SIGNAL,31215,93a402f56e2d457a,tu_93a402f56e2d457a,positive,0.74,ngập thịt
a332a248196e120f46619c36413eda688f413755ffc760a139bbc7ed53c7e5b0,dish:cai-bo,problem:khong-co-rau-voi-tom,HAS_PROBLEM,31215,25b9ca016135aca1,tu_25b9ca016135aca1,negative,0.71,cải bò ... k có rau vơia tôm
1246bd92446f6312f070f3b3265c9aff3112c425c9ecaffaedcac0ecd45072ed,dish:hai-san,problem:khong-co-rau-voi-tom,HAS_PROBLEM,31215,25b9ca016135aca1,tu_25b9ca016135aca1,negative,0.75,hati sản gì k có rau vơia tôm
1816624b2197fd203ae2fa625ecfa012497c06eb578e39e62f6576ce1e37339b,dish:cai-bo,problem:toan-hanh,HAS_PROBLEM,31215,25b9ca016135aca1,tu_25b9ca016135aca1,negative,0.74,toàn hành là hành
fc3bc1b9f54a3e8f55aecea7465cca65ae2a053fdf5243076a0b7bd89a2d48c1,dish:hai-san,problem:toan-hanh,HAS_PROBLEM,31215,25b9ca016135aca1,tu_25b9ca016135aca1,negative,0.78,toàn hành là hành
c5d77dfd655d863fb09866215ac44aac182c507009567d3c69a9a13ea8213f1b,dish:cai-bo,problem:qua-te,HAS_NEGATIVE_SIGNAL,31215,25b9ca016135aca1,tu_25b9ca016135aca1,negative,0.8,quâ tệ
5c34a28a3f543983ec972b0f6cb2ed9006d0d723004ded279297c56576319e44,dish:hai-san,problem:qua-te,HAS_NEGATIVE_SIGNAL,31215,25b9ca016135aca1,tu_25b9ca016135aca1,negative,0.82,quâ tệ
7176eea5b15752fab748156840d52463c8eac2cd9c5f6b66c5104bead392b0b0,dish:cai-bo,problem:khong-bao-gio-quay-lai-mua-nua,HAS_NEGATIVE_SIGNAL,31215,25b9ca016135aca1,tu_25b9ca016135aca1,negative,0.76,k bgio quay lại mua nữa
ad68b744990a15b6caa65f2705d6693661b05808c0764ad625438ec362bde728,dish:hai-san,problem:khong-bao-gio-quay-lai-mua-nua,HAS_NEGATIVE_SIGNAL,31215,25b9ca016135aca1,tu_25b9ca016135aca1,negative,0.78,k bgio quay lại mua nữa
d49e49b9cf7a790aaa89a25eee1c7c32e5e2b56e8367623c1a6541ba70a5f7b1,dish:com-rang,food_descriptor:it,DESCRIBES_FOOD,31215,15d59bfb7f2d1e46,tu_15d59bfb7f2d1e46,negative,0.91,cơm rang vừa ít
2338ab56b1ce21516595b0d6ea7999f3b24883b8a57ef42b90d5096a379314ef,dish:com-rang,price_value:dat,HAS_NEGATIVE_SIGNAL,31215,15d59bfb7f2d1e46,tu_15d59bfb7f2d1e46,negative,0.95,cơm rang vừa đắt
37a049edf7a7df281fa5d2e46b7e959b306885f8c53986c3644115819e0621b6,dish:canh,problem:thieu-canh,HAS_PROBLEM,31215,15d59bfb7f2d1e46,tu_15d59bfb7f2d1e46,negative,0.93,thiếu canh
ab8b34d18084492d574bf4e54972ac28aeb52be0388fb9537aded75bed751b8a,dish:canh,price_value:20k,HAS_NEGATIVE_SIGNAL,31215,15d59bfb7f2d1e46,tu_15d59bfb7f2d1e46,negative,0.72,xuất thêm 20k
a7b54da262a3fed167e209e451fcf705c6860bd395f9a09dd7f84d4efd5200d6,dish:banh-trang,food_descriptor:ngon-xiu,DESCRIBES_FOOD,67574,ab54ab4aec3693d2,tu_ab54ab4aec3693d2,positive,0.78,bánh tráng mập; ngon xỉu
30cbcacb33e02f53e1254e07793b48357953ab9dd636b09e84457eca808f24ef,dish:banh-trang,delivery_packaging:dong-goi-tot,HAS_POSITIVE_SIGNAL,67574,ab54ab4aec3693d2,tu_ab54ab4aec3693d2,positive,0.58,đóng gói tốt
adc1e9b142d444cc92b71f2cbc95a8ac16988973d71d9d2a7748a5912de64037,dish:banh-trang,price_value:dang-dong-tien,HAS_POSITIVE_SIGNAL,67574,ab54ab4aec3693d2,tu_ab54ab4aec3693d2,positive,0.62,đáng đồng tiền
bbd79bd110d33b85fa6a88be464bae314963ef18ddd63af06105b882dd8872a4,dish:banh-trang,space_quality:sach-se,HAS_POSITIVE_SIGNAL,67574,ab54ab4aec3693d2,tu_ab54ab4aec3693d2,positive,0.55,sạch sẽ
b8e6d196433b0e0a54a41b8f6aff4e7a74215ca96c9a52eb962d5448ef10a0b3,dish:banh-trang,food_descriptor:ok,DESCRIBES_FOOD,67574,4302bb1a72071919,tu_4302bb1a72071919,positive,0.78,vị cũng ok
d4efe01a9ee298b5d0a42792f74e1eba4e700835e8556529ea1aa6bff3387226,dish:banh-trang,food_descriptor:hop-khau-vi,DESCRIBES_FOOD,67574,4302bb1a72071919,tu_4302bb1a72071919,positive,0.92,bánh tráng hợp khẩu vị mình
9360d7625fb65bdb050d28735bbe638d95154083bd02687a800cf36611c620fc,dish:nem,problem:sai-thieu-mon,HAS_PROBLEM,7160,25b1e6eb67492c5d,tu_25b1e6eb67492c5d,negative,0.97,k có nem
0f68b1bc9dcd27804e1c80b49fc1cef0a92063362666c5169c8ca6c051603e4c,delivery_packaging:delivery-packaging,problem:sai-thieu-mon,HAS_NEGATIVE_SIGNAL,7160,25b1e6eb67492c5d,tu_25b1e6eb67492c5d,negative,0.86,sai/thiếu món
fc11cd8d5932b3dab057a43a093a4dc4db712243c328fea98d48d69bfc5a5c7a,dish:bun,dish:nem,MENTIONS,7160,25b1e6eb67492c5d,tu_25b1e6eb67492c5d,neutral,0.7,bún + nem
52577b2ed9a26dd1119475ac55ae74c1c9824c084e16a4bd4c22b410e42d5a18,dish:bun-cha,food_descriptor:ngon,DESCRIBES_FOOD,7160,8679f22357aed085,tu_8679f22357aed085,positive,0.93,khá ngon
c8c7b6de5cead4517633a7f8eea37e3cc2fca9e9d9fe89804b5e551f665dc743,dish:bun-cha,food_descriptor:ngon,HAS_POSITIVE_SIGNAL,7160,8679f22357aed085,tu_8679f22357aed085,positive,0.88,khá ngon
a76266859a807e74502fc42bc69e4d84f96cc85358b44172bce917eb740f8a9a,delivery_packaging:dong-goi,problem:sai-thieu-mon,HAS_PROBLEM,7160,7816a82a55175fd2,tu_7816a82a55175fd2,negative,0.72,"đóng gói chưa tốt, sai/thiếu món"
23861edcb412a9922ce9b41e89ebfd6483299a833c7d22b5c4927d6925bf7f18,delivery_packaging:dong-goi,problem:khong-dam-bao-ve-sinh,HAS_PROBLEM,7160,7816a82a55175fd2,tu_7816a82a55175fd2,negative,0.61,"đóng gói chưa tốt, không đảm bảo vệ sinh"
758c0229436f1caad9846de3a54ceba6ef2db73040aca83ff688f18690a77bb7,delivery_packaging:tui-nilong,problem:khong-co-dung-cu-an,HAS_PROBLEM,7160,34ca550bc9873ce6,tu_34ca550bc9873ce6,negative,0.89,"không có dụng cụ ăn, chỉ mình túi nilong"
7b046866241fede20510c181799e78efbaaf9498be43bfd19606eb3c14099ec0,dish:rau,food_descriptor:ban,DESCRIBES_FOOD,7160,9932f5dfc00d95ea,tu_9932f5dfc00d95ea,negative,0.94,rau bẩn
a099cc5f30462727bfbb4bdedcd6f3799a77b07683257c744563b34c6934c1bd,dish:rau,problem:rat-te,HAS_NEGATIVE_SIGNAL,7160,9932f5dfc00d95ea,tu_9932f5dfc00d95ea,negative,0.74,tệ rau bẩn
7515feb577d6993a52cb4ec26a20de3fc9589750add31799eed7ee31cbdc5c0c,delivery_packaging:do-dung,problem:khong-co-do-dung,HAS_PROBLEM,7160,aabf932f9f57891b,tu_aabf932f9f57891b,negative,0.98,k có đồ đựng
4cc8e107fd5146255b8afa41abe019153ee6bfccaf1292fe5e0a656dc444b0eb,dish:com-banh-mi-nuong-trung-hoa,food_descriptor:ngon,DESCRIBES_FOOD,117526,1bdf4b1bba8d72f2,tu_1bdf4b1bba8d72f2,positive,0.9,ngon xỉu
1a80055205dbf6faa1c44de9914164072cde235f2b82543215cadd50a8a139de,dish:com,food_descriptor:nhao,DESCRIBES_FOOD,8919,b1a7cdf91b9deb5a,tu_b1a7cdf91b9deb5a,negative,0.98,cơm thì nhão
2d17ab99e7c6d959057d87207b7f426accb2093fe59c41a2fea40bc983064d50,dish:suon,problem:phan-suon-it,HAS_PROBLEM,8919,b1a7cdf91b9deb5a,tu_b1a7cdf91b9deb5a,negative,0.9,3 miếng sườn nhỏ
04143b411641b10c168aea4a22fc6dc130df5230ae892af1f45eafa23f5eaefa,dish:com,problem:khong-hop-khau-vi,HAS_NEGATIVE_SIGNAL,8919,b1a7cdf91b9deb5a,tu_b1a7cdf91b9deb5a,negative,0.74,không hợp khẩu vị
3c08a25d88f99d391fa281b89e6b4a0f3b1b38c2ba840ebf18cae786ab57076e,dish:suon,problem:khong-hop-khau-vi,HAS_NEGATIVE_SIGNAL,8919,b1a7cdf91b9deb5a,tu_b1a7cdf91b9deb5a,negative,0.74,không hợp khẩu vị
bfde6241eba27218de71c95bba32a6774bbceb770e744fdbe7c5e84ab81a6159,dish:com-suon,food_descriptor:man,DESCRIBES_FOOD,8919,18b48fefad4016c1,tu_18b48fefad4016c1,negative,0.9,hơi mặn
45dcbb61726ef6b93046de25fdaf1cad07a7c53d7715e8208ba39ef1c72ed8ff,dish:com-suon,dish:com,HAS_POSITIVE_SIGNAL,8919,18b48fefad4016c1,tu_18b48fefad4016c1,positive,0.76,ăn với cơm ok
3467b91450ba02491389fe6ce0e62556abba0b330d94d259bce15fb0b8819ae5,dish:com-ba-chi,dish:tom-chua,MENTIONS,8919,18b48fefad4016c1,tu_18b48fefad4016c1,neutral,0.87,ghi có tôm chua
370bf6521f8f1a5bb709d93120497255cbd8c9b3dcd4389d2202523173a003ef,dish:com-ba-chi,problem:thieu-tom-chua,HAS_PROBLEM,8919,18b48fefad4016c1,tu_18b48fefad4016c1,negative,0.97,về không có
999b21f9e96f734247223f0f7c052762abcb2c43205a69b0ff062751b71dd86e,dish:com-thit,dish:tom-chua,MENTIONS,8919,18b48fefad4016c1,tu_18b48fefad4016c1,neutral,0.78,thấy có tôm chua
70a5fcad487ecd487455f4706656a04f98b20e826477bcd15a5836c160022078,dish:com-thit,problem:thieu-tom-chua,HAS_PROBLEM,8919,18b48fefad4016c1,tu_18b48fefad4016c1,negative,0.82,về k có
31ab13833303809448884288d335202094b9cf3e961bfd2fe9320e784501bfa3,dish:com-thit,problem:that-vong,HAS_NEGATIVE_SIGNAL,8919,18b48fefad4016c1,tu_18b48fefad4016c1,negative,0.84,hơi thất vọng
e5bf682ecbbb53fe8aa9733ec9515ef876967aff83ac1908b2a6a78f81720dda,dish:com,food_descriptor:ngon,DESCRIBES_FOOD,8919,575dfd1b034f4fb2,tu_575dfd1b034f4fb2,positive,0.95,cơm ngon
fe8422ce7eafd95f5570f50ab679444deb29e4e323c0c65bbd66b802ce4c3042,price_value:gia-70k-phan-com-nay,price_value:hop-li,HAS_POSITIVE_SIGNAL,8919,575dfd1b034f4fb2,tu_575dfd1b034f4fb2,positive,0.77,có vocher nên mình thấy cũng hợp lí
e68bd236a281d1602c946df97103003209e2437666585f9db64015e0503b0c66,dish:gao,problem:chat-luong-gao-giam-di,HAS_PROBLEM,8919,80099ccb265ac9e4,tu_80099ccb265ac9e4,negative,0.9,chất lượng gạo ... bị giảm đi
e20b41e93b8bb7499415375418b72ae391029b208a9a098bc6b0b6ffbd075643,dish:gao,food_descriptor:chan,DESCRIBES_FOOD,8919,80099ccb265ac9e4,tu_80099ccb265ac9e4,negative,0.75,ăn gạo rất chán
97deac754df8717a800c4a25c19f27a703e3e5d8693cc8bcca320e6b9e075104,delivery_packaging:dong-goi,delivery_packaging:tot,HAS_POSITIVE_SIGNAL,123211,1bab8c1b14db1949,tu_1bab8c1b14db1949,positive,0.9,đóng gói tốt
da7687ab7123c0bd3abdbb1a1e9494ee233d592b2c782ee687baf4223959ca4a,delivery_packaging:dong-goi,price_value:dang-dong-tien,MENTIONS,123211,1bab8c1b14db1949,tu_1bab8c1b14db1949,positive,0.57,"đóng gói tốt, đáng đồng tiền"
14c96268f22f9ed2626793aac8b2091fe825e2409436d4a47526f5102ec48d13,dish:bi-them,problem:quen-bi-them,HAS_PROBLEM,123211,91e92ec5c322768d,tu_91e92ec5c322768d,negative,0.88,quên bì thêm
de7cebb617ba1e64732355ceae3fa00c64af97712c2e9191c68cf60d2c3110b2,dish:com,food_descriptor:do,DESCRIBES_FOOD,123211,50ef4362f8f8134e,tu_50ef4362f8f8134e,negative,0.98,quá dở
c9fca080a08ec3f799b249e7c2f4c572659e43f6893d5c25bfb6bce49e5e1dcd,dish:com,food_descriptor:cha-ra-gi,DESCRIBES_FOOD,123211,50ef4362f8f8134e,tu_50ef4362f8f8134e,negative,0.98,ăn chả ra gì
bf70be8a731a43b9176a0758c4c72dd8af745f12525080875457aad16651af33,dish:com,problem:mat-khach,HAS_PROBLEM,123211,50ef4362f8f8134e,tu_50ef4362f8f8134e,negative,0.72,cơm làm như vậy mất khách
03c1c909d58f7fdc2f136f85f08bed352d321ea0b098339ca647eaa9d299f202,dish:do-an,food_descriptor:ngon,DESCRIBES_FOOD,111026,b68a6b5bb2a419db,tu_b68a6b5bb2a419db,positive,0.95,ăn ngon
4070302fe98567049e4ded5604820565be87080b59ff4c807b7ce992bb5ffa25,price_value:gia,problem:dat,HAS_NEGATIVE_SIGNAL,111026,e8bca208b6a3c6a6,tu_e8bca208b6a3c6a6,negative,0.93,giá hơi đắt
5b24425382c8c220c215ec62594651c12013c66c0a65a065e52cac8b5b1fcab5,dish:canh,problem:sai-thieu-mon,HAS_PROBLEM,111026,b8af31a85447ad32,tu_b8af31a85447ad32,negative,0.9,canh ... không giao
40f3d26e441bde5d5eedfe0e6ef456086a39d22bcc5948c4cb868990449f5554,dish:trung-op,problem:sai-thieu-mon,HAS_PROBLEM,111026,b8af31a85447ad32,tu_b8af31a85447ad32,negative,0.91,trứng ốp mà quán không giao
61972eeb221b8f83ed4127d7d10797536c19b2fcf1878d56ab99456ab09ec823,delivery_packaging:packaging,problem:sai-thieu-mon,HAS_NEGATIVE_SIGNAL,111026,b8af31a85447ad32,tu_b8af31a85447ad32,negative,0.72,sai/thiếu món
79306bda0a33e5ea54268c0c9aba60ade14d271b850f1d0f2d0e5ebca090dce2,food_descriptor:day-dan,dish:com,DESCRIBES_FOOD,111026,e09cb6ab3c43bd07,tu_e09cb6ab3c43bd07,positive,0.92,cơm đầy đặn
5b65e34618a2cf20086030da4f3b79936d97549ac65e6da469f82e79d75f44c9,dish:com,problem:it-sot-di-kem,HAS_PROBLEM,111026,e09cb6ab3c43bd07,tu_e09cb6ab3c43bd07,negative,0.94,hơi ít sốt đi kèm
b6f3cf7e4c0862920c3d328a3e5732081fd619aa1a895ec941e91c61c7c4cdcc,dish:bun-cha,food_descriptor:ngon-xiu,DESCRIBES_FOOD,27416,edd5aca45f90c75f,tu_edd5aca45f90c75f,positive,0.9,ngon xỉu
676a86f67a1d9b18ddce5ef1753094518839740ebdf2ec3d2050ef2f8df28ffc,dish:bun-cha,food_descriptor:khac,DESCRIBES_FOOD,27416,edd5aca45f90c75f,tu_edd5aca45f90c75f,neutral,0.43,khác
5ca06d05af72da68738e97d4b3b902471b6fea014d827516771b1da03204c70c,dish:bun-cha,delivery_packaging:dong-goi-tot,HAS_POSITIVE_SIGNAL,27416,edd5aca45f90c75f,tu_edd5aca45f90c75f,positive,0.62,đóng gói tốt
7f2183cbabb7fb4d41af176a956179b63771e3209da8e64ae68bfc1156f87381,dish:bun-cha,price_value:dang-dong-tien,HAS_POSITIVE_SIGNAL,27416,edd5aca45f90c75f,tu_edd5aca45f90c75f,positive,0.7,đáng đồng tiền
e8f73ddd411468f34d0784050a4ff5d7ea6467cdc585c12140000ed969d46b37,dish:bun-cha,space_quality:sach-se,HAS_POSITIVE_SIGNAL,27416,edd5aca45f90c75f,tu_edd5aca45f90c75f,positive,0.58,sạch sẽ
e803aba9bcfbec49286137b27d106f8a6df91ceec3d56ff0c66d2aed49a0a491,dish:do-an,food_descriptor:day-du,DESCRIBES_FOOD,136086,bb540ac59dcc1da9,tu_bb540ac59dcc1da9,positive,0.84,đồ ăn thực tế cũng đầy đủ
4bf04ddbfd10581566868224dcfbbcdae66604264af6c312fe8060a29639a09f,dish:do-an,food_descriptor:ngon,DESCRIBES_FOOD,136086,bb540ac59dcc1da9,tu_bb540ac59dcc1da9,positive,0.95,"đồ ăn thực tế cũng đầy đủ, ngon lắm nha"
f8f5c8c1f0fbbe79cac6a2a9c6fe93c0b84ea5f5d897684f8db2e3b5079b3f5c,dish:ga,food_descriptor:ngon,DESCRIBES_FOOD,136086,bb540ac59dcc1da9,tu_bb540ac59dcc1da9,positive,0.86,ăn gà... ngon xỉu
c47effb88d41e34d3e968b9d22883aaf7e36300e586437a7fa582ce62aeff5b1,dish:do-an,price_value:dang-dong-tien,HAS_POSITIVE_SIGNAL,136086,bb540ac59dcc1da9,tu_bb540ac59dcc1da9,positive,0.82,đáng đồng tiền
05e360a00a873ecf023f84458c822be4cacefa253070376e2ca8d114f2c34e4b,dish:do-an,delivery_packaging:dong-goi-tot,HAS_POSITIVE_SIGNAL,136086,bb540ac59dcc1da9,tu_bb540ac59dcc1da9,positive,0.77,đóng gói tốt
1ae1e19791456c1494404d891d05f7395c6ef2c3203f7e0cb4ac8775d12679cf,dish:do-an,space_quality:sach-se,HAS_POSITIVE_SIGNAL,136086,bb540ac59dcc1da9,tu_bb540ac59dcc1da9,positive,0.61,sạch sẽ
d48a3b85375d5c85173cee314ada433f201140472e14d54b94c75736ba55347a,dish:com-ga,food_descriptor:ngon-xiu,DESCRIBES_FOOD,117708,1ae9e217f941b937,tu_1ae9e217f941b937,positive,0.88,ngon xỉu
90dda54c3a1756335d76ab79b33ba6ad687bd70c0aefc69f0586f47a92fdd354,dish:bun-bo-nam-bo,food_descriptor:ngon-xiu,DESCRIBES_FOOD,73491,c944ee5966dead06,tu_c944ee5966dead06,positive,0.56,ngon xỉu
e3553ff5a7222c18018c2c32a9544425a0ec515a1cfded713b26b00d83f267b9,dish:cac-mon-cuon,food_descriptor:ngon-xiu,DESCRIBES_FOOD,73491,c944ee5966dead06,tu_c944ee5966dead06,positive,0.56,ngon xỉu
9b51f95d28a267b630761623781fd0d00e0181448dc957a2186820046f22d783,dish:bun-bo-nam-bo,food_descriptor:ngon,DESCRIBES_FOOD,73491,eab440cd5c5ab42e,tu_eab440cd5c5ab42e,positive,0.72,ngon xỉu
fd6236f9b3133c5b81a176b82ec93f82e9995bf1d6a2ad94fc748fca904d2425,dish:cac-mon-cuon,food_descriptor:ngon,DESCRIBES_FOOD,73491,eab440cd5c5ab42e,tu_eab440cd5c5ab42e,positive,0.68,ngon xỉu
ad180872954da1d4119c1710621b6e0208c891431730a57e16a08b12f4f72b77,dish:bun-bo-nam-bo,food_descriptor:ngon-xiu,DESCRIBES_FOOD,73491,bc9cf70d4d583419,tu_bc9cf70d4d583419,positive,0.75,ngon xỉu
739cd6ae0cce2b32c818d950f226ca0e3b444bd7a7cdc6ee3285b19ff6930fc3,dish:cac-mon-cuon,food_descriptor:ngon-xiu,DESCRIBES_FOOD,73491,bc9cf70d4d583419,tu_bc9cf70d4d583419,positive,0.71,ngon xỉu
01e12b19b09ab4521206282d106fca109bdd4ae3181a3954c20f08d8f022250b,food_descriptor:ngon-xiu,dish:bun-bo-nam-bo,DESCRIBES_FOOD,73491,1cb1796668216a5e,tu_1cb1796668216a5e,positive,0.55,bún bò nam bộ ... ngon xỉu
6451e71c6a26ff17c2b8ad67aba3156d97209de5bdf330b2df5f408b7885098e,food_descriptor:ngon-xiu,dish:cac-mon-cuon,DESCRIBES_FOOD,73491,1cb1796668216a5e,tu_1cb1796668216a5e,positive,0.52,các món cuốn ... ngon xỉu
d04599f52635e99ce2df19c4c9438baf375906ee830babe790e7e8c84d1af6d3,dish:bun-bo-nam-bo,food_descriptor:vi-ngon,DESCRIBES_FOOD,73491,76d151fdd76b78ff,tu_76d151fdd76b78ff,positive,0.74,bún bò nam bộ ... vị rất ngon
3e173cdf51af7d15ae1b054c36735c9ef320f9c06bb6381a8a8e8718c90b918f,dish:cac-mon-cuon,food_descriptor:vi-ngon,DESCRIBES_FOOD,73491,76d151fdd76b78ff,tu_76d151fdd76b78ff,positive,0.7,các món cuốn ... ngon xỉu
2258519eb222aa19289e27af9557baf173411201d4dce5323f29978ac6249248,dish:mon-an,food_descriptor:ngon-xiu,DESCRIBES_FOOD,73491,a98f4265ea9ddaf0,tu_a98f4265ea9ddaf0,positive,0.95,ngon xỉu
e95a9e468290da72e41be66f27a41bbc959aa3263e9eefbe564bf11fa74c6889,dish:mon-an,price_value:dang-dong-tien,HAS_POSITIVE_SIGNAL,73491,a98f4265ea9ddaf0,tu_a98f4265ea9ddaf0,positive,0.74,đáng đồng tiền
2a013027a5bfcf3b79c2b41d784f27af24ba8d4e535bfb0a32683514412ae0a3,dish:mon-an,delivery_packaging:dong-goi-tot,MENTIONS,73491,a98f4265ea9ddaf0,tu_a98f4265ea9ddaf0,positive,0.62,đóng gói tốt
d85bc981212c864b35e373c49b99b546c7dce31399d747a4606a3515b9d2e4f1,dish:mon-an,space_quality:sach-se,MENTIONS,73491,a98f4265ea9ddaf0,tu_a98f4265ea9ddaf0,positive,0.58,sạch sẽ
0949c5aa6dbb158e552a98a9d646f9b64527fce86016b12b82a8a74b1e401bc3,dish:rau-tron,problem:it-rau-tron,HAS_NEGATIVE_SIGNAL,73491,38bb5de08c284f65,tu_38bb5de08c284f65,negative,0.91,hơi ít rau trộn
8bab3f9f52da245854dd924ec2f8ed59532c5640b070af1270190deb34ce4197,dish:banh-cuon-ga,problem:sai-thieu-mon,HAS_PROBLEM,8805,0fd89e41c077e801,tu_0fd89e41c077e801,negative,0.96,thiếu bánh cuộn gà
51c980092f9372213bf8b5661698228fb668060803176c002aad6e11437f7a96,dish:khoai-tay-chien,problem:giao-thieu-phan-khoai-tay-chien,HAS_PROBLEM,8805,95fa46bbec89ae15,tu_95fa46bbec89ae15,negative,0.96,giao thiếu phần khoai tây chiên
8aae42b28a8975eac9da002cb18d36144ec58d88a913bb1f15126713ea531f2f,problem:giao-thieu-phan-khoai-tay-chien,dish:khoai-tay-chien,MENTIONS,8805,95fa46bbec89ae15,tu_95fa46bbec89ae15,neutral,0.74,phần khoai tây chiên
02e53de5893fd8d78734892233a51353250ab4a644950e9cc226be920f7deb61,problem:van-de-don-hang,dish:khoai-tay-chien,MENTIONS,8805,e3ff81c0a8ab0034,tu_e3ff81c0a8ab0034,negative,0.74,đặt khoai tây chiên cơ mà?
6dc95445c2c214db828cd2ee93623d4664463815c32094c6840bc4a7fc90d6d3,delivery_packaging:dong-goi,space_quality:sach-se,HAS_POSITIVE_SIGNAL,81353,9a1e100ca66475c6,tu_9a1e100ca66475c6,positive,0.58,"đóng gói tốt, sạch sẽ"
f4804d4689f00dcd8a6320331e89e0a68c1cdeebf861c453710e3620f326422b,dish:com,problem:sai-thieu-mon,HAS_PROBLEM,81353,7399db057c6af863,tu_7399db057c6af863,negative,0.94,"3 phần cơm mà ko có luôn, sai/thiếu món"
7ebe7b748ee37e051f4e6a639901d1f4a5d4f817cc67d488f43871a11816d7f6,service_quality:khong-co-mon-da-goi-them,problem:sai-thieu-mon,HAS_NEGATIVE_SIGNAL,81353,7399db057c6af863,tu_7399db057c6af863,negative,0.83,"ko có luôn, sai/thiếu món"
754d649f7a3d0e098aa16a34967de34d880e83f4ec29a4ce40fcbbbf575d2aa8,dish:com,service_quality:khong-co-mon-da-goi-them,MENTIONS,81353,7399db057c6af863,tu_7399db057c6af863,negative,0.74,gọi thêm 3 phần cơm mà ko có luôn
7ca36ba4815eecc67f69237a4131fdac535340a682f327f47d5bf7af345b075a,dish:com-them,problem:khong-co-com-them,HAS_PROBLEM,81353,c05118b708144394,tu_c05118b708144394,negative,0.93,cơm thêm ko có
62b7d0d0e850d94a8f21b2bab3e5771e7a4512a10bb27836dd9cd4c09ff86f9c,problem:khong-co-com-them,dish:com-them,MENTIONS,81353,c05118b708144394,tu_c05118b708144394,neutral,0.74,cơm thêm ko có
ae6eb06c35e5c007eb72a2da3361e0b8f9b3b4e0e8ba3cf7d1e8dc0967372f70,dish:ca-kho,problem:bo-tu-lanh-ra-chua-ham-nong,HAS_PROBLEM,81353,7234737a63a66801,tu_7234737a63a66801,negative,0.96,cá kho bỏ tủ lạnh ra chưa hâm nóng
8cf36fd856eb5d01923b0c7e79e4d1b29679002aa96164e6f613ae0140fb1936,dish:bun,food_descriptor:do,DESCRIBES_FOOD,77167,637001e949170ee7,tu_637001e949170ee7,negative,0.94,bát bún dở
7b627e4cd41a6ed41c4c8f11eac31946ff10f3cd51f25b4fa88a52610b8d2a98,dish:nuoc,food_descriptor:nhat-toet,DESCRIBES_FOOD,77167,637001e949170ee7,tu_637001e949170ee7,negative,0.98,nước nhạt toẹt
c56ce121a9e07b68bfd5ab8e328992309712ded10f4372aa06f5714f1af2ea21,dish:cha,food_descriptor:hoi,DESCRIBES_FOOD,77167,637001e949170ee7,tu_637001e949170ee7,negative,0.98,chả thì hôi
f247bf0c10318b4b09ce7461f36b635a590e75fc3a0a30ef52880e39e917d74f,dish:bun,food_descriptor:khong-hop-khau-vi,HAS_NEGATIVE_SIGNAL,77167,637001e949170ee7,tu_637001e949170ee7,negative,0.71,không hợp khẩu vị
7c4c978748ee8bef31825253ed187f53fc633fed7ee10355064d6f03e1b3dfc6,delivery_packaging:dong-goi-chua-tot,problem:sai-thieu-mon,HAS_PROBLEM,77167,637001e949170ee7,tu_637001e949170ee7,negative,0.64,"đóng gói chưa tốt, sai/thiếu món"
0a94b1a7ab1da6f78d33bee75537076c1879df8aa486c82eec2b6893411b5581,food_descriptor:ngon-xiu,dish:my-ga-tan,DESCRIBES_FOOD,77167,42015e402861f25e,tu_42015e402861f25e,positive,0.58,ngon xỉu
56277c37678c0eefc7c181e9f819e2b1e39109d10ecd4233bbccfcd46c446fc3,food_descriptor:ngon-xiu,dish:bun-cha,DESCRIBES_FOOD,77167,42015e402861f25e,tu_42015e402861f25e,positive,0.58,ngon xỉu
8e153d21db583f0bdef100bceea1eccf578c3eb3a23c71c6084bf983c1f2f230,dish:my-ga-tan,food_descriptor:ngon,DESCRIBES_FOOD,77167,037524472026eec6,tu_037524472026eec6,positive,0.61,khá ngon
3966f530371e5faffefd31ef51019a60cbf26ae0ec5bba34eb9df639e544f170,dish:bun-cha,food_descriptor:ngon,DESCRIBES_FOOD,77167,037524472026eec6,tu_037524472026eec6,positive,0.61,khá ngon
0ce2d2b75ec36b2e937b7aa4bfeb11001fc7c86353fbaeba8232eb243d2131eb,service_quality:service,problem:khong-lam-dung-ghi-chu,HAS_PROBLEM,77167,37dc594557b05e4d,tu_37dc594557b05e4d,negative,0.95,không làm đúng ghi chú
fa15d7a7cb3c98130280dba95cfb37ea474584a8d5dade2dfe1b04fd02d4129e,service_quality:service,problem:khong-lam-dung-ghi-chu,MENTIONS,77167,37dc594557b05e4d,tu_37dc594557b05e4d,negative,0.75,không làm đúng ghi chú
e8eaf489cc18b8b62342a6da7f958dff04d3ee300d2ad9f079b3955ac25ac533,dish:bun,problem:khong-co-them,HAS_PROBLEM,77167,df3146b29c947b8c,tu_df3146b29c947b8c,negative,0.93,gọi thêm bún nhưng không có thêm
ccb0e467b114b3f7abd8c4a49f46fa76d8b90b874b89dee4620e5a301ab7c3b4,food_descriptor:do,dish:my-ga-tan-bun-cha,DESCRIBES_FOOD,77167,1cd3cd847de23872,tu_1cd3cd847de23872,negative,0.9,dở đ thể chịu được
7591511ad0e8a60f209c0477d8052a536e73ceda53bab604b59d2a631f811923,dish:my-ga-tan-bun-cha,food_descriptor:do,HAS_NEGATIVE_SIGNAL,77167,1cd3cd847de23872,tu_1cd3cd847de23872,negative,0.88,dở đ thể chịu được
12b321f185ed13ab8950b0a85ee6b0b0ba5f26ac5b5c55d283cc321ba4bc1b59,dish:pepsi,problem:khong-co,HAS_PROBLEM,77167,6ec891d1b3d24f34,tu_6ec891d1b3d24f34,negative,0.96,đặt pepsi mà k có
96cd143eecf18f98d8580b1062d43b21d849fa9cea12743941e9bcd13b494c1d,dish:pho-ga,food_descriptor:ngon-xiu,DESCRIBES_FOOD,32462,cb4db1067d0ce76a,tu_cb4db1067d0ce76a,positive,0.9,ngon xỉu
3ad24f5c10410842a0bbe5f4a381323dba96379e359b4dde3b24b6ed43067e15,dish:pho-tron,food_descriptor:ngon-xiu,DESCRIBES_FOOD,32462,cb4db1067d0ce76a,tu_cb4db1067d0ce76a,positive,0.9,ngon xỉu
2e7aa9dd096c4191836ed71a63028e4cc4479c90869bdaf52cacf0cc8fc461f8,dish:pho-ga,food_descriptor:ngon-xiu,DESCRIBES_FOOD,32462,d81395a588c6ff06,tu_d81395a588c6ff06,positive,0.72,phở gà ... ngon xỉu
98ade0128c4247166d27c2b8031b158eae993fada1a4df66c8725c3af2d8d496,dish:pho-tron,food_descriptor:ngon-xiu,DESCRIBES_FOOD,32462,d81395a588c6ff06,tu_d81395a588c6ff06,positive,0.72,phở trộn ... ngon xỉu
3e5e27e077ef07bf0542459fc15a540be7182cb57434be7a15e3a813d4142376,dish:ot,food_descriptor:dinh-cua-chop,DESCRIBES_FOOD,32462,e80a0562b0175f9c,tu_e80a0562b0175f9c,positive,0.93,ớt đỉnh của chóp
ea9739f139c01e51298520f0387012d52bf4d1bb88f25a6f9a83afd1b33cb504,dish:pho-ga,food_descriptor:ngon-xiu,DESCRIBES_FOOD,32462,e80a0562b0175f9c,tu_e80a0562b0175f9c,positive,0.78,ngon xỉu
ada25086b6f860af7f94938bbb22c4948a9202c3e1d3ef24cd2ce119fb732e36,dish:pho-tron,food_descriptor:ngon-xiu,DESCRIBES_FOOD,32462,e80a0562b0175f9c,tu_e80a0562b0175f9c,positive,0.78,ngon xỉu
193bf527e89ed559acac12a2b3b741ed77b5d36f9677b537cb958a5d12246504,dish:pho-ga,food_descriptor:ngon-xiu,DESCRIBES_FOOD,32462,4015fbfec5ebc09e,tu_4015fbfec5ebc09e,positive,0.67,ngon xỉu
09c2f15fc1593f4f8847a599bf4b724cecbc07f3f632cb54dba660ef942b1c50,dish:pho-tron,food_descriptor:ngon-xiu,DESCRIBES_FOOD,32462,4015fbfec5ebc09e,tu_4015fbfec5ebc09e,positive,0.67,ngon xỉu
e41242863277378a7be5132376843720f3335c9af65fdbd1c1b1a152b6763faf,dish:pho-ga,food_descriptor:ngon,DESCRIBES_FOOD,32462,3e3e1f3a2945417a,tu_3e3e1f3a2945417a,positive,0.77,ngon xỉu
4d31f70ae6b8d51320dc63e662e8cf11e477b5043957aed755be34b81611214f,dish:pho-tron,food_descriptor:ngon,DESCRIBES_FOOD,32462,3e3e1f3a2945417a,tu_3e3e1f3a2945417a,positive,0.77,ngon xỉu
990f168787c3c3bbd1763ddb0f4dec320bdc15e1cb0838fc9605b895b8387f48,dish:pho,food_descriptor:chua,DESCRIBES_FOOD,32462,948acd1ca53c415d,tu_948acd1ca53c415d,negative,0.97,phở hôm nay bị chua
d3a9a1b53bb50e5dee10e2e017557c06b789fd9ba27787b91666f94d89df56ae,dish:pho,problem:pho-bi-chua,HAS_PROBLEM,32462,948acd1ca53c415d,tu_948acd1ca53c415d,negative,0.91,phở hôm nay bị chua
f2a199c2a86ce264be33bfc85f9704709cffcd1bcba67a28eccd682997b6a432,dish:pho,problem:pho-bi-chua,HAS_NEGATIVE_SIGNAL,32462,948acd1ca53c415d,tu_948acd1ca53c415d,negative,0.85,bị chua
dc8b198a005badfa2829707eab04ac085241ed512fcd7caf4337cc0f4a0bc085,delivery_packaging:dong-goi,problem:chua-tot,HAS_PROBLEM,77657,39d9bcb2cfdb725d,tu_39d9bcb2cfdb725d,negative,0.95,đóng gói chưa tốt
dd67954c6833c9d88d9f20c39d722d2757bbe61b77a4f40d30d012da4c7c2460,price_value:gia,problem:hoi-dat,HAS_NEGATIVE_SIGNAL,77657,39d9bcb2cfdb725d,tu_39d9bcb2cfdb725d,negative,0.94,giá hơi đắt
6b93aa61bac35cdd26333028176e243c54b2fc2ff6e5ec1745bf5d8958b60235,dish:quay,problem:thieu-mon,HAS_PROBLEM,23407,91e919312e5cfb1e,tu_91e919312e5cfb1e,negative,0.96,quẩy 4 cái mà quán thiếu
8f0502faea5f6ca82d4a1dc1fe48ebd10b0bc0017a70b6da1d909bffdf13cb36,dish:quay,problem:sai-thieu-mon,HAS_PROBLEM,23407,91e919312e5cfb1e,tu_91e919312e5cfb1e,negative,0.9,sai/thiếu món
d1443d8f8ff45eebe224a43a42b1f6ba184bc56abe1a421e255842069afc1692,food_descriptor:ngon-xiu,dish:pho-bo,DESCRIBES_FOOD,23407,a9f3815e52090b32,tu_a9f3815e52090b32,positive,0.9,ngon xỉu
193a273aaf46270d03cd24b9c00268aeb5aa091ba051a6b77fcdb3257f6bc6e3,delivery_packaging:dong-goi,problem:chua-tot,HAS_PROBLEM,23407,f15967662327b478,tu_f15967662327b478,negative,0.94,đóng gói chưa tốt
593a0acca2c98a46a652b9e21533994499ab1a2094530fce5e78092223d8f92c,dish:quay,problem:sai-thieu-mon,HAS_PROBLEM,23407,9463de47ed7f9ebf,tu_9463de47ed7f9ebf,negative,0.93,đặt thêm quẩy đều ko hề có
78950c414c17dcaff0204c86b1c664bdd6936c5bdabb3b9cb94ef60600795879,service_quality:khong-lam-dung-ghi-chu,problem:cho-hanh-du-da-note-khong-hanh,HAS_PROBLEM,23407,4cfd426c76abc347,tu_4cfd426c76abc347,negative,0.95,không làm đúng ghi chú
89c25cf2cd6e62b2178bb5ca47f69ee60aa42bdbfb28fa373db81ec5fd3dab38,problem:cho-hanh-du-da-note-khong-hanh,food_descriptor:hanh,MENTIONS,23407,4cfd426c76abc347,tu_4cfd426c76abc347,negative,0.77,quán thừa hành
74bba5be911138a794f474a40bceabf00ed916b6ae40360f9cdeeed27e028f79,food_descriptor:hanh,food_descriptor:khong-hanh,HAS_NEGATIVE_SIGNAL,23407,4cfd426c76abc347,tu_4cfd426c76abc347,negative,0.72,đã note là không hành
5ba005518f94cdbd2c921773f550f4a0d0c67d41ba42e126d201bb589336647f,dish:quay,problem:thieu-quay,HAS_PROBLEM,23407,4df1cae78aeb785c,tu_4df1cae78aeb785c,negative,0.96,thiếu quẩy
a1864360718846ac9692b44acbe2592a3d777bae1199e920f072fa45376ca612,dish:quay,problem:thieu-quay,MENTIONS,23407,4df1cae78aeb785c,tu_4df1cae78aeb785c,negative,0.85,thiếu quẩy
debf0bf0204de13ef7ea5ced528748d380e4c9d7bd057e66940244f00b9d148e,dish:quay,problem:thieu-quay,HAS_PROBLEM,23407,335bec64fefb0700,tu_335bec64fefb0700,negative,0.9,thiếu quẩy
1ff9712ea726724158c97b9ee55c7a10e5a5807afccd2ab8a6d2f025245c1197,dish:thit,problem:co-mui,HAS_PROBLEM,23407,cd86b9238f201e09,tu_cd86b9238f201e09,negative,0.94,thịt có mùi
d6838b0bc0798898c04991c282daf9b4650e5eff20ce3870f12b251441b34a62,dish:quay,problem:het-quay,HAS_PROBLEM,23407,a876bce69614436e,tu_a876bce69614436e,negative,0.96,báo hết quẩy
a8f684dd533f8ba7769b5286436b189ecc2251d918d672fa15152fcecffeebfb,dish:quay,price_value:hoan-lai-moi-10k,HAS_NEGATIVE_SIGNAL,23407,a876bce69614436e,tu_a876bce69614436e,negative,0.9,hết 13k... giả lại mỗi 10k
88f8e915581e16f14656649aaedcccada0700ad274c1ec6cd4771ae357a7bb48,price_value:hoan-lai-moi-10k,problem:an-cuop,HAS_NEGATIVE_SIGNAL,23407,a876bce69614436e,tu_a876bce69614436e,negative,0.84,thế khác j ăn cướp
424b054f1984988e6e2fa5535ce8f1d055749ac2cd7283921dcb4db04b9dfe5f,service_quality:shipper-khong-lien-quan,problem:an-cuop,HAS_NEGATIVE_SIGNAL,23407,a876bce69614436e,tu_a876bce69614436e,negative,0.78,shipper bảo k liên quan? thế khác j ăn cướp
9aacb13c79e6e0dd37a001cf0f7dcc14a7bff6c472cd2d8440eb0b4d0907f3e1,dish:mam-nem,food_descriptor:ngon,DESCRIBES_FOOD,15964,6dc72c6bf9e9e045,tu_6dc72c6bf9e9e045,positive,0.96,mắm nêm ngon
0287f0e796248fbc427a46c828b991d6e61e34895b04a77e6e2508bfd2a8a9ce,dish:rau,dish:banh-trang,MENTIONS,15964,6dc72c6bf9e9e045,tu_6dc72c6bf9e9e045,neutral,0.58,nhiều rau
1eea901538651bc2879280594d81a4d211078a34ab7146f8ac38e2bc26832041,space_quality:sach-se,dish:banh-trang,MENTIONS,15964,6dc72c6bf9e9e045,tu_6dc72c6bf9e9e045,neutral,0.51,quán làm sạch sẽ
2f40c8387b794b87ee4b14ced3e0bfcbce56df37b62cbaaf08c3800c1d5cf3ba,dish:banh-trang,problem:it-do-an-kem,HAS_PROBLEM,15964,6dc72c6bf9e9e045,tu_6dc72c6bf9e9e045,negative,0.95,gọi 2 suất mà... hết đồ cuốn cùng
4a557fcfd49d3205e5535814b09e4b987f9066033c13adafd59e8aa7ea078f90,dish:do-an-kem,problem:it-do-an-kem,HAS_NEGATIVE_SIGNAL,15964,6dc72c6bf9e9e045,tu_6dc72c6bf9e9e045,negative,0.94,cho ít đồ ăn kèm quá
b5d23d2d479d3f35a9e83a489100aafe58010630529d0123db0d22ae32a20d1e,dish:do-an-kem,problem:khong-du-do-cuon-cung,HAS_PROBLEM,15964,6dc72c6bf9e9e045,tu_6dc72c6bf9e9e045,negative,0.92,đã hết đồ cuốn cùng
1e6acb92e99cf4501842fcf0ad1288b6ea22debb8cb339dd7aa4113c4be02843,dish:banh-trang,food_descriptor:ngon,HAS_POSITIVE_SIGNAL,15964,6dc72c6bf9e9e045,tu_6dc72c6bf9e9e045,positive,0.72,ngon xỉu
11d26d99b069eae2637eaa35582b2b09f212ed45c1ec16db5527adb045fb5369,space_quality:sach-se,dish:banh-trang,HAS_POSITIVE_SIGNAL,15964,6dc72c6bf9e9e045,tu_6dc72c6bf9e9e045,positive,0.54,sạch sẽ
a8c4005c87d458ec5397a8e8559a3078e46954b9766ac071c6902da6fb7934ba,dish:banh-trang-cuon-thit-heo,food_descriptor:ngon-xiu,DESCRIBES_FOOD,15964,827e034eede73f5b,tu_827e034eede73f5b,positive,0.9,ngon xỉu
d39cddddf1560b13998afbc477b1da86e06fc9a5bf0923253d41c05ffb451b41,dish:banh-trang-cuon-thit-heo,food_descriptor:ngon-xiu,HAS_POSITIVE_SIGNAL,15964,827e034eede73f5b,tu_827e034eede73f5b,positive,0.88,ngon xỉu
b676ea7008ff8ae1ef76738ab393073c36870c80f426e6966519badb7c728f79,dish:banh-trang-cuon-thit-heo,price_value:dang-dong-tien,HAS_POSITIVE_SIGNAL,15964,827e034eede73f5b,tu_827e034eede73f5b,positive,0.82,đáng đồng tiền
65cef63312351c6fbb65a8c9c77d4d5c743d3eb0e425fdf66b1c19db2dd9d0de,dish:banh-trang-cuon-thit-heo,delivery_packaging:dong-goi-tot,HAS_POSITIVE_SIGNAL,15964,827e034eede73f5b,tu_827e034eede73f5b,positive,0.8,đóng gói tốt
20eaa1977f285f3ffb69cf56669ccbfd4460a30e712eda794b700f0b693f86bc,dish:banh-trang-cuon-thit-heo,space_quality:sach-se,HAS_POSITIVE_SIGNAL,15964,827e034eede73f5b,tu_827e034eede73f5b,positive,0.68,sạch sẽ
dfe8f68859deb7cb006c72d8e10d7112638bb349f369b9cb593733dfbee7399c,dish:banh-trang-cuon-thit-heo,food_descriptor:ngon,DESCRIBES_FOOD,15964,1f27a091fdcab498,tu_1f27a091fdcab498,positive,0.9,ngon xỉu
1fa22c4956a525c8af3c20c7751352d332af2fb9ee5b63018d5b68172005e9b6,dish:banh-trang-cuon-thit-heo,food_descriptor:ngon,HAS_POSITIVE_SIGNAL,15964,1f27a091fdcab498,tu_1f27a091fdcab498,positive,0.86,ngon xỉu
6e6d7ebf8c407b253e90c25381d9759a650ca5850b87a0bdb49461f239f57662,dish:banh-trang-cuon-thit-heo,problem:sai-thieu-mon,HAS_PROBLEM,15964,4dd6a9042d7d7883,tu_4dd6a9042d7d7883,negative,0.95,sai/thiếu món
66e4d020f03a7a759314bc6eb96293b2824f58839ff528ad762f79391a832ca1,dish:banh-trang-cuon-thit-heo,problem:khong-co-banh-trang-cuon-kieu-j,HAS_PROBLEM,15964,4dd6a9042d7d7883,tu_4dd6a9042d7d7883,negative,0.87,không có bánh tráng cuốn kiểu j
81d044e840531ccdd04b65577e3b92083227038415255a1d130fce72be216383,dish:banh-trang-cuon-thit-heo,problem:thieu-do-cuon,HAS_PROBLEM,15964,096b671d83d69b9a,tu_096b671d83d69b9a,negative,0.94,thiếu đồ cuốn
d09516214b989fd0ed4d4b5a47b5ea2eedee8167e743326b12c5cf0c228f34f3,delivery_packaging:1-bo-cuon,problem:thieu-do-cuon,HAS_NEGATIVE_SIGNAL,15964,096b671d83d69b9a,tu_096b671d83d69b9a,negative,0.88,chỉ có 1 bộ cuốn
8e0d1d97816393b08012e9d92960e702da556150ebfa159a2dc6a9fcd73b5d63,dish:bun-cha,food_descriptor:it-thit,DESCRIBES_FOOD,13998,b56375770fe88ae4,tu_b56375770fe88ae4,negative,0.92,bún chả quá ít thịt
4e46515e8e150cd3c72dc6b3f5590a2421701ea52694f865afccf30285a60f5b,dish:bun-cha,problem:khong-co-cha-bam,HAS_PROBLEM,13998,b56375770fe88ae4,tu_b56375770fe88ae4,negative,0.94,không có chả băm
34aafb046b4ce883ce0cb05df419f288b45439fe39b1b527f250b37c3aa96da8,delivery_packaging:1-hop,problem:van-co-mang,HAS_PROBLEM,13998,7ebca2e266bd8501,tu_7ebca2e266bd8501,negative,0.9,1 hộp có măng
9b01cd51d1cafd85984708b66e0300b8cd5eadf1dd774fc5bfe7e782038f21b4,delivery_packaging:dong-goi,problem:dong-goi-chua-tot,HAS_NEGATIVE_SIGNAL,9606,81e72321f383db2d,tu_81e72321f383db2d,negative,0.95,đóng gói chưa tốt
c08621e735feadcf83c407f44ddcd74f45d92715d89b4439d9079c568203479a,dish:com,food_descriptor:ngon,DESCRIBES_FOOD,7635,a811b728dc6ea522,tu_a811b728dc6ea522,positive,0.95,cơm ngon
2e3399649d0fdf2171b87904d8f1f3bc1f209ec38005ec055a30caef7e11bc75,dish:com-ga,food_descriptor:ngon-xiu,DESCRIBES_FOOD,7635,c3be30418387e824,tu_c3be30418387e824,positive,0.9,ngon xỉu
87c665911ef7076d8ecc5f86264f9f23aa3e780ce570d5753f3d6156c4d29637,dish:lap-xuong,food_descriptor:chua,DESCRIBES_FOOD,7635,c99e28227425366f,tu_c99e28227425366f,negative,0.96,lạp xưởng chua vãi ra
e37802d97874f32948c05d08351caaaebaa98e2eb22dd453d23e7d28bf799990,dish:lap-xuong,problem:khong-hop-khau-vi,HAS_PROBLEM,7635,c99e28227425366f,tu_c99e28227425366f,negative,0.82,không hợp khẩu vị
eec520a3c07e08a1ea7d4eef46a82c3c6c694a6924a704e91ae5b51c22995373,dish:com-ga,food_descriptor:nhieu-sot,DESCRIBES_FOOD,7635,63153c03d578ca3e,tu_63153c03d578ca3e,negative,0.83,nhiều sốt
8c59a34d1a390522a0621f773708e52f50415d286d13674ea4e3d43e95d646f2,dish:com-ga,food_descriptor:man,DESCRIBES_FOOD,7635,63153c03d578ca3e,tu_63153c03d578ca3e,negative,0.92,mặn nữa
7ae3537b1102e3f787d5f0e6d4e89bf1f59a50194eb48fb9c700701f3ef17038,dish:com-ga,food_descriptor:man,HAS_NEGATIVE_SIGNAL,7635,63153c03d578ca3e,tu_63153c03d578ca3e,negative,0.9,mặn nữa
8f09f71d94d351d6eb85179ac417760726aabdba8a8ffb11018426e6afe66b49,dish:ga-sot-cay-ngot,food_descriptor:cay-ngot,DESCRIBES_FOOD,14318,e677fb99ac180115,tu_e677fb99ac180115,positive,0.9,sốt cay ngọt
dd458c679e761fd799cafd1f518439bdd0ebb2f7372a4f38269d46430f1eb27c,dish:ga-sot-cay-ngot,food_descriptor:delicious,HAS_POSITIVE_SIGNAL,14318,e677fb99ac180115,tu_e677fb99ac180115,positive,0.92,delicious
a0fb5daa8a44932487e219002c881b7abd281b853a007254e4e357a73162988a,delivery_packaging:dong-goi-can-than,delivery_packaging:good-packaging,MENTIONS,14318,e677fb99ac180115,tu_e677fb99ac180115,positive,0.71,"đóng gói cẩn thận, good packaging"
27466b34d7ba4183080d5fb8ff00b15b9fb57a903bd3b52a6b6d3806ed17ba2c,space_quality:clean,dish:ga-sot-cay-ngot,MENTIONS,14318,e677fb99ac180115,tu_e677fb99ac180115,positive,0.35,clean
f2b33b0e0f705cc62a55424ec03b8224b99d93206196cb47ea138154d647b773,dish:com-ga-ba-vi,food_descriptor:ngon,DESCRIBES_FOOD,14318,95356e861b70888b,tu_95356e861b70888b,positive,0.88,ngon xỉu
9804a002d173afcac89daa4886b97d93381edf37353e77a7ab0d186da52f2ed2,dish:com-ga-ba-vi,price_value:dang-dong-tien,HAS_POSITIVE_SIGNAL,14318,95356e861b70888b,tu_95356e861b70888b,positive,0.84,đáng đồng tiền
78efdacdd3cfa38c29ff19237ab2f3d5a41d9313553d373c99e26530cfae4c99,dish:com-ga,food_descriptor:ngon,DESCRIBES_FOOD,14318,9cce74a531836ebc,tu_9cce74a531836ebc,positive,0.9,ngon xỉu
dd6ce611c4642f6863642e51441a2f337e4fd5bf4573138742420c8433be0698,dish:com-ga-ba-vi,food_descriptor:kha-ngon,DESCRIBES_FOOD,14318,52843430239b837f,tu_52843430239b837f,positive,0.8,khá ngon
067ce0adfb9a18cc841d54183f43046020812d61d560cc667f571f0cb6df850f,dish:com-ga-ba-vi,food_descriptor:kha-ngon,HAS_POSITIVE_SIGNAL,14318,52843430239b837f,tu_52843430239b837f,positive,0.76,khá ngon
6bf0de0aad041cbbaeaa530a4f2e21b98759c9841303be4150c8f2adeacc14c5,dish:com-ga,food_descriptor:nhat-nheo,DESCRIBES_FOOD,14318,d250e63d6b111aab,tu_d250e63d6b111aab,negative,0.96,ăn nhạt nhẽo
05beb7a7ad2148dd7d1b76704047465b71240fa6fc8670bd86d4e6a71dcd10a5,dish:com-ga,price_value:55k,HAS_NEGATIVE_SIGNAL,14318,d250e63d6b111aab,tu_d250e63d6b111aab,negative,0.85,1 suất 55k
19b2868f8d49d6cf97c32f6c0da1d3eff1787a802a7b84b3a654dbef83600726,dish:com-ga,problem:het-sot,HAS_PROBLEM,14318,d250e63d6b111aab,tu_d250e63d6b111aab,negative,0.88,quán hết sốt rồi hả?
981e94861e16589b8151f736baff407c66fb20fcdbd1c2e2c89c5dc4e22dbec3,dish:com-ga,problem:khong-cho-them-com,HAS_PROBLEM,14318,d250e63d6b111aab,tu_d250e63d6b111aab,negative,0.93,xin thêm cơm nhưng ko cho
92ca901cece2070459770094b5c849e0df0f528c5b512d97ac83a4ce9c466872,dish:com-ga,problem:it-ga,HAS_PROBLEM,14318,d250e63d6b111aab,tu_d250e63d6b111aab,negative,0.91,3 miếng gà tí tí
621d50bbc96c7f8d386cbf3b873a6423bc2c0e84e822a089c6253684cca12e5b,dish:com-ga,problem:it-com,HAS_PROBLEM,14318,d250e63d6b111aab,tu_d250e63d6b111aab,negative,0.87,một ít cơm
0fa191d85192325c6f2c4414c52aee84747aefdd921899261553c625df127cf1,dish:do-an,problem:khong-duoc-nhu-truoc-nua,HAS_PROBLEM,14318,efc1f53272ae19ea,tu_efc1f53272ae19ea,negative,0.89,đồ ăn khum được như trước nữa
1c52564bf54c8afe2ece94a459906481e9e4642b95587652a6bcc3dd9e6da82c,dish:do-an,problem:khong-duoc-nhu-truoc-nua,HAS_NEGATIVE_SIGNAL,14318,efc1f53272ae19ea,tu_efc1f53272ae19ea,negative,0.82,khum được như trước nữa
837337c88ac6602504441d39fefbd228a7227f679f1da9d1481160e9e7516eca,price_value:55k,problem:it-thuc-an,HAS_NEGATIVE_SIGNAL,14318,b4a007f67f95144b,tu_b4a007f67f95144b,negative,0.94,55k mà hơi ít thức ăn
40b3d2b85a503f5903bd211b25f9a96da765741caf9f980039d08e1e3fd85ec1,dish:thit-ga,food_descriptor:nho,DESCRIBES_FOOD,14318,b4a007f67f95144b,tu_b4a007f67f95144b,negative,0.92,thịt gà nhỏ
1a93f3ecda707238129bcf465dcbc70f052f535a05ea536fe94bb014658f6b92,dish:thit-ga,problem:it-thuc-an,HAS_NEGATIVE_SIGNAL,14318,b4a007f67f95144b,tu_b4a007f67f95144b,negative,0.73,3 miếng thịt gà nhỏ
399c9abf76ee1845bf8266aa8817ef821e1c8e82f162eb7598822e7e754aad8e,dish:com,problem:it-thuc-an,HAS_NEGATIVE_SIGNAL,14318,b4a007f67f95144b,tu_b4a007f67f95144b,negative,0.61,1 bát cơm
e5c8479b29691ea9b6b5ba1cb539ccf5f548bd38735e326a22deceef87ca3daf,dish:dua-muoi,problem:it-thuc-an,HAS_NEGATIVE_SIGNAL,14318,b4a007f67f95144b,tu_b4a007f67f95144b,negative,0.58,1 đũa dưa muối
d8dff34ebe4dd6a344dcd41a2071281fb8750eba7b2d0bc4cb2ff1b176824e8c,dish:canh,problem:it-thuc-an,HAS_NEGATIVE_SIGNAL,14318,b4a007f67f95144b,tu_b4a007f67f95144b,negative,0.58,1 hộp canh
c7e8cc46aba76ad2487ad9efaeb1f7b4d61411fcb8388aac4c88d19a3e963ba0,dish:ga,problem:chi-co-da-ga-tam-bot,HAS_PROBLEM,14318,d5c47f173b01c665,tu_d5c47f173b01c665,negative,0.86,chỉ có da gà tẩm bột
751050c52bb9bc0b50e274a0ad538bd7fd42dc11a6e948af6e63918dd4ddf90d,dish:ga,dish:da-ga-tam-bot,MENTIONS,14318,d5c47f173b01c665,tu_d5c47f173b01c665,neutral,0.72,da gà tẩm bột
fbd931cd806d5dca084154c13dfe4b231e839516b2e7600bc7351746420d7552,delivery_packaging:dong-goi,price_value:dang-dong-tien,HAS_POSITIVE_SIGNAL,111742,9fdbf090d288e2f7,tu_9fdbf090d288e2f7,positive,0.58,"đóng gói tốt, đáng đồng tiền"
2a74021fc583c4c6dae83e56e1798d9a9889a0d90995ad385a7c93f0ff48a00d,space_quality:sach-se,price_value:dang-dong-tien,HAS_POSITIVE_SIGNAL,111742,9fdbf090d288e2f7,tu_9fdbf090d288e2f7,positive,0.42,"đáng đồng tiền, sạch sẽ"
8c726e3a972d84a1864c72362e9f0a37cd99de6df4ffaab55f78a90f44ac172a,dish:nuoc,problem:khong-co-nuoc-kem,HAS_PROBLEM,22847,957d4a6cffefce74,tu_957d4a6cffefce74,negative,0.92,nước nhưng ko có
3593ac082f6dfe0d4d3d9cc1729c738460a45a21aae50906d504f513ac49c1b9,dish:nuoc,food_descriptor:ngon,DESCRIBES_FOOD,22847,957d4a6cffefce74,tu_957d4a6cffefce74,positive,0.58,khá ngon
2f83204981975a85323632ecd0ac27c8f8bd28f1c90a37b5755faae00712d661,service_quality:service,problem:sai-thieu-mon,HAS_PROBLEM,22847,14744ad4fbee2cd3,tu_14744ad4fbee2cd3,negative,0.9,sai/thiếu món
c889d89bb1892d02df8d14335d02c16f94bf2ba2150617ab019b9c05b44d5e56,service_quality:service,problem:khong-lam-dung-ghi-chu,HAS_PROBLEM,22847,14744ad4fbee2cd3,tu_14744ad4fbee2cd3,negative,0.98,không làm đúng ghi chú
ffbc20312220ba9237d0a76913b941a64c43ad2f9305cf7959b8895a2e71ec2a,dish:mon,problem:sai-thieu-mon,HAS_NEGATIVE_SIGNAL,22847,14744ad4fbee2cd3,tu_14744ad4fbee2cd3,negative,0.84,sai/thiếu món
577bafbcbfeb9b264e166db55b240a59ca6d9eadaa94bc918d027a298b24d957,dish:com,food_descriptor:chan,DESCRIBES_FOOD,22847,3cb75749f81c10c9,tu_3cb75749f81c10c9,negative,0.94,ăn chán
cedba859c9437b93e1f048063780d001ba4a57b06c55b40c8df996856f8e30b6,dish:com,price_value:30k,HAS_NEGATIVE_SIGNAL,22847,3cb75749f81c10c9,tu_3cb75749f81c10c9,negative,0.78,ko bằg xuất cơm bụi 30k
8f32474d9f1c7797bfe7917fd70e8629944a7e8f46e5dd3444087c12af6836c3,dish:pho,food_descriptor:ngon,DESCRIBES_FOOD,80180,c1f057706fd752df,tu_c1f057706fd752df,positive,0.72,ngon xỉu
99960661f89c8b6d041dc4bedd4e261ebe4ab95c4c9fbaf184b3a5900cbb434a,dish:mi-tron,food_descriptor:ngon,DESCRIBES_FOOD,80180,c1f057706fd752df,tu_c1f057706fd752df,positive,0.68,ngon xỉu
595c76a695e006321a8119fbf8168d393de88528c1dc0485cc621ecb3dbd49f0,dish:mien-tron,food_descriptor:ngon,DESCRIBES_FOOD,80180,c1f057706fd752df,tu_c1f057706fd752df,positive,0.68,ngon xỉu
f4ac53b27fa7a44b8c47f207fbd17cbc957aae68846a7decda1f3fa36dcc4606,dish:tra-chanh-leo,food_descriptor:nhu-nuoc-loc-pha-duong,DESCRIBES_FOOD,80180,815313be539a24b7,tu_815313be539a24b7,negative,0.94,trà chanh leo như nước lọc pha đường
2934dc34e802aec3cd851a2de2a92d53cca1aed40da58409e3850c22ff83a420,dish:tra-chanh-leo,food_descriptor:nhu-nuoc-loc-pha-duong,HAS_NEGATIVE_SIGNAL,80180,815313be539a24b7,tu_815313be539a24b7,negative,0.92,như nước lọc pha đường
61906b9f70952b632e97f251134546adf07a275344f24b76b9199e51e2576e3c,delivery_packaging:dong-goi,problem:dong-goi-chua-tot,HAS_PROBLEM,15387,ce1ead78f61aabe1,tu_ce1ead78f61aabe1,negative,0.94,đóng gói chưa tốt
73a581de43412a29c33e24361bcc93be15aa3cb200236520001bea177d23e3be,delivery_packaging:dong-goi,problem:dong-goi-chua-tot,MENTIONS,15387,ce1ead78f61aabe1,tu_ce1ead78f61aabe1,negative,0.88,đóng gói chưa tốt
f3bb88fb86221b9aee0844f72791e90c9270bbd99c29acfc8f3d6c74c6db1a07,delivery_packaging:khong-co-dua,problem:an-boc,HAS_PROBLEM,15387,07d0f17ea5c9ebfb,tu_07d0f17ea5c9ebfb,negative,0.9,không có đũa thì ăn bốc à
56f76de1932a6c5740c9c62f861069d95950efb6fce593350817f3605fa727c2,dish:ca,problem:giao-sai,HAS_PROBLEM,128678,286ea2b8637e1dcf,tu_286ea2b8637e1dcf,negative,0.95,đặt cá giao thịt
00c971b94e2743700871df20c63db5d6e6282ac6581ce8e0a248f888a42b5fee,dish:xuat-com,problem:khong-thay-muon-an,HAS_NEGATIVE_SIGNAL,128678,286ea2b8637e1dcf,tu_286ea2b8637e1dcf,negative,0.82,xuất cơm cũng ko thấy muốn ăn
1062556f7ec71b5ff52f6cfe645e259804d6acecd53f9e15fcb4ab2a9f74f29d,dish:thit,problem:giao-sai,MENTIONS,128678,286ea2b8637e1dcf,tu_286ea2b8637e1dcf,negative,0.74,giao thịt
18d58108d10aadb49b2c06c743addfb7ed1573017e9f60a98ed3ccc2492edd0e,delivery_packaging:dong-goi,problem:dong-goi-chua-tot,HAS_PROBLEM,32487,20f5937903ef28cb,tu_20f5937903ef28cb,negative,0.95,đóng gói chưa tốt
c0cb61e88c1b98c5ed349a9d3294c5f0640b83b7c58a5ecc226c108c091863f7,dish:pho-ga,food_descriptor:ngon-xiu,DESCRIBES_FOOD,32487,4ce5bc6cbe59c016,tu_4ce5bc6cbe59c016,positive,0.92,ngon xỉu
1b003dc4b6d3d7d699330fceacb3a7304a01bcd425acc9d327c7a722e74501e0,delivery_packaging:dong-goi,problem:chua-tot,HAS_NEGATIVE_SIGNAL,32487,0cd0726e36c372be,tu_0cd0726e36c372be,negative,0.94,đóng gói chưa tốt
594fb601c372724f2ca543e41e9fb508527c729e7f4acecd11f7d17285a1d2d9,amenity:giay-an,problem:thieu-giay-an-va-tam,HAS_PROBLEM,32487,808865eb595f078b,tu_808865eb595f078b,negative,0.93,không có giấy ăn
479386fe23c21820c61594273caecfff4e753e4f61070a081e083736972f3c87,amenity:tam,problem:thieu-giay-an-va-tam,HAS_PROBLEM,32487,808865eb595f078b,tu_808865eb595f078b,negative,0.93,không có ... tăm
ae8dfcc2f099d4706deeb50cc7c4c0ab0ddfae3fe322458571628ff12b8096ea,service_quality:service,problem:cho-lac-du-da-note-khong-lac,HAS_PROBLEM,32487,c7774e52f460b1d2,tu_c7774e52f460b1d2,negative,0.9,note k lạc lại cho lạc
4f76d654770e1160b93ff71bff5f407df1e29c37cf821d4b52635eb7322389d5,service_quality:service,problem:cho-lac-du-da-note-khong-lac,MENTIONS,32487,c7774e52f460b1d2,tu_c7774e52f460b1d2,negative,0.7,note k lạc lại cho lạc
6bb9fe20faa606f067cbc0933ca67661bdae6c292259da1dc262c3acb4aba6d1,dish:com,food_descriptor:ngon,DESCRIBES_FOOD,11305,e953a4dafeb929aa,tu_e953a4dafeb929aa,positive,0.96,cơm ngon
a94569078bd48f917ed7a43c4c93f71519d22a2f93c335075b142844f18354c6,dish:com,food_descriptor:day-dan,DESCRIBES_FOOD,11305,e953a4dafeb929aa,tu_e953a4dafeb929aa,positive,0.9,đầy đặn
8fb7d8c3c1a20e30dd599a96c82a5702c3404be74c451c43dd6c8f58c3b5a21d,dish:cac-mon,food_descriptor:vua-vi,DESCRIBES_FOOD,11305,e953a4dafeb929aa,tu_e953a4dafeb929aa,positive,0.94,rất vừa vị
2563b15307c4d7697c935c129bc00d34e348ac83083a09887aa588ff2c62e80a,dish:ga-ran,food_descriptor:delicious,DESCRIBES_FOOD,133169,3df0515e8651851d,tu_3df0515e8651851d,positive,0.7,gà rán ... pretty delicious
01c85f48a836f83831737992ae01f0fe7340685d8143608756326b5c02278813,dish:nuoc,problem:thieu-nuoc,HAS_PROBLEM,13003,bed47c8e2a47b78a,tu_bed47c8e2a47b78a,negative,0.91,thiếu nước
202e2e0b0fd2da85923c7d47de13165284a9d1478907c005832b3163178101c2,dish:mon,problem:sai-thieu-mon,HAS_PROBLEM,13003,bed47c8e2a47b78a,tu_bed47c8e2a47b78a,negative,0.94,sai/thiếu món
4984eec5534f13d9b5e3b631254216429c3348116241f70aa020632c337cd1dd,dish:ga-ran-han-quoc,food_descriptor:ngon-xiu,DESCRIBES_FOOD,31548,040c391009b86a35,tu_040c391009b86a35,positive,0.9,ngon xỉu
85eca8d8e9fecc3396bc294d459d7c687f4788b8192ead158db1837bb142ffa8,dish:ga-ran-han-quoc,food_descriptor:ngon,HAS_POSITIVE_SIGNAL,31548,0817c1308f1aca43,tu_0817c1308f1aca43,positive,0.7,ngon nha
596b2596c01f026405e99d9172e0354524adb5f1714dfd020e5472df3570f76e,dish:rau,food_descriptor:ngon,HAS_POSITIVE_SIGNAL,31548,0817c1308f1aca43,tu_0817c1308f1aca43,positive,0.84,cả rau nữa
1a78d75e45c17bf69c773800cd0fe637b6b63d40593e45c3e09ec04fb8bf2038,dish:cu-cai-duong,food_descriptor:gat,HAS_NEGATIVE_SIGNAL,31548,0817c1308f1aca43,tu_0817c1308f1aca43,negative,0.95,củ cải đường hơi bị gắt quá
30c69fa49ff088892b52b5de7f830bafdfdde11d10da5cff242bbf2ed3466aa2,dish:cu-cai-duong,food_descriptor:gat,DESCRIBES_FOOD,31548,0817c1308f1aca43,tu_0817c1308f1aca43,negative,0.93,hơi bị gắt quá
c5b173eeb7b1270e422d0fee176281164a076a333ee7286bfd52a963cefa5c65,dish:ga-ran-han-quoc,price_value:dang-dong-tien,HAS_POSITIVE_SIGNAL,31548,0817c1308f1aca43,tu_0817c1308f1aca43,positive,0.78,đáng đồng tiền
ff6e554a3367baf47de65ad16280174dca0d16ab8491e6c504f90db8d1075f45,dish:ga-ran-han-quoc,food_descriptor:ngon,DESCRIBES_FOOD,31548,e3df0658b97464ca,tu_e3df0658b97464ca,positive,0.95,ngon xỉu
23f78364d10bd88ceea06c40fed5aeff8d5f24eb0395fa714c771bbfaa52b0d3,dish:ga-ran-han-quoc,food_descriptor:ngon,HAS_POSITIVE_SIGNAL,31548,3054eb3663d89239,tu_3054eb3663d89239,positive,0.95,ngon
dcc899643394e37b98627d972f7572adb558e3ef7569fb2ed78fe9a370dd7cd3,dish:ga-ran-han-quoc,food_descriptor:vi-kem-hanh,DESCRIBES_FOOD,31548,3054eb3663d89239,tu_3054eb3663d89239,positive,0.84,vị kèm hành
6beb011d072573e38e6066f8fd614e01cf57469242497db6e2aa313d6f62ddf4,delivery_packaging:dong-goi-can-than,food_descriptor:nong-hoi,HAS_POSITIVE_SIGNAL,31548,3054eb3663d89239,tu_3054eb3663d89239,positive,0.83,ship đến vẫn nóng hổi
c1e04e334dc8d19b0aa9da2169cb17d03aa8fd1cf1e20454102c9bb2a803f00a,dish:ga-ran-han-quoc,delivery_packaging:dong-goi-can-than,MENTIONS,31548,3054eb3663d89239,tu_3054eb3663d89239,positive,0.61,đóng gói cẩn thận
ca8764f430d7507788bb2e0308b2cc558d59c5a73b768548a833da5de21d7760,dish:ga,food_descriptor:juicy,DESCRIBES_FOOD,31548,1b7373debcc5b15d,tu_1b7373debcc5b15d,positive,0.98,gà juicy
8ab6edb6594d586397bdc2e6144f65b6021a74dce8876b653995b8abf4317bf1,dish:ga,food_descriptor:thom,DESCRIBES_FOOD,31548,1b7373debcc5b15d,tu_1b7373debcc5b15d,positive,0.95,gà juicy thơm
7047069ef8a4874c9d2ecd004ce3c020d05c6cbf699ee63094037205d46e4ed2,dish:ga,food_descriptor:tuoi,DESCRIBES_FOOD,31548,1b7373debcc5b15d,tu_1b7373debcc5b15d,positive,0.9,kiểu tươi
3bc3d2ca6b28056b7e79a51c6ddf3a1507374f1702376f7cbbe5a59562c9c53a,dish:ga,food_descriptor:gion,DESCRIBES_FOOD,31548,1b7373debcc5b15d,tu_1b7373debcc5b15d,positive,0.95,vỏ vẫn giòn
695207378370db56041bf15d195c2940853b57085c2d5defc9d40e6c174cd6e4,dish:ga,food_descriptor:vi-uop-ngon,DESCRIBES_FOOD,31548,1b7373debcc5b15d,tu_1b7373debcc5b15d,positive,0.93,vị ướp ngon
851af0dac3281860b0d0f308b497ebe35011be50a06ae97d098fe64c320e2bcf,dish:sot-kem,food_descriptor:ro-vi-kem-hanh,DESCRIBES_FOOD,31548,1b7373debcc5b15d,tu_1b7373debcc5b15d,positive,0.9,rõ vị kem hành
7852fb78f0816bcbecc07f642573e97d321b3ab1dcdddadf62426de0f5b3ba3d,dish:sot-kem,food_descriptor:ngon,DESCRIBES_FOOD,31548,1b7373debcc5b15d,tu_1b7373debcc5b15d,positive,0.88,làm khéo luôn ngon
9083f01a21d7c5b14c35318bf339aed6cce9cdf22f31a8a63a82245108be296d,dish:sot-kem,dish:ga,HAS_POSITIVE_SIGNAL,31548,1b7373debcc5b15d,tu_1b7373debcc5b15d,positive,0.71,sốt kem đỉnh chốp
8ba33065836b4776f9c658874f3217e40f33f2a2ad4533cf04e0e64029456c4f,dish:do-an,food_descriptor:ngon-xiu,DESCRIBES_FOOD,111500,e5b83d0297c29d3f,tu_e5b83d0297c29d3f,positive,0.92,ngon xỉu
5ff9de9c71a6460a20283758fbeb30179e313156c8140ec8568341a4e8f0aaf6,price_value:gia-tri-gia-ca,dish:do-an,HAS_POSITIVE_SIGNAL,111500,e5b83d0297c29d3f,tu_e5b83d0297c29d3f,positive,0.52,đáng đồng tiền
72c1023d86df60b1773a7f8f418311f438158f337025fd35464cd9e36aa157a4,delivery_packaging:dong-goi,dish:do-an,HAS_POSITIVE_SIGNAL,111500,e5b83d0297c29d3f,tu_e5b83d0297c29d3f,positive,0.58,đóng gói tốt
9410d10df4157b69104b5d75c97413335cf248de27637a98f43245f2f6eb5092,space_quality:do-sach-se,dish:do-an,HAS_POSITIVE_SIGNAL,111500,e5b83d0297c29d3f,tu_e5b83d0297c29d3f,positive,0.43,sạch sẽ
d98f2f3fab4c6a377b442b5af0330e56b6ffda4ecb318f6d6a1f55c7c4d146a3,dish:xuc-xich,problem:sai-thieu-mon,HAS_PROBLEM,29781,e4ea3bbd095039bd,tu_e4ea3bbd095039bd,negative,0.95,xúc xích mà không thấy có
f022184d9f923ae578a8e7c72053d89b0c432112fc2dd8ecf4b46d35d2d0319e,dish:chu-tieu-banh-mi-nuong-sot-muoi-ot,dish:xuc-xich,MENTIONS,29781,e4ea3bbd095039bd,tu_e4ea3bbd095039bd,neutral,0.63,gọi thêm xúc xích
2aba489bed01846a1378c985aa6a938e2cfddedfacd9089046e323125bbeab7a,dish:chu-tieu-banh-mi-nuong-sot-muoi-ot,problem:sai-thieu-mon,HAS_PROBLEM,29781,e4ea3bbd095039bd,tu_e4ea3bbd095039bd,negative,0.9,sai/thiếu món
f0b92b21067a06a23a8b8f4468a88d61e17971feda876c7bf8eef88f51a66cb7,dish:chu-tieu-banh-mi-nuong-sot-muoi-ot,delivery_packaging:packaging,HAS_NEGATIVE_SIGNAL,29781,e4ea3bbd095039bd,tu_e4ea3bbd095039bd,negative,0.68,packaging=-1.00
e097ca1aed0025fa0c88e9792f32fa515f54b38d4b49a70cc78f86e3c33d5aba,dish:banh-mi-nuong-sot-muoi-ot,food_descriptor:iu,DESCRIBES_FOOD,29781,80f442c8174d8bdf,tu_80f442c8174d8bdf,negative,0.96,bánh mì ỉu
5f7a25cec3c3975e93727151c3fb07b7ab01238b04f7753ca5ea2788e3415777,dish:banh-mi-nuong-sot-muoi-ot,problem:khong-hop-mieng,HAS_NEGATIVE_SIGNAL,29781,80f442c8174d8bdf,tu_80f442c8174d8bdf,negative,0.88,chẳng hợp miệng lắm
369a90824a0a211349fd78d74226f52f17c9b68950ee64524892e354bb988917,delivery_packaging:dong-goi,problem:khong-hop-mieng,HAS_PROBLEM,29781,80f442c8174d8bdf,tu_80f442c8174d8bdf,negative,0.55,đóng gói chưa tốt
87939186e200e879601dc4a5dd54688f262ab466cb9d6ee75427286220433224,dish:pho-dac-biet,food_descriptor:toan-thit-trang,DESCRIBES_FOOD,76300,ebff7c8ab618eac8,tu_ebff7c8ab618eac8,negative,0.89,phở đặc biệt 70k nma toàn thịt trắng
16f59f8650eb20abd08e6a33049e040cbeb93d0842b9208388d923a2b3ea95c6,dish:pho-dac-biet,price_value:gia-70k,HAS_NEGATIVE_SIGNAL,76300,ebff7c8ab618eac8,tu_ebff7c8ab618eac8,negative,0.74,70k nma
25e35dae273430b8cd94546d84d886e62519f7bc2ff4423e484836cf5291bcd8,dish:tron,problem:day-hanh,HAS_PROBLEM,76300,ebff7c8ab618eac8,tu_ebff7c8ab618eac8,negative,0.58,đặt trộn... đầy hành
5dac2057046af4acbc005a5d585d85558f5c68bb3ce716a273c57b1111e10e62,dish:pho-dac-biet,problem:sai-thieu-mon,HAS_PROBLEM,76300,ebff7c8ab618eac8,tu_ebff7c8ab618eac8,negative,0.57,sai/thiếu món
382c1beb510ca1ea2f1e8b86cde6045b1ae37158a894d1b5d7454d4e538700d8,dish:pho-ga-thit-xien,food_descriptor:ngon-xiu,DESCRIBES_FOOD,76300,7cd4470cec98270c,tu_7cd4470cec98270c,positive,0.85,ngon xỉu
8d108c83b22c83c518010426417833f378c3af85695626159e95f25ee2c738ea,dish:pho-ga-thit-xien,delivery_packaging:dong-goi-tot,MENTIONS,76300,7cd4470cec98270c,tu_7cd4470cec98270c,positive,0.63,đóng gói tốt
017e3c46c4235478f87c4ac82435931114e7273f46d0d150ec8820a29ddaf439,dish:pho-ga-thit-xien,price_value:dang-dong-tien,MENTIONS,76300,7cd4470cec98270c,tu_7cd4470cec98270c,positive,0.7,đáng đồng tiền
d438d710b035c3c23cb1c0ee9ae04141b298d5684eb19835a52dcdb86157eaed,dish:pho-ga-thit-xien,space_quality:sach-se,MENTIONS,76300,7cd4470cec98270c,tu_7cd4470cec98270c,positive,0.62,sạch sẽ
e4f8f71314924d0fbc48a34638eb55bee25669a5880037e188019ecf2545dd1c,dish:pho-ga,food_descriptor:ngon,DESCRIBES_FOOD,76300,fac2d9e2cddf5d2e,tu_fac2d9e2cddf5d2e,positive,0.7,khá ngon
cdb6f7c8c8c3f4d1f110847578d092c27f6141af7f80eb6b63c193f290ece3a7,dish:thit-xien,food_descriptor:ngon,DESCRIBES_FOOD,76300,fac2d9e2cddf5d2e,tu_fac2d9e2cddf5d2e,positive,0.7,khá ngon
fd5b35c5cc94aadd779e1b1026543302f9134d2ba6a6849ddbc41e7d56e075ec,price_value:30k-1-bat,price_value:re,HAS_POSITIVE_SIGNAL,76300,c0fb5ede907e36cb,tu_c0fb5ede907e36cb,positive,0.95,"rẻ, có 30k 1 bát"
c1f3fcf6920d49b8da9550a2af043362fa1ebba089a3133bfa4ea0020775df99,food_descriptor:day,dish:pho-ga,DESCRIBES_FOOD,76300,c0fb5ede907e36cb,tu_c0fb5ede907e36cb,positive,0.68,"30k 1 bát, đầy"
ce108a066cbccb5764b0950c2a16409434e1710305d21a8ebf994aefcb2468dd,food_descriptor:nuoc-dung-ok,dish:pho-ga,DESCRIBES_FOOD,76300,c0fb5ede907e36cb,tu_c0fb5ede907e36cb,positive,0.92,nước dùng ok
d77b07362409c070f479e6adf49037f78621d9a3ff509b2105fb6eb9751e42c6,delivery_packaging:kem-chanh-goi-tuong-ot-va-dung-cu-an,dish:pho-ga,HAS_POSITIVE_SIGNAL,76300,c0fb5ede907e36cb,tu_c0fb5ede907e36cb,positive,0.71,có kèm chanh gói tương ớt và dụng cụ ăn
cf40eff77ff9ebc331b4a85175a14024e11687328f95330ee56c0eab741d1d71,dish:pho-ga,dish:thit-xien,MENTIONS,76300,c0fb5ede907e36cb,tu_c0fb5ede907e36cb,neutral,0.62,phở gà & thịt xiên
5f012c6b5795cc0a3ae826ec0cc740f0bc0ea2aef760976156defa89f050d435,dish:mon-an,food_descriptor:ngon-xiu,DESCRIBES_FOOD,119112,6fa16a1e37902ac3,tu_6fa16a1e37902ac3,positive,0.92,ngon xỉu
a7067a095f5a663980c8e6dc8e6b8ffaaf4fff13eb42266440d503c1ece45ab8,dish:mon-an,price_value:dang-dong-tien,HAS_POSITIVE_SIGNAL,119112,6fa16a1e37902ac3,tu_6fa16a1e37902ac3,positive,0.74,đáng đồng tiền
7788ee45af3c39ea76976fce1949fe81adf081e611f8a456a7636cd681db016b,dish:mon-an,delivery_packaging:dong-goi-tot,HAS_POSITIVE_SIGNAL,119112,6fa16a1e37902ac3,tu_6fa16a1e37902ac3,positive,0.62,đóng gói tốt
87033c08ea3097892980cc1e85f48324f457da7a9ab6d8ddba39fa8f3413ec07,dish:mon-an,space_quality:sach-se,HAS_POSITIVE_SIGNAL,119112,6fa16a1e37902ac3,tu_6fa16a1e37902ac3,positive,0.58,sạch sẽ
1b26003880a790000f6547e8b298aef22402cb32a0090e087d84ca278acaec45,price_value:gia,problem:hoi-dat,HAS_NEGATIVE_SIGNAL,119112,12b79296380f2b58,tu_12b79296380f2b58,negative,0.94,giá hơi đắt
2c18faf536486674ed139afbd85761ca20eb1d0368d6df71995a8c5caa6583fc,dish:com,food_descriptor:ngon,HAS_POSITIVE_SIGNAL,119112,82c1697c6d48e083,tu_82c1697c6d48e083,positive,0.95,cơm ngon
2efa05d74e556da07bef65fb42e700721d8e36b97be5a6a283df008b56c12948,food_descriptor:ngon,dish:com,DESCRIBES_FOOD,119112,82c1697c6d48e083,tu_82c1697c6d48e083,positive,0.94,cơm ngon
fcd296aaff725f2b7eb025e977b2bf71c0a59054ca4a8c4ea84f950a71ab52c0,price_value:gia,problem:kha-dat,HAS_NEGATIVE_SIGNAL,119112,82c1697c6d48e083,tu_82c1697c6d48e083,negative,0.95,so với giá thì khá đắt
b3ca566a20fb9ef558c6e1f001fc57a2222306a4c3340b9c8d84d3cc3c2ac764,food_descriptor:it,dish:trung,DESCRIBES_FOOD,119112,82c1697c6d48e083,tu_82c1697c6d48e083,negative,0.9,trứng... khá là ít
49a8b9f95d00682343c0e27e91b606b2c8f515c78637911db622779fe4ba6726,food_descriptor:it,dish:lap-xuong,DESCRIBES_FOOD,119112,82c1697c6d48e083,tu_82c1697c6d48e083,negative,0.9,lạp xưởng... khá là ít
4c2a13b76e5ccc091e1912046f7b45d744d28c187a99ce6f7a28d2c2f2beb1c6,food_descriptor:it,dish:ngo,DESCRIBES_FOOD,119112,82c1697c6d48e083,tu_82c1697c6d48e083,negative,0.9,ngô... khá là ít
2e279e3a7a952eca9bb1f5910d6ab85ad745fb8765539f64b6c7f478f4af3135,dish:trung,food_descriptor:it,HAS_NEGATIVE_SIGNAL,119112,82c1697c6d48e083,tu_82c1697c6d48e083,negative,0.89,trứng... khá là ít
263bd7106262b70e7daf93f4034ed97c627badda68ce494667c030ef76fab29a,dish:lap-xuong,food_descriptor:it,HAS_NEGATIVE_SIGNAL,119112,82c1697c6d48e083,tu_82c1697c6d48e083,negative,0.89,lạp xưởng... khá là ít
f47831e042bad69e56a414bd6e8166e8f950b155c524ed01a50318bfa0ce8ef1,dish:ngo,food_descriptor:it,HAS_NEGATIVE_SIGNAL,119112,82c1697c6d48e083,tu_82c1697c6d48e083,negative,0.89,ngô... khá là ít
3f9a4ff601ba9105b44bded58a09d9fd2e0a9c911edaf80e9ad6764fa96ba2f4,dish:bun-cha,food_descriptor:ngon,DESCRIBES_FOOD,114792,8b07145453db095c,tu_8b07145453db095c,positive,0.72,bún chả ... ngon xỉu
337a223baf2ba806322ecfa67201daaaa2709af3eb04e0ddfc0fa15cd11907bd,dish:nem-ran,food_descriptor:ngon,DESCRIBES_FOOD,114792,8b07145453db095c,tu_8b07145453db095c,positive,0.72,nem rán ... ngon xỉu
c85b3262c4f23cdb3b1f21207e46c554d8f347ce2334239517831e2eb0aebb12,dish:bun-cha,price_value:dang-dong-tien,HAS_POSITIVE_SIGNAL,114792,8b07145453db095c,tu_8b07145453db095c,positive,0.63,đáng đồng tiền
5619940859b9f23c0592a62b5c5e8192b1aaaab5492f4ffa52f7c0df8aa3fce6,dish:nem-ran,price_value:dang-dong-tien,HAS_POSITIVE_SIGNAL,114792,8b07145453db095c,tu_8b07145453db095c,positive,0.63,đáng đồng tiền
bfd0556259b2ee1152311baa3e741c87aeaf089dff205b0f4b4812a8c2d6c1c9,dish:bun-cha,food_descriptor:ngon-xiu,DESCRIBES_FOOD,114792,d0944df2b028f422,tu_d0944df2b028f422,positive,0.58,bún chả ... ngon xỉu
ad931e350e21505bad503364108e52e5c31ee3c46ee1fbc9ae4fc1d8e3291894,dish:nem-ran,food_descriptor:ngon-xiu,DESCRIBES_FOOD,114792,d0944df2b028f422,tu_d0944df2b028f422,positive,0.58,nem rán ... ngon xỉu
b78e8a5217a172743f21e84a29a958c9099d97e3c5ef567fc1ccc72ef2de673f,price_value:dang-dong-tien,dish:bun-cha,HAS_POSITIVE_SIGNAL,114792,d0944df2b028f422,tu_d0944df2b028f422,positive,0.55,đáng đồng tiền
250b8840dac98b11d620f8d7fd5de6cfe19f4351f99321adfca81db6078cc9b3,delivery_packaging:dong-goi-tot,dish:bun-cha,HAS_POSITIVE_SIGNAL,114792,d0944df2b028f422,tu_d0944df2b028f422,positive,0.51,đóng gói tốt
079e641edfe86eeabef624805f3c1aee9239387637e0ace0d96ca4a86f2fb6fe,dish:bun-cha,food_descriptor:ngon-xiu,DESCRIBES_FOOD,114792,b8d53c6e0c5f6c25,tu_b8d53c6e0c5f6c25,positive,0.84,ngon xỉu
61f47ff48332030e168da802c5d0faa906f858c7bc3362ec4255bf66a271bafd,dish:nem-ran,food_descriptor:ngon-xiu,DESCRIBES_FOOD,114792,b8d53c6e0c5f6c25,tu_b8d53c6e0c5f6c25,positive,0.84,ngon xỉu
2bb486927b3b9839821a38cfcffec4fdfa042290707e5d5eb59a12cad3ae9642,dish:bun-cha,price_value:dang-dong-tien,HAS_POSITIVE_SIGNAL,114792,b8d53c6e0c5f6c25,tu_b8d53c6e0c5f6c25,positive,0.68,đáng đồng tiền
dce56bf67ccac120b835537f4ffa530d3908416cc1a074fb288716491c97ffa5,dish:nem-ran,price_value:dang-dong-tien,HAS_POSITIVE_SIGNAL,114792,b8d53c6e0c5f6c25,tu_b8d53c6e0c5f6c25,positive,0.68,đáng đồng tiền
19b77100252bd70aa773176e1b1d4f4c7321ffe2630d2ac0b4f39af357f2ca7e,dish:bun-cha,delivery_packaging:dong-goi-tot,HAS_POSITIVE_SIGNAL,114792,b8d53c6e0c5f6c25,tu_b8d53c6e0c5f6c25,positive,0.6,đóng gói tốt
6c4c8175b7669977a037a550f28720fb82cc39beb167b9145a98506f7b47a23c,dish:nem-ran,delivery_packaging:dong-goi-tot,HAS_POSITIVE_SIGNAL,114792,b8d53c6e0c5f6c25,tu_b8d53c6e0c5f6c25,positive,0.6,đóng gói tốt
6512e04f7306769209efab312a2d5e3aa2f724ec817505f5a78fac6390b38af5,dish:thit,food_descriptor:chay,DESCRIBES_FOOD,114792,dcc9212997c4958d,tu_dcc9212997c4958d,negative,0.96,thịt ... bị cháy
2063b604a44a008c2b4af167e47c39fe741b55c1fef904c9fcb9851048d27ac0,dish:nem,food_descriptor:chay,DESCRIBES_FOOD,114792,dcc9212997c4958d,tu_dcc9212997c4958d,negative,0.96,nem bị cháy
3aec1b3a67cca41c51b508893f32e92b0ba3bd6e10a9b8bee52fc354b1a28d92,dish:thit,food_descriptor:khong-ngon,DESCRIBES_FOOD,114792,dcc9212997c4958d,tu_dcc9212997c4958d,negative,0.84,không ngon như mọi lần đặt
246b63fac95226a53924fd5fcc771f4eb30b5628c9ba2abc93cdb1197a919c5e,dish:nem,food_descriptor:khong-ngon,DESCRIBES_FOOD,114792,dcc9212997c4958d,tu_dcc9212997c4958d,negative,0.84,không ngon như mọi lần đặt
9c23cfe4636769e95baee6cc9b06cd0ee455dd4b300007cb0710954f84c096d2,dish:goi-cuon-mam-nem,food_descriptor:ngon,DESCRIBES_FOOD,17056,8cfc82905de43983,tu_8cfc82905de43983,positive,0.94,ngon xỉu
e1897fa56ca76dc240cf99c1cd2f56c5b8b16f87c1dcf02a5f630be24967aa33,dish:goi-cuon-mam-nem,food_descriptor:ngon,HAS_POSITIVE_SIGNAL,17056,8cfc82905de43983,tu_8cfc82905de43983,positive,0.9,ngon xỉu
79106e543303089be8aea998d1b2a8ec5de0ac482b7b647ff4088f9d001bd79e,dish:goi-cuon-mam-nem,food_descriptor:ngon-xiu,DESCRIBES_FOOD,17056,34eb0d07f58f023e,tu_34eb0d07f58f023e,positive,0.92,ngon xỉu
1f10e1c150a44ccec0123e10cf97e83e36005364507f474c8a853ccb88b4d617,dish:goi-cuon-mam-nem,price_value:dang-dong-tien,HAS_POSITIVE_SIGNAL,17056,34eb0d07f58f023e,tu_34eb0d07f58f023e,positive,0.86,đáng đồng tiền
d40af55bdc42cdd6821a753613420e05a76655d7d8ba045ffa29206782c1e050,dish:goi-cuon-mam-nem,space_quality:sach-se,HAS_POSITIVE_SIGNAL,17056,34eb0d07f58f023e,tu_34eb0d07f58f023e,positive,0.83,sạch sẽ
a6a1f56c760f294753ea6bc466b971117ce15c053d4b6fb3a2175667f9c01a77,dish:goi-cuon-mam-nem,food_descriptor:ngon,DESCRIBES_FOOD,17056,e905093099292f01,tu_e905093099292f01,positive,0.72,ngon xỉu
32716405bfe5b69b0e6b0ff8dbf7d0d126182ca8de16ae4c0780d2c399163f51,dish:goi-cuon-mam-nem,delivery_packaging:dong-goi-tot,MENTIONS,17056,289cbe10daa8c0de,tu_289cbe10daa8c0de,positive,0.73,đóng gói tốt
d0577e98efa92b571c1e1e7a60c4869660c1cedd1be0c0553df3b936c3dfe445,dish:goi-cuon-mam-nem,space_quality:sach-se,MENTIONS,17056,289cbe10daa8c0de,tu_289cbe10daa8c0de,positive,0.6,sạch sẽ
0ae08b119fb53afff802772432ecef13e47f9a449fb474edd5b49ef7aeb23357,dish:goi-cuon-mam-nem,price_value:dang-dong-tien,MENTIONS,17056,289cbe10daa8c0de,tu_289cbe10daa8c0de,positive,0.78,đáng đồng tiền
b6ca0bdde0cccc365091fc3cb439ad46a70e2ae9a62d906690c6c43a724e0147,dish:nuoc-cham,food_descriptor:mui-hoi-thiu,DESCRIBES_FOOD,17056,449b0f0343ef7f0d,tu_449b0f0343ef7f0d,negative,0.97,nước chấm mùi hôi thiu
9427363d7bd3730b830086e3ec3cc9e1efb00ebef4a86f0656a6f8fb4a515928,dish:nuoc-cham,food_descriptor:mui-hoi-thiu,HAS_NEGATIVE_SIGNAL,17056,449b0f0343ef7f0d,tu_449b0f0343ef7f0d,negative,0.94,mùi hôi thiu
811cd30aced4b7f6f7741f890c422301094f30b2f0f4f72cf974bf6dd5b67a6a,dish:nuoc-cham,problem:dau-bung,HAS_PROBLEM,17056,449b0f0343ef7f0d,tu_449b0f0343ef7f0d,negative,0.73,ăn song giờ 2 đứa đau bụng
1269f0ae45a82af0ad6db766300d5fe961ae1fc0e0b47897df03e8aa27440a1a,dish:thit,food_descriptor:bo,DESCRIBES_FOOD,17056,b9ad44944de91aea,tu_b9ad44944de91aea,negative,0.97,thịt bở kinh
abea8cfda76cfa96e1118b59740f52b9a4332cea07e0879d69844951ce698bc8,dish:thit,food_descriptor:bo,HAS_NEGATIVE_SIGNAL,17056,b9ad44944de91aea,tu_b9ad44944de91aea,negative,0.93,thịt bở kinh
3d2a05ada7ba99fe280e163dd9aed1d6686914ac7a4baa00617f4af4828b6d23,dish:goi-cuon-mam-nem,food_descriptor:do,HAS_NEGATIVE_SIGNAL,17056,8eddc26981af745e,tu_8eddc26981af745e,negative,0.9,dở
19ae24f36e4b2451b16c7abf618e3fd5a34117b4f8bea3074b2e972e53bea937,dish:goi-cuon-mam-nem,food_descriptor:cung,HAS_NEGATIVE_SIGNAL,17056,8eddc26981af745e,tu_8eddc26981af745e,negative,0.95,cứng
538a8bf9bcd044b7820eb7638ccd2b14ec4a2aae81ce66559abf1ad28b9bde65,delivery_packaging:giao-hang,problem:giao-sai,HAS_PROBLEM,105958,5e4a893a4370d0d4,tu_5e4a893a4370d0d4,negative,0.95,giao sai
834ba47441ad95c72cde236419ad7ce85f8a794647878fbbc10a886870569a97,delivery_packaging:giao-hang,problem:thieu-mon,HAS_PROBLEM,105958,5e4a893a4370d0d4,tu_5e4a893a4370d0d4,negative,0.94,thiếu món
b66a33ea37faa15494e464ed72d17cb81934a2500d193b298e4ced8ce5f60122,delivery_packaging:giao-hang,problem:thieu-thit,HAS_PROBLEM,105958,5e4a893a4370d0d4,tu_5e4a893a4370d0d4,negative,0.84,1suất thiếu thịt
8ed43f1573881d835be5cfa0ff7fbc32c68ed74be82662d39979526982e4a19c,delivery_packaging:giao-hang,problem:cha-co-gi,HAS_PROBLEM,105958,5e4a893a4370d0d4,tu_5e4a893a4370d0d4,negative,0.83,1suất chả có gì
3a053c2c142d5a4130abb29406f4d9ae3ed77a11d317bf70d852bf71ba4bb6c6,dish:pho-bo,food_descriptor:ngon,DESCRIBES_FOOD,14305,2b57ee8f177cfb5e,tu_2b57ee8f177cfb5e,positive,0.88,khá ngon
e30f42eb32df1c585b86dc452f7a329490c9e2d872a1e1e7176336a5e8cb83dc,dish:thit,food_descriptor:nhieu-thit,DESCRIBES_FOOD,14305,2b57ee8f177cfb5e,tu_2b57ee8f177cfb5e,positive,0.84,nhiều thịt
d9ddb0a23c04fd1ce73b475c1ec346e3f82ff3aa1f87cfff3be4f46fcc03380f,dish:nuoc-dung,food_descriptor:man,DESCRIBES_FOOD,14305,2b57ee8f177cfb5e,tu_2b57ee8f177cfb5e,negative,0.94,nước rất mặn
5647be2e42990aebe83734917fb50d2e625366a771170ddb637f2173551972c5,dish:banh-pho,food_descriptor:bo,DESCRIBES_FOOD,14305,2b57ee8f177cfb5e,tu_2b57ee8f177cfb5e,negative,0.95,bánh phở bở
92152eb22429aea615c54b6a07d81387af361b9ba59befffdc2639decabb7925,dish:pho-bo,dish:thit,MENTIONS,14305,2b57ee8f177cfb5e,tu_2b57ee8f177cfb5e,neutral,0.56,nhiều thịt
e44dfd2e75209560325ca351478bee05a22ac5a6c4304e00afbc656093cc738d,dish:pho-bo,dish:nuoc-dung,MENTIONS,14305,2b57ee8f177cfb5e,tu_2b57ee8f177cfb5e,neutral,0.55,nước rất mặn
5ad6cdb7e26fc5bf95f80902a53b9d9d5611978261a5971e3bc031b8a3a5640a,dish:pho-bo,dish:banh-pho,MENTIONS,14305,2b57ee8f177cfb5e,tu_2b57ee8f177cfb5e,neutral,0.58,bánh phở bở
aef14ccb606ef608ccac23ad09661ffdadd16affc1da48532ab5fd7eb8f8192a,dish:pho,food_descriptor:man-chat,DESCRIBES_FOOD,14305,10a883c754d2ab5a,tu_10a883c754d2ab5a,negative,0.99,phở ... mặn cháttttttt
c19e039c87082be088dd3462868119f9cecc08a93011d3fbb4f0d0a2d56c350d,dish:pho,food_descriptor:man-chat,HAS_NEGATIVE_SIGNAL,14305,10a883c754d2ab5a,tu_10a883c754d2ab5a,negative,0.93,cho vựa muối vào túi nước
9d44ef4b095cf4b9cb1052e681e20d87a850110f497c43612041aaff96792ab6,dish:banh-trang-cuon-thit-heo,food_descriptor:ngon,DESCRIBES_FOOD,91853,6405c32936343112,tu_6405c32936343112,positive,0.9,ngon xỉu
d38d41279f67bf2f7c76b0a90927cc2e66dabc479d8f6535e49591f41c23425b,dish:banh-trang-cuon-thit-heo,food_descriptor:ngon,HAS_POSITIVE_SIGNAL,91853,6405c32936343112,tu_6405c32936343112,positive,0.88,ngon xỉu
98255aeb75626ea14962b0efb6c974998f787c4611245d857941f9e8600fa1db,dish:banh-trang-cuon-thit-heo,food_descriptor:ngon,DESCRIBES_FOOD,91853,a1e8281f5aaa97ed,tu_a1e8281f5aaa97ed,positive,0.9,ngon xỉu
e1b298d258642e50d9abccc24f19443406f90c754c54a60c6740905f46ee7f8f,dish:banh-trang-cuon-thit-heo,delivery_packaging:dong-goi-tot,MENTIONS,91853,a1e8281f5aaa97ed,tu_a1e8281f5aaa97ed,positive,0.72,đóng gói tốt
7ed43f09e243f7c67dd81eed6bb2ec7ff31dc2ee26075ae22798e638da7d3a0d,dish:banh-trang-cuon-thit-heo,price_value:dang-dong-tien,MENTIONS,91853,a1e8281f5aaa97ed,tu_a1e8281f5aaa97ed,positive,0.7,đáng đồng tiền
08c52102cdf26bcd9bcddda5152ca76377202db87536ad08bfb8d5d6abc85e05,dish:banh-trang-cuon-thit-heo,food_descriptor:dep-mat,HAS_POSITIVE_SIGNAL,91853,045f615420bac780,tu_045f615420bac780,positive,0.82,trình bày đẹp mắt
72ca68d6d567eb7caaf5089fca243902b6f4321252ad381123edf364bd129347,dish:banh-trang-cuon-thit-heo,space_quality:sach-se,HAS_POSITIVE_SIGNAL,91853,045f615420bac780,tu_045f615420bac780,positive,0.73,sạch sẽ
1ee1bfe0accf3d669da54f8c400a4a87786d9785f12ba0bd3202a91d87aab0f3,dish:thit,food_descriptor:mo,DESCRIBES_FOOD,91853,045f615420bac780,tu_045f615420bac780,negative,0.9,thịt hơi mỡ
b5a798c98fd8d0e6e48d38961b96fa5ebf8c6ca3a0d0544b6fe9b781dd9ec39e,dish:thit,food_descriptor:khong-co-do-ngot-cua-thit-tuoi-moi,DESCRIBES_FOOD,91853,045f615420bac780,tu_045f615420bac780,negative,0.91,không có độ ngọt của thịt tươi mới
77ab643cf60a676f57fef38714bfede13f778792cdcc1f4d295c38a6e5314eb7,dish:thit,food_descriptor:mo,HAS_NEGATIVE_SIGNAL,91853,045f615420bac780,tu_045f615420bac780,negative,0.84,thịt hơi mỡ
ee37ae3baabaabfa3e3c46935c55c308792fd9559fefb8cc0eff20a74f74d3b7,dish:thit,food_descriptor:khong-co-do-ngot-cua-thit-tuoi-moi,HAS_NEGATIVE_SIGNAL,91853,045f615420bac780,tu_045f615420bac780,negative,0.89,không có độ ngọt của thịt tươi mới
5ebaa0085f27ed16e596159a15d38588239ab073f7eacd50074cc742d1d07500,dish:mam-nem,food_descriptor:loang,DESCRIBES_FOOD,91853,045f615420bac780,tu_045f615420bac780,negative,0.95,mắm nêm rất loãng
a9c0821df0f0db6f7d0f63ea93205f0e6bcd98fe66cbafbbbd853244cfee78b7,dish:mam-nem,food_descriptor:khong-ngon,HAS_NEGATIVE_SIGNAL,91853,045f615420bac780,tu_045f615420bac780,negative,0.91,pha mắm không ngon
8c7c3bf0456d8e7de551a99dec019c13e512e495d8e6f4734c550602513173be,dish:mam-nem,food_descriptor:loang,HAS_NEGATIVE_SIGNAL,91853,045f615420bac780,tu_045f615420bac780,negative,0.94,mắm nêm rất loãng
b6c2fe24d06be5c6c3eb512274cdd45dadbcd677b665d5b25db7a69f79ff67d3,dish:bun-hai-san-hoa-qua,food_descriptor:ngon-xiu,DESCRIBES_FOOD,11493,2719112ef67de634,tu_2719112ef67de634,positive,0.91,ngon xỉu
cd463e4b2671d097024b76c4dac744d07c5e9bf10a3b8b938581df6ccc510443,dish:bun-hai-san-hoa-qua,price_value:dang-dong-tien,HAS_POSITIVE_SIGNAL,11493,2719112ef67de634,tu_2719112ef67de634,positive,0.8,đáng đồng tiền
7cfb08435d1ce14ae46b4b429e52472844f695c29af6b7216dcb49e62649f6b2,dish:bun-hai-san-hoa-qua,delivery_packaging:dong-goi-tot,HAS_POSITIVE_SIGNAL,11493,2719112ef67de634,tu_2719112ef67de634,positive,0.72,đóng gói tốt
70621c658d9b41639d6550b0da4753638e0c99d7a96977f0aa9fd44d988f3f02,service_quality:service,problem:thieu-nuoc,HAS_PROBLEM,11493,67b7799b9ea6e6f7,tu_67b7799b9ea6e6f7,negative,0.93,thíu nước
ded621de303123cd305de9b3147046e945e00ef0da7b242410da6f65dfd753b4,service_quality:service,problem:sai-thieu-mon,HAS_PROBLEM,11493,67b7799b9ea6e6f7,tu_67b7799b9ea6e6f7,negative,0.98,sai/thiếu món
dd3335a018a6e8b65a39eceb5935e58074071be9f6f6b6a3daac8a6f3a709f7f,dish:gio,food_descriptor:ngon,HAS_POSITIVE_SIGNAL,22815,24e235e08b825131,tu_24e235e08b825131,positive,0.54,"siêu ngon, giò cũng ok"
e3ab89d9f1b8100c573b8797653e7a585ef61ecfcbbfc54aaaac39090e09688f,dish:gio,food_descriptor:nhieu,HAS_POSITIVE_SIGNAL,22815,24e235e08b825131,tu_24e235e08b825131,positive,0.42,siêu nhiều
ca7548e12263e485fd5c0726e201b27fadf30ae954e97edd7e72b82d802b0dec,dish:mang,problem:thieu-mang,HAS_PROBLEM,22815,9e67f534850ecefc,tu_9e67f534850ecefc,negative,0.94,thiếu măng
2fc1dbee9569051c3f357afa3df13d8f2140d23f55f8ea3d1bd6a0b2b62b0917,dish:mang,problem:khong-cho-mang,HAS_PROBLEM,22815,560dd55b98168ba6,tu_560dd55b98168ba6,negative,0.95,thêm măng mà k cho măng
7ed3aeaaac816d634f199c27764a39e56d0f24d1a16f558b831f5f89d93ba54a,problem:khong-cho-mang,dish:mang,MENTIONS,22815,560dd55b98168ba6,tu_560dd55b98168ba6,neutral,0.82,k cho măng
63c373ff8c8e978a5deef921817125438f72b97ac322944dbbfe2d4f87890853,dish:ga-xao-hanh,food_descriptor:thom,DESCRIBES_FOOD,93168,9fcd7b75b0c5208e,tu_9fcd7b75b0c5208e,positive,0.93,thơm mềm
95317af6cb1f5acfff0701e6fb2df7aa2774470a56faf4fabc8b95fc14a7dab6,dish:ga-xao-hanh,food_descriptor:mem,DESCRIBES_FOOD,93168,9fcd7b75b0c5208e,tu_9fcd7b75b0c5208e,positive,0.93,thơm mềm
228b5b9f1f1586c32f822ef0bcc07d5f75188e765c260677df935ef5773f2f54,dish:ga-xao-hanh,food_descriptor:ngon-xiu,DESCRIBES_FOOD,93168,9fcd7b75b0c5208e,tu_9fcd7b75b0c5208e,positive,0.9,ngon xỉu
30a914ec7de2708cdcd9c89c6012702980169a35693c591924b5dda80413db7c,dish:ga-xao-hanh,food_descriptor:day-du,DESCRIBES_FOOD,93168,9fcd7b75b0c5208e,tu_9fcd7b75b0c5208e,positive,0.82,suất ăn đầy đủ
4117e1b0c99ca21cbb5178e14c732dbb4f46815094302ba843e95edb7e36ee1d,dish:ga-xao-hanh,price_value:dang-dong-tien,HAS_POSITIVE_SIGNAL,93168,9fcd7b75b0c5208e,tu_9fcd7b75b0c5208e,positive,0.8,đáng đồng tiền
1838e06ad8ce829dfe94e7d69a6caf95a9b0ad714155de600261ceb3841ac3d0,dish:ga-xao-hanh,delivery_packaging:dong-goi-tot,HAS_POSITIVE_SIGNAL,93168,9fcd7b75b0c5208e,tu_9fcd7b75b0c5208e,positive,0.62,đóng gói tốt
698b2d603f7341a6813a8c371fec54e08eebb40b265e8d620b25fab997f7317e,dish:ga-xao-hanh,space_quality:sach-se,HAS_POSITIVE_SIGNAL,93168,9fcd7b75b0c5208e,tu_9fcd7b75b0c5208e,positive,0.56,sạch sẽ
ce77ef4976e20dfba6e3473401833edb8438ce575b0db09fe49612dabf0e24a0,location_landmark:minh-son-bun-tron-pho-chien-phong-bach-mai,dish:nem-nuong,MENTIONS,93168,4928e3f9df2812fe,tu_4928e3f9df2812fe,neutral,0.89,nem nướng
ed7bd99b1c54c1b6dd316cd5ae4dcf8310da560c187abb6f6d81636490e7f0ab,location_landmark:minh-son-bun-tron-pho-chien-phong-bach-mai,dish:xuc-xich-chien,MENTIONS,93168,4928e3f9df2812fe,tu_4928e3f9df2812fe,neutral,0.89,xúc xích chiên
bb9077604190fb1a1afe74904e0d1c7158149c87c00586c3dba24572beb4602c,location_landmark:minh-son-bun-tron-pho-chien-phong-bach-mai,dish:thit-bo,MENTIONS,93168,4928e3f9df2812fe,tu_4928e3f9df2812fe,neutral,0.9,thịt bò
7114070b4f74bb4703e7c34f5566f60dbd37b9adde96ac52ccc06719aad23e83,dish:nem-nuong,food_descriptor:chin-chu,DESCRIBES_FOOD,93168,4928e3f9df2812fe,tu_4928e3f9df2812fe,positive,0.87,nem nướng ... rất chỉn chu
86da6038fb924bf05ee1c769f1d28e09caea9def26dca4305ad7728e44d1a681,dish:xuc-xich-chien,food_descriptor:chin-chu,DESCRIBES_FOOD,93168,4928e3f9df2812fe,tu_4928e3f9df2812fe,positive,0.87,xúc xích chiên rất chỉn chu
d3c5ad8682c259dd292e974f28d77368c4398a7b764b4544db6149a646deb451,dish:thit-bo,food_descriptor:thom-mem,DESCRIBES_FOOD,93168,4928e3f9df2812fe,tu_4928e3f9df2812fe,positive,0.94,thịt bò thơm mềm
a0abd47cefbae39cd1898e6468560c9cb04cb80531eadc53cd1221953932f772,location_landmark:minh-son-bun-tron-pho-chien-phong-bach-mai,food_descriptor:ngon,HAS_POSITIVE_SIGNAL,93168,4928e3f9df2812fe,tu_4928e3f9df2812fe,positive,0.9,quán làm ngon vãi chưởng
05d0761a8675d625201a84976aa00f55013fc626d8cac76baaab6df66375b4e4,location_landmark:minh-son-bun-tron-pho-chien-phong-bach-mai,food_descriptor:thom-lung,HAS_POSITIVE_SIGNAL,93168,4928e3f9df2812fe,tu_4928e3f9df2812fe,positive,0.84,mở nắp ra thơm lừng
702b1dc609ee2142403433f362a863e45fc24d821aa6f6063d8518ec40db0c22,location_landmark:minh-son-bun-tron-pho-chien-phong-bach-mai,price_value:dang-dong-tien,HAS_POSITIVE_SIGNAL,93168,4928e3f9df2812fe,tu_4928e3f9df2812fe,positive,0.94,đáng đồng tiền
99a8f7fe11f3ee0d29b705b5c2dfe0da4d26b6ced8a4f1e52144a9c55f364348,location_landmark:minh-son-bun-tron-pho-chien-phong-bach-mai,delivery_packaging:dong-goi-tot,HAS_POSITIVE_SIGNAL,93168,4928e3f9df2812fe,tu_4928e3f9df2812fe,positive,0.95,đóng gói tốt
77ff4e9c0a35af4916732eda5a1da9000f61a38ddfb8d0b0632174b9ad928ef9,location_landmark:minh-son-bun-tron-pho-chien-phong-bach-mai,space_quality:sach-se,HAS_POSITIVE_SIGNAL,93168,4928e3f9df2812fe,tu_4928e3f9df2812fe,positive,0.85,sạch sẽ
5e08ec03814eac7239ff22b1025766c9e14d68fb1af8120a47109f8d4d80051c,dish:pho-tron,food_descriptor:ngon,DESCRIBES_FOOD,93168,743309834b7f665f,tu_743309834b7f665f,positive,0.94,phở trộn ngon
a684938e5973475a8633249c272b42f468fc6c6b17df2d86050c61ecd2705f81,dish:suat-an,food_descriptor:day-dan,DESCRIBES_FOOD,93168,743309834b7f665f,tu_743309834b7f665f,positive,0.9,suất ăn đầy đặn
4ebabd8005544c9d26878950cf2a44015a5ce9628eea8ae600235e27c1245449,dish:suat-an,food_descriptor:nhieu-hanh-kho-lac-rang,DESCRIBES_FOOD,93168,743309834b7f665f,tu_743309834b7f665f,positive,0.78,nhiều hành khô lạc rang
59230539782528fa8e069589140529a76b179d5d58b9789b659fdd1739dec813,dish:thit-bo,food_descriptor:mem,DESCRIBES_FOOD,93168,743309834b7f665f,tu_743309834b7f665f,positive,0.94,mềm
2c3cde001718c4c47d01965e8ef576eb97c2ddd37436c952f67dfa7f1e4b172e,dish:thit-bo,food_descriptor:thom-toi,DESCRIBES_FOOD,93168,743309834b7f665f,tu_743309834b7f665f,positive,0.92,thơm tỏi
11014e7145f0e905a460903400c10f318553ee2cd9d2f11efae1463c28fba2ae,dish:bun,food_descriptor:chua-an-tuong-lam,DESCRIBES_FOOD,93168,743309834b7f665f,tu_743309834b7f665f,negative,0.85,sốt me bún chưa ấn tượng lắm
5d133fa4c77bef4ef3005bb99208503850fbd8a0932d3e4ccb6261c04848b73a,dish:bun-tron,food_descriptor:ngon-xiu,DESCRIBES_FOOD,93168,1b084a17959afee3,tu_1b084a17959afee3,positive,0.89,bún trộn ... ngon xỉu
78492d40a98143264f64428bf31d1920f1e1d069c344993e46dd0b6708a125fa,dish:pho-chien-phong,food_descriptor:ngon-xiu,DESCRIBES_FOOD,93168,1b084a17959afee3,tu_1b084a17959afee3,positive,0.89,phở chiên phồng ... ngon xỉu
2f65ca958ef7f2df5deddb5ebf81abfae14acff5c90d96ef1c1cab9b0d14a7ad,food_descriptor:ngon-xiu,dish:bun-tron,DESCRIBES_FOOD,93168,ea5752fcd41df6d1,tu_ea5752fcd41df6d1,positive,0.92,ngon xỉu
f27fe87dd765ab125beb930a35a465882826edf8c2aba0c499f069cec95272dd,food_descriptor:ngon-xiu,dish:pho-chien-phong,DESCRIBES_FOOD,93168,ea5752fcd41df6d1,tu_ea5752fcd41df6d1,positive,0.92,ngon xỉu
b0416e888537ec02753ef6375ad4c29a20b5b0717e70604b14658e2b188e0b4d,dish:bun-tron,food_descriptor:ngon,DESCRIBES_FOOD,93168,3fcfd1161ac35011,tu_3fcfd1161ac35011,positive,0.72,ngon xỉu
30fa075aa2cb779b46c186537feac39a519f6bfee9cc181237018abc7631f0eb,dish:pho-chien-phong,food_descriptor:ngon,DESCRIBES_FOOD,93168,3fcfd1161ac35011,tu_3fcfd1161ac35011,positive,0.72,ngon xỉu
2da71c4c8beb9827c1b02ddcae5dcbc7c0df2c8127d701ee0b60aa4c9cb99de0,dish:bun-tron,food_descriptor:ngon,DESCRIBES_FOOD,93168,a71ba6e1e355bf80,tu_a71ba6e1e355bf80,positive,0.52,ngon xỉu
06d2f67c1be997a1b28a91ae3d26214076aa159d94777c18b9f0bb7338ec1cf0,dish:pho-chien-phong,food_descriptor:ngon,DESCRIBES_FOOD,93168,a71ba6e1e355bf80,tu_a71ba6e1e355bf80,positive,0.52,ngon xỉu
616be62763cb5e99b09335c88f1114cb2108bb5d0fdbbca1fdb450374a80a03f,dish:bun-tron,price_value:dang-dong-tien,HAS_POSITIVE_SIGNAL,93168,a71ba6e1e355bf80,tu_a71ba6e1e355bf80,positive,0.44,đáng đồng tiền
69ddcb78b4ca8db0558b72faa9f2a072c129f618f21ef922e4cb8e1c94946773,dish:pho-chien-phong,price_value:dang-dong-tien,HAS_POSITIVE_SIGNAL,93168,a71ba6e1e355bf80,tu_a71ba6e1e355bf80,positive,0.44,đáng đồng tiền
d59fb39925f8506c39e47912b12ffe21fc9130ef4f00616dacf24018cfbf6f87,delivery_packaging:dong-goi-tot,space_quality:sach-se,MENTIONS,1108,78cbdd1e296ef4b5,tu_78cbdd1e296ef4b5,positive,0.45,"đóng gói tốt, sạch sẽ"
e4c2ad819fa6df861fe0062f42774fd1f9bcc44f6587236c4d697bb0999f0d21,price_value:dang-dong-tien,food_descriptor:ngon-xiu,MENTIONS,1108,78cbdd1e296ef4b5,tu_78cbdd1e296ef4b5,positive,0.4,"ngon xỉu, đáng đồng tiền"
955d81a6221c31305c45537167bc6d206892bf2aa1e78bf6a2ff61c95c9ca93e,dish:com-rang,food_descriptor:ngon-xiu,DESCRIBES_FOOD,1108,9b48ffe6d05729df,tu_9b48ffe6d05729df,positive,0.68,cơm rang ... ngon xỉu
eb39a1fbc0c958c9a4a69a3ef577af45372ada775d55a2df832694863750a391,dish:com-tam,food_descriptor:ngon-xiu,DESCRIBES_FOOD,1108,9b48ffe6d05729df,tu_9b48ffe6d05729df,positive,0.68,cơm tấm ... ngon xỉu
e8b37f9344dddc31ff859967aca2d1cc133d52d4ecb2f1586be163e23c62c448,occasion:dat,dish:com-rang,MENTIONS,1108,dddc84967b3886d4,tu_dddc84967b3886d4,neutral,0.28,đặt
23dd374725780d52725e5ac31b8dc6b9d81b6d1aa1e05dbe5e95ca21609cab6b,occasion:dat,dish:com-tam,MENTIONS,1108,dddc84967b3886d4,tu_dddc84967b3886d4,neutral,0.28,đặt
ec279b7a3564dd73e4a09180bc3586425c74fa69e805cccaff3217aa57c8eb96,dish:com-rang-dua-bo,problem:khong-phai-thit-bo-ma-la-thit-lon,HAS_PROBLEM,1108,f9d0b0a37de54f5a,tu_f9d0b0a37de54f5a,negative,0.99,cơm rang dưa bò nhưng kp thịt bò mà là thịt lợn
0f7537006480fd6745a304cadaf6441531852442a35a1100001c73223d4f34a3,dish:com-rang-dua-bo,problem:khong-phai-thit-bo-ma-la-thit-lon,MENTIONS,1108,f9d0b0a37de54f5a,tu_f9d0b0a37de54f5a,negative,0.83,cơm rang dưa bò nhưng kp thịt bò mà là thịt lợn
1b49c55e48a9df3d6b404671bfa474ce1d82e1c91d54034763dec17630f381ed,price_value:gia,problem:dat,HAS_NEGATIVE_SIGNAL,95450,3054167caa439035,tu_3054167caa439035,negative,0.95,giá hơi đắt
d2640082489f27459908d46510d263402d3b3e5c7544bff32790eaaaed602d6d,dish:suat-com,price_value:gia-tien,HAS_NEGATIVE_SIGNAL,95450,313c895f3529ed77,tu_313c895f3529ed77,negative,0.95,85k suất cơm thua bát phở 3-40k
91d3643fa8412fa2033683ac649294534f3e1690a12cf0c877966c4aba3e3dd4,price_value:khau-phan,price_value:gia-tien,HAS_NEGATIVE_SIGNAL,95450,313c895f3529ed77,tu_313c895f3529ed77,negative,0.93,khẩu phần hợp lý với giá tiền
03dd1ae3aa1a5dbe7a2157c723107a123ca72ae83f1c265c2c9281e090305395,dish:thit-dui,food_descriptor:bo,DESCRIBES_FOOD,95450,313c895f3529ed77,tu_313c895f3529ed77,negative,0.97,thịt đùi bở
075b651097006a9cf84c012be13a5388dd508b9cefd114fd8f2df0fddce993fc,dish:canh,problem:da-canh-chu-k-co-thit,HAS_PROBLEM,95450,313c895f3529ed77,tu_313c895f3529ed77,negative,0.95,cánh là da cánh chứ k có thịt
5e1a7c7e3ef0a021d688525edc3a7e933377b56456901af32c6130fca8d36f05,dish:suat-com,price_value:khau-phan,HAS_NEGATIVE_SIGNAL,95450,313c895f3529ed77,tu_313c895f3529ed77,negative,0.86,cần có khẩu phần hợp lý với giá tiền
3bf862e20c98775531bb47dba1bb08c40cd4ad5135bca1113bae93cfee873903,dish:thit-rang,food_descriptor:kho-quat,DESCRIBES_FOOD,95450,65f082001ead798f,tu_65f082001ead798f,negative,0.98,thịt rang khô quắt
e3701ede76553c644dce4264a9232a1109b314fb72752ef32e1b0aad14c369b9,dish:nuoc-ma,problem:khong-co-gan-bam,HAS_PROBLEM,95450,65f082001ead798f,tu_65f082001ead798f,negative,0.92,nước mạ thì ko có gan băm
1306bf1101c3bb61bc7b7ef5d081986cc4306c29813cb6765f72206b1afc5221,dish:nuoc-ma,food_descriptor:nguyen-nuoc,DESCRIBES_FOOD,95450,65f082001ead798f,tu_65f082001ead798f,negative,0.9,nguyên nước ko
2298e1eb06bc3c433f1182c8a369f94728181cc7d316a659017462f7a3e2e689,dish:com,food_descriptor:mui-khong-thom,DESCRIBES_FOOD,95450,65f082001ead798f,tu_65f082001ead798f,negative,0.96,mùi ko thơm
29b720d975e91978f1f74397e58f7b144ac1ecd6c0f96d84b0ba5c37ece15825,price_value:muc-gia-100k,food_descriptor:do-cuc-it,HAS_NEGATIVE_SIGNAL,95450,65f082001ead798f,tu_65f082001ead798f,negative,0.88,mức giá 100k... đồ cực ít
1a22e14e49749b283da0a891534d24e37f5ef01cb33ca5136878c0692157a1a2,price_value:gia-ca-cao,food_descriptor:khong-ngon,HAS_NEGATIVE_SIGNAL,95450,65f082001ead798f,tu_65f082001ead798f,negative,0.84,giá cả cao... ko ngon
3544ba5dded2b8478e6b2beb8bb6a53df0932a48197ec2eab6172083e3dd2a42,dish:ga-cuon-nam,problem:ship-sai-mon,HAS_PROBLEM,95450,65f082001ead798f,tu_65f082001ead798f,negative,0.95,ảnh là gà cuộn nấm
2159533fec77fa8084477836d3f5aefc1ad912a38f664bf9e0f165afce4c65c0,dish:thit-rang,problem:ship-sai-mon,HAS_PROBLEM,95450,65f082001ead798f,tu_65f082001ead798f,negative,0.95,lại ship thịt rang
9fd76389e5fd82b68e8f1cc3bac347872380c99990894e07b531043f8dbee196,dish:nuoc-cham,problem:khong-co-nuoc-cham,HAS_PROBLEM,95450,65f082001ead798f,tu_65f082001ead798f,negative,0.93,ko có nước chấm hay gì
1f7c929a89a7fd992163ecfa70c00a1cefa202cd702fd5fa278bb30d60f7582c,dish:thit-rang,food_descriptor:khong-ngon,HAS_NEGATIVE_SIGNAL,95450,65f082001ead798f,tu_65f082001ead798f,negative,0.9,ăn chả ra làm sao
08a642a02e73b6b60f7048b47b98584ba8caa0ca5472f7d73ed8966fe66cd6ee,dish:thit-rang,food_descriptor:do-cuc-it,HAS_NEGATIVE_SIGNAL,95450,65f082001ead798f,tu_65f082001ead798f,negative,0.79,lượng đồ ăn quá lèo tèo
da10d09467ccd6c8a9abde06fa45fc0875b28eedc74e242b470334e83364d2ca,dish:com,food_descriptor:rat-la-te,HAS_NEGATIVE_SIGNAL,95450,6c224467fe2ea299,tu_6c224467fe2ea299,negative,0.94,cơm rất là tệ
93994287494fbc2d3d65567773a1751c1560bc6ded8f8999b0ff5ec49746fc49,dish:ga,food_descriptor:toan-mo,DESCRIBES_FOOD,95450,6c224467fe2ea299,tu_6c224467fe2ea299,negative,0.97,gà thì toàn mỡ
fa3ebc5398aee0edb13be2e1fc2f616851a05e23ae85ee4b8c102ddbbff57592,dish:ga,problem:phan-nhu-tat-cua-ga,HAS_PROBLEM,95450,6c224467fe2ea299,tu_6c224467fe2ea299,negative,0.76,phần như tật của gà
1598e46f61d68271971fb192c84f937e9b1d8bb41eb89cc4697e41fec47135d9,dish:ga,food_descriptor:mui-chua,DESCRIBES_FOOD,95450,6c224467fe2ea299,tu_6c224467fe2ea299,negative,0.95,gà thì mùi chua
e06e09ba2085940427fe5640a6c773c996cfb274fa29b5835db2bf1f46689b9f,dish:do,problem:qua-it,HAS_NEGATIVE_SIGNAL,95450,29f508a254a68f3d,tu_29f508a254a68f3d,negative,0.9,đồ quá ít
45c1f5ebb8bdf4f2c864471d4da00db61171974e710acfff16fafa87f8d6ae19,price_value:muc-gia,problem:qua-it,HAS_NEGATIVE_SIGNAL,95450,29f508a254a68f3d,tu_29f508a254a68f3d,negative,0.82,quá ít so với mức giá
10a3f23879b95d978d353900be207ac9915f282fdb40100051bce0ab2faf8207,dish:do,problem:chan,HAS_NEGATIVE_SIGNAL,95450,29f508a254a68f3d,tu_29f508a254a68f3d,negative,0.65,chán
d87e9376152f5fdb7ad3eb2dccf0fdab516910b398ef0ff491cb5ad1a43cb117,dish:ga,food_descriptor:toan-xuong,DESCRIBES_FOOD,4486,69c93035b9e76a1c,tu_69c93035b9e76a1c,negative,0.96,gà toàn xương
3888e78f64ea83987458d0cd36496f0ec2993816306315dca4ceda7e9b07df9b,dish:ga,problem:khong-lam-dung-ghi-chu,HAS_PROBLEM,4486,69c93035b9e76a1c,tu_69c93035b9e76a1c,negative,0.63,không làm đúng ghi chú
0bf65f8091e71fa0612adfafe2c4c6d1e4b082904450f934c82c8ae4585e54df,dish:ga,problem:sai-thieu-mon,HAS_PROBLEM,4486,69c93035b9e76a1c,tu_69c93035b9e76a1c,negative,0.66,sai/thiếu món
8bbf964ae4eb03882f5eb9302c64bdc170d79bb9906dad399f12bb9fcf495464,food_descriptor:be-ti,dish:mieng-ga,DESCRIBES_FOOD,4486,a1b7f792f77935b7,tu_a1b7f792f77935b7,negative,0.94,miếng gà bé tí
18877cb0cebf729000cf5b2b127110d91f5d444872282387c669e3b3fada853b,dish:mieng-ga,food_descriptor:be-ti,HAS_NEGATIVE_SIGNAL,4486,a1b7f792f77935b7,tu_a1b7f792f77935b7,negative,0.9,miếng gà bé tí
1144e324bffcdf539baa3708808f2c8c7e1cc97d84fc59ec2ff050fd009b772d,dish:com-ga-mam-toi,food_descriptor:ngon-xiu,DESCRIBES_FOOD,4486,a645ccc9c1c4594d,tu_a645ccc9c1c4594d,positive,0.84,ngon xỉu
c5036f934fe7de16edaea15e1d2e81d2004661d5d465905d284f0a1a464e2536,dish:xoi-mo,food_descriptor:ngon-xiu,DESCRIBES_FOOD,4486,a645ccc9c1c4594d,tu_a645ccc9c1c4594d,positive,0.8,ngon xỉu
2915d735e376a11fdb04fb7b3cd95e8684b7de283f436589e152cd1fdbacb01f,dish:com-ga-mam-toi,food_descriptor:ngon-xiu,DESCRIBES_FOOD,4486,af8b540557ae89bc,tu_af8b540557ae89bc,positive,0.78,ngon xỉu
5bc0218033177e843e4eaf0c96555e880fba35f0c8cbd14dc170234ea40c6ee4,dish:xoi-mo,food_descriptor:ngon-xiu,DESCRIBES_FOOD,4486,af8b540557ae89bc,tu_af8b540557ae89bc,positive,0.68,ngon xỉu
3ca63d3a8cac1783675e5522f99551bcf10498d9a9e3afa502db23c7a593f1a7,dish:com-ga-mam-toi,price_value:dang-dong-tien,HAS_POSITIVE_SIGNAL,4486,af8b540557ae89bc,tu_af8b540557ae89bc,positive,0.73,đáng đồng tiền
3fadc7531fccdc99cfc2ab6c6ad2decbc3b0cb2f901c614f6ef28febca67eb4c,dish:xoi-mo,price_value:dang-dong-tien,HAS_POSITIVE_SIGNAL,4486,af8b540557ae89bc,tu_af8b540557ae89bc,positive,0.63,đáng đồng tiền
b87d1fdcf5a6165027780b82af0fed0173061acb48cd3532510daebe50bbda49,dish:com-ga-mam-toi,delivery_packaging:dong-goi-tot,HAS_POSITIVE_SIGNAL,4486,af8b540557ae89bc,tu_af8b540557ae89bc,positive,0.59,đóng gói tốt
fea8b9a9e70e3e5bcb07992f17f33b68585e1c3d32476108b8b061b4a3166871,dish:xoi-mo,delivery_packaging:dong-goi-tot,HAS_POSITIVE_SIGNAL,4486,af8b540557ae89bc,tu_af8b540557ae89bc,positive,0.55,đóng gói tốt
d700b4d4682a4d16a67297bedd03ebdf97eaadfb206d077c621b5a0fbb3ae2cd,delivery_packaging:dong-goi,problem:thieu-dung-cu-an,HAS_PROBLEM,4486,c9376e4822d3ec19,tu_c9376e4822d3ec19,negative,0.9,"chỉ có 1 đũa 1 thìa, đóng gói chưa tốt"
9b5e17fb3eb5ba7f2e62ac70333c8e01a6bf0eec748e7fc2c40a8aa95bbe65a3,delivery_packaging:hop-nhua,problem:khong-phai-la-lan-dau,HAS_PROBLEM,4486,29e2055673015b85,tu_29e2055673015b85,negative,0.88,giao hộp nhựa... không phải là lần đầu
d5f5a2d83c0bdb4932f6fbc1c9728ba3084f43e1d90c9ca92877c13e4783afec,delivery_packaging:hop-nhua,service_quality:khong-thay-thong-bao-lai-cho-khach-hang,HAS_NEGATIVE_SIGNAL,4486,29e2055673015b85,tu_29e2055673015b85,negative,0.8,giao hộp nhựa... không thấy thông báo lại
81f6d0a48e5f8ae351c4b8262eabef772ceb11aabb8f965bee0d9a6e104e1b6e,food_descriptor:ngan,dish:com-ga-mam-toi,DESCRIBES_FOOD,4486,034280269b2e6df5,tu_034280269b2e6df5,negative,0.68,ăn đỡ ngán
dee911413901b2a18a2fe7ceb9a38db042e38be9e6e9b13cfc9d280fcaf0cc64,dish:com-ga-mam-toi,problem:it-rau-dua,HAS_PROBLEM,4486,034280269b2e6df5,tu_034280269b2e6df5,negative,0.79,mong shop cho thêm tí rau dưa
3f308b2fe7f2853924d8d161609a536a94095f40badf4288b590c2f32bf69170,dish:phan-canh,food_descriptor:hoi-man,DESCRIBES_FOOD,4486,66066d8238815a2c,tu_66066d8238815a2c,negative,0.96,phần canh hơi mặn
7540268103614dcbd0c8be9e92f786522c9cdc602b58f4a2274154680c1d0e73,dish:com-ga-mam-toi,problem:khau-phan-it,HAS_PROBLEM,4486,66066d8238815a2c,tu_66066d8238815a2c,negative,0.72,khẩu phần ít so với các quán cùng phân khúc
557579e884181b9b76675c9b325426cd0f3bfe0710da4ff0c5aa71a754a57e86,dish:xoi-mo,problem:khau-phan-it,HAS_PROBLEM,4486,66066d8238815a2c,tu_66066d8238815a2c,negative,0.58,khẩu phần ít so với các quán cùng phân khúc
319142189eb123e1c572e978e87161640be4a87aafa796b652f9a602978a9c28,dish:com,food_descriptor:von-cuc,DESCRIBES_FOOD,4486,c52cb87240e836b4,tu_c52cb87240e836b4,negative,0.98,cơm vẫn vón cục
64bef3e7f5583adca89d84d02f423a3f3f2ddcf544cfc385240f0b258b7f7f04,dish:com,food_descriptor:trang,DESCRIBES_FOOD,4486,c52cb87240e836b4,tu_c52cb87240e836b4,negative,0.76,cơm ... trắng
5abb3905b86dfc16e7a74a8bc1f79190521de63e930610bdf6e2f6315e7be915,dish:com,food_descriptor:nhao,DESCRIBES_FOOD,4486,c52cb87240e836b4,tu_c52cb87240e836b4,negative,0.98,cơm ... nhão
770d54187cc93b93db22e606c13bac33a9472fd6b03350e3582c6055ccb0674d,dish:xot-mam-toi,food_descriptor:nhat,DESCRIBES_FOOD,4486,c52cb87240e836b4,tu_c52cb87240e836b4,negative,0.97,xốt mắm tỏi nhạt
9fac17f16a7d89169ed47182bd2ca3f37a61e2ba8b9901f80b67a1b4b457b98c,price_value:55k,dish:com,HAS_NEGATIVE_SIGNAL,4486,c52cb87240e836b4,tu_c52cb87240e836b4,negative,0.8,chưa xứng đáng 55k
11235d51cb8d86dda2a20e37ec664e7f5edff487059e7ab389f34b265017df42,price_value:55k,dish:xot-mam-toi,HAS_NEGATIVE_SIGNAL,4486,c52cb87240e836b4,tu_c52cb87240e836b4,negative,0.72,chưa xứng đáng 55k
8553427fd4a97c5863ba89faaef5d55d564d3710d9276b094d34a739674a0c9a,dish:banh-cuon-nong,problem:sai-thieu-mon,HAS_PROBLEM,31187,90de69102837cbe1,tu_90de69102837cbe1,negative,0.86,sai/thiếu món
83e2bbd245176fa132c61789584539f3945143eb76728781ff89a7f1d9d8c9c4,dish:banh-cuon-nong,problem:giao-thieu-so-luong,HAS_PROBLEM,31187,90de69102837cbe1,tu_90de69102837cbe1,negative,0.9,đặt 3 xuất nhưng quán giao 2 xuất
9ecc27d674abb5d958c3a36a53e7ad38d800de83d2e6fae21a8f083dde496750,dish:banh-cuon,food_descriptor:day-dan,DESCRIBES_FOOD,31187,3ffdb9a69bbc2c7b,tu_3ffdb9a69bbc2c7b,positive,0.85,đầy đặn
9a8c7c651dd1fd13bc809b4ebbb07ce6674fc79e6ea4ecbd0c56d9fa93431752,dish:banh-cuon,problem:thieu-lua-chon-mon,HAS_PROBLEM,31187,3ffdb9a69bbc2c7b,tu_3ffdb9a69bbc2c7b,negative,0.67,nên thêm ... để chọn
d18a69f545e0f520f25aecb61f9764564422960f7e6f2e1ded5d7a4657bc5356,dish:banh-cuon-cha-mo,problem:thieu-lua-chon-mon,MENTIONS,31187,3ffdb9a69bbc2c7b,tu_3ffdb9a69bbc2c7b,neutral,0.79,thêm bánh cuốn chả mỡ
2a3a5273b38057da11418c4336f43bff98d223d1c4fdfba2de9fc729d4b96e07,dish:cha-que,problem:thieu-lua-chon-mon,MENTIONS,31187,3ffdb9a69bbc2c7b,tu_3ffdb9a69bbc2c7b,neutral,0.79,chả quế để chọn
e7727d53f01deee602cd2e7984c82311f04ccfd90468a4a3016e49f37a78adcf,dish:vit,food_descriptor:hoi,DESCRIBES_FOOD,65884,77758152fa33495b,tu_77758152fa33495b,negative,0.98,vịt hôi
4121e9b5075e3ff77f7237495b3829ecb6090b043052b5c5540d77275813469d,dish:do-an,problem:khong-ro-rang-dinh-luong,HAS_PROBLEM,65884,77758152fa33495b,tu_77758152fa33495b,negative,0.9,không rõ ràng định lượng
841fe2c85af4cd58028109d173e310bbc27f9afe7301dcaf4fbbf9cf5ca23724,dish:do-an,problem:khong-hop-khau-vi,HAS_PROBLEM,65884,77758152fa33495b,tu_77758152fa33495b,negative,0.92,không hợp khẩu vị
bdf13df81eb0f92a7470ebba274b01427a32eb2e376705f57ecbf6e5c6ed2f9e,dish:mi,food_descriptor:ngon,DESCRIBES_FOOD,65884,c5192f7ad7fb9a6d,tu_c5192f7ad7fb9a6d,positive,0.92,mì ... ngon
35fe967e21512ddf99796321f1cd778eb47037519081e252984c7ba85d3ce233,dish:mi,problem:dinh-luong-hoi-it,HAS_NEGATIVE_SIGNAL,65884,c5192f7ad7fb9a6d,tu_c5192f7ad7fb9a6d,negative,0.89,định lượng hơi ít cho 1 xuất mì
bafccde6439e18be91b305f50212938a081ea07a31e6b22d1aedf1be255bc58c,price_value:75k-cho-1-xuat-mi,problem:dinh-luong-hoi-it,HAS_NEGATIVE_SIGNAL,65884,c5192f7ad7fb9a6d,tu_c5192f7ad7fb9a6d,negative,0.78,hơi ít cho 1 xuất mì 75k
74a274f026d1ce686992926566e280ceceed99609defa1d28d0222613bf182cd,delivery_packaging:dong-goi,problem:do-het-nuoc-sot-ra-ngoai,HAS_PROBLEM,65884,c5192f7ad7fb9a6d,tu_c5192f7ad7fb9a6d,negative,0.97,đóng gói ... đổ hết nước sốt ra ngoài
e749743c958c6178757b6963c219e3fe2e592e3e9300e4c46f99631bb6ed6dc7,dish:mi,price_value:75k-cho-1-xuat-mi,MENTIONS,65884,c5192f7ad7fb9a6d,tu_c5192f7ad7fb9a6d,neutral,0.7,1 xuất mì 75k
a86ca3609aeecb9eeb1dd3f4dc2f9bb5b27521ef524f45536e864d1c2a6b1039,dish:banh,food_descriptor:ngon,DESCRIBES_FOOD,58523,205a7524851c5a72,tu_205a7524851c5a72,positive,0.72,tiệm bánh; ngon xỉu
423e8876986adc58b155ca8c5a577558882bf189c4f22f8e393bf04ab3581293,dish:banh,food_descriptor:ngon,HAS_POSITIVE_SIGNAL,58523,205a7524851c5a72,tu_205a7524851c5a72,positive,0.68,ngon xỉu
87b7c7a4ad8b21ffea2398f182f5a74df84db7a4587575635094d30767769561,food_descriptor:an-tam,dish:banh-su-kem,DESCRIBES_FOOD,58523,3eab18ccdf29f819,tu_3eab18ccdf29f819,negative,0.87,bánh su kem ăn tạm thui
88a96fed52d031a40a3441fcb256f99c97439bb2a91d67d30539b9a453d96cdb,food_descriptor:ngon,dish:banh-su-kem,DESCRIBES_FOOD,58523,3eab18ccdf29f819,tu_3eab18ccdf29f819,positive,0.73,bltm ngon
a3dc068c97e0d2a69ddcab91c86d51f819bf90610e20250dec98d73aaf0ebf14,dish:banh-su-kem,problem:kem-bi-chay,HAS_PROBLEM,58523,3eab18ccdf29f819,tu_3eab18ccdf29f819,negative,0.96,kem bị chảy
b377a802c3dd69f8f2c12e9de77c9825f96d09c96e88bacb115da11597493e1a,dish:banh-su-kem,food_descriptor:an-tam,HAS_NEGATIVE_SIGNAL,58523,3eab18ccdf29f819,tu_3eab18ccdf29f819,negative,0.84,ăn tạm thui
4a008a38e04950bfc63b1e8dea26cdc618f70c3043afa16de64c435a11462177,dish:banh-su-kem,food_descriptor:ngon,HAS_POSITIVE_SIGNAL,58523,3eab18ccdf29f819,tu_3eab18ccdf29f819,positive,0.72,ngon
cd684c6ead5c624c287c8991383c65ad1976a8b8eed37b5be00b1bf2c2f88d80,dish:cot-banh,food_descriptor:chua-tham,DESCRIBES_FOOD,58523,431293df19d4f6f8,tu_431293df19d4f6f8,negative,0.95,cốt chưa thấm
6eac10d8feab7940daf202a9ea3306c13ac6017e2a15fa919f40cdee9d501f8d,dish:kem,problem:khong-phai-mascarpone,HAS_PROBLEM,58523,431293df19d4f6f8,tu_431293df19d4f6f8,negative,0.9,không phải mascarpone
a867cf183bb8586cc6637797a49be10a371aa8544faba5b78489051b7a109c5f,dish:banh-xeo-cot-dua,food_descriptor:ngon-xiu,DESCRIBES_FOOD,62280,94335f8dd4987957,tu_94335f8dd4987957,positive,0.9,ngon xỉu
6a7c22bc28a765e60359787260c13b734f9c1321a7772335e1e4869beaee056b,dish:banh-xeo-cot-dua,price_value:dang-dong-tien,HAS_POSITIVE_SIGNAL,62280,94335f8dd4987957,tu_94335f8dd4987957,positive,0.72,đáng đồng tiền
97c651b766b929a47228589a2845d09689073e577e23f55033e0cbfbde710e30,dish:banh-xeo-cot-dua,food_descriptor:delicious,DESCRIBES_FOOD,62280,82e5a513f3837cad,tu_82e5a513f3837cad,positive,0.86,delicious
379691c4c2811ab8c52c5d4ab24fc02902f24d3fd8669e46fddab82c6caf948f,dish:banh-xeo-cot-dua,price_value:worth-the-price,HAS_POSITIVE_SIGNAL,62280,82e5a513f3837cad,tu_82e5a513f3837cad,positive,0.84,worth the price
a18cf8fe5584e5ab157ad16dcf8643af01b330086b4f59586510b9e43121ee6c,dish:banh-trang-cuon-thit-heo,food_descriptor:ngon-xiu,DESCRIBES_FOOD,1279,c379e628cf82ce84,tu_c379e628cf82ce84,positive,0.95,ngon xỉu
9b9c0610d51b84f6a07210f4a30c7f9392187f7fe99763b72e702b4b2ae8994c,dish:banh-trang-cuon-thit-heo,price_value:dang-dong-tien,HAS_POSITIVE_SIGNAL,1279,c379e628cf82ce84,tu_c379e628cf82ce84,positive,0.89,đáng đồng tiền
c237d66a7b227967b35299faff208aa4984a37f05e2c1d6cad41e8960f8484ba,dish:banh-trang-cuon-thit-heo,space_quality:sach-se,HAS_POSITIVE_SIGNAL,1279,c379e628cf82ce84,tu_c379e628cf82ce84,positive,0.68,sạch sẽ
3edbbba53e44f33f99c242f41094e14fac5ef7832825a060ff5830cabfd86d7e,dish:banh-trang-cuon-thit-heo,delivery_packaging:dong-goi-tot,HAS_POSITIVE_SIGNAL,1279,c379e628cf82ce84,tu_c379e628cf82ce84,positive,0.9,đóng gói tốt
3a349a847b398ea50c3d9560cab1dc6b78e6fffa7185bf349500a40b9e985267,dish:banh-trang-cuon-thit-heo,food_descriptor:ngon-xiu,DESCRIBES_FOOD,1279,0d5e9ea504314cd2,tu_0d5e9ea504314cd2,positive,0.92,ngon xỉu
09f449f5177697c574a3a2fcdabf7707e4c6d6e5079bb003b55097a06c837580,service_quality:lam-dung-theo-yeu-cau-cua-khach,service_quality:qua-co-tam,HAS_POSITIVE_SIGNAL,1279,0d5e9ea504314cd2,tu_0d5e9ea504314cd2,positive,0.72,làm đúng theo yêu cầu ... quá có tâm
5240ef58a013f4d697d9dbe5844c149eacd269afb8b76975e3555d4f1f405c35,dish:banh-trang-cuon-thit-heo,price_value:dang-dong-tien,HAS_POSITIVE_SIGNAL,1279,0d5e9ea504314cd2,tu_0d5e9ea504314cd2,positive,0.7,đáng đồng tiền
0eba2b1705ad6a6d24ed6e4f17c297624fc2f151ccb6d72383a82c96b5d72896,dish:banh-trang-cuon-thit-heo,space_quality:sach-se,HAS_POSITIVE_SIGNAL,1279,0d5e9ea504314cd2,tu_0d5e9ea504314cd2,positive,0.52,sạch sẽ
1e1dadfd3f1100c465d2a845dcfb86a9d67ef3461a65b3a61df5db807c7ebdfa,dish:thit-heo,price_value:40k-duoc-3-mieng-thit,HAS_NEGATIVE_SIGNAL,1279,7c47f72f3f9273c5,tu_7c47f72f3f9273c5,negative,0.89,thịt heo 40k được 3 miếng thịt
5a8c55707c49840b2a836c08628260a47bec886918d2f07d96b913bfb3cc2ab4,dish:gach-quan-banh-trang-cuon-thit-heo,amenity:giay-an,HAS_AMENITY,1279,0f426a6213dbb7c6,tu_0f426a6213dbb7c6,negative,0.72,không có giấy ăn
084f461f7cfc9e4e41d33875d223eb83bfa1f4af687c60885e67e743867e5b3c,dish:gach-quan-banh-trang-cuon-thit-heo,problem:thieu-giay-an,HAS_PROBLEM,1279,0f426a6213dbb7c6,tu_0f426a6213dbb7c6,negative,0.96,không có giấy ăn
cc6c0f8468c387d1480ddc83623803f8a84668f4b5f3909ee68d6f24412126f3,dish:gach-quan-banh-trang-cuon-thit-heo,service_quality:thanh-lich,HAS_NEGATIVE_SIGNAL,1279,0f426a6213dbb7c6,tu_0f426a6213dbb7c6,negative,0.74,trừ 3 điểm thanh lịch
e6f37ee4240614274625954a20e556672dc5bb63332bb0d52fa3c4f43eb6e3ee,problem:thieu-giay-an,amenity:giay-an,MENTIONS,1279,0f426a6213dbb7c6,tu_0f426a6213dbb7c6,negative,0.67,không có giấy ăn
7b999b3363240f5ab25c879a7de91f0578cc45fc41ddb912e92d70ab5b40d6aa,dish:bo,dish:thit-bo,HAS_PROBLEM,32416,82cbc814aa284ffa,tu_82cbc814aa284ffa,negative,0.76,đặt bò nhưng không có thịt bò đâu
cf473a07c289d902c952701ca7c5577526177ac709025fb9397bdbf3948374f8,delivery_packaging:dong-goi,problem:sai-thieu-mon,HAS_NEGATIVE_SIGNAL,32416,82cbc814aa284ffa,tu_82cbc814aa284ffa,negative,0.58,"đóng gói chưa tốt, sai/thiếu món"
9f2d74431adaa64345459be0f5c80c1cae2d744a40fd6798528e9e5711eb83de,dish:bo,problem:sai-thieu-mon,HAS_PROBLEM,32416,82cbc814aa284ffa,tu_82cbc814aa284ffa,negative,0.83,đặt bò nhưng không có thịt bò đâu
ec97a60088a039d225207862c81179178eeb29589c73be5279976b6629872b40,dish:mien,food_descriptor:ngon,DESCRIBES_FOOD,32416,979ee9b19b87c6fa,tu_979ee9b19b87c6fa,positive,0.76,ngon xỉu
4ad859f22d2caba6e50585f1ed17d326b98f710f92e438c7fdc7ac948a3d7a5f,dish:banh-da-cua-tron,food_descriptor:ngon,DESCRIBES_FOOD,32416,979ee9b19b87c6fa,tu_979ee9b19b87c6fa,positive,0.76,ngon xỉu
f1d8bd934419c87f193e0a71480022e7e675363edc0dd98c7fb2b29967c61f12,dish:mien,food_descriptor:ngon,DESCRIBES_FOOD,32416,1579876d313ac8c6,tu_1579876d313ac8c6,positive,0.55,ngon xỉu
4dd997fa0187e4a12d642e256c4a7f350bff8d0fee9710a0bef8707188ec4879,dish:banh-da-cua-tron,food_descriptor:ngon,DESCRIBES_FOOD,32416,1579876d313ac8c6,tu_1579876d313ac8c6,positive,0.72,ngon xỉu
8f636d78c8e87229ff2b5bd002b57ed7a193b7553fa196510e6b1f21ebd58b4e,dish:mien-banh-da-cua-tron,food_descriptor:ngon,DESCRIBES_FOOD,32416,36eed4f18cba741a,tu_36eed4f18cba741a,positive,0.9,vị ngon
c675a1687bb9c093c47f254b5a50464d480e3f5fe988b159002684b81c7b54b6,dish:banh-da-cua-tron,problem:khong-thay-gach-cua,HAS_PROBLEM,32416,7a4a9530836bc97f,tu_7a4a9530836bc97f,negative,0.94,bánh đa cua trộn mà 0 thấy gạch cua
dce3d05a47bb500394c164212cab3a153d9ce72432841e6d78c9a79cd1d46925,dish:banh-da-cua-tron,problem:khong-thay-gach-cua,HAS_NEGATIVE_SIGNAL,32416,7a4a9530836bc97f,tu_7a4a9530836bc97f,negative,0.84,0 thấy gạch cua đâuu luôn
64e360aed771de3174631032c70c61876aee85a0a5c2f15d49c7eef9c3b7f045,dish:mien-banh-da-cua-tron,dish:topping,MENTIONS,32416,ad9f3a8f3842f56c,tu_ad9f3a8f3842f56c,neutral,0.78,topping siêu ít
052916efa5449b0bc4a2922f2f73e2e5c589828459cf8ae84a5d26817bb165c8,dish:mien-banh-da-cua-tron,dish:mien,MENTIONS,32416,ad9f3a8f3842f56c,tu_ad9f3a8f3842f56c,neutral,0.8,miến nhiều
49268741af44dc2cdbbb04b2010438c2bd6f4092e6971d561bd87031640694ca,dish:topping,food_descriptor:sieu-it,DESCRIBES_FOOD,32416,ad9f3a8f3842f56c,tu_ad9f3a8f3842f56c,negative,0.95,topping siêu ít
61bccc73ac43384d9bca55727f49e4219b45171489e99a07dd7dc6485a54120c,dish:mien,food_descriptor:nhieu,DESCRIBES_FOOD,32416,ad9f3a8f3842f56c,tu_ad9f3a8f3842f56c,neutral,0.88,miến nhiều
d816da44279b926073723e8bdc38bde1e97a8ad54b0da41d28d02aba5ace9787,dish:mien-banh-da-cua-tron,problem:topping-sieu-it,HAS_PROBLEM,32416,ad9f3a8f3842f56c,tu_ad9f3a8f3842f56c,negative,0.93,topping siêu ít
33eaee55d827edce37c9f7b2e5f3a90527493b8af27730dc7048f073a148eea7,dish:mieng-suon,food_descriptor:trang-nhat-tung-an,HAS_NEGATIVE_SIGNAL,39068,02382f5203ef619d,tu_02382f5203ef619d,negative,0.84,miếng sườn trắng nhất từng ăn
7579ac3efec05a5ba848605d46f020bf97a15371f6391e1644d7c9b1c844bb4b,dish:mieng-suon,food_descriptor:kho,HAS_NEGATIVE_SIGNAL,39068,02382f5203ef619d,tu_02382f5203ef619d,negative,0.98,và khô
d3660c07d8c40ac6dd1c20f010ccad5c785bf3dc3837acd3d2dcae95031a8dc5,food_descriptor:trang-nhat-tung-an,dish:mieng-suon,DESCRIBES_FOOD,39068,02382f5203ef619d,tu_02382f5203ef619d,negative,0.8,miếng sườn trắng nhất từng ăn
1220eea20e45d1f449e31df0f94d22029c0fbe1b207bd617c2e61ba29cfb8f5c,food_descriptor:kho,dish:mieng-suon,DESCRIBES_FOOD,39068,02382f5203ef619d,tu_02382f5203ef619d,negative,0.98,khô
5c9fa772e3316d259848c3f0341ebafc106c50b230c894aa4842b6e9ff6711b3,dish:com-tam,problem:khong-hop-khau-vi,HAS_NEGATIVE_SIGNAL,39068,e6b84c9f67a66fbe,tu_e6b84c9f67a66fbe,negative,0.6,không hợp khẩu vị
9ecdb2690d9f2400886bdade1dfa3d5aa83d388b579943c83f9a17a7eb3fa76e,dish:com-suon-xot,problem:khong-hop-khau-vi,HAS_NEGATIVE_SIGNAL,39068,e6b84c9f67a66fbe,tu_e6b84c9f67a66fbe,negative,0.58,không hợp khẩu vị
08ba22d46124080441df81fa93f934200c29236b928da54292abab005d138475,dish:com-suon-cooky-com-tam-com-suon-xot,dish:thit,MENTIONS,39068,36d2cded0b35e0a0,tu_36d2cded0b35e0a0,neutral,0.62,đầu thịt thì hôi
36223bb96c9b46b0de7449ade4dd9edb60bdafa066815bb93a2b86aa0531e266,dish:thit,food_descriptor:hoi,DESCRIBES_FOOD,39068,36d2cded0b35e0a0,tu_36d2cded0b35e0a0,negative,0.98,thịt thì hôi
db2db4f47c14d84b12e49a0eaf3dd2954d8a19058b7a0c0ee2d926afba8b78ad,dish:com-suon-cooky-com-tam-com-suon-xot,food_descriptor:khong-hop-khau-vi,HAS_NEGATIVE_SIGNAL,39068,36d2cded0b35e0a0,tu_36d2cded0b35e0a0,negative,0.9,không hợp khẩu vị
6ffc8705f9f48c97ed31d7b389f2177e5617a78bc0abf2e0575cfbe62bff4470,dish:com-suon-cooky-com-tam-com-suon-xot,food_descriptor:chan,HAS_NEGATIVE_SIGNAL,39068,36d2cded0b35e0a0,tu_36d2cded0b35e0a0,negative,0.88,ăn chán
b984d4fabf44bf904e6eafc9b863b0eddc21e02693a9c74602e2310c3d9216e5,dish:com-suon-cooky-com-tam-com-suon-xot,delivery_packaging:dong-goi,HAS_NEGATIVE_SIGNAL,39068,36d2cded0b35e0a0,tu_36d2cded0b35e0a0,negative,0.95,đóng gói chưa tốt
ffcc437e5172f71f17274f8c58127a3694120e186e585776914f2ce81fb833a2,delivery_packaging:dong-goi,problem:sai-thieu-mon,HAS_PROBLEM,39068,36d2cded0b35e0a0,tu_36d2cded0b35e0a0,negative,0.84,sai/thiếu món
db9ae9d3fb956ce266d995a0fcd958734cb7c69538080cb5eab52c65ad0df9e1,dish:com-suon-cooky-com-tam-com-suon-xot,space_quality:ve-sinh,HAS_NEGATIVE_SIGNAL,39068,36d2cded0b35e0a0,tu_36d2cded0b35e0a0,negative,0.88,không đảm bảo vệ sinh
a1a93e0289be5e512f80cee4c73b54787c5adaeb09f52ac4a7057c15f06bd742,dish:com-suon,food_descriptor:it,DESCRIBES_FOOD,39068,c03e9ff006cbe7e2,tu_c03e9ff006cbe7e2,negative,0.78,đồ ăn ít
19911a8e670c8d687ef8f76d07ec2a50cf47b6684541b5c12d043a9281589023,dish:thit,food_descriptor:kho,DESCRIBES_FOOD,39068,c03e9ff006cbe7e2,tu_c03e9ff006cbe7e2,negative,0.96,thịt khô
4e324e278558850136286fdcadf22674b38cf38b1971a0e970666582e98d020e,dish:com-suon,price_value:dat-khong-dang-tien,HAS_NEGATIVE_SIGNAL,39068,c03e9ff006cbe7e2,tu_c03e9ff006cbe7e2,negative,0.76,đắt không đáng tiền
270412ab619a69d0d73be4b5eef7d7622a618152ad29a9c35aa7880a47459e3b,dish:com-suon,problem:khong-hop-khau-vi,HAS_PROBLEM,39068,c03e9ff006cbe7e2,tu_c03e9ff006cbe7e2,negative,0.74,không hợp khẩu vị
f2f6ae21c9356d9156c62d8ee79ea4c79acd658861cbba36adbc047d2007b3ad,dish:com-suon,service_quality:khong-lam-dung-ghi-chu,HAS_NEGATIVE_SIGNAL,39068,c03e9ff006cbe7e2,tu_c03e9ff006cbe7e2,negative,0.72,không làm đúng ghi chú
fc1b32a28e634fdf923657c94f7b8b5eb3b12a3fa260e434146640e8b2a8655b,dish:com,food_descriptor:song,DESCRIBES_FOOD,39068,b575e1e7ac61a950,tu_b575e1e7ac61a950,negative,0.95,cơm sống
3132fc634880735ad931ac8af5d92c36f77d72f07b4e8deaa1076e87e226a4b7,dish:com,problem:com-song,HAS_PROBLEM,39068,b575e1e7ac61a950,tu_b575e1e7ac61a950,negative,0.9,cơm sống
13ac70a9db89ba80c92481e089d695cbfa3ee83089e607698b8afc6c7141b163,dish:com,food_descriptor:kho,DESCRIBES_FOOD,39068,8efc2e492f29298d,tu_8efc2e492f29298d,negative,0.99,cơm khô
44c99fedff9ec480c4bac58e983fdcd444220a9f02c73dc8b26a4632e8e329c4,dish:thit,food_descriptor:kho,DESCRIBES_FOOD,39068,8efc2e492f29298d,tu_8efc2e492f29298d,negative,0.98,thịt khô
888d3c79fae1fa2cc8bdafa855a532c088818ef0036f09e0aa19035a0a4ecf0c,dish:nuoc-dung,dish:com,MENTIONS,39068,8efc2e492f29298d,tu_8efc2e492f29298d,neutral,0.52,k có nước dùng
7354bfd3b4447da674250d622cb23f58cd1b58ade044421719a5de7defbf3a29,delivery_packaging:ship,problem:thieu-do,HAS_PROBLEM,39068,8efc2e492f29298d,tu_8efc2e492f29298d,negative,0.97,ship thiếu đồ
e77b39eb21a72b603022e879855b70c9bedcf27a51747be40a5fff1072ab581b,dish:com,food_descriptor:kho,HAS_NEGATIVE_SIGNAL,39068,8efc2e492f29298d,tu_8efc2e492f29298d,negative,0.95,quán cơm khô
2b746b51c2fb8b45bfc9521a0689bb22cb7a3d89c4e77d14fff56b9f485094fb,dish:thit,food_descriptor:kho,HAS_NEGATIVE_SIGNAL,39068,8efc2e492f29298d,tu_8efc2e492f29298d,negative,0.94,thịt khô
013602d2996d5409f302f4885cf2dc15b912bbfb31c217dfeb165ad39aabf641,dish:nuoc-dung,problem:thieu-do,HAS_NEGATIVE_SIGNAL,39068,8efc2e492f29298d,tu_8efc2e492f29298d,negative,0.56,k có nước dùng
47a8a26ffb0125972b58eb1b70c9d726104dcfbf88bb27eb5e3400da56561e2a,dish:com-suon-xot,location_landmark:tran-dai-nghia,NEAR,39068,75218e129ade0f39,tu_75218e129ade0f39,neutral,0.38,cơm sườn xốt - trần đại nghĩa
d934b809b51d66a5126cd7a0fb07f0c3ba1513f5c11adf36e5c8cd7487d0a656,dish:com,food_descriptor:kho,DESCRIBES_FOOD,39068,49671bd4a0ffc122,tu_49671bd4a0ffc122,negative,0.98,cơm khô
7ab66d7b7608f6e1002d33b62a4edadfc4c3dc47ac85babedd057bfa094ed9d8,dish:canh,problem:khong-co-canh,HAS_PROBLEM,39068,49671bd4a0ffc122,tu_49671bd4a0ffc122,negative,0.88,ko có canh
192cdd8a40f30dfc963864420a8b1f11ac5c7ba981fb9f971ae1737363683a52,dish:canh-cai-thit,problem:khong-thay-giao,HAS_PROBLEM,39068,ca00a76b098ccf00,tu_ca00a76b098ccf00,negative,0.97,đặt canh cải thịt nhưng ko thấy giao
0cd981b3b87f74f0a4ac5168c7dbe0c38cda3b7bd82611bd3ccb5a22da056ae8,food_descriptor:ngon,dish:bun-cha,DESCRIBES_FOOD,32283,2255c050759655f9,tu_2255c050759655f9,positive,0.95,bún chả ngon
f838cb051782b8fe7a6b1c2145aaf9aecf4545853464af7b2ae5190178c7601a,dish:bun-cha,food_descriptor:ngon,HAS_POSITIVE_SIGNAL,32283,2255c050759655f9,tu_2255c050759655f9,positive,0.93,ngon xỉu
add840ed9da6f14bdd37a7e20becaed80f1360e9cba09731952bb98128911d92,dish:bun-cha,food_descriptor:ngon,DESCRIBES_FOOD,32283,1f3fd4e8333d22d2,tu_1f3fd4e8333d22d2,positive,0.84,bún chả ngon
615dad0747104389e667b9afa8d08225ca52f59c30b917357a3a268cb1062c60,delivery_packaging:tui-nuoc-cham,problem:tui-nuoc-cham-bi-thung,HAS_PROBLEM,32283,1b2adc5f41705e96,tu_1b2adc5f41705e96,negative,0.96,thủng 1 túi nước chấm
63db6ed2fa4d3f458c899800b391a4e0802f0127397bc87d3478c725f1cba0b4,delivery_packaging:tui-nuoc-cham,problem:nuoc-cham-chay-het-ra,HAS_PROBLEM,32283,1b2adc5f41705e96,tu_1b2adc5f41705e96,negative,0.96,nước chấm chảy hết rả ra
82a17dd60e08c93ab52929641e9af0abc940a3abc3167188ddab428575e7285b,delivery_packaging:tui-nuoc-cham,problem:kho-chiu,HAS_NEGATIVE_SIGNAL,32283,1b2adc5f41705e96,tu_1b2adc5f41705e96,negative,0.75,nhìn khó chịu thật
a2fbca0bf3ac28cd5ddf04cd088a5d9fc2654d468e5e6e663734e209bf02909e,dish:combo-busan,food_descriptor:ngon,HAS_POSITIVE_SIGNAL,4397,147535990f9b276f,tu_147535990f9b276f_0,positive,0.95,combo busan ... ăn khá ngon
b052821d1cca68f5c9002842315680e1e84d540dc20887deb53d090131042ec0,dish:combo-busan,food_descriptor:ngon,DESCRIBES_FOOD,4397,147535990f9b276f,tu_147535990f9b276f_0,positive,0.94,ăn khá ngon
69e4692e5016fb29767f77b75b7d30b32b9dccdd86c82f08b8c1a04117719cbd,dish:com-tron,food_descriptor:ngon,HAS_POSITIVE_SIGNAL,4397,147535990f9b276f,tu_147535990f9b276f_0,positive,0.95,cơm trộn ... ăn khá ngon
b074fe901f4831ba64d975f7f0b953fc1f00e2629d97ce4055fec1288aeb899f,dish:com-tron,food_descriptor:ngon,DESCRIBES_FOOD,4397,147535990f9b276f,tu_147535990f9b276f_0,positive,0.94,ăn khá ngon
83b94fea1cce4f1d5604bdaf118c4d329d8382ed1f61a9bb0df0765a85272740,dish:ga,food_descriptor:lop-bot-sieu-day,HAS_NEGATIVE_SIGNAL,4397,147535990f9b276f,tu_147535990f9b276f_0,negative,0.96,lớp bột siêu dày
79c148e20f0fdd02ef7e086ab0203e441f422946fb694185ef3dcba3a7c8f453,dish:ga,food_descriptor:lop-bot-sieu-day,DESCRIBES_FOOD,4397,147535990f9b276f,tu_147535990f9b276f_0,negative,0.95,lớp bột siêu dày
695c8f05bf306935d75f10df20b6404ec59a5a66f829ea0cf789bc8d2a15146c,dish:ga,food_descriptor:thit-hoi-it,HAS_NEGATIVE_SIGNAL,4397,147535990f9b276f,tu_147535990f9b276f_0,negative,0.86,phần thịt hơi ít
132413c37a8eea54286a4767997b4645b915e4fc53a5c0a6ba48faff627a2095,dish:ga,food_descriptor:thit-hoi-it,DESCRIBES_FOOD,4397,147535990f9b276f,tu_147535990f9b276f_0,negative,0.84,phần thịt hơi ít
e3aa4a69628f233fcf356d6e8762b74fa6aef0298549bb5eeea8309f1fac7f0c,dish:sot,food_descriptor:ngon,HAS_POSITIVE_SIGNAL,4397,147535990f9b276f,tu_147535990f9b276f_0,positive,0.9,sốt vẫn ngon
a430885a198fdeccff9bf907f920494fd59c0158e018aaa1a473bfea08e94491,dish:sot,food_descriptor:ngon,DESCRIBES_FOOD,4397,147535990f9b276f,tu_147535990f9b276f_0,positive,0.89,sốt vẫn ngon
5c73c1bc0625b00ebc36fb530fecfc963ca57950748f0964d58f59ab52c12f17,dish:set-one-deful,problem:khong-hop-khau-vi,HAS_PROBLEM,4397,147535990f9b276f,tu_147535990f9b276f_0,negative,0.78,2 món mình đặt đều ko hợp khẩu vị
f7864341a8ae29fa38533e01370939d6ceead67cd88094a12fee5957d12b0cac,dish:ga,food_descriptor:khong-tuoi,HAS_NEGATIVE_SIGNAL,4397,147535990f9b276f,tu_147535990f9b276f_0,negative,0.96,gà của mình ko tươi
f1cdfcd197ffd98e51d430f2039e83e0a4b2211f51182e10b9dbf8bca281cd43,dish:ga,food_descriptor:khong-tuoi,DESCRIBES_FOOD,4397,147535990f9b276f,tu_147535990f9b276f_0,negative,0.95,gà của mình ko tươi
fff1599189612968589865252d80b982e7458899c8f989d877dd7f2258f90d15,dish:sot-kem-hanh,problem:khong-hop-khau-vi,HAS_PROBLEM,4397,147535990f9b276f,tu_147535990f9b276f_0,negative,0.95,sốt kem hành ko hợp khẩu vị
22fefa4bc7518c75ae2edce8f56bc2bed2c7435c78f2573d90ceefca22aa1203,dish:sot-kem-hanh,food_descriptor:nhat,HAS_NEGATIVE_SIGNAL,4397,147535990f9b276f,tu_147535990f9b276f_0,negative,0.8,mình ăn thấy nhạt
d0982939b35e820571a479e433eddc66b43da46a9f4b334e08689662f2868bf5,dish:sot-kem-hanh,food_descriptor:nhat,DESCRIBES_FOOD,4397,147535990f9b276f,tu_147535990f9b276f_0,negative,0.78,mình ăn thấy nhạt
96b9f11f543d7cf252a250b4a6a513986526dbd02ab63deb8d27ba7f52301361,dish:sot-kem-hanh,food_descriptor:khong-co-vi-gi,HAS_NEGATIVE_SIGNAL,4397,147535990f9b276f,tu_147535990f9b276f_0,negative,0.92,ko có vị gì
5f7e13933059dee4a47b79193093bcebc8cc0676ea9417cdc7374df87d1bbf42,dish:sot-kem-hanh,food_descriptor:khong-co-vi-gi,DESCRIBES_FOOD,4397,147535990f9b276f,tu_147535990f9b276f_0,negative,0.9,ko có vị gì
561e32d1c18fa675224b0a06e29841a2d38a6a748feb49b6d75ff61a5a4a1c7f,dish:mien,problem:it-hon-minh-nghi,HAS_PROBLEM,4397,147535990f9b276f,tu_147535990f9b276f_0,negative,0.9,phần miến ... ít hơn mình nghĩ
3c189078ac6deaca60c50db15ad262c903dd7bb0367b17c20a6465c5e3f4f02b,dish:salad,problem:it-hon-minh-nghi,HAS_PROBLEM,4397,147535990f9b276f,tu_147535990f9b276f_0,negative,0.9,salad ít hơn mình nghĩ
e1bb9beaa6e1e5e75d7bb80564540f1de214932529db133e23b3a230800a2f22,occasion:takeaway,dish:combo-busan,MENTIONS,4397,147535990f9b276f,tu_147535990f9b276f_0,neutral,0.63,mình đặt (combo busan
f98046ef0bb748e0852618f48a7137c69a0f77d8f85a918a5d7446895d3ce5d5,occasion:takeaway,dish:com-tron,MENTIONS,4397,147535990f9b276f,tu_147535990f9b276f_0,neutral,0.63,và cơm trộn)
e8c29714559bceeeaf5837446d48bd1ac125962ab8ede8df629cd31a450a845d,dish:do-an,food_descriptor:nhat,DESCRIBES_FOOD,4397,147535990f9b276f,tu_147535990f9b276f_1,negative,0.95,ăn thấy nhạt
c97a7f6f14316df5e6479bf3848b200264e4a589686c7846af87a93a4d8ce830,dish:do-an,food_descriptor:ko-co-vi-gi,DESCRIBES_FOOD,4397,147535990f9b276f,tu_147535990f9b276f_1,negative,0.94,ko có vị gì
75e8cfbc1dee083a5ba7003f306ebb943749d7dc9d557c946dfc3e83c91e7e40,dish:do-an,food_descriptor:con-nong,DESCRIBES_FOOD,4397,147535990f9b276f,tu_147535990f9b276f_1,positive,0.82,nhận khi còn nóng
6e7d9e95a5624d3e7142f0d898617027d367c1a1ff1e15280ecac2dabcecc917,dish:do-an,problem:khong-hop-khau-vi,HAS_PROBLEM,4397,147535990f9b276f,tu_147535990f9b276f_1,negative,0.9,không hợp khẩu vị
5bb0aa00390983000609bca2e09fe478c945941e1e8593a08bdd5a281fd90dc2,dish:mien,problem:it-hon-minh-nghi,HAS_PROBLEM,4397,147535990f9b276f,tu_147535990f9b276f_1,negative,0.88,phần miến ... ít hơn mình nghĩ
f2d3a42768ff41a6e3f9e3800277fde8151ef47188ddcb82f53a5fec3a2152bf,dish:salad,problem:it-hon-minh-nghi,HAS_PROBLEM,4397,147535990f9b276f,tu_147535990f9b276f_1,negative,0.88,salad ít hơn mình nghĩ
e9b6a984aa85143eff400a55981da225e0bdfb1c4848ba43d63c8b8a9c9d9911,delivery_packaging:dong-goi-rat-chinh-chu,food_descriptor:con-nong,HAS_POSITIVE_SIGNAL,4397,147535990f9b276f,tu_147535990f9b276f_1,positive,0.79,"đóng gói rất chỉnh chu, ... còn nóng"
ffbf5bd05a5a215719ee8b4076f232189349bbba3da0489a934548bbae839325,dish:do-an,food_descriptor:ngon-xiu,DESCRIBES_FOOD,4397,9012e72fd7ad0cb8,tu_9012e72fd7ad0cb8,positive,0.95,ngon xỉu
dd3537caaae5c08db7ab4aedbdab005264dd599093a4c9e0458cafbbeb4fa6f2,dish:com,food_descriptor:mui-hoi,DESCRIBES_FOOD,4397,783db0490a19afc5,tu_783db0490a19afc5,negative,0.94,cơm toàn mùi hôi
18116dd6bef8eda80b74aa4532f34b2f2c106399536a69879722a04920022688,dish:com,problem:gian,HAS_PROBLEM,4397,783db0490a19afc5,tu_783db0490a19afc5,negative,0.9,mùi hôi của gián
3e0e275404c59e5d400fa6c9c91e8c8d59885844954d6dd44a650b72b8f69227,problem:do-bep-chua-rua-lai,problem:khong-dam-bao-ve-sinh,HAS_NEGATIVE_SIGNAL,4397,783db0490a19afc5,tu_783db0490a19afc5,negative,0.92,rửa lại đồ bếp nhé... không đảm bảo vệ sinh
e8fbff0e24e3393834a0e44bf7759f57fe3d6226d89b4f83fc6593b867e34f89,problem:khong-dam-bao-ve-sinh,problem:gian,HAS_PROBLEM,4397,783db0490a19afc5,tu_783db0490a19afc5,negative,0.88,mùi hôi của gián
b435e50dbcf46ded23962677c2a18a97ed176b6a4361089b63709218f0c52327,dish:com-tron,food_descriptor:chat-luong,HAS_POSITIVE_SIGNAL,4397,0cbfedbdc85dbd51,tu_0cbfedbdc85dbd51,positive,0.93,cơm trộn chất lượng lắm ạ
44a3a90ada5a62a7b033ed7a0fe6a6a0a54705d4897f7cb2a7db00aaf206312e,dish:com-tron,food_descriptor:e-he,DESCRIBES_FOOD,4397,0cbfedbdc85dbd51,tu_0cbfedbdc85dbd51,positive,0.87,nó ê hề luôn
f6b71bcbb60a8c74167b1f78f733b392f625a11c603a12196f99708cc2582023,dish:com-tron,audience:2-ban,GOOD_FOR,4397,0cbfedbdc85dbd51,tu_0cbfedbdc85dbd51,positive,0.8,nên 2 bạn ăn ạ
26d58e72477967d0062de64fbcb855ccfb5157858aefd27c1895cae18bbf40c2,dish:ga,audience:2-ban,GOOD_FOR,4397,0cbfedbdc85dbd51,tu_0cbfedbdc85dbd51,positive,0.61,chưa kể gà nữa nên mn mua thì nên 2 bạn ăn ạ
bf08ab5ebe83e44d83936eaeb0a7efadc73e27d7a60cd751565774432ab0b3cf,dish:xoi-mam,problem:de-ot,HAS_PROBLEM,7920,9eca35673de2093f,tu_9eca35673de2093f,negative,0.9,xối mắm mà lại để ớt
ac29c2cd3375abe2dd7fde4ed8f416373dfce034fa4f5c7667960e20dde1fc7c,dish:xoi-mam,problem:de-ot,MENTIONS,7920,9eca35673de2093f,tu_9eca35673de2093f,neutral,0.66,xối mắm mà lại để ớt
39b48f29589acdd4fb9a0ec6a5d27765ca3315c468079d546527abc9a4dc1ddd,dish:banh-trang-cuon-phomai,food_descriptor:ngon,DESCRIBES_FOOD,61209,6270e6d249ec9fd4,tu_6270e6d249ec9fd4,negative,0.84,kh ngon
b34c0f024f73bdb07146231f3331476d6a5d983e744b32d263adf261ec98c9aa,dish:com-ga,food_descriptor:ngon,DESCRIBES_FOOD,76124,f45009027903624d,tu_f45009027903624d,positive,0.55,ngon xỉu
6fe35366f9ea40ad9e4130e45ad4b96ed351e40f35ad06da2409ad449793d1ef,dish:com-thit-heo,food_descriptor:ngon,DESCRIBES_FOOD,76124,f45009027903624d,tu_f45009027903624d,positive,0.55,ngon xỉu
4681316b84decb7f97a76dd3784817757a0e52c3bdc7a5d1c9c95e9b8d0d9fde,dish:com-ga,food_descriptor:ngon,HAS_POSITIVE_SIGNAL,76124,ba5131af8340472a,tu_ba5131af8340472a,positive,0.67,ngon xỉu
0253c606dc165150931fc1e7322e112ae5f608b97a45ef2324dfbd71e224f7e3,dish:com-thit-heo,food_descriptor:ngon,HAS_POSITIVE_SIGNAL,76124,ba5131af8340472a,tu_ba5131af8340472a,positive,0.67,ngon xỉu
9f39ca15a66a5132f1454a540773bc744f0c465beebd57f0b1f8c73f0b5ecb74,food_descriptor:ngon,dish:com-ga,DESCRIBES_FOOD,76124,ba5131af8340472a,tu_ba5131af8340472a,positive,0.72,ngon xỉu
738d5be03228d41b5e6cc258cba84f9d0813319cd783cb09877e554dad0f44c9,food_descriptor:ngon,dish:com-thit-heo,DESCRIBES_FOOD,76124,ba5131af8340472a,tu_ba5131af8340472a,positive,0.72,ngon xỉu
1fed8b480b9f6f3c7e61fe9924451870043f77809f7411d7b070ed9abdfa9162,dish:com-ga,food_descriptor:ngon,DESCRIBES_FOOD,76124,05fd48ad37a243dc,tu_05fd48ad37a243dc,positive,0.61,ngon xỉu
4779f018043597b1761e70ffd23a33c69c63352e0e66981a16228df8b2417fef,dish:com-ga,food_descriptor:nhieu-thit,DESCRIBES_FOOD,76124,05fd48ad37a243dc,tu_05fd48ad37a243dc,positive,0.66,siêu nhìu thịt
a90bb420b443702bec1335bc51cac101fd1502d514f4f8002ffa28d3a505df12,dish:com-thit-heo,food_descriptor:ngon,DESCRIBES_FOOD,76124,05fd48ad37a243dc,tu_05fd48ad37a243dc,positive,0.61,sốt cx ngon nx
63d796a471d2b8de2f1af88daceb7d753a38ba7a3630556ae6d8499dc17cb469,dish:com-thit-heo,food_descriptor:nhieu-thit,DESCRIBES_FOOD,76124,05fd48ad37a243dc,tu_05fd48ad37a243dc,positive,0.66,siêu nhìu thịt
5d08002eb031dc8cdde71bf38658aa254bd9d1d9f93f118657088710a33806bd,delivery_packaging:dong-goi,price_value:dang-dong-tien,HAS_POSITIVE_SIGNAL,76124,05fd48ad37a243dc,tu_05fd48ad37a243dc,positive,0.58,"đóng gói tốt, đáng đồng tiền"
8031d7f24cea36c4e8ee26f921289bfd163b714c00ff22ebaa36fe56b7e6921b,space_quality:sach-se,delivery_packaging:dong-goi,MENTIONS,76124,05fd48ad37a243dc,tu_05fd48ad37a243dc,positive,0.41,"đóng gói tốt, sạch sẽ"
7c30516e65119f3759af0df564a7ed1095d8cfda3149353364904a78dcd4b471,delivery_packaging:dong-goi,problem:khong-co-bat-do-nuoc-mam,HAS_PROBLEM,10227,83d2c0ddfd22eda2,tu_83d2c0ddfd22eda2,negative,0.86,"không có bát đổ nước mắm, đóng gói chưa tốt"
734c4f17d60eca60b91602edabd77ad87214b3104affdc71fbea13b21ac5458a,delivery_packaging:dong-goi,problem:khong-dam-bao-ve-sinh,HAS_NEGATIVE_SIGNAL,10227,83d2c0ddfd22eda2,tu_83d2c0ddfd22eda2,negative,0.63,"đóng gói chưa tốt, không đảm bảo vệ sinh"
1dace1ed344820dac86cdf26666153dd30e411c42868cac779d82716bf1a398a,dish:banh-cuon-thit,food_descriptor:khong-co-thit,DESCRIBES_FOOD,10227,d883587135e58cc4,tu_d883587135e58cc4,negative,0.9,bánh cuốn thịt k có thịt
e4ab395b328e219f499e31a84469875b249f2d158a85684e4858afdbeaf63223,dish:banh-cuon-thit,problem:sai-thieu-mon,HAS_PROBLEM,10227,d883587135e58cc4,tu_d883587135e58cc4,negative,0.72,sai/thiếu món
a6d61a13464595f0f1ebf5533e7540af7432e161ccab845de8e8fc2e1b4024f2,dish:cha,food_descriptor:cu,DESCRIBES_FOOD,10227,f7deb270deda0e5f,tu_f7deb270deda0e5f,negative,0.95,chả cũ từ hqua
2ce96fd3703ec51db4497f3e1f506f0dd253bd7bbdbfe6d461d532e64ca568ab,dish:cha,food_descriptor:cu,HAS_NEGATIVE_SIGNAL,10227,f7deb270deda0e5f,tu_f7deb270deda0e5f,negative,0.92,chả cũ từ hqua
604564bb4a9179b6b0311a19ac260c06fad962b75072199f84fb00c890d04b5e,dish:mieng-thit,food_descriptor:den,DESCRIBES_FOOD,10227,f7deb270deda0e5f,tu_f7deb270deda0e5f,negative,0.93,miếng thịt bị đen
be5614574bb0fd1b838a63e5c626f89128c67f2a268f2519fe02e36be797a2ca,dish:mieng-thit,food_descriptor:den,HAS_NEGATIVE_SIGNAL,10227,f7deb270deda0e5f,tu_f7deb270deda0e5f,negative,0.91,bị đen
e5b98d826482dabd185f44e9bc30e67e8f8e9904d5d495f26603473590602ef0,dish:mieng-thit,food_descriptor:roi-nat,DESCRIBES_FOOD,10227,f7deb270deda0e5f,tu_f7deb270deda0e5f,negative,0.95,miếng thì rời nát
1a8132b8a61cf74222b2a4d69b7042a8003a88c78d61f0e12b394db81d509e75,dish:mieng-thit,food_descriptor:roi-nat,HAS_NEGATIVE_SIGNAL,10227,f7deb270deda0e5f,tu_f7deb270deda0e5f,negative,0.92,miếng thì rời nát
2abe61e96f10cb6c91a0023b0b9e172b6b5ad70630b876cda21a19bf77255fc6,dish:cha,problem:lam-an-qua-bat-nhao,HAS_PROBLEM,10227,f7deb270deda0e5f,tu_f7deb270deda0e5f,negative,0.56,làm ăn quá bát nháo
8ac448e3ad40065fb035d72770741ed1e95d3772ed5d17535cf06f151baec1d9,dish:mieng-thit,problem:lam-an-qua-bat-nhao,HAS_PROBLEM,10227,f7deb270deda0e5f,tu_f7deb270deda0e5f,negative,0.56,làm ăn quá bát nháo
87ee79b8c46d7189f4c050797ff5e48f9d857180ddb2c3d8e4f52113eaf71f34,dish:rau,problem:thieu-rau,HAS_NEGATIVE_SIGNAL,10227,a9e81ff16565bd76,tu_a9e81ff16565bd76,negative,0.9,ít rau
40c21e0e859257b8af3180a70899145f1d250f3e58fbb54b6b37f6698b4d99e6,delivery_packaging:tui-nuoc-cham,problem:2-suat-chi-co-1-tui-nuoc-cham,HAS_PROBLEM,10227,a9e81ff16565bd76,tu_a9e81ff16565bd76,negative,0.95,gọi 2 xuất có 1 túi nó chấm
f415ee8d52de3890307fb4438300db4edf547e5b3d73db5b47b1c8b4ee85d869,delivery_packaging:packaging,problem:thieu-cha,HAS_PROBLEM,10227,b11af4e072bc5575,tu_b11af4e072bc5575,negative,0.9,mở ra k thấy chả
94380e42aeeef23bb298b1762d1f506c9fc4b72c55571e93747c9e0f5c39e7ee,problem:thieu-cha,dish:cha,MENTIONS,10227,b11af4e072bc5575,tu_b11af4e072bc5575,negative,0.84,k thấy chả
218169b3438fb59af17de689c5f1389cd6e1b260bfe41367203da41687d26b70,service_quality:service,problem:tu-doi-khong-thong-bao,HAS_PROBLEM,10227,432d9c5866a965a4,tu_432d9c5866a965a4,negative,0.92,không thông báo
aafb4594a29e925c9b22434f9996964fe0a5d7825d0d9f8015530b60a2a67db7,dish:nuoc-quat,problem:tu-doi-khong-thong-bao,MENTIONS,10227,432d9c5866a965a4,tu_432d9c5866a965a4,neutral,0.72,đổi nước quất
c51734d740fdbeac8db03f86100fa0c65e1f309f1861e3d2862f10376d8edb43,delivery_packaging:dong-goi,problem:sai-thieu-mon,HAS_PROBLEM,2443,d29c4e15f8d815ab,tu_d29c4e15f8d815ab,negative,0.72,packaging=-1.00; sai/thiếu món
05bb130fe4e7b45a561e64bd9dd4d7e82d2313add3ed76166ce2a29777a2c188,dish:banh-gio,problem:bi-hong,HAS_PROBLEM,2443,8169a5598d9678f4,tu_8169a5598d9678f4,negative,0.95,bánh bị hỏng
f4c861b54fe1e803366c493bb9c6432e4c1e0ac06743abf14560a145711a4d3d,food_descriptor:vua-het-ca-ra,dish:banh-gio,DESCRIBES_FOOD,2443,8169a5598d9678f4,tu_8169a5598d9678f4,negative,0.9,vữa hết cả ra
a2dfb08723ae4440657c05ec6cb38a30bc113bbdcfcf3e0a9c961c10f599b744,dish:banh-gio,problem:khong-dam-bao-ve-sinh,HAS_PROBLEM,2443,8169a5598d9678f4,tu_8169a5598d9678f4,negative,0.84,không đảm bảo vệ sinh
24ef79abd678dc48000d1dbfcf155c4baadfe92228848d3b2ebcf4f264807a98,dish:banh-gio,price_value:gia,HAS_NEGATIVE_SIGNAL,2443,38dc7da1da3d8bc6,tu_38dc7da1da3d8bc6,negative,0.93,97k được 2 bánh giò
51d6d825fe36c02f35bc34555b071df0a02c7c4ad384d65d683c755aa0aae5b6,dish:banh-gio,problem:thieu-gio-cha-an-kem,HAS_PROBLEM,2443,38dc7da1da3d8bc6,tu_38dc7da1da3d8bc6,negative,0.97,không có giò chả ăn kèm
13684671f767080b2ed7f00d294bf09414cc03f85bb428af61971ecf816d9d33,dish:gio-cha-an-kem,problem:thieu-gio-cha-an-kem,MENTIONS,2443,38dc7da1da3d8bc6,tu_38dc7da1da3d8bc6,negative,0.84,giò chả ăn kèm
9b1767409850cf7fe097a38775e0205c6e2bb6eb81991bc035ed18cb556ff5de,dish:banh,price_value:1-nghin-tien-banh-19-nghin-tien-la,MENTIONS,2443,883b18a78dd50111,tu_883b18a78dd50111,negative,0.78,1 nghìn tiền bánh 19 nghìn tiền lá
6ac7e06110db5365bcce5fefdf5c3adb189b29b06cb2e51bd8b789b8d70ebeba,delivery_packaging:dong-goi,problem:khong-co-thia,HAS_PROBLEM,2443,883b18a78dd50111,tu_883b18a78dd50111,negative,0.96,ko có thìa
b6939b2564a907c46d9432fa53785977802579871405da66495234970a90d54d,delivery_packaging:dong-goi,problem:khong-co-tuong-ot-chinsu,HAS_PROBLEM,2443,883b18a78dd50111,tu_883b18a78dd50111,negative,0.84,ko có tương ớt chinsu
cbd498b32b5674f41459e2960cd76c12de31fbcad3322667ca0dcc16ee2dae1c,price_value:1-nghin-tien-banh-19-nghin-tien-la,delivery_packaging:dong-goi,HAS_NEGATIVE_SIGNAL,2443,883b18a78dd50111,tu_883b18a78dd50111,negative,0.67,19 nghìn tiền lá
68e69b64e2f37a67a9ab39da7f996e23a62fa4d5446304927890f6a7d02b88af,delivery_packaging:dong-goi,problem:khong-ghim-nap-hop-com,HAS_PROBLEM,116044,bae14e6251d76402,tu_bae14e6251d76402,negative,0.97,không ghim nắp hộp cơm
9397c320f53ae659d74c6767d56a4a98e70b8a154da8109d24e9071aa1bd875f,delivery_packaging:dong-goi,problem:canh-bi-do,HAS_PROBLEM,116044,bae14e6251d76402,tu_bae14e6251d76402,negative,0.98,canh bị đổ
a338e2b5ed4c1661f11301388d84de69ac9d0971b67aa20b4f0c156e631904b0,dish:canh,problem:canh-bi-do,HAS_PROBLEM,116044,bae14e6251d76402,tu_bae14e6251d76402,negative,0.96,canh bị đổ
b77323a00b9ce679bfa7e2bae7c412a496a2e417ee05c388cc089b3c36afa94a,dish:com-ca-ri,problem:that-vong,HAS_NEGATIVE_SIGNAL,116044,bf65047c37a5e011,tu_bf65047c37a5e011,negative,0.76,ko giống cơm cà ri
d1ebc06d1a6915e8492ca9b3a31ab960b6a272fa0482ba5a0158027dbdee1631,price_value:gia-nay,problem:that-vong,HAS_NEGATIVE_SIGNAL,116044,bf65047c37a5e011,tu_bf65047c37a5e011,negative,0.66,với giá này thì cũng biết là chỉ đc vậy
e256552cc420f6b7fbb0ba3e7bf308783eafbf1a5cbb21b2cdf59921c6c0f183,problem:dua-gay,problem:that-vong,HAS_PROBLEM,116044,bf65047c37a5e011,tu_bf65047c37a5e011,negative,0.86,đũa thì gãy
7e28cef0768725234902217cdd1f8825da797b62db5732fc46e912ea4ac6acfa,dish:bun-cha,food_descriptor:ngon,DESCRIBES_FOOD,16270,6be3a8d708c9cac3,tu_6be3a8d708c9cac3,positive,0.79,bún chả ... ngon xỉu
b04f6f994af505ba5f3ed4a3b203f6e13a0ded6eef25c49560f46f2aada872ea,dish:bun-thit-nuong,food_descriptor:ngon,DESCRIBES_FOOD,16270,6be3a8d708c9cac3,tu_6be3a8d708c9cac3,positive,0.79,bún thịt nướng ... ngon xỉu
283b84229f0b85e06a70e955ee66b09177b29c2e0164b536d0e15f4942e0df1e,dish:thit-xien-cay-dau,food_descriptor:ngon,DESCRIBES_FOOD,16270,6be3a8d708c9cac3,tu_6be3a8d708c9cac3,positive,0.76,thịt xiên cây dâu ... ngon xỉu
637e6b7d2bc504e8ff602f8440f350b49c015da01a58c707f505a4e80d5d19a4,dish:bun-cha,food_descriptor:ngon,DESCRIBES_FOOD,16270,4d0e9b75b856a653,tu_4d0e9b75b856a653,positive,0.72,ngon xỉu
27f16fe7461d0e832704595a161d13cb6d60a2f39dd549f0d7166ad8b377e846,dish:bun-thit-nuong,food_descriptor:ngon,DESCRIBES_FOOD,16270,4d0e9b75b856a653,tu_4d0e9b75b856a653,positive,0.72,ngon xỉu
feee87d385f98098043e24fa7a2dedad06c6d58fa97f41bccbbc608a3a38805e,dish:thit-xien,food_descriptor:ngon,DESCRIBES_FOOD,16270,4d0e9b75b856a653,tu_4d0e9b75b856a653,positive,0.68,ngon xỉu
12b8b1d5d45f455197d219e737533248e91000efdfb282389a1e86443edf93a5,dish:bun-cha,food_descriptor:ngon,DESCRIBES_FOOD,16270,b0e5561b679b896f,tu_b0e5561b679b896f,positive,0.82,ngon xỉu
fe5de7c6153768899e5398664699a47f9edf0a7ea470e979666a0aff8f2c184f,dish:bun-thit-nuong,food_descriptor:ngon,DESCRIBES_FOOD,16270,b0e5561b679b896f,tu_b0e5561b679b896f,positive,0.82,ngon xỉu
5ec934cad5506d83da3d6b0a7de1b036cbf2a05f60adbb8d2b8ca69373cfd6e9,dish:thit-xien,food_descriptor:ngon,DESCRIBES_FOOD,16270,b0e5561b679b896f,tu_b0e5561b679b896f,positive,0.76,ngon xỉu
2f43d4d0bb3a027d3e92eccad9af6b259208c6d1a6cd18a6130de284bdec648b,dish:bun-cha,food_descriptor:ngon-xiu,DESCRIBES_FOOD,16270,9cc3cf6e7036424d,tu_9cc3cf6e7036424d,positive,0.77,ngon xỉu
4fdb48a5bd7c69f7478384ea31a76cb6ed50607ffb22e2a347039da5c6305b68,dish:bun-thit-nuong,food_descriptor:ngon-xiu,DESCRIBES_FOOD,16270,9cc3cf6e7036424d,tu_9cc3cf6e7036424d,positive,0.77,ngon xỉu
4cd7d394be3350181386c840a8d3fbaa3c00c3c57c0c2807f7660177f6c1f8aa,dish:thit-xien-cay-dau,food_descriptor:ngon-xiu,DESCRIBES_FOOD,16270,9cc3cf6e7036424d,tu_9cc3cf6e7036424d,positive,0.77,ngon xỉu
e710515fecd15b503fb8f6a5c80670719b8888545767e164f52a30185aef17b1,dish:bun-cha,food_descriptor:sieu-ngon,DESCRIBES_FOOD,16270,c43d42e69981d647,tu_c43d42e69981d647,positive,0.76,bún chả... siêu ngon
ca963dd8ad9bcbdd5866c8dc7e446586acc90388a9a757242d63e0564e1f569a,dish:bun-cha,food_descriptor:ngon-xiu,DESCRIBES_FOOD,16270,c43d42e69981d647,tu_c43d42e69981d647,positive,0.74,ngon xỉu
f6723c3c9f9a71cc1ea8082266e0ea8d8e096929e1bc9f46d8daab60c3c493b0,dish:bun-thit-nuong,food_descriptor:sieu-ngon,DESCRIBES_FOOD,16270,c43d42e69981d647,tu_c43d42e69981d647,positive,0.7,siêu ngon
208a3bf99ee00262cc3a8257a325a69068fd290e9c1058b395e4da670c4d29b9,dish:thit-xien,food_descriptor:sieu-ngon,DESCRIBES_FOOD,16270,c43d42e69981d647,tu_c43d42e69981d647,positive,0.68,siêu ngon
d9fcb192559d074786f7a250f9dec89a12d1209e41b33ce2f0554b83bf458678,dish:nuoc-mam,problem:khong-du-mam-de-an,HAS_PROBLEM,16270,74153ecda60c5cee,tu_74153ecda60c5cee,negative,0.94,"có tí nước mắm, ko đủ mắm để ăn"
6bfad0e4d7d454420db129598105c2530db7a3af721bc1998957df610ece00d9,dish:nuoc-mam,problem:khong-du-mam-de-an,MENTIONS,16270,74153ecda60c5cee,tu_74153ecda60c5cee,negative,0.71,nước mắm
14f278f5361db0d11ba4b9b0b56b548ba26932126c5b8bc096443e520545ed5a,food_descriptor:ngon-xiu,dish:com,DESCRIBES_FOOD,128372,9a81d1a4bf13121f,tu_9a81d1a4bf13121f,positive,0.53,ngon xỉu
01820c7c37fcee358ca94b888916afd00e75e1af5c7db38c6ec7385ccc33176c,food_descriptor:ngon-xiu,dish:ga,DESCRIBES_FOOD,128372,9a81d1a4bf13121f,tu_9a81d1a4bf13121f,positive,0.58,ngon xỉu
05b7998c41de495efcb67adb188acd81e31a916854e6a6cc716627a902df9582,food_descriptor:ngon-xiu,dish:xa-xiu,DESCRIBES_FOOD,128372,9a81d1a4bf13121f,tu_9a81d1a4bf13121f,positive,0.58,ngon xỉu
9ef37c326b749a0b3a20a457cb0e8f5cfd1023af608194923d954c464f4f43d2,dish:com,price_value:dang-dong-tien,HAS_POSITIVE_SIGNAL,128372,9a81d1a4bf13121f,tu_9a81d1a4bf13121f,positive,0.51,đáng đồng tiền
3822223c977e4ccc09c82bb913fa4a49d0925b1472afeb40c4420c0eed3edd54,dish:ga,price_value:dang-dong-tien,HAS_POSITIVE_SIGNAL,128372,9a81d1a4bf13121f,tu_9a81d1a4bf13121f,positive,0.55,đáng đồng tiền
a2ddc0361bb108c7e32874941732ebb33a5a0588974d7848005d379c7f36c4ba,dish:xa-xiu,price_value:dang-dong-tien,HAS_POSITIVE_SIGNAL,128372,9a81d1a4bf13121f,tu_9a81d1a4bf13121f,positive,0.55,đáng đồng tiền
a8028a0bb14c9c6ce7b7be691da8c4772b44933bfdc159da2db620914d93f84f,dish:thit,food_descriptor:mui-la,DESCRIBES_FOOD,128372,ce613c0f6b23f5c0,tu_ce613c0f6b23f5c0,negative,0.96,thịt có mùi lạ
0ea7300ee950a7f60a1d59bea98f911315b4937645af21a66aa579168ac0b858,dish:thit,problem:de-lau-bi-thiu,HAS_PROBLEM,128372,ce613c0f6b23f5c0,tu_ce613c0f6b23f5c0,negative,0.9,giống để lâu bị thiu
5d5cca5c7b5fd6e0fe5d9ea321448da7f38e4a7c9305ad5e9839db5a34c6ba77,dish:do-an,problem:ve-sinh,HAS_PROBLEM,128372,ce613c0f6b23f5c0,tu_ce613c0f6b23f5c0,negative,0.9,không đảm bảo vệ sinh
6727224ce3d5a3646521e0836643891c04213e1c547494a909cdf79d5723eb38,dish:do-an,service_quality:com-bompi-ga-xa-xiu-truong-chinh,MENTIONS,128372,ce613c0f6b23f5c0,tu_ce613c0f6b23f5c0,negative,0.55,đồ ăn
7af30fd71649ad9e56f050096c1e97a12d4b133e462303333df1059a7f774587,dish:thit,service_quality:com-bompi-ga-xa-xiu-truong-chinh,MENTIONS,128372,ce613c0f6b23f5c0,tu_ce613c0f6b23f5c0,negative,0.55,thịt
454f329bbbdd2b174e7d43f4e5636fbcdaa65d0cc09f168c93afb99edbf41fda,dish:phan-com,food_descriptor:ngon,DESCRIBES_FOOD,128372,702bd59b759a1c68,tu_702bd59b759a1c68_0,positive,0.95,cơm: ngon
2198f90dcc2c5682fde7244e9b858139f6ba8e39956da4e033996c32773857c8,dish:phan-com,food_descriptor:hat-toi,DESCRIBES_FOOD,128372,702bd59b759a1c68,tu_702bd59b759a1c68_0,positive,0.94,hạt tơi
60c3a60c5d907f8d7c1f656b6d9112b5c95d2d7e689c8b2eb9e2abf3cadf8a49,dish:phan-com,food_descriptor:thom,DESCRIBES_FOOD,128372,702bd59b759a1c68,tu_702bd59b759a1c68_0,positive,0.93,ăn thơm
f23ec25714842f6d02ba4bc770793515038c080a263349912b5ef9c0ff0abce5,dish:rau,food_descriptor:tuoi,DESCRIBES_FOOD,128372,702bd59b759a1c68,tu_702bd59b759a1c68_0,positive,0.93,rau: tươi
79d5a2f7987ef4ec09eb9a97b51954c71e8cd23b216910acd61ce44321974119,dish:rau,food_descriptor:sach,DESCRIBES_FOOD,128372,702bd59b759a1c68,tu_702bd59b759a1c68_0,positive,0.92,rau: sạch
ab8f306c92deb8c7da5d60ed9b8451637d92def3497b9eeddc60e8338c8f7183,dish:xa-xiu,food_descriptor:ok,DESCRIBES_FOOD,128372,702bd59b759a1c68,tu_702bd59b759a1c68_1,positive,0.92,xá xíu vị ok
1852788367971e7e7bed2c354be1fabdcfda9ef0a18690d9a1d2bb945a48af30,dish:xa-xiu,food_descriptor:ok,HAS_POSITIVE_SIGNAL,128372,702bd59b759a1c68,tu_702bd59b759a1c68_1,positive,0.8,vị ok
bf539b5a4071d339923ade9737496da6287dc4a58c363539210422f8f96efe6a,dish:ga,food_descriptor:hoi-nhat,DESCRIBES_FOOD,128372,702bd59b759a1c68,tu_702bd59b759a1c68_1,negative,0.96,gà thì hơi nhạt
8d50700413a3e7770b8705ed88cef4b33d8fff88d5f6898d3ed1a481e968b6dd,dish:ga,food_descriptor:khong-ro-vi,DESCRIBES_FOOD,128372,702bd59b759a1c68,tu_702bd59b759a1c68_1,negative,0.94,không rõ vị
3f400ebf355783c2621d0abe65cc0e1d4eccc17aa8ba785a327b6c76c50fdff9,dish:ga,food_descriptor:hoi-nhat,HAS_NEGATIVE_SIGNAL,128372,702bd59b759a1c68,tu_702bd59b759a1c68_1,negative,0.87,hơi nhạt
ee8e7e79d3cfa955f35c6a0f1fae1534952ce927c87ac5c8d64462931283e602,dish:ga,food_descriptor:khong-ro-vi,HAS_NEGATIVE_SIGNAL,128372,702bd59b759a1c68,tu_702bd59b759a1c68_1,negative,0.86,không rõ vị
7bdb847aef150c21a14873fa85350b7b76903b408c1e192f4bfb278825706669,dish:nuoc-cham,food_descriptor:hoi-chua,DESCRIBES_FOOD,128372,702bd59b759a1c68,tu_702bd59b759a1c68_1,negative,0.96,nước chấm hơi chua
d2f985c9ca8df59e239a151b30e3f6d097494f0211ca92088549a636574902ac,dish:nuoc-cham,food_descriptor:nhat-nheo,DESCRIBES_FOOD,128372,702bd59b759a1c68,tu_702bd59b759a1c68_1,negative,0.97,nhạt nhẽo
51e3f79af9dae4ce550d46e9fadc8bb13dd885cb85eb2c0f52b7424f27c3640c,dish:nuoc-cham,food_descriptor:hoi-chua,HAS_NEGATIVE_SIGNAL,128372,702bd59b759a1c68,tu_702bd59b759a1c68_1,negative,0.89,hơi chua
47eec2fb9ba7069736d43bf9ca9544ee1b40973abafa5cd9a493ca11634ca53b,dish:nuoc-cham,food_descriptor:nhat-nheo,HAS_NEGATIVE_SIGNAL,128372,702bd59b759a1c68,tu_702bd59b759a1c68_1,negative,0.91,nhạt nhẽo
8501c18ea630d747d1e1ff8ae86fef0f0b6d21e215b03ab296586fe2249a5fc6,dish:rau-theo-ngay,dish:rau-thom,HAS_POSITIVE_SIGNAL,128372,702bd59b759a1c68,tu_702bd59b759a1c68_1,positive,0.63,rau theo ngày ... hợp lý hơn
c128fb3839b10ad1e02f22b170b5f855b863435182baef1124b5afa2ed958aa6,dish:com-bompi-ga-xa-xiu,problem:hoi-doi,HAS_PROBLEM,128372,702bd59b759a1c68,tu_702bd59b759a1c68_1,negative,0.7,con trai ăn có thể sẽ hơi đói
dedc83fe31c76a1e3c459a30c7b7681e3748fe845bf6266875f6dcef5ea76b25,dish:com-bompi-ga-xa-xiu,dish:xa-xiu,MENTIONS,128372,702bd59b759a1c68,tu_702bd59b759a1c68_1,neutral,0.66,xá xíu vị ok
1cd5186a52261721e2900f1bc6292670417814f31ae727e585fdcba1bc7b8353,dish:com-bompi-ga-xa-xiu,dish:ga,MENTIONS,128372,702bd59b759a1c68,tu_702bd59b759a1c68_1,neutral,0.66,gà thì hơi nhạt
72fa0d8663e5fbdb9bb9ad4642680081a673b15f6912fb54d7ab4661be380622,dish:com-bompi-ga-xa-xiu,dish:nuoc-cham,MENTIONS,128372,702bd59b759a1c68,tu_702bd59b759a1c68_1,neutral,0.7,"nước chấm hơi chua, nhạt nhẽo"
467d32345d24727139eee4f6991424a4aa446ecc68b9bab3651191a850b9223f,dish:com-bompi-ga-xa-xiu,dish:rau-thom,MENTIONS,128372,702bd59b759a1c68,tu_702bd59b759a1c68_1,neutral,0.61,đổi rau thơm thành rau theo ngày
6896c7f74e5a5751ba96af81f8c609465005e18b7ab42ce7374da43ed1aa8463,dish:com-bompi-ga-xa-xiu,dish:rau-theo-ngay,MENTIONS,128372,702bd59b759a1c68,tu_702bd59b759a1c68_1,neutral,0.61,"rau theo ngày (rau cải, rau muống, cà rốt,...)"
5b16d821f9b26cf4a63914623fec71deed4cc53a3b09df3f4aedf5248a2416ec,dish:com-bompi-ga-xa-xiu,food_descriptor:du-an,HAS_POSITIVE_SIGNAL,128372,702bd59b759a1c68,tu_702bd59b759a1c68_1,positive,0.72,định lượng: đủ ăn
c6b6ce7393a3cc1c3dcabeec9642d47385aa1ccc049dec74691b50e54239879c,dish:com,food_descriptor:nhao,DESCRIBES_FOOD,128372,36c277b5cd85166f,tu_36c277b5cd85166f,negative,0.95,cơm hơi nhão
6077c67ffc22e113c34006462f2b7291e47771761b9640bbdf4f1a93ec67a3ab,dish:thit,food_descriptor:nhat,DESCRIBES_FOOD,128372,36c277b5cd85166f,tu_36c277b5cd85166f,negative,0.95,thịt nhạt
66d07251a71bd184f47d781b5baeb9ddc25b6892edcf9b665bee6ca3845475f7,dish:com,problem:khau-phan-an-it,HAS_NEGATIVE_SIGNAL,128372,36c277b5cd85166f,tu_36c277b5cd85166f,negative,0.62,khẩu phần ăn ít
af2623c642c35899537ede8156fdc62ea97a57229f4a20268fe5267d0903dd0d,dish:thit-lon,food_descriptor:hoi-nhieu,DESCRIBES_FOOD,128372,e5a891feaf3d2e38,tu_e5a891feaf3d2e38,negative,0.9,thịt lợn thì lại cho hơi nhiều
d64bb98d66771d45d404603dcd047914606cb15b4a11a07001bc75013bcb7dda,dish:ga,food_descriptor:binh-thuong,DESCRIBES_FOOD,128372,e5a891feaf3d2e38,tu_e5a891feaf3d2e38,neutral,0.81,gà thì bình thường
ff0302ee5d478acccf5fd7b8d0454f4b211cea9fbef801196561f61c7abeb7f0,dish:ga,food_descriptor:khong-nhieu,DESCRIBES_FOOD,128372,e5a891feaf3d2e38,tu_e5a891feaf3d2e38,negative,0.84,không nhiều
410ca880307efe06bba4f6c4ccf851e3f19a04da3768f62ed6639793279996b2,dish:ga,problem:khong-no-bung,HAS_PROBLEM,128372,e5a891feaf3d2e38,tu_e5a891feaf3d2e38,negative,0.55,gà thì bình thường không nhiều
967276110a60b3020061decfb727a2eccb732ea53798e66dd11facc4859cb456,dish:rau-xao,problem:thieu-rau,HAS_NEGATIVE_SIGNAL,128372,e5a891feaf3d2e38,tu_e5a891feaf3d2e38,negative,0.62,cải thiện thành rau xào
4935f1c68b11323cb68eb4781e9ef38b3a2c2ed7ad5c566e0165f7f6715089fe,dish:rau-luoc,problem:thieu-rau,HAS_NEGATIVE_SIGNAL,128372,e5a891feaf3d2e38,tu_e5a891feaf3d2e38,negative,0.73,có chút rau luộc thì sẽ hợp lý hơn
89c23fe2bae07e4d4de1394cf196622809d9ae77401434da9e8b090478bbf1b8,delivery_packaging:packaging,problem:thieu-1-doi-dua,HAS_PROBLEM,10856,f74d60fd78f328c5,tu_f74d60fd78f328c5,negative,0.9,xin 2 đôi đũa mà cho có 1
f3d02eeae3515cfb0c7ff61e1c3abf97e0a0d0650f508dfe633e080b902f5911,delivery_packaging:packaging,problem:khong-lam-dung-ghi-chu,HAS_PROBLEM,10856,f74d60fd78f328c5,tu_f74d60fd78f328c5,negative,0.96,không làm đúng ghi chú
8a497d7dceff44e5eb023b8e651c94eb4521efd258b39748cc1895ae811d2734,dish:banh-cuon-tom-thit,food_descriptor:ngon-xiu,DESCRIBES_FOOD,10856,b7ca8832ffca4c0c,tu_b7ca8832ffca4c0c,positive,0.9,ngon xỉu
ee4cd4b33944c5c9fa261c99b7d4fcfb990175fa68248af86a8290101ee190c1,dish:banh-cuon-tom-thit,food_descriptor:ngon,DESCRIBES_FOOD,10856,184ca7cec98d2d70,tu_184ca7cec98d2d70,positive,0.94,ngon xỉu
adf563384d40019380904f7d0ab5672ed0766c1b8e9fbf8b5570cadad9d94244,dish:banh-cuon-tom-thit,price_value:dang-dong-tien,HAS_POSITIVE_SIGNAL,10856,184ca7cec98d2d70,tu_184ca7cec98d2d70,positive,0.9,đáng đồng tiền
133e7bd1850d57c59982d1b58557f227c84e3ddedb1c1c160b746a92cea2f555,delivery_packaging:1-tui-nuoc-be-teo,problem:3-xuat-sao-cho-e-co-1-tui-nuoc-be-teo,HAS_PROBLEM,10856,3580c4a6532c92d7,tu_3580c4a6532c92d7,negative,0.9,1 túi nước bé tẹo vậy
b8de4af5a9c85bb78f1c569dbf7944bbfb851e373ee67a01532e569f90b8c3af,dish:trung,food_descriptor:danh-tan,DESCRIBES_FOOD,10856,a0b546510b6cf10e,tu_a0b546510b6cf10e,negative,0.92,đánh tan quả trứng ra
f39931037af0112a05fb2f638b252a0b516ce6c9685efee735d16892338ea228,dish:trung,food_descriptor:chua-chin,DESCRIBES_FOOD,10856,a0b546510b6cf10e,tu_a0b546510b6cf10e,negative,0.79,để trứng chín cho nhanh
86181997ee0decb6e3331795788d7fa9f8b63f63b467bb9ef3eab7644734c212,dish:banh-cuon-tom-thit,problem:khac-anh,HAS_PROBLEM,10856,a0b546510b6cf10e,tu_a0b546510b6cf10e,negative,0.9,"ảnh thì nguyên quả, bánh giao đến thì lại kiểu đánh tan"
c7fe920e11c08101e3092baf08f068f16a176e45f68463aa5032ae1cc6f90693,delivery_packaging:giao-hang,problem:khac-anh,HAS_PROBLEM,10856,a0b546510b6cf10e,tu_a0b546510b6cf10e,negative,0.8,bánh giao đến thì lại kiểu
80d2b7aa6813fd168463a06e061746ff64122e638ac62807c53e475725777177,dish:banh-cuon-hanh,problem:giao-thieu-cha,HAS_PROBLEM,10856,9361330c914759b6,tu_9361330c914759b6,negative,0.97,bánh cuốn hành có chả nhưng... không có chả
bc7e388473dc1263d2acaee7f266929e9463773d09b0abb3d517d908d3c83b78,problem:giao-thieu-cha,dish:cha,MENTIONS,10856,9361330c914759b6,tu_9361330c914759b6,negative,0.89,không có chả
5ad3413549a7254935ab5ed71f0cb7e712d97e2569c22a92ef164618c6fb949d,dish:cac-mon-nhau,food_descriptor:ngon,DESCRIBES_FOOD,32784,56980ce2bef18ea8,tu_56980ce2bef18ea8,positive,0.9,ngon xỉu
826792114e59f3db4829f087327966af21a60cfeecc2b0892baeaa66b494a9cd,dish:cac-mon-nhau,food_descriptor:ngon,HAS_POSITIVE_SIGNAL,32784,56980ce2bef18ea8,tu_56980ce2bef18ea8,positive,0.87,ngon xỉu
776001eadbd9b4b604da3418165bb54df35c107917f8d69b17fb5dae91f99a49,dish:bun,food_descriptor:hoi,DESCRIBES_FOOD,32784,668bc2d03d7c6ac9,tu_668bc2d03d7c6ac9,negative,0.97,bún hôi quá
07101b26e4f378860b5a34c9a0810135f688b455c50dad29c9f0038e8132c152,dish:bun,food_descriptor:hoi,HAS_NEGATIVE_SIGNAL,32784,668bc2d03d7c6ac9,tu_668bc2d03d7c6ac9,negative,0.9,hôi quá
0456e5651b6dee6a6b6ae7ca6c0137f03f2b4a5324c5d17900699d56bfb5d9d9,dish:bun,food_descriptor:vun,DESCRIBES_FOOD,32784,b41597aaa3223477,tu_b41597aaa3223477,negative,0.95,bún vụn
cb1159d65f2610da0daa8d98a553309b92359639d593a4d4dade21018b644376,dish:bun,food_descriptor:vun,HAS_NEGATIVE_SIGNAL,32784,b41597aaa3223477,tu_b41597aaa3223477,negative,0.93,bún vụn
bccf6c0d10cbc63cdcb96e3911cfc33c1e87311cf8945b003304bb9af591cc38,dish:thit-bo,problem:sai-mon-sai-nguyen-lieu,HAS_PROBLEM,32784,b41597aaa3223477,tu_b41597aaa3223477,negative,0.89,thịt bò nhưng là thịt lợn
f54fb25ca07803ebeb22d8ba71ffa243f072138e9d8f751359c2a4a901bb27a4,dish:thit-bo,dish:thit-lon,HAS_NEGATIVE_SIGNAL,32784,b41597aaa3223477,tu_b41597aaa3223477,negative,0.78,thịt bò nhưng là thịt lợn
4780c40c2d160e286fd40f402929878ea98e36b8736256da7bd71a41de2afe6d,dish:bun-ga,food_descriptor:leo-beo,DESCRIBES_FOOD,32784,b41597aaa3223477,tu_b41597aaa3223477,negative,0.94,lèo bèo vài miếng gà
5a66d1057d9f2d08a1cfcb3e99a60ebafd771f568134cc67eb99ee540beee786,dish:bun-ga,food_descriptor:leo-beo,HAS_NEGATIVE_SIGNAL,32784,b41597aaa3223477,tu_b41597aaa3223477,negative,0.92,lèo bèo vài miếng gà
65f33a942f33443a21132148a92154fd9097322ec8991301c9f725393f1ab300,dish:bun-ga,dish:ga,MENTIONS,32784,b41597aaa3223477,tu_b41597aaa3223477,neutral,0.7,vài miếng gà
0ac2f19b20f58a1ac3428574950dc23992b9ecec766fa3e70800ce063ab650ea,dish:bun-ga,problem:dua-nham-mon,HAS_PROBLEM,32784,8daa976614695624,tu_8daa976614695624,negative,0.94,mua bún gà lại đưa phở gà
17072bdeccb635ee26b52be4559233a08d18e82d67f3b8f2b16eeef70f6b3ca2,dish:pho-ga,problem:dua-nham-mon,HAS_PROBLEM,32784,8daa976614695624,tu_8daa976614695624,negative,0.88,đưa phở gà
61aa8c846f12f87c5d82176014e1ac6be886d6c4f8a109fba6cf83af384614f4,dish:com-tam-suon,food_descriptor:ngon-xiu,DESCRIBES_FOOD,95249,a1500bcea2364e07,tu_a1500bcea2364e07,positive,0.9,ngon xỉu
d44f241950dbde5e7c77073a47d418bbfca29cf0de5e7abaa5f9dda262557d99,dish:com-tam-suon,food_descriptor:ngon-xiu,DESCRIBES_FOOD,95249,b5a3ab4d33d7b2e6,tu_b5a3ab4d33d7b2e6,positive,0.95,ngon xỉu
008d0cbbd29a2f75703f038636b026b1eece78061183dd5d9bca9e5a9f9ecf43,dish:com-tam-suon,price_value:dang-dong-tien,HAS_POSITIVE_SIGNAL,95249,b5a3ab4d33d7b2e6,tu_b5a3ab4d33d7b2e6,positive,0.91,đáng đồng tiền
3c1bfbadad462a02bb28064f7a0d748c0e7ab9d8ea3e3c8b0860984a7f237bba,dish:com-tam-suon,delivery_packaging:dong-goi-tot,HAS_POSITIVE_SIGNAL,95249,b5a3ab4d33d7b2e6,tu_b5a3ab4d33d7b2e6,positive,0.9,đóng gói tốt
1b545ca3ad9583c72122bfb7fc8268809a6b248941046c5b9f3a2b7cafee4f24,dish:com-tam-suon,space_quality:sach-se,HAS_POSITIVE_SIGNAL,95249,b5a3ab4d33d7b2e6,tu_b5a3ab4d33d7b2e6,positive,0.7,sạch sẽ
b84b518f127f7b1098ab667a4dcdfe17685be19fe693fdd722c86fda9b0016b6,dish:com-tam-suon,food_descriptor:ngon,DESCRIBES_FOOD,95249,c2c98e92d448158e,tu_c2c98e92d448158e,positive,0.88,khá ngon
d411dbc1a0b420fc778c6eb57d9d26224d031daa26582a6ed4ef7e059087676f,dish:com-tam-suon,food_descriptor:ngon,HAS_POSITIVE_SIGNAL,95249,c2c98e92d448158e,tu_c2c98e92d448158e,positive,0.9,khá ngon
b69c4be2dc18b301bf280d765f60ae9dfe9ad40cb4a6970519226b92e605edc7,dish:canh,delivery_packaging:day-chac,MENTIONS,95249,a46e7b46557be716,tu_a46e7b46557be716,neutral,0.68,đậy chắc phần canh
43a10ac5195bdae92d85b704cb1019f811eeda854b6ffd48cd5f620c14fa8685,dish:canh,problem:rot-ra-ngoai-tui-bong,HAS_PROBLEM,95249,a46e7b46557be716,tu_a46e7b46557be716,negative,0.92,rớt phần canh ra ngoài túi bóng
7dff90d2d781049dd9e4a5a88e55c8cc815e49c3861f028042d553f7ddcb9214,delivery_packaging:day-chac,problem:rot-ra-ngoai-tui-bong,HAS_NEGATIVE_SIGNAL,95249,a46e7b46557be716,tu_a46e7b46557be716,negative,0.74,đậy chắc... không bị rớt
2992bc2a08b8493e4121fe051bc03e03d8f35f97abb4ab07715f13868f1fbf25,service_quality:shiper-van-chuyen,problem:rot-ra-ngoai-tui-bong,HAS_PROBLEM,95249,a46e7b46557be716,tu_a46e7b46557be716,negative,0.63,shiper vận chuyển không bị rớt
646bc0714c480042c18eca50c5191eb87189cac66e3d1675d39fa44ae4720f50,dish:nuoc-mam,problem:thieu-nuoc-mam,HAS_PROBLEM,95249,2a1e019c187bf675,tu_2a1e019c187bf675,negative,0.88,gửi thiếu nước mắm
1d88c1b66eea5894c4087d1f7fcf25cfe901d25299efa92efdee7eefe7a8ba5b,dish:bun-thai-hai-san,service_quality:chu-dao,MENTIONS,116631,66ea5cf40f4216fc,tu_66ea5cf40f4216fc,neutral,0.51,bún thái hải sản ... quá chu đáo
1904c85a6c38e9c464baadc5af0bd439e2aa08e5fc51f97c31fb05a21baeec07,dish:mi-chua-cay,delivery_packaging:dong-goi-tot,MENTIONS,116631,66ea5cf40f4216fc,tu_66ea5cf40f4216fc,neutral,0.51,mì chua cay ... đóng gói tốt
5d6630e0645ab6b8cdf1926009e666ae6b211ba49358aab47deaa1b8af020241,service_quality:chu-dao,price_value:dang-dong-tien,HAS_POSITIVE_SIGNAL,116631,66ea5cf40f4216fc,tu_66ea5cf40f4216fc,positive,0.72,"chu đáo, đáng đồng tiền"
4f596db68d3e84daea922f21a7d0bec74f83b537ebf8168e9df470086e1e1ae4,delivery_packaging:dong-goi-tot,space_quality:sach-se,HAS_POSITIVE_SIGNAL,116631,66ea5cf40f4216fc,tu_66ea5cf40f4216fc,positive,0.68,"sạch sẽ, đóng gói tốt"
b47f1c12bfe82a8dd016dbfa53f0846a64e9d96a8113b893f35b9311b43aeae8,dish:bun-thai-hai-san,food_descriptor:ngon,DESCRIBES_FOOD,116631,eae567348b722449,tu_eae567348b722449,positive,0.53,ngon xỉu
7954716a6c8316f6597dd3766499cb279b1caeb27d2244cbb943a1af406f62ad,dish:mi-chua-cay,food_descriptor:ngon,DESCRIBES_FOOD,116631,eae567348b722449,tu_eae567348b722449,positive,0.53,ngon xỉu
176f8110b4864db54b46039ba83372b0b0fec5c06800a52f30cac0c514c36eff,dish:bun-thai-hai-san,food_descriptor:ngon,HAS_POSITIVE_SIGNAL,116631,9575c282742122d7,tu_9575c282742122d7,positive,0.67,ngon xỉu
a203db974b9d0c16975996175a3d12fb9e4e65ca14325f47fb2f7b8ccc96e07d,dish:mi-chua-cay,food_descriptor:ngon,HAS_POSITIVE_SIGNAL,116631,9575c282742122d7,tu_9575c282742122d7,positive,0.67,ngon xỉu
cc65b39b5ac5208431afd487a9a9143f147500e14b06f9fc9f1ac01d405335a8,food_descriptor:kha-ngon,dish:bun-thai-hai-san,DESCRIBES_FOOD,116631,075ad26004e99b50,tu_075ad26004e99b50,positive,0.56,khá ngon
29c8c43fa87f1cb8d48085b6c509f27692c7735e41c6b325cc386958645fb562,food_descriptor:kha-ngon,dish:mi-chua-cay,DESCRIBES_FOOD,116631,075ad26004e99b50,tu_075ad26004e99b50,positive,0.56,khá ngon
bdc54fd50c2363354e20d051f66e9a21f2a6afb2b16f6cea067ad29a54279cb6,problem:cho-qua-nhieu-my-chinh,problem:khach-bi-choang,HAS_NEGATIVE_SIGNAL,116631,e0aaa1b4ce5d9c69,tu_e0aaa1b4ce5d9c69,negative,0.9,cho quá nhiều mỳ chính làm khách bị choáng
eed6ea6d0a6acc4dc6d7a0f923c81cf6996ab0a228291991de45065e892dcea5,delivery_packaging:dong-goi,problem:do-ra-ngoai,HAS_PROBLEM,26075,baa33aafad427bfd,tu_baa33aafad427bfd,negative,0.95,đổ ra ngoài thôi
4324cb58c3dfe61b8b777ddc8b79870675529d2a29a6a83f1b12e00e9c6100bb,dish:com-tam,food_descriptor:ngon,DESCRIBES_FOOD,119585,b4ba6ace7a9230e7,tu_b4ba6ace7a9230e7,positive,0.88,khá ngon
788ada7d7fa07bcba8eb18f2196ac7488c81b3107d069d5d9986ca112798cc7b,dish:com-tam,food_descriptor:ngon,HAS_POSITIVE_SIGNAL,119585,b4ba6ace7a9230e7,tu_b4ba6ace7a9230e7,positive,0.85,khá ngon
ea47bafb6496804f3fc801e0e044de2a06faf8e9a106ee8ca360f0a3f9af816d,delivery_packaging:dong-goi-giao-hang,problem:giao-thieu-mon,HAS_PROBLEM,119585,452ab6c8cbc01278,tu_452ab6c8cbc01278,negative,0.9,cửa hàng giao thiếu
cd1662bc89bdd9b852effcd59580cbb507d1a969c71845dcbe291e523572d419,problem:giao-thieu-mon,dish:cha-trung,MENTIONS,119585,452ab6c8cbc01278,tu_452ab6c8cbc01278,negative,0.84,thiếu mất 1 phần chả trứng
413fca89b9b3c1aefc25b34791575c06e8a6faed1050357aabc1df014bdd531d,dish:do-an,food_descriptor:on,DESCRIBES_FOOD,119585,2ea9c81799779dc4,tu_2ea9c81799779dc4,neutral,0.86,đồ ăn ở mức ổn thôi
4d7b175ae99d652515478db7170727ade380941634056416d599b0682d1214d8,delivery_packaging:dong-goi,dish:do-an,MENTIONS,119585,2ea9c81799779dc4,tu_2ea9c81799779dc4,neutral,0.33,đồ ăn... nhưng đóng gói
658f1f1701e7642a47c73b1a012249bf31612c354259295f13878d6f750d4f1a,dish:ga-ran,food_descriptor:nhat,DESCRIBES_FOOD,20058,21ebf86891f2c626,tu_21ebf86891f2c626,negative,0.97,gà rán nhạt
304894acd34879f29507005362d52a342d5702ffa32ca55c2173640c7527f17d,dish:ga-ran,food_descriptor:kho,DESCRIBES_FOOD,20058,21ebf86891f2c626,tu_21ebf86891f2c626,negative,0.97,"gà rán nhạt, khô"
8b166d2b5f2c28ad8f97f5fe0b880e32dccd2c997626b57e3f0e3a6d76d8b1da,delivery_packaging:hop-goi,problem:vet-den-dang-ngo-nhu-bi-moc,HAS_PROBLEM,20058,21ebf86891f2c626,tu_21ebf86891f2c626,negative,0.96,hộp gói còn có vệt đen đáng ngờ như bị mốc
c7748dc7f45c8449147e166b7c90660b3be3426767fda50f13665e20a68a6280,dish:tokbokki,food_descriptor:ngot-qua,DESCRIBES_FOOD,20058,21ebf86891f2c626,tu_21ebf86891f2c626,negative,0.96,tokbokki bị ngọt quá
97df1f92f2e965b5834fad0c55d43871f4409a8d828328e471e7a049e2468911,dish:tokbokki,problem:khong-hop-khau-vi,HAS_NEGATIVE_SIGNAL,20058,21ebf86891f2c626,tu_21ebf86891f2c626,negative,0.82,không hợp khẩu vị
3978232a948ddcd3d838fa567c0881229be628a7b9ab557a2b92d8325cccf528,price_value:gia-thanh-qua-cao,dish:suat-nay,MENTIONS,20058,92bace2c5a8c1274,tu_92bace2c5a8c1274,negative,0.56,giá thành quá cao
0028cb34514142c5a6eb5743f7c7cdf148ec76f3c672fab4f1ac48a17ae7ea7e,dish:suat-nay,audience:1-nguoi-an,GOOD_FOR,20058,92bace2c5a8c1274,tu_92bace2c5a8c1274,neutral,0.93,chỉ đủ 1 người ăn
214a5de67da814efd66b0aa14ade391e6c044aec42cd4484bcb0c03eb20472b6,dish:suat-nay,problem:khong-note-nua-con-hoac-1-3,HAS_PROBLEM,20058,92bace2c5a8c1274,tu_92bace2c5a8c1274,negative,0.88,nên note là nửa con hoặc 1/3
ae9f06c76b11c18a16f336cdc55a327c11c4933e61a375f4f31adc955b280e01,dish:ga,food_descriptor:cu,DESCRIBES_FOOD,20058,46ba44d9bd53bc87,tu_46ba44d9bd53bc87,negative,0.89,gà cũ
08f90079f4e7e056f3f9ec685cf7ea44b3eab478cc65b49bdaf474ee91a5463e,dish:ga,food_descriptor:khong-gion,DESCRIBES_FOOD,20058,46ba44d9bd53bc87,tu_46ba44d9bd53bc87,negative,0.97,k giòn
5486061e44670f094353388f9004f6641271ec138f8ca1a7fca52b938884ded9,dish:ga,food_descriptor:iu,DESCRIBES_FOOD,20058,46ba44d9bd53bc87,tu_46ba44d9bd53bc87,negative,0.95,ỉu
b26793d065d20da776803b0c9aea102fec3aaa442cce533d182d88afa3e21586,dish:ga,food_descriptor:kho,DESCRIBES_FOOD,20058,46ba44d9bd53bc87,tu_46ba44d9bd53bc87,negative,0.98,ăn rất khô
c96c993763a10805b1d5c9c1545c5e96516bbdccaeaa1ba28e3b595209806bdf,dish:chan-ga,problem:sai-thieu-mon,HAS_PROBLEM,20000,3bc9c374dea2c0f8,tu_3bc9c374dea2c0f8,negative,0.97,"đặt 3 set chân gà lại giao 3 cai, sai/thiếu món"
b9dc3743cc2341f957a4bfd7d3c0d2552f51b9ead9c106a05b2a770b927bb557,dish:banh-cuon-nong,food_descriptor:ngon-xiu,DESCRIBES_FOOD,20000,37e38e7f7f47e901,tu_37e38e7f7f47e901,positive,0.94,ngon xỉu
800eebd090e4d1644ea891ed1cf6c47dacf482868ec575755cf9d2c90bdc3718,dish:banh-cuon-nong,delivery_packaging:dong-goi-tot,HAS_POSITIVE_SIGNAL,20000,37e38e7f7f47e901,tu_37e38e7f7f47e901,positive,0.84,đóng gói tốt
625daeb7980542b26f5ccb645bc16cc2ef3ea53363b875336d892a20456ea9f9,dish:banh-cuon-nong,price_value:dang-dong-tien,HAS_POSITIVE_SIGNAL,20000,37e38e7f7f47e901,tu_37e38e7f7f47e901,positive,0.84,đáng đồng tiền
e8c8bcdbe8978a553bea9b8a03ed24883b9b1b90c0d335b8dd0bd2a1aa919647,dish:banh-cuon-nong,space_quality:sach-se,HAS_POSITIVE_SIGNAL,20000,37e38e7f7f47e901,tu_37e38e7f7f47e901,positive,0.78,sạch sẽ
eaa0f2bbe616de1e647db91ada444b625a6dbe40420f5e60ae0dab9e448aa1a8,service_quality:service,problem:khong-lam-dung-ghi-chu,HAS_PROBLEM,20000,4edb3179250cacb8,tu_4edb3179250cacb8,negative,0.97,không làm đúng ghi chú
3f6902a806da3cef71cf62778fc4531ea12c3873f5491ae8b653ba244bdbd7fa,delivery_packaging:dung-cu-an-uong-kem,problem:khong-co-dua,HAS_PROBLEM,20000,cf714285e0b3cbad,tu_cf714285e0b3cbad,negative,0.94,k có đũa
87cc85785b7a40cd07b0064babed8b5ab397dad45318b285cc3dfa12a24bb50f,delivery_packaging:dung-cu-an-uong-kem,problem:khong-co-bat,HAS_PROBLEM,20000,cf714285e0b3cbad,tu_cf714285e0b3cbad,negative,0.94,k có ... bát
40aceada076bbb1b6b9ecb83232a99d7dc81a7e12c727d89142c96a9be74ef17,dish:nuoc-mam,delivery_packaging:dung-cu-an-uong-kem,MENTIONS,20000,cf714285e0b3cbad,tu_cf714285e0b3cbad,neutral,0.41,đựng nước mắm
d41bc8b2464173c7e5f1633a0c8c62fd2a434dc369592c3699ca92deae69c5ef,service_quality:giao-hang,problem:sai-mon,HAS_PROBLEM,76892,4c248315cbd99fbd,tu_4c248315cbd99fbd,negative,0.96,giao lần đầu thì sai món
5037a082a07ee8bac58fa7dbd81d50eee8b95ad0ff3cfa30465da3e624ff8b4a,service_quality:giao-hang,problem:nham-dia-chi,HAS_PROBLEM,76892,4c248315cbd99fbd,tu_4c248315cbd99fbd,negative,0.95,giao lần 2 thì nhầm địa chỉ
21330552cec03f2b66bee2b0653ab1367b943a329707606186556dc2299911e5,service_quality:giao-hang,problem:1-tieng-chua-duoc-an,HAS_PROBLEM,76892,4c248315cbd99fbd,tu_4c248315cbd99fbd,negative,0.9,1 tiếng chưa được ăn
147389793564982f834fc3858103b6300bfd9db6a9335974f5b00b79f44a6d66,service_quality:giao-hang,problem:thieu-mon,HAS_PROBLEM,76892,4c248315cbd99fbd,tu_4c248315cbd99fbd,negative,0.92,sai/thiếu món
6b3234a33c65f60b77f5ffdbd6a74a68849fdf437829d099fafc2f36791b2af7,price_value:dang-dong-tien,food_descriptor:ngon-xiu,HAS_POSITIVE_SIGNAL,76892,01f828c78dbbdf9b,tu_01f828c78dbbdf9b,positive,0.62,"ngon xỉu, đáng đồng tiền"
5d8d88f32a3761b9ca2497c1a5d6f6d74058b847382ced1bfbb06d26e9a64c3d,delivery_packaging:dong-goi-tot,food_descriptor:ngon-xiu,HAS_POSITIVE_SIGNAL,76892,01f828c78dbbdf9b,tu_01f828c78dbbdf9b,positive,0.56,"ngon xỉu, đóng gói tốt"
4d3ebb0a9a39b451c1d666a4af0314bbdeeafc4b2f3e8dc2bbb1e34cc7d1e7a9,space_quality:sach-se,food_descriptor:ngon-xiu,HAS_POSITIVE_SIGNAL,76892,01f828c78dbbdf9b,tu_01f828c78dbbdf9b,positive,0.51,"ngon xỉu, sạch sẽ"
1bde8fff0e008d0361b5fd87fbd913b128fce848b1cba59e9816b019c2532f1a,delivery_packaging:dong-goi,problem:thieu-dua-thia,HAS_PROBLEM,76892,d6dc2e6bb681d776,tu_d6dc2e6bb681d776,negative,0.95,thiếu đũa thìa
16d31b051143229e8ae87503bff9a7846f62c9975a5630d021ecb5767105ce18,delivery_packaging:dong-goi,problem:thieu-tuong-cham,HAS_PROBLEM,76892,d6dc2e6bb681d776,tu_d6dc2e6bb681d776,negative,0.9,tương chấm
49afbe3dadd73e1af9da08ee2c1612abbcb6a0dc618521c078ac1a42768308b9,delivery_packaging:dong-goi,problem:thieu-dua-thia,MENTIONS,76892,d6dc2e6bb681d776,tu_d6dc2e6bb681d776,negative,0.86,thiếu đũa thìa
d5bf81e35bcae3a944913552b55f3ac3857ab95bb733960d80ed42eb5388b241,delivery_packaging:dong-goi,problem:thieu-tuong-cham,MENTIONS,76892,d6dc2e6bb681d776,tu_d6dc2e6bb681d776,negative,0.82,tương chấm
12a1be7554ae0f68df921023044fb0ac80a3bc4eece13ba9c997ec65d15167e1,dish:combo-nua-con-ga,problem:giao-thieu-mon,HAS_PROBLEM,76892,bf1bdcb4321bae2e,tu_bf1bdcb4321bae2e,negative,0.97,giao chỉ có nửa con gà
1d685c96c70be189124edd4fb05d9b347cf739ecdfe6ad4547b21570d90dcf9f,dish:nuoc,problem:giao-thieu-mon,HAS_NEGATIVE_SIGNAL,76892,bf1bdcb4321bae2e,tu_bf1bdcb4321bae2e,negative,0.86,nước ... đâu
4dd36afb5e8e2edbf5645e4f87cf3cd5cc7b584811cefe1deb93b03fd2d1aa8e,dish:khoai-tay-chien,problem:giao-thieu-mon,HAS_NEGATIVE_SIGNAL,76892,bf1bdcb4321bae2e,tu_bf1bdcb4321bae2e,negative,0.94,khoai tây chiên đâu
a4c27737280dc51431c3fb80c46682e160bb7aa79179ec7f27e85a39e4cd3ce7,dish:ga-ran,food_descriptor:kho-quat,DESCRIBES_FOOD,76892,414b9e07a855adfa,tu_414b9e07a855adfa,negative,0.98,gà rán khô quắt
9691eae45b1cd6720f0d7525d533341c4ba3b4c82c5ac971d80aef93d332ad49,delivery_packaging:don-dat,problem:thieu-dua-thia,HAS_PROBLEM,76892,414b9e07a855adfa,tu_414b9e07a855adfa,negative,0.96,thiếu đũa thìa 2 lần
f0c33092ca8816b1cb17184e306072e78ef0cb91eb4bf945c8974f1df5cad635,occasion:takeaway,delivery_packaging:don-dat,MENTIONS,76892,414b9e07a855adfa,tu_414b9e07a855adfa,neutral,0.63,hay đặt quán
baf2f62b7a339df3d634963a180532dda265891443450163ce5142aa972bec01,price_value:gia-ca,price_value:dang-dong-tien,HAS_POSITIVE_SIGNAL,68175,23d2a20dbd94caf5,tu_23d2a20dbd94caf5,positive,0.95,đáng đồng tiền
8764b60aca78c7a0bb4b3aa9d3e65ced495b075b993e10e459ac17d34bbbd788,space_quality:do-sach-se,space_quality:sach-se,HAS_POSITIVE_SIGNAL,68175,23d2a20dbd94caf5,tu_23d2a20dbd94caf5,positive,0.9,sạch sẽ
415dbc6f07fc83467608e7ed7173005b516f1fe471a0bb1a6de1675bcead7fd0,dish:do-an,food_descriptor:ngon-xiu,HAS_POSITIVE_SIGNAL,68175,b141e7dac4821851,tu_b141e7dac4821851,positive,0.9,ngon xỉu
62e6bf3828dc8e416938f78970d1f71427b8254903b0567039ce90ca985749d9,dish:ga-xao,problem:giao-sai-mon,HAS_PROBLEM,68175,ef8faf116e4c2b67,tu_ef8faf116e4c2b67,negative,0.96,đặt gà xào nhưng giao sườn
33498235b97ca817138b060f2ea6c28f432ad5a6de50c2dc8eb6f12786d9be11,dish:suon,problem:giao-sai-mon,HAS_NEGATIVE_SIGNAL,68175,ef8faf116e4c2b67,tu_ef8faf116e4c2b67,negative,0.88,giao sườn
fa9d871b2ca1a6677e7f29bd3fbe7c69c86550734b8d5a87cb2a61703bd0599f,problem:giao-sai-mon,problem:sai-thieu-mon,MENTIONS,68175,ef8faf116e4c2b67,tu_ef8faf116e4c2b67,negative,0.85,"giao sai món, sai/thiếu món"
30202c53cb62437fefc39f386094fabb2849899bf71eaacf4b670173d5c99577,dish:dau-sot,problem:khong-co-nuoc-sot,HAS_PROBLEM,68175,749eb938267df596,tu_749eb938267df596,negative,0.98,đậu sốt k có nc sốt
3ec83179c4cef3c0c777e1095beefce672af37177f942461dbd968075d8010e4,dish:dau-ran,food_descriptor:kho,DESCRIBES_FOOD,68175,05aa067cdcd9cf3f,tu_05aa067cdcd9cf3f,negative,0.9,ăn đỡ khô
e7d16de594d32833d2d28dd19397590242eeef59e50ef266e27c06c1c05ff3a8,dish:dau-ran,problem:ran-hoi-ky,HAS_PROBLEM,68175,05aa067cdcd9cf3f,tu_05aa067cdcd9cf3f,negative,0.88,đậu rán hơi kỹ
27a9e569437aa808bbe377ec5809564fec35d392c3771ae4df8c5780feda9212,dish:com,food_descriptor:mui-dau-mo-cu,DESCRIBES_FOOD,8868,28b90248ff2037ab,tu_28b90248ff2037ab,negative,0.96,cơm ... như mùi dầu mỡ cũ
8ace71eee04a258cb7da11c9c11ad9c0a8c1d980713bfc9139e5fd315743ea89,dish:com,food_descriptor:khong-thom,DESCRIBES_FOOD,8868,28b90248ff2037ab,tu_28b90248ff2037ab,negative,0.93,ko thơm
31f727691f1e6be584a680ebabc8eac639e868f1fbd8ac658e011271d83ab76d,dish:com,food_descriptor:khong-hop-khau-vi,HAS_NEGATIVE_SIGNAL,8868,28b90248ff2037ab,tu_28b90248ff2037ab,negative,0.88,không hợp khẩu vị
3d231ba7c1d3e761540b758c1807e86d28bfedd669c6a78274ee4a0aabf1abd6,dish:com-rang,food_descriptor:ngon,DESCRIBES_FOOD,8868,0f803a7f9028386a,tu_0f803a7f9028386a,positive,0.95,ngon xỉu
e62d790dac8080f6c0c737fa199472dcefb3ad713fac07375fc5fe5520dc3abe,dish:com-rang,location_landmark:ngo-trai-ca,NEAR,8868,0f803a7f9028386a,tu_0f803a7f9028386a,neutral,0.52,ngõ trại cá
363fbe28a98614ee9694f445b68c6436b3ddad92ca0125482d1d47bfbe200bc6,service_quality:service,problem:thieu-dua,HAS_PROBLEM,8868,d89db4921273192b,tu_d89db4921273192b,negative,0.97,4 xuất cơm cho 1 đôi đũa
0fc9a0b9c882ade404ac52da13094f3dbe7f526f769dd0d1e321ec4dc06b61ad,delivery_packaging:packaging,problem:thieu-ong-hut,HAS_PROBLEM,8868,d89db4921273192b,tu_d89db4921273192b,negative,0.98,4 ly coca không 1 cái ống hút
3f767d4637f01267830d7b6cba6d246335ff170acd3c201849a8501e6a8af79a,service_quality:service,problem:thieu-canh,HAS_PROBLEM,8868,d89db4921273192b,tu_d89db4921273192b,negative,0.83,không canh
4d4759e3f484d5c16fb10e7b1bdd8d61c93e6240b20ee82519d396aece273716,dish:com,problem:thieu-dua,MENTIONS,8868,d89db4921273192b,tu_d89db4921273192b,negative,0.7,4 xuất cơm cho 1 đôi đũa
1098b67fe518bb42f1a29fb2902b308bc19748aa9b19d05e5678fa0ddf9b90a5,dish:coca,problem:thieu-ong-hut,MENTIONS,8868,d89db4921273192b,tu_d89db4921273192b,negative,0.84,4 ly coca không 1 cái ống hút
0841144f72ccd8e7182ebdf022f72fb324aae799b95e94a41c87ca5c04e6aa63,dish:pho-bo-ga,food_descriptor:ngon-xiu,HAS_POSITIVE_SIGNAL,57665,5b0c5c60603e2be6,tu_5b0c5c60603e2be6,positive,0.58,ngon xỉu
d6216cdf7d1dc439a8ad979577aca5c69f2af631cdb5d479bc7348be936ebe33,dish:bun-mien-ngan,food_descriptor:ngon-xiu,HAS_POSITIVE_SIGNAL,57665,5b0c5c60603e2be6,tu_5b0c5c60603e2be6,positive,0.58,ngon xỉu
073e7dbbda64a671225bf5302908427190973a178ddf4cf7b983541cf5157b36,dish:pho-bo-ga,price_value:dang-dong-tien,HAS_POSITIVE_SIGNAL,57665,5b0c5c60603e2be6,tu_5b0c5c60603e2be6,positive,0.52,đáng đồng tiền
89e700ef8faa299fc9fea19fe4db797130e711716711a9610c3a15534f1c4a95,dish:bun-mien-ngan,price_value:dang-dong-tien,HAS_POSITIVE_SIGNAL,57665,5b0c5c60603e2be6,tu_5b0c5c60603e2be6,positive,0.52,đáng đồng tiền
2fb665b02ad4ee515ff36cba258ffc65dfd6bcd5642c2565d61443cd96c77adb,dish:pho-bo-ga,food_descriptor:ngon-xiu,DESCRIBES_FOOD,57665,20a3fbfde373b491,tu_20a3fbfde373b491,positive,0.65,phở bò gà ... ngon xỉu
02165df6e09e1980d1f3473dcd4b6e77c45dffc83412c0d78399e95d75a59d36,dish:bun-mien-ngan,food_descriptor:ngon-xiu,DESCRIBES_FOOD,57665,20a3fbfde373b491,tu_20a3fbfde373b491,positive,0.65,bún miến ngan ... ngon xỉu
b20ee80b63820446030e3b90dde34590a0ead15f2c4b2d0b6fd1698187f3eeb3,dish:pho-bo-ga,price_value:dang-dong-tien,HAS_POSITIVE_SIGNAL,57665,20a3fbfde373b491,tu_20a3fbfde373b491,positive,0.56,đáng đồng tiền
e90df38a654368dba5ac23c61ae6c76c563a078acee6ba65edb83f179ce55d57,dish:bun-mien-ngan,price_value:dang-dong-tien,HAS_POSITIVE_SIGNAL,57665,20a3fbfde373b491,tu_20a3fbfde373b491,positive,0.56,đáng đồng tiền
dabdf6e9ff552d89c41dc8ade086b9a806a916ed67ed488f0a449a2b564281d7,dish:pho-bo-ga,delivery_packaging:dong-goi-tot,HAS_POSITIVE_SIGNAL,57665,20a3fbfde373b491,tu_20a3fbfde373b491,positive,0.52,đóng gói tốt
9462e7b665753f514c78269536e336d411b0c2304ceaefd80530b08c43ca63d8,dish:bun-mien-ngan,delivery_packaging:dong-goi-tot,HAS_POSITIVE_SIGNAL,57665,20a3fbfde373b491,tu_20a3fbfde373b491,positive,0.52,đóng gói tốt
64c5a1087b06285cc5f960899e5f3cef2be40d3f816dfeea76db9f761ba7abad,dish:pho-bo-ga-bun-mien-ngan-343-pho-vong,problem:sap-1-luc,HAS_PROBLEM,57665,ce70dc099a4b08c4,tu_ce70dc099a4b08c4,negative,0.42,"be lại giống grap à , lại cùng nhau sập 1 lúc"
e3a3d97e070fc54ea05df7d46f6ad9b59bbbd73f21a811a6f77f9cc643a42847,dish:bun,price_value:mat-6k-bun-them,HAS_NEGATIVE_SIGNAL,11020,61874fc7dacab8cd,tu_61874fc7dacab8cd,negative,0.93,mất 6k bún thêm
1924911a635cb4bddb80cebbf9f3966f83c40e1db4842fb46afb8f6a8af7dc9c,dish:bun,problem:sai-thieu-mon,HAS_PROBLEM,11020,61874fc7dacab8cd,tu_61874fc7dacab8cd,negative,0.7,sai/thiếu món
543ac3a10f2cb367457fa072343b8d9f3a3dd8e8ff7ab0a3535341752c13af8b,dish:bun-cha,food_descriptor:ngon-xiu,DESCRIBES_FOOD,11020,48fb88923c7abc3d,tu_48fb88923c7abc3d,positive,0.94,ngon xỉu
ff935508ba7375f86947e166b8b82c0eb656e2b0a9f330e322851b0b5da4260c,dish:rau-song,food_descriptor:ngon,DESCRIBES_FOOD,11020,78c86377ba689d25,tu_78c86377ba689d25,positive,0.61,lúc nào cx ngon hết
7966bb4325e92dd527f7a8ed649d397238cd39f696c0465298ed4712c3565add,dish:rau-song,problem:di-e,HAS_PROBLEM,11020,78c86377ba689d25,tu_78c86377ba689d25,negative,0.93,ăn rau sống ... bị đi ẻ
eaae9e03e34f24838928c33e3dd619754e1afdeeffcce4397f176308411fec6c,dish:rau-song,problem:khong-tieu-hoa-duoc-rau,HAS_PROBLEM,11020,78c86377ba689d25,tu_78c86377ba689d25,negative,0.97,ko tiêu hóa đc rau
9ad1f89e4b7617d9ad032cbd78ae24d421ca32d9eca393b77e7677a0edb9dd90,dish:rau-song,problem:rua-ki-hon,HAS_NEGATIVE_SIGNAL,11020,78c86377ba689d25,tu_78c86377ba689d25,negative,0.8,mong sốp rửa kĩ hơn
4007f95f08695b3fb14f023c84dee64ed8158af588b0af881c9874f2e50522fd,delivery_packaging:dong-goi-tot,price_value:dang-dong-tien,HAS_POSITIVE_SIGNAL,11020,78c86377ba689d25,tu_78c86377ba689d25,positive,0.58,"đáng đồng tiền, đóng gói tốt"
694a1809c58b0f15d62264fca7ba665ada9ba65b7159d7e709c0506d5978f7b7,space_quality:sach-se,delivery_packaging:dong-goi-tot,MENTIONS,11020,78c86377ba689d25,tu_78c86377ba689d25,neutral,0.3,"đóng gói tốt, sạch sẽ"
b7f7a5fa1e73056cf28a55652faf9dede823dd45c043098e7a858818d9f26c94,dish:bun-cha,food_descriptor:ngon,DESCRIBES_FOOD,11020,2e2e627db8001824,tu_2e2e627db8001824,positive,0.9,ngon xỉu
471e8030059c3745ea00ad43672c457be5e971a330c8d6df52fa4ebdfc0e9f6f,dish:bun-cha,food_descriptor:ngon,HAS_POSITIVE_SIGNAL,11020,2e2e627db8001824,tu_2e2e627db8001824,positive,0.88,ngon xỉu
6b5068adcca9086c03b7a0b0970b4e489abd59641d0f689801d5c2458f7d7556,dish:bun-cha,problem:khong-hop-khau-vi,HAS_PROBLEM,11020,73bb02a1d9cc1fbc,tu_73bb02a1d9cc1fbc,negative,0.82,không hợp khẩu vị
d62ab0f6d826e544f51ee9565188aba444c5be26b8f89917c23ee27980cd09a5,service_quality:bun-cha-co-an,service_quality:service,HAS_NEGATIVE_SIGNAL,11020,ccf9f4d2a1b76fe3,tu_ccf9f4d2a1b76fe3,negative,0.96,không coi khách ra gì
34a3a5a5159bb10315071088ca5c125f2f356175e4c77abca1f1440e853f7763,service_quality:bun-cha-co-an,problem:thieu-mon,HAS_PROBLEM,11020,ccf9f4d2a1b76fe3,tu_ccf9f4d2a1b76fe3,negative,0.98,thường xuyên làm thiếu món
23c8ced46845daf6d079465c04c82282ef58951e19a6b27e223d7e486aa0be3c,service_quality:bun-cha-co-an,problem:sai-mon,HAS_PROBLEM,11020,ccf9f4d2a1b76fe3,tu_ccf9f4d2a1b76fe3,negative,0.96,sai/thiếu món
dde88b868ef60b37b9c60def5cf46c08c1dd61b50ecc2fadda31511ae521dd4f,service_quality:bun-cha-co-an,delivery_packaging:delivery-packaging,HAS_NEGATIVE_SIGNAL,11020,ccf9f4d2a1b76fe3,tu_ccf9f4d2a1b76fe3,negative,0.72,ship đọc sai đơn
ee822da2c5f341f7492e4c3aaf42d173a4d63c7533467d636cb85166ffd500d8,service_quality:bun-cha-co-an,occasion:takeaway,MENTIONS,11020,ccf9f4d2a1b76fe3,tu_ccf9f4d2a1b76fe3,neutral,0.62,gọi cho ship đi
d0dba6960bdce875cafb1a5c217ab52f6602431699836d0e17779fb0bb3902c4,service_quality:phuc-vu,problem:khong-cho-dua,HAS_PROBLEM,11020,f3b46719064fb704,tu_f3b46719064fb704,negative,0.96,ko cho đũa
2f47ad2cd701776053b2ee4a58f4813a7aa412620a6a2a8748f14bd58c1abfe9,dish:bun-cha,food_descriptor:nguoi,DESCRIBES_FOOD,11020,083baa63f3257c94,tu_083baa63f3257c94,negative,0.92,hơi nguội
91a89a34e90ac5219093cf83351f53446632fbf5d2839f3349b03111e58fd095,dish:bun-cha,food_descriptor:nguoi,HAS_NEGATIVE_SIGNAL,11020,083baa63f3257c94,tu_083baa63f3257c94,negative,0.88,hơi nguội
b59872a2ae3bdb83947eaaf3f1157ba2d4f06325d7c33889e3d44642fb966363,dish:bun-cha,food_descriptor:ngon,DESCRIBES_FOOD,11020,f846ae48e4339c4a,tu_f846ae48e4339c4a,positive,0.8,ăn cũng ngon
e9bfee9a627f1f43e9ce73e3b62eb7b2c3912d8047c773823a0aee6c291c4016,dish:bun-cha,food_descriptor:khong-hop-khau-vi,DESCRIBES_FOOD,11020,f846ae48e4339c4a,tu_f846ae48e4339c4a,negative,0.83,kh hợp khẩu vị mình
9e87f9c02e1a3226e0bd63838056a1cdb409f70473e3a551c06ba1252994d322,dish:bun-cha,food_descriptor:ngon,HAS_POSITIVE_SIGNAL,11020,f846ae48e4339c4a,tu_f846ae48e4339c4a,positive,0.76,ăn cũng ngon
f384a56c3df5e4557cf023aa7b247a404e83c4b18857d430f2e9eea8586f14ba,dish:bun-cha,food_descriptor:khong-hop-khau-vi,HAS_NEGATIVE_SIGNAL,11020,f846ae48e4339c4a,tu_f846ae48e4339c4a,negative,0.8,kh hợp khẩu vị mình
b39fbd2bb829603fe9d3d7e06d18b825619a756f94d8d72915f1b5f0f6f04861,dish:ga,food_descriptor:ngon,DESCRIBES_FOOD,103124,daa98ba7813840c7,tu_daa98ba7813840c7,positive,0.98,gà ngon
5f8886d6b782b1f2f77d557aa658a342d4ffd087ff1d591f2b0ca2b8da22f95d,dish:ga,food_descriptor:nong-hoi,DESCRIBES_FOOD,103124,daa98ba7813840c7,tu_daa98ba7813840c7,positive,0.93,còn nóng hổi
4d0fda70ec0f4d4ccc8e847c460a1280a70e6af816f53376606956ba0299f52a,dish:ga,food_descriptor:mong-nuoc,DESCRIBES_FOOD,103124,daa98ba7813840c7,tu_daa98ba7813840c7,positive,0.94,mọng nước
c4a942119a8366fbf443f03c95a8277d0347db19aee843dbcf58f3c54f1289d8,dish:ga,food_descriptor:nhieu-sot,DESCRIBES_FOOD,103124,daa98ba7813840c7,tu_daa98ba7813840c7,positive,0.9,nhiều sốt
7f3a790d48dc5acf5289d4a32f70f3882e2a19cc3e8b6c115977b36ab8b06c7e,dish:tok-sot-rose,food_descriptor:beo-ngay,DESCRIBES_FOOD,103124,daa98ba7813840c7,tu_daa98ba7813840c7,positive,0.93,béo ngậy
2e603181de94b9b57f2ac5a75ed2391067ce0c3e0cfe465104a541ddc9ab904c,dish:tok-sot-rose,food_descriptor:ngon,DESCRIBES_FOOD,103124,daa98ba7813840c7,tu_daa98ba7813840c7,positive,0.96,ngon rất vừa miệng
01ccd7d06a45c3f8ff5b7eaa10a1513d9c85209bf17ab4ade9f5ab0f4aa54469,dish:tok-sot-rose,food_descriptor:vua-mieng,DESCRIBES_FOOD,103124,daa98ba7813840c7,tu_daa98ba7813840c7,positive,0.92,rất vừa miệng
8d690b33ec4df2438abea28dc256cae425ee5df49d2672fedcf3a562a5febd8b,dish:ga,occasion:mang-ve,GOOD_FOR,103124,daa98ba7813840c7,tu_daa98ba7813840c7,positive,0.87,gà ngon mang về
122578b878e4561ee3dfa172211306a706c7a29da79287d3c4b182f8427201fe,delivery_packaging:dong-goi-tot,dish:ga,HAS_POSITIVE_SIGNAL,103124,daa98ba7813840c7,tu_daa98ba7813840c7,positive,0.78,đóng gói tốt
ed0cca9ebaddf0f7b9f88d8014fc195e5fad9a48f6cb72dcedfb13c4f4becb8b,price_value:dang-dong-tien,dish:ga,HAS_POSITIVE_SIGNAL,103124,daa98ba7813840c7,tu_daa98ba7813840c7,positive,0.72,đáng đồng tiền
253c97f13373c429129ed1921bb4e6ce79982ac7ce9deb5043af61220a1778b5,space_quality:sach-se,dish:ga,HAS_POSITIVE_SIGNAL,103124,daa98ba7813840c7,tu_daa98ba7813840c7,positive,0.58,sạch sẽ
f1fd15c6d3007a8c754e370e286ce79bad1e05e7be29377d3e8f63b46db4ef40,dish:ga-ran-han-quoc,food_descriptor:ngon,DESCRIBES_FOOD,103124,a9f0bce3fbb206d4,tu_a9f0bce3fbb206d4,positive,0.94,ngon xỉu
01af7429faf922c8d753e742a7fcca5044f7bc60ab169d6c5c0971df573d3b39,dish:ga-ran-han-quoc,price_value:dang-dong-tien,HAS_POSITIVE_SIGNAL,103124,a9f0bce3fbb206d4,tu_a9f0bce3fbb206d4,positive,0.86,đáng đồng tiền
a2aa557e504de3a961b08028385f0697ebad585ab487a022de2f4079f64a2e66,dish:ga-ran-han-quoc,delivery_packaging:dong-goi-tot,HAS_POSITIVE_SIGNAL,103124,a9f0bce3fbb206d4,tu_a9f0bce3fbb206d4,positive,0.82,đóng gói tốt
1b292625a52201ff38b9af9ad91054c53f43d9f57e4d6ea1b60d0dc78fc4c393,dish:do-an,food_descriptor:thom,DESCRIBES_FOOD,103124,3cd55ad14661c839,tu_3cd55ad14661c839,positive,0.94,vẫn thơm
7e1ea87fd7e8ca2717747b358f6b55201293923fa79d24c13773e61d1855739a,dish:do-an,food_descriptor:nong,DESCRIBES_FOOD,103124,3cd55ad14661c839,tu_3cd55ad14661c839,positive,0.94,vẫn nóng
ead790f21ee7a7fc13ee9543ed99eb386d6fb3698a81d4b819b8db442b2c1746,dish:do-an,food_descriptor:ngon,DESCRIBES_FOOD,103124,3cd55ad14661c839,tu_3cd55ad14661c839,positive,0.97,ngon xỉu
a3c897722237d5bd67acdb40ee515a73c89ef78506e3b729283bc9b34af1cca5,dish:do-an,service_quality:ship-nhanh,HAS_POSITIVE_SIGNAL,103124,3cd55ad14661c839,tu_3cd55ad14661c839,positive,0.72,đồ đến tay... ship cx nhanh nx
61a070863185d1a7d6ffb1e90556ea924d771bd8f15e42ce416a508cff5373cd,dish:ga-sot-phomai,problem:ship-nham-mon,HAS_PROBLEM,103124,26b0ffd92ad46de1,tu_26b0ffd92ad46de1,negative,0.93,mua gà sốt phomai lại ship gà sốt hành
7f98e536a1f06c90624812627d8de03bb5ddc93c719a1c4441cb9a99d861b3a3,dish:ga-sot-hanh,problem:ship-nham-mon,MENTIONS,103124,26b0ffd92ad46de1,tu_26b0ffd92ad46de1,negative,0.71,ship gà sốt hành
7d10ae972b9dc49f416f82475b64a2978127f8772830a70f8816adad24daaff8,food_descriptor:ngon,dish:do-an-han,DESCRIBES_FOOD,126401,0020e07e008bfae7,tu_0020e07e008bfae7,positive,0.82,ngon lắm
ad80e8221bafb7cc43b1de2a6a684806689aef3d09f714360658192606c3e219,food_descriptor:ngon,dish:ga-ran-sot,DESCRIBES_FOOD,126401,0020e07e008bfae7,tu_0020e07e008bfae7,positive,0.7,ngon xỉu
5b4b755843ff1ca23f5148afd5fc2a023ef5a609d077d8e57be07e4134d22678,food_descriptor:ngon,dish:com-bo-hq,DESCRIBES_FOOD,126401,0020e07e008bfae7,tu_0020e07e008bfae7,positive,0.7,ngon xỉu
39b6a797811270d2258694464e71bf8d57ef7741f420111cf576ba19685f3f71,price_value:re,dish:ga-ran-sot,HAS_POSITIVE_SIGNAL,126401,0020e07e008bfae7,tu_0020e07e008bfae7,positive,0.58,còn rẻ
a9b1e99e6c06d6aee7beae25167722a3c81e6e1dffc92d6a96657ea2e090d235,price_value:dang-dong-tien,dish:com-bo-hq,HAS_POSITIVE_SIGNAL,126401,0020e07e008bfae7,tu_0020e07e008bfae7,positive,0.56,đáng đồng tiền
2e39541240936c3e7106eda90f72203c90429b55980a4edbfb6bb2901ffadb42,dish:kem-hanh,problem:sai-thieu-mon,HAS_PROBLEM,126401,1775324af4f0c23a,tu_1775324af4f0c23a,negative,0.93,kem hành chỉ có hành ko kem
2a749a6469a6d0641f24733239b41f7f2eef4e891497d28351ac7f9ef52d5a0b,delivery_packaging:delivery-packaging,problem:sai-thieu-mon,HAS_NEGATIVE_SIGNAL,126401,1775324af4f0c23a,tu_1775324af4f0c23a,negative,0.7,packaging=-1.00
42a44e8da54535f1ebc3c4830e7f8ef8824df059f9db22294abc7bd7371c889d,dish:do-an-han,food_descriptor:ngon-xiu,DESCRIBES_FOOD,126401,659de155310c1186,tu_659de155310c1186,positive,0.91,ngon xỉu
5a55fa4f309ed3a292ded6bbd140a953c1431f93c8ba52f35db12c9bab393301,dish:do-an-han,price_value:dang-dong-tien,HAS_POSITIVE_SIGNAL,126401,659de155310c1186,tu_659de155310c1186,positive,0.9,đáng đồng tiền
03b78a2f389e6eeb20a63a4600199b15b7c01f56cec2778ac7b17852180bc73b,dish:do-an-han,delivery_packaging:dong-goi-tot,HAS_POSITIVE_SIGNAL,126401,659de155310c1186,tu_659de155310c1186,positive,0.82,đóng gói tốt
1d07b37405fd5edf24df7fba520c21707e9781c68007557e0e7a5ac19632aa7a,dish:do-an-han,space_quality:sach-se,HAS_POSITIVE_SIGNAL,126401,659de155310c1186,tu_659de155310c1186,positive,0.76,sạch sẽ
82718b0344a9f5800a8c1f771891df59f143ea8f1cb7e93bd082f2b9dca28dac,dish:ga-ran-sot,dish:do-an-han,MENTIONS,126401,659de155310c1186,tu_659de155310c1186,neutral,0.6,gà rán sốt & cơm bò hq - đồ ăn hàn
744d3b6c97a217d0b4cbb3e0db45f7646bfb46b360cf427b723a93576964e69c,dish:com-bo-hq,dish:do-an-han,MENTIONS,126401,659de155310c1186,tu_659de155310c1186,neutral,0.6,gà rán sốt & cơm bò hq - đồ ăn hàn
124b1873ed6fd77dd8a89f3781f010dac2fc9237c4a9d816a499489150cb563a,dish:do-an-han,food_descriptor:ngon-xiu,DESCRIBES_FOOD,126401,1df4016c7236dc7b,tu_1df4016c7236dc7b,positive,0.9,ngon xỉu
45ee19b585f1284db745f7c7c949589eb31cbd55d6d26d35db27d7d1e29c4438,dish:do-an-han,price_value:dang-dong-tien,HAS_POSITIVE_SIGNAL,126401,1df4016c7236dc7b,tu_1df4016c7236dc7b,positive,0.79,đáng đồng tiền
acfdc1a89027c8618e3f2807b7b60e5460c71adb5dd2a2310ff93539e7924f38,dish:do-an-han,delivery_packaging:dong-goi-tot,HAS_POSITIVE_SIGNAL,126401,1df4016c7236dc7b,tu_1df4016c7236dc7b,positive,0.74,đóng gói tốt
283c302eb95ada7e1ec06a93f86271419a2972931556824ad18d39398b2ebbaf,delivery_packaging:2-hop-com,problem:sai-thieu-mon,HAS_PROBLEM,126401,32483fbfe2eff256,tu_32483fbfe2eff256,negative,0.95,"giao 2 hộp cơm, sai/thiếu món"
43bac40dac112a9995e113ceb37c12324869c5035e920f659bf88bf507d318bd,dish:ga-mix,problem:sai-thieu-mon,HAS_NEGATIVE_SIGNAL,126401,32483fbfe2eff256,tu_32483fbfe2eff256,negative,0.78,đặt 1 gà mix ... sai/thiếu món
7f51f92218d430854ec192a9abe161aedfb21051a5254587239a94b78cc62d94,dish:com-tron,delivery_packaging:2-hop-com,MENTIONS,126401,32483fbfe2eff256,tu_32483fbfe2eff256,neutral,0.62,1 cơm trộn giao 2 hộp cơm
04dd6fe4fce22796e0f4f2d6209024afa7ffb1baede935ad33a3c888fdd1765e,dish:com-ga,problem:khong-dung-nhu-nghi-la-com-ga,HAS_PROBLEM,126401,a86494c333178116,tu_a86494c333178116,negative,0.82,đâu phải cơm gà
250f9f7de1334a4195319042afa2814b91d0f73f77921b222d91e2ac5b760498,dish:ga,dish:com-ga,MENTIONS,126401,a86494c333178116,tu_a86494c333178116,neutral,0.52,gà ... cơm gà
87f54e6b0f8b28fca6d04a80e384c2fbdb8c6c0f7b4bdecedcec530975fa4c04,dish:ga-ran-sot,food_descriptor:oke-on,DESCRIBES_FOOD,126401,97f66366c70b5fc4,tu_97f66366c70b5fc4,positive,0.81,ăn gà oke ổn
74ddc54440ba798bb37ad91722e3ae9552e771e8e29448d73f0383c3d7e4bc87,dish:ga-ran-sot,problem:chi-4-5-mieng-ga-nho,HAS_PROBLEM,126401,97f66366c70b5fc4,tu_97f66366c70b5fc4,negative,0.96,4 - 5 miếng gà nhỡ
f0744b57dc5d53392f6cdad268a4f33195e19ab7b7820b6440e5e12a7a441fdd,dish:ga-ran-sot,problem:ghi-ro-khoang-12-15-mieng-ga,HAS_PROBLEM,126401,97f66366c70b5fc4,tu_97f66366c70b5fc4,negative,0.9,ghi rõ “ khoảng 12 - 15 miếng gà”
6c97b03d9a7765c044f35d0bc8ed0845ef7254601887d1022d0e40960a759bab,dish:ga-ran-sot,problem:ten-mon-khong-ghi-co-com,HAS_PROBLEM,126401,97f66366c70b5fc4,tu_97f66366c70b5fc4,negative,0.9,tên món k có cơm
35a4f3ee6a2d670a89be1b92b9a93a56ccbff81cbfebd6fc5dafc9ea5b9cccad,dish:ga-ran-sot,problem:thuc-don-va-mon-nhan-thuc-te-khac,HAS_PROBLEM,126401,97f66366c70b5fc4,tu_97f66366c70b5fc4,negative,0.96,thực đơn với món khách nhận thực tế khác
3c56707e08809b657d929fffd19f757bf57b4681ea03802b29c047133828d50a,dish:ga-ran-sot,problem:cam-giac-gian-doi,HAS_PROBLEM,126401,97f66366c70b5fc4,tu_97f66366c70b5fc4,negative,0.87,gian dối thế nào ấy
514e9c74a5d5f1b8854cbf9250a0d5721e513b9d2cefd887f96f62519a6f61c2,price_value:75k,problem:chi-4-5-mieng-ga-nho,HAS_NEGATIVE_SIGNAL,126401,97f66366c70b5fc4,tu_97f66366c70b5fc4,negative,0.84,75k đổi lại 4 - 5 miếng gà nhỡ
6fd8f2c7950450b212f3bf0f862e2bd5436bc815ae6f4ea8bf5ebb0644029b76,dish:com,problem:ten-mon-khong-ghi-co-com,HAS_PROBLEM,126401,97f66366c70b5fc4,tu_97f66366c70b5fc4,negative,0.88,tên món k có cơm
a2469a864973b15b3936e9002e160e94e8882c8b9e36914d3a9dcb60d8804f78,price_value:dang-tien,problem:khong-dang-tien,HAS_NEGATIVE_SIGNAL,126401,d728b43cb8dee92f,tu_d728b43cb8dee92f,negative,0.92,không đáng tiền
99a5ee52882216b047de14c9ba98b4f249b0e4a9a22801e4592376f4e4729049,dish:ga,problem:ga-it,HAS_NEGATIVE_SIGNAL,126401,8861ac8ef016b97f,tu_8861ac8ef016b97f,negative,0.93,gà ít
495ed63d2fa12f05d21aceada504d23a9af0467782e37ae32583a67a3a3aee3f,dish:com,price_value:them-com-10k,HAS_NEGATIVE_SIGNAL,126401,8861ac8ef016b97f,tu_8861ac8ef016b97f,negative,0.9,thêm cơm 10k
14a36d6108c47d84c2a82a99d717d191b37f29aa613c00bbb6bfa399c99b1911,dish:com,problem:tu-nhien-them-com-10k,HAS_PROBLEM,126401,8861ac8ef016b97f,tu_8861ac8ef016b97f,negative,0.89,tự nhiên thêm cơm 10k
796d5f971938533481637bec6814581c31f692a63a8ece1b4bc6ebdd811a8e16,dish:xuc-xich,problem:xuc-xich-co-vai-lat,HAS_NEGATIVE_SIGNAL,126401,8861ac8ef016b97f,tu_8861ac8ef016b97f,negative,0.87,xúc xích có vài lát
91f8fc54e5715b3b9e91c5a1deaaa194a790559f2470a7404b95e945af2f5d2b,dish:ga-ran,food_descriptor:ngon-xiu,DESCRIBES_FOOD,9929,76594cb49a3cdafd,tu_76594cb49a3cdafd,positive,0.67,gà rán ... ngon xỉu
c730b07c9298c7c81fa6eab2e9c1c90d7b1ff547cba905bf6aea8f149b4090db,dish:my-y,food_descriptor:ngon-xiu,DESCRIBES_FOOD,9929,76594cb49a3cdafd,tu_76594cb49a3cdafd,positive,0.67,mỳ ý ... ngon xỉu
32b1e68e3fa9d84cddea3a900a41d1aa8359f85d029ef4c3ba505fe564753918,delivery_packaging:dong-goi-tot,problem:thieu-ong-hut,HAS_PROBLEM,9929,76594cb49a3cdafd,tu_76594cb49a3cdafd,negative,0.58,"đóng gói tốt, thiếu ống hút"
70859fb8eb32c099ed6180c378e30f9b4a65614d0bfca8ad41f7cf75bcf4f530,dish:ga-ran,food_descriptor:ngon,DESCRIBES_FOOD,9929,850fced06b96c543,tu_850fced06b96c543,positive,0.78,ngon xỉu
0896da50085989803b550e8a07f0d131f2f228611a93d63499fce7c31afcf41f,dish:my-y,food_descriptor:ngon,DESCRIBES_FOOD,9929,850fced06b96c543,tu_850fced06b96c543,positive,0.78,ngon xỉu
5c6b741b3c8c127bad6f5161b354bf9bf2967e328d3a1133bef1a153c74c71b1,price_value:dang-dong-tien,dish:ga-ran,HAS_POSITIVE_SIGNAL,9929,850fced06b96c543,tu_850fced06b96c543,positive,0.7,đáng đồng tiền
d3e136e942675200caf069d200f2c7cdb396318906205e2b2d629f9ba423290e,price_value:dang-dong-tien,dish:my-y,HAS_POSITIVE_SIGNAL,9929,850fced06b96c543,tu_850fced06b96c543,positive,0.7,đáng đồng tiền
28b36230d493b397144846cb202c296014c2ae49b2fdbfa659ff363cbbe17afc,dish:ga-ran,food_descriptor:ngon-xiu,DESCRIBES_FOOD,9929,a7e5641426ca9cf4,tu_a7e5641426ca9cf4,positive,0.83,ngon xỉu
02163cb60465a4ce7805260498224ea258ec75b845d1dc39c6983da8b57a9afc,dish:my-y,food_descriptor:ngon-xiu,DESCRIBES_FOOD,9929,a7e5641426ca9cf4,tu_a7e5641426ca9cf4,positive,0.83,ngon xỉu
4eb758ac113018342e06f2629129b5e19808551261c5a1d0ee85fef2be209bdb,dish:ga-ran,location_landmark:vincom-pham-ngoc-thach,MENTIONS,9929,a7e5641426ca9cf4,tu_a7e5641426ca9cf4,neutral,0.42,gà rán ... vincom phạm ngọc thạch
2ac0a72b2f47b40c28e046db75799875c62a7ff629c3928b3548ad1dd1877d0e,dish:my-y,location_landmark:vincom-pham-ngoc-thach,MENTIONS,9929,a7e5641426ca9cf4,tu_a7e5641426ca9cf4,neutral,0.42,mỳ ý ... vincom phạm ngọc thạch
99cf61082367a543f919a41004ed9b723fa3efe40734158efec0320a5f56ce29,dish:ga-ran,food_descriptor:ngon,DESCRIBES_FOOD,73467,173ba1029bbd4ed5,tu_173ba1029bbd4ed5,positive,0.61,"ngol, ngon xỉu"
b4736749c1fb79d0c1436234829641f34bea2d7b9055e7611afaebab644e0aea,dish:ga-u-muoi,food_descriptor:ngon,DESCRIBES_FOOD,73467,173ba1029bbd4ed5,tu_173ba1029bbd4ed5,positive,0.61,"ngol, ngon xỉu"
dd5ba34564e4966e5672989059c1088cc889e126f0b79ffbcc58d7e24e66b734,dish:ga-ran,food_descriptor:ngon,DESCRIBES_FOOD,73467,daf2e650da4ca1c5,tu_daf2e650da4ca1c5,positive,0.9,ngon
d056812cb650f858bdc0ed968a8ec2ca6cc3c2fe12eb37f9522be853fdf8d968,dish:ga-u-muoi,food_descriptor:ngon,DESCRIBES_FOOD,73467,daf2e650da4ca1c5,tu_daf2e650da4ca1c5,positive,0.9,ngon
a41ddcdaf395579bfc3c72c3f41cc5f5c1b7c519c1c402f65209b51d2b7b9e94,price_value:dang-dong-tien,dish:ga-ran,HAS_POSITIVE_SIGNAL,73467,daf2e650da4ca1c5,tu_daf2e650da4ca1c5,positive,0.62,đáng đồng tiền
a30b64efca49b4a64c0952a54e6de0dbe0644e4dd38dc41d7ce95b7e4f182c44,price_value:dang-dong-tien,dish:ga-u-muoi,HAS_POSITIVE_SIGNAL,73467,daf2e650da4ca1c5,tu_daf2e650da4ca1c5,positive,0.62,đáng đồng tiền
c96da15ecc1c757a89ba8ffcc1f8f6ab17c9e11a7513a5d097458cdd37625219,dish:do-an,food_descriptor:ngon,DESCRIBES_FOOD,73467,7d4b54b2629f08af,tu_7d4b54b2629f08af,positive,0.9,ngon xỉu
a2bc90c706c90d88b4f0c5ec63b230ceb53760c80fa54b1b6fb768215f849ec7,dish:do-an,price_value:dang-dong-tien,HAS_POSITIVE_SIGNAL,73467,7d4b54b2629f08af,tu_7d4b54b2629f08af,positive,0.88,đáng đồng tiền
7c206bfac211061f948ae15b76d233c6240fcce0df884749ed5f9c345761cd73,dish:mieso-food-ga-ran-ga-u-muoi,space_quality:sach-se,HAS_POSITIVE_SIGNAL,73467,7d4b54b2629f08af,tu_7d4b54b2629f08af,positive,0.86,sạch sẽ
b781b04393dafa8093b740c6b29d4af92bfa6a82399e2451a00db81e90ad0b71,dish:mieso-food-ga-ran-ga-u-muoi,delivery_packaging:dong-goi-tot,HAS_POSITIVE_SIGNAL,73467,7d4b54b2629f08af,tu_7d4b54b2629f08af,positive,0.9,đóng gói tốt
6c226f4b0077996964debc24565060797426142444ab6068c5f0f26c1b626200,dish:mieso-food-ga-ran-ga-u-muoi,price_value:dang-dong-tien,HAS_POSITIVE_SIGNAL,73467,7d4b54b2629f08af,tu_7d4b54b2629f08af,positive,0.9,đáng đồng tiền
e752ef975bedf19372c22e87f393e42366cef3f83699620d143d718e493acac1,dish:mieso-food-ga-ran-ga-u-muoi,dish:do-an,MENTIONS,73467,7d4b54b2629f08af,tu_7d4b54b2629f08af,positive,0.54,ngon xỉu
fd2d47624f4c6249ffa8ef785b676c5648dd9893d468d99d79acfb6a045cfc74,dish:ga-ran,food_descriptor:ngon-xiu,DESCRIBES_FOOD,73467,871e5ac84e3a2c0a,tu_871e5ac84e3a2c0a,positive,0.73,ngon xỉu
099b6a44c7c55ce60fdefd86132a13cdcb2d34ad2377f2e4272dfca6f8fe70d3,dish:ga-u-muoi,food_descriptor:ngon-xiu,DESCRIBES_FOOD,73467,871e5ac84e3a2c0a,tu_871e5ac84e3a2c0a,positive,0.73,ngon xỉu
472f074be3b6b360bb6ea97eb9b84bf579eed84d7079c4f2b11597c0bef57f2a,dish:ga-ran,food_descriptor:ngon-xiu,DESCRIBES_FOOD,73467,55e34550b2b3876a,tu_55e34550b2b3876a,positive,0.88,gà rán ... ngon xỉu
bc5fd538a54abf648105cd3606fef9f4123d64ace802f503eb61a24482363150,dish:ga-u-muoi,food_descriptor:ngon-xiu,DESCRIBES_FOOD,73467,55e34550b2b3876a,tu_55e34550b2b3876a,positive,0.88,gà ủ muối ... ngon xỉu
3c9e30d94d506ebf3839842d4cbee08cbe1c6a7b06b6d6c58832ea629bec7ca7,service_quality:lam-an-sach-se,price_value:dang-dong-tien,HAS_POSITIVE_SIGNAL,73467,55e34550b2b3876a,tu_55e34550b2b3876a,positive,0.63,"sạch sẽ, đáng đồng tiền"
345ef43723de8b25e3e8219d0f33c98458d02c1fa12791cd50853617370ad8e2,dish:ga,food_descriptor:dai-nhach,DESCRIBES_FOOD,73467,0f5d5242217ff071,tu_0f5d5242217ff071,negative,0.98,gà dai nhách
052bd6b9992ca44ef3fa6588a790df2dea04db953c62a910245539b30af53201,dish:ga,food_descriptor:khong-co-mui-vi,DESCRIBES_FOOD,73467,0f5d5242217ff071,tu_0f5d5242217ff071,negative,0.97,không có mùi vị
9591d861aad06f753fb24fc1d7cae63bcb2f9c2bc14fd455be41f6136c37a554,dish:ga,food_descriptor:nhat-thech,DESCRIBES_FOOD,73467,0f5d5242217ff071,tu_0f5d5242217ff071,negative,0.94,nhạt thếch
ea9cd2cb03732a90bd7e16bbcda9156a3ea2201b41813d4d0ec78ae279442b47,dish:ga,problem:khong-hop-khau-vi,HAS_NEGATIVE_SIGNAL,73467,0f5d5242217ff071,tu_0f5d5242217ff071,negative,0.86,không hợp khẩu vị
42f51768f63937595e95737a35c13d985fb0e70623b3424a7fc9c2e3c0aaa670,price_value:price,problem:khong-hop-khau-vi,HAS_NEGATIVE_SIGNAL,73467,0f5d5242217ff071,tu_0f5d5242217ff071,negative,0.62,mua phí tiền
4994a864e6c0b5886ad1c8d862f613c012c623a4d443a4c4e82b7ab0e916133a,dish:ga,food_descriptor:ngon,DESCRIBES_FOOD,73467,b4bb4249c04727ef,tu_b4bb4249c04727ef,positive,0.93,gà khá ngon
17d572b4b7847a7cb06508f60568c32ee95f09229423a3aba65cb1b8f2db437a,dish:nuoc-cham,food_descriptor:khong-hop-khau-vi,DESCRIBES_FOOD,73467,b4bb4249c04727ef,tu_b4bb4249c04727ef,negative,0.95,nước chấm không hợp khẩu vị
cecd4dda6f5434a84e04ae4281666f05733826bddd2e4103b9af465bf749acad,dish:com,food_descriptor:ngon,DESCRIBES_FOOD,31750,b791ebba290e5a2a,tu_b791ebba290e5a2a,positive,0.54,cơm ... ngon xỉu
0534d84e01dcf60250c39a8934e0730b1b0c4fdbff3295e87f808807398455ad,dish:banh-mi-nuong-trung-hoa,food_descriptor:ngon,DESCRIBES_FOOD,31750,b791ebba290e5a2a,tu_b791ebba290e5a2a,positive,0.58,bánh mì nướng trung hoa ... ngon xỉu
b74faacb72ef2f56769df63defa61375a253be9cbb15eb4726960b0a7907a350,dish:sot,food_descriptor:rat-man,DESCRIBES_FOOD,31750,6be6aee6781aca25,tu_6be6aee6781aca25,negative,0.96,sốt thực sự rất mặn
73d1956b0f56402fd09f0c571219b8e2da5b32f300763f66663a7b75457be5e0,dish:sot,food_descriptor:rat-man,HAS_NEGATIVE_SIGNAL,31750,6be6aee6781aca25,tu_6be6aee6781aca25,negative,0.95,rất mặn
f30cd0cbc86b6febbba82e0e68b97e1b9312e5f11650c0239ff3d8efd41bea49,dish:canh,food_descriptor:hoi-man,DESCRIBES_FOOD,31750,6be6aee6781aca25,tu_6be6aee6781aca25,negative,0.94,canh cũng hơi mặn nữa
a04e83c51677a67280a617893cf01f8764bc6c0f283165084314b9f77561bdaa,dish:canh,food_descriptor:hoi-man,HAS_NEGATIVE_SIGNAL,31750,6be6aee6781aca25,tu_6be6aee6781aca25,negative,0.93,hơi mặn
a84a88117784f447a1bd1b21c8f7d46e4d3f9dd78e82c2dca2b852e93e7181b2,dish:hop-com,food_descriptor:ngon,HAS_POSITIVE_SIGNAL,31750,6be6aee6781aca25,tu_6be6aee6781aca25,positive,0.62,vị ngon
a98f10a88db3f3e229162f8440022ad7600d225faec54175fce4532bb4bed1c6,food_descriptor:ngon-xiu,dish:goi-cuon,DESCRIBES_FOOD,109048,df2b3864900df3e2,tu_df2b3864900df3e2,positive,0.53,gỏi cuốn; ngon xỉu
d0e0436287ac3fd89eeecec2491b096fbc938ade592fc074391607d83fecd5a3,food_descriptor:ngon-xiu,dish:bun-tron,DESCRIBES_FOOD,109048,df2b3864900df3e2,tu_df2b3864900df3e2,positive,0.53,bún trộn; ngon xỉu
3b424bec5cd531f4743746afcfb37ccdee550b4c62df494475e8eaa6c195eebc,food_descriptor:ngon-xiu,dish:nem-nuong-nha-trang,DESCRIBES_FOOD,109048,df2b3864900df3e2,tu_df2b3864900df3e2,positive,0.53,nem nướng nha trang; ngon xỉu
763be75ca06f6675430860c2307e5894a31cf2126520ca4e48aa0d9626c65655,dish:goi-cuon,food_descriptor:ngon-xiu,HAS_POSITIVE_SIGNAL,109048,df2b3864900df3e2,tu_df2b3864900df3e2,positive,0.53,gỏi cuốn; ngon xỉu
d4aa672b09e08e052baaf0d1ad9f90808ce1c24d72ca161d2c6d6f0b68ca9459,dish:bun-tron,food_descriptor:ngon-xiu,HAS_POSITIVE_SIGNAL,109048,df2b3864900df3e2,tu_df2b3864900df3e2,positive,0.53,bún trộn; ngon xỉu
cc2d8ada0b889e72a8c327f23ca2b1abde9aae2ea6cc7213bc60f4c5f62b7298,dish:nem-nuong-nha-trang,food_descriptor:ngon-xiu,HAS_POSITIVE_SIGNAL,109048,df2b3864900df3e2,tu_df2b3864900df3e2,positive,0.53,nem nướng nha trang; ngon xỉu
ac914a341c2dbaeedf4654f0154c86f26ba288e3b73bccd8618a9a9773c09e35,dish:goi,food_descriptor:ngon,DESCRIBES_FOOD,109048,c3a998a2694d839a,tu_c3a998a2694d839a,positive,0.95,gỏi ngon
7f2d2ba4e85b1092378b636666c3866353f054d30b01c770a3f9bfb78d0cf4f3,dish:goi,food_descriptor:ngon,HAS_POSITIVE_SIGNAL,109048,c3a998a2694d839a,tu_c3a998a2694d839a,positive,0.92,gỏi ngon
371dd0c1d5bca24d76534bdf6db91e89661b095993e980b1675cc25b8c229995,dish:nem-nuong,food_descriptor:mong-qua,DESCRIBES_FOOD,109048,c3a998a2694d839a,tu_c3a998a2694d839a,negative,0.93,cắt mỏng quá
1b0af581edcbe20b53b8da5870fc94320e6abaf6d95afe17e631aad003aeca53,dish:nem-nuong,food_descriptor:mong-qua,HAS_NEGATIVE_SIGNAL,109048,c3a998a2694d839a,tu_c3a998a2694d839a,negative,0.91,cắt mỏng quá
de85d42588c43b4b10b64dac0d6a2cbee9cd4c6a41473cf5a365b6eb32e153cd,dish:ram,problem:khong-co-ram,HAS_PROBLEM,109048,c3a998a2694d839a,tu_c3a998a2694d839a,negative,0.88,k có ram
be433fc46479995e96eea8fc1d05a8c9042dd31d279a67fc095265e7920453f4,dish:banh-trang-cuon,problem:thieu-banh-trang-cuon,HAS_PROBLEM,109048,bbeff784b721fd99,tu_bbeff784b721fd99,negative,0.94,k cho bánh tráng cuốn
c663347ee6470081fec068cb1040044e950b8b32caa268ad03be98127bffbe3c,delivery_packaging:dong-goi,problem:thieu-banh-trang-cuon,HAS_NEGATIVE_SIGNAL,109048,bbeff784b721fd99,tu_bbeff784b721fd99,negative,0.72,packaging=-1.00
9f9d5112a7d5eed1df7c11858f067f46499596c753e165f3e7c94c9b33742368,dish:com-rang-dua-bo,dish:dua,MENTIONS,1255,fdb5a9bc6ba9a70f,tu_fdb5a9bc6ba9a70f,neutral,0.75,cơm rang dưa bò
f185503e84745c8f96c7c73c68c925f5e915e0750dc1b7d6a59629e01b961289,dish:com-rang-dua-bo,dish:thit-bo,MENTIONS,1255,fdb5a9bc6ba9a70f,tu_fdb5a9bc6ba9a70f,neutral,0.75,cơm rang dưa bò
0ef104daddc6ca5a0ee0d99142fa31ebd3a78bd18bfb5f474eddce09aabb406b,dish:dua,food_descriptor:dang-ngat,DESCRIBES_FOOD,1255,fdb5a9bc6ba9a70f,tu_fdb5a9bc6ba9a70f,negative,0.98,dưa thì đắng ngắt
09f2129b1f1376baf2544af6989f4dce986c1fc120ccf76045ca7c71359aa5ad,dish:thit-bo,food_descriptor:nhu-thit-vut,DESCRIBES_FOOD,1255,fdb5a9bc6ba9a70f,tu_fdb5a9bc6ba9a70f,negative,0.8,thịt bò thì như thịt vụt
8b90ffe2962670f891d3d1fe82a01f9e5e1c9395aae9eb8fe95d8c04cb215c92,dish:com-rang-dua-bo,problem:khong-hop-khau-vi,HAS_PROBLEM,1255,fdb5a9bc6ba9a70f,tu_fdb5a9bc6ba9a70f,negative,0.93,không hợp khẩu vị
d5e4decf668ad70b26c671868f8b4877f82b93860b763c10e1e5aa0090b7bce6,dish:com-rang-dua-bo,problem:quan-lam-ko-thu-trc-khi-giao-cho-khach,HAS_PROBLEM,1255,fdb5a9bc6ba9a70f,tu_fdb5a9bc6ba9a70f,negative,0.86,ko thử trc khi giao cho khách
aa5208e747e9f1daf86b4f84a31b84a257f988f07dcd2f36988b6f4600c9d5e7,dish:canh,food_descriptor:ngon,DESCRIBES_FOOD,53514,b70ab850d2c3b385,tu_b70ab850d2c3b385,positive,0.7,ngon
1f27282a4412820a94ac13fcc29b876fc50c9009686b7f029a0f54e36fa67344,delivery_packaging:dong-goi,problem:bi-do-het,HAS_PROBLEM,53514,b70ab850d2c3b385,tu_b70ab850d2c3b385,negative,0.97,đóng gói canh ko cẩn thận bị đổ hết
4c67b5d97bae95f931c4c05179075b12fc6e278eda442dbf285328a6eed3f274,dish:canh,delivery_packaging:dong-goi,MENTIONS,53514,b70ab850d2c3b385,tu_b70ab850d2c3b385,neutral,0.68,đóng gói canh
