store_id,store_key,store_name,category_id,category_name,menu_item_id,item_name,item_details,price,old_price,order_count,like_count,dislike_count,category_position,item_position,item_image,item_norm,dish_family
25639,25639,Quán Mùa - Cơm Gà & Bún Miến Trộn - Tây Sơn,114762,COMBO,867932,Phở trộn bò và gà - 1 Coca cola,,49000.0,49000.0,100,2,0,1,1,https://media.be.com.vn/bizops/image/3d6efda3-a810-11f0-9063-66448d787802/original,pho-tron-bo-va-ga-1-coca-cola,
25639,25639,Quán Mùa - Cơm Gà & Bún Miến Trộn - Tây Sơn,114762,COMBO,867933,Miến trộn bò và gà - 1 coca cola,,49000.0,49000.0,85,1,0,1,2,https://media.be.com.vn/bizops/image/69b90d3b-a3fd-11f0-8b11-e6e7ca75c48c/original,mien-tron-bo-va-ga-1-coca-cola,
25639,25639,Quán Mùa - Cơm Gà & Bún Miến Trộn - Tây Sơn,114762,COMBO,867935,Bún trộn bò và gà - 1 Sprite,,49000.0,49000.0,40,0,0,1,4,https://media.be.com.vn/bizops/image/1898dd6b-a3fb-11f0-8b11-e6e7ca75c48c/original,bun-tron-bo-va-ga-1-sprite,
25639,25639,Quán Mùa - Cơm Gà & Bún Miến Trộn - Tây Sơn,114763,BÚN MIẾN PHỞ,867936,Miến Trộn Bò Gà,Bao gồm 3k tiền hộp,45000.0,45000.0,934,10,1,2,1,https://media.be.com.vn/bizops/image/7e6bb7b8-a3fd-11f0-8b11-e6e7ca75c48c/original,mien-tron-bo-ga,
25639,25639,Quán Mùa - Cơm Gà & Bún Miến Trộn - Tây Sơn,114763,BÚN MIẾN PHỞ,867937,Phở Trộn Bò Gà,Bao gồm 3k tiền hộp,45000.0,45000.0,759,5,1,2,2,https://media.be.com.vn/bizops/image/3d6efda3-a810-11f0-9063-66448d787802/original,pho-tron-bo-ga,
25639,25639,Quán Mùa - Cơm Gà & Bún Miến Trộn - Tây Sơn,114763,BÚN MIẾN PHỞ,867938,Bún Trộn Bò Gà,Bao gồm 3k tiền hộp,45000.0,45000.0,395,3,0,2,3,https://media.be.com.vn/bizops/image/1898dd6b-a3fb-11f0-8b11-e6e7ca75c48c/original,bun-tron-bo-ga,
25639,25639,Quán Mùa - Cơm Gà & Bún Miến Trộn - Tây Sơn,114763,BÚN MIẾN PHỞ,867939,Bún Ngan Trộn,Bao gồm 3k tiền hộp,45000.0,45000.0,1087,12,2,2,4,https://media.be.com.vn/bizops/image/c70d524e-a3fa-11f0-9063-66448d787802/original,bun-ngan-tron,
25639,25639,Quán Mùa - Cơm Gà & Bún Miến Trộn - Tây Sơn,114763,BÚN MIẾN PHỞ,867940,Bún Trộn Bò,Bao gồm 3k tiền hộp,45000.0,45000.0,183,1,0,2,5,https://media.be.com.vn/bizops/image/1898dd6b-a3fb-11f0-8b11-e6e7ca75c48c/original,bun-tron-bo,
25639,25639,Quán Mùa - Cơm Gà & Bún Miến Trộn - Tây Sơn,114763,BÚN MIẾN PHỞ,867941,Miến Trộn Gà,Bao gồm 3k tiền hộp,45000.0,45000.0,284,0,3,2,6,https://media.be.com.vn/bizops/image/7e6bb7b8-a3fd-11f0-8b11-e6e7ca75c48c/original,mien-tron-ga,
25639,25639,Quán Mùa - Cơm Gà & Bún Miến Trộn - Tây Sơn,114763,BÚN MIẾN PHỞ,867942,Bún Chả,Bao gồm 3k tiền hộp,45000.0,45000.0,280,4,2,2,7,https://media.be.com.vn/bizops/image/a7873c45-a36a-11f0-b84b-3a4f2a37a94e/original,bun-cha,
25639,25639,Quán Mùa - Cơm Gà & Bún Miến Trộn - Tây Sơn,114763,BÚN MIẾN PHỞ,867943,Miến Trộn Bò,Bao gồm 3k tiền hộp,45000.0,45000.0,91,2,0,2,8,https://media.be.com.vn/bizops/image/7e6bb7b8-a3fd-11f0-8b11-e6e7ca75c48c/original,mien-tron-bo,
25639,25639,Quán Mùa - Cơm Gà & Bún Miến Trộn - Tây Sơn,114763,BÚN MIẾN PHỞ,867944,Bún Thập Cẩm,Bao gồm 3k tiền hộp,45000.0,45000.0,502,6,1,2,9,https://media.be.com.vn/bizops/image/3d6efda3-a810-11f0-9063-66448d787802/original,bun-thap-cam,
25639,25639,Quán Mùa - Cơm Gà & Bún Miến Trộn - Tây Sơn,114763,BÚN MIẾN PHỞ,867945,Bún Ngan Nước,Bao gồm 3k tiền hộp,45000.0,45000.0,526,5,3,2,10,https://media.be.com.vn/bizops/image/3d6efda3-a810-11f0-9063-66448d787802/original,bun-ngan-nuoc,
25639,25639,Quán Mùa - Cơm Gà & Bún Miến Trộn - Tây Sơn,114763,BÚN MIẾN PHỞ,867946,Bún Trộn Gà,Bao gồm 3k tiền hộp,45000.0,45000.0,85,1,0,2,11,https://media.be.com.vn/bizops/image/c70d524e-a3fa-11f0-9063-66448d787802/original,bun-tron-ga,
25639,25639,Quán Mùa - Cơm Gà & Bún Miến Trộn - Tây Sơn,114763,BÚN MIẾN PHỞ,867947,Phở Trộn Gà,Bao gồm 3k tiền hộp,45000.0,45000.0,210,3,0,2,12,https://media.be.com.vn/bizops/image/c73d2c9b-a3fd-11f0-9063-66448d787802/original,pho-tron-ga,
25639,25639,Quán Mùa - Cơm Gà & Bún Miến Trộn - Tây Sơn,114763,BÚN MIẾN PHỞ,867948,Phở Trộn Bò,Bao gồm 3k tiền hộp,45000.0,45000.0,98,1,0,2,13,https://media.be.com.vn/bizops/image/b0a58625-a3fd-11f0-8b11-e6e7ca75c48c/original,pho-tron-bo,
25639,25639,Quán Mùa - Cơm Gà & Bún Miến Trộn - Tây Sơn,114763,BÚN MIẾN PHỞ,867949,Bún Cá,Bao gồm 3k tiền hộp,45000.0,45000.0,159,2,1,2,14,https://media.be.com.vn/bizops/image/8204fc39-a3fa-11f0-b84b-3a4f2a37a94e/original,bun-ca,
25639,25639,Quán Mùa - Cơm Gà & Bún Miến Trộn - Tây Sơn,114763,BÚN MIẾN PHỞ,867950,Bún Bò Nam Bộ (nước),Bao gồm 3k tiền hộp,45000.0,45000.0,55,0,0,2,15,https://media.be.com.vn/bizops/image/bf24cb9b-a369-11f0-b84b-3a4f2a37a94e/original,bun-bo-nam-bo-nuoc,
25639,25639,Quán Mùa - Cơm Gà & Bún Miến Trộn - Tây Sơn,114763,BÚN MIẾN PHỞ,867951,Bánh Đa Trộn Bò Gà,,45000.0,45000.0,246,1,1,2,16,https://media.be.com.vn/bizops/image/3d6efda3-a810-11f0-9063-66448d787802/original,banh-da-tron-bo-ga,
25639,25639,Quán Mùa - Cơm Gà & Bún Miến Trộn - Tây Sơn,114763,BÚN MIẾN PHỞ,867952,Bún Gà Chan Nước,Bao gồm 3k tiền hộp,45000.0,45000.0,236,1,2,2,17,https://media.be.com.vn/bizops/image/73379fa4-a3fd-11f0-8b11-e6e7ca75c48c/original,bun-ga-chan-nuoc,
25639,25639,Quán Mùa - Cơm Gà & Bún Miến Trộn - Tây Sơn,114763,BÚN MIẾN PHỞ,867953,Bún Bò Giò Tai,Bao gồm 3k tiền hộp,45000.0,45000.0,52,0,0,2,18,https://media.be.com.vn/bizops/image/bf24cb9b-a369-11f0-b84b-3a4f2a37a94e/original,bun-bo-gio-tai,
25639,25639,Quán Mùa - Cơm Gà & Bún Miến Trộn - Tây Sơn,114763,BÚN MIẾN PHỞ,867954,Phở Bò Nước,Bao gồm 3k tiền hộp,45000.0,45000.0,134,1,1,2,19,https://media.be.com.vn/bizops/image/9fbaa754-a3fd-11f0-8021-922c9d42c616/original,pho-bo-nuoc,
25639,25639,Quán Mùa - Cơm Gà & Bún Miến Trộn - Tây Sơn,114763,BÚN MIẾN PHỞ,867955,Bún Bò Nam Bộ (Trộn),,45000.0,45000.0,98,0,0,2,20,https://media.be.com.vn/bizops/image/1898dd6b-a3fb-11f0-8b11-e6e7ca75c48c/original,bun-bo-nam-bo-tron,
25639,25639,Quán Mùa - Cơm Gà & Bún Miến Trộn - Tây Sơn,114763,BÚN MIẾN PHỞ,867956,Bún Mọc,Bao gồm 3k tiền hộp,45000.0,45000.0,149,3,1,2,21,https://media.be.com.vn/bizops/image/b632ecf3-a3fa-11f0-9063-66448d787802/original,bun-moc,
25639,25639,Quán Mùa - Cơm Gà & Bún Miến Trộn - Tây Sơn,114763,BÚN MIẾN PHỞ,867957,Phở Gà Nước,Bao gồm 3k tiền hộp,45000.0,45000.0,257,5,0,2,22,https://media.be.com.vn/bizops/image/c73d2c9b-a3fd-11f0-9063-66448d787802/original,pho-ga-nuoc,
25639,25639,Quán Mùa - Cơm Gà & Bún Miến Trộn - Tây Sơn,114763,BÚN MIẾN PHỞ,867958,Mỳ Trộn Thập Cẩm,,45000.0,45000.0,130,3,0,2,23,https://media.be.com.vn/bizops/image/fac170a2-a3fc-11f0-8b11-e6e7ca75c48c/original,my-tron-thap-cam,
25639,25639,Quán Mùa - Cơm Gà & Bún Miến Trộn - Tây Sơn,114763,BÚN MIẾN PHỞ,867959,Bánh Đa Cá (Nước),,45000.0,45000.0,72,3,2,2,24,https://media.be.com.vn/bizops/image/d981c57c-a364-11f0-9063-66448d787802/original,banh-da-ca-nuoc,
25639,25639,Quán Mùa - Cơm Gà & Bún Miến Trộn - Tây Sơn,114763,BÚN MIẾN PHỞ,867960,Mỳ Trộn Bò Gà Cay,,45000.0,45000.0,109,1,0,2,25,https://media.be.com.vn/bizops/image/3d6efda3-a810-11f0-9063-66448d787802/original,my-tron-bo-ga-cay,
25639,25639,Quán Mùa - Cơm Gà & Bún Miến Trộn - Tây Sơn,114763,BÚN MIẾN PHỞ,867961,Há Cảo Thập Cẩm,,45000.0,45000.0,111,1,0,2,26,https://media.be.com.vn/bizops/image/175acac0-a360-11f0-9063-66448d787802/original,ha-cao-thap-cam,
25639,25639,Quán Mùa - Cơm Gà & Bún Miến Trộn - Tây Sơn,114763,BÚN MIẾN PHỞ,867962,Há Cảo Tôm,,45000.0,45000.0,55,4,2,2,27,https://media.be.com.vn/bizops/image/175acac0-a360-11f0-9063-66448d787802/original,ha-cao-tom,
25639,25639,Quán Mùa - Cơm Gà & Bún Miến Trộn - Tây Sơn,114763,BÚN MIẾN PHỞ,867963,Há Cảo Thịt Rau,,45000.0,45000.0,15,0,1,2,28,https://media.be.com.vn/bizops/image/175acac0-a360-11f0-9063-66448d787802/original,ha-cao-thit-rau,
25639,25639,Quán Mùa - Cơm Gà & Bún Miến Trộn - Tây Sơn,114763,BÚN MIẾN PHỞ,867964,Há Cảo Thịt Nấm,,45000.0,45000.0,23,0,1,2,29,https://media.be.com.vn/bizops/image/175acac0-a360-11f0-9063-66448d787802/original,ha-cao-thit-nam,
25639,25639,Quán Mùa - Cơm Gà & Bún Miến Trộn - Tây Sơn,114763,BÚN MIẾN PHỞ,867965,Bún Cá Mọc,Cá mọc đậu,45000.0,45000.0,25,0,0,2,30,https://media.be.com.vn/be-food/image/e50758b5-ae28-11ed-afc4-1e0d968387b7/resized_thumbnail_w1080_h1080,bun-ca-moc,
25639,25639,Quán Mùa - Cơm Gà & Bún Miến Trộn - Tây Sơn,114763,BÚN MIẾN PHỞ,867966,Bánh Đa Cá Mọc Đậu,,45000.0,45000.0,23,0,0,2,31,https://media.be.com.vn/be-food/image/e52e59a5-ae28-11ed-aebb-1eb5d596321f/resized_thumbnail_w1080_h1080,banh-da-ca-moc-dau,
25639,25639,Quán Mùa - Cơm Gà & Bún Miến Trộn - Tây Sơn,114764,CƠM GÀ,867967,Cơm Gà Sốt Chua Ngọt,Bao gồm 3k tiền hộp,49000.0,49000.0,299,5,1,3,1,https://media.be.com.vn/bizops/image/de5c0593-a57d-11f0-8021-922c9d42c616/original,com-ga-sot-chua-ngot,
25639,25639,Quán Mùa - Cơm Gà & Bún Miến Trộn - Tây Sơn,114764,CƠM GÀ,867968,Cơm Gà Luộc,Bao gồm 3k tiền hộp,50000.0,50000.0,83,0,0,3,2,https://media.be.com.vn/bizops/image/39b740d2-a57d-11f0-8b11-e6e7ca75c48c/original,com-ga-luoc,
25639,25639,Quán Mùa - Cơm Gà & Bún Miến Trộn - Tây Sơn,114764,CƠM GÀ,867969,Cơm Thịt Rang Trứng Rán Đậu Nhồi,Bao gồm 3k tiền hộp,48000.0,48000.0,408,1,1,3,3,https://media.be.com.vn/bizops/image/3d6efda3-a810-11f0-9063-66448d787802/original,com-thit-rang-trung-ran-dau-nhoi,
25639,25639,Quán Mùa - Cơm Gà & Bún Miến Trộn - Tây Sơn,114764,CƠM GÀ,867970,Cơm Gà Rang Gừng,Bao gồm 3k tiền hộp,48000.0,48000.0,94,0,0,3,4,https://media.be.com.vn/bizops/image/657e53d1-a57d-11f0-b84b-3a4f2a37a94e/original,com-ga-rang-gung,
25639,25639,Quán Mùa - Cơm Gà & Bún Miến Trộn - Tây Sơn,114764,CƠM GÀ,867971,Cơm Gà Rán,Bao gồm 3k tiền hộp,48000.0,48000.0,40,0,0,3,5,https://media.be.com.vn/bizops/image/d253672f-a57d-11f0-9063-66448d787802/original,com-ga-ran,
25639,25639,Quán Mùa - Cơm Gà & Bún Miến Trộn - Tây Sơn,114764,CƠM GÀ,867972,Cơm Thịt Xào Trứng Rán Lá Lốt,Bao gồm 3k tiền hộp,48000.0,48000.0,257,1,0,3,6,https://media.be.com.vn/bizops/image/3d6efda3-a810-11f0-9063-66448d787802/original,com-thit-xao-trung-ran-la-lot,
25639,25639,Quán Mùa - Cơm Gà & Bún Miến Trộn - Tây Sơn,114764,CƠM GÀ,867973,Cơm Cá Kho Trứng Rán Đậu Sốt,Bao gồm 3k tiền hộp,48000.0,48000.0,178,1,0,3,7,https://media.be.com.vn/bizops/image/3d6efda3-a810-11f0-9063-66448d787802/original,com-ca-kho-trung-ran-dau-sot,
25639,25639,Quán Mùa - Cơm Gà & Bún Miến Trộn - Tây Sơn,114764,CƠM GÀ,867974,Cơm Gà Xào Xả Ớt,Món ăn ngon từ Quán Mùa,48000.0,48000.0,118,2,0,3,8,https://media.be.com.vn/bizops/image/6ff6004a-a57d-11f0-b84b-3a4f2a37a94e/original,com-ga-xao-xa-ot,
25639,25639,Quán Mùa - Cơm Gà & Bún Miến Trộn - Tây Sơn,114766,Cơm Ngon,867981,Cơm Thịt Xào Nấm,Cơm ngon từ quán mùa,48000.0,48000.0,26,1,0,5,1,https://media.be.com.vn/bizops/image/3d6efda3-a810-11f0-9063-66448d787802/original,com-thit-xao-nam,
97742,97742,"NaBi Bún Chả Quạt, Cơm Tấm & Cơm Văn Phòng - Tây Sơn",1325785,cơm vị nhà nấu - thay đổi theo ngày,7670605,Cơm thịt lợn mường xào xả ớt,"Cơm trắng ăn kèm với thịt lợn mường xào xả ớt, rau và canh thay đổi theo ngày",66000.0,66000.0,12,0,0,1,1,https://media.be.com.vn/be-food/image/6af4b2ff-1761-11f0-8510-8ea7808cbcf4/original,com-thit-lon-muong-xao-xa-ot,
97742,97742,"NaBi Bún Chả Quạt, Cơm Tấm & Cơm Văn Phòng - Tây Sơn",1325785,cơm vị nhà nấu - thay đổi theo ngày,9050411,Cơm thịt kho tàu - trứng cút,"Cơm trắng ăn kèm cùng thịt kho tàu, trứng cút, rau và canh thay đổi theo ngày",58000.0,58000.0,10,0,0,1,2,https://media.be.com.vn/be-food/image/c29c932e-175f-11f0-81cc-d24fde1987a0/original,com-thit-kho-tau-trung-cut,
97742,97742,"NaBi Bún Chả Quạt, Cơm Tấm & Cơm Văn Phòng - Tây Sơn",1325785,cơm vị nhà nấu - thay đổi theo ngày,9050419,Cơm chả lá lốt vị nhà làm,"Cơm trắng ăn cùng chả lá lốt, rau và canh thay đổi theo ngày",58000.0,58000.0,0,0,0,1,3,https://media.be.com.vn/be-food/image/80ef6efe-1762-11f0-8d88-0695c6df6d37/original,com-cha-la-lot-vi-nha-lam,
97742,97742,"NaBi Bún Chả Quạt, Cơm Tấm & Cơm Văn Phòng - Tây Sơn",1325785,cơm vị nhà nấu - thay đổi theo ngày,9050433,Cơm thịt nướng giềng mẻ,"Cơm trắng ăn kèm với thịt ba chỉ nướng giềng mẻ, rau và canh thay đổi theo ngày",66000.0,66000.0,1,0,0,1,4,https://media.be.com.vn/be-food/image/2a6b6e7f-1763-11f0-bd66-b239c83a8124/original,com-thit-nuong-gieng-me,
97742,97742,"NaBi Bún Chả Quạt, Cơm Tấm & Cơm Văn Phòng - Tây Sơn",1325785,cơm vị nhà nấu - thay đổi theo ngày,9050435,Cơm thịt quay giòn bì,"Cơm trắng ăn kèm thịt heo quay giòn bì, rau và canh thay đổi theo ngày",66000.0,66000.0,2,0,0,1,5,https://media.be.com.vn/be-food/image/dd7364a9-1762-11f0-8d88-0695c6df6d37/original,com-thit-quay-gion-bi,
97742,97742,"NaBi Bún Chả Quạt, Cơm Tấm & Cơm Văn Phòng - Tây Sơn",1325785,cơm vị nhà nấu - thay đổi theo ngày,9050436,Cơm thịt ba chỉ rang cháy cạnh,"Cơm trắng ăn kèm thịt ba chỉ rang cháy cạnh, rau và canh thay đổi theo ngày",66000.0,66000.0,14,0,0,1,6,https://media.be.com.vn/be-food/image/fe7d2e92-175f-11f0-bd66-b239c83a8124/original,com-thit-ba-chi-rang-chay-canh,
97742,97742,"NaBi Bún Chả Quạt, Cơm Tấm & Cơm Văn Phòng - Tây Sơn",1325786,Bún Chả,7670606,Bún chả truyền thống,"Bún sợi nhỏ ăn kèm với chả viên, chả xương sông, chả miếng ba chỉ, rau sống kèm nước chấm đặc biệt của quán",58000.0,58000.0,19,1,0,2,1,https://media.be.com.vn/bizops/image/b6a15d9a-98d6-11ef-81cc-d24fde1987a0/original,bun-cha-truyen-thong,
97742,97742,"NaBi Bún Chả Quạt, Cơm Tấm & Cơm Văn Phòng - Tây Sơn",1325786,Bún Chả,7670608,Bún chả viên,"Bún sợi nhỏ ăn kèm cùng thịt viên nướng than hoa, rau sống và nước chấm đặc biệt của quán",58000.0,58000.0,16,2,0,2,2,https://media.be.com.vn/bizops/image/cd95caf9-98d6-11ef-8510-8ea7808cbcf4/original,bun-cha-vien,
97742,97742,"NaBi Bún Chả Quạt, Cơm Tấm & Cơm Văn Phòng - Tây Sơn",1325786,Bún Chả,9050428,Bún chả đặc biệt,nhiều thịt và chả hơn,69000.0,69000.0,3,0,0,2,3,https://media.be.com.vn/be-food/image/6edd3dd9-1763-11f0-bd66-b239c83a8124/original,bun-cha-dac-biet,
97742,97742,"NaBi Bún Chả Quạt, Cơm Tấm & Cơm Văn Phòng - Tây Sơn",1325786,Bún Chả,9050430,Bún chả miếng,"Thịt ba chỉ nướng ăn kèm với bún, rau sống và nước chấm đặc biệt của quán",58000.0,58000.0,3,0,0,2,4,https://media.be.com.vn/be-food/image/a7a1baac-1763-11f0-8510-8ea7808cbcf4/original,bun-cha-mieng,
97742,97742,"NaBi Bún Chả Quạt, Cơm Tấm & Cơm Văn Phòng - Tây Sơn",1325787,Cơm Tấm Sài Gòn,7670603,Cơm tấm - sườn cốt lết,"Cơm trắng ăn kèm cùng thịt sườn nướng cốt lết, dưa chua,canh chua và nước chấm đặc biệt của quán",69000.0,69000.0,46,0,0,3,1,https://media.be.com.vn/bizops/image/869a85a0-98d6-11ef-8510-8ea7808cbcf4/original,com-tam-suon-cot-let,
97742,97742,"NaBi Bún Chả Quạt, Cơm Tấm & Cơm Văn Phòng - Tây Sơn",1325787,Cơm Tấm Sài Gòn,7670604,Cơm tấm đặc biệt ( Sườn - Bì - Chả Trứng - Ốp la ),"Cơm trắng ăn kèm cùng thịt sườn nướng cốt lết, bì, chả trứng, trứng ốp la cùng dưa góp, canh chua và nước chấm đặc biệt của quán",95000.0,95000.0,35,0,0,3,2,https://media.be.com.vn/bizops/image/91152402-98d6-11ef-81cc-d24fde1987a0/original,com-tam-dac-biet-suon-bi-cha-trung-op-la,
97742,97742,"NaBi Bún Chả Quạt, Cơm Tấm & Cơm Văn Phòng - Tây Sơn",1325787,Cơm Tấm Sài Gòn,7670609,Cơm tấm - sườn cốt lết - chả trứng,"Cơm tấm ăn kèm với thịt sườn cốt lết nướng,chả trứng, dưa góp và canh chua",78000.0,78000.0,13,0,0,3,3,https://media.be.com.vn/be-food/image/50705a5a-1760-11f0-8510-8ea7808cbcf4/original,com-tam-suon-cot-let-cha-trung,
97742,97742,"NaBi Bún Chả Quạt, Cơm Tấm & Cơm Văn Phòng - Tây Sơn",1325789,Bánh Cuốn,7670607,Bánh cuốn chả lẫn,"Bánh cuốn chay ăn kèm với rau sống, chả và nước chấm đặc biệt của quán, hành khô tự phi",59000.0,59000.0,2,0,0,4,1,https://media.be.com.vn/bizops/image/bd2fc99b-98d6-11ef-81cc-d24fde1987a0/original,banh-cuon-cha-lan,
130307,130307,"Phở Bò Nội - Bún Chả, Cháo & Cơm - Trần Hưng Đạo",1869530,Phở,11563785,Phở bò tái chín nạm,,50000.0,50000.0,50,0,0,1,1,https://media.be.com.vn/bizops/image/03e3006a-a3fe-11f0-b84b-3a4f2a37a94e/original,pho-bo-tai-chin-nam,
130307,130307,"Phở Bò Nội - Bún Chả, Cháo & Cơm - Trần Hưng Đạo",1869530,Phở,11563786,Phở bò gầu,,60000.0,60000.0,20,0,0,1,2,https://media.be.com.vn/bizops/image/eee019fb-192e-11f1-b63c-1ec8367384f0/resized_thumbnail_w1080_h1080,pho-bo-gau,
130307,130307,"Phở Bò Nội - Bún Chả, Cháo & Cơm - Trần Hưng Đạo",1869530,Phở,11563787,Phở gà,,50000.0,50000.0,20,1,0,1,3,https://media.be.com.vn/bizops/image/f4212079-192e-11f1-8695-ce3d3ce291c1/resized_thumbnail_w1080_h1080,pho-ga,
22758,22758,PhuongKitchen - Cơm & Đồ Ăn Vặt - Ngõ Chùa Liên Phái Bạch Mai,372040,XÔI CHIÊN,2513690,Xôi Chiên Bọc Nguyên Đùi Gà,"Xôi, Đùi Gà",55000.0,55000.0,1,0,0,1,1,https://media.be.com.vn/be-food/image/f501ea3e-412e-11ee-bfaa-82e52b34e173/resized_thumbnail_w1080_h1080,xoi-chien-boc-nguyen-dui-ga,
22758,22758,PhuongKitchen - Cơm & Đồ Ăn Vặt - Ngõ Chùa Liên Phái Bạch Mai,372040,XÔI CHIÊN,2513691,Xôi Chiên Nhân Đùi Gà Xé,"Xôi chiên giòn, gà đùi xes",55000.0,55000.0,0,0,0,1,2,https://media.be.com.vn/be-food/image/f4f71550-412e-11ee-8e31-f638ae20f033/resized_thumbnail_w1080_h1080,xoi-chien-nhan-dui-ga-xe,
22758,22758,PhuongKitchen - Cơm & Đồ Ăn Vặt - Ngõ Chùa Liên Phái Bạch Mai,372041,CƠM,2513692,Cơm Rang Kim Chi Bò,"Cơm Rang, Kim Chi, Thịt Bò, Canh",52500.0,52500.0,4,0,0,2,1,https://media.be.com.vn/be-food/image/f4ca3b91-412e-11ee-8146-82365e52a8ee/resized_thumbnail_w1080_h1080,com-rang-kim-chi-bo,
22758,22758,PhuongKitchen - Cơm & Đồ Ăn Vặt - Ngõ Chùa Liên Phái Bạch Mai,372041,CƠM,2513693,Cơm Rang Kim Chi Xá Xíu,"Cơm Rang, Kim Chi, Xá Xíu, Canh, Rau Xào",52500.0,52500.0,3,0,0,2,2,https://media.be.com.vn/be-food/image/f49fa77a-412e-11ee-bfaa-82e52b34e173/resized_thumbnail_w1080_h1080,com-rang-kim-chi-xa-xiu,
22758,22758,PhuongKitchen - Cơm & Đồ Ăn Vặt - Ngõ Chùa Liên Phái Bạch Mai,372041,CƠM,2513694,Cơm Thịt Viên Rim Cà Chua,"Cơm, Thịt heo, Cà Chua, Canh, Rau Xào",48000.0,48000.0,0,0,0,2,3,https://media.be.com.vn/be-food/image/f4745e58-412e-11ee-8146-82365e52a8ee/resized_thumbnail_w1080_h1080,com-thit-vien-rim-ca-chua,
22758,22758,PhuongKitchen - Cơm & Đồ Ăn Vặt - Ngõ Chùa Liên Phái Bạch Mai,372041,CƠM,2513695,Cơm Rang Đùi Gà Sốt Chua Ngọt,"Cơm Rang, Đùi Gà, Canh, Rau Xào",52500.0,52500.0,0,0,0,2,4,https://media.be.com.vn/be-food/image/f445c3b8-412e-11ee-bfaa-82e52b34e173/resized_thumbnail_w1080_h1080,com-rang-dui-ga-sot-chua-ngot,
22758,22758,PhuongKitchen - Cơm & Đồ Ăn Vặt - Ngõ Chùa Liên Phái Bạch Mai,372041,CƠM,2513696,Cơm Trắng Sườn Sốt Chua Ngọt,"Cơm, Sườn Heo, Canh, Rau Xào",52000.0,52000.0,1,0,0,2,5,https://media.be.com.vn/be-food/image/f4270366-412e-11ee-8e31-f638ae20f033/resized_thumbnail_w1080_h1080,com-trang-suon-sot-chua-ngot,
22758,22758,PhuongKitchen - Cơm & Đồ Ăn Vặt - Ngõ Chùa Liên Phái Bạch Mai,372041,CƠM,2513697,Cơm Đùi Gà Sốt Chua Ngọt,"Cơm, Đùi Gà, Canh, Rau Xào",47000.0,47000.0,1,0,0,2,6,https://media.be.com.vn/be-food/image/f3f26fa9-412e-11ee-8e31-f638ae20f033/resized_thumbnail_w1080_h1080,com-dui-ga-sot-chua-ngot,
22758,22758,PhuongKitchen - Cơm & Đồ Ăn Vặt - Ngõ Chùa Liên Phái Bạch Mai,372041,CƠM,2513698,Cơm Rang Thịt Rán Xá Xíu,"Cơm Rang, Thịt Xá Xíu, Canh, Rau Xào",52000.0,52000.0,0,0,0,2,7,https://media.be.com.vn/be-food/image/f3e75d61-412e-11ee-bfaa-82e52b34e173/resized_thumbnail_w1080_h1080,com-rang-thit-ran-xa-xiu,
22758,22758,PhuongKitchen - Cơm & Đồ Ăn Vặt - Ngõ Chùa Liên Phái Bạch Mai,372041,CƠM,2513699,Cơm Rang Sườn Trứng Rim Cay,"Cơm Rang, Sườn Heo, Trứng, Canh, Rau Xào",56000.0,56000.0,0,0,0,2,8,https://media.be.com.vn/be-food/image/f3d66d56-412e-11ee-8e31-f638ae20f033/resized_thumbnail_w1080_h1080,com-rang-suon-trung-rim-cay,
22758,22758,PhuongKitchen - Cơm & Đồ Ăn Vặt - Ngõ Chùa Liên Phái Bạch Mai,372041,CƠM,2513700,Cơm TRẮng Canh Kim Chi Thịt Bò,"Cơm, Kim Chi, Thịt Bò, Canh Kim Chi",56000.0,56000.0,0,0,0,2,9,https://media.be.com.vn/be-food/image/f39d1c85-412e-11ee-bfaa-82e52b34e173/resized_thumbnail_w1080_h1080,com-trang-canh-kim-chi-thit-bo,
22758,22758,PhuongKitchen - Cơm & Đồ Ăn Vặt - Ngõ Chùa Liên Phái Bạch Mai,372041,CƠM,2513701,Cơm Trắng Sườn Trứng Rim Cay,"Cơm, Sườn, Trứng, Canh, Rau Xào",52000.0,52000.0,0,0,0,2,10,https://media.be.com.vn/be-food/image/f39a2f0b-412e-11ee-8e31-f638ae20f033/resized_thumbnail_w1080_h1080,com-trang-suon-trung-rim-cay,
22758,22758,PhuongKitchen - Cơm & Đồ Ăn Vặt - Ngõ Chùa Liên Phái Bạch Mai,372041,CƠM,2513702,Cơm Rang Kim Chi Đùi Gà,"Cơm Rang, Kim Chi, Đùi Gà To Xé, Canh",62000.0,62000.0,0,0,0,2,11,https://media.be.com.vn/be-food/image/f3860d2e-412e-11ee-8e31-f638ae20f033/resized_thumbnail_w1080_h1080,com-rang-kim-chi-dui-ga,
22758,22758,PhuongKitchen - Cơm & Đồ Ăn Vặt - Ngõ Chùa Liên Phái Bạch Mai,372041,CƠM,2513703,Cơm Trắng Thịt Rán Xá Xíu,"Cơm, Thịt Xá Xíu, Canh, Rau Xào",47000.0,47000.0,0,0,0,2,12,https://media.be.com.vn/be-food/image/f34afbf3-412e-11ee-8e31-f638ae20f033/resized_thumbnail_w1080_h1080,com-trang-thit-ran-xa-xiu,
22758,22758,PhuongKitchen - Cơm & Đồ Ăn Vặt - Ngõ Chùa Liên Phái Bạch Mai,372041,CƠM,2513704,Cơm Rang Dưa Xào Bò,"Cơm Rang, Sườn Heo, Canh, Rau Xào",51000.0,51000.0,0,0,0,2,13,https://media.be.com.vn/be-food/image/f34419b7-412e-11ee-8e31-f638ae20f033/resized_thumbnail_w1080_h1080,com-rang-dua-xao-bo,
22758,22758,PhuongKitchen - Cơm & Đồ Ăn Vặt - Ngõ Chùa Liên Phái Bạch Mai,372041,CƠM,2513705,Cơm Rang Đùi Gà Rán,"Cơm Rang, Đùi Gà, Canh, Rau Xào",51000.0,51000.0,0,0,0,2,14,https://media.be.com.vn/be-food/image/f3355876-412e-11ee-8e31-f638ae20f033/resized_thumbnail_w1080_h1080,com-rang-dui-ga-ran,
22758,22758,PhuongKitchen - Cơm & Đồ Ăn Vặt - Ngõ Chùa Liên Phái Bạch Mai,372041,CƠM,2513706,Cơm Rang Sườn Sốt Chua Ngọt,"Cơm Rang, Sườn Heo, Canh, Rau Xào",55000.0,55000.0,0,0,0,2,15,https://media.be.com.vn/be-food/image/f2fd645c-412e-11ee-8e31-f638ae20f033/resized_thumbnail_w1080_h1080,com-rang-suon-sot-chua-ngot,
22758,22758,PhuongKitchen - Cơm & Đồ Ăn Vặt - Ngõ Chùa Liên Phái Bạch Mai,372041,CƠM,2513707,Cơm Nóng Canh Kim Chi Sườn Cay,"Cơm, Kim Chi, Sườn Heo, Canh Kim Chi",61000.0,61000.0,0,0,0,2,16,https://media.be.com.vn/be-food/image/f2eb9cdd-412e-11ee-8146-82365e52a8ee/resized_thumbnail_w1080_h1080,com-nong-canh-kim-chi-suon-cay,
22758,22758,PhuongKitchen - Cơm & Đồ Ăn Vặt - Ngõ Chùa Liên Phái Bạch Mai,372041,CƠM,2513708,Cơm Trắng Rau Cải Xào Thịt Bò,"Cơm, Rau Cải, Thịt Bò, Canh, Rau Xào",50000.0,50000.0,0,0,0,2,17,https://media.be.com.vn/be-food/image/f2e28872-412e-11ee-8e31-f638ae20f033/resized_thumbnail_w1080_h1080,com-trang-rau-cai-xao-thit-bo,
22758,22758,PhuongKitchen - Cơm & Đồ Ăn Vặt - Ngõ Chùa Liên Phái Bạch Mai,372041,CƠM,2513709,Cơm Trắng Dưa Xào Bò,"Cơm trắng, Dưa Chua, Thịt Bò, Canh, Rau Xào",45000.0,45000.0,0,0,0,2,18,https://media.be.com.vn/be-food/image/f2a6799f-412e-11ee-8146-82365e52a8ee/resized_thumbnail_w1080_h1080,com-trang-dua-xao-bo,
22758,22758,PhuongKitchen - Cơm & Đồ Ăn Vặt - Ngõ Chùa Liên Phái Bạch Mai,372041,CƠM,2513710,Cơm Rang Thịt Viên Rim Cà Chua,"Cơm Rang, Thịt Viên, Cà Chua, Canh, Rau Xào",52000.0,52000.0,0,0,0,2,19,https://media.be.com.vn/be-food/image/f29c66a2-412e-11ee-8e31-f638ae20f033/resized_thumbnail_w1080_h1080,com-rang-thit-vien-rim-ca-chua,
22758,22758,PhuongKitchen - Cơm & Đồ Ăn Vặt - Ngõ Chùa Liên Phái Bạch Mai,372041,CƠM,2513711,Cơm Rang Rau Cải Xào Thịt Bò,"Cơm Rang, Rau Cải, Thịt Bò, Canh, Rau Xào",52000.0,52000.0,0,0,0,2,20,https://media.be.com.vn/be-food/image/f292032a-412e-11ee-8e31-f638ae20f033/resized_thumbnail_w1080_h1080,com-rang-rau-cai-xao-thit-bo,
22758,22758,PhuongKitchen - Cơm & Đồ Ăn Vặt - Ngõ Chùa Liên Phái Bạch Mai,372041,CƠM,2513712,Cơm Đùi Gà Nướng,"Cơm, Đùi Gà, Canh, Rau Xào",47500.0,47500.0,0,0,0,2,21,https://media.be.com.vn/be-food/image/f24f5e34-412e-11ee-8e31-f638ae20f033/resized_thumbnail_w1080_h1080,com-dui-ga-nuong,
22758,22758,PhuongKitchen - Cơm & Đồ Ăn Vặt - Ngõ Chùa Liên Phái Bạch Mai,372043,MỲ,2513718,Mỳ Xào Rau Cải Thịt Bò,"Mỳ, Rau Cải, Thịt Bò",50000.0,50000.0,0,0,0,4,1,https://media.be.com.vn/be-food/image/f1b442c2-412e-11ee-8e31-f638ae20f033/resized_thumbnail_w1080_h1080,my-xao-rau-cai-thit-bo,
22758,22758,PhuongKitchen - Cơm & Đồ Ăn Vặt - Ngõ Chùa Liên Phái Bạch Mai,372043,MỲ,2513719,Mỳ Udon Xào Kim Chi Bò Cay,"Mỳ Udon, Kim Chi, Thịt Bò",60000.0,60000.0,0,0,0,4,2,https://media.be.com.vn/be-food/image/f1abcabe-412e-11ee-8e31-f638ae20f033/resized_thumbnail_w1080_h1080,my-udon-xao-kim-chi-bo-cay,
22758,22758,PhuongKitchen - Cơm & Đồ Ăn Vặt - Ngõ Chùa Liên Phái Bạch Mai,372043,MỲ,2513720,Mỳ Udon Xào Rau Cải Bò,"Mỳ Udon, Rau Cải, Thịt Bò",65000.0,65000.0,0,0,0,4,3,https://media.be.com.vn/be-food/image/f18bab23-412e-11ee-bfaa-82e52b34e173/resized_thumbnail_w1080_h1080,my-udon-xao-rau-cai-bo,
22758,22758,PhuongKitchen - Cơm & Đồ Ăn Vặt - Ngõ Chùa Liên Phái Bạch Mai,372043,MỲ,2513721,Mỳ Trộn Kim Chi Bò,"Mỳ, Kim Chi, Thịt Bò, Sốt",52000.0,52000.0,0,0,0,4,4,https://media.be.com.vn/be-food/image/f167ef08-412e-11ee-8e31-f638ae20f033/resized_thumbnail_w1080_h1080,my-tron-kim-chi-bo,
22758,22758,PhuongKitchen - Cơm & Đồ Ăn Vặt - Ngõ Chùa Liên Phái Bạch Mai,372044,ĂN VẶT,2513724,Set 10 Nem Chua Rán,,58000.0,58000.0,0,0,0,5,3,https://media.be.com.vn/be-food/image/f11782c2-412e-11ee-8e31-f638ae20f033/resized_thumbnail_w1080_h1080,set-10-nem-chua-ran,
22758,22758,PhuongKitchen - Cơm & Đồ Ăn Vặt - Ngõ Chùa Liên Phái Bạch Mai,372044,ĂN VẶT,2513728,Đùi Gà Rán,,31000.0,31000.0,0,0,0,5,7,https://media.be.com.vn/be-food/image/f0a952f4-412e-11ee-bfaa-82e52b34e173/resized_thumbnail_w1080_h1080,dui-ga-ran,
22758,22758,PhuongKitchen - Cơm & Đồ Ăn Vặt - Ngõ Chùa Liên Phái Bạch Mai,372044,ĂN VẶT,2513729,Set 5 Phô Mai Que,,37000.0,37000.0,1,0,0,5,8,https://media.be.com.vn/be-food/image/f093feca-412e-11ee-8e31-f638ae20f033/resized_thumbnail_w1080_h1080,set-5-pho-mai-que,
22758,22758,PhuongKitchen - Cơm & Đồ Ăn Vặt - Ngõ Chùa Liên Phái Bạch Mai,372044,ĂN VẶT,2513732,Ngô Xào Tép 2 Suất,,61000.0,61000.0,0,0,0,5,11,https://media.be.com.vn/be-food/image/f044d535-412e-11ee-8e31-f638ae20f033/resized_thumbnail_w1080_h1080,ngo-xao-tep-2-suat,
22758,22758,PhuongKitchen - Cơm & Đồ Ăn Vặt - Ngõ Chùa Liên Phái Bạch Mai,372044,ĂN VẶT,2513734,Bánh Bao Chay Chiên Kèm Sữa Chấm,Set 10 chiếc kèm sữa đặc chấm bánh,36500.0,36500.0,0,0,0,5,13,https://media.be.com.vn/be-food/image/f00ca0c1-412e-11ee-8e31-f638ae20f033/resized_thumbnail_w1080_h1080,banh-bao-chay-chien-kem-sua-cham,
11471,11471,Thiên Trường - Phở Cồ & Cơm Gà Xối Mắm - Giải Phóng,48597,PHỞ,394469,Phở Chín,Đã bao gồm hộp đi kèm,48000.0,48000.0,27,1,0,2,1,https://media.be.com.vn/be-food/image/61ac47b0-ac7d-11ed-8ca3-8e6f9560a813/resized_thumbnail_w1080_h1080,pho-chin,
11471,11471,Thiên Trường - Phở Cồ & Cơm Gà Xối Mắm - Giải Phóng,48597,PHỞ,394470,Phở Tái,Đã bao gồm hộp đi kèm,48000.0,48000.0,11,0,0,2,2,https://media.be.com.vn/be-food/image/61b69443-ac7d-11ed-8ca3-8e6f9560a813/resized_thumbnail_w1080_h1080,pho-tai,
11471,11471,Thiên Trường - Phở Cồ & Cơm Gà Xối Mắm - Giải Phóng,48597,PHỞ,394471,Phở Tái Chín,Đã bao gồm hộp đi kèm,52000.0,52000.0,16,0,0,2,3,https://media.be.com.vn/be-food/image/61c0939b-ac7d-11ed-aebb-1eb5d596321f/resized_thumbnail_w1080_h1080,pho-tai-chin,
11471,11471,Thiên Trường - Phở Cồ & Cơm Gà Xối Mắm - Giải Phóng,48597,PHỞ,394472,Phở Tái Nạm,,58000.0,58000.0,5,0,0,2,4,https://media.be.com.vn/be-food/image/61c6a246-ac7d-11ed-9fb5-aaa4923b8bae/resized_thumbnail_w1080_h1080,pho-tai-nam,
11471,11471,Thiên Trường - Phở Cồ & Cơm Gà Xối Mắm - Giải Phóng,48597,PHỞ,394473,Phở Tái Bắp,Đã bao gồm hộp đi kèm,70000.0,70000.0,0,0,0,2,5,https://media.be.com.vn/be-food/image/1b97ca7c-17b3-11ed-bf5c-d65f1fd7c660/original,pho-tai-bap,
11471,11471,Thiên Trường - Phở Cồ & Cơm Gà Xối Mắm - Giải Phóng,48597,PHỞ,394474,Phở Tái Lăn,Đã bao gồm hộp đi kèm,60000.0,60000.0,4,0,0,2,6,https://media.be.com.vn/be-food/image/61f349f4-ac7d-11ed-8ca3-8e6f9560a813/resized_thumbnail_w1080_h1080,pho-tai-lan,
11471,11471,Thiên Trường - Phở Cồ & Cơm Gà Xối Mắm - Giải Phóng,48597,PHỞ,394475,Phở Tái Gầu,Đã bao gồm hộp đi kèm,58000.0,58000.0,14,0,0,2,7,https://media.be.com.vn/be-food/image/dabf8b40-ac7d-11ed-9fb5-aaa4923b8bae/resized_thumbnail_w1080_h1080,pho-tai-gau,
11471,11471,Thiên Trường - Phở Cồ & Cơm Gà Xối Mắm - Giải Phóng,48597,PHỞ,394476,Phở Bắp Nạm,Đã bao gồm hộp đi kèm,70000.0,70000.0,6,0,1,2,8,https://media.be.com.vn/be-food/image/dabee968-ac7d-11ed-9fb5-aaa4923b8bae/resized_thumbnail_w1080_h1080,pho-bap-nam,
11471,11471,Thiên Trường - Phở Cồ & Cơm Gà Xối Mắm - Giải Phóng,48597,PHỞ,394477,Phở Đặc Biệt,Đã bao gồm hộp đi kèm,80000.0,80000.0,7,0,0,2,9,https://media.be.com.vn/be-food/image/dabcee04-ac7d-11ed-8ca3-8e6f9560a813/resized_thumbnail_w1080_h1080,pho-dac-biet,
11471,11471,Thiên Trường - Phở Cồ & Cơm Gà Xối Mắm - Giải Phóng,48596,CƠM RANG (BÁN BUỔI TRƯA),394457,Cơm Gà Xối Mắm,,60000.0,60000.0,97,0,0,3,1,https://media.be.com.vn/be-food/image/60ea8885-ac7d-11ed-9fb5-aaa4923b8bae/resized_thumbnail_w1080_h1080,com-ga-xoi-mam,
11471,11471,Thiên Trường - Phở Cồ & Cơm Gà Xối Mắm - Giải Phóng,48596,CƠM RANG (BÁN BUỔI TRƯA),394459,Cơm Rang Thập Cẩm,,48000.0,48000.0,65,0,0,3,2,https://media.be.com.vn/be-food/image/60fb9422-ac7d-11ed-aebb-1eb5d596321f/resized_thumbnail_w1080_h1080,com-rang-thap-cam,
11471,11471,Thiên Trường - Phở Cồ & Cơm Gà Xối Mắm - Giải Phóng,48596,CƠM RANG (BÁN BUỔI TRƯA),394460,Cơm Rang Dưa Bò,,52000.0,52000.0,97,0,0,3,3,https://media.be.com.vn/be-food/image/60fef553-ac7d-11ed-8ca3-8e6f9560a813/resized_thumbnail_w1080_h1080,com-rang-dua-bo,
11471,11471,Thiên Trường - Phở Cồ & Cơm Gà Xối Mắm - Giải Phóng,48596,CƠM RANG (BÁN BUỔI TRƯA),394461,Phở Xào Mềm,,60000.0,60000.0,30,1,0,3,4,https://media.be.com.vn/be-food/image/6102d3f2-ac7d-11ed-9fb5-aaa4923b8bae/resized_thumbnail_w1080_h1080,pho-xao-mem,
11471,11471,Thiên Trường - Phở Cồ & Cơm Gà Xối Mắm - Giải Phóng,48596,CƠM RANG (BÁN BUỔI TRƯA),394462,Cơm Rang Cải Bò,,52000.0,52000.0,38,0,0,3,5,https://media.be.com.vn/be-food/image/61484d80-ac7d-11ed-9fb5-aaa4923b8bae/resized_thumbnail_w1080_h1080,com-rang-cai-bo,
11471,11471,Thiên Trường - Phở Cồ & Cơm Gà Xối Mắm - Giải Phóng,48596,CƠM RANG (BÁN BUỔI TRƯA),394464,Đùi Gà Sốt,,40000.0,40000.0,1,0,0,3,6,https://media.be.com.vn/be-food/image/615b598b-ac7d-11ed-9fb5-aaa4923b8bae/resized_thumbnail_w1080_h1080,dui-ga-sot,
11471,11471,Thiên Trường - Phở Cồ & Cơm Gà Xối Mắm - Giải Phóng,48596,CƠM RANG (BÁN BUỔI TRƯA),394466,Cơm Sườn Sốt Ngũ Vị,Sườn sụn sốt chua ngọt,60000.0,60000.0,3,0,0,3,8,https://media.be.com.vn/be-food/image/a6517aa4-17b2-11ed-8d7f-6eaf3bd05ea7/original,com-suon-sot-ngu-vi,
11471,11471,Thiên Trường - Phở Cồ & Cơm Gà Xối Mắm - Giải Phóng,48596,CƠM RANG (BÁN BUỔI TRƯA),394467,Mì xào mềm,,60000.0,60000.0,12,0,0,3,9,https://media.be.com.vn/be-food/image/6175cc9a-ac7d-11ed-aebb-1eb5d596321f/resized_thumbnail_w1080_h1080,mi-xao-mem,
11471,11471,Thiên Trường - Phở Cồ & Cơm Gà Xối Mắm - Giải Phóng,48596,CƠM RANG (BÁN BUỔI TRƯA),4580862,Trứng Ốp (2 Quả),,30000.0,30000.0,2,0,0,3,10,https://media.be.com.vn/be-food/image/c4b29912-17b2-11ed-bf5c-d65f1fd7c660/original,trung-op-2-qua,
11471,11471,Thiên Trường - Phở Cồ & Cơm Gà Xối Mắm - Giải Phóng,48596,CƠM RANG (BÁN BUỔI TRƯA),4580864,Mì Xào Mềm,,60000.0,60000.0,1,0,0,3,11,https://media.be.com.vn/be-food/image/b2986290-17b2-11ed-bf5c-d65f1fd7c660/original,mi-xao-mem,
11471,11471,Thiên Trường - Phở Cồ & Cơm Gà Xối Mắm - Giải Phóng,1240298,Combo cùng coca,394483,Cơm Rang Thập Cẩm - Coca,,60000.0,60000.0,2,0,0,5,1,https://media.be.com.vn/be-food/image/db25bce0-ac7d-11ed-8ca3-8e6f9560a813/resized_thumbnail_w1080_h1080,com-rang-thap-cam-coca,
11326,11326,Huỳnh Duyên - Cơm Văn Phòng & Nước Ép - Giải Phóng,662356,Combo Đồng Giá,4487874,Combo cơm thịt sốt chua ngọt -1 cocacola,,53000.0,53000.0,21,0,0,1,1,https://media.be.com.vn/be-food/image/f29f86ff-4251-11ee-b2af-3ea2e1c5510b/resized_thumbnail_w1080_h1080,combo-com-thit-sot-chua-ngot-1-cocacola,
11326,11326,Huỳnh Duyên - Cơm Văn Phòng & Nước Ép - Giải Phóng,662356,Combo Đồng Giá,4487876,Combo cơm chả cá sốt -1 fanta,,53000.0,53000.0,0,0,0,1,2,https://media.be.com.vn/be-food/image/f33f79ef-4251-11ee-b2af-3ea2e1c5510b/resized_thumbnail_w1080_h1080,combo-com-cha-ca-sot-1-fanta,
11326,11326,Huỳnh Duyên - Cơm Văn Phòng & Nước Ép - Giải Phóng,662356,Combo Đồng Giá,4487877,Cơm thịt kho - 01 coca,,55000.0,55000.0,1,0,0,1,3,https://media.be.com.vn/bizops/image/70139c93-a580-11f0-8b11-e6e7ca75c48c/original,com-thit-kho-01-coca,
11326,11326,Huỳnh Duyên - Cơm Văn Phòng & Nước Ép - Giải Phóng,662356,Combo Đồng Giá,4487878,Combo cơm thập cẩm - 1 sprite chai,,53000.0,53000.0,14,0,0,1,4,https://media.be.com.vn/be-food/image/f3f60f6d-4251-11ee-b2af-3ea2e1c5510b/resized_thumbnail_w1080_h1080,combo-com-thap-cam-1-sprite-chai,
11326,11326,Huỳnh Duyên - Cơm Văn Phòng & Nước Ép - Giải Phóng,662356,Combo Đồng Giá,4487879,Compo cơm thập cẩm - 1 coca chai,,53000.0,53000.0,4,0,0,1,5,https://media.be.com.vn/be-food/image/f44980b7-4251-11ee-b2af-3ea2e1c5510b/resized_thumbnail_w1080_h1080,compo-com-thap-cam-1-coca-chai,
11326,11326,Huỳnh Duyên - Cơm Văn Phòng & Nước Ép - Giải Phóng,662357,Thực Đơn,4487880,"Cơm gà sốt chua ngọt, trứng rán",,40000.0,40000.0,276,3,0,2,1,https://media.be.com.vn/be-food/image/f49ebc33-4251-11ee-b2af-3ea2e1c5510b/original,com-ga-sot-chua-ngot-trung-ran,
11326,11326,Huỳnh Duyên - Cơm Văn Phòng & Nước Ép - Giải Phóng,662357,Thực Đơn,4487882,"Cơm thịt sốt chua ngọt, đậu nhồi thịt",,40000.0,40000.0,218,2,1,2,2,https://media.be.com.vn/be-food/image/f5393090-4251-11ee-b2af-3ea2e1c5510b/original,com-thit-sot-chua-ngot-dau-nhoi-thit,
11326,11326,Huỳnh Duyên - Cơm Văn Phòng & Nước Ép - Giải Phóng,662357,Thực Đơn,4487883,Cơm thịt kho - trứng,,40000.0,40000.0,65,3,1,2,3,https://media.be.com.vn/be-food/image/f58464de-4251-11ee-b2af-3ea2e1c5510b/original,com-thit-kho-trung,
11326,11326,Huỳnh Duyên - Cơm Văn Phòng & Nước Ép - Giải Phóng,662357,Thực Đơn,4487884,Cơm Thịt băm rim - món phụ,,40000.0,40000.0,32,1,0,2,4,https://media.be.com.vn/be-food/image/f5d44e8e-4251-11ee-8e31-f638ae20f033/original,com-thit-bam-rim-mon-phu,
11326,11326,Huỳnh Duyên - Cơm Văn Phòng & Nước Ép - Giải Phóng,662357,Thực Đơn,4487885,Cơm Sườn sốt chua ngọt - món phụ,,40000.0,40000.0,43,1,0,2,5,https://media.be.com.vn/be-food/image/f61ef844-4251-11ee-8e31-f638ae20f033/original,com-suon-sot-chua-ngot-mon-phu,
11326,11326,Huỳnh Duyên - Cơm Văn Phòng & Nước Ép - Giải Phóng,662357,Thực Đơn,4487886,Cơm gà rang gừng - đậu sốt,,40000.0,40000.0,55,3,1,2,6,https://media.be.com.vn/be-food/image/f664e176-4251-11ee-b2af-3ea2e1c5510b/original,com-ga-rang-gung-dau-sot,
11326,11326,Huỳnh Duyên - Cơm Văn Phòng & Nước Ép - Giải Phóng,662357,Thực Đơn,4487887,"Cơm Thịt rang, Món phụ",,40000.0,40000.0,102,0,0,2,7,https://media.be.com.vn/be-food/image/f6ada189-4251-11ee-8e31-f638ae20f033/original,com-thit-rang-mon-phu,
11326,11326,Huỳnh Duyên - Cơm Văn Phòng & Nước Ép - Giải Phóng,662357,Thực Đơn,4487888,Cơm cá cơm sốt - 2 món phụ,,40000.0,40000.0,54,3,0,2,8,https://media.be.com.vn/be-food/image/f6f0fcfc-4251-11ee-b2af-3ea2e1c5510b/original,com-ca-com-sot-2-mon-phu,
11326,11326,Huỳnh Duyên - Cơm Văn Phòng & Nước Ép - Giải Phóng,662357,Thực Đơn,4487889,Cơm đậu nhồi thịt - trứng rán,cơm đậu nhồi + trứng rán,40000.0,40000.0,40,2,0,2,9,https://media.be.com.vn/be-food/image/f73b90cb-4251-11ee-8146-82365e52a8ee/original,com-dau-nhoi-thit-trung-ran,
11326,11326,Huỳnh Duyên - Cơm Văn Phòng & Nước Ép - Giải Phóng,662357,Thực Đơn,4487890,"Cơm nem cuốn, món phụ",,40000.0,40000.0,13,0,0,2,10,https://media.be.com.vn/be-food/image/f790e1f9-4251-11ee-8146-82365e52a8ee/original,com-nem-cuon-mon-phu,
11326,11326,Huỳnh Duyên - Cơm Văn Phòng & Nước Ép - Giải Phóng,662357,Thực Đơn,4487891,"Cơm thịt rang, đậu phụ sốt",,40000.0,40000.0,40,0,0,2,11,https://media.be.com.vn/be-food/image/f7df98d8-4251-11ee-8146-82365e52a8ee/original,com-thit-rang-dau-phu-sot,
11326,11326,Huỳnh Duyên - Cơm Văn Phòng & Nước Ép - Giải Phóng,662357,Thực Đơn,4487892,Cơm cá nục rán- Món Phụ,,40000.0,40000.0,9,0,0,2,12,https://media.be.com.vn/be-food/image/f831b595-4251-11ee-b2af-3ea2e1c5510b/original,com-ca-nuc-ran-mon-phu,
11326,11326,Huỳnh Duyên - Cơm Văn Phòng & Nước Ép - Giải Phóng,662357,Thực Đơn,4487895,Cơm chả cá sốt - món phụ,,40000.0,40000.0,30,1,0,2,14,https://media.be.com.vn/be-food/image/f9184c1c-4251-11ee-b2af-3ea2e1c5510b/original,com-cha-ca-sot-mon-phu,
11326,11326,Huỳnh Duyên - Cơm Văn Phòng & Nước Ép - Giải Phóng,662357,Thực Đơn,4487896,Cơm bò xào cần tỏi - trứng rán,,40000.0,40000.0,85,5,0,2,15,https://media.be.com.vn/be-food/image/f9682f3a-4251-11ee-8146-82365e52a8ee/original,com-bo-xao-can-toi-trung-ran,
11326,11326,Huỳnh Duyên - Cơm Văn Phòng & Nước Ép - Giải Phóng,662357,Thực Đơn,4487897,Cơm gà xào sả ớt - món phụ,,40000.0,40000.0,23,1,0,2,16,https://media.be.com.vn/be-food/image/f9b70cde-4251-11ee-b2af-3ea2e1c5510b/original,com-ga-xao-sa-ot-mon-phu,
11326,11326,Huỳnh Duyên - Cơm Văn Phòng & Nước Ép - Giải Phóng,662357,Thực Đơn,4487898,Cơm thịt xiên - món phụ,,40000.0,40000.0,15,1,0,2,17,https://media.be.com.vn/be-food/image/fa066367-4251-11ee-8146-82365e52a8ee/original,com-thit-xien-mon-phu,
8314,8314,Phở Bò Cơm Rang Duy Nhất - Giải Phóng,1138808,Cơm Rang Duy Nhất.,7582731,Cơm rang dưa bò (best seller),Giá bao gồm 3000₫ tiền hộp,58000.0,58000.0,1632,19,4,2,1,https://media.be.com.vn/bizops/image/6442be38-9025-11ef-81cc-d24fde1987a0/resized_thumbnail_w1080_h1080,com-rang-dua-bo-best-seller,
8314,8314,Phở Bò Cơm Rang Duy Nhất - Giải Phóng,1138808,Cơm Rang Duy Nhất.,7582732,Cơm rang dưa bò - 1 trứng ốp,Giá bao gồm 3000₫ tiền hôp,65000.0,65000.0,178,6,0,2,2,https://media.be.com.vn/bizops/image/6bd2d0ac-9025-11ef-8d88-0695c6df6d37/resized_thumbnail_w1080_h1080,com-rang-dua-bo-1-trung-op,
8314,8314,Phở Bò Cơm Rang Duy Nhất - Giải Phóng,1138808,Cơm Rang Duy Nhất.,7582733,Cơm rang cải bò,Giá bao gồm 3000₫ tiền hộp,58000.0,58000.0,477,2,1,2,3,https://media.be.com.vn/bizops/image/74ce7e43-9025-11ef-8d88-0695c6df6d37/resized_thumbnail_w1080_h1080,com-rang-cai-bo,
8314,8314,Phở Bò Cơm Rang Duy Nhất - Giải Phóng,1138808,Cơm Rang Duy Nhất.,7582734,Cơm rang đùi gà xối mắm,Giá bao gồm 3000₫ tiền hộp,60000.0,60000.0,578,1,2,2,4,https://media.be.com.vn/bizops/image/9c1e4809-9025-11ef-8510-8ea7808cbcf4/resized_thumbnail_w1080_h1080,com-rang-dui-ga-xoi-mam,
8314,8314,Phở Bò Cơm Rang Duy Nhất - Giải Phóng,1138808,Cơm Rang Duy Nhất.,7582735,Cơm rang cải bò - 1 trứng ốp,Giá bao gồm 3000₫ tiền hộp,65000.0,65000.0,114,2,1,2,5,https://media.be.com.vn/bizops/image/a5e42b66-9025-11ef-8d88-0695c6df6d37/resized_thumbnail_w1080_h1080,com-rang-cai-bo-1-trung-op,
8314,8314,Phở Bò Cơm Rang Duy Nhất - Giải Phóng,1138808,Cơm Rang Duy Nhất.,7582736,Cơm rang đùi gà xối mắm - 1 trứng ốp,Giá bao gồm 3000₫ tiền hộp,65000.0,65000.0,80,1,0,2,6,https://media.be.com.vn/bizops/image/b3267b2a-9025-11ef-81cc-d24fde1987a0/resized_thumbnail_w1080_h1080,com-rang-dui-ga-xoi-mam-1-trung-op,
8314,8314,Phở Bò Cơm Rang Duy Nhất - Giải Phóng,1138808,Cơm Rang Duy Nhất.,7582737,Cơm rang thập cẩm - 1 trứng ốp,Giá bao gồm 3000₫ tiền hộp,60000.0,60000.0,70,1,0,2,7,https://media.be.com.vn/bizops/image/aca1a9c0-9028-11ef-81cc-d24fde1987a0/resized_thumbnail_w1080_h1080,com-rang-thap-cam-1-trung-op,
8314,8314,Phở Bò Cơm Rang Duy Nhất - Giải Phóng,1138808,Cơm Rang Duy Nhất.,7582738,Cơm rang thập cẩm bò,,58000.0,58000.0,234,1,0,2,8,https://media.be.com.vn/bizops/image/ca4a0280-9028-11ef-8d88-0695c6df6d37/resized_thumbnail_w1080_h1080,com-rang-thap-cam-bo,
8314,8314,Phở Bò Cơm Rang Duy Nhất - Giải Phóng,1138808,Cơm Rang Duy Nhất.,7582739,Cơm rang thập cẩm (Best seller),cốc canh miễn phí note nếu có nhu cầu,55000.0,55000.0,334,7,2,2,9,https://media.be.com.vn/bizops/image/df2e5450-9028-11ef-81cc-d24fde1987a0/resized_thumbnail_w1080_h1080,com-rang-thap-cam-best-seller,
8314,8314,Phở Bò Cơm Rang Duy Nhất - Giải Phóng,1138808,Cơm Rang Duy Nhất.,7582741,Cơm rang dưa bò - coca,"Cơm rang dưa bò là một món ăn quen thuộc, dân dã nhưng cực kỳ “bắt vị” trong ẩm thực Việt Nam. Đây là sự kết hợp hài hòa giữa vị chua nhẹ của dưa cải và vị đậm đà của thịt bò, tất cả được rang cùng cơm tạo nên hương vị rất riêng.",65000.0,65000.0,110,0,0,2,11,https://media.be.com.vn/bizops/image/1626c9fe-9029-11ef-8d88-0695c6df6d37/resized_thumbnail_w1080_h1080,com-rang-dua-bo-coca,
8314,8314,Phở Bò Cơm Rang Duy Nhất - Giải Phóng,1138808,Cơm Rang Duy Nhất.,7582742,Cơm rang cải bò - coca,,65000.0,65000.0,69,2,1,2,12,https://media.be.com.vn/bizops/image/1be60844-9029-11ef-8d88-0695c6df6d37/resized_thumbnail_w1080_h1080,com-rang-cai-bo-coca,
8314,8314,Phở Bò Cơm Rang Duy Nhất - Giải Phóng,1138809,Bún Bò Huế Duy Nhất.,7582743,Bún bò Huế tô nhỏ không móng,,60000.0,60000.0,102,0,0,3,1,https://media.be.com.vn/bizops/image/22d22fab-9029-11ef-8d88-0695c6df6d37/resized_thumbnail_w1080_h1080,bun-bo-hue-to-nho-khong-mong,
8314,8314,Phở Bò Cơm Rang Duy Nhất - Giải Phóng,1138809,Bún Bò Huế Duy Nhất.,7582744,Bún tô vừa,,60000.0,60000.0,143,4,1,3,2,https://media.be.com.vn/bizops/image/2841aa8a-9029-11ef-8d88-0695c6df6d37/resized_thumbnail_w1080_h1080,bun-to-vua,
8314,8314,Phở Bò Cơm Rang Duy Nhất - Giải Phóng,1138809,Bún Bò Huế Duy Nhất.,7582745,Bún tô lớn,,65000.0,65000.0,88,1,1,3,3,https://media.be.com.vn/bizops/image/3065f278-9029-11ef-8d88-0695c6df6d37/resized_thumbnail_w1080_h1080,bun-to-lon,
8314,8314,Phở Bò Cơm Rang Duy Nhất - Giải Phóng,1138809,Bún Bò Huế Duy Nhất.,7582746,Tô đặc biệt,,70000.0,70000.0,121,1,0,3,4,https://media.be.com.vn/bizops/image/3716ad05-9029-11ef-81cc-d24fde1987a0/resized_thumbnail_w1080_h1080,to-dac-biet,
8314,8314,Phở Bò Cơm Rang Duy Nhất - Giải Phóng,1138811,Phở Bò Gia Truyền.,7582751,Phở tái,,58000.0,58000.0,88,2,0,4,1,https://media.be.com.vn/bizops/image/d77db26d-9029-11ef-8510-8ea7808cbcf4/resized_thumbnail_w1080_h1080,pho-tai,
8314,8314,Phở Bò Cơm Rang Duy Nhất - Giải Phóng,1138811,Phở Bò Gia Truyền.,7582752,Tái chín,,58000.0,58000.0,233,1,0,4,2,https://media.be.com.vn/bizops/image/dcee3856-9029-11ef-81cc-d24fde1987a0/resized_thumbnail_w1080_h1080,tai-chin,
8314,8314,Phở Bò Cơm Rang Duy Nhất - Giải Phóng,1138811,Phở Bò Gia Truyền.,7582753,Tái nạm,,58000.0,58000.0,105,2,0,4,3,https://media.be.com.vn/bizops/image/e26f2f04-9029-11ef-81cc-d24fde1987a0/resized_thumbnail_w1080_h1080,tai-nam,
8314,8314,Phở Bò Cơm Rang Duy Nhất - Giải Phóng,1138811,Phở Bò Gia Truyền.,7582754,Tái lăn,,60000.0,60000.0,50,1,0,4,4,https://media.be.com.vn/bizops/image/e8233545-9029-11ef-8d88-0695c6df6d37/resized_thumbnail_w1080_h1080,tai-lan,
8314,8314,Phở Bò Cơm Rang Duy Nhất - Giải Phóng,1138811,Phở Bò Gia Truyền.,7582755,Mì bò tái,,58000.0,58000.0,7,1,0,4,5,https://media.be.com.vn/bizops/image/edf9c748-9029-11ef-8d88-0695c6df6d37/resized_thumbnail_w1080_h1080,mi-bo-tai,
8314,8314,Phở Bò Cơm Rang Duy Nhất - Giải Phóng,1138810,Đồ Xào.,7582747,phở xào,,60000.0,60000.0,477,4,1,5,1,https://media.be.com.vn/bizops/image/44fc5e3d-9029-11ef-8d88-0695c6df6d37/resized_thumbnail_w1080_h1080,pho-xao,
8314,8314,Phở Bò Cơm Rang Duy Nhất - Giải Phóng,1138810,Đồ Xào.,7582748,Mì xào cải bò,,60000.0,60000.0,180,2,0,5,2,https://media.be.com.vn/bizops/image/4a6e6864-9029-11ef-8d88-0695c6df6d37/resized_thumbnail_w1080_h1080,mi-xao-cai-bo,
126147,126147,"Nhà Hàng Bin Bo - Bún Riêu Cua, Cơm Rang & Phở Xào - Phương Mai",1667389,MENU,10917632,Bún riêu cua đặc biệt tặng 1 chai hạt chia 30k,,90000.0,90000.0,1,0,0,1,1,https://media.be.com.vn/be-food/image/a0f59ac6-db5c-11f0-8b11-e6e7ca75c48c/resized_thumbnail_w1080_h1080,bun-rieu-cua-dac-biet-tang-1-chai-hat-chia-30k,
126147,126147,"Nhà Hàng Bin Bo - Bún Riêu Cua, Cơm Rang & Phở Xào - Phương Mai",1667389,MENU,10917633,Bún riêu cua tặng 1 chai nước hạt chia 20k,,50000.0,50000.0,0,0,0,1,2,https://media.be.com.vn/bizops/image/b0d31f46-db03-11f0-9063-66448d787802/resized_thumbnail_w1080_h1080,bun-rieu-cua-tang-1-chai-nuoc-hat-chia-20k,
126147,126147,"Nhà Hàng Bin Bo - Bún Riêu Cua, Cơm Rang & Phở Xào - Phương Mai",1667389,MENU,10917635,Bún riêu cua mọc ốc tặng 1 chai nước hạt chia 20k,,80000.0,80000.0,0,0,0,1,4,https://media.be.com.vn/be-food/image/13c7369f-db5c-11f0-8021-922c9d42c616/resized_thumbnail_w1080_h1080,bun-rieu-cua-moc-oc-tang-1-chai-nuoc-hat-chia-20k,
126147,126147,"Nhà Hàng Bin Bo - Bún Riêu Cua, Cơm Rang & Phở Xào - Phương Mai",1667389,MENU,10917637,Phở xào giòn ngập thịt bò tặng 1 chai nước hạt chia,,70000.0,70000.0,5,0,0,1,5,https://media.be.com.vn/be-food/image/e21ea8a0-db5b-11f0-8b11-e6e7ca75c48c/resized_thumbnail_w1080_h1080,pho-xao-gion-ngap-thit-bo-tang-1-chai-nuoc-hat-chia,
126147,126147,"Nhà Hàng Bin Bo - Bún Riêu Cua, Cơm Rang & Phở Xào - Phương Mai",1667389,MENU,10917638,Mọc ốc,,30000.0,30000.0,0,0,0,1,6,https://media.be.com.vn/be-food/image/62f1f568-db5b-11f0-8b11-e6e7ca75c48c/resized_thumbnail_w1080_h1080,moc-oc,
126147,126147,"Nhà Hàng Bin Bo - Bún Riêu Cua, Cơm Rang & Phở Xào - Phương Mai",1667389,MENU,10917639,Mọc thịt,,30000.0,30000.0,1,0,0,1,7,https://media.be.com.vn/be-food/image/ea681a34-db5a-11f0-8b11-e6e7ca75c48c/resized_thumbnail_w1080_h1080,moc-thit,
126147,126147,"Nhà Hàng Bin Bo - Bún Riêu Cua, Cơm Rang & Phở Xào - Phương Mai",1667389,MENU,10917640,Tóp mỡ chiên giòn,,30000.0,30000.0,0,0,0,1,8,https://media.be.com.vn/be-food/image/c67d18c2-db5a-11f0-b84b-3a4f2a37a94e/resized_thumbnail_w1080_h1080,top-mo-chien-gion,
126147,126147,"Nhà Hàng Bin Bo - Bún Riêu Cua, Cơm Rang & Phở Xào - Phương Mai",1667389,MENU,10917641,Khoai tây lắc phô mai tặng 1 chai nước hạt chia,,50000.0,50000.0,0,0,0,1,9,https://media.be.com.vn/be-food/image/443c3305-db5a-11f0-b84b-3a4f2a37a94e/resized_thumbnail_w1080_h1080,khoai-tay-lac-pho-mai-tang-1-chai-nuoc-hat-chia,
126147,126147,"Nhà Hàng Bin Bo - Bún Riêu Cua, Cơm Rang & Phở Xào - Phương Mai",1667389,MENU,10917644,Bánh đa cua Hải Phòng tặng 1 chai nước hạt chia 30k,,80000.0,80000.0,1,0,0,1,10,https://media.be.com.vn/be-food/image/9ba37330-db59-11f0-8021-922c9d42c616/resized_thumbnail_w1080_h1080,banh-da-cua-hai-phong-tang-1-chai-nuoc-hat-chia-30k,
126147,126147,"Nhà Hàng Bin Bo - Bún Riêu Cua, Cơm Rang & Phở Xào - Phương Mai",1667389,MENU,10917646,Bún riêu cua ốc tặng 1 nước hạt chia 30k,,60000.0,60000.0,0,0,0,1,11,https://media.be.com.vn/be-food/image/2ac20509-db59-11f0-8b11-e6e7ca75c48c/resized_thumbnail_w1080_h1080,bun-rieu-cua-oc-tang-1-nuoc-hat-chia-30k,
126147,126147,"Nhà Hàng Bin Bo - Bún Riêu Cua, Cơm Rang & Phở Xào - Phương Mai",1667389,MENU,10917647,Chả cá chiên giòn,,30000.0,30000.0,0,0,0,1,12,https://media.be.com.vn/be-food/image/8f61a44b-db62-11f0-8b11-e6e7ca75c48c/resized_thumbnail_w1080_h1080,cha-ca-chien-gion,
126147,126147,"Nhà Hàng Bin Bo - Bún Riêu Cua, Cơm Rang & Phở Xào - Phương Mai",1667389,MENU,10917649,Giò,,30000.0,30000.0,0,0,0,1,14,https://media.be.com.vn/be-food/image/df706ae5-db57-11f0-b84b-3a4f2a37a94e/resized_thumbnail_w1080_h1080,gio,
126147,126147,"Nhà Hàng Bin Bo - Bún Riêu Cua, Cơm Rang & Phở Xào - Phương Mai",1667389,MENU,10917650,Bánh đa cua thập cẩm tặng 1 chai nước hạt chia 30k,,70000.0,70000.0,0,0,0,1,15,https://media.be.com.vn/be-food/image/a35f5159-db57-11f0-b84b-3a4f2a37a94e/resized_thumbnail_w1080_h1080,banh-da-cua-thap-cam-tang-1-chai-nuoc-hat-chia-30k,
126147,126147,"Nhà Hàng Bin Bo - Bún Riêu Cua, Cơm Rang & Phở Xào - Phương Mai",1667389,MENU,10917651,Thịt bò,,30000.0,30000.0,0,0,0,1,16,https://media.be.com.vn/be-food/image/a1fc2365-db62-11f0-8021-922c9d42c616/resized_thumbnail_w1080_h1080,thit-bo,
126147,126147,"Nhà Hàng Bin Bo - Bún Riêu Cua, Cơm Rang & Phở Xào - Phương Mai",1667389,MENU,10917653,Bún riêu cua cá tặng 1 chai nước hạt chia 30k,,60000.0,60000.0,1,0,0,1,17,https://media.be.com.vn/be-food/image/b57530f9-db62-11f0-8b11-e6e7ca75c48c/resized_thumbnail_w1080_h1080,bun-rieu-cua-ca-tang-1-chai-nuoc-hat-chia-30k,
126147,126147,"Nhà Hàng Bin Bo - Bún Riêu Cua, Cơm Rang & Phở Xào - Phương Mai",1667389,MENU,10917654,Bún riêu cua giò tai tặng 1 chai nước hạt chia 30k,,60000.0,60000.0,0,0,0,1,18,https://media.be.com.vn/be-food/image/09814682-db56-11f0-b84b-3a4f2a37a94e/resized_thumbnail_w1080_h1080,bun-rieu-cua-gio-tai-tang-1-chai-nuoc-hat-chia-30k,
126147,126147,"Nhà Hàng Bin Bo - Bún Riêu Cua, Cơm Rang & Phở Xào - Phương Mai",1667389,MENU,10917655,Bún riêu cua mọc thịt tặng 1 chai nước hạt chia 30k,,60000.0,60000.0,1,0,0,1,19,https://media.be.com.vn/be-food/image/c0eefa0d-db55-11f0-8021-922c9d42c616/resized_thumbnail_w1080_h1080,bun-rieu-cua-moc-thit-tang-1-chai-nuoc-hat-chia-30k,
126147,126147,"Nhà Hàng Bin Bo - Bún Riêu Cua, Cơm Rang & Phở Xào - Phương Mai",1667389,MENU,10917656,Bún riêu cua bò tặng 1 chai nước hạt chia 30k,,60000.0,60000.0,0,0,0,1,20,https://media.be.com.vn/be-food/image/65c5013b-db55-11f0-9063-66448d787802/resized_thumbnail_w1080_h1080,bun-rieu-cua-bo-tang-1-chai-nuoc-hat-chia-30k,
126147,126147,"Nhà Hàng Bin Bo - Bún Riêu Cua, Cơm Rang & Phở Xào - Phương Mai",1667389,MENU,10917657,Bún riêu cua chả cá tặng 1 chai nước hạt chia 30k,,60000.0,60000.0,0,0,0,1,21,https://media.be.com.vn/be-food/image/5872ed0f-db55-11f0-8b11-e6e7ca75c48c/resized_thumbnail_w1080_h1080,bun-rieu-cua-cha-ca-tang-1-chai-nuoc-hat-chia-30k,
126147,126147,"Nhà Hàng Bin Bo - Bún Riêu Cua, Cơm Rang & Phở Xào - Phương Mai",1667389,MENU,10917658,Cơm rang dưa bò ngập thịt tặng 1 chai nước hạt chia 30k,,70000.0,70000.0,0,0,0,1,22,https://media.be.com.vn/be-food/image/d56ed5d9-db62-11f0-9063-66448d787802/resized_thumbnail_w1080_h1080,com-rang-dua-bo-ngap-thit-tang-1-chai-nuoc-hat-chia-30k,
126147,126147,"Nhà Hàng Bin Bo - Bún Riêu Cua, Cơm Rang & Phở Xào - Phương Mai",1667389,MENU,10917660,Bún riêu ốc tặng 1 chai nước hạt chia 30k,,85000.0,85000.0,2,0,0,1,24,https://media.be.com.vn/be-food/image/8907c78d-db54-11f0-b84b-3a4f2a37a94e/resized_thumbnail_w1080_h1080,bun-rieu-oc-tang-1-chai-nuoc-hat-chia-30k,
126147,126147,"Nhà Hàng Bin Bo - Bún Riêu Cua, Cơm Rang & Phở Xào - Phương Mai",1667389,MENU,10917661,Cơm đảo ngập thịt bò tặng 1 chai nước hạt chia 30k,,70000.0,70000.0,0,0,0,1,25,https://media.be.com.vn/be-food/image/3a73b386-db54-11f0-8b11-e6e7ca75c48c/resized_thumbnail_w1080_h1080,com-dao-ngap-thit-bo-tang-1-chai-nuoc-hat-chia-30k,
126147,126147,"Nhà Hàng Bin Bo - Bún Riêu Cua, Cơm Rang & Phở Xào - Phương Mai",1667389,MENU,10917662,Cá rô chiên giòn,,30000.0,30000.0,0,0,0,1,26,https://media.be.com.vn/be-food/image/daf34ddb-db53-11f0-8021-922c9d42c616/resized_thumbnail_w1080_h1080,ca-ro-chien-gion,
126147,126147,"Nhà Hàng Bin Bo - Bún Riêu Cua, Cơm Rang & Phở Xào - Phương Mai",1667389,MENU,10917664,Mỳ xào ngập thịt bò tặng 1 chai nước hạt chia 30k,,70000.0,70000.0,1,0,0,1,27,https://media.be.com.vn/bizops/image/5d87d539-db05-11f0-8b11-e6e7ca75c48c/resized_thumbnail_w1080_h1080,my-xao-ngap-thit-bo-tang-1-chai-nuoc-hat-chia-30k,
126147,126147,"Nhà Hàng Bin Bo - Bún Riêu Cua, Cơm Rang & Phở Xào - Phương Mai",1667389,MENU,10917665,Bún riêu ốc đặc biệt tặng 1 chai nước hạt chia 20k,,65000.0,65000.0,0,0,0,1,28,https://media.be.com.vn/be-food/image/eb92d27e-db4e-11f0-8b11-e6e7ca75c48c/resized_thumbnail_w1080_h1080,bun-rieu-oc-dac-biet-tang-1-chai-nuoc-hat-chia-20k,
126147,126147,"Nhà Hàng Bin Bo - Bún Riêu Cua, Cơm Rang & Phở Xào - Phương Mai",1667389,MENU,10939343,Bánh Đa Cua ngập tràn topping tặng 1 chai nước hạt chia 30k,,70000.0,70000.0,0,0,0,1,29,https://media.be.com.vn/be-food/image/191ba0cb-dbc1-11f0-8021-922c9d42c616/resized_thumbnail_w1080_h1080,banh-da-cua-ngap-tran-topping-tang-1-chai-nuoc-hat-chia-30k,
126147,126147,"Nhà Hàng Bin Bo - Bún Riêu Cua, Cơm Rang & Phở Xào - Phương Mai",1667389,MENU,11247649,Bún riêu cua trộn ngập tràn topping tặng 1 ly nước hạt chia 30k,,70000.0,70000.0,1,0,0,1,31,https://media.be.com.vn/be-food/image/70f6b528-f676-11f0-b67e-9aaf2a798701/resized_thumbnail_w1080_h1080,bun-rieu-cua-tron-ngap-tran-topping-tang-1-ly-nuoc-hat-chia-30k,
126147,126147,"Nhà Hàng Bin Bo - Bún Riêu Cua, Cơm Rang & Phở Xào - Phương Mai",1667389,MENU,11247661,Bánh Đa cua trộn ngập tràn topping tặng 1 ly nước hạt chia 30k,,70000.0,70000.0,0,0,0,1,32,https://media.be.com.vn/be-food/image/fc056b79-f676-11f0-8695-ce3d3ce291c1/resized_thumbnail_w1080_h1080,banh-da-cua-tron-ngap-tran-topping-tang-1-ly-nuoc-hat-chia-30k,
126147,126147,"Nhà Hàng Bin Bo - Bún Riêu Cua, Cơm Rang & Phở Xào - Phương Mai",1667389,MENU,11247668,Miến cua trộn ngập tràn topping tặng 1 ly nước hạt chia 30k,,70000.0,70000.0,0,0,0,1,33,https://media.be.com.vn/be-food/image/1cbf8705-f677-11f0-b63c-1ec8367384f0/resized_thumbnail_w1080_h1080,mien-cua-tron-ngap-tran-topping-tang-1-ly-nuoc-hat-chia-30k,
126147,126147,"Nhà Hàng Bin Bo - Bún Riêu Cua, Cơm Rang & Phở Xào - Phương Mai",1667389,MENU,11467845,Mỳ cua trộn ngập bò tràn topping tặng 1 ly nước hạt chia 30k,,70000.0,70000.0,0,0,0,1,34,https://media.be.com.vn/be-food/image/92961c04-0eba-11f1-b63c-1ec8367384f0/resized_thumbnail_w1080_h1080,my-cua-tron-ngap-bo-tran-topping-tang-1-ly-nuoc-hat-chia-30k,
126147,126147,"Nhà Hàng Bin Bo - Bún Riêu Cua, Cơm Rang & Phở Xào - Phương Mai",1667389,MENU,11467847,Phở cua Trộn ngập bò tràn topping tặng 1 ly nước hạt chia 30k,,70000.0,70000.0,0,0,0,1,35,https://media.be.com.vn/be-food/image/ae14138b-0eba-11f1-b67e-9aaf2a798701/thumbnail,pho-cua-tron-ngap-bo-tran-topping-tang-1-ly-nuoc-hat-chia-30k,
126147,126147,"Nhà Hàng Bin Bo - Bún Riêu Cua, Cơm Rang & Phở Xào - Phương Mai",1667389,MENU,11467861,Bún cá ngập tràn cá tặng 1 ly nước hạt chia 30k,,60000.0,60000.0,0,0,0,1,36,https://media.be.com.vn/be-food/image/85451404-0ec3-11f1-b63c-1ec8367384f0/resized_thumbnail_w1080_h1080,bun-ca-ngap-tran-ca-tang-1-ly-nuoc-hat-chia-30k,
126147,126147,"Nhà Hàng Bin Bo - Bún Riêu Cua, Cơm Rang & Phở Xào - Phương Mai",1667389,MENU,11472266,Bún riêu cua tặng 1 ly nước hạt chia 30k,,50000.0,50000.0,1,0,0,1,37,https://media.be.com.vn/be-food/image/f079c587-1124-11f1-b67e-9aaf2a798701/resized_thumbnail_w1080_h1080,bun-rieu-cua-tang-1-ly-nuoc-hat-chia-30k,
126147,126147,"Nhà Hàng Bin Bo - Bún Riêu Cua, Cơm Rang & Phở Xào - Phương Mai",1667389,MENU,11627239,Cơm rang trứng ngập trứng tặng 1 ly nước hạt chia 30k,,70000.0,70000.0,0,0,0,1,38,https://media.be.com.vn/be-food/image/2dc88100-1f4e-11f1-b197-ce3d3ce291c1/resized_thumbnail_w1080_h1080,com-rang-trung-ngap-trung-tang-1-ly-nuoc-hat-chia-30k,
126147,126147,"Nhà Hàng Bin Bo - Bún Riêu Cua, Cơm Rang & Phở Xào - Phương Mai",1667389,MENU,11627243,Cơm rang thập cẩm ngập topping tặng 1 ly nước hạt chia 30k,,70000.0,70000.0,1,0,0,1,39,https://media.be.com.vn/be-food/image/5ccee1e9-1f4e-11f1-b63c-1ec8367384f0/resized_thumbnail_w1080_h1080,com-rang-thap-cam-ngap-topping-tang-1-ly-nuoc-hat-chia-30k,
126147,126147,"Nhà Hàng Bin Bo - Bún Riêu Cua, Cơm Rang & Phở Xào - Phương Mai",1667389,MENU,11849758,Bún Giả Cầy Đặc Biệt tặng 1 ly nước hạt chia 30k,,70000.0,70000.0,0,0,0,1,40,https://media.be.com.vn/be-food/image/69b6f68e-367d-11f1-b197-ce3d3ce291c1/resized_thumbnail_w1080_h1080,bun-gia-cay-dac-biet-tang-1-ly-nuoc-hat-chia-30k,
126147,126147,"Nhà Hàng Bin Bo - Bún Riêu Cua, Cơm Rang & Phở Xào - Phương Mai",1667391,ĐỒ CHAY,10917676,Phở xào thịt bò chay tặng 1 chai nước hạt chia 30k,,70000.0,70000.0,0,0,0,3,1,https://media.be.com.vn/be-food/image/4c81442b-db5f-11f0-9063-66448d787802/resized_thumbnail_w1080_h1080,pho-xao-thit-bo-chay-tang-1-chai-nuoc-hat-chia-30k,
127398,127398,"Vũ Gia - Phở Gà, Bún Thang & Cơm Gà Xối Mỡ - Phố Huế",1721086,Bún,11127183,Bún thang trứng mọc giò,,52000.0,52000.0,0,0,0,2,1,https://media.be.com.vn/bizops/image/6b6f9e2f-eb9d-11f0-8b11-e6e7ca75c48c/resized_thumbnail_w1080_h1080,bun-thang-trung-moc-gio,
127398,127398,"Vũ Gia - Phở Gà, Bún Thang & Cơm Gà Xối Mỡ - Phố Huế",1721086,Bún,11127184,Bún thang gà lườn,,58500.0,58500.0,0,0,0,2,2,https://media.be.com.vn/bizops/image/6976c6ea-eb9d-11f0-8021-922c9d42c616/resized_thumbnail_w1080_h1080,bun-thang-ga-luon,
127398,127398,"Vũ Gia - Phở Gà, Bún Thang & Cơm Gà Xối Mỡ - Phố Huế",1721086,Bún,11127185,Bún thang gà lẫn,,65000.0,65000.0,0,0,0,2,3,https://media.be.com.vn/bizops/image/67dd92ef-eb9d-11f0-8021-922c9d42c616/resized_thumbnail_w1080_h1080,bun-thang-ga-lan,
127398,127398,"Vũ Gia - Phở Gà, Bún Thang & Cơm Gà Xối Mỡ - Phố Huế",1721086,Bún,11127186,Bún thang gà lưng,,71500.0,71500.0,0,0,0,2,4,https://media.be.com.vn/bizops/image/664d052e-eb9d-11f0-b84b-3a4f2a37a94e/resized_thumbnail_w1080_h1080,bun-thang-ga-lung,
127398,127398,"Vũ Gia - Phở Gà, Bún Thang & Cơm Gà Xối Mỡ - Phố Huế",1721086,Bún,11127187,Bún thang gà cánh,,71500.0,71500.0,0,0,0,2,5,https://media.be.com.vn/bizops/image/644931f3-eb9d-11f0-b84b-3a4f2a37a94e/resized_thumbnail_w1080_h1080,bun-thang-ga-canh,
127398,127398,"Vũ Gia - Phở Gà, Bún Thang & Cơm Gà Xối Mỡ - Phố Huế",1721086,Bún,11127188,Bún thang gà tràng trứng,,78000.0,78000.0,0,0,0,2,6,https://media.be.com.vn/bizops/image/62bce2ec-eb9d-11f0-9063-66448d787802/resized_thumbnail_w1080_h1080,bun-thang-ga-trang-trung,
127398,127398,"Vũ Gia - Phở Gà, Bún Thang & Cơm Gà Xối Mỡ - Phố Huế",1721086,Bún,11127189,Bún thang gà đùi,,78000.0,78000.0,4,0,0,2,7,https://media.be.com.vn/bizops/image/612c81fc-eb9d-11f0-8021-922c9d42c616/resized_thumbnail_w1080_h1080,bun-thang-ga-dui,
127398,127398,"Vũ Gia - Phở Gà, Bún Thang & Cơm Gà Xối Mỡ - Phố Huế",1721086,Bún,11127190,Bún thang đặc biệt,,104000.0,104000.0,1,0,0,2,8,https://media.be.com.vn/bizops/image/5f927727-eb9d-11f0-9063-66448d787802/resized_thumbnail_w1080_h1080,bun-thang-dac-biet,
127398,127398,"Vũ Gia - Phở Gà, Bún Thang & Cơm Gà Xối Mỡ - Phố Huế",1721086,Bún,11127200,Bún gà lườn,,52000.0,52000.0,0,0,0,2,9,https://media.be.com.vn/bizops/image/78996faa-eb9f-11f0-9063-66448d787802/resized_thumbnail_w1080_h1080,bun-ga-luon,
127398,127398,"Vũ Gia - Phở Gà, Bún Thang & Cơm Gà Xối Mỡ - Phố Huế",1721086,Bún,11127201,Bún gà lẫn,,58500.0,58500.0,0,0,0,2,10,https://media.be.com.vn/bizops/image/76d63492-eb9f-11f0-8021-922c9d42c616/resized_thumbnail_w1080_h1080,bun-ga-lan,
127398,127398,"Vũ Gia - Phở Gà, Bún Thang & Cơm Gà Xối Mỡ - Phố Huế",1721086,Bún,11127202,Bún gà cánh,,65000.0,65000.0,0,0,0,2,11,https://media.be.com.vn/bizops/image/74432f86-eb9f-11f0-9063-66448d787802/resized_thumbnail_w1080_h1080,bun-ga-canh,
127398,127398,"Vũ Gia - Phở Gà, Bún Thang & Cơm Gà Xối Mỡ - Phố Huế",1721086,Bún,11127203,Bún gà lưng,,65000.0,65000.0,0,0,0,2,12,https://media.be.com.vn/bizops/image/7232d0b4-eb9f-11f0-9063-66448d787802/resized_thumbnail_w1080_h1080,bun-ga-lung,
127398,127398,"Vũ Gia - Phở Gà, Bún Thang & Cơm Gà Xối Mỡ - Phố Huế",1721086,Bún,11127204,Bún gà mọc,,65000.0,65000.0,0,0,0,2,13,https://media.be.com.vn/bizops/image/703a64c5-eb9f-11f0-9063-66448d787802/resized_thumbnail_w1080_h1080,bun-ga-moc,
127398,127398,"Vũ Gia - Phở Gà, Bún Thang & Cơm Gà Xối Mỡ - Phố Huế",1721086,Bún,11127205,Bún gà đùi,,78000.0,78000.0,0,0,0,2,14,https://media.be.com.vn/bizops/image/6e83956f-eb9f-11f0-9063-66448d787802/resized_thumbnail_w1080_h1080,bun-ga-dui,
127398,127398,"Vũ Gia - Phở Gà, Bún Thang & Cơm Gà Xối Mỡ - Phố Huế",1721086,Bún,11127206,Bún gà tràng trứng,,71500.0,71500.0,0,0,0,2,15,https://media.be.com.vn/bizops/image/6ca96351-eb9f-11f0-b84b-3a4f2a37a94e/resized_thumbnail_w1080_h1080,bun-ga-trang-trung,
127398,127398,"Vũ Gia - Phở Gà, Bún Thang & Cơm Gà Xối Mỡ - Phố Huế",1721086,Bún,11127207,Bún đặc biệt,,97500.0,97500.0,0,0,0,2,16,https://media.be.com.vn/bizops/image/6b11e6dd-eb9f-11f0-b84b-3a4f2a37a94e/resized_thumbnail_w1080_h1080,bun-dac-biet,
127398,127398,"Vũ Gia - Phở Gà, Bún Thang & Cơm Gà Xối Mỡ - Phố Huế",1721088,Mì Tôm,11127217,Mì tôm gà lườn,,52000.0,52000.0,0,0,0,3,1,https://media.be.com.vn/bizops/image/08c1fb9c-eba1-11f0-b84b-3a4f2a37a94e/resized_thumbnail_w1080_h1080,mi-tom-ga-luon,
127398,127398,"Vũ Gia - Phở Gà, Bún Thang & Cơm Gà Xối Mỡ - Phố Huế",1721088,Mì Tôm,11127218,Mì tôm gà lẫn,,58500.0,58500.0,0,0,0,3,2,https://media.be.com.vn/bizops/image/074a8376-eba1-11f0-8021-922c9d42c616/resized_thumbnail_w1080_h1080,mi-tom-ga-lan,
127398,127398,"Vũ Gia - Phở Gà, Bún Thang & Cơm Gà Xối Mỡ - Phố Huế",1721088,Mì Tôm,11127219,Mì tôm gà cánh,,65000.0,65000.0,0,0,0,3,3,https://media.be.com.vn/bizops/image/05cceca2-eba1-11f0-8021-922c9d42c616/resized_thumbnail_w1080_h1080,mi-tom-ga-canh,
127398,127398,"Vũ Gia - Phở Gà, Bún Thang & Cơm Gà Xối Mỡ - Phố Huế",1721088,Mì Tôm,11127220,Mì tôm gà lưng,,65000.0,65000.0,0,0,0,3,4,https://media.be.com.vn/bizops/image/03e3f31c-eba1-11f0-9063-66448d787802/resized_thumbnail_w1080_h1080,mi-tom-ga-lung,
127398,127398,"Vũ Gia - Phở Gà, Bún Thang & Cơm Gà Xối Mỡ - Phố Huế",1721088,Mì Tôm,11127221,Mì tôm phao câu,,65000.0,65000.0,0,0,0,3,5,https://media.be.com.vn/bizops/image/02203d38-eba1-11f0-8021-922c9d42c616/resized_thumbnail_w1080_h1080,mi-tom-phao-cau,
127398,127398,"Vũ Gia - Phở Gà, Bún Thang & Cơm Gà Xối Mỡ - Phố Huế",1721088,Mì Tôm,11127222,Mì tôm gà mọc,,65000.0,65000.0,0,0,0,3,6,https://media.be.com.vn/bizops/image/ff48805f-eba0-11f0-9063-66448d787802/resized_thumbnail_w1080_h1080,mi-tom-ga-moc,
127398,127398,"Vũ Gia - Phở Gà, Bún Thang & Cơm Gà Xối Mỡ - Phố Huế",1721088,Mì Tôm,11127223,Mì tôm gà đùi,,78000.0,78000.0,0,0,0,3,7,https://media.be.com.vn/bizops/image/fd8b5500-eba0-11f0-9063-66448d787802/resized_thumbnail_w1080_h1080,mi-tom-ga-dui,
127398,127398,"Vũ Gia - Phở Gà, Bún Thang & Cơm Gà Xối Mỡ - Phố Huế",1721088,Mì Tôm,11127224,Mì tôm gà tràng trứng,,71500.0,71500.0,0,0,0,3,8,https://media.be.com.vn/bizops/image/fbd31a42-eba0-11f0-8021-922c9d42c616/resized_thumbnail_w1080_h1080,mi-tom-ga-trang-trung,
127398,127398,"Vũ Gia - Phở Gà, Bún Thang & Cơm Gà Xối Mỡ - Phố Huế",1721088,Mì Tôm,11127225,Mì tôm đặc biệt,,97500.0,97500.0,0,0,0,3,9,https://media.be.com.vn/bizops/image/fa1ccc76-eba0-11f0-8b11-e6e7ca75c48c/resized_thumbnail_w1080_h1080,mi-tom-dac-biet,
127398,127398,"Vũ Gia - Phở Gà, Bún Thang & Cơm Gà Xối Mỡ - Phố Huế",1721087,Miến,11127208,Miến gà lườn,,52000.0,52000.0,0,0,0,4,1,https://media.be.com.vn/bizops/image/6929a0f0-eb9f-11f0-b84b-3a4f2a37a94e/resized_thumbnail_w1080_h1080,mien-ga-luon,
127398,127398,"Vũ Gia - Phở Gà, Bún Thang & Cơm Gà Xối Mỡ - Phố Huế",1721087,Miến,11127209,Miến gà lẫn,,58500.0,58500.0,0,0,0,4,2,https://media.be.com.vn/bizops/image/670039dd-eb9f-11f0-b84b-3a4f2a37a94e/resized_thumbnail_w1080_h1080,mien-ga-lan,
127398,127398,"Vũ Gia - Phở Gà, Bún Thang & Cơm Gà Xối Mỡ - Phố Huế",1721087,Miến,11127210,Miến gà cánh,,65000.0,65000.0,0,0,0,4,3,https://media.be.com.vn/bizops/image/65749803-eb9f-11f0-8b11-e6e7ca75c48c/resized_thumbnail_w1080_h1080,mien-ga-canh,
127398,127398,"Vũ Gia - Phở Gà, Bún Thang & Cơm Gà Xối Mỡ - Phố Huế",1721087,Miến,11127211,Miến gà lưng,,65000.0,65000.0,0,0,0,4,4,https://media.be.com.vn/bizops/image/63f969da-eb9f-11f0-9063-66448d787802/resized_thumbnail_w1080_h1080,mien-ga-lung,
127398,127398,"Vũ Gia - Phở Gà, Bún Thang & Cơm Gà Xối Mỡ - Phố Huế",1721087,Miến,11127212,Miến phao câu,,65000.0,65000.0,0,0,0,4,5,https://media.be.com.vn/bizops/image/624200f2-eb9f-11f0-9063-66448d787802/resized_thumbnail_w1080_h1080,mien-phao-cau,
127398,127398,"Vũ Gia - Phở Gà, Bún Thang & Cơm Gà Xối Mỡ - Phố Huế",1721087,Miến,11127213,Miến gà mọc,,65000.0,65000.0,0,0,0,4,6,https://media.be.com.vn/bizops/image/606ffbbd-eb9f-11f0-9063-66448d787802/resized_thumbnail_w1080_h1080,mien-ga-moc,
127398,127398,"Vũ Gia - Phở Gà, Bún Thang & Cơm Gà Xối Mỡ - Phố Huế",1721087,Miến,11127214,Miến gà đùi,,78000.0,78000.0,0,0,0,4,7,https://media.be.com.vn/bizops/image/5eb8f3c9-eb9f-11f0-b84b-3a4f2a37a94e/resized_thumbnail_w1080_h1080,mien-ga-dui,
127398,127398,"Vũ Gia - Phở Gà, Bún Thang & Cơm Gà Xối Mỡ - Phố Huế",1721087,Miến,11127215,Miến gà tràng trứng,,71500.0,71500.0,0,0,0,4,8,https://media.be.com.vn/bizops/image/5d21fe76-eb9f-11f0-b84b-3a4f2a37a94e/resized_thumbnail_w1080_h1080,mien-ga-trang-trung,
127398,127398,"Vũ Gia - Phở Gà, Bún Thang & Cơm Gà Xối Mỡ - Phố Huế",1721087,Miến,11127216,Miến đặc biệt,,97500.0,97500.0,0,0,0,4,9,https://media.be.com.vn/bizops/image/5b45c7a6-eb9f-11f0-8021-922c9d42c616/resized_thumbnail_w1080_h1080,mien-dac-biet,
127398,127398,"Vũ Gia - Phở Gà, Bún Thang & Cơm Gà Xối Mỡ - Phố Huế",1721083,Cơm,11127159,Cơm cánh ức gà xối mỡ,,84500.0,84500.0,0,0,0,5,1,https://media.be.com.vn/bizops/image/22497696-eb9b-11f0-8b11-e6e7ca75c48c/resized_thumbnail_w1080_h1080,com-canh-uc-ga-xoi-mo,
127398,127398,"Vũ Gia - Phở Gà, Bún Thang & Cơm Gà Xối Mỡ - Phố Huế",1721083,Cơm,11127160,Cơm đùi gà góc tư xối mỡ,,97500.0,97500.0,1,0,0,5,2,https://media.be.com.vn/bizops/image/93fb5738-a57c-11f0-8021-922c9d42c616/original,com-dui-ga-goc-tu-xoi-mo,
127398,127398,"Vũ Gia - Phở Gà, Bún Thang & Cơm Gà Xối Mỡ - Phố Huế",1721083,Cơm,11127161,Cơm cánh ức gà chiên mắm,,84500.0,84500.0,0,0,0,5,3,https://media.be.com.vn/bizops/image/40b10c89-a57d-11f0-9063-66448d787802/original,com-canh-uc-ga-chien-mam,
127398,127398,"Vũ Gia - Phở Gà, Bún Thang & Cơm Gà Xối Mỡ - Phố Huế",1721083,Cơm,11127162,Cơm đùi gà góc tư chiên mắm,,97500.0,97500.0,0,0,0,5,4,https://media.be.com.vn/bizops/image/485fe622-eb9b-11f0-8b11-e6e7ca75c48c/resized_thumbnail_w1080_h1080,com-dui-ga-goc-tu-chien-mam,
127398,127398,"Vũ Gia - Phở Gà, Bún Thang & Cơm Gà Xối Mỡ - Phố Huế",1721083,Cơm,11127163,Cơm gà Hải Nam - cánh ức,,84500.0,84500.0,0,0,0,5,5,https://media.be.com.vn/bizops/image/4636a7e5-eb9b-11f0-b84b-3a4f2a37a94e/resized_thumbnail_w1080_h1080,com-ga-hai-nam-canh-uc,
127398,127398,"Vũ Gia - Phở Gà, Bún Thang & Cơm Gà Xối Mỡ - Phố Huế",1721083,Cơm,11127164,Cơm gà Hải Nam - đùi góc tư,,97500.0,97500.0,0,0,0,5,6,https://media.be.com.vn/bizops/image/23495277-a403-11f0-9063-66448d787802/original,com-ga-hai-nam-dui-goc-tu,
127398,127398,"Vũ Gia - Phở Gà, Bún Thang & Cơm Gà Xối Mỡ - Phố Huế",1721083,Cơm,11127165,Cơm gà xé Hội An,,78000.0,78000.0,2,0,0,5,7,https://media.be.com.vn/bizops/image/52d83662-a57e-11f0-8021-922c9d42c616/original,com-ga-xe-hoi-an,
127398,127398,"Vũ Gia - Phở Gà, Bún Thang & Cơm Gà Xối Mỡ - Phố Huế",1721083,Cơm,11127166,Cơm gà sốt nấm,,91000.0,91000.0,0,0,0,5,8,https://media.be.com.vn/bizops/image/413990b5-eb9b-11f0-b84b-3a4f2a37a94e/resized_thumbnail_w1080_h1080,com-ga-sot-nam,
127398,127398,"Vũ Gia - Phở Gà, Bún Thang & Cơm Gà Xối Mỡ - Phố Huế",1721083,Cơm,11127167,Cơm bò lúc lắc,,97500.0,97500.0,0,0,0,5,9,https://media.be.com.vn/bizops/image/eba1b7db-a57b-11f0-b84b-3a4f2a37a94e/original,com-bo-luc-lac,
127398,127398,"Vũ Gia - Phở Gà, Bún Thang & Cơm Gà Xối Mỡ - Phố Huế",1721083,Cơm,11127168,Cơm bò sốt tiêu,,97500.0,97500.0,0,0,0,5,10,https://media.be.com.vn/bizops/image/014199dc-a57c-11f0-b84b-3a4f2a37a94e/original,com-bo-sot-tieu,
127398,127398,"Vũ Gia - Phở Gà, Bún Thang & Cơm Gà Xối Mỡ - Phố Huế",1721083,Cơm,11127169,Cơm xá xíu,,78000.0,78000.0,0,0,0,5,11,https://media.be.com.vn/bizops/image/316a6f41-a57d-11f0-8b11-e6e7ca75c48c/original,com-xa-xiu,
127398,127398,"Vũ Gia - Phở Gà, Bún Thang & Cơm Gà Xối Mỡ - Phố Huế",1721083,Cơm,11127170,Cơm sườn,,84500.0,84500.0,0,0,0,5,12,https://media.be.com.vn/bizops/image/2c54cd55-a580-11f0-8021-922c9d42c616/original,com-suon,
127398,127398,"Vũ Gia - Phở Gà, Bún Thang & Cơm Gà Xối Mỡ - Phố Huế",1721081,Xôi,11127148,Xôi gà lườn,,52000.0,52000.0,0,0,0,6,1,https://media.be.com.vn/bizops/image/e7fcd2b0-eb99-11f0-8b11-e6e7ca75c48c/resized_thumbnail_w1080_h1080,xoi-ga-luon,
127398,127398,"Vũ Gia - Phở Gà, Bún Thang & Cơm Gà Xối Mỡ - Phố Huế",1721081,Xôi,11127149,Xôi gà lẫn,,58500.0,58500.0,0,0,0,6,2,https://media.be.com.vn/bizops/image/9748e8f9-a3f4-11f0-b84b-3a4f2a37a94e/original,xoi-ga-lan,
127398,127398,"Vũ Gia - Phở Gà, Bún Thang & Cơm Gà Xối Mỡ - Phố Huế",1721081,Xôi,11127150,Xôi gà cánh,,65000.0,65000.0,0,0,0,6,3,https://media.be.com.vn/bizops/image/25a61141-eb9a-11f0-b84b-3a4f2a37a94e/resized_thumbnail_w1080_h1080,xoi-ga-canh,
127398,127398,"Vũ Gia - Phở Gà, Bún Thang & Cơm Gà Xối Mỡ - Phố Huế",1721081,Xôi,11127151,Xôi gà lưng,,65000.0,65000.0,0,0,0,6,4,https://media.be.com.vn/bizops/image/23a812da-eb9a-11f0-b84b-3a4f2a37a94e/resized_thumbnail_w1080_h1080,xoi-ga-lung,
127398,127398,"Vũ Gia - Phở Gà, Bún Thang & Cơm Gà Xối Mỡ - Phố Huế",1721081,Xôi,11127152,Xôi gà đùi,,78000.0,78000.0,1,0,0,6,5,https://media.be.com.vn/bizops/image/222537fa-eb9a-11f0-8021-922c9d42c616/resized_thumbnail_w1080_h1080,xoi-ga-dui,
127398,127398,"Vũ Gia - Phở Gà, Bún Thang & Cơm Gà Xối Mỡ - Phố Huế",1721084,Món Khác,11127172,Rau xào tỏi,,52000.0,52000.0,0,0,0,8,2,https://media.be.com.vn/bizops/image/b1c661c3-a581-11f0-8021-922c9d42c616/original,rau-xao-toi,
127398,127398,"Vũ Gia - Phở Gà, Bún Thang & Cơm Gà Xối Mỡ - Phố Huế",1721084,Món Khác,11127173,Bò xào rau cải,,91000.0,91000.0,0,0,0,8,3,https://media.be.com.vn/bizops/image/25e3732f-eb9b-11f0-8021-922c9d42c616/resized_thumbnail_w1080_h1080,bo-xao-rau-cai,
127398,127398,"Vũ Gia - Phở Gà, Bún Thang & Cơm Gà Xối Mỡ - Phố Huế",1721084,Món Khác,11127245,Ngô chiên,,52000.0,52000.0,0,0,0,8,4,https://media.be.com.vn/bizops/image/8466efaa-eba2-11f0-8b11-e6e7ca75c48c/resized_thumbnail_w1080_h1080,ngo-chien,
124125,124125,Gà Rán BigBites - Cơm Gà & Bánh Gà - Đại La,1601125,Cơm,10685727,Cơm gà đùi chiên sốt cay,"Đã bao gồm canh, dụng cụ ăn uống",55000.0,55000.0,2,0,0,1,1,https://media.be.com.vn/be-food/image/ca7d793d-c8f6-11f0-8021-922c9d42c616/resized_thumbnail_w1080_h1080,com-ga-dui-chien-sot-cay,
124125,124125,Gà Rán BigBites - Cơm Gà & Bánh Gà - Đại La,1601125,Cơm,10685729,Cơm cánh gà chiên mắm tỏi,"Đã bao gồm canh, dụng cụ ăn uống",55000.0,55000.0,0,0,0,1,2,https://media.be.com.vn/be-food/image/6a38f286-c8f6-11f0-9063-66448d787802/resized_thumbnail_w1080_h1080,com-canh-ga-chien-mam-toi,
124125,124125,Gà Rán BigBites - Cơm Gà & Bánh Gà - Đại La,1601125,Cơm,10685730,Cơm đùi gà chiên sốt chấm Thái,Đã bao gồm canh + Dụng cụ ăn uống,55000.0,55000.0,1,0,0,1,3,https://media.be.com.vn/be-food/image/2bc2df79-c8f6-11f0-8b11-e6e7ca75c48c/resized_thumbnail_w1080_h1080,com-dui-ga-chien-sot-cham-thai,
124125,124125,Gà Rán BigBites - Cơm Gà & Bánh Gà - Đại La,1601125,Cơm,10685731,Cơm gà đùi chiên sốt chua ngọt,"Đã bao gồm canh, dụng cụ ăn uống",55000.0,55000.0,0,0,0,1,4,https://media.be.com.vn/be-food/image/925901d1-c8f5-11f0-b84b-3a4f2a37a94e/resized_thumbnail_w1080_h1080,com-ga-dui-chien-sot-chua-ngot,
124125,124125,Gà Rán BigBites - Cơm Gà & Bánh Gà - Đại La,1601126,Set Gà,10685733,Set gà - khoai cô đơn - must try,"Set bao gồm 4 miếng gà không xương, khoai tây, tương cà, tương ớt, găng tay",55000.0,55000.0,0,0,0,2,2,https://media.be.com.vn/be-food/image/8ba13b4d-c8fb-11f0-8b11-e6e7ca75c48c/resized_thumbnail_w1080_h1080,set-ga-khoai-co-don-must-try,
124125,124125,Gà Rán BigBites - Cơm Gà & Bánh Gà - Đại La,1601127,Đồ Ăn Vặt,10685740,Khoai tây chiên - 150gr,"Đã bao gồm tương gà, tương ớt",39000.0,39000.0,0,0,0,3,3,https://media.be.com.vn/bizops/image/599ff637-a3f2-11f0-8021-922c9d42c616/original,khoai-tay-chien-150gr,
124125,124125,Gà Rán BigBites - Cơm Gà & Bánh Gà - Đại La,1601127,Đồ Ăn Vặt,10685741,Gà đùi chiên sốt cay - không xương,Đã bao gồm dụng cụ ăn uống,46000.0,46000.0,0,0,0,3,4,https://media.be.com.vn/be-food/image/ea0bf4e1-c8fc-11f0-8021-922c9d42c616/resized_thumbnail_w1080_h1080,ga-dui-chien-sot-cay-khong-xuong,
124125,124125,Gà Rán BigBites - Cơm Gà & Bánh Gà - Đại La,1601127,Đồ Ăn Vặt,10685742,Gà viên popcorn,"Đã bao gồm tương cà, tương ớt",40000.0,40000.0,0,0,0,3,5,https://media.be.com.vn/be-food/image/d4177585-c8fc-11f0-8b11-e6e7ca75c48c/resized_thumbnail_w1080_h1080,ga-vien-popcorn,
124125,124125,Gà Rán BigBites - Cơm Gà & Bánh Gà - Đại La,1601127,Đồ Ăn Vặt,10685743,Gà đùi chiên sốt chua ngọt - không xương,Đã bao gồm dụng cụ ăn uống,46000.0,46000.0,1,0,0,3,6,https://media.be.com.vn/be-food/image/63dd1358-c8fc-11f0-8b11-e6e7ca75c48c/resized_thumbnail_w1080_h1080,ga-dui-chien-sot-chua-ngot-khong-xuong,
59967,59967,Quán Hà Nội Xưa - Bún Chả - Trường Chinh,626838,Món Bún,4235913,Bún chả lá xương sông đày đủ,,50000.0,50000.0,87,0,1,1,1,https://media.be.com.vn/bizops/image/b431112f-2c30-11ee-8e31-f638ae20f033/resized_thumbnail_w1080_h1080,bun-cha-la-xuong-song-day-du,
59967,59967,Quán Hà Nội Xưa - Bún Chả - Trường Chinh,626838,Món Bún,4235914,Bún chả lá xương sông thịt miếng,,50000.0,50000.0,18,0,0,1,2,https://media.be.com.vn/bizops/image/c26fec79-2c30-11ee-8e31-f638ae20f033/resized_thumbnail_w1080_h1080,bun-cha-la-xuong-song-thit-mieng,
59967,59967,Quán Hà Nội Xưa - Bún Chả - Trường Chinh,626838,Món Bún,4235915,Bún chả lá xương sông thịt băm,,45000.0,45000.0,44,0,0,1,3,https://media.be.com.vn/bizops/image/d02f2cd2-2c30-11ee-b2af-3ea2e1c5510b/resized_thumbnail_w1080_h1080,bun-cha-la-xuong-song-thit-bam,
59967,59967,Quán Hà Nội Xưa - Bún Chả - Trường Chinh,626838,Món Bún,4235916,Bún nem,,45000.0,45000.0,4,0,0,1,4,https://media.be.com.vn/bizops/image/d8ed8bb1-2c30-11ee-8146-82365e52a8ee/resized_thumbnail_w1080_h1080,bun-nem,
59967,59967,Quán Hà Nội Xưa - Bún Chả - Trường Chinh,626839,Món Phở,4235919,Phở tái,,45000.0,45000.0,1,0,0,2,1,https://media.be.com.vn/bizops/image/0e7c4d5d-2c31-11ee-b2af-3ea2e1c5510b/resized_thumbnail_w1080_h1080,pho-tai,
59967,59967,Quán Hà Nội Xưa - Bún Chả - Trường Chinh,626839,Món Phở,4235920,Phở chín,,45000.0,45000.0,0,0,0,2,2,https://media.be.com.vn/bizops/image/1cc063b3-2c31-11ee-8e31-f638ae20f033/resized_thumbnail_w1080_h1080,pho-chin,
59967,59967,Quán Hà Nội Xưa - Bún Chả - Trường Chinh,626839,Món Phở,4235921,Phở tái chín,,45000.0,45000.0,2,0,0,2,3,https://media.be.com.vn/bizops/image/24c574b8-2c31-11ee-8146-82365e52a8ee/resized_thumbnail_w1080_h1080,pho-tai-chin,
59967,59967,Quán Hà Nội Xưa - Bún Chả - Trường Chinh,626839,Món Phở,4235922,Phở bắp bò,,60000.0,60000.0,0,0,0,2,4,https://media.be.com.vn/bizops/image/2c1473ac-2c31-11ee-8146-82365e52a8ee/resized_thumbnail_w1080_h1080,pho-bap-bo,
135569,135569,Cơm Bò Ngon - Trường Chinh,2049837,NHÓM CƠM NHẬT & CƠM CHIÊN XÙ (MÓN CHÍNH),12245917,Cơm bò gyudon,"Cơm bò gyudon mềm mại, sốt đậm đà, thưởng thức trọn vị Nhật Bản.",95000.0,95000.0,1,0,0,1,1,https://media.be.com.vn/be-food/image/75e49070-5217-11f1-8db8-3e6660809d72/resized_thumbnail_w1080_h1080,com-bo-gyudon,
135569,135569,Cơm Bò Ngon - Trường Chinh,2049837,NHÓM CƠM NHẬT & CƠM CHIÊN XÙ (MÓN CHÍNH),12245919,Cơm thịt chiên xù,"Cơm giòn tan kèm thịt chiên xù vàng ươm, hấp dẫn và đậm đà.",65000.0,65000.0,0,0,0,1,2,https://media.be.com.vn/be-food/image/aba7656a-5217-11f1-8db8-3e6660809d72/resized_thumbnail_w1080_h1080,com-thit-chien-xu,
135569,135569,Cơm Bò Ngon - Trường Chinh,2049837,NHÓM CƠM NHẬT & CƠM CHIÊN XÙ (MÓN CHÍNH),12245923,Cơm cá hồi nướng,"Cơm thơm ngon với cá hồi nướng đậm đà, hấp dẫn, đậm vị Nhật Bản.",150000.0,150000.0,0,0,0,1,3,https://media.be.com.vn/be-food/image/d1530323-5217-11f1-8db8-3e6660809d72/resized_thumbnail_w1080_h1080,com-ca-hoi-nuong,
135569,135569,Cơm Bò Ngon - Trường Chinh,2049837,NHÓM CƠM NHẬT & CƠM CHIÊN XÙ (MÓN CHÍNH),12245926,Cơm gà nướng,"Cơm gà nướng thơm ngon, đậm đà, thưởng thức trọn vị tuyệt vời.",65000.0,65000.0,0,0,0,1,4,https://media.be.com.vn/be-food/image/f3fad950-5217-11f1-8db8-3e6660809d72/resized_thumbnail_w1080_h1080,com-ga-nuong,
135569,135569,Cơm Bò Ngon - Trường Chinh,2049837,NHÓM CƠM NHẬT & CƠM CHIÊN XÙ (MÓN CHÍNH),12245931,Cơm gà rán,"Cơm gà rán giòn tan, hòa quyện cùng hương vị thơm ngon đặc trưng.",72000.0,72000.0,0,0,0,1,5,https://media.be.com.vn/be-food/image/1088e550-5218-11f1-8d18-dadbc64f7918/resized_thumbnail_w1080_h1080,com-ga-ran,
135569,135569,Cơm Bò Ngon - Trường Chinh,2049837,NHÓM CƠM NHẬT & CƠM CHIÊN XÙ (MÓN CHÍNH),12245937,Cơm trứng onsen,"Cơm trứng onsen mềm mại, hòa quyện vị ngon từ trứng và cơm thơm.",45000.0,45000.0,0,0,0,1,6,https://media.be.com.vn/be-food/image/75e12d33-5218-11f1-8d18-dadbc64f7918/resized_thumbnail_w1080_h1080,com-trung-onsen,
135569,135569,Cơm Bò Ngon - Trường Chinh,2049838,NHÓM CƠM CARI NHẬT (CURRY RICE),12245933,Cơm cari thịt chiên xù,"Thịt chiên xù giòn tan, phô mai béo ngậy, ăn cùng cơm cà ri Nhật đặc trưng.",85000.0,85000.0,0,0,0,2,1,https://media.be.com.vn/be-food/image/32c0e39e-5218-11f1-ad42-166496a6b8bb/resized_thumbnail_w1080_h1080,com-cari-thit-chien-xu,
135569,135569,Cơm Bò Ngon - Trường Chinh,2049838,NHÓM CƠM CARI NHẬT (CURRY RICE),12245935,Cari gà rán karaage,Gà rán giòn tan thấm đẫm vị curry Nhật đậm đà.,95000.0,95000.0,0,0,0,2,2,https://media.be.com.vn/be-food/image/4e3e3e2d-5218-11f1-ad42-166496a6b8bb/resized_thumbnail_w1080_h1080,cari-ga-ran-karaage,
128724,128724,Phở - Cơm Hằng - Nguyễn Đình Chiểu,1772297,món phở,11291704,Phở gà thường,Phở gà ta,50000.0,50000.0,5,0,0,1,1,https://media.be.com.vn/bizops/image/c73d2c9b-a3fd-11f0-9063-66448d787802/original,pho-ga-thuong,
128724,128724,Phở - Cơm Hằng - Nguyễn Đình Chiểu,1772297,món phở,11291706,Phở gà đùi,Phở gà ta đùi,60000.0,60000.0,3,0,0,1,2,https://media.be.com.vn/be-food/image/84747a55-faba-11f0-b67e-9aaf2a798701/resized_thumbnail_w1080_h1080,pho-ga-dui,
128724,128724,Phở - Cơm Hằng - Nguyễn Đình Chiểu,1772297,món phở,11291712,Phở gà cánh,Phở gà ta cánh (cánh gà lọc xương),55000.0,55000.0,0,0,0,1,3,https://media.be.com.vn/be-food/image/0c2aa2c5-fabb-11f0-a167-cadcd99bf8b0/resized_thumbnail_w1080_h1080,pho-ga-canh,
128724,128724,Phở - Cơm Hằng - Nguyễn Đình Chiểu,1772297,món phở,11291722,phở trộn thường,phở trộn gà ta,50000.0,50000.0,12,0,0,1,4,https://media.be.com.vn/be-food/image/cf458714-fabb-11f0-b67e-9aaf2a798701/resized_thumbnail_w1080_h1080,pho-tron-thuong,
128724,128724,Phở - Cơm Hằng - Nguyễn Đình Chiểu,1772299,món bún,11291724,Bún thang,"Bún gà ta, trứng tháng, giò, nấm,củ cải, rau răm mắm tôm (ai k ăn mắm tôm thì note lại cho quán)",55000.0,55000.0,3,0,0,2,1,https://media.be.com.vn/be-food/image/9444616e-fabc-11f0-a167-cadcd99bf8b0/resized_thumbnail_w1080_h1080,bun-thang,
128724,128724,Phở - Cơm Hằng - Nguyễn Đình Chiểu,1772301,miến,11291729,Miến gà (nước),Miến gà ta nước,55000.0,55000.0,0,0,0,3,1,https://media.be.com.vn/be-food/image/025c6ebe-fabd-11f0-b63c-1ec8367384f0/resized_thumbnail_w1080_h1080,mien-ga-nuoc,
128724,128724,Phở - Cơm Hằng - Nguyễn Đình Chiểu,1772301,miến,11291733,Miến trộn,Miến gà ta trộn,55000.0,55000.0,3,0,0,3,2,https://media.be.com.vn/be-food/image/569af03d-fabd-11f0-8695-ce3d3ce291c1/resized_thumbnail_w1080_h1080,mien-tron,
128724,128724,Phở - Cơm Hằng - Nguyễn Đình Chiểu,1778411,cơm,11318354,cơm sườn xào chưa ngọt,,60000.0,60000.0,3,0,0,5,1,https://media.be.com.vn/bizops/image/b14dc4f0-a57e-11f0-9063-66448d787802/original,com-suon-xao-chua-ngot,
128724,128724,Phở - Cơm Hằng - Nguyễn Đình Chiểu,1778411,cơm,11318356,cơm thịt khó trứng cút,,60000.0,60000.0,2,0,0,5,2,https://media.be.com.vn/be-food/image/0683045e-fc48-11f0-8695-ce3d3ce291c1/resized_thumbnail_w1080_h1080,com-thit-kho-trung-cut,
128724,128724,Phở - Cơm Hằng - Nguyễn Đình Chiểu,1778411,cơm,11318358,cơm cá kho diềng,,60000.0,60000.0,0,0,0,5,3,https://media.be.com.vn/bizops/image/2099ab8c-a57c-11f0-8021-922c9d42c616/original,com-ca-kho-dieng,
128724,128724,Phở - Cơm Hằng - Nguyễn Đình Chiểu,1778411,cơm,11318361,cơm thịt xá xíu,,60000.0,60000.0,1,0,0,5,4,https://media.be.com.vn/be-food/image/4d083f73-fc48-11f0-b63c-1ec8367384f0/resized_thumbnail_w1080_h1080,com-thit-xa-xiu,
128724,128724,Phở - Cơm Hằng - Nguyễn Đình Chiểu,1778411,cơm,11318369,cơm thịt luộc,cơm thịt luộc (nước mắm để riêng),60000.0,60000.0,0,0,0,5,5,https://media.be.com.vn/bizops/image/9278f3de-a580-11f0-b84b-3a4f2a37a94e/original,com-thit-luoc,
128724,128724,Phở - Cơm Hằng - Nguyễn Đình Chiểu,1778411,cơm,11318375,cơm mắm tép chưng thịt,,60000.0,60000.0,2,0,0,5,6,https://media.be.com.vn/be-food/image/d82c7ff3-fc48-11f0-8695-ce3d3ce291c1/resized_thumbnail_w1080_h1080,com-mam-tep-chung-thit,
94161,94161,Bánh Cuốn Nóng & Gà Ác Tần - Minh Khai,1108865,Menu,7390659,Bánh cuốn chả lẫn,Gồm chả quế và chả thịt nướng,60000.0,60000.0,98,2,0,1,1,https://media.be.com.vn/bizops/image/f369901e-7bf1-11ef-8d88-0695c6df6d37/resized_thumbnail_w1080_h1080,banh-cuon-cha-lan,
94161,94161,Bánh Cuốn Nóng & Gà Ác Tần - Minh Khai,1108865,Menu,7390660,Bánh cuốn chả quế,,45000.0,45000.0,35,0,0,1,2,https://media.be.com.vn/bizops/image/f6f63da1-7bf1-11ef-81cc-d24fde1987a0/resized_thumbnail_w1080_h1080,banh-cuon-cha-que,
94161,94161,Bánh Cuốn Nóng & Gà Ác Tần - Minh Khai,1108865,Menu,7390661,Bánh cuốn chả nướng,,50000.0,50000.0,50,1,0,1,3,https://media.be.com.vn/be-food/image/2bcfd6c1-03cc-11f0-bd66-b239c83a8124/resized_thumbnail_w1080_h1080,banh-cuon-cha-nuong,
94161,94161,Bánh Cuốn Nóng & Gà Ác Tần - Minh Khai,1108865,Menu,7390662,Bánh cuốn chay,,30000.0,30000.0,4,0,0,1,4,https://media.be.com.vn/bizops/image/ff9e2d5b-7bf1-11ef-bd66-b239c83a8124/resized_thumbnail_w1080_h1080,banh-cuon-chay,
94161,94161,Bánh Cuốn Nóng & Gà Ác Tần - Minh Khai,1108865,Menu,7390663,Bánh cuốn nhân hành,,35000.0,35000.0,10,0,0,1,5,https://media.be.com.vn/bizops/image/025fedda-7bf2-11ef-8d88-0695c6df6d37/resized_thumbnail_w1080_h1080,banh-cuon-nhan-hanh,
94161,94161,Bánh Cuốn Nóng & Gà Ác Tần - Minh Khai,1108865,Menu,8766972,Bánh cuốn nạp xưởng,,50000.0,50000.0,0,0,0,1,10,https://media.be.com.vn/be-food/image/b84e388a-03c9-11f0-81cc-d24fde1987a0/resized_thumbnail_w1080_h1080,banh-cuon-nap-xuong,
94161,94161,Bánh Cuốn Nóng & Gà Ác Tần - Minh Khai,1108865,Menu,8766998,Bánh cuốn trứng chả quế,,40000.0,40000.0,9,0,0,1,12,https://media.be.com.vn/be-food/image/df6261db-03ca-11f0-8510-8ea7808cbcf4/resized_thumbnail_w1080_h1080,banh-cuon-trung-cha-que,
94161,94161,Bánh Cuốn Nóng & Gà Ác Tần - Minh Khai,1108865,Menu,8766999,Bánh cuốn trứng chả lẫn,"Bánh cuốn trứng chả quế ,chả nướng",45000.0,45000.0,2,0,0,1,13,https://media.be.com.vn/be-food/image/f707e940-03c9-11f0-81cc-d24fde1987a0/resized_thumbnail_w1080_h1080,banh-cuon-trung-cha-lan,
94161,94161,Bánh Cuốn Nóng & Gà Ác Tần - Minh Khai,1108865,Menu,8767005,Bánh cuốn trứng chả nướng,,40000.0,40000.0,11,0,0,1,14,https://media.be.com.vn/be-food/image/10ae27f3-03cb-11f0-81cc-d24fde1987a0/resized_thumbnail_w1080_h1080,banh-cuon-trung-cha-nuong,
94161,94161,Bánh Cuốn Nóng & Gà Ác Tần - Minh Khai,1108865,Menu,8767018,Bánh cuốn chay chả nướng,,50000.0,50000.0,10,0,0,1,15,https://media.be.com.vn/be-food/image/ff44df89-03cb-11f0-8d88-0695c6df6d37/resized_thumbnail_w1080_h1080,banh-cuon-chay-cha-nuong,
94161,94161,Bánh Cuốn Nóng & Gà Ác Tần - Minh Khai,1108865,Menu,8767458,Bánh cuốn không chả,,35000.0,35000.0,16,0,0,1,17,https://media.be.com.vn/be-food/image/fd16fae5-03cd-11f0-bd66-b239c83a8124/resized_thumbnail_w1080_h1080,banh-cuon-khong-cha,
94161,94161,Bánh Cuốn Nóng & Gà Ác Tần - Minh Khai,1108865,Menu,10214603,Bún chả chấm,chả viên và chả miếng,50000.0,50000.0,9,0,0,1,18,https://media.be.com.vn/be-food/image/8e03983d-9a08-11f0-8b11-e6e7ca75c48c/resized_thumbnail_w1080_h1080,bun-cha-cham,
94161,94161,Bánh Cuốn Nóng & Gà Ác Tần - Minh Khai,1108865,Menu,10214605,bún chả chấm viên,chỉ chả viên,50000.0,50000.0,4,0,0,1,19,https://media.be.com.vn/be-food/image/b8170844-9a08-11f0-9063-66448d787802/resized_thumbnail_w1080_h1080,bun-cha-cham-vien,
94161,94161,Bánh Cuốn Nóng & Gà Ác Tần - Minh Khai,1108865,Menu,10214607,bún chả chấm thịt miếng,chỉ thịt miếng,50000.0,50000.0,4,0,0,1,20,https://media.be.com.vn/be-food/image/ded9e524-9a08-11f0-8021-922c9d42c616/resized_thumbnail_w1080_h1080,bun-cha-cham-thit-mieng,
28837,28837,Gà Tần Huyền Anh - Phở Xào & Cơm Rang - Quỳnh Mai,134913,các món xào,1005079,Phở xào mềm bò,828158188,64000.0,64000.0,439,2,2,1,1,https://media.be.com.vn/bizops/image/3d6efda3-a810-11f0-9063-66448d787802/original,pho-xao-mem-bo,
28837,28837,Gà Tần Huyền Anh - Phở Xào & Cơm Rang - Quỳnh Mai,134913,các món xào,1005080,Phở xào giòn bò,,73000.0,73000.0,102,2,0,1,2,https://media.be.com.vn/bizops/image/3d6efda3-a810-11f0-9063-66448d787802/original,pho-xao-gion-bo,
28837,28837,Gà Tần Huyền Anh - Phở Xào & Cơm Rang - Quỳnh Mai,134913,các món xào,1005081,Phở xào giòn tim,,73000.0,73000.0,31,0,1,1,3,https://imgcdn.be.com.vn/food/config/item_thumbnail_default.png,pho-xao-gion-tim,
28837,28837,Gà Tần Huyền Anh - Phở Xào & Cơm Rang - Quỳnh Mai,134913,các món xào,1005082,Phở xào mềm tim,,64000.0,64000.0,51,0,0,1,4,https://imgcdn.be.com.vn/food/config/item_thumbnail_default.png,pho-xao-mem-tim,
28837,28837,Gà Tần Huyền Anh - Phở Xào & Cơm Rang - Quỳnh Mai,134913,các món xào,1005084,Mỳ xào thịt bò,,64000.0,64000.0,77,0,0,1,6,https://media.be.com.vn/bizops/image/40596b74-a3fc-11f0-b84b-3a4f2a37a94e/original,my-xao-thit-bo,
28837,28837,Gà Tần Huyền Anh - Phở Xào & Cơm Rang - Quỳnh Mai,134913,các món xào,1005085,Mỳ xào giòn bò,tặng nước canh ăn kèm,73000.0,73000.0,37,0,0,1,7,https://media.be.com.vn/bizops/image/2e5362da-a3fd-11f0-9063-66448d787802/original,my-xao-gion-bo,
28837,28837,Gà Tần Huyền Anh - Phở Xào & Cơm Rang - Quỳnh Mai,134913,các món xào,1005086,Mỳ xào mềm tim,,64000.0,64000.0,30,1,0,1,8,https://imgcdn.be.com.vn/food/config/item_thumbnail_default.png,my-xao-mem-tim,
28837,28837,Gà Tần Huyền Anh - Phở Xào & Cơm Rang - Quỳnh Mai,134913,các món xào,1005087,Mỳ xào giòn tim,,73000.0,73000.0,10,0,0,1,9,https://imgcdn.be.com.vn/food/config/item_thumbnail_default.png,my-xao-gion-tim,
28837,28837,Gà Tần Huyền Anh - Phở Xào & Cơm Rang - Quỳnh Mai,134913,các món xào,1005089,Phở xào chay - phở xào rau hành tây cà chua,"RAU HÀNH TÂY VÀ CÀ CHUA ,XÀO BẰNG DẦU ĂN",43000.0,43000.0,11,0,0,1,11,https://imgcdn.be.com.vn/food/config/item_thumbnail_default.png,pho-xao-chay-pho-xao-rau-hanh-tay-ca-chua,
28837,28837,Gà Tần Huyền Anh - Phở Xào & Cơm Rang - Quỳnh Mai,134914,cơm rang,1005090,Cơm rang dưa bò rang lẫn,,62000.0,62000.0,97,0,1,2,1,https://media.be.com.vn/bizops/image/5af601a3-a57c-11f0-b84b-3a4f2a37a94e/original,com-rang-dua-bo-rang-lan,
28837,28837,Gà Tần Huyền Anh - Phở Xào & Cơm Rang - Quỳnh Mai,134914,cơm rang,1005091,Cơm rang thập cẩm,,55000.0,55000.0,70,0,0,2,2,https://media.be.com.vn/bizops/image/61088337-a57c-11f0-9063-66448d787802/original,com-rang-thap-cam,
28837,28837,Gà Tần Huyền Anh - Phở Xào & Cơm Rang - Quỳnh Mai,134914,cơm rang,1005092,Cơm rang dưa gà,,62000.0,62000.0,16,0,0,2,3,https://media.be.com.vn/bizops/image/cee9de8c-c1f4-11f0-b84b-3a4f2a37a94e/resized_thumbnail_w1080_h1080,com-rang-dua-ga,
28837,28837,Gà Tần Huyền Anh - Phở Xào & Cơm Rang - Quỳnh Mai,134914,cơm rang,1005093,Cơm rang trứng ruốc,,47000.0,47000.0,18,0,1,2,4,https://media.be.com.vn/bizops/image/2b6c5161-a57d-11f0-8b11-e6e7ca75c48c/original,com-rang-trung-ruoc,
28837,28837,Gà Tần Huyền Anh - Phở Xào & Cơm Rang - Quỳnh Mai,134914,cơm rang,1005094,Cơm rang cải bò - rang lẫn - dưa góp ăn kèm,,62000.0,62000.0,22,0,0,2,5,https://media.be.com.vn/bizops/image/5af601a3-a57c-11f0-b84b-3a4f2a37a94e/original,com-rang-cai-bo-rang-lan-dua-gop-an-kem,
28837,28837,Gà Tần Huyền Anh - Phở Xào & Cơm Rang - Quỳnh Mai,134914,cơm rang,1005095,Cơm rang trứng rán óc - dưa góp ăn kèm,,78000.0,78000.0,24,0,0,2,6,https://media.be.com.vn/be-food/image/9743c4cb-9ee6-11f0-9063-66448d787802/resized_thumbnail_w1080_h1080,com-rang-trung-ran-oc-dua-gop-an-kem,
28837,28837,Gà Tần Huyền Anh - Phở Xào & Cơm Rang - Quỳnh Mai,134915,các món tần ngải cứu,1005097,Óc tần ngải cứu,,55000.0,55000.0,55,0,0,3,1,https://media.be.com.vn/be-food/image/562dfeb1-55e2-11f0-9063-66448d787802/resized_thumbnail_w1080_h1080,oc-tan-ngai-cuu,
28837,28837,Gà Tần Huyền Anh - Phở Xào & Cơm Rang - Quỳnh Mai,134915,các món tần ngải cứu,1005099,Gà tần đùi,,85000.0,85000.0,21,1,0,3,2,https://media.be.com.vn/be-food/image/ffe43430-aedc-11ed-8ca3-8e6f9560a813/resized_thumbnail_w1080_h1080,ga-tan-dui,
28837,28837,Gà Tần Huyền Anh - Phở Xào & Cơm Rang - Quỳnh Mai,134915,các món tần ngải cứu,1005102,Tim tần ngải cứu,,85000.0,85000.0,15,0,0,3,3,https://media.be.com.vn/be-food/image/c3f94722-9ee6-11f0-8021-922c9d42c616/resized_thumbnail_w1080_h1080,tim-tan-ngai-cuu,
28837,28837,Gà Tần Huyền Anh - Phở Xào & Cơm Rang - Quỳnh Mai,134915,các món tần ngải cứu,1005103,Mỳ gà tần đùi,,90000.0,90000.0,20,0,0,3,4,https://media.be.com.vn/be-food/image/0039adba-aedd-11ed-8ca3-8e6f9560a813/resized_thumbnail_w1080_h1080,my-ga-tan-dui,
28837,28837,Gà Tần Huyền Anh - Phở Xào & Cơm Rang - Quỳnh Mai,134916,các món chan,1005104,Bát mỳ tim,"có hộp và đũa ,thìa",55000.0,55000.0,17,0,0,4,1,https://media.be.com.vn/be-food/image/319c1f4a-9ee7-11f0-8021-922c9d42c616/resized_thumbnail_w1080_h1080,bat-my-tim,
28837,28837,Gà Tần Huyền Anh - Phở Xào & Cơm Rang - Quỳnh Mai,134916,các món chan,1005105,Phở gà - thịt đùi,có hộp và đũa thìa,55000.0,55000.0,162,0,0,4,2,https://media.be.com.vn/bizops/image/c73d2c9b-a3fd-11f0-9063-66448d787802/original,pho-ga-thit-dui,
28837,28837,Gà Tần Huyền Anh - Phở Xào & Cơm Rang - Quỳnh Mai,134916,các món chan,1005106,Phở bò tái,có hộp và đũa thìa,54000.0,54000.0,141,1,0,4,3,https://media.be.com.vn/bizops/image/9fbaa754-a3fd-11f0-8021-922c9d42c616/original,pho-bo-tai,
28837,28837,Gà Tần Huyền Anh - Phở Xào & Cơm Rang - Quỳnh Mai,134916,các món chan,1005107,PHỞ SỐT VANG,có hộp và đũa thìa,59000.0,59000.0,47,0,1,4,4,https://media.be.com.vn/bizops/image/dfac6ee0-a3fd-11f0-9063-66448d787802/original,pho-sot-vang,
28837,28837,Gà Tần Huyền Anh - Phở Xào & Cơm Rang - Quỳnh Mai,134916,các món chan,1005110,BÂT Mỹ THỊT BÒ,có hộp và đũa thìa,54000.0,54000.0,1,0,0,4,6,https://media.be.com.vn/bizops/image/3d6efda3-a810-11f0-9063-66448d787802/original,bat-my-thit-bo,
28837,28837,Gà Tần Huyền Anh - Phở Xào & Cơm Rang - Quỳnh Mai,134916,các món chan,1005111,Mỳ thịt gà đùi,có hộp và đũa thìa,55000.0,55000.0,9,0,0,4,7,https://imgcdn.be.com.vn/food/config/item_thumbnail_default.png,my-thit-ga-dui,
28837,28837,Gà Tần Huyền Anh - Phở Xào & Cơm Rang - Quỳnh Mai,134916,các món chan,1005113,Óc trần giá,kèm dụng cụ để ăn,54000.0,54000.0,17,0,0,4,8,https://imgcdn.be.com.vn/food/config/item_thumbnail_default.png,oc-tran-gia,
28837,28837,Gà Tần Huyền Anh - Phở Xào & Cơm Rang - Quỳnh Mai,134917,cháo,1005114,Cháo gà hành tía tô,,54000.0,54000.0,40,0,0,5,1,https://media.be.com.vn/bizops/image/5ab831b3-a3fb-11f0-b84b-3a4f2a37a94e/original,chao-ga-hanh-tia-to,
28837,28837,Gà Tần Huyền Anh - Phở Xào & Cơm Rang - Quỳnh Mai,134917,cháo,1005115,CHÁO TiIM hành tía tô,kèm dụng cụ để ăn,54000.0,54000.0,42,1,0,5,2,https://imgcdn.be.com.vn/food/config/item_thumbnail_default.png,chao-tiim-hanh-tia-to,
28837,28837,Gà Tần Huyền Anh - Phở Xào & Cơm Rang - Quỳnh Mai,134917,cháo,1005116,CHAO THỊT XAY hành tía tô,kèm dụng cụ để ăn,49000.0,49000.0,10,0,0,5,3,https://media.be.com.vn/bizops/image/9e2978fc-a3fb-11f0-b84b-3a4f2a37a94e/original,chao-thit-xay-hanh-tia-to,
28837,28837,Gà Tần Huyền Anh - Phở Xào & Cơm Rang - Quỳnh Mai,134917,cháo,1005117,Cháo tràng trứng non,kèm dụng cụ để ăn,69000.0,69000.0,7,0,0,5,4,https://media.be.com.vn/bizops/image/3d6efda3-a810-11f0-9063-66448d787802/original,chao-trang-trung-non,
28837,28837,Gà Tần Huyền Anh - Phở Xào & Cơm Rang - Quỳnh Mai,134917,cháo,1005118,Cháo thịt bò,kèm dụng cụ để ăn,54000.0,54000.0,6,1,0,5,5,https://media.be.com.vn/bizops/image/34235493-a3fb-11f0-b84b-3a4f2a37a94e/original,chao-thit-bo,
28837,28837,Gà Tần Huyền Anh - Phở Xào & Cơm Rang - Quỳnh Mai,134917,cháo,1005119,Cháo óc 1 bộ óc,kèm dụng cụ để ăn,64000.0,64000.0,7,0,0,5,6,https://media.be.com.vn/bizops/image/3d6efda3-a810-11f0-9063-66448d787802/original,chao-oc-1-bo-oc,
28837,28837,Gà Tần Huyền Anh - Phở Xào & Cơm Rang - Quỳnh Mai,134918,các món trộn,1005120,Phở trộn gà dưa góp ăn kèm,,60000.0,60000.0,38,0,0,6,1,https://imgcdn.be.com.vn/food/config/item_thumbnail_default.png,pho-tron-ga-dua-gop-an-kem,
28837,28837,Gà Tần Huyền Anh - Phở Xào & Cơm Rang - Quỳnh Mai,134918,các món trộn,1005121,Phở trộn bò và dưa góp ăn kèm,,62000.0,62000.0,8,0,0,6,2,https://media.be.com.vn/bizops/image/3d6efda3-a810-11f0-9063-66448d787802/original,pho-tron-bo-va-dua-gop-an-kem,
28837,28837,Gà Tần Huyền Anh - Phở Xào & Cơm Rang - Quỳnh Mai,134918,các món trộn,1005123,Phở trộn tim và dưa góp ăn kèm,,62000.0,62000.0,5,0,0,6,3,https://imgcdn.be.com.vn/food/config/item_thumbnail_default.png,pho-tron-tim-va-dua-gop-an-kem,
117760,117760,OK Cơm Gà - Trương Định,1451309,Cơm Gà,9945137,Cơm gà sốt cay kiểu Mỹ,"110g~130g thịt đùi gà rút xương (gà tươi) sốt cay kiểu mỹ , 170g cơm trắng, rau theo mùa.+combo thìa đũa, giấy ăn, tăm + tô giấy an toàn sức khoẻ.",45000.0,45000.0,17,0,0,1,1,https://media.be.com.vn/be-food/image/89f525e1-7da3-11f0-8b11-e6e7ca75c48c/original,com-ga-sot-cay-kieu-my,
117760,117760,OK Cơm Gà - Trương Định,1451309,Cơm Gà,9945136,Cơm gà sốt mắm tiêu,"110g~130g thịt đùi gà rút xương (gà tươi) sốt mắm tiêu đen, 170g cơm trắng, rau theo mùa.+combo thìa đũa, giấy ăn, tăm + tô giấy an toàn sức khoẻ.",45000.0,45000.0,32,0,0,1,2,https://media.be.com.vn/be-food/image/a2402aa6-7da3-11f0-9063-66448d787802/original,com-ga-sot-mam-tieu,
117760,117760,OK Cơm Gà - Trương Định,1451309,Cơm Gà,9945135,Cơm gà sốt me,"110g~130g thịt đùi gà rút xương (gà tươi) sốt me, 170g cơm trắng, rau theo mùa.+combo thìa đũa, giấy ăn, tăm + tô giấy an toàn sức khoẻ.",45000.0,45000.0,17,0,0,1,3,https://media.be.com.vn/be-food/image/c0d2894c-7da3-11f0-9063-66448d787802/original,com-ga-sot-me,
117760,117760,OK Cơm Gà - Trương Định,1451310,Gà Rán,9945138,Gà viên sốt cay kiểu Mỹ,110g~130g thịt đùi gà viên sốt cay kiểu Mỹ + combo đũa thìa tăm giấy + tô giấy an toàn sức khoẻ. Gà tươi 100%,35000.0,35000.0,9,0,0,2,1,https://media.be.com.vn/bizops/image/1e044365-7cb8-11f0-8b11-e6e7ca75c48c/resized_thumbnail_w1080_h1080,ga-vien-sot-cay-kieu-my,
117760,117760,OK Cơm Gà - Trương Định,1451310,Gà Rán,9945139,Má đùi sốt mắm tiêu,"110g~130g thịt đùi gà đã rút xương sốt mắm tiêu +combo thìa đũa, giấy ăn, tăm.+tô giấy an toàn sức khoẻ. Gà tươi 100%",35000.0,35000.0,0,0,0,2,2,https://media.be.com.vn/be-food/image/eab20715-7da3-11f0-8021-922c9d42c616/resized_thumbnail_w1080_h1080,ma-dui-sot-mam-tieu,
117760,117760,OK Cơm Gà - Trương Định,1451310,Gà Rán,9945140,Má đùi sốt me,"110g~130g thịt đùi gà đã rút xương sốt mắm tiêu +combo thìa đũa, giấy ăn, tăm.+tô giấy an toàn sức khoẻ. Gà tươi 100%",35000.0,35000.0,0,0,0,2,3,https://media.be.com.vn/be-food/image/cf2decad-7da3-11f0-b84b-3a4f2a37a94e/resized_thumbnail_w1080_h1080,ma-dui-sot-me,
117760,117760,OK Cơm Gà - Trương Định,1451310,Gà Rán,10993981,Đùi Gà Rán Rút Xương Đặc Biệt,"110g~130g thịt đùi gà rán đặc biệt đã rút xương + tương ớt + combo thìa đũa, giấy ăn, tăm + tô giấy an toàn sức khoẻ. Gà tươi 100%",35000.0,35000.0,1,0,0,2,4,https://media.be.com.vn/be-food/image/a17acf87-dff0-11f0-8b11-e6e7ca75c48c/thumbnail,dui-ga-ran-rut-xuong-dac-biet,
117760,117760,OK Cơm Gà - Trương Định,1682272,Combo Gà Rán,10993957,Combo 1,"Gồm 1 miếng thịt đùi gà rán đặc biệt đã rút xương + 1 coca + tương ớt combo thìa đũa, giấy ăn, tăm + tô giấy an toàn sức khoẻ. Gà tươi 100%",35000.0,35000.0,0,0,0,5,1,https://media.be.com.vn/be-food/image/1b833381-dff0-11f0-8b11-e6e7ca75c48c/resized_thumbnail_w1080_h1080,combo-1,
117760,117760,OK Cơm Gà - Trương Định,1682272,Combo Gà Rán,10993985,Combo 2 Đùi Gà Rán Rút Xương,"Gồm 2 miếng thịt đùi gà rán đặc biệt đã rút xương + tương ớt + combo thìa đũa, giấy ăn, tăm + tô giấy an toàn sức khoẻ. Gà tươi 100%",63000.0,63000.0,0,0,0,5,2,https://media.be.com.vn/be-food/image/057ac1c3-dff1-11f0-9063-66448d787802/resized_thumbnail_w1080_h1080,combo-2-dui-ga-ran-rut-xuong,
117760,117760,OK Cơm Gà - Trương Định,1682272,Combo Gà Rán,10994000,Combo 2 Đùi Gà Rán Rút Xương + 2 coca,"Gồm 2 miếng thịt đùi gà rán đặc biệt đã rút xương + 2 coca + tương ớt + combo thìa đũa, giấy ăn, tăm + tô giấy an toàn sức khoẻ. Gà tươi 100%",73000.0,73000.0,0,0,0,5,3,https://media.be.com.vn/be-food/image/a580ba2a-dff1-11f0-8021-922c9d42c616/resized_thumbnail_w1080_h1080,combo-2-dui-ga-ran-rut-xuong-2-coca,
33188,33188,Hải Dung - Cơm Rang & Phở Xào - Quỳnh Mai,331953,Cơm Rang,2228596,Cơm rang thập cẩm,"Cơm rang thập cẩm: trứng, giò chả, lạp xưởng, dưa kèm hành khô, ruốc và dưa chuột dầm",50000.0,50000.0,81,2,1,1,1,https://media.be.com.vn/be-food/image/4058b579-42b2-11ee-bfaa-82e52b34e173/original,com-rang-thap-cam,
33188,33188,Hải Dung - Cơm Rang & Phở Xào - Quỳnh Mai,331953,Cơm Rang,2228597,Cơm rang dưa bò,"Cơm rang trứng dưa bò rang lẫn kèm hành khô, ruốc và dưa chuột dầm",60000.0,60000.0,93,1,0,1,2,https://media.be.com.vn/be-food/image/40486b9f-42b2-11ee-8146-82365e52a8ee/original,com-rang-dua-bo,
33188,33188,Hải Dung - Cơm Rang & Phở Xào - Quỳnh Mai,331953,Cơm Rang,2228598,Cơm rang dưa gà,"Cơm rang trứng và gà rang lẫn dưa, kèm hành khô, ruốc, dưa chuột dầm",65000.0,65000.0,36,0,0,1,3,https://media.be.com.vn/be-food/image/4007522a-42b2-11ee-bfaa-82e52b34e173/original,com-rang-dua-ga,
33188,33188,Hải Dung - Cơm Rang & Phở Xào - Quỳnh Mai,331953,Cơm Rang,2228599,Cơm rang cải bò,"Cơm rang trứng cải bò rang lẫn kèm hành khô, ruốc và dưa chuột dầm",60000.0,60000.0,26,0,0,1,4,https://media.be.com.vn/be-food/image/4005261e-42b2-11ee-8146-82365e52a8ee/original,com-rang-cai-bo,
33188,33188,Hải Dung - Cơm Rang & Phở Xào - Quỳnh Mai,331954,Phở Xào,2228600,Phở xào giòn bò,,70000.0,70000.0,118,2,0,2,1,https://media.be.com.vn/be-food/image/3ff7621c-42b2-11ee-8146-82365e52a8ee/original,pho-xao-gion-bo,
33188,33188,Hải Dung - Cơm Rang & Phở Xào - Quỳnh Mai,331954,Phở Xào,2228601,Phở xào mềm bò,,70000.0,70000.0,81,2,1,2,2,https://media.be.com.vn/be-food/image/3f8997a7-42b2-11ee-8146-82365e52a8ee/original,pho-xao-mem-bo,
33188,33188,Hải Dung - Cơm Rang & Phở Xào - Quỳnh Mai,331954,Phở Xào,2228602,Phở xào giòn tim cật,,70000.0,70000.0,67,0,0,2,3,https://media.be.com.vn/be-food/image/3f6fb29d-42b2-11ee-8146-82365e52a8ee/original,pho-xao-gion-tim-cat,
33188,33188,Hải Dung - Cơm Rang & Phở Xào - Quỳnh Mai,331954,Phở Xào,2228603,Phở xào tràng trứng,,80000.0,80000.0,10,0,0,2,4,https://media.be.com.vn/bizops/image/a55c5194-a0a8-11ee-bfaa-82e52b34e173/original,pho-xao-trang-trung,
33188,33188,Hải Dung - Cơm Rang & Phở Xào - Quỳnh Mai,331955,Mì Xào,2228604,Mì xào mềm bò,,70000.0,70000.0,31,0,0,3,1,https://media.be.com.vn/be-food/image/3f655b42-42b2-11ee-bfaa-82e52b34e173/original,mi-xao-mem-bo,
33188,33188,Hải Dung - Cơm Rang & Phở Xào - Quỳnh Mai,331955,Mì Xào,2228605,Mì xào giòn tim cật,,70000.0,70000.0,20,0,0,3,2,https://media.be.com.vn/bizops/image/bbf75869-a0a8-11ee-8146-82365e52a8ee/original,mi-xao-gion-tim-cat,
33188,33188,Hải Dung - Cơm Rang & Phở Xào - Quỳnh Mai,331955,Mì Xào,2228606,Mì xào giòn bò,,70000.0,70000.0,20,1,0,3,3,https://media.be.com.vn/bizops/image/c4812547-a0a8-11ee-bfaa-82e52b34e173/original,mi-xao-gion-bo,
33188,33188,Hải Dung - Cơm Rang & Phở Xào - Quỳnh Mai,331955,Mì Xào,2228607,Mì xào tràng trứng,,80000.0,80000.0,11,0,0,3,4,https://media.be.com.vn/bizops/image/cb704c7f-a0a8-11ee-8146-82365e52a8ee/original,mi-xao-trang-trung,
33188,33188,Hải Dung - Cơm Rang & Phở Xào - Quỳnh Mai,331956,Phở - Bún - Miến,2228608,Bún ngan mọc,,55000.0,55000.0,21,0,1,4,1,https://media.be.com.vn/be-food/image/3f325d03-42b2-11ee-8146-82365e52a8ee/original,bun-ngan-moc,
33188,33188,Hải Dung - Cơm Rang & Phở Xào - Quỳnh Mai,331956,Phở - Bún - Miến,2228609,Phở trộn gà,,55000.0,55000.0,14,0,0,4,2,https://media.be.com.vn/be-food/image/3f10da2f-42b2-11ee-bfaa-82e52b34e173/original,pho-tron-ga,
33188,33188,Hải Dung - Cơm Rang & Phở Xào - Quỳnh Mai,331956,Phở - Bún - Miến,2228610,Phở bò,,55000.0,55000.0,16,0,0,4,3,https://media.be.com.vn/bizops/image/ec039faa-a0a8-11ee-8e31-f638ae20f033/original,pho-bo,
33188,33188,Hải Dung - Cơm Rang & Phở Xào - Quỳnh Mai,331956,Phở - Bún - Miến,2228611,Bún gà mọc,,55000.0,55000.0,27,0,0,4,4,https://media.be.com.vn/be-food/image/3f1253a4-42b2-11ee-8146-82365e52a8ee/original,bun-ga-moc,
33188,33188,Hải Dung - Cơm Rang & Phở Xào - Quỳnh Mai,331956,Phở - Bún - Miến,2228612,Miến trộn ngan,,55000.0,55000.0,13,0,0,4,5,https://media.be.com.vn/be-food/image/3ed56bc2-42b2-11ee-8146-82365e52a8ee/original,mien-tron-ngan,
33188,33188,Hải Dung - Cơm Rang & Phở Xào - Quỳnh Mai,331956,Phở - Bún - Miến,2228613,Phở gà mọc,,55000.0,55000.0,21,0,0,4,6,https://media.be.com.vn/be-food/image/3ebe35d4-42b2-11ee-bfaa-82e52b34e173/original,pho-ga-moc,
33188,33188,Hải Dung - Cơm Rang & Phở Xào - Quỳnh Mai,331956,Phở - Bún - Miến,2228614,Bún bò măng,,55000.0,55000.0,6,0,0,4,7,https://media.be.com.vn/be-food/image/3eb5ff1b-42b2-11ee-8146-82365e52a8ee/original,bun-bo-mang,
33188,33188,Hải Dung - Cơm Rang & Phở Xào - Quỳnh Mai,331956,Phở - Bún - Miến,2228615,Miến ngan mọc,,55000.0,55000.0,8,0,0,4,8,https://media.be.com.vn/be-food/image/3e74a5f6-42b2-11ee-bfaa-82e52b34e173/original,mien-ngan-moc,
33188,33188,Hải Dung - Cơm Rang & Phở Xào - Quỳnh Mai,331957,Cháo,2228616,Cháo tim cật,Kèm hành và tía tô,55000.0,55000.0,26,0,0,5,1,https://media.be.com.vn/be-food/image/3e6a7015-42b2-11ee-8146-82365e52a8ee/original,chao-tim-cat,
33188,33188,Hải Dung - Cơm Rang & Phở Xào - Quỳnh Mai,331957,Cháo,2228617,Cháo thịt băm,Kèm hành và tía tô,50000.0,50000.0,21,0,0,5,2,https://media.be.com.vn/be-food/image/3e58e26c-42b2-11ee-8146-82365e52a8ee/original,chao-thit-bam,
33188,33188,Hải Dung - Cơm Rang & Phở Xào - Quỳnh Mai,331957,Cháo,2228618,Cháo gà,Kèm hành và tía tô,55000.0,55000.0,4,0,0,5,3,https://media.be.com.vn/be-food/image/3e15d209-42b2-11ee-8146-82365e52a8ee/original,chao-ga,
33188,33188,Hải Dung - Cơm Rang & Phở Xào - Quỳnh Mai,331957,Cháo,2228619,Cháo bò,Kèm hành và tía too,55000.0,55000.0,3,0,0,5,4,https://media.be.com.vn/be-food/image/3e13918a-42b2-11ee-8146-82365e52a8ee/original,chao-bo,
33188,33188,Hải Dung - Cơm Rang & Phở Xào - Quỳnh Mai,331958,Đồ Khác,2228621,Óc trần giá hành,,55000.0,55000.0,40,0,0,6,2,https://media.be.com.vn/be-food/image/3dbe01b0-42b2-11ee-8146-82365e52a8ee/original,oc-tran-gia-hanh,
33188,33188,Hải Dung - Cơm Rang & Phở Xào - Quỳnh Mai,331958,Đồ Khác,2228622,Tràng trứng trần,Kèm rau thơm và gia vị chanh ớt,80000.0,80000.0,21,0,0,6,3,https://media.be.com.vn/be-food/image/3dba4570-42b2-11ee-8146-82365e52a8ee/original,trang-trung-tran,
33749,33749,Phở Bò 288 - Phở Bò & Cơm Rang - Minh Khai,826974,Combo,5609918,Phở bò tái gầu - coca,,57000.0,57000.0,6,0,0,1,1,https://media.be.com.vn/be-food/image/c1c48c04-b4ed-11ee-b2af-3ea2e1c5510b/resized_thumbnail_w1080_h1080,pho-bo-tai-gau-coca,
33749,33749,Phở Bò 288 - Phở Bò & Cơm Rang - Minh Khai,826974,Combo,5609919,Cơm rang dưa bò - coca,,62000.0,62000.0,0,0,0,1,2,https://media.be.com.vn/be-food/image/c20ce1d5-b4ed-11ee-b2af-3ea2e1c5510b/resized_thumbnail_w1080_h1080,com-rang-dua-bo-coca,
33749,33749,Phở Bò 288 - Phở Bò & Cơm Rang - Minh Khai,826974,Combo,5609920,Phở bò tái - coca,,57000.0,57000.0,1,0,0,1,3,https://media.be.com.vn/be-food/image/c253a5f3-b4ed-11ee-8e31-f638ae20f033/resized_thumbnail_w1080_h1080,pho-bo-tai-coca,
33749,33749,Phở Bò 288 - Phở Bò & Cơm Rang - Minh Khai,826975,Menu,5609922,Phở tái gầu,,45000.0,45000.0,165,1,0,2,2,https://media.be.com.vn/be-food/image/c2ea957c-b4ed-11ee-b2af-3ea2e1c5510b/resized_thumbnail_w1080_h1080,pho-tai-gau,
33749,33749,Phở Bò 288 - Phở Bò & Cơm Rang - Minh Khai,826975,Menu,5609923,Cơm rang dưa bò,,50000.0,50000.0,47,0,0,2,3,https://media.be.com.vn/be-food/image/c331bb43-b4ed-11ee-8146-82365e52a8ee/resized_thumbnail_w1080_h1080,com-rang-dua-bo,
33749,33749,Phở Bò 288 - Phở Bò & Cơm Rang - Minh Khai,826975,Menu,5609924,Phở tái chín,,45000.0,45000.0,42,0,0,2,4,https://media.be.com.vn/be-food/image/c372b9f6-b4ed-11ee-8146-82365e52a8ee/resized_thumbnail_w1080_h1080,pho-tai-chin,
33749,33749,Phở Bò 288 - Phở Bò & Cơm Rang - Minh Khai,826975,Menu,5609925,Phở bò tái,,45000.0,45000.0,16,0,0,2,5,https://media.be.com.vn/be-food/image/c3b54638-b4ed-11ee-b2af-3ea2e1c5510b/resized_thumbnail_w1080_h1080,pho-bo-tai,
33749,33749,Phở Bò 288 - Phở Bò & Cơm Rang - Minh Khai,826975,Menu,5609926,Phở bò chín,,45000.0,45000.0,58,1,0,2,6,https://media.be.com.vn/be-food/image/c3fed49d-b4ed-11ee-b2af-3ea2e1c5510b/resized_thumbnail_w1080_h1080,pho-bo-chin,
33749,33749,Phở Bò 288 - Phở Bò & Cơm Rang - Minh Khai,826975,Menu,5609927,Phở bò gầu,,45000.0,45000.0,28,1,0,2,7,https://media.be.com.vn/be-food/image/c4806562-b4ed-11ee-b2af-3ea2e1c5510b/resized_thumbnail_w1080_h1080,pho-bo-gau,
33749,33749,Phở Bò 288 - Phở Bò & Cơm Rang - Minh Khai,826975,Menu,5609928,Phở sốt vang,,50000.0,50000.0,35,0,0,2,8,https://media.be.com.vn/be-food/image/c4c63b0a-b4ed-11ee-bfaa-82e52b34e173/resized_thumbnail_w1080_h1080,pho-sot-vang,
33749,33749,Phở Bò 288 - Phở Bò & Cơm Rang - Minh Khai,826975,Menu,5609929,Phở tái bắp,,50000.0,50000.0,24,0,0,2,9,https://media.be.com.vn/be-food/image/c50d2dae-b4ed-11ee-bfaa-82e52b34e173/resized_thumbnail_w1080_h1080,pho-tai-bap,
33749,33749,Phở Bò 288 - Phở Bò & Cơm Rang - Minh Khai,826975,Menu,5609930,Phở tái lăn,,45000.0,45000.0,41,0,0,2,10,https://media.be.com.vn/be-food/image/c54f2381-b4ed-11ee-bfaa-82e52b34e173/resized_thumbnail_w1080_h1080,pho-tai-lan,
33749,33749,Phở Bò 288 - Phở Bò & Cơm Rang - Minh Khai,826975,Menu,5609931,Phở xào,,55000.0,55000.0,14,0,0,2,11,https://media.be.com.vn/be-food/image/c58ea9ff-b4ed-11ee-bfaa-82e52b34e173/resized_thumbnail_w1080_h1080,pho-xao,
33749,33749,Phở Bò 288 - Phở Bò & Cơm Rang - Minh Khai,826975,Menu,5609932,Phở lõi,,60000.0,60000.0,8,0,0,2,12,https://media.be.com.vn/be-food/image/c5d0572f-b4ed-11ee-bfaa-82e52b34e173/resized_thumbnail_w1080_h1080,pho-loi,
33749,33749,Phở Bò 288 - Phở Bò & Cơm Rang - Minh Khai,826975,Menu,5609933,Cơm rang thập cẩm,,50000.0,50000.0,4,0,0,2,13,https://media.be.com.vn/be-food/image/c60f37a5-b4ed-11ee-bfaa-82e52b34e173/resized_thumbnail_w1080_h1080,com-rang-thap-cam,
33749,33749,Phở Bò 288 - Phở Bò & Cơm Rang - Minh Khai,826975,Menu,5609934,Cơm đùi gà xối mắm,,50000.0,50000.0,9,0,0,2,14,https://media.be.com.vn/be-food/image/c65f9fe1-b4ed-11ee-8e31-f638ae20f033/resized_thumbnail_w1080_h1080,com-dui-ga-xoi-mam,
33749,33749,Phở Bò 288 - Phở Bò & Cơm Rang - Minh Khai,826975,Menu,5609935,Phở trộn,,45000.0,45000.0,9,0,0,2,15,https://media.be.com.vn/be-food/image/c6a95eeb-b4ed-11ee-8e31-f638ae20f033/resized_thumbnail_w1080_h1080,pho-tron,
33749,33749,Phở Bò 288 - Phở Bò & Cơm Rang - Minh Khai,826975,Menu,5609936,Mỳ xào,,55000.0,55000.0,9,0,0,2,16,https://media.be.com.vn/be-food/image/c6f45824-b4ed-11ee-8e31-f638ae20f033/resized_thumbnail_w1080_h1080,my-xao,
33749,33749,Phở Bò 288 - Phở Bò & Cơm Rang - Minh Khai,826975,Menu,5609937,Phở tái gân,,45000.0,45000.0,3,1,0,2,17,https://media.be.com.vn/be-food/image/c7399c6e-b4ed-11ee-8e31-f638ae20f033/resized_thumbnail_w1080_h1080,pho-tai-gan,
33749,33749,Phở Bò 288 - Phở Bò & Cơm Rang - Minh Khai,826975,Menu,5609938,Cơm rang cải bò,,50000.0,50000.0,6,0,0,2,18,https://media.be.com.vn/be-food/image/c77f2b33-b4ed-11ee-8e31-f638ae20f033/resized_thumbnail_w1080_h1080,com-rang-cai-bo,
33749,33749,Phở Bò 288 - Phở Bò & Cơm Rang - Minh Khai,826975,Menu,5609939,Phở gân sốt vang,,50000.0,50000.0,10,0,0,2,19,https://media.be.com.vn/be-food/image/c7bcaea8-b4ed-11ee-8e31-f638ae20f033/resized_thumbnail_w1080_h1080,pho-gan-sot-vang,
33749,33749,Phở Bò 288 - Phở Bò & Cơm Rang - Minh Khai,826975,Menu,5609940,Bún trộn,,45000.0,45000.0,5,0,0,2,20,https://media.be.com.vn/be-food/image/c7ff158e-b4ed-11ee-8146-82365e52a8ee/resized_thumbnail_w1080_h1080,bun-tron,
33749,33749,Phở Bò 288 - Phở Bò & Cơm Rang - Minh Khai,826975,Menu,5609941,Cơm rang xá xíu,,50000.0,50000.0,1,0,0,2,21,https://media.be.com.vn/be-food/image/c880e9d4-b4ed-11ee-bfaa-82e52b34e173/resized_thumbnail_w1080_h1080,com-rang-xa-xiu,
33749,33749,Phở Bò 288 - Phở Bò & Cơm Rang - Minh Khai,826975,Menu,5609942,Phở tuỷ bò,,60000.0,60000.0,1,0,0,2,22,https://media.be.com.vn/be-food/image/c8bfa87c-b4ed-11ee-bfaa-82e52b34e173/resized_thumbnail_w1080_h1080,pho-tuy-bo,
22455,22455,Phở Cuốn Hoa Lan - Trần Hưng Đạo,635371,Phở,4293300,Phở Cuốn - 10 cái,Ko hai lòng gọi quán trc lúc dánh dấu sao ạ,95000.0,95000.0,1082,8,2,1,1,https://media.be.com.vn/be-food/image/f580c920-3a0b-11ee-8e31-f638ae20f033/original,pho-cuon-10-cai,
22455,22455,Phở Cuốn Hoa Lan - Trần Hưng Đạo,635371,Phở,4293301,Phở Chiên Phồng,9h sáng bắt đầu có Thắc mắc vui lòng gọi cho quán trước khi đánh giá sao,95000.0,95000.0,772,7,3,1,2,https://media.be.com.vn/be-food/image/f5344b65-3a0b-11ee-8e31-f638ae20f033/original,pho-chien-phong,
22455,22455,Phở Cuốn Hoa Lan - Trần Hưng Đạo,635371,Phở,4293302,Phở Xào,Ko hài lòng vui lòng gọi số quán trước khi đánh dấu sao xin cảm ơn,80000.0,80000.0,130,3,1,1,3,https://media.be.com.vn/be-food/image/f4e74ef7-3a0b-11ee-8e31-f638ae20f033/original,pho-xao,
22455,22455,Phở Cuốn Hoa Lan - Trần Hưng Đạo,635371,Phở,4293303,Phở Chiên Trứng,Bắt đầu từ 9h mới có !,95000.0,95000.0,119,0,1,1,4,https://media.be.com.vn/be-food/image/f497d271-3a0b-11ee-8e31-f638ae20f033/original,pho-chien-trung,
22455,22455,Phở Cuốn Hoa Lan - Trần Hưng Đạo,635371,Phở,4293304,"Vỏ chiên phồng , đặt cùng phở cuốn",Khách đặt thêm cùng phở cuốn và phở chiên phồng! Ko hài lòng xin gọi số quán trước khi đánh dấu sao xin cảm ơn,45000.0,45000.0,88,0,0,1,5,https://media.be.com.vn/be-food/image/f44b84d5-3a0b-11ee-8e31-f638ae20f033/original,vo-chien-phong-dat-cung-pho-cuon,
22455,22455,Phở Cuốn Hoa Lan - Trần Hưng Đạo,635371,Phở,4293306,Phở gà ta,Ko hài lòng xin gọi số quán trước khi đánh dấu sao xin cảm ơn,60000.0,60000.0,20,0,0,1,7,https://media.be.com.vn/be-food/image/f3ac906b-3a0b-11ee-8e31-f638ae20f033/original,pho-ga-ta,
22455,22455,Phở Cuốn Hoa Lan - Trần Hưng Đạo,635372,Mỳ,4293307,Mì Xào,,80000.0,80000.0,47,0,0,2,1,https://media.be.com.vn/be-food/image/f35baef1-3a0b-11ee-8e31-f638ae20f033/original,mi-xao,
22455,22455,Phở Cuốn Hoa Lan - Trần Hưng Đạo,635372,Mỳ,4293308,Mỳ ý spaghetti,Ko hài lòng xin gọi số quán trước khi đánh dấu sao xon cảm ơn,80000.0,80000.0,11,0,0,2,2,https://media.be.com.vn/be-food/image/f30d6371-3a0b-11ee-8e31-f638ae20f033/original,my-y-spaghetti,
22455,22455,Phở Cuốn Hoa Lan - Trần Hưng Đạo,635373,Bún,4293309,Bún Bò Nam Bộ,,70000.0,70000.0,22,1,0,3,1,https://media.be.com.vn/be-food/image/f2bef44f-3a0b-11ee-8e31-f638ae20f033/original,bun-bo-nam-bo,
22455,22455,Phở Cuốn Hoa Lan - Trần Hưng Đạo,635373,Bún,4293310,Bún măng mọc,Bán từ 7h sáng đến 13h hàng ngày trừ chủ nhật,55000.0,55000.0,10,0,0,3,2,https://media.be.com.vn/be-food/image/f26ff762-3a0b-11ee-8e31-f638ae20f033/original,bun-mang-moc,
22455,22455,Phở Cuốn Hoa Lan - Trần Hưng Đạo,635374,Cơm,4293311,Cơm Rang Dưa Bò,Ko hài lòng xin gọi số quán trước khi dánh dấu sao xin cảm ơn,80000.0,80000.0,37,2,0,4,1,https://media.be.com.vn/be-food/image/f222a8c0-3a0b-11ee-8e31-f638ae20f033/original,com-rang-dua-bo,
22455,22455,Phở Cuốn Hoa Lan - Trần Hưng Đạo,635374,Cơm,4293312,Cơm Sườn,Chủ nhật ko có,80000.0,80000.0,3,0,0,4,2,https://media.be.com.vn/be-food/image/f1d51119-3a0b-11ee-8e31-f638ae20f033/original,com-suon,
22455,22455,Phở Cuốn Hoa Lan - Trần Hưng Đạo,635374,Cơm,4293313,Cơm Bò Kho,Chủ nhật ko có,80000.0,80000.0,8,0,0,4,3,https://media.be.com.vn/be-food/image/f18705d2-3a0b-11ee-8e31-f638ae20f033/original,com-bo-kho,
22455,22455,Phở Cuốn Hoa Lan - Trần Hưng Đạo,635374,Cơm,4293314,Cơm Gà,,80000.0,80000.0,5,0,0,4,4,https://media.be.com.vn/be-food/image/f13c2f45-3a0b-11ee-8e31-f638ae20f033/original,com-ga,
22455,22455,Phở Cuốn Hoa Lan - Trần Hưng Đạo,635374,Cơm,4293315,Cơm cá,,80000.0,80000.0,17,0,0,4,5,https://media.be.com.vn/be-food/image/f0ecf255-3a0b-11ee-8e31-f638ae20f033/original,com-ca,
22455,22455,Phở Cuốn Hoa Lan - Trần Hưng Đạo,635374,Cơm,4293316,Cơm thịt chân giò luộc mắm tép,,80000.0,80000.0,2,0,0,4,6,https://media.be.com.vn/be-food/image/f09dea47-3a0b-11ee-8e31-f638ae20f033/original,com-thit-chan-gio-luoc-mam-tep,
22455,22455,Phở Cuốn Hoa Lan - Trần Hưng Đạo,635374,Cơm,4293317,Cơm thịt 3 chỉ quay,Ko hài lòng xin gọi điện cho quán trước khi đánh dấu sao xin cảm ơn ạh,80000.0,80000.0,2,0,0,4,7,https://media.be.com.vn/be-food/image/f05106c6-3a0b-11ee-8e31-f638ae20f033/original,com-thit-3-chi-quay,
22455,22455,Phở Cuốn Hoa Lan - Trần Hưng Đạo,635374,Cơm,4293318,Cơm thịt rang,,80000.0,80000.0,1,0,0,4,8,https://media.be.com.vn/be-food/image/effea9d9-3a0b-11ee-8e31-f638ae20f033/original,com-thit-rang,
22455,22455,Phở Cuốn Hoa Lan - Trần Hưng Đạo,635375,Tráng Miệng,4293322,Sinh tố bơ,,55000.0,55000.0,7,1,0,5,4,https://media.be.com.vn/be-food/image/eea72e86-3a0b-11ee-8e31-f638ae20f033/resized_thumbnail_w1080_h1080,sinh-to-bo,
22455,22455,Phở Cuốn Hoa Lan - Trần Hưng Đạo,635375,Tráng Miệng,4293325,Sinh tố xoài,,50000.0,50000.0,8,0,0,5,7,https://media.be.com.vn/be-food/image/edaf2f89-3a0b-11ee-8e31-f638ae20f033/resized_thumbnail_w1080_h1080,sinh-to-xoai,
22455,22455,Phở Cuốn Hoa Lan - Trần Hưng Đạo,635375,Tráng Miệng,4293327,Ổi ép,Khách không hài lòng vui lòng gọi quán nhé trước khi đánh giá sao,50000.0,50000.0,3,0,0,5,9,https://media.be.com.vn/be-food/image/ed17963e-3a0b-11ee-8e31-f638ae20f033/resized_thumbnail_w1080_h1080,oi-ep,
22455,22455,Phở Cuốn Hoa Lan - Trần Hưng Đạo,635375,Tráng Miệng,4293328,Dứa ép,Khách ko hài lòng xin gọi số quán để được phục vụ nhanh nhất nhé và trước khi đánh dấu sao ạ,50000.0,50000.0,2,0,0,5,10,https://media.be.com.vn/be-food/image/ecc8c431-3a0b-11ee-8e31-f638ae20f033/resized_thumbnail_w1080_h1080,dua-ep,
14976,14976,Cơm Sườn Cay HiMC - Hà Kế Tấn,1520863,MÓN MỚI - CÀ RI NHẬT,11033543,Cơm Thịt Heo Chiên Xù Sốt Phô Mai,"Cơm thịt lợn chiên xù giòn rụm từ thịt tươi mỗi ngày, áo bột vàng đều, bên ngoài giòn tan – bên trong mềm ngọt. Dùng kèm sốt phô mai thơm, vị đậm đà vừa miệng, ăn cùng cơm nóng cực cuốn. .(CHƯA KÈM CANH)",75000.0,75000.0,7,0,0,1,1,https://media.be.com.vn/be-food/image/0720468a-e4d3-11f0-9063-66448d787802/resized_thumbnail_w1080_h1080,com-thit-heo-chien-xu-sot-pho-mai,
14976,14976,Cơm Sườn Cay HiMC - Hà Kế Tấn,1327907,DEAL BEFOOD TRỢ GIÁ SL CÓ HẠN,9063727,Cơm Sườn Cay Đặc Biệt,( CHƯA KÈM CANH ) : 250 Gr Cơm + Sườn Cay Mềm Đẫm Vị Sườn 3 MIẾNG CÓ THỂ UP LÊN SIZE 4 MIẾNG + 1 quả trứng + 3 miếng lạp xưởng + 70 GR Cải Thảo Muối Chua Ngọt. FREE ĐỔI TRẢ KHÔNG CẦN LÍ DO.,85000.0,85000.0,883,9,0,2,1,https://media.be.com.vn/be-food/image/5614edf8-34b1-11f1-b197-ce3d3ce291c1/resized_thumbnail_w1080_h1080,com-suon-cay-dac-biet,
14976,14976,Cơm Sườn Cay HiMC - Hà Kế Tấn,1327907,DEAL BEFOOD TRỢ GIÁ SL CÓ HẠN,9063676,Cơm Sườn Cay Trứng Ngâm Tương,Cơm 250Gr + Sườn 140GR: ( Cân Trước Khi Nấu) 3 MIẾNG CÓ THỂ UP LÊN SIZE 4 MIẾNG + 1 QUẢ TRỨNG NGÂM TƯƠNG + 70 GR Cải Thảo Muối Chua Ngọt. FREE ĐỔI TRẢ KHÔNG CẦN LÍ DO,80000.0,80000.0,2443,21,2,2,2,https://media.be.com.vn/be-food/image/374645c4-3230-11f1-b63c-1ec8367384f0/resized_thumbnail_w1080_h1080,com-suon-cay-trung-ngam-tuong,
14976,14976,Cơm Sườn Cay HiMC - Hà Kế Tấn,1327907,DEAL BEFOOD TRỢ GIÁ SL CÓ HẠN,9568245,Cơm Sườn Cay Trứng Ngâm + Nước,Rẻ hơn mua lẻ .. Combo best-seller cơm sườn cay trứng ngâm tương nhất định phải thử. uống cùng trà tắc hương lài mát thơm,100000.0,100000.0,151,4,0,2,3,https://media.be.com.vn/be-food/image/0dff8389-aaf6-11f0-8021-922c9d42c616/resized_thumbnail_w1080_h1080,com-suon-cay-trung-ngam-nuoc,
14976,14976,Cơm Sườn Cay HiMC - Hà Kế Tấn,1327907,DEAL BEFOOD TRỢ GIÁ SL CÓ HẠN,12060404,Cơm Sườn Cay Quốc Dân + TRÀ TẮC HƯƠNG LÀI,"Tiết Kiệm 15K Mua Combo . Cơm sườn cay đậm đà, kèm trà tắc hương lài mát lạnh, thơm ngon. MẶC ĐỊNH 3 MIẾNG CÓ THỂ UP LÊN SIZE 4 MIẾNG",85000.0,85000.0,0,0,0,2,4,https://media.be.com.vn/be-food/image/8ecb6f23-42ff-11f1-b63c-1ec8367384f0/resized_thumbnail_w1080_h1080,com-suon-cay-quoc-dan-tra-tac-huong-lai,
14976,14976,Cơm Sườn Cay HiMC - Hà Kế Tấn,1327907,DEAL BEFOOD TRỢ GIÁ SL CÓ HẠN,12060422,Cơm Sườn Cay Đặc Biệt + Nước,Rẻ hơn mua lẻ .. Combo best-seller cơm sườn cay đặc biệt nhất định phải thử. uống cùng trà tắc hương lài mát thơm. Phần gồm 3 miếng Có thể up size 4 miếng,110000.0,110000.0,3,0,0,2,5,https://media.be.com.vn/be-food/image/c9a2bc20-42ff-11f1-b67e-9aaf2a798701/resized_thumbnail_w1080_h1080,com-suon-cay-dac-biet-nuoc,
14976,14976,Cơm Sườn Cay HiMC - Hà Kế Tấn,1327843,CƠM SƯỜN,8657246,Cơm Sườn Om Chua Ngọt,"Định Lượng : 250 Gr Cơm + Sườn mặc định 3 miếng, có thể up size 4 miếngĐẫm Sốt Chua Ngọt+ 70 GR Cải Thảo Muối Chua Ngọt. ( Không Kèm Canh - Nếu Cần AC Mua Thêm Nha Ạ ) FREE ĐỔI TRẢ KHÔNG CẦN LÍ DO.",70000.0,70000.0,431,7,0,4,1,https://media.be.com.vn/be-food/image/efcf75cc-aaf5-11f0-9063-66448d787802/resized_thumbnail_w1080_h1080,com-suon-om-chua-ngot,
14976,14976,Cơm Sườn Cay HiMC - Hà Kế Tấn,1327843,CƠM SƯỜN,10411810,Cơm Sườn Cay Quốc Dân,"Sườn mềm tụt xương, vị cay cực cuốn theo công thức độc quyền HiMC. Thơm nức – đậm vị – FREE ĐỔI TRẢ KHÔNG CẦN LÍ DO! Cơm 250Gr + Sườn mặc định 3 miếng, có thể up size 4 miếng (Không Kèm Canh - Nếu Cần AC Mua Thêm Nha Ạ )",65000.0,65000.0,568,5,0,4,2,https://media.be.com.vn/be-food/image/6aa14f07-3230-11f1-a167-cadcd99bf8b0/resized_thumbnail_w1080_h1080,com-suon-cay-quoc-dan,
14976,14976,Cơm Sườn Cay HiMC - Hà Kế Tấn,1327843,CƠM SƯỜN,11033551,Cơm Sườn Cay Tê Cấp Độ 1,"Cơm sườn cay (3 miếng) phủ bột ớt cay tê đặc trưng của xứ trung, hòa quyện vị ớt, sườn mềm, rau muối kèm dưa chuột tươi mát. CHƯA KÈM CANH. CÓ THỂ UP LÊN SIZE 4 MIẾNG",70000.0,70000.0,51,0,0,4,3,https://media.be.com.vn/be-food/image/4d0f0b24-e4d3-11f0-8b11-e6e7ca75c48c/thumbnail,com-suon-cay-te-cap-do-1,
14976,14976,Cơm Sườn Cay HiMC - Hà Kế Tấn,342558,100% GÀ TƯƠI - MIỄN PHÍ ĐỔI TRẢ ❤️,2305231,Cơm Gà Sốt Mắm Tỏi,"100% GÀ TƯƠIĐịnh Lượng : 250 Gr Cơm + 1 Gà Chiên Rán Giòn Đẫm Sốt Mắm Tỏi. + TUỲ CHỌN CÁNH/ ĐÙI ( Không Kèm Canh - Nếu Cần AC Mua Thêm Nha Ạ ) FREE ĐỔI TRẢ KHÔNG CẦN LÍ DO.""",59000.0,59000.0,592,11,0,6,1,https://media.be.com.vn/be-food/image/e66f84eb-aaf5-11f0-9063-66448d787802/resized_thumbnail_w1080_h1080,com-ga-sot-mam-toi,
14976,14976,Cơm Sườn Cay HiMC - Hà Kế Tấn,342558,100% GÀ TƯƠI - MIỄN PHÍ ĐỔI TRẢ ❤️,2305233,Cơm Gà Sốt Chua Ngọt,100% GÀ TƯƠI - Định Lượng : 250 Gr Cơm + 1 Gà Chiên Rán Giòn Đẫm Sốt Chua Ngọt + 70 GR Cải Thảo Muối Chua Ngọt. ( Quán có bán canh chua giá nếu cần AC mua thêm ạ ) FREE ĐỔI TRẢ KHÔNG CẦN LÍ DO.,59000.0,59000.0,504,6,0,6,2,https://media.be.com.vn/be-food/image/d7908cd9-aaf5-11f0-9063-66448d787802/resized_thumbnail_w1080_h1080,com-ga-sot-chua-ngot,
14976,14976,Cơm Sườn Cay HiMC - Hà Kế Tấn,342558,100% GÀ TƯƠI - MIỄN PHÍ ĐỔI TRẢ ❤️,2305232,Cơm Gà Sốt Cay Hàn Quốc,100% GÀ TƯƠI - Định Lượng : 250 Gr Cơm + 1 Gà Chiên Rán Giòn Đẫm Sốt Cay + TUỲ CHỌN CÁNH HOẶC ĐÙI ( Không Kèm Canh - Nếu Cần AC Mua Thêm Nha Ạ ) FREE ĐỔI TRẢ KHÔNG CẦN LÍ DO.,59000.0,59000.0,305,4,0,6,3,https://media.be.com.vn/be-food/image/df3ee2cb-aaf5-11f0-b84b-3a4f2a37a94e/resized_thumbnail_w1080_h1080,com-ga-sot-cay-han-quoc,
14976,14976,Cơm Sườn Cay HiMC - Hà Kế Tấn,342558,100% GÀ TƯƠI - MIỄN PHÍ ĐỔI TRẢ ❤️,7023381,Cơm Gà Sốt Phô Mai,100% GÀ TƯƠI - Định Lượng : 250 Gr Cơm + 1 Gà Chiên Rán Giòn Đẫm Sốt Phô Mai + TUỲ CHỌN PHÂN LOẠI CÁNH/ ĐÙI. ( Quán có bán canh chua giá nếu cần AC mua thêm ạ ) FREE ĐỔI TRẢ KHÔNG CẦN LÍ DO.,59000.0,59000.0,52,0,0,6,4,https://media.be.com.vn/be-food/image/cb0685b0-aaf5-11f0-9063-66448d787802/resized_thumbnail_w1080_h1080,com-ga-sot-pho-mai,
14976,14976,Cơm Sườn Cay HiMC - Hà Kế Tấn,1696325,GÀ TƯƠI 100% ĐẪM SỐT,11033596,Gà Rán Sốt Cay Hàn Quốc Phần( 1 ĐÙI+ 1 CÁNH + 1 LẠP XƯỞNG + 1 COCA LẠNH ),"""Giá Gốc 115.000. Gà phủ sốt cay hàn quốc,Đùi & cánh gà rán giòn, sốt cay hàn quốc ngọt mà tê đầu lưỡi. Ăn kèm 3 lạp xưởng hồ lô và coca mát lạnh. Combo giúp bạn no trọn bữa, đỡ phải chọn từng món. Giá combo rẻ hơn mua lẻ – tiện cho học sinh, nhân viên văn""",95000.0,95000.0,4,0,0,8,2,https://media.be.com.vn/be-food/image/e5167444-e4d5-11f0-8b11-e6e7ca75c48c/resized_thumbnail_w1080_h1080,ga-ran-sot-cay-han-quoc-phan-1-dui-1-canh-1-lap-xuong-1-coca-lanh,
14976,14976,Cơm Sườn Cay HiMC - Hà Kế Tấn,1696325,GÀ TƯƠI 100% ĐẪM SỐT,11033581,Gà Rán Sốt Phô Mai Phần ( 1 ĐÙI + 1 CÁNH + 1 COCA LẠNH + 1 LẠP XƯỞNG ),"""Giá Gốc 115.000. Gà phủ phô mai,Đùi & cánh gà rán giòn, sốt phô mai béo nhẹ, kéo sợi hấp dẫn. Ăn kèm 3 lạp xưởng hồ lô và coca mát lạnh. Combo giúp bạn no trọn bữa, đỡ phải chọn từng món. Giá combo rẻ hơn mua lẻ – tiện cho học sinh, nhân viên văn""",95000.0,95000.0,0,0,0,8,3,https://media.be.com.vn/be-food/image/794cff2c-e4d5-11f0-b84b-3a4f2a37a94e/resized_thumbnail_w1080_h1080,ga-ran-sot-pho-mai-phan-1-dui-1-canh-1-coca-lanh-1-lap-xuong,
14976,14976,Cơm Sườn Cay HiMC - Hà Kế Tấn,1696325,GÀ TƯƠI 100% ĐẪM SỐT,2305242,Gà Sốt Mắm Tỏi,100% Gà Tươi.CHỌN CÁNH HOẶC ĐÙI Chiên Giòn Đẫm sốt mắm tỏi. FREE ĐỔI TRẢ KHÔNG CẦN LÍ DO,39000.0,39000.0,131,2,0,8,4,https://media.be.com.vn/be-food/image/fe2ecdf3-3c72-11ef-ba6d-1220605d9522/original,ga-sot-mam-toi,
14976,14976,Cơm Sườn Cay HiMC - Hà Kế Tấn,1696325,GÀ TƯƠI 100% ĐẪM SỐT,2305243,Gà Sốt Chua Ngọt,100% Gà Tươi. 1 CÁNH HOẶC ĐÙI TUỲ CHỌN l Chiên Giòn đẫm sốt chua ngọt. FREE ĐỔI TRẢ KHÔNG CẦN LÍ DO,39000.0,39000.0,78,2,0,8,5,https://media.be.com.vn/be-food/image/193da79e-3c73-11ef-a271-b60dedd57ab8/original,ga-sot-chua-ngot,
14976,14976,Cơm Sườn Cay HiMC - Hà Kế Tấn,1696325,GÀ TƯƠI 100% ĐẪM SỐT,2305239,Gà Sốt Cay Hàn Quốc,100% Gà Tươi. 1 CÁNH HOẶC Đùi gà Chiên Giòn Đẫm Sốt Cay Hàn Quốc.FREE ĐỔI TRẢ KHÔNG CẦN LÍ DO,39000.0,39000.0,87,2,0,8,6,https://media.be.com.vn/be-food/image/8fdb6ba2-3c72-11ef-a271-b60dedd57ab8/resized_thumbnail_w1080_h1080,ga-sot-cay-han-quoc,
14976,14976,Cơm Sườn Cay HiMC - Hà Kế Tấn,1696325,GÀ TƯƠI 100% ĐẪM SỐT,9063998,Gà Sốt Phô Mai Trứng Sữa,"CHỌN CÁNH HOẶC ĐÙI.Đùi gà tươi phủ sốt phô mai béo thơm, ăn là mê.Gà tươi tẩm bột chiên mềm thơm, phủ lớp sốt phô mai béo ngậy vừa phải. Ăn cùng cơm nóng siêu bắt vị – món quốc dân cho team ghiền phô mai. QUAY GIÒN NGẬP SỐT PHÔ MAI. KHÔNG KÈM ĐŨA THÌA. ( Ảnh minh họa )",39000.0,39000.0,27,1,0,8,7,https://media.be.com.vn/be-food/image/be574ffe-1907-11f0-8d88-0695c6df6d37/resized_thumbnail_w1080_h1080,ga-sot-pho-mai-trung-sua,
118507,118507,"Bánh Cuốn, Bún Trộn Đức Anh - Trần Hữu Tước",1466268,bún,10048718,Bún chả,,50000.0,50000.0,20,0,0,1,1,https://media.be.com.vn/bizops/image/2356ea55-857b-11f0-8b11-e6e7ca75c48c/resized_thumbnail_w1080_h1080,bun-cha,
118507,118507,"Bánh Cuốn, Bún Trộn Đức Anh - Trần Hữu Tước",1466268,bún,10048719,Bún bò Nam Bộ trộn,,55000.0,55000.0,1,0,0,1,2,https://media.be.com.vn/bizops/image/2f28be7a-857b-11f0-9063-66448d787802/resized_thumbnail_w1080_h1080,bun-bo-nam-bo-tron,
118507,118507,"Bánh Cuốn, Bún Trộn Đức Anh - Trần Hữu Tước",1466417,bánh cuốn,10048720,Bánh cuốn chả quế,,40000.0,40000.0,16,0,0,2,1,https://media.be.com.vn/bizops/image/37235ff1-857b-11f0-8b11-e6e7ca75c48c/original,banh-cuon-cha-que,
118507,118507,"Bánh Cuốn, Bún Trộn Đức Anh - Trần Hữu Tước",1466417,bánh cuốn,10048721,Bánh cuốn chả mỡ,,40000.0,40000.0,5,0,0,2,2,https://media.be.com.vn/bizops/image/3ee6969c-857b-11f0-b84b-3a4f2a37a94e/original,banh-cuon-cha-mo,
118507,118507,"Bánh Cuốn, Bún Trộn Đức Anh - Trần Hữu Tước",1466417,bánh cuốn,10067910,bánh cuốn chả nướng,bánh cuốn nhân thịt băm mộc nhĩ ăn kèm chả viên thịt nướng,50000.0,50000.0,23,1,0,2,3,https://media.be.com.vn/be-food/image/c27613ac-8589-11f0-9063-66448d787802/resized_thumbnail_w1080_h1080,banh-cuon-cha-nuong,
128321,128321,"Cơm, Phở Xào & Miến Xào - Cù Chính Lan",1749907,Cơm Rang,11229866,Cơm rang cua,"Phần ăn bao gồm: cơm rang mềm, cua xé xào mỡ hành phủ mặt, củ quả, rau thơm, hành phi, bếp có rắc thêm hạt tiêu. Khách thích ăn cay vui lòng Note 'Cơm Cay', Bếp sẽ thực hiện đúng theo yêu cầu của khách ạ.",69000.0,69000.0,2,0,0,1,1,https://media.be.com.vn/be-food/image/ab04217d-f3c5-11f0-8695-ce3d3ce291c1/resized_thumbnail_w1080_h1080,com-rang-cua,
128321,128321,"Cơm, Phở Xào & Miến Xào - Cù Chính Lan",1749907,Cơm Rang,11229867,Cơm rang xúc xích,"Phần cơm gồm có: xúc xích heo ( xúc xích thịt heo do Bếp tự làm), rau củ quả, dưa Leo, hành phi (bếp có rắc hạt tiêu)",52000.0,52000.0,0,0,0,1,2,https://media.be.com.vn/bizops/image/4d96d62f-f37a-11f0-8695-ce3d3ce291c1/resized_thumbnail_w1080_h1080,com-rang-xuc-xich,
128321,128321,"Cơm, Phở Xào & Miến Xào - Cù Chính Lan",1749907,Cơm Rang,11229868,Cơm rang bò kim chi phần đặc biệt,"Phần cơm gồm có bắp bò hoặc bò mềm, kim chi handmade muối chua, trứng chiên phủ mặt , rau củ các loại, dưa leo, hành phi, bếp có rắc hạt tiêu",72000.0,72000.0,0,0,0,1,3,https://media.be.com.vn/bizops/image/466fbe20-f37a-11f0-b67e-9aaf2a798701/resized_thumbnail_w1080_h1080,com-rang-bo-kim-chi-phan-dac-biet,
128321,128321,"Cơm, Phở Xào & Miến Xào - Cù Chính Lan",1749907,Cơm Rang,11229869,Cơm rang bắp bò,"Phần cơm rang gồm có: bắp bò, hoặc thịt bò mềm, nấm hương, rau củ thập cẩm, dưa leo, hành phi, bếp có rắc hạt tiêu",57000.0,57000.0,1,0,0,1,4,https://media.be.com.vn/be-food/image/5130be45-f385-11f0-8695-ce3d3ce291c1/resized_thumbnail_w1080_h1080,com-rang-bap-bo,
128321,128321,"Cơm, Phở Xào & Miến Xào - Cù Chính Lan",1749907,Cơm Rang,11229870,Cơm rang gà nấm,"Phần cơm rang gồm có: thịt gà tươi, nấm hương, rau củ thập cẩm, dưa leo, hành phi, bếp có rắc hạt tiêu",57000.0,57000.0,1,0,0,1,5,https://media.be.com.vn/be-food/image/125ee29c-f3c5-11f0-b63c-1ec8367384f0/resized_thumbnail_w1080_h1080,com-rang-ga-nam,
128321,128321,"Cơm, Phở Xào & Miến Xào - Cù Chính Lan",1749907,Cơm Rang,11229871,Cơm rang tim,"Phần cơm rang gồm có: tim, nấm hương, rau củ thập cẩm, dưa leo, hành phi, bếp có rắc hạt tiêu",57000.0,57000.0,1,0,0,1,6,https://media.be.com.vn/be-food/image/f2501624-f3c4-11f0-8695-ce3d3ce291c1/resized_thumbnail_w1080_h1080,com-rang-tim,
128321,128321,"Cơm, Phở Xào & Miến Xào - Cù Chính Lan",1749907,Cơm Rang,11229872,Cơm rang thập cẩm,"Phần cơm gồm có: lạp xưởng, xúc xích thái hạt lựu, rau củ, dưa leo, hành phi, bếp có rắc hạt tiêu",55000.0,55000.0,0,0,0,1,7,https://media.be.com.vn/bizops/image/842e7d4a-a3f1-11f0-8b11-e6e7ca75c48c/original,com-rang-thap-cam,
128321,128321,"Cơm, Phở Xào & Miến Xào - Cù Chính Lan",1749907,Cơm Rang,11229873,Cơm rang lạp xưởng,"Lạp xưởng tươi, hoặc khô, rau củ các loại, dưa leo, hành phi, bếp có rắc hạt tiêu",55000.0,55000.0,0,0,0,1,8,https://media.be.com.vn/bizops/image/8ceaee11-a57c-11f0-8021-922c9d42c616/original,com-rang-lap-xuong,
128321,128321,"Cơm, Phở Xào & Miến Xào - Cù Chính Lan",1749908,Miến Xào,11229875,Miến xào thập cẩm,"Phần ăn bao gồm bắp bò, tim, rau cải thảo, mộc nhĩ, nấm hương, cà rốt, rau thơm, hành tây, bếp có rắc hạt tiêu",80000.0,80000.0,0,0,0,2,1,https://media.be.com.vn/be-food/image/6e59f838-f3c6-11f0-b63c-1ec8367384f0/resized_thumbnail_w1080_h1080,mien-xao-thap-cam,
128321,128321,"Cơm, Phở Xào & Miến Xào - Cù Chính Lan",1749908,Miến Xào,11229876,Miến xào cua,"Phần ăn gồm có: thịt cua xào mỡ khổ cùng hành khô, miến dong, mộc nhĩ, rau cải thảo, cà rốt, hành răm, hành phi, bếp có rắc hạt tiêu",69000.0,69000.0,7,0,0,2,2,https://media.be.com.vn/bizops/image/5ba40279-f37a-11f0-b67e-9aaf2a798701/resized_thumbnail_w1080_h1080,mien-xao-cua,
128321,128321,"Cơm, Phở Xào & Miến Xào - Cù Chính Lan",1749908,Miến Xào,11229877,Miến xào bắp bò,"Phần miến gồm có: bắp bò, hoặc thịt bò mềm, nấm hương, mộc nhĩ, rau củ thập cẩm, hành phi, bếp có rắc hạt tiêu",57000.0,57000.0,3,0,0,2,3,https://media.be.com.vn/bizops/image/56682415-f37a-11f0-b63c-1ec8367384f0/resized_thumbnail_w1080_h1080,mien-xao-bap-bo,
128321,128321,"Cơm, Phở Xào & Miến Xào - Cù Chính Lan",1749908,Miến Xào,11229878,Miến xào gà nấm,"Phần miến gồm có: thịt gà tươi, nấm hương, mộc nhĩ, rau thập cẩm, hành phi, bếp có rắc hạt tiêu",57000.0,57000.0,3,0,0,2,4,https://media.be.com.vn/be-food/image/3eec0ff4-f3c6-11f0-b63c-1ec8367384f0/resized_thumbnail_w1080_h1080,mien-xao-ga-nam,
128321,128321,"Cơm, Phở Xào & Miến Xào - Cù Chính Lan",1749908,Miến Xào,11229879,Miến xào Tim,"Phần miến gồm có: tim, nấm hương, mộc nhĩ, rau thập cẩm, hành phi, bếp có rắc hạt tiêu",57000.0,57000.0,1,0,0,2,5,https://media.be.com.vn/be-food/image/32052473-f3c6-11f0-b63c-1ec8367384f0/resized_thumbnail_w1080_h1080,mien-xao-tim,
128321,128321,"Cơm, Phở Xào & Miến Xào - Cù Chính Lan",1749909,Phở Xào,11229881,Phở xào thập cẩm,"Phần ăn gồm: bắp bò, tim, rau cải xanh, cà rốt, hành tây, nấm hương, bếp có rắc hạt tiêu",80000.0,80000.0,1,0,0,3,1,https://media.be.com.vn/be-food/image/e3d6a3c6-f3c6-11f0-8695-ce3d3ce291c1/resized_thumbnail_w1080_h1080,pho-xao-thap-cam,
128321,128321,"Cơm, Phở Xào & Miến Xào - Cù Chính Lan",1749909,Phở Xào,11229882,Phở xào bắp bò,"Phần ăn gồm: bắp bò, tim, rau cải xanh, cà rốt, hành tây, nấm hương, bếp có rắc hạt tiêu",57000.0,57000.0,4,0,0,3,2,https://media.be.com.vn/be-food/image/d672a68d-f3c6-11f0-b63c-1ec8367384f0/resized_thumbnail_w1080_h1080,pho-xao-bap-bo,
128321,128321,"Cơm, Phở Xào & Miến Xào - Cù Chính Lan",1749909,Phở Xào,11229883,Phở xào gà nấm,"Phần phở gồm có: thịt gà tươi, nấm hương, rau cải xanh, cà rốt, hành tây, bếp có rắc hạt tiêu",57000.0,57000.0,0,0,0,3,3,https://media.be.com.vn/be-food/image/c3c244f0-f3c6-11f0-a167-cadcd99bf8b0/resized_thumbnail_w1080_h1080,pho-xao-ga-nam,
128321,128321,"Cơm, Phở Xào & Miến Xào - Cù Chính Lan",1749909,Phở Xào,11229884,Phở xào tim,"Phần phở gồm có: thịt gà tươi, nấm hương, rau cải xanh, cà rốt, hành tây, bếp có rắc hạt tiêu",57000.0,57000.0,0,0,0,3,4,https://media.be.com.vn/be-food/image/477205e4-f3c7-11f0-b63c-1ec8367384f0/resized_thumbnail_w1080_h1080,pho-xao-tim,
128321,128321,"Cơm, Phở Xào & Miến Xào - Cù Chính Lan",1749910,Mì Xào,11229890,Mì xào tim,"Phần mì gồm có: tim, nấm hương, rau cải xanh, cà rốt, hành tây hành tây giá đỗ, bếp có rắc hạt tiêu",57000.0,57000.0,1,0,0,4,1,https://media.be.com.vn/be-food/image/199192f1-f3c7-11f0-b67e-9aaf2a798701/resized_thumbnail_w1080_h1080,mi-xao-tim,
128321,128321,"Cơm, Phở Xào & Miến Xào - Cù Chính Lan",1749910,Mì Xào,11229889,Mì xào gà nấm,"Phần mì gồm có: thịt gà tươi, nấm hương, rau cải xanh, cà rốt, hành tây, giá đỗ cà chua, bếp có rắc hạt tiêu",57000.0,57000.0,0,0,0,4,2,https://media.be.com.vn/be-food/image/2489fa7a-f3c7-11f0-a167-cadcd99bf8b0/resized_thumbnail_w1080_h1080,mi-xao-ga-nam,
128321,128321,"Cơm, Phở Xào & Miến Xào - Cù Chính Lan",1749910,Mì Xào,11229888,Mì xào bắp bò,"Phần mì gồm có: bắp bò, hoặc thịt bò mềm, nấm hương, rau cải xanh, cà rốt, hành tây, giá, cà chua, bếp có rắc hạt tiêu",57000.0,57000.0,0,0,0,4,3,https://media.be.com.vn/be-food/image/3a00920b-f3c7-11f0-b63c-1ec8367384f0/resized_thumbnail_w1080_h1080,mi-xao-bap-bo,
128321,128321,"Cơm, Phở Xào & Miến Xào - Cù Chính Lan",1749910,Mì Xào,11229887,Mì xào bò kim chi,"phần ăn gồm có bò bắp hoặc bò mềm, trứng chiên , kimchi handmade muối chua(bếp có rắc Hạt tiêu)",72000.0,72000.0,0,0,0,4,4,https://media.be.com.vn/be-food/image/69de5199-f3c7-11f0-a167-cadcd99bf8b0/resized_thumbnail_w1080_h1080,mi-xao-bo-kim-chi,
128321,128321,"Cơm, Phở Xào & Miến Xào - Cù Chính Lan",1749910,Mì Xào,11229886,Mì xào thập cẩm,"Phần ăn gồm: bắp bò, tim, rau cải xanh, cà rốt, hành tây, nấm hương, bếp có rắc hạt tiêu",80000.0,80000.0,0,0,0,4,5,https://media.be.com.vn/be-food/image/7ad70b27-f3c7-11f0-b63c-1ec8367384f0/resized_thumbnail_w1080_h1080,mi-xao-thap-cam,
128321,128321,"Cơm, Phở Xào & Miến Xào - Cù Chính Lan",1749945,Món Rau,11230255,Cải Xanh xào Nấm,"phần ăn gồm : Tim , rau cải xanh , nấm hương , cà rốt, hành tây , giá đỗ cà chua (bếp có rắc Hạt tiêu)",50000.0,50000.0,0,0,0,5,1,https://media.be.com.vn/be-food/image/8bcca2d9-f384-11f0-a167-cadcd99bf8b0/resized_thumbnail_w1080_h1080,cai-xanh-xao-nam,
128321,128321,"Cơm, Phở Xào & Miến Xào - Cù Chính Lan",1749945,Món Rau,11230262,Cải Xanh xào Tim,"phần ăn gồm : Tim , rau cải xanh , nấm hương , cà rốt, hành tây , giá đỗ cà chua (bếp có rắc Hạt tiêu)",80000.0,80000.0,0,0,0,5,2,https://media.be.com.vn/be-food/image/9634af2f-f3c7-11f0-b67e-9aaf2a798701/resized_thumbnail_w1080_h1080,cai-xanh-xao-tim,
116156,116156,Phở Vịt Quay & Bánh Cuốn Cao Bằng - Định Công,1423277,Bánh Cuốn Cao Bằng,9774862,Bánh cuốn Cao Bằng,"Bánh cuốn gồm 3 bánh , 1 trứng , 1 giò ăn cùng nước hầm xương và măng ớt mắc mật",50000.0,50000.0,50,0,0,1,1,https://media.be.com.vn/be-food/image/358be4f6-7c08-11f0-b84b-3a4f2a37a94e/original,banh-cuon-cao-bang,
116156,116156,Phở Vịt Quay & Bánh Cuốn Cao Bằng - Định Công,1423278,Bánh Cuốn Chấm,9774868,Bánh cuốn chấm,1 suất bán cuốn chấm kèm nước mắm và không có đồ ăn kèm,25000.0,25000.0,8,0,0,2,1,https://media.be.com.vn/be-food/image/6dde41c7-7c08-11f0-9063-66448d787802/resized_thumbnail_w1080_h1080,banh-cuon-cham,
116156,116156,Phở Vịt Quay & Bánh Cuốn Cao Bằng - Định Công,1423280,Phở - Bún Vịt Quay,9774875,Phở vịt quay măng,Khách note giùm quán phở khô cao bằng hay phở tươi Hà Nội nhé,55000.0,55000.0,13,1,0,4,1,https://media.be.com.vn/be-food/image/e694c85d-7c08-11f0-8021-922c9d42c616/resized_thumbnail_w1080_h1080,pho-vit-quay-mang,
116156,116156,Phở Vịt Quay & Bánh Cuốn Cao Bằng - Định Công,1423280,Phở - Bún Vịt Quay,9774876,Bún vịt quay,Bún tươi và thịt vịt quay,55000.0,55000.0,2,0,0,4,2,https://media.be.com.vn/be-food/image/d1ba13be-7c08-11f0-b84b-3a4f2a37a94e/original,bun-vit-quay,
116156,116156,Phở Vịt Quay & Bánh Cuốn Cao Bằng - Định Công,1423280,Phở - Bún Vịt Quay,9774877,Phở vịt ba chỉ,Khách note giùm quán phở khô cao bằng hay phở tươi Hà Nội nhé,50000.0,50000.0,3,0,0,4,3,https://media.be.com.vn/be-food/image/cb0fd41f-7c08-11f0-b84b-3a4f2a37a94e/resized_thumbnail_w1080_h1080,pho-vit-ba-chi,
116156,116156,Phở Vịt Quay & Bánh Cuốn Cao Bằng - Định Công,1423280,Phở - Bún Vịt Quay,9774878,Phở thập cẩm,Khách note giùm quán phở khô cao bằng hay phở tươi Hà Nội nhé,80000.0,80000.0,5,0,0,4,4,https://media.be.com.vn/be-food/image/bbf2bf61-7c08-11f0-8021-922c9d42c616/resized_thumbnail_w1080_h1080,pho-thap-cam,
116156,116156,Phở Vịt Quay & Bánh Cuốn Cao Bằng - Định Công,1423280,Phở - Bún Vịt Quay,9774879,Phở ba chỉ lạp sườn,Khách note dùm quán ăn phở khô Cao Bằng hay phở tươi Hà Nội nhé,50000.0,50000.0,7,0,0,4,5,https://media.be.com.vn/be-food/image/af282a37-7c08-11f0-8b11-e6e7ca75c48c/resized_thumbnail_w1080_h1080,pho-ba-chi-lap-suon,
116156,116156,Phở Vịt Quay & Bánh Cuốn Cao Bằng - Định Công,1423280,Phở - Bún Vịt Quay,9774880,Phở vịt quay đùi lạp sườn,Phở vịt đùi và lạp sườn Hun bã mía thơm ngon . Có hai loại phở khô Cao Bằng và phở tươi Hà Nội ạ,60000.0,60000.0,5,0,0,4,6,https://media.be.com.vn/be-food/image/988c1540-7c08-11f0-9063-66448d787802/resized_thumbnail_w1080_h1080,pho-vit-quay-dui-lap-suon,
116156,116156,Phở Vịt Quay & Bánh Cuốn Cao Bằng - Định Công,1423280,Phở - Bún Vịt Quay,9774888,Phở heo quay trộn,,55000.0,55000.0,5,0,0,4,7,https://media.be.com.vn/be-food/image/8e3947a5-7c08-11f0-8021-922c9d42c616/resized_thumbnail_w1080_h1080,pho-heo-quay-tron,
116156,116156,Phở Vịt Quay & Bánh Cuốn Cao Bằng - Định Công,1423280,Phở - Bún Vịt Quay,9774889,Phở vịt quay trộn,,60000.0,60000.0,9,0,0,4,8,https://media.be.com.vn/be-food/image/8740d959-7c08-11f0-b84b-3a4f2a37a94e/resized_thumbnail_w1080_h1080,pho-vit-quay-tron,
116156,116156,Phở Vịt Quay & Bánh Cuốn Cao Bằng - Định Công,1423280,Phở - Bún Vịt Quay,9941623,Phở Vịt Quay,1k+ đã bán,55000.0,55000.0,17,0,0,4,9,https://media.be.com.vn/be-food/image/fc6b46b2-7c16-11f0-8b11-e6e7ca75c48c/resized_thumbnail_w1080_h1080,pho-vit-quay,
116156,116156,Phở Vịt Quay & Bánh Cuốn Cao Bằng - Định Công,1423281,Đồ Ăn Vặt,9774887,Thạch găng nước đường hoa nhài,Thạch găng hộp 1kg tặng kèm nước đường hoa nhài,50000.0,50000.0,0,0,0,5,7,https://media.be.com.vn/be-food/image/010e4357-7c09-11f0-b84b-3a4f2a37a94e/resized_thumbnail_w1080_h1080,thach-gang-nuoc-duong-hoa-nhai,
41570,41570,Bánh Cuốn Nóng Hương Thơm - Tràng Tiền,429219,MENU,2913435,Bánh Cuốn Thịt,Đã Bao Gồm Tiền Hộp,40000.0,40000.0,201,0,0,1,1,https://media.be.com.vn/be-food/image/d0368691-404c-11ee-8e31-f638ae20f033/resized_thumbnail_w1080_h1080,banh-cuon-thit,
41570,41570,Bánh Cuốn Nóng Hương Thơm - Tràng Tiền,429219,MENU,2913436,Trứng Hấp,Đã Bao Gồm Tiền Hộp,20000.0,20000.0,89,0,0,1,2,https://media.be.com.vn/be-food/image/d022c031-404c-11ee-b2af-3ea2e1c5510b/resized_thumbnail_w1080_h1080,trung-hap,
41570,41570,Bánh Cuốn Nóng Hương Thơm - Tràng Tiền,429219,MENU,2913437,Chả Quế,Đã Bao Gồm Tiền Hộp,20000.0,20000.0,11,0,0,1,3,https://media.be.com.vn/bizops/image/4802ad27-a36b-11f0-b84b-3a4f2a37a94e/original,cha-que,
41570,41570,Bánh Cuốn Nóng Hương Thơm - Tràng Tiền,429219,MENU,2913438,Bánh Cuốn Thịt Lạp Xưởng,Đã Bao Gồm Tiền Hộp,50000.0,50000.0,26,1,1,1,4,https://media.be.com.vn/be-food/image/cfe9ed3e-404c-11ee-8e31-f638ae20f033/resized_thumbnail_w1080_h1080,banh-cuon-thit-lap-xuong,
41570,41570,Bánh Cuốn Nóng Hương Thơm - Tràng Tiền,429219,MENU,2913439,Bánh Cuốn Thịt Chả Quế,Đã Bao Gồm Tiền Hộp,50000.0,50000.0,165,1,0,1,5,https://media.be.com.vn/be-food/image/cfd9ec77-404c-11ee-8146-82365e52a8ee/resized_thumbnail_w1080_h1080,banh-cuon-thit-cha-que,
41570,41570,Bánh Cuốn Nóng Hương Thơm - Tràng Tiền,429219,MENU,2913440,Bánh Cuốn Thịt Ruốc Tôm,Đã Bao Gồm Tiền Hộp,50000.0,50000.0,50,1,0,1,6,https://media.be.com.vn/be-food/image/cfc311da-404c-11ee-b2af-3ea2e1c5510b/resized_thumbnail_w1080_h1080,banh-cuon-thit-ruoc-tom,
41570,41570,Bánh Cuốn Nóng Hương Thơm - Tràng Tiền,429219,MENU,2913441,Bánh Cuốn Trứng Đánh,Đã Bao Gồm Tiền Hộp,40000.0,40000.0,27,0,0,1,7,https://media.be.com.vn/be-food/image/cf8fed1c-404c-11ee-8146-82365e52a8ee/resized_thumbnail_w1080_h1080,banh-cuon-trung-danh,
41570,41570,Bánh Cuốn Nóng Hương Thơm - Tràng Tiền,429219,MENU,2913442,Bánh Cuốn Thịt Chả Mỡ,Đã bao gồm tiền hôpj,50000.0,50000.0,79,0,0,1,8,https://media.be.com.vn/be-food/image/cf7e46c7-404c-11ee-bfaa-82e52b34e173/resized_thumbnail_w1080_h1080,banh-cuon-thit-cha-mo,
41570,41570,Bánh Cuốn Nóng Hương Thơm - Tràng Tiền,429219,MENU,2913443,Bánh Cuốn Chay,Đã Bao Gồm Tiền Hộp,30000.0,30000.0,51,0,0,1,9,https://media.be.com.vn/be-food/image/cf718d29-404c-11ee-b2af-3ea2e1c5510b/resized_thumbnail_w1080_h1080,banh-cuon-chay,
41570,41570,Bánh Cuốn Nóng Hương Thơm - Tràng Tiền,429219,MENU,2913444,Lạp Xưởng,Đã Bao Gồm Tiền Hộp,20000.0,20000.0,20,0,0,1,10,https://media.be.com.vn/be-food/image/cf36a8a3-404c-11ee-8146-82365e52a8ee/resized_thumbnail_w1080_h1080,lap-xuong,
41570,41570,Bánh Cuốn Nóng Hương Thơm - Tràng Tiền,429219,MENU,2913445,Chả Mỡ,Đã Bao Gồm Tiền Hộp,20000.0,20000.0,28,0,0,1,11,https://media.be.com.vn/be-food/image/cf2a907d-404c-11ee-b2af-3ea2e1c5510b/resized_thumbnail_w1080_h1080,cha-mo,
41570,41570,Bánh Cuốn Nóng Hương Thơm - Tràng Tiền,429219,MENU,2913446,BÚN CHẢ,Đã Bao Gồm Tiền Hộp,75000.0,75000.0,0,0,0,1,12,https://media.be.com.vn/bizops/image/be23ddbd-2ef7-11f1-b197-ce3d3ce291c1/original,bun-cha,
20226,20226,Phở Lưu - Phở Bò & Cơm Rang - Tam Trinh,1538001,Cơm trắng,10438154,CƠM TRẮNG + đùi gà,,50000.0,50000.0,1,0,0,2,1,https://media.be.com.vn/be-food/image/d35ca223-afca-11f0-9063-66448d787802/resized_thumbnail_w1080_h1080,com-trang-dui-ga,
20226,20226,Phở Lưu - Phở Bò & Cơm Rang - Tam Trinh,1538001,Cơm trắng,10438177,CƠM TRẮNG + dưa bò xào,Cơm trắng + dưa bò xào,50000.0,50000.0,3,0,0,2,2,https://media.be.com.vn/be-food/image/06b58e61-afcb-11f0-8021-922c9d42c616/resized_thumbnail_w1080_h1080,com-trang-dua-bo-xao,
20226,20226,Phở Lưu - Phở Bò & Cơm Rang - Tam Trinh,1538001,Cơm trắng,10438465,CƠM TRẮNG + cải bò xào,Cơm trắng + cải bò xào,50000.0,50000.0,6,1,0,2,3,https://media.be.com.vn/be-food/image/e3ab3983-afcb-11f0-8b11-e6e7ca75c48c/resized_thumbnail_w1080_h1080,com-trang-cai-bo-xao,
20226,20226,Phở Lưu - Phở Bò & Cơm Rang - Tam Trinh,1538001,Cơm trắng,10438615,CƠM TRẮNG + thịt heo quay,Cơm trắng + thịt heo quay + dưa chuột,50000.0,50000.0,2,0,0,2,4,https://media.be.com.vn/be-food/image/4931edba-afd0-11f0-b84b-3a4f2a37a94e/resized_thumbnail_w1080_h1080,com-trang-thit-heo-quay,
20226,20226,Phở Lưu - Phở Bò & Cơm Rang - Tam Trinh,84694,Cơm rang,651419,Cơm Rang Dưa Bò Xào Riêng,,50000.0,50000.0,496,1,1,3,1,https://media.be.com.vn/be-food/image/c24968d8-0daf-11ee-bfaa-82e52b34e173/resized_thumbnail_w1080_h1080,com-rang-dua-bo-xao-rieng,
20226,20226,Phở Lưu - Phở Bò & Cơm Rang - Tam Trinh,84694,Cơm rang,1032217,Cơm rang xào cải bò,,52000.0,52000.0,72,0,1,3,2,https://media.be.com.vn/be-food/image/3d3756b1-0db0-11ee-8e31-f638ae20f033/original,com-rang-xao-cai-bo,
20226,20226,Phở Lưu - Phở Bò & Cơm Rang - Tam Trinh,84694,Cơm rang,651417,Cơm Rang Dưa Bò Xào Chung,,45000.0,45000.0,382,1,2,3,3,https://media.be.com.vn/be-food/image/b08e985f-0daf-11ee-b2af-3ea2e1c5510b/resized_thumbnail_w1080_h1080,com-rang-dua-bo-xao-chung,
20226,20226,Phở Lưu - Phở Bò & Cơm Rang - Tam Trinh,84694,Cơm rang,651424,Cơm Rang Đùi Gà,,50000.0,50000.0,241,1,0,3,4,https://media.be.com.vn/be-food/image/33a22f35-0db0-11ee-b2af-3ea2e1c5510b/resized_thumbnail_w1080_h1080,com-rang-dui-ga,
20226,20226,Phở Lưu - Phở Bò & Cơm Rang - Tam Trinh,84694,Cơm rang,651418,Cơm Rang Thập Cẩm,,40000.0,40000.0,214,1,1,3,5,https://media.be.com.vn/be-food/image/b567dfd4-0daf-11ee-8e31-f638ae20f033/resized_thumbnail_w1080_h1080,com-rang-thap-cam,
20226,20226,Phở Lưu - Phở Bò & Cơm Rang - Tam Trinh,84694,Cơm rang,1032223,Cơm rang xúc xích,,45000.0,45000.0,16,0,0,3,6,https://media.be.com.vn/be-food/image/45b74c39-0db0-11ee-8e31-f638ae20f033/original,com-rang-xuc-xich,
20226,20226,Phở Lưu - Phở Bò & Cơm Rang - Tam Trinh,84694,Cơm rang,1032227,Cơm rang trứng,,40000.0,40000.0,9,0,0,3,7,https://media.be.com.vn/be-food/image/5aa17563-0db0-11ee-8e31-f638ae20f033/resized_thumbnail_w1080_h1080,com-rang-trung,
20226,20226,Phở Lưu - Phở Bò & Cơm Rang - Tam Trinh,84694,Cơm rang,10426780,Cơm rang sườn,,50000.0,50000.0,8,0,1,3,8,https://media.be.com.vn/be-food/image/057d9ce8-ae9f-11f0-8021-922c9d42c616/resized_thumbnail_w1080_h1080,com-rang-suon,
20226,20226,Phở Lưu - Phở Bò & Cơm Rang - Tam Trinh,1533708,"Món chiên, rán",10485761,Đùi gà sốt chua ngọt,1 cái,36000.0,36000.0,4,0,0,4,3,https://media.be.com.vn/be-food/image/ed89bd8b-b4ca-11f0-b84b-3a4f2a37a94e/resized_thumbnail_w1080_h1080,dui-ga-sot-chua-ngot,
20226,20226,Phở Lưu - Phở Bò & Cơm Rang - Tam Trinh,1538058,Món xào,651420,Phở Xào Bò Mềm,,60000.0,60000.0,211,1,1,5,1,https://media.be.com.vn/be-food/image/cf1c910f-0daf-11ee-b2af-3ea2e1c5510b/original,pho-xao-bo-mem,
20226,20226,Phở Lưu - Phở Bò & Cơm Rang - Tam Trinh,1538058,Món xào,651421,Phở Xào Bò Giòn,,65000.0,65000.0,65,0,0,5,2,https://media.be.com.vn/be-food/image/ff0f2847-0daf-11ee-bfaa-82e52b34e173/original,pho-xao-bo-gion,
20226,20226,Phở Lưu - Phở Bò & Cơm Rang - Tam Trinh,1538058,Món xào,651422,Mì Xào Bò Mềm,,55000.0,55000.0,145,0,0,5,3,https://media.be.com.vn/be-food/image/0a0166d4-0db0-11ee-b2af-3ea2e1c5510b/resized_thumbnail_w1080_h1080,mi-xao-bo-mem,
20226,20226,Phở Lưu - Phở Bò & Cơm Rang - Tam Trinh,1538058,Món xào,651423,Mì Xào Bò Giòn,,65000.0,65000.0,30,0,1,5,4,https://media.be.com.vn/be-food/image/162238b7-0db0-11ee-8e31-f638ae20f033/original,mi-xao-bo-gion,
20226,20226,Phở Lưu - Phở Bò & Cơm Rang - Tam Trinh,1538063,Giải khát,10438603,Beer Hà Nội,Bia Hà Nội,23000.0,23000.0,0,0,0,6,6,https://media.be.com.vn/be-food/image/e2a7c07a-afce-11f0-8b11-e6e7ca75c48c/resized_thumbnail_w1080_h1080,beer-ha-noi,
20226,20226,Phở Lưu - Phở Bò & Cơm Rang - Tam Trinh,1538063,Giải khát,12065334,Bò húc Thái,,23000.0,23000.0,3,0,0,6,10,https://media.be.com.vn/be-food/image/43873090-b262-11f0-9063-66448d787802/thumbnail,bo-huc-thai,
21224,21224,Phở Cồ Gia Truyền - Phở Bò & Cơm Rang,89402,Phở,684101,Phở Chín,,50000.0,50000.0,292,3,0,1,1,https://media.be.com.vn/be-food/image/6b3b372a-f758-11ec-9a9e-de6dabbc786c/original,pho-chin,
21224,21224,Phở Cồ Gia Truyền - Phở Bò & Cơm Rang,89402,Phở,684102,Phở Xào,,55000.0,55000.0,141,4,0,1,2,https://media.be.com.vn/be-food/image/61233e60-f758-11ec-95a6-ee268e4432f7/original,pho-xao,
21224,21224,Phở Cồ Gia Truyền - Phở Bò & Cơm Rang,89402,Phở,684103,Phở Tái Chín,,50000.0,50000.0,348,0,0,1,3,https://media.be.com.vn/be-food/image/525d47ae-f758-11ec-9a9e-de6dabbc786c/original,pho-tai-chin,
21224,21224,Phở Cồ Gia Truyền - Phở Bò & Cơm Rang,89402,Phở,684104,Phở Tái Gầu,,50000.0,50000.0,308,1,3,1,4,https://media.be.com.vn/be-food/image/4817cfa1-f758-11ec-9a9e-de6dabbc786c/original,pho-tai-gau,
21224,21224,Phở Cồ Gia Truyền - Phở Bò & Cơm Rang,89402,Phở,684106,Phở Tái Nạm,,50000.0,50000.0,73,1,1,1,5,https://media.be.com.vn/be-food/image/2eeaa65f-f758-11ec-9a9e-de6dabbc786c/original,pho-tai-nam,
21224,21224,Phở Cồ Gia Truyền - Phở Bò & Cơm Rang,89402,Phở,684107,Phở Áp Chảo,,55000.0,55000.0,23,1,1,1,6,https://media.be.com.vn/be-food/image/156f4cff-f758-11ec-9a9e-de6dabbc786c/original,pho-ap-chao,
21224,21224,Phở Cồ Gia Truyền - Phở Bò & Cơm Rang,89402,Phở,684108,Phở Tái,,50000.0,50000.0,50,0,0,1,7,https://media.be.com.vn/be-food/image/0955b7b3-f758-11ec-9a9e-de6dabbc786c/original,pho-tai,
21224,21224,Phở Cồ Gia Truyền - Phở Bò & Cơm Rang,89402,Phở,684109,Phở Tái Lăn,,55000.0,55000.0,43,1,0,1,8,https://media.be.com.vn/be-food/image/fa6b0fff-f757-11ec-9a9e-de6dabbc786c/original,pho-tai-lan,
21224,21224,Phở Cồ Gia Truyền - Phở Bò & Cơm Rang,89403,Cơm rang - mì,684110,Cơm Rang Dưa Bò,,55000.0,55000.0,453,4,0,2,1,https://media.be.com.vn/be-food/image/e767db5a-f758-11ec-95a6-ee268e4432f7/original,com-rang-dua-bo,
21224,21224,Phở Cồ Gia Truyền - Phở Bò & Cơm Rang,89403,Cơm rang - mì,684111,Cơm Rang Cải Bò,,55000.0,55000.0,133,1,2,2,2,https://media.be.com.vn/be-food/image/db14eb39-f758-11ec-95a6-ee268e4432f7/original,com-rang-cai-bo,
21224,21224,Phở Cồ Gia Truyền - Phở Bò & Cơm Rang,89403,Cơm rang - mì,684112,Cơm Rang Thập Cẩm Bò,,50000.0,50000.0,57,1,1,2,3,https://media.be.com.vn/be-food/image/cfa16c5f-f758-11ec-95a6-ee268e4432f7/original,com-rang-thap-cam-bo,
21224,21224,Phở Cồ Gia Truyền - Phở Bò & Cơm Rang,89403,Cơm rang - mì,684113,Cơm Rang Thập Cẩm,,45000.0,45000.0,86,2,0,2,4,https://media.be.com.vn/be-food/image/c01586e2-f758-11ec-812c-da4e9217aaad/original,com-rang-thap-cam,
21224,21224,Phở Cồ Gia Truyền - Phở Bò & Cơm Rang,89403,Cơm rang - mì,684114,Mì Xào,,55000.0,55000.0,50,0,0,2,5,https://media.be.com.vn/be-food/image/b1cb8e1e-f758-11ec-812c-da4e9217aaad/original,mi-xao,
21224,21224,Phở Cồ Gia Truyền - Phở Bò & Cơm Rang,89403,Cơm rang - mì,684115,Cơm Rang Bò Lẫn,,55000.0,55000.0,13,0,0,2,6,https://media.be.com.vn/be-food/image/a3861b8a-f758-11ec-95a6-ee268e4432f7/original,com-rang-bo-lan,
21224,21224,Phở Cồ Gia Truyền - Phở Bò & Cơm Rang,89403,Cơm rang - mì,684116,Cơm Rang Lẫn Bò,,55000.0,55000.0,22,1,1,2,7,https://media.be.com.vn/be-food/image/942ea9eb-f758-11ec-95a6-ee268e4432f7/original,com-rang-lan-bo,
7240,7240,"Cơm Gà, Mì Cay & Mì Trộn Bếp Nhà Cám - Tôn Đức Thắng",21490,CƠM GÀ,213132,Cơm gà giòn không xương,Cơm trắng -Má đùi - khoai tây - salad - canh,50000.0,58000.0,410,8,0,1,1,https://media.be.com.vn/be-food/image/fcc293a3-e700-11f0-9063-66448d787802/resized_thumbnail_w1080_h1080,com-ga-gion-khong-xuong,
7240,7240,"Cơm Gà, Mì Cay & Mì Trộn Bếp Nhà Cám - Tôn Đức Thắng",21490,CƠM GÀ,213135,Cơm gà sốt cay ngọt,Ngẫu nhiên đùi hoặc cánh hoặc má đùi nếu khách yêu câuf,53000.0,60000.0,147,3,1,1,2,https://media.be.com.vn/be-food/image/c3f46761-e700-11f0-8021-922c9d42c616/resized_thumbnail_w1080_h1080,com-ga-sot-cay-ngot,
7240,7240,"Cơm Gà, Mì Cay & Mì Trộn Bếp Nhà Cám - Tôn Đức Thắng",21490,CƠM GÀ,213137,Cơm gà sốt cay hàn quốc ( rất cay),"Ngẫu nhiên đùi,cánh,má đùi hoặc khách lưu ý riêng",53000.0,60000.0,43,1,0,1,3,https://media.be.com.vn/be-food/image/ac25f8d6-e700-11f0-b84b-3a4f2a37a94e/resized_thumbnail_w1080_h1080,com-ga-sot-cay-han-quoc-rat-cay,
7240,7240,"Cơm Gà, Mì Cay & Mì Trộn Bếp Nhà Cám - Tôn Đức Thắng",21490,CƠM GÀ,213139,Cơm gà sốt mật ong,"Ngẫu nhiên đùi,cánh,má đùi hoặc khách lưu ý riêng",53000.0,60000.0,47,2,0,1,4,https://media.be.com.vn/be-food/image/7235730a-e700-11f0-8021-922c9d42c616/resized_thumbnail_w1080_h1080,com-ga-sot-mat-ong,
7240,7240,"Cơm Gà, Mì Cay & Mì Trộn Bếp Nhà Cám - Tôn Đức Thắng",21490,CƠM GÀ,213141,Cơm gà sốt teriyaky,,53000.0,60000.0,39,4,0,1,5,https://media.be.com.vn/be-food/image/891e631c-e6b5-11f0-9063-66448d787802/resized_thumbnail_w1080_h1080,com-ga-sot-teriyaky,
7240,7240,"Cơm Gà, Mì Cay & Mì Trộn Bếp Nhà Cám - Tôn Đức Thắng",21490,CƠM GÀ,213142,Cơm đùi gà,,50000.0,58000.0,32,0,0,1,6,https://media.be.com.vn/be-food/image/5f1d806e-e6b5-11f0-b84b-3a4f2a37a94e/resized_thumbnail_w1080_h1080,com-dui-ga,
7240,7240,"Cơm Gà, Mì Cay & Mì Trộn Bếp Nhà Cám - Tôn Đức Thắng",21490,CƠM GÀ,213143,Cơm gà sốt mắm tỏi,Cơm đùi gà tắm mắm + salad + canh,53000.0,60000.0,68,0,1,1,7,https://media.be.com.vn/bizops/image/e4148475-a57d-11f0-b84b-3a4f2a37a94e/original,com-ga-sot-mam-toi,
7240,7240,"Cơm Gà, Mì Cay & Mì Trộn Bếp Nhà Cám - Tôn Đức Thắng",21490,CƠM GÀ,274151,Cơm gà sốt phomai,,53000.0,60000.0,202,1,0,1,9,https://media.be.com.vn/be-food/image/bd8d6daf-e6b4-11f0-8021-922c9d42c616/resized_thumbnail_w1080_h1080,com-ga-sot-phomai,
7240,7240,"Cơm Gà, Mì Cay & Mì Trộn Bếp Nhà Cám - Tôn Đức Thắng",21490,CƠM GÀ,9876643,cơm gà viên popcorn,,50000.0,58000.0,23,1,0,1,10,https://media.be.com.vn/be-food/image/c76dd91f-e6b3-11f0-8021-922c9d42c616/resized_thumbnail_w1080_h1080,com-ga-vien-popcorn,
7240,7240,"Cơm Gà, Mì Cay & Mì Trộn Bếp Nhà Cám - Tôn Đức Thắng",21490,CƠM GÀ,11078041,Cơm gà sốt tonkatsu,,53000.0,60000.0,14,0,0,1,11,https://media.be.com.vn/be-food/image/42e3413e-e701-11f0-b84b-3a4f2a37a94e/resized_thumbnail_w1080_h1080,com-ga-sot-tonkatsu,
7240,7240,"Cơm Gà, Mì Cay & Mì Trộn Bếp Nhà Cám - Tôn Đức Thắng",1708715,Mì cay - tokbokki,11020631,tokboki lắc phomai,,27000.0,30000.0,6,0,0,2,1,https://media.be.com.vn/be-food/image/ab187874-085d-11f0-81cc-d24fde1987a0/resized_thumbnail_w1080_h1080,tokboki-lac-phomai,
7240,7240,"Cơm Gà, Mì Cay & Mì Trộn Bếp Nhà Cám - Tôn Đức Thắng",1708715,Mì cay - tokbokki,11020636,tokboki xào cay,,35000.0,40000.0,4,0,0,2,2,https://media.be.com.vn/be-food/image/baa6f117-085c-11f0-8d88-0695c6df6d37/resized_thumbnail_w1080_h1080,tokboki-xao-cay,
7240,7240,"Cơm Gà, Mì Cay & Mì Trộn Bếp Nhà Cám - Tôn Đức Thắng",1708715,Mì cay - tokbokki,11020637,tokboki xào phomai,,35000.0,40000.0,1,0,0,2,3,https://media.be.com.vn/be-food/image/ddd0a98a-085c-11f0-8d88-0695c6df6d37/resized_thumbnail_w1080_h1080,tokboki-xao-phomai,
7240,7240,"Cơm Gà, Mì Cay & Mì Trộn Bếp Nhà Cám - Tôn Đức Thắng",1708715,Mì cay - tokbokki,11078067,Mì xào tokboki,,43000.0,50000.0,4,0,0,2,4,https://media.be.com.vn/be-food/image/e2ba7788-e703-11f0-b84b-3a4f2a37a94e/resized_thumbnail_w1080_h1080,mi-xao-tokboki,
7240,7240,"Cơm Gà, Mì Cay & Mì Trộn Bếp Nhà Cám - Tôn Đức Thắng",1708715,Mì cay - tokbokki,11078100,Mì cay cá viên xúc xích,,39000.0,45000.0,37,0,1,2,5,https://media.be.com.vn/be-food/image/c89dd645-e706-11f0-8b11-e6e7ca75c48c/resized_thumbnail_w1080_h1080,mi-cay-ca-vien-xuc-xich,
7240,7240,"Cơm Gà, Mì Cay & Mì Trộn Bếp Nhà Cám - Tôn Đức Thắng",1708715,Mì cay - tokbokki,11078110,Mì cay xúc xích - bò mỹ,,49000.0,55000.0,59,0,1,2,6,https://media.be.com.vn/be-food/image/ff3a565f-20fc-11f1-b197-ce3d3ce291c1/resized_thumbnail_w1080_h1080,mi-cay-xuc-xich-bo-my,
7240,7240,"Cơm Gà, Mì Cay & Mì Trộn Bếp Nhà Cám - Tôn Đức Thắng",1708715,Mì cay - tokbokki,11078120,Mì cay thập cẩm,,52000.0,60000.0,35,0,0,2,7,https://media.be.com.vn/be-food/image/f1cc0222-20fc-11f1-b63c-1ec8367384f0/resized_thumbnail_w1080_h1080,mi-cay-thap-cam,
7240,7240,"Cơm Gà, Mì Cay & Mì Trộn Bếp Nhà Cám - Tôn Đức Thắng",1708715,Mì cay - tokbokki,11078122,Mì cay full topping,,56000.0,65000.0,19,0,0,2,8,https://media.be.com.vn/be-food/image/e11f6752-20fc-11f1-b63c-1ec8367384f0/resized_thumbnail_w1080_h1080,mi-cay-full-topping,
7240,7240,"Cơm Gà, Mì Cay & Mì Trộn Bếp Nhà Cám - Tôn Đức Thắng",1708715,Mì cay - tokbokki,11078751,Gà viên chiên tok cay ngọt,,40000.0,45000.0,9,0,1,2,9,https://media.be.com.vn/be-food/image/fb96feac-e771-11f0-8b11-e6e7ca75c48c/resized_thumbnail_w1080_h1080,ga-vien-chien-tok-cay-ngot,
7240,7240,"Cơm Gà, Mì Cay & Mì Trộn Bếp Nhà Cám - Tôn Đức Thắng",1709267,Mì trộn - mì ý - nui,11078753,Mì trộn rau củ ( tự chọn topping),,18000.0,20000.0,3,0,0,3,1,https://media.be.com.vn/be-food/image/59e156e6-e772-11f0-8b11-e6e7ca75c48c/resized_thumbnail_w1080_h1080,mi-tron-rau-cu-tu-chon-topping,
7240,7240,"Cơm Gà, Mì Cay & Mì Trộn Bếp Nhà Cám - Tôn Đức Thắng",1709267,Mì trộn - mì ý - nui,11078755,mì trộn xúc xích,,27000.0,30000.0,1,0,0,3,2,https://media.be.com.vn/be-food/image/95d60af8-e772-11f0-b84b-3a4f2a37a94e/resized_thumbnail_w1080_h1080,mi-tron-xuc-xich,
7240,7240,"Cơm Gà, Mì Cay & Mì Trộn Bếp Nhà Cám - Tôn Đức Thắng",1709267,Mì trộn - mì ý - nui,11078758,mì trộn gà viên,,35000.0,40000.0,2,0,0,3,3,https://media.be.com.vn/be-food/image/bd18fc85-e772-11f0-9063-66448d787802/resized_thumbnail_w1080_h1080,mi-tron-ga-vien,
7240,7240,"Cơm Gà, Mì Cay & Mì Trộn Bếp Nhà Cám - Tôn Đức Thắng",1709267,Mì trộn - mì ý - nui,11078760,mì trộn thập cẩm 7topping,,30000.0,35000.0,4,0,0,3,4,https://media.be.com.vn/be-food/image/00f8ec9a-e773-11f0-8b11-e6e7ca75c48c/resized_thumbnail_w1080_h1080,mi-tron-thap-cam-7topping,
7240,7240,"Cơm Gà, Mì Cay & Mì Trộn Bếp Nhà Cám - Tôn Đức Thắng",1709267,Mì trộn - mì ý - nui,11078763,mì trộn full topping,,37000.0,45000.0,2,0,0,3,5,https://media.be.com.vn/be-food/image/2bf9f7ea-e773-11f0-b84b-3a4f2a37a94e/resized_thumbnail_w1080_h1080,mi-tron-full-topping,
7240,7240,"Cơm Gà, Mì Cay & Mì Trộn Bếp Nhà Cám - Tôn Đức Thắng",1709267,Mì trộn - mì ý - nui,11083837,Mì tương đen trứng ốp,mì koreno,27000.0,30000.0,8,0,0,3,6,https://media.be.com.vn/be-food/image/ffcc2b01-e89b-11f0-b84b-3a4f2a37a94e/resized_thumbnail_w1080_h1080,mi-tuong-den-trung-op,
7240,7240,"Cơm Gà, Mì Cay & Mì Trộn Bếp Nhà Cám - Tôn Đức Thắng",1709267,Mì trộn - mì ý - nui,11083839,Mì tương đen xúc xích,mì koreno,27000.0,30000.0,0,0,0,3,7,https://media.be.com.vn/be-food/image/52b16ef4-e89c-11f0-8021-922c9d42c616/resized_thumbnail_w1080_h1080,mi-tuong-den-xuc-xich,
7240,7240,"Cơm Gà, Mì Cay & Mì Trộn Bếp Nhà Cám - Tôn Đức Thắng",1709267,Mì trộn - mì ý - nui,11083841,Mì tương đen thịt băm,mì koreno,31000.0,35000.0,3,0,0,3,8,https://media.be.com.vn/be-food/image/6ce0bfcb-e89c-11f0-8b11-e6e7ca75c48c/resized_thumbnail_w1080_h1080,mi-tuong-den-thit-bam,
7240,7240,"Cơm Gà, Mì Cay & Mì Trộn Bếp Nhà Cám - Tôn Đức Thắng",1709267,Mì trộn - mì ý - nui,11083845,Mì ý thịt băm sốt cà chua,,44000.0,50000.0,5,0,0,3,9,https://media.be.com.vn/be-food/image/015bc270-e89d-11f0-9063-66448d787802/resized_thumbnail_w1080_h1080,mi-y-thit-bam-sot-ca-chua,
7240,7240,"Cơm Gà, Mì Cay & Mì Trộn Bếp Nhà Cám - Tôn Đức Thắng",1709267,Mì trộn - mì ý - nui,11083847,Mì ý xúc xích sốt cà chua,,40000.0,45000.0,2,0,0,3,10,https://media.be.com.vn/bizops/image/945421f4-a363-11f0-b84b-3a4f2a37a94e/original,mi-y-xuc-xich-sot-ca-chua,
7240,7240,"Cơm Gà, Mì Cay & Mì Trộn Bếp Nhà Cám - Tôn Đức Thắng",1709267,Mì trộn - mì ý - nui,11083850,Mì ý xúc xích sốt kem,,44000.0,50000.0,5,0,0,3,11,https://media.be.com.vn/be-food/image/614405d6-e89d-11f0-8021-922c9d42c616/resized_thumbnail_w1080_h1080,mi-y-xuc-xich-sot-kem,
7240,7240,"Cơm Gà, Mì Cay & Mì Trộn Bếp Nhà Cám - Tôn Đức Thắng",1709267,Mì trộn - mì ý - nui,11083856,Mì ý jambong sốt kem,,48000.0,55000.0,2,0,0,3,12,https://media.be.com.vn/be-food/image/9fdc48c7-e89d-11f0-9063-66448d787802/resized_thumbnail_w1080_h1080,mi-y-jambong-sot-kem,
7240,7240,"Cơm Gà, Mì Cay & Mì Trộn Bếp Nhà Cám - Tôn Đức Thắng",1710881,Gà rán - Gà sốt,11084158,Đùi gà rán,,35000.0,38000.0,0,0,0,4,1,https://media.be.com.vn/be-food/image/71c63603-e8ca-11f0-9063-66448d787802/resized_thumbnail_w1080_h1080,dui-ga-ran,
7240,7240,"Cơm Gà, Mì Cay & Mì Trộn Bếp Nhà Cám - Tôn Đức Thắng",1710881,Gà rán - Gà sốt,11084162,Gà giòn không xương,,35000.0,38000.0,2,0,0,4,2,https://media.be.com.vn/be-food/image/cc3a4e61-e8ca-11f0-b84b-3a4f2a37a94e/resized_thumbnail_w1080_h1080,ga-gion-khong-xuong,
7240,7240,"Cơm Gà, Mì Cay & Mì Trộn Bếp Nhà Cám - Tôn Đức Thắng",1710881,Gà rán - Gà sốt,11084164,Gà viên lắc phomai,,38000.0,40000.0,1,0,0,4,3,https://media.be.com.vn/bizops/image/5cbfc425-a3f9-11f0-8b11-e6e7ca75c48c/original,ga-vien-lac-phomai,
7240,7240,"Cơm Gà, Mì Cay & Mì Trộn Bếp Nhà Cám - Tôn Đức Thắng",1710881,Gà rán - Gà sốt,11084166,Gà sốt cay ngọt,,40000.0,45000.0,4,0,0,4,4,https://media.be.com.vn/be-food/image/1635bd06-e8cb-11f0-b84b-3a4f2a37a94e/resized_thumbnail_w1080_h1080,ga-sot-cay-ngot,
7240,7240,"Cơm Gà, Mì Cay & Mì Trộn Bếp Nhà Cám - Tôn Đức Thắng",1710881,Gà rán - Gà sốt,11084168,Gà sốt cay hàn quốc ( rất cay),,40000.0,45000.0,2,0,0,4,5,https://media.be.com.vn/be-food/image/3769a5ed-e8cb-11f0-9063-66448d787802/resized_thumbnail_w1080_h1080,ga-sot-cay-han-quoc-rat-cay,
7240,7240,"Cơm Gà, Mì Cay & Mì Trộn Bếp Nhà Cám - Tôn Đức Thắng",1710881,Gà rán - Gà sốt,11084170,Gà sốt mật ong,,40000.0,45000.0,0,0,0,4,6,https://media.be.com.vn/be-food/image/618f441e-e8cb-11f0-8b11-e6e7ca75c48c/resized_thumbnail_w1080_h1080,ga-sot-mat-ong,
7240,7240,"Cơm Gà, Mì Cay & Mì Trộn Bếp Nhà Cám - Tôn Đức Thắng",1710881,Gà rán - Gà sốt,11084172,Gà sốt mắm tỏi,,40000.0,45000.0,0,0,0,4,7,https://media.be.com.vn/be-food/image/80cf5b8b-e8cb-11f0-8b11-e6e7ca75c48c/resized_thumbnail_w1080_h1080,ga-sot-mam-toi,
7240,7240,"Cơm Gà, Mì Cay & Mì Trộn Bếp Nhà Cám - Tôn Đức Thắng",1710881,Gà rán - Gà sốt,11084174,Gà sốt teriyaki,,40000.0,45000.0,2,0,0,4,8,https://media.be.com.vn/be-food/image/c46dc274-e8cb-11f0-9063-66448d787802/resized_thumbnail_w1080_h1080,ga-sot-teriyaki,
7240,7240,"Cơm Gà, Mì Cay & Mì Trộn Bếp Nhà Cám - Tôn Đức Thắng",1710881,Gà rán - Gà sốt,11084176,Gà sốt phomai,,40000.0,45000.0,2,0,0,4,9,https://media.be.com.vn/be-food/image/e50dea3f-e8cb-11f0-9063-66448d787802/resized_thumbnail_w1080_h1080,ga-sot-phomai,
7240,7240,"Cơm Gà, Mì Cay & Mì Trộn Bếp Nhà Cám - Tôn Đức Thắng",1711466,Combo,11087682,combo gà khoai nước,,48000.0,55000.0,2,0,0,5,1,https://media.be.com.vn/be-food/image/08688afd-e95c-11f0-9063-66448d787802/resized_thumbnail_w1080_h1080,combo-ga-khoai-nuoc,
7240,7240,"Cơm Gà, Mì Cay & Mì Trộn Bếp Nhà Cám - Tôn Đức Thắng",1711466,Combo,11087686,Gà sốt mix vị,2 phần gà viên mix sốt tuỳ chọn,66000.0,75000.0,4,0,0,5,3,https://media.be.com.vn/be-food/image/827e767a-e95c-11f0-9063-66448d787802/resized_thumbnail_w1080_h1080,ga-sot-mix-vi,
20472,20472,"Bánh Cuốn, Bún Chả & Gà Tần - Đền Lừ 2",85837,Thực Đơn,659307,Bún chả,,45000.0,45000.0,296,1,1,1,1,https://media.be.com.vn/bizops/image/ce18e76e-61d7-11ee-b2af-3ea2e1c5510b/resized_thumbnail_w1080_h1080,bun-cha,
20472,20472,"Bánh Cuốn, Bún Chả & Gà Tần - Đền Lừ 2",85837,Thực Đơn,659308,Bánh cuốn ngon chả nướng,,45000.0,45000.0,289,2,0,1,2,https://media.be.com.vn/bizops/image/dc1c9d57-61d7-11ee-b2af-3ea2e1c5510b/resized_thumbnail_w1080_h1080,banh-cuon-ngon-cha-nuong,
20472,20472,"Bánh Cuốn, Bún Chả & Gà Tần - Đền Lừ 2",85837,Thực Đơn,659309,Bánh cuốn trứng chả nướng,,40000.0,40000.0,29,0,0,1,3,https://media.be.com.vn/bizops/image/eead3fa1-61d7-11ee-8146-82365e52a8ee/resized_thumbnail_w1080_h1080,banh-cuon-trung-cha-nuong,
20472,20472,"Bánh Cuốn, Bún Chả & Gà Tần - Đền Lừ 2",85837,Thực Đơn,659310,Bánh cuốn ngon chả quế,,45000.0,45000.0,68,0,0,1,4,https://media.be.com.vn/bizops/image/0bd9d395-61d8-11ee-b2af-3ea2e1c5510b/resized_thumbnail_w1080_h1080,banh-cuon-ngon-cha-que,
20472,20472,"Bánh Cuốn, Bún Chả & Gà Tần - Đền Lừ 2",85837,Thực Đơn,659311,Bánh cuốn trứng chả quế,,35000.0,35000.0,25,0,0,1,5,https://media.be.com.vn/bizops/image/16a69b77-61d8-11ee-b2af-3ea2e1c5510b/resized_thumbnail_w1080_h1080,banh-cuon-trung-cha-que,
20472,20472,"Bánh Cuốn, Bún Chả & Gà Tần - Đền Lừ 2",85837,Thực Đơn,659312,Bún chả thêm bún,,50000.0,50000.0,26,0,0,1,6,https://media.be.com.vn/bizops/image/25824599-61d8-11ee-b2af-3ea2e1c5510b/resized_thumbnail_w1080_h1080,bun-cha-them-bun,
20472,20472,"Bánh Cuốn, Bún Chả & Gà Tần - Đền Lừ 2",85837,Thực Đơn,659313,Bún chả thêm chả,,60000.0,60000.0,42,0,0,1,7,https://media.be.com.vn/bizops/image/305043c6-61d8-11ee-8146-82365e52a8ee/resized_thumbnail_w1080_h1080,bun-cha-them-cha,
20472,20472,"Bánh Cuốn, Bún Chả & Gà Tần - Đền Lừ 2",85837,Thực Đơn,659314,Banh cuốn ngon chả nướng - chả quế,Bánh thêm chả,55000.0,55000.0,63,0,0,1,8,https://media.be.com.vn/bizops/image/3847c906-61d8-11ee-b2af-3ea2e1c5510b/resized_thumbnail_w1080_h1080,banh-cuon-ngon-cha-nuong-cha-que,
20472,20472,"Bánh Cuốn, Bún Chả & Gà Tần - Đền Lừ 2",85837,Thực Đơn,659315,Bánh cuốn trứng chả nướng - chả quế,,50000.0,50000.0,25,3,0,1,9,https://media.be.com.vn/bizops/image/510348c6-61d8-11ee-8e31-f638ae20f033/resized_thumbnail_w1080_h1080,banh-cuon-trung-cha-nuong-cha-que,
20472,20472,"Bánh Cuốn, Bún Chả & Gà Tần - Đền Lừ 2",85837,Thực Đơn,659316,Bánh cuốn chả nướng thêm trứng,,60000.0,60000.0,33,0,1,1,10,https://media.be.com.vn/bizops/image/67e11ff4-61d8-11ee-8146-82365e52a8ee/resized_thumbnail_w1080_h1080,banh-cuon-cha-nuong-them-trung,
20472,20472,"Bánh Cuốn, Bún Chả & Gà Tần - Đền Lừ 2",85837,Thực Đơn,659317,Bánh cuốn ngon không chả,,35000.0,35000.0,16,0,0,1,11,https://media.be.com.vn/bizops/image/753e7216-61d8-11ee-8e31-f638ae20f033/resized_thumbnail_w1080_h1080,banh-cuon-ngon-khong-cha,
20472,20472,"Bánh Cuốn, Bún Chả & Gà Tần - Đền Lừ 2",85837,Thực Đơn,659319,Bánh cuốn chả quế thêm trứng,,60000.0,60000.0,18,0,0,1,13,https://media.be.com.vn/bizops/image/8bdeef80-61d8-11ee-8e31-f638ae20f033/resized_thumbnail_w1080_h1080,banh-cuon-cha-que-them-trung,
20472,20472,"Bánh Cuốn, Bún Chả & Gà Tần - Đền Lừ 2",85837,Thực Đơn,659320,Bánh cuốn trứng ngon không chả,,45000.0,45000.0,5,0,0,1,14,https://media.be.com.vn/bizops/image/a0014baf-61d8-11ee-bfaa-82e52b34e173/resized_thumbnail_w1080_h1080,banh-cuon-trung-ngon-khong-cha,
21413,21413,Phở Bò Hải Phòng - Phở Bò & Cơm Rang - Hoàng Mai,1540896,CƠM TRẮNG,10451391,CƠM TRẮNG + dưa bò xào,,53000.0,53000.0,2,0,0,2,1,https://media.be.com.vn/be-food/image/ed5730f5-b0e3-11f0-b84b-3a4f2a37a94e/resized_thumbnail_w1080_h1080,com-trang-dua-bo-xao,
21413,21413,Phở Bò Hải Phòng - Phở Bò & Cơm Rang - Hoàng Mai,1540896,CƠM TRẮNG,10451399,CƠM TRĂNG + cải bò xào,,53000.0,53000.0,4,0,0,2,2,https://media.be.com.vn/be-food/image/173f6f0b-b0e4-11f0-9063-66448d787802/resized_thumbnail_w1080_h1080,com-trang-cai-bo-xao,
21413,21413,Phở Bò Hải Phòng - Phở Bò & Cơm Rang - Hoàng Mai,1540896,CƠM TRẮNG,10451406,CƠM TRẮNG + chả đùi gà,,53000.0,53000.0,5,0,0,2,3,https://media.be.com.vn/be-food/image/8c124f54-fcd4-11f0-b63c-1ec8367384f0/resized_thumbnail_w1080_h1080,com-trang-cha-dui-ga,
21413,21413,Phở Bò Hải Phòng - Phở Bò & Cơm Rang - Hoàng Mai,1540896,CƠM TRẮNG,10451410,CƠM TRẮNG + đùi gà,,53000.0,53000.0,4,0,0,2,4,https://media.be.com.vn/be-food/image/76542516-b0e4-11f0-8b11-e6e7ca75c48c/resized_thumbnail_w1080_h1080,com-trang-dui-ga,
21413,21413,Phở Bò Hải Phòng - Phở Bò & Cơm Rang - Hoàng Mai,90515,CƠM RANG,1037627,Cơm rang xào cải bò,,55000.0,55000.0,94,1,0,3,1,https://media.be.com.vn/be-food/image/a9d036f5-0db8-11ee-b2af-3ea2e1c5510b/original,com-rang-xao-cai-bo,
21413,21413,Phở Bò Hải Phòng - Phở Bò & Cơm Rang - Hoàng Mai,90515,CƠM RANG,694005,Cơm rang dưa bò xào riêng,,53000.0,53000.0,651,5,0,3,2,https://media.be.com.vn/be-food/image/6fa44f3d-0db8-11ee-bfaa-82e52b34e173/original,com-rang-dua-bo-xao-rieng,
21413,21413,Phở Bò Hải Phòng - Phở Bò & Cơm Rang - Hoàng Mai,90515,CƠM RANG,694009,Cơm rang dưa bò xào chung,,48000.0,48000.0,210,0,1,3,3,https://media.be.com.vn/be-food/image/74a83309-0db8-11ee-b2af-3ea2e1c5510b/original,com-rang-dua-bo-xao-chung,
21413,21413,Phở Bò Hải Phòng - Phở Bò & Cơm Rang - Hoàng Mai,90515,CƠM RANG,694012,Cơm rang thập cẩm,,45000.0,45000.0,185,1,0,3,4,https://media.be.com.vn/be-food/image/791ca7a2-0db8-11ee-b2af-3ea2e1c5510b/original,com-rang-thap-cam,
21413,21413,Phở Bò Hải Phòng - Phở Bò & Cơm Rang - Hoàng Mai,90515,CƠM RANG,1037626,Cơm rang xúc xích,,45000.0,45000.0,33,0,0,3,5,https://media.be.com.vn/be-food/image/a4e03aec-0db8-11ee-bfaa-82e52b34e173/original,com-rang-xuc-xich,
21413,21413,Phở Bò Hải Phòng - Phở Bò & Cơm Rang - Hoàng Mai,90515,CƠM RANG,1037625,Cơm rang trứng,,40000.0,40000.0,9,0,0,3,6,https://media.be.com.vn/be-food/image/a0b53042-0db8-11ee-bfaa-82e52b34e173/resized_thumbnail_w1080_h1080,com-rang-trung,
21413,21413,Phở Bò Hải Phòng - Phở Bò & Cơm Rang - Hoàng Mai,90515,CƠM RANG,10451371,Cơm rang sườn,Cơm rang + sườn + dưa chuột,53000.0,53000.0,11,0,0,3,7,https://media.be.com.vn/be-food/image/54d00430-b0e3-11f0-9063-66448d787802/resized_thumbnail_w1080_h1080,com-rang-suon,
21413,21413,Phở Bò Hải Phòng - Phở Bò & Cơm Rang - Hoàng Mai,90515,CƠM RANG,10451377,Cơm rang + chả đùi gà,Cơm rang + chả đùi gà + dưa chuột,53000.0,53000.0,16,0,0,3,8,https://media.be.com.vn/be-food/image/7609fb21-fcd4-11f0-b67e-9aaf2a798701/resized_thumbnail_w1080_h1080,com-rang-cha-dui-ga,
21413,21413,Phở Bò Hải Phòng - Phở Bò & Cơm Rang - Hoàng Mai,1540670,MÓN XÀO,694028,Phở xào bò giòn - 1 phần,,68000.0,68000.0,51,1,0,4,1,https://media.be.com.vn/be-food/image/9bd19c91-0db8-11ee-8146-82365e52a8ee/original,pho-xao-bo-gion-1-phan,
21413,21413,Phở Bò Hải Phòng - Phở Bò & Cơm Rang - Hoàng Mai,1540670,MÓN XÀO,694024,Phở xào bò mềm - 1 phần,,62000.0,62000.0,359,3,1,4,2,https://media.be.com.vn/be-food/image/8fb54081-0db8-11ee-8146-82365e52a8ee/original,pho-xao-bo-mem-1-phan,
21413,21413,Phở Bò Hải Phòng - Phở Bò & Cơm Rang - Hoàng Mai,1540670,MÓN XÀO,694021,Mì xào bò giòn - 1 phần,,68000.0,68000.0,32,0,0,4,3,https://media.be.com.vn/be-food/image/88bf0dec-0db8-11ee-b2af-3ea2e1c5510b/original,mi-xao-bo-gion-1-phan,
21413,21413,Phở Bò Hải Phòng - Phở Bò & Cơm Rang - Hoàng Mai,1540670,MÓN XÀO,694017,Mì xào bò mềm - 1 phần,,62000.0,62000.0,162,2,0,4,4,https://media.be.com.vn/be-food/image/95d383da-0db8-11ee-bfaa-82e52b34e173/original,mi-xao-bo-mem-1-phan,
21413,21413,Phở Bò Hải Phòng - Phở Bò & Cơm Rang - Hoàng Mai,1540869,"Món chiên, rán",10502225,Đùi gà sốt chua ngọt,1 cái,36000.0,36000.0,9,0,0,5,3,https://media.be.com.vn/be-food/image/461fa0b6-b648-11f0-9063-66448d787802/resized_thumbnail_w1080_h1080,dui-ga-sot-chua-ngot,
21413,21413,Phở Bò Hải Phòng - Phở Bò & Cơm Rang - Hoàng Mai,1540862,Thức Uống,10451137,Beer Hà Nội,Bia Hà Nội,23000.0,23000.0,0,0,0,6,4,https://media.be.com.vn/be-food/image/b5816f64-b0d6-11f0-8b11-e6e7ca75c48c/thumbnail,beer-ha-noi,
21413,21413,Phở Bò Hải Phòng - Phở Bò & Cơm Rang - Hoàng Mai,1540862,Thức Uống,10656401,Bò húc Thái,,23000.0,23000.0,1,0,0,6,5,https://media.be.com.vn/be-food/image/fb01c871-c2ad-11f0-8b11-e6e7ca75c48c/resized_thumbnail_w1080_h1080,bo-huc-thai,
86219,86219,Phở Bò Thiên Trường - Bún Bò & Cơm Rang - Trương Định,1016202,Cơm Rang(Bán từ 10h trưa -23h),6798092,Cơm rang dưa bò xào riêng,"Cơm trứng , thịt bò, dưa chua , hành Tây buổi trưa chiều tối",50000.0,50000.0,168,2,0,2,1,https://media.be.com.vn/be-food/image/a87e83da-be9d-11ef-8510-8ea7808cbcf4/original,com-rang-dua-bo-xao-rieng,
86219,86219,Phở Bò Thiên Trường - Bún Bò & Cơm Rang - Trương Định,1016202,Cơm Rang(Bán từ 10h trưa -23h),6798093,Cơm rang thập cẩm,"Cơm trứng ,chả, Lạp sườn, cà rốt ,dưa chua buổi trưa chiều tối",47000.0,47000.0,27,0,0,2,2,https://media.be.com.vn/be-food/image/b054c692-be9d-11ef-81cc-d24fde1987a0/original,com-rang-thap-cam,
86219,86219,Phở Bò Thiên Trường - Bún Bò & Cơm Rang - Trương Định,1016202,Cơm Rang(Bán từ 10h trưa -23h),6798094,Cơm rang đùi gà xối mắm,"cơm trứng , đùi gà sốt chua ngọt : bán buổi trưa trưa chiều tối",55000.0,55000.0,96,1,0,2,3,https://media.be.com.vn/be-food/image/dc6544ab-be9d-11ef-bd66-b239c83a8124/original,com-rang-dui-ga-xoi-mam,
86219,86219,Phở Bò Thiên Trường - Bún Bò & Cơm Rang - Trương Định,1016202,Cơm Rang(Bán từ 10h trưa -23h),6798095,Cơm rang cải bò,Bán buổi trưa chiều tối,50000.0,50000.0,27,0,0,2,4,https://media.be.com.vn/be-food/image/2d57b106-4031-11ef-adb9-3e6ef01ea27f/original,com-rang-cai-bo,
86219,86219,Phở Bò Thiên Trường - Bún Bò & Cơm Rang - Trương Định,1016202,Cơm Rang(Bán từ 10h trưa -23h),6798096,Cơm dưa bò rang lẫn,Bán buổi trưa chiều tối,50000.0,50000.0,42,0,0,2,5,https://media.be.com.vn/be-food/image/f6883c36-be9d-11ef-8510-8ea7808cbcf4/original,com-dua-bo-rang-lan,
86219,86219,Phở Bò Thiên Trường - Bún Bò & Cơm Rang - Trương Định,1016202,Cơm Rang(Bán từ 10h trưa -23h),6798098,Cơm rang đùi gà rán giòn,Bán buổi trưa chiều tối,55000.0,55000.0,25,0,0,2,6,https://media.be.com.vn/bizops/image/29b6e262-4036-11ef-8dc5-12c0bf7afddb/original,com-rang-dui-ga-ran-gion,
86219,86219,Phở Bò Thiên Trường - Bún Bò & Cơm Rang - Trương Định,1016203,Các Món Xào(Bán từ 10h trưa - 23h ),6798099,Phở xào mềm cải bò,"bánh phở , thịt tươi xào rau cải hành tây",55000.0,55000.0,83,0,0,3,1,https://media.be.com.vn/be-food/image/09f43669-be9e-11ef-bd66-b239c83a8124/original,pho-xao-mem-cai-bo,
86219,86219,Phở Bò Thiên Trường - Bún Bò & Cơm Rang - Trương Định,1016203,Các Món Xào(Bán từ 10h trưa - 23h ),6798100,Mì tôm xào cải bò,"1 gói mì , thịt bò , rau cải , hành tây",55000.0,55000.0,11,0,0,3,2,https://media.be.com.vn/be-food/image/2f97e2e5-bc85-11ef-bd66-b239c83a8124/original,mi-tom-xao-cai-bo,
86219,86219,Phở Bò Thiên Trường - Bún Bò & Cơm Rang - Trương Định,1016204,Bún,6798101,Bún bò,"Bún , thịt bò , nước dùng bò",50000.0,50000.0,26,0,0,4,1,https://media.be.com.vn/be-food/image/130d7585-bc85-11ef-bd66-b239c83a8124/original,bun-bo,
36034,36034,Bảo An Quán - Bánh Cuốn Phủ Lý - Trương Định,362485,bánh cuốn phủ lý bún chả,2444195,1 suât bánh cuốn phủ lý,658 trương định-0.8.4.6.1.1.1.2.9.8,50000.0,50000.0,549,2,0,1,1,https://media.be.com.vn/be-food/image/5d679001-552f-11ef-ba6d-1220605d9522/original,1-suat-banh-cuon-phu-ly,
36034,36034,Bảo An Quán - Bánh Cuốn Phủ Lý - Trương Định,362485,bánh cuốn phủ lý bún chả,2444196,1 suất bún chả,658 trương định-0.8.4.6.1.1.1.2.9.8,50000.0,50000.0,107,1,0,1,2,https://media.be.com.vn/be-food/image/6b762b03-552f-11ef-ba6d-1220605d9522/original,1-suat-bun-cha,
36034,36034,Bảo An Quán - Bánh Cuốn Phủ Lý - Trương Định,362485,bánh cuốn phủ lý bún chả,2444199,1 thịt nướng,658 trương định-0.8.4.6.1.1.1.2.9.8,35000.0,35000.0,41,0,0,1,4,https://media.be.com.vn/be-food/image/a4d9f4f5-bc9f-11ed-a912-ca4386e16cdf/resized_thumbnail_w1080_h1080,1-thit-nuong,
36034,36034,Bảo An Quán - Bánh Cuốn Phủ Lý - Trương Định,362485,bánh cuốn phủ lý bún chả,8342743,5 lạng bánh cuốn trắng ( k kèm thịt ),,32000.0,32000.0,18,0,0,1,5,https://media.be.com.vn/be-food/image/544cd122-7193-11ef-9039-5674a5ddf022/original,5-lang-banh-cuon-trang-k-kem-thit,
36034,36034,Bảo An Quán - Bánh Cuốn Phủ Lý - Trương Định,362485,bánh cuốn phủ lý bún chả,8342745,bánh cuốn trắng+ chả quế,,50000.0,50000.0,30,0,0,1,6,https://media.be.com.vn/be-food/image/a020acbb-a8a8-11ef-bd66-b239c83a8124/original,banh-cuon-trang-cha-que,
36034,36034,Bảo An Quán - Bánh Cuốn Phủ Lý - Trương Định,1241918,combo,8342746,combo 1 suât bánh cuốn+ coca,,60000.0,60000.0,5,0,0,3,1,https://media.be.com.vn/be-food/image/a7f77c14-7193-11ef-bd66-b239c83a8124/resized_thumbnail_w1080_h1080,combo-1-suat-banh-cuon-coca,
36034,36034,Bảo An Quán - Bánh Cuốn Phủ Lý - Trương Định,1241918,combo,8342747,1 suất bún chả +coca,,60000.0,60000.0,3,0,0,3,2,https://media.be.com.vn/be-food/image/f6ba1fa3-7193-11ef-8d88-0695c6df6d37/resized_thumbnail_w1080_h1080,1-suat-bun-cha-coca,
36034,36034,Bảo An Quán - Bánh Cuốn Phủ Lý - Trương Định,1812694,bún giả cầy,11388810,bún giả cầy,thịt móng giò heo giả cầy,57000.0,57000.0,3,0,0,4,1,https://media.be.com.vn/be-food/image/f8f983e4-7aa1-11f0-9063-66448d787802/resized_thumbnail_w1080_h1080,bun-gia-cay,
36034,36034,Bảo An Quán - Bánh Cuốn Phủ Lý - Trương Định,1812693,bánh mì sôt vang,11388809,bánh mì sôt vang,bánh mì ăn kèm thịt bò sôt vang,50000.0,50000.0,0,0,0,5,1,https://media.be.com.vn/be-food/image/59ba7021-7aa2-11f0-8021-922c9d42c616/resized_thumbnail_w1080_h1080,banh-mi-sot-vang,
20129,20129,Dũng Thủy - Phở & Cơm Rang - Tân Mai,84225,MENU,648492,Cơm Rang Thập Cẩm,,35000.0,35000.0,98,1,1,2,1,https://media.be.com.vn/be-food/image/3dd79a68-ad63-11ed-8ca3-8e6f9560a813/resized_thumbnail_w1080_h1080,com-rang-thap-cam,
20129,20129,Dũng Thủy - Phở & Cơm Rang - Tân Mai,84225,MENU,648493,Cơm Rang Dưa Bò,,40000.0,40000.0,76,1,1,2,2,https://media.be.com.vn/be-food/image/3deb194f-ad63-11ed-8ca3-8e6f9560a813/resized_thumbnail_w1080_h1080,com-rang-dua-bo,
20129,20129,Dũng Thủy - Phở & Cơm Rang - Tân Mai,84225,MENU,648494,Phở Bò Chín,nếu thêm hộp 5k,35000.0,35000.0,204,2,0,2,3,https://media.be.com.vn/be-food/image/3e031659-ad63-11ed-a491-220f4d9eeddb/resized_thumbnail_w1080_h1080,pho-bo-chin,
20129,20129,Dũng Thủy - Phở & Cơm Rang - Tân Mai,84225,MENU,648495,Phở tái chín,nếu thêm hộp 5k,42000.0,42000.0,54,1,0,2,4,https://media.be.com.vn/be-food/image/3e01333c-ad63-11ed-aebb-1eb5d596321f/resized_thumbnail_w1080_h1080,pho-tai-chin,
20129,20129,Dũng Thủy - Phở & Cơm Rang - Tân Mai,84225,MENU,648497,Phở Xào,,45000.0,45000.0,32,0,0,2,6,https://media.be.com.vn/be-food/image/3e4ce1ee-ad63-11ed-a491-220f4d9eeddb/resized_thumbnail_w1080_h1080,pho-xao,
20129,20129,Dũng Thủy - Phở & Cơm Rang - Tân Mai,84225,MENU,648498,Phở Bò Tái,nếu thêm hộp 5k,35000.0,35000.0,48,1,0,2,7,https://media.be.com.vn/be-food/image/3e645c08-ad63-11ed-aebb-1eb5d596321f/resized_thumbnail_w1080_h1080,pho-bo-tai,
20129,20129,Dũng Thủy - Phở & Cơm Rang - Tân Mai,84225,MENU,648499,Phở Gà,thêm hộp 5k,35000.0,35000.0,44,0,0,2,8,https://media.be.com.vn/be-food/image/3e681a5b-ad63-11ed-a491-220f4d9eeddb/resized_thumbnail_w1080_h1080,pho-ga,
20129,20129,Dũng Thủy - Phở & Cơm Rang - Tân Mai,84225,MENU,648500,Mì Xào,,43000.0,43000.0,10,0,0,2,9,https://media.be.com.vn/be-food/image/3e6b84aa-ad63-11ed-a491-220f4d9eeddb/resized_thumbnail_w1080_h1080,mi-xao,
20129,20129,Dũng Thủy - Phở & Cơm Rang - Tân Mai,84225,MENU,648502,Phở Bò Tái Lăn,nếu thêm hộp 5k,43000.0,43000.0,11,0,0,2,10,https://media.be.com.vn/be-food/image/3eb1beef-ad63-11ed-a491-220f4d9eeddb/resized_thumbnail_w1080_h1080,pho-bo-tai-lan,
20129,20129,Dũng Thủy - Phở & Cơm Rang - Tân Mai,84225,MENU,648503,Cơm Rang Trứng,,26000.0,26000.0,11,1,0,2,11,https://media.be.com.vn/be-food/image/3ec9ade7-ad63-11ed-aebb-1eb5d596321f/resized_thumbnail_w1080_h1080,com-rang-trung,
20129,20129,Dũng Thủy - Phở & Cơm Rang - Tân Mai,84225,MENU,648506,Cơm Rang Gà,,35000.0,35000.0,11,0,0,2,14,https://media.be.com.vn/be-food/image/3ef339e7-ad63-11ed-8ca3-8e6f9560a813/resized_thumbnail_w1080_h1080,com-rang-ga,
20129,20129,Dũng Thủy - Phở & Cơm Rang - Tân Mai,84225,MENU,648509,Bò Húc,,20000.0,20000.0,0,0,0,2,17,https://media.be.com.vn/be-food/image/3f306c37-ad63-11ed-a491-220f4d9eeddb/resized_thumbnail_w1080_h1080,bo-huc,
20129,20129,Dũng Thủy - Phở & Cơm Rang - Tân Mai,84225,MENU,648510,Cơm Rang Dưa Bò Riêng,,46000.0,46000.0,6,0,0,2,18,https://media.be.com.vn/be-food/image/3f39772b-ad63-11ed-8ca3-8e6f9560a813/resized_thumbnail_w1080_h1080,com-rang-dua-bo-rieng,
20129,20129,Dũng Thủy - Phở & Cơm Rang - Tân Mai,84225,MENU,648511,Cơm Rang Thập Cẩm Có Bò,,46000.0,46000.0,2,0,0,2,19,https://media.be.com.vn/be-food/image/3f535e83-ad63-11ed-aebb-1eb5d596321f/resized_thumbnail_w1080_h1080,com-rang-thap-cam-co-bo,
16422,16422,Phương Dung - Cơm Đảo Gà Rang & Chim Quay - Tống Duy Tân,1570723,Cơm Đảo !,10593542,Cơm Đảo Tôm Rim,972935078,145000.0,145000.0,90,1,0,1,1,https://media.be.com.vn/be-food/image/c7ef44a1-bd8d-11f0-b84b-3a4f2a37a94e/resized_thumbnail_w1080_h1080,com-dao-tom-rim,
16422,16422,Phương Dung - Cơm Đảo Gà Rang & Chim Quay - Tống Duy Tân,1570723,Cơm Đảo !,10593524,Cơm đảo gà rang,,110000.0,110000.0,103,0,0,1,2,https://media.be.com.vn/be-food/image/9ad9ffbb-bd8d-11f0-8021-922c9d42c616/resized_thumbnail_w1080_h1080,com-dao-ga-rang,
16422,16422,Phương Dung - Cơm Đảo Gà Rang & Chim Quay - Tống Duy Tân,1570723,Cơm Đảo !,10593552,Cơm đảo bò sốt tiêu,,110000.0,110000.0,20,0,0,1,3,https://media.be.com.vn/be-food/image/01977c65-bd8f-11f0-b84b-3a4f2a37a94e/resized_thumbnail_w1080_h1080,com-dao-bo-sot-tieu,
16422,16422,Phương Dung - Cơm Đảo Gà Rang & Chim Quay - Tống Duy Tân,1570723,Cơm Đảo !,10593558,cơm đảo thịt ba chỉ rang,,110000.0,110000.0,81,0,0,1,4,https://media.be.com.vn/be-food/image/884badfc-bd8f-11f0-8021-922c9d42c616/resized_thumbnail_w1080_h1080,com-dao-thit-ba-chi-rang,
16422,16422,Phương Dung - Cơm Đảo Gà Rang & Chim Quay - Tống Duy Tân,1570723,Cơm Đảo !,10593546,Cơm đảo đua xào bò,,110000.0,110000.0,21,1,0,1,5,https://media.be.com.vn/be-food/image/586e6cfe-bd8e-11f0-b84b-3a4f2a37a94e/resized_thumbnail_w1080_h1080,com-dao-dua-xao-bo,
16422,16422,Phương Dung - Cơm Đảo Gà Rang & Chim Quay - Tống Duy Tân,1570723,Cơm Đảo !,10593571,Cơm đảo thịt kho tàu,,110000.0,110000.0,12,1,0,1,6,https://media.be.com.vn/bizops/image/201ea295-a3f1-11f0-9063-66448d787802/original,com-dao-thit-kho-tau,
16422,16422,Phương Dung - Cơm Đảo Gà Rang & Chim Quay - Tống Duy Tân,1570723,Cơm Đảo !,10593575,Cơm đảo cá kho tiêu,,110000.0,110000.0,5,0,0,1,7,https://media.be.com.vn/bizops/image/1b3caa0f-a57c-11f0-8021-922c9d42c616/original,com-dao-ca-kho-tieu,
16422,16422,Phương Dung - Cơm Đảo Gà Rang & Chim Quay - Tống Duy Tân,1570723,Cơm Đảo !,10593579,Cơm đảo Sườn chua ngọt,,110000.0,110000.0,20,1,0,1,8,https://media.be.com.vn/be-food/image/f04f5e53-bd90-11f0-8b11-e6e7ca75c48c/resized_thumbnail_w1080_h1080,com-dao-suon-chua-ngot,
16422,16422,Phương Dung - Cơm Đảo Gà Rang & Chim Quay - Tống Duy Tân,1570723,Cơm Đảo !,10593583,Cơm đảo bō sốt khoai Tây,,140000.0,140000.0,17,0,0,1,9,https://media.be.com.vn/bizops/image/58c88817-a36a-11f0-9063-66448d787802/original,com-dao-bo-sot-khoai-tay,
16422,16422,Phương Dung - Cơm Đảo Gà Rang & Chim Quay - Tống Duy Tân,1570723,Cơm Đảo !,10593585,cơm Đảo thit bǎm,,110000.0,110000.0,10,0,0,1,10,https://media.be.com.vn/be-food/image/999b0aea-bd91-11f0-8021-922c9d42c616/resized_thumbnail_w1080_h1080,com-dao-thit-bam,
16422,16422,Phương Dung - Cơm Đảo Gà Rang & Chim Quay - Tống Duy Tân,1570723,Cơm Đảo !,10593587,Cơm đảo trứng rán óc,,110000.0,110000.0,9,0,0,1,11,https://media.be.com.vn/bizops/image/ae18b9e1-a580-11f0-8021-922c9d42c616/original,com-dao-trung-ran-oc,
16422,16422,Phương Dung - Cơm Đảo Gà Rang & Chim Quay - Tống Duy Tân,1570723,Cơm Đảo !,10593589,Cơm đảo trứng đúc thịt,,110000.0,110000.0,5,0,0,1,12,https://media.be.com.vn/bizops/image/ae18b9e1-a580-11f0-8021-922c9d42c616/original,com-dao-trung-duc-thit,
16422,16422,Phương Dung - Cơm Đảo Gà Rang & Chim Quay - Tống Duy Tân,1570723,Cơm Đảo !,10597884,Cơm đảo gà rang + canh chua thịt băm,,160000.0,160000.0,10,0,0,1,13,https://media.be.com.vn/be-food/image/7b485b00-bdec-11f0-8021-922c9d42c616/resized_thumbnail_w1080_h1080,com-dao-ga-rang-canh-chua-thit-bam,
16422,16422,Phương Dung - Cơm Đảo Gà Rang & Chim Quay - Tống Duy Tân,1570730,Chim Quay Gà Tần,10593603,gà ác hầm thuốc Bắc,,110000.0,110000.0,6,0,0,3,5,https://media.be.com.vn/be-food/image/70dd80ac-bd94-11f0-8021-922c9d42c616/resized_thumbnail_w1080_h1080,ga-ac-ham-thuoc-bac,
16422,16422,Phương Dung - Cơm Đảo Gà Rang & Chim Quay - Tống Duy Tân,1570730,Chim Quay Gà Tần,10609567,gà ác tần sen nấm,,110000.0,110000.0,18,0,0,3,6,https://media.be.com.vn/be-food/image/aae1ffdc-bf1d-11f0-b84b-3a4f2a37a94e/resized_thumbnail_w1080_h1080,ga-ac-tan-sen-nam,
16422,16422,Phương Dung - Cơm Đảo Gà Rang & Chim Quay - Tống Duy Tân,1570730,Chim Quay Gà Tần,10658039,gà ác tần + bánh mỳ rán,,120000.0,120000.0,11,0,0,3,7,https://media.be.com.vn/be-food/image/40a687b1-c350-11f0-b84b-3a4f2a37a94e/resized_thumbnail_w1080_h1080,ga-ac-tan-banh-my-ran,
60874,60874,Hoàng Văn - Cơm Rang & Phở Bò - Định Công,643385,thực đơn,7301935,cơm rang 10 cẩm full topping,"cơm rang cùng trứng , giò chả, cà rốt dưa chua",40000.0,50000.0,272,2,0,1,1,https://media.be.com.vn/be-food/image/b291af04-36cd-11ef-adb9-3e6ef01ea27f/original,com-rang-10-cam-full-topping,
60874,60874,Hoàng Văn - Cơm Rang & Phở Bò - Định Công,643385,thực đơn,4456341,phở bò tái lăn,thịt bò xào lăn với tỏi hành tây bánh phở mềm cùng nước phở đậm đà,59000.0,60000.0,250,2,2,1,3,https://media.be.com.vn/be-food/image/3d7c5dc2-3d2a-11ee-b2af-3ea2e1c5510b/original,pho-bo-tai-lan,
60874,60874,Hoàng Văn - Cơm Rang & Phở Bò - Định Công,643385,thực đơn,4456342,phở bò tái,bánh phở mềm cùng thịt bò ngon ngọt tươi rói,50000.0,55000.0,717,4,0,1,4,https://media.be.com.vn/be-food/image/67a110a9-3d2a-11ee-b2af-3ea2e1c5510b/original,pho-bo-tai,
60874,60874,Hoàng Văn - Cơm Rang & Phở Bò - Định Công,643385,thực đơn,4456344,phở áp chảo,"bánh phở được trần mềm cùng thịt bò xào với rau cải, hành tây chan với nước dùng đậm đà",59000.0,60000.0,45,1,1,1,5,https://media.be.com.vn/be-food/image/c5cc54d5-3d2a-11ee-bfaa-82e52b34e173/original,pho-ap-chao,
60874,60874,Hoàng Văn - Cơm Rang & Phở Bò - Định Công,643385,thực đơn,4347844,Phở tái chín,"bánh phở và bò tái, bò chín cùng nước dùng đậm đà",50000.0,55000.0,321,0,1,1,6,https://media.be.com.vn/bizops/image/a3b1cf1e-368a-11ee-8146-82365e52a8ee/original,pho-tai-chin,
60874,60874,Hoàng Văn - Cơm Rang & Phở Bò - Định Công,643385,thực đơn,4347845,Phở tái nạm,bánh phở cùng thịt bò nạm bò tái đầy hự,59000.0,60000.0,260,1,1,1,7,https://media.be.com.vn/bizops/image/b4492844-368a-11ee-bfaa-82e52b34e173/original,pho-tai-nam,
60874,60874,Hoàng Văn - Cơm Rang & Phở Bò - Định Công,643385,thực đơn,9747827,phở bò Chín,phở bò chín,50000.0,55000.0,144,0,1,1,12,https://media.be.com.vn/be-food/image/497b6560-69db-11f0-b84b-3a4f2a37a94e/original,pho-bo-chin,
60874,60874,Hoàng Văn - Cơm Rang & Phở Bò - Định Công,643385,thực đơn,11083474,Phở Gân,"gân bò luộc mềm cùng bánh phở và hành, nước dùng đậm vị",59000.0,60000.0,11,0,0,1,13,https://media.be.com.vn/be-food/image/7a9c133b-e871-11f0-9063-66448d787802/resized_thumbnail_w1080_h1080,pho-gan,
60874,60874,Hoàng Văn - Cơm Rang & Phở Bò - Định Công,643385,thực đơn,11155196,phở Tái Gầu,bò tái trần kèm thịt Gầu Bò dc luộc chín,60000.0,60000.0,80,0,0,1,14,https://media.be.com.vn/be-food/image/008a7667-ee3b-11f0-b67e-9aaf2a798701/resized_thumbnail_w1080_h1080,pho-tai-gau,
60874,60874,Hoàng Văn - Cơm Rang & Phở Bò - Định Công,643385,thực đơn,11837479,cơm rang dưa xào bò,cơm rang vàng giòn ăn kèm dưa bò,41000.0,55000.0,260,2,2,1,15,https://media.be.com.vn/be-food/image/7ddc840e-34ab-11f1-b63c-1ec8367384f0/resized_thumbnail_w1080_h1080,com-rang-dua-xao-bo,
60874,60874,Hoàng Văn - Cơm Rang & Phở Bò - Định Công,1885484,Món đỉnh,4347842,Cơm rang thập cẩm,cơm rang trứng giò chả xúc sích cà rốt dưa chua,40000.0,44000.0,690,14,1,2,1,https://media.be.com.vn/be-food/image/e8ae79ca-ce73-11f0-8b11-e6e7ca75c48c/resized_thumbnail_w1080_h1080,com-rang-thap-cam,
60874,60874,Hoàng Văn - Cơm Rang & Phở Bò - Định Công,1885484,Món đỉnh,4456340,phở xào bò,"bánh phở xào mềm với thịt bò rau cải, hành tây cà rốt và nước sốt đậm đà",48000.0,49000.0,563,8,2,2,2,https://media.be.com.vn/be-food/image/d55dc817-3d29-11ee-8146-82365e52a8ee/original,pho-xao-bo,
60874,60874,Hoàng Văn - Cơm Rang & Phở Bò - Định Công,1885484,Món đỉnh,4347839,Mì xào bò,mỳ tôm xào mềm cùng rau cải thịt bò tươi và hành tây cà rốt thêm nước sốt đậm đà,48000.0,49000.0,337,7,1,2,3,https://media.be.com.vn/bizops/image/637647c4-368a-11ee-b2af-3ea2e1c5510b/original,mi-xao-bo,
60874,60874,Hoàng Văn - Cơm Rang & Phở Bò - Định Công,1885484,Món đỉnh,9747833,cơm rang dưa bò,cơm rang cùng trứng và 1 hộp dưa xào bò,48000.0,49000.0,1699,10,1,2,4,https://media.be.com.vn/be-food/image/73130f60-69db-11f0-8021-922c9d42c616/original,com-rang-dua-bo,
60874,60874,Hoàng Văn - Cơm Rang & Phở Bò - Định Công,1885484,Món đỉnh,9747836,cơm rang cải bò,cơm rang cùng trứng và 1 hôp cải xào bò,48000.0,49000.0,315,3,0,2,5,https://media.be.com.vn/be-food/image/9b8d256e-69db-11f0-b84b-3a4f2a37a94e/original,com-rang-cai-bo,
60874,60874,Hoàng Văn - Cơm Rang & Phở Bò - Định Công,1885484,Món đỉnh,10736954,cơm rang đùi gà xối mỡ,1 hộp cơm rang vàng giòn và 1 đùi gà giòn,49000.0,54000.0,306,0,0,2,6,https://media.be.com.vn/be-food/image/a4ee3b12-cb8d-11f0-8b11-e6e7ca75c48c/resized_thumbnail_w1080_h1080,com-rang-dui-ga-xoi-mo,
60874,60874,Hoàng Văn - Cơm Rang & Phở Bò - Định Công,1885484,Món đỉnh,11745864,Cơm rang 10 cẩm thêm thịt bò,"cơm rang cùng dưa chua, cà rốt, ngô, chả và thịt bò rang lẫn cùng",60000.0,65000.0,11,0,0,2,7,https://media.be.com.vn/be-food/image/5f51c21b-2c31-11f1-b67e-9aaf2a798701/resized_thumbnail_w1080_h1080,com-rang-10-cam-them-thit-bo,
60874,60874,Hoàng Văn - Cơm Rang & Phở Bò - Định Công,1885484,Món đỉnh,12233761,cơm rang thập cẩm full topping,"cơm rang cùng dưa chua. giò ,xúc sích , cà rốt , ngô",49000.0,49000.0,1,0,0,2,9,https://media.be.com.vn/be-food/image/c3169239-504b-11f1-8683-3a351028b633/resized_thumbnail_w1080_h1080,com-rang-thap-cam-full-topping,
13942,13942,Phở Bò & Cơm Rang - Nguyễn Trãi,287942,Combo cùng Cocacola 70000,2013685,Cơm rang dưa bò - Coca,,60000.0,60000.0,462,4,2,1,1,https://media.be.com.vn/be-food/image/877ca926-b20f-11ed-8ca3-8e6f9560a813/resized_thumbnail_w1080_h1080,com-rang-dua-bo-coca,
13942,13942,Phở Bò & Cơm Rang - Nguyễn Trãi,287942,Combo cùng Cocacola 70000,2013687,Cơm rang cải bò - Coca,,60000.0,60000.0,121,1,1,1,2,https://media.be.com.vn/be-food/image/879ffcb7-b20f-11ed-b934-f619fc2c3f14/resized_thumbnail_w1080_h1080,com-rang-cai-bo-coca,
13942,13942,Phở Bò & Cơm Rang - Nguyễn Trãi,59416,đồ ăn 60000 đ,475610,Cơm rang dưa bò,,45000.0,60000.0,583,3,4,2,1,https://media.be.com.vn/be-food/image/735a6d1f-3ddb-11ed-8ac6-ea67af59ab83/original,com-rang-dua-bo,
13942,13942,Phở Bò & Cơm Rang - Nguyễn Trãi,59416,đồ ăn 60000 đ,475611,Cơm rang cải bò,,45000.0,60000.0,83,2,1,2,2,https://media.be.com.vn/be-food/image/730c5f93-3ddb-11ed-b9a1-b2bd2769c957/original,com-rang-cai-bo,
13942,13942,Phở Bò & Cơm Rang - Nguyễn Trãi,59416,đồ ăn 60000 đ,475612,Phở Đặc Biệt,Phụ phí hôpj,52500.0,70000.0,387,13,0,2,3,https://media.be.com.vn/be-food/image/8f556a77-aca1-11ed-8ca3-8e6f9560a813/resized_thumbnail_w1080_h1080,pho-dac-biet,
13942,13942,Phở Bò & Cơm Rang - Nguyễn Trãi,59416,đồ ăn 60000 đ,475613,Phở sốt vang,,45000.0,60000.0,420,3,6,2,4,https://media.be.com.vn/be-food/image/4bd029d5-4759-11f0-b813-3ee3273da586/resized_thumbnail_w1080_h1080,pho-sot-vang,
13942,13942,Phở Bò & Cơm Rang - Nguyễn Trãi,59416,đồ ăn 60000 đ,475614,Phở tái chín,,45000.0,60000.0,114,1,1,2,5,https://media.be.com.vn/be-food/image/44e1dbf3-4759-11f0-9809-ead99aeb2f03/resized_thumbnail_w1080_h1080,pho-tai-chin,
13942,13942,Phở Bò & Cơm Rang - Nguyễn Trãi,59416,đồ ăn 60000 đ,475615,Phở Xào Bò,,45000.0,60000.0,152,4,0,2,6,https://media.be.com.vn/be-food/image/71fb8e27-3ddb-11ed-9df3-02b8ff19e944/original,pho-xao-bo,
13942,13942,Phở Bò & Cơm Rang - Nguyễn Trãi,59416,đồ ăn 60000 đ,475616,Phở tái gầu,,45000.0,60000.0,144,2,2,2,7,https://media.be.com.vn/be-food/image/3ab13ee2-4759-11f0-bb75-e214f3662ea7/resized_thumbnail_w1080_h1080,pho-tai-gau,
13942,13942,Phở Bò & Cơm Rang - Nguyễn Trãi,59416,đồ ăn 60000 đ,475617,Phở tái,,45000.0,60000.0,120,0,3,2,8,https://media.be.com.vn/be-food/image/3597b34a-4759-11f0-b813-3ee3273da586/resized_thumbnail_w1080_h1080,pho-tai,
13942,13942,Phở Bò & Cơm Rang - Nguyễn Trãi,59416,đồ ăn 60000 đ,475618,Phở chín,,45000.0,60000.0,94,0,1,2,9,https://media.be.com.vn/be-food/image/2ed3b8c9-4759-11f0-b813-3ee3273da586/resized_thumbnail_w1080_h1080,pho-chin,
13942,13942,Phở Bò & Cơm Rang - Nguyễn Trãi,59416,đồ ăn 60000 đ,475619,Bánh đa trộn gà,,45000.0,60000.0,21,1,0,2,10,https://media.be.com.vn/be-food/image/283bd0a5-4759-11f0-b813-3ee3273da586/resized_thumbnail_w1080_h1080,banh-da-tron-ga,
13942,13942,Phở Bò & Cơm Rang - Nguyễn Trãi,59416,đồ ăn 60000 đ,475620,Bún Cá,Rau cải không có măng,45000.0,60000.0,54,0,0,2,11,https://media.be.com.vn/be-food/image/20433bce-4759-11f0-a7f9-82784e7ebb07/resized_thumbnail_w1080_h1080,bun-ca,
13942,13942,Phở Bò & Cơm Rang - Nguyễn Trãi,59416,đồ ăn 60000 đ,475621,Miến trộn gà,,45000.0,60000.0,32,1,0,2,12,https://media.be.com.vn/be-food/image/9024a6bf-aca1-11ed-aebb-1eb5d596321f/resized_thumbnail_w1080_h1080,mien-tron-ga,
13942,13942,Phở Bò & Cơm Rang - Nguyễn Trãi,59416,đồ ăn 60000 đ,475622,Phở tái nạm,,45000.0,60000.0,32,1,1,2,13,https://media.be.com.vn/be-food/image/170de8d7-4759-11f0-b813-3ee3273da586/resized_thumbnail_w1080_h1080,pho-tai-nam,
13942,13942,Phở Bò & Cơm Rang - Nguyễn Trãi,59416,đồ ăn 60000 đ,475623,Bún trộn gà,,45000.0,60000.0,5,0,1,2,14,https://media.be.com.vn/be-food/image/0a691ef4-4759-11f0-bb75-e214f3662ea7/resized_thumbnail_w1080_h1080,bun-tron-ga,
13942,13942,Phở Bò & Cơm Rang - Nguyễn Trãi,59416,đồ ăn 60000 đ,475624,Mỳ Xào Bò,,45000.0,60000.0,71,1,0,2,15,https://media.be.com.vn/be-food/image/fb624a5a-4758-11f0-9809-ead99aeb2f03/resized_thumbnail_w1080_h1080,my-xao-bo,
13942,13942,Phở Bò & Cơm Rang - Nguyễn Trãi,59416,đồ ăn 60000 đ,475625,Phở gà,,45000.0,60000.0,82,0,0,2,16,https://media.be.com.vn/be-food/image/eb769e8c-4758-11f0-bb75-e214f3662ea7/resized_thumbnail_w1080_h1080,pho-ga,
13942,13942,Phở Bò & Cơm Rang - Nguyễn Trãi,59416,đồ ăn 60000 đ,475626,Phở gầu,,45000.0,60000.0,54,0,1,2,17,https://media.be.com.vn/be-food/image/e42e8b6f-4758-11f0-9809-ead99aeb2f03/resized_thumbnail_w1080_h1080,pho-gau,
13942,13942,Phở Bò & Cơm Rang - Nguyễn Trãi,59416,đồ ăn 60000 đ,475627,Bún Sốt Vang,,45000.0,60000.0,65,0,0,2,18,https://media.be.com.vn/be-food/image/dc4babc1-4758-11f0-9809-ead99aeb2f03/resized_thumbnail_w1080_h1080,bun-sot-vang,
13942,13942,Phở Bò & Cơm Rang - Nguyễn Trãi,59416,đồ ăn 60000 đ,475628,Phở nạm,,45000.0,60000.0,20,0,1,2,19,https://media.be.com.vn/be-food/image/d418a67e-4758-11f0-9809-ead99aeb2f03/resized_thumbnail_w1080_h1080,pho-nam,
13942,13942,Phở Bò & Cơm Rang - Nguyễn Trãi,59416,đồ ăn 60000 đ,475629,Miến trộn bò,,45000.0,60000.0,14,0,0,2,20,https://media.be.com.vn/be-food/image/90c72f9b-aca1-11ed-aebb-1eb5d596321f/resized_thumbnail_w1080_h1080,mien-tron-bo,
13942,13942,Phở Bò & Cơm Rang - Nguyễn Trãi,59416,đồ ăn 60000 đ,475630,Cơm Rang Thập Cẩm,,45000.0,60000.0,43,0,1,2,21,https://media.be.com.vn/be-food/image/beb50533-4758-11f0-bb75-e214f3662ea7/resized_thumbnail_w1080_h1080,com-rang-thap-cam,
13942,13942,Phở Bò & Cơm Rang - Nguyễn Trãi,59416,đồ ăn 60000 đ,475631,Bún trộn bò,,45000.0,60000.0,18,1,0,2,22,https://media.be.com.vn/be-food/image/b61e534a-4758-11f0-9809-ead99aeb2f03/resized_thumbnail_w1080_h1080,bun-tron-bo,
13942,13942,Phở Bò & Cơm Rang - Nguyễn Trãi,59416,đồ ăn 60000 đ,2013686,Phở xào bò - Coca,,52500.0,70000.0,209,6,0,2,23,https://media.be.com.vn/be-food/image/878d61b0-b20f-11ed-8ca3-8e6f9560a813/resized_thumbnail_w1080_h1080,pho-xao-bo-coca,
13942,13942,Phở Bò & Cơm Rang - Nguyễn Trãi,59416,đồ ăn 60000 đ,2013689,Phở xào gà,,45000.0,60000.0,22,0,1,2,24,https://media.be.com.vn/be-food/image/9db5463b-4758-11f0-b813-3ee3273da586/resized_thumbnail_w1080_h1080,pho-xao-ga,
13942,13942,Phở Bò & Cơm Rang - Nguyễn Trãi,59416,đồ ăn 60000 đ,2013732,Mỳ xào gà,,45000.0,60000.0,10,0,0,2,25,https://media.be.com.vn/be-food/image/9590399d-4758-11f0-bb75-e214f3662ea7/resized_thumbnail_w1080_h1080,my-xao-ga,
29659,29659,Bánh Cuốn Phủ Lý - Dương Văn Bé,141146,Menu,1045573,Bánh cuốn Phủ Lý,,48000.0,48000.0,1100,1,1,1,1,https://media.be.com.vn/be-food/image/6b3a2fa6-226e-11f0-8510-8ea7808cbcf4/original,banh-cuon-phu-ly,
29659,29659,Bánh Cuốn Phủ Lý - Dương Văn Bé,141146,Menu,1045574,Bún chả,,48000.0,48000.0,414,1,0,1,2,https://media.be.com.vn/be-food/image/71f72e4f-226e-11f0-81cc-d24fde1987a0/original,bun-cha,
35452,35452,Út Béo - Bún Đậu Mẹt & Cơm - Ngõ Thái Thịnh 1,354840,Combo,2394960,Bún đậu mẹt lớn - 1 chai coca,,45000.0,45000.0,16,0,0,1,1,https://media.be.com.vn/be-food/image/656e61c0-41dd-11ee-b2af-3ea2e1c5510b/resized_thumbnail_w1080_h1080,bun-dau-met-lon-1-chai-coca,
35452,35452,Út Béo - Bún Đậu Mẹt & Cơm - Ngõ Thái Thịnh 1,354840,Combo,2394961,Bún đậu mẹt lớn - 1 coca,,50000.0,50000.0,9,0,1,1,2,https://media.be.com.vn/be-food/image/654c4ed8-41dd-11ee-b2af-3ea2e1c5510b/resized_thumbnail_w1080_h1080,bun-dau-met-lon-1-coca,
35452,35452,Út Béo - Bún Đậu Mẹt & Cơm - Ngõ Thái Thịnh 1,354840,Combo,2394962,Bún chả - 1 chai coca,,45000.0,45000.0,5,0,0,1,3,https://media.be.com.vn/be-food/image/65434b0b-41dd-11ee-8146-82365e52a8ee/resized_thumbnail_w1080_h1080,bun-cha-1-chai-coca,
35452,35452,Út Béo - Bún Đậu Mẹt & Cơm - Ngõ Thái Thịnh 1,354840,Combo,2394963,Cơm suất lớn - 1 chai coca,,42000.0,42000.0,0,0,0,1,4,https://media.be.com.vn/be-food/image/65153157-41dd-11ee-b2af-3ea2e1c5510b/resized_thumbnail_w1080_h1080,com-suat-lon-1-chai-coca,
35452,35452,Út Béo - Bún Đậu Mẹt & Cơm - Ngõ Thái Thịnh 1,354840,Combo,2394964,Bún chả - 1 coca,,50000.0,50000.0,0,0,0,1,5,https://media.be.com.vn/be-food/image/64ef0798-41dd-11ee-8146-82365e52a8ee/resized_thumbnail_w1080_h1080,bun-cha-1-coca,
35452,35452,Út Béo - Bún Đậu Mẹt & Cơm - Ngõ Thái Thịnh 1,354840,Combo,2394965,Cơm suất lớn - 1 coca,,45000.0,45000.0,0,0,0,1,6,https://media.be.com.vn/be-food/image/64eb7465-41dd-11ee-b2af-3ea2e1c5510b/resized_thumbnail_w1080_h1080,com-suat-lon-1-coca,
35452,35452,Út Béo - Bún Đậu Mẹt & Cơm - Ngõ Thái Thịnh 1,354840,Combo,11373164,Combo 2 bún đậu mẹt lớn,,70000.0,105000.0,33,0,0,1,7,https://media.be.com.vn/bizops/image/200ad851-0259-11f1-b67e-9aaf2a798701/resized_thumbnail_w1080_h1080,combo-2-bun-dau-met-lon,
81993,81993,Thành Tâm Quán - Phở & Cơm Rang - Định Công Hạ,957964,Bún Bò Huế,6438446,Bún Huế,Tiêt - móng heo - nạm - chả cua - mọc bò - giò tai,48000.0,48000.0,12,0,0,1,1,https://media.be.com.vn/bizops/image/835bbc13-1a60-11ef-b501-fa660a76b65e/resized_thumbnail_w1080_h1080,bun-hue,
81993,81993,Thành Tâm Quán - Phở & Cơm Rang - Định Công Hạ,957964,Bún Bò Huế,6438447,Bún Huế đặc biệt,Tiết - móng - nạm - chả của - mọc bò - giò tại - thịt bò tươi,58000.0,58000.0,5,0,0,1,2,https://media.be.com.vn/be-food/image/3f79df68-ecf9-11ef-bd66-b239c83a8124/resized_thumbnail_w1080_h1080,bun-hue-dac-biet,
81993,81993,Thành Tâm Quán - Phở & Cơm Rang - Định Công Hạ,957965,Cơm Rang,6438448,Cơm rang dưa bò,,48000.0,48000.0,12,0,0,2,1,https://media.be.com.vn/bizops/image/55c6c551-1a61-11ef-b411-9e337230779d/resized_thumbnail_w1080_h1080,com-rang-dua-bo,
81993,81993,Thành Tâm Quán - Phở & Cơm Rang - Định Công Hạ,957965,Cơm Rang,6438449,Cơm rang đùi gà sốt,,50000.0,50000.0,6,0,0,2,2,https://media.be.com.vn/be-food/image/4c790391-4c35-11ef-ba6d-1220605d9522/resized_thumbnail_w1080_h1080,com-rang-dui-ga-sot,
81993,81993,Thành Tâm Quán - Phở & Cơm Rang - Định Công Hạ,957965,Cơm Rang,8478809,cơm rang thập cẩm,,45000.0,45000.0,1,0,0,2,3,https://media.be.com.vn/be-food/image/13d96b43-4c35-11ef-8dc5-12c0bf7afddb/resized_thumbnail_w1080_h1080,com-rang-thap-cam,
81993,81993,Thành Tâm Quán - Phở & Cơm Rang - Định Công Hạ,957966,Phở,6438450,Phở tái gầu,,48000.0,48000.0,16,0,0,3,1,https://media.be.com.vn/bizops/image/ffc1b9cf-1a61-11ef-b411-9e337230779d/resized_thumbnail_w1080_h1080,pho-tai-gau,
81993,81993,Thành Tâm Quán - Phở & Cơm Rang - Định Công Hạ,957966,Phở,6438451,Phở xào cải,,50000.0,50000.0,7,0,0,3,2,https://media.be.com.vn/bizops/image/0cb9797e-1a62-11ef-b411-9e337230779d/resized_thumbnail_w1080_h1080,pho-xao-cai,
81993,81993,Thành Tâm Quán - Phở & Cơm Rang - Định Công Hạ,957966,Phở,6438452,Phở tái lăn,,48000.0,48000.0,7,0,0,3,3,https://media.be.com.vn/bizops/image/15f5e2d7-1a62-11ef-9c7d-4a25ba94d9f3/resized_thumbnail_w1080_h1080,pho-tai-lan,
81993,81993,Thành Tâm Quán - Phở & Cơm Rang - Định Công Hạ,957966,Phở,6438453,Phở tái,,50000.0,50000.0,13,0,0,3,4,https://media.be.com.vn/bizops/image/2d83e31b-1a62-11ef-b411-9e337230779d/resized_thumbnail_w1080_h1080,pho-tai,
81993,81993,Thành Tâm Quán - Phở & Cơm Rang - Định Công Hạ,957966,Phở,6438454,Mỳ tôm xào cải,,48000.0,48000.0,1,0,0,3,5,https://media.be.com.vn/bizops/image/37fee6f1-1a62-11ef-bbf6-aee397ad57df/resized_thumbnail_w1080_h1080,my-tom-xao-cai,
81993,81993,Thành Tâm Quán - Phở & Cơm Rang - Định Công Hạ,957966,Phở,6438455,Phở tái nạm,,45000.0,45000.0,1,0,0,3,6,https://media.be.com.vn/bizops/image/45616b74-1a62-11ef-bbf6-aee397ad57df/resized_thumbnail_w1080_h1080,pho-tai-nam,
21980,21980,H&A Quán - Bún Đậu & Nem Nướng - Vĩnh Tuy,93574,Menu,716013,"Bún đậu vừa( đậu, thịt, dồi, chả cốm)",,45000.0,45000.0,1585,20,1,1,1,https://media.be.com.vn/be-food/image/41f996c2-0ef5-11ed-9985-46ef85b7fc92/original,bun-dau-vua-dau-thit-doi-cha-com,
21980,21980,H&A Quán - Bún Đậu & Nem Nướng - Vĩnh Tuy,93574,Menu,716014,"Bún đậu đầy đủ ( đậu , thịt, dồi, chả cốm, nem)",,50000.0,50000.0,2371,15,3,1,2,https://media.be.com.vn/be-food/image/2b5e4c12-0ef5-11ed-bf5c-d65f1fd7c660/original,bun-dau-day-du-dau-thit-doi-cha-com-nem,
21980,21980,H&A Quán - Bún Đậu & Nem Nướng - Vĩnh Tuy,93574,Menu,716015,Nem nướng nha trang xuất vừa( 6 cuốn),,45000.0,45000.0,6514,35,2,1,3,https://media.be.com.vn/be-food/image/ce1690d0-0ef4-11ed-bf5c-d65f1fd7c660/original,nem-nuong-nha-trang-xuat-vua-6-cuon,
21980,21980,H&A Quán - Bún Đậu & Nem Nướng - Vĩnh Tuy,93574,Menu,818936,Nem nướng nha trang xuất lớn ( 8 cuốn),,57000.0,57000.0,3393,36,4,1,4,https://media.be.com.vn/be-food/image/02fd3051-0ef5-11ed-bf5c-d65f1fd7c660/original,nem-nuong-nha-trang-xuat-lon-8-cuon,
21980,21980,H&A Quán - Bún Đậu & Nem Nướng - Vĩnh Tuy,93574,Menu,4208575,Bún Đậu Chả Cốm,,37000.0,37000.0,2,0,0,1,7,https://media.be.com.vn/be-food/image/a1e7e084-290b-11ee-b2af-3ea2e1c5510b/original,bun-dau-cha-com,
21980,21980,H&A Quán - Bún Đậu & Nem Nướng - Vĩnh Tuy,93574,Menu,4208577,Bún đậu Dồi sụn,,35000.0,35000.0,1,0,0,1,8,https://media.be.com.vn/be-food/image/c945156d-290b-11ee-bfaa-82e52b34e173/original,bun-dau-doi-sun,
21980,21980,H&A Quán - Bún Đậu & Nem Nướng - Vĩnh Tuy,93574,Menu,4315093,khô gà lá chanh túi 100g,,25000.0,25000.0,11,0,0,1,9,https://media.be.com.vn/be-food/image/787724e9-3354-11ee-8e31-f638ae20f033/resized_thumbnail_w1080_h1080,kho-ga-la-chanh-tui-100g,
21980,21980,H&A Quán - Bún Đậu & Nem Nướng - Vĩnh Tuy,93574,Menu,4333668,Bún Chả Thịt Nướng,Bún Chả Chấm,45000.0,45000.0,284,1,0,1,10,https://media.be.com.vn/be-food/image/92f0a814-31ba-11ee-8146-82365e52a8ee/original,bun-cha-thit-nuong,
21980,21980,H&A Quán - Bún Đậu & Nem Nướng - Vĩnh Tuy,93574,Menu,4433192,Bún trộn nem nướng,Bún trộn sốt chua ngọt,50000.0,50000.0,86,0,0,1,11,https://media.be.com.vn/be-food/image/d13a41d7-3d26-11ee-8146-82365e52a8ee/original,bun-tron-nem-nuong,
21980,21980,H&A Quán - Bún Đậu & Nem Nướng - Vĩnh Tuy,93574,Menu,4436630,Bún trộn thịt nướng,Bún trộn sốt chua ngọt,50000.0,50000.0,213,1,0,1,12,https://media.be.com.vn/be-food/image/9fa14295-3d82-11ee-8e31-f638ae20f033/original,bun-tron-thit-nuong,
21980,21980,H&A Quán - Bún Đậu & Nem Nướng - Vĩnh Tuy,93574,Menu,4926642,Bún đậu đầy đủ - 1 chai coca,,60000.0,60000.0,61,0,0,1,13,https://media.be.com.vn/bizops/image/d49f12f5-6e6d-11ee-8e31-f638ae20f033/original,bun-dau-day-du-1-chai-coca,
21980,21980,H&A Quán - Bún Đậu & Nem Nướng - Vĩnh Tuy,93574,Menu,4926643,Bún đậu vừa - 1 chai coca,,55000.0,55000.0,26,0,0,1,14,https://media.be.com.vn/bizops/image/ddbfc9d8-6e6d-11ee-8e31-f638ae20f033/original,bun-dau-vua-1-chai-coca,
21980,21980,H&A Quán - Bún Đậu & Nem Nướng - Vĩnh Tuy,122224,XIÊN QUE CHIÊN,857273,combo 10 xiên que chiên,,30000.0,30000.0,60,0,0,4,1,https://media.be.com.vn/be-food/image/3aa304fe-ae25-11ed-8ca3-8e6f9560a813/resized_thumbnail_w1080_h1080,combo-10-xien-que-chien,
21980,21980,H&A Quán - Bún Đậu & Nem Nướng - Vĩnh Tuy,122224,XIÊN QUE CHIÊN,864460,combo 5 Xiên Que,,15000.0,15000.0,74,1,1,4,2,https://media.be.com.vn/be-food/image/a351dbce-ae27-11ed-aebb-1eb5d596321f/resized_thumbnail_w1080_h1080,combo-5-xien-que,
114833,114833,Cơm Ngon Xuân Trường - Giáp Nhị,1411004,menu,9688409,Cơm thịt quay và thịt xào,"cơm thịt quay, thịt xào và rau theo mùa",49000.0,49000.0,56,0,0,1,1,https://media.be.com.vn/bizops/image/9f0a91c0-a57e-11f0-b84b-3a4f2a37a94e/original,com-thit-quay-va-thit-xao,
114833,114833,Cơm Ngon Xuân Trường - Giáp Nhị,1411004,menu,9688459,Cơm trắng và thịt băm,,45000.0,45000.0,5,0,0,1,2,https://media.be.com.vn/be-food/image/09b3c0eb-62d0-11f0-b84b-3a4f2a37a94e/resized_thumbnail_w1080_h1080,com-trang-va-thit-bam,
114833,114833,Cơm Ngon Xuân Trường - Giáp Nhị,1411004,menu,9688460,Cơm gà kho và thịt băm,,49000.0,49000.0,17,0,0,1,3,https://media.be.com.vn/be-food/image/09084a0e-62cf-11f0-8b11-e6e7ca75c48c/original,com-ga-kho-va-thit-bam,
114833,114833,Cơm Ngon Xuân Trường - Giáp Nhị,1411004,menu,9688461,Cơm sườn xào chua ngọt và thịt băm,,49000.0,49000.0,160,2,0,1,4,https://media.be.com.vn/be-food/image/f892a061-62ce-11f0-8021-922c9d42c616/original,com-suon-xao-chua-ngot-va-thit-bam,
114833,114833,Cơm Ngon Xuân Trường - Giáp Nhị,1411004,menu,9688462,Cơm cá kho,,49000.0,49000.0,47,1,0,1,5,https://media.be.com.vn/be-food/image/e6838c7b-62ce-11f0-8021-922c9d42c616/original,com-ca-kho,
114833,114833,Cơm Ngon Xuân Trường - Giáp Nhị,1411004,menu,9688463,Cơm thịt rang cháy cạnh,,49000.0,49000.0,133,4,1,1,6,https://media.be.com.vn/be-food/image/d52a1c6f-62ce-11f0-8021-922c9d42c616/original,com-thit-rang-chay-canh,
114833,114833,Cơm Ngon Xuân Trường - Giáp Nhị,1411004,menu,9688464,Cơm gà kho,,49000.0,49000.0,12,0,0,1,7,https://media.be.com.vn/be-food/image/be711b64-62ce-11f0-b84b-3a4f2a37a94e/original,com-ga-kho,
114833,114833,Cơm Ngon Xuân Trường - Giáp Nhị,1411004,menu,9688465,Cơm thịt luộc và thịt kho,,49000.0,49000.0,70,2,0,1,8,https://media.be.com.vn/be-food/image/ac3933eb-62ce-11f0-8021-922c9d42c616/original,com-thit-luoc-va-thit-kho,
114833,114833,Cơm Ngon Xuân Trường - Giáp Nhị,1411004,menu,9688466,Cơm gà rán và chả lá lốt,,49000.0,49000.0,31,0,0,1,9,https://media.be.com.vn/be-food/image/921500f3-62ce-11f0-8021-922c9d42c616/original,com-ga-ran-va-cha-la-lot,
114833,114833,Cơm Ngon Xuân Trường - Giáp Nhị,1411004,menu,9688467,Cơm chả lá lốt và thịt xào,,49000.0,49000.0,64,1,0,1,10,https://media.be.com.vn/be-food/image/6862216f-62ce-11f0-b84b-3a4f2a37a94e/original,com-cha-la-lot-va-thit-xao,
114833,114833,Cơm Ngon Xuân Trường - Giáp Nhị,1411004,menu,9688468,Cơm thịt băm và thịt xào,,49000.0,49000.0,16,0,0,1,11,https://media.be.com.vn/be-food/image/303630b5-62ce-11f0-8021-922c9d42c616/original,com-thit-bam-va-thit-xao,
114833,114833,Cơm Ngon Xuân Trường - Giáp Nhị,1411018,cơm + cocacola,9688479,Cơm sườn xào chua ngọt + cocacola,,65000.0,65000.0,3,0,0,5,1,https://media.be.com.vn/be-food/image/fe452243-62d0-11f0-9063-66448d787802/original,com-suon-xao-chua-ngot-cocacola,
114833,114833,Cơm Ngon Xuân Trường - Giáp Nhị,1411018,cơm + cocacola,9688480,Cơm thịt kho +cocacola,,65000.0,65000.0,4,0,0,5,2,https://media.be.com.vn/be-food/image/e9c294b2-62d0-11f0-9063-66448d787802/original,com-thit-kho-cocacola,
114833,114833,Cơm Ngon Xuân Trường - Giáp Nhị,1411018,cơm + cocacola,9688481,Cơm gà rán và cocacla,,65000.0,65000.0,2,0,0,5,3,https://media.be.com.vn/be-food/image/3ec220ee-62d0-11f0-9063-66448d787802/original,com-ga-ran-va-cocacla,
114833,114833,Cơm Ngon Xuân Trường - Giáp Nhị,1411019,cơm tiết kiệm,9688483,Cơm thịt trưng mắm tép,,45000.0,45000.0,20,1,0,6,1,https://media.be.com.vn/be-food/image/ae8d4914-62d0-11f0-9063-66448d787802/original,com-thit-trung-mam-tep,
114833,114833,Cơm Ngon Xuân Trường - Giáp Nhị,1411019,cơm tiết kiệm,9688484,Cơm thịt băm ngô ngọt,,45000.0,45000.0,26,2,0,6,2,https://media.be.com.vn/be-food/image/95d1ce6d-62d0-11f0-8021-922c9d42c616/original,com-thit-bam-ngo-ngot,
87272,87272,"Thành Tâm Quán - Cơm Rang, Phở Bò & Bún Bò Huế - Định Công Thượng",1026339,Bún Bò Huế Chuẩn Vị Huế,6861606,Bún bò Huế sinh viên,Bún + mọc bò + móng giò heo + nạm bò + tiết + giò + rau thơm + hành muối,65000.0,65000.0,84,0,0,1,1,https://media.be.com.vn/bizops/image/3cce2e63-4635-11ef-ba6d-1220605d9522/original,bun-bo-hue-sinh-vien,
87272,87272,"Thành Tâm Quán - Cơm Rang, Phở Bò & Bún Bò Huế - Định Công Thượng",1026339,Bún Bò Huế Chuẩn Vị Huế,6861607,Bún bò Huế - không móng,Bún + chả của + mọc bò + tiết + nạm bò + giò + rau thơm + hành muối,75000.0,75000.0,4,0,0,1,2,https://media.be.com.vn/bizops/image/1ad574d3-45bd-11ef-8dc5-12c0bf7afddb/original,bun-bo-hue-khong-mong,
87272,87272,"Thành Tâm Quán - Cơm Rang, Phở Bò & Bún Bò Huế - Định Công Thượng",1026339,Bún Bò Huế Chuẩn Vị Huế,6861608,Bún Huế đầy đủ,Chả cua + mọc bò + móng giò heo + tiết + giò tai + nạm bò + rau thơm,80000.0,80000.0,10,0,0,1,3,https://media.be.com.vn/bizops/image/4a29d99b-4635-11ef-8dc5-12c0bf7afddb/original,bun-hue-day-du,
87272,87272,"Thành Tâm Quán - Cơm Rang, Phở Bò & Bún Bò Huế - Định Công Thượng",1026339,Bún Bò Huế Chuẩn Vị Huế,6861609,Bún bò Huế đặc biệt,Bún + chả của + mọc bò + móng giò heo + tiết + nạm bò + tái + rau thơm + hành muối,85000.0,85000.0,29,0,1,1,4,https://media.be.com.vn/bizops/image/4e323d4b-4635-11ef-ba6d-1220605d9522/original,bun-bo-hue-dac-biet,
87272,87272,"Thành Tâm Quán - Cơm Rang, Phở Bò & Bún Bò Huế - Định Công Thượng",1026339,Bún Bò Huế Chuẩn Vị Huế,6861610,Bún mọc cua,Bún + mọc cua + hành muối + sate + rau ăn kèm,70000.0,70000.0,0,0,0,1,5,https://media.be.com.vn/bizops/image/91dc5d28-45bd-11ef-a271-b60dedd57ab8/original,bun-moc-cua,
87272,87272,"Thành Tâm Quán - Cơm Rang, Phở Bò & Bún Bò Huế - Định Công Thượng",1026340,Cơm Rang Đỉnh Cao,6861611,Cơm rang dưa bò,Cơm thơm giòn trôi miệng + dưa chua xào cùng bò,65000.0,65000.0,60,1,1,2,1,https://media.be.com.vn/bizops/image/69b05d62-4635-11ef-8dc5-12c0bf7afddb/original,com-rang-dua-bo,
87272,87272,"Thành Tâm Quán - Cơm Rang, Phở Bò & Bún Bò Huế - Định Công Thượng",1026340,Cơm Rang Đỉnh Cao,6861612,Cơm rang cải bò,Cơm rang thơm giòn cùng cải xanh quyện với thịt bò,65000.0,65000.0,9,0,1,2,2,https://media.be.com.vn/bizops/image/c4f56155-45bd-11ef-a271-b60dedd57ab8/original,com-rang-cai-bo,
87272,87272,"Thành Tâm Quán - Cơm Rang, Phở Bò & Bún Bò Huế - Định Công Thượng",1026340,Cơm Rang Đỉnh Cao,6861615,Cơm rang đùi gà sốt,Cơm giòn thơm + đùi gà tơ đẫm sốt giá truyền,73000.0,73000.0,49,0,0,2,5,https://media.be.com.vn/bizops/image/90b2f176-4635-11ef-ba6d-1220605d9522/original,com-rang-dui-ga-sot,
87272,87272,"Thành Tâm Quán - Cơm Rang, Phở Bò & Bún Bò Huế - Định Công Thượng",1026340,Cơm Rang Đỉnh Cao,6861616,Cơm rang xúc xích,,52000.0,52000.0,0,0,0,2,6,https://media.be.com.vn/bizops/image/f9b001c2-45bd-11ef-a271-b60dedd57ab8/original,com-rang-xuc-xich,
87272,87272,"Thành Tâm Quán - Cơm Rang, Phở Bò & Bún Bò Huế - Định Công Thượng",1026341,Phở - Mì Xào Ăn Vào Ngất Ngây,6861617,Phở bò chín,Phở + hành + bò chín,65000.0,65000.0,10,0,0,3,1,https://media.be.com.vn/bizops/image/b144a8b6-4635-11ef-adb9-3e6ef01ea27f/original,pho-bo-chin,
87272,87272,"Thành Tâm Quán - Cơm Rang, Phở Bò & Bún Bò Huế - Định Công Thượng",1026341,Phở - Mì Xào Ăn Vào Ngất Ngây,6861618,Phở bò tái,Phở + hành + bò tái,65000.0,65000.0,4,1,0,3,2,https://media.be.com.vn/bizops/image/c6b3a3bb-4635-11ef-ba6d-1220605d9522/original,pho-bo-tai,
87272,87272,"Thành Tâm Quán - Cơm Rang, Phở Bò & Bún Bò Huế - Định Công Thượng",1026341,Phở - Mì Xào Ăn Vào Ngất Ngây,6861619,Phở gầu,Phở + hành + gầu bò,75000.0,75000.0,1,0,0,3,3,https://media.be.com.vn/bizops/image/d04078c4-4635-11ef-adb9-3e6ef01ea27f/original,pho-gau,
87272,87272,"Thành Tâm Quán - Cơm Rang, Phở Bò & Bún Bò Huế - Định Công Thượng",1026341,Phở - Mì Xào Ăn Vào Ngất Ngây,6861620,Phở bò tái gầu,Phở + hành + bò tái + gầu bò,80000.0,80000.0,13,0,1,3,4,https://media.be.com.vn/bizops/image/d5f41c7f-4635-11ef-a271-b60dedd57ab8/original,pho-bo-tai-gau,
87272,87272,"Thành Tâm Quán - Cơm Rang, Phở Bò & Bún Bò Huế - Định Công Thượng",1026341,Phở - Mì Xào Ăn Vào Ngất Ngây,6861621,Phở bò đặc biệt,Phở + hành + bò tái + bò chín + nạm + gầu,70000.0,70000.0,8,0,1,3,5,https://media.be.com.vn/bizops/image/09f83e90-4636-11ef-a271-b60dedd57ab8/resized_thumbnail_w1080_h1080,pho-bo-dac-biet,
87272,87272,"Thành Tâm Quán - Cơm Rang, Phở Bò & Bún Bò Huế - Định Công Thượng",1026341,Phở - Mì Xào Ăn Vào Ngất Ngây,6861622,Phở bò tái chín,Phở + hành + bò tái + bò chín,70000.0,70000.0,6,0,0,3,6,https://media.be.com.vn/bizops/image/184f47ba-4636-11ef-a271-b60dedd57ab8/original,pho-bo-tai-chin,
87272,87272,"Thành Tâm Quán - Cơm Rang, Phở Bò & Bún Bò Huế - Định Công Thượng",1026341,Phở - Mì Xào Ăn Vào Ngất Ngây,6861623,Phở nạm,Phở + hành + nạm bò,65000.0,65000.0,5,0,0,3,7,https://media.be.com.vn/bizops/image/22710e05-4636-11ef-ba6d-1220605d9522/original,pho-nam,
87272,87272,"Thành Tâm Quán - Cơm Rang, Phở Bò & Bún Bò Huế - Định Công Thượng",1026341,Phở - Mì Xào Ăn Vào Ngất Ngây,6861624,Mì xào bò,Sợi mỳ zai zai kèm rau và bò thơm ngon,65000.0,65000.0,5,0,0,3,8,https://media.be.com.vn/bizops/image/287125a8-4636-11ef-ba6d-1220605d9522/original,mi-xao-bo,
115272,115272,"He Na Quán - Bánh Cuốn, Bún Chả & Gà Tần - Núi Trúc",1411421,Menu,9690956,Bún chả,,47000.0,47000.0,17,0,0,1,1,https://media.be.com.vn/bizops/image/ea131cce-62f4-11f0-b84b-3a4f2a37a94e/original,bun-cha,
115272,115272,"He Na Quán - Bánh Cuốn, Bún Chả & Gà Tần - Núi Trúc",1411421,Menu,9690957,Bánh cuốn chả nướng,,47000.0,47000.0,3,0,0,1,2,https://media.be.com.vn/bizops/image/f244381b-62f4-11f0-8b11-e6e7ca75c48c/original,banh-cuon-cha-nuong,
115272,115272,"He Na Quán - Bánh Cuốn, Bún Chả & Gà Tần - Núi Trúc",1411421,Menu,9690958,Gà tần,,74000.0,74000.0,1,0,0,1,3,https://media.be.com.vn/bizops/image/076d8fac-62f5-11f0-b84b-3a4f2a37a94e/original,ga-tan,
130463,130463,Thanh Hà Food - Phở Cuốn & Bún Trộn - Đại Từ,1878902,Bún trộn,11597091,Bún trộn thịt bò,"thịt bò là bò ta xào lên,được mua và chế biến trong ngày thêm rau sống ,rau thơm (mùi và húng bạc hà) cà rốt,dưa leo,lạc rang,hành phi,nước trộn truyền thống của quán và thêm chút tỏi ớt",55000.0,55000.0,6,0,0,1,1,https://media.be.com.vn/bizops/image/8ffb579e-1b92-11f1-a167-cadcd99bf8b0/resized_thumbnail_w1080_h1080,bun-tron-thit-bo,
130463,130463,Thanh Hà Food - Phở Cuốn & Bún Trộn - Đại Từ,1878902,Bún trộn,11597092,Bún trộn thịt nướng,"Thịt lợn xay,chế biến theo công riêng của quán( tự nướng) thịt tươi được nướng và dùng trong ngày,có thêm bún ,rau sống , rau thơm( mùi và húng bạc hà) lạc,hành phi.nước chấm truyền thống của quán thêm chút tỏi và ớt",52000.0,52000.0,28,0,0,1,2,https://media.be.com.vn/be-food/image/f21069d4-1f52-11f1-b197-ce3d3ce291c1/resized_thumbnail_w1080_h1080,bun-tron-thit-nuong,
130463,130463,Thanh Hà Food - Phở Cuốn & Bún Trộn - Đại Từ,1879022,Phở cuốn,11597855,Phở cuốn thịt nướng,"Bánh phở tươi mềm lấy làm trong buổi , thịt quán tự nướng theo công thức riêng và bán trong ngày cuốn cùng bún,rau sống,rau thơm gồm mùi,húng bạc hà, nước chấm truyền thống của quán thêm tỏi và chút ớt",60000.0,60000.0,17,0,0,2,1,https://media.be.com.vn/be-food/image/55dc8355-2520-11f1-b67e-9aaf2a798701/resized_thumbnail_w1080_h1080,pho-cuon-thit-nuong,
130463,130463,Thanh Hà Food - Phở Cuốn & Bún Trộn - Đại Từ,1879022,Phở cuốn,11597856,Phở cuốn thịt bò,"Bánh phở mềm lấy làm trong buổi , bò ta được mua theo ngày và xào lên cùng gia vị của quán (tỏi,tiêu,dầu hào sò điệp) cuốn cùng rau sống,mùi,dưa leo,và rốt và bún. nước chấm truyền thống của quán thêm tí tỏi và ớt",65000.0,65000.0,21,0,0,2,2,https://media.be.com.vn/be-food/image/47f493a6-2520-11f1-b197-ce3d3ce291c1/resized_thumbnail_w1080_h1080,pho-cuon-thit-bo,
130463,130463,Thanh Hà Food - Phở Cuốn & Bún Trộn - Đại Từ,1907247,Combo Tiết Kiệm,11682276,Bún trộn thịt nướng + 1 Nước ngọt,,51000.0,51000.0,2,0,0,3,1,https://media.be.com.vn/be-food/image/b85098cb-279e-11f1-b63c-1ec8367384f0/resized_thumbnail_w1080_h1080,bun-tron-thit-nuong-1-nuoc-ngot,
130463,130463,Thanh Hà Food - Phở Cuốn & Bún Trộn - Đại Từ,1907247,Combo Tiết Kiệm,11795296,Bún trộn thịt bò + 1 nước ngọt,,69000.0,69000.0,0,0,0,3,2,https://media.be.com.vn/be-food/image/ae68d1bb-309d-11f1-b197-ce3d3ce291c1/resized_thumbnail_w1080_h1080,bun-tron-thit-bo-1-nuoc-ngot,
130463,130463,Thanh Hà Food - Phở Cuốn & Bún Trộn - Đại Từ,1879025,Combo Giá Tốt,11682258,5c Phở Cuốn Thịt Bò + 1 nước ngọt,,75000.0,75000.0,1,0,0,4,1,https://media.be.com.vn/be-food/image/adeff3c0-2520-11f1-b197-ce3d3ce291c1/resized_thumbnail_w1080_h1080,5c-pho-cuon-thit-bo-1-nuoc-ngot,
130463,130463,Thanh Hà Food - Phở Cuốn & Bún Trộn - Đại Từ,1879025,Combo Giá Tốt,11682261,5c Phở cuốn thịt nướng + 1 nước ngọt,,72000.0,72000.0,2,0,0,4,2,https://media.be.com.vn/be-food/image/e608bcbb-2520-11f1-b63c-1ec8367384f0/resized_thumbnail_w1080_h1080,5c-pho-cuon-thit-nuong-1-nuoc-ngot,
130463,130463,Thanh Hà Food - Phở Cuốn & Bún Trộn - Đại Từ,1907244,Combo 2 Người Siêu Hời,11682272,5c Phở cuốn thịt bò + 1 Bún trộn thịt nướng + 2 nước ngọt,tiết kiệm hơn đặt lẻ,129000.0,129000.0,1,0,0,5,1,https://media.be.com.vn/be-food/image/aa6934cc-279e-11f1-b63c-1ec8367384f0/resized_thumbnail_w1080_h1080,5c-pho-cuon-thit-bo-1-bun-tron-thit-nuong-2-nuoc-ngot,
130463,130463,Thanh Hà Food - Phở Cuốn & Bún Trộn - Đại Từ,1907241,Combo Ăn No,11682264,ĂN NO - Phở cuốn thịt nướng + bún trộn thịt nướng,tiết kiệm hơn đặt lẻ,95000.0,95000.0,1,0,0,6,1,https://media.be.com.vn/be-food/image/983c6c0c-279e-11f1-b67e-9aaf2a798701/resized_thumbnail_w1080_h1080,an-no-pho-cuon-thit-nuong-bun-tron-thit-nuong,
130463,130463,Thanh Hà Food - Phở Cuốn & Bún Trộn - Đại Từ,1907241,Combo Ăn No,11682267,ĂN NO - Phở cuốn thịt bò + bún trộn thịt bò,,119000.0,119000.0,2,0,0,6,2,https://media.be.com.vn/be-food/image/8eb6b753-279e-11f1-b197-ce3d3ce291c1/resized_thumbnail_w1080_h1080,an-no-pho-cuon-thit-bo-bun-tron-thit-bo,
130463,130463,Thanh Hà Food - Phở Cuốn & Bún Trộn - Đại Từ,1907254,Combo Ăn Nhẹ No Vừa Đủ,11682296,3c Phở cuốn thịt bò,,39000.0,39000.0,3,0,0,7,2,https://media.be.com.vn/be-food/image/b48bb238-2521-11f1-a167-cadcd99bf8b0/resized_thumbnail_w1080_h1080,3c-pho-cuon-thit-bo,
68548,68548,Bánh Cuốn Nóng - Bún Chả & Mỳ Gà Tần - Chính Kinh,771922,Menu,5239772,Bánh cuốn chả thịt nướng,bánh cuốn nhân thịt mộc nhĩ + chả thịt nướng + rau và nước chấm,56000.0,56000.0,902,10,2,1,1,https://media.be.com.vn/be-food/image/a82ce209-b25b-11ef-bd66-b239c83a8124/original,banh-cuon-cha-thit-nuong,
68548,68548,Bánh Cuốn Nóng - Bún Chả & Mỳ Gà Tần - Chính Kinh,771922,Menu,5239773,"Bánh cuốn nhân thịt, mộc nhĩ - chả quế",bánh cuốn nhân thịt mộc nhĩ + chả quế + rau và nước chấm,46000.0,46000.0,392,1,0,1,2,https://media.be.com.vn/be-food/image/2414b501-b25c-11ef-8d88-0695c6df6d37/original,banh-cuon-nhan-thit-moc-nhi-cha-que,
68548,68548,Bánh Cuốn Nóng - Bún Chả & Mỳ Gà Tần - Chính Kinh,771922,Menu,5239774,Bánh cuốn chả lẫn ( chả thịt nướng + chả quế ),"bánh cuốn nhân thịt, mộc nhĩ + chả thịt nướng và chả quế + rau và nước chấm",65000.0,65000.0,501,3,0,1,3,https://media.be.com.vn/be-food/image/8292bebc-9033-11ee-8146-82365e52a8ee/original,banh-cuon-cha-lan-cha-thit-nuong-cha-que,
68548,68548,Bánh Cuốn Nóng - Bún Chả & Mỳ Gà Tần - Chính Kinh,771922,Menu,5239776,Bún chả thịt nướng - kèm măng ớt siêu ngon,bún + chả thịt nướng + rau và nước chấm + măng ớt siêu ngon,65000.0,65000.0,341,3,3,1,5,https://media.be.com.vn/be-food/image/b219da27-9033-11ee-bfaa-82e52b34e173/original,bun-cha-thit-nuong-kem-mang-ot-sieu-ngon,
68548,68548,Bánh Cuốn Nóng - Bún Chả & Mỳ Gà Tần - Chính Kinh,771922,Menu,5239777,Gà đùi tần ngải cứu thuốc bắc - chuẩn vị thuốc Bắc - kèm măng ớt siêu ngon,"1 đùi gà + rau ngải cứu tần thuốc Bắc, nước xương và gia vị đi kèm , chuẩn vị thuốc Bắc kèm măng ớt siêu ngon. cam kết ko chất phụ gia",63000.0,63000.0,285,0,0,1,6,https://media.be.com.vn/bizops/image/c2c39434-8f27-11ee-8146-82365e52a8ee/original,ga-dui-tan-ngai-cuu-thuoc-bac-chuan-vi-thuoc-bac-kem-mang-ot-sieu-ngon,
68548,68548,Bánh Cuốn Nóng - Bún Chả & Mỳ Gà Tần - Chính Kinh,771922,Menu,5239778,Mỳ đùi gà tần ngải cứu chuẩn vị thuốc Bắc kèm măng ớt siêu ngon,"1 mỳ+ đùi gà + rau ngải cứu + + gia vị + nước xương + măng ớt. cam kết chuẩn vị thuốc Bắc, ko chất phụ gia",73000.0,73000.0,533,16,3,1,7,https://media.be.com.vn/bizops/image/d73ed612-8f27-11ee-8e31-f638ae20f033/original,my-dui-ga-tan-ngai-cuu-chuan-vi-thuoc-bac-kem-mang-ot-sieu-ngon,
68548,68548,Bánh Cuốn Nóng - Bún Chả & Mỳ Gà Tần - Chính Kinh,771922,Menu,5239779,Gà ác tần thuốc Bắc nguyên con chuẩn vị thuốc Bắc kèm măng ớt siêu ngon,1 gà ác tần thuốc bắc ngải cứu nguyên con +nước xương+ gia vị đi kèm + măng ớt. chuẩn vị thuốc Bắc,109000.0,109000.0,177,0,0,1,8,https://media.be.com.vn/be-food/image/ead07847-9032-11ee-8146-82365e52a8ee/original,ga-ac-tan-thuoc-bac-nguyen-con-chuan-vi-thuoc-bac-kem-mang-ot-sieu-ngon,
68548,68548,Bánh Cuốn Nóng - Bún Chả & Mỳ Gà Tần - Chính Kinh,771922,Menu,5239780,Mỳ gà ác tần thuốc Bắc nguyên con chuẩn vị thuốc Bắc kèm măng ớt siêu ngon,1 mỳ+ gà ác tần nguyên con + gia vị đi kèm + ngải cứu+ nước xương+ măng ớt . cam kết chuẩn vi thuốc bắc,119000.0,119000.0,133,1,0,1,9,https://media.be.com.vn/be-food/image/2848c55f-9033-11ee-8146-82365e52a8ee/original,my-ga-ac-tan-thuoc-bac-nguyen-con-chuan-vi-thuoc-bac-kem-mang-ot-sieu-ngon,
68548,68548,Bánh Cuốn Nóng - Bún Chả & Mỳ Gà Tần - Chính Kinh,771922,Menu,5337585,Trứng vịt lộn ngải cứu - chuẩn vị thuốc Bắc kèm măng ớt siêu ngon,"1 trứng + ngải cứu + răm gừng + gia vị + nước xương,chuẩn vị thuốc Bắc kèm măng ớt siêu ngon",24000.0,24000.0,219,1,2,1,11,https://media.be.com.vn/be-food/image/e467c10e-9343-11ee-8e31-f638ae20f033/original,trung-vit-lon-ngai-cuu-chuan-vi-thuoc-bac-kem-mang-ot-sieu-ngon,
68548,68548,Bánh Cuốn Nóng - Bún Chả & Mỳ Gà Tần - Chính Kinh,771922,Menu,5340364,Combo 3 trứng vịt lộn kèm răm gừng gia vị đầy đủ,3 trứng vịt lộn + răm gừng + gia vị,36000.0,36000.0,216,8,0,1,12,https://media.be.com.vn/be-food/image/cf83df33-97fd-11ee-b2af-3ea2e1c5510b/original,combo-3-trung-vit-lon-kem-ram-gung-gia-vi-day-du,
68548,68548,Bánh Cuốn Nóng - Bún Chả & Mỳ Gà Tần - Chính Kinh,771922,Menu,5611011,Trứng rán ngải cứu,2 quả trứng gà + ngải cứu + tương ớt,30000.0,30000.0,174,8,1,1,13,https://media.be.com.vn/be-food/image/08708599-b506-11ee-b2af-3ea2e1c5510b/resized_thumbnail_w1080_h1080,trung-ran-ngai-cuu,
68548,68548,Bánh Cuốn Nóng - Bún Chả & Mỳ Gà Tần - Chính Kinh,771922,Menu,6351656,Combo 2 bánh cuốn trứng chín nhân thịt mộc nhĩ,2 bánh cuốn trứng chín + rau sống+ nước chấm,36000.0,36000.0,81,1,0,1,14,https://media.be.com.vn/be-food/image/33cb9bed-0df9-11ef-b501-fa660a76b65e/resized_thumbnail_w1080_h1080,combo-2-banh-cuon-trung-chin-nhan-thit-moc-nhi,
68548,68548,Bánh Cuốn Nóng - Bún Chả & Mỳ Gà Tần - Chính Kinh,771922,Menu,6351658,Chả nướng ( suất),chả miếng + chả viên,25000.0,25000.0,70,0,1,1,15,https://media.be.com.vn/be-food/image/fbb5f7e0-0df9-11ef-9c7d-4a25ba94d9f3/resized_thumbnail_w1080_h1080,cha-nuong-suat,
68548,68548,Bánh Cuốn Nóng - Bún Chả & Mỳ Gà Tần - Chính Kinh,771922,Menu,7950649,Trứng rán lá mơ,"2 quả trứng gà, lá mơ, gia vị",30000.0,30000.0,59,0,0,1,18,https://media.be.com.vn/be-food/image/c7974f12-b25e-11ef-bd66-b239c83a8124/resized_thumbnail_w1080_h1080,trung-ran-la-mo,
68548,68548,Bánh Cuốn Nóng - Bún Chả & Mỳ Gà Tần - Chính Kinh,771922,Menu,7950653,Mỳ đùi gà full topping - chuẩn vị thuốc bắc kèm măng ớt siêu ngon,"1 đùi gà tần, 1 mỳ tôm, 1 trứng vịt lộn, ngải cứu - hầm thuốc Bắc, chuẩn vị thuốc Bắc kèm măng ớt siêu ngon. cam kết chuẩn vị thuốc bắc",85000.0,85000.0,106,2,0,1,19,https://media.be.com.vn/be-food/image/2f4517ee-b25f-11ef-bd66-b239c83a8124/original,my-dui-ga-full-topping-chuan-vi-thuoc-bac-kem-mang-ot-sieu-ngon,
68548,68548,Bánh Cuốn Nóng - Bún Chả & Mỳ Gà Tần - Chính Kinh,771922,Menu,7950655,Mỳ tôm trứng vịt lộn ngải cứu - chuẩn vị thuốc bắc kèm măng ớt siêu ngon,"2 trứng vịt lộn. 1 mỳ tôm, ngải cứu - hầm thuốc Bắc, nước xương, chuẩn vị thuốc Bắc kèm măng ớt siêu ngon. cam kết ko chất phụ gia tạo mùi",58000.0,58000.0,20,0,0,1,20,https://media.be.com.vn/be-food/image/8cc6ae2c-b25f-11ef-8d88-0695c6df6d37/original,my-tom-trung-vit-lon-ngai-cuu-chuan-vi-thuoc-bac-kem-mang-ot-sieu-ngon,
68548,68548,Bánh Cuốn Nóng - Bún Chả & Mỳ Gà Tần - Chính Kinh,771922,Menu,9343774,Mỳ Tim Gà Tần Ngải Cứu chuẩn vị thuốc Bắc kèm măng ớt siêu ngon,1 mỳ tôm+ 9 quả tim gà+ ngải cứu thuốc Bắc nước hầm xương kèm măng ớt siêu ngon,73000.0,73000.0,41,0,0,1,21,https://media.be.com.vn/be-food/image/dd0a1c1a-3851-11f0-bd66-b239c83a8124/original,my-tim-ga-tan-ngai-cuu-chuan-vi-thuoc-bac-kem-mang-ot-sieu-ngon,
68548,68548,Bánh Cuốn Nóng - Bún Chả & Mỳ Gà Tần - Chính Kinh,771922,Menu,9343775,Tim Gà Tần ngải cứu chuẩn vị thuốc Bắc kèm măng ớt siêu ngon,9 quả tim gà + ngải cứu thuốc Bắc nước hầm xương + măng ớt siêu ngon,63000.0,63000.0,31,0,0,1,22,https://media.be.com.vn/be-food/image/2855f90c-3852-11f0-81cc-d24fde1987a0/original,tim-ga-tan-ngai-cuu-chuan-vi-thuoc-bac-kem-mang-ot-sieu-ngon,
135607,135607,Bánh Cuốn & Bún Chả - Bếp Cô Hằng - Vĩnh Hưng,2023648,Bánh Cuốn,12169378,Bánh cuốn thịt nướng,,45000.0,45000.0,0,0,0,1,1,https://media.be.com.vn/be-food/image/cae3fe85-4db8-11f1-a167-cadcd99bf8b0/resized_thumbnail_w1080_h1080,banh-cuon-thit-nuong,
135607,135607,Bánh Cuốn & Bún Chả - Bếp Cô Hằng - Vĩnh Hưng,2023648,Bánh Cuốn,12169380,Bánh cuốn chả,,40000.0,40000.0,0,0,0,1,3,https://media.be.com.vn/be-food/image/982baded-4db8-11f1-b197-ce3d3ce291c1/resized_thumbnail_w1080_h1080,banh-cuon-cha,
135607,135607,Bánh Cuốn & Bún Chả - Bếp Cô Hằng - Vĩnh Hưng,2023648,Bánh Cuốn,12169383,"Bánh cuốn thập cẩm(chả,thịt nướng)",,45000.0,45000.0,0,0,0,1,4,https://media.be.com.vn/be-food/image/2ef8a0c2-5001-11f1-8d18-dadbc64f7918/resized_thumbnail_w1080_h1080,banh-cuon-thap-cam-cha-thit-nuong,
135607,135607,Bánh Cuốn & Bún Chả - Bếp Cô Hằng - Vĩnh Hưng,2023649,bánh lá(răng bừa thanh hóa),12169384,Bún chả nướng,,40000.0,40000.0,0,0,0,2,1,https://media.be.com.vn/be-food/image/758659b4-5001-11f1-8db8-3e6660809d72/resized_thumbnail_w1080_h1080,bun-cha-nuong,
80920,80920,Cồ Cử Phở Bò - Cơm Rang - Kim Giang,944790,Menu,6359725,Cơm rang dưa bò,,55000.0,55000.0,792,1,0,1,1,https://media.be.com.vn/bizops/image/7d5fb003-129f-11ef-b501-fa660a76b65e/resized_thumbnail_w1080_h1080,com-rang-dua-bo,
80920,80920,Cồ Cử Phở Bò - Cơm Rang - Kim Giang,944790,Menu,6359726,Phở bò( không kèm theo hộp đựng),giá trên không kèm theo hộp đựng đồ dùng ăn uống,50000.0,50000.0,111,0,0,1,2,https://media.be.com.vn/bizops/image/89156fef-129f-11ef-b501-fa660a76b65e/resized_thumbnail_w1080_h1080,pho-bo-khong-kem-theo-hop-dung,
80920,80920,Cồ Cử Phở Bò - Cơm Rang - Kim Giang,944790,Menu,6375281,cơm rang cải bò,cơm rang trứng và rau cải xanh xào thịt bò,55000.0,55000.0,175,0,1,1,3,https://media.be.com.vn/be-food/image/04d884c5-1373-11ef-9c7d-4a25ba94d9f3/resized_thumbnail_w1080_h1080,com-rang-cai-bo,
80920,80920,Cồ Cử Phở Bò - Cơm Rang - Kim Giang,944790,Menu,6375283,phở xào,bánh phở xào+rau cải xanh+hành tây và thịt bò,55000.0,55000.0,78,0,0,1,4,https://media.be.com.vn/be-food/image/b74c4521-1374-11ef-b501-fa660a76b65e/resized_thumbnail_w1080_h1080,pho-xao,
80920,80920,Cồ Cử Phở Bò - Cơm Rang - Kim Giang,944790,Menu,6375285,mỳ xào,mỳ tôm xào rau cải xanh hành tây thịt bò,55000.0,55000.0,33,0,1,1,5,https://media.be.com.vn/be-food/image/05f6d69d-1375-11ef-bbf6-aee397ad57df/resized_thumbnail_w1080_h1080,my-xao,
80920,80920,Cồ Cử Phở Bò - Cơm Rang - Kim Giang,944790,Menu,6375447,phở Tái Lăn (không bao gồm hộp đựng),thịt bò được xào lăn với hành tây . không bao gồm hộp đựng,50000.0,50000.0,32,0,0,1,9,https://media.be.com.vn/be-food/image/13bfe36b-13ff-11ef-9c7d-4a25ba94d9f3/resized_thumbnail_w1080_h1080,pho-tai-lan-khong-bao-gom-hop-dung,
80920,80920,Cồ Cử Phở Bò - Cơm Rang - Kim Giang,944790,Menu,6375448,phở Tái Gầu(không bao gồm hộp đựng),gồm thịt bò tái và thịt gầu bò . không bao gồm hộp đựng,50000.0,50000.0,76,0,0,1,10,https://media.be.com.vn/be-food/image/532d253e-13ff-11ef-b411-9e337230779d/resized_thumbnail_w1080_h1080,pho-tai-gau-khong-bao-gom-hop-dung,
80920,80920,Cồ Cử Phở Bò - Cơm Rang - Kim Giang,944790,Menu,6375449,phở áp chảo(không bao gồm hộp đựng),thịt bò được xào cùng rau cải xanh và hành tây và chan cùng nước phở . không bao gồm hộp đựng,50000.0,50000.0,10,0,0,1,11,https://media.be.com.vn/be-food/image/8ca9fe32-13ff-11ef-b501-fa660a76b65e/resized_thumbnail_w1080_h1080,pho-ap-chao-khong-bao-gom-hop-dung,
80920,80920,Cồ Cử Phở Bò - Cơm Rang - Kim Giang,944790,Menu,6375536,Cơm rang thập cẩm,cơm rang trứng giò cà rốt lạp xưởng dưa chua,40000.0,40000.0,194,3,0,1,12,https://media.be.com.vn/be-food/image/73982c4a-1403-11ef-b411-9e337230779d/resized_thumbnail_w1080_h1080,com-rang-thap-cam,
80920,80920,Cồ Cử Phở Bò - Cơm Rang - Kim Giang,944790,Menu,6375569,cơm rang trứng,cơm rang trứng,30000.0,30000.0,28,0,0,1,13,https://media.be.com.vn/be-food/image/a4d90dd6-1403-11ef-b411-9e337230779d/resized_thumbnail_w1080_h1080,com-rang-trung,
80920,80920,Cồ Cử Phở Bò - Cơm Rang - Kim Giang,944790,Menu,6641551,Phở Bò Tái(không bao gồm hộp đựng),Phở Bò Tái.không kèm theo hộp đựng,50000.0,50000.0,78,0,0,1,14,https://media.be.com.vn/be-food/image/9ed99ca3-2ca1-11ef-b501-fa660a76b65e/resized_thumbnail_w1080_h1080,pho-bo-tai-khong-bao-gom-hop-dung,
80920,80920,Cồ Cử Phở Bò - Cơm Rang - Kim Giang,944790,Menu,6641554,Phở Bò Chín(không bao gồm hộp đựng),Phở Bò Chín.không kèm theo hộp đựng,50000.0,50000.0,88,0,0,1,15,https://media.be.com.vn/be-food/image/c0c946b2-2ca1-11ef-9c7d-4a25ba94d9f3/resized_thumbnail_w1080_h1080,pho-bo-chin-khong-bao-gom-hop-dung,
123914,123914,Ling Ling Foody - Gà Rán & Mỳ Cay - Vĩnh Hưng,1594103,Mỳ Cay 7 Cấp Độ,10669763,Mỳ Cay Xúc Xích,,49000.0,49000.0,46,1,0,2,1,https://media.be.com.vn/be-food/image/926a74fa-c454-11f0-8021-922c9d42c616/resized_thumbnail_w1080_h1080,my-cay-xuc-xich,
123914,123914,Ling Ling Foody - Gà Rán & Mỳ Cay - Vĩnh Hưng,1594103,Mỳ Cay 7 Cấp Độ,10669764,Mỳ Cay Bò Mỹ,,59000.0,59000.0,135,2,0,2,2,https://media.be.com.vn/bizops/image/4e2393ca-c452-11f0-b84b-3a4f2a37a94e/resized_thumbnail_w1080_h1080,my-cay-bo-my,
123914,123914,Ling Ling Foody - Gà Rán & Mỳ Cay - Vĩnh Hưng,1594103,Mỳ Cay 7 Cấp Độ,10669765,Mỳ Cay Sườn Sụn,,59000.0,59000.0,14,0,0,2,3,https://media.be.com.vn/be-food/image/c9ed574b-c455-11f0-8021-922c9d42c616/resized_thumbnail_w1080_h1080,my-cay-suon-sun,
123914,123914,Ling Ling Foody - Gà Rán & Mỳ Cay - Vĩnh Hưng,1594103,Mỳ Cay 7 Cấp Độ,10669766,Mỳ Cay Hải Sản,,65000.0,65000.0,21,0,0,2,4,https://media.be.com.vn/be-food/image/9fa198ba-c451-11f0-8021-922c9d42c616/resized_thumbnail_w1080_h1080,my-cay-hai-san,
123914,123914,Ling Ling Foody - Gà Rán & Mỳ Cay - Vĩnh Hưng,1594103,Mỳ Cay 7 Cấp Độ,10669767,Mỳ Cay Thập Cẩm,,74000.0,74000.0,49,1,0,2,5,https://media.be.com.vn/be-food/image/9a78483e-c455-11f0-9063-66448d787802/resized_thumbnail_w1080_h1080,my-cay-thap-cam,
123914,123914,Ling Ling Foody - Gà Rán & Mỳ Cay - Vĩnh Hưng,1594103,Mỳ Cay 7 Cấp Độ,10669768,Mỳ Cay Bò Ta,,59000.0,59000.0,13,1,0,2,6,https://media.be.com.vn/be-food/image/7fbd8ffe-c455-11f0-b84b-3a4f2a37a94e/resized_thumbnail_w1080_h1080,my-cay-bo-ta,
123914,123914,Ling Ling Foody - Gà Rán & Mỳ Cay - Vĩnh Hưng,1634842,Gà Rán-Kimbap,10819936,Gà Viên 9 Vị,,29000.0,29000.0,7,0,0,3,1,https://media.be.com.vn/be-food/image/90691a67-d420-11f0-9063-66448d787802/resized_thumbnail_w1080_h1080,ga-vien-9-vi,
123914,123914,Ling Ling Foody - Gà Rán & Mỳ Cay - Vĩnh Hưng,1634842,Gà Rán-Kimbap,10819944,Đùi Gà Rán 9 Vị,,35000.0,35000.0,2,0,0,3,2,https://media.be.com.vn/be-food/image/eb221700-d420-11f0-8b11-e6e7ca75c48c/resized_thumbnail_w1080_h1080,dui-ga-ran-9-vi,
123914,123914,Ling Ling Foody - Gà Rán & Mỳ Cay - Vĩnh Hưng,1634842,Gà Rán-Kimbap,10819948,Cánh Gà Rán 9 Vị,,35000.0,35000.0,4,0,0,3,3,https://media.be.com.vn/be-food/image/1adfc1f5-d421-11f0-9063-66448d787802/resized_thumbnail_w1080_h1080,canh-ga-ran-9-vi,
123914,123914,Ling Ling Foody - Gà Rán & Mỳ Cay - Vĩnh Hưng,1634842,Gà Rán-Kimbap,10819953,Má Đùi Gà Rán 9 Vị,,35000.0,35000.0,9,0,0,3,4,https://media.be.com.vn/be-food/image/39c255a3-d421-11f0-8b11-e6e7ca75c48c/resized_thumbnail_w1080_h1080,ma-dui-ga-ran-9-vi,
123914,123914,Ling Ling Foody - Gà Rán & Mỳ Cay - Vĩnh Hưng,1634842,Gà Rán-Kimbap,10820555,Combo Gà Viên + Kimbap Thường,"Combo gồm: Gà viên size S (100g), 6 miếng kimbap thường",48000.0,48000.0,9,0,0,3,5,https://media.be.com.vn/be-food/image/4eab1fde-d43f-11f0-8021-922c9d42c616/resized_thumbnail_w1080_h1080,combo-ga-vien-kimbap-thuong,
123914,123914,Ling Ling Foody - Gà Rán & Mỳ Cay - Vĩnh Hưng,1634842,Gà Rán-Kimbap,10820573,Combo Gà Viên + Kimbap Chiên,"Combo gồm: Gà viên size S (100g), 6 miếng kimbap thường",50000.0,50000.0,6,0,0,3,6,https://media.be.com.vn/be-food/image/0cd019b6-d440-11f0-9063-66448d787802/resized_thumbnail_w1080_h1080,combo-ga-vien-kimbap-chien,
123914,123914,Ling Ling Foody - Gà Rán & Mỳ Cay - Vĩnh Hưng,1634842,Gà Rán-Kimbap,10824232,Kimbap Chiên,,22000.0,22000.0,18,0,0,3,7,https://media.be.com.vn/be-food/image/d119e158-3ed9-11f1-b63c-1ec8367384f0/resized_thumbnail_w1080_h1080,kimbap-chien,
123914,123914,Ling Ling Foody - Gà Rán & Mỳ Cay - Vĩnh Hưng,1634842,Gà Rán-Kimbap,10824240,Kimbap Thường,,20000.0,20000.0,8,0,0,3,8,https://media.be.com.vn/be-food/image/c68be764-3ed9-11f1-a167-cadcd99bf8b0/resized_thumbnail_w1080_h1080,kimbap-thuong,
123914,123914,Ling Ling Foody - Gà Rán & Mỳ Cay - Vĩnh Hưng,1634842,Gà Rán-Kimbap,10887101,Combo Cơm Gà 9 Vị,,46000.0,46000.0,54,0,0,3,11,https://media.be.com.vn/be-food/image/26972953-4dd2-11f1-b67e-9aaf2a798701/resized_thumbnail_w1080_h1080,combo-com-ga-9-vi,
123914,123914,Ling Ling Foody - Gà Rán & Mỳ Cay - Vĩnh Hưng,1634842,Gà Rán-Kimbap,11551050,Salad Bắp Cải,,30000.0,30000.0,0,0,0,3,13,https://media.be.com.vn/be-food/image/5b7925fb-1790-11f1-a167-cadcd99bf8b0/resized_thumbnail_w1080_h1080,salad-bap-cai,
123914,123914,Ling Ling Foody - Gà Rán & Mỳ Cay - Vĩnh Hưng,2045445,Bún Trộn,12235265,Bún Trộn Rau Củ,"Bao gồm: Bún, xà nách, rau thơm, giá đỗ, cà rốt, dưa chuột, bắp cải tím, lạc, hành phi, nước mắm chua ngọt",32000.0,32000.0,0,0,0,4,1,https://media.be.com.vn/be-food/image/95e4eb54-5092-11f1-8683-3a351028b633/resized_thumbnail_w1080_h1080,bun-tron-rau-cu,
123914,123914,Ling Ling Foody - Gà Rán & Mỳ Cay - Vĩnh Hưng,2045445,Bún Trộn,12235271,Bún Trộn Viên Chiên,"Bao gồm: Viên chiên, bún, xà nách, rau thơm, giá đỗ, cà rốt, dưa chuột, bắp cải tím, lạc, hành phi, nước mắm chua ngọt",39000.0,39000.0,0,0,0,4,2,https://media.be.com.vn/be-food/image/d56c1a42-5092-11f1-ad42-166496a6b8bb/resized_thumbnail_w1080_h1080,bun-tron-vien-chien,
123914,123914,Ling Ling Foody - Gà Rán & Mỳ Cay - Vĩnh Hưng,2045445,Bún Trộn,12235273,Bún Trộn Xúc Xích,"Bao gồm: xúc xích, bún, xà nách, rau thơm, giá đỗ, cà rốt, dưa chuột, bắp cải tím, lạc, hành phi, nước mắm chua ngọt",39000.0,39000.0,0,0,0,4,3,https://media.be.com.vn/be-food/image/f4c69480-5092-11f1-8d18-dadbc64f7918/resized_thumbnail_w1080_h1080,bun-tron-xuc-xich,
123914,123914,Ling Ling Foody - Gà Rán & Mỳ Cay - Vĩnh Hưng,2045445,Bún Trộn,12235275,Bún Trộn Dồi Sụn,"Bao gồm: dồi sụn, bún, xà nách, rau thơm, giá đỗ, cà rốt, dưa chuột, bắp cải tím, lạc, hành phi, nước mắm chua ngọt",39000.0,39000.0,0,0,0,4,4,https://media.be.com.vn/be-food/image/1f9abe35-5093-11f1-8db8-3e6660809d72/resized_thumbnail_w1080_h1080,bun-tron-doi-sun,
123914,123914,Ling Ling Foody - Gà Rán & Mỳ Cay - Vĩnh Hưng,2045445,Bún Trộn,12235277,Bún Trộn Nem Lụi,"Bao gồm: nem lụi,bún, xà nách, rau thơm, giá đỗ, cà rốt, dưa chuột, bắp cải tím, lạc, hành phi, nước mắm chua ngọt",43000.0,43000.0,0,0,0,4,5,https://media.be.com.vn/be-food/image/b30b081f-5095-11f1-ad42-166496a6b8bb/resized_thumbnail_w1080_h1080,bun-tron-nem-lui,
123914,123914,Ling Ling Foody - Gà Rán & Mỳ Cay - Vĩnh Hưng,2045445,Bún Trộn,12235279,Bún Trộn Gà Viên,"Bao gồm: gà viên,bún, xà nách, rau thơm, giá đỗ, cà rốt, dưa chuột, bắp cải tím, lạc, hành phi, nước mắm chua ngọt",46000.0,46000.0,0,0,0,4,6,https://media.be.com.vn/be-food/image/33842ee2-5096-11f1-8db8-3e6660809d72/resized_thumbnail_w1080_h1080,bun-tron-ga-vien,
123914,123914,Ling Ling Foody - Gà Rán & Mỳ Cay - Vĩnh Hưng,2045445,Bún Trộn,12235281,Bún Trộn Nem Rán,"Bao gồm: nem rán,bún, xà nách, rau thơm, giá đỗ, cà rốt, dưa chuột, bắp cải tím, lạc, hành phi, nước mắm chua ngọt",46000.0,46000.0,0,0,0,4,7,https://media.be.com.vn/be-food/image/ce470b45-514e-11f1-8d18-dadbc64f7918/resized_thumbnail_w1080_h1080,bun-tron-nem-ran,
123914,123914,Ling Ling Foody - Gà Rán & Mỳ Cay - Vĩnh Hưng,2045445,Bún Trộn,12235283,Bún Trộn Sụn Heo Non,"Bao gồm: sụn heo non,bún, xà nách, rau thơm, giá đỗ, cà rốt, dưa chuột, bắp cải tím, lạc, hành phi, nước mắm chua ngọt",49000.0,49000.0,0,0,0,4,8,https://media.be.com.vn/be-food/image/78b8eb26-5096-11f1-8683-3a351028b633/resized_thumbnail_w1080_h1080,bun-tron-sun-heo-non,
123914,123914,Ling Ling Foody - Gà Rán & Mỳ Cay - Vĩnh Hưng,2045445,Bún Trộn,12235285,Bún Trộn Tai Heo,"Bao gồm: tai heo,bún, xà nách, rau thơm, giá đỗ, cà rốt, dưa chuột, bắp cải tím, lạc, hành phi, nước mắm chua ngọt",49000.0,49000.0,0,0,0,4,9,https://media.be.com.vn/be-food/image/9cd25bcd-5096-11f1-ad42-166496a6b8bb/resized_thumbnail_w1080_h1080,bun-tron-tai-heo,
123914,123914,Ling Ling Foody - Gà Rán & Mỳ Cay - Vĩnh Hưng,2045445,Bún Trộn,12235289,Bún Trộn Bò,"Bao gồm: bò xào, bún, xà nách, rau thơm, giá đỗ, cà rốt, dưa chuột, bắp cải tím, lạc, hành phi, nước mắm chua ngọt",49000.0,49000.0,0,0,0,4,10,https://media.be.com.vn/be-food/image/f33d0cdd-5096-11f1-ad42-166496a6b8bb/resized_thumbnail_w1080_h1080,bun-tron-bo,
123914,123914,Ling Ling Foody - Gà Rán & Mỳ Cay - Vĩnh Hưng,2045445,Bún Trộn,12249081,Bún Trộn Tôm,"Bao gồm: Tôm, bún, xà nách, rau thơm, giá đỗ, cà rốt, dưa chuột, bắp cải tím, lạc, hành phi, nước mắm chua ngọt",60000.0,60000.0,0,0,0,4,11,https://media.be.com.vn/be-food/image/a8d469b2-5288-11f1-8db8-3e6660809d72/resized_thumbnail_w1080_h1080,bun-tron-tom,
123914,123914,Ling Ling Foody - Gà Rán & Mỳ Cay - Vĩnh Hưng,2052283,Gỏi Cuốn & Phở Cuốn,12257160,Combo 3 Cái Phở Cuốn,"Bao gồm: Bánh phở, xà nách, xúc xích, trứng, dưa chuột, cà rốt, dứa,bún…",38000.0,38000.0,0,0,0,5,2,https://media.be.com.vn/be-food/image/92c1b9eb-534a-11f1-8d18-dadbc64f7918/resized_thumbnail_w1080_h1080,combo-3-cai-pho-cuon,
123914,123914,Ling Ling Foody - Gà Rán & Mỳ Cay - Vĩnh Hưng,1846552,Gà Ủ Muối Tiêu,11476312,Gà Ủ Muối Tiêu (Nửa Con),,79000.0,79000.0,2,0,0,6,1,https://media.be.com.vn/be-food/image/d45d44aa-11f4-11f1-b67e-9aaf2a798701/resized_thumbnail_w1080_h1080,ga-u-muoi-tieu-nua-con,
123914,123914,Ling Ling Foody - Gà Rán & Mỳ Cay - Vĩnh Hưng,1846555,Chân Gà Rút Xương,10669770,Chân Gà Rút Xương Sốt Thái,,39000.0,39000.0,18,0,0,7,1,https://media.be.com.vn/be-food/image/c075bfb0-c456-11f0-9063-66448d787802/resized_thumbnail_w1080_h1080,chan-ga-rut-xuong-sot-thai,
123914,123914,Ling Ling Foody - Gà Rán & Mỳ Cay - Vĩnh Hưng,1846555,Chân Gà Rút Xương,10669772,Chân Gà Rút Xương Ngâm Sả Tắc,,39000.0,39000.0,11,1,0,7,2,https://media.be.com.vn/be-food/image/0f5a3df7-c457-11f0-8b11-e6e7ca75c48c/resized_thumbnail_w1080_h1080,chan-ga-rut-xuong-ngam-sa-tac,
123914,123914,Ling Ling Foody - Gà Rán & Mỳ Cay - Vĩnh Hưng,1846555,Chân Gà Rút Xương,11476322,Chân Gà Ủ Muối Tiêu,Set 9-10 Chân,70000.0,70000.0,0,0,0,7,3,https://media.be.com.vn/be-food/image/40830783-11f5-11f1-b63c-1ec8367384f0/resized_thumbnail_w1080_h1080,chan-ga-u-muoi-tieu,
123914,123914,Ling Ling Foody - Gà Rán & Mỳ Cay - Vĩnh Hưng,1594104,Đồ Ăn Vặt,10669769,Lạp Xưởng Nướng Đá,,16000.0,16000.0,108,1,0,8,1,https://media.be.com.vn/be-food/image/af5cb6a0-c456-11f0-8021-922c9d42c616/resized_thumbnail_w1080_h1080,lap-xuong-nuong-da,
123914,123914,Ling Ling Foody - Gà Rán & Mỳ Cay - Vĩnh Hưng,1594104,Đồ Ăn Vặt,10669781,Khoai Lang Kén,,30000.0,30000.0,4,0,0,8,6,https://media.be.com.vn/be-food/image/e8670573-c455-11f0-b84b-3a4f2a37a94e/resized_thumbnail_w1080_h1080,khoai-lang-ken,
123914,123914,Ling Ling Foody - Gà Rán & Mỳ Cay - Vĩnh Hưng,1594104,Đồ Ăn Vặt,10669783,Viên Hải Sản Sốt Phomai,5 Viên,18000.0,18000.0,4,0,0,8,8,https://media.be.com.vn/bizops/image/892f8252-a3f5-11f0-8021-922c9d42c616/original,vien-hai-san-sot-phomai,
123914,123914,Ling Ling Foody - Gà Rán & Mỳ Cay - Vĩnh Hưng,1594104,Đồ Ăn Vặt,11777045,Nem Lụi Nướng (1 Cái),,14000.0,14000.0,0,0,0,8,14,https://media.be.com.vn/be-food/image/eb04757f-2e6b-11f1-b63c-1ec8367384f0/resized_thumbnail_w1080_h1080,nem-lui-nuong-1-cai,
123914,123914,Ling Ling Foody - Gà Rán & Mỳ Cay - Vĩnh Hưng,1594107,Trái Cây,10669790,Dưa Chuột Chẻ,,25000.0,25000.0,1,0,0,10,1,https://media.be.com.vn/be-food/image/87d86e1f-c458-11f0-b84b-3a4f2a37a94e/resized_thumbnail_w1080_h1080,dua-chuot-che,
81712,81712,Nhà Hàng Văn Đô - Cơm Văn Phòng - Ngọc Khánh,955958,Cơm Suất,6425136,Cơm - Bò xào - Chả lá lốt - Đậu sốt,Rau canh theo mùa đầy đủ,59000.0,59000.0,1549,7,0,1,1,https://media.be.com.vn/bizops/image/14fab4ce-a57c-11f0-8b11-e6e7ca75c48c/original,com-bo-xao-cha-la-lot-dau-sot,
81712,81712,Nhà Hàng Văn Đô - Cơm Văn Phòng - Ngọc Khánh,955958,Cơm Suất,6425137,Cơm - Thịt kho - Chả lá lốt - Gà rang,,59000.0,59000.0,378,8,0,1,2,https://media.be.com.vn/bizops/image/3b1dd14e-a57c-11f0-9063-66448d787802/original,com-thit-kho-cha-la-lot-ga-rang,
81712,81712,Nhà Hàng Văn Đô - Cơm Văn Phòng - Ngọc Khánh,955958,Cơm Suất,6425138,Cơm - Gà xào - Tôm rang - Trứng rán,,59000.0,59000.0,189,1,0,1,3,https://media.be.com.vn/bizops/image/e104f40d-a580-11f0-9063-66448d787802/original,com-ga-xao-tom-rang-trung-ran,
81712,81712,Nhà Hàng Văn Đô - Cơm Văn Phòng - Ngọc Khánh,955958,Cơm Suất,6425142,Cơm - Gà cựa - Chả lá lốt - Trứng rán,,59000.0,59000.0,159,0,0,1,4,https://media.be.com.vn/bizops/image/3b1dd14e-a57c-11f0-9063-66448d787802/original,com-ga-cua-cha-la-lot-trung-ran,
81712,81712,Nhà Hàng Văn Đô - Cơm Văn Phòng - Ngọc Khánh,955958,Cơm Suất,6425145,Cơm - Thịt quay - Tôm rang - Chả quế,Rau canh theo mùa,59000.0,59000.0,217,2,1,1,5,https://media.be.com.vn/bizops/image/9f0a91c0-a57e-11f0-b84b-3a4f2a37a94e/original,com-thit-quay-tom-rang-cha-que,
81712,81712,Nhà Hàng Văn Đô - Cơm Văn Phòng - Ngọc Khánh,955958,Cơm Suất,6425148,Cơm - Thịt kho,,55000.0,55000.0,354,2,2,1,6,https://media.be.com.vn/bizops/image/70139c93-a580-11f0-8b11-e6e7ca75c48c/original,com-thit-kho,
81712,81712,Nhà Hàng Văn Đô - Cơm Văn Phòng - Ngọc Khánh,955958,Cơm Suất,6425150,Cơm - Chả lá lốt,,55000.0,55000.0,251,1,1,1,7,https://media.be.com.vn/bizops/image/3b1dd14e-a57c-11f0-9063-66448d787802/original,com-cha-la-lot,
81712,81712,Nhà Hàng Văn Đô - Cơm Văn Phòng - Ngọc Khánh,955958,Cơm Suất,6425151,Cơm - Bò nấu sốt vang khoai tây,,55000.0,55000.0,376,3,0,1,8,https://media.be.com.vn/bizops/image/34e3531f-00d6-11f1-8695-ce3d3ce291c1/resized_thumbnail_w1080_h1080,com-bo-nau-sot-vang-khoai-tay,
81712,81712,Nhà Hàng Văn Đô - Cơm Văn Phòng - Ngọc Khánh,955958,Cơm Suất,6425152,Cơm - Gà cựa xào lăn,,55000.0,55000.0,204,2,0,1,9,https://media.be.com.vn/bizops/image/38d22cce-00d6-11f1-a167-cadcd99bf8b0/resized_thumbnail_w1080_h1080,com-ga-cua-xao-lan,
81712,81712,Nhà Hàng Văn Đô - Cơm Văn Phòng - Ngọc Khánh,955958,Cơm Suất,6425159,Cơm - Gà rán sốt me,Gà rán sốt me chua ngọt . Rau canh đầy đủ,55000.0,55000.0,430,2,2,1,10,https://media.be.com.vn/be-food/image/16528777-3edc-11ed-bb31-5634a7d7f60a/original,com-ga-ran-sot-me,
81712,81712,Nhà Hàng Văn Đô - Cơm Văn Phòng - Ngọc Khánh,955958,Cơm Suất,6425160,Cơm - Thịt luộc,Gạo tám dẻo thơm . Rau canh theo mùa. Nước chấm đầy đủ,55000.0,55000.0,400,2,0,1,11,https://media.be.com.vn/bizops/image/9278f3de-a580-11f0-b84b-3a4f2a37a94e/original,com-thit-luoc,
81712,81712,Nhà Hàng Văn Đô - Cơm Văn Phòng - Ngọc Khánh,955958,Cơm Suất,6425164,Cơm - Thịt quay - Thịt kho - Gà rang,Rau canh nước chấm đầy đủ,59000.0,59000.0,1583,8,0,1,12,https://media.be.com.vn/be-food/image/1c983149-3edc-11ed-91ab-ea67af59ab83/original,com-thit-quay-thit-kho-ga-rang,
81712,81712,Nhà Hàng Văn Đô - Cơm Văn Phòng - Ngọc Khánh,955958,Cơm Suất,6425184,Cơm - Thịt nướng,,55000.0,55000.0,249,4,0,1,13,https://media.be.com.vn/bizops/image/2c54cd55-a580-11f0-8021-922c9d42c616/original,com-thit-nuong,
81712,81712,Nhà Hàng Văn Đô - Cơm Văn Phòng - Ngọc Khánh,955958,Cơm Suất,6425187,Cơm - Gà rán - Đậu sốt,,55000.0,55000.0,84,0,2,1,14,https://media.be.com.vn/bizops/image/e4148475-a57d-11f0-b84b-3a4f2a37a94e/original,com-ga-ran-dau-sot,
81712,81712,Nhà Hàng Văn Đô - Cơm Văn Phòng - Ngọc Khánh,955958,Cơm Suất,6425191,Cơm - Bò om khoai,,55000.0,55000.0,393,3,0,1,15,https://media.be.com.vn/be-food/image/16a93859-3edc-11ed-bb31-5634a7d7f60a/original,com-bo-om-khoai,
81712,81712,Nhà Hàng Văn Đô - Cơm Văn Phòng - Ngọc Khánh,955958,Cơm Suất,6425192,Cơm - Ba món ăn ngon ngẫu nhiên - Rau (Không chọn món không ghi chú),"Bạn không cần phải suy nghĩ chọn lựa mất nhiều thời gian .Nhà hàng tự chọn cho bạn một combo ,ngon nhất ở thời điểm hiện tại .vui lòng không ghi chú không chọn món ở combo này .",55000.0,55000.0,475,2,0,1,16,https://media.be.com.vn/bizops/image/297193ba-00d6-11f1-b63c-1ec8367384f0/resized_thumbnail_w1080_h1080,com-ba-mon-an-ngon-ngau-nhien-rau-khong-chon-mon-khong-ghi-chu,
81712,81712,Nhà Hàng Văn Đô - Cơm Văn Phòng - Ngọc Khánh,955958,Cơm Suất,6425193,Cơm thịt nướng,,55000.0,55000.0,128,1,0,1,17,https://media.be.com.vn/bizops/image/2c54cd55-a580-11f0-8021-922c9d42c616/original,com-thit-nuong,
81712,81712,Nhà Hàng Văn Đô - Cơm Văn Phòng - Ngọc Khánh,955958,Cơm Suất,6425194,Cơm - Cá rán - Gà cựa - Đậu sốt,,55000.0,55000.0,144,3,0,1,18,https://media.be.com.vn/bizops/image/d42f3093-a580-11f0-8b11-e6e7ca75c48c/original,com-ca-ran-ga-cua-dau-sot,
81712,81712,Nhà Hàng Văn Đô - Cơm Văn Phòng - Ngọc Khánh,955958,Cơm Suất,6425196,Cơm - Sườn sụn non nướng,Rau canh theo mùa,55000.0,55000.0,450,3,0,1,19,https://media.be.com.vn/bizops/image/32a9f187-00d6-11f1-a167-cadcd99bf8b0/resized_thumbnail_w1080_h1080,com-suon-sun-non-nuong,
81712,81712,Nhà Hàng Văn Đô - Cơm Văn Phòng - Ngọc Khánh,955958,Cơm Suất,6425197,Cơm - Bò xào,Bò xào rau theo mùa,55000.0,55000.0,159,0,0,1,20,https://media.be.com.vn/bizops/image/14fab4ce-a57c-11f0-8b11-e6e7ca75c48c/original,com-bo-xao,
81712,81712,Nhà Hàng Văn Đô - Cơm Văn Phòng - Ngọc Khánh,955958,Cơm Suất,6425200,Cơm - Tôm rang,,55000.0,55000.0,293,2,0,1,21,https://media.be.com.vn/be-food/image/14bbda0b-3edc-11ed-bb31-5634a7d7f60a/original,com-tom-rang,
81712,81712,Nhà Hàng Văn Đô - Cơm Văn Phòng - Ngọc Khánh,955954,Cơm,6425106,Cơm - Thịt Kho - Gà Cựa - Đậu Sốt,,59000.0,59000.0,432,3,1,2,1,https://media.be.com.vn/be-food/image/56fcec1b-276d-11ed-bf5c-d65f1fd7c660/original,com-thit-kho-ga-cua-dau-sot,
81712,81712,Nhà Hàng Văn Đô - Cơm Văn Phòng - Ngọc Khánh,955954,Cơm,6425110,Cơm Tôm Rang,,59000.0,59000.0,37,1,0,2,2,https://media.be.com.vn/be-food/image/71e2062e-276e-11ed-9985-46ef85b7fc92/original,com-tom-rang,
81712,81712,Nhà Hàng Văn Đô - Cơm Văn Phòng - Ngọc Khánh,955954,Cơm,6425111,Cơm - Thịt Luộc - Tôm Rang - Trứng Rán,,59000.0,59000.0,177,1,1,2,3,https://media.be.com.vn/be-food/image/3545ce87-276d-11ed-bf5c-d65f1fd7c660/original,com-thit-luoc-tom-rang-trung-ran,
81712,81712,Nhà Hàng Văn Đô - Cơm Văn Phòng - Ngọc Khánh,955954,Cơm,6425112,Cơm - Gà Rán Sốt Me - Thịt Kho - Trứng Rán,,59000.0,59000.0,348,4,0,2,4,https://media.be.com.vn/be-food/image/f430c651-276c-11ed-8d7f-6eaf3bd05ea7/original,com-ga-ran-sot-me-thit-kho-trung-ran,
81712,81712,Nhà Hàng Văn Đô - Cơm Văn Phòng - Ngọc Khánh,955954,Cơm,6425114,Cơm - Ba Chỉ Quay,,55000.0,55000.0,527,4,0,2,5,https://media.be.com.vn/be-food/image/2056332b-276c-11ed-9985-46ef85b7fc92/original,com-ba-chi-quay,
81712,81712,Nhà Hàng Văn Đô - Cơm Văn Phòng - Ngọc Khánh,955954,Cơm,6425116,Cơm - Thịt Băm - Gà Cựa Xào - Gà Sốt,,59000.0,59000.0,325,1,0,2,6,https://media.be.com.vn/be-food/image/06f7a1da-276d-11ed-bf5c-d65f1fd7c660/original,com-thit-bam-ga-cua-xao-ga-sot,
81712,81712,Nhà Hàng Văn Đô - Cơm Văn Phòng - Ngọc Khánh,955954,Cơm,6425117,Cơm Cá Kho,,55000.0,55000.0,284,2,1,2,7,https://media.be.com.vn/be-food/image/4212defc-276d-11ed-bf5c-d65f1fd7c660/original,com-ca-kho,
81712,81712,Nhà Hàng Văn Đô - Cơm Văn Phòng - Ngọc Khánh,955954,Cơm,6425119,Cơm Gà Xào - Tôm Rang - Trứng Rán,,59000.0,59000.0,46,0,0,2,8,https://media.be.com.vn/be-food/image/ccac647a-276e-11ed-8d7f-6eaf3bd05ea7/original,com-ga-xao-tom-rang-trung-ran,
81712,81712,Nhà Hàng Văn Đô - Cơm Văn Phòng - Ngọc Khánh,955954,Cơm,6425121,Cơm - Thịt Luộc - Gà Cựa Xào - Cá Nục Rán,,59000.0,59000.0,151,2,0,2,9,https://media.be.com.vn/be-food/image/9c41ce83-276d-11ed-9985-46ef85b7fc92/original,com-thit-luoc-ga-cua-xao-ca-nuc-ran,
81712,81712,Nhà Hàng Văn Đô - Cơm Văn Phòng - Ngọc Khánh,955954,Cơm,6425124,Cơm Gà Hấp Lá Chanh,,55000.0,55000.0,156,1,0,2,10,https://media.be.com.vn/be-food/image/398ba342-276e-11ed-bf5c-d65f1fd7c660/original,com-ga-hap-la-chanh,
81712,81712,Nhà Hàng Văn Đô - Cơm Văn Phòng - Ngọc Khánh,955954,Cơm,6425125,Cơm Thịt Rang Cháy Cạnh,,59000.0,59000.0,390,1,0,2,11,https://media.be.com.vn/be-food/image/52a12047-276e-11ed-9985-46ef85b7fc92/original,com-thit-rang-chay-canh,
81712,81712,Nhà Hàng Văn Đô - Cơm Văn Phòng - Ngọc Khánh,955954,Cơm,6425128,Cơm Thịt Rang - Trứng - Lạc Rang,,59000.0,59000.0,127,0,0,2,12,https://media.be.com.vn/be-food/image/8561f747-276d-11ed-8d7f-6eaf3bd05ea7/original,com-thit-rang-trung-lac-rang,
81712,81712,Nhà Hàng Văn Đô - Cơm Văn Phòng - Ngọc Khánh,955954,Cơm,6425166,Cơm - Tôm Rang - Gà Cựa Xào - Trứng Rán,,59000.0,59000.0,50,0,0,2,13,https://media.be.com.vn/be-food/image/9e868ff4-276e-11ed-bf5c-d65f1fd7c660/original,com-tom-rang-ga-cua-xao-trung-ran,
81712,81712,Nhà Hàng Văn Đô - Cơm Văn Phòng - Ngọc Khánh,955954,Cơm,6425167,Cơm - Gà Rang - Thịt Quay - Trứng Rán,,59000.0,59000.0,176,2,0,2,14,https://media.be.com.vn/be-food/image/e78e0506-276d-11ed-8d7f-6eaf3bd05ea7/original,com-ga-rang-thit-quay-trung-ran,
81712,81712,Nhà Hàng Văn Đô - Cơm Văn Phòng - Ngọc Khánh,955954,Cơm,6425169,Cơm - Bò Xào - Gà Rán Sốt Me - Gà Cựa Xào,,59000.0,59000.0,410,1,0,2,15,https://media.be.com.vn/be-food/image/cf9e4bd0-276b-11ed-bf5c-d65f1fd7c660/original,com-bo-xao-ga-ran-sot-me-ga-cua-xao,
81712,81712,Nhà Hàng Văn Đô - Cơm Văn Phòng - Ngọc Khánh,955954,Cơm,6425171,Cơm - Thịt Trưng Mắm Tép,,59000.0,59000.0,66,0,0,2,16,https://media.be.com.vn/be-food/image/686e750e-276d-11ed-8d7f-6eaf3bd05ea7/original,com-thit-trung-mam-tep,
81712,81712,Nhà Hàng Văn Đô - Cơm Văn Phòng - Ngọc Khánh,955954,Cơm,6425174,Cơm - Thịt Quay - Gà Sốt - Thịt Xào,,59000.0,59000.0,909,4,1,2,17,https://media.be.com.vn/be-food/image/1149a82a-276c-11ed-9985-46ef85b7fc92/original,com-thit-quay-ga-sot-thit-xao,
81712,81712,Nhà Hàng Văn Đô - Cơm Văn Phòng - Ngọc Khánh,955954,Cơm,6425175,Cơm Gà Rang Gừng,,55000.0,55000.0,194,0,0,2,18,https://media.be.com.vn/be-food/image/c735f46d-276d-11ed-bf5c-d65f1fd7c660/original,com-ga-rang-gung,
81712,81712,Nhà Hàng Văn Đô - Cơm Văn Phòng - Ngọc Khánh,955954,Cơm,6425176,Cơm - Ba Món Ăn Ngon Ngẫu Nhiên - Rau - Không Chọn Món Không Ghi Chú,"Bạn không cần phải suy nghĩ chọn lựa mất nhiều thời gian .Nhà hàng tự chọn cho bạn một combo, ngon nhất ở thời điểm hiện tại. Vui lòng không ghi chú không chọn món ở combo này .",59000.0,59000.0,74,0,0,2,19,https://media.be.com.vn/be-food/image/1815e9d0-276e-11ed-bf5c-d65f1fd7c660/original,com-ba-mon-an-ngon-ngau-nhien-rau-khong-chon-mon-khong-ghi-chu,
81712,81712,Nhà Hàng Văn Đô - Cơm Văn Phòng - Ngọc Khánh,955954,Cơm,6425177,Cơm Bò Xào,,59000.0,59000.0,44,0,0,2,20,https://media.be.com.vn/be-food/image/475aeda1-276e-11ed-9985-46ef85b7fc92/original,com-bo-xao,
81712,81712,Nhà Hàng Văn Đô - Cơm Văn Phòng - Ngọc Khánh,955954,Cơm,6425178,Cơm Chả Lá Lốt,,55000.0,55000.0,85,0,0,2,21,https://media.be.com.vn/be-food/image/7d88b5b0-276e-11ed-bf5c-d65f1fd7c660/original,com-cha-la-lot,
81712,81712,Nhà Hàng Văn Đô - Cơm Văn Phòng - Ngọc Khánh,955954,Cơm,6425179,Cơm Gà Cựa Xào Lăn,,55000.0,55000.0,115,3,0,2,22,https://media.be.com.vn/be-food/image/aa4ef343-276e-11ed-bf5c-d65f1fd7c660/original,com-ga-cua-xao-lan,
81712,81712,Nhà Hàng Văn Đô - Cơm Văn Phòng - Ngọc Khánh,955954,Cơm,6425180,Cơm Gà rán - Đậu Sốt,,55000.0,55000.0,52,1,0,2,23,https://media.be.com.vn/be-food/image/fd174928-276e-11ed-bf5c-d65f1fd7c660/original,com-ga-ran-dau-sot,
81712,81712,Nhà Hàng Văn Đô - Cơm Văn Phòng - Ngọc Khánh,955955,Combo cùng coca,6425107,"ơm thịt quay, gà sốt, thịt xào + coca/sprite",vui lòng ghi chú lựa chọn nước,69000.0,69000.0,12,0,0,3,1,https://media.be.com.vn/be-food/image/7d85304a-4141-11ed-aee6-ea67af59ab83/original,om-thit-quay-ga-sot-thit-xao-coca-sprite,
81712,81712,Nhà Hàng Văn Đô - Cơm Văn Phòng - Ngọc Khánh,955955,Combo cùng coca,6425144,"cơm bò xào, gà rán sốt me, gà cựa xào + coca/sprite",,69000.0,69000.0,26,0,0,3,2,https://media.be.com.vn/be-food/image/11dd6c1f-4140-11ed-8cb7-32beddd67316/original,com-bo-xao-ga-ran-sot-me-ga-cua-xao-coca-sprite,
81712,81712,Nhà Hàng Văn Đô - Cơm Văn Phòng - Ngọc Khánh,955955,Combo cùng coca,6425198,"Cơm thịt quay, thịt kho, gà rang + sprite/coca",vui lòng ghi chú lựa chọn nước,69000.0,69000.0,13,0,0,3,3,https://media.be.com.vn/be-food/image/522fc389-4140-11ed-917d-5e6f951ffbef/original,com-thit-quay-thit-kho-ga-rang-sprite-coca,
81712,81712,Nhà Hàng Văn Đô - Cơm Văn Phòng - Ngọc Khánh,955957,"Món Ăn Ngon (Không Kèm Theo Cơm, Canh)",6425130,Gà rang gừng,,35000.0,35000.0,73,1,0,5,1,https://media.be.com.vn/bizops/image/1c3bb7bb-bde6-11f0-8021-922c9d42c616/resized_thumbnail_w1080_h1080,ga-rang-gung,
81712,81712,Nhà Hàng Văn Đô - Cơm Văn Phòng - Ngọc Khánh,955957,"Món Ăn Ngon (Không Kèm Theo Cơm, Canh)",6425133,Chả quế,,35000.0,35000.0,10,0,0,5,2,https://media.be.com.vn/bizops/image/4802ad27-a36b-11f0-b84b-3a4f2a37a94e/original,cha-que,
81712,81712,Nhà Hàng Văn Đô - Cơm Văn Phòng - Ngọc Khánh,955957,"Món Ăn Ngon (Không Kèm Theo Cơm, Canh)",6425134,Sườn sụn non nướng,Sườn sụn tươi thơm ngon sần sật .,35000.0,35000.0,79,0,0,5,3,https://media.be.com.vn/bizops/image/958be68a-a364-11f0-8b11-e6e7ca75c48c/original,suon-sun-non-nuong,
81712,81712,Nhà Hàng Văn Đô - Cơm Văn Phòng - Ngọc Khánh,955957,"Món Ăn Ngon (Không Kèm Theo Cơm, Canh)",6425135,Thịt ba chỉ quay,,35000.0,35000.0,176,1,0,5,4,https://media.be.com.vn/bizops/image/b3db06fd-bde6-11f0-8b11-e6e7ca75c48c/resized_thumbnail_w1080_h1080,thit-ba-chi-quay,
81712,81712,Nhà Hàng Văn Đô - Cơm Văn Phòng - Ngọc Khánh,955957,"Món Ăn Ngon (Không Kèm Theo Cơm, Canh)",6425139,Gà rán sốt me,,35000.0,35000.0,129,3,0,5,5,https://media.be.com.vn/bizops/image/481e89c8-bde6-11f0-8021-922c9d42c616/resized_thumbnail_w1080_h1080,ga-ran-sot-me,
81712,81712,Nhà Hàng Văn Đô - Cơm Văn Phòng - Ngọc Khánh,955957,"Món Ăn Ngon (Không Kèm Theo Cơm, Canh)",6425140,Trứng cút kho sốt,,30000.0,30000.0,131,1,0,5,6,https://media.be.com.vn/bizops/image/86e2f99a-bde6-11f0-9063-66448d787802/resized_thumbnail_w1080_h1080,trung-cut-kho-sot,
81712,81712,Nhà Hàng Văn Đô - Cơm Văn Phòng - Ngọc Khánh,955957,"Món Ăn Ngon (Không Kèm Theo Cơm, Canh)",6425143,Chả lá lốt 4 cái,,30000.0,30000.0,55,0,0,5,7,https://media.be.com.vn/bizops/image/3ecdebce-bde6-11f0-b84b-3a4f2a37a94e/resized_thumbnail_w1080_h1080,cha-la-lot-4-cai,
81712,81712,Nhà Hàng Văn Đô - Cơm Văn Phòng - Ngọc Khánh,955957,"Món Ăn Ngon (Không Kèm Theo Cơm, Canh)",6425147,Gà cựa xào lăn,,35000.0,35000.0,44,0,0,5,8,https://media.be.com.vn/bizops/image/cd113f19-bde7-11f0-b84b-3a4f2a37a94e/resized_thumbnail_w1080_h1080,ga-cua-xao-lan,
81712,81712,Nhà Hàng Văn Đô - Cơm Văn Phòng - Ngọc Khánh,955957,"Món Ăn Ngon (Không Kèm Theo Cơm, Canh)",6425154,Cơm tám dẻo,,18000.0,18000.0,255,2,0,5,9,https://media.be.com.vn/bizops/image/0b6d6348-bde6-11f0-8021-922c9d42c616/resized_thumbnail_w1080_h1080,com-tam-deo,
81712,81712,Nhà Hàng Văn Đô - Cơm Văn Phòng - Ngọc Khánh,955957,"Món Ăn Ngon (Không Kèm Theo Cơm, Canh)",6425156,Thịt rang xém cạnh,,35000.0,35000.0,115,1,0,5,10,https://media.be.com.vn/bizops/image/ac261a8f-bdea-11f0-8021-922c9d42c616/resized_thumbnail_w1080_h1080,thit-rang-xem-canh,
81712,81712,Nhà Hàng Văn Đô - Cơm Văn Phòng - Ngọc Khánh,955957,"Món Ăn Ngon (Không Kèm Theo Cơm, Canh)",6425157,Bò xào,,35000.0,35000.0,89,0,0,5,11,https://media.be.com.vn/bizops/image/968e865f-bdea-11f0-b84b-3a4f2a37a94e/resized_thumbnail_w1080_h1080,bo-xao,
81712,81712,Nhà Hàng Văn Đô - Cơm Văn Phòng - Ngọc Khánh,955957,"Món Ăn Ngon (Không Kèm Theo Cơm, Canh)",6425158,Thịt nướng giềng,,35000.0,35000.0,168,0,0,5,12,https://media.be.com.vn/be-food/image/059873f2-3edc-11ed-91ab-ea67af59ab83/original,thit-nuong-gieng,
81712,81712,Nhà Hàng Văn Đô - Cơm Văn Phòng - Ngọc Khánh,955957,"Món Ăn Ngon (Không Kèm Theo Cơm, Canh)",6425162,Tôm rang,,35000.0,35000.0,91,2,0,5,13,https://media.be.com.vn/be-food/image/041d05de-3edc-11ed-bb31-5634a7d7f60a/original,tom-rang,
81712,81712,Nhà Hàng Văn Đô - Cơm Văn Phòng - Ngọc Khánh,955957,"Món Ăn Ngon (Không Kèm Theo Cơm, Canh)",6425188,Bò om khoai,,35000.0,35000.0,123,0,0,5,14,https://media.be.com.vn/be-food/image/027ac97a-3edc-11ed-bb31-5634a7d7f60a/original,bo-om-khoai,
81712,81712,Nhà Hàng Văn Đô - Cơm Văn Phòng - Ngọc Khánh,955957,"Món Ăn Ngon (Không Kèm Theo Cơm, Canh)",6425199,Trứng rán 2 miếng,,20000.0,20000.0,55,0,0,5,15,https://media.be.com.vn/bizops/image/7af18132-bde8-11f0-8021-922c9d42c616/resized_thumbnail_w1080_h1080,trung-ran-2-mieng,
81712,81712,Nhà Hàng Văn Đô - Cơm Văn Phòng - Ngọc Khánh,955956,Các Món Rau,6425120,Rau Luộc,,18000.0,18000.0,103,1,0,6,1,https://media.be.com.vn/be-food/image/492e0e21-2770-11ed-bf5c-d65f1fd7c660/original,rau-luoc,
81712,81712,Nhà Hàng Văn Đô - Cơm Văn Phòng - Ngọc Khánh,955956,Các Món Rau,6425131,Rau xào,Các loai rau hoặc củ theo mùa xào,18000.0,18000.0,182,2,0,6,2,https://media.be.com.vn/be-food/image/f6a5b6f7-3edb-11ed-bedb-6e4631b925dd/original,rau-xao,
81712,81712,Nhà Hàng Văn Đô - Cơm Văn Phòng - Ngọc Khánh,955956,Các Món Rau,6425163,Cà muối,,18000.0,18000.0,79,3,0,6,3,https://media.be.com.vn/bizops/image/cdd04f0b-bdea-11f0-8b11-e6e7ca75c48c/resized_thumbnail_w1080_h1080,ca-muoi,
81712,81712,Nhà Hàng Văn Đô - Cơm Văn Phòng - Ngọc Khánh,955960,Món Đang Giảm,6425243,Sữa Tươi Trân Trâu Đường Đen,"100% sữa tươi vinamilk kết hợp với trân trâu đường đen , hòa quện tạo hương vị độc đáo ngon làn bổ dưỡng . tốt cho sức khỏe...",30000.0,30000.0,26,0,1,7,4,https://media.be.com.vn/bizops/image/d7fac05d-a3ff-11f0-8b11-e6e7ca75c48c/original,sua-tuoi-tran-trau-duong-den,
81712,81712,Nhà Hàng Văn Đô - Cơm Văn Phòng - Ngọc Khánh,955960,Món Đang Giảm,6425244,Nước Me Ngon,"Me chín tự nhiên .chua chua ngọt ngọt, thêm những lát dừa khô , thơm ngon bổ dưỡng",20000.0,20000.0,79,0,0,7,5,https://media.be.com.vn/bizops/image/7b5b6f58-a401-11f0-b84b-3a4f2a37a94e/original,nuoc-me-ngon,
81712,81712,Nhà Hàng Văn Đô - Cơm Văn Phòng - Ngọc Khánh,955960,Món Đang Giảm,6425246,Sođa Bạc Hà,,20000.0,20000.0,26,0,0,7,6,https://media.be.com.vn/bizops/image/4942443e-a3ff-11f0-8b11-e6e7ca75c48c/original,soda-bac-ha,
119113,119113,Phở Cuốn Ngũ Xã Hải Yến - Vũ Tông Phan,1474683,Menu,10125345,Phở cuốn - 10 cái,,105000.0,105000.0,45,0,0,1,1,https://media.be.com.vn/be-food/image/1887cb7b-97ca-11f0-9063-66448d787802/resized_thumbnail_w1080_h1080,pho-cuon-10-cai,
119113,119113,Phở Cuốn Ngũ Xã Hải Yến - Vũ Tông Phan,1474683,Menu,10125346,Phở chiên phồng,,85000.0,85000.0,53,0,0,1,2,https://media.be.com.vn/bizops/image/e9af3571-8f8e-11f0-8021-922c9d42c616/resized_thumbnail_w1080_h1080,pho-chien-phong,
119113,119113,Phở Cuốn Ngũ Xã Hải Yến - Vũ Tông Phan,1474683,Menu,10125347,Phở xào giòn,,85000.0,85000.0,9,0,0,1,3,https://media.be.com.vn/bizops/image/f5f1a6c9-8f8e-11f0-9063-66448d787802/resized_thumbnail_w1080_h1080,pho-xao-gion,
119113,119113,Phở Cuốn Ngũ Xã Hải Yến - Vũ Tông Phan,1474683,Menu,10125348,Phở xào mềm,,65000.0,65000.0,14,0,0,1,4,https://media.be.com.vn/bizops/image/fe93d391-8f8e-11f0-9063-66448d787802/original,pho-xao-mem,
119113,119113,Phở Cuốn Ngũ Xã Hải Yến - Vũ Tông Phan,1474683,Menu,10189571,phở cuốn 5 cái,"rau sống , bò",55000.0,55000.0,34,0,0,1,5,https://media.be.com.vn/be-food/image/6325cb01-9768-11f0-9063-66448d787802/original,pho-cuon-5-cai,
119113,119113,Phở Cuốn Ngũ Xã Hải Yến - Vũ Tông Phan,1474683,Menu,10189575,mì xào bò,,65000.0,65000.0,5,0,0,1,9,https://media.be.com.vn/be-food/image/572bb321-97ca-11f0-8b11-e6e7ca75c48c/resized_thumbnail_w1080_h1080,mi-xao-bo,
119113,119113,Phở Cuốn Ngũ Xã Hải Yến - Vũ Tông Phan,1474683,Menu,10189576,khoai tây chiên,,45000.0,45000.0,1,0,0,1,10,https://media.be.com.vn/be-food/image/89b2e1e6-97ca-11f0-9063-66448d787802/resized_thumbnail_w1080_h1080,khoai-tay-chien,
123573,123573,"Minh Huy - Bánh Cuốn, Bún Chả & Bún Miến Ngan - Vũ Tông Phan",1578734,Bánh Cuốn,10616313,Bánh cuốn chả quế,,40000.0,40000.0,15,0,0,1,1,https://media.be.com.vn/be-food/image/1cc01aa1-c1f3-11f0-8b11-e6e7ca75c48c/resized_thumbnail_w1080_h1080,banh-cuon-cha-que,
123573,123573,"Minh Huy - Bánh Cuốn, Bún Chả & Bún Miến Ngan - Vũ Tông Phan",1578734,Bánh Cuốn,10616314,Bánh cuốn chả nướng,,48000.0,48000.0,15,0,1,1,2,https://media.be.com.vn/be-food/image/f65325f6-c1f2-11f0-9063-66448d787802/resized_thumbnail_w1080_h1080,banh-cuon-cha-nuong,
123573,123573,"Minh Huy - Bánh Cuốn, Bún Chả & Bún Miến Ngan - Vũ Tông Phan",1578735,Bún - Miến,10616316,Bún ngan,,55000.0,55000.0,5,0,0,2,1,https://media.be.com.vn/be-food/image/938da1a1-c1f3-11f0-8021-922c9d42c616/resized_thumbnail_w1080_h1080,bun-ngan,
123573,123573,"Minh Huy - Bánh Cuốn, Bún Chả & Bún Miến Ngan - Vũ Tông Phan",1578735,Bún - Miến,10616317,Miến ngan,,55000.0,55000.0,6,0,0,2,2,https://media.be.com.vn/be-food/image/861f61b5-c1f3-11f0-8b11-e6e7ca75c48c/resized_thumbnail_w1080_h1080,mien-ngan,
123573,123573,"Minh Huy - Bánh Cuốn, Bún Chả & Bún Miến Ngan - Vũ Tông Phan",1578735,Bún - Miến,10616318,Bún chả,,48000.0,48000.0,10,0,0,2,3,https://media.be.com.vn/be-food/image/6f4cf273-c1f3-11f0-9063-66448d787802/resized_thumbnail_w1080_h1080,bun-cha,
123573,123573,"Minh Huy - Bánh Cuốn, Bún Chả & Bún Miến Ngan - Vũ Tông Phan",1578735,Bún - Miến,10616319,Miến ngan trộn,,50000.0,50000.0,18,0,0,2,4,https://media.be.com.vn/be-food/image/59e3e725-c1f3-11f0-9063-66448d787802/resized_thumbnail_w1080_h1080,mien-ngan-tron,
123573,123573,"Minh Huy - Bánh Cuốn, Bún Chả & Bún Miến Ngan - Vũ Tông Phan",1578735,Bún - Miến,10616320,Bún ngan trộn,,50000.0,50000.0,6,0,0,2,5,https://media.be.com.vn/be-food/image/3adb6866-c1f3-11f0-8b11-e6e7ca75c48c/resized_thumbnail_w1080_h1080,bun-ngan-tron,
8200,8200,Phở bò - Cơm rang Duy Nhất - Huỳnh Thúc Kháng,1148869,PEPSI CỰC ĐÃ - QUÁN CỰC CHẤT,7648690,Cơm rang dưa bò + pepsi,Khao thêm 5K khi mua combo này. *Số lượng có hạn,65000.0,65000.0,449,4,0,1,1,https://media.be.com.vn/bizops/image/3b3f9861-96a7-11ef-bd66-b239c83a8124/original,com-rang-dua-bo-pepsi,
8200,8200,Phở bò - Cơm rang Duy Nhất - Huỳnh Thúc Kháng,1148869,PEPSI CỰC ĐÃ - QUÁN CỰC CHẤT,7648691,Cơm rang đùi gà + pepsi,Khao thêm 5K khi mua combo này. *Số lượng có hạn,70000.0,70000.0,252,0,0,1,2,https://media.be.com.vn/bizops/image/45b7e184-96a7-11ef-bd66-b239c83a8124/original,com-rang-dui-ga-pepsi,
8200,8200,Phở bò - Cơm rang Duy Nhất - Huỳnh Thúc Kháng,1148869,PEPSI CỰC ĐÃ - QUÁN CỰC CHẤT,7648692,Cơm rang thập cẩm + pepsi,Khao thêm 5K khi mua combo này. *Số lượng có hạn,65000.0,65000.0,65,1,0,1,3,https://media.be.com.vn/bizops/image/508bb999-96a7-11ef-8510-8ea7808cbcf4/original,com-rang-thap-cam-pepsi,
8200,8200,Phở bò - Cơm rang Duy Nhất - Huỳnh Thúc Kháng,1148869,PEPSI CỰC ĐÃ - QUÁN CỰC CHẤT,7648693,[Deal Hot]Cơm rang thập cẩm + pepsi,Khao thêm 5K khi mua combo này. *Số lượng có hạn,65000.0,65000.0,44,0,0,1,4,https://media.be.com.vn/bizops/image/5bfe85ee-96a7-11ef-8d88-0695c6df6d37/original,deal-hot-com-rang-thap-cam-pepsi,
8200,8200,Phở bò - Cơm rang Duy Nhất - Huỳnh Thúc Kháng,340559,Phở,2289268,Phở Áp Chảo,giá bao gồm 3000₫ tiền hôp,65000.0,65000.0,103,1,0,3,3,https://media.be.com.vn/bizops/image/95acdf09-a3fd-11f0-9063-66448d787802/original,pho-ap-chao,
8200,8200,Phở bò - Cơm rang Duy Nhất - Huỳnh Thúc Kháng,340559,Phở,2289272,Phở Tái Lăn,,65000.0,65000.0,247,3,4,3,7,https://media.be.com.vn/bizops/image/82d5e09b-b1d5-11ed-a491-220f4d9eeddb/resized_thumbnail_w1080_h1080,pho-tai-lan,
8200,8200,Phở bò - Cơm rang Duy Nhất - Huỳnh Thúc Kháng,340557,Bún Bò Huế Duy Nhất,2289230,bún bò huế tô lớn,,65000.0,65000.0,753,6,2,4,2,https://media.be.com.vn/be-food/image/ef516d28-f5ee-11ec-9a9e-de6dabbc786c/original,bun-bo-hue-to-lon,
8200,8200,Phở bò - Cơm rang Duy Nhất - Huỳnh Thúc Kháng,340557,Bún Bò Huế Duy Nhất,2289234,Bún bò huế tô đặc biệt,,70000.0,70000.0,351,3,1,4,3,https://media.be.com.vn/bizops/image/da0efa89-b1cd-11ed-8ca3-8e6f9560a813/resized_thumbnail_w1080_h1080,bun-bo-hue-to-dac-biet,
8200,8200,Phở bò - Cơm rang Duy Nhất - Huỳnh Thúc Kháng,340557,Bún Bò Huế Duy Nhất,2289235,bún bò huế tô vừa,60000,65000.0,65000.0,1117,11,7,4,4,https://media.be.com.vn/be-food/image/03f83a5a-f5ef-11ec-9a9e-de6dabbc786c/original,bun-bo-hue-to-vua,
8200,8200,Phở bò - Cơm rang Duy Nhất - Huỳnh Thúc Kháng,28177,Cơm Rang Giòn,253760,Cơm rang đùi gà xối mắm+1 trứng ốp,giá bao gôm 3000₫ tiền hôp,70000.0,70000.0,468,1,0,5,1,https://media.be.com.vn/bizops/image/230ac0d4-3945-11f0-81cc-d24fde1987a0/original,com-rang-dui-ga-xoi-mam-1-trung-op,
8200,8200,Phở bò - Cơm rang Duy Nhất - Huỳnh Thúc Kháng,28177,Cơm Rang Giòn,253761,Cơm Rang Dưa Bò+1 trứng ốp,giá bao gồm 3000₫ tiền hôp,65000.0,65000.0,456,4,2,5,2,https://media.be.com.vn/bizops/image/ecc9f66f-3944-11f0-8510-8ea7808cbcf4/original,com-rang-dua-bo-1-trung-op,
8200,8200,Phở bò - Cơm rang Duy Nhất - Huỳnh Thúc Kháng,28177,Cơm Rang Giòn,253762,Cơm Rang Cải Bò+1 trứng ốp,giá bao gồm 3000₫ tiền hôp,65000.0,65000.0,183,0,0,5,3,https://media.be.com.vn/bizops/image/ea61c501-3944-11f0-8510-8ea7808cbcf4/original,com-rang-cai-bo-1-trung-op,
8200,8200,Phở bò - Cơm rang Duy Nhất - Huỳnh Thúc Kháng,28177,Cơm Rang Giòn,253763,Cơm Rang Thập Cẩm+1 trứng ốp,giá bao gồm 3000₫ tiền hôp,65000.0,65000.0,93,4,0,5,4,https://media.be.com.vn/bizops/image/259f580d-3945-11f0-bd66-b239c83a8124/original,com-rang-thap-cam-1-trung-op,
8200,8200,Phở bò - Cơm rang Duy Nhất - Huỳnh Thúc Kháng,340558,Cơm Rang Giòn,2289246,Cơm Rang Cải Bò - 1 trứng ốp,,65000.0,65000.0,244,1,0,6,4,https://media.be.com.vn/bizops/image/ef20274b-b1d0-11ed-8ca3-8e6f9560a813/original,com-rang-cai-bo-1-trung-op,
8200,8200,Phở bò - Cơm rang Duy Nhất - Huỳnh Thúc Kháng,340558,Cơm Rang Giòn,2289247,Cơm Rang Dưa Bò - 1 trứng ốp,,65000.0,65000.0,385,0,0,6,5,https://media.be.com.vn/bizops/image/11206d90-b1d1-11ed-9bf1-0e07a83c7060/original,com-rang-dua-bo-1-trung-op,
8200,8200,Phở bò - Cơm rang Duy Nhất - Huỳnh Thúc Kháng,340558,Cơm Rang Giòn,2289248,Cơm Rang Thập Cẩm - 1 trứng ốp,,65000.0,65000.0,128,1,0,6,6,https://media.be.com.vn/bizops/image/2c6caf7b-b1d1-11ed-9bf1-0e07a83c7060/original,com-rang-thap-cam-1-trung-op,
8200,8200,Phở bò - Cơm rang Duy Nhất - Huỳnh Thúc Kháng,340558,Cơm Rang Giòn,2289249,Cơm rang đùi gà xối mắm - 1 trứng ốp -,,70000.0,70000.0,667,2,1,6,7,https://media.be.com.vn/bizops/image/404f1e03-b1d1-11ed-a491-220f4d9eeddb/original,com-rang-dui-ga-xoi-mam-1-trung-op,
8200,8200,Phở bò - Cơm rang Duy Nhất - Huỳnh Thúc Kháng,340561,Combo Cùng Coca,2289233,phở bò đặc biệt,,70000.0,70000.0,272,4,0,8,1,https://media.be.com.vn/be-food/image/d93b7c39-abf8-11ed-aebb-1eb5d596321f/resized_thumbnail_w1080_h1080,pho-bo-dac-biet,
8200,8200,Phở bò - Cơm rang Duy Nhất - Huỳnh Thúc Kháng,340561,Combo Cùng Coca,2289237,Cơm rang cải bò - sprite,,65000.0,65000.0,23,0,0,8,2,https://media.be.com.vn/bizops/image/a00d758b-b1ce-11ed-9bf1-0e07a83c7060/original,com-rang-cai-bo-sprite,
8200,8200,Phở bò - Cơm rang Duy Nhất - Huỳnh Thúc Kháng,340561,Combo Cùng Coca,2289238,Cơm rang cải bò - coca,,65000.0,65000.0,40,4,0,8,3,https://media.be.com.vn/bizops/image/b668fb16-b1ce-11ed-8ca3-8e6f9560a813/original,com-rang-cai-bo-coca,
8200,8200,Phở bò - Cơm rang Duy Nhất - Huỳnh Thúc Kháng,340561,Combo Cùng Coca,2289239,Cơm rang dưa bò - sprite,,65000.0,65000.0,45,1,0,8,4,https://media.be.com.vn/bizops/image/e089ba5b-b1ce-11ed-8ca3-8e6f9560a813/original,com-rang-dua-bo-sprite,
8200,8200,Phở bò - Cơm rang Duy Nhất - Huỳnh Thúc Kháng,340561,Combo Cùng Coca,2289240,Cơm rang dưa bò - coca,,65000.0,65000.0,86,0,0,8,5,https://media.be.com.vn/bizops/image/1385ed93-b1cf-11ed-9bf1-0e07a83c7060/original,com-rang-dua-bo-coca,
8200,8200,Phở bò - Cơm rang Duy Nhất - Huỳnh Thúc Kháng,340561,Combo Cùng Coca,2289241,Cơm rang gà xôi mắm - sprite,,70000.0,70000.0,48,0,0,8,6,https://media.be.com.vn/bizops/image/2e4e2c1c-b1cf-11ed-8ca3-8e6f9560a813/original,com-rang-ga-xoi-mam-sprite,
8200,8200,Phở bò - Cơm rang Duy Nhất - Huỳnh Thúc Kháng,340561,Combo Cùng Coca,2289242,Phở bò tái chín - coca,,65000.0,65000.0,66,2,0,8,7,https://media.be.com.vn/bizops/image/4a6dbc95-b1cf-11ed-9bf1-0e07a83c7060/original,pho-bo-tai-chin-coca,
8200,8200,Phở bò - Cơm rang Duy Nhất - Huỳnh Thúc Kháng,340561,Combo Cùng Coca,2289243,Phở bò đặc biệt - coca,,80000.0,80000.0,67,3,0,8,8,https://media.be.com.vn/bizops/image/a1647f45-b1d0-11ed-a491-220f4d9eeddb/original,pho-bo-dac-biet-coca,
8200,8200,Phở bò - Cơm rang Duy Nhất - Huỳnh Thúc Kháng,340561,Combo Cùng Coca,2289244,Phở xào bò cải - coca,,65000.0,65000.0,133,1,0,8,9,https://media.be.com.vn/bizops/image/b3db5e5e-b1d0-11ed-a491-220f4d9eeddb/original,pho-xao-bo-cai-coca,
8200,8200,Phở bò - Cơm rang Duy Nhất - Huỳnh Thúc Kháng,28179,Combo Giải Khát Cùng Pepsi,253766,Cơm Rang Dưa Bò + Pepsi,giá đã bao gồm 3000₫ tiền hôp,65000.0,65000.0,80,0,0,9,1,https://media.be.com.vn/bizops/image/ef6181f8-3944-11f0-81cc-d24fde1987a0/original,com-rang-dua-bo-pepsi,
8200,8200,Phở bò - Cơm rang Duy Nhất - Huỳnh Thúc Kháng,28179,Combo Giải Khát Cùng Pepsi,253767,cơm rang đùi gà xối mắm+Pepsi,giá đã bao gồm 3000₫ tiền hôp,70000.0,70000.0,67,2,0,9,2,https://media.be.com.vn/bizops/image/15057bca-3945-11f0-81cc-d24fde1987a0/original,com-rang-dui-ga-xoi-mam-pepsi,
8200,8200,Phở bò - Cơm rang Duy Nhất - Huỳnh Thúc Kháng,28179,Combo Giải Khát Cùng Pepsi,253768,Phở Xào + Pepsi,giá đã bao gồm 3000₫ tiền hôp,65000.0,65000.0,36,0,0,9,3,https://media.be.com.vn/bizops/image/0878dc91-3945-11f0-bd66-b239c83a8124/original,pho-xao-pepsi,
8200,8200,Phở bò - Cơm rang Duy Nhất - Huỳnh Thúc Kháng,28179,Combo Giải Khát Cùng Pepsi,253769,Mì Xào + Pepsi,giá đã bao gồm 3000₫ tiền hôp,65000.0,65000.0,43,0,0,9,4,https://media.be.com.vn/bizops/image/11132983-3945-11f0-bd66-b239c83a8124/original,mi-xao-pepsi,
8200,8200,Phở bò - Cơm rang Duy Nhất - Huỳnh Thúc Kháng,28179,Combo Giải Khát Cùng Pepsi,253770,Cơm Rang Cải Bò + Pepsi,đã bao gồm 3000đ tiền hôp,65000.0,65000.0,21,0,0,9,5,https://media.be.com.vn/bizops/image/0e900071-3945-11f0-8510-8ea7808cbcf4/original,com-rang-cai-bo-pepsi,
8200,8200,Phở bò - Cơm rang Duy Nhất - Huỳnh Thúc Kháng,28179,Combo Giải Khát Cùng Pepsi,253771,Cơm Rang Thập Cẩm + Pepsi,giá đã bao gồm 3000đ tiền hôp,65000.0,65000.0,7,0,0,9,6,https://media.be.com.vn/bizops/image/f53489c6-3944-11f0-81cc-d24fde1987a0/original,com-rang-thap-cam-pepsi,
8200,8200,Phở bò - Cơm rang Duy Nhất - Huỳnh Thúc Kháng,28179,Combo Giải Khát Cùng Pepsi,253772,Mì Bò nước+ Pepsi,giá đã bao gồm 3000₫ tiền hôp,65000.0,65000.0,3,0,0,9,7,https://media.be.com.vn/bizops/image/20a0f676-3945-11f0-8510-8ea7808cbcf4/original,mi-bo-nuoc-pepsi,
8200,8200,Phở bò - Cơm rang Duy Nhất - Huỳnh Thúc Kháng,340560,Combo 2 Người,2289229,Cơm rang đùi gà xối mắm -Pepsi,,70000.0,70000.0,235,2,0,12,1,https://media.be.com.vn/bizops/image/f7b970b3-b1cb-11ed-8ca3-8e6f9560a813/original,com-rang-dui-ga-xoi-mam-pepsi,
8200,8200,Phở bò - Cơm rang Duy Nhất - Huỳnh Thúc Kháng,340560,Combo 2 Người,2289231,Cơm Rang Dưa Bò - Pepsi,,65000.0,65000.0,220,2,2,12,2,https://media.be.com.vn/bizops/image/2fbe94f1-b1cc-11ed-a491-220f4d9eeddb/original,com-rang-dua-bo-pepsi,
8200,8200,Phở bò - Cơm rang Duy Nhất - Huỳnh Thúc Kháng,340560,Combo 2 Người,2289260,Cơm Rang Cải Bò - Pepsi,,65000.0,65000.0,68,0,0,12,3,https://media.be.com.vn/bizops/image/82da24b6-b1d4-11ed-a491-220f4d9eeddb/original,com-rang-cai-bo-pepsi,
8200,8200,Phở bò - Cơm rang Duy Nhất - Huỳnh Thúc Kháng,340560,Combo 2 Người,2289261,Cơm Rang Thập Cẩm - Pepsi,,65000.0,65000.0,35,0,0,12,4,https://media.be.com.vn/bizops/image/9cb3baf8-b1d4-11ed-a491-220f4d9eeddb/original,com-rang-thap-cam-pepsi,
8200,8200,Phở bò - Cơm rang Duy Nhất - Huỳnh Thúc Kháng,340560,Combo 2 Người,2289262,Mì Bò nước - Pepsi,,65000.0,65000.0,6,0,0,12,5,https://media.be.com.vn/bizops/image/bca40dfd-b1d4-11ed-a491-220f4d9eeddb/original,mi-bo-nuoc-pepsi,
8200,8200,Phở bò - Cơm rang Duy Nhất - Huỳnh Thúc Kháng,340560,Combo 2 Người,2289263,Mì Xào - Pepsi,,65000.0,65000.0,61,1,0,12,6,https://media.be.com.vn/bizops/image/db99c1ee-b1d4-11ed-a491-220f4d9eeddb/original,mi-xao-pepsi,
8200,8200,Phở bò - Cơm rang Duy Nhất - Huỳnh Thúc Kháng,340560,Combo 2 Người,2289264,Phở Xào - Pepsi,,65000.0,65000.0,67,1,0,12,7,https://media.be.com.vn/bizops/image/f3648b44-b1d4-11ed-a491-220f4d9eeddb/original,pho-xao-pepsi,
78300,78300,Bánh Cuốn Nóng & Bún Chả - Ngọc Hà,911955,Menu,6148695,Bánh cuốn chả quế,,43000.0,43000.0,83,5,0,1,1,https://media.be.com.vn/be-food/image/efbfb050-514c-11ef-adb9-3e6ef01ea27f/original,banh-cuon-cha-que,
78300,78300,Bánh Cuốn Nóng & Bún Chả - Ngọc Hà,911955,Menu,6148696,Bánh cuốn chả thập cẩm (chả nướng+ chả quế ),,65000.0,65000.0,84,2,0,1,2,https://media.be.com.vn/be-food/image/19e67aba-514d-11ef-ba6d-1220605d9522/original,banh-cuon-cha-thap-cam-cha-nuong-cha-que,
78300,78300,Bánh Cuốn Nóng & Bún Chả - Ngọc Hà,911955,Menu,6148697,Bánh cuốn chả nướng,,53000.0,53000.0,63,2,0,1,3,https://media.be.com.vn/be-food/image/c4799330-514c-11ef-ba6d-1220605d9522/original,banh-cuon-cha-nuong,
78300,78300,Bánh Cuốn Nóng & Bún Chả - Ngọc Hà,911955,Menu,6148698,Bánh cuốn trứng (không chả),"BC Trứng thường khách đặt ăn thêm kèm món, là suất ăn riêng khách vui lòng ghi chú để quán cho thêm dụng cụ ăn uống ạ!",20000.0,20000.0,75,4,0,1,4,https://media.be.com.vn/be-food/image/0b6f86b2-498d-11ef-ba6d-1220605d9522/original,banh-cuon-trung-khong-cha,
78300,78300,Bánh Cuốn Nóng & Bún Chả - Ngọc Hà,911955,Menu,6151242,"Bánh cuốn nhân thịt, mộc nhĩ ( không chả)",,39000.0,39000.0,95,2,0,1,5,https://media.be.com.vn/be-food/image/57f79c4d-fc04-11ee-8673-82f2a81174be/original,banh-cuon-nhan-thit-moc-nhi-khong-cha,
78300,78300,Bánh Cuốn Nóng & Bún Chả - Ngọc Hà,911955,Menu,6251939,Bún chả thịt nướng,,58000.0,58000.0,186,6,0,1,6,https://media.be.com.vn/be-food/image/b2732d46-13c3-11f1-b63c-1ec8367384f0/resized_thumbnail_w1080_h1080,bun-cha-thit-nuong,
78300,78300,Bánh Cuốn Nóng & Bún Chả - Ngọc Hà,911955,Menu,6891855,Bánh cuốn chay (chả quế),,37000.0,37000.0,10,0,0,1,7,https://media.be.com.vn/be-food/image/69c08e08-2fa3-11ef-b501-fa660a76b65e/original,banh-cuon-chay-cha-que,
78300,78300,Bánh Cuốn Nóng & Bún Chả - Ngọc Hà,911955,Menu,6891856,Bánh cuốn chay ( chả nướng),,47000.0,47000.0,12,0,0,1,8,https://media.be.com.vn/be-food/image/715f13ec-2fa3-11ef-b411-9e337230779d/original,banh-cuon-chay-cha-nuong,
78300,78300,Bánh Cuốn Nóng & Bún Chả - Ngọc Hà,911955,Menu,6891857,Bánh cuốn trứng (chả quế),,30000.0,30000.0,19,2,0,1,9,https://media.be.com.vn/be-food/image/4ec136d5-498d-11ef-ba6d-1220605d9522/original,banh-cuon-trung-cha-que,
20601,20601,"Bánh Cuốn Nóng, Bún Chả & Gà Tần - 156 Kim Giang",362022,COMBO CÙNG COCA,2440750,Bún chả - Coca,,65000.0,65000.0,26,0,0,1,1,https://media.be.com.vn/be-food/image/da162cec-a8b5-11f0-b84b-3a4f2a37a94e/resized_thumbnail_w1080_h1080,bun-cha-coca,
20601,20601,"Bánh Cuốn Nóng, Bún Chả & Gà Tần - 156 Kim Giang",362022,COMBO CÙNG COCA,2440751,Bánh cuốn thịt nướng - Coca,,65000.0,65000.0,24,0,0,1,2,https://media.be.com.vn/be-food/image/faa7f86d-a8b5-11f0-8021-922c9d42c616/resized_thumbnail_w1080_h1080,banh-cuon-thit-nuong-coca,
20601,20601,"Bánh Cuốn Nóng, Bún Chả & Gà Tần - 156 Kim Giang",362022,COMBO CÙNG COCA,2440752,Bánh cuốn chả quế - Coca,,60000.0,60000.0,16,0,0,1,3,https://media.be.com.vn/be-food/image/1bfd288d-a8b6-11f0-9063-66448d787802/resized_thumbnail_w1080_h1080,banh-cuon-cha-que-coca,
20601,20601,"Bánh Cuốn Nóng, Bún Chả & Gà Tần - 156 Kim Giang",86371,THỰC ĐƠN,663177,Bánh Cuốn Chả Quế,,40000.0,40000.0,500,6,3,2,1,https://media.be.com.vn/be-food/image/6cd70437-ba1b-11ed-a912-ca4386e16cdf/original,banh-cuon-cha-que,
20601,20601,"Bánh Cuốn Nóng, Bún Chả & Gà Tần - 156 Kim Giang",86371,THỰC ĐƠN,663178,Bánh Cuốn Thịt Nướng,,45000.0,45000.0,770,3,1,2,2,https://media.be.com.vn/be-food/image/6d2e1a62-ba1b-11ed-9107-c6be6bda1b97/original,banh-cuon-thit-nuong,
20601,20601,"Bánh Cuốn Nóng, Bún Chả & Gà Tần - 156 Kim Giang",86371,THỰC ĐƠN,663181,Gà ác Tần Thuốc Bắc,,85000.0,85000.0,109,0,0,2,5,https://media.be.com.vn/be-food/image/6e3aba33-ba1b-11ed-9107-c6be6bda1b97/original,ga-ac-tan-thuoc-bac,
20601,20601,"Bánh Cuốn Nóng, Bún Chả & Gà Tần - 156 Kim Giang",86371,THỰC ĐƠN,663182,Bún Chả,,45000.0,45000.0,120,0,0,2,6,https://media.be.com.vn/be-food/image/6e8c5054-ba1b-11ed-9107-c6be6bda1b97/original,bun-cha,
20601,20601,"Bánh Cuốn Nóng, Bún Chả & Gà Tần - 156 Kim Giang",86371,THỰC ĐƠN,663183,Mì Gà Ác Tần,,95000.0,95000.0,45,0,0,2,7,https://media.be.com.vn/be-food/image/6ee0de4e-ba1b-11ed-9107-c6be6bda1b97/original,mi-ga-ac-tan,
9568,9568,"Bún Chả, Bánh Cuốn Nóng, Gà Tần - Ba Duy - Kim Giang",36827,Menu,314748,Bún chả,,49000.0,49000.0,5196,15,4,1,1,https://media.be.com.vn/be-food/image/4076511a-eb38-11ec-9a9e-de6dabbc786c/original,bun-cha,
9568,9568,"Bún Chả, Bánh Cuốn Nóng, Gà Tần - Ba Duy - Kim Giang",36827,Menu,314752,Bánh cuốn chả nướng,,49000.0,49000.0,2760,16,2,1,2,https://media.be.com.vn/be-food/image/d61ce1ac-eb38-11ec-95a6-ee268e4432f7/original,banh-cuon-cha-nuong,
9568,9568,"Bún Chả, Bánh Cuốn Nóng, Gà Tần - Ba Duy - Kim Giang",36827,Menu,314778,Bánh cuốn nhân hành chả nướng,,48000.0,48000.0,473,3,0,1,3,https://media.be.com.vn/be-food/image/3fe41430-f8d1-11ec-95a6-ee268e4432f7/original,banh-cuon-nhan-hanh-cha-nuong,
9568,9568,"Bún Chả, Bánh Cuốn Nóng, Gà Tần - Ba Duy - Kim Giang",36827,Menu,314760,Bánh cuốn không nhân chả nướng,,47000.0,47000.0,229,0,1,1,4,https://media.be.com.vn/be-food/image/9325e204-f939-11ec-812c-da4e9217aaad/original,banh-cuon-khong-nhan-cha-nuong,
9568,9568,"Bún Chả, Bánh Cuốn Nóng, Gà Tần - Ba Duy - Kim Giang",36827,Menu,314786,Bánh cuốn chả quế,,40000.0,40000.0,1766,9,3,1,5,https://media.be.com.vn/be-food/image/013b1ada-ec82-11ec-95a6-ee268e4432f7/original,banh-cuon-cha-que,
9568,9568,"Bún Chả, Bánh Cuốn Nóng, Gà Tần - Ba Duy - Kim Giang",36827,Menu,314782,Bánh cuôn nhân hành chả quế,,40000.0,40000.0,259,3,1,1,6,https://media.be.com.vn/be-food/image/8adf9b35-f8d1-11ec-812c-da4e9217aaad/original,banh-cuon-nhan-hanh-cha-que,
9568,9568,"Bún Chả, Bánh Cuốn Nóng, Gà Tần - Ba Duy - Kim Giang",36827,Menu,314771,Bánh cuốn chả nướng - chả quế,,60000.0,60000.0,1694,9,0,1,7,https://media.be.com.vn/be-food/image/b12809d2-f939-11ec-812c-da4e9217aaad/original,banh-cuon-cha-nuong-cha-que,
9568,9568,"Bún Chả, Bánh Cuốn Nóng, Gà Tần - Ba Duy - Kim Giang",36827,Menu,314774,Bánh cuốn không nhân chả nướng - chả quế,,58000.0,58000.0,122,0,0,1,8,https://media.be.com.vn/be-food/image/e5ef3f05-f8d1-11ec-812c-da4e9217aaad/original,banh-cuon-khong-nhan-cha-nuong-cha-que,
9568,9568,"Bún Chả, Bánh Cuốn Nóng, Gà Tần - Ba Duy - Kim Giang",36827,Menu,314812,Combo bánh cuốn nhân thịt chả quế - trứng,,61000.0,61000.0,447,2,0,1,9,https://media.be.com.vn/be-food/image/5ed36318-ec82-11ec-9a9e-de6dabbc786c/original,combo-banh-cuon-nhan-thit-cha-que-trung,
9568,9568,"Bún Chả, Bánh Cuốn Nóng, Gà Tần - Ba Duy - Kim Giang",36827,Menu,314790,Bánh cuốn nhân thịt không chả,,32000.0,32000.0,997,2,0,1,10,https://media.be.com.vn/be-food/image/51e53de1-ec82-11ec-9a9e-de6dabbc786c/original,banh-cuon-nhan-thit-khong-cha,
9568,9568,"Bún Chả, Bánh Cuốn Nóng, Gà Tần - Ba Duy - Kim Giang",36827,Menu,314805,Combo bánh cuốn chay chả nướng - trứng,,59000.0,59000.0,55,0,0,1,11,https://media.be.com.vn/be-food/image/8c357ecf-ec82-11ec-95a6-ee268e4432f7/original,combo-banh-cuon-chay-cha-nuong-trung,
9568,9568,"Bún Chả, Bánh Cuốn Nóng, Gà Tần - Ba Duy - Kim Giang",36827,Menu,314800,Bánh cuốn nhân hành không chả,,32000.0,32000.0,119,1,1,1,12,https://media.be.com.vn/be-food/image/cc8fcb92-ec82-11ec-95a6-ee268e4432f7/original,banh-cuon-nhan-hanh-khong-cha,
9568,9568,"Bún Chả, Bánh Cuốn Nóng, Gà Tần - Ba Duy - Kim Giang",36827,Menu,314857,Gà ác tần sâm,,81000.0,81000.0,378,3,0,1,14,https://media.be.com.vn/be-food/image/9d84e8fc-f93a-11ec-95a6-ee268e4432f7/original,ga-ac-tan-sam,
12952,12952,KCC - Phở - Cơm Rang - Nguyên Hồng,54929,Menu,441860,Cơm Rang Trứng,Giá đã bao gồm tiền hộp,30000.0,30000.0,99,0,1,1,1,https://media.be.com.vn/bizops/image/444d9ce0-392b-11ef-8dc5-12c0bf7afddb/resized_thumbnail_w1080_h1080,com-rang-trung,
12952,12952,KCC - Phở - Cơm Rang - Nguyên Hồng,54930,COMBO,441861,Combo Cơm Rang Thập Cẩm - 01 Coca,,45000.0,45000.0,145,0,0,2,1,https://media.be.com.vn/bizops/image/3d6efda3-a810-11f0-9063-66448d787802/original,combo-com-rang-thap-cam-01-coca,
12952,12952,KCC - Phở - Cơm Rang - Nguyên Hồng,54931,CÁC MÓN CƠM,441862,Cơm Rang Đùi Gà Xối Mắm,"Món ăn chủ đạo của quán. 1 xuất cơm rang ăn kèm với 1 phần đùi gà tươi nguyên 1/4 đùi, nước sốt chua ngọt. Có canh ăn kèm",60000.0,60000.0,1486,9,4,3,1,https://media.be.com.vn/bizops/image/75f248e7-a57d-11f0-8021-922c9d42c616/original,com-rang-dui-ga-xoi-mam,
12952,12952,KCC - Phở - Cơm Rang - Nguyên Hồng,54931,CÁC MÓN CƠM,441863,Cơm Rang Thập Cẩm,Cơm rang trứng với đỗ - cà rốt - chả - ngô - dưa muối,40000.0,40000.0,431,3,2,3,2,https://media.be.com.vn/bizops/image/61088337-a57c-11f0-9063-66448d787802/original,com-rang-thap-cam,
12952,12952,KCC - Phở - Cơm Rang - Nguyên Hồng,54931,CÁC MÓN CƠM,441864,Cơm Rang Dưa Bò,Cơm rang nóng giòn ăn kèm 1 xuất bò xào dưa riêng. Có canh ăn kèm,60000.0,60000.0,867,5,3,3,3,https://media.be.com.vn/be-food/image/f9580894-44c9-11ee-8e31-f638ae20f033/resized_thumbnail_w1080_h1080,com-rang-dua-bo,
12952,12952,KCC - Phở - Cơm Rang - Nguyên Hồng,54931,CÁC MÓN CƠM,441865,Cơm Rang Cải Bò,Cơm rang nóng giòn ăn kèm 1 xuất thịt bò xào rau cải ngọt. Có canh ăn kèm,60000.0,60000.0,195,0,1,3,4,https://media.be.com.vn/be-food/image/049fd66a-44ca-11ee-8e31-f638ae20f033/resized_thumbnail_w1080_h1080,com-rang-cai-bo,
12952,12952,KCC - Phở - Cơm Rang - Nguyên Hồng,54931,CÁC MÓN CƠM,441866,Cơm Rang Trứng,Giá đã bao gồm tiền hộp,30000.0,30000.0,17,1,0,3,5,https://media.be.com.vn/bizops/image/2b6c5161-a57d-11f0-8b11-e6e7ca75c48c/original,com-rang-trung,
12952,12952,KCC - Phở - Cơm Rang - Nguyên Hồng,54931,CÁC MÓN CƠM,441867,Cơm Tám Đùi Gà,Cơm được nấu từ gạo tám thơm dẻo. Ăn kèm 1 xuất đùi gà sốt chua ngọt. Gà tươi nguyên 1/4 đùi. Có canh ăn kèm,60000.0,60000.0,27,1,0,3,6,https://media.be.com.vn/bizops/image/e4148475-a57d-11f0-b84b-3a4f2a37a94e/original,com-tam-dui-ga,
12952,12952,KCC - Phở - Cơm Rang - Nguyên Hồng,54931,CÁC MÓN CƠM,441868,Cơm Tám Thịt Kho Tàu Trứng Gà,Cơm gạo tám thơm dẻo ăn cùng 1 xuất thịt kho tàu trứng. 1 xuất bao gồm cơm - thịt kho trứng - rau dưa ăn kèm - canh. Thịt tươi - quán không dùng hàng đông lạnh,55000.0,55000.0,88,1,1,3,7,https://media.be.com.vn/bizops/image/8bbaa90f-a580-11f0-8b11-e6e7ca75c48c/original,com-tam-thit-kho-tau-trung-ga,
12952,12952,KCC - Phở - Cơm Rang - Nguyên Hồng,54931,CÁC MÓN CƠM,441869,Cơm Rang Thịt Kho Tàu Trứng Gà,Cơm rang nóng giòn ăn cùng 1 xuất thịt kho tàu trứng. Thịt tươi không phải thịt đông lạnh. Xuất bao gồm cơm - thịt - trứng - rau dưa - canh ăn kèm,55000.0,55000.0,190,4,0,3,8,https://media.be.com.vn/bizops/image/8bbaa90f-a580-11f0-8b11-e6e7ca75c48c/original,com-rang-thit-kho-tau-trung-ga,
12952,12952,KCC - Phở - Cơm Rang - Nguyên Hồng,54931,CÁC MÓN CƠM,441870,Cơm Tám Cải Bò,"Cơm nấu từ gạo tám thơm dẻo, ăn kèm 1 xuất thịt bò xào rau cải. Có canh ăn kèm",60000.0,60000.0,19,0,0,3,9,https://media.be.com.vn/be-food/image/14cd3397-44ca-11ee-bfaa-82e52b34e173/resized_thumbnail_w1080_h1080,com-tam-cai-bo,
12952,12952,KCC - Phở - Cơm Rang - Nguyên Hồng,54931,CÁC MÓN CƠM,441871,Cơm Tám Dưa Bò,"Cơm được nấu từ gạo tám thơm dẻo, ăn kèm 1 xuất thịt bò xào dưa. Có canh ăn kemf",60000.0,60000.0,32,0,0,3,10,https://media.be.com.vn/be-food/image/1f8bf120-44ca-11ee-8e31-f638ae20f033/resized_thumbnail_w1080_h1080,com-tam-dua-bo,
12952,12952,KCC - Phở - Cơm Rang - Nguyên Hồng,54932,PHỞ,441872,Phở Xào,Sợi phở được xào săn ăn kèm với thịt bò xào rau cải ngọt. Có canh ăn kèm,60000.0,60000.0,337,2,1,4,1,https://media.be.com.vn/be-food/image/73c420a1-44ca-11ee-bfaa-82e52b34e173/resized_thumbnail_w1080_h1080,pho-xao,
12952,12952,KCC - Phở - Cơm Rang - Nguyên Hồng,54932,PHỞ,441874,Phở Tái,Giá đã bao gồm tiền hộp,50000.0,50000.0,306,3,0,4,2,https://media.be.com.vn/bizops/image/9fbaa754-a3fd-11f0-8021-922c9d42c616/original,pho-tai,
12952,12952,KCC - Phở - Cơm Rang - Nguyên Hồng,54932,PHỞ,441876,Mỳ Xào,Sợi mỳ xào săn ăn kèm thịt bò xào rau cải ngọt. Có canh ăn kèm,60000.0,60000.0,77,1,1,4,4,https://media.be.com.vn/be-food/image/7d3b581c-44ca-11ee-8146-82365e52a8ee/resized_thumbnail_w1080_h1080,my-xao,
12952,12952,KCC - Phở - Cơm Rang - Nguyên Hồng,54932,PHỞ,441881,Phở Đặc Biệt,Giá đã bao gồm tiền hộp,70000.0,70000.0,82,0,0,4,5,https://media.be.com.vn/bizops/image/bff4bd7d-a3fd-11f0-b84b-3a4f2a37a94e/original,pho-dac-biet,
12952,12952,KCC - Phở - Cơm Rang - Nguyên Hồng,54932,PHỞ,441882,Phở Áp Chảo,Giá đã bao gồm tiền hộp,50000.0,50000.0,70,0,0,4,6,https://media.be.com.vn/bizops/image/95acdf09-a3fd-11f0-9063-66448d787802/original,pho-ap-chao,
12952,12952,KCC - Phở - Cơm Rang - Nguyên Hồng,54932,PHỞ,441883,Phở Tái Lăn,Giá đã bao gồm tiền hộp,60000.0,60000.0,54,1,1,4,7,https://media.be.com.vn/bizops/image/fc1b1916-a3fd-11f0-8021-922c9d42c616/original,pho-tai-lan,
69613,69613,Bánh Cuốn Nóng Gia Truyền - Đội Cấn,793886,Thực Đơn,5397644,Bánh cuốn chả quế,,44000.0,44000.0,282,2,0,1,1,https://media.be.com.vn/be-food/image/7b75f21e-9d70-11ee-8146-82365e52a8ee/original,banh-cuon-cha-que,
69613,69613,Bánh Cuốn Nóng Gia Truyền - Đội Cấn,793886,Thực Đơn,5397645,Bánh cuốn chả nướng,,55000.0,55000.0,311,1,2,1,2,https://media.be.com.vn/be-food/image/7bc0ae70-9d70-11ee-8146-82365e52a8ee/original,banh-cuon-cha-nuong,
69613,69613,Bánh Cuốn Nóng Gia Truyền - Đội Cấn,793886,Thực Đơn,5397646,Bánh cuốn trứng - chả quế,,35000.0,35000.0,117,1,2,1,3,https://media.be.com.vn/bizops/image/dcb860da-9d82-11ee-8146-82365e52a8ee/original,banh-cuon-trung-cha-que,
69613,69613,Bánh Cuốn Nóng Gia Truyền - Đội Cấn,793886,Thực Đơn,5397647,Bánh cuốn không chả,,35000.0,35000.0,150,0,1,1,4,https://media.be.com.vn/bizops/image/ce48e673-9d82-11ee-8e31-f638ae20f033/original,banh-cuon-khong-cha,
69613,69613,Bánh Cuốn Nóng Gia Truyền - Đội Cấn,793886,Thực Đơn,5397648,Bún chả,,55000.0,55000.0,75,1,0,1,5,https://media.be.com.vn/be-food/image/7cabfce9-9d70-11ee-bfaa-82e52b34e173/original,bun-cha,
14120,14120,KCC - Phở & Cơm Gà Xối Mắm - Đội Cấn,60165,CƠM RANG,481739,Cơm Rang Dưa Bò,Giá đã bao gồm tiền hộp,50000.0,50000.0,328,4,2,1,1,https://media.be.com.vn/be-food/image/48e1735a-aca4-11ed-8ca3-8e6f9560a813/resized_thumbnail_w1080_h1080,com-rang-dua-bo,
14120,14120,KCC - Phở & Cơm Gà Xối Mắm - Đội Cấn,60165,CƠM RANG,481740,Cơm Rang Thập Cẩm,Giá đã bao gồm tiền hộp,40000.0,40000.0,164,2,1,1,2,https://media.be.com.vn/be-food/image/48f384b7-aca4-11ed-a491-220f4d9eeddb/resized_thumbnail_w1080_h1080,com-rang-thap-cam,
14120,14120,KCC - Phở & Cơm Gà Xối Mắm - Đội Cấn,60165,CƠM RANG,481741,Cơm Rang Cải Bò,Giá đã bao gồm tiền hộp,50000.0,50000.0,99,0,2,1,3,https://media.be.com.vn/be-food/image/4925baa8-aca4-11ed-9fb5-aaa4923b8bae/resized_thumbnail_w1080_h1080,com-rang-cai-bo,
14120,14120,KCC - Phở & Cơm Gà Xối Mắm - Đội Cấn,60165,CƠM RANG,481743,Cơm Rang Trứng,Giá đã bao gồm tiền hộp,40000.0,40000.0,31,0,0,1,4,https://media.be.com.vn/be-food/image/493af695-aca4-11ed-a491-220f4d9eeddb/resized_thumbnail_w1080_h1080,com-rang-trung,
14120,14120,KCC - Phở & Cơm Gà Xối Mắm - Đội Cấn,263610,CƠM RANG,1998443,Cơm Rang Đùi Gà Xối Mắm,,55000.0,55000.0,968,3,0,2,1,https://media.be.com.vn/be-food/image/60f1fad3-b20b-11ed-8ca3-8e6f9560a813/resized_thumbnail_w1080_h1080,com-rang-dui-ga-xoi-mam,
14120,14120,KCC - Phở & Cơm Gà Xối Mắm - Đội Cấn,60166,PHỞ,481744,Phở Xào,Giá đã bao gồm tiền hộp,55000.0,55000.0,123,0,0,3,1,https://media.be.com.vn/be-food/image/ff739037-bc58-11ed-975f-9af8f6763244/resized_thumbnail_w1080_h1080,pho-xao,
14120,14120,KCC - Phở & Cơm Gà Xối Mắm - Đội Cấn,60166,PHỞ,481745,Mỳ Xào,Giá đã bao gồm tiền hộp,55000.0,55000.0,42,0,0,3,2,https://media.be.com.vn/be-food/image/ffc96f60-bc58-11ed-975f-9af8f6763244/resized_thumbnail_w1080_h1080,my-xao,
14120,14120,KCC - Phở & Cơm Gà Xối Mắm - Đội Cấn,60166,PHỞ,481746,Phở Tái Chín,Giá đã bao gồm tiền hộp,45000.0,45000.0,113,1,1,3,3,https://media.be.com.vn/be-food/image/497af949-aca4-11ed-a491-220f4d9eeddb/resized_thumbnail_w1080_h1080,pho-tai-chin,
14120,14120,KCC - Phở & Cơm Gà Xối Mắm - Đội Cấn,60166,PHỞ,481747,Phở Chín,Giá đã bao gồm tiền hộp,45000.0,45000.0,80,0,1,3,4,https://media.be.com.vn/be-food/image/497e5859-aca4-11ed-9fb5-aaa4923b8bae/resized_thumbnail_w1080_h1080,pho-chin,
14120,14120,KCC - Phở & Cơm Gà Xối Mắm - Đội Cấn,60166,PHỞ,481748,Phở Tái Gầu,Giá đã bao gồm tiền hộp,50000.0,50000.0,49,0,0,3,5,https://media.be.com.vn/be-food/image/498dd724-aca4-11ed-9fb5-aaa4923b8bae/resized_thumbnail_w1080_h1080,pho-tai-gau,
14120,14120,KCC - Phở & Cơm Gà Xối Mắm - Đội Cấn,60166,PHỞ,481749,Phở Tái,Giá đã bao gồm tiền hộp,45000.0,45000.0,44,0,0,3,6,https://media.be.com.vn/be-food/image/49a05a25-aca4-11ed-8ca3-8e6f9560a813/resized_thumbnail_w1080_h1080,pho-tai,
14120,14120,KCC - Phở & Cơm Gà Xối Mắm - Đội Cấn,60166,PHỞ,481751,Phở Tái Lăn,Giá đã bao gồm tiền hộp,55000.0,55000.0,9,0,0,3,7,https://media.be.com.vn/be-food/image/49cc9fef-aca4-11ed-9fb5-aaa4923b8bae/resized_thumbnail_w1080_h1080,pho-tai-lan,
14120,14120,KCC - Phở & Cơm Gà Xối Mắm - Đội Cấn,60166,PHỞ,481753,Phở Tái Nạm,Giá đã bao gồm tiền hộp,50000.0,50000.0,13,0,0,3,8,https://media.be.com.vn/be-food/image/49df1928-aca4-11ed-9fb5-aaa4923b8bae/resized_thumbnail_w1080_h1080,pho-tai-nam,
14120,14120,KCC - Phở & Cơm Gà Xối Mắm - Đội Cấn,60166,PHỞ,481754,Phở Đặc Biệt,Giá đã bao gồm tiền hộp,80000.0,80000.0,8,0,0,3,9,https://media.be.com.vn/be-food/image/49f3b2fb-aca4-11ed-8ca3-8e6f9560a813/resized_thumbnail_w1080_h1080,pho-dac-biet,
14120,14120,KCC - Phở & Cơm Gà Xối Mắm - Đội Cấn,60166,PHỞ,481758,Phở Áp Chảo,Giá đã bao gồm tiền hộp,55000.0,55000.0,7,0,0,3,10,https://media.be.com.vn/be-food/image/4a36873b-aca4-11ed-9fb5-aaa4923b8bae/resized_thumbnail_w1080_h1080,pho-ap-chao,
14120,14120,KCC - Phở & Cơm Gà Xối Mắm - Đội Cấn,283508,PHỞ,1998745,Phở Xào Mềm,,55000.0,55000.0,9,2,0,4,1,https://media.be.com.vn/be-food/image/633814a2-b20b-11ed-b934-f619fc2c3f14/resized_thumbnail_w1080_h1080,pho-xao-mem,
14120,14120,KCC - Phở & Cơm Gà Xối Mắm - Đội Cấn,283508,PHỞ,1998747,Mì xào mềm,,55000.0,55000.0,4,0,0,4,2,https://media.be.com.vn/be-food/image/633dd4ce-b20b-11ed-8ca3-8e6f9560a813/resized_thumbnail_w1080_h1080,mi-xao-mem,
2282,2282,Phở Bò Cơm Rang Nhân Hòa - Nguyễn Huy Tưởng,235343,Combo Cùng Coca,1702457,Cơm rang dưa bò lẫn + Coca,,50000.0,50000.0,225,0,0,1,1,https://media.be.com.vn/be-food/image/aa418939-6a14-11ed-83ea-ea0c64380cfd/original,com-rang-dua-bo-lan-coca,
2282,2282,Phở Bò Cơm Rang Nhân Hòa - Nguyễn Huy Tưởng,235343,Combo Cùng Coca,1702460,cơm rang thập cẩm + coca,,45000.0,45000.0,71,0,0,1,2,https://media.be.com.vn/be-food/image/8db1fbfb-6a14-11ed-bfa9-3acb9ab841f5/original,com-rang-thap-cam-coca,
2282,2282,Phở Bò Cơm Rang Nhân Hòa - Nguyễn Huy Tưởng,235343,Combo Cùng Coca,1702461,cơm rang thập cẩm + coca,,45000.0,45000.0,6,0,0,1,3,https://media.be.com.vn/be-food/image/8e2ec3d0-6a14-11ed-9e97-4eb73f678c53/original,com-rang-thap-cam-coca,
2282,2282,Phở Bò Cơm Rang Nhân Hòa - Nguyễn Huy Tưởng,235343,Combo Cùng Coca,1702462,cơm rang thập cẩm + coca,,45000.0,45000.0,10,0,0,1,4,https://media.be.com.vn/be-food/image/8f3f37c9-6a14-11ed-a7d7-3666206f63ba/original,com-rang-thap-cam-coca,
2282,2282,Phở Bò Cơm Rang Nhân Hòa - Nguyễn Huy Tưởng,235343,Combo Cùng Coca,1702463,cơm rang thập cẩm + coca,,45000.0,45000.0,35,1,0,1,5,https://media.be.com.vn/be-food/image/8f50d509-6a14-11ed-bfa9-3acb9ab841f5/original,com-rang-thap-cam-coca,
2282,2282,Phở Bò Cơm Rang Nhân Hòa - Nguyễn Huy Tưởng,235343,Combo Cùng Coca,1702464,cơm rang thập cẩm + coca,,45000.0,45000.0,18,0,0,1,6,https://media.be.com.vn/be-food/image/8f5c9cf4-6a14-11ed-83ea-ea0c64380cfd/original,com-rang-thap-cam-coca,
2282,2282,Phở Bò Cơm Rang Nhân Hòa - Nguyễn Huy Tưởng,22,menu,487363,phở bò - coca,,50000.0,50000.0,153,1,0,2,1,https://media.be.com.vn/be-food/image/9a5271b5-aca6-11ed-8ca3-8e6f9560a813/resized_thumbnail_w1080_h1080,pho-bo-coca,
2282,2282,Phở Bò Cơm Rang Nhân Hòa - Nguyễn Huy Tưởng,22,menu,487368,Cơm rang dưa bò xào lẫn - coca,,55000.0,55000.0,47,0,0,2,2,https://media.be.com.vn/be-food/image/9abe2320-aca6-11ed-8ca3-8e6f9560a813/resized_thumbnail_w1080_h1080,com-rang-dua-bo-xao-lan-coca,
2282,2282,Phở Bò Cơm Rang Nhân Hòa - Nguyễn Huy Tưởng,22,menu,487375,cơm rag dưa bò xào lẫn - srite,,50000.0,50000.0,78,0,0,2,3,https://media.be.com.vn/be-food/image/9b84513b-aca6-11ed-8ca3-8e6f9560a813/resized_thumbnail_w1080_h1080,com-rag-dua-bo-xao-lan-srite,
2282,2282,Phở Bò Cơm Rang Nhân Hòa - Nguyễn Huy Tưởng,22,menu,487383,mỳ xào - coca,,55000.0,55000.0,39,0,0,2,5,https://media.be.com.vn/be-food/image/9c092760-aca6-11ed-aebb-1eb5d596321f/resized_thumbnail_w1080_h1080,my-xao-coca,
2282,2282,Phở Bò Cơm Rang Nhân Hòa - Nguyễn Huy Tưởng,22,menu,487429,cơm rang dưa bò - dasani,,50000.0,50000.0,38,0,0,2,6,https://media.be.com.vn/be-food/image/9ea8dd58-aca6-11ed-8ca3-8e6f9560a813/resized_thumbnail_w1080_h1080,com-rang-dua-bo-dasani,
2282,2282,Phở Bò Cơm Rang Nhân Hòa - Nguyễn Huy Tưởng,22,menu,1053285,Cơm rang đùi gà + coca,cômbo,70000.0,70000.0,8,0,0,2,7,https://media.be.com.vn/bizops/image/460f51e3-b7d8-11f0-8b11-e6e7ca75c48c/resized_thumbnail_w1080_h1080,com-rang-dui-ga-coca,
2282,2282,Phở Bò Cơm Rang Nhân Hòa - Nguyễn Huy Tưởng,471,Đồ Ăn,45587,Cơm Rang Cải Bò Xào lẫn,đã bao gồm 5000 tiền hộp,38000.0,38000.0,248,2,0,3,1,https://media.be.com.vn/be-food/image/8cc388a1-a88c-11ed-aebb-1eb5d596321f/resized_thumbnail_w1080_h1080,com-rang-cai-bo-xao-lan,
2282,2282,Phở Bò Cơm Rang Nhân Hòa - Nguyễn Huy Tưởng,471,Đồ Ăn,45593,Cơm rang dưa bò xào lẫn,Đã bao gồm 5000 tiền hộp,38000.0,38000.0,1232,4,0,3,2,https://media.be.com.vn/be-food/image/8ced4440-a88c-11ed-be3f-76291aa8cd0c/resized_thumbnail_w1080_h1080,com-rang-dua-bo-xao-lan,
2282,2282,Phở Bò Cơm Rang Nhân Hòa - Nguyễn Huy Tưởng,471,Đồ Ăn,45596,Cơm rang thập cẩm,Đã bao gồm 5000 tiền hộp,33000.0,33000.0,615,3,4,3,3,https://media.be.com.vn/be-food/image/8d14af87-a88c-11ed-aebb-1eb5d596321f/resized_thumbnail_w1080_h1080,com-rang-thap-cam,
2282,2282,Phở Bò Cơm Rang Nhân Hòa - Nguyễn Huy Tưởng,471,Đồ Ăn,45598,Phở tái chín,Đã bao gồm 5000 tiền hộp,38000.0,38000.0,968,9,2,3,4,https://media.be.com.vn/be-food/image/8d50bb4c-a88c-11ed-9fb5-aaa4923b8bae/resized_thumbnail_w1080_h1080,pho-tai-chin,
2282,2282,Phở Bò Cơm Rang Nhân Hòa - Nguyễn Huy Tưởng,471,Đồ Ăn,45601,Cơm rang dưa bò xào riêng,Đã bao gồm 5000 tiền hộp,45000.0,45000.0,1360,4,2,3,5,https://media.be.com.vn/be-food/image/8d74f48d-a88c-11ed-9fb5-aaa4923b8bae/resized_thumbnail_w1080_h1080,com-rang-dua-bo-xao-rieng,
2282,2282,Phở Bò Cơm Rang Nhân Hòa - Nguyễn Huy Tưởng,471,Đồ Ăn,45603,Phở xào bò,Đã bao gồm 5000 tiền hộp,45000.0,45000.0,479,5,0,3,6,https://media.be.com.vn/be-food/image/8d79e56d-a88c-11ed-aebb-1eb5d596321f/resized_thumbnail_w1080_h1080,pho-xao-bo,
2282,2282,Phở Bò Cơm Rang Nhân Hòa - Nguyễn Huy Tưởng,471,Đồ Ăn,45606,Phở bắp gầu,Đã bao gồm 5000 tiền hộp,43000.0,43000.0,442,4,0,3,7,https://media.be.com.vn/be-food/image/8dbe4246-a88c-11ed-9fb5-aaa4923b8bae/resized_thumbnail_w1080_h1080,pho-bap-gau,
2282,2282,Phở Bò Cơm Rang Nhân Hòa - Nguyễn Huy Tưởng,471,Đồ Ăn,45608,Phở chín,Đã bao gồm 5000 tiền hộp,38000.0,38000.0,572,3,1,3,8,https://media.be.com.vn/be-food/image/8dd462b5-a88c-11ed-9fb5-aaa4923b8bae/resized_thumbnail_w1080_h1080,pho-chin,
2282,2282,Phở Bò Cơm Rang Nhân Hòa - Nguyễn Huy Tưởng,471,Đồ Ăn,45610,Mì xào bò,Đã bao gồm 5000 tiền hộp,45000.0,45000.0,226,0,0,3,9,https://media.be.com.vn/be-food/image/8dedd715-a88c-11ed-be3f-76291aa8cd0c/resized_thumbnail_w1080_h1080,mi-xao-bo,
2282,2282,Phở Bò Cơm Rang Nhân Hòa - Nguyễn Huy Tưởng,471,Đồ Ăn,45615,Cơm rang thập cẩm bò,Đã bao gồm 5000 tiền hộp,45000.0,45000.0,193,2,0,3,10,https://media.be.com.vn/be-food/image/8e2cdf8d-a88c-11ed-9fb5-aaa4923b8bae/resized_thumbnail_w1080_h1080,com-rang-thap-cam-bo,
2282,2282,Phở Bò Cơm Rang Nhân Hòa - Nguyễn Huy Tưởng,471,Đồ Ăn,45618,Phở xốt vang,Đã bao gồm 5000 tiền hộp,38000.0,38000.0,268,1,1,3,11,https://media.be.com.vn/be-food/image/8e37599b-a88c-11ed-be3f-76291aa8cd0c/resized_thumbnail_w1080_h1080,pho-xot-vang,
2282,2282,Phở Bò Cơm Rang Nhân Hòa - Nguyễn Huy Tưởng,471,Đồ Ăn,45622,Phở tái,Đã bao gồm 5000 tiền hộp,38000.0,38000.0,351,1,0,3,12,https://media.be.com.vn/be-food/image/8e94f451-a88c-11ed-aebb-1eb5d596321f/resized_thumbnail_w1080_h1080,pho-tai,
2282,2282,Phở Bò Cơm Rang Nhân Hòa - Nguyễn Huy Tưởng,471,Đồ Ăn,45630,Cơm rang cải bò xào riêng,Đã bao gồm 5000 tiền hộp,45000.0,45000.0,163,0,0,3,14,https://media.be.com.vn/be-food/image/8f0786aa-a88c-11ed-9fb5-aaa4923b8bae/resized_thumbnail_w1080_h1080,com-rang-cai-bo-xao-rieng,
2282,2282,Phở Bò Cơm Rang Nhân Hòa - Nguyễn Huy Tưởng,471,Đồ Ăn,45632,Phở Bắp nạm,Đã bao gồm 5000 tiền hộp,40000.0,40000.0,179,2,0,3,15,https://media.be.com.vn/be-food/image/8f274a0c-a88c-11ed-9fb5-aaa4923b8bae/resized_thumbnail_w1080_h1080,pho-bap-nam,
2282,2282,Phở Bò Cơm Rang Nhân Hòa - Nguyễn Huy Tưởng,471,Đồ Ăn,45635,Phở tái lăn,Đã bao gồm 5000 tiền hộp,43000.0,43000.0,203,2,0,3,16,https://media.be.com.vn/be-food/image/8f68f234-a88c-11ed-a491-220f4d9eeddb/resized_thumbnail_w1080_h1080,pho-tai-lan,
2282,2282,Phở Bò Cơm Rang Nhân Hòa - Nguyễn Huy Tưởng,471,Đồ Ăn,45637,Cơm rang xào giòn,Đã bao gồm 5000 tiền hộp,48000.0,48000.0,61,0,0,3,17,https://media.be.com.vn/be-food/image/8f8b9df7-a88c-11ed-9fb5-aaa4923b8bae/resized_thumbnail_w1080_h1080,com-rang-xao-gion,
2282,2282,Phở Bò Cơm Rang Nhân Hòa - Nguyễn Huy Tưởng,471,Đồ Ăn,45640,Phở áp chảo,Đã bao gồm 5000 tiền hộp,45000.0,45000.0,35,0,0,3,18,https://media.be.com.vn/be-food/image/8fbf2dd1-a88c-11ed-be3f-76291aa8cd0c/resized_thumbnail_w1080_h1080,pho-ap-chao,
2282,2282,Phở Bò Cơm Rang Nhân Hòa - Nguyễn Huy Tưởng,471,Đồ Ăn,45642,Cơm rang xúc xích,Đã bao gồm 5000 tiền hộp,38000.0,38000.0,40,0,0,3,19,https://media.be.com.vn/be-food/image/8fe28e4c-a88c-11ed-be3f-76291aa8cd0c/resized_thumbnail_w1080_h1080,com-rang-xuc-xich,
2282,2282,Phở Bò Cơm Rang Nhân Hòa - Nguyễn Huy Tưởng,471,Đồ Ăn,1053280,cơm rang đùi gà,gà chiên gòn,55000.0,55000.0,49,0,0,3,20,https://media.be.com.vn/bizops/image/4f21c695-b7d8-11f0-9063-66448d787802/resized_thumbnail_w1080_h1080,com-rang-dui-ga,
76776,76776,Bánh Cuốn Nóng & Bún Chả - Nguyễn Ngọc Vũ,902670,bánh cuốn,6029675,Bánh cuốn nhân hành phi không chả,,29000.0,29000.0,34,0,0,1,2,https://media.be.com.vn/bizops/image/26092bea-f0c2-11ee-8673-82f2a81174be/original,banh-cuon-nhan-hanh-phi-khong-cha,
76776,76776,Bánh Cuốn Nóng & Bún Chả - Nguyễn Ngọc Vũ,902670,bánh cuốn,6029677,Bánh cuốn nhân thịt chả nướng,,49000.0,49000.0,1085,7,0,1,3,https://media.be.com.vn/bizops/image/53122ad4-f0c2-11ee-8673-82f2a81174be/original,banh-cuon-nhan-thit-cha-nuong,
76776,76776,Bánh Cuốn Nóng & Bún Chả - Nguyễn Ngọc Vũ,902670,bánh cuốn,7110985,bánh cuốn nhân thịt chả quế,,42000.0,42000.0,486,1,0,1,4,https://media.be.com.vn/be-food/image/6645c47b-f68b-11ee-b972-a27b06ef25f3/original,banh-cuon-nhan-thit-cha-que,
76776,76776,Bánh Cuốn Nóng & Bún Chả - Nguyễn Ngọc Vũ,902670,bánh cuốn,7110986,bánh cuốn nhân thịt chả lẫn,bảo gồm cả chả nướng và chả quế,57000.0,57000.0,467,0,1,1,5,https://media.be.com.vn/be-food/image/be7e32eb-f68b-11ee-99b1-a2959d9e08fd/resized_thumbnail_w1080_h1080,banh-cuon-nhan-thit-cha-lan,
76776,76776,Bánh Cuốn Nóng & Bún Chả - Nguyễn Ngọc Vũ,902670,bánh cuốn,7110987,bánh cuốn nhân hành phi chả nướng,,49000.0,49000.0,85,0,0,1,6,https://media.be.com.vn/be-food/image/0f1e84c7-f68d-11ee-8673-82f2a81174be/original,banh-cuon-nhan-hanh-phi-cha-nuong,
76776,76776,Bánh Cuốn Nóng & Bún Chả - Nguyễn Ngọc Vũ,902670,bánh cuốn,7110988,bánh cuốn nhân hành phi chả quế,,42000.0,42000.0,50,0,0,1,7,https://media.be.com.vn/be-food/image/9aae950d-f68d-11ee-8673-82f2a81174be/original,banh-cuon-nhan-hanh-phi-cha-que,
76776,76776,Bánh Cuốn Nóng & Bún Chả - Nguyễn Ngọc Vũ,902670,bánh cuốn,7110989,bánh cuốn nhân thịt không chả,,30000.0,30000.0,230,4,1,1,8,https://media.be.com.vn/be-food/image/d8d5c74d-f68e-11ee-99b1-a2959d9e08fd/original,banh-cuon-nhan-thit-khong-cha,
76776,76776,Bánh Cuốn Nóng & Bún Chả - Nguyễn Ngọc Vũ,902670,bánh cuốn,7110990,bánh cuốn nhân hành phi không chả,,28000.0,28000.0,50,1,0,1,9,https://media.be.com.vn/be-food/image/8f69449a-f68f-11ee-99b1-a2959d9e08fd/resized_thumbnail_w1080_h1080,banh-cuon-nhan-hanh-phi-khong-cha,
76776,76776,Bánh Cuốn Nóng & Bún Chả - Nguyễn Ngọc Vũ,902670,bánh cuốn,8388285,bánh cuốn chay chả nướng,,49000.0,49000.0,16,0,0,1,11,https://media.be.com.vn/be-food/image/00a7c9e3-d640-11ef-8d88-0695c6df6d37/original,banh-cuon-chay-cha-nuong,
76776,76776,Bánh Cuốn Nóng & Bún Chả - Nguyễn Ngọc Vũ,902670,bánh cuốn,8388287,bánh cuốn chạy chả quế,,41000.0,41000.0,11,0,0,1,12,https://media.be.com.vn/be-food/image/531ed05b-d640-11ef-8d88-0695c6df6d37/resized_thumbnail_w1080_h1080,banh-cuon-chay-cha-que,
76776,76776,Bánh Cuốn Nóng & Bún Chả - Nguyễn Ngọc Vũ,902670,bánh cuốn,8388292,bánh cuốn chạy chả lẫn,,59000.0,59000.0,12,0,0,1,13,https://media.be.com.vn/be-food/image/9053ddc0-d640-11ef-8d88-0695c6df6d37/original,banh-cuon-chay-cha-lan,
76776,76776,Bánh Cuốn Nóng & Bún Chả - Nguyễn Ngọc Vũ,902670,bánh cuốn,8388300,bánh cuốn chay không chả,,28000.0,28000.0,22,2,0,1,14,https://media.be.com.vn/be-food/image/d8e40d1e-d640-11ef-bd66-b239c83a8124/resized_thumbnail_w1080_h1080,banh-cuon-chay-khong-cha,
76776,76776,Bánh Cuốn Nóng & Bún Chả - Nguyễn Ngọc Vũ,902671,bún chả,6029676,Bún chả,,49000.0,49000.0,313,3,2,2,1,https://media.be.com.vn/bizops/image/4d523d6a-f0c2-11ee-9c4b-1e44d33cc6fa/original,bun-cha,
102812,102812,Bánh Cuốn Bà Hy - Khu Đô Thị Bắc Linh Đàm,1219242,Menu,8184948,Bánh cuốn thịt,,47000.0,47000.0,141,0,0,1,1,https://media.be.com.vn/be-food/image/08b22d1a-d8b6-11ef-8510-8ea7808cbcf4/resized_thumbnail_w1080_h1080,banh-cuon-thit,
102812,102812,Bánh Cuốn Bà Hy - Khu Đô Thị Bắc Linh Đàm,1219242,Menu,8184947,Bánh cuốn tôm thịt,,55000.0,55000.0,156,0,0,1,2,https://media.be.com.vn/be-food/image/fe17f423-d8b5-11ef-8510-8ea7808cbcf4/resized_thumbnail_w1080_h1080,banh-cuon-tom-thit,
102812,102812,Bánh Cuốn Bà Hy - Khu Đô Thị Bắc Linh Đàm,1219242,Menu,8184953,Bánh cuốn tôm,,67000.0,67000.0,12,0,0,1,3,https://media.be.com.vn/be-food/image/3ce9a1df-d8b6-11ef-8510-8ea7808cbcf4/resized_thumbnail_w1080_h1080,banh-cuon-tom,
102812,102812,Bánh Cuốn Bà Hy - Khu Đô Thị Bắc Linh Đàm,1219242,Menu,8184950,Bánh cuốn Thanh Trì,,47000.0,47000.0,46,0,0,1,4,https://media.be.com.vn/be-food/image/15b37865-d8b6-11ef-8d88-0695c6df6d37/resized_thumbnail_w1080_h1080,banh-cuon-thanh-tri,
102812,102812,Bánh Cuốn Bà Hy - Khu Đô Thị Bắc Linh Đàm,1219242,Menu,8184949,Bánh trứng nhân thịt,,22000.0,22000.0,58,0,0,1,6,https://media.be.com.vn/be-food/image/75211d8c-d8b6-11ef-bd66-b239c83a8124/resized_thumbnail_w1080_h1080,banh-trung-nhan-thit,
102812,102812,Bánh Cuốn Bà Hy - Khu Đô Thị Bắc Linh Đàm,1219242,Menu,8184952,Bánh trứng nhân tôm thịt,,27000.0,27000.0,18,0,0,1,7,https://media.be.com.vn/be-food/image/290a471f-d8b6-11ef-8d88-0695c6df6d37/resized_thumbnail_w1080_h1080,banh-trung-nhan-tom-thit,
102812,102812,Bánh Cuốn Bà Hy - Khu Đô Thị Bắc Linh Đàm,1219242,Menu,8184955,Bánh trứng nhân tôm,,27000.0,27000.0,5,0,0,1,8,https://media.be.com.vn/be-food/image/4a8d7611-d8b6-11ef-8510-8ea7808cbcf4/resized_thumbnail_w1080_h1080,banh-trung-nhan-tom,
102812,102812,Bánh Cuốn Bà Hy - Khu Đô Thị Bắc Linh Đàm,1219242,Menu,8184956,Bún chả,,55000.0,55000.0,18,0,0,1,9,https://media.be.com.vn/be-food/image/576f35fe-d8b6-11ef-bd66-b239c83a8124/resized_thumbnail_w1080_h1080,bun-cha,
130643,130643,Guu Chicken - Cơm Gà & Gà Rán - Ngõ Tự Do,1945602,Ưu Đãi Độc Quyền,11782355,Combo 2 gà giòn + 1 Coca,,80000.0,80000.0,29,0,0,1,2,https://media.be.com.vn/bizops/image/dbee24c5-2f16-11f1-b67e-9aaf2a798701/resized_thumbnail_w1080_h1080,combo-2-ga-gion-1-coca,
130643,130643,Guu Chicken - Cơm Gà & Gà Rán - Ngõ Tự Do,1885718,Mỳ Cay Guu Chicken,11616984,Mỳ cay hải sản,,70000.0,70000.0,0,0,0,2,1,https://media.be.com.vn/bizops/image/7cea2081-1dec-11f1-b63c-1ec8367384f0/resized_thumbnail_w1080_h1080,my-cay-hai-san,
130643,130643,Guu Chicken - Cơm Gà & Gà Rán - Ngõ Tự Do,1885718,Mỳ Cay Guu Chicken,11616985,Mỳ cay bò,,70000.0,70000.0,0,0,0,2,2,https://media.be.com.vn/bizops/image/86a99fa1-1dec-11f1-b67e-9aaf2a798701/resized_thumbnail_w1080_h1080,my-cay-bo,
130643,130643,Guu Chicken - Cơm Gà & Gà Rán - Ngõ Tự Do,1885718,Mỳ Cay Guu Chicken,11616986,Mỳ cay xúc xích,,55000.0,55000.0,2,0,0,2,3,https://media.be.com.vn/bizops/image/90973e54-1dec-11f1-b67e-9aaf2a798701/resized_thumbnail_w1080_h1080,my-cay-xuc-xich,
130643,130643,Guu Chicken - Cơm Gà & Gà Rán - Ngõ Tự Do,1885718,Mỳ Cay Guu Chicken,11616987,Mỳ cay thập cẩm,,75000.0,75000.0,1,0,0,2,4,https://media.be.com.vn/bizops/image/9cc20660-1dec-11f1-b67e-9aaf2a798701/resized_thumbnail_w1080_h1080,my-cay-thap-cam,
130643,130643,Guu Chicken - Cơm Gà & Gà Rán - Ngõ Tự Do,1885720,Mỳ Ý Sốt Bò Bằm,11616990,1 gà giòn + 1 mỳ ý + 1 khoai + 1 Coca,Giá gốc 125.000đ,115000.0,115000.0,1,0,0,3,1,https://media.be.com.vn/be-food/image/8b3099fd-275b-11f1-b63c-1ec8367384f0/resized_thumbnail_w1080_h1080,1-ga-gion-1-my-y-1-khoai-1-coca,
130643,130643,Guu Chicken - Cơm Gà & Gà Rán - Ngõ Tự Do,1885720,Mỳ Ý Sốt Bò Bằm,11616991,1 gà giòn + 1 mỳ ý + 1 Coca,Giá gốc 95.000đ,87000.0,87000.0,0,0,0,3,2,https://media.be.com.vn/be-food/image/65822ed0-275b-11f1-b197-ce3d3ce291c1/resized_thumbnail_w1080_h1080,1-ga-gion-1-my-y-1-coca,
130643,130643,Guu Chicken - Cơm Gà & Gà Rán - Ngõ Tự Do,1885720,Mỳ Ý Sốt Bò Bằm,11616992,Mỳ Ý sốt bò bằm,,45000.0,45000.0,5,0,0,3,3,https://media.be.com.vn/be-food/image/36cbd679-275b-11f1-b67e-9aaf2a798701/resized_thumbnail_w1080_h1080,my-y-sot-bo-bam,
130643,130643,Guu Chicken - Cơm Gà & Gà Rán - Ngõ Tự Do,1885722,Combo Gà Rán - Khoai Tây,11616995,Combo 1,"Combo gồm 2 gà rán bất kì, 1 khoai tây, 1 Coca",125000.0,125000.0,1,0,0,5,1,https://media.be.com.vn/bizops/image/31e40fe4-1ded-11f1-a167-cadcd99bf8b0/resized_thumbnail_w1080_h1080,combo-1,
130643,130643,Guu Chicken - Cơm Gà & Gà Rán - Ngõ Tự Do,1913781,Món ngon đang Khuyến Mại,11698504,Cơm ngon mỗi ngày 1 vị + Đồ uống,Giá gốc 72.000đ,65000.0,65000.0,2,0,0,6,3,https://media.be.com.vn/be-food/image/cc58dc79-274d-11f1-b67e-9aaf2a798701/resized_thumbnail_w1080_h1080,com-ngon-moi-ngay-1-vi-do-uong,
130643,130643,Guu Chicken - Cơm Gà & Gà Rán - Ngõ Tự Do,1913746,Món phải thử,11698168,Cơm gà sốt cay ngọt ( Best seller),"Suất cơm gồm: Cơm trắng, gà sốt, rau theo mùa, dụng cụ ăn uống, canh, tương ớt.Giá bán đã bao gồm hộp và dụng cụ ăn uống. Guu Chicken sử dụng 100% gà tươi.",57000.0,57000.0,100,1,0,7,1,https://media.be.com.vn/be-food/image/c035c386-274b-11f1-a167-cadcd99bf8b0/resized_thumbnail_w1080_h1080,com-ga-sot-cay-ngot-best-seller,
130643,130643,Guu Chicken - Cơm Gà & Gà Rán - Ngõ Tự Do,1913746,Món phải thử,11698359,Cơm gà chọn sốt,"Suất cơm gồm: Cơm trắng, gà sốt, rau theo mùa, dụng cụ ăn uống, canh, tương ớt.Giá bán đã bao gồm hộp và dụng cụ ăn uống. Guu Chicken sử dụng 100% gà tươi.",57000.0,57000.0,26,0,0,7,2,https://media.be.com.vn/be-food/image/9e643a29-274c-11f1-b67e-9aaf2a798701/resized_thumbnail_w1080_h1080,com-ga-chon-sot,
130643,130643,Guu Chicken - Cơm Gà & Gà Rán - Ngõ Tự Do,1913746,Món phải thử,11698368,Cơm gà góc tư,"Suất cơm gồm: Cơm trắng, gà sốt, rau theo mùa, dụng cụ ăn uống, canh, tương ớt.Giá bán đã bao gồm hộp và dụng cụ ăn uống. Guu Chicken sử dụng 100% gà tươi.",78000.0,78000.0,12,0,0,7,3,https://media.be.com.vn/be-food/image/c6834f74-274c-11f1-b67e-9aaf2a798701/resized_thumbnail_w1080_h1080,com-ga-goc-tu,
130643,130643,Guu Chicken - Cơm Gà & Gà Rán - Ngõ Tự Do,1913805,Mua nhiều càng rẻ,11698530,3 gà giòn giòn,Giá gốc 105.000đ,99000.0,99000.0,6,0,0,8,1,https://media.be.com.vn/be-food/image/5d18d83d-274e-11f1-b63c-1ec8367384f0/resized_thumbnail_w1080_h1080,3-ga-gion-gion,
130643,130643,Guu Chicken - Cơm Gà & Gà Rán - Ngõ Tự Do,1913805,Mua nhiều càng rẻ,11698544,6 gà giòn + tặng 2 coca,Giá gốc 225.000đ,198000.0,198000.0,0,0,0,8,2,https://media.be.com.vn/be-food/image/a1fc7767-274e-11f1-b67e-9aaf2a798701/resized_thumbnail_w1080_h1080,6-ga-gion-tang-2-coca,
130643,130643,Guu Chicken - Cơm Gà & Gà Rán - Ngõ Tự Do,1913805,Mua nhiều càng rẻ,11698566,2 gà giòn + 2 mỳ ý + 1 khoai + 2coca,Giá gốc 220.000đ,190000.0,190000.0,0,0,0,8,4,https://media.be.com.vn/be-food/image/06fe3546-274f-11f1-b67e-9aaf2a798701/resized_thumbnail_w1080_h1080,2-ga-gion-2-my-y-1-khoai-2coca,
130643,130643,Guu Chicken - Cơm Gà & Gà Rán - Ngõ Tự Do,1913805,Mua nhiều càng rẻ,11698580,4 gà giòn + 1 khoai + 2coca,Giá gốc 220.000đ,175000.0,175000.0,1,0,0,8,5,https://media.be.com.vn/be-food/image/3d829a5d-274f-11f1-a167-cadcd99bf8b0/resized_thumbnail_w1080_h1080,4-ga-gion-1-khoai-2coca,
130643,130643,Guu Chicken - Cơm Gà & Gà Rán - Ngõ Tự Do,1913927,Cơm gà Guu Chicken - Cơm góc tư,11699631,Cơm gà góc tư chọn sốt,"Suất cơm gồm: Cơm trắng, gà sốt, rau theo mùa, dụng cụ ăn uống, canh, tương ớt.Giá bán đã bao gồm hộp và dụng cụ ăn uống. Guu Chicken sử dụng 100% gà tươi.",78000.0,78000.0,7,0,0,9,1,https://media.be.com.vn/be-food/image/4a8ca7da-2759-11f1-b67e-9aaf2a798701/resized_thumbnail_w1080_h1080,com-ga-goc-tu-chon-sot,
130643,130643,Guu Chicken - Cơm Gà & Gà Rán - Ngõ Tự Do,1913927,Cơm gà Guu Chicken - Cơm góc tư,11699285,Cơm gà sốt cay ngọt,"Suất cơm gồm: Cơm trắng, gà sốt, rau theo mùa, dụng cụ ăn uống, canh, tương ớt.Giá bán đã bao gồm hộp và dụng cụ ăn uống. Guu Chicken sử dụng 100% gà tươi.",57000.0,57000.0,18,0,0,9,2,https://media.be.com.vn/be-food/image/8f2f39e8-2758-11f1-a167-cadcd99bf8b0/resized_thumbnail_w1080_h1080,com-ga-sot-cay-ngot,
130643,130643,Guu Chicken - Cơm Gà & Gà Rán - Ngõ Tự Do,1913927,Cơm gà Guu Chicken - Cơm góc tư,11699297,Cơm gà sốt cay nóng,"Suất cơm gồm: Cơm trắng, gà sốt, rau theo mùa, dụng cụ ăn uống, canh, tương ớt.Giá bán đã bao gồm hộp và dụng cụ ăn uống. Guu Chicken sử dụng 100% gà tươi.",57000.0,57000.0,6,0,0,9,3,https://media.be.com.vn/be-food/image/af751990-2758-11f1-a167-cadcd99bf8b0/resized_thumbnail_w1080_h1080,com-ga-sot-cay-nong,
130643,130643,Guu Chicken - Cơm Gà & Gà Rán - Ngõ Tự Do,1913927,Cơm gà Guu Chicken - Cơm góc tư,11699329,Cơm gà sốt BBQ,"Suất cơm gồm: Cơm trắng, gà sốt, rau theo mùa, dụng cụ ăn uống, canh, tương ớt.Giá bán đã bao gồm hộp và dụng cụ ăn uống. Guu Chicken sử dụng 100% gà tươi.",57000.0,57000.0,15,0,0,9,4,https://media.be.com.vn/be-food/image/e9dc2a9e-2758-11f1-a167-cadcd99bf8b0/resized_thumbnail_w1080_h1080,com-ga-sot-bbq,
130643,130643,Guu Chicken - Cơm Gà & Gà Rán - Ngõ Tự Do,1913927,Cơm gà Guu Chicken - Cơm góc tư,11699313,Cơm gà sốt mắm tỏi,"Suất cơm gồm: Cơm trắng, gà sốt, rau theo mùa, dụng cụ ăn uống, canh, tương ớt.Giá bán đã bao gồm hộp và dụng cụ ăn uống. Guu Chicken sử dụng 100% gà tươi.",57000.0,57000.0,32,0,0,9,5,https://media.be.com.vn/be-food/image/cd575630-2758-11f1-b197-ce3d3ce291c1/resized_thumbnail_w1080_h1080,com-ga-sot-mam-toi,
130643,130643,Guu Chicken - Cơm Gà & Gà Rán - Ngõ Tự Do,1913927,Cơm gà Guu Chicken - Cơm góc tư,11699344,Cơm gà sốt mật ong,"Suất cơm gồm: Cơm trắng, gà sốt, rau theo mùa, dụng cụ ăn uống, canh, tương ớt.Giá bán đã bao gồm hộp và dụng cụ ăn uống. Guu Chicken sử dụng 100% gà tươi.",57000.0,57000.0,9,0,0,9,6,https://media.be.com.vn/be-food/image/096ac21a-2759-11f1-b67e-9aaf2a798701/resized_thumbnail_w1080_h1080,com-ga-sot-mat-ong,
130643,130643,Guu Chicken - Cơm Gà & Gà Rán - Ngõ Tự Do,1913927,Cơm gà Guu Chicken - Cơm góc tư,11699581,Cơm gà xiên que,"Suất cơm gồm: Cơm trắng, gà sốt, rau theo mùa, dụng cụ ăn uống, canh, tương ớt.Giá bán đã bao gồm hộp và dụng cụ ăn uống. Guu Chicken sử dụng 100% gà tươi.",57000.0,57000.0,1,0,0,9,7,https://media.be.com.vn/be-food/image/32e6aec2-2759-11f1-b63c-1ec8367384f0/resized_thumbnail_w1080_h1080,com-ga-xien-que,
130643,130643,Guu Chicken - Cơm Gà & Gà Rán - Ngõ Tự Do,1913970,Gà rán - Combo,11699699,Gà giòn giòn,,35000.0,35000.0,4,0,0,10,2,https://media.be.com.vn/be-food/image/ea159daa-2759-11f1-a167-cadcd99bf8b0/resized_thumbnail_w1080_h1080,ga-gion-gion,
130643,130643,Guu Chicken - Cơm Gà & Gà Rán - Ngõ Tự Do,1913970,Gà rán - Combo,11699711,Gà góc tư truyền thống,,60000.0,60000.0,2,0,0,10,3,https://media.be.com.vn/be-food/image/0f08a33d-275a-11f1-b67e-9aaf2a798701/resized_thumbnail_w1080_h1080,ga-goc-tu-truyen-thong,
130643,130643,Guu Chicken - Cơm Gà & Gà Rán - Ngõ Tự Do,1913970,Gà rán - Combo,11699728,1 gà giòn + 1 khoai + 1 coca,Giá gốc 80.000đ,72000.0,72000.0,0,0,0,10,4,https://media.be.com.vn/be-food/image/3d3fdd50-275a-11f1-b67e-9aaf2a798701/resized_thumbnail_w1080_h1080,1-ga-gion-1-khoai-1-coca,
130643,130643,Guu Chicken - Cơm Gà & Gà Rán - Ngõ Tự Do,1913970,Gà rán - Combo,11699744,2 gà giòn + 1 khoai + 1 coca,Giá gốc 115.000đ,105000.0,105000.0,0,0,0,10,5,https://media.be.com.vn/be-food/image/683e5134-275a-11f1-b67e-9aaf2a798701/resized_thumbnail_w1080_h1080,2-ga-gion-1-khoai-1-coca,
130643,130643,Guu Chicken - Cơm Gà & Gà Rán - Ngõ Tự Do,1913984,Gà sốt - Combo,11699766,1 gà sốt + 1 khoai tây + 1 coca,Giá gốc 83.000đ,78000.0,78000.0,0,0,0,11,1,https://media.be.com.vn/be-food/image/a69d9a75-275a-11f1-b67e-9aaf2a798701/resized_thumbnail_w1080_h1080,1-ga-sot-1-khoai-tay-1-coca,
130643,130643,Guu Chicken - Cơm Gà & Gà Rán - Ngõ Tự Do,1913984,Gà sốt - Combo,11699780,2 gà sốt + 1 khoai tây + 1 coca,Giá gốc 125.000đ,115000.0,115000.0,0,0,0,11,2,https://media.be.com.vn/be-food/image/c9ed146a-275a-11f1-a167-cadcd99bf8b0/resized_thumbnail_w1080_h1080,2-ga-sot-1-khoai-tay-1-coca,
130643,130643,Guu Chicken - Cơm Gà & Gà Rán - Ngõ Tự Do,1913984,Gà sốt - Combo,11699798,2 gà sốt + 2 coca,Giá gốc 95.000đ,85000.0,85000.0,0,0,0,11,3,https://media.be.com.vn/be-food/image/e5e67544-275a-11f1-b197-ce3d3ce291c1/resized_thumbnail_w1080_h1080,2-ga-sot-2-coca,
130643,130643,Guu Chicken - Cơm Gà & Gà Rán - Ngõ Tự Do,1913984,Gà sốt - Combo,11699812,Gà Góc tư sốt,,65000.0,65000.0,7,0,0,11,4,https://media.be.com.vn/be-food/image/0353b186-275b-11f1-b63c-1ec8367384f0/resized_thumbnail_w1080_h1080,ga-goc-tu-sot,
130643,130643,Guu Chicken - Cơm Gà & Gà Rán - Ngõ Tự Do,1913984,Gà sốt - Combo,11699825,Gà sốt,,40000.0,40000.0,12,0,0,11,5,https://media.be.com.vn/be-food/image/20513661-275b-11f1-b67e-9aaf2a798701/resized_thumbnail_w1080_h1080,ga-sot,
8432,8432,Quán Cơm 78 - Ngõ Tự Do,584480,Ăn thả ga cùng Cocacola,3956361,Cơm gà chiên mắm + coca,,52000.0,52000.0,209,0,2,1,1,https://media.be.com.vn/be-food/image/51b54c13-0fdd-11ee-b2af-3ea2e1c5510b/original,com-ga-chien-mam-coca,
8432,8432,Quán Cơm 78 - Ngõ Tự Do,584480,Ăn thả ga cùng Cocacola,3956364,Cơm gà sốt chua ngọt + coca,,52000.0,52000.0,161,0,2,1,2,https://media.be.com.vn/be-food/image/64e2552f-0fdd-11ee-8e31-f638ae20f033/original,com-ga-sot-chua-ngot-coca,
8432,8432,Quán Cơm 78 - Ngõ Tự Do,584480,Ăn thả ga cùng Cocacola,3956365,Cơm thịt bằm đậu sốt cà chua + coca,,50000.0,50000.0,130,0,0,1,3,https://media.be.com.vn/be-food/image/7fed793a-0fdd-11ee-b2af-3ea2e1c5510b/original,com-thit-bam-dau-sot-ca-chua-coca,
8432,8432,Quán Cơm 78 - Ngõ Tự Do,584480,Ăn thả ga cùng Cocacola,3956367,Cơm sườn chua ngọt + coca,,52000.0,52000.0,138,0,0,1,4,https://media.be.com.vn/be-food/image/a3ff5247-0fdd-11ee-bfaa-82e52b34e173/original,com-suon-chua-ngot-coca,
8432,8432,Quán Cơm 78 - Ngõ Tự Do,584480,Ăn thả ga cùng Cocacola,9664908,Cơm gà chiên mắm,,41000.0,41000.0,286,1,0,1,5,https://media.be.com.vn/be-food/image/834789be-5fd8-11f0-b84b-3a4f2a37a94e/resized_thumbnail_w1080_h1080,com-ga-chien-mam,
8432,8432,Quán Cơm 78 - Ngõ Tự Do,584480,Ăn thả ga cùng Cocacola,9664969,Cơm tôm rang lá chanh,,41000.0,41000.0,36,0,0,1,6,https://media.be.com.vn/be-food/image/bfecc2c6-5fd8-11f0-8021-922c9d42c616/resized_thumbnail_w1080_h1080,com-tom-rang-la-chanh,
8432,8432,Quán Cơm 78 - Ngõ Tự Do,584480,Ăn thả ga cùng Cocacola,9664970,"Cơm thịt băm, đậu sốt cà chua",,41000.0,41000.0,140,1,0,1,7,https://media.be.com.vn/be-food/image/eb96487c-5fd8-11f0-8021-922c9d42c616/resized_thumbnail_w1080_h1080,com-thit-bam-dau-sot-ca-chua,
8432,8432,Quán Cơm 78 - Ngõ Tự Do,584480,Ăn thả ga cùng Cocacola,9664971,Cơm thịt kho nước cốt dừa,,41000.0,41000.0,70,0,0,1,8,https://media.be.com.vn/be-food/image/02c5f55c-5fd9-11f0-8b11-e6e7ca75c48c/resized_thumbnail_w1080_h1080,com-thit-kho-nuoc-cot-dua,
8432,8432,Quán Cơm 78 - Ngõ Tự Do,584480,Ăn thả ga cùng Cocacola,9664972,Cơm thịt bê xào sả ớt,,41000.0,41000.0,75,0,0,1,9,https://media.be.com.vn/be-food/image/248af6bc-5fd9-11f0-b84b-3a4f2a37a94e/resized_thumbnail_w1080_h1080,com-thit-be-xao-sa-ot,
8432,8432,Quán Cơm 78 - Ngõ Tự Do,584480,Ăn thả ga cùng Cocacola,9664973,Cơm gà xào nấm,,41000.0,41000.0,129,0,0,1,10,https://media.be.com.vn/be-food/image/3f51de1a-5fd9-11f0-b84b-3a4f2a37a94e/resized_thumbnail_w1080_h1080,com-ga-xao-nam,
8432,8432,Quán Cơm 78 - Ngõ Tự Do,584480,Ăn thả ga cùng Cocacola,9664975,Cơm thịt chưng mắm tép phú quốc,,41000.0,41000.0,69,0,0,1,11,https://media.be.com.vn/be-food/image/a0f1c1f8-5fd9-11f0-8021-922c9d42c616/resized_thumbnail_w1080_h1080,com-thit-chung-mam-tep-phu-quoc,
8432,8432,Quán Cơm 78 - Ngõ Tự Do,584480,Ăn thả ga cùng Cocacola,9664976,Cơm gà xào sả ớt,,41000.0,41000.0,103,0,0,1,12,https://media.be.com.vn/be-food/image/ba945ba6-5fd9-11f0-9063-66448d787802/resized_thumbnail_w1080_h1080,com-ga-xao-sa-ot,
8432,8432,Quán Cơm 78 - Ngõ Tự Do,584480,Ăn thả ga cùng Cocacola,9664978,Cơm sườn sốt chua ngọt,,42000.0,42000.0,216,0,0,1,13,https://media.be.com.vn/be-food/image/2477372e-5fda-11f0-b84b-3a4f2a37a94e/resized_thumbnail_w1080_h1080,com-suon-sot-chua-ngot,
8432,8432,Quán Cơm 78 - Ngõ Tự Do,584480,Ăn thả ga cùng Cocacola,9664979,Cơm gà sốt chua ngọt,,41000.0,41000.0,335,1,0,1,14,https://media.be.com.vn/be-food/image/38016309-5fda-11f0-8b11-e6e7ca75c48c/resized_thumbnail_w1080_h1080,com-ga-sot-chua-ngot,
8432,8432,Quán Cơm 78 - Ngõ Tự Do,584480,Ăn thả ga cùng Cocacola,9664980,Cơm cá biển sốt ngọt,,41000.0,41000.0,76,0,0,1,15,https://media.be.com.vn/be-food/image/5d74dddd-5fda-11f0-8021-922c9d42c616/resized_thumbnail_w1080_h1080,com-ca-bien-sot-ngot,
8432,8432,Quán Cơm 78 - Ngõ Tự Do,584480,Ăn thả ga cùng Cocacola,9664981,Cơm thịt xào cần tỏi,,41000.0,41000.0,60,0,0,1,16,https://media.be.com.vn/be-food/image/78e9bd3d-5fda-11f0-8021-922c9d42c616/resized_thumbnail_w1080_h1080,com-thit-xao-can-toi,
8432,8432,Quán Cơm 78 - Ngõ Tự Do,584480,Ăn thả ga cùng Cocacola,9664982,Cơm thịt rang cháy cạnh thêm miếng gà chiên mắm,,52000.0,52000.0,69,0,0,1,17,https://media.be.com.vn/be-food/image/18b02721-5fdc-11f0-b84b-3a4f2a37a94e/resized_thumbnail_w1080_h1080,com-thit-rang-chay-canh-them-mieng-ga-chien-mam,
8432,8432,Quán Cơm 78 - Ngõ Tự Do,584480,Ăn thả ga cùng Cocacola,9664983,Cơm thịt rang cháy cạnh,,41000.0,41000.0,126,0,0,1,18,https://media.be.com.vn/be-food/image/44710af6-5fdc-11f0-9063-66448d787802/resized_thumbnail_w1080_h1080,com-thit-rang-chay-canh,
8432,8432,Quán Cơm 78 - Ngõ Tự Do,584480,Ăn thả ga cùng Cocacola,9664984,Cơm sườn sốt chua ngọt thêm miếng gà chiên mắm,,53000.0,53000.0,91,1,0,1,19,https://media.be.com.vn/be-food/image/791875f6-5fdc-11f0-8021-922c9d42c616/resized_thumbnail_w1080_h1080,com-suon-sot-chua-ngot-them-mieng-ga-chien-mam,
8432,8432,Quán Cơm 78 - Ngõ Tự Do,584480,Ăn thả ga cùng Cocacola,9664985,Cơm thịt kho nước cốt dừa vs 1 chai cocacola,,52000.0,52000.0,13,0,0,1,20,https://media.be.com.vn/be-food/image/cc7e78d1-5fdc-11f0-8b11-e6e7ca75c48c/resized_thumbnail_w1080_h1080,com-thit-kho-nuoc-cot-dua-vs-1-chai-cocacola,
106675,106675,Cơm Đảo Làng Mai - Chợ Khương Thượng,1291394,Menu,8718881,Cơm đảo thịt heo kho,,54000.0,54000.0,4,0,0,1,1,https://media.be.com.vn/bizops/image/f698f5d8-00a9-11f0-bd66-b239c83a8124/resized_thumbnail_w1080_h1080,com-dao-thit-heo-kho,
106675,106675,Cơm Đảo Làng Mai - Chợ Khương Thượng,1291394,Menu,8718882,Cơm đảo gà rán,,54000.0,54000.0,1,0,0,1,2,https://media.be.com.vn/bizops/image/ebc6ddfe-00a9-11f0-8d88-0695c6df6d37/resized_thumbnail_w1080_h1080,com-dao-ga-ran,
106675,106675,Cơm Đảo Làng Mai - Chợ Khương Thượng,1291394,Menu,8718891,Cơm đảo bò kho,,54000.0,54000.0,3,0,0,1,3,https://media.be.com.vn/bizops/image/e3c5c6c6-00a9-11f0-8d88-0695c6df6d37/resized_thumbnail_w1080_h1080,com-dao-bo-kho,
102294,102294,Bếp Cô Thảo - Cơm Văn Phòng Tự Chọn - Lò Đúc,1212840,Cơm Suất,8139375,Cơm sườn xào chua ngọt,,45000.0,45000.0,283,2,1,1,1,https://media.be.com.vn/bizops/image/bfbeedc3-bf39-11ef-bd66-b239c83a8124/resized_thumbnail_w1080_h1080,com-suon-xao-chua-ngot,
102294,102294,Bếp Cô Thảo - Cơm Văn Phòng Tự Chọn - Lò Đúc,1212840,Cơm Suất,8139377,Cơm thịt rang cháy cạnh,,45000.0,45000.0,368,1,2,1,3,https://media.be.com.vn/bizops/image/dba3568e-bf39-11ef-8d88-0695c6df6d37/original,com-thit-rang-chay-canh,
102294,102294,Bếp Cô Thảo - Cơm Văn Phòng Tự Chọn - Lò Đúc,1212840,Cơm Suất,8139378,Cơm thịt kho trứng,,45000.0,45000.0,152,0,0,1,4,https://media.be.com.vn/bizops/image/d5b7c130-bf39-11ef-bd66-b239c83a8124/original,com-thit-kho-trung,
102294,102294,Bếp Cô Thảo - Cơm Văn Phòng Tự Chọn - Lò Đúc,1212840,Cơm Suất,8139379,Cơm cá trắm kho riềng,,45000.0,45000.0,24,0,0,1,5,https://media.be.com.vn/bizops/image/f847dc05-bf39-11ef-8d88-0695c6df6d37/resized_thumbnail_w1080_h1080,com-ca-tram-kho-rieng,
102294,102294,Bếp Cô Thảo - Cơm Văn Phòng Tự Chọn - Lò Đúc,1212840,Cơm Suất,8139380,Cơm thịt quay,,50000.0,50000.0,66,0,0,1,6,https://media.be.com.vn/bizops/image/ce1c439a-bf39-11ef-bd66-b239c83a8124/original,com-thit-quay,
102294,102294,Bếp Cô Thảo - Cơm Văn Phòng Tự Chọn - Lò Đúc,1212840,Cơm Suất,8139381,Cơm thịt chân giò luộc,,50000.0,50000.0,71,0,0,1,7,https://media.be.com.vn/bizops/image/060f855f-bf3a-11ef-81cc-d24fde1987a0/resized_thumbnail_w1080_h1080,com-thit-chan-gio-luoc,
102294,102294,Bếp Cô Thảo - Cơm Văn Phòng Tự Chọn - Lò Đúc,1212840,Cơm Suất,8139382,Cơm gà xào xả ớt,,45000.0,45000.0,126,0,1,1,8,https://media.be.com.vn/bizops/image/1414b505-bf3a-11ef-81cc-d24fde1987a0/original,com-ga-xao-xa-ot,
102294,102294,Bếp Cô Thảo - Cơm Văn Phòng Tự Chọn - Lò Đúc,1212840,Cơm Suất,8139383,Cơm gà rang lá chanh,,45000.0,45000.0,28,0,0,1,9,https://media.be.com.vn/bizops/image/2208e210-bf3a-11ef-8510-8ea7808cbcf4/original,com-ga-rang-la-chanh,
102294,102294,Bếp Cô Thảo - Cơm Văn Phòng Tự Chọn - Lò Đúc,1212840,Cơm Suất,8139384,Cơm tôm rim,,45000.0,45000.0,75,0,0,1,10,https://media.be.com.vn/bizops/image/2bf76b8d-bf3a-11ef-8510-8ea7808cbcf4/resized_thumbnail_w1080_h1080,com-tom-rim,
102294,102294,Bếp Cô Thảo - Cơm Văn Phòng Tự Chọn - Lò Đúc,1212840,Cơm Suất,8139385,Cơm thịt viên xíu mại,,45000.0,45000.0,76,0,0,1,11,https://media.be.com.vn/bizops/image/3c5114cc-bf3a-11ef-8d88-0695c6df6d37/original,com-thit-vien-xiu-mai,
102294,102294,Bếp Cô Thảo - Cơm Văn Phòng Tự Chọn - Lò Đúc,1212840,Cơm Suất,8139386,Cơm bò kho gừng,,50000.0,50000.0,27,0,1,1,12,https://media.be.com.vn/bizops/image/45a0e9a1-bf3a-11ef-8510-8ea7808cbcf4/original,com-bo-kho-gung,
102294,102294,Bếp Cô Thảo - Cơm Văn Phòng Tự Chọn - Lò Đúc,1212840,Cơm Suất,8139387,Cơm chả lá lốt,,45000.0,45000.0,51,0,1,1,13,https://media.be.com.vn/bizops/image/4b3cd254-bf3a-11ef-8d88-0695c6df6d37/original,com-cha-la-lot,
102294,102294,Bếp Cô Thảo - Cơm Văn Phòng Tự Chọn - Lò Đúc,1212840,Cơm Suất,8139388,Cơm thịt kho dừa,,45000.0,45000.0,47,0,0,1,14,https://media.be.com.vn/bizops/image/57360d0c-bf3a-11ef-8d88-0695c6df6d37/original,com-thit-kho-dua,
102294,102294,Bếp Cô Thảo - Cơm Văn Phòng Tự Chọn - Lò Đúc,1212840,Cơm Suất,8139389,Cơm gà xào nấm,,45000.0,45000.0,33,3,0,1,15,https://media.be.com.vn/bizops/image/60873e41-bf3a-11ef-81cc-d24fde1987a0/resized_thumbnail_w1080_h1080,com-ga-xao-nam,
102294,102294,Bếp Cô Thảo - Cơm Văn Phòng Tự Chọn - Lò Đúc,1212840,Cơm Suất,8139393,Cơm đùi gà chua ngọt,,45000.0,45000.0,51,0,0,1,19,https://media.be.com.vn/bizops/image/8a7eb731-bf3a-11ef-bd66-b239c83a8124/resized_thumbnail_w1080_h1080,com-dui-ga-chua-ngot,
102294,102294,Bếp Cô Thảo - Cơm Văn Phòng Tự Chọn - Lò Đúc,1212840,Cơm Suất,8139396,Cơm gà rán,,45000.0,45000.0,7,0,0,1,22,https://media.be.com.vn/bizops/image/a618d963-bf3a-11ef-8510-8ea7808cbcf4/resized_thumbnail_w1080_h1080,com-ga-ran,
102294,102294,Bếp Cô Thảo - Cơm Văn Phòng Tự Chọn - Lò Đúc,1212841,Menu Món,8139397,Cá nục kho sả ớt - nửa kg,,100000.0,100000.0,0,0,0,2,1,https://media.be.com.vn/bizops/image/aeb68bc5-bf3a-11ef-8510-8ea7808cbcf4/original,ca-nuc-kho-sa-ot-nua-kg,
102294,102294,Bếp Cô Thảo - Cơm Văn Phòng Tự Chọn - Lò Đúc,1212841,Menu Món,8139398,Cá trắm kho riềng - nửa kg,,110000.0,110000.0,1,0,0,2,2,https://media.be.com.vn/bizops/image/b5ca2cb6-bf3a-11ef-8510-8ea7808cbcf4/resized_thumbnail_w1080_h1080,ca-tram-kho-rieng-nua-kg,
15897,15897,Vịt 29 - 29 Food - Cơm Phở -Nguyễn Thượng Hiền,788270,MÓN ĂN NHANH,5362942,Bún vịt quay BK trộn sốt XO,"Bát tô. Sốt XO được chế biến từ tôm nõn xay nhỏ để làm nước sốt, thế nên vị ngọt và sang. Món này, thường ở nhà hàng Trung Hoa cao cấp mới có.",75000.0,75000.0,5,0,0,1,1,https://media.be.com.vn/be-food/image/3b98fe57-c9ad-11ef-bd66-b239c83a8124/original,bun-vit-quay-bk-tron-sot-xo,
15897,15897,Vịt 29 - 29 Food - Cơm Phở -Nguyễn Thượng Hiền,788270,MÓN ĂN NHANH,5362945,Xôi vịt quay nhiều thịt,Đĩa. Xôi mềm dẻo thơm giống xôi chim. Gạo nếp cái hoa vàng đồ với thịt vịt quay băm nhỏ và nước chấm nguyên chất trong bụng con vịt quay tiết ra. Thêm thịt vịt quay thái miếng phủ lên trên và hành phi. Ăn kèm củ kiệu trộn chua ngọt. Là 1 món ăn hương vị độc lạ không ở đâu có giống vị này.,75000.0,75000.0,13,0,0,1,2,https://media.be.com.vn/be-food/image/70b96ff8-c9ad-11ef-8510-8ea7808cbcf4/original,xoi-vit-quay-nhieu-thit,
15897,15897,Vịt 29 - 29 Food - Cơm Phở -Nguyễn Thượng Hiền,788271,MÓN VỊT QUAY,5362946,Vịt quay nửa con - Nhỏ,Best seller - Thịt mềm thơm ngon với lớp da giòn rụm đặc trưng. Nước chấm nguyên chất từ bụng con vịt quay tiết ra. Đi kèm củ kiệu trộn chua ngọt. Món ngon nổi tiếng Trung Quốc và Thế Giới.,198000.0,198000.0,24,0,0,2,1,https://media.be.com.vn/be-food/image/c3b5e96f-c9ad-11ef-8510-8ea7808cbcf4/original,vit-quay-nua-con-nho,
15897,15897,Vịt 29 - 29 Food - Cơm Phở -Nguyễn Thượng Hiền,788271,MÓN VỊT QUAY,5362947,Vịt quay nửa con - To,Best seller - Thịt mềm thơm ngon với lớp da giòn rụm đặc trưng. Nước chấm nguyên chất từ bụng con vịt quay tiết ra. Đi kèm củ kiệu trộn chua ngọt. Món ngon nổi tiếng Trung Quốc và Thế Giới.,219000.0,219000.0,59,2,0,2,2,https://media.be.com.vn/be-food/image/dfb0781c-c9ad-11ef-bd66-b239c83a8124/original,vit-quay-nua-con-to,
15897,15897,Vịt 29 - 29 Food - Cơm Phở -Nguyễn Thượng Hiền,788271,MÓN VỊT QUAY,5362948,Vịt quay cả con - Nhỏ,Best seller - Thịt mềm thơm ngon với lớp da giòn rụm đặc trưng. Nước chấm nguyên chất từ bụng con vịt quay tiết ra. Đi kèm củ kiệu trộn chua ngọt. Món ngon nổi tiếng Trung Quốc và Thế Giới.,396000.0,396000.0,4,0,0,2,3,https://media.be.com.vn/be-food/image/fbed35d4-c9ad-11ef-8510-8ea7808cbcf4/original,vit-quay-ca-con-nho,
15897,15897,Vịt 29 - 29 Food - Cơm Phở -Nguyễn Thượng Hiền,788271,MÓN VỊT QUAY,5362949,Vịt quay cả con - To,Best seller - Thịt mềm thơm ngon với lớp da giòn rụm đặc trưng. Nước chấm nguyên chất từ bụng con vịt quay tiết ra. Đi kèm củ kiệu trộn chua ngọt. Món ngon nổi tiếng Trung Quốc và Thế Giới.,438000.0,438000.0,9,0,0,2,4,https://media.be.com.vn/be-food/image/15dd7c62-c9ae-11ef-81cc-d24fde1987a0/original,vit-quay-ca-con-to,
15897,15897,Vịt 29 - 29 Food - Cơm Phở -Nguyễn Thượng Hiền,788271,MÓN VỊT QUAY,5362950,Vịt quay Bắc Kinh chuẩn vị,"Best seller. 2-3 người ăn. Da vịt quay giòn béo ngậy và thịt vịt lọc xương thái miếng cuốn với đầu hành, cà rốt, dưa chuột bằng vỏ bánh tráng tươi. Chấm với nước chấm Bắc Kinh ra 1 mùi vị ngon tuyệt đối. Bởi sao nó được mệnh danh là 1 món ăn nổi tiếng Bắc Kinh, Trung Quốc và Thế Giới.",405000.0,405000.0,0,0,0,2,5,https://media.be.com.vn/be-food/image/9ff52558-cdc9-11ef-81cc-d24fde1987a0/original,vit-quay-bac-kinh-chuan-vi,
15897,15897,Vịt 29 - 29 Food - Cơm Phở -Nguyễn Thượng Hiền,788272,MÓN MỚI,5362953,Vịt om dừa - bún,"Nửa con - vịt thui rơm, tẩm ướp gia vị rồi om với nước dừa tươi và cùi dừa thơm mùi béo ngậy, thịt vịt mềm ngọt tự nhiên",255000.0,255000.0,3,0,0,3,1,https://media.be.com.vn/be-food/image/960ca5e7-c9af-11ef-bd66-b239c83a8124/original,vit-om-dua-bun,
15897,15897,Vịt 29 - 29 Food - Cơm Phở -Nguyễn Thượng Hiền,788272,MÓN MỚI,5362954,Vịt om bja + bún,"Nửa con - vịt thui rơm, tẩm ướp gia vị rồi om với bia mùi thơm ngậy, thịt mềm ngọt tự nhiên",255000.0,255000.0,2,0,0,3,2,https://media.be.com.vn/be-food/image/f130b4a8-c9af-11ef-81cc-d24fde1987a0/original,vit-om-bja-bun,
15897,15897,Vịt 29 - 29 Food - Cơm Phở -Nguyễn Thượng Hiền,788272,MÓN MỚI,5362955,Mẹt bánh tráng cuốn vịt nướng,2-3 người. Thịt vịt tươi lọc xương nướng thơm mùi than củi và gia vị. Cuốn với rau củ quả. Chấm nước sốt me. Vị thanh ngọt tự nhiên quện giữa thịt vịt và rau tươi mát,330000.0,330000.0,0,0,0,3,3,https://media.be.com.vn/be-food/image/2d57e106-c9b0-11ef-81cc-d24fde1987a0/original,met-banh-trang-cuon-vit-nuong,
15897,15897,Vịt 29 - 29 Food - Cơm Phở -Nguyễn Thượng Hiền,788273,VỊT HẤP,5362956,Vịt hấp,Nửa con - vịt hấp cách thuỷ nên thịt mềm ngọt thơm tự nhiên và đặc biệt là không có mùi hôi của vịt,195000.0,195000.0,13,0,0,4,1,https://media.be.com.vn/be-food/image/4bb85c8d-c9b0-11ef-bd66-b239c83a8124/original,vit-hap,
15897,15897,Vịt 29 - 29 Food - Cơm Phở -Nguyễn Thượng Hiền,788273,VỊT HẤP,5362957,Vịt hấp sốt nấm,"Nửa con - vịt hấp với nấm hương tươi, nấm kim châm và nước sốt nấm được xay từ nấm tươi ra nấu thành nước sốt. Vị thơm ngậy của nấm, ngọt từ thịt. Món ăn mới lạ",206000.0,206000.0,2,0,0,4,2,https://media.be.com.vn/be-food/image/66a8456c-c9b0-11ef-81cc-d24fde1987a0/original,vit-hap-sot-nam,
15897,15897,Vịt 29 - 29 Food - Cơm Phở -Nguyễn Thượng Hiền,788273,VỊT HẤP,5362958,Vịt trộn kiểu Thái,"Nửa con - vịt hấp chín lọc xương, thái miếng trộn với dưa chuột, hành tây, hành ta và nước chua cay Thái Lan. Ăn vị thịt ngọt, chua cay thanh mát.",195000.0,195000.0,2,0,0,4,3,https://media.be.com.vn/be-food/image/80245d53-c9b0-11ef-81cc-d24fde1987a0/original,vit-tron-kieu-thai,
15897,15897,Vịt 29 - 29 Food - Cơm Phở -Nguyễn Thượng Hiền,788274,VỊT RÚT XƯƠNG,5362959,Vịt rút xương áp chảo cháy tỏi,Nửa con - vịt lọc xương rồi nướng than hoa lấy mùi thơm và thịt săn chắc. Sau đó được áp chảo với nước sốt và tỏi chiên giòn.,230000.0,230000.0,3,0,0,5,1,https://media.be.com.vn/be-food/image/bed50801-c9b0-11ef-8d88-0695c6df6d37/original,vit-rut-xuong-ap-chao-chay-toi,
15897,15897,Vịt 29 - 29 Food - Cơm Phở -Nguyễn Thượng Hiền,788274,VỊT RÚT XƯƠNG,5362960,Vịt quay Bắc Kinh rút xương thiết bản,"Nửa con - vịt quay rút xương áp chảo trên thiết bản với nước sốt kem sữa. Hương vị mới lạ, ăn thịt mềm ngọt thơm ngậy.",230000.0,230000.0,3,0,0,5,2,https://media.be.com.vn/be-food/image/b3428b14-c9b0-11ef-bd66-b239c83a8124/original,vit-quay-bac-kinh-rut-xuong-thiet-ban,
15897,15897,Vịt 29 - 29 Food - Cơm Phở -Nguyễn Thượng Hiền,788275,VỊT CHIÊN - ÁP CHẢO,5362961,Vịt rang muối,"Nửa con - vịt tẩm ướp gia vị theo công thức món Ba Ba rang muối. Vịt thơm, ngọt, mùi vị sang đặc trưng.",230000.0,230000.0,3,0,0,6,1,https://media.be.com.vn/be-food/image/dcfafe39-c9b0-11ef-8510-8ea7808cbcf4/original,vit-rang-muoi,
15897,15897,Vịt 29 - 29 Food - Cơm Phở -Nguyễn Thượng Hiền,788275,VỊT CHIÊN - ÁP CHẢO,5362962,Cánh vịt rang muối,"14 miếng - cánh vịt tẩm ướp gia vị theo công thức món Ba Ba rang muối. Cánh vịt thơm, ngọt, mùi vị sang đặc trưng.",125000.0,125000.0,5,0,0,6,2,https://media.be.com.vn/be-food/image/042d008a-c9b1-11ef-8d88-0695c6df6d37/original,canh-vit-rang-muoi,
15897,15897,Vịt 29 - 29 Food - Cơm Phở -Nguyễn Thượng Hiền,788275,VỊT CHIÊN - ÁP CHẢO,5362963,Vịt cay thiết bản,Nửa con - vịt chiên giòn rồi áp chảo với nước sốt tiêu đen trên thiết bản. Vị cay của tiêu và ớt chuông.,230000.0,230000.0,0,0,0,6,3,https://media.be.com.vn/be-food/image/61184988-c9b1-11ef-8d88-0695c6df6d37/original,vit-cay-thiet-ban,
15897,15897,Vịt 29 - 29 Food - Cơm Phở -Nguyễn Thượng Hiền,788275,VỊT CHIÊN - ÁP CHẢO,5362964,Cánh vịt cay thiết bản,14 miếng - chiên giòn rồi áp chảo với nước sốt tiêu đen trên thiết bản. Vị cay của tiêu và ớt chuông.,125000.0,125000.0,2,0,0,6,4,https://media.be.com.vn/be-food/image/7c606147-c9b1-11ef-81cc-d24fde1987a0/original,canh-vit-cay-thiet-ban,
15897,15897,Vịt 29 - 29 Food - Cơm Phở -Nguyễn Thượng Hiền,788275,VỊT CHIÊN - ÁP CHẢO,5362965,Chả vịt thiết bản,"Vị đậm đà, ngọt thịt, thơm mùi lá lốt",195000.0,195000.0,0,0,0,6,5,https://media.be.com.vn/be-food/image/a5c2b92e-c9b1-11ef-81cc-d24fde1987a0/original,cha-vit-thiet-ban,
15897,15897,Vịt 29 - 29 Food - Cơm Phở -Nguyễn Thượng Hiền,788276,MÓN NƯỚNG,5362966,Gà ri nướng dân tộc,1 con gà - nướng than hoa vị dân tộc,350000.0,350000.0,0,0,0,7,1,https://media.be.com.vn/be-food/image/d71e04a8-c9b1-11ef-8510-8ea7808cbcf4/original,ga-ri-nuong-dan-toc,
15897,15897,Vịt 29 - 29 Food - Cơm Phở -Nguyễn Thượng Hiền,788276,MÓN NƯỚNG,5362968,Ba chỉ heo nướng Hồng Kông,Thịt ba chỉ lợn nướng than hoa vị Hồng Kông,140000.0,140000.0,1,0,0,7,2,https://media.be.com.vn/be-food/image/fd276817-c9b1-11ef-8d88-0695c6df6d37/original,ba-chi-heo-nuong-hong-kong,
15897,15897,Vịt 29 - 29 Food - Cơm Phở -Nguyễn Thượng Hiền,788276,MÓN NƯỚNG,5362969,Thịt xá xíu Hồng Kông,"Thịt lợn phần nạc vai đầu giòn ướp gia vị Hồng Kông, nướng trên bếp than hoa từ sống tới chín rồi nhúng mạch nha. Ăn thịt giòn, vị ngọt của thịt và ngọt mát dịu của mạch nha.",140000.0,140000.0,3,0,0,7,3,https://media.be.com.vn/be-food/image/1323b773-c9b2-11ef-8d88-0695c6df6d37/original,thit-xa-xiu-hong-kong,
15897,15897,Vịt 29 - 29 Food - Cơm Phở -Nguyễn Thượng Hiền,788276,MÓN NƯỚNG,5362970,Dồi sụn cuống họng nướng,"Lòng non dồi bằng: cuống họng + thịt lợn xay + rau húng chó, mùi tàu, cà rốt. Nướng trên bếp than hoa từ sống tới khi chín.",140000.0,140000.0,2,0,0,7,4,https://media.be.com.vn/be-food/image/530378c0-c9b2-11ef-81cc-d24fde1987a0/original,doi-sun-cuong-hong-nuong,
15897,15897,Vịt 29 - 29 Food - Cơm Phở -Nguyễn Thượng Hiền,788276,MÓN NƯỚNG,5362971,Chim cút nướng,2 con chim - nướng than hoa vị Hồng Kông,79000.0,79000.0,0,0,0,7,5,https://media.be.com.vn/be-food/image/6c32a3be-c9b2-11ef-bd66-b239c83a8124/resized_thumbnail_w1080_h1080,chim-cut-nuong,
15897,15897,Vịt 29 - 29 Food - Cơm Phở -Nguyễn Thượng Hiền,788277,MÓN ĂN CHƠI - NHẬU,5362973,Lòng mề xào dứa,"Lòng mề được xào bằng bếp gas công nghiệp nhiệt cao nên ăn giòn, thơm, vị ngon ngọt tự nhiên.",90000.0,90000.0,1,0,0,8,1,https://media.be.com.vn/be-food/image/8b8a0ad3-c9b2-11ef-bd66-b239c83a8124/original,long-me-xao-dua,
15897,15897,Vịt 29 - 29 Food - Cơm Phở -Nguyễn Thượng Hiền,788277,MÓN ĂN CHƠI - NHẬU,5362974,Lưỡi vịt chiên nhỏ,"10 cái - giòn rụm sần sật sụn lưỡi, vị đậm đà chấm tương ớt.",105000.0,105000.0,3,0,0,8,2,https://media.be.com.vn/be-food/image/aafd3d85-c9b2-11ef-8510-8ea7808cbcf4/original,luoi-vit-chien-nho,
15897,15897,Vịt 29 - 29 Food - Cơm Phở -Nguyễn Thượng Hiền,788277,MÓN ĂN CHƠI - NHẬU,5362975,Lưỡi vịt chiên to,"15 cái - giòn rụm sần sật sụn lưỡi, vị đậm đà chấm tương ớt.",165000.0,165000.0,0,0,0,8,3,https://media.be.com.vn/be-food/image/bb1e7994-c9b2-11ef-81cc-d24fde1987a0/original,luoi-vit-chien-to,
15897,15897,Vịt 29 - 29 Food - Cơm Phở -Nguyễn Thượng Hiền,788277,MÓN ĂN CHƠI - NHẬU,5362976,Chân vịt rút xương trộn măng cay,"Chân vịt tươi giòn, măng chua ngọt cay mát.",150000.0,150000.0,1,0,0,8,4,https://media.be.com.vn/be-food/image/da7ff9f2-c9b2-11ef-81cc-d24fde1987a0/original,chan-vit-rut-xuong-tron-mang-cay,
15897,15897,Vịt 29 - 29 Food - Cơm Phở -Nguyễn Thượng Hiền,788277,MÓN ĂN CHƠI - NHẬU,5362978,Chân gà rút xương muối,"Gói - vị chua cay mặn ngọt. Chân gà tươi rút xương luộc chín, ngâm vào nước lạnh có vị chua cay mặn ngọt và các vị thuốc bắc cho ngấm. Ăn chân giòn. Là món ăn nổi tiếng Trung Hoa.",95000.0,95000.0,0,0,0,8,6,https://media.be.com.vn/be-food/image/1add5738-c9b3-11ef-8d88-0695c6df6d37/original,chan-ga-rut-xuong-muoi,
15897,15897,Vịt 29 - 29 Food - Cơm Phở -Nguyễn Thượng Hiền,788277,MÓN ĂN CHƠI - NHẬU,5362980,Chân vịt rút xương muối,"Gói - vị chua cay mặn ngọt. Chân vịt tươi rút xương luộc chín, ngâm vào nước lạnh có vị chua cay mặn ngọt và các vị thuốc bắc cho ngấm. Ăn chân giòn. Là món ăn nổi tiếng Trung Hoa.",90000.0,90000.0,1,0,0,8,8,https://media.be.com.vn/be-food/image/4dca99a5-c9b3-11ef-8d88-0695c6df6d37/original,chan-vit-rut-xuong-muoi,
15897,15897,Vịt 29 - 29 Food - Cơm Phở -Nguyễn Thượng Hiền,788278,MÓN RAU,5362981,Nộm vịt quay - Nhỏ,"Vị bùi chua ngọt thanh mát. Ăn kèm các món thịt chống ngán. Thịt vịt quay trộn rau bắp cải trắng tím, cà rốt, đu đủ xanh và nước chua ngọt với lạc dập.",75000.0,75000.0,3,0,0,9,1,https://media.be.com.vn/be-food/image/68f1d92e-c9b3-11ef-8510-8ea7808cbcf4/original,nom-vit-quay-nho,
15897,15897,Vịt 29 - 29 Food - Cơm Phở -Nguyễn Thượng Hiền,788278,MÓN RAU,5362982,Nộm vịt quay - To,"Vị bùi chua ngọt thanh mát. Ăn kèm các món thịt chống ngán. Thịt vịt quay trộn rau bắp cải trắng tím, cà rốt, đu đủ xanh và nước chua ngọt với lạc dập.",116000.0,116000.0,4,0,0,9,2,https://media.be.com.vn/be-food/image/7e913b35-c9b3-11ef-8510-8ea7808cbcf4/original,nom-vit-quay-to,
15897,15897,Vịt 29 - 29 Food - Cơm Phở -Nguyễn Thượng Hiền,788278,MÓN RAU,5362983,Nấm đùi gà xào thiết bản,Nấm giòn ngậy xào cùng nước sốt nấm. Là 1 món ăn chay rất ngon,116000.0,116000.0,0,0,0,9,3,https://media.be.com.vn/be-food/image/a8ece7ec-c9b3-11ef-8d88-0695c6df6d37/original,nam-dui-ga-xao-thiet-ban,
15897,15897,Vịt 29 - 29 Food - Cơm Phở -Nguyễn Thượng Hiền,788278,MÓN RAU,5362984,Rau muống xào,"Rau xanh, giòn, ngọt và thơm mùi tỏi",75000.0,75000.0,4,0,0,9,4,https://media.be.com.vn/be-food/image/beec3f53-c9b3-11ef-8510-8ea7808cbcf4/original,rau-muong-xao,
15897,15897,Vịt 29 - 29 Food - Cơm Phở -Nguyễn Thượng Hiền,788279,MÓN CƠM - XÔI - CANH,5362987,Cơm rang vịt,"1 lớp cơm mềm + 1 lớp cháy giòn, phủ trên là thịt vịt quay và lạp xưởng Mai Quế Lộ. Cơm được rang kỹ trong nồi gang, hạt cơm săn ngấm gia vị. Cuối cùng được ủ nhỏ lửa để tạo thêm 1 lớp cháy giòn.",116000.0,116000.0,3,0,0,10,2,https://media.be.com.vn/be-food/image/f995ac6a-c9b3-11ef-81cc-d24fde1987a0/original,com-rang-vit,
15897,15897,Vịt 29 - 29 Food - Cơm Phở -Nguyễn Thượng Hiền,788280,MÓN LẨU,5362990,Lẩu vịt om sấu,"Nửa con - om trong nước lẩu là nước xương vịt ninh ít nhất 12 tiếng + khoai môn + quả sấu chua Hà Nội. Thịt vịt mềm, nước ngọt sâu, chua thanh tự nhiên. Đi kèm rau muống và bún",390000.0,390000.0,1,0,0,11,1,https://media.be.com.vn/be-food/image/9cd03584-c9b6-11ef-bd66-b239c83a8124/original,lau-vit-om-sau,
15897,15897,Vịt 29 - 29 Food - Cơm Phở -Nguyễn Thượng Hiền,788280,MÓN LẨU,5362991,Lẩu vịt om măng,"Nửa con - om trong nước lẩu là nước xương vịt ninh ít nhất 12 tiếng + măng muối chua cay. Thịt vịt mềm, nước ngọt sâu thanh tự nhiên. Đi kèm rau muống và bún",390000.0,390000.0,3,0,0,11,2,https://media.be.com.vn/be-food/image/b2a6721f-c9b6-11ef-bd66-b239c83a8124/original,lau-vit-om-mang,
15897,15897,Vịt 29 - 29 Food - Cơm Phở -Nguyễn Thượng Hiền,1224885,ƯU ĐÃI COMBO,8325428,Mua 1 tặng 1 dành cho 2-3 người,Vịt quay Bắc Kinh chuẩn vị tặng Cơm rang vịt,405000.0,405000.0,0,0,0,13,8,https://media.be.com.vn/be-food/image/28372c05-cdcb-11ef-bd66-b239c83a8124/original,mua-1-tang-1-danh-cho-2-3-nguoi,
15897,15897,Vịt 29 - 29 Food - Cơm Phở -Nguyễn Thượng Hiền,1224885,ƯU ĐÃI COMBO,11299293,Combo no nê - vịt quay nửa con nhỏ - canh măng - bún,,265000.0,400000.0,1,0,0,13,9,https://media.be.com.vn/bizops/image/8e31486d-a36c-11f0-8021-922c9d42c616/original,combo-no-ne-vit-quay-nua-con-nho-canh-mang-bun,
130509,130509,Guu Chicken - Cơm Gà & Gà Rán - Tam Khương,1905970,Món Ngon Đang Khuyến Mại,11678983,Cơm ngon mỗi ngày 1 vị + Đồ uống,Giá gốc 72.000₫,65000.0,65000.0,16,0,0,1,3,https://media.be.com.vn/be-food/image/03d6d22a-24cd-11f1-b67e-9aaf2a798701/resized_thumbnail_w1080_h1080,com-ngon-moi-ngay-1-vi-do-uong,
130509,130509,Guu Chicken - Cơm Gà & Gà Rán - Tam Khương,1905969,Mua Nhiều Càng Rẻ,11601605,3 gà giòn,Giá gốc 105.000₫,99000.0,99000.0,10,0,0,2,4,https://media.be.com.vn/be-food/image/05c2ef6e-24cc-11f1-b63c-1ec8367384f0/resized_thumbnail_w1080_h1080,3-ga-gion,
130509,130509,Guu Chicken - Cơm Gà & Gà Rán - Tam Khương,1880957,Cơm Gà - Cơm góc tư,11601585,Cơm gà sốt phô mai,,57000.0,57000.0,4,0,0,3,1,https://media.be.com.vn/be-food/image/5281fb9f-24c9-11f1-a167-cadcd99bf8b0/resized_thumbnail_w1080_h1080,com-ga-sot-pho-mai,
130509,130509,Guu Chicken - Cơm Gà & Gà Rán - Tam Khương,1880957,Cơm Gà - Cơm góc tư,11601586,Cơm gà sốt BBQ,"Suất cơm gồm: Cơm trắng, gà sốt, rau theo mùa, dụng cụ ăn uống, canh, tương ớt.Giá bán đã bao gồm hộp và dụng cụ ăn uống. Guu Chicken sử dụng 100% gà tươi.",57000.0,57000.0,14,0,0,3,2,https://media.be.com.vn/be-food/image/48c09bc3-24c9-11f1-b197-ce3d3ce291c1/resized_thumbnail_w1080_h1080,com-ga-sot-bbq,
130509,130509,Guu Chicken - Cơm Gà & Gà Rán - Tam Khương,1880957,Cơm Gà - Cơm góc tư,11601587,Cơm gà sốt kiểu Ý,"Suất cơm gồm: Cơm trắng, gà sốt, rau theo mùa, dụng cụ ăn uống, canh, tương ớt.Giá bán đã bao gồm hộp và dụng cụ ăn uống. Guu Chicken sử dụng 100% gà tươi.",57000.0,57000.0,5,0,0,3,3,https://media.be.com.vn/be-food/image/1f8ed949-24c9-11f1-a167-cadcd99bf8b0/resized_thumbnail_w1080_h1080,com-ga-sot-kieu-y,
130509,130509,Guu Chicken - Cơm Gà & Gà Rán - Tam Khương,1880957,Cơm Gà - Cơm góc tư,11601591,Cơm gà góc tư,"Suất cơm gồm: Cơm trắng, gà góc tư sốt, rau theo mùa, dụng cụ ăn uống, canh, tương ớt. Giá bán đã bao gồm hộp và dụng cụ ăn uống. Guu Chicken sử dụng 100% gà tươi.",80000.0,80000.0,13,0,0,3,4,https://media.be.com.vn/be-food/image/0b034dfc-24c9-11f1-b67e-9aaf2a798701/resized_thumbnail_w1080_h1080,com-ga-goc-tu,
130509,130509,Guu Chicken - Cơm Gà & Gà Rán - Tam Khương,1880957,Cơm Gà - Cơm góc tư,11601613,Cơm gà xiên que,"Suất cơm gồm: Cơm trắng, gà xiên 3 xiên, rau theo mùa, dụng cụ ăn uống, canh, tương ớt.Giá bán đã bao gồm hộp và dụng cụ ăn uống. Guu Chicken sử dụng 100% gà tươi.",57000.0,57000.0,4,0,0,3,5,https://media.be.com.vn/be-food/image/e6b429ba-24c8-11f1-b197-ce3d3ce291c1/resized_thumbnail_w1080_h1080,com-ga-xien-que,
130509,130509,Guu Chicken - Cơm Gà & Gà Rán - Tam Khương,1880957,Cơm Gà - Cơm góc tư,11678975,Cơm gà sốt mắm tỏi,,57000.0,57000.0,18,0,0,3,6,https://media.be.com.vn/be-food/image/c3d5f56a-24c9-11f1-b67e-9aaf2a798701/resized_thumbnail_w1080_h1080,com-ga-sot-mam-toi,
130509,130509,Guu Chicken - Cơm Gà & Gà Rán - Tam Khương,1880957,Cơm Gà - Cơm góc tư,11678976,Cơm gà sốt mật ong,,57000.0,57000.0,13,0,0,3,7,https://media.be.com.vn/be-food/image/b09909ec-24c9-11f1-b63c-1ec8367384f0/resized_thumbnail_w1080_h1080,com-ga-sot-mat-ong,
130509,130509,Guu Chicken - Cơm Gà & Gà Rán - Tam Khương,1880957,Cơm Gà - Cơm góc tư,11678977,Cơm gà sốt cay nóng,,57000.0,57000.0,15,0,0,3,8,https://media.be.com.vn/be-food/image/9c160552-24c9-11f1-b63c-1ec8367384f0/resized_thumbnail_w1080_h1080,com-ga-sot-cay-nong,
130509,130509,Guu Chicken - Cơm Gà & Gà Rán - Tam Khương,1880957,Cơm Gà - Cơm góc tư,11678978,Cơm gà sốt cay ngọt ( Best seller),,57000.0,57000.0,69,0,0,3,9,https://media.be.com.vn/be-food/image/83f43e45-24c9-11f1-b63c-1ec8367384f0/resized_thumbnail_w1080_h1080,com-ga-sot-cay-ngot-best-seller,
130509,130509,Guu Chicken - Cơm Gà & Gà Rán - Tam Khương,1880957,Cơm Gà - Cơm góc tư,11737681,Cơm gà viên sốt,,57000.0,57000.0,7,0,0,3,10,https://media.be.com.vn/be-food/image/45ffc4f9-2b18-11f1-b67e-9aaf2a798701/resized_thumbnail_w1080_h1080,com-ga-vien-sot,
130509,130509,Guu Chicken - Cơm Gà & Gà Rán - Tam Khương,1880959,Gà Rán - Combo,11601590,2 gà giòn + 1 khoai tây + 1 coca,Giá gốc 115.000₫,105000.0,105000.0,32,0,0,4,1,https://media.be.com.vn/be-food/image/d3ca7f28-24ca-11f1-b67e-9aaf2a798701/resized_thumbnail_w1080_h1080,2-ga-gion-1-khoai-tay-1-coca,
130509,130509,Guu Chicken - Cơm Gà & Gà Rán - Tam Khương,1880959,Gà Rán - Combo,11601593,1 gà giòn + 1 khoai tây + 1 coca,Giá gốc 80.000_,72000.0,72000.0,0,0,0,4,2,https://media.be.com.vn/be-food/image/aa11608f-24ca-11f1-a167-cadcd99bf8b0/resized_thumbnail_w1080_h1080,1-ga-gion-1-khoai-tay-1-coca,
130509,130509,Guu Chicken - Cơm Gà & Gà Rán - Tam Khương,1880959,Gà Rán - Combo,11601597,Gà xiên que - 3 xiên,3 xiên,35000.0,35000.0,5,0,0,4,3,https://media.be.com.vn/be-food/image/959ab9e5-24ca-11f1-b67e-9aaf2a798701/resized_thumbnail_w1080_h1080,ga-xien-que-3-xien,
130509,130509,Guu Chicken - Cơm Gà & Gà Rán - Tam Khương,1880959,Gà Rán - Combo,11601600,Gà góc tư truyền thống,,60000.0,60000.0,1,0,0,4,5,https://media.be.com.vn/be-food/image/210358d8-24cb-11f1-b197-ce3d3ce291c1/resized_thumbnail_w1080_h1080,ga-goc-tu-truyen-thong,
130509,130509,Guu Chicken - Cơm Gà & Gà Rán - Tam Khương,1880959,Gà Rán - Combo,11601610,Gà giòn giòn,1 miếng gà sốt bất kì (đùi/má đùi),35000.0,35000.0,3,0,0,4,6,https://media.be.com.vn/be-food/image/7e8df8bc-24ca-11f1-b63c-1ec8367384f0/resized_thumbnail_w1080_h1080,ga-gion-gion,
130509,130509,Guu Chicken - Cơm Gà & Gà Rán - Tam Khương,1880959,Gà Rán - Combo,11737683,Gà viên lắc phô mai,,35000.0,35000.0,3,0,0,4,7,https://media.be.com.vn/be-food/image/2e5dbe84-2b19-11f1-b197-ce3d3ce291c1/resized_thumbnail_w1080_h1080,ga-vien-lac-pho-mai,
130509,130509,Guu Chicken - Cơm Gà & Gà Rán - Tam Khương,1880962,Gà sốt + Combo,11601607,1 gà sốt + 1 khoai tây + 1 coca,Giá gốc 80.000₫,72000.0,72000.0,0,0,0,5,1,https://media.be.com.vn/be-food/image/a07930f1-24cb-11f1-b63c-1ec8367384f0/resized_thumbnail_w1080_h1080,1-ga-sot-1-khoai-tay-1-coca,
130509,130509,Guu Chicken - Cơm Gà & Gà Rán - Tam Khương,1880962,Gà sốt + Combo,11601608,2 gà sốt + 1 khoai tây + 1 coca,Giá gốc 125.000₫,115000.0,115000.0,0,0,0,5,2,https://media.be.com.vn/be-food/image/6ece4eb4-24cb-11f1-b63c-1ec8367384f0/resized_thumbnail_w1080_h1080,2-ga-sot-1-khoai-tay-1-coca,
130509,130509,Guu Chicken - Cơm Gà & Gà Rán - Tam Khương,1880962,Gà sốt + Combo,11601609,2 gà sốt + 1 coca,Giá gốc 95.000₫,85000.0,85000.0,1,0,0,5,3,https://media.be.com.vn/be-food/image/39a9d102-24cb-11f1-b63c-1ec8367384f0/resized_thumbnail_w1080_h1080,2-ga-sot-1-coca,
130509,130509,Guu Chicken - Cơm Gà & Gà Rán - Tam Khương,1880962,Gà sốt + Combo,11601611,Gà góc tư sốt ( chọn 7 loại sốt),,65000.0,65000.0,4,0,0,5,4,https://media.be.com.vn/be-food/image/5a37a985-24ca-11f1-a167-cadcd99bf8b0/resized_thumbnail_w1080_h1080,ga-goc-tu-sot-chon-7-loai-sot,
130509,130509,Guu Chicken - Cơm Gà & Gà Rán - Tam Khương,1880962,Gà sốt + Combo,11601612,Gà sốt ( chọn 7 loại sốt),,40000.0,40000.0,13,0,0,5,5,https://media.be.com.vn/be-food/image/414e885e-24ca-11f1-b63c-1ec8367384f0/resized_thumbnail_w1080_h1080,ga-sot-chon-7-loai-sot,
130509,130509,Guu Chicken - Cơm Gà & Gà Rán - Tam Khương,1880961,Mỳ Ý + Combo,11601594,Mỳ Ý sốt bò bằm xúc xích,,45000.0,45000.0,0,0,0,6,1,https://media.be.com.vn/be-food/image/da102058-24c9-11f1-a167-cadcd99bf8b0/resized_thumbnail_w1080_h1080,my-y-sot-bo-bam-xuc-xich,
130509,130509,Guu Chicken - Cơm Gà & Gà Rán - Tam Khương,1880961,Mỳ Ý + Combo,11601595,1 gà giòn + 1 mỳ ý + 1 khoai tây + 1 coca,Giá gốc 125.000₫,115000.0,115000.0,1,0,0,6,2,https://media.be.com.vn/be-food/image/19f469b1-24ca-11f1-b197-ce3d3ce291c1/resized_thumbnail_w1080_h1080,1-ga-gion-1-my-y-1-khoai-tay-1-coca,
130509,130509,Guu Chicken - Cơm Gà & Gà Rán - Tam Khương,1880961,Mỳ Ý + Combo,11601596,1 gà giòn + 1 mỳ ý + 1 coca,Giá gốc 95.000₫,87000.0,87000.0,2,0,0,6,3,https://media.be.com.vn/be-food/image/f79fc955-24c9-11f1-b197-ce3d3ce291c1/resized_thumbnail_w1080_h1080,1-ga-gion-1-my-y-1-coca,
130509,130509,Guu Chicken - Cơm Gà & Gà Rán - Tam Khương,1930214,Piza + Combo,11737699,Piza nhồi size 15,,75000.0,75000.0,3,0,0,7,1,https://media.be.com.vn/be-food/image/b9c75565-2b19-11f1-b67e-9aaf2a798701/resized_thumbnail_w1080_h1080,piza-nhoi-size-15,
135845,135845,"Gỏi Nhà Kem - Gỏi Cuốn, Cơm Trộn & Bún Trộn - Thổ Quan",2028542,U Mê Gỏi Cuốn,12186568,Set 5 gỏi cuốn bò,,70000.0,70000.0,0,0,0,2,1,https://media.be.com.vn/bizops/image/3d6efda3-a810-11f0-9063-66448d787802/original,set-5-goi-cuon-bo,
135845,135845,"Gỏi Nhà Kem - Gỏi Cuốn, Cơm Trộn & Bún Trộn - Thổ Quan",2028542,U Mê Gỏi Cuốn,12186569,Set 5 gỏi cuốn mix vị,,72000.0,72000.0,1,0,0,2,2,https://media.be.com.vn/bizops/image/72fe413c-a3f5-11f0-8021-922c9d42c616/original,set-5-goi-cuon-mix-vi,
135845,135845,"Gỏi Nhà Kem - Gỏi Cuốn, Cơm Trộn & Bún Trộn - Thổ Quan",2028542,U Mê Gỏi Cuốn,12186570,Set 5 gỏi cuốn thập cẩm,,60000.0,60000.0,1,0,0,2,3,https://media.be.com.vn/bizops/image/72fe413c-a3f5-11f0-8021-922c9d42c616/original,set-5-goi-cuon-thap-cam,
135845,135845,"Gỏi Nhà Kem - Gỏi Cuốn, Cơm Trộn & Bún Trộn - Thổ Quan",2028542,U Mê Gỏi Cuốn,12186571,Set 5 gỏi cuốn thịt heo,,68000.0,68000.0,0,0,0,2,4,https://media.be.com.vn/bizops/image/50ba7457-a3f2-11f0-8b11-e6e7ca75c48c/original,set-5-goi-cuon-thit-heo,
135845,135845,"Gỏi Nhà Kem - Gỏi Cuốn, Cơm Trộn & Bún Trộn - Thổ Quan",2028542,U Mê Gỏi Cuốn,12186572,Set 5 gỏi cuốn tôm,,85000.0,85000.0,0,0,0,2,5,https://media.be.com.vn/bizops/image/75ae0c5e-a3f4-11f0-8b11-e6e7ca75c48c/original,set-5-goi-cuon-tom,
135845,135845,"Gỏi Nhà Kem - Gỏi Cuốn, Cơm Trộn & Bún Trộn - Thổ Quan",2028542,U Mê Gỏi Cuốn,12186573,Set 5 gỏi cuốn tôm thịt,,80000.0,80000.0,0,0,0,2,6,https://media.be.com.vn/bizops/image/72fe413c-a3f5-11f0-8021-922c9d42c616/original,set-5-goi-cuon-tom-thit,
135845,135845,"Gỏi Nhà Kem - Gỏi Cuốn, Cơm Trộn & Bún Trộn - Thổ Quan",2028543,U Mê Trộn,12186574,Bún trộn bò Nam Bộ,,54000.0,54000.0,0,0,0,3,1,https://media.be.com.vn/bizops/image/2f246354-4c45-11f1-b63c-1ec8367384f0/resized_thumbnail_w1080_h1080,bun-tron-bo-nam-bo,
135845,135845,"Gỏi Nhà Kem - Gỏi Cuốn, Cơm Trộn & Bún Trộn - Thổ Quan",2028543,U Mê Trộn,12186575,Bún trộn nem nướng,,54000.0,54000.0,0,0,0,3,2,https://media.be.com.vn/bizops/image/3b3a6e44-4c45-11f1-a167-cadcd99bf8b0/resized_thumbnail_w1080_h1080,bun-tron-nem-nuong,
135845,135845,"Gỏi Nhà Kem - Gỏi Cuốn, Cơm Trộn & Bún Trộn - Thổ Quan",2028543,U Mê Trộn,12186576,Bún trộn xúc xích,,45000.0,45000.0,0,0,0,3,3,https://media.be.com.vn/bizops/image/3d6efda3-a810-11f0-9063-66448d787802/original,bun-tron-xuc-xich,
135845,135845,"Gỏi Nhà Kem - Gỏi Cuốn, Cơm Trộn & Bún Trộn - Thổ Quan",2028541,Phở Cuốn,12186565,Phở cuốn bò,,52000.0,52000.0,0,0,0,4,1,https://media.be.com.vn/bizops/image/bad1bb3e-4c44-11f1-b63c-1ec8367384f0/resized_thumbnail_w1080_h1080,pho-cuon-bo,
135845,135845,"Gỏi Nhà Kem - Gỏi Cuốn, Cơm Trộn & Bún Trộn - Thổ Quan",2028541,Phở Cuốn,12186566,Phở cuốn nem nướng,,52000.0,52000.0,0,0,0,4,2,https://media.be.com.vn/bizops/image/c69cbc45-4c44-11f1-a167-cadcd99bf8b0/resized_thumbnail_w1080_h1080,pho-cuon-nem-nuong,
135845,135845,"Gỏi Nhà Kem - Gỏi Cuốn, Cơm Trộn & Bún Trộn - Thổ Quan",2028541,Phở Cuốn,12186567,Phở cuốn truyền thống,,52000.0,52000.0,0,0,0,4,3,https://media.be.com.vn/bizops/image/d0337708-4c44-11f1-a167-cadcd99bf8b0/resized_thumbnail_w1080_h1080,pho-cuon-truyen-thong,
39262,39262,Cơm Gà B&B - Chùa Bộc,399819,Menu,2681303,Bún măng sườn mọc,,40000.0,40000.0,0,0,0,1,1,https://media.be.com.vn/bizops/image/3d1f7747-cdce-11ed-aca6-c6be6bda1b97/resized_thumbnail_w1080_h1080,bun-mang-suon-moc,
39262,39262,Cơm Gà B&B - Chùa Bộc,399819,Menu,2681304,Miến gà,,40000.0,40000.0,0,0,0,1,2,https://media.be.com.vn/bizops/image/4a7085be-cdce-11ed-aca6-c6be6bda1b97/resized_thumbnail_w1080_h1080,mien-ga,
39262,39262,Cơm Gà B&B - Chùa Bộc,399819,Menu,2681305,Phở gà,,40000.0,40000.0,0,0,0,1,3,https://media.be.com.vn/bizops/image/58cb7804-cdce-11ed-aca6-c6be6bda1b97/resized_thumbnail_w1080_h1080,pho-ga,
39262,39262,Cơm Gà B&B - Chùa Bộc,399819,Menu,2681306,Miến gà trộn,,45000.0,45000.0,0,0,0,1,4,https://media.be.com.vn/bizops/image/70563fc4-cdce-11ed-aca6-c6be6bda1b97/resized_thumbnail_w1080_h1080,mien-ga-tron,
39262,39262,Cơm Gà B&B - Chùa Bộc,399819,Menu,2681307,Phở gà trộn thường,,40000.0,40000.0,0,0,0,1,5,https://media.be.com.vn/bizops/image/827d6c14-cdce-11ed-aca6-c6be6bda1b97/resized_thumbnail_w1080_h1080,pho-ga-tron-thuong,
39262,39262,Cơm Gà B&B - Chùa Bộc,399819,Menu,2681308,Phở gà trộn đùi,,40000.0,40000.0,0,0,0,1,6,https://media.be.com.vn/bizops/image/aa91f6ed-cdce-11ed-aca6-c6be6bda1b97/resized_thumbnail_w1080_h1080,pho-ga-tron-dui,
17700,17700,Bún Chả Xưa - Lĩnh Nam,75143,Bún Chả,589529,Bún chả Viên,,35000.0,35000.0,4774,33,31,1,1,https://media.be.com.vn/be-food/image/a5c0cb78-ad48-11ed-8ca3-8e6f9560a813/resized_thumbnail_w1080_h1080,bun-cha-vien,
17700,17700,Bún Chả Xưa - Lĩnh Nam,75143,Bún Chả,589534,Bún Chả Thịt Nướng,,35000.0,35000.0,6993,75,35,1,4,https://media.be.com.vn/be-food/image/a625bd2f-ad48-11ed-aebb-1eb5d596321f/resized_thumbnail_w1080_h1080,bun-cha-thit-nuong,
17700,17700,Bún Chả Xưa - Lĩnh Nam,75143,Bún Chả,589535,Bún Chả Nem Rán,,35000.0,35000.0,123,1,1,1,5,https://media.be.com.vn/be-food/image/a62be853-ad48-11ed-9fb5-aaa4923b8bae/resized_thumbnail_w1080_h1080,bun-cha-nem-ran,
17700,17700,Bún Chả Xưa - Lĩnh Nam,140839,Combo,589532,Bún Chả Lẫn +Nem Rán +Coca,,45000.0,50000.0,3044,22,22,2,1,https://media.be.com.vn/be-food/image/a5c72138-ad48-11ed-8ca3-8e6f9560a813/resized_thumbnail_w1080_h1080,bun-cha-lan-nem-ran-coca,
17700,17700,Bún Chả Xưa - Lĩnh Nam,140839,Combo,589533,Bún Chả Viên +Coca-cola,,40000.0,45000.0,327,1,0,2,2,https://media.be.com.vn/be-food/image/a5d0788f-ad48-11ed-8ca3-8e6f9560a813/resized_thumbnail_w1080_h1080,bun-cha-vien-coca-cola,
17700,17700,Bún Chả Xưa - Lĩnh Nam,140839,Combo,589536,Bún Chả Lẫn +Nem + Fanta,,45000.0,50000.0,546,1,5,2,3,https://media.be.com.vn/be-food/image/a6275685-ad48-11ed-8ca3-8e6f9560a813/resized_thumbnail_w1080_h1080,bun-cha-lan-nem-fanta,
17700,17700,Bún Chả Xưa - Lĩnh Nam,140839,Combo,589537,Bún Chả Viên +Fanta,,40000.0,45000.0,119,1,2,2,4,https://media.be.com.vn/be-food/image/a6414362-ad48-11ed-8ca3-8e6f9560a813/resized_thumbnail_w1080_h1080,bun-cha-vien-fanta,
17700,17700,Bún Chả Xưa - Lĩnh Nam,140839,Combo,589538,Bún Chả Viên +Sprite Chai,,40000.0,45000.0,98,0,0,2,5,https://media.be.com.vn/be-food/image/a63c4987-ad48-11ed-8ca3-8e6f9560a813/resized_thumbnail_w1080_h1080,bun-cha-vien-sprite-chai,
17700,17700,Bún Chả Xưa - Lĩnh Nam,75144,Bánh Cuốn,589543,Bánh Cuốn Tráng + Chả Quế,Bánh cuốn tráng thanh trì cùng chả quế thơm ngon,25000.0,25000.0,510,11,6,3,1,https://media.be.com.vn/be-food/image/a6b01b0e-ad48-11ed-9fb5-aaa4923b8bae/resized_thumbnail_w1080_h1080,banh-cuon-trang-cha-que,
17700,17700,Bún Chả Xưa - Lĩnh Nam,888209,Chè,6004218,Tào phớ thạch chân châu,,15000.0,15000.0,95,2,3,5,1,https://media.be.com.vn/be-food/image/3e6d639f-ed8a-11ee-8673-82f2a81174be/resized_thumbnail_w1080_h1080,tao-pho-thach-chan-chau,
98870,98870,Tứ Quý - Phở Bò & Cơm Rang - Trịnh Đình Cửu,1170345,Phở Bò,7763413,Phở tái,"Thăn bò tươi, nước dùng, hành tây, hành hoa. ( Giá trên đã bao gồm bát đũa, thìa đi kèm )",50000.0,50000.0,545,5,1,1,1,https://media.be.com.vn/bizops/image/f408b631-a300-11ef-8d88-0695c6df6d37/resized_thumbnail_w1080_h1080,pho-tai,
98870,98870,Tứ Quý - Phở Bò & Cơm Rang - Trịnh Đình Cửu,1170345,Phở Bò,7763414,Phở chín,"Thịt bò chín, bánh phở, nước dùng, hành tây, hành hoa. ( Giá trên đã bao gồm bát đũa thìa đi kèm )",59000.0,59000.0,93,1,0,1,2,https://media.be.com.vn/bizops/image/fd77ea87-a300-11ef-bd66-b239c83a8124/resized_thumbnail_w1080_h1080,pho-chin,
98870,98870,Tứ Quý - Phở Bò & Cơm Rang - Trịnh Đình Cửu,1170345,Phở Bò,7763415,Phở tái gầu,"Gầu bò, thăn bò, bánh phở, nước dùng, hành hoa, hành tây . ( Giá trên đã bao gồm bát đũa thìa đi kèm )",59000.0,59000.0,147,3,0,1,3,https://media.be.com.vn/bizops/image/03805466-a301-11ef-8510-8ea7808cbcf4/resized_thumbnail_w1080_h1080,pho-tai-gau,
98870,98870,Tứ Quý - Phở Bò & Cơm Rang - Trịnh Đình Cửu,1170345,Phở Bò,7763416,Phở tái chín,"Thăn bò tươi, thịt bò chín, bánh phở, nước dùng, hành tây, hành hoa. ( Giá trên đã bao gồm bát đũa thìa đi kèm )",59000.0,59000.0,93,1,1,1,4,https://media.be.com.vn/bizops/image/0d4d2569-a301-11ef-81cc-d24fde1987a0/resized_thumbnail_w1080_h1080,pho-tai-chin,
98870,98870,Tứ Quý - Phở Bò & Cơm Rang - Trịnh Đình Cửu,1170345,Phở Bò,7763417,Phở bắp,"Bắp bò, bánh phở, nước dùng, hành tây, hành hoa,…( Giá trên đã bao gồm bát đũa thìa đi kèm )",50000.0,50000.0,287,5,1,1,5,https://media.be.com.vn/bizops/image/13fa6955-a301-11ef-81cc-d24fde1987a0/resized_thumbnail_w1080_h1080,pho-bap,
98870,98870,Tứ Quý - Phở Bò & Cơm Rang - Trịnh Đình Cửu,1170345,Phở Bò,7777615,Phở Bắp Gầu,"Bắp Bò, Gầu Bò, bánh phở, nước dùng, hành hoa, hành lá, chanh ( Giá trên đã bao gồm bát đũa thìa đi kèm )",59000.0,59000.0,106,0,1,1,6,https://media.be.com.vn/be-food/image/f2b80e86-a456-11ef-8d88-0695c6df6d37/resized_thumbnail_w1080_h1080,pho-bap-gau,
98870,98870,Tứ Quý - Phở Bò & Cơm Rang - Trịnh Đình Cửu,1170345,Phở Bò,7777737,Phở Tái Lắn,"Thăn bò xào lăn qua lửa, bánh phở, nước dùng, hành tây, hành hoa ( Giá trên đã bao gồm bát đũa thìa đi kèm )",50000.0,50000.0,163,2,1,1,7,https://media.be.com.vn/be-food/image/6bbc4c6c-a459-11ef-bd66-b239c83a8124/resized_thumbnail_w1080_h1080,pho-tai-lan,
98870,98870,Tứ Quý - Phở Bò & Cơm Rang - Trịnh Đình Cửu,1170345,Phở Bò,7777738,Phở Gầu,"Gầu bò, bánh phở, nước dùng, hành hoa, hành tây, chanh ( Giá trên đã bao gồm bát đũa thìa đi kèm )",59000.0,59000.0,41,1,0,1,8,https://media.be.com.vn/be-food/image/9d55752a-a459-11ef-8510-8ea7808cbcf4/resized_thumbnail_w1080_h1080,pho-gau,
98870,98870,Tứ Quý - Phở Bò & Cơm Rang - Trịnh Đình Cửu,1170345,Phở Bò,7777739,Phở Đặc Biệt,"Thịt thăn, thịt bắp, thịt bò chín,gầu , nhiều bánh phở, nước dùng, hành tây, hành hoa ( Giá trên đã bao gồm bát đũa thìa đi kèm )",70000.0,70000.0,133,2,1,1,9,https://media.be.com.vn/be-food/image/026333f1-a45a-11ef-8510-8ea7808cbcf4/resized_thumbnail_w1080_h1080,pho-dac-biet,
98870,98870,Tứ Quý - Phở Bò & Cơm Rang - Trịnh Đình Cửu,1174311,Cơm Rang Chiên,7804816,Cơm Rang Dưa Bò,"Cơm rang giòn rụm, thăn bò, dưa chua, cà chua, hành tây, hành hoa ( Giá trên đã bao gồm bát đũa thìa đi kèm )",50000.0,50000.0,888,5,1,2,1,https://media.be.com.vn/be-food/image/bcf23019-a481-11ef-81cc-d24fde1987a0/resized_thumbnail_w1080_h1080,com-rang-dua-bo,
98870,98870,Tứ Quý - Phở Bò & Cơm Rang - Trịnh Đình Cửu,1174311,Cơm Rang Chiên,7804817,Cơm Rang Cải Bò,"Cơm rang giòn rụm, thăn bò, rau cải ngọt, hành hoa, hành khô, nước dùng ( Giá trên đã bao gồm bát đũa thìa đi kèm )",50000.0,50000.0,220,0,2,2,2,https://media.be.com.vn/be-food/image/eceb113f-a5bf-11ef-81cc-d24fde1987a0/resized_thumbnail_w1080_h1080,com-rang-cai-bo,
98870,98870,Tứ Quý - Phở Bò & Cơm Rang - Trịnh Đình Cửu,1174311,Cơm Rang Chiên,7804818,Cơm Rang Thập Cẩm,"Cơm rang giòn rụm, xúc xích, lạp xưởng, trứng, rau củ, dưa góp, hành khô, hành hoa ( Giá trên đã bao gồm bát đũa thìa đi kèm )",45000.0,45000.0,120,1,0,2,3,https://media.be.com.vn/be-food/image/4fdcc8fe-a5c0-11ef-8d88-0695c6df6d37/resized_thumbnail_w1080_h1080,com-rang-thap-cam,
98870,98870,Tứ Quý - Phở Bò & Cơm Rang - Trịnh Đình Cửu,1174311,Cơm Rang Chiên,7804819,Cơm Rang Trứng ốp,"Cơm rang trộn trứng, rau củ hỗn hợp ( Giá trên đã bao gồm bát đũa thìa đi kèm )",40000.0,40000.0,8,0,0,2,4,https://media.be.com.vn/be-food/image/b41261e9-a5c0-11ef-81cc-d24fde1987a0/resized_thumbnail_w1080_h1080,com-rang-trung-op,
98870,98870,Tứ Quý - Phở Bò & Cơm Rang - Trịnh Đình Cửu,1174311,Cơm Rang Chiên,9152024,Cơm rang đùi gà sốt mắm,"Đùi gà góc tư xối mỡ, cơm đảo mềm, dưa muối ăn kèm, bắp cải",59000.0,59000.0,213,2,0,2,5,https://media.be.com.vn/be-food/image/355fc412-1ff5-11f0-8510-8ea7808cbcf4/resized_thumbnail_w1080_h1080,com-rang-dui-ga-sot-mam,
98870,98870,Tứ Quý - Phở Bò & Cơm Rang - Trịnh Đình Cửu,1174312,"Phở Xào, Mì Xào",7804821,Mỳ Xào Cải Bỏ,"Mì tôm xào, thăn bò, cà rốt, rau cải ngọt, nước dùng, hành hoa, hành tây ( Giá trên đã bao gồm bát đũa thìa đi kèm )",50000.0,50000.0,158,2,0,3,1,https://media.be.com.vn/be-food/image/2c95b675-a5c2-11ef-81cc-d24fde1987a0/resized_thumbnail_w1080_h1080,my-xao-cai-bo,
98870,98870,Tứ Quý - Phở Bò & Cơm Rang - Trịnh Đình Cửu,1174312,"Phở Xào, Mì Xào",7804822,Phở Xào Cải Bò,"Thăn bò, bánh phở, nước dùng, cà chua, cà rốt, rau cải ngọt, hành tây , hành hoa ( Giá trên đã bao gồm bát thìa đũa đi kèm )",50000.0,50000.0,458,3,0,3,2,https://media.be.com.vn/be-food/image/801c9acb-a5c2-11ef-8d88-0695c6df6d37/resized_thumbnail_w1080_h1080,pho-xao-cai-bo,
55835,55835,Tiệm Cơm Gà - Trung Liệt,580994,Cơm,3931511,Cơm thịt xá xíu,Cơm + thịt lợn xá xíu + nộm dưa góp + sốt chấm đặc biệt,62000.0,62000.0,33,0,0,1,1,https://media.be.com.vn/be-food/image/43d8cc61-301c-11ee-8e31-f638ae20f033/resized_thumbnail_w1080_h1080,com-thit-xa-xiu,
55835,55835,Tiệm Cơm Gà - Trung Liệt,580994,Cơm,3931512,Cơm gà rán ngũ vị,Cơm + thịt gà rán + đồ ăn kèm,63000.0,63000.0,45,0,0,1,2,https://media.be.com.vn/be-food/image/92d4b0c3-1032-11ee-bfaa-82e52b34e173/resized_thumbnail_w1080_h1080,com-ga-ran-ngu-vi,
55835,55835,Tiệm Cơm Gà - Trung Liệt,580994,Cơm,3931513,Cơm gà nướng mật ong,Cơm + gà nướng + nộm dưa góp + sốt châms,63000.0,63000.0,64,0,0,1,3,https://media.be.com.vn/be-food/image/972f8027-1032-11ee-8e31-f638ae20f033/resized_thumbnail_w1080_h1080,com-ga-nuong-mat-ong,
55835,55835,Tiệm Cơm Gà - Trung Liệt,580994,Cơm,4283039,Cơm gà xào nấm,,62000.0,62000.0,5,0,0,1,4,https://media.be.com.vn/be-food/image/e4a3a184-3104-11ee-b2af-3ea2e1c5510b/resized_thumbnail_w1080_h1080,com-ga-xao-nam,
88436,88436,Bún Chả Phúc Tha - Hoàng Mai,1038754,Menu,6945265,Bún chả,,48000.0,48000.0,38,1,0,1,1,https://media.be.com.vn/bizops/image/05ef3372-4ef3-11ef-adb9-3e6ef01ea27f/resized_thumbnail_w1080_h1080,bun-cha,
88436,88436,Bún Chả Phúc Tha - Hoàng Mai,1038754,Menu,6945266,Bún chả suất nhiều thịt,,55000.0,55000.0,42,0,0,1,2,https://media.be.com.vn/bizops/image/0c825bfa-4ef3-11ef-a271-b60dedd57ab8/resized_thumbnail_w1080_h1080,bun-cha-suat-nhieu-thit,
88436,88436,Bún Chả Phúc Tha - Hoàng Mai,1038754,Menu,6945269,Thit nướng 2 suất nhiều thịt,,100000.0,100000.0,0,0,0,1,5,https://media.be.com.vn/bizops/image/2218b450-4ef3-11ef-adb9-3e6ef01ea27f/resized_thumbnail_w1080_h1080,thit-nuong-2-suat-nhieu-thit,
88436,88436,Bún Chả Phúc Tha - Hoàng Mai,1038754,Menu,6945270,Bún chả băm,Đầy đủ bát đũa,48000.0,48000.0,7,0,0,1,6,https://media.be.com.vn/bizops/image/26fa024f-4ef3-11ef-ba6d-1220605d9522/resized_thumbnail_w1080_h1080,bun-cha-bam,
88436,88436,Bún Chả Phúc Tha - Hoàng Mai,1038754,Menu,6945271,Thịt nướng 1 lạng,,43000.0,43000.0,1,0,0,1,7,https://media.be.com.vn/bizops/image/31b628ff-4ef3-11ef-ba6d-1220605d9522/resized_thumbnail_w1080_h1080,thit-nuong-1-lang,
88436,88436,Bún Chả Phúc Tha - Hoàng Mai,1038754,Menu,6945273,Bún chả miếng,Đầy đủ bát đũa,48000.0,48000.0,0,0,0,1,9,https://media.be.com.vn/bizops/image/3bfdcf02-4ef3-11ef-a271-b60dedd57ab8/resized_thumbnail_w1080_h1080,bun-cha-mieng,
88436,88436,Bún Chả Phúc Tha - Hoàng Mai,1038754,Menu,6945274,Chả băm,Chả băm 43000đ 1 Lạng ko kèm bún,43000.0,43000.0,1,0,0,1,10,https://media.be.com.vn/bizops/image/3f74fada-4ef3-11ef-ba6d-1220605d9522/resized_thumbnail_w1080_h1080,cha-bam,
88436,88436,Bún Chả Phúc Tha - Hoàng Mai,1038754,Menu,6945276,Bún chả lẫn,( thịt miếng+ thịt băm),48000.0,48000.0,55,0,0,1,12,https://media.be.com.vn/bizops/image/4cbfacf0-4ef3-11ef-ba6d-1220605d9522/resized_thumbnail_w1080_h1080,bun-cha-lan,
88436,88436,Bún Chả Phúc Tha - Hoàng Mai,1038754,Menu,9017441,bánh cuốn phủ lý,bánh cuốn trắng chả băm + thịt miếng,48000.0,48000.0,6,0,0,1,13,https://media.be.com.vn/be-food/image/ca1ed9ac-173e-11f0-8d88-0695c6df6d37/resized_thumbnail_w1080_h1080,banh-cuon-phu-ly,
69293,69293,Cơm & Phở Hương Lan - Nguyễn Thái Học,785737,Phở,5345960,Phở gà,,55000.0,55000.0,9,0,0,1,1,https://media.be.com.vn/bizops/image/41c96d53-989f-11ee-8146-82365e52a8ee/resized_thumbnail_w1080_h1080,pho-ga,
69293,69293,Cơm & Phở Hương Lan - Nguyễn Thái Học,785737,Phở,5345961,Phở bò,,55000.0,55000.0,14,0,0,1,2,https://media.be.com.vn/bizops/image/4a572362-989f-11ee-8146-82365e52a8ee/resized_thumbnail_w1080_h1080,pho-bo,
69293,69293,Cơm & Phở Hương Lan - Nguyễn Thái Học,785737,Phở,5345962,Phở ngan,,55000.0,55000.0,12,0,0,1,3,https://media.be.com.vn/bizops/image/561b6c4f-989f-11ee-8e31-f638ae20f033/resized_thumbnail_w1080_h1080,pho-ngan,
69293,69293,Cơm & Phở Hương Lan - Nguyễn Thái Học,785737,Phở,5345963,"Phở lòng mề, trứng non",,65000.0,65000.0,17,0,0,1,4,https://media.be.com.vn/bizops/image/644ba10f-989f-11ee-8146-82365e52a8ee/resized_thumbnail_w1080_h1080,pho-long-me-trung-non,
69293,69293,Cơm & Phở Hương Lan - Nguyễn Thái Học,785737,Phở,5345964,Phở bò áp chảo,,65000.0,65000.0,4,0,0,1,5,https://media.be.com.vn/bizops/image/6d4e04e8-989f-11ee-b2af-3ea2e1c5510b/resized_thumbnail_w1080_h1080,pho-bo-ap-chao,
69293,69293,Cơm & Phở Hương Lan - Nguyễn Thái Học,785737,Phở,5345965,Phở trộn,,55000.0,55000.0,29,0,0,1,6,https://media.be.com.vn/bizops/image/76cbd834-989f-11ee-bfaa-82e52b34e173/resized_thumbnail_w1080_h1080,pho-tron,
10307,10307,Cơm Gà Xối Mắm Còn - Dương Văn Bé,41449,Món Đang Giảm,343207,Cơm rang thập cẩm,,38000.0,38000.0,104,1,0,1,1,https://media.be.com.vn/be-food/image/d2a47c6f-abf0-11ed-aebb-1eb5d596321f/resized_thumbnail_w1080_h1080,com-rang-thap-cam,
10307,10307,Cơm Gà Xối Mắm Còn - Dương Văn Bé,41450,Phở,343208,Mì xào + 1 chai Pepsi,,70000.0,70000.0,57,2,0,2,1,https://media.be.com.vn/bizops/image/22e5f960-8868-11f0-b84b-3a4f2a37a94e/resized_thumbnail_w1080_h1080,mi-xao-1-chai-pepsi,
10307,10307,Cơm Gà Xối Mắm Còn - Dương Văn Bé,41450,Phở,343209,Phở xào,,60000.0,60000.0,64,2,0,2,2,https://media.be.com.vn/bizops/image/d59707e0-8867-11f0-b84b-3a4f2a37a94e/resized_thumbnail_w1080_h1080,pho-xao,
10307,10307,Cơm Gà Xối Mắm Còn - Dương Văn Bé,41450,Phở,343210,Phở tái,Giá chưa bao gồm phí dụng cụ. Quý khách vui lòng chú thích khi cần hộp nhựa,45000.0,45000.0,21,0,0,2,3,https://media.be.com.vn/bizops/image/6bf6ca84-8868-11f0-9063-66448d787802/resized_thumbnail_w1080_h1080,pho-tai,
10307,10307,Cơm Gà Xối Mắm Còn - Dương Văn Bé,41450,Phở,343212,Phở tái lăn,Quý khách vui lòng chú thích khi cần hộp nhựa,55000.0,55000.0,11,0,0,2,5,https://media.be.com.vn/bizops/image/639d0e9d-8868-11f0-9063-66448d787802/resized_thumbnail_w1080_h1080,pho-tai-lan,
10307,10307,Cơm Gà Xối Mắm Còn - Dương Văn Bé,41450,Phở,343215,Phở áp chảo,"Giá chưa bao gồm phí dụng cụ, quý khách vui lòng chú thích khi cần hộp nhựa",55000.0,55000.0,2,0,0,2,7,https://media.be.com.vn/bizops/image/350458a8-8868-11f0-b84b-3a4f2a37a94e/resized_thumbnail_w1080_h1080,pho-ap-chao,
10307,10307,Cơm Gà Xối Mắm Còn - Dương Văn Bé,41451,Cơm rang,343217,Cơm gà xối mắm,Cơm rang và gà sốt chua cay ngọt. Quán có dưa đi kèm cho khách ăn không bị ngán. Khách không thích ăn đưa thì lưu ý giúp quán nhé.,65000.0,65000.0,119,1,1,3,1,https://media.be.com.vn/be-food/image/d39afd7a-abf0-11ed-aebb-1eb5d596321f/resized_thumbnail_w1080_h1080,com-ga-xoi-mam,
10307,10307,Cơm Gà Xối Mắm Còn - Dương Văn Bé,41451,Cơm rang,343218,Cơm rang đùi gà rán không có sốt,,60000.0,60000.0,137,0,0,3,2,https://media.be.com.vn/bizops/image/7b9ff7fb-8868-11f0-9063-66448d787802/resized_thumbnail_w1080_h1080,com-rang-dui-ga-ran-khong-co-sot,
10307,10307,Cơm Gà Xối Mắm Còn - Dương Văn Bé,41451,Cơm rang,343219,Cơm rang dưa bò,,76000.0,76000.0,178,1,1,3,3,https://media.be.com.vn/bizops/image/e6dd9923-8867-11f0-b84b-3a4f2a37a94e/resized_thumbnail_w1080_h1080,com-rang-dua-bo,
10307,10307,Cơm Gà Xối Mắm Còn - Dương Văn Bé,41451,Cơm rang,343220,Cơm rang thập cẩm,,42000.0,42000.0,16,0,0,3,4,https://media.be.com.vn/be-food/image/d3f81c01-abf0-11ed-aebb-1eb5d596321f/resized_thumbnail_w1080_h1080,com-rang-thap-cam,
10307,10307,Cơm Gà Xối Mắm Còn - Dương Văn Bé,41451,Cơm rang,343221,Cơm rang trứng,Cơm rang trứng,30000.0,30000.0,25,0,0,3,5,https://media.be.com.vn/bizops/image/15a5a7b9-8868-11f0-b84b-3a4f2a37a94e/resized_thumbnail_w1080_h1080,com-rang-trung,
10307,10307,Cơm Gà Xối Mắm Còn - Dương Văn Bé,41451,Cơm rang,343223,Đùi gà thêm,1 đùi gà xối mắm,40000.0,40000.0,102,1,0,3,6,https://media.be.com.vn/bizops/image/1c84ba12-8868-11f0-b84b-3a4f2a37a94e/resized_thumbnail_w1080_h1080,dui-ga-them,
10307,10307,Cơm Gà Xối Mắm Còn - Dương Văn Bé,41451,Cơm rang,343224,Combo cơm gà xối mắm - pepsi,,70000.0,70000.0,21,0,0,3,7,https://media.be.com.vn/be-food/image/d46b5b79-abf0-11ed-aebb-1eb5d596321f/resized_thumbnail_w1080_h1080,combo-com-ga-xoi-mam-pepsi,
10307,10307,Cơm Gà Xối Mắm Còn - Dương Văn Bé,41451,Cơm rang,343225,Cơm Rang Trứng,,25000.0,30000.0,17,2,0,3,8,https://media.be.com.vn/bizops/image/4b46465a-8868-11f0-b84b-3a4f2a37a94e/resized_thumbnail_w1080_h1080,com-rang-trung,
10307,10307,Cơm Gà Xối Mắm Còn - Dương Văn Bé,41451,Cơm rang,343226,Cơm rang thêm,,20000.0,20000.0,45,2,0,3,9,https://media.be.com.vn/bizops/image/f45f3057-8867-11f0-b84b-3a4f2a37a94e/resized_thumbnail_w1080_h1080,com-rang-them,
10307,10307,Cơm Gà Xối Mắm Còn - Dương Văn Bé,41451,Cơm rang,343228,Combo cơm rang dưa bò - pepsi,,70000.0,70000.0,5,0,0,3,11,https://media.be.com.vn/bizops/image/a1eaaa72-886a-11f0-b84b-3a4f2a37a94e/resized_thumbnail_w1080_h1080,combo-com-rang-dua-bo-pepsi,
49400,49400,Tùng Linh Quán - Bún Chả & Bánh Cuốn Nóng - Bùi Xương Trạch,506064,Menu,3430074,Bánh Cuốn Nóng Chả Nướng,,40000.0,40000.0,1,0,0,1,1,https://media.be.com.vn/bizops/image/2cb4e55e-f55c-11ed-a1e9-7acc7c0c1a90/resized_thumbnail_w1080_h1080,banh-cuon-nong-cha-nuong,
49400,49400,Tùng Linh Quán - Bún Chả & Bánh Cuốn Nóng - Bùi Xương Trạch,506064,Menu,3430075,Bún Chả,,40000.0,40000.0,2,0,0,1,2,https://media.be.com.vn/bizops/image/54c8b4dd-f55c-11ed-a1e9-7acc7c0c1a90/resized_thumbnail_w1080_h1080,bun-cha,
88782,88782,Guu Chicken - Cơm Gà & Gà Rán - Khương Hạ,1046915,Cơm Gà Guu Chicken,6997349,Cơm gà sốt cay ngọt,"Suất cơm gồm: Cơm trắng, gà sốt, rau theo mùa, dụng cụ ăn uống, canh, tương ớt.Giá bán đã bao gồm hộp và dụng cụ ăn uống. Guu Chicken sử dụng 100% gà tươi.",55000.0,55000.0,1900,6,1,1,1,https://media.be.com.vn/be-food/image/946b277c-0b11-11f1-b67e-9aaf2a798701/resized_thumbnail_w1080_h1080,com-ga-sot-cay-ngot,
88782,88782,Guu Chicken - Cơm Gà & Gà Rán - Khương Hạ,1046915,Cơm Gà Guu Chicken,6997350,Cơm gà sốt cay nóng,"Suất cơm gồm: Cơm trắng, gà sốt, rau theo mùa, dụng cụ ăn uống, canh, tương ớt.Giá bán đã bao gồm hộp và dụng cụ ăn uống. Guu Chicken sử dụng 100% gà tươi.",55000.0,55000.0,768,1,0,1,2,https://media.be.com.vn/be-food/image/ddf952f9-0b11-11f1-b67e-9aaf2a798701/resized_thumbnail_w1080_h1080,com-ga-sot-cay-nong,
88782,88782,Guu Chicken - Cơm Gà & Gà Rán - Khương Hạ,1046915,Cơm Gà Guu Chicken,6997352,Cơm gà sốt mật ong,"Suất cơm gồm: Cơm trắng, gà sốt, rau theo mùa, dụng cụ ăn uống, canh, tương ớt.Giá bán đã bao gồm hộp và dụng cụ ăn uống. Guu Chicken sử dụng 100% gà tươi.",55000.0,55000.0,299,2,0,1,3,https://media.be.com.vn/be-food/image/f1029c67-0b11-11f1-b67e-9aaf2a798701/resized_thumbnail_w1080_h1080,com-ga-sot-mat-ong,
88782,88782,Guu Chicken - Cơm Gà & Gà Rán - Khương Hạ,1046915,Cơm Gà Guu Chicken,6997356,Cơm gà sốt mắm tỏi,"Suất cơm gồm: Cơm trắng, gà sốt, rau theo mùa, dụng cụ ăn uống, canh, tương ớt.Giá bán đã bao gồm hộp và dụng cụ ăn uống. Guu Chicken sử dụng 100% gà tươi.",55000.0,55000.0,441,1,0,1,4,https://media.be.com.vn/be-food/image/ffddefb2-0b11-11f1-8695-ce3d3ce291c1/resized_thumbnail_w1080_h1080,com-ga-sot-mam-toi,
88782,88782,Guu Chicken - Cơm Gà & Gà Rán - Khương Hạ,1046915,Cơm Gà Guu Chicken,6997358,Cơm gà sốt BBQ,"Suất cơm gồm: Cơm trắng, gà sốt, rau theo mùa, dụng cụ ăn uống, canh, tương ớt.Giá bán đã bao gồm hộp và dụng cụ ăn uống. Guu Chicken sử dụng 100% gà tươi.",55000.0,55000.0,180,1,0,1,5,https://media.be.com.vn/be-food/image/795c642d-0b11-11f1-b67e-9aaf2a798701/resized_thumbnail_w1080_h1080,com-ga-sot-bbq,
88782,88782,Guu Chicken - Cơm Gà & Gà Rán - Khương Hạ,1046915,Cơm Gà Guu Chicken,6997359,Cơm gà sốt kiểu Ý,"Suất cơm gồm: Cơm trắng, gà sốt, rau theo mùa, dụng cụ ăn uống, canh, tương ớt.Giá bán đã bao gồm hộp và dụng cụ ăn uống. Guu Chicken sử dụng 100% gà tươi.",55000.0,55000.0,142,0,1,1,6,https://media.be.com.vn/be-food/image/6e5d3fc5-0b11-11f1-b67e-9aaf2a798701/resized_thumbnail_w1080_h1080,com-ga-sot-kieu-y,
88782,88782,Guu Chicken - Cơm Gà & Gà Rán - Khương Hạ,1046915,Cơm Gà Guu Chicken,6997360,Cơm gà xiên que,"Suất cơm gồm: Cơm trắng, gà xiên 3 xiên, rau theo mùa, dụng cụ ăn uống, canh, tương ớt.Giá bán đã bao gồm hộp và dụng cụ ăn uống. Guu Chicken sử dụng 100% gà tươi.",55000.0,55000.0,37,0,0,1,7,https://media.be.com.vn/be-food/image/50509dc5-0b11-11f1-b63c-1ec8367384f0/resized_thumbnail_w1080_h1080,com-ga-xien-que,
88782,88782,Guu Chicken - Cơm Gà & Gà Rán - Khương Hạ,1046918,Gà Rán - Gà Sốt Guu Chicken,6997364,Gà xiên que ( 3 xiên ),3 xiên,40000.0,40000.0,86,1,0,2,1,https://media.be.com.vn/be-food/image/aa59eea8-0b13-11f1-b63c-1ec8367384f0/resized_thumbnail_w1080_h1080,ga-xien-que-3-xien,
88782,88782,Guu Chicken - Cơm Gà & Gà Rán - Khương Hạ,1046918,Gà Rán - Gà Sốt Guu Chicken,6997368,Gà sốt cay ngọt,1 miếng gà sốt bất kì (đùi/má đùi),45000.0,45000.0,133,1,0,2,2,https://media.be.com.vn/be-food/image/252ccd52-0b14-11f1-b63c-1ec8367384f0/resized_thumbnail_w1080_h1080,ga-sot-cay-ngot,
88782,88782,Guu Chicken - Cơm Gà & Gà Rán - Khương Hạ,1046918,Gà Rán - Gà Sốt Guu Chicken,6997369,Gà sốt cay nóng,1 miếng gà sốt bất kì (đùi/má đùi),45000.0,45000.0,108,0,0,2,3,https://media.be.com.vn/be-food/image/19ef0845-0b14-11f1-b63c-1ec8367384f0/resized_thumbnail_w1080_h1080,ga-sot-cay-nong,
88782,88782,Guu Chicken - Cơm Gà & Gà Rán - Khương Hạ,1046918,Gà Rán - Gà Sốt Guu Chicken,6997370,Gà sốt mật ong,1 miếng gà sốt bất kì (đùi/má đùi),45000.0,45000.0,47,1,0,2,4,https://media.be.com.vn/be-food/image/0eb97e9f-0b14-11f1-b63c-1ec8367384f0/resized_thumbnail_w1080_h1080,ga-sot-mat-ong,
88782,88782,Guu Chicken - Cơm Gà & Gà Rán - Khương Hạ,1046918,Gà Rán - Gà Sốt Guu Chicken,6997371,Gà sốt kiểu Ý,1 miếng gà sốt bất kì (đùi/má đùi),45000.0,45000.0,37,0,0,2,5,https://media.be.com.vn/be-food/image/005f7465-0b14-11f1-b63c-1ec8367384f0/resized_thumbnail_w1080_h1080,ga-sot-kieu-y,
88782,88782,Guu Chicken - Cơm Gà & Gà Rán - Khương Hạ,1046918,Gà Rán - Gà Sốt Guu Chicken,8477155,Gà sốt mắm tỏi,,45000.0,45000.0,31,0,0,2,6,https://media.be.com.vn/be-food/image/f751b101-0b13-11f1-b63c-1ec8367384f0/resized_thumbnail_w1080_h1080,ga-sot-mam-toi,
88782,88782,Guu Chicken - Cơm Gà & Gà Rán - Khương Hạ,1046918,Gà Rán - Gà Sốt Guu Chicken,8477175,Gà sốt BBQ,,45000.0,45000.0,61,0,0,2,7,https://media.be.com.vn/be-food/image/d96dd1c1-0b13-11f1-8695-ce3d3ce291c1/resized_thumbnail_w1080_h1080,ga-sot-bbq,
61570,61570,Bún Chả Quý Anh - Vĩnh Hưng,664679,Bún chả,4507195,Nem rán,,15000.0,15000.0,209,2,0,2,4,https://media.be.com.vn/be-food/image/d88320a4-44be-11ee-8146-82365e52a8ee/resized_thumbnail_w1080_h1080,nem-ran,
61570,61570,Bún Chả Quý Anh - Vĩnh Hưng,664679,Bún chả,4507199,Thêm bún,,10000.0,10000.0,141,0,0,2,8,https://media.be.com.vn/be-food/image/b4578bd3-44be-11ee-bfaa-82e52b34e173/resized_thumbnail_w1080_h1080,them-bun,
61570,61570,Bún Chả Quý Anh - Vĩnh Hưng,932074,Bún đậu,6272142,Bún đậu mẹt,"Bún, dồi sụn, chả cốm, thịt he0, đậu rán, nem rán",54000.0,54000.0,25,0,0,3,1,https://media.be.com.vn/be-food/image/76f7f35e-4ee4-11ef-a271-b60dedd57ab8/original,bun-dau-met,
61570,61570,Bún Chả Quý Anh - Vĩnh Hưng,1590579,Giải khát,10657644,Dasani,Dạng chai 350ml,12000.0,12000.0,0,0,0,4,2,https://media.be.com.vn/be-food/image/5e44f1dc-c311-11f0-9063-66448d787802/resized_thumbnail_w1080_h1080,dasani,
123151,123151,"FoodHub - Mỳ Quảng, Cơm Gà Roti - Hoàng Ngọc Phách",1566274,Mỳ Quảng,10570424,Mỳ Quảng tôm gà,"Mỳ Quảng thịt gà, tôm rim, trứng cút đậm đà ăn cùng rau sống tươi, bánh đa giòn, nước dùng từ xương",70000.0,70000.0,87,1,0,1,1,https://media.be.com.vn/be-food/image/b9d17431-f5a5-11f0-b63c-1ec8367384f0/resized_thumbnail_w1080_h1080,my-quang-tom-ga,
123151,123151,"FoodHub - Mỳ Quảng, Cơm Gà Roti - Hoàng Ngọc Phách",1566274,Mỳ Quảng,10570425,Mỳ Quảng tôm lợn,"Mỳ Quảng thịt lợn, tôm rim, trứng cút đậm đà ăn cùng rau sống tươi, bánh đa giòn, nước dùng từ xương",60000.0,60000.0,28,0,0,1,2,https://media.be.com.vn/be-food/image/c417a5df-f5a5-11f0-b63c-1ec8367384f0/resized_thumbnail_w1080_h1080,my-quang-tom-lon,
123151,123151,"FoodHub - Mỳ Quảng, Cơm Gà Roti - Hoàng Ngọc Phách",1566274,Mỳ Quảng,10570426,Mỳ Quảng thập cẩm,"Mỳ Quảng thịt lợn, thịt gà, trứng cút, tôm rim trứng cút đậm đà ăn cùng rau sống tươi, bánh đa giòn, nước dùng từ xương",66000.0,76000.0,135,1,0,1,3,https://media.be.com.vn/be-food/image/cda092af-f5a5-11f0-b63c-1ec8367384f0/resized_thumbnail_w1080_h1080,my-quang-thap-cam,
123151,123151,"FoodHub - Mỳ Quảng, Cơm Gà Roti - Hoàng Ngọc Phách",1566275,Cơm Đùi Gà Roti,10570427,Cơm đùi gà (Cơm Trắng),"Đùi gà được tấu nước dùng qua đêm rồi chiên giòn tưới đằm nước sốt đặc biệt ăn kèm theo cơm trắng, đồ chua và 1 bát canh theo mùa",55000.0,70000.0,0,0,0,2,1,https://media.be.com.vn/be-food/image/af35f6f9-f5a5-11f0-b67e-9aaf2a798701/resized_thumbnail_w1080_h1080,com-dui-ga-com-trang,
123151,123151,"FoodHub - Mỳ Quảng, Cơm Gà Roti - Hoàng Ngọc Phách",1566275,Cơm Đùi Gà Roti,10570428,Cơm đùi gà (Cơm chiên trứng),"Đùi gà được tấu nước dùng qua đêm rồi chiên giòn tưới đằm nước sốt đặc biệt ăn kèm theo cơm chiên trứng, đồ chua và 1 bát canh theo mùa",66000.0,70000.0,8,1,0,2,2,https://media.be.com.vn/be-food/image/a70bed96-f5a5-11f0-b67e-9aaf2a798701/resized_thumbnail_w1080_h1080,com-dui-ga-com-chien-trung,
123151,123151,"FoodHub - Mỳ Quảng, Cơm Gà Roti - Hoàng Ngọc Phách",1566275,Cơm Đùi Gà Roti,10570429,Cơm đùi gà (Cơm đỏ chiên tỏi),"Đùi gà được tấu nước dùng qua đêm rồi chiên giòn tưới đằm nước sốt đặc biệt ăn kèm theo cơm đỏ chiên tỏi, đồ chua và 1 bát canh theo mùa",66000.0,70000.0,5,0,0,2,3,https://media.be.com.vn/be-food/image/60c0ac22-f5a0-11f0-8695-ce3d3ce291c1/resized_thumbnail_w1080_h1080,com-dui-ga-com-do-chien-toi,
123151,123151,"FoodHub - Mỳ Quảng, Cơm Gà Roti - Hoàng Ngọc Phách",1566339,Combo 1 Người Siêu TK,10571165,Combo Cơm Đùi Gà Tự Chọn + Nước Tự Chọn,Bao gồm 1 suất cơm đùi gà roti tự chọn và 1 nước tự chọn,66000.0,100000.0,1,0,0,4,2,https://media.be.com.vn/be-food/image/79909010-bd89-11f0-9063-66448d787802/resized_thumbnail_w1080_h1080,combo-com-dui-ga-tu-chon-nuoc-tu-chon,
123151,123151,"FoodHub - Mỳ Quảng, Cơm Gà Roti - Hoàng Ngọc Phách",1566339,Combo 1 Người Siêu TK,10571180,Combo Mỳ Quảng Tôm Lợn + Nước Tự Chọn,Bao gồm 1 mỳ quảng tôm lợn và nước tự chọn,62000.0,68000.0,2,1,0,4,3,https://media.be.com.vn/be-food/image/69d1a15d-bd89-11f0-b84b-3a4f2a37a94e/resized_thumbnail_w1080_h1080,combo-my-quang-tom-lon-nuoc-tu-chon,
123151,123151,"FoodHub - Mỳ Quảng, Cơm Gà Roti - Hoàng Ngọc Phách",1566339,Combo 1 Người Siêu TK,10571191,Combo Mỳ Quảng Tôm Gà + Nước Tự Chọn,Bao gồm 1 mỳ quảng tôm gà và nước tự chọn,62000.0,68000.0,7,0,0,4,4,https://media.be.com.vn/be-food/image/62007799-bd89-11f0-9063-66448d787802/resized_thumbnail_w1080_h1080,combo-my-quang-tom-ga-nuoc-tu-chon,
89400,89400,"Bún Chả Linh Anh - Bún Ngan Mọc, Bánh Giò Nóng & Trứng Vịt Lộn - Khương Đình",1052168,Bún Chả,7031292,Bún chả nướng nóng xuất thường,,50000.0,50000.0,207,0,0,1,1,https://media.be.com.vn/bizops/image/ae6e6ee6-5568-11ef-8dc5-12c0bf7afddb/original,bun-cha-nuong-nong-xuat-thuong,
89400,89400,"Bún Chả Linh Anh - Bún Ngan Mọc, Bánh Giò Nóng & Trứng Vịt Lộn - Khương Đình",1052168,Bún Chả,7031300,Bún chả nướng nóng xuất đặc biệt,,65000.0,65000.0,91,0,0,1,2,https://media.be.com.vn/bizops/image/0c2f8e5c-5569-11ef-ba6d-1220605d9522/original,bun-cha-nuong-nong-xuat-dac-biet,
89400,89400,"Bún Chả Linh Anh - Bún Ngan Mọc, Bánh Giò Nóng & Trứng Vịt Lộn - Khương Đình",1052168,Bún Chả,7031294,Bún chả nướng nóng nguyên băm,,50000.0,50000.0,54,1,0,1,3,https://media.be.com.vn/bizops/image/b543a0dd-5568-11ef-adb9-3e6ef01ea27f/original,bun-cha-nuong-nong-nguyen-bam,
89400,89400,"Bún Chả Linh Anh - Bún Ngan Mọc, Bánh Giò Nóng & Trứng Vịt Lộn - Khương Đình",1052168,Bún Chả,7031302,Bún chả nướng nóng nguyên miếng,,50000.0,50000.0,32,0,0,1,4,https://media.be.com.vn/bizops/image/1ec3d63e-5569-11ef-8dc5-12c0bf7afddb/original,bun-cha-nuong-nong-nguyen-mieng,
89400,89400,"Bún Chả Linh Anh - Bún Ngan Mọc, Bánh Giò Nóng & Trứng Vịt Lộn - Khương Đình",1052168,Bún Chả,7031295,Bún chả chan thường,Bún chả chan măng khô - đã bao gồm hộp,55000.0,55000.0,292,2,0,1,5,https://media.be.com.vn/bizops/image/cb7e7d36-5568-11ef-a271-b60dedd57ab8/original,bun-cha-chan-thuong,
89400,89400,"Bún Chả Linh Anh - Bún Ngan Mọc, Bánh Giò Nóng & Trứng Vịt Lộn - Khương Đình",1052168,Bún Chả,7031296,Bún chả chan nguyên băm,,55000.0,55000.0,103,0,0,1,6,https://media.be.com.vn/bizops/image/f81779a3-5568-11ef-8dc5-12c0bf7afddb/original,bun-cha-chan-nguyen-bam,
89400,89400,"Bún Chả Linh Anh - Bún Ngan Mọc, Bánh Giò Nóng & Trứng Vịt Lộn - Khương Đình",1052168,Bún Chả,7031298,Bún chả chan đặc biệt,nhiều chả hơn,65000.0,65000.0,217,1,0,1,7,https://media.be.com.vn/bizops/image/fe0d8476-5568-11ef-a271-b60dedd57ab8/original,bun-cha-chan-dac-biet,
89400,89400,"Bún Chả Linh Anh - Bún Ngan Mọc, Bánh Giò Nóng & Trứng Vịt Lộn - Khương Đình",1052168,Bún Chả,7440802,bánh cuốn chả nướng,bánh cuốn chả nướng xuất lẫn,53000.0,53000.0,30,0,0,1,8,https://media.be.com.vn/be-food/image/0d0f557d-5ea8-11ef-8dc5-12c0bf7afddb/original,banh-cuon-cha-nuong,
89400,89400,"Bún Chả Linh Anh - Bún Ngan Mọc, Bánh Giò Nóng & Trứng Vịt Lộn - Khương Đình",1052169,Món Ngan,7031301,Bún ngan mọc đặc biệt,"Ngan xé, măng khô, mọc tươi",65000.0,65000.0,44,0,0,2,1,https://media.be.com.vn/bizops/image/badfebc9-5569-11ef-a271-b60dedd57ab8/original,bun-ngan-moc-dac-biet,
89400,89400,"Bún Chả Linh Anh - Bún Ngan Mọc, Bánh Giò Nóng & Trứng Vịt Lộn - Khương Đình",1052169,Món Ngan,7031297,Bún ngan xé măng khô,Đã bao gồm tiền hộp,60000.0,60000.0,10,0,0,2,2,https://media.be.com.vn/bizops/image/a59f90ff-5569-11ef-a271-b60dedd57ab8/original,bun-ngan-xe-mang-kho,
89400,89400,"Bún Chả Linh Anh - Bún Ngan Mọc, Bánh Giò Nóng & Trứng Vịt Lộn - Khương Đình",1052169,Món Ngan,7031307,Bún ngan xé măng khô đặc biệt,Nhiều ngan hơn,65000.0,65000.0,7,0,0,2,3,https://media.be.com.vn/bizops/image/01edd0d6-556a-11ef-adb9-3e6ef01ea27f/original,bun-ngan-xe-mang-kho-dac-biet,
89400,89400,"Bún Chả Linh Anh - Bún Ngan Mọc, Bánh Giò Nóng & Trứng Vịt Lộn - Khương Đình",1052169,Món Ngan,7031306,Miến ngan mọc,Miến rong kết hợp ngan xé măng khô và mọc tươi zai zòn,55000.0,55000.0,17,0,0,2,4,https://media.be.com.vn/bizops/image/f5725b94-5569-11ef-adb9-3e6ef01ea27f/original,mien-ngan-moc,
89400,89400,"Bún Chả Linh Anh - Bún Ngan Mọc, Bánh Giò Nóng & Trứng Vịt Lộn - Khương Đình",1052169,Món Ngan,7031309,Miến ngan mọc đặc biệt,,65000.0,65000.0,7,0,0,2,5,https://media.be.com.vn/bizops/image/27daf9c8-556a-11ef-adb9-3e6ef01ea27f/original,mien-ngan-moc-dac-biet,
89400,89400,"Bún Chả Linh Anh - Bún Ngan Mọc, Bánh Giò Nóng & Trứng Vịt Lộn - Khương Đình",1052171,Món Khác,7031303,Bún mọc thịt chân giò măng khô,,55000.0,55000.0,13,0,0,3,1,https://media.be.com.vn/bizops/image/e0c1aed7-5569-11ef-a271-b60dedd57ab8/original,bun-moc-thit-chan-gio-mang-kho,
89400,89400,"Bún Chả Linh Anh - Bún Ngan Mọc, Bánh Giò Nóng & Trứng Vịt Lộn - Khương Đình",1052171,Món Khác,7031304,Bún mọc măng khô,Đã bao gồm tiền hộp,55000.0,55000.0,6,0,0,3,2,https://media.be.com.vn/bizops/image/eb872a41-5569-11ef-adb9-3e6ef01ea27f/original,bun-moc-mang-kho,
89400,89400,"Bún Chả Linh Anh - Bún Ngan Mọc, Bánh Giò Nóng & Trứng Vịt Lộn - Khương Đình",1052171,Món Khác,7031308,Bún nem thịt,,50000.0,50000.0,7,0,0,3,3,https://media.be.com.vn/bizops/image/2313c4eb-556b-11ef-adb9-3e6ef01ea27f/original,bun-nem-thit,
89400,89400,"Bún Chả Linh Anh - Bún Ngan Mọc, Bánh Giò Nóng & Trứng Vịt Lộn - Khương Đình",1052171,Món Khác,7031311,Bún nem đặc biệt,,55000.0,55000.0,10,0,0,3,4,https://media.be.com.vn/bizops/image/1c76b3d6-556b-11ef-adb9-3e6ef01ea27f/original,bun-nem-dac-biet,
89400,89400,"Bún Chả Linh Anh - Bún Ngan Mọc, Bánh Giò Nóng & Trứng Vịt Lộn - Khương Đình",1052170,Ăn Vặt,7031313,Nem chiên nóng giòn,10 cái - Nem được gói bằng lá ram đặc biệt của Hà Tĩnh nên giòn lâu và không thấm dầu mỡ nên khách hàng yên tâm thưởng thức ạ.,90000.0,90000.0,2,0,0,4,1,https://media.be.com.vn/bizops/image/f9d255c9-556a-11ef-ba6d-1220605d9522/resized_thumbnail_w1080_h1080,nem-chien-nong-gion,
89400,89400,"Bún Chả Linh Anh - Bún Ngan Mọc, Bánh Giò Nóng & Trứng Vịt Lộn - Khương Đình",1052175,Combo Cùng Coca Cola,7031321,Bún chả nướng nóng - coca,,63000.0,63000.0,0,0,0,5,1,https://media.be.com.vn/bizops/image/4097d98f-5569-11ef-8dc5-12c0bf7afddb/original,bun-cha-nuong-nong-coca,
89400,89400,"Bún Chả Linh Anh - Bún Ngan Mọc, Bánh Giò Nóng & Trứng Vịt Lộn - Khương Đình",1052175,Combo Cùng Coca Cola,7031322,Bún chả chan - coca,,68000.0,68000.0,5,0,0,5,2,https://media.be.com.vn/bizops/image/3866e0fd-5569-11ef-8dc5-12c0bf7afddb/original,bun-cha-chan-coca,
89400,89400,"Bún Chả Linh Anh - Bún Ngan Mọc, Bánh Giò Nóng & Trứng Vịt Lộn - Khương Đình",1052175,Combo Cùng Coca Cola,7031323,Bún nem - coca,,65000.0,65000.0,0,0,0,5,3,https://media.be.com.vn/bizops/image/b2a73c01-556b-11ef-a271-b60dedd57ab8/original,bun-nem-coca,
89681,89681,Phở Cuốn Diệu Minh - La Thành,1060812,MÓN ĂN VẶT,7085317,Phở Cuốn - 10 Chiếc Tặng 1Ly Coca,Phở Cuốn Tôm Thịt Heo Ăn Cùng Nước Mắm,128000.0,128000.0,56,0,0,1,1,https://media.be.com.vn/be-food/image/4484b4ad-59ab-11ef-a271-b60dedd57ab8/original,pho-cuon-10-chiec-tang-1ly-coca,
89681,89681,Phở Cuốn Diệu Minh - La Thành,1060812,MÓN ĂN VẶT,8213843,Nem Chua Rán - 10 Chiếc,,73000.0,73000.0,6,0,0,1,2,https://media.be.com.vn/be-food/image/af55ea1c-c940-11ef-bd66-b239c83a8124/original,nem-chua-ran-10-chiec,
89681,89681,Phở Cuốn Diệu Minh - La Thành,1060812,MÓN ĂN VẶT,8213844,Xúc Xích Rán - 5 Chiếc,,59000.0,59000.0,3,0,0,1,3,https://media.be.com.vn/be-food/image/4f59f367-c941-11ef-8510-8ea7808cbcf4/original,xuc-xich-ran-5-chiec,
89681,89681,Phở Cuốn Diệu Minh - La Thành,1060812,MÓN ĂN VẶT,9448304,Bánh Bột Lọc Huế - 10 Chiếc,,73000.0,73000.0,1,0,0,1,4,https://media.be.com.vn/be-food/image/dcc31a39-45c3-11f0-8356-9e87fffa4faa/original,banh-bot-loc-hue-10-chiec,
25452,25452,"Bánh Cuốn Nóng, Bún Đậu Mẹt & Bún Chả - Vĩnh Hưng",113410,Menu,858187,Bún chả viên,"Bún chả viên cực ngon, hấp dẫn. khi bạn ăn sẽ cảm nhận được vị thịt thơm, ăn kèm cùng bún, rau, lá thơm và nước chấm",55000.0,55000.0,1881,13,9,1,1,https://media.be.com.vn/be-food/image/8cfdcfe9-b911-11ed-a912-ca4386e16cdf/original,bun-cha-vien,
25452,25452,"Bánh Cuốn Nóng, Bún Đậu Mẹt & Bún Chả - Vĩnh Hưng",113410,Menu,858188,Bún Đậu Chả Cốm Và Nem Rán,"Chả cốm béo ngọt, có hương thơm phức, ngọt mềm. Nem rán giòn tan, màu vàng ươm ăn kèm bún lá tươi ngon, mắm tôm đặc biệt gia truyền",50000.0,50000.0,409,1,3,1,2,https://media.be.com.vn/be-food/image/8d61e3d3-b911-11ed-a912-ca4386e16cdf/original,bun-dau-cha-com-va-nem-ran,
25452,25452,"Bánh Cuốn Nóng, Bún Đậu Mẹt & Bún Chả - Vĩnh Hưng",113410,Menu,858189,Bánh Cuốn Nhân Thịt Hành Phi,"Bánh cuốn nóng dẻo, mùi thơm của hành,nhân thịt thơm và mộc nhĩ giòn giòn. Thưởng thức bánh cuốn nóng với nước mắm đặc biệt và lá thơm",45000.0,45000.0,1412,10,3,1,3,https://media.be.com.vn/be-food/image/8dcd8e0b-b911-11ed-a912-ca4386e16cdf/original,banh-cuon-nhan-thit-hanh-phi,
25452,25452,"Bánh Cuốn Nóng, Bún Đậu Mẹt & Bún Chả - Vĩnh Hưng",113410,Menu,858190,Bánh Cuốn Chả Viên,Nước chấm gia truyền,55000.0,55000.0,1098,14,6,1,4,https://media.be.com.vn/be-food/image/8e30d149-b911-11ed-a912-ca4386e16cdf/original,banh-cuon-cha-vien,
25452,25452,"Bánh Cuốn Nóng, Bún Đậu Mẹt & Bún Chả - Vĩnh Hưng",113410,Menu,858191,Bún đậu mẹt đầy đủ,"Gồm bún đậu,chả cốm,thịt luộc,nem rán,rau sống.",65000.0,65000.0,1233,11,15,1,5,https://media.be.com.vn/be-food/image/8e93c72a-b911-11ed-a912-ca4386e16cdf/original,bun-dau-met-day-du,
25452,25452,"Bánh Cuốn Nóng, Bún Đậu Mẹt & Bún Chả - Vĩnh Hưng",113410,Menu,858192,"Bún Đậu Chả Cốm, Thịt Chân Giò, Dồi Rán",,60000.0,60000.0,288,2,2,1,6,https://media.be.com.vn/be-food/image/8ef11535-b911-11ed-a912-ca4386e16cdf/original,bun-dau-cha-com-thit-chan-gio-doi-ran,
25452,25452,"Bánh Cuốn Nóng, Bún Đậu Mẹt & Bún Chả - Vĩnh Hưng",113410,Menu,858193,Bún Đậu Và Nem Rán,Mắm tôm đặc biệt gia truyền,45000.0,45000.0,66,2,0,1,7,https://media.be.com.vn/be-food/image/8f4a28a4-b911-11ed-a912-ca4386e16cdf/original,bun-dau-va-nem-ran,
25452,25452,"Bánh Cuốn Nóng, Bún Đậu Mẹt & Bún Chả - Vĩnh Hưng",113410,Menu,858197,Bún Đậu Thịt Luôc Và Dồi Sụn,Mắm tôm đặc biệt gia truyền.,50000.0,50000.0,88,0,1,1,10,https://media.be.com.vn/be-food/image/90c535cb-b911-11ed-a912-ca4386e16cdf/original,bun-dau-thit-luoc-va-doi-sun,
25452,25452,"Bánh Cuốn Nóng, Bún Đậu Mẹt & Bún Chả - Vĩnh Hưng",113410,Menu,858198,Bún Đậu Thịt Luộc,Mắm tôm đăc biệt gia truyền,50000.0,50000.0,34,0,1,1,11,https://media.be.com.vn/be-food/image/911cf4c2-b911-11ed-a912-ca4386e16cdf/original,bun-dau-thit-luoc,
25452,25452,"Bánh Cuốn Nóng, Bún Đậu Mẹt & Bún Chả - Vĩnh Hưng",113410,Menu,858199,Bún Đậu Nem Rán Và Dồi Sụn,Mắm tôm đặc biệt gia truyền.,50000.0,50000.0,48,0,1,1,12,https://media.be.com.vn/be-food/image/9177552f-b911-11ed-a912-ca4386e16cdf/original,bun-dau-nem-ran-va-doi-sun,
25452,25452,"Bánh Cuốn Nóng, Bún Đậu Mẹt & Bún Chả - Vĩnh Hưng",113410,Menu,858200,"Bún Đậu Chả Cốm, Thịt Luộc, Nem Rán",,60000.0,60000.0,202,2,1,1,13,https://media.be.com.vn/be-food/image/91ce41b4-b911-11ed-a912-ca4386e16cdf/original,bun-dau-cha-com-thit-luoc-nem-ran,
25452,25452,"Bánh Cuốn Nóng, Bún Đậu Mẹt & Bún Chả - Vĩnh Hưng",113410,Menu,858203,Bánh Cuốn Nhân Thit Và Chả Lụa,Mắm chấm gia truyền,55000.0,55000.0,643,11,3,1,14,https://media.be.com.vn/be-food/image/92f02e78-b911-11ed-a912-ca4386e16cdf/original,banh-cuon-nhan-thit-va-cha-lua,
2267,2267,Gỏi Cuốn - Nem Nướng Hương Béo - Bùi Xương Trạch,1935622,Bún chả Hà Nội,11750060,Bún Chả Lẫn Đặc Biệt,"Nhiều thịt nướng+băm, 500gram bún hơn xuất cỡ vừa. rau sống và nước chấm",65000.0,65000.0,0,0,0,1,1,https://media.be.com.vn/be-food/image/5bb5555d-2cc3-11f1-b63c-1ec8367384f0/resized_thumbnail_w1080_h1080,bun-cha-lan-dac-biet,
2267,2267,Gỏi Cuốn - Nem Nướng Hương Béo - Bùi Xương Trạch,1935622,Bún chả Hà Nội,11750068,Bún Chả Lẫn,"Thịt nướng+băm 400gram bún, rau và mắm chấm",55000.0,55000.0,0,0,0,1,2,https://media.be.com.vn/be-food/image/aa835d4c-2cc3-11f1-b63c-1ec8367384f0/resized_thumbnail_w1080_h1080,bun-cha-lan,
2267,2267,Gỏi Cuốn - Nem Nướng Hương Béo - Bùi Xương Trạch,1935622,Bún chả Hà Nội,11837735,Bún Chả Băm Viên,"Thịt băm viên nướng, 400 gram bún, rau sống mắm chấm đầy đủ",55000.0,55000.0,0,0,0,1,3,https://media.be.com.vn/be-food/image/e04df395-34af-11f1-a167-cadcd99bf8b0/resized_thumbnail_w1080_h1080,bun-cha-bam-vien,
2267,2267,Gỏi Cuốn - Nem Nướng Hương Béo - Bùi Xương Trạch,1935622,Bún chả Hà Nội,11837754,Bún Chả Băm Viên Đặc Biệt,"Nhiều thịt băm viên,500gr bún hơn xuất thường. rau sống mắm chấm đầy đủ",65000.0,65000.0,0,0,0,1,4,https://media.be.com.vn/be-food/image/2a26b9cc-34b0-11f1-b197-ce3d3ce291c1/resized_thumbnail_w1080_h1080,bun-cha-bam-vien-dac-biet,
2267,2267,Gỏi Cuốn - Nem Nướng Hương Béo - Bùi Xương Trạch,1935622,Bún chả Hà Nội,11837772,Bún Chả Miếng,"thịt miếng nướng, 400gr bún rau sống mắm chấm đầy đủ",55000.0,55000.0,0,0,0,1,5,https://media.be.com.vn/be-food/image/9eda59f6-34b0-11f1-b67e-9aaf2a798701/resized_thumbnail_w1080_h1080,bun-cha-mieng,
2267,2267,Gỏi Cuốn - Nem Nướng Hương Béo - Bùi Xương Trạch,1935622,Bún chả Hà Nội,11837789,Bún Chả Miếng Đặc Biệt,Nhiều thịt miếng nướng 500gr bún hơn xuất thường. mắm chấm rau sống đầy đủ,65000.0,65000.0,0,0,0,1,6,https://media.be.com.vn/be-food/image/dd812660-34b0-11f1-a167-cadcd99bf8b0/resized_thumbnail_w1080_h1080,bun-cha-mieng-dac-biet,
126555,126555,"Quán 92 - Cơm Rang, Phở & Mỳ Chua Cay - Trần Quốc Toản",1679817,Menu,10964980,Mỳ chua cay,,60000.0,60000.0,0,0,0,1,1,https://media.be.com.vn/bizops/image/97344da8-defb-11f0-8b11-e6e7ca75c48c/resized_thumbnail_w1080_h1080,my-chua-cay,
126555,126555,"Quán 92 - Cơm Rang, Phở & Mỳ Chua Cay - Trần Quốc Toản",1679817,Menu,10964981,Mỳ xào,,80000.0,80000.0,0,0,0,1,2,https://media.be.com.vn/bizops/image/a88d5ce7-defb-11f0-b84b-3a4f2a37a94e/resized_thumbnail_w1080_h1080,my-xao,
126555,126555,"Quán 92 - Cơm Rang, Phở & Mỳ Chua Cay - Trần Quốc Toản",1679817,Menu,10964982,Phở xào,,80000.0,80000.0,1,0,0,1,3,https://media.be.com.vn/bizops/image/b13cc16d-defb-11f0-8b11-e6e7ca75c48c/resized_thumbnail_w1080_h1080,pho-xao,
18796,18796,Phở Dung - Bún Chả - Tân Mai,79209,Phở Bò,616020,Chín sốt vang,Phở bò chín lẫn thịt sốt vang hầm mềm ngon nhức nách.,50000.0,50000.0,0,0,0,1,1,https://media.be.com.vn/be-food/image/c14547f1-cc9b-11ed-a912-ca4386e16cdf/resized_thumbnail_w1080_h1080,chin-sot-vang,
18796,18796,Phở Dung - Bún Chả - Tân Mai,79209,Phở Bò,616022,Bò chín,"Thịt bò chín được thái miếng mỏng, mềm, thấm đẫm nước phở tuyệt ngon!",50000.0,50000.0,0,0,0,1,2,https://media.be.com.vn/be-food/image/15995743-cc9c-11ed-a912-ca4386e16cdf/resized_thumbnail_w1080_h1080,bo-chin,
18796,18796,Phở Dung - Bún Chả - Tân Mai,79209,Phở Bò,616024,Bò tái chín,"Thịt bò tái mềm ngọt, bò chín thơm",50000.0,50000.0,2,0,0,1,3,https://media.be.com.vn/be-food/image/3ccc2577-cc9c-11ed-a912-ca4386e16cdf/resized_thumbnail_w1080_h1080,bo-tai-chin,
18796,18796,Phở Dung - Bún Chả - Tân Mai,79209,Phở Bò,616028,Bò tái,,50000.0,50000.0,0,0,0,1,4,https://media.be.com.vn/be-food/image/797a791f-cc9c-11ed-8ba4-ee89cbba1863/resized_thumbnail_w1080_h1080,bo-tai,
18796,18796,Phở Dung - Bún Chả - Tân Mai,79209,Phở Bò,616029,Tái sốt vang,,50000.0,50000.0,0,0,0,1,5,https://media.be.com.vn/be-food/image/f4558a43-cc9c-11ed-aca6-c6be6bda1b97/resized_thumbnail_w1080_h1080,tai-sot-vang,
18796,18796,Phở Dung - Bún Chả - Tân Mai,79209,Phở Bò,616030,Sốt vang,,50000.0,50000.0,0,0,0,1,6,https://media.be.com.vn/be-food/image/11ca623a-cc9d-11ed-aca6-c6be6bda1b97/resized_thumbnail_w1080_h1080,sot-vang,
18796,18796,Phở Dung - Bún Chả - Tân Mai,79211,Phở Gà,616031,Gà đùi,,60000.0,60000.0,1,0,0,2,1,https://media.be.com.vn/be-food/image/3334fc3b-cc9d-11ed-aca6-c6be6bda1b97/resized_thumbnail_w1080_h1080,ga-dui,
18796,18796,Phở Dung - Bún Chả - Tân Mai,79211,Phở Gà,616032,Gà đùi lẫn tái,,60000.0,60000.0,0,0,0,2,2,https://media.be.com.vn/be-food/image/58ea45bd-cc9d-11ed-a912-ca4386e16cdf/resized_thumbnail_w1080_h1080,ga-dui-lan-tai,
18796,18796,Phở Dung - Bún Chả - Tân Mai,79211,Phở Gà,616039,Gà đùi lẫn bò chín,,60000.0,60000.0,0,0,0,2,3,https://media.be.com.vn/be-food/image/ebd725ce-cc9d-11ed-975f-9af8f6763244/resized_thumbnail_w1080_h1080,ga-dui-lan-bo-chin,
134250,134250,Bếp Mẹ Bơ - Mỳ Cay Koreno 7 Cấp Độ & Phở Cuốn - Trung Liệt,1996973,Mỳ Cay 7 cấp độ,11973847,Mì cay bò Mỹ,"1 gói mỳ , bò Mỹ , rau",66000.0,66000.0,0,0,0,1,1,https://media.be.com.vn/be-food/image/2f141375-3e82-11f1-b63c-1ec8367384f0/resized_thumbnail_w1080_h1080,mi-cay-bo-my,
134250,134250,Bếp Mẹ Bơ - Mỳ Cay Koreno 7 Cấp Độ & Phở Cuốn - Trung Liệt,1996973,Mỳ Cay 7 cấp độ,11973848,Mì cay hải sản,,68000.0,68000.0,2,0,0,1,2,https://media.be.com.vn/be-food/image/8f4af9bb-3e81-11f1-b67e-9aaf2a798701/resized_thumbnail_w1080_h1080,mi-cay-hai-san,
134250,134250,Bếp Mẹ Bơ - Mỳ Cay Koreno 7 Cấp Độ & Phở Cuốn - Trung Liệt,1996973,Mỳ Cay 7 cấp độ,11973849,Mì cay sườn sụn,,62000.0,62000.0,0,0,0,1,3,https://media.be.com.vn/bizops/image/4cb41354-3e01-11f1-a167-cadcd99bf8b0/resized_thumbnail_w1080_h1080,mi-cay-suon-sun,
134250,134250,Bếp Mẹ Bơ - Mỳ Cay Koreno 7 Cấp Độ & Phở Cuốn - Trung Liệt,1996973,Mỳ Cay 7 cấp độ,11981729,Mỳ cay thập cẩm,"1 gói mỳ , 1 con tôm , 1 con mực , ít bò ,các loại viên , rau",75000.0,75000.0,1,0,0,1,4,https://media.be.com.vn/be-food/image/ab6f5eb0-3e82-11f1-b63c-1ec8367384f0/resized_thumbnail_w1080_h1080,my-cay-thap-cam,
134250,134250,Bếp Mẹ Bơ - Mỳ Cay Koreno 7 Cấp Độ & Phở Cuốn - Trung Liệt,1996973,Mỳ Cay 7 cấp độ,11985735,Mỳ cay xúc xích,"1 gói mỳ , 2 cái xúc xích , rau",49000.0,49000.0,0,0,0,1,5,https://media.be.com.vn/be-food/image/b2322d98-3ede-11f1-b67e-9aaf2a798701/original,my-cay-xuc-xich,
134250,134250,Bếp Mẹ Bơ - Mỳ Cay Koreno 7 Cấp Độ & Phở Cuốn - Trung Liệt,1996973,Mỳ Cay 7 cấp độ,11985759,Mỳ cay các loại viên,"1 gói mỳ , các loại viên thả lẩu , rau",55000.0,55000.0,0,0,0,1,6,https://media.be.com.vn/be-food/image/2d04966e-3edf-11f1-b197-ce3d3ce291c1/resized_thumbnail_w1080_h1080,my-cay-cac-loai-vien,
134250,134250,Bếp Mẹ Bơ - Mỳ Cay Koreno 7 Cấp Độ & Phở Cuốn - Trung Liệt,1998179,Mỳ trộn,11986106,Mỳ trộn xúc xích,"1 gói mỳ , 2 cái xúc xích , rau",45000.0,45000.0,0,0,0,3,1,https://media.be.com.vn/be-food/image/d8cefb63-3ee5-11f1-a167-cadcd99bf8b0/resized_thumbnail_w1080_h1080,my-tron-xuc-xich,
134250,134250,Bếp Mẹ Bơ - Mỳ Cay Koreno 7 Cấp Độ & Phở Cuốn - Trung Liệt,1998179,Mỳ trộn,11986115,Mỳ trộn các viên thả lẩu,"1 gói mỳ , các viên thả lẩu , rau",53000.0,53000.0,0,0,0,3,2,https://media.be.com.vn/be-food/image/0c88bf82-3ee6-11f1-b67e-9aaf2a798701/resized_thumbnail_w1080_h1080,my-tron-cac-vien-tha-lau,
134250,134250,Bếp Mẹ Bơ - Mỳ Cay Koreno 7 Cấp Độ & Phở Cuốn - Trung Liệt,1998179,Mỳ trộn,11986126,mỳ trộn thập cẩm,"1 con tôm , 1 con mực , bò Mỹ , các loại viên",70000.0,70000.0,0,0,0,3,3,https://media.be.com.vn/be-food/image/43754302-3ee6-11f1-b197-ce3d3ce291c1/resized_thumbnail_w1080_h1080,my-tron-thap-cam,
134250,134250,Bếp Mẹ Bơ - Mỳ Cay Koreno 7 Cấp Độ & Phở Cuốn - Trung Liệt,1998179,Mỳ trộn,11986133,Mỳ trộn bò Mỹ,"1 gói mỳ , rau bò",58000.0,58000.0,0,0,0,3,4,https://media.be.com.vn/be-food/image/71f13b7a-3ee6-11f1-b67e-9aaf2a798701/resized_thumbnail_w1080_h1080,my-tron-bo-my,
134680,134680,Mì Indomie & Phở Cuốn - Lĩnh Nam,2003301,Đồ Ăn,12027048,Mì trộn full topping nhiều mì,"Mì trộn gồm: 2 gói mì, mực xoắn, tôm hình, viên bò, viên tôm, viên cá, vv",45000.0,45000.0,0,0,0,1,1,https://media.be.com.vn/bizops/image/b1c0bec0-409d-11f1-b63c-1ec8367384f0/resized_thumbnail_w1080_h1080,mi-tron-full-topping-nhieu-mi,
134680,134680,Mì Indomie & Phở Cuốn - Lĩnh Nam,2003301,Đồ Ăn,12027049,Mì trộn full topping - trứng ốp,"Mì trộn gồm: 1 gói mì, mực xoắn, tôm định hình, bò viên, cá viên, tôm viên, viên rau củ, 1 trứng ốp la",45000.0,45000.0,0,0,0,1,2,https://media.be.com.vn/bizops/image/cc8d7a1e-2513-11f1-a167-cadcd99bf8b0/original,mi-tron-full-topping-trung-op,
134680,134680,Mì Indomie & Phở Cuốn - Lĩnh Nam,2003301,Đồ Ăn,12027050,Mì trộn rau củ,"Mì gồm: 1 gói mì, đỗ, cà rốt, ngô ngọt, vv",25000.0,25000.0,0,0,0,1,3,https://media.be.com.vn/bizops/image/3ff57b5b-12b9-11f1-b67e-9aaf2a798701/original,mi-tron-rau-cu,
134680,134680,Mì Indomie & Phở Cuốn - Lĩnh Nam,2003301,Đồ Ăn,12027051,Mì trộn Indomie xúc xích,"1 gói mì Indomie, 1 xúc xích",30000.0,30000.0,0,0,0,1,4,https://media.be.com.vn/bizops/image/ab750cb7-409d-11f1-b63c-1ec8367384f0/resized_thumbnail_w1080_h1080,mi-tron-indomie-xuc-xich,
134680,134680,Mì Indomie & Phở Cuốn - Lĩnh Nam,2003301,Đồ Ăn,12027052,Mì trộn Indomie trứng ốp,"1 gói mì Indomie, 1 trứng ốp la",30000.0,30000.0,0,0,0,1,5,https://media.be.com.vn/bizops/image/cc8d7a1e-2513-11f1-a167-cadcd99bf8b0/original,mi-tron-indomie-trung-op,
134680,134680,Mì Indomie & Phở Cuốn - Lĩnh Nam,2003302,Đồ Ăn Vặt,12027053,Cá viên chiên,,25000.0,25000.0,0,0,0,2,1,https://media.be.com.vn/bizops/image/45a17a9f-a3f4-11f0-8021-922c9d42c616/original,ca-vien-chien,
36147,36147,Phở Vịt Quay Tứ Xuyên - Láng Hạ,363621,Menu,2452363,Bún chả quạt,,40000.0,40000.0,1,0,0,1,1,https://media.be.com.vn/bizops/image/249e9304-d8fe-11ed-bf5d-d223e3fbaf4c/resized_thumbnail_w1080_h1080,bun-cha-quat,
54641,54641,Bún Đậu Chị Hai - Nem Nướng Nha Trang & Phở Cuốn - Nguyễn Ngọc Vũ,568287,Menu,3847352,Bún đậu mắm tôm,"Bún lá ăn kèm với đậu phụ rán , thịt luộc , chả cốm , dồi sụn ,rau thơm kinh giới , dưa chuột...",45000.0,45000.0,543,6,44,1,1,https://media.be.com.vn/be-food/image/a55382b5-3c56-11ee-b2af-3ea2e1c5510b/resized_thumbnail_w1080_h1080,bun-dau-mam-tom,
54641,54641,Bún Đậu Chị Hai - Nem Nướng Nha Trang & Phở Cuốn - Nguyễn Ngọc Vũ,568287,Menu,11944369,Combo Bún Đậu Mắm Tôm và Trà Tắc,"Bún đậu giòn ngon, kèm sốt mắm tôm thơm phức và trà tắc mát lạnh sảng khoái.",60000.0,60000.0,1,0,0,1,2,https://media.be.com.vn/be-food/image/dab79b32-3bf6-11f1-b197-ce3d3ce291c1/resized_thumbnail_w1080_h1080,combo-bun-dau-mam-tom-va-tra-tac,
37364,37364,Quán Ngon - Gà Tần & Bánh Cuốn Nóng - Tạ Quang Bửu,375677,Gà,2535795,Cánh,Suất,30000.0,30000.0,0,0,0,1,6,https://media.be.com.vn/bizops/image/df0d3f43-c242-11ed-8ba4-ee89cbba1863/resized_thumbnail_w1080_h1080,canh,
37364,37364,Quán Ngon - Gà Tần & Bánh Cuốn Nóng - Tạ Quang Bửu,375677,Gà,2535796,Má đùi,Suất,30000.0,30000.0,0,0,0,1,7,https://media.be.com.vn/bizops/image/eaa3a163-c242-11ed-8ba4-ee89cbba1863/resized_thumbnail_w1080_h1080,ma-dui,
37364,37364,Quán Ngon - Gà Tần & Bánh Cuốn Nóng - Tạ Quang Bửu,375677,Gà,2535797,Đùi,Suất,35000.0,35000.0,0,0,0,1,8,https://media.be.com.vn/bizops/image/f1f6e51b-c242-11ed-8ba4-ee89cbba1863/resized_thumbnail_w1080_h1080,dui,
37364,37364,Quán Ngon - Gà Tần & Bánh Cuốn Nóng - Tạ Quang Bửu,375678,Mỳ - Miến,2535798,Tim,Bát,35000.0,35000.0,0,0,0,2,1,https://media.be.com.vn/bizops/image/fbc4fad1-c242-11ed-8ba4-ee89cbba1863/resized_thumbnail_w1080_h1080,tim,
37364,37364,Quán Ngon - Gà Tần & Bánh Cuốn Nóng - Tạ Quang Bửu,375678,Mỳ - Miến,2535799,Lòng mề,Bát,35000.0,35000.0,0,0,0,2,2,https://media.be.com.vn/bizops/image/05d2427e-c243-11ed-8ba4-ee89cbba1863/resized_thumbnail_w1080_h1080,long-me,
37364,37364,Quán Ngon - Gà Tần & Bánh Cuốn Nóng - Tạ Quang Bửu,375678,Mỳ - Miến,2535800,Cánh,Bát,40000.0,40000.0,0,0,0,2,3,https://media.be.com.vn/bizops/image/0e06637f-c243-11ed-8ba4-ee89cbba1863/resized_thumbnail_w1080_h1080,canh,
37364,37364,Quán Ngon - Gà Tần & Bánh Cuốn Nóng - Tạ Quang Bửu,375678,Mỳ - Miến,2535801,Má đùi,Bát,40000.0,40000.0,0,0,0,2,4,https://media.be.com.vn/bizops/image/18bcba0e-c243-11ed-8ba4-ee89cbba1863/resized_thumbnail_w1080_h1080,ma-dui,
37364,37364,Quán Ngon - Gà Tần & Bánh Cuốn Nóng - Tạ Quang Bửu,375678,Mỳ - Miến,2535802,Đùi,Bát,45000.0,45000.0,0,0,0,2,5,https://media.be.com.vn/bizops/image/215e2327-c243-11ed-8ba4-ee89cbba1863/resized_thumbnail_w1080_h1080,dui,
6930,6930,Kombo cơm niêu Singapore - 46 Trần Đại Nghĩa,18932,MÓN SALAD,4009106,Salad Hoa Quả,Giá đã bao gồm VAT 8%,59400.0,59400.0,9,0,0,2,1,https://media.be.com.vn/be-food/image/20ba9d0f-6c4c-11f0-9063-66448d787802/original,salad-hoa-qua,
6930,6930,Kombo cơm niêu Singapore - 46 Trần Đại Nghĩa,18932,MÓN SALAD,4468701,Salad Nhiệt Đới,Giá đã bao gồm VAT 8%,59400.0,59400.0,12,1,0,2,2,https://media.be.com.vn/be-food/image/a62ae8d7-6c38-11f0-8021-922c9d42c616/original,salad-nhiet-doi,
6930,6930,Kombo cơm niêu Singapore - 46 Trần Đại Nghĩa,18932,MÓN SALAD,9775322,Salad KOMBO,Giá đã bao gồm VAT 8%,81000.0,81000.0,0,0,0,2,3,https://media.be.com.vn/be-food/image/57bd4639-6c4c-11f0-b84b-3a4f2a37a94e/original,salad-kombo,
6930,6930,Kombo cơm niêu Singapore - 46 Trần Đại Nghĩa,591977,CƠM NIÊU SINGAPORE KOMBO,4009067,Cơm Niêu Bò Nướng,Giá đã bao gồm VAT 8%,102600.0,102600.0,215,1,0,4,1,https://media.be.com.vn/be-food/image/e16338ce-6c37-11f0-b84b-3a4f2a37a94e/original,com-nieu-bo-nuong,
6930,6930,Kombo cơm niêu Singapore - 46 Trần Đại Nghĩa,591977,CƠM NIÊU SINGAPORE KOMBO,4009069,Cơm Niêu Bò Sốt Tiêu Đen,Giá đã bao gồm VAT 8%,91800.0,91800.0,470,1,0,4,2,https://media.be.com.vn/be-food/image/dad3d36c-6c37-11f0-8021-922c9d42c616/original,com-nieu-bo-sot-tieu-den,
6930,6930,Kombo cơm niêu Singapore - 46 Trần Đại Nghĩa,591977,CƠM NIÊU SINGAPORE KOMBO,4009074,Cơm Niêu Gà Sốt Nấm,Giá đã bao gồm VAT 8%,82620.0,91800.0,245,1,1,4,3,https://media.be.com.vn/be-food/image/ecedf3e9-6c37-11f0-8021-922c9d42c616/original,com-nieu-ga-sot-nam,
6930,6930,Kombo cơm niêu Singapore - 46 Trần Đại Nghĩa,591977,CƠM NIÊU SINGAPORE KOMBO,4009078,Cơm Niêu Thịt Sốt BBQ,Giá đã bao gồm VAT 8%,91800.0,91800.0,131,0,0,4,4,https://media.be.com.vn/be-food/image/11cbb1ec-6c38-11f0-9063-66448d787802/original,com-nieu-thit-sot-bbq,
6930,6930,Kombo cơm niêu Singapore - 46 Trần Đại Nghĩa,591975,MÓN CANH - RAU,4009065,Canh Chua Thịt Bằm,Giá đã bao gồm VAT 8%,43200.0,43200.0,184,1,0,5,1,https://media.be.com.vn/be-food/image/bcce940e-6c38-11f0-8021-922c9d42c616/original,canh-chua-thit-bam,
6930,6930,Kombo cơm niêu Singapore - 46 Trần Đại Nghĩa,591975,MÓN CANH - RAU,4009092,Nấm Xào,Giá đã bao gồm VAT 8%,70200.0,70200.0,10,0,0,5,2,https://media.be.com.vn/be-food/image/47d23659-6c4b-11f0-b84b-3a4f2a37a94e/original,nam-xao,
6930,6930,Kombo cơm niêu Singapore - 46 Trần Đại Nghĩa,591975,MÓN CANH - RAU,4009097,Súp Lơ Xào Nấm,Giá đã bao gồm VAT 8%,59400.0,59400.0,26,0,0,5,3,https://media.be.com.vn/be-food/image/34289f87-6c4b-11f0-b84b-3a4f2a37a94e/original,sup-lo-xao-nam,
6930,6930,Kombo cơm niêu Singapore - 46 Trần Đại Nghĩa,591975,MÓN CANH - RAU,9775348,Canh Chua Ngao,Giá đã bao gồm VAT 8%,48600.0,48600.0,19,0,0,5,4,https://media.be.com.vn/be-food/image/db13a503-6c38-11f0-b84b-3a4f2a37a94e/original,canh-chua-ngao,
6930,6930,Kombo cơm niêu Singapore - 46 Trần Đại Nghĩa,591979,MÓN ĂN CHƠI,4009087,Ngô Chiên Bơ,Giá đã bao gồm VAT 8%,48600.0,48600.0,6,1,0,7,1,https://media.be.com.vn/be-food/image/057b1d32-6c47-11f0-9063-66448d787802/original,ngo-chien-bo,
6930,6930,Kombo cơm niêu Singapore - 46 Trần Đại Nghĩa,591979,MÓN ĂN CHƠI,9775396,Trứng Rán Ngũ Sắc,Giá đã bao gồm VAT 8%,54000.0,54000.0,0,0,0,7,2,https://media.be.com.vn/be-food/image/7eec5c8c-6c49-11f0-8b11-e6e7ca75c48c/original,trung-ran-ngu-sac,
42458,42458,Cơm Gà Xối Mỡ Mai Phương - Lê Thanh Nghị,436727,MENU,2963750,Cơm Gà Nướng,,50000.0,50000.0,990,6,3,1,1,https://media.be.com.vn/bizops/image/a2898b53-dcfd-11ed-bf5d-d223e3fbaf4c/original,com-ga-nuong,
42458,42458,Cơm Gà Xối Mỡ Mai Phương - Lê Thanh Nghị,436727,MENU,2963751,Cơm Gà Kho Gừng,,50000.0,50000.0,297,2,0,1,2,https://media.be.com.vn/bizops/image/ba5c6713-dcfd-11ed-bf5d-d223e3fbaf4c/original,com-ga-kho-gung,
42458,42458,Cơm Gà Xối Mỡ Mai Phương - Lê Thanh Nghị,436727,MENU,2963752,Cơm Gà Xào Nấm,,55000.0,55000.0,200,3,0,1,3,https://media.be.com.vn/bizops/image/ca137911-dcfd-11ed-bf5d-d223e3fbaf4c/original,com-ga-xao-nam,
42458,42458,Cơm Gà Xối Mỡ Mai Phương - Lê Thanh Nghị,436727,MENU,3134157,cơm thịt kho tầu,,50000.0,50000.0,174,0,2,1,4,https://media.be.com.vn/be-food/image/d4ef4bf8-e4e4-11ed-92ce-aa074468633e/original,com-thit-kho-tau,
42458,42458,Cơm Gà Xối Mỡ Mai Phương - Lê Thanh Nghị,436727,MENU,3134158,cơm thịt rang,,50000.0,50000.0,58,0,1,1,5,https://media.be.com.vn/be-food/image/027459f1-e4e5-11ed-92ce-aa074468633e/original,com-thit-rang,
42458,42458,Cơm Gà Xối Mỡ Mai Phương - Lê Thanh Nghị,436727,MENU,3134160,cơm xá xíu,,50000.0,50000.0,41,1,0,1,6,https://media.be.com.vn/be-food/image/1efb2a28-e4e5-11ed-92ce-aa074468633e/original,com-xa-xiu,
42458,42458,Cơm Gà Xối Mỡ Mai Phương - Lê Thanh Nghị,436727,MENU,3134161,cơm sườn sốt,,50000.0,50000.0,344,2,1,1,7,https://media.be.com.vn/be-food/image/4ceedaa3-f7a4-11ed-99ae-5e8316b9abf2/original,com-suon-sot,
42458,42458,Cơm Gà Xối Mỡ Mai Phương - Lê Thanh Nghị,436727,MENU,3134162,cơm bò kho,,50000.0,50000.0,98,0,0,1,8,https://media.be.com.vn/be-food/image/6fac8421-e51f-11ed-b2ce-667b790d73bb/original,com-bo-kho,
42458,42458,Cơm Gà Xối Mỡ Mai Phương - Lê Thanh Nghị,436727,MENU,3134163,cơm chả cá chiên,,50000.0,50000.0,43,0,0,1,9,https://media.be.com.vn/be-food/image/b3a859d6-e4e5-11ed-bba6-3ea540489b07/original,com-cha-ca-chien,
42458,42458,Cơm Gà Xối Mỡ Mai Phương - Lê Thanh Nghị,436727,MENU,3134174,cơm đậu sốt thịt,,50000.0,50000.0,29,0,0,1,10,https://media.be.com.vn/be-food/image/e152b6ec-e4e5-11ed-b2ce-667b790d73bb/original,com-dau-sot-thit,
42458,42458,Cơm Gà Xối Mỡ Mai Phương - Lê Thanh Nghị,436727,MENU,3134213,cơm rang dưa bò,,55000.0,55000.0,140,1,0,1,11,https://media.be.com.vn/be-food/image/070bfeaf-e4e6-11ed-b2ce-667b790d73bb/original,com-rang-dua-bo,
42458,42458,Cơm Gà Xối Mỡ Mai Phương - Lê Thanh Nghị,436727,MENU,3134214,mỳ sào hải sản,,55000.0,55000.0,81,1,0,1,12,https://media.be.com.vn/be-food/image/2b579bc7-e4e6-11ed-b2ce-667b790d73bb/original,my-sao-hai-san,
42458,42458,Cơm Gà Xối Mỡ Mai Phương - Lê Thanh Nghị,640741,Cùng Coca Cola,4330792,Cơm thịt kho tàu + Coca Cola,,69000.0,69000.0,18,0,0,2,1,https://media.be.com.vn/be-food/image/a9e92285-3597-11ee-b2af-3ea2e1c5510b/original,com-thit-kho-tau-coca-cola,
42458,42458,Cơm Gà Xối Mỡ Mai Phương - Lê Thanh Nghị,640741,Cùng Coca Cola,4330799,Cơm cá kho + Coca Cola,,69000.0,69000.0,16,0,0,2,2,https://media.be.com.vn/be-food/image/c0106a20-3597-11ee-bfaa-82e52b34e173/original,com-ca-kho-coca-cola,
42458,42458,Cơm Gà Xối Mỡ Mai Phương - Lê Thanh Nghị,640741,Cùng Coca Cola,4330840,Cơm gà xối mỡ + Coca Cola,,70000.0,70000.0,315,0,1,2,3,https://media.be.com.vn/be-food/image/d1e31f85-3597-11ee-bfaa-82e52b34e173/original,com-ga-xoi-mo-coca-cola,
56543,56543,Gà Rán KFC - Lê Thanh Nghị,2057136,MÓN MỚI MÙA HÈ,12263809,1 Miếng Gà Lắc Tiêu Chanh,1 Miếng Gà Lắc Tiêu Chanh,40000.0,40000.0,0,0,0,1,1,https://media.be.com.vn/bizops/image/d173d31d-53f5-11f1-8d18-dadbc64f7918/resized_thumbnail_w1080_h1080,1-mieng-ga-lac-tieu-chanh,
56543,56543,Gà Rán KFC - Lê Thanh Nghị,2057136,MÓN MỚI MÙA HÈ,12263810,2 Miếng Gà Lắc Tiêu Chanh,2 Miếng Gà Lắc Tiêu Chanh,79000.0,79000.0,0,0,0,1,2,https://media.be.com.vn/bizops/image/e175cba1-53f5-11f1-8d18-dadbc64f7918/resized_thumbnail_w1080_h1080,2-mieng-ga-lac-tieu-chanh,
56543,56543,Gà Rán KFC - Lê Thanh Nghị,2057136,MÓN MỚI MÙA HÈ,12263811,3 Miếng Gà Lắc Tiêu Chanh,3 Miếng Gà Lắc Tiêu Chanh,116000.0,116000.0,0,0,0,1,3,https://media.be.com.vn/bizops/image/0015434e-53f6-11f1-8d18-dadbc64f7918/resized_thumbnail_w1080_h1080,3-mieng-ga-lac-tieu-chanh,
56543,56543,Gà Rán KFC - Lê Thanh Nghị,2057136,MÓN MỚI MÙA HÈ,12275964,1 Cơm Gà Lắc Tiêu Chanh,1 Cơm Gà Lắc Tiêu Chanh,52000.0,52000.0,0,0,0,1,4,https://media.be.com.vn/be-food/image/befd2596-53fd-11f1-8683-3a351028b633/resized_thumbnail_w1080_h1080,1-com-ga-lac-tieu-chanh,
56543,56543,Gà Rán KFC - Lê Thanh Nghị,2057137,KHUẤY ĐẢO MÙA HÈ_KFC TUNG DEAL,12263812,Combo Tiêu Tung Chill 85k,1 Miếng Gà Rán + 1 Miếng Gà Lắc Tiêu Chanh + 1 ly Pepsi Không Đường (Đại),85000.0,97000.0,0,0,0,2,1,https://media.be.com.vn/bizops/image/5595721b-53f6-11f1-ad42-166496a6b8bb/resized_thumbnail_w1080_h1080,combo-tieu-tung-chill-85k,
56543,56543,Gà Rán KFC - Lê Thanh Nghị,1452148,MÓN MỚI NÊN THỬ_GÀ XỐT MẮM TỎI,9949959,1 Miếng Gà Xốt Mắm Tỏi,1 Miếng Gà Xốt Mắm Tỏi,40000.0,40000.0,7,0,0,3,1,https://media.be.com.vn/bizops/image/1f618348-7cb5-11f0-8b11-e6e7ca75c48c/resized_thumbnail_w1080_h1080,1-mieng-ga-xot-mam-toi,
56543,56543,Gà Rán KFC - Lê Thanh Nghị,1452148,MÓN MỚI NÊN THỬ_GÀ XỐT MẮM TỎI,9949960,2 Miếng Gà Xốt Mắm Tỏi,2 Miếng Gà Xốt Mắm Tỏi,79000.0,79000.0,5,0,0,3,2,https://media.be.com.vn/bizops/image/2ce28307-7cb5-11f0-8b11-e6e7ca75c48c/resized_thumbnail_w1080_h1080,2-mieng-ga-xot-mam-toi,
56543,56543,Gà Rán KFC - Lê Thanh Nghị,1452148,MÓN MỚI NÊN THỬ_GÀ XỐT MẮM TỎI,9949961,3 Miếng Gà Xốt Mắm Tỏi,3 Miếng Gà Xốt Mắm Tỏi,116000.0,116000.0,1,0,0,3,3,https://media.be.com.vn/bizops/image/304685dd-7cb5-11f0-b84b-3a4f2a37a94e/resized_thumbnail_w1080_h1080,3-mieng-ga-xot-mam-toi,
56543,56543,Gà Rán KFC - Lê Thanh Nghị,1404424,Combo Ưu Đãi Sốc,6125646,Combo Burger Tôm,1 Burger tôm + 1 Khoai tây chiên (vừa) + 1 Ly Pepsi (tiêu chuẩn),69000.0,69000.0,43,0,0,4,2,https://media.be.com.vn/bizops/image/fc530cd1-3d3c-11f1-b63c-1ec8367384f0/resized_thumbnail_w1080_h1080,combo-burger-tom,
56543,56543,Gà Rán KFC - Lê Thanh Nghị,1404424,Combo Ưu Đãi Sốc,6125780,Combo Burger Zinger,1 Burger zinger + 1 Khoai tây chiên (vừa) + 1 Ly Pepsi (tiêu chuẩn),79000.0,79000.0,21,0,0,4,3,https://media.be.com.vn/be-food/image/786ba9aa-3d3d-11f1-b67e-9aaf2a798701/resized_thumbnail_w1080_h1080,combo-burger-zinger,
56543,56543,Gà Rán KFC - Lê Thanh Nghị,1404424,Combo Ưu Đãi Sốc,6126006,Combo Mì Ý & Gà Tenders,1 Mì ý xúc xích + 3 Tender + 1 Ly Pepsi (tiêu chuẩn),79000.0,79000.0,43,0,1,4,4,https://media.be.com.vn/bizops/image/ee871f68-3d3a-11f1-a167-cadcd99bf8b0/resized_thumbnail_w1080_h1080,combo-mi-y-ga-tenders,
56543,56543,Gà Rán KFC - Lê Thanh Nghị,1404424,Combo Ưu Đãi Sốc,11959414,Combo 1 Miếng Gà,1 Miếng gà + 1 Khoai tây chiên (Vừa) + 1 Ly Pepsi (tiêu chuẩn),59000.0,59000.0,1,0,0,4,5,https://media.be.com.vn/bizops/image/36e9ac02-3d1a-11f1-b197-ce3d3ce291c1/resized_thumbnail_w1080_h1080,combo-1-mieng-ga,
56543,56543,Gà Rán KFC - Lê Thanh Nghị,1404424,Combo Ưu Đãi Sốc,11959418,Combo Mì Ý Solo,1 Mì ý gà rán + 1 Ly Pepsi (tiêu chuẩn),71000.0,71000.0,1,0,0,4,9,https://media.be.com.vn/bizops/image/12811462-3d1d-11f1-b67e-9aaf2a798701/resized_thumbnail_w1080_h1080,combo-mi-y-solo,
56543,56543,Gà Rán KFC - Lê Thanh Nghị,1404424,Combo Ưu Đãi Sốc,11959420,Combo Burger Zinger,1 Burger zinger + 1 Khoai tây chiên (vừa) + 1 Ly Pepsi (tiêu chuẩn),79000.0,79000.0,0,0,0,4,10,https://media.be.com.vn/bizops/image/2e987b4e-3d20-11f1-b63c-1ec8367384f0/resized_thumbnail_w1080_h1080,combo-burger-zinger,
56543,56543,Gà Rán KFC - Lê Thanh Nghị,1404424,Combo Ưu Đãi Sốc,11959421,Combo Burger Gà Quay,1 Burger gà quay + 1 Khoai tây chiên (vừa) + 1 Ly Pepsi (tiêu chuẩn),79000.0,79000.0,0,0,0,4,11,https://media.be.com.vn/bizops/image/765a9bcc-3d20-11f1-b67e-9aaf2a798701/resized_thumbnail_w1080_h1080,combo-burger-ga-quay,
56543,56543,Gà Rán KFC - Lê Thanh Nghị,1404424,Combo Ưu Đãi Sốc,11959422,Combo Burger Gà Yo,1 Burger gà yo + 1 Khoai tây chiên (vừa) + 1 Ly Pepsi (tiêu chuẩn),56000.0,56000.0,0,0,0,4,12,https://media.be.com.vn/bizops/image/daee5700-3d20-11f1-b197-ce3d3ce291c1/resized_thumbnail_w1080_h1080,combo-burger-ga-yo,
56543,56543,Gà Rán KFC - Lê Thanh Nghị,909000,GÀ RÁN - GÀ QUAY,6123968,3 Miếng Gà Rán,3 Miếng Gà Rán + 3 gói tương (cà/ ớt),105000.0,105000.0,123,2,0,6,1,https://media.be.com.vn/bizops/image/2f7cd016-fad8-11ee-8673-82f2a81174be/resized_thumbnail_w1080_h1080,3-mieng-ga-ran,
56543,56543,Gà Rán KFC - Lê Thanh Nghị,909000,GÀ RÁN - GÀ QUAY,6123969,2 Miếng Gà Rán,2 Miếng Gà Rán + 2 gói tương (cà/ ớt),74000.0,74000.0,174,1,0,6,2,https://media.be.com.vn/bizops/image/21a07a3d-fad8-11ee-b972-a27b06ef25f3/resized_thumbnail_w1080_h1080,2-mieng-ga-ran,
56543,56543,Gà Rán KFC - Lê Thanh Nghị,909000,GÀ RÁN - GÀ QUAY,6123970,1 Miếng Gà Rán,1 Miếng Gà Rán + 1 gói tương (cà/ ớt),37000.0,37000.0,89,2,0,6,3,https://media.be.com.vn/be-food/image/e6fcba95-3cd2-11f1-b67e-9aaf2a798701/resized_thumbnail_w1080_h1080,1-mieng-ga-ran,
56543,56543,Gà Rán KFC - Lê Thanh Nghị,909000,GÀ RÁN - GÀ QUAY,7424268,5 Miếng Gà Rán Tenders,5 Gà rán Tenders Giòn / Crispy Tenders,68000.0,68000.0,8,0,0,6,4,https://media.be.com.vn/be-food/image/8bbed344-3f84-11f0-8d88-0695c6df6d37/resized_thumbnail_w1080_h1080,5-mieng-ga-ran-tenders,
56543,56543,Gà Rán KFC - Lê Thanh Nghị,909000,GÀ RÁN - GÀ QUAY,9399195,3 Miếng Gà Rán Tender,3 Miếng Gà Rán Tender + 1 Gói tương (cà/ ớt),42000.0,42000.0,2,0,0,6,5,https://media.be.com.vn/be-food/image/80267b44-3f84-11f0-bd66-b239c83a8124/resized_thumbnail_w1080_h1080,3-mieng-ga-ran-tender,
56543,56543,Gà Rán KFC - Lê Thanh Nghị,909815,BURGER - CƠM - MÌ Ý,6129014,Mì Ý Gà Viên,1 Mì Ý Gà Viên + 1 Gói tương (cà/ ớt),43000.0,43000.0,32,0,0,7,1,https://media.be.com.vn/be-food/image/d13ae6fb-3cd6-11f1-a167-cadcd99bf8b0/resized_thumbnail_w1080_h1080,mi-y-ga-vien,
56543,56543,Gà Rán KFC - Lê Thanh Nghị,909815,BURGER - CƠM - MÌ Ý,6129017,Mì Ý Gà Rán,1 phần Mì Ý Gà Rán,68000.0,68000.0,27,0,0,7,2,https://media.be.com.vn/be-food/image/0e0f754a-3cd7-11f1-b63c-1ec8367384f0/resized_thumbnail_w1080_h1080,mi-y-ga-ran,
56543,56543,Gà Rán KFC - Lê Thanh Nghị,909815,BURGER - CƠM - MÌ Ý,6129217,Burger Gà Zinger,1 Burger Gà Zinger + 1 Gói tương (cà/ ớt),56000.0,56000.0,37,0,0,7,3,https://media.be.com.vn/bizops/image/77e88c47-fae9-11ee-b972-a27b06ef25f3/resized_thumbnail_w1080_h1080,burger-ga-zinger,
56543,56543,Gà Rán KFC - Lê Thanh Nghị,909815,BURGER - CƠM - MÌ Ý,6129218,Burger Tôm,1 Burger Tôm + 1 Gói tương (cà/ ớt),45000.0,45000.0,69,0,0,7,4,https://media.be.com.vn/bizops/image/62653779-fae9-11ee-b972-a27b06ef25f3/resized_thumbnail_w1080_h1080,burger-tom,
56543,56543,Gà Rán KFC - Lê Thanh Nghị,909815,BURGER - CƠM - MÌ Ý,9009741,BURGER GÀ YO,1 Burger Gà Yo,30000.0,30000.0,65,0,1,7,5,https://media.be.com.vn/be-food/image/9da1a69b-161e-11f0-81cc-d24fde1987a0/original,burger-ga-yo,
56543,56543,Gà Rán KFC - Lê Thanh Nghị,909815,BURGER - CƠM - MÌ Ý,9644509,Mì Ý Xúc Xích Gà,1 Mì Ý Xúc Xích Gà + 1 Gói tương (cà/ ớt),38000.0,38000.0,25,2,0,7,6,https://media.be.com.vn/be-food/image/7ba17324-3cd6-11f1-a167-cadcd99bf8b0/resized_thumbnail_w1080_h1080,mi-y-xuc-xich-ga,
56543,56543,Gà Rán KFC - Lê Thanh Nghị,909815,BURGER - CƠM - MÌ Ý,11953582,Burger Phi-lê Gà Quay,1 Burger Phi-lê Gà Quay + 1 Gói tương (cà/ ớt),56000.0,56000.0,0,0,0,7,7,https://media.be.com.vn/be-food/image/16600fe1-3cd6-11f1-b63c-1ec8367384f0/resized_thumbnail_w1080_h1080,burger-phi-le-ga-quay,
56543,56543,Gà Rán KFC - Lê Thanh Nghị,909673,THỨC ĂN NHẸ,6128122,Gà Viên Popcorn (Vừa),Gà Viên Popcorn (Vừa) + 1 Gói tương (cà/ ớt),40000.0,40000.0,37,0,0,8,1,https://media.be.com.vn/bizops/image/c885799f-fae2-11ee-8673-82f2a81174be/resized_thumbnail_w1080_h1080,ga-vien-popcorn-vua,
56543,56543,Gà Rán KFC - Lê Thanh Nghị,909673,THỨC ĂN NHẸ,6128123,Gà Viên Popcorn (Lớn),Gà Viên Popcorn (Lớn) + 2 Gói tương (cà/ ớt),67000.0,67000.0,25,1,0,8,2,https://media.be.com.vn/be-food/image/93ef06b1-3cae-11f1-b67e-9aaf2a798701/resized_thumbnail_w1080_h1080,ga-vien-popcorn-lon,
56543,56543,Gà Rán KFC - Lê Thanh Nghị,909673,THỨC ĂN NHẸ,6128125,4 Phô Mai Viên,4 Phô Mai Viên + 1 Gói tương (cà/ ớt),38000.0,38000.0,19,0,0,8,3,https://media.be.com.vn/bizops/image/0f48757e-fae3-11ee-9c4b-1e44d33cc6fa/resized_thumbnail_w1080_h1080,4-pho-mai-vien,
56543,56543,Gà Rán KFC - Lê Thanh Nghị,909673,THỨC ĂN NHẸ,6128131,1 Salad Xốt Mè Rang,,22000.0,22000.0,8,0,0,8,5,https://media.be.com.vn/be-food/image/33349336-a9af-11f0-9063-66448d787802/resized_thumbnail_w1080_h1080,1-salad-xot-me-rang,
56543,56543,Gà Rán KFC - Lê Thanh Nghị,909673,THỨC ĂN NHẸ,11953909,6 Phô Mai Viên,6 Phô Mai Viên + 1 Gói tương (cà/ ớt),53000.0,53000.0,1,0,0,8,7,https://media.be.com.vn/be-food/image/2c5905bf-3cda-11f1-b197-ce3d3ce291c1/resized_thumbnail_w1080_h1080,6-pho-mai-vien,
56543,56543,Gà Rán KFC - Lê Thanh Nghị,909673,THỨC ĂN NHẸ,11954304,Khoai Tây Chiên (Đại),Khoai Tây Chiên (Đại) + 2 Gói tương (cà/ ớt),40000.0,40000.0,2,0,0,8,9,https://media.be.com.vn/be-food/image/dc432f22-3cda-11f1-a167-cadcd99bf8b0/resized_thumbnail_w1080_h1080,khoai-tay-chien-dai,
56543,56543,Gà Rán KFC - Lê Thanh Nghị,909673,THỨC ĂN NHẸ,11956505,Salad Hạt Gà Viên,,37000.0,37000.0,0,0,0,8,12,https://media.be.com.vn/be-food/image/de69b650-3cd9-11f1-b67e-9aaf2a798701/resized_thumbnail_w1080_h1080,salad-hat-ga-vien,
56543,56543,Gà Rán KFC - Lê Thanh Nghị,909673,THỨC ĂN NHẸ,11956630,1 Bắp Cải Trộn (Lớn),,23000.0,23000.0,0,0,0,8,13,https://media.be.com.vn/be-food/image/4035316e-3cae-11f1-b67e-9aaf2a798701/resized_thumbnail_w1080_h1080,1-bap-cai-tron-lon,
56543,56543,Gà Rán KFC - Lê Thanh Nghị,909673,THỨC ĂN NHẸ,11956755,1 Bắp Cải Trộn (Đại),,32000.0,32000.0,1,0,0,8,14,https://media.be.com.vn/be-food/image/1cf50ba8-3cae-11f1-b197-ce3d3ce291c1/resized_thumbnail_w1080_h1080,1-bap-cai-tron-dai,
56543,56543,Gà Rán KFC - Lê Thanh Nghị,909575,TRÁNG MIỆNG,6127170,4 Bánh trứng,,72000.0,72000.0,42,0,0,9,1,https://media.be.com.vn/bizops/image/91783d1d-fae1-11ee-99b1-a2959d9e08fd/resized_thumbnail_w1080_h1080,4-banh-trung,
62951,62951,Bún Cá Măng Cay & Bún Hải Sản Cát Bà - Lê Thanh Nghị,950469,Bún Hải Sản/ Bún Cá Cay,6503273,Bún Hải Sản Đặc Biệt,"gồm: bún, mực ống tươi, nõn tôm tươi ( hoặc nõn bề bề), cá chiên, chả cá, rau theo mùa, măng cay, sa tế",68000.0,68000.0,1295,13,1,1,1,https://media.be.com.vn/be-food/image/5ceb7fcf-2239-11ef-b501-fa660a76b65e/original,bun-hai-san-dac-biet,
62951,62951,Bún Cá Măng Cay & Bún Hải Sản Cát Bà - Lê Thanh Nghị,950469,Bún Hải Sản/ Bún Cá Cay,6503290,Bún Hải Sản Tôm-Mực,"gồm: bún, mực ống tươi, nõn tôm tươi, chả, rau theo mùa, măng cay, sa tế",68000.0,68000.0,77,0,0,1,2,https://media.be.com.vn/be-food/image/a3c11881-2239-11ef-b501-fa660a76b65e/original,bun-hai-san-tom-muc,
62951,62951,Bún Cá Măng Cay & Bún Hải Sản Cát Bà - Lê Thanh Nghị,950469,Bún Hải Sản/ Bún Cá Cay,6503299,Bún Thái Mực,"gồm: mực ống tươi, chả, bún, rau theo mùa, măng cay, sa tế",68000.0,68000.0,33,0,0,1,3,https://media.be.com.vn/be-food/image/f6e0244e-2239-11ef-9c7d-4a25ba94d9f3/original,bun-thai-muc,
62951,62951,Bún Cá Măng Cay & Bún Hải Sản Cát Bà - Lê Thanh Nghị,950469,Bún Hải Sản/ Bún Cá Cay,6503328,Bún Cá Trộn Măng Cay,"gồm: bún, chả cá, măng cay, rau theo mùa, sa tế, hành phi, lạc rang, nước sốt trộn",55000.0,55000.0,301,3,0,1,4,https://media.be.com.vn/be-food/image/5cc2a537-223a-11ef-9c7d-4a25ba94d9f3/original,bun-ca-tron-mang-cay,
62951,62951,Bún Cá Măng Cay & Bún Hải Sản Cát Bà - Lê Thanh Nghị,950469,Bún Hải Sản/ Bún Cá Cay,6503331,Bánh Đa Hải Sản Đặc Biệt,"gồm: bánh đa tươi, mực ống tươi, nõn tôm tươi ( hoặc nõn bề bề, cá chiên, chả cá, măng cay, rau theo mùa, sa tế",68000.0,68000.0,307,6,0,1,5,https://media.be.com.vn/be-food/image/cc882e02-223a-11ef-9c7d-4a25ba94d9f3/original,banh-da-hai-san-dac-biet,
62951,62951,Bún Cá Măng Cay & Bún Hải Sản Cát Bà - Lê Thanh Nghị,950469,Bún Hải Sản/ Bún Cá Cay,7778068,Bún Cá Măng Cay,"gồm: Bún, cá chiên giòn, chả cá, rau theo mùa, sa tế, măng cay ăn kèm, nước dùng",55000.0,55000.0,1118,6,1,1,6,https://media.be.com.vn/be-food/image/54f76b1c-a49a-11ef-bd66-b239c83a8124/original,bun-ca-mang-cay,
62951,62951,Bún Cá Măng Cay & Bún Hải Sản Cát Bà - Lê Thanh Nghị,950469,Bún Hải Sản/ Bún Cá Cay,7778070,Bánh đa cá cay,"gồm: bánh đa, cá chiên, chả cá( chả lá lốt), rau theo mùa, măng cay",55000.0,55000.0,397,4,0,1,7,https://media.be.com.vn/be-food/image/4f6fa5b5-807e-11ef-bd66-b239c83a8124/original,banh-da-ca-cay,
62951,62951,Bún Cá Măng Cay & Bún Hải Sản Cát Bà - Lê Thanh Nghị,1370217,Bún/Bánh Đa Cá - Chả - Bò,9388092,"Bún Riêu Cá, Chả, Thịt Bò","Gồm: bún, cá rán áp chảo, thịt bò tái, hành, rau, nước canh chua",65000.0,65000.0,9,0,0,2,1,https://media.be.com.vn/be-food/image/bab9871e-3e93-11f0-8d88-0695c6df6d37/resized_thumbnail_w1080_h1080,bun-rieu-ca-cha-thit-bo,
62951,62951,Bún Cá Măng Cay & Bún Hải Sản Cát Bà - Lê Thanh Nghị,1370217,Bún/Bánh Đa Cá - Chả - Bò,9388112,Bún Cá- Bò_ Canh chua,"gồm: bún, cá áp chảo, bò tái, hành rau, măng cây, nước canh chua cay",65000.0,65000.0,3,0,0,2,2,https://media.be.com.vn/be-food/image/73d37de4-3e94-11f0-bd66-b239c83a8124/resized_thumbnail_w1080_h1080,bun-ca-bo-canh-chua,
62951,62951,Bún Cá Măng Cay & Bún Hải Sản Cát Bà - Lê Thanh Nghị,1370217,Bún/Bánh Đa Cá - Chả - Bò,9388113,Bánh Đa Cá- Chả- Bò,"Gồm: bánh đa, cá áp chảo, thịt bò tái, hành rau, măng cay",65000.0,65000.0,5,0,0,2,3,https://media.be.com.vn/be-food/image/0cdcb29a-3e94-11f0-8d88-0695c6df6d37/resized_thumbnail_w1080_h1080,banh-da-ca-cha-bo,
62951,62951,Bún Cá Măng Cay & Bún Hải Sản Cát Bà - Lê Thanh Nghị,1370217,Bún/Bánh Đa Cá - Chả - Bò,9388120,"Bánh đa Cá, Bò canh chua","gồm: bánh đa, cá áp chảo, thịt bò tái, rau hành, măng cây, nước canh chua",65000.0,65000.0,1,0,0,2,4,https://media.be.com.vn/be-food/image/d70aea8b-3e94-11f0-8510-8ea7808cbcf4/resized_thumbnail_w1080_h1080,banh-da-ca-bo-canh-chua,
62951,62951,Bún Cá Măng Cay & Bún Hải Sản Cát Bà - Lê Thanh Nghị,1370217,Bún/Bánh Đa Cá - Chả - Bò,9388126,"Bún Chả, Thịt Bò Canh Chua","Gồm: bún, chả chiên, thịt bò tái, hành rau, măng cây, nước canh chua",60000.0,60000.0,4,0,0,2,5,https://media.be.com.vn/be-food/image/196126a5-3e95-11f0-81cc-d24fde1987a0/resized_thumbnail_w1080_h1080,bun-cha-thit-bo-canh-chua,
62951,62951,Bún Cá Măng Cay & Bún Hải Sản Cát Bà - Lê Thanh Nghị,1370217,Bún/Bánh Đa Cá - Chả - Bò,9388128,Bún Bò Canh Chua,"gồm: bún, thịt bò tái, nước canh chua, hành rau, mang cay",60000.0,60000.0,18,3,0,2,6,https://media.be.com.vn/be-food/image/d95b5694-3e95-11f0-8510-8ea7808cbcf4/resized_thumbnail_w1080_h1080,bun-bo-canh-chua,
31215,31215,Cơm Rang Hải Sơn - Giải Phóng,278974,Cơm Rang Gia Truyền Nam Định,1981338,Cơm Rang Dưa Bò,,42000.0,42000.0,896,9,3,1,1,https://media.be.com.vn/be-food/image/140d2f07-d9e1-11f0-8021-922c9d42c616/resized_thumbnail_w1080_h1080,com-rang-dua-bo,
31215,31215,Cơm Rang Hải Sơn - Giải Phóng,278974,Cơm Rang Gia Truyền Nam Định,1981339,Cơm Rang Dưa Bò Ngập Thịt,,48000.0,48000.0,778,10,4,1,2,https://media.be.com.vn/be-food/image/1ed3ba92-d1e4-11ef-bd66-b239c83a8124/resized_thumbnail_w1080_h1080,com-rang-dua-bo-ngap-thit,
31215,31215,Cơm Rang Hải Sơn - Giải Phóng,278974,Cơm Rang Gia Truyền Nam Định,1981340,Cơm Rang Thập Cẩm Bò,,45000.0,45000.0,443,7,8,1,3,https://media.be.com.vn/be-food/image/609022c9-d9e1-11f0-8021-922c9d42c616/resized_thumbnail_w1080_h1080,com-rang-thap-cam-bo,
31215,31215,Cơm Rang Hải Sơn - Giải Phóng,278974,Cơm Rang Gia Truyền Nam Định,1981341,Cơm Rang Hải Sản,,68000.0,68000.0,109,2,6,1,4,https://media.be.com.vn/be-food/image/5a830f3f-d9e1-11f0-8b11-e6e7ca75c48c/resized_thumbnail_w1080_h1080,com-rang-hai-san,
31215,31215,Cơm Rang Hải Sơn - Giải Phóng,278974,Cơm Rang Gia Truyền Nam Định,1981342,Cơm Rang Thập Cẩm Nhiều Cơm,,45000.0,45000.0,400,5,5,1,5,https://media.be.com.vn/be-food/image/551bd6ad-d9e1-11f0-8021-922c9d42c616/resized_thumbnail_w1080_h1080,com-rang-thap-cam-nhieu-com,
31215,31215,Cơm Rang Hải Sơn - Giải Phóng,278974,Cơm Rang Gia Truyền Nam Định,1981343,Cơm Rang Thập Cẩm,,40000.0,40000.0,150,0,1,1,6,https://media.be.com.vn/be-food/image/45ee96a2-d9e1-11f0-8021-922c9d42c616/resized_thumbnail_w1080_h1080,com-rang-thap-cam,
31215,31215,Cơm Rang Hải Sơn - Giải Phóng,278974,Cơm Rang Gia Truyền Nam Định,1981344,Cơm Rang Cải Bò,,42000.0,42000.0,218,2,1,1,7,https://media.be.com.vn/be-food/image/3f640354-d9e1-11f0-8021-922c9d42c616/resized_thumbnail_w1080_h1080,com-rang-cai-bo,
31215,31215,Cơm Rang Hải Sơn - Giải Phóng,278974,Cơm Rang Gia Truyền Nam Định,1981345,Cơm Rang Trứng,,38000.0,38000.0,40,2,0,1,8,https://media.be.com.vn/be-food/image/3a4f8d73-d9e1-11f0-8021-922c9d42c616/resized_thumbnail_w1080_h1080,com-rang-trung,
31215,31215,Cơm Rang Hải Sơn - Giải Phóng,278974,Cơm Rang Gia Truyền Nam Định,1981346,Cơm Rang Dưa Bò Thêm Cơm,,46000.0,46000.0,144,2,0,1,9,https://media.be.com.vn/be-food/image/9b1622b9-d1e4-11ef-81cc-d24fde1987a0/resized_thumbnail_w1080_h1080,com-rang-dua-bo-them-com,
31215,31215,Cơm Rang Hải Sơn - Giải Phóng,278974,Cơm Rang Gia Truyền Nam Định,1981347,Cơm Rang Trứng Ốp,,40000.0,40000.0,38,0,2,1,10,https://media.be.com.vn/be-food/image/25bf04ea-d9e1-11f0-b84b-3a4f2a37a94e/resized_thumbnail_w1080_h1080,com-rang-trung-op,
31215,31215,Cơm Rang Hải Sơn - Giải Phóng,278974,Cơm Rang Gia Truyền Nam Định,1981348,Cơm Rang Cải Bò Ngập Thịt,,48000.0,48000.0,127,0,3,1,11,https://media.be.com.vn/be-food/image/e224d4ec-4053-11f0-81cc-d24fde1987a0/resized_thumbnail_w1080_h1080,com-rang-cai-bo-ngap-thit,
31215,31215,Cơm Rang Hải Sơn - Giải Phóng,278975,Phở/Mỳ Xào,1981351,Phở Xào Cải Bò,,50000.0,50000.0,118,0,2,2,1,https://media.be.com.vn/be-food/image/80114d9f-d9e1-11f0-8021-922c9d42c616/resized_thumbnail_w1080_h1080,pho-xao-cai-bo,
31215,31215,Cơm Rang Hải Sơn - Giải Phóng,278975,Phở/Mỳ Xào,1981352,Mỳ Sào Thịt Bò,,50000.0,50000.0,51,1,0,2,2,https://media.be.com.vn/be-food/image/7adbc9b1-d9e1-11f0-8021-922c9d42c616/resized_thumbnail_w1080_h1080,my-sao-thit-bo,
31215,31215,Cơm Rang Hải Sơn - Giải Phóng,278975,Phở/Mỳ Xào,1981353,Mỳ Sào Cải Bò,,50000.0,50000.0,110,4,1,2,3,https://media.be.com.vn/be-food/image/74bdb232-d9e1-11f0-8021-922c9d42c616/resized_thumbnail_w1080_h1080,my-sao-cai-bo,
31215,31215,Cơm Rang Hải Sơn - Giải Phóng,278975,Phở/Mỳ Xào,1981354,Phở Xào Thịt Bò,,50000.0,50000.0,33,1,0,2,4,https://media.be.com.vn/be-food/image/6ed2dd54-d9e1-11f0-8b11-e6e7ca75c48c/resized_thumbnail_w1080_h1080,pho-xao-thit-bo,
67574,67574,Bánh Tráng Mập - Lê Thanh Nghị,758062,Best Seller,5146585,Bánh Tráng Nướng khô bò,nhớ ăn cùng nước sốt me đi kèm để được ngon nhất nha bạn!!!,36000.0,36000.0,403,10,0,1,2,https://media.be.com.vn/be-food/image/87a2ab6d-2003-11f0-81cc-d24fde1987a0/resized_thumbnail_w1080_h1080,banh-trang-nuong-kho-bo,
67574,67574,Bánh Tráng Mập - Lê Thanh Nghị,758062,Best Seller,9153051,bánh tráng nướng ruốc phomai sốt bơ,,36000.0,36000.0,100,4,0,1,3,https://media.be.com.vn/be-food/image/4e287a9c-a57d-11ee-8e31-f638ae20f033/resized_thumbnail_w1080_h1080,banh-trang-nuong-ruoc-phomai-sot-bo,
67574,67574,Bánh Tráng Mập - Lê Thanh Nghị,758063,Bánh Tráng Cuốn,5146587,Bánh Tráng Cuốn Tổng Hợp,,48000.0,48000.0,149,3,1,2,1,https://media.be.com.vn/be-food/image/937178f3-e9f7-11ef-bd66-b239c83a8124/original,banh-trang-cuon-tong-hop,
67574,67574,Bánh Tráng Mập - Lê Thanh Nghị,758063,Bánh Tráng Cuốn,5146588,Bánh Tráng Cuốn Sốt Me,,33000.0,33000.0,188,2,0,2,2,https://media.be.com.vn/be-food/image/a8b329d1-8455-11ee-b2af-3ea2e1c5510b/resized_thumbnail_w1080_h1080,banh-trang-cuon-sot-me,
67574,67574,Bánh Tráng Mập - Lê Thanh Nghị,758063,Bánh Tráng Cuốn,5146589,Bánh Tráng Cuốn Sốt Me Bơ,,35000.0,35000.0,335,6,0,2,3,https://media.be.com.vn/be-food/image/a8fe69ca-8455-11ee-8146-82365e52a8ee/resized_thumbnail_w1080_h1080,banh-trang-cuon-sot-me-bo,
67574,67574,Bánh Tráng Mập - Lê Thanh Nghị,758063,Bánh Tráng Cuốn,5146590,Bánh Tráng Cuốn Sốt Me Mayonnaise,,35000.0,35000.0,112,3,0,2,4,https://media.be.com.vn/be-food/image/a941ce9f-8455-11ee-8146-82365e52a8ee/resized_thumbnail_w1080_h1080,banh-trang-cuon-sot-me-mayonnaise,
67574,67574,Bánh Tráng Mập - Lê Thanh Nghị,758063,Bánh Tráng Cuốn,5146591,Bánh Tráng Cuốn Mix Sốt,Mix trên 2 loại sốt,40000.0,40000.0,118,1,0,2,5,https://media.be.com.vn/be-food/image/a9858701-8455-11ee-8146-82365e52a8ee/resized_thumbnail_w1080_h1080,banh-trang-cuon-mix-sot,
67574,67574,Bánh Tráng Mập - Lê Thanh Nghị,758063,Bánh Tráng Cuốn,5146592,Bánh Tráng Cuốn Phô Mai Ruốc Cay,,45000.0,45000.0,75,3,0,2,6,https://media.be.com.vn/be-food/image/c7d388b6-8456-11ee-8e31-f638ae20f033/resized_thumbnail_w1080_h1080,banh-trang-cuon-pho-mai-ruoc-cay,
67574,67574,Bánh Tráng Mập - Lê Thanh Nghị,758063,Bánh Tráng Cuốn,5146610,Bánh Tráng Cuốn Sốt Me Phomai,,35000.0,35000.0,133,2,0,2,7,https://media.be.com.vn/be-food/image/bfc0ab0e-8456-11ee-8e31-f638ae20f033/resized_thumbnail_w1080_h1080,banh-trang-cuon-sot-me-phomai,
67574,67574,Bánh Tráng Mập - Lê Thanh Nghị,758064,Bánh Tráng Trộn,5146593,Bánh Tráng Trộn Da Heo,,45000.0,45000.0,57,2,0,3,1,https://media.be.com.vn/be-food/image/aa23a563-8455-11ee-b2af-3ea2e1c5510b/resized_thumbnail_w1080_h1080,banh-trang-tron-da-heo,
67574,67574,Bánh Tráng Mập - Lê Thanh Nghị,758064,Bánh Tráng Trộn,5146594,Bánh Tráng Trộn Lớn,,45000.0,45000.0,135,1,0,3,2,https://media.be.com.vn/be-food/image/26e11134-86b9-11ee-8e31-f638ae20f033/resized_thumbnail_w1080_h1080,banh-trang-tron-lon,
67574,67574,Bánh Tráng Mập - Lê Thanh Nghị,758064,Bánh Tráng Trộn,5146595,Bánh Tráng Trộn Nhỏ,,33000.0,33000.0,176,5,0,3,3,https://media.be.com.vn/be-food/image/1ef10b4b-86bb-11ee-b2af-3ea2e1c5510b/resized_thumbnail_w1080_h1080,banh-trang-tron-nho,
67574,67574,Bánh Tráng Mập - Lê Thanh Nghị,758064,Bánh Tráng Trộn,5146596,Bánh Tráng Trộn Bơ Tỏi,,45000.0,45000.0,23,0,0,3,4,https://media.be.com.vn/be-food/image/18277a26-8695-11ee-b2af-3ea2e1c5510b/resized_thumbnail_w1080_h1080,banh-trang-tron-bo-toi,
67574,67574,Bánh Tráng Mập - Lê Thanh Nghị,758064,Bánh Tráng Trộn,5146597,Bánh Tráng trộn Mix Cuốn,,42000.0,42000.0,57,2,1,3,5,https://media.be.com.vn/be-food/image/648c59e0-a491-11ee-8e31-f638ae20f033/resized_thumbnail_w1080_h1080,banh-trang-tron-mix-cuon,
67574,67574,Bánh Tráng Mập - Lê Thanh Nghị,758065,Món Khác,5146598,Trứng Cút Lắc,,45000.0,45000.0,66,0,0,4,1,https://media.be.com.vn/be-food/image/ab8a1c77-8455-11ee-b2af-3ea2e1c5510b/resized_thumbnail_w1080_h1080,trung-cut-lac,
67574,67574,Bánh Tráng Mập - Lê Thanh Nghị,758065,Món Khác,5146599,Xoài Bò Khô,,45000.0,45000.0,90,2,0,4,2,https://media.be.com.vn/be-food/image/abd16243-8455-11ee-b2af-3ea2e1c5510b/original,xoai-bo-kho,
67574,67574,Bánh Tráng Mập - Lê Thanh Nghị,758065,Món Khác,5146600,Nem Chua Rán - 5 Cái,Nước chấm siêu ngon,45000.0,45000.0,140,1,0,4,3,https://media.be.com.vn/be-food/image/ac2a712d-8455-11ee-b2af-3ea2e1c5510b/resized_thumbnail_w1080_h1080,nem-chua-ran-5-cai,
67574,67574,Bánh Tráng Mập - Lê Thanh Nghị,758065,Món Khác,5146605,Gỏi Xoài,,40000.0,40000.0,47,1,0,4,6,https://media.be.com.vn/be-food/image/1cb4f378-2003-11f0-8510-8ea7808cbcf4/original,goi-xoai,
67574,67574,Bánh Tráng Mập - Lê Thanh Nghị,758065,Món Khác,5146606,Khoai Lang Kén,,36000.0,36000.0,41,2,0,4,7,https://media.be.com.vn/be-food/image/adbb46c1-8455-11ee-b2af-3ea2e1c5510b/resized_thumbnail_w1080_h1080,khoai-lang-ken,
67574,67574,Bánh Tráng Mập - Lê Thanh Nghị,758065,Món Khác,9153071,da heo Thái Lan,,48000.0,48000.0,6,0,0,4,8,https://media.be.com.vn/be-food/image/6b27a730-2003-11f0-8d88-0695c6df6d37/resized_thumbnail_w1080_h1080,da-heo-thai-lan,
67574,67574,Bánh Tráng Mập - Lê Thanh Nghị,758065,Món Khác,10897732,2c bánh mì muối ớt sốt bơ mật ong,gồm 2 chiếc bánh mì đẫm sốt bơ nhà làm,35000.0,35000.0,19,0,0,4,9,https://media.be.com.vn/be-food/image/504fd9b5-d99e-11f0-9063-66448d787802/resized_thumbnail_w1080_h1080,2c-banh-mi-muoi-ot-sot-bo-mat-ong,
67574,67574,Bánh Tráng Mập - Lê Thanh Nghị,758065,Món Khác,11070428,bánh tráng lắc khô,"thơm, giòn, nhiều vị lựa chọn",22000.0,22000.0,4,0,0,4,10,https://media.be.com.vn/be-food/image/c96b3416-e58e-11f0-8b11-e6e7ca75c48c/resized_thumbnail_w1080_h1080,banh-trang-lac-kho,
67574,67574,Bánh Tráng Mập - Lê Thanh Nghị,758065,Món Khác,11930661,tóp mỡ cay giòn,"tóp mỡ chiên cay giòn, thơm ngon",45000.0,45000.0,0,0,0,4,11,https://media.be.com.vn/be-food/image/7f38f9d1-3a19-11f1-b67e-9aaf2a798701/resized_thumbnail_w1080_h1080,top-mo-cay-gion,
67574,67574,Bánh Tráng Mập - Lê Thanh Nghị,1020116,bánh tráng phơi sương,6821345,BT phơi sương tép hành,,48000.0,48000.0,47,1,0,6,1,https://media.be.com.vn/be-food/image/de5a0b47-f88e-11ee-8673-82f2a81174be/original,bt-phoi-suong-tep-hanh,
7160,7160,Bún Chả Mẹ Nga - Vân Hồ 3,1400658,Combo + Coca,2188277,Bún chả thịt lẫn + Coca ( không bao gồm dụng cụ ăn uống ),Có mã giảm 20K của quán,64000.0,80000.0,150,0,3,1,1,https://media.be.com.vn/bizops/image/b34a39f8-a8f8-11ed-a491-220f4d9eeddb/original,bun-cha-thit-lan-coca-khong-bao-gom-dung-cu-an-uong,
7160,7160,Bún Chả Mẹ Nga - Vân Hồ 3,1400658,Combo + Coca,2188281,Bún chả thịt miếng + Coca ( không bao gồm dụng cụ ăn uống ),Có mã giảm 20K của quán,64000.0,80000.0,34,0,0,1,2,https://media.be.com.vn/bizops/image/efa99af6-a8f8-11ed-9fb5-aaa4923b8bae/original,bun-cha-thit-mieng-coca-khong-bao-gom-dung-cu-an-uong,
7160,7160,Bún Chả Mẹ Nga - Vân Hồ 3,1400658,Combo + Coca,2188284,Bún chả thịt băm + Coca (không bao gồm dụng cụ ăn uống ),Có mã giảm 20K của quán,64000.0,80000.0,94,0,1,1,3,https://media.be.com.vn/bizops/image/1d3ec141-a8f9-11ed-9fb5-aaa4923b8bae/original,bun-cha-thit-bam-coca-khong-bao-gom-dung-cu-an-uong,
7160,7160,Bún Chả Mẹ Nga - Vân Hồ 3,1400660,Menu chính,2188280,Bún chả miếng ( không bao gồm dụng cụ ăn uống ),Có mã giảm 20K của quán,64000.0,70000.0,232,0,1,2,1,https://media.be.com.vn/be-food/image/6df2d857-589d-11f0-8b11-e6e7ca75c48c/original,bun-cha-mieng-khong-bao-gom-dung-cu-an-uong,
7160,7160,Bún Chả Mẹ Nga - Vân Hồ 3,1400660,Menu chính,2188276,Bún chả băm ( không bao gồm dụng cụ ăn uống ),Có mã giảm 20K của quán,64000.0,70000.0,409,1,1,2,2,https://media.be.com.vn/be-food/image/78388cff-589d-11f0-8b11-e6e7ca75c48c/original,bun-cha-bam-khong-bao-gom-dung-cu-an-uong,
7160,7160,Bún Chả Mẹ Nga - Vân Hồ 3,1400660,Menu chính,2188282,Bún nem ( không bao gồm dụng cụ ăn uống ),Có mã giảm 20K của quán,64000.0,70000.0,36,0,0,2,3,https://media.be.com.vn/be-food/image/686fe724-589d-11f0-8b11-e6e7ca75c48c/original,bun-nem-khong-bao-gom-dung-cu-an-uong,
7160,7160,Bún Chả Mẹ Nga - Vân Hồ 3,1400660,Menu chính,2188278,Bún chả lẫn ( không bao gồm dụng cụ ăn uống ),Có mã giảm 20K của quán,64000.0,70000.0,1554,8,13,2,4,https://media.be.com.vn/be-food/image/73a92309-589d-11f0-8021-922c9d42c616/original,bun-cha-lan-khong-bao-gom-dung-cu-an-uong,
7160,7160,Bún Chả Mẹ Nga - Vân Hồ 3,1400660,Menu chính,9890402,Bún chả đầy đủ (không bao gồm dụng cụ ăn uống),Có mã giảm 20K của quán,64000.0,80000.0,941,2,3,2,5,https://media.be.com.vn/be-food/image/3efd56ba-589b-11f0-9063-66448d787802/original,bun-cha-day-du-khong-bao-gom-dung-cu-an-uong,
7160,7160,Bún Chả Mẹ Nga - Vân Hồ 3,20783,Menu,208860,Bún chả lẫn + 1 nem,,44000.0,55000.0,4320,17,22,5,1,https://media.be.com.vn/be-food/image/42dfc7ed-b47b-11ed-975f-9af8f6763244/resized_thumbnail_w1080_h1080,bun-cha-lan-1-nem,
117526,117526,Bếp Bé Bếu - Cơm & Bánh Mì Nướng Trung Hoa - Lê Thanh Nghị,1448393,Cơm,9922790,Cơm gà chiên sốt cay ngọt,"Định lượng: cơm 220g, thịt 120g, 1 cốc canh 200ml, rau, đồ muối đi kèm (tuỳ thời điểm trong ngày có thể hết 1 số món đi kèm)",65000.0,65000.0,1,0,0,1,1,https://media.be.com.vn/be-food/image/6a960f02-7cc0-11f0-b84b-3a4f2a37a94e/resized_thumbnail_w1080_h1080,com-ga-chien-sot-cay-ngot,
117526,117526,Bếp Bé Bếu - Cơm & Bánh Mì Nướng Trung Hoa - Lê Thanh Nghị,1448393,Cơm,9922791,Cơm đậu hũ sốt thịt bằm,,65000.0,65000.0,20,0,0,1,2,https://media.be.com.vn/be-food/image/775fc8ae-7cc0-11f0-9063-66448d787802/resized_thumbnail_w1080_h1080,com-dau-hu-sot-thit-bam,
117526,117526,Bếp Bé Bếu - Cơm & Bánh Mì Nướng Trung Hoa - Lê Thanh Nghị,1448393,Cơm,9922792,Cơm mix sườn cốt lết - trứng ốp la sốt cay ngọt,"Định lượng: cơm 220g, thịt 100g, 1 cốc canh 200ml, rau, đồ muối đi kèm (tuỳ thời điểm trong ngày có thể hết 1 số món đi kèm)",73000.0,73000.0,1,0,0,1,3,https://media.be.com.vn/be-food/image/5bd43e2a-7cc0-11f0-8b11-e6e7ca75c48c/resized_thumbnail_w1080_h1080,com-mix-suon-cot-let-trung-op-la-sot-cay-ngot,
117526,117526,Bếp Bé Bếu - Cơm & Bánh Mì Nướng Trung Hoa - Lê Thanh Nghị,1448393,Cơm,9922793,Cơm heo chiên giòn sốt chua ngọt,"Định lượng: cơm 220g, thịt 70g, 1 cốc canh 200ml, rau, đồ muối đi kèm (tuỳ thời điểm trong ngày có thể hết 1 số món đi kèm)",65000.0,65000.0,25,0,0,1,4,https://media.be.com.vn/be-food/image/5245aa7e-7cc0-11f0-9063-66448d787802/resized_thumbnail_w1080_h1080,com-heo-chien-gion-sot-chua-ngot,
117526,117526,Bếp Bé Bếu - Cơm & Bánh Mì Nướng Trung Hoa - Lê Thanh Nghị,1448393,Cơm,9922794,Cơm thịt nướng sốt BBQ,,65000.0,65000.0,57,0,0,1,5,https://media.be.com.vn/be-food/image/d726c152-7cbf-11f0-8021-922c9d42c616/resized_thumbnail_w1080_h1080,com-thit-nuong-sot-bbq,
117526,117526,Bếp Bé Bếu - Cơm & Bánh Mì Nướng Trung Hoa - Lê Thanh Nghị,1448393,Cơm,11782413,Cơm Sườn Cốt Lết Nướng Sốt Cay Ngọt,,65000.0,65000.0,7,0,0,1,6,https://media.be.com.vn/be-food/image/dbe5d451-2f17-11f1-a167-cadcd99bf8b0/resized_thumbnail_w1080_h1080,com-suon-cot-let-nuong-sot-cay-ngot,
8919,8919,Cơm Sạch Mẹ Shin - Tô Hoàng,32156,Combo,281313,Cơm đảo kim chi sườn - lavie trái cây,1 suất cơm đảo sườn + Trứng ốp la+ Trà đào Fuze tea,75000.0,85000.0,51,1,0,1,1,https://media.be.com.vn/be-food/image/c6299a9c-abd4-11ed-a491-220f4d9eeddb/resized_thumbnail_w1080_h1080,com-dao-kim-chi-suon-lavie-trai-cay,
8919,8919,Cơm Sạch Mẹ Shin - Tô Hoàng,32156,Combo,281314,Mỳ ý sốt bò băm,Mỳ ý ăn kèm sốt bolognese chuẩn vị đc nấu với công thức đặc biệt kèm chesse bôtj,85000.0,89000.0,0,0,0,1,2,https://media.be.com.vn/be-food/image/c62b31f6-abd4-11ed-9fb5-aaa4923b8bae/resized_thumbnail_w1080_h1080,my-y-sot-bo-bam,
8919,8919,Cơm Sạch Mẹ Shin - Tô Hoàng,32156,Combo,281315,Cơm cá thu - coca,,52000.0,69000.0,211,2,1,1,3,https://media.be.com.vn/be-food/image/c63dd03c-abd4-11ed-9fb5-aaa4923b8bae/resized_thumbnail_w1080_h1080,com-ca-thu-coca,
8919,8919,Cơm Sạch Mẹ Shin - Tô Hoàng,32156,Combo,281316,Cơm gà sốt BBQ - Sprite,,59000.0,69000.0,142,0,0,1,4,https://media.be.com.vn/be-food/image/c67b6190-abd4-11ed-8ca3-8e6f9560a813/resized_thumbnail_w1080_h1080,com-ga-sot-bbq-sprite,
8919,8919,Cơm Sạch Mẹ Shin - Tô Hoàng,32156,Combo,281317,Combo cơm đảo kim chi gà nướng - 1 salad hoa quả - 1 chanh sả bạc hà,"Cơm đảo kim chi ăn kèm đùi gà nướng sốt Bbq, sốt cay, sốt Teriyaki+ ăn kèm salad hoa quả sốt Mayonenaisa+ 1 chanh sả bạc hà thanh nhiệt cơ thêr",89000.0,105000.0,26,0,1,1,5,https://media.be.com.vn/be-food/image/c681321d-abd4-11ed-a491-220f4d9eeddb/resized_thumbnail_w1080_h1080,combo-com-dao-kim-chi-ga-nuong-1-salad-hoa-qua-1-chanh-sa-bac-ha,
8919,8919,Cơm Sạch Mẹ Shin - Tô Hoàng,32156,Combo,281318,Combo cơm đảo bò - trứng ốp - salad trộn - dâu tằm,,89000.0,115000.0,27,1,1,1,6,https://media.be.com.vn/be-food/image/c69f72ae-abd4-11ed-9fb5-aaa4923b8bae/resized_thumbnail_w1080_h1080,combo-com-dao-bo-trung-op-salad-tron-dau-tam,
8919,8919,Cơm Sạch Mẹ Shin - Tô Hoàng,32156,Combo,281320,Cơm gà sốt bb - coca,,59000.0,69000.0,23,0,0,1,8,https://media.be.com.vn/be-food/image/c6f9a668-abd4-11ed-a491-220f4d9eeddb/resized_thumbnail_w1080_h1080,com-ga-sot-bb-coca,
8919,8919,Cơm Sạch Mẹ Shin - Tô Hoàng,32156,Combo,281321,Combo cơm đảo kim chi xá xíu - trứng ốp la - salad dưa chuột - 1 tắc sả,Cơm đảo kim chi xá xíu+ trứng ốp la chín vừa + salad dưa chuột sốt dầu giấm+ 1 tắc sả,89000.0,105000.0,13,0,0,1,9,https://media.be.com.vn/be-food/image/c706aca8-abd4-11ed-8ca3-8e6f9560a813/resized_thumbnail_w1080_h1080,combo-com-dao-kim-chi-xa-xiu-trung-op-la-salad-dua-chuot-1-tac-sa,
8919,8919,Cơm Sạch Mẹ Shin - Tô Hoàng,32156,Combo,281324,Combo cơm gà đùi xào chua ngọt - chanh sả bạc hà,,69000.0,79000.0,39,0,0,1,12,https://media.be.com.vn/be-food/image/c7810919-abd4-11ed-9fb5-aaa4923b8bae/resized_thumbnail_w1080_h1080,combo-com-ga-dui-xao-chua-ngot-chanh-sa-bac-ha,
8919,8919,Cơm Sạch Mẹ Shin - Tô Hoàng,32156,Combo,328625,Cơm Tôm chưa thịt luôc +Trứng ốp la+ Chè Dưỡng Nhan,combo,79000.0,109000.0,25,0,1,1,14,https://media.be.com.vn/be-food/image/7c14868e-abe7-11ed-9fb5-aaa4923b8bae/resized_thumbnail_w1080_h1080,com-tom-chua-thit-luoc-trung-op-la-che-duong-nhan,
8919,8919,Cơm Sạch Mẹ Shin - Tô Hoàng,32156,Combo,344991,Cơm ba chỉ mắm quet+ trứng ốp la + chè dưỡng nhan,,89000.0,99000.0,50,2,0,1,15,https://media.be.com.vn/be-food/image/a3a6339a-abf1-11ed-a491-220f4d9eeddb/resized_thumbnail_w1080_h1080,com-ba-chi-mam-quet-trung-op-la-che-duong-nhan,
8919,8919,Cơm Sạch Mẹ Shin - Tô Hoàng,32156,Combo,344993,Cơm đậu phụ sốt rứ xuyên+ trứng ốp + chè dưỡng nhan,,89000.0,99000.0,34,1,0,1,16,https://media.be.com.vn/be-food/image/a3a7594b-abf1-11ed-9fb5-aaa4923b8bae/resized_thumbnail_w1080_h1080,com-dau-phu-sot-ru-xuyen-trung-op-che-duong-nhan,
8919,8919,Cơm Sạch Mẹ Shin - Tô Hoàng,32156,Combo,1018221,Mỳ ý sốt bò băm+ Coca,,65000.0,89000.0,2,0,0,1,17,https://media.be.com.vn/be-food/image/90466fb9-aee2-11ed-a491-220f4d9eeddb/resized_thumbnail_w1080_h1080,my-y-sot-bo-bam-coca,
8919,8919,Cơm Sạch Mẹ Shin - Tô Hoàng,32156,Combo,1018226,Mỳ Ý sốt bò băm+ Nước táo ép,,79000.0,99000.0,2,0,0,1,18,https://media.be.com.vn/be-food/image/90a747d5-aee2-11ed-aebb-1eb5d596321f/resized_thumbnail_w1080_h1080,my-y-sot-bo-bam-nuoc-tao-ep,
8919,8919,Cơm Sạch Mẹ Shin - Tô Hoàng,32157,Hot deal,281327,Cơm ba chỉ rang mắm tép ớt hiểm - món mới,Cay nhẹ,52000.0,70000.0,671,5,0,2,1,https://media.be.com.vn/be-food/image/c80197cf-abd4-11ed-a491-220f4d9eeddb/resized_thumbnail_w1080_h1080,com-ba-chi-rang-mam-tep-ot-hiem-mon-moi,
8919,8919,Cơm Sạch Mẹ Shin - Tô Hoàng,32157,Hot deal,281328,Cơm bò lúc lắc kiểu thái,Cơm trắng cùng bò lúc lắc + canh theo ngayf,58000.0,75000.0,138,1,2,2,2,https://media.be.com.vn/be-food/image/c80afc6b-abd4-11ed-9fb5-aaa4923b8bae/resized_thumbnail_w1080_h1080,com-bo-luc-lac-kieu-thai,
8919,8919,Cơm Sạch Mẹ Shin - Tô Hoàng,32157,Hot deal,281329,Cơm ba chỉ rang sốt cay,Ba chỉ rút xương rang cùng sốt cay nhẹ ăn kèm salad củ quả theo mùa Canh rau thay đổi theo ngày,52000.0,70000.0,1498,10,5,2,3,https://media.be.com.vn/be-food/image/c820cea8-abd4-11ed-9fb5-aaa4923b8bae/resized_thumbnail_w1080_h1080,com-ba-chi-rang-sot-cay,
8919,8919,Cơm Sạch Mẹ Shin - Tô Hoàng,32157,Hot deal,281330,Cơm sườn BBQ,Sườn nướng đảo cùng sốt BbQ ăn kèm cơm trắng rau canh theo ngayf,65000.0,75000.0,172,0,3,2,4,https://media.be.com.vn/be-food/image/c8146f6e-abd4-11ed-9fb5-aaa4923b8bae/resized_thumbnail_w1080_h1080,com-suon-bbq,
8919,8919,Cơm Sạch Mẹ Shin - Tô Hoàng,32157,Hot deal,281331,Cơm đảo kim chi xá xíu kèm trứng ốpla,"Cơm đảo săn cùng kim chi xá xíu thái nhỏ ăn kèm trứng ốp la, canh rau theo ngày",59000.0,80000.0,141,2,6,2,5,https://media.be.com.vn/be-food/image/c8326939-abd4-11ed-8ca3-8e6f9560a813/resized_thumbnail_w1080_h1080,com-dao-kim-chi-xa-xiu-kem-trung-opla,
8919,8919,Cơm Sạch Mẹ Shin - Tô Hoàng,32157,Hot deal,281332,Cơm cá bông lau kho tộ - món mới,Cá kho tộ vị hơi cay,55000.0,65000.0,913,5,6,2,6,https://media.be.com.vn/be-food/image/c86ee075-abd4-11ed-a491-220f4d9eeddb/resized_thumbnail_w1080_h1080,com-ca-bong-lau-kho-to-mon-moi,
8919,8919,Cơm Sạch Mẹ Shin - Tô Hoàng,32157,Hot deal,281333,Cơm đảo kim chi đùi gà nướng sốt cay - món mới,"Cơm đảo cùng kim chi ăn kèm đùi gà nướng sốt cay , canh rau theo ngày, tặng kèm 1 trứng ốp la",65000.0,80000.0,135,0,3,2,7,https://media.be.com.vn/be-food/image/c8920236-abd4-11ed-9fb5-aaa4923b8bae/resized_thumbnail_w1080_h1080,com-dao-kim-chi-dui-ga-nuong-sot-cay-mon-moi,
8919,8919,Cơm Sạch Mẹ Shin - Tô Hoàng,32157,Hot deal,281334,Cơm thịt xá xíu trứng ốp la,"Cơm trắng thơm dẻo gạo tám Điên Biên,trứng gà ốpla chín tới , rau và salad theo mùa",55000.0,65000.0,118,3,0,2,8,https://media.be.com.vn/be-food/image/c8aa0d16-abd4-11ed-9fb5-aaa4923b8bae/resized_thumbnail_w1080_h1080,com-thit-xa-xiu-trung-op-la,
8919,8919,Cơm Sạch Mẹ Shin - Tô Hoàng,32157,Hot deal,281335,Cơm đậu phụ non sốt nấm,"chay 100% - Cơm trắng ăn cùng đậu non Bibigo( đậu sạch chỉ có trong siêu thị ) đậu đc om với sốt nấm ăn kèm rau xanh salad theo mùa , đã bao gồm 5000 đ tiền hộp mang về",48000.0,55000.0,110,4,0,2,9,https://media.be.com.vn/be-food/image/c8b092dc-abd4-11ed-a491-220f4d9eeddb/resized_thumbnail_w1080_h1080,com-dau-phu-non-sot-nam,
8919,8919,Cơm Sạch Mẹ Shin - Tô Hoàng,32157,Hot deal,281336,Cơm sườn xào tứ xuyên,Cơm trắng ăn kèm sườn xào cay nhẹ rau canh theo ngayf,58000.0,75000.0,318,5,4,2,10,https://media.be.com.vn/be-food/image/c8c1b196-abd4-11ed-9fb5-aaa4923b8bae/resized_thumbnail_w1080_h1080,com-suon-xao-tu-xuyen,
8919,8919,Cơm Sạch Mẹ Shin - Tô Hoàng,32157,Hot deal,281337,Cơm gà nướng sốt nấm,"Đùi gà nướng cùng rượu Miyzin, sốt nấm hương ăn kèm cơm trắng rau củ salad theo mùa",52000.0,65000.0,122,0,1,2,11,https://media.be.com.vn/be-food/image/c8d5ffbb-abd4-11ed-8ca3-8e6f9560a813/resized_thumbnail_w1080_h1080,com-ga-nuong-sot-nam,
8919,8919,Cơm Sạch Mẹ Shin - Tô Hoàng,32157,Hot deal,281339,Cơm gà nướng sốt chanh leo,Cơm trắng ăn kèm gà nướng sốt chanh leo rau củ quả theo mùa,60000.0,60000.0,0,0,0,2,13,https://media.be.com.vn/be-food/image/c91d3ee4-abd4-11ed-a491-220f4d9eeddb/resized_thumbnail_w1080_h1080,com-ga-nuong-sot-chanh-leo,
8919,8919,Cơm Sạch Mẹ Shin - Tô Hoàng,32157,Hot deal,281340,Cơm cánh gà sốt me cay,Cơm trắng ăn kèm cánh gà nướng sốt me rau của quả salad theo mùa,52000.0,65000.0,21,0,0,2,14,https://media.be.com.vn/be-food/image/c9573bfb-abd4-11ed-9fb5-aaa4923b8bae/resized_thumbnail_w1080_h1080,com-canh-ga-sot-me-cay,
8919,8919,Cơm Sạch Mẹ Shin - Tô Hoàng,32159,Đồ ăn,281349,Cơm ba chỉ chưng mắm quẹt,,70000.0,70000.0,251,2,2,3,1,https://media.be.com.vn/be-food/image/ca0d0076-abd4-11ed-a491-220f4d9eeddb/resized_thumbnail_w1080_h1080,com-ba-chi-chung-mam-quet,
8919,8919,Cơm Sạch Mẹ Shin - Tô Hoàng,32159,Đồ ăn,281351,Cơm thịt viên x íu mại ( món mới ),thịt viên xíu mại sốt cà chua,65000.0,65000.0,59,1,1,3,2,https://media.be.com.vn/be-food/image/ca16ec3a-abd4-11ed-9fb5-aaa4923b8bae/resized_thumbnail_w1080_h1080,com-thit-vien-x-iu-mai-mon-moi,
8919,8919,Cơm Sạch Mẹ Shin - Tô Hoàng,32159,Đồ ăn,281361,Cơm Ba chỉ luộc,"Tôm chua Huế thương hiệu Cố Đô siêu ngon , tôm nõn bỏ đầu ăn mềm và ngọt",75000.0,75000.0,18,0,0,3,3,https://media.be.com.vn/bizops/image/604208c2-a403-11f0-b84b-3a4f2a37a94e/original,com-ba-chi-luoc,
8919,8919,Cơm Sạch Mẹ Shin - Tô Hoàng,32159,Đồ ăn,316339,Cơm cá Bông lau kho tộ,,70000.0,70000.0,76,2,0,3,4,https://media.be.com.vn/be-food/image/286d6358-abe2-11ed-9fb5-aaa4923b8bae/resized_thumbnail_w1080_h1080,com-ca-bong-lau-kho-to,
8919,8919,Cơm Sạch Mẹ Shin - Tô Hoàng,32159,Đồ ăn,333947,Cơm Đậu phụ non sốt tứ xuyên,hơi cay,70000.0,70000.0,155,2,1,3,5,https://media.be.com.vn/be-food/image/9c2f3916-abe9-11ed-9fb5-aaa4923b8bae/resized_thumbnail_w1080_h1080,com-dau-phu-non-sot-tu-xuyen,
8919,8919,Cơm Sạch Mẹ Shin - Tô Hoàng,32159,Đồ ăn,10679922,chè Mochi sắn nóng,chè sắn nóng nấu cùng đường thốt nốt,30000.0,30000.0,3,0,0,3,6,https://media.be.com.vn/be-food/image/e00d4429-c549-11f0-9063-66448d787802/resized_thumbnail_w1080_h1080,che-mochi-san-nong,
8919,8919,Cơm Sạch Mẹ Shin - Tô Hoàng,32159,Đồ ăn,11125832,Cơm ba chỉ rang cháy cạnh,,65000.0,65000.0,1,0,0,3,7,https://media.be.com.vn/bizops/image/be221468-a57e-11f0-9063-66448d787802/original,com-ba-chi-rang-chay-canh,
123211,123211,Phạm Gia Food - Cơm Tấm & Lẩu Ly - Trần Đại Nghĩa,1567066,Cơm Tấm,10575178,Cơm tấm sườn bì chả trứng,,78000.0,78000.0,13,0,0,1,2,https://media.be.com.vn/bizops/image/b7426481-a57f-11f0-9063-66448d787802/original,com-tam-suon-bi-cha-trung,
123211,123211,Phạm Gia Food - Cơm Tấm & Lẩu Ly - Trần Đại Nghĩa,1567066,Cơm Tấm,10575179,Cơm tấm sườn chả trứng ốp la,,73000.0,73000.0,8,0,0,1,3,https://media.be.com.vn/be-food/image/9c1b775c-2da1-11f1-b67e-9aaf2a798701/resized_thumbnail_w1080_h1080,com-tam-suon-cha-trung-op-la,
123211,123211,Phạm Gia Food - Cơm Tấm & Lẩu Ly - Trần Đại Nghĩa,1567066,Cơm Tấm,10575180,Cơm tấm sườn bì trứng,,73000.0,73000.0,18,0,0,1,4,https://media.be.com.vn/be-food/image/8cd00e49-2da1-11f1-b67e-9aaf2a798701/resized_thumbnail_w1080_h1080,com-tam-suon-bi-trung,
123211,123211,Phạm Gia Food - Cơm Tấm & Lẩu Ly - Trần Đại Nghĩa,1567066,Cơm Tấm,10575181,Cơm tấm sườn trứng ốp la,,69000.0,69000.0,5,0,0,1,5,https://media.be.com.vn/be-food/image/486e996f-2da1-11f1-b67e-9aaf2a798701/resized_thumbnail_w1080_h1080,com-tam-suon-trung-op-la,
123211,123211,Phạm Gia Food - Cơm Tấm & Lẩu Ly - Trần Đại Nghĩa,1567066,Cơm Tấm,10575182,Cơm tấm sườn bì,,69000.0,69000.0,7,1,0,1,6,https://media.be.com.vn/be-food/image/3c284637-2da1-11f1-b63c-1ec8367384f0/resized_thumbnail_w1080_h1080,com-tam-suon-bi,
123211,123211,Phạm Gia Food - Cơm Tấm & Lẩu Ly - Trần Đại Nghĩa,1567066,Cơm Tấm,10804612,Cơm tấm sườn bì chả,,73000.0,73000.0,17,0,0,1,7,https://media.be.com.vn/be-food/image/26ec887d-2da1-11f1-a167-cadcd99bf8b0/resized_thumbnail_w1080_h1080,com-tam-suon-bi-cha,
50258,50258,Tiến Lan - Bún Chả - Đình Đại,514014,Menu,3484775,Bún chả lẫn suất nhỏ,,45000.0,45000.0,2,0,0,1,1,https://media.be.com.vn/bizops/image/1ba06a8b-f881-11ed-b897-9a6833b2fee5/resized_thumbnail_w1080_h1080,bun-cha-lan-suat-nho,
50258,50258,Tiến Lan - Bún Chả - Đình Đại,514014,Menu,3484776,Bún chả lẫn suất lớn,,55000.0,55000.0,5,0,0,1,2,https://media.be.com.vn/bizops/image/2be8df4d-f881-11ed-b897-9a6833b2fee5/resized_thumbnail_w1080_h1080,bun-cha-lan-suat-lon,
50258,50258,Tiến Lan - Bún Chả - Đình Đại,514014,Menu,3484778,Bún chả miếng suất lớn,,55000.0,55000.0,1,0,0,1,3,https://media.be.com.vn/bizops/image/4c3425dd-f881-11ed-99ae-5e8316b9abf2/resized_thumbnail_w1080_h1080,bun-cha-mieng-suat-lon,
50258,50258,Tiến Lan - Bún Chả - Đình Đại,514014,Menu,3484779,Bún chả viên suất nhỏ,,45000.0,45000.0,0,0,0,1,4,https://media.be.com.vn/bizops/image/5475e799-f881-11ed-99ae-5e8316b9abf2/resized_thumbnail_w1080_h1080,bun-cha-vien-suat-nho,
111026,111026,Cơm Ngon Hà Nội - Bà Triệu,1355588,Cơm Ngon Cả Ngày,9286479,Cơm gà chiên xù popcorn sốt tuỳ chọn,"Cơm trắng gạo tám, gà chiên xù popcorn và dưa góp.",55000.0,55000.0,44,0,0,1,1,https://media.be.com.vn/bizops/image/7c7cc94e-3163-11f0-8d88-0695c6df6d37/resized_thumbnail_w1080_h1080,com-ga-chien-xu-popcorn-sot-tuy-chon,
111026,111026,Cơm Ngon Hà Nội - Bà Triệu,1355588,Cơm Ngon Cả Ngày,9286480,Cơm ba chỉ bò Mỹ đặc biệt,"Cơm trắng gạo tám, thịt ba chỉ bò Mỹ xào rau củ ăn kèm sốt cay hàn quốc và dưa góp.",79000.0,79000.0,8,0,0,1,2,https://media.be.com.vn/bizops/image/b0b5d846-3163-11f0-81cc-d24fde1987a0/resized_thumbnail_w1080_h1080,com-ba-chi-bo-my-dac-biet,
111026,111026,Cơm Ngon Hà Nội - Bà Triệu,1355588,Cơm Ngon Cả Ngày,9286481,Cơm đùi gà sốt Nhật teriyaki,"Cơm trắng gạo tám, đùi gà nguyên chiếc ăn kèm sốt Nhật teriyaki và dưa góp.",65000.0,65000.0,0,0,0,1,3,https://media.be.com.vn/bizops/image/e85f0604-3163-11f0-8d88-0695c6df6d37/resized_thumbnail_w1080_h1080,com-dui-ga-sot-nhat-teriyaki,
111026,111026,Cơm Ngon Hà Nội - Bà Triệu,1355588,Cơm Ngon Cả Ngày,9286482,Cơm đùi gà cỡ lớn sốt Nhật teriyaki,"Cơm trắng gạo tám, đùi gà nguyên chiếc ăn kèm sốt Nhật teriyaki và dưa góp.",75000.0,75000.0,8,0,0,1,4,https://media.be.com.vn/bizops/image/0b45d64b-3164-11f0-8d88-0695c6df6d37/resized_thumbnail_w1080_h1080,com-dui-ga-co-lon-sot-nhat-teriyaki,
111026,111026,Cơm Ngon Hà Nội - Bà Triệu,1355588,Cơm Ngon Cả Ngày,9286483,Cơm đùi gà sốt cay Hàn Quốc,"Cơm trắng gạo tám, đùi gà nguyên chiếc ăn kèm sốt cay Hàn Quốc và dưa góp.",65000.0,65000.0,1,0,0,1,5,https://media.be.com.vn/bizops/image/1e44f1f4-3164-11f0-8d88-0695c6df6d37/resized_thumbnail_w1080_h1080,com-dui-ga-sot-cay-han-quoc,
111026,111026,Cơm Ngon Hà Nội - Bà Triệu,1355588,Cơm Ngon Cả Ngày,9286484,Cơm đùi gà cỡ lớn sốt cay Hàn Quốc,"Cơm trắng gạo tám, đùi bẹ gà nguyên chiếc ăn kèm sốt cay Hàn Quốc và dưa góp.",75000.0,75000.0,1,0,0,1,6,https://media.be.com.vn/bizops/image/34d50179-3164-11f0-8d88-0695c6df6d37/resized_thumbnail_w1080_h1080,com-dui-ga-co-lon-sot-cay-han-quoc,
111026,111026,Cơm Ngon Hà Nội - Bà Triệu,1355588,Cơm Ngon Cả Ngày,9286485,Cơm đùi gà sốt mắm tỏi,"Cơm trắng gạo tám, đùi gà nguyên chiếc ăn kèm sốt mắm tỏi và dưa góp.",65000.0,65000.0,3,0,0,1,7,https://media.be.com.vn/bizops/image/45288dfe-3164-11f0-bd66-b239c83a8124/resized_thumbnail_w1080_h1080,com-dui-ga-sot-mam-toi,
111026,111026,Cơm Ngon Hà Nội - Bà Triệu,1355588,Cơm Ngon Cả Ngày,9286486,Cơm đùi gà cỡ lớn sốt mắm tỏi,"Cơm trắng gạo tám, đùi bẹ gà cỡ lớn ăn kèm sốt mắm tỏi và dưa góp.",75000.0,75000.0,25,0,0,1,8,https://media.be.com.vn/bizops/image/7d73e20a-3164-11f0-8d88-0695c6df6d37/resized_thumbnail_w1080_h1080,com-dui-ga-co-lon-sot-mam-toi,
111026,111026,Cơm Ngon Hà Nội - Bà Triệu,1355589,Món Âu Trọn Bữa,9286487,Mỳ spaghetti bò băm,Mỳ spaghetti sốt bò băm,95000.0,95000.0,0,0,0,2,1,https://media.be.com.vn/bizops/image/97ae6d83-3164-11f0-8d88-0695c6df6d37/resized_thumbnail_w1080_h1080,my-spaghetti-bo-bam,
27416,27416,Bún Chả Minh Béo - Vân Hồ,123815,Menu,930293,Bún chả lẫn,,40000.0,40000.0,3,0,0,1,1,https://media.be.com.vn/be-food/image/be45a6ff-ae46-11ed-a491-220f4d9eeddb/resized_thumbnail_w1080_h1080,bun-cha-lan,
27416,27416,Bún Chả Minh Béo - Vân Hồ,123815,Menu,930305,Bún chả thịt miếng,,40000.0,40000.0,0,0,0,1,2,https://media.be.com.vn/be-food/image/bf2c2904-ae46-11ed-8ca3-8e6f9560a813/resized_thumbnail_w1080_h1080,bun-cha-thit-mieng,
27416,27416,Bún Chả Minh Béo - Vân Hồ,123815,Menu,930306,Bún chả thịt băm,,40000.0,40000.0,1,0,0,1,3,https://media.be.com.vn/be-food/image/bf42256a-ae46-11ed-8ca3-8e6f9560a813/resized_thumbnail_w1080_h1080,bun-cha-thit-bam,
27416,27416,Bún Chả Minh Béo - Vân Hồ,123815,Menu,930309,Bún nem,,40000.0,40000.0,0,0,0,1,4,https://media.be.com.vn/be-food/image/bf61b96d-ae46-11ed-9fb5-aaa4923b8bae/resized_thumbnail_w1080_h1080,bun-nem,
27416,27416,Bún Chả Minh Béo - Vân Hồ,123815,Menu,930315,Bún chả lẫn - nem,,50000.0,50000.0,1,0,0,1,6,https://media.be.com.vn/be-food/image/c002cfb6-ae46-11ed-9fb5-aaa4923b8bae/resized_thumbnail_w1080_h1080,bun-cha-lan-nem,
27416,27416,Bún Chả Minh Béo - Vân Hồ,123815,Menu,930479,Bún chả thịt miếng - nem,,50000.0,50000.0,1,0,0,1,7,https://media.be.com.vn/be-food/image/d6960bbf-ae46-11ed-8ca3-8e6f9560a813/resized_thumbnail_w1080_h1080,bun-cha-thit-mieng-nem,
27416,27416,Bún Chả Minh Béo - Vân Hồ,123815,Menu,930481,Bún chả thịt băm - nem,,50000.0,50000.0,0,0,0,1,8,https://media.be.com.vn/be-food/image/d6b16911-ae46-11ed-aebb-1eb5d596321f/resized_thumbnail_w1080_h1080,bun-cha-thit-bam-nem,
27416,27416,Bún Chả Minh Béo - Vân Hồ,123815,Menu,930483,Bún chả lẫn - nem - coca chai,,60000.0,60000.0,1,0,0,1,9,https://media.be.com.vn/be-food/image/d6efcca1-ae46-11ed-a491-220f4d9eeddb/resized_thumbnail_w1080_h1080,bun-cha-lan-nem-coca-chai,
27416,27416,Bún Chả Minh Béo - Vân Hồ,123815,Menu,930484,Bún chả thịt miếng - nem - coca chai,,40000.0,40000.0,0,0,0,1,10,https://media.be.com.vn/be-food/image/d6f5d2a0-ae46-11ed-aebb-1eb5d596321f/resized_thumbnail_w1080_h1080,bun-cha-thit-mieng-nem-coca-chai,
27416,27416,Bún Chả Minh Béo - Vân Hồ,123815,Menu,930488,Bún chả thịt băm - nem - coca chai,,40000.0,40000.0,3,0,0,1,11,https://media.be.com.vn/be-food/image/d74e04f3-ae46-11ed-aebb-1eb5d596321f/resized_thumbnail_w1080_h1080,bun-cha-thit-bam-nem-coca-chai,
27416,27416,Bún Chả Minh Béo - Vân Hồ,123815,Menu,930490,Bún nem - coca chai,,50000.0,50000.0,0,0,0,1,12,https://media.be.com.vn/be-food/image/d7800ba8-ae46-11ed-a491-220f4d9eeddb/resized_thumbnail_w1080_h1080,bun-nem-coca-chai,
136086,136086,Cơm Gà Rán Đài Loan - OMEGA - Tạ Quang Bửu,2054925,Deal Hời 20/5,12261418,Cơm Trắng Đùi Gà Rán - Sale,"Rẻ Hơn 10k - Cơm trắng nóng hổi ăn kèm đùi gà rán giòn rụm, phủ sốt đậm vị bùng ngon khó cưỡng, thêm trứng ngâm tương béo thơm và rau góp cân bằng vị giác. Suất ăn đầy đặn, ngon cuốn bùng vị với mức giá siêu hời, vừa no bụng vừa tiết kiệm",59000.0,59000.0,1,0,0,1,1,https://media.be.com.vn/be-food/image/27d1fe41-53b8-11f1-ad42-166496a6b8bb/resized_thumbnail_w1080_h1080,com-trang-dui-ga-ran-sale,
136086,136086,Cơm Gà Rán Đài Loan - OMEGA - Tạ Quang Bửu,2054925,Deal Hời 20/5,12261420,Cơm Trắng Cánh Gà Rán - Sale,"Rẻ Hơn 15k - Cơm trắng nóng hổi ăn kèm cánh gà rán giòn rụm, phủ sốt đậm vị bùng ngon khó cưỡng, thêm trứng ngâm tương béo thơm và rau góp cân bằng vị giác. Suất ăn đầy đặn, ngon cuốn bùng vị với mức giá siêu hời, vừa no bụng vừa tiết kiệm",54000.0,54000.0,0,0,0,1,2,https://media.be.com.vn/be-food/image/69346c96-53b8-11f1-8d18-dadbc64f7918/resized_thumbnail_w1080_h1080,com-trang-canh-ga-ran-sale,
136086,136086,Cơm Gà Rán Đài Loan - OMEGA - Tạ Quang Bửu,2054925,Deal Hời 20/5,12261423,Cơm Trắng Gà Viên Chiên - Sale,"Rẻ Hơn 5k - Cơm trắng nóng hổi ăn kèm gà viên chiên giòn rụm, phủ sốt đậm vị bùng ngon khó cưỡng, thêm trứng ngâm tương béo thơm và rau góp cân bằng vị giác. Suất ăn đầy đặn, ngon cuốn bùng vị với mức giá siêu hời, vừa no bụng vừa tiết kiệm",49000.0,49000.0,0,0,0,1,3,https://media.be.com.vn/be-food/image/9c9e1df8-53b8-11f1-8db8-3e6660809d72/resized_thumbnail_w1080_h1080,com-trang-ga-vien-chien-sale,
136086,136086,Cơm Gà Rán Đài Loan - OMEGA - Tạ Quang Bửu,2049606,Cơm Đảo Gà Rán,12233200,Cơm Đảo Gà Viên Chiên,,59000.0,59000.0,0,0,0,2,3,https://media.be.com.vn/be-food/image/3a34acfa-5043-11f1-ad42-166496a6b8bb/resized_thumbnail_w1080_h1080,com-dao-ga-vien-chien,
136086,136086,Cơm Gà Rán Đài Loan - OMEGA - Tạ Quang Bửu,2034762,Cơm Trắng Gà Rán,12233202,Cơm Trắng Cánh Gà Rán,,69000.0,69000.0,0,0,0,3,1,https://media.be.com.vn/be-food/image/94c1523b-5043-11f1-8d18-dadbc64f7918/resized_thumbnail_w1080_h1080,com-trang-canh-ga-ran,
136086,136086,Cơm Gà Rán Đài Loan - OMEGA - Tạ Quang Bửu,2034762,Cơm Trắng Gà Rán,12233201,Cơm Trắng Đùi Gà Rán,,69000.0,69000.0,0,0,0,3,2,https://media.be.com.vn/be-food/image/58357e3e-5043-11f1-ad42-166496a6b8bb/resized_thumbnail_w1080_h1080,com-trang-dui-ga-ran,
136086,136086,Cơm Gà Rán Đài Loan - OMEGA - Tạ Quang Bửu,2034762,Cơm Trắng Gà Rán,12233203,Cơm Trắng Gà Viên Chiên,,54000.0,54000.0,0,0,0,3,3,https://media.be.com.vn/be-food/image/a6977aeb-5043-11f1-8db8-3e6660809d72/resized_thumbnail_w1080_h1080,com-trang-ga-vien-chien,
136086,136086,Cơm Gà Rán Đài Loan - OMEGA - Tạ Quang Bửu,2044933,Mì Indomie Gà Rán,12233207,Mì Cánh Gà Rán,,69000.0,69000.0,0,0,0,4,1,https://media.be.com.vn/be-food/image/0f69c59f-5044-11f1-ad42-166496a6b8bb/resized_thumbnail_w1080_h1080,mi-canh-ga-ran,
136086,136086,Cơm Gà Rán Đài Loan - OMEGA - Tạ Quang Bửu,2044933,Mì Indomie Gà Rán,12233206,Mì Đùi Gà Rán,,69000.0,69000.0,0,0,0,4,2,https://media.be.com.vn/be-food/image/fd79ffa5-5043-11f1-ad42-166496a6b8bb/resized_thumbnail_w1080_h1080,mi-dui-ga-ran,
136086,136086,Cơm Gà Rán Đài Loan - OMEGA - Tạ Quang Bửu,2044933,Mì Indomie Gà Rán,12233205,Mì Gà Viên Chiên,,54000.0,54000.0,0,0,0,4,3,https://media.be.com.vn/be-food/image/e9e22b95-5043-11f1-ad42-166496a6b8bb/resized_thumbnail_w1080_h1080,mi-ga-vien-chien,
136086,136086,Cơm Gà Rán Đài Loan - OMEGA - Tạ Quang Bửu,2044933,Mì Indomie Gà Rán,12233204,Mì Rau Củ,,23000.0,23000.0,0,0,0,4,4,https://media.be.com.vn/be-food/image/ce8103b8-5043-11f1-8683-3a351028b633/resized_thumbnail_w1080_h1080,mi-rau-cu,
136086,136086,Cơm Gà Rán Đài Loan - OMEGA - Tạ Quang Bửu,2044934,Gà Rán,12233209,Cánh Gà Rán,,54000.0,54000.0,0,0,0,5,1,https://media.be.com.vn/be-food/image/3d3b0b88-5044-11f1-8d18-dadbc64f7918/resized_thumbnail_w1080_h1080,canh-ga-ran,
136086,136086,Cơm Gà Rán Đài Loan - OMEGA - Tạ Quang Bửu,2044934,Gà Rán,12233208,Đùi Gà rán,,54000.0,54000.0,0,0,0,5,2,https://media.be.com.vn/be-food/image/2f0307c6-5044-11f1-ad42-166496a6b8bb/resized_thumbnail_w1080_h1080,dui-ga-ran,
136086,136086,Cơm Gà Rán Đài Loan - OMEGA - Tạ Quang Bửu,2044934,Gà Rán,12233210,Gà Viên Chiên,,45000.0,45000.0,1,0,0,5,3,https://media.be.com.vn/be-food/image/64095f4b-5044-11f1-8683-3a351028b633/resized_thumbnail_w1080_h1080,ga-vien-chien,
136086,136086,Cơm Gà Rán Đài Loan - OMEGA - Tạ Quang Bửu,2044934,Gà Rán,12233211,Khoai Tây Chiên,,45000.0,45000.0,0,0,0,5,4,https://media.be.com.vn/be-food/image/7367b5bf-5044-11f1-8db8-3e6660809d72/resized_thumbnail_w1080_h1080,khoai-tay-chien,
136086,136086,Cơm Gà Rán Đài Loan - OMEGA - Tạ Quang Bửu,2044934,Gà Rán,12233212,Khoai Lang Chiên,,45000.0,45000.0,0,0,0,5,5,https://media.be.com.vn/be-food/image/8c7b696d-5044-11f1-8d18-dadbc64f7918/resized_thumbnail_w1080_h1080,khoai-lang-chien,
117708,117708,Cơm Gà Cô Tấm - Tạ Quang Bửu,1450566,Cơm Gà,9940365,Cơm gà sốt Thái,,65000.0,65000.0,9,0,0,1,1,https://media.be.com.vn/be-food/image/18964f9b-7fd2-11f0-8021-922c9d42c616/resized_thumbnail_w1080_h1080,com-ga-sot-thai,
117708,117708,Cơm Gà Cô Tấm - Tạ Quang Bửu,1450566,Cơm Gà,9940366,Cơm gà sốt bbq,,65000.0,65000.0,3,0,0,1,2,https://media.be.com.vn/be-food/image/35b92011-7f49-11f0-b84b-3a4f2a37a94e/resized_thumbnail_w1080_h1080,com-ga-sot-bbq,
117708,117708,Cơm Gà Cô Tấm - Tạ Quang Bửu,1450566,Cơm Gà,9940368,Cơm gà sốt chua ngọt,,65000.0,65000.0,6,0,0,1,3,https://media.be.com.vn/be-food/image/4f653207-7d9d-11f0-b84b-3a4f2a37a94e/original,com-ga-sot-chua-ngot,
117708,117708,Cơm Gà Cô Tấm - Tạ Quang Bửu,1450566,Cơm Gà,9940369,Cơm gà sốt mắm tỏi,,65000.0,65000.0,18,0,0,1,4,https://media.be.com.vn/be-food/image/11b020d2-7fd2-11f0-8021-922c9d42c616/resized_thumbnail_w1080_h1080,com-ga-sot-mam-toi,
117708,117708,Cơm Gà Cô Tấm - Tạ Quang Bửu,1450566,Cơm Gà,9940370,Cơm gà sốt mật ong,,65000.0,65000.0,1,0,0,1,5,https://media.be.com.vn/be-food/image/0a0797e8-7fd2-11f0-b84b-3a4f2a37a94e/resized_thumbnail_w1080_h1080,com-ga-sot-mat-ong,
117708,117708,Cơm Gà Cô Tấm - Tạ Quang Bửu,1450566,Cơm Gà,9940371,Cơm gà sốt me cay,,65000.0,65000.0,7,0,0,1,6,https://media.be.com.vn/be-food/image/166f4cb5-7f49-11f0-9063-66448d787802/resized_thumbnail_w1080_h1080,com-ga-sot-me-cay,
117708,117708,Cơm Gà Cô Tấm - Tạ Quang Bửu,1450566,Cơm Gà,9940373,Cơm gà sốt roti,,65000.0,65000.0,0,0,0,1,7,https://media.be.com.vn/be-food/image/03b14d3a-7c2a-11f0-b84b-3a4f2a37a94e/resized_thumbnail_w1080_h1080,com-ga-sot-roti,
117708,117708,Cơm Gà Cô Tấm - Tạ Quang Bửu,1450566,Cơm Gà,9940374,Cơm gà sốt tiêu đen,,65000.0,65000.0,9,0,0,1,8,https://media.be.com.vn/be-food/image/0eab8630-7c2a-11f0-b84b-3a4f2a37a94e/resized_thumbnail_w1080_h1080,com-ga-sot-tieu-den,
73491,73491,U Lìu - Bún Bò Nam Bộ & Các Món Cuốn - Vân Hồ 2,858168,Menu,5809908,Combo 5 cuốn thịt bò,,90000.0,90000.0,5,0,0,1,1,https://media.be.com.vn/bizops/image/339f986f-d537-11ee-a8a2-dec4d2deb43e/resized_thumbnail_w1080_h1080,combo-5-cuon-thit-bo,
73491,73491,U Lìu - Bún Bò Nam Bộ & Các Món Cuốn - Vân Hồ 2,858168,Menu,5809909,Bún bò nam bộ xuất lớn,,55000.0,55000.0,66,1,0,1,2,https://media.be.com.vn/bizops/image/4272d182-d537-11ee-950f-6a8ca9ff4d91/original,bun-bo-nam-bo-xuat-lon,
73491,73491,U Lìu - Bún Bò Nam Bộ & Các Món Cuốn - Vân Hồ 2,858168,Menu,5851403,Bún Bò Nam Bộ Xuất Nhỏ,,40000.0,40000.0,56,5,0,1,3,https://media.be.com.vn/be-food/image/6e1272c1-d792-11ee-950f-6a8ca9ff4d91/original,bun-bo-nam-bo-xuat-nho,
73491,73491,U Lìu - Bún Bò Nam Bộ & Các Món Cuốn - Vân Hồ 2,858168,Menu,5851404,Bún Bò Nam Bộ Xuất Thường,,45000.0,45000.0,139,4,1,1,4,https://media.be.com.vn/be-food/image/2498e8c0-d792-11ee-aa97-76aaf5a08884/original,bun-bo-nam-bo-xuat-thuong,
73491,73491,U Lìu - Bún Bò Nam Bộ & Các Món Cuốn - Vân Hồ 2,858168,Menu,5851405,ComBo 1 xuất bún 2 cuốn,,80000.0,80000.0,34,0,1,1,5,https://media.be.com.vn/be-food/image/871ec733-d792-11ee-aa97-76aaf5a08884/original,combo-1-xuat-bun-2-cuon,
73491,73491,U Lìu - Bún Bò Nam Bộ & Các Món Cuốn - Vân Hồ 2,858168,Menu,5851406,Combo 2 xuất bún lớn,,105000.0,105000.0,21,0,0,1,6,https://media.be.com.vn/be-food/image/9d9c18c3-d792-11ee-a8a2-dec4d2deb43e/original,combo-2-xuat-bun-lon,
73491,73491,U Lìu - Bún Bò Nam Bộ & Các Món Cuốn - Vân Hồ 2,858168,Menu,8927387,Bún Bò Nam Bộ Xuất Lớn,,55000.0,55000.0,17,0,0,1,8,https://media.be.com.vn/be-food/image/15c9c8eb-0d70-11f0-8d88-0695c6df6d37/original,bun-bo-nam-bo-xuat-lon,
8805,8805,Gà Rán Texas Chicken - Bạch Mai,2056140,Gà Sốt Me Cay,12261943,01 Miếng Gà Sốt Me Cay,- 01 Miếng gà sốt me cay - 01 Tương cà,49000.0,49000.0,1,0,0,1,1,https://media.be.com.vn/bizops/image/30f6ec41-52a7-11f1-8db8-3e6660809d72/resized_thumbnail_w1080_h1080,01-mieng-ga-sot-me-cay,
8805,8805,Gà Rán Texas Chicken - Bạch Mai,2056140,Gà Sốt Me Cay,12261987,Combo A - Gà Sốt Me Cay,- 02 Miếng gà sốt me cay - 01 Bánh quy bơ mật ong - 01 Khoai tây nghiền cỡ tiêu chuẩn - 01 Chai Coca-Cola Zero Sugar 390ml - 01 Tương ớt + 01 Tương cà,129000.0,156000.0,2,0,0,1,2,https://media.be.com.vn/bizops/image/47f8f12a-52a7-11f1-8db8-3e6660809d72/resized_thumbnail_w1080_h1080,combo-a-ga-sot-me-cay,
8805,8805,Gà Rán Texas Chicken - Bạch Mai,1943884,Bùng Mood Cùng Bánh Quy Bơ Sốt Cam,11777706,05 Bánh quy bơ sốt cam,05 Bánh quy bơ sốt cam,69000.0,95000.0,0,0,0,3,3,https://media.be.com.vn/bizops/image/efec0cbc-2e76-11f1-a167-cadcd99bf8b0/resized_thumbnail_w1080_h1080,05-banh-quy-bo-sot-cam,
8805,8805,Gà Rán Texas Chicken - Bạch Mai,1548749,HÈ RỰC RỠ - DEAL RẺ HẾT CỠ,10250557,COMBO 9 MÓN 99K,01 Miếng gà rán truyền thống + 01 Bánh cuộn gà không xương + 06 Miếng gà popcorn sốt phô mai + 01 Khoai tây nghiền cỡ tiêu chuẩn + 02 Tương ớt + 01 Tương cà,99000.0,156000.0,1010,3,2,4,2,https://media.be.com.vn/bizops/image/90d5097f-2d60-11f1-b63c-1ec8367384f0/resized_thumbnail_w1080_h1080,combo-9-mon-99k,
8805,8805,Gà Rán Texas Chicken - Bạch Mai,1429252,ĐẠI TIỆC BƠ TỎI VÀ THẢO MỘC,721727,1 Miếng Gà Sốt Bơ Tỏi Và Thảo Mộc,- 1 Miếng Gà Sốt Bơ Tỏi Và Thảo Mộc - 1 Tương ớt,49000.0,49000.0,1622,15,1,5,1,https://media.be.com.vn/bizops/image/03bc22dc-c8ca-11f0-b84b-3a4f2a37a94e/resized_thumbnail_w1080_h1080,1-mieng-ga-sot-bo-toi-va-thao-moc,
8805,8805,Gà Rán Texas Chicken - Bạch Mai,1429252,ĐẠI TIỆC BƠ TỎI VÀ THẢO MỘC,721731,Combo 02 Miếng Gà Sốt Bơ Tỏi Và Thảo Mộc,- 2 Miếng gà sốt bơ tỏi và thảo mộc - 1 Bánh quy bơ mật ong - 1 Món ăn kèm tiêu chuẩn tùy chọn (Bắp cải trộn/ Khoai tây nghiền/ Khoai tây chiên) - 1 Chai Coca-Cola Zero Sugar 390ml t - 1 Tương ớt + 1 tương cà,129000.0,156000.0,1328,15,1,5,2,https://media.be.com.vn/bizops/image/96a0c507-f0f7-11f0-b67e-9aaf2a798701/resized_thumbnail_w1080_h1080,combo-02-mieng-ga-sot-bo-toi-va-thao-moc,
8805,8805,Gà Rán Texas Chicken - Bạch Mai,1429252,ĐẠI TIỆC BƠ TỎI VÀ THẢO MỘC,9796129,Combo 01 Miếng Gà Sốt Bơ Tỏi Và Thảo Mộc,- 1 Miếng gà sốt bơ tỏi và thảo mộc - 1 Món ăn kèm tiêu chuẩn tùy chọn (Bắp cải trộn/ Khoai tây nghiền/ Khoai tây chiên) - 1 Nước ngọt - 1 Tương ớt,79000.0,95000.0,29,0,0,5,5,https://media.be.com.vn/bizops/image/b8c5f4ce-f1d0-11f0-a167-cadcd99bf8b0/resized_thumbnail_w1080_h1080,combo-01-mieng-ga-sot-bo-toi-va-thao-moc,
8805,8805,Gà Rán Texas Chicken - Bạch Mai,1429252,ĐẠI TIỆC BƠ TỎI VÀ THẢO MỘC,9796130,3 Miếng Gà Sốt Bơ Tỏi Và Thảo Mộc,- 3 Miếng Gà Sốt Bơ Tỏi Và Thảo Mộc - 2 Tương ớt + 1 tương cà,139000.0,147000.0,299,1,0,5,6,https://media.be.com.vn/bizops/image/0bec21ad-c8ca-11f0-9063-66448d787802/resized_thumbnail_w1080_h1080,3-mieng-ga-sot-bo-toi-va-thao-moc,
8805,8805,Gà Rán Texas Chicken - Bạch Mai,1426562,"GÀ GIÒN TƯƠI, CƯỜI GIÒN TAN - BEST SELLER!!!",9796327,Combo 02 Miếng Gà Rán Truyền Thống,- 2 Miếng gà rán truyền thống (lựa chọn vị cay/ không cay) - 1 Món ăn kèm tiêu chuẩn tùy chọn (Bắp cải trộn/ Khoai tây nghiền/ Khoai tây chiên) - 1 Bánh quy bơ mật ong - 1 Chai Coca-Cola Zero Sugar 390ml - 1 Tương ớt + 1 tương cà,119000.0,136000.0,135,0,0,6,2,https://media.be.com.vn/bizops/image/e5b4767e-f0f7-11f0-b63c-1ec8367384f0/resized_thumbnail_w1080_h1080,combo-02-mieng-ga-ran-truyen-thong,
8805,8805,Gà Rán Texas Chicken - Bạch Mai,1426562,"GÀ GIÒN TƯƠI, CƯỜI GIÒN TAN - BEST SELLER!!!",9796328,Combo Tex Sampler - Gà Rán Truyền Thống,- 1 Miếng gà rán truyền thống (lựa chọn vị cay/ không cay) - 2 Miếng gà giòn không xương (lựa chọn vị cay/ không cay) - 1 Món ăn kèm tiêu chuẩn tùy chọn (Bắp cải trộn/ Khoai tây nghiền/ Khoai tây chiên) - 1 Bánh quy bơ mật ong - 1 Chai Coca-Cola Zero Sugar 390ml - 1 Tương ớt + 1 tương cà,119000.0,137000.0,67,1,0,6,3,https://media.be.com.vn/bizops/image/0350ab5f-f0f8-11f0-8695-ce3d3ce291c1/resized_thumbnail_w1080_h1080,combo-tex-sampler-ga-ran-truyen-thong,
8805,8805,Gà Rán Texas Chicken - Bạch Mai,1426754,"GÀ ĐỈNH BÁNH NGON, ĐỒNG GIÁ 119K",9797086,Combo Gà Rán & Bánh cuộn Zesty Crunch,- 1 Miếng gà rán truyền thống (lựa chọn vị cay/ không cay) - 1 Bánh cuộn gà Zesty Crunch (lựa chọn vị cay/ không cay) - 1 Món ăn kèm tiêu chuẩn tùy chọn (Bắp cải trộn/ Khoai tây nghiền/ Khoai tây chiên) - 1 Bánh quy bơ mật ong - 1 Chai Coca-Cola Zero Sugar 390ml - 1 Tương ớt + 1 tương cà,119000.0,146000.0,33,1,0,9,1,https://media.be.com.vn/bizops/image/551cc331-f0f8-11f0-b67e-9aaf2a798701/resized_thumbnail_w1080_h1080,combo-ga-ran-banh-cuon-zesty-crunch,
8805,8805,Gà Rán Texas Chicken - Bạch Mai,1426754,"GÀ ĐỈNH BÁNH NGON, ĐỒNG GIÁ 119K",9797087,Combo Gà Rán & Burger Cổ Điển,- 1 Miếng gà rán truyền thống - 1 Burger gà cổ điển - 1 Món ăn kèm tiêu chuẩn tùy chọn - 1 Bánh quy bơ mật ong - 1 Chai Coca-Cola Zero Sugar 390ml - 1 Tương ớt + 1 tương cà,119000.0,146000.0,17,0,0,9,2,https://media.be.com.vn/bizops/image/5c033e3a-f0f8-11f0-8695-ce3d3ce291c1/resized_thumbnail_w1080_h1080,combo-ga-ran-burger-co-dien,
8805,8805,Gà Rán Texas Chicken - Bạch Mai,1426754,"GÀ ĐỈNH BÁNH NGON, ĐỒNG GIÁ 119K",9797088,Combo Gà Rán & Burger Zesty Crunch,- 1 Miếng gà rán truyền thống - 1 Burger gà Zesty Crunch - 1 Món ăn kèm tiêu chuẩn tùy chọn - 1 Bánh quy bơ mật ong - 1 Chai Coca-Cola Zero Sugar 390ml - 1 Tương ớt + 1 tương cà,119000.0,146000.0,53,0,0,9,3,https://media.be.com.vn/bizops/image/6eba65aa-f0f8-11f0-b63c-1ec8367384f0/resized_thumbnail_w1080_h1080,combo-ga-ran-burger-zesty-crunch,
8805,8805,Gà Rán Texas Chicken - Bạch Mai,1425381,"BÁNH CUỘN NGON XỈU, AI ĂN CŨNG GHIỀN",278367,Bánh cuộn Tex - Cay,- 1 Bánh cuộn Tex (Cay) - 1 Tương ớt,59000.0,59000.0,400,2,0,10,1,https://media.be.com.vn/bizops/image/cc825483-77df-11f0-8021-922c9d42c616/resized_thumbnail_w1080_h1080,banh-cuon-tex-cay,
8805,8805,Gà Rán Texas Chicken - Bạch Mai,1425381,"BÁNH CUỘN NGON XỈU, AI ĂN CŨNG GHIỀN",278370,Bánh cuộn Mexicana - Cay,- 1 Bánh cuộn Mexicana (Cay) - 1 Tương ớt,69000.0,69000.0,470,4,0,10,2,https://media.be.com.vn/bizops/image/205173dc-77e0-11f0-8b11-e6e7ca75c48c/resized_thumbnail_w1080_h1080,banh-cuon-mexicana-cay,
8805,8805,Gà Rán Texas Chicken - Bạch Mai,1425381,"BÁNH CUỘN NGON XỈU, AI ĂN CŨNG GHIỀN",9798770,Combo Bánh cuộn Tex,- 1 Bánh cuộn Tex (lựa chọn vị cay/ không cay) - 1 Món ăn kèm tiêu chuẩn tùy chọn (Bắp cải trộn/ Khoai tây nghiền/ Khoai tây chiên) - 1 Chai Coca-Cola Zero Sugar 390ml - 1 Tương ớt,89000.0,105000.0,13,0,0,10,3,https://media.be.com.vn/bizops/image/d108b589-f0f8-11f0-b67e-9aaf2a798701/resized_thumbnail_w1080_h1080,combo-banh-cuon-tex,
8805,8805,Gà Rán Texas Chicken - Bạch Mai,1425381,"BÁNH CUỘN NGON XỈU, AI ĂN CŨNG GHIỀN",9798771,Combo Bánh cuộn Mexicana,- 1 Bánh cuộn Mexicana (lựa chọn vị cay/ không cay) - 1 Món ăn kèm tiêu chuẩn tùy chọn (Bắp cải trộn/ Khoai tây nghiền/ Khoai tây chiên) - 1 Chai Coca-Cola Zero Sugar 390ml - 1 Tương ớt,99000.0,115000.0,8,0,0,10,4,https://media.be.com.vn/bizops/image/d6042962-f0f8-11f0-b67e-9aaf2a798701/resized_thumbnail_w1080_h1080,combo-banh-cuon-mexicana,
8805,8805,Gà Rán Texas Chicken - Bạch Mai,1425381,"BÁNH CUỘN NGON XỈU, AI ĂN CŨNG GHIỀN",9798775,Bánh cuộn Tex - Không Cay,- 1 Bánh cuộn Tex (Không Cay) - 1 Tương ớt,59000.0,59000.0,70,0,0,10,5,https://media.be.com.vn/bizops/image/f968ce4f-77df-11f0-b84b-3a4f2a37a94e/resized_thumbnail_w1080_h1080,banh-cuon-tex-khong-cay,
8805,8805,Gà Rán Texas Chicken - Bạch Mai,1425381,"BÁNH CUỘN NGON XỈU, AI ĂN CŨNG GHIỀN",9798776,Bánh cuộn Mexicana - Không Cay,- 1 Bánh cuộn Mexicana (Không Cay) - 1 Tương ớt,69000.0,69000.0,37,0,1,10,6,https://media.be.com.vn/bizops/image/3734d801-77e0-11f0-b84b-3a4f2a37a94e/resized_thumbnail_w1080_h1080,banh-cuon-mexicana-khong-cay,
8805,8805,Gà Rán Texas Chicken - Bạch Mai,1444796,"BURGER ĐẬM ĐÀ, MĂM LÀ MÊ LY",278372,Burger Tôm - Cay,- 1 Burger Tôm (Cay) - 1 Tương ớt,49000.0,49000.0,449,8,0,11,1,https://media.be.com.vn/bizops/image/d95f8afc-77e0-11f0-8021-922c9d42c616/resized_thumbnail_w1080_h1080,burger-tom-cay,
8805,8805,Gà Rán Texas Chicken - Bạch Mai,1444796,"BURGER ĐẬM ĐÀ, MĂM LÀ MÊ LY",278374,Burger Tex Supreme - Cay,- 1 Burger Tex Supreme (Cay) - 1 Tương ớt,59000.0,59000.0,278,8,2,11,2,https://media.be.com.vn/bizops/image/22ff8f48-77e1-11f0-9063-66448d787802/resized_thumbnail_w1080_h1080,burger-tex-supreme-cay,
8805,8805,Gà Rán Texas Chicken - Bạch Mai,1444796,"BURGER ĐẬM ĐÀ, MĂM LÀ MÊ LY",6959204,Burger Mexicana - Cay,- 1 Burger Mexicana (Cay) - 1 Tương ớt,69000.0,69000.0,74,2,0,11,3,https://media.be.com.vn/bizops/image/566c705b-77e1-11f0-9063-66448d787802/resized_thumbnail_w1080_h1080,burger-mexicana-cay,
8805,8805,Gà Rán Texas Chicken - Bạch Mai,1444796,"BURGER ĐẬM ĐÀ, MĂM LÀ MÊ LY",9798772,Combo Burger Tôm,- 1 Burger Tôm (lựa chọn vị cay/ không cay) - 1 Món ăn kèm tiêu chuẩn tùy chọn (Bắp cải trộn/ Khoai tây nghiền/ Khoai tây chiên) - 1 Chai Coca-Cola Zero Sugar 390ml - 1 Tương ớt,79000.0,95000.0,18,0,0,11,4,https://media.be.com.vn/bizops/image/dde26652-f0f8-11f0-a167-cadcd99bf8b0/resized_thumbnail_w1080_h1080,combo-burger-tom,
8805,8805,Gà Rán Texas Chicken - Bạch Mai,1444796,"BURGER ĐẬM ĐÀ, MĂM LÀ MÊ LY",9798773,Combo Burger Tex Supreme,- 1 Burger Tex Supreme (lựa chọn vị cay/ không cay) - 1 Món ăn kèm tiêu chuẩn tùy chọn (Bắp cải trộn/ Khoai tây nghiền/ Khoai tây chiên) - 1 Chai Coca-Cola Zero Sugar 390ml - 1 Tương ớt,89000.0,105000.0,16,0,0,11,5,https://media.be.com.vn/bizops/image/e610e7c8-f0f8-11f0-b63c-1ec8367384f0/resized_thumbnail_w1080_h1080,combo-burger-tex-supreme,
8805,8805,Gà Rán Texas Chicken - Bạch Mai,1444796,"BURGER ĐẬM ĐÀ, MĂM LÀ MÊ LY",9798774,Combo Burger Mexicana,- 1 Burger Mexicana (lựa chọn vị cay/ không cay) - 1 Món ăn kèm tiêu chuẩn tùy chọn (Bắp cải trộn/ Khoai tây nghiền/ Khoai tây chiên) - 1 Chai Coca-Cola Zero Sugar 390ml - 1 Tương ớt,99000.0,115000.0,24,0,0,11,6,https://media.be.com.vn/bizops/image/fc4649be-f0f8-11f0-b67e-9aaf2a798701/resized_thumbnail_w1080_h1080,combo-burger-mexicana,
8805,8805,Gà Rán Texas Chicken - Bạch Mai,1444796,"BURGER ĐẬM ĐÀ, MĂM LÀ MÊ LY",9798777,Burger Tôm - Không Cay,- 1 Burger Tôm (Không Cay) - 1 Tương ớt,49000.0,49000.0,75,1,0,11,7,https://media.be.com.vn/bizops/image/f747c512-77e0-11f0-8021-922c9d42c616/resized_thumbnail_w1080_h1080,burger-tom-khong-cay,
8805,8805,Gà Rán Texas Chicken - Bạch Mai,1444796,"BURGER ĐẬM ĐÀ, MĂM LÀ MÊ LY",9798778,Burger Tex Supreme - Không Cay,- 1 Burger Tex Supreme (Không Cay) - 1 Tương ớt,59000.0,59000.0,45,0,0,11,8,https://media.be.com.vn/bizops/image/3a2836c7-77e1-11f0-9063-66448d787802/resized_thumbnail_w1080_h1080,burger-tex-supreme-khong-cay,
8805,8805,Gà Rán Texas Chicken - Bạch Mai,1444796,"BURGER ĐẬM ĐÀ, MĂM LÀ MÊ LY",9798779,Burger Mexicana - Không Cay,- 1 Burger Mexicana (Không Cay) - 1 Tương ớt,69000.0,69000.0,29,0,0,11,9,https://media.be.com.vn/bizops/image/67ad4f5c-77e1-11f0-9063-66448d787802/resized_thumbnail_w1080_h1080,burger-mexicana-khong-cay,
8805,8805,Gà Rán Texas Chicken - Bạch Mai,1081024,"MỲ Ý CHUẨN VỊ, CƠM GÀ GIÒN NGON",7216750,Combo Mỳ Ý Gà Giòn Không Xương,- 1 Mỳ ý sốt cà chua kèm gà giòn không xương - 1 Chai Coca-Cola Zero Sugar 390ml - 1 Tương ớt,69000.0,76000.0,128,2,0,12,1,https://media.be.com.vn/bizops/image/199c979e-f0f9-11f0-b63c-1ec8367384f0/resized_thumbnail_w1080_h1080,combo-my-y-ga-gion-khong-xuong,
8805,8805,Gà Rán Texas Chicken - Bạch Mai,1081024,"MỲ Ý CHUẨN VỊ, CƠM GÀ GIÒN NGON",7216751,Combo Mỳ Ý Gà Rán Truyền Thống,- 1 Mỳ ý sốt cà chua kèm gà rán truyền thống - 1 Chai Coca-Cola Zero Sugar 390ml - 1 Tương ớt,89000.0,96000.0,55,0,0,12,2,https://media.be.com.vn/bizops/image/0ae03b47-f0f9-11f0-8695-ce3d3ce291c1/resized_thumbnail_w1080_h1080,combo-my-y-ga-ran-truyen-thong,
8805,8805,Gà Rán Texas Chicken - Bạch Mai,1081024,"MỲ Ý CHUẨN VỊ, CƠM GÀ GIÒN NGON",7216752,Combo Cơm Gà Sốt Teriyaki,- 1 Cơm gà sốt Teriyaki - 1 Chai Coca-Cola Zero Sugar 390ml - 1 Tương ớt,69000.0,76000.0,113,1,0,12,3,https://media.be.com.vn/bizops/image/26fca064-f0f9-11f0-8695-ce3d3ce291c1/resized_thumbnail_w1080_h1080,combo-com-ga-sot-teriyaki,
8805,8805,Gà Rán Texas Chicken - Bạch Mai,1081024,"MỲ Ý CHUẨN VỊ, CƠM GÀ GIÒN NGON",7216753,Combo Cơm Gà Sốt Chua Ngọt,- 1 Cơm gà sốt chua ngọt - 1 Chai Coca-Cola Zero Sugar 390ml - 1 Tương ớt,69000.0,76000.0,92,1,0,12,4,https://media.be.com.vn/bizops/image/3114ad43-f0f9-11f0-b67e-9aaf2a798701/resized_thumbnail_w1080_h1080,combo-com-ga-sot-chua-ngot,
8805,8805,Gà Rán Texas Chicken - Bạch Mai,1425384,GÀ GIÒN KHÔNG XƯƠNG & KHUỶU CÁNH GÀ,6960308,Khuỷu Cánh Gà Giòn Cay - 6 Miếng,- 6 Khuỷu cánh gà giòn cay - 1 Tương ớt + 1 tương cà,99000.0,120000.0,154,0,0,13,1,https://media.be.com.vn/bizops/image/ec17e196-77e2-11f0-8b11-e6e7ca75c48c/resized_thumbnail_w1080_h1080,khuyu-canh-ga-gion-cay-6-mieng,
8805,8805,Gà Rán Texas Chicken - Bạch Mai,1425384,GÀ GIÒN KHÔNG XƯƠNG & KHUỶU CÁNH GÀ,9796126,Gà Giòn Không Xương- 6 Miếng,- 6 Miếng gà giòn không xương (lựa chọn vị cay/ không cay) - 1 sốt mù tạt mật ong - 1 Tương ớt + 1 tương cà,99000.0,120000.0,48,0,0,13,2,https://media.be.com.vn/bizops/image/ca60d0e6-77e2-11f0-8021-922c9d42c616/resized_thumbnail_w1080_h1080,ga-gion-khong-xuong-6-mieng,
8805,8805,Gà Rán Texas Chicken - Bạch Mai,1425384,GÀ GIÒN KHÔNG XƯƠNG & KHUỶU CÁNH GÀ,9800475,Combo 03 Miếng Gà Giòn Không Xương,- 3 Miếng gà giòn không xương (lựa chọn vị cay/ không cay) - 1 Sốt mù tạt mật ong - 1 Món ăn kèm tiêu chuẩn tùy chọn (Bắp cải trộn/ Khoai tây nghiền/ Khoai tây chiên) - 1 Chai Coca-Cola Zero Sugar 390ml - 1 Tương ớt,79000.0,106000.0,23,0,0,13,3,https://media.be.com.vn/bizops/image/37f9712c-f0f9-11f0-b63c-1ec8367384f0/resized_thumbnail_w1080_h1080,combo-03-mieng-ga-gion-khong-xuong,
8805,8805,Gà Rán Texas Chicken - Bạch Mai,1425384,GÀ GIÒN KHÔNG XƯƠNG & KHUỶU CÁNH GÀ,9800476,Combo 05 Khuỷu Cánh Gà Giòn Cay,- 5 Khuỷu cánh gà giòn cay - 1 Món ăn kèm tiêu chuẩn tùy chọn (Bắp cải trộn/ Khoai tây nghiền/ Khoai tây chiên) - 1 Chai Coca-Cola Zero Sugar 390ml - 1 Tương ớt + 1 tương cà,95000.0,146000.0,31,0,0,13,4,https://media.be.com.vn/bizops/image/4293b693-f0f9-11f0-b67e-9aaf2a798701/resized_thumbnail_w1080_h1080,combo-05-khuyu-canh-ga-gion-cay,
81353,81353,Cơm Tấm Xưa - Phong Vị Sài Thành - Lê Đại Hành,951180,Món chính,6393657,Cơm tấm sườn cốt lết đầy đủ,"Sườn, bì, chả, ốp la",79000.0,79000.0,1609,14,0,1,1,https://media.be.com.vn/bizops/image/22d0db23-1654-11ef-bbf6-aee397ad57df/resized_thumbnail_w1080_h1080,com-tam-suon-cot-let-day-du,
81353,81353,Cơm Tấm Xưa - Phong Vị Sài Thành - Lê Đại Hành,951180,Món chính,6393658,Cơm tấm má heo nướng đầy đủ,"má heo, bì, chả, ốp la, đồ chua, canh chua",89000.0,89000.0,828,3,0,1,2,https://media.be.com.vn/be-food/image/7c595bff-17f2-11ef-b501-fa660a76b65e/resized_thumbnail_w1080_h1080,com-tam-ma-heo-nuong-day-du,
81353,81353,Cơm Tấm Xưa - Phong Vị Sài Thành - Lê Đại Hành,951180,Món chính,6393659,Cơm tấm sườn cốt lết nướng,"sườn cốt lết, đồ chua, mỡ hành, canh chua",60000.0,60000.0,766,6,2,1,3,https://media.be.com.vn/be-food/image/260c298c-1b04-11ef-bbf6-aee397ad57df/resized_thumbnail_w1080_h1080,com-tam-suon-cot-let-nuong,
81353,81353,Cơm Tấm Xưa - Phong Vị Sài Thành - Lê Đại Hành,951180,Món chính,6393660,Cơm tấm má heo nướng,,70000.0,70000.0,472,8,0,1,4,https://media.be.com.vn/bizops/image/3b916c24-1654-11ef-bbf6-aee397ad57df/resized_thumbnail_w1080_h1080,com-tam-ma-heo-nuong,
81353,81353,Cơm Tấm Xưa - Phong Vị Sài Thành - Lê Đại Hành,951180,Món chính,6393661,Cơm tấm dẻ sườn nướng đầy đủ,"Sườn, bì, chả, ốp la",95000.0,95000.0,83,0,0,1,5,https://media.be.com.vn/bizops/image/bf97e63a-1654-11ef-b411-9e337230779d/resized_thumbnail_w1080_h1080,com-tam-de-suon-nuong-day-du,
81353,81353,Cơm Tấm Xưa - Phong Vị Sài Thành - Lê Đại Hành,951180,Món chính,6393662,Cơm tấm ba rọi đầy đủ,"ba chỉ, bì, chả, ốp la, canh, đồ chua",84000.0,84000.0,142,0,0,1,6,https://media.be.com.vn/be-food/image/25e995ff-48cb-11ef-ba6d-1220605d9522/resized_thumbnail_w1080_h1080,com-tam-ba-roi-day-du,
81353,81353,Cơm Tấm Xưa - Phong Vị Sài Thành - Lê Đại Hành,951180,Món chính,6393663,Cơm tấm ba rọi nướng,"ba rọi, đồ chua, mỡ hành, canh chu",65000.0,65000.0,186,1,0,1,7,https://media.be.com.vn/be-food/image/4c2d3340-1b04-11ef-bbf6-aee397ad57df/resized_thumbnail_w1080_h1080,com-tam-ba-roi-nuong,
81353,81353,Cơm Tấm Xưa - Phong Vị Sài Thành - Lê Đại Hành,951180,Món chính,6393664,Cơm tấm cá quả kho tiêu,"Cơm, cá quả kho tiêu, canh, đồ ăn kèm",65000.0,65000.0,126,1,0,1,8,https://media.be.com.vn/bizops/image/cbfa2d41-1654-11ef-b411-9e337230779d/resized_thumbnail_w1080_h1080,com-tam-ca-qua-kho-tieu,
81353,81353,Cơm Tấm Xưa - Phong Vị Sài Thành - Lê Đại Hành,951180,Món chính,6393665,Cơm tấm dẻ sườn nướng,,75000.0,75000.0,34,0,0,1,9,https://media.be.com.vn/bizops/image/b7d24b3c-1654-11ef-9c7d-4a25ba94d9f3/resized_thumbnail_w1080_h1080,com-tam-de-suon-nuong,
81353,81353,Cơm Tấm Xưa - Phong Vị Sài Thành - Lê Đại Hành,951180,Món chính,6393666,Cơm gà nướng mật ong,"Cơm, gà đùi, trứng ốp, đồ chua, canh chua, mỡ hành",65000.0,65000.0,115,0,1,1,10,https://media.be.com.vn/be-food/image/1f2fba22-1b05-11ef-9c7d-4a25ba94d9f3/resized_thumbnail_w1080_h1080,com-ga-nuong-mat-ong,
81353,81353,Cơm Tấm Xưa - Phong Vị Sài Thành - Lê Đại Hành,951180,Món chính,9059946,Cơm thịt kho trứng,Ba rọi kho với nước dừa kèm trứng gà kho mềm,65000.0,65000.0,32,0,0,1,13,https://media.be.com.vn/be-food/image/778a21e4-18d8-11f0-8510-8ea7808cbcf4/resized_thumbnail_w1080_h1080,com-thit-kho-trung,
77167,77167,Mỳ Gà Tần & Bún Chả - Khu Tập Thể Kinh Tế Quốc Dân,901505,Bún,6055189,Bún chả chấm,,35000.0,35000.0,647,0,2,1,1,https://media.be.com.vn/bizops/image/88e9ab65-f31e-11ee-9c4b-1e44d33cc6fa/original,bun-cha-cham,
77167,77167,Mỳ Gà Tần & Bún Chả - Khu Tập Thể Kinh Tế Quốc Dân,901505,Bún,6055190,Bún đậu,"Đậu, Nem, Chả Cốm, Dồi Sụn, Thịt Luộc",35000.0,35000.0,189,1,1,1,2,https://media.be.com.vn/bizops/image/8e1a9f15-f31e-11ee-9c4b-1e44d33cc6fa/original,bun-dau,
77167,77167,Mỳ Gà Tần & Bún Chả - Khu Tập Thể Kinh Tế Quốc Dân,901505,Bún,6055191,Bún trộn,,35000.0,35000.0,50,0,0,1,3,https://media.be.com.vn/bizops/image/94f17bf3-f31e-11ee-9c4b-1e44d33cc6fa/original,bun-tron,
77167,77167,Mỳ Gà Tần & Bún Chả - Khu Tập Thể Kinh Tế Quốc Dân,901505,Bún,6077837,Bún chả chan,giá bao gồm 5k tiền hộp,40000.0,40000.0,416,2,3,1,4,https://media.be.com.vn/be-food/image/9199ae91-f597-11ee-8673-82f2a81174be/original,bun-cha-chan,
77167,77167,Mỳ Gà Tần & Bún Chả - Khu Tập Thể Kinh Tế Quốc Dân,901505,Bún,6400514,Bún Gà,giá trên đã bao gồm 5k hộp,45000.0,45000.0,34,2,0,1,5,https://media.be.com.vn/be-food/image/eb12df83-16a7-11ef-b501-fa660a76b65e/original,bun-ga,
77167,77167,Mỳ Gà Tần & Bún Chả - Khu Tập Thể Kinh Tế Quốc Dân,901505,Bún,6807873,Bún Bò,giá trên bao gồm 5k hộp,45000.0,45000.0,15,0,0,1,6,https://media.be.com.vn/be-food/image/c867e698-419f-11ef-adb9-3e6ef01ea27f/original,bun-bo,
77167,77167,Mỳ Gà Tần & Bún Chả - Khu Tập Thể Kinh Tế Quốc Dân,901506,Cơm,6055192,Cơm rang dưa bò,,50000.0,50000.0,6,0,0,2,1,https://media.be.com.vn/bizops/image/a11e7dca-f31e-11ee-8673-82f2a81174be/resized_thumbnail_w1080_h1080,com-rang-dua-bo,
77167,77167,Mỳ Gà Tần & Bún Chả - Khu Tập Thể Kinh Tế Quốc Dân,901506,Cơm,6077609,Cơm rang thập cẩm,có kim chi ăn kèm,35000.0,35000.0,11,0,0,2,2,https://media.be.com.vn/be-food/image/084323e3-f595-11ee-9c4b-1e44d33cc6fa/resized_thumbnail_w1080_h1080,com-rang-thap-cam,
77167,77167,Mỳ Gà Tần & Bún Chả - Khu Tập Thể Kinh Tế Quốc Dân,901506,Cơm,7910090,Cơm trộn truyền thống,"giá đã bao gồm 5k hộp, có kim chi ăn kèm",45000.0,45000.0,5,0,0,2,3,https://media.be.com.vn/be-food/image/17bff021-ae7d-11ef-81cc-d24fde1987a0/original,com-tron-truyen-thong,
77167,77167,Mỳ Gà Tần & Bún Chả - Khu Tập Thể Kinh Tế Quốc Dân,901506,Cơm,7927137,Cơm trộn thịt bò,"giá đã bao gồm 5k hộp, có kim chi ăn kèm",59000.0,59000.0,4,0,0,2,4,https://media.be.com.vn/be-food/image/6dcbffc6-afe2-11ef-bd66-b239c83a8124/resized_thumbnail_w1080_h1080,com-tron-thit-bo,
77167,77167,Mỳ Gà Tần & Bún Chả - Khu Tập Thể Kinh Tế Quốc Dân,901506,Cơm,7936257,Cơm trộn gà viên,"giá đã bao gồm 5k hộp, có kim chi ăn kèm",59000.0,59000.0,2,0,0,2,5,https://media.be.com.vn/be-food/image/ed48c45b-b0c0-11ef-bd66-b239c83a8124/resized_thumbnail_w1080_h1080,com-tron-ga-vien,
77167,77167,Mỳ Gà Tần & Bún Chả - Khu Tập Thể Kinh Tế Quốc Dân,901506,Cơm,7950623,Cơm rang xúc xích,,35000.0,35000.0,2,0,0,2,6,https://media.be.com.vn/be-food/image/2b6d2b89-b25c-11ef-8510-8ea7808cbcf4/resized_thumbnail_w1080_h1080,com-rang-xuc-xich,
77167,77167,Mỳ Gà Tần & Bún Chả - Khu Tập Thể Kinh Tế Quốc Dân,901506,Cơm,8047187,Cơm rang trứng,,35000.0,35000.0,2,0,0,2,7,https://media.be.com.vn/be-food/image/aaf2aec6-b6b0-11ef-bd66-b239c83a8124/resized_thumbnail_w1080_h1080,com-rang-trung,
77167,77167,Mỳ Gà Tần & Bún Chả - Khu Tập Thể Kinh Tế Quốc Dân,901506,Cơm,8070574,Cơm gà viên sốt cay (ngọt),có kim chi ăn kèm,50000.0,50000.0,8,0,0,2,8,https://media.be.com.vn/be-food/image/5d9b518d-b8a9-11ef-8510-8ea7808cbcf4/original,com-ga-vien-sot-cay-ngot,
77167,77167,Mỳ Gà Tần & Bún Chả - Khu Tập Thể Kinh Tế Quốc Dân,901506,Cơm,8101714,Cơm gà đùi sốt cay (ngọt),,50000.0,50000.0,15,0,0,2,9,https://media.be.com.vn/be-food/image/19177c7e-bbd0-11ef-bd66-b239c83a8124/original,com-ga-dui-sot-cay-ngot,
77167,77167,Mỳ Gà Tần & Bún Chả - Khu Tập Thể Kinh Tế Quốc Dân,901506,Cơm,9544631,Cơm xá xíu,,45000.0,45000.0,8,0,0,2,10,https://media.be.com.vn/be-food/image/deb807ad-5182-11f0-a9fc-82784e7ebb07/resized_thumbnail_w1080_h1080,com-xa-xiu,
77167,77167,Mỳ Gà Tần & Bún Chả - Khu Tập Thể Kinh Tế Quốc Dân,901509,Mì,6055197,Mì gà tần,"giá bao gồm 5k tiền hộp (mì, đùi gà tần, rau ngải cứu)",45000.0,45000.0,186,1,1,3,1,https://media.be.com.vn/bizops/image/ca429a82-f31e-11ee-9c4b-1e44d33cc6fa/resized_thumbnail_w1080_h1080,mi-ga-tan,
77167,77167,Mỳ Gà Tần & Bún Chả - Khu Tập Thể Kinh Tế Quốc Dân,901509,Mì,6055198,Mì trộn indomie,"bò viên, cá viên, tôm viên, mực xoắn ống, xúc xích, trứng ốp la",35000.0,35000.0,10,0,0,3,2,https://media.be.com.vn/bizops/image/d2f8a002-f31e-11ee-b972-a27b06ef25f3/resized_thumbnail_w1080_h1080,mi-tron-indomie,
77167,77167,Mỳ Gà Tần & Bún Chả - Khu Tập Thể Kinh Tế Quốc Dân,901541,Mì cay,6055194,Mì cay bò,"giá đã bao gồm 5k tiền hộp (xúc xích, cá viên, bò, rau, nấm, kim chi)",59000.0,59000.0,14,0,0,4,1,https://media.be.com.vn/bizops/image/afd3dd3c-f31e-11ee-8673-82f2a81174be/resized_thumbnail_w1080_h1080,mi-cay-bo,
77167,77167,Mỳ Gà Tần & Bún Chả - Khu Tập Thể Kinh Tế Quốc Dân,901541,Mì cay,6055195,Mì cay cá viên,"giá đã bao gồm 5k tiền hộp (cá viên, rau, nấm, kim chi)",53000.0,53000.0,1,0,0,4,2,https://media.be.com.vn/bizops/image/b938c86b-f31e-11ee-b972-a27b06ef25f3/resized_thumbnail_w1080_h1080,mi-cay-ca-vien,
77167,77167,Mỳ Gà Tần & Bún Chả - Khu Tập Thể Kinh Tế Quốc Dân,901541,Mì cay,6055196,Mì cay xúc xích,"giá đã bao gồm 5k tiền hộp (xúc xích, nấm, rau, kim chi)",53000.0,53000.0,33,0,0,4,3,https://media.be.com.vn/bizops/image/c1dfb9e7-f31e-11ee-99b1-a2959d9e08fd/resized_thumbnail_w1080_h1080,mi-cay-xuc-xich,
77167,77167,Mỳ Gà Tần & Bún Chả - Khu Tập Thể Kinh Tế Quốc Dân,901541,Mì cay,6077834,Mì cay sụn,"giá đã bao gồm 5k tiền hộp (sườn sụn, xúc xích, cá viên, rau, nấm, kim chi)",59000.0,59000.0,11,0,0,4,4,https://media.be.com.vn/be-food/image/f3fc7d04-f597-11ee-99b1-a2959d9e08fd/resized_thumbnail_w1080_h1080,mi-cay-sun,
77167,77167,Mỳ Gà Tần & Bún Chả - Khu Tập Thể Kinh Tế Quốc Dân,901541,Mì cay,6077835,Mì cay hải sản,"giá bao gồm 5k tiền hộp (xúc xích, cá viên, tôm, mực, bạch tuộc, rau, nấm, kim chi)",64000.0,64000.0,17,0,0,4,5,https://media.be.com.vn/be-food/image/5e9f17f3-f598-11ee-9c4b-1e44d33cc6fa/resized_thumbnail_w1080_h1080,mi-cay-hai-san,
77167,77167,Mỳ Gà Tần & Bún Chả - Khu Tập Thể Kinh Tế Quốc Dân,901541,Mì cay,6077836,Mì cay thập cẩm,"giá bao gồm 5k tiền hộp (xúc xích, cá viên, sườn sụn, bò, tôm, mực, bạch tuộc, rau, nấm, kim chi)",69000.0,69000.0,13,0,0,4,6,https://media.be.com.vn/be-food/image/957c2d25-f598-11ee-9c4b-1e44d33cc6fa/resized_thumbnail_w1080_h1080,mi-cay-thap-cam,
77167,77167,Mỳ Gà Tần & Bún Chả - Khu Tập Thể Kinh Tế Quốc Dân,1384827,Ăn vặt,9489165,Tokbokki lắc phô mai,,35000.0,35000.0,1,0,0,6,1,https://media.be.com.vn/be-food/image/ed2e1c47-4abe-11f0-a500-3ee3273da586/original,tokbokki-lac-pho-mai,
77167,77167,Mỳ Gà Tần & Bún Chả - Khu Tập Thể Kinh Tế Quốc Dân,1384827,Ăn vặt,9501149,Khoai tây chiên lắc phô mai,,35000.0,35000.0,0,0,0,6,2,https://media.be.com.vn/be-food/image/1edfb304-4abf-11f0-b678-ead99aeb2f03/original,khoai-tay-chien-lac-pho-mai,
77167,77167,Mỳ Gà Tần & Bún Chả - Khu Tập Thể Kinh Tế Quốc Dân,1384827,Ăn vặt,9501152,Gà viên trộn Tok sốt cay (ngọt),,40000.0,40000.0,5,0,0,6,3,https://media.be.com.vn/be-food/image/2d9b6d75-4c03-11f0-a500-3ee3273da586/original,ga-vien-tron-tok-sot-cay-ngot,
77167,77167,Mỳ Gà Tần & Bún Chả - Khu Tập Thể Kinh Tế Quốc Dân,1384827,Ăn vặt,9502122,Kimbap truyền thống,,35000.0,35000.0,3,0,0,6,4,https://media.be.com.vn/be-food/image/1514f210-4c16-11f0-a500-3ee3273da586/resized_thumbnail_w1080_h1080,kimbap-truyen-thong,
77167,77167,Mỳ Gà Tần & Bún Chả - Khu Tập Thể Kinh Tế Quốc Dân,1384827,Ăn vặt,9544664,Tokbokki truyền thống,,40000.0,40000.0,1,0,0,6,5,https://media.be.com.vn/be-food/image/44d6d6e6-5184-11f0-80f8-e214f3662ea7/original,tokbokki-truyen-thong,
77167,77167,Mỳ Gà Tần & Bún Chả - Khu Tập Thể Kinh Tế Quốc Dân,1384827,Ăn vặt,9635140,Tokbokki sốt Rose,,45000.0,45000.0,0,0,0,6,6,https://media.be.com.vn/be-food/image/89d001fa-5bc7-11f0-8b11-e6e7ca75c48c/original,tokbokki-sot-rose,
77167,77167,Mỳ Gà Tần & Bún Chả - Khu Tập Thể Kinh Tế Quốc Dân,1384827,Ăn vặt,9643095,Kimbap bò,,40000.0,40000.0,1,0,0,6,7,https://media.be.com.vn/be-food/image/e1713bda-5cbe-11f0-8b11-e6e7ca75c48c/resized_thumbnail_w1080_h1080,kimbap-bo,
32462,32462,Phở Liên - Phở Gà & Phở Trộn - Bạch Mai,324434,Trộn,2181653,Phở Trộn Gà Lườn,Giá đã bao gồm 5k tiền bát đũa,50000.0,50000.0,212,0,0,1,1,https://media.be.com.vn/be-food/image/d4b73f58-3c4a-11f0-8d88-0695c6df6d37/resized_thumbnail_w1080_h1080,pho-tron-ga-luon,
32462,32462,Phở Liên - Phở Gà & Phở Trộn - Bạch Mai,324434,Trộn,2181649,Phở Trộn Gà Lẫn,Giá đã bảo gồm 5k tiền bát đũa,55000.0,55000.0,774,4,1,1,2,https://media.be.com.vn/be-food/image/899fffd2-3c51-11f0-8510-8ea7808cbcf4/resized_thumbnail_w1080_h1080,pho-tron-ga-lan,
32462,32462,Phở Liên - Phở Gà & Phở Trộn - Bạch Mai,324434,Trộn,9372458,Phở Trộn Gà Đùi,,65000.0,65000.0,45,0,0,1,3,https://media.be.com.vn/be-food/image/deafb667-3c52-11f0-bd66-b239c83a8124/original,pho-tron-ga-dui,
32462,32462,Phở Liên - Phở Gà & Phở Trộn - Bạch Mai,324434,Trộn,2181651,Miến Trộn Gà Lườn,Giá đã bảo gồm 5k tiền bát đũa,50000.0,50000.0,32,1,0,1,4,https://media.be.com.vn/be-food/image/7c6e0a2c-3c51-11f0-81cc-d24fde1987a0/resized_thumbnail_w1080_h1080,mien-tron-ga-luon,
32462,32462,Phở Liên - Phở Gà & Phở Trộn - Bạch Mai,324434,Trộn,2181650,Miến Trộn Gà Lẫn,Giá đã bảo gồm 5k tiền bát đũa,55000.0,55000.0,139,1,0,1,5,https://media.be.com.vn/be-food/image/83f7f3d2-3c51-11f0-81cc-d24fde1987a0/resized_thumbnail_w1080_h1080,mien-tron-ga-lan,
32462,32462,Phở Liên - Phở Gà & Phở Trộn - Bạch Mai,324434,Trộn,2181655,Mì Trộn Gà Lườn,Giá đã bao gồm 5k tiền bát đũa,50000.0,50000.0,20,0,0,1,6,https://media.be.com.vn/be-food/image/c6593bd3-3c4a-11f0-bd66-b239c83a8124/resized_thumbnail_w1080_h1080,mi-tron-ga-luon,
32462,32462,Phở Liên - Phở Gà & Phở Trộn - Bạch Mai,324434,Trộn,2181654,Mì Trộn Gà Lẫn,Giá đã bao gồm 5k tiền bát đũa,55000.0,55000.0,25,0,0,1,7,https://media.be.com.vn/be-food/image/cec670c1-3c4a-11f0-8d88-0695c6df6d37/resized_thumbnail_w1080_h1080,mi-tron-ga-lan,
32462,32462,Phở Liên - Phở Gà & Phở Trộn - Bạch Mai,324434,Trộn,11082795,Miến Trộn Gà Đùi,"miến , giá , thịt , hành khô , lạc , rau thơm",65000.0,65000.0,0,0,0,1,8,https://media.be.com.vn/be-food/image/5ed3bc93-e7f5-11f0-8021-922c9d42c616/resized_thumbnail_w1080_h1080,mien-tron-ga-dui,
32462,32462,Phở Liên - Phở Gà & Phở Trộn - Bạch Mai,324434,Trộn,11082798,Mì Trộn Gà Đùi,,65000.0,65000.0,0,0,0,1,9,https://media.be.com.vn/be-food/image/51241fcb-e7f5-11f0-8b11-e6e7ca75c48c/resized_thumbnail_w1080_h1080,mi-tron-ga-dui,
32462,32462,Phở Liên - Phở Gà & Phở Trộn - Bạch Mai,324438,xôi xéo gà,2181664,Xôi Gà Lườn,,50000.0,50000.0,16,0,0,3,1,https://media.be.com.vn/be-food/image/3f9b816a-6e1e-11f0-8b11-e6e7ca75c48c/original,xoi-ga-luon,
32462,32462,Phở Liên - Phở Gà & Phở Trộn - Bạch Mai,324438,xôi xéo gà,9793575,Xôi Gà Lẫn,,55000.0,55000.0,5,0,0,3,2,https://media.be.com.vn/be-food/image/51f93d8c-6e1e-11f0-8021-922c9d42c616/original,xoi-ga-lan,
32462,32462,Phở Liên - Phở Gà & Phở Trộn - Bạch Mai,324438,xôi xéo gà,9793578,Xôi Gà Đùi,,65000.0,65000.0,1,0,0,3,3,https://media.be.com.vn/be-food/image/673871d0-6e1e-11f0-9063-66448d787802/original,xoi-ga-dui,
77657,77657,BBQ Chicken - Gà Rán Hàn Quốc - Bà Triệu,1893797,GÀ RÁN GIÒNNNN,11640307,Gà rán giòn truyền thống,,116000.0,116000.0,1,0,0,1,1,https://media.be.com.vn/be-food/image/28264405-20e8-11f1-b63c-1ec8367384f0/resized_thumbnail_w1080_h1080,ga-ran-gion-truyen-thong,
77657,77657,BBQ Chicken - Gà Rán Hàn Quốc - Bà Triệu,1893797,GÀ RÁN GIÒNNNN,11640308,Đùi gà rán truyền thống,,121000.0,121000.0,3,0,0,1,2,https://media.be.com.vn/be-food/image/6c9c1797-20e8-11f1-b63c-1ec8367384f0/resized_thumbnail_w1080_h1080,dui-ga-ran-truyen-thong,
77657,77657,BBQ Chicken - Gà Rán Hàn Quốc - Bà Triệu,1893797,GÀ RÁN GIÒNNNN,11640309,Lườn gà truyền thống,,105000.0,105000.0,1,0,0,1,3,https://media.be.com.vn/be-food/image/765dabd8-20e8-11f1-b67e-9aaf2a798701/resized_thumbnail_w1080_h1080,luon-ga-truyen-thong,
77657,77657,BBQ Chicken - Gà Rán Hàn Quốc - Bà Triệu,1893797,GÀ RÁN GIÒNNNN,11640310,Cánh gà rán truyền thống,,200000.0,200000.0,2,0,0,1,4,https://media.be.com.vn/be-food/image/8431b0d9-20e8-11f1-b197-ce3d3ce291c1/resized_thumbnail_w1080_h1080,canh-ga-ran-truyen-thong,
77657,77657,BBQ Chicken - Gà Rán Hàn Quốc - Bà Triệu,1893797,GÀ RÁN GIÒNNNN,11640311,Cánh gà rắc rắc tê cay,,210000.0,210000.0,1,0,0,1,5,https://media.be.com.vn/be-food/image/90343191-20e8-11f1-b197-ce3d3ce291c1/resized_thumbnail_w1080_h1080,canh-ga-rac-rac-te-cay,
77657,77657,BBQ Chicken - Gà Rán Hàn Quốc - Bà Triệu,1893797,GÀ RÁN GIÒNNNN,11640312,Gà rán giòn rút xương,,116000.0,116000.0,9,0,0,1,6,https://media.be.com.vn/be-food/image/99957085-20e8-11f1-b63c-1ec8367384f0/resized_thumbnail_w1080_h1080,ga-ran-gion-rut-xuong,
77657,77657,BBQ Chicken - Gà Rán Hàn Quốc - Bà Triệu,1893798,GÀ SỐT ĐẬM ĐÀ,11640313,Gà rán giòn xốt mật ong tỏi,,126000.0,126000.0,1,0,0,2,1,https://media.be.com.vn/be-food/image/ad1455d7-20e8-11f1-b197-ce3d3ce291c1/resized_thumbnail_w1080_h1080,ga-ran-gion-xot-mat-ong-toi,
77657,77657,BBQ Chicken - Gà Rán Hàn Quốc - Bà Triệu,1893798,GÀ SỐT ĐẬM ĐÀ,11640314,Cánh gà rán giòn xốt mật ong tỏi,,126000.0,126000.0,3,0,0,2,2,https://media.be.com.vn/be-food/image/b99cb3bf-20e8-11f1-a167-cadcd99bf8b0/resized_thumbnail_w1080_h1080,canh-ga-ran-gion-xot-mat-ong-toi,
77657,77657,BBQ Chicken - Gà Rán Hàn Quốc - Bà Triệu,1893798,GÀ SỐT ĐẬM ĐÀ,11640315,Gà rán giòn rắc phô mai,,126000.0,126000.0,8,0,0,2,3,https://media.be.com.vn/be-food/image/c34eb984-20e8-11f1-b63c-1ec8367384f0/resized_thumbnail_w1080_h1080,ga-ran-gion-rac-pho-mai,
77657,77657,BBQ Chicken - Gà Rán Hàn Quốc - Bà Triệu,1893798,GÀ SỐT ĐẬM ĐÀ,11640316,Gà rán giòn tỏi xốt mặn ngọt,,137000.0,137000.0,2,0,0,2,4,https://media.be.com.vn/be-food/image/d908dcb3-20e8-11f1-b67e-9aaf2a798701/resized_thumbnail_w1080_h1080,ga-ran-gion-toi-xot-man-ngot,
77657,77657,BBQ Chicken - Gà Rán Hàn Quốc - Bà Triệu,1893798,GÀ SỐT ĐẬM ĐÀ,11640317,Gà rán giòn dừa xốt tỏi mặn ngọt,,137000.0,137000.0,0,0,0,2,5,https://media.be.com.vn/be-food/image/ec599600-20e8-11f1-b67e-9aaf2a798701/resized_thumbnail_w1080_h1080,ga-ran-gion-dua-xot-toi-man-ngot,
77657,77657,BBQ Chicken - Gà Rán Hàn Quốc - Bà Triệu,1893798,GÀ SỐT ĐẬM ĐÀ,11640318,Gà rán giòn xốt Jachiso,,137000.0,137000.0,1,0,0,2,6,https://media.be.com.vn/be-food/image/f77caab5-20e8-11f1-b63c-1ec8367384f0/resized_thumbnail_w1080_h1080,ga-ran-gion-xot-jachiso,
77657,77657,BBQ Chicken - Gà Rán Hàn Quốc - Bà Triệu,1893798,GÀ SỐT ĐẬM ĐÀ,11640319,Gà rán giòn xốt cay nồng,,126000.0,126000.0,3,0,0,2,7,https://media.be.com.vn/be-food/image/00509525-20e9-11f1-b67e-9aaf2a798701/resized_thumbnail_w1080_h1080,ga-ran-gion-xot-cay-nong,
77657,77657,BBQ Chicken - Gà Rán Hàn Quốc - Bà Triệu,1893798,GÀ SỐT ĐẬM ĐÀ,11640320,Gà rán giòn xốt cay ngọt,,137000.0,137000.0,1,0,0,2,8,https://media.be.com.vn/be-food/image/0fa8917f-20e9-11f1-b63c-1ec8367384f0/resized_thumbnail_w1080_h1080,ga-ran-gion-xot-cay-ngot,
77657,77657,BBQ Chicken - Gà Rán Hàn Quốc - Bà Triệu,1893798,GÀ SỐT ĐẬM ĐÀ,11640321,Gà rán giòn xốt cà tím Mapsody,,137000.0,137000.0,0,0,0,2,9,https://media.be.com.vn/be-food/image/18255ad5-20e9-11f1-b67e-9aaf2a798701/resized_thumbnail_w1080_h1080,ga-ran-gion-xot-ca-tim-mapsody,
77657,77657,BBQ Chicken - Gà Rán Hàn Quốc - Bà Triệu,1893798,GÀ SỐT ĐẬM ĐÀ,11640322,Gà rán giòn xốt sườn,,137000.0,137000.0,0,0,0,2,10,https://media.be.com.vn/be-food/image/22895c35-20e9-11f1-b63c-1ec8367384f0/resized_thumbnail_w1080_h1080,ga-ran-gion-xot-suon,
77657,77657,BBQ Chicken - Gà Rán Hàn Quốc - Bà Triệu,1893798,GÀ SỐT ĐẬM ĐÀ,11640323,Cánh gà giòn xốt Paris,,126000.0,126000.0,1,0,0,2,11,https://media.be.com.vn/be-food/image/2e95694a-20e9-11f1-b197-ce3d3ce291c1/resized_thumbnail_w1080_h1080,canh-ga-gion-xot-paris,
77657,77657,BBQ Chicken - Gà Rán Hàn Quốc - Bà Triệu,1893799,GÀ SỐT ĐẬM ĐÀ KHÔNG XƯƠNG,11640328,Gà rán giòn xốt mật ong tỏi rút xương,,210000.0,210000.0,0,0,0,3,3,https://media.be.com.vn/be-food/image/a0455260-20e9-11f1-b63c-1ec8367384f0/resized_thumbnail_w1080_h1080,ga-ran-gion-xot-mat-ong-toi-rut-xuong,
77657,77657,BBQ Chicken - Gà Rán Hàn Quốc - Bà Triệu,1893799,GÀ SỐT ĐẬM ĐÀ KHÔNG XƯƠNG,11640329,Gà rán giòn rắc phô mai rút xương,,210000.0,210000.0,1,0,0,3,4,https://media.be.com.vn/be-food/image/aa2f9d50-20e9-11f1-b197-ce3d3ce291c1/resized_thumbnail_w1080_h1080,ga-ran-gion-rac-pho-mai-rut-xuong,
77657,77657,BBQ Chicken - Gà Rán Hàn Quốc - Bà Triệu,1893799,GÀ SỐT ĐẬM ĐÀ KHÔNG XƯƠNG,11640330,Gà rán giòn xốt Paris rút xương,,210000.0,210000.0,0,0,0,3,5,https://media.be.com.vn/be-food/image/b2bdb592-20e9-11f1-b63c-1ec8367384f0/resized_thumbnail_w1080_h1080,ga-ran-gion-xot-paris-rut-xuong,
77657,77657,BBQ Chicken - Gà Rán Hàn Quốc - Bà Triệu,1893799,GÀ SỐT ĐẬM ĐÀ KHÔNG XƯƠNG,11640331,Gà rán giòn xốt cay nóng rút xương,,210000.0,210000.0,0,0,0,3,6,https://media.be.com.vn/be-food/image/bb4c6f2c-20e9-11f1-b63c-1ec8367384f0/resized_thumbnail_w1080_h1080,ga-ran-gion-xot-cay-nong-rut-xuong,
77657,77657,BBQ Chicken - Gà Rán Hàn Quốc - Bà Triệu,1893799,GÀ SỐT ĐẬM ĐÀ KHÔNG XƯƠNG,11640332,Gà rán giòn xốt kem tuyết Himalaya,,200000.0,200000.0,1,0,0,3,7,https://media.be.com.vn/be-food/image/c892a462-20e9-11f1-b67e-9aaf2a798701/resized_thumbnail_w1080_h1080,ga-ran-gion-xot-kem-tuyet-himalaya,
77657,77657,BBQ Chicken - Gà Rán Hàn Quốc - Bà Triệu,1893799,GÀ SỐT ĐẬM ĐÀ KHÔNG XƯƠNG,11640333,Gà rán giòn xốt cay ngọt rút xương,,231000.0,231000.0,1,0,0,3,8,https://media.be.com.vn/be-food/image/d81a8faa-20e9-11f1-b197-ce3d3ce291c1/resized_thumbnail_w1080_h1080,ga-ran-gion-xot-cay-ngot-rut-xuong,
77657,77657,BBQ Chicken - Gà Rán Hàn Quốc - Bà Triệu,1893799,GÀ SỐT ĐẬM ĐÀ KHÔNG XƯƠNG,11640334,Gà rán giòn xốt sườn rút xương,,231000.0,231000.0,0,0,0,3,9,https://media.be.com.vn/be-food/image/e2428064-20e9-11f1-b63c-1ec8367384f0/resized_thumbnail_w1080_h1080,ga-ran-gion-xot-suon-rut-xuong,
77657,77657,BBQ Chicken - Gà Rán Hàn Quốc - Bà Triệu,1893799,GÀ SỐT ĐẬM ĐÀ KHÔNG XƯƠNG,11640335,Gà rán giòn xốt Jachiso rút xương,,231000.0,231000.0,1,0,0,3,10,https://media.be.com.vn/be-food/image/ec238061-20e9-11f1-a167-cadcd99bf8b0/resized_thumbnail_w1080_h1080,ga-ran-gion-xot-jachiso-rut-xuong,
77657,77657,BBQ Chicken - Gà Rán Hàn Quốc - Bà Triệu,1893799,GÀ SỐT ĐẬM ĐÀ KHÔNG XƯƠNG,11640336,Gà rán giòn xốt tỏi mặn ngọt rút xương,,231000.0,231000.0,2,0,0,3,11,https://media.be.com.vn/be-food/image/01ba0721-20ea-11f1-b197-ce3d3ce291c1/resized_thumbnail_w1080_h1080,ga-ran-gion-xot-toi-man-ngot-rut-xuong,
77657,77657,BBQ Chicken - Gà Rán Hàn Quốc - Bà Triệu,1893799,GÀ SỐT ĐẬM ĐÀ KHÔNG XƯƠNG,11640337,Gà giòn dừa sốt tỏi mặn ngọt rút xương,,231000.0,231000.0,0,0,0,3,12,https://media.be.com.vn/be-food/image/0f023296-20ea-11f1-b63c-1ec8367384f0/resized_thumbnail_w1080_h1080,ga-gion-dua-sot-toi-man-ngot-rut-xuong,
77657,77657,BBQ Chicken - Gà Rán Hàn Quốc - Bà Triệu,1893799,GÀ SỐT ĐẬM ĐÀ KHÔNG XƯƠNG,11640338,Gà rán giòn xốt cà tím Mapsody rút xương,,231000.0,231000.0,0,0,0,3,13,https://media.be.com.vn/be-food/image/23a578d7-20ea-11f1-a167-cadcd99bf8b0/resized_thumbnail_w1080_h1080,ga-ran-gion-xot-ca-tim-mapsody-rut-xuong,
77657,77657,BBQ Chicken - Gà Rán Hàn Quốc - Bà Triệu,1893800,NƯỚNG NGON ĐẬM VỊ,11640339,Đùi gà nướng Barbecued,,116000.0,116000.0,2,0,0,4,1,https://media.be.com.vn/be-food/image/388a105f-20ea-11f1-a167-cadcd99bf8b0/resized_thumbnail_w1080_h1080,dui-ga-nuong-barbecued,
77657,77657,BBQ Chicken - Gà Rán Hàn Quốc - Bà Triệu,1893800,NƯỚNG NGON ĐẬM VỊ,11640340,Cánh gà nướng Barbecued,,200000.0,200000.0,1,0,0,4,2,https://media.be.com.vn/be-food/image/43055346-20ea-11f1-b197-ce3d3ce291c1/resized_thumbnail_w1080_h1080,canh-ga-nuong-barbecued,
77657,77657,BBQ Chicken - Gà Rán Hàn Quốc - Bà Triệu,1893800,NƯỚNG NGON ĐẬM VỊ,11640341,Gà hun khói,,116000.0,116000.0,2,0,0,4,3,https://media.be.com.vn/be-food/image/4edcb815-20ea-11f1-b197-ce3d3ce291c1/resized_thumbnail_w1080_h1080,ga-hun-khoi,
77657,77657,BBQ Chicken - Gà Rán Hàn Quốc - Bà Triệu,1893800,NƯỚNG NGON ĐẬM VỊ,11640342,Gà nướng tẩm gia vị,,95000.0,95000.0,1,0,0,4,4,https://media.be.com.vn/be-food/image/58cb036a-20ea-11f1-a167-cadcd99bf8b0/resized_thumbnail_w1080_h1080,ga-nuong-tam-gia-vi,
77657,77657,BBQ Chicken - Gà Rán Hàn Quốc - Bà Triệu,1893800,NƯỚNG NGON ĐẬM VỊ,11640343,Đùi barbecued ngô phô mai,,305000.0,305000.0,0,0,0,4,5,https://media.be.com.vn/be-food/image/61dc9de7-20ea-11f1-b197-ce3d3ce291c1/resized_thumbnail_w1080_h1080,dui-barbecued-ngo-pho-mai,
77657,77657,BBQ Chicken - Gà Rán Hàn Quốc - Bà Triệu,1893801,CƠM NGON NO BỤNG,11640344,Cơm đùi gà nướng Barbecued,,135000.0,135000.0,13,0,0,5,1,https://media.be.com.vn/be-food/image/714f6977-20ea-11f1-b63c-1ec8367384f0/resized_thumbnail_w1080_h1080,com-dui-ga-nuong-barbecued,
77657,77657,BBQ Chicken - Gà Rán Hàn Quốc - Bà Triệu,1893801,CƠM NGON NO BỤNG,11640345,Cơm gà nướng tẩm gia vị,,114000.0,114000.0,1,0,0,5,2,https://media.be.com.vn/be-food/image/7d62364b-20ea-11f1-b197-ce3d3ce291c1/resized_thumbnail_w1080_h1080,com-ga-nuong-tam-gia-vi,
77657,77657,BBQ Chicken - Gà Rán Hàn Quốc - Bà Triệu,1893801,CƠM NGON NO BỤNG,11640346,Cơm gà hun khói,,135000.0,135000.0,0,0,0,5,3,https://media.be.com.vn/be-food/image/8cfe4f4e-20ea-11f1-b63c-1ec8367384f0/resized_thumbnail_w1080_h1080,com-ga-hun-khoi,
77657,77657,BBQ Chicken - Gà Rán Hàn Quốc - Bà Triệu,1893801,CƠM NGON NO BỤNG,11640347,Cơm gà BB set 1,,146000.0,146000.0,0,0,0,5,4,https://media.be.com.vn/be-food/image/9cb7d913-20ea-11f1-a167-cadcd99bf8b0/resized_thumbnail_w1080_h1080,com-ga-bb-set-1,
77657,77657,BBQ Chicken - Gà Rán Hàn Quốc - Bà Triệu,1893801,CƠM NGON NO BỤNG,11640348,Cơm gà BB set 2,,146000.0,146000.0,0,0,0,5,5,https://media.be.com.vn/be-food/image/a6ffda8c-20ea-11f1-b67e-9aaf2a798701/resized_thumbnail_w1080_h1080,com-ga-bb-set-2,
77657,77657,BBQ Chicken - Gà Rán Hàn Quốc - Bà Triệu,1893801,CƠM NGON NO BỤNG,11640349,Cơm gà BB set 3,,146000.0,146000.0,0,0,0,5,6,https://media.be.com.vn/be-food/image/b5d9c95e-20ea-11f1-a167-cadcd99bf8b0/resized_thumbnail_w1080_h1080,com-ga-bb-set-3,
77657,77657,BBQ Chicken - Gà Rán Hàn Quốc - Bà Triệu,1893802,K-FOOD CHUẨN VỊ,11640350,Canh Kim Chi - Kimchi Soup,,146000.0,146000.0,1,0,0,6,1,https://media.be.com.vn/be-food/image/cc2b7070-20ea-11f1-b197-ce3d3ce291c1/resized_thumbnail_w1080_h1080,canh-kim-chi-kimchi-soup,
77657,77657,BBQ Chicken - Gà Rán Hàn Quốc - Bà Triệu,1893802,K-FOOD CHUẨN VỊ,11640351,Canh Chả cá - Fish Cake Soup,,173000.0,173000.0,0,0,0,6,2,https://media.be.com.vn/be-food/image/dd41cccb-20ea-11f1-a167-cadcd99bf8b0/resized_thumbnail_w1080_h1080,canh-cha-ca-fish-cake-soup,
77657,77657,BBQ Chicken - Gà Rán Hàn Quốc - Bà Triệu,1893802,K-FOOD CHUẨN VỊ,11640352,Miến trộn - BB Japchae,,209000.0,209000.0,1,0,0,6,3,https://media.be.com.vn/be-food/image/e7a2cd98-20ea-11f1-a167-cadcd99bf8b0/resized_thumbnail_w1080_h1080,mien-tron-bb-japchae,
77657,77657,BBQ Chicken - Gà Rán Hàn Quốc - Bà Triệu,1893802,K-FOOD CHUẨN VỊ,11640353,Cơm rang kim chi cá ngừ,,142000.0,142000.0,1,0,0,6,4,https://media.be.com.vn/be-food/image/f4065bc6-20ea-11f1-b63c-1ec8367384f0/resized_thumbnail_w1080_h1080,com-rang-kim-chi-ca-ngu,
77657,77657,BBQ Chicken - Gà Rán Hàn Quốc - Bà Triệu,1893802,K-FOOD CHUẨN VỊ,11640354,Cơm niêu đá trộn rau truyền thống,,142000.0,142000.0,0,0,0,6,5,https://media.be.com.vn/be-food/image/01c86eb8-20eb-11f1-b67e-9aaf2a798701/resized_thumbnail_w1080_h1080,com-nieu-da-tron-rau-truyen-thong,
77657,77657,BBQ Chicken - Gà Rán Hàn Quốc - Bà Triệu,1893802,K-FOOD CHUẨN VỊ,11640355,Cơm niêu đá trộn thịt bò,,163000.0,163000.0,1,0,0,6,6,https://media.be.com.vn/be-food/image/0c0e51ec-20eb-11f1-a167-cadcd99bf8b0/resized_thumbnail_w1080_h1080,com-nieu-da-tron-thit-bo,
77657,77657,BBQ Chicken - Gà Rán Hàn Quốc - Bà Triệu,1893802,K-FOOD CHUẨN VỊ,11640356,Cơm niêu gà sốt mayonnaise,,142000.0,142000.0,0,0,0,6,7,https://media.be.com.vn/be-food/image/14f978c3-20eb-11f1-b63c-1ec8367384f0/resized_thumbnail_w1080_h1080,com-nieu-ga-sot-mayonnaise,
77657,77657,BBQ Chicken - Gà Rán Hàn Quốc - Bà Triệu,1893802,K-FOOD CHUẨN VỊ,11640357,Mỳ tương đen,,105000.0,105000.0,2,0,0,6,8,https://media.be.com.vn/be-food/image/260560c3-20eb-11f1-a167-cadcd99bf8b0/resized_thumbnail_w1080_h1080,my-tuong-den,
77657,77657,BBQ Chicken - Gà Rán Hàn Quốc - Bà Triệu,1893802,K-FOOD CHUẨN VỊ,11640358,Bánh gạo BB,,93000.0,93000.0,2,0,0,6,9,https://media.be.com.vn/be-food/image/304e65ef-20eb-11f1-b63c-1ec8367384f0/resized_thumbnail_w1080_h1080,banh-gao-bb,
77657,77657,BBQ Chicken - Gà Rán Hàn Quốc - Bà Triệu,1893802,K-FOOD CHUẨN VỊ,11640359,Bánh gạo BB phô mai,,114000.0,114000.0,0,0,0,6,10,https://media.be.com.vn/be-food/image/39ce94fa-20eb-11f1-b197-ce3d3ce291c1/resized_thumbnail_w1080_h1080,banh-gao-bb-pho-mai,
77657,77657,BBQ Chicken - Gà Rán Hàn Quốc - Bà Triệu,1893802,K-FOOD CHUẨN VỊ,11640360,Bánh gạo sốt Rose,,156000.0,156000.0,6,0,0,6,11,https://media.be.com.vn/be-food/image/4b1e37d4-20eb-11f1-b197-ce3d3ce291c1/resized_thumbnail_w1080_h1080,banh-gao-sot-rose,
77657,77657,BBQ Chicken - Gà Rán Hàn Quốc - Bà Triệu,1893802,K-FOOD CHUẨN VỊ,11640378,Phô mai viên Hoàng kim (3 viên),,84000.0,84000.0,1,0,0,6,12,https://media.be.com.vn/be-food/image/5583095c-20ec-11f1-b63c-1ec8367384f0/resized_thumbnail_w1080_h1080,pho-mai-vien-hoang-kim-3-vien,
77657,77657,BBQ Chicken - Gà Rán Hàn Quốc - Bà Triệu,1893803,ĐỒ ÂU,11640362,Salad gà hun khói,,121000.0,121000.0,3,0,0,7,1,https://media.be.com.vn/be-food/image/6ba4654d-20eb-11f1-a167-cadcd99bf8b0/resized_thumbnail_w1080_h1080,salad-ga-hun-khoi,
77657,77657,BBQ Chicken - Gà Rán Hàn Quốc - Bà Triệu,1893803,ĐỒ ÂU,11640363,Salad gà sốt cajun,,104000.0,104000.0,0,0,0,7,2,https://media.be.com.vn/be-food/image/74c54468-20eb-11f1-b63c-1ec8367384f0/resized_thumbnail_w1080_h1080,salad-ga-sot-cajun,
77657,77657,BBQ Chicken - Gà Rán Hàn Quốc - Bà Triệu,1893803,ĐỒ ÂU,11640364,Set burger gà giòn truyền thống,,135000.0,135000.0,0,0,0,7,3,https://media.be.com.vn/be-food/image/89847b3f-20eb-11f1-a167-cadcd99bf8b0/resized_thumbnail_w1080_h1080,set-burger-ga-gion-truyen-thong,
77657,77657,BBQ Chicken - Gà Rán Hàn Quốc - Bà Triệu,1893803,ĐỒ ÂU,11640365,Set burger tôm,,135000.0,135000.0,0,0,0,7,4,https://media.be.com.vn/be-food/image/91a8a860-20eb-11f1-b197-ce3d3ce291c1/resized_thumbnail_w1080_h1080,set-burger-tom,
77657,77657,BBQ Chicken - Gà Rán Hàn Quốc - Bà Triệu,1893803,ĐỒ ÂU,11640366,Set burger gà nướng,,135000.0,135000.0,0,0,0,7,5,https://media.be.com.vn/be-food/image/9c1000b1-20eb-11f1-b63c-1ec8367384f0/resized_thumbnail_w1080_h1080,set-burger-ga-nuong,
77657,77657,BBQ Chicken - Gà Rán Hàn Quốc - Bà Triệu,1893803,ĐỒ ÂU,11640367,Pizza Salad gà sốt Cajun,,221000.0,221000.0,0,0,0,7,6,https://media.be.com.vn/be-food/image/aa30cc5e-20eb-11f1-b197-ce3d3ce291c1/resized_thumbnail_w1080_h1080,pizza-salad-ga-sot-cajun,
77657,77657,BBQ Chicken - Gà Rán Hàn Quốc - Bà Triệu,1893803,ĐỒ ÂU,11640368,Pizza hải sản,,221000.0,221000.0,0,0,0,7,7,https://media.be.com.vn/be-food/image/b6f5bab4-20eb-11f1-b63c-1ec8367384f0/resized_thumbnail_w1080_h1080,pizza-hai-san,
77657,77657,BBQ Chicken - Gà Rán Hàn Quốc - Bà Triệu,1893805,MANG ĐI TIỆN LỢI,11640381,Cơm cốc gà sốt sườn,,93000.0,93000.0,0,0,0,9,1,https://media.be.com.vn/be-food/image/7e544220-20ec-11f1-b67e-9aaf2a798701/resized_thumbnail_w1080_h1080,com-coc-ga-sot-suon,
77657,77657,BBQ Chicken - Gà Rán Hàn Quốc - Bà Triệu,1893805,MANG ĐI TIỆN LỢI,11640382,Cơm cốc gà sốt mayonnaise,,93000.0,93000.0,0,0,0,9,2,https://media.be.com.vn/be-food/image/8ab1eedd-20ec-11f1-b67e-9aaf2a798701/resized_thumbnail_w1080_h1080,com-coc-ga-sot-mayonnaise,
77657,77657,BBQ Chicken - Gà Rán Hàn Quốc - Bà Triệu,1893805,MANG ĐI TIỆN LỢI,11640383,Cơm cốc gà sốt cay ngọt,,93000.0,93000.0,0,0,0,9,3,https://media.be.com.vn/be-food/image/9a8c1c6a-20ec-11f1-b63c-1ec8367384f0/resized_thumbnail_w1080_h1080,com-coc-ga-sot-cay-ngot,
77657,77657,BBQ Chicken - Gà Rán Hàn Quốc - Bà Triệu,1893805,MANG ĐI TIỆN LỢI,11640384,Cơm cốc cơm rang kim chi cá ngừ,,93000.0,93000.0,0,0,0,9,4,https://media.be.com.vn/be-food/image/a7af0a7b-20ec-11f1-b67e-9aaf2a798701/resized_thumbnail_w1080_h1080,com-coc-com-rang-kim-chi-ca-ngu,
77657,77657,BBQ Chicken - Gà Rán Hàn Quốc - Bà Triệu,1893805,MANG ĐI TIỆN LỢI,11640385,Cơm cốc trộn thịt bò Bulgogi,,93000.0,93000.0,0,0,0,9,5,https://media.be.com.vn/be-food/image/b57573d3-20ec-11f1-b63c-1ec8367384f0/resized_thumbnail_w1080_h1080,com-coc-tron-thit-bo-bulgogi,
77657,77657,BBQ Chicken - Gà Rán Hàn Quốc - Bà Triệu,1926461,Bboom Cheese - Gà giòn 4 vị phô mai,11726843,Gà giòn tứ vị phô mai - Bboom Cheese,,137000.0,137000.0,8,0,0,11,1,https://media.be.com.vn/be-food/image/80b68c86-28c4-11f1-a167-cadcd99bf8b0/resized_thumbnail_w1080_h1080,ga-gion-tu-vi-pho-mai-bboom-cheese,
77657,77657,BBQ Chicken - Gà Rán Hàn Quốc - Bà Triệu,1926461,Bboom Cheese - Gà giòn 4 vị phô mai,11726844,Gà giòn tứ vị phô mai rút xương - Bboom Cheese Boneless,,231000.0,231000.0,0,0,0,11,2,https://media.be.com.vn/be-food/image/92f1cd55-28c4-11f1-b67e-9aaf2a798701/resized_thumbnail_w1080_h1080,ga-gion-tu-vi-pho-mai-rut-xuong-bboom-cheese-boneless,
23407,23407,Phở Bò 33 - Lê Đại Hành,992069,Cơm Rang - Mì Xào,6643129,Cơm rang dưa bò,,60000.0,60000.0,25,0,0,1,1,https://media.be.com.vn/bizops/image/e807465b-304e-11ef-b411-9e337230779d/resized_thumbnail_w1080_h1080,com-rang-dua-bo,
23407,23407,Phở Bò 33 - Lê Đại Hành,992069,Cơm Rang - Mì Xào,6643130,Mì xào cải bò,,60000.0,60000.0,4,0,0,1,2,https://media.be.com.vn/bizops/image/f9b3bb26-304e-11ef-b411-9e337230779d/resized_thumbnail_w1080_h1080,mi-xao-cai-bo,
23407,23407,Phở Bò 33 - Lê Đại Hành,992069,Cơm Rang - Mì Xào,6643131,Mì xào tim cật,,65000.0,65000.0,6,0,0,1,3,https://media.be.com.vn/bizops/image/efde126b-304d-11ef-bbf6-aee397ad57df/resized_thumbnail_w1080_h1080,mi-xao-tim-cat,
23407,23407,Phở Bò 33 - Lê Đại Hành,992069,Cơm Rang - Mì Xào,6643132,Cơm rang lẫn bò tim,,85000.0,85000.0,1,0,0,1,4,https://media.be.com.vn/bizops/image/f5580bc1-304d-11ef-bbf6-aee397ad57df/resized_thumbnail_w1080_h1080,com-rang-lan-bo-tim,
23407,23407,Phở Bò 33 - Lê Đại Hành,992069,Cơm Rang - Mì Xào,6643133,Cơm rang cải bò,,60000.0,60000.0,2,0,0,1,5,https://media.be.com.vn/bizops/image/fd0d8a1d-304d-11ef-9c7d-4a25ba94d9f3/resized_thumbnail_w1080_h1080,com-rang-cai-bo,
23407,23407,Phở Bò 33 - Lê Đại Hành,992069,Cơm Rang - Mì Xào,6643134,Cơm rang tim cật,,65000.0,65000.0,1,0,0,1,6,https://media.be.com.vn/bizops/image/06f52abb-304e-11ef-b411-9e337230779d/resized_thumbnail_w1080_h1080,com-rang-tim-cat,
23407,23407,Phở Bò 33 - Lê Đại Hành,992069,Cơm Rang - Mì Xào,6643135,Xào tim cật,,65000.0,65000.0,0,0,0,1,7,https://media.be.com.vn/bizops/image/106607b2-304e-11ef-9c7d-4a25ba94d9f3/resized_thumbnail_w1080_h1080,xao-tim-cat,
23407,23407,Phở Bò 33 - Lê Đại Hành,992070,Phở,6643136,Phở tái chín,,55000.0,55000.0,94,2,0,2,1,https://media.be.com.vn/bizops/image/09786825-304f-11ef-bbf6-aee397ad57df/resized_thumbnail_w1080_h1080,pho-tai-chin,
23407,23407,Phở Bò 33 - Lê Đại Hành,992070,Phở,6643137,Phở nạm gầu,,55000.0,55000.0,117,1,2,2,2,https://media.be.com.vn/bizops/image/0ecd26db-304f-11ef-bbf6-aee397ad57df/resized_thumbnail_w1080_h1080,pho-nam-gau,
23407,23407,Phở Bò 33 - Lê Đại Hành,992070,Phở,6643138,Phở xào,,60000.0,60000.0,16,0,0,2,3,https://media.be.com.vn/bizops/image/137a51b4-304f-11ef-bbf6-aee397ad57df/resized_thumbnail_w1080_h1080,pho-xao,
23407,23407,Phở Bò 33 - Lê Đại Hành,992070,Phở,6643139,Phở tái nạm,,55000.0,55000.0,9,0,0,2,4,https://media.be.com.vn/bizops/image/2150bb43-304f-11ef-bbf6-aee397ad57df/resized_thumbnail_w1080_h1080,pho-tai-nam,
23407,23407,Phở Bò 33 - Lê Đại Hành,992070,Phở,6643141,Phở tái lăn,,60000.0,60000.0,44,1,0,2,5,https://media.be.com.vn/bizops/image/2b3109e9-304f-11ef-b501-fa660a76b65e/resized_thumbnail_w1080_h1080,pho-tai-lan,
23407,23407,Phở Bò 33 - Lê Đại Hành,992070,Phở,6643142,Phở bắp gầu,,75000.0,75000.0,12,1,0,2,6,https://media.be.com.vn/bizops/image/31b43da3-304f-11ef-b411-9e337230779d/resized_thumbnail_w1080_h1080,pho-bap-gau,
23407,23407,Phở Bò 33 - Lê Đại Hành,992070,Phở,6643144,Phở chín,,55000.0,55000.0,35,0,0,2,7,https://media.be.com.vn/bizops/image/372fa34e-304f-11ef-b411-9e337230779d/resized_thumbnail_w1080_h1080,pho-chin,
23407,23407,Phở Bò 33 - Lê Đại Hành,992070,Phở,6643145,Phở sốt vang,,55000.0,55000.0,39,1,1,2,8,https://media.be.com.vn/bizops/image/3dbbb2cd-304f-11ef-bbf6-aee397ad57df/resized_thumbnail_w1080_h1080,pho-sot-vang,
23407,23407,Phở Bò 33 - Lê Đại Hành,992070,Phở,6643146,Phở bắp tái,,75000.0,75000.0,3,1,0,2,9,https://media.be.com.vn/bizops/image/43ab2326-304f-11ef-b411-9e337230779d/resized_thumbnail_w1080_h1080,pho-bap-tai,
23407,23407,Phở Bò 33 - Lê Đại Hành,992070,Phở,6643147,Phở tái gầu,,55000.0,55000.0,17,0,1,2,10,https://media.be.com.vn/bizops/image/49786df5-304f-11ef-b411-9e337230779d/resized_thumbnail_w1080_h1080,pho-tai-gau,
23407,23407,Phở Bò 33 - Lê Đại Hành,992070,Phở,6643148,Phở tái,,55000.0,55000.0,12,0,0,2,11,https://media.be.com.vn/bizops/image/4fbc4fdd-304f-11ef-b411-9e337230779d/resized_thumbnail_w1080_h1080,pho-tai,
23407,23407,Phở Bò 33 - Lê Đại Hành,992070,Phở,6643149,Phở bắp nạm,,75000.0,75000.0,4,0,1,2,12,https://media.be.com.vn/bizops/image/5c36346e-304f-11ef-bbf6-aee397ad57df/resized_thumbnail_w1080_h1080,pho-bap-nam,
23407,23407,Phở Bò 33 - Lê Đại Hành,992070,Phở,6643150,Phở sốt vang gầu,,55000.0,55000.0,6,0,0,2,13,https://media.be.com.vn/bizops/image/61d51a65-304f-11ef-bbf6-aee397ad57df/resized_thumbnail_w1080_h1080,pho-sot-vang-gau,
23407,23407,Phở Bò 33 - Lê Đại Hành,992070,Phở,6643151,Phở xào giòn,,80000.0,80000.0,8,1,0,2,14,https://media.be.com.vn/bizops/image/6913b8b6-304f-11ef-bbf6-aee397ad57df/resized_thumbnail_w1080_h1080,pho-xao-gion,
23407,23407,Phở Bò 33 - Lê Đại Hành,992070,Phở,6643152,Phở áp chảo,,60000.0,60000.0,2,0,0,2,15,https://media.be.com.vn/bizops/image/6f5e9a98-304f-11ef-b411-9e337230779d/resized_thumbnail_w1080_h1080,pho-ap-chao,
23407,23407,Phở Bò 33 - Lê Đại Hành,992070,Phở,6643153,Phở chín gầu,,55000.0,55000.0,14,0,0,2,16,https://media.be.com.vn/bizops/image/757deb05-304f-11ef-b501-fa660a76b65e/resized_thumbnail_w1080_h1080,pho-chin-gau,
23407,23407,Phở Bò 33 - Lê Đại Hành,992070,Phở,6643154,Phở sốt vang tái,,60000.0,60000.0,3,0,0,2,17,https://media.be.com.vn/bizops/image/7a6dc58f-304f-11ef-b501-fa660a76b65e/resized_thumbnail_w1080_h1080,pho-sot-vang-tai,
23407,23407,Phở Bò 33 - Lê Đại Hành,992070,Phở,6643155,Phở sốt vang nạm,,55000.0,55000.0,13,0,0,2,18,https://media.be.com.vn/bizops/image/7f0fa64c-304f-11ef-bbf6-aee397ad57df/resized_thumbnail_w1080_h1080,pho-sot-vang-nam,
23407,23407,Phở Bò 33 - Lê Đại Hành,992070,Phở,6643156,Phở bắp sốt vang,,75000.0,75000.0,2,0,1,2,19,https://media.be.com.vn/bizops/image/840ca08a-304f-11ef-b411-9e337230779d/resized_thumbnail_w1080_h1080,pho-bap-sot-vang,
23407,23407,Phở Bò 33 - Lê Đại Hành,992070,Phở,6643157,Phở sốt vang chín,,60000.0,60000.0,8,0,0,2,20,https://media.be.com.vn/bizops/image/893d7050-304f-11ef-b411-9e337230779d/resized_thumbnail_w1080_h1080,pho-sot-vang-chin,
23407,23407,Phở Bò 33 - Lê Đại Hành,992070,Phở,6643158,Phở tim cật,,55000.0,55000.0,10,0,0,2,21,https://media.be.com.vn/bizops/image/8e507298-304f-11ef-b501-fa660a76b65e/resized_thumbnail_w1080_h1080,pho-tim-cat,
15964,15964,Quán Rôm - Bánh Tráng Cuốn Thịt Heo - Thái Phiên,68245,MENU,540651,Bánh Tráng Cuốn Thịt Heo Quay,1 suất,75000.0,75000.0,289,3,0,1,1,https://media.be.com.vn/bizops/image/6901056f-ac2d-11ed-a491-220f4d9eeddb/resized_thumbnail_w1080_h1080,banh-trang-cuon-thit-heo-quay,
15964,15964,Quán Rôm - Bánh Tráng Cuốn Thịt Heo - Thái Phiên,68245,MENU,540652,Nem Lụi,1 suất ( 6c),65000.0,65000.0,34,1,0,1,2,https://media.be.com.vn/bizops/image/7aaeb503-ac2d-11ed-aebb-1eb5d596321f/resized_thumbnail_w1080_h1080,nem-lui,
15964,15964,Quán Rôm - Bánh Tráng Cuốn Thịt Heo - Thái Phiên,68245,MENU,540653,Bánh Tráng Thịt Heo Luộc,1 suất,65000.0,65000.0,54,0,0,1,3,https://media.be.com.vn/bizops/image/87f7b278-ac2d-11ed-aebb-1eb5d596321f/resized_thumbnail_w1080_h1080,banh-trang-thit-heo-luoc,
15964,15964,Quán Rôm - Bánh Tráng Cuốn Thịt Heo - Thái Phiên,68245,MENU,540654,Nem Tôm,1 đĩa,45000.0,45000.0,12,0,0,1,4,https://media.be.com.vn/bizops/image/3d6efda3-a810-11f0-9063-66448d787802/original,nem-tom,
15964,15964,Quán Rôm - Bánh Tráng Cuốn Thịt Heo - Thái Phiên,68245,MENU,540655,Nộm Tai Xúc Bánh Đa Nhỏ,,45000.0,45000.0,5,0,0,1,5,https://media.be.com.vn/bizops/image/a2c1f724-ac2d-11ed-aebb-1eb5d596321f/resized_thumbnail_w1080_h1080,nom-tai-xuc-banh-da-nho,
15964,15964,Quán Rôm - Bánh Tráng Cuốn Thịt Heo - Thái Phiên,68245,MENU,540656,Cháo Ngao,,40000.0,40000.0,8,0,0,1,6,https://media.be.com.vn/bizops/image/b2a30ace-ac2d-11ed-aebb-1eb5d596321f/resized_thumbnail_w1080_h1080,chao-ngao,
15964,15964,Quán Rôm - Bánh Tráng Cuốn Thịt Heo - Thái Phiên,68245,MENU,540658,Nộm Tai Xúc Bánh Đa Lớn,,75000.0,75000.0,1,0,0,1,8,https://media.be.com.vn/bizops/image/bd7e673c-ac2d-11ed-aebb-1eb5d596321f/resized_thumbnail_w1080_h1080,nom-tai-xuc-banh-da-lon,
15964,15964,Quán Rôm - Bánh Tráng Cuốn Thịt Heo - Thái Phiên,68245,MENU,540659,Bún Mắm,,45000.0,45000.0,6,0,0,1,9,https://media.be.com.vn/bizops/image/d2e000c9-ac2d-11ed-aebb-1eb5d596321f/resized_thumbnail_w1080_h1080,bun-mam,
13998,13998,Quán Thiên Đức - Tự Do,59609,Menu,477169,Bún đậu,,32000.0,32000.0,218,0,0,1,1,https://media.be.com.vn/bizops/image/05f1030c-bc8f-11ed-975f-9af8f6763244/resized_thumbnail_w1080_h1080,bun-dau,
13998,13998,Quán Thiên Đức - Tự Do,59609,Menu,477170,Bánh đa trộn,,32000.0,32000.0,68,0,0,1,2,https://media.be.com.vn/bizops/image/182dacb9-bc8f-11ed-975f-9af8f6763244/resized_thumbnail_w1080_h1080,banh-da-tron,
13998,13998,Quán Thiên Đức - Tự Do,59609,Menu,477171,Mì gà tần,,32000.0,32000.0,69,0,1,1,3,https://media.be.com.vn/bizops/image/20494088-bc8f-11ed-975f-9af8f6763244/resized_thumbnail_w1080_h1080,mi-ga-tan,
13998,13998,Quán Thiên Đức - Tự Do,59609,Menu,477172,Bún chả,,32000.0,32000.0,102,0,1,1,4,https://media.be.com.vn/bizops/image/0dd05401-bc8f-11ed-975f-9af8f6763244/resized_thumbnail_w1080_h1080,bun-cha,
133949,133949,Cơm Rang Khói - Võ Thị Sáu,1988731,Món Bán Chạy,11943904,Cơm rang dưa bò,,60000.0,60000.0,1,0,0,1,1,https://media.be.com.vn/bizops/image/5af601a3-a57c-11f0-b84b-3a4f2a37a94e/original,com-rang-dua-bo,
133949,133949,Cơm Rang Khói - Võ Thị Sáu,1988731,Món Bán Chạy,11943905,Cơm rang sườn chua ngọt,,80000.0,80000.0,1,0,0,1,2,https://media.be.com.vn/bizops/image/b14dc4f0-a57e-11f0-9063-66448d787802/original,com-rang-suon-chua-ngot,
133949,133949,Cơm Rang Khói - Võ Thị Sáu,1988731,Món Bán Chạy,11943906,Cơm rang sườn áp chảo,,80000.0,80000.0,0,0,0,1,3,https://media.be.com.vn/bizops/image/5c117575-3bd2-11f1-b63c-1ec8367384f0/resized_thumbnail_w1080_h1080,com-rang-suon-ap-chao,
133949,133949,Cơm Rang Khói - Võ Thị Sáu,1988732,Bò,11943907,Cơm rang bò xào hành tây,,60000.0,60000.0,0,0,0,2,1,https://media.be.com.vn/bizops/image/4e2ba45c-a57c-11f0-8b11-e6e7ca75c48c/original,com-rang-bo-xao-hanh-tay,
133949,133949,Cơm Rang Khói - Võ Thị Sáu,1988732,Bò,11943908,Cơm rang bò sốt tiêu đen,,70000.0,70000.0,1,0,0,2,2,https://media.be.com.vn/bizops/image/014199dc-a57c-11f0-b84b-3a4f2a37a94e/original,com-rang-bo-sot-tieu-den,
133949,133949,Cơm Rang Khói - Võ Thị Sáu,1988732,Bò,11943909,Cơm rang cải bò,,60000.0,60000.0,0,0,0,2,3,https://media.be.com.vn/bizops/image/7d922959-3bd2-11f1-b63c-1ec8367384f0/resized_thumbnail_w1080_h1080,com-rang-cai-bo,
133949,133949,Cơm Rang Khói - Võ Thị Sáu,1988733,Gà,11943913,Cơm rang đùi gà sốt mắm tỏi,,55000.0,55000.0,0,0,0,3,1,https://media.be.com.vn/bizops/image/75f248e7-a57d-11f0-8021-922c9d42c616/original,com-rang-dui-ga-sot-mam-toi,
133949,133949,Cơm Rang Khói - Võ Thị Sáu,1988733,Gà,11943914,Cơm rang đùi gà sốt chua ngọt,,55000.0,55000.0,0,0,0,3,2,https://media.be.com.vn/bizops/image/e03f6f6a-3bd2-11f1-b63c-1ec8367384f0/resized_thumbnail_w1080_h1080,com-rang-dui-ga-sot-chua-ngot,
133949,133949,Cơm Rang Khói - Võ Thị Sáu,1988734,Cơm Rang Khác,11943915,Cơm rang thập cẩm bò,,65000.0,65000.0,0,0,0,4,1,https://media.be.com.vn/bizops/image/e7979417-3bd2-11f1-a167-cadcd99bf8b0/resized_thumbnail_w1080_h1080,com-rang-thap-cam-bo,
133949,133949,Cơm Rang Khói - Võ Thị Sáu,1988734,Cơm Rang Khác,11943916,Cơm rang thập cẩm,,45000.0,45000.0,0,0,0,4,2,https://media.be.com.vn/bizops/image/61088337-a57c-11f0-9063-66448d787802/original,com-rang-thap-cam,
133949,133949,Cơm Rang Khói - Võ Thị Sáu,1988734,Cơm Rang Khác,11943917,Cơm rang cá mặn,,45000.0,45000.0,0,0,0,4,3,https://media.be.com.vn/bizops/image/ff1dbf0b-b616-11f0-9063-66448d787802/original,com-rang-ca-man,
133949,133949,Cơm Rang Khói - Võ Thị Sáu,1988734,Cơm Rang Khác,11943918,Cơm rang trứng,,45000.0,45000.0,0,0,0,4,4,https://media.be.com.vn/bizops/image/2b6c5161-a57d-11f0-8b11-e6e7ca75c48c/original,com-rang-trung,
133949,133949,Cơm Rang Khói - Võ Thị Sáu,1988734,Cơm Rang Khác,11943919,Cơm rang hải sản,,60000.0,60000.0,0,0,0,4,5,https://media.be.com.vn/bizops/image/77f3832c-a57c-11f0-8b11-e6e7ca75c48c/original,com-rang-hai-san,
133949,133949,Cơm Rang Khói - Võ Thị Sáu,1988734,Cơm Rang Khác,11943920,Cơm rang xá xíu,,45000.0,45000.0,0,0,0,4,6,https://media.be.com.vn/bizops/image/316a6f41-a57d-11f0-8b11-e6e7ca75c48c/original,com-rang-xa-xiu,
133949,133949,Cơm Rang Khói - Võ Thị Sáu,1988734,Cơm Rang Khác,11943921,Cơm rang sườn cốt lết - trứng tráng,,75000.0,75000.0,0,0,0,4,7,https://media.be.com.vn/bizops/image/398a45e0-3bd3-11f1-b67e-9aaf2a798701/resized_thumbnail_w1080_h1080,com-rang-suon-cot-let-trung-trang,
133949,133949,Cơm Rang Khói - Võ Thị Sáu,1988734,Cơm Rang Khác,11943922,Cơm rang sườn cốt lết sốt mắm tỏi,,60000.0,60000.0,0,0,0,4,8,https://media.be.com.vn/bizops/image/42803867-3bd3-11f1-b67e-9aaf2a798701/resized_thumbnail_w1080_h1080,com-rang-suon-cot-let-sot-mam-toi,
9606,9606,Cơm Ngon Quang Thắng,402464,Cơm Siêu Tiết Kiệm,316619,Cơm Thịt Heo Quay Giòn,"Gồm: Cơm, thịt quay thơm giòn , Món phụ đi kèm, rau canh thanh mát",45000.0,45000.0,1296,4,0,1,1,https://media.be.com.vn/be-food/image/9362cf7a-c0ef-11ef-8d88-0695c6df6d37/original,com-thit-heo-quay-gion,
9606,9606,Cơm Ngon Quang Thắng,402464,Cơm Siêu Tiết Kiệm,2695576,Cơm Gà Chua Ngọt,"Gồm: Cơm, Gà Chua Ngọt, 2 Món Phụ ,rau canh thanh mát",45000.0,45000.0,7805,44,5,1,2,https://media.be.com.vn/be-food/image/52fc9aae-c0ef-11ef-8510-8ea7808cbcf4/original,com-ga-chua-ngot,
9606,9606,Cơm Ngon Quang Thắng,402464,Cơm Siêu Tiết Kiệm,2695579,Cơm Gà xào sả ớt,"Gồm cơm, gà xào, và món phụ có thể thay đổi theo ngày",49900.0,49900.0,4449,30,3,1,3,https://media.be.com.vn/be-food/image/766ae972-c0ec-11ef-8510-8ea7808cbcf4/original,com-ga-xao-sa-ot,
9606,9606,Cơm Ngon Quang Thắng,402464,Cơm Siêu Tiết Kiệm,2695580,Cơm Tôm Rang,"Cơm, tôm rang lá chanh,các món phụ đi kèm, rau xào và canh thanh mát",49900.0,49900.0,1216,5,2,1,4,https://media.be.com.vn/be-food/image/b2443df6-c0ef-11ef-81cc-d24fde1987a0/original,com-tom-rang,
9606,9606,Cơm Ngon Quang Thắng,402464,Cơm Siêu Tiết Kiệm,2695581,Cơm 2 Miếng Gà Chiên Mắm,"gồm 2 miếng gà chiên mắm, món phụ đi kèm, rau, canh thanh mát",46000.0,46000.0,5164,24,7,1,5,https://media.be.com.vn/be-food/image/55532901-c0ed-11ef-81cc-d24fde1987a0/original,com-2-mieng-ga-chien-mam,
9606,9606,Cơm Ngon Quang Thắng,402464,Cơm Siêu Tiết Kiệm,2695583,Cơm Thịt xào hành tây,"Bao gồm : Thịt xào hành tây,món phụ đi kèm ,Rau, Canh thay đổi theo ngày- Giá bán trên đã bao gồm tiền hộp và các phụ phí!",45000.0,45000.0,2124,15,2,1,6,https://media.be.com.vn/be-food/image/bf424a18-c0ee-11ef-8d88-0695c6df6d37/original,com-thit-xao-hanh-tay,
9606,9606,Cơm Ngon Quang Thắng,402464,Cơm Siêu Tiết Kiệm,2695585,Cơm Sườn Mặn Ngọt,"Sườn 2 miếng, đậu phụ, rau, canh thay đổi- Giá bán trên đã bao gồm tiền hộp và các phụ phí!",48000.0,48000.0,1224,11,2,1,7,https://media.be.com.vn/be-food/image/758c0b6e-d37b-11ed-9922-96ff39ddef58/original,com-suon-man-ngot,
9606,9606,Cơm Ngon Quang Thắng,402464,Cơm Siêu Tiết Kiệm,2695587,Cơm Thịt Kho Tàu,"Gồm cơm, thịt kho, món phụ đi kèm, rau canh và dụng cụ ăn uống đầy đủ",45000.0,45000.0,2933,12,5,1,8,https://media.be.com.vn/be-food/image/883f0b8d-c0ed-11ef-81cc-d24fde1987a0/original,com-thit-kho-tau,
9606,9606,Cơm Ngon Quang Thắng,402464,Cơm Siêu Tiết Kiệm,2695588,Cơm Gà Chiên Mắm,"Bao gồm :1 Miếng Gà chiên mắm, Món phụ đi kèm , Rau, Canh, Món phụ thay đổi theo ngày- Giá bán trên đã bao gồm tiền hộp và các phụ phí!",45000.0,45000.0,5302,36,15,1,9,https://media.be.com.vn/be-food/image/bba96348-c0ed-11ef-bd66-b239c83a8124/original,com-ga-chien-mam,
9606,9606,Cơm Ngon Quang Thắng,402464,Cơm Siêu Tiết Kiệm,2695593,Cơm Cá om giềng,"Cơm, cá om giềng, món phụ đi kèm, rau xào và canh thanh mát",45000.0,45000.0,2141,16,8,1,10,https://media.be.com.vn/be-food/image/f62072e8-c0ee-11ef-8510-8ea7808cbcf4/original,com-ca-om-gieng,
9606,9606,Cơm Ngon Quang Thắng,402464,Cơm Siêu Tiết Kiệm,2695596,Cơm Bò Hầm Khoai Tây,"Gồm Cơm, Bò hầm thơm mềm, Món phụ đi kèm , rau canh và dụng cụ ăn uống đầy đủ",46000.0,46000.0,2966,22,15,1,11,https://media.be.com.vn/be-food/image/e9a7d8cc-c0ed-11ef-8510-8ea7808cbcf4/original,com-bo-ham-khoai-tay,
9606,9606,Cơm Ngon Quang Thắng,402464,Cơm Siêu Tiết Kiệm,2695597,Cơm thịt xay xào rau củ,"Bao gồm: Cơm, thịt xay, trứng, đậu phụ xốt, rau, canh",45000.0,45000.0,1268,11,1,1,12,https://media.be.com.vn/be-food/image/a4248bcd-d37b-11ed-bf5d-d223e3fbaf4c/original,com-thit-xay-xao-rau-cu,
9606,9606,Cơm Ngon Quang Thắng,402464,Cơm Siêu Tiết Kiệm,2695599,Cơm Gà Rang Lá Chanh,"Cơm, gà rang lá chanh, các món phụ đi kèm, rau và canh thanh mát",45000.0,45000.0,1213,7,3,1,13,https://media.be.com.vn/be-food/image/5a21bc3e-c0ec-11ef-bd66-b239c83a8124/original,com-ga-rang-la-chanh,
9606,9606,Cơm Ngon Quang Thắng,402464,Cơm Siêu Tiết Kiệm,2695604,Cơm Thịt Rang,"Thịt rang thơm ngon, đậu sốt béo ngậy, rau xanh tươi mát.",45000.0,45000.0,1847,13,5,1,14,https://media.be.com.vn/be-food/image/7929f399-c0ee-11ef-bd66-b239c83a8124/original,com-thit-rang,
9606,9606,Cơm Ngon Quang Thắng,402464,Cơm Siêu Tiết Kiệm,5600268,Cơm Thịt Trưng Mắm Tép,"Gồm Cơm, Thịt Trưng Mắm Tép, Món Phụ đi kèm, Rau canh thanh mát",45000.0,45000.0,2977,13,5,1,15,https://media.be.com.vn/be-food/image/0a5530ef-c0ee-11ef-8d88-0695c6df6d37/original,com-thit-trung-mam-tep,
9606,9606,Cơm Ngon Quang Thắng,402466,CƠM VIP,2695589,Cơm Cá Om Giềng VIP,"Đã bao gồm Canh và Hộp , Quả Tráng miệng kèm dụng cụ ăn uống đi kèm",65000.0,65000.0,1328,11,1,2,1,https://media.be.com.vn/be-food/image/f872fe20-be8f-11ef-8510-8ea7808cbcf4/original,com-ca-om-gieng-vip,
9606,9606,Cơm Ngon Quang Thắng,402466,CƠM VIP,2695592,Cơm Thịt Rang VIP,"Cơm trắng, thịt rang, rau canh tươi ngon, ăn kèm tráng miệng. Hình ảnh Minh hoạ . Món phụ có thể thay đổi theo ngày. Khách ăn giống hình vui lòng note cho quán .",65000.0,65000.0,233,0,1,2,2,https://media.be.com.vn/be-food/image/4058cc0f-1dc6-11f1-8695-ce3d3ce291c1/resized_thumbnail_w1080_h1080,com-thit-rang-vip,
9606,9606,Cơm Ngon Quang Thắng,402466,CƠM VIP,2695598,Cơm Gà Xào Xả Ớt VIP,"Gà xào xả ớt thơm giòn đượm vị , cơm Bắc Hương thơm dẻo, món phụ đa dạng, Canh và Hộp, Quả Tráng miệng kèm dụng cụ ăn uống đi kèm",65000.0,65000.0,1559,12,1,2,3,https://media.be.com.vn/be-food/image/c296f8e4-be8f-11ef-8d88-0695c6df6d37/original,com-ga-xao-xa-ot-vip,
9606,9606,Cơm Ngon Quang Thắng,402466,CƠM VIP,2695600,Cơm Gà Chiên Mắm VIP,"Bao gồm : Hộp văn phòng, 2 Miếng Gà chiên mắm ,Món phụ ,Rau, Canh ,Quả Tráng miệng, Giá bán trên đã bao gồm tiền hộp và các phụ phí!",65000.0,65000.0,2734,26,0,2,4,https://media.be.com.vn/be-food/image/e6f6cf14-be8f-11ef-8510-8ea7808cbcf4/original,com-ga-chien-mam-vip,
9606,9606,Cơm Ngon Quang Thắng,402466,CƠM VIP,2695601,Cơm Sườn Sốt Chua Ngọt VIP,"3 miếng sườn , 2 món phụ, Quả Tráng miệng .Đã bao gồm Canh và Hộp kèm dụng cụ ăn uống đi kèm",69000.0,69000.0,843,15,1,2,5,https://media.be.com.vn/be-food/image/cbb6fb0e-be8f-11ef-8d88-0695c6df6d37/original,com-suon-sot-chua-ngot-vip,
9606,9606,Cơm Ngon Quang Thắng,402466,CƠM VIP,2695607,Cơm Gà Rang VIP,"Bao gồm : Hộp văn phòng , Gà rang, Món phụ ,Rau, Canh, Quả Tráng miệng - Giá bán trên đã bao gồm tiền hộp và các phụ phí!",65000.0,65000.0,1122,7,0,2,6,https://media.be.com.vn/be-food/image/d510dd58-be8f-11ef-8d88-0695c6df6d37/original,com-ga-rang-vip,
9606,9606,Cơm Ngon Quang Thắng,402466,CƠM VIP,2695608,Cơm Gà Chua Ngọt VIP,"Bao gồm : 2 Miếng Gà chua ngọt , Món phụ, Rau, Canh thay đổi theo ngày, Quả Tráng miệng - Giá bán trên đã bao gồm tiền hộp và các phụ phí!",65000.0,65000.0,853,5,0,2,7,https://media.be.com.vn/be-food/image/df579798-be8f-11ef-8d88-0695c6df6d37/original,com-ga-chua-ngot-vip,
9606,9606,Cơm Ngon Quang Thắng,402466,CƠM VIP,5600266,Cơm Thịt Trưng Mắm Tép VIP,,65000.0,65000.0,1303,13,1,2,8,https://media.be.com.vn/be-food/image/041fa3ba-be90-11ef-8510-8ea7808cbcf4/original,com-thit-trung-mam-tep-vip,
9606,9606,Cơm Ngon Quang Thắng,402466,CƠM VIP,5600267,Cơm Thịt Kho Tàu VIP,"thịt kho tàu mềm ngậy chuẩn vị, cơm Bắc Hương thơm dẻo, rau canh tươi ngon, ăn kèm tráng miệng.",65000.0,65000.0,1929,14,0,2,9,https://media.be.com.vn/be-food/image/0e2ab694-be90-11ef-8510-8ea7808cbcf4/original,com-thit-kho-tau-vip,
9606,9606,Cơm Ngon Quang Thắng,402466,CƠM VIP,8133304,Cơm Thịt Heo Quay VIP,"Heo Quay Thơm Giòn, cơm Bắc Hương thơm nóng dẻo , canh thanh mát , tráng miệng đỉnh cao",65000.0,65000.0,619,3,0,2,10,https://media.be.com.vn/be-food/image/5654d469-be90-11ef-8510-8ea7808cbcf4/original,com-thit-heo-quay-vip,
9606,9606,Cơm Ngon Quang Thắng,402466,CƠM VIP,8133317,Cơm Tôm Rang VIP,"Tôm tươi ngon , cơm Bắc Hương nóng dẻo , món phụ đa dạng, canh thanh mát kèm tráng miệng cho bữa ăn đầy đủ dinh dưỡng",69000.0,69000.0,220,1,0,2,11,https://media.be.com.vn/be-food/image/e769b25e-be90-11ef-8510-8ea7808cbcf4/original,com-tom-rang-vip,
9606,9606,Cơm Ngon Quang Thắng,402467,COMBO,2695590,cơm gà sốt chua ngọt + coca,,58000.0,58000.0,295,0,0,3,1,https://media.be.com.vn/be-food/image/8cba14b6-1f90-11ed-9985-46ef85b7fc92/original,com-ga-sot-chua-ngot-coca,
9606,9606,Cơm Ngon Quang Thắng,402467,COMBO,2695595,Cơm gà chua ngọt + fanta,,58000.0,58000.0,105,1,0,3,2,https://media.be.com.vn/bizops/image/8abe943e-cec1-11ed-975f-9af8f6763244/original,com-ga-chua-ngot-fanta,
9606,9606,Cơm Ngon Quang Thắng,402467,COMBO,2695603,Cơm 2 miếng gà chiên mắm + coca,,58000.0,58000.0,73,0,1,3,3,https://media.be.com.vn/bizops/image/18503286-cec2-11ed-a912-ca4386e16cdf/original,com-2-mieng-ga-chien-mam-coca,
9606,9606,Cơm Ngon Quang Thắng,402467,COMBO,2695606,Cơm 2 miếng gà chiên mắm + sprite,,58000.0,58000.0,41,0,0,3,4,https://media.be.com.vn/bizops/image/48fd179c-cec2-11ed-aca6-c6be6bda1b97/original,com-2-mieng-ga-chien-mam-sprite,
7635,7635,Happy Food Cơm Gà Ba Vì,1143864,PEPSI CỰC ĐÃ - QUÁN CỰC CHẤT,7617183,Combo Cơm Gà Lọc Xương Sốt BBQ + Pepsi,Khao thêm 5K khi mua combo này. *Số lượng có hạn,65000.0,65000.0,133,0,0,1,1,https://media.be.com.vn/bizops/image/2ab0ae68-9347-11ef-81cc-d24fde1987a0/original,combo-com-ga-loc-xuong-sot-bbq-pepsi,
7635,7635,Happy Food Cơm Gà Ba Vì,1143864,PEPSI CỰC ĐÃ - QUÁN CỰC CHẤT,7617184,Combo Cơm bò xào sốt tiêu đen + Pepsi,Khao thêm 5K khi mua combo này. *Số lượng có hạn,69000.0,69000.0,56,0,0,1,2,https://media.be.com.vn/bizops/image/343adc68-9347-11ef-8510-8ea7808cbcf4/original,combo-com-bo-xao-sot-tieu-den-pepsi,
7635,7635,Happy Food Cơm Gà Ba Vì,1143864,PEPSI CỰC ĐÃ - QUÁN CỰC CHẤT,7617185,Combo Cơm Gà Sốt cay ngọt + Pepsi,Khao thêm 5K khi mua combo này. *Số lượng có hạn,65000.0,65000.0,76,0,0,1,3,https://media.be.com.vn/bizops/image/491b6236-9347-11ef-bd66-b239c83a8124/original,combo-com-ga-sot-cay-ngot-pepsi,
7635,7635,Happy Food Cơm Gà Ba Vì,1143864,PEPSI CỰC ĐÃ - QUÁN CỰC CHẤT,7617186,[Deal Hot] Combo Cơm sườn thăn chiên xù Nhật + Pepsi,Khao thêm 5K khi mua combo này. *Số lượng có hạn,65000.0,65000.0,134,2,0,1,4,https://media.be.com.vn/bizops/image/5ebbfd17-9347-11ef-81cc-d24fde1987a0/original,deal-hot-combo-com-suon-than-chien-xu-nhat-pepsi,
7635,7635,Happy Food Cơm Gà Ba Vì,24598,Món chính,230344,Cơm sườn thăn chiên xù Nhật,"1 phần cơm bao gồm: cơm tấm ,Thịt sườn thăn tẩm bột xù Nhật sốt ngọt, rau salad theo mùa ,kèm canh và dụng cụ ăn uống",55000.0,55000.0,13756,122,6,2,1,https://media.be.com.vn/be-food/image/47551cb5-c602-11ec-bd9d-0ac153492a5c/original,com-suon-than-chien-xu-nhat,
7635,7635,Happy Food Cơm Gà Ba Vì,24598,Món chính,230336,Cơm gà lọc xương sốt cay ngọt,"1 phần cơm bao gồm: cơm tấm , đùi gà sốt, rau salad theo mùa , kèm canh và dụng cụ ăn uống",55000.0,55000.0,11909,90,17,2,2,https://media.be.com.vn/be-food/image/542a2862-35f6-11ef-a271-b60dedd57ab8/original,com-ga-loc-xuong-sot-cay-ngot,
7635,7635,Happy Food Cơm Gà Ba Vì,24598,Món chính,230338,Cơm gà lọc xương sốt BBQ,"1 phần cơm bao gồm: cơm tấm , đùi gà sốt, rau salad theo mùa ,kèm canh và dụng cụ ăn uống",55000.0,55000.0,6076,57,6,2,3,https://media.be.com.vn/be-food/image/58a7903b-35f6-11ef-adb9-3e6ef01ea27f/original,com-ga-loc-xuong-sot-bbq,
7635,7635,Happy Food Cơm Gà Ba Vì,24598,Món chính,230335,Cơm gà lọc xương sốt Teriyaki kiểu Nhật,"1 phần cơm bao gồm: cơm tấm , đùi gà sốt, rau salad theo mùa, kèm canh và dụng cụ ăn uống",55000.0,55000.0,7958,82,4,2,4,https://media.be.com.vn/be-food/image/4da57cf1-35f6-11ef-adb9-3e6ef01ea27f/original,com-ga-loc-xuong-sot-teriyaki-kieu-nhat,
7635,7635,Happy Food Cơm Gà Ba Vì,24598,Món chính,230345,Cơm bò xào sốt tiêu đen,"phần cơm gồm: Cơm tấm , thăn bò xào sốt tiêu đen,rau salad theo mùa , canh theo ngày và dụng cụ ăn uống.",60000.0,60000.0,1679,14,5,2,5,https://media.be.com.vn/be-food/image/5f5b2c4d-35f6-11ef-ba6d-1220605d9522/original,com-bo-xao-sot-tieu-den,
7635,7635,Happy Food Cơm Gà Ba Vì,41248,ĐÃÃ QUÁ PEPSI ƠI !,342013,Cơm Bò xào sốt tiêu đen + pepsi,phần ăn gồm 1 suất cơm bò+ 1 chai pepsi,69000.0,69000.0,219,1,0,4,1,https://media.be.com.vn/be-food/image/684801f4-35f6-11ef-adb9-3e6ef01ea27f/original,com-bo-xao-sot-tieu-den-pepsi,
7635,7635,Happy Food Cơm Gà Ba Vì,41248,ĐÃÃ QUÁ PEPSI ƠI !,342014,Cơm Gà lọc xương sốt BBQ + pepsi,phần ăn gồm: 1 suất cơm gà + 1 chai pepsi,65000.0,65000.0,411,6,0,4,2,https://media.be.com.vn/be-food/image/6d51a76b-35f6-11ef-a271-b60dedd57ab8/original,com-ga-loc-xuong-sot-bbq-pepsi,
7635,7635,Happy Food Cơm Gà Ba Vì,41248,ĐÃÃ QUÁ PEPSI ƠI !,342161,Cơm sườn thăn chiên xù Nhật+ pepsi,phần ăn gồm: 1 suất cơm sườn thăn chiên xù Nhật + 1 chai pepsi,65000.0,65000.0,404,5,3,4,3,https://media.be.com.vn/be-food/image/5ece8016-1ed5-11ee-8e31-f638ae20f033/original,com-suon-than-chien-xu-nhat-pepsi,
7635,7635,Happy Food Cơm Gà Ba Vì,41248,ĐÃÃ QUÁ PEPSI ƠI !,9481930,Cơm gà lọc xương sốt cay ngọt + pepsi,phần cơm gồm : 1 suất cơm gà + 1 chai pepsi,65000.0,65000.0,33,0,0,4,4,https://media.be.com.vn/be-food/image/1ff81bef-91c2-11ef-bd66-b239c83a8124/original,com-ga-loc-xuong-sot-cay-ngot-pepsi,
7635,7635,Happy Food Cơm Gà Ba Vì,278340,Combo cùng Coca ăn càng Đãã...,342011,Combo 2 Gà + 1 Nước,phần ăn gồm: 2 đùi gà hoặc 2 phần gà lọc xương chiên giòn kèm sốt + 1 chai coca lạnh,87000.0,87000.0,272,3,0,5,1,https://media.be.com.vn/be-food/image/ff20596e-35e4-11ef-a271-b60dedd57ab8/original,combo-2-ga-1-nuoc,
7635,7635,Happy Food Cơm Gà Ba Vì,278340,Combo cùng Coca ăn càng Đãã...,342012,Combo 1 Gà + 1 Nước,phần ăn gồm: 1 đùi gà hoặc 1 phần gà lọc xương chiên giòn kèm sốt+ 1 Chai coca lạnh,50000.0,50000.0,203,5,0,5,2,https://media.be.com.vn/be-food/image/0abba0b9-35e5-11ef-ba6d-1220605d9522/original,combo-1-ga-1-nuoc,
7635,7635,Happy Food Cơm Gà Ba Vì,278340,Combo cùng Coca ăn càng Đãã...,1978423,Cơm gà lọc xương sốt Teriyaki kiểu Nhật + Coca,phần ăn gồm : 1 suất cơm Gà + 1 chai Coca,65000.0,65000.0,267,4,1,5,3,https://media.be.com.vn/be-food/image/7be743c6-35f6-11ef-a271-b60dedd57ab8/original,com-ga-loc-xuong-sot-teriyaki-kieu-nhat-coca,
7635,7635,Happy Food Cơm Gà Ba Vì,278340,Combo cùng Coca ăn càng Đãã...,1978424,Cơm sườn thăn chiên xù Nhật + Coca,phần ăn gồm : 1 phần cơm + 1 chai coca,65000.0,65000.0,276,2,1,5,4,https://media.be.com.vn/be-food/image/05201400-86b7-11ed-9d0d-4e52ae3b2c21/original,com-suon-than-chien-xu-nhat-coca,
7635,7635,Happy Food Cơm Gà Ba Vì,278340,Combo cùng Coca ăn càng Đãã...,1978425,Cơm gà lọc xương sốt cay ngọt + Coca,phần ăn gồm : 1 suất cơm gà + 1 chai coca,65000.0,65000.0,300,4,1,5,5,https://media.be.com.vn/be-food/image/85b4f39b-35f6-11ef-a271-b60dedd57ab8/original,com-ga-loc-xuong-sot-cay-ngot-coca,
7635,7635,Happy Food Cơm Gà Ba Vì,278340,Combo cùng Coca ăn càng Đãã...,1978426,Cơm bò xào sốt tiêu đen + Coca,phần ăn gồm : 1 suất cơm + 1 chai coca,69000.0,69000.0,41,0,0,5,6,https://media.be.com.vn/be-food/image/8d4193fa-35f6-11ef-a271-b60dedd57ab8/original,com-bo-xao-sot-tieu-den-coca,
7635,7635,Happy Food Cơm Gà Ba Vì,278340,Combo cùng Coca ăn càng Đãã...,1978427,Cơm gà lọc xương sốt BBQ + Coca,phần ăn gồm : 1 suất cơm gà + 1 chai coca,65000.0,65000.0,124,2,0,5,7,https://media.be.com.vn/be-food/image/92ba9188-35f6-11ef-a271-b60dedd57ab8/original,com-ga-loc-xuong-sot-bbq-coca,
14318,14318,Thuỷ Hùng Cơm Gà Ba Vì - Phố Vọng,61142,Các món chính,488455,Cơm sườn thăn chiên xù nhật,"Phần cơm gồm : Cơm tấm, Thịt sườn thăn heo tẩm bột xù Nhật sốt ngọt, rau salad theo mùa , kèm canh và dụng cụ ăn uống",55000.0,55000.0,8613,82,3,1,1,https://media.be.com.vn/bizops/image/a617af07-9329-11ed-848e-5a3a16519cec/original,com-suon-than-chien-xu-nhat,
14318,14318,Thuỷ Hùng Cơm Gà Ba Vì - Phố Vọng,61142,Các món chính,488453,Cơm gà lọc xương sốt cay ngọt,"Phần cơm gồm : Cơm tấm, đùi gà sốt, rau salad theo mùa , kèm canh và dụng cụ ăn uống .",55000.0,55000.0,4030,35,1,1,2,https://media.be.com.vn/be-food/image/0f0db6c1-35ef-11ef-a271-b60dedd57ab8/original,com-ga-loc-xuong-sot-cay-ngot,
14318,14318,Thuỷ Hùng Cơm Gà Ba Vì - Phố Vọng,61142,Các món chính,488454,Cơm gà lọc xương sốt BBQ,"Phần cơm gồm : Cơm tấm, đùi gà sốt, rau salad theo mùa , kèm canh và dụng cụ ăn uống",55000.0,55000.0,2141,19,2,1,3,https://media.be.com.vn/be-food/image/36a28065-35ef-11ef-ba6d-1220605d9522/original,com-ga-loc-xuong-sot-bbq,
14318,14318,Thuỷ Hùng Cơm Gà Ba Vì - Phố Vọng,61142,Các món chính,488456,Cơm gà lọc xương sốt Teriyaki kiểu Nhật,"Phần cơm gồm : Cơm tấm, đùi gà sốt, rau salad theo mùa , kèm canh và dụng cụ ăn uống",55000.0,55000.0,1410,28,3,1,4,https://media.be.com.vn/be-food/image/a7aee2d2-bacb-11f0-8021-922c9d42c616/resized_thumbnail_w1080_h1080,com-ga-loc-xuong-sot-teriyaki-kieu-nhat,
14318,14318,Thuỷ Hùng Cơm Gà Ba Vì - Phố Vọng,61142,Các món chính,488462,Cơm bò xào sốt tiêu đen,"Phần cơm gồm : Cơm tấm, thăn bò xào sốt tiêu đen , rau salad theo mùa , kèm canh và dụng cụ ăn uống",60000.0,60000.0,425,7,2,1,5,https://media.be.com.vn/be-food/image/438fa7c6-35ef-11ef-adb9-3e6ef01ea27f/original,com-bo-xao-sot-tieu-den,
14318,14318,Thuỷ Hùng Cơm Gà Ba Vì - Phố Vọng,343480,Các món chính,5539406,Gà giòn giòn,1 đùi gà hoặc 1 phần Gà lọc xương chiên giòn kèm sốt,45000.0,45000.0,465,10,2,2,2,https://media.be.com.vn/be-food/image/ea4c8c3f-ad16-11ee-bfaa-82e52b34e173/original,ga-gion-gion,
14318,14318,Thuỷ Hùng Cơm Gà Ba Vì - Phố Vọng,294155,Combo cùng coke,488465,Combo 1 Gà + 1 nước,Phần ăn gồm : 1 đùi gà hoặc 1 phần gà lọc xương rán giòn + 1 CoCa lạnh,50000.0,50000.0,70,0,0,3,1,https://media.be.com.vn/be-food/image/b93827eb-35e1-11ef-a271-b60dedd57ab8/original,combo-1-ga-1-nuoc,
14318,14318,Thuỷ Hùng Cơm Gà Ba Vì - Phố Vọng,294155,Combo cùng coke,488467,Combo 2 gà + 1 nước,Phần ăn gồm : 2 đùi hoặc 2 phần gà lọc xương rán giòn + 1 coca lạnh,87000.0,87000.0,43,1,1,3,2,https://media.be.com.vn/be-food/image/cc469a2d-35e1-11ef-adb9-3e6ef01ea27f/original,combo-2-ga-1-nuoc,
14318,14318,Thuỷ Hùng Cơm Gà Ba Vì - Phố Vọng,294155,Combo cùng coke,2046065,Cơm sườn thăn chiên xù Nhật + Coca,phần ăn gồm : 1 suất cơm + 1 chai Coca,65000.0,65000.0,311,3,0,3,3,https://media.be.com.vn/bizops/image/548ec529-932a-11ed-bd03-b24f0c5fa863/original,com-suon-than-chien-xu-nhat-coca,
14318,14318,Thuỷ Hùng Cơm Gà Ba Vì - Phố Vọng,294155,Combo cùng coke,2046067,Cơm gà lọc xương sốt BBQ + Coca,phần ăn gồm : 1 suất cơm gà+ 1 chai Coca,65000.0,65000.0,109,0,2,3,4,https://media.be.com.vn/be-food/image/4f6a664f-35ef-11ef-8dc5-12c0bf7afddb/original,com-ga-loc-xuong-sot-bbq-coca,
14318,14318,Thuỷ Hùng Cơm Gà Ba Vì - Phố Vọng,294155,Combo cùng coke,2046069,Cơm gà lọc xương sốt teriyaki + Coca,phần ăn gồm : 1 suất cơm gà+ 1 chai Coca,65000.0,65000.0,63,3,0,3,5,https://media.be.com.vn/be-food/image/54032b1d-35ef-11ef-a271-b60dedd57ab8/original,com-ga-loc-xuong-sot-teriyaki-coca,
14318,14318,Thuỷ Hùng Cơm Gà Ba Vì - Phố Vọng,294155,Combo cùng coke,2046072,Cơm gà lọc xương sốt cay ngọt + Coca,phần ăn gồm : 1 suất cơm gà+ 1 chai Coca,65000.0,65000.0,134,0,1,3,6,https://media.be.com.vn/be-food/image/5907dfd3-35ef-11ef-a271-b60dedd57ab8/original,com-ga-loc-xuong-sot-cay-ngot-coca,
14318,14318,Thuỷ Hùng Cơm Gà Ba Vì - Phố Vọng,294155,Combo cùng coke,2046074,Cơm bò xào sốt tiêu đen + Coca,phần ăn gồm : 1 suất cơm bò + 1 chai Coca,69000.0,69000.0,30,1,0,3,7,https://media.be.com.vn/be-food/image/5e3da448-35ef-11ef-a271-b60dedd57ab8/original,com-bo-xao-sot-tieu-den-coca,
14318,14318,Thuỷ Hùng Cơm Gà Ba Vì - Phố Vọng,294155,Combo cùng coke,4077497,Cơm gà lọc xương sốt Bbq + Pepsi,phần ăn gồm : 1 suất cơm gà + 1 chai pepsi,65000.0,65000.0,31,0,0,3,8,https://media.be.com.vn/be-food/image/456a9493-35f0-11ef-adb9-3e6ef01ea27f/original,com-ga-loc-xuong-sot-bbq-pepsi,
14318,14318,Thuỷ Hùng Cơm Gà Ba Vì - Phố Vọng,294157,Đã quá Pepsi ơi !!!,488463,Cơm sườn thăn chiên xù Nhật + pepsi,phần ăn gồm : 1 suất cơm sườn thăn + 1 chai pepsi,65000.0,65000.0,264,3,0,4,1,https://media.be.com.vn/be-food/image/aab87d31-1ed6-11ee-b2af-3ea2e1c5510b/original,com-suon-than-chien-xu-nhat-pepsi,
14318,14318,Thuỷ Hùng Cơm Gà Ba Vì - Phố Vọng,294157,Đã quá Pepsi ơi !!!,488464,Cơm gà lọc xương sốt cay ngọt +pepsi,phần ăn gồm : 1 suất cơm gà+ 1 chai pepsi,65000.0,65000.0,75,4,0,4,2,https://media.be.com.vn/be-food/image/675af520-35ef-11ef-a271-b60dedd57ab8/original,com-ga-loc-xuong-sot-cay-ngot-pepsi,
14318,14318,Thuỷ Hùng Cơm Gà Ba Vì - Phố Vọng,294157,Đã quá Pepsi ơi !!!,488466,Cơm gà lọc xương sốt Teriyaki kiểu Nhật + pepsi,phần ăn gồm : 1 suất cơm gà+ 1 chai pepsi,65000.0,65000.0,50,1,0,4,3,https://media.be.com.vn/be-food/image/6caa1f87-35ef-11ef-adb9-3e6ef01ea27f/original,com-ga-loc-xuong-sot-teriyaki-kieu-nhat-pepsi,
14318,14318,Thuỷ Hùng Cơm Gà Ba Vì - Phố Vọng,294157,Đã quá Pepsi ơi !!!,488468,Cơm bò xào sốt tiêu đen + 1 chai pepsi,phần ăn gồm : 1 suất cơm bò+ 1 chai pepsi,69000.0,69000.0,22,0,0,4,4,https://media.be.com.vn/be-food/image/70e81496-35ef-11ef-adb9-3e6ef01ea27f/original,com-bo-xao-sot-tieu-den-1-chai-pepsi,
111742,111742,Fami Cháo - Cháo Dinh Dưỡng Cao Cấp - 404 Bạch Mai,1365561,01. CHÁO TƯƠI HÀNG NGÀY (CÓ SET NHÂN),9359634,Cháo cao lớn Ghẹ hấp quinoa,"Size M/L: Nhân đạm (40/60g) | Củ xay (25/40g) | Rau xay (25/40g) | Cháo ST25 (190/250) | Sốt cháo (3/5g). Cháo nấu nóng sẵn, trộn đều trước khi ăn, bảo quản ngăn mát.",41000.0,41000.0,0,0,0,1,1,https://media.be.com.vn/be-food/image/b8a58277-3ae2-11f0-8510-8ea7808cbcf4/resized_thumbnail_w1080_h1080,chao-cao-lon-ghe-hap-quinoa,
111742,111742,Fami Cháo - Cháo Dinh Dưỡng Cao Cấp - 404 Bạch Mai,1365561,01. CHÁO TƯƠI HÀNG NGÀY (CÓ SET NHÂN),9359641,Cháo tăng cân Sườn hầm sen dừa,"Size M/L: Thịt+đậu (40/60g) | Củ xay (25/40g) | Rau xay (25/40g) | Cháo ST (190/250) | Sốt cháo (5/10g). Cháo nấu nóng sẵn, trộn đều trước khi ăn, bảo quản ngăn mát.",28000.0,28000.0,6,0,0,1,2,https://media.be.com.vn/be-food/image/8400f1ae-3ae2-11f0-8510-8ea7808cbcf4/resized_thumbnail_w1080_h1080,chao-tang-can-suon-ham-sen-dua,
111742,111742,Fami Cháo - Cháo Dinh Dưỡng Cao Cấp - 404 Bạch Mai,1365561,01. CHÁO TƯƠI HÀNG NGÀY (CÓ SET NHÂN),9359650,Cháo tiêu hoá Gà tiềm sen táo đỏ,"Size M/L: Thịt+đậu (40/60g) | Củ xay (25/40g) | Rau xay (25/40g) | Cháo ST (190/250) | Sốt cháo (5/10g). Cháo nấu nóng sẵn, trộn đều trước khi ăn, bảo quản ngăn mát.",28000.0,28000.0,8,0,0,1,3,https://media.be.com.vn/be-food/image/36ea1885-3ae2-11f0-8510-8ea7808cbcf4/resized_thumbnail_w1080_h1080,chao-tieu-hoa-ga-tiem-sen-tao-do,
111742,111742,Fami Cháo - Cháo Dinh Dưỡng Cao Cấp - 404 Bạch Mai,1365561,01. CHÁO TƯƠI HÀNG NGÀY (CÓ SET NHÂN),11561696,Cháo tăng cân Vai heo sốt đậu đỏ (Mới),"Size M/L: Nhân thịt + đậu (40/60g) | Củ xay (25/40g) | Rau xay (25/40g) | Cháo ST25 (190/250) | Sốt cháo (3/5g). Cháo nấu nóng sẵn, trộn đều trước khi ăn, bảo quản ngăn mát.",36000.0,36000.0,0,0,0,1,4,https://media.be.com.vn/be-food/image/e54c0e42-190b-11f1-b63c-1ec8367384f0/resized_thumbnail_w1080_h1080,chao-tang-can-vai-heo-sot-dau-do-moi,
111742,111742,Fami Cháo - Cháo Dinh Dưỡng Cao Cấp - 404 Bạch Mai,1365900,02. MỲ NUI SIÊU NGON (CÓ GIA VỊ),9357081,Set lạnh - Mỳ ý sốt bò bằm (Có gia vị),Định lượng size: Sốt thịt: 120g | Mỳ ý: 150g. Mỳ và sốt được nấu sẵn đóng gói cấp đông sâu. Nấu nóng trước khi sử dụng.,56000.0,56000.0,12,0,0,2,1,https://media.be.com.vn/bizops/image/231e8c06-3ab3-11f0-81cc-d24fde1987a0/resized_thumbnail_w1080_h1080,set-lanh-my-y-sot-bo-bam-co-gia-vi,
111742,111742,Fami Cháo - Cháo Dinh Dưỡng Cao Cấp - 404 Bạch Mai,1365900,02. MỲ NUI SIÊU NGON (CÓ GIA VỊ),9357082,Set lạnh - Nui sốt kem tôm (Có gia vị),Định lượng size: Sốt thịt: 120g | Nui: 150g. Mỳ và sốt được nấu sẵn đóng gói cấp đông sâu. Nấu nóng trước khi sử dụng.,56000.0,56000.0,10,0,0,2,2,https://media.be.com.vn/bizops/image/31833090-3ab3-11f0-bd66-b239c83a8124/resized_thumbnail_w1080_h1080,set-lanh-nui-sot-kem-tom-co-gia-vi,
111742,111742,Fami Cháo - Cháo Dinh Dưỡng Cao Cấp - 404 Bạch Mai,1365900,02. MỲ NUI SIÊU NGON (CÓ GIA VỊ),9360010,Set lạnh - Nui cá hồi sốt phô mai (Có gia vị),Định lượng size: Sốt thịt: 120g | Nui: 150g. Mỳ và sốt được nấu sẵn đóng gói cấp đông sâu. Nấu nóng trước khi sử dụng.,61000.0,61000.0,0,0,0,2,3,https://media.be.com.vn/be-food/image/31fd0ccf-18fd-11f1-b67e-9aaf2a798701/resized_thumbnail_w1080_h1080,set-lanh-nui-ca-hoi-sot-pho-mai-co-gia-vi,
111742,111742,Fami Cháo - Cháo Dinh Dưỡng Cao Cấp - 404 Bạch Mai,1365900,02. MỲ NUI SIÊU NGON (CÓ GIA VỊ),11560826,Set lạnh - Nui sốt tôm bơ (Có gia vị),Định lượng size: Sốt thịt: 120g | Nui: 150g. Mỳ và sốt được nấu sẵn đóng gói cấp đông sâu. Nấu nóng trước khi sử dụng.,61000.0,61000.0,0,0,0,2,4,https://media.be.com.vn/be-food/image/b7252a80-18fc-11f1-8695-ce3d3ce291c1/resized_thumbnail_w1080_h1080,set-lanh-nui-sot-tom-bo-co-gia-vi,
111742,111742,Fami Cháo - Cháo Dinh Dưỡng Cao Cấp - 404 Bạch Mai,1365900,02. MỲ NUI SIÊU NGON (CÓ GIA VỊ),11560840,Set lạnh - Mỳ heo xay sốt xá xíu (Có gia vị),Định lượng size: Sốt thịt: 120g | Mỳ ý: 150g. Mỳ và sốt được nấu sẵn đóng gói cấp đông sâu. Nấu nóng trước khi sử dụng.,56000.0,56000.0,0,0,0,2,5,https://media.be.com.vn/be-food/image/c76ecf3d-18fd-11f1-b63c-1ec8367384f0/resized_thumbnail_w1080_h1080,set-lanh-my-heo-xay-sot-xa-xiu-co-gia-vi,
111742,111742,Fami Cháo - Cháo Dinh Dưỡng Cao Cấp - 404 Bạch Mai,1919726,02.1. BÚN PHỞ (KHÔNG GIA VỊ - CÓ NẤU NÓNG HỘ),11709515,Bún Đùi heo nấm hương,Sốt thịt rau củ: 100g | Bún/Phở luộc: 120g. Bảo quản ngăn đông. Làm nóng trước khi sử dụng. Quán có nấu nóng hộ Mẹ,61000.0,61000.0,0,0,0,3,1,https://media.be.com.vn/be-food/image/5e7308dc-2836-11f1-b67e-9aaf2a798701/resized_thumbnail_w1080_h1080,bun-dui-heo-nam-huong,
111742,111742,Fami Cháo - Cháo Dinh Dưỡng Cao Cấp - 404 Bạch Mai,1919726,02.1. BÚN PHỞ (KHÔNG GIA VỊ - CÓ NẤU NÓNG HỘ),11709523,Bún Sườn hầm bí đỏ,Sốt thịt rau củ: 100g | Bún/Phở luộc: 120g. Bảo quản ngăn đông. Làm nóng trước khi sử dụng. Quán có nấu nóng hộ Mẹ,61000.0,61000.0,0,0,0,3,2,https://media.be.com.vn/be-food/image/972cc2ec-2836-11f1-b63c-1ec8367384f0/resized_thumbnail_w1080_h1080,bun-suon-ham-bi-do,
111742,111742,Fami Cháo - Cháo Dinh Dưỡng Cao Cấp - 404 Bạch Mai,1919726,02.1. BÚN PHỞ (KHÔNG GIA VỊ - CÓ NẤU NÓNG HỘ),11709527,Phở Bò băm cà rốt,Sốt thịt rau củ: 100g | Bún/Phở luộc: 120g. Bảo quản ngăn đông. Làm nóng trước khi sử dụng. Quán có nấu nóng hộ Mẹ,61000.0,61000.0,0,0,0,3,3,https://media.be.com.vn/be-food/image/ab581601-2836-11f1-b63c-1ec8367384f0/resized_thumbnail_w1080_h1080,pho-bo-bam-ca-rot,
111742,111742,Fami Cháo - Cháo Dinh Dưỡng Cao Cấp - 404 Bạch Mai,1919726,02.1. BÚN PHỞ (KHÔNG GIA VỊ - CÓ NẤU NÓNG HỘ),11709532,Phở Gà xào bắp cải,Sốt thịt rau củ: 100g | Bún/Phở luộc: 120g. Bảo quản ngăn đông. Làm nóng trước khi sử dụng. Quán có nấu nóng hộ Mẹ,61000.0,61000.0,0,0,0,3,4,https://media.be.com.vn/be-food/image/c208bf5b-2836-11f1-b63c-1ec8367384f0/resized_thumbnail_w1080_h1080,pho-ga-xao-bap-cai,
111742,111742,Fami Cháo - Cháo Dinh Dưỡng Cao Cấp - 404 Bạch Mai,1919726,02.1. BÚN PHỞ (KHÔNG GIA VỊ - CÓ NẤU NÓNG HỘ),11709537,Phở Tim gà hạt sen,Sốt thịt rau củ: 100g | Bún/Phở luộc: 120g. Bảo quản ngăn đông. Làm nóng trước khi sử dụng. Quán có nấu nóng hộ Mẹ,61000.0,61000.0,0,0,0,3,5,https://media.be.com.vn/be-food/image/d72db4c6-2836-11f1-b67e-9aaf2a798701/resized_thumbnail_w1080_h1080,pho-tim-ga-hat-sen,
111742,111742,Fami Cháo - Cháo Dinh Dưỡng Cao Cấp - 404 Bạch Mai,1871873,03. SÚP DINH DƯỠNG (CÓ NẤU NÓNG HỘ),11567184,Súp.KGV-Sườn đậu ngự bí đỏ,"Sườn, đậu ngự, bí đỏ, độ thô xay vỡ, không gia vị. Trọng lượng 300g+-5g.",58000.0,58000.0,0,0,0,4,1,https://media.be.com.vn/be-food/image/20210413-19d6-11f1-a167-cadcd99bf8b0/resized_thumbnail_w1080_h1080,sup-kgv-suon-dau-ngu-bi-do,
111742,111742,Fami Cháo - Cháo Dinh Dưỡng Cao Cấp - 404 Bạch Mai,1871873,03. SÚP DINH DƯỠNG (CÓ NẤU NÓNG HỘ),11567196,Súp.KGV-Gà hạt sen quinoa,"Thịt gà, hạt sen, diêm mạch, độ thô xay vỡ, không gia vị. Trọng lượng 300g+-5g.",58000.0,58000.0,0,0,0,4,2,https://media.be.com.vn/be-food/image/5be5c748-19d6-11f1-a167-cadcd99bf8b0/thumbnail,sup-kgv-ga-hat-sen-quinoa,
111742,111742,Fami Cháo - Cháo Dinh Dưỡng Cao Cấp - 404 Bạch Mai,1871873,03. SÚP DINH DƯỠNG (CÓ NẤU NÓNG HỘ),11567206,Súp.KGV-Tôm đậu lăng yến mạch,"Tôm nấu cùng đậu lăng và yến mạch, độ thô xay vỡ, không gia vị. Trọng lượng 300g+-5g.",58000.0,58000.0,0,0,0,4,3,https://media.be.com.vn/be-food/image/8fe43c81-19d6-11f1-a167-cadcd99bf8b0/resized_thumbnail_w1080_h1080,sup-kgv-tom-dau-lang-yen-mach,
111742,111742,Fami Cháo - Cháo Dinh Dưỡng Cao Cấp - 404 Bạch Mai,1871873,03. SÚP DINH DƯỠNG (CÓ NẤU NÓNG HỘ),11567210,Súp.KGV-Đùi heo đậu đỏ,"Đùi heo hầm cùng đậu đỏ, độ thô xay vỡ, không gia vị. Trọng lượng 300g+-5g.",58000.0,58000.0,0,0,0,4,4,https://media.be.com.vn/be-food/image/ab38b20b-19d6-11f1-b67e-9aaf2a798701/resized_thumbnail_w1080_h1080,sup-kgv-dui-heo-dau-do,
111742,111742,Fami Cháo - Cháo Dinh Dưỡng Cao Cấp - 404 Bạch Mai,1871873,03. SÚP DINH DƯỠNG (CÓ NẤU NÓNG HỘ),11567232,Súp thô.KGV-Cá hồi đậu lăng,"Cá hồi nấu cùng đậu lăng, kết cấu hạt thô, không gia vị. Trọng lượng 300g+-5g.",58000.0,58000.0,0,0,0,4,5,https://media.be.com.vn/be-food/image/fc0b6a04-19d6-11f1-8695-ce3d3ce291c1/resized_thumbnail_w1080_h1080,sup-tho-kgv-ca-hoi-dau-lang,
111742,111742,Fami Cháo - Cháo Dinh Dưỡng Cao Cấp - 404 Bạch Mai,1871873,03. SÚP DINH DƯỠNG (CÓ NẤU NÓNG HỘ),11567238,Súp thô.KGV-Sườn nui,"Sườn, đậu hà lan, nấm hương, nui sao, kết cấu hạt thô, không gia vị. Trọng lượng 300g+-5g.",58000.0,58000.0,0,0,0,4,6,https://media.be.com.vn/be-food/image/1ff89549-19d7-11f1-a167-cadcd99bf8b0/resized_thumbnail_w1080_h1080,sup-tho-kgv-suon-nui,
111742,111742,Fami Cháo - Cháo Dinh Dưỡng Cao Cấp - 404 Bạch Mai,1871873,03. SÚP DINH DƯỠNG (CÓ NẤU NÓNG HỘ),11567244,Súp thô.KGV-Bồ câu quinoa,"Bồ câu hầm cùng hạt diêm mạch, kết cấu hạt thô, không gia vị. Trọng lượng 300g+-5g.",58000.0,58000.0,0,0,0,4,7,https://media.be.com.vn/be-food/image/390a5612-19d7-11f1-b67e-9aaf2a798701/thumbnail,sup-tho-kgv-bo-cau-quinoa,
111742,111742,Fami Cháo - Cháo Dinh Dưỡng Cao Cấp - 404 Bạch Mai,1871873,03. SÚP DINH DƯỠNG (CÓ NẤU NÓNG HỘ),11567253,Súp thô.KGV-Lươn nấm đông cô,"Lươn, nấm đông cô tươi, đậu xanh, kết cấu hạt thô, không gia vị. Trọng lượng 300g+-5g.",58000.0,58000.0,0,0,0,4,8,https://media.be.com.vn/be-food/image/571eafee-19d7-11f1-8695-ce3d3ce291c1/resized_thumbnail_w1080_h1080,sup-tho-kgv-luon-nam-dong-co,
111742,111742,Fami Cháo - Cháo Dinh Dưỡng Cao Cấp - 404 Bạch Mai,1871873,03. SÚP DINH DƯỠNG (CÓ NẤU NÓNG HỘ),11567257,Súp thô.KGV-Tôm rong biển,"Tôm, rong biển, cà rốt, khoai tây, kết cấu hạt thô, không gia vị. Trọng lượng 300g+-5g.",58000.0,58000.0,0,0,0,4,9,https://media.be.com.vn/be-food/image/71b9c3cd-19d7-11f1-b67e-9aaf2a798701/resized_thumbnail_w1080_h1080,sup-tho-kgv-tom-rong-bien,
111742,111742,Fami Cháo - Cháo Dinh Dưỡng Cao Cấp - 404 Bạch Mai,1367147,05. NHÂN CHÁO - HEO BÒ SƯỜN,9366052,Nhân thô-Bò hầm tứ sắc,"Thịt + đậu: 60g /Rau xay: 40g /Củ xay: 40g / Nước dùng: 60g/Sốt đặc biệt: 10g.Thực phẩm đã làm chín, đóng gói cấp đông sâu. Không bao gồm cháo. Thành phần dinh dưỡng đủ cho khẩu phần 1 bữa ăn của trẻ. Hình ảnh thực tế sản phẩm",46000.0,46000.0,2,0,0,5,1,https://media.be.com.vn/be-food/image/69803140-3b9e-11f0-81cc-d24fde1987a0/original,nhan-tho-bo-ham-tu-sac,
111742,111742,Fami Cháo - Cháo Dinh Dưỡng Cao Cấp - 404 Bạch Mai,1367147,05. NHÂN CHÁO - HEO BÒ SƯỜN,9366055,Nhân thô-Heo xào sen ngô,"Thịt + đậu: 60g /Rau xay: 40g /Củ xay: 40g / Nước dùng: 60g/Sốt đặc biệt: 10g.Thực phẩm đã làm chín, đóng gói cấp đông sâu. Không bao gồm cháo. Thành phần dinh dưỡng đủ cho khẩu phần 1 bữa ăn của trẻ. Hình ảnh thực tế sản phẩm",41000.0,41000.0,4,0,0,5,2,https://media.be.com.vn/be-food/image/da778a98-3b9e-11f0-8d88-0695c6df6d37/resized_thumbnail_w1080_h1080,nhan-tho-heo-xao-sen-ngo,
111742,111742,Fami Cháo - Cháo Dinh Dưỡng Cao Cấp - 404 Bạch Mai,1367147,05. NHÂN CHÁO - HEO BÒ SƯỜN,9366058,Nhân thô-Bò hầm đậu ngự,"Thịt + đậu: 60g /Rau xay: 40g /Củ xay: 40g / Nước dùng: 60g/Sốt đặc biệt: 10g.Thực phẩm đã làm chín, đóng gói cấp đông sâu. Không bao gồm cháo. Thành phần dinh dưỡng đủ cho khẩu phần 1 bữa ăn của trẻ. Hình ảnh thực tế sản phẩm",46000.0,46000.0,2,0,0,5,3,https://media.be.com.vn/be-food/image/06fe1a69-3b9f-11f0-8d88-0695c6df6d37/resized_thumbnail_w1080_h1080,nhan-tho-bo-ham-dau-ngu,
111742,111742,Fami Cháo - Cháo Dinh Dưỡng Cao Cấp - 404 Bạch Mai,1367147,05. NHÂN CHÁO - HEO BÒ SƯỜN,9366059,Nhân thô-Sườn hầm sen dừa,"Thịt + đậu: 60g /Rau xay: 40g /Củ xay: 40g / Nước dùng: 60g/Sốt đặc biệt: 10g.Thực phẩm đã làm chín, đóng gói cấp đông sâu. Không bao gồm cháo. Thành phần dinh dưỡng đủ cho khẩu phần 1 bữa ăn của trẻ. Hình ảnh thực tế sản phẩm",41000.0,41000.0,1,0,0,5,4,https://media.be.com.vn/be-food/image/132d9fa3-3b9f-11f0-8d88-0695c6df6d37/resized_thumbnail_w1080_h1080,nhan-tho-suon-ham-sen-dua,
111742,111742,Fami Cháo - Cháo Dinh Dưỡng Cao Cấp - 404 Bạch Mai,1367147,05. NHÂN CHÁO - HEO BÒ SƯỜN,9366061,Nhân thô-Đùi heo hầm tứ bảo,"Thịt + đậu: 60g /Rau xay: 40g /Củ xay: 40g / Nước dùng: 60g/Sốt đặc biệt: 10g.Thực phẩm đã làm chín, đóng gói cấp đông sâu. Không bao gồm cháo. Thành phần dinh dưỡng đủ cho khẩu phần 1 bữa ăn của trẻ. Hình ảnh thực tế sản phẩm",51000.0,51000.0,0,0,0,5,5,https://media.be.com.vn/be-food/image/2e40c4f9-3b9f-11f0-81cc-d24fde1987a0/resized_thumbnail_w1080_h1080,nhan-tho-dui-heo-ham-tu-bao,
111742,111742,Fami Cháo - Cháo Dinh Dưỡng Cao Cấp - 404 Bạch Mai,1367147,05. NHÂN CHÁO - HEO BÒ SƯỜN,11600793,Nhân thô-Heo đậu xanh táo đỏ,"Thịt + đậu: 60g /Rau xay: 40g /Củ xay: 40g / Nước dùng: 60g/Sốt đặc biệt: 10g.Thực phẩm đã làm chín, đóng gói cấp đông sâu. Không bao gồm cháo. Thành phần dinh dưỡng đủ cho khẩu phần 1 bữa ăn của trẻ. Hình ảnh thực tế sản phẩm.",41000.0,41000.0,0,0,0,5,6,https://media.be.com.vn/be-food/image/d392ca99-1c3d-11f1-b63c-1ec8367384f0/resized_thumbnail_w1080_h1080,nhan-tho-heo-dau-xanh-tao-do,
111742,111742,Fami Cháo - Cháo Dinh Dưỡng Cao Cấp - 404 Bạch Mai,1367147,05. NHÂN CHÁO - HEO BÒ SƯỜN,11600797,Nhân thô-Heo hầm hạt điều,"Thịt + đậu: 60g /Rau xay: 40g /Củ xay: 40g / Nước dùng: 60g/Sốt đặc biệt: 10g.Thực phẩm đã làm chín, đóng gói cấp đông sâu. Không bao gồm cháo. Thành phần dinh dưỡng đủ cho khẩu phần 1 bữa ăn của trẻ. Hình ảnh thực tế sản phẩm.",41000.0,41000.0,0,0,0,5,7,https://media.be.com.vn/be-food/image/04349e43-1c3e-11f1-a167-cadcd99bf8b0/resized_thumbnail_w1080_h1080,nhan-tho-heo-ham-hat-dieu,
111742,111742,Fami Cháo - Cháo Dinh Dưỡng Cao Cấp - 404 Bạch Mai,1367147,05. NHÂN CHÁO - HEO BÒ SƯỜN,11600799,Nhân thô-Bò hầm hạt sen,"Thịt + đậu: 60g /Rau xay: 40g /Củ xay: 40g / Nước dùng: 60g/Sốt đặc biệt: 10g.Thực phẩm đã làm chín, đóng gói cấp đông sâu. Không bao gồm cháo. Thành phần dinh dưỡng đủ cho khẩu phần 1 bữa ăn của trẻ. Hình ảnh thực tế sản phẩm",46000.0,46000.0,0,0,0,5,8,https://media.be.com.vn/be-food/image/20f6218f-1c3e-11f1-b67e-9aaf2a798701/resized_thumbnail_w1080_h1080,nhan-tho-bo-ham-hat-sen,
111742,111742,Fami Cháo - Cháo Dinh Dưỡng Cao Cấp - 404 Bạch Mai,1880836,04. MÓN THÔ ĂN CƠM (CÓ GIA VỊ),11709544,Heo bằm sốt cà chua,"Thịt heo, nấm, khoai tây: 100g. Sốt cà chua: 100g. Gia giảm cân bằng phù hợp với trẻ. Đã làm chín, rã đông, làm nóng ăn cùng cơm.",56000.0,56000.0,0,0,0,6,1,https://media.be.com.vn/be-food/image/1ca63f71-2837-11f1-b197-ce3d3ce291c1/resized_thumbnail_w1080_h1080,heo-bam-sot-ca-chua,
111742,111742,Fami Cháo - Cháo Dinh Dưỡng Cao Cấp - 404 Bạch Mai,1367148,06. NHÂN CHÁO - GIA CẦM,9366063,Nhân thô-Vịt tiềm đậu xanh,"Thịt + đậu: 60g /Rau xay: 40g /Củ xay: 40g / Nước dùng: 60g/Sốt đặc biệt: 10g.Thực phẩm đã làm chín, đóng gói cấp đông sâu. Không bao gồm cháo. Thành phần dinh dưỡng đủ cho khẩu phần 1 bữa ăn của trẻ. Hình ảnh thực tế sản phẩm",41000.0,41000.0,6,0,0,7,1,https://media.be.com.vn/be-food/image/4ab89d20-3b9f-11f0-8d88-0695c6df6d37/resized_thumbnail_w1080_h1080,nhan-tho-vit-tiem-dau-xanh,
111742,111742,Fami Cháo - Cháo Dinh Dưỡng Cao Cấp - 404 Bạch Mai,1367148,06. NHÂN CHÁO - GIA CẦM,9366065,Nhân thô-Tim hầm đậu đỏ,"Thịt + đậu: 60g /Rau xay: 40g /Củ xay: 40g / Nước dùng: 60g/Sốt đặc biệt: 10g.Thực phẩm đã làm chín, đóng gói cấp đông sâu. Không bao gồm cháo. Thành phần dinh dưỡng đủ cho khẩu phần 1 bữa ăn của trẻ. Hình ảnh thực tế sản phẩm",41000.0,41000.0,1,0,0,7,2,https://media.be.com.vn/be-food/image/68ee0110-3b9f-11f0-bd66-b239c83a8124/resized_thumbnail_w1080_h1080,nhan-tho-tim-ham-dau-do,
111742,111742,Fami Cháo - Cháo Dinh Dưỡng Cao Cấp - 404 Bạch Mai,1367148,06. NHÂN CHÁO - GIA CẦM,9366068,Nhân thô-Bồ câu tiềm long nhãn,"Thịt + đậu: 60g /Rau xay: 40g /Củ xay: 40g / Nước dùng: 60g/Sốt đặc biệt: 10g.Thực phẩm đã làm chín, đóng gói cấp đông sâu. Không bao gồm cháo. Thành phần dinh dưỡng đủ cho khẩu phần 1 bữa ăn của trẻ. Hình ảnh thực tế sản phẩm",51000.0,51000.0,4,0,0,7,3,https://media.be.com.vn/be-food/image/9159685b-3b9f-11f0-81cc-d24fde1987a0/original,nhan-tho-bo-cau-tiem-long-nhan,
111742,111742,Fami Cháo - Cháo Dinh Dưỡng Cao Cấp - 404 Bạch Mai,1367148,06. NHÂN CHÁO - GIA CẦM,9366070,Nhân thô-Bồ câu củ sen,"Thịt + đậu: 60g /Rau xay: 40g /Củ xay: 40g / Nước dùng: 60g/Sốt đặc biệt: 10g.Thực phẩm đã làm chín, đóng gói cấp đông sâu. Không bao gồm cháo. Thành phần dinh dưỡng đủ cho khẩu phần 1 bữa ăn của trẻ. Hình ảnh thực tế sản phẩm",51000.0,51000.0,4,0,0,7,4,https://media.be.com.vn/be-food/image/adea457c-3b9f-11f0-81cc-d24fde1987a0/original,nhan-tho-bo-cau-cu-sen,
111742,111742,Fami Cháo - Cháo Dinh Dưỡng Cao Cấp - 404 Bạch Mai,1367148,06. NHÂN CHÁO - GIA CẦM,11600803,Nhân thô-Gà tiềm sen táo đỏ,"Thịt + đậu: 60g /Rau xay: 40g /Củ xay: 40g / Nước dùng: 60g/Sốt đặc biệt: 10g.Thực phẩm đã làm chín, đóng gói cấp đông sâu. Không bao gồm cháo. Thành phần dinh dưỡng đủ cho khẩu phần 1 bữa ăn của trẻ. Hình ảnh thực tế sản phẩm.",41000.0,41000.0,0,0,0,7,5,https://media.be.com.vn/be-food/image/50531063-1c3e-11f1-8695-ce3d3ce291c1/resized_thumbnail_w1080_h1080,nhan-tho-ga-tiem-sen-tao-do,
111742,111742,Fami Cháo - Cháo Dinh Dưỡng Cao Cấp - 404 Bạch Mai,1367148,06. NHÂN CHÁO - GIA CẦM,11600807,Nhân thô-Gà đen hầm củ sen,"Thịt + đậu: 60g /Rau xay: 40g /Củ xay: 40g / Nước dùng: 60g/Sốt đặc biệt: 10g.Thực phẩm đã làm chín, đóng gói cấp đông sâu. Không bao gồm cháo. Thành phần dinh dưỡng đủ cho khẩu phần 1 bữa ăn của trẻ. Hình ảnh thực tế sản phẩm.",41000.0,41000.0,0,0,0,7,6,https://media.be.com.vn/be-food/image/72f51168-1c3e-11f1-8695-ce3d3ce291c1/resized_thumbnail_w1080_h1080,nhan-tho-ga-den-ham-cu-sen,
111742,111742,Fami Cháo - Cháo Dinh Dưỡng Cao Cấp - 404 Bạch Mai,1367148,06. NHÂN CHÁO - GIA CẦM,11600809,Nhân thô-Tim om hạnh nhân,"Thịt + đậu: 60g /Rau xay: 40g /Củ xay: 40g / Nước dùng: 60g/Sốt đặc biệt: 10g.Thực phẩm đã làm chín, đóng gói cấp đông sâu. Không bao gồm cháo. Thành phần dinh dưỡng đủ cho khẩu phần 1 bữa ăn của trẻ. Hình ảnh thực tế sản phẩm.",41000.0,41000.0,0,0,0,7,7,https://media.be.com.vn/be-food/image/8b1554f9-1c3e-11f1-8695-ce3d3ce291c1/resized_thumbnail_w1080_h1080,nhan-tho-tim-om-hanh-nhan,
111742,111742,Fami Cháo - Cháo Dinh Dưỡng Cao Cấp - 404 Bạch Mai,1367149,07. NHÂN CHÁO - THUỶ HẢI SẢN,9366073,Nhân thô-Ghẹ hấp quinoa,"Thịt + đậu: 60g /Rau xay: 40g /Củ xay: 40g / Nước dùng: 60g/Sốt đặc biệt: 10g.Thực phẩm đã làm chín, đóng gói cấp đông sâu. Không bao gồm cháo. Thành phần dinh dưỡng đủ cho khẩu phần 1 bữa ăn của trẻ. Hình ảnh thực tế sản phẩm",51000.0,51000.0,1,0,0,8,1,https://media.be.com.vn/be-food/image/d050c9d2-3b9f-11f0-8d88-0695c6df6d37/resized_thumbnail_w1080_h1080,nhan-tho-ghe-hap-quinoa,
111742,111742,Fami Cháo - Cháo Dinh Dưỡng Cao Cấp - 404 Bạch Mai,1367149,07. NHÂN CHÁO - THUỶ HẢI SẢN,9366074,Nhân thô-Tôm ngào bơ tỏi,"Thịt + đậu: 60g /Rau xay: 40g /Củ xay: 40g / Nước dùng: 60g/Sốt đặc biệt: 10g.Thực phẩm đã làm chín, đóng gói cấp đông sâu. Không bao gồm cháo. Thành phần dinh dưỡng đủ cho khẩu phần 1 bữa ăn của trẻ. Hình ảnh thực tế sản phẩm",41000.0,41000.0,7,0,0,8,2,https://media.be.com.vn/be-food/image/dd335fe5-3b9f-11f0-8510-8ea7808cbcf4/resized_thumbnail_w1080_h1080,nhan-tho-tom-ngao-bo-toi,
111742,111742,Fami Cháo - Cháo Dinh Dưỡng Cao Cấp - 404 Bạch Mai,1367149,07. NHÂN CHÁO - THUỶ HẢI SẢN,9366078,Nhân thô-Tôm nấu quinoa,"Thịt + đậu: 60g /Rau xay: 40g /Củ xay: 40g / Nước dùng: 60g/Sốt đặc biệt: 10g.Thực phẩm đã làm chín, đóng gói cấp đông sâu. Không bao gồm cháo. Thành phần dinh dưỡng đủ cho khẩu phần 1 bữa ăn của trẻ. Hình ảnh thực tế sản phẩm",41000.0,41000.0,2,0,0,8,3,https://media.be.com.vn/be-food/image/11d044b7-3ba0-11f0-8d88-0695c6df6d37/resized_thumbnail_w1080_h1080,nhan-tho-tom-nau-quinoa,
111742,111742,Fami Cháo - Cháo Dinh Dưỡng Cao Cấp - 404 Bạch Mai,1367149,07. NHÂN CHÁO - THUỶ HẢI SẢN,9366079,Nhân thô-Lươn đảo cốt dừa,"Thịt + đậu: 60g /Rau xay: 40g /Củ xay: 40g / Nước dùng: 60g/Sốt đặc biệt: 10g.Thực phẩm đã làm chín, đóng gói cấp đông sâu. Không bao gồm cháo. Thành phần dinh dưỡng đủ cho khẩu phần 1 bữa ăn của trẻ. Hình ảnh thực tế sản phẩm",51000.0,51000.0,5,0,0,8,4,https://media.be.com.vn/be-food/image/1e3ee26f-3ba0-11f0-8d88-0695c6df6d37/resized_thumbnail_w1080_h1080,nhan-tho-luon-dao-cot-dua,
111742,111742,Fami Cháo - Cháo Dinh Dưỡng Cao Cấp - 404 Bạch Mai,1367149,07. NHÂN CHÁO - THUỶ HẢI SẢN,11600812,Nhân thô-Bào ngư rong biển,"Thịt + đậu: 60g /Rau xay: 40g /Củ xay: 40g / Nước dùng: 60g/Sốt đặc biệt: 10g.Thực phẩm đã làm chín, đóng gói cấp đông sâu. Không bao gồm cháo. Thành phần dinh dưỡng đủ cho khẩu phần 1 bữa ăn của trẻ.",66000.0,66000.0,0,0,0,8,5,https://media.be.com.vn/be-food/image/af5c8505-1c3e-11f1-b63c-1ec8367384f0/resized_thumbnail_w1080_h1080,nhan-tho-bao-ngu-rong-bien,
22847,22847,Cơm Ngon 67 - Bạch Mai,97806,Combo,745857,Cơm đùi gà kèm cam ép,,60000.0,60000.0,170,2,0,1,1,https://media.be.com.vn/be-food/image/334273a9-bb5e-11ed-a912-ca4386e16cdf/resized_thumbnail_w1080_h1080,com-dui-ga-kem-cam-ep,
22847,22847,Cơm Ngon 67 - Bạch Mai,97806,Combo,745858,Cơm thịt rang cháy cạnh kèm Coca cola,,60000.0,60000.0,244,0,2,1,2,https://media.be.com.vn/be-food/image/33a195f2-bb5e-11ed-9107-c6be6bda1b97/resized_thumbnail_w1080_h1080,com-thit-rang-chay-canh-kem-coca-cola,
22847,22847,Cơm Ngon 67 - Bạch Mai,97806,Combo,745860,Cơm đùi gà kèm Coca cola,,60000.0,60000.0,66,2,0,1,3,https://media.be.com.vn/be-food/image/347b62b7-bb5e-11ed-9107-c6be6bda1b97/resized_thumbnail_w1080_h1080,com-dui-ga-kem-coca-cola,
22847,22847,Cơm Ngon 67 - Bạch Mai,97806,Combo,745861,Cơm cá kho kèm Sprite,,60000.0,60000.0,21,0,0,1,4,https://media.be.com.vn/be-food/image/34d51629-bb5e-11ed-9107-c6be6bda1b97/resized_thumbnail_w1080_h1080,com-ca-kho-kem-sprite,
22847,22847,Cơm Ngon 67 - Bạch Mai,97808,Menu,745865,Cơm thịt rang cháy cạnh đậu sốt,,50000.0,50000.0,674,5,3,2,1,https://media.be.com.vn/be-food/image/356d8093-bb5e-11ed-9107-c6be6bda1b97/resized_thumbnail_w1080_h1080,com-thit-rang-chay-canh-dau-sot,
22847,22847,Cơm Ngon 67 - Bạch Mai,97808,Menu,745866,Cơm thịt kho trứng chả,,50000.0,50000.0,420,2,3,2,2,https://media.be.com.vn/be-food/image/35cf2637-bb5e-11ed-9107-c6be6bda1b97/resized_thumbnail_w1080_h1080,com-thit-kho-trung-cha,
22847,22847,Cơm Ngon 67 - Bạch Mai,97808,Menu,745868,Cơm tôm rang thịt,,50000.0,50000.0,141,4,0,2,3,https://media.be.com.vn/be-food/image/36969f20-bb5e-11ed-9107-c6be6bda1b97/resized_thumbnail_w1080_h1080,com-tom-rang-thit,
22847,22847,Cơm Ngon 67 - Bạch Mai,97808,Menu,745869,Cơm đùi gà,,50000.0,50000.0,286,1,0,2,4,https://media.be.com.vn/be-food/image/36ee5acc-bb5e-11ed-9107-c6be6bda1b97/resized_thumbnail_w1080_h1080,com-dui-ga,
22847,22847,Cơm Ngon 67 - Bạch Mai,97808,Menu,745870,Cơm cá kho,"cá trắm rán kèm thịt or tôm, đậu trứng thì xin mọi người ghi chú",50000.0,50000.0,69,3,0,2,5,https://media.be.com.vn/be-food/image/3752c54a-bb5e-11ed-9107-c6be6bda1b97/resized_thumbnail_w1080_h1080,com-ca-kho,
22847,22847,Cơm Ngon 67 - Bạch Mai,97808,Menu,745871,Cơm gà xào sả ớt,,50000.0,50000.0,138,0,1,2,6,https://media.be.com.vn/be-food/image/37b2377d-bb5e-11ed-9107-c6be6bda1b97/resized_thumbnail_w1080_h1080,com-ga-xao-sa-ot,
22847,22847,Cơm Ngon 67 - Bạch Mai,97808,Menu,745872,Cơm gà rang gừng,,50000.0,50000.0,157,1,0,2,7,https://media.be.com.vn/be-food/image/380e8428-bb5e-11ed-9107-c6be6bda1b97/resized_thumbnail_w1080_h1080,com-ga-rang-gung,
22847,22847,Cơm Ngon 67 - Bạch Mai,97808,Menu,745873,Cơm cá trắm rán,,50000.0,50000.0,43,0,0,2,8,https://media.be.com.vn/be-food/image/386f9251-bb5e-11ed-9107-c6be6bda1b97/resized_thumbnail_w1080_h1080,com-ca-tram-ran,
22847,22847,Cơm Ngon 67 - Bạch Mai,97808,Menu,745874,Cơm trứng chả xúc xích,,50000.0,50000.0,20,0,0,2,9,https://media.be.com.vn/be-food/image/38e54fa8-bb5e-11ed-9107-c6be6bda1b97/resized_thumbnail_w1080_h1080,com-trung-cha-xuc-xich,
22847,22847,Cơm Ngon 67 - Bạch Mai,97808,Menu,745875,Cơm gà chua ngọt,,50000.0,50000.0,17,0,0,2,10,https://media.be.com.vn/be-food/image/393f9925-bb5e-11ed-9107-c6be6bda1b97/resized_thumbnail_w1080_h1080,com-ga-chua-ngot,
80180,80180,"Quyên Phở Gà - Phở, Mì & Miến Trộn - Phố Vọng",940307,Cháo,6322680,cháo thịt băm,"cháo, thịt băm và rau gia vị ăn kèm",40000.0,40000.0,189,0,0,1,1,https://media.be.com.vn/be-food/image/fc43e4dc-0e1f-11ef-9c7d-4a25ba94d9f3/resized_thumbnail_w1080_h1080,chao-thit-bam,
80180,80180,"Quyên Phở Gà - Phở, Mì & Miến Trộn - Phố Vọng",940307,Cháo,6322682,cháo tim,"cháo, tim, rau gia vị ăn kèm",45000.0,45000.0,85,2,1,1,2,https://media.be.com.vn/be-food/image/e94cc1ed-5415-11ef-ba6d-1220605d9522/resized_thumbnail_w1080_h1080,chao-tim,
80180,80180,"Quyên Phở Gà - Phở, Mì & Miến Trộn - Phố Vọng",940307,Cháo,6322683,cháo tim bầu dục,"cháo, tim,bầu dục rau gia vị ăn kèm",50000.0,50000.0,188,0,0,1,3,https://media.be.com.vn/be-food/image/eeb2a8e7-5415-11ef-adb9-3e6ef01ea27f/resized_thumbnail_w1080_h1080,chao-tim-bau-duc,
80180,80180,"Quyên Phở Gà - Phở, Mì & Miến Trộn - Phố Vọng",940307,Cháo,6322684,cháo gà,cháo gà thường,45000.0,45000.0,69,0,1,1,4,https://media.be.com.vn/be-food/image/79075bf5-23c6-11ef-9c7d-4a25ba94d9f3/resized_thumbnail_w1080_h1080,chao-ga,
80180,80180,"Quyên Phở Gà - Phở, Mì & Miến Trộn - Phố Vọng",940307,Cháo,6322697,cháo bầu dục,"cháo, bầu dục, gia vị kèm theo",45000.0,45000.0,17,0,0,1,5,https://media.be.com.vn/be-food/image/d65b3137-2b9b-11ef-b411-9e337230779d/resized_thumbnail_w1080_h1080,chao-bau-duc,
80180,80180,"Quyên Phở Gà - Phở, Mì & Miến Trộn - Phố Vọng",940307,Cháo,6941918,cháo tim thịt băm,,50000.0,50000.0,130,1,0,1,6,https://media.be.com.vn/be-food/image/74a0897f-4e86-11ef-adb9-3e6ef01ea27f/resized_thumbnail_w1080_h1080,chao-tim-thit-bam,
80180,80180,"Quyên Phở Gà - Phở, Mì & Miến Trộn - Phố Vọng",940309,Mì xào,6322698,mỳ xào tim bầu dục,"mỳ, tim bầu dục, xào cùng rau theo mùa",60000.0,60000.0,791,7,1,2,1,https://media.be.com.vn/be-food/image/e4192110-4e84-11ef-adb9-3e6ef01ea27f/resized_thumbnail_w1080_h1080,my-xao-tim-bau-duc,
80180,80180,"Quyên Phở Gà - Phở, Mì & Miến Trộn - Phố Vọng",940309,Mì xào,6322700,mỳ xào tim,"mỳ tôm, tim, xào cùng rau theo mùa",55000.0,55000.0,270,9,0,2,2,https://media.be.com.vn/be-food/image/45775d76-0e21-11ef-b501-fa660a76b65e/resized_thumbnail_w1080_h1080,my-xao-tim,
80180,80180,"Quyên Phở Gà - Phở, Mì & Miến Trộn - Phố Vọng",940309,Mì xào,6322701,mỳ xào bầu dục,"mỳ tôm, bầu dục, xào cùng rau theo mùa",55000.0,55000.0,84,0,0,2,3,https://media.be.com.vn/be-food/image/63f4343e-0e21-11ef-bbf6-aee397ad57df/resized_thumbnail_w1080_h1080,my-xao-bau-duc,
80180,80180,"Quyên Phở Gà - Phở, Mì & Miến Trộn - Phố Vọng",940309,Mì xào,6451874,Mì xào bò,,60000.0,60000.0,605,2,0,2,4,https://media.be.com.vn/be-food/image/a7e790f7-4e6e-11ef-adb9-3e6ef01ea27f/resized_thumbnail_w1080_h1080,mi-xao-bo,
80180,80180,"Quyên Phở Gà - Phở, Mì & Miến Trộn - Phố Vọng",940320,Mì trộn,6322784,Mì trộn gà,,55000.0,55000.0,123,1,0,4,1,https://media.be.com.vn/be-food/image/a437d5b6-1025-11ef-b411-9e337230779d/resized_thumbnail_w1080_h1080,mi-tron-ga,
80180,80180,"Quyên Phở Gà - Phở, Mì & Miến Trộn - Phố Vọng",940320,Mì trộn,6322785,Mì trộn bò,,55000.0,55000.0,39,0,0,4,2,https://media.be.com.vn/be-food/image/b4252f02-1025-11ef-b501-fa660a76b65e/resized_thumbnail_w1080_h1080,mi-tron-bo,
80180,80180,"Quyên Phở Gà - Phở, Mì & Miến Trộn - Phố Vọng",940320,Mì trộn,6400352,Mì trộn bầu dục,,55000.0,55000.0,11,0,0,4,3,https://media.be.com.vn/be-food/image/51088054-169e-11ef-9c7d-4a25ba94d9f3/resized_thumbnail_w1080_h1080,mi-tron-bau-duc,
80180,80180,"Quyên Phở Gà - Phở, Mì & Miến Trộn - Phố Vọng",940320,Mì trộn,6400353,Mì trộn tim,,55000.0,55000.0,35,1,0,4,4,https://media.be.com.vn/be-food/image/6cecb5d1-169e-11ef-b501-fa660a76b65e/resized_thumbnail_w1080_h1080,mi-tron-tim,
80180,80180,"Quyên Phở Gà - Phở, Mì & Miến Trộn - Phố Vọng",940320,Mì trộn,8671178,Mì trộn gà bò,,60000.0,60000.0,64,0,0,4,5,https://media.be.com.vn/be-food/image/6c458bda-fa76-11ef-8d88-0695c6df6d37/resized_thumbnail_w1080_h1080,mi-tron-ga-bo,
80180,80180,"Quyên Phở Gà - Phở, Mì & Miến Trộn - Phố Vọng",1284192,Phở trộn,8671170,Phở trộn gà bò,,60000.0,60000.0,242,1,0,5,1,https://media.be.com.vn/be-food/image/041b956e-fa76-11ef-8d88-0695c6df6d37/resized_thumbnail_w1080_h1080,pho-tron-ga-bo,
80180,80180,"Quyên Phở Gà - Phở, Mì & Miến Trộn - Phố Vọng",1284192,Phở trộn,8671172,Phở trộn gà,,60000.0,60000.0,1208,7,0,5,2,https://media.be.com.vn/be-food/image/e4f98c55-fa75-11ef-bd66-b239c83a8124/resized_thumbnail_w1080_h1080,pho-tron-ga,
80180,80180,"Quyên Phở Gà - Phở, Mì & Miến Trộn - Phố Vọng",1284192,Phở trộn,8671173,Phở trộn bò,,55000.0,55000.0,133,1,0,5,3,https://media.be.com.vn/be-food/image/d774e777-fa75-11ef-8510-8ea7808cbcf4/resized_thumbnail_w1080_h1080,pho-tron-bo,
80180,80180,"Quyên Phở Gà - Phở, Mì & Miến Trộn - Phố Vọng",1284193,Miến trộn,8671174,Miến trộn gà bò,,60000.0,60000.0,268,3,0,6,1,https://media.be.com.vn/be-food/image/4f24c09f-fa76-11ef-8510-8ea7808cbcf4/resized_thumbnail_w1080_h1080,mien-tron-ga-bo,
80180,80180,"Quyên Phở Gà - Phở, Mì & Miến Trộn - Phố Vọng",1284193,Miến trộn,8671175,Miến trộn bò,,55000.0,55000.0,152,0,0,6,2,https://media.be.com.vn/be-food/image/3c69a902-fa76-11ef-8510-8ea7808cbcf4/resized_thumbnail_w1080_h1080,mien-tron-bo,
80180,80180,"Quyên Phở Gà - Phở, Mì & Miến Trộn - Phố Vọng",1284193,Miến trộn,8671177,Miến trộn gà,,55000.0,55000.0,761,4,1,6,3,https://media.be.com.vn/be-food/image/281c5a57-fa76-11ef-81cc-d24fde1987a0/resized_thumbnail_w1080_h1080,mien-tron-ga,
15387,15387,BBQ Cơm Sườn Phố Cổ - Trần Đại Nghĩa,65508,Cơm Đảo,519733,Cơm đảo xíu,Giá bán trên đã bao gồm chi phi Hộp đựng và dụng cụ khác,65000.0,65000.0,190,0,0,1,1,https://media.be.com.vn/bizops/image/090790f0-fe36-11ee-b972-a27b06ef25f3/resized_thumbnail_w1080_h1080,com-dao-xiu,
15387,15387,BBQ Cơm Sườn Phố Cổ - Trần Đại Nghĩa,65508,Cơm Đảo,519734,Cơm đảo sườn,Giá bán trên đã bao gồm chi phi Hộp đựng và dụng cụ khác,65000.0,65000.0,361,2,0,1,2,https://media.be.com.vn/bizops/image/1710847d-fe36-11ee-8673-82f2a81174be/resized_thumbnail_w1080_h1080,com-dao-suon,
15387,15387,BBQ Cơm Sườn Phố Cổ - Trần Đại Nghĩa,65508,Cơm Đảo,519735,Cơm đảo gà,Giá bán trên đã bao gồm chi phi Hộp đựng và dụng cụ khác,65000.0,65000.0,73,1,0,1,3,https://media.be.com.vn/bizops/image/20f1477d-fe36-11ee-99b1-a2959d9e08fd/resized_thumbnail_w1080_h1080,com-dao-ga,
15387,15387,BBQ Cơm Sườn Phố Cổ - Trần Đại Nghĩa,65508,Cơm Đảo,519736,Cơm đảo cá kho,Giá bán trên đã bao gồm chi phi Hộp đựng và dụng cụ khác,65000.0,65000.0,21,0,0,1,4,https://media.be.com.vn/bizops/image/2ada2a14-fe36-11ee-9c4b-1e44d33cc6fa/resized_thumbnail_w1080_h1080,com-dao-ca-kho,
15387,15387,BBQ Cơm Sườn Phố Cổ - Trần Đại Nghĩa,65508,Cơm Đảo,519737,Cơm đảo bò gagu,,65000.0,65000.0,25,0,0,1,5,https://media.be.com.vn/bizops/image/455fd8cf-fe36-11ee-99b1-a2959d9e08fd/resized_thumbnail_w1080_h1080,com-dao-bo-gagu,
15387,15387,BBQ Cơm Sườn Phố Cổ - Trần Đại Nghĩa,65509,Cơm Trắng,519738,Cơm xá xíu BBQ truyền thống,Giá bán trên đã bao gồm chi phi Hộp đựng và dụng cụ khác,60000.0,60000.0,284,0,0,2,1,https://media.be.com.vn/bizops/image/505bdffa-fe36-11ee-99b1-a2959d9e08fd/resized_thumbnail_w1080_h1080,com-xa-xiu-bbq-truyen-thong,
15387,15387,BBQ Cơm Sườn Phố Cổ - Trần Đại Nghĩa,65509,Cơm Trắng,519739,Cơm sườn nướng BBQ truyền thống,Giá bán trên đã bao gồm chi phi Hộp đựng và dụng cụ khác,60000.0,60000.0,489,1,0,2,2,https://media.be.com.vn/bizops/image/5d3ce3ee-fe36-11ee-99b1-a2959d9e08fd/resized_thumbnail_w1080_h1080,com-suon-nuong-bbq-truyen-thong,
15387,15387,BBQ Cơm Sườn Phố Cổ - Trần Đại Nghĩa,65509,Cơm Trắng,519740,Cơm cá kho BBQ truyền thống,Giá bán trên đã bao gồm chi phi Hộp đựng và dụng cụ khác,60000.0,60000.0,123,0,0,2,3,https://media.be.com.vn/bizops/image/686dcbb7-fe36-11ee-9c4b-1e44d33cc6fa/resized_thumbnail_w1080_h1080,com-ca-kho-bbq-truyen-thong,
15387,15387,BBQ Cơm Sườn Phố Cổ - Trần Đại Nghĩa,65509,Cơm Trắng,519741,Cơm đùi gà nướng truyền thống,Giá bán trên đã bao gồm chi phi Hộp đựng và dụng cụ khác,60000.0,60000.0,55,0,0,2,4,https://media.be.com.vn/bizops/image/72d9163c-fe36-11ee-9c4b-1e44d33cc6fa/resized_thumbnail_w1080_h1080,com-dui-ga-nuong-truyen-thong,
15387,15387,BBQ Cơm Sườn Phố Cổ - Trần Đại Nghĩa,65509,Cơm Trắng,519742,Cơm bò gagu,,60000.0,60000.0,29,0,0,2,5,https://media.be.com.vn/bizops/image/7e3589ba-fe36-11ee-9c4b-1e44d33cc6fa/resized_thumbnail_w1080_h1080,com-bo-gagu,
15387,15387,BBQ Cơm Sườn Phố Cổ - Trần Đại Nghĩa,65507,Combo Tiết Kiệm,519717,Combo cơm đảo gà - trứng ốp - coca,Giá đã bao gồm bao bì đựng.,75000.0,75000.0,9,0,0,3,1,https://media.be.com.vn/bizops/image/89380e70-fe36-11ee-99b1-a2959d9e08fd/resized_thumbnail_w1080_h1080,combo-com-dao-ga-trung-op-coca,
15387,15387,BBQ Cơm Sườn Phố Cổ - Trần Đại Nghĩa,65507,Combo Tiết Kiệm,519719,Combo cơm đảo cá kho - trứng ốp - coca,Giá đã bao gồm bao bì đựng.,75000.0,75000.0,0,0,0,3,3,https://media.be.com.vn/bizops/image/b439a1ff-fe36-11ee-99b1-a2959d9e08fd/resized_thumbnail_w1080_h1080,combo-com-dao-ca-kho-trung-op-coca,
15387,15387,BBQ Cơm Sườn Phố Cổ - Trần Đại Nghĩa,65507,Combo Tiết Kiệm,519720,Combo cơm trắng gà - coca,Giá bán trên đã bao gồm chi phi Hộp đựng và dụng cụ khác,75000.0,75000.0,3,0,0,3,4,https://media.be.com.vn/bizops/image/c19294d3-fe36-11ee-b972-a27b06ef25f3/resized_thumbnail_w1080_h1080,combo-com-trang-ga-coca,
15387,15387,BBQ Cơm Sườn Phố Cổ - Trần Đại Nghĩa,65507,Combo Tiết Kiệm,519721,Combo cơm đảo sườn - coca,,75000.0,75000.0,18,0,0,3,5,https://media.be.com.vn/bizops/image/9e92b508-fe36-11ee-99b1-a2959d9e08fd/resized_thumbnail_w1080_h1080,combo-com-dao-suon-coca,
15387,15387,BBQ Cơm Sườn Phố Cổ - Trần Đại Nghĩa,65507,Combo Tiết Kiệm,519722,Combo cơm đảo xá xíu - coca,,75000.0,75000.0,4,0,0,3,6,https://media.be.com.vn/bizops/image/9471c686-fe36-11ee-99b1-a2959d9e08fd/resized_thumbnail_w1080_h1080,combo-com-dao-xa-xiu-coca,
15387,15387,BBQ Cơm Sườn Phố Cổ - Trần Đại Nghĩa,65507,Combo Tiết Kiệm,519723,Combo cơm trắng gà - trứng ốp - coca,Giá đã bao gồm bao bì đựng.,75000.0,75000.0,3,0,0,3,7,https://media.be.com.vn/bizops/image/caa4488a-fe36-11ee-b972-a27b06ef25f3/resized_thumbnail_w1080_h1080,combo-com-trang-ga-trung-op-coca,
15387,15387,BBQ Cơm Sườn Phố Cổ - Trần Đại Nghĩa,65507,Combo Tiết Kiệm,519724,Combo cơm trắng cá kho - coca,Giá bán trên đã bao gồm chi phi Hộp đựng và dụng cụ khác,70000.0,70000.0,3,0,0,3,8,https://media.be.com.vn/bizops/image/dbd1f9f8-fe36-11ee-8673-82f2a81174be/resized_thumbnail_w1080_h1080,combo-com-trang-ca-kho-coca,
15387,15387,BBQ Cơm Sườn Phố Cổ - Trần Đại Nghĩa,65507,Combo Tiết Kiệm,519725,Combo cơm đảo gà - coca,Giá bán trên đã bao gồm chi phi Hộp đựng và dụng cụ khác,75000.0,75000.0,2,0,0,3,9,https://media.be.com.vn/bizops/image/e9edc5f8-fe36-11ee-99b1-a2959d9e08fd/resized_thumbnail_w1080_h1080,combo-com-dao-ga-coca,
15387,15387,BBQ Cơm Sườn Phố Cổ - Trần Đại Nghĩa,65507,Combo Tiết Kiệm,519727,Combo cơm đảo cá kho - coca,Giá bán trên đã bao gồm chi phi Hộp đựng và dụng cụ khác,75000.0,75000.0,0,0,0,3,11,https://media.be.com.vn/bizops/image/13b8c539-fe37-11ee-9c4b-1e44d33cc6fa/resized_thumbnail_w1080_h1080,combo-com-dao-ca-kho-coca,
15387,15387,BBQ Cơm Sườn Phố Cổ - Trần Đại Nghĩa,65507,Combo Tiết Kiệm,519728,Combo cơm trắng xá xíu - coca,,75000.0,75000.0,13,0,0,3,12,https://media.be.com.vn/bizops/image/09c5bdc0-fe37-11ee-b972-a27b06ef25f3/resized_thumbnail_w1080_h1080,combo-com-trang-xa-xiu-coca,
15387,15387,BBQ Cơm Sườn Phố Cổ - Trần Đại Nghĩa,65507,Combo Tiết Kiệm,519730,Combo cơm đảo bò gagu - coca,,75000.0,75000.0,1,0,0,3,14,https://media.be.com.vn/bizops/image/1d306963-fe37-11ee-9c4b-1e44d33cc6fa/resized_thumbnail_w1080_h1080,combo-com-dao-bo-gagu-coca,
15387,15387,BBQ Cơm Sườn Phố Cổ - Trần Đại Nghĩa,65507,Combo Tiết Kiệm,519731,Combo cơm trắng bò gagu - coca,,70000.0,70000.0,0,0,0,3,15,https://media.be.com.vn/bizops/image/2f3d3f2c-fe37-11ee-8673-82f2a81174be/resized_thumbnail_w1080_h1080,combo-com-trang-bo-gagu-coca,
15387,15387,BBQ Cơm Sườn Phố Cổ - Trần Đại Nghĩa,65507,Combo Tiết Kiệm,519732,Combo cơm trắng sườn - coca,,75000.0,75000.0,0,0,0,3,16,https://media.be.com.vn/bizops/image/27da0b66-fe37-11ee-b972-a27b06ef25f3/resized_thumbnail_w1080_h1080,combo-com-trang-suon-coca,
128678,128678,Quán Cô Ba - Cơm Tấm - Phố Vọng,1762276,Cơm Tấm Best Seller,11260212,Cơm tấm bò kho tiêu,"1 cơm, 1 canh, 1 rau, 1 bò kho tiêu",110000.0,110000.0,0,0,0,1,1,https://media.be.com.vn/bizops/image/014199dc-a57c-11f0-b84b-3a4f2a37a94e/original,com-tam-bo-kho-tieu,
128678,128678,Quán Cô Ba - Cơm Tấm - Phố Vọng,1762276,Cơm Tấm Best Seller,11260213,Cơm tấm cá bông lau kho,"1 cơm, 1 canh, 1 rau, 1 cá bông lau kho",100000.0,100000.0,1,0,0,1,2,https://media.be.com.vn/bizops/image/2099ab8c-a57c-11f0-8021-922c9d42c616/original,com-tam-ca-bong-lau-kho,
128678,128678,Quán Cô Ba - Cơm Tấm - Phố Vọng,1762276,Cơm Tấm Best Seller,11260214,Cơm tấm ba rọi rim mắm,"1 cơm, 1 rau, 1 canh, 1 phần ba rọi rim mắm.",100000.0,100000.0,0,0,0,1,3,https://media.be.com.vn/bizops/image/e41b0d8f-a57b-11f0-b84b-3a4f2a37a94e/original,com-tam-ba-roi-rim-mam,
128678,128678,Quán Cô Ba - Cơm Tấm - Phố Vọng,1762277,Món Hot,11260218,Cơm tấm ba rọi rim mắm bì chả trứng,"1 phần cơm, 1 phần canh, 1 phần rau, 1 phần ba rọi rim mắm, 1 phần bì, 1 phần chả, 1 phần trứng ốp la.",136000.0,136000.0,0,0,0,2,1,https://media.be.com.vn/bizops/image/e41b0d8f-a57b-11f0-b84b-3a4f2a37a94e/original,com-tam-ba-roi-rim-mam-bi-cha-trung,
128678,128678,Quán Cô Ba - Cơm Tấm - Phố Vọng,1762277,Món Hot,11260219,Cơm tấm cá bông lau kho bì chả trứng ốp la,"1 phần cơm, 1 phần cá bông lau, 1 phần rau, 1 phần canh, 1 phần trứng ốp la, 1 phần bì, 1 phần chả trứng.",136000.0,136000.0,0,0,0,2,2,https://media.be.com.vn/bizops/image/3d6efda3-a810-11f0-9063-66448d787802/original,com-tam-ca-bong-lau-kho-bi-cha-trung-op-la,
128678,128678,Quán Cô Ba - Cơm Tấm - Phố Vọng,1762277,Món Hot,11260220,Cơm tấm ba rọi nướng muối ớt bì trứng ốp la chả,"1 phần cơm, 1 phần canh, 1 phần rau, 1 phần ba rọi nướng muối ớt, 1 phần chả, 1 phần bì, 1 phần trứng ốp la.",126000.0,126000.0,3,0,0,2,3,https://media.be.com.vn/bizops/image/e41b0d8f-a57b-11f0-b84b-3a4f2a37a94e/original,com-tam-ba-roi-nuong-muoi-ot-bi-trung-op-la-cha,
128678,128678,Quán Cô Ba - Cơm Tấm - Phố Vọng,1762277,Món Hot,11260221,Cơm tấm sườn cốt lết nướng bì trứng ốp chả,"1 phần cơm, 1 phần canh, 1 phần rau, 1 phần sườn nướng, 1 phần chả, 1 phần bì, 1 phần trứng ốp la",116000.0,116000.0,0,0,0,2,4,https://media.be.com.vn/bizops/image/14e5b216-c1dc-11f0-8021-922c9d42c616/original,com-tam-suon-cot-let-nuong-bi-trung-op-cha,
128678,128678,Quán Cô Ba - Cơm Tấm - Phố Vọng,1762278,Cơm Đặc Biệt,11260222,Cơm tấm ba rọi rim mắm đặc biệt,"1 phần cơm, 1 phần canh, 1 phần rau, 1 phần ba rọi rim mắm, 1 phần chả, 1 phần bì, 1 phần trứng ốp la, 1 phần lạp xưởng.",150000.0,150000.0,0,0,0,3,1,https://media.be.com.vn/bizops/image/e41b0d8f-a57b-11f0-b84b-3a4f2a37a94e/original,com-tam-ba-roi-rim-mam-dac-biet,
128678,128678,Quán Cô Ba - Cơm Tấm - Phố Vọng,1762278,Cơm Đặc Biệt,11260223,Cơm tấm cá bông lau kho đặc biệt,"1 phần cơm, 1 phần rau, 1 phần canh, 1 phần cá bông lau kho, 1 phần bì, 1 phần chả, 1 phần trứng ốp la, 1 phần lạp xưởng.",150000.0,150000.0,0,0,0,3,2,https://media.be.com.vn/bizops/image/2099ab8c-a57c-11f0-8021-922c9d42c616/original,com-tam-ca-bong-lau-kho-dac-biet,
128678,128678,Quán Cô Ba - Cơm Tấm - Phố Vọng,1762278,Cơm Đặc Biệt,11260224,Cơm tấm bò kho tiêu đặc biệt,"1 phần cơm, 1 phần rau, 1 phần canh, 1 phần bò kho tiêu, 1 phần bì, 1 phần chả, 1 phần trứng ốp la, 1 phần lạp xưởng.",160000.0,160000.0,0,0,0,3,3,https://media.be.com.vn/bizops/image/773d128a-a580-11f0-b84b-3a4f2a37a94e/original,com-tam-bo-kho-tieu-dac-biet,
128678,128678,Quán Cô Ba - Cơm Tấm - Phố Vọng,1762278,Cơm Đặc Biệt,11260225,Cơm tấm ba rọi nướng muối ớt đặc biệt,"1 phần cơm, 1 phần rau, 1 phần canh, 1 phần ba rọi nướng muối ớt, 1 phần bì, 1 phần chả, 1 phần trứng ốp la, 1 phần lạp xưởng.",140000.0,140000.0,0,0,0,3,4,https://media.be.com.vn/bizops/image/e41b0d8f-a57b-11f0-b84b-3a4f2a37a94e/original,com-tam-ba-roi-nuong-muoi-ot-dac-biet,
128678,128678,Quán Cô Ba - Cơm Tấm - Phố Vọng,1762278,Cơm Đặc Biệt,11260226,Cơm tấm sườn cốt lết nướng đặc biệt,"1 phần cơm, 1 phần canh, 1 phần rau, 1 phần sườn cốt lết nướng, 1 phần bì, 1 phần chả, 1 phần trứng, 1 phần lạp xưởng.",130000.0,130000.0,0,0,0,3,5,https://media.be.com.vn/bizops/image/2c54cd55-a580-11f0-8021-922c9d42c616/original,com-tam-suon-cot-let-nuong-dac-biet,
7207,7207,Cơm Tấm Anh Ba Sài Gòn - Ngõ Tự Do,317406,Cơm Tấm Sườn Cốt Lết,2135839,Cơm Tấm Sườn Nướng,Sườn nướng thơm ngon + cơm tấm + đồ chua + canh,50000.0,50000.0,3554,13,0,1,1,https://media.be.com.vn/be-food/image/05932294-c52d-11f0-8021-922c9d42c616/resized_thumbnail_w1080_h1080,com-tam-suon-nuong,
7207,7207,Cơm Tấm Anh Ba Sài Gòn - Ngõ Tự Do,317406,Cơm Tấm Sườn Cốt Lết,2135953,"Cơm Tấm Sườn, Chả",Sườn nướng thơm ngon + chả trứng muối + cơm tấm + đồ chua + canh,59000.0,59000.0,1801,9,1,1,2,https://media.be.com.vn/be-food/image/f5b682eb-c52c-11f0-9063-66448d787802/resized_thumbnail_w1080_h1080,com-tam-suon-cha,
7207,7207,Cơm Tấm Anh Ba Sài Gòn - Ngõ Tự Do,317406,Cơm Tấm Sườn Cốt Lết,2135954,"Cơm Tấm Sườn, Ốp La",Sườn nướng thơm ngon + trứng ốp la + cơm tấm + đồ chua + canh,59000.0,59000.0,1040,6,0,1,3,https://media.be.com.vn/be-food/image/e76809db-c52c-11f0-8b11-e6e7ca75c48c/resized_thumbnail_w1080_h1080,com-tam-suon-op-la,
7207,7207,Cơm Tấm Anh Ba Sài Gòn - Ngõ Tự Do,317406,Cơm Tấm Sườn Cốt Lết,2135955,"Cơm Tấm Sườn, Bì, Chả",Sườn nướng thơm ngon + bì thính + chả trứng muối + cơm tấm + đồ chua + canh,68000.0,68000.0,1885,11,0,1,4,https://media.be.com.vn/be-food/image/d5b4d104-c52c-11f0-8b11-e6e7ca75c48c/resized_thumbnail_w1080_h1080,com-tam-suon-bi-cha,
7207,7207,Cơm Tấm Anh Ba Sài Gòn - Ngõ Tự Do,317406,Cơm Tấm Sườn Cốt Lết,2135956,"Cơm Tấm Sườn, Bì, Ốp La",Sườn nướng thơm ngon + bì thính + trứng ốp la + cơm tấm + đồ chua + canh,68000.0,68000.0,398,1,0,1,5,https://media.be.com.vn/be-food/image/c95dc0da-c52c-11f0-9063-66448d787802/resized_thumbnail_w1080_h1080,com-tam-suon-bi-op-la,
7207,7207,Cơm Tấm Anh Ba Sài Gòn - Ngõ Tự Do,317406,Cơm Tấm Sườn Cốt Lết,2135957,"Cơm Tấm Sườn, Chả, Ốp La",Sườn nướng thơm ngon + chả trứng muối + trứng ốp la + cơm tấm + đồ chua + canh,68000.0,68000.0,928,4,1,1,6,https://media.be.com.vn/be-food/image/ba7d893d-c52c-11f0-8b11-e6e7ca75c48c/resized_thumbnail_w1080_h1080,com-tam-suon-cha-op-la,
7207,7207,Cơm Tấm Anh Ba Sài Gòn - Ngõ Tự Do,317406,Cơm Tấm Sườn Cốt Lết,2135958,"Cơm Tấm (Đầy Đủ) Sườn, Bì, Chả, Ốp La",Sườn nướng thơm ngon + bì thính + chả trứng muối + trứng ốp la + cơm tấm + đồ chua + canh,77000.0,77000.0,846,2,1,1,7,https://media.be.com.vn/be-food/image/a86c3f63-c52c-11f0-8021-922c9d42c616/resized_thumbnail_w1080_h1080,com-tam-day-du-suon-bi-cha-op-la,
7207,7207,Cơm Tấm Anh Ba Sài Gòn - Ngõ Tự Do,317406,Cơm Tấm Sườn Cốt Lết,4045482,"Cơm Tấm Sườn, Bì",Sườn nướng thơm ngon + bì thính + cơm tấm + đồ chua + canh,59000.0,59000.0,434,2,0,1,8,https://media.be.com.vn/be-food/image/900bf00f-c52c-11f0-8021-922c9d42c616/resized_thumbnail_w1080_h1080,com-tam-suon-bi,
7207,7207,Cơm Tấm Anh Ba Sài Gòn - Ngõ Tự Do,430560,Cơm Tấm Thịt Ba Rọi.,2922537,"Cơm Tấm Ba Rọi, Chả, Ốp La",Thịt ba rọi nướng + chả trứng muối+ trứng ốp la + đồ chua + cơm tấm + canh,73000.0,73000.0,267,3,0,2,1,https://media.be.com.vn/be-food/image/f07fa4a4-d9dc-11ed-bf5d-d223e3fbaf4c/original,com-tam-ba-roi-cha-op-la,
7207,7207,Cơm Tấm Anh Ba Sài Gòn - Ngõ Tự Do,430560,Cơm Tấm Thịt Ba Rọi.,2922539,"Cơm Tấm Ba Rọi, Bì, Ốp La",Thịt ba rọi nướng + bì thính+ trứng ốp la + cơm tấm + đồ chua + canh,73000.0,73000.0,99,2,0,2,2,https://media.be.com.vn/be-food/image/2a20accf-d9dd-11ed-85ae-6a3add2d6d9a/original,com-tam-ba-roi-bi-op-la,
7207,7207,Cơm Tấm Anh Ba Sài Gòn - Ngõ Tự Do,430560,Cơm Tấm Thịt Ba Rọi.,2922541,"Cơm Tấm Ba Rọi, Bì, Chả",Thịt ba rọi nướng + bì thính + chả trứng muối + cơm tấm + đồ chua + canh,73000.0,73000.0,156,1,1,2,3,https://media.be.com.vn/be-food/image/51980b00-d9dd-11ed-85ae-6a3add2d6d9a/original,com-tam-ba-roi-bi-cha,
7207,7207,Cơm Tấm Anh Ba Sài Gòn - Ngõ Tự Do,430560,Cơm Tấm Thịt Ba Rọi.,2927563,Cơm Tấm Ba Rọi Nướng,Thịt ba rọi nướng + cơm tấm + đồ chua + canh,55000.0,55000.0,350,6,0,2,4,https://media.be.com.vn/be-food/image/d5338fd0-da19-11ed-85ae-6a3add2d6d9a/original,com-tam-ba-roi-nuong,
32487,32487,Phở Gà Ngon 69 - Ngõ Tự Do,395712,Menu,2654265,Phở gà trộn truyền thống,,40000.0,40000.0,170,1,1,1,1,https://media.be.com.vn/be-food/image/c8b9b078-4108-11ee-bfaa-82e52b34e173/resized_thumbnail_w1080_h1080,pho-ga-tron-truyen-thong,
32487,32487,Phở Gà Ngon 69 - Ngõ Tự Do,395712,Menu,2654266,Phở trộn gà quay,,40000.0,40000.0,137,1,1,1,2,https://media.be.com.vn/be-food/image/c888c262-4108-11ee-b2af-3ea2e1c5510b/resized_thumbnail_w1080_h1080,pho-tron-ga-quay,
32487,32487,Phở Gà Ngon 69 - Ngõ Tự Do,395712,Menu,2654267,Phở Trộn Thịt Xá Xíu Chua Ngọt,"Chuẩn vị,thơm ngon",40000.0,40000.0,64,0,0,1,3,https://media.be.com.vn/be-food/image/c8868d42-4108-11ee-8e31-f638ae20f033/resized_thumbnail_w1080_h1080,pho-tron-thit-xa-xiu-chua-ngot,
32487,32487,Phở Gà Ngon 69 - Ngõ Tự Do,395712,Menu,2654268,Phở gà nước,,40000.0,40000.0,467,1,1,1,4,https://media.be.com.vn/be-food/image/c85aa6a3-4108-11ee-bfaa-82e52b34e173/resized_thumbnail_w1080_h1080,pho-ga-nuoc,
32487,32487,Phở Gà Ngon 69 - Ngõ Tự Do,395712,Menu,2654269,Miến trộn gà quay chua ngọt,,40000.0,40000.0,76,0,1,1,5,https://media.be.com.vn/be-food/image/c830912c-4108-11ee-8e31-f638ae20f033/resized_thumbnail_w1080_h1080,mien-tron-ga-quay-chua-ngot,
32487,32487,Phở Gà Ngon 69 - Ngõ Tự Do,395712,Menu,2654270,Miến Trộn Thịt Xá Xíu Chua Ngọt,"Thơm ngon,chuẩn vị",40000.0,40000.0,15,1,0,1,6,https://media.be.com.vn/be-food/image/c82da2fc-4108-11ee-8e31-f638ae20f033/resized_thumbnail_w1080_h1080,mien-tron-thit-xa-xiu-chua-ngot,
32487,32487,Phở Gà Ngon 69 - Ngõ Tự Do,395712,Menu,2654271,Phở Gà Bò Tái Lăn,,45000.0,45000.0,52,0,0,1,7,https://media.be.com.vn/be-food/image/c7d604bf-4108-11ee-b2af-3ea2e1c5510b/resized_thumbnail_w1080_h1080,pho-ga-bo-tai-lan,
32487,32487,Phở Gà Ngon 69 - Ngõ Tự Do,395712,Menu,2654272,Phở Gà Xá Xíu,,40000.0,40000.0,36,0,0,1,8,https://media.be.com.vn/be-food/image/c7d91f93-4108-11ee-8e31-f638ae20f033/resized_thumbnail_w1080_h1080,pho-ga-xa-xiu,
32487,32487,Phở Gà Ngon 69 - Ngõ Tự Do,395712,Menu,2654273,Phở Bò Tái Lăn,,45000.0,45000.0,83,0,0,1,9,https://media.be.com.vn/be-food/image/c7994ba1-4108-11ee-8146-82365e52a8ee/resized_thumbnail_w1080_h1080,pho-bo-tai-lan,
32487,32487,Phở Gà Ngon 69 - Ngõ Tự Do,395712,Menu,2654274,Gà Quay Ăn thêm(100gram),Thơm ngon,60000.0,60000.0,3,0,0,1,10,https://media.be.com.vn/be-food/image/c77ecd05-4108-11ee-8e31-f638ae20f033/resized_thumbnail_w1080_h1080,ga-quay-an-them-100gram,
11305,11305,Quán Cơm 76,47713,Cơm Suất Đồng Giá,388175,Cơm Gà Sốt Chua Ngọt,"Cơm, Gà sốt chua ngọt, món phụ, rau, canh.....(Hình ảnh chỉ mang tính chất minh hoạ)- Đơn giá trên đã bao gồm chi phí hộp, dụng cụ, ...Giá gốc 45k app hiện tại đang lỗi giá bán sau km)",42000.0,46000.0,89075,211,13,1,1,https://media.be.com.vn/be-food/image/d90cb2d8-0192-11f0-81cc-d24fde1987a0/resized_thumbnail_w1080_h1080,com-ga-sot-chua-ngot,
11305,11305,Quán Cơm 76,47713,Cơm Suất Đồng Giá,388176,Cơm Gà Chiên Mắm,"Gà chiên mắm, món phụ,, Rau canh thay đổi theo ngày- Đơn giá trên đã bao gồm chi phí hộp, dụng cụ, .. (Khi gặp vấn đề với đơn hàng vui lòng liên hệ số 0983.265.630 để đc giải quyết). (Giá gốc 45k app hiện tại đang lỗi giá bán sau km)",42000.0,46000.0,61404,236,12,1,2,https://media.be.com.vn/be-food/image/ed4d1a40-0192-11f0-8d88-0695c6df6d37/resized_thumbnail_w1080_h1080,com-ga-chien-mam,
11305,11305,Quán Cơm 76,47713,Cơm Suất Đồng Giá,388177,Cơm Thịt Rang,"Cơm, Thịt rang, món phụ, rau canh thay đổi theo ngày. - Đơn giá trên đã bao gồm chi phí hộp, dụng cụ, ...",45000.0,48000.0,6460,94,3,1,3,https://media.be.com.vn/bizops/image/be221468-a57e-11f0-9063-66448d787802/original,com-thit-rang,
11305,11305,Quán Cơm 76,47713,Cơm Suất Đồng Giá,388178,"Cơm Sườn Xào Chua Ngọt, Trứng Ốp La","- Đơn giá trên đã bao gồm chi phí hộp, dụng cụ, ... - Hình ảnh minh hoạ chỉ là tạm thời",45000.0,48000.0,84011,81,6,1,4,https://media.be.com.vn/bizops/image/b14dc4f0-a57e-11f0-9063-66448d787802/original,com-suon-xao-chua-ngot-trung-op-la,
11305,11305,Quán Cơm 76,47713,Cơm Suất Đồng Giá,388179,Cơm Thịt Xào Cần Tỏi,"Cơm, Thịt xào cần tỏi, món phụ, rau canh thay đổi theo ngày. - Đơn giá trên đã bao gồm chi phí hộp, dụng cụ, ...",42000.0,45000.0,4046,84,7,1,5,https://media.be.com.vn/bizops/image/ea081b21-b7cc-11f0-9063-66448d787802/resized_thumbnail_w1080_h1080,com-thit-xao-can-toi,
11305,11305,Quán Cơm 76,47713,Cơm Suất Đồng Giá,388180,Cơm Gà Xào Sả Ớt,"Gà xào sả ớt, món phụ, Rau canh thay đổi theo ngày - Đơn giá trên đã bao gồm chi phí hộp, dụng cụ, ...",42000.0,45000.0,5213,123,6,1,6,https://media.be.com.vn/bizops/image/6ff6004a-a57d-11f0-b84b-3a4f2a37a94e/original,com-ga-xao-sa-ot,
11305,11305,Quán Cơm 76,47713,Cơm Suất Đồng Giá,388181,Cơm Cá biển sốt mặn ngọt,"Cơm Cá biển sốt mặn ngọt, Món Phụ, Rau canh thay đổi theo ngày. - Đơn giá trên đã bao gồm chi phí hộp, dụng cụ, ...",42000.0,45000.0,3660,69,4,1,7,https://media.be.com.vn/bizops/image/e48c4b91-b7cc-11f0-b84b-3a4f2a37a94e/resized_thumbnail_w1080_h1080,com-ca-bien-sot-man-ngot,
11305,11305,Quán Cơm 76,47713,Cơm Suất Đồng Giá,388182,Cơm Thịt Kho,"Cơm, Thịt kho, món phụ...rau canh thay đổi hàng ngày - Đơn giá trên đã bao gồm chi phí hộp, dụng cụ, ...",42000.0,45000.0,40409,109,12,1,8,https://media.be.com.vn/bizops/image/70139c93-a580-11f0-8b11-e6e7ca75c48c/original,com-thit-kho,
11305,11305,Quán Cơm 76,47713,Cơm Suất Đồng Giá,388183,Cơm Thịt Xào Sả Ớt,"Cơm, Thịt xào sả ớt, món phụ, rau canh thay đổi theo ngày - Đơn giá trên đã bao gồm chi phí hộp, dụng cụ, ...",42000.0,45000.0,3079,90,3,1,9,https://media.be.com.vn/bizops/image/dc18177d-b7cc-11f0-8021-922c9d42c616/resized_thumbnail_w1080_h1080,com-thit-xao-sa-ot,
11305,11305,Quán Cơm 76,47713,Cơm Suất Đồng Giá,388184,Cơm Gà Xào Nấm,"Cơm, Gà xào nấm, Món Phụ, rau canh theo ngày - Đơn giá trên đã bao gồm chi phí hộp, dụng cụ, ...",42000.0,45000.0,6391,106,4,1,10,https://media.be.com.vn/bizops/image/d985aab9-b7cc-11f0-8021-922c9d42c616/resized_thumbnail_w1080_h1080,com-ga-xao-nam,
11305,11305,Quán Cơm 76,47713,Cơm Suất Đồng Giá,388185,Cơm Gà Kho Gừng Sả,"Hình ảnh mang tính chất minh hoạ. giá bán đã bao gồm chi phí hộp, dụng cụ ăn uống",42000.0,45000.0,1928,21,1,1,11,https://media.be.com.vn/bizops/image/657e53d1-a57d-11f0-b84b-3a4f2a37a94e/original,com-ga-kho-gung-sa,
11305,11305,Quán Cơm 76,47714,Combo,388187,Combo 1 (Cơm Gà Chiên Mắm + Coca Hoặc Pepsi),,50000.0,53000.0,210,1,0,2,4,https://media.be.com.vn/bizops/image/fa61aaa3-b7cc-11f0-9063-66448d787802/resized_thumbnail_w1080_h1080,combo-1-com-ga-chien-mam-coca-hoac-pepsi,
11305,11305,Quán Cơm 76,47714,Combo,388188,Combo 13: Cơm Gà Chua Ngọt + Coca hoặc Pepsi,,50000.0,53000.0,259,3,0,2,5,https://media.be.com.vn/bizops/image/f8c7bef0-b7cc-11f0-9063-66448d787802/resized_thumbnail_w1080_h1080,combo-13-com-ga-chua-ngot-coca-hoac-pepsi,
11305,11305,Quán Cơm 76,47714,Combo,388189,Combo 2 (Cơm Thịt Rang +Coca hoặc Pepsi),,52000.0,55000.0,129,0,0,2,6,https://media.be.com.vn/bizops/image/f70add85-b7cc-11f0-9063-66448d787802/resized_thumbnail_w1080_h1080,combo-2-com-thit-rang-coca-hoac-pepsi,
11305,11305,Quán Cơm 76,47714,Combo,388190,Combo 3 (Cơm Gà Xào Sả Ớt +Coca hoặc Pepsi),,50000.0,53000.0,63,0,0,2,7,https://media.be.com.vn/bizops/image/f55d2778-b7cc-11f0-8b11-e6e7ca75c48c/resized_thumbnail_w1080_h1080,combo-3-com-ga-xao-sa-ot-coca-hoac-pepsi,
11305,11305,Quán Cơm 76,47714,Combo,388191,Combo 4 (Cơm Gà Xào Nấm +Coca hoặc Pepsi),,50000.0,53000.0,77,0,0,2,8,https://media.be.com.vn/bizops/image/f3b21f7d-b7cc-11f0-8021-922c9d42c616/resized_thumbnail_w1080_h1080,combo-4-com-ga-xao-nam-coca-hoac-pepsi,
11305,11305,Quán Cơm 76,47716,Combo Cục Ta Cục Tác,388198,Combo 7: Cơm Thịt Gà Xào Sả Ớt + 01 Miếng Gà Chiên Mắm + Cocacola (Hoặc Đồ Uống Tương Đương),,60000.0,65000.0,441,1,0,4,1,https://media.be.com.vn/bizops/image/117d0d2e-b7cd-11f0-9063-66448d787802/resized_thumbnail_w1080_h1080,combo-7-com-thit-ga-xao-sa-ot-01-mieng-ga-chien-mam-cocacola-hoac-do-uong-tuong-duong,
11305,11305,Quán Cơm 76,47716,Combo Cục Ta Cục Tác,388199,Combo 9: Cơm Thịt Xào Cần Tỏi + 01 Miếng Gà Chiên Mắm + Cocacola (Hoặc Đồ Uống Tương Đương),,60000.0,65000.0,344,4,0,4,2,https://media.be.com.vn/bizops/image/0febbd83-b7cd-11f0-9063-66448d787802/resized_thumbnail_w1080_h1080,combo-9-com-thit-xao-can-toi-01-mieng-ga-chien-mam-cocacola-hoac-do-uong-tuong-duong,
11305,11305,Quán Cơm 76,47716,Combo Cục Ta Cục Tác,388200,Combo 10: Cơm Thịt Xào Sả Ớt + 01 Miếng Gà Chiên Mắm + Cocacola (Hoặc Đồ Uống Tương Đương),,60000.0,65000.0,296,1,1,4,3,https://media.be.com.vn/bizops/image/0e4edbf0-b7cd-11f0-9063-66448d787802/resized_thumbnail_w1080_h1080,combo-10-com-thit-xao-sa-ot-01-mieng-ga-chien-mam-cocacola-hoac-do-uong-tuong-duong,
133169,133169,Gà Rán Dakgalbi - Trần Đại Nghĩa,1964314,Gà Nguyên Con,11838381,Gà nguyên con rán giòn truyền thống không cay,,300000.0,300000.0,2,0,0,1,4,https://media.be.com.vn/bizops/image/9d6c4b58-34be-11f1-a167-cadcd99bf8b0/resized_thumbnail_w1080_h1080,ga-nguyen-con-ran-gion-truyen-thong-khong-cay,
133169,133169,Gà Rán Dakgalbi - Trần Đại Nghĩa,1964315,Gà Nửa Con,11838383,Gà nửa con sốt kem hành,,175000.0,175000.0,1,0,0,2,1,https://media.be.com.vn/bizops/image/aa06caf7-34be-11f1-b67e-9aaf2a798701/resized_thumbnail_w1080_h1080,ga-nua-con-sot-kem-hanh,
133169,133169,Gà Rán Dakgalbi - Trần Đại Nghĩa,1964315,Gà Nửa Con,11838384,Gà nửa con mix 4,"1/2 rán giòn truyền thống, 1/2 sốt phomai trứng muối",170000.0,170000.0,2,0,0,2,2,https://media.be.com.vn/bizops/image/bf6892ce-34be-11f1-b67e-9aaf2a798701/resized_thumbnail_w1080_h1080,ga-nua-con-mix-4,
133169,133169,Gà Rán Dakgalbi - Trần Đại Nghĩa,1964315,Gà Nửa Con,11838385,Gà nửa con mix 3,Nửa rán truyền thống và nửa rưới sốt rose,170000.0,170000.0,1,0,0,2,3,https://media.be.com.vn/bizops/image/cea0b3cd-34be-11f1-b197-ce3d3ce291c1/resized_thumbnail_w1080_h1080,ga-nua-con-mix-3,
133169,133169,Gà Rán Dakgalbi - Trần Đại Nghĩa,1964315,Gà Nửa Con,11838386,Gà nửa con mix 2,Nửa rán truyền thống và nửa rưới sốt mù tạt mật ong,170000.0,170000.0,2,0,0,2,4,https://media.be.com.vn/bizops/image/f22ae5ce-34be-11f1-b197-ce3d3ce291c1/resized_thumbnail_w1080_h1080,ga-nua-con-mix-2,
133169,133169,Gà Rán Dakgalbi - Trần Đại Nghĩa,1964315,Gà Nửa Con,11838387,Gà nửa con sốt cay ngọt Hàn Quốc,,175000.0,175000.0,0,0,0,2,5,https://media.be.com.vn/bizops/image/06470ac4-34bf-11f1-b197-ce3d3ce291c1/resized_thumbnail_w1080_h1080,ga-nua-con-sot-cay-ngot-han-quoc,
133169,133169,Gà Rán Dakgalbi - Trần Đại Nghĩa,1964315,Gà Nửa Con,11838388,Gà nửa con rán giòn truyền thống,,165000.0,165000.0,5,0,0,2,6,https://media.be.com.vn/bizops/image/0ebf4e94-34bf-11f1-b197-ce3d3ce291c1/resized_thumbnail_w1080_h1080,ga-nua-con-ran-gion-truyen-thong,
133169,133169,Gà Rán Dakgalbi - Trần Đại Nghĩa,1964315,Gà Nửa Con,11838389,Gà nửa con mix 1,Nửa rán truyền thống và nửa tẩm sốt cay ngọt Hàn Quốc,170000.0,170000.0,7,0,0,2,7,https://media.be.com.vn/bizops/image/1fe62d58-34bf-11f1-b67e-9aaf2a798701/resized_thumbnail_w1080_h1080,ga-nua-con-mix-1,
133169,133169,Gà Rán Dakgalbi - Trần Đại Nghĩa,1964316,Đùi - Cánh,11838390,Combo 5 cánh gà sốt cay ngọt Hàn Quốc,,185000.0,185000.0,0,0,0,3,1,https://media.be.com.vn/bizops/image/4aaa110f-34bf-11f1-b197-ce3d3ce291c1/resized_thumbnail_w1080_h1080,combo-5-canh-ga-sot-cay-ngot-han-quoc,
133169,133169,Gà Rán Dakgalbi - Trần Đại Nghĩa,1964316,Đùi - Cánh,11838391,Combo 5 đùi gà sốt cay ngọt Hàn Quốc,,195000.0,195000.0,0,0,0,3,2,https://media.be.com.vn/bizops/image/83741c36-12db-11f1-a167-cadcd99bf8b0/original,combo-5-dui-ga-sot-cay-ngot-han-quoc,
133169,133169,Gà Rán Dakgalbi - Trần Đại Nghĩa,1964316,Đùi - Cánh,11838392,Combo 5 cánh gà rán,,175000.0,175000.0,0,0,0,3,3,https://media.be.com.vn/bizops/image/70dd22e7-34bf-11f1-b197-ce3d3ce291c1/resized_thumbnail_w1080_h1080,combo-5-canh-ga-ran,
133169,133169,Gà Rán Dakgalbi - Trần Đại Nghĩa,1964316,Đùi - Cánh,11838393,Combo 5 đùi gà rán,,185000.0,185000.0,0,0,0,3,4,https://media.be.com.vn/bizops/image/78e4477a-34bf-11f1-b197-ce3d3ce291c1/resized_thumbnail_w1080_h1080,combo-5-dui-ga-ran,
133169,133169,Gà Rán Dakgalbi - Trần Đại Nghĩa,1964317,Gà Cốc,11838398,Gà cốc sốt phomai trứng muối,,80000.0,80000.0,2,0,0,4,1,https://media.be.com.vn/bizops/image/dfe2fff5-34bf-11f1-b197-ce3d3ce291c1/resized_thumbnail_w1080_h1080,ga-coc-sot-phomai-trung-muoi,
133169,133169,Gà Rán Dakgalbi - Trần Đại Nghĩa,1964317,Gà Cốc,11838399,Gà cốc sốt kem hành,,80000.0,80000.0,4,0,0,4,2,https://media.be.com.vn/bizops/image/e4e3f8a2-34bf-11f1-a167-cadcd99bf8b0/resized_thumbnail_w1080_h1080,ga-coc-sot-kem-hanh,
133169,133169,Gà Rán Dakgalbi - Trần Đại Nghĩa,1964317,Gà Cốc,11838400,Gà cốc phủ phomai,,80000.0,80000.0,1,0,0,4,3,https://media.be.com.vn/bizops/image/ebbf0568-34bf-11f1-b197-ce3d3ce291c1/resized_thumbnail_w1080_h1080,ga-coc-phu-phomai,
133169,133169,Gà Rán Dakgalbi - Trần Đại Nghĩa,1964317,Gà Cốc,11838401,Gà cốc sốt xì dầu tỏi,,80000.0,80000.0,1,0,0,4,4,https://media.be.com.vn/bizops/image/f7494629-34bf-11f1-b63c-1ec8367384f0/resized_thumbnail_w1080_h1080,ga-coc-sot-xi-dau-toi,
133169,133169,Gà Rán Dakgalbi - Trần Đại Nghĩa,1964317,Gà Cốc,11838402,Gà cốc sốt mù tạt mật ong,,80000.0,80000.0,3,0,0,4,5,https://media.be.com.vn/bizops/image/fce04699-34bf-11f1-b197-ce3d3ce291c1/resized_thumbnail_w1080_h1080,ga-coc-sot-mu-tat-mat-ong,
133169,133169,Gà Rán Dakgalbi - Trần Đại Nghĩa,1964317,Gà Cốc,11838403,Gà cốc sốt cay ngọt Hàn Quốc,,80000.0,80000.0,6,0,0,4,6,https://media.be.com.vn/bizops/image/0830665f-34c0-11f1-a167-cadcd99bf8b0/resized_thumbnail_w1080_h1080,ga-coc-sot-cay-ngot-han-quoc,
133169,133169,Gà Rán Dakgalbi - Trần Đại Nghĩa,1964317,Gà Cốc,11838404,Gà cốc lắc phomai,,80000.0,80000.0,0,0,0,4,7,https://media.be.com.vn/bizops/image/0e56291f-34c0-11f1-a167-cadcd99bf8b0/resized_thumbnail_w1080_h1080,ga-coc-lac-phomai,
133169,133169,Gà Rán Dakgalbi - Trần Đại Nghĩa,1964317,Gà Cốc,11838405,Gà cốc sốt rose,,80000.0,80000.0,11,0,0,4,8,https://media.be.com.vn/bizops/image/1d0ca3a3-34c0-11f1-a167-cadcd99bf8b0/resized_thumbnail_w1080_h1080,ga-coc-sot-rose,
133169,133169,Gà Rán Dakgalbi - Trần Đại Nghĩa,1964318,Gà Không Xương,11838406,Ức gà rút xương chiên tokbokki sốt cay ngọt - size nhỡ 2 nguời,,150000.0,150000.0,3,0,0,5,1,https://media.be.com.vn/bizops/image/2522d1fe-34c0-11f1-a167-cadcd99bf8b0/resized_thumbnail_w1080_h1080,uc-ga-rut-xuong-chien-tokbokki-sot-cay-ngot-size-nho-2-nguoi,
13003,13003,Lotteria - Bạch Mai,1937275,Tháng 5 Deal Ngon,11763891,Ưu Đãi Tháng 05,01 Burger Tôm + 01 Bánh khoai tây nghiền (3 miếng) + 01 Pepsi (S),62000.0,87000.0,84,2,0,1,1,https://media.be.com.vn/bizops/image/3ae54b44-44f2-11f1-b63c-1ec8367384f0/resized_thumbnail_w1080_h1080,uu-dai-thang-05,
13003,13003,Lotteria - Bạch Mai,1426142,PHẦN ĂN TIỆN LỢI,9794410,TIỆN LỢI 53K,Gà rán giòn ngon + Khoai tây chiên (nhỏ) + Pepsi (nhỏ),53000.0,64000.0,42,0,0,3,1,https://media.be.com.vn/bizops/image/f0266ee3-6dc7-11f0-b84b-3a4f2a37a94e/resized_thumbnail_w1080_h1080,tien-loi-53k,
13003,13003,Lotteria - Bạch Mai,1426142,PHẦN ĂN TIỆN LỢI,9794411,TIỆN LỢI 59K,Cơm gà sốt H&S + Súp gà + Pepsi (nhỏ),59000.0,71000.0,85,0,0,3,2,https://media.be.com.vn/be-food/image/9778fc6d-2723-11f1-b67e-9aaf2a798701/resized_thumbnail_w1080_h1080,tien-loi-59k,
13003,13003,Lotteria - Bạch Mai,1426142,PHẦN ĂN TIỆN LỢI,9794412,TIỆN LỢI 70K,Gà rán giòn ngon + Mì ý (vừa) + Pepsi (nhỏ),70000.0,79000.0,61,0,0,3,3,https://media.be.com.vn/bizops/image/02c446ac-6dc8-11f0-8b11-e6e7ca75c48c/resized_thumbnail_w1080_h1080,tien-loi-70k,
13003,13003,Lotteria - Bạch Mai,55178,CHICKEN - CHICKEN SET,443705,Gà Rán 1 Miếng,,36000.0,36000.0,445,2,1,5,1,https://media.be.com.vn/bizops/image/ef836490-5658-11f0-b84b-3a4f2a37a94e/resized_thumbnail_w1080_h1080,ga-ran-1-mieng,
13003,13003,Lotteria - Bạch Mai,55178,CHICKEN - CHICKEN SET,2620061,Gà Rán Phần.,2 Gà Rán + Món ăn kèm + Pepsi (M),87000.0,114000.0,157,0,1,5,2,https://media.be.com.vn/bizops/image/9a48dfa9-5659-11f0-9063-66448d787802/resized_thumbnail_w1080_h1080,ga-ran-phan,
13003,13003,Lotteria - Bạch Mai,55178,CHICKEN - CHICKEN SET,4406151,Gà Sốt HS Phần.,2 Gà Sốt HS + Món ăn kèm + Pepsi (M),95000.0,124000.0,131,1,0,5,3,https://media.be.com.vn/bizops/image/bfb48e78-5659-11f0-8021-922c9d42c616/resized_thumbnail_w1080_h1080,ga-sot-hs-phan,
13003,13003,Lotteria - Bạch Mai,55178,CHICKEN - CHICKEN SET,4406152,Gà Sốt Đậu Phần.,2 Gà Sốt Đậu + Món ăn kèm + Pepsi (M),95000.0,124000.0,36,0,0,5,4,https://media.be.com.vn/bizops/image/b55bea0f-5659-11f0-9063-66448d787802/resized_thumbnail_w1080_h1080,ga-sot-dau-phan,
13003,13003,Lotteria - Bạch Mai,55178,CHICKEN - CHICKEN SET,4406153,Gà Sốt Phô Mai Phần.,2 Gà Sốt Phô Mai + Món ăn kèm + Pepsi (M),95000.0,124000.0,105,0,1,5,5,https://media.be.com.vn/bizops/image/d2339a52-5659-11f0-8b11-e6e7ca75c48c/resized_thumbnail_w1080_h1080,ga-sot-pho-mai-phan,
13003,13003,Lotteria - Bạch Mai,55178,CHICKEN - CHICKEN SET,4406155,Gà Sốt Đậu 1 Miếng,,41000.0,41000.0,76,0,0,5,6,https://media.be.com.vn/bizops/image/10bf22f9-5659-11f0-8021-922c9d42c616/resized_thumbnail_w1080_h1080,ga-sot-dau-1-mieng,
13003,13003,Lotteria - Bạch Mai,55178,CHICKEN - CHICKEN SET,4406156,Gà Sốt HS 1 Miếng,,41000.0,41000.0,116,1,0,5,7,https://media.be.com.vn/bizops/image/1c6b82e5-5659-11f0-b84b-3a4f2a37a94e/resized_thumbnail_w1080_h1080,ga-sot-hs-1-mieng,
13003,13003,Lotteria - Bạch Mai,55178,CHICKEN - CHICKEN SET,4406157,Gà Sốt Phô Mai 1 Miếng,,41000.0,41000.0,132,1,0,5,8,https://media.be.com.vn/bizops/image/275ec9ec-5659-11f0-b84b-3a4f2a37a94e/resized_thumbnail_w1080_h1080,ga-sot-pho-mai-1-mieng,
13003,13003,Lotteria - Bạch Mai,55181,RICE - SPAGHETTI,444064,Mì Ý Thịt Bằm (L),,45000.0,45000.0,144,0,0,8,1,https://media.be.com.vn/bizops/image/8074b995-565a-11f0-8021-922c9d42c616/resized_thumbnail_w1080_h1080,mi-y-thit-bam-l,
13003,13003,Lotteria - Bạch Mai,55181,RICE - SPAGHETTI,444098,Cơm Thịt Bò,,48000.0,48000.0,65,0,0,8,2,https://media.be.com.vn/be-food/image/b5a0ffa7-2732-11f1-b63c-1ec8367384f0/resized_thumbnail_w1080_h1080,com-thit-bo,
13003,13003,Lotteria - Bạch Mai,55181,RICE - SPAGHETTI,2620947,Mì Ý Thịt Bằm (M),,35000.0,35000.0,248,1,0,8,3,https://media.be.com.vn/bizops/image/869c7ada-565a-11f0-8b11-e6e7ca75c48c/resized_thumbnail_w1080_h1080,mi-y-thit-bam-m,
13003,13003,Lotteria - Bạch Mai,55181,RICE - SPAGHETTI,3756170,Cơm Teri LChicken,,48000.0,48000.0,54,0,0,8,4,https://media.be.com.vn/be-food/image/9b100048-2732-11f1-b197-ce3d3ce291c1/resized_thumbnail_w1080_h1080,com-teri-lchicken,
13003,13003,Lotteria - Bạch Mai,55181,RICE - SPAGHETTI,4406875,Cơm Gà Sốt Đậu,,48000.0,48000.0,156,0,0,8,5,https://media.be.com.vn/be-food/image/923e2787-2732-11f1-b63c-1ec8367384f0/resized_thumbnail_w1080_h1080,com-ga-sot-dau,
13003,13003,Lotteria - Bạch Mai,55181,RICE - SPAGHETTI,4406876,Cơm Gà Sốt HS,,48000.0,48000.0,205,1,0,8,6,https://media.be.com.vn/be-food/image/87ce3bd7-2732-11f1-b197-ce3d3ce291c1/resized_thumbnail_w1080_h1080,com-ga-sot-hs,
13003,13003,Lotteria - Bạch Mai,55181,RICE - SPAGHETTI,4406877,Cơm Gà Sốt Phô Mai,,48000.0,48000.0,227,1,0,8,7,https://media.be.com.vn/be-food/image/802170d3-2732-11f1-b197-ce3d3ce291c1/resized_thumbnail_w1080_h1080,com-ga-sot-pho-mai,
13003,13003,Lotteria - Bạch Mai,55181,RICE - SPAGHETTI,9597504,Mì Ý Thịt Bò (M),,45000.0,45000.0,11,0,0,8,8,https://media.be.com.vn/bizops/image/336cbf08-565d-11f0-8b11-e6e7ca75c48c/resized_thumbnail_w1080_h1080,mi-y-thit-bo-m,
13003,13003,Lotteria - Bạch Mai,55181,RICE - SPAGHETTI,9597505,Mì Ý Thịt Bò (L),,55000.0,55000.0,10,0,0,8,9,https://media.be.com.vn/bizops/image/4162f415-565d-11f0-9063-66448d787802/resized_thumbnail_w1080_h1080,mi-y-thit-bo-l,
13003,13003,Lotteria - Bạch Mai,844595,BURGER - COMBO - VALUE.,443891,Burger Double Double,.,78000.0,78000.0,22,0,0,9,1,https://media.be.com.vn/bizops/image/d3a1ede8-5657-11f0-8b11-e6e7ca75c48c/resized_thumbnail_w1080_h1080,burger-double-double,
13003,13003,Lotteria - Bạch Mai,844595,BURGER - COMBO - VALUE.,443982,Burger Bulgogi,,49000.0,49000.0,71,2,0,9,3,https://media.be.com.vn/bizops/image/c35ba5b4-5657-11f0-8b11-e6e7ca75c48c/resized_thumbnail_w1080_h1080,burger-bulgogi,
13003,13003,Lotteria - Bạch Mai,844595,BURGER - COMBO - VALUE.,443985,Burger Tôm,,49000.0,49000.0,231,2,1,9,4,https://media.be.com.vn/bizops/image/f12e1644-5657-11f0-8b11-e6e7ca75c48c/resized_thumbnail_w1080_h1080,burger-tom,
13003,13003,Lotteria - Bạch Mai,844595,BURGER - COMBO - VALUE.,444002,Burger Phô Mai,.,47000.0,47000.0,66,0,0,9,6,https://media.be.com.vn/bizops/image/ec2aa4e9-5657-11f0-9063-66448d787802/resized_thumbnail_w1080_h1080,burger-pho-mai,
13003,13003,Lotteria - Bạch Mai,844595,BURGER - COMBO - VALUE.,444003,Combo Burger Phô Mai,Burger Phô Mai + Món ăn kèm tùy chọn + Nước tùy chọn,76000.0,89000.0,14,0,0,9,7,https://media.be.com.vn/bizops/image/14b9416d-5656-11f0-8021-922c9d42c616/resized_thumbnail_w1080_h1080,combo-burger-pho-mai,
13003,13003,Lotteria - Bạch Mai,844595,BURGER - COMBO - VALUE.,444059,Burger Bò Teriyaki,,45000.0,45000.0,129,1,0,9,8,https://media.be.com.vn/bizops/image/b581864c-5657-11f0-8b11-e6e7ca75c48c/resized_thumbnail_w1080_h1080,burger-bo-teriyaki,
13003,13003,Lotteria - Bạch Mai,844595,BURGER - COMBO - VALUE.,444060,Combo Burger Bò Teriyaki,Burger Bò Teriyaki + Món ăn kèm tùy chọn + Nước tùy chọn,74000.0,87000.0,31,1,0,9,9,https://media.be.com.vn/bizops/image/4cd0151b-5655-11f0-9063-66448d787802/resized_thumbnail_w1080_h1080,combo-burger-bo-teriyaki,
13003,13003,Lotteria - Bạch Mai,844595,BURGER - COMBO - VALUE.,2620718,Burger LChicken,,52000.0,52000.0,44,0,0,9,11,https://media.be.com.vn/bizops/image/d9b1bb2c-5657-11f0-b84b-3a4f2a37a94e/resized_thumbnail_w1080_h1080,burger-lchicken,
13003,13003,Lotteria - Bạch Mai,844595,BURGER - COMBO - VALUE.,11696207,Burger Sườn Sài Gòn,,39000.0,39000.0,10,0,0,9,13,https://media.be.com.vn/be-food/image/f48dc539-2737-11f1-b197-ce3d3ce291c1/resized_thumbnail_w1080_h1080,burger-suon-sai-gon,
13003,13003,Lotteria - Bạch Mai,844595,BURGER - COMBO - VALUE.,11696357,Combo Burger Sườn Sài Gòn,Burger Sườn Sài Gòn + Món ăn kèm tùy chọn + Nước tùy chọn,58000.0,81000.0,4,1,0,9,14,https://media.be.com.vn/be-food/image/2548c511-2738-11f1-a167-cadcd99bf8b0/resized_thumbnail_w1080_h1080,combo-burger-suon-sai-gon,
13003,13003,Lotteria - Bạch Mai,55182,SIDE,444102,Khoai Tây Lắc (Phô Mai),,36000.0,36000.0,178,1,0,10,1,https://media.be.com.vn/bizops/image/9af2f988-565b-11f0-b84b-3a4f2a37a94e/resized_thumbnail_w1080_h1080,khoai-tay-lac-pho-mai,
13003,13003,Lotteria - Bạch Mai,55182,SIDE,444104,Gà Lắc (Phô Mai),,44000.0,44000.0,74,0,0,10,2,https://media.be.com.vn/bizops/image/07901549-565b-11f0-b84b-3a4f2a37a94e/resized_thumbnail_w1080_h1080,ga-lac-pho-mai,
13003,13003,Lotteria - Bạch Mai,55182,SIDE,444105,Phô Mai Que,,36000.0,36000.0,54,1,0,10,3,https://media.be.com.vn/bizops/image/e9c09dbd-565b-11f0-8021-922c9d42c616/resized_thumbnail_w1080_h1080,pho-mai-que,
13003,13003,Lotteria - Bạch Mai,55182,SIDE,444181,Mực Rán (3 miếng),,28000.0,28000.0,117,4,0,10,5,https://media.be.com.vn/bizops/image/b82f077b-565b-11f0-b84b-3a4f2a37a94e/resized_thumbnail_w1080_h1080,muc-ran-3-mieng,
13003,13003,Lotteria - Bạch Mai,55182,SIDE,6407543,Gà Miếng Nuggets (3 miếng),,28000.0,28000.0,19,0,0,10,6,https://media.be.com.vn/bizops/image/1657df83-565b-11f0-9063-66448d787802/resized_thumbnail_w1080_h1080,ga-mieng-nuggets-3-mieng,
13003,13003,Lotteria - Bạch Mai,55182,SIDE,6407545,Màn Thầu Chiên,,25000.0,25000.0,35,1,0,10,7,https://media.be.com.vn/bizops/image/acf8b3eb-565b-11f0-9063-66448d787802/resized_thumbnail_w1080_h1080,man-thau-chien,
13003,13003,Lotteria - Bạch Mai,55182,SIDE,10138513,Thanh cua (3 miếng),,28000.0,28000.0,7,0,0,10,8,https://media.be.com.vn/bizops/image/b3b37428-8fd6-11f0-8b11-e6e7ca75c48c/resized_thumbnail_w1080_h1080,thanh-cua-3-mieng,
13003,13003,Lotteria - Bạch Mai,55182,SIDE,10258497,Cơm Ly Cháy Tỏi,,28000.0,28000.0,21,1,0,10,9,https://media.be.com.vn/bizops/image/cad62804-9b80-11f0-9063-66448d787802/resized_thumbnail_w1080_h1080,com-ly-chay-toi,
31548,31548,Han Chicken - Gà Rán Hàn Quốc - Bùi Ngọc Dương,1385071,Popcorn Size M,9491209,Gà Popcorn Truyền Thống (Size M),,70000.0,70000.0,9,1,0,2,1,https://media.be.com.vn/be-food/image/2d1b5d1c-4b35-11f0-b678-ead99aeb2f03/original,ga-popcorn-truyen-thong-size-m,
31548,31548,Han Chicken - Gà Rán Hàn Quốc - Bùi Ngọc Dương,1385071,Popcorn Size M,9491211,Gà Popcorn Sốt Teriyaki (Size M),,70000.0,70000.0,16,0,0,2,2,https://media.be.com.vn/be-food/image/42c3f7b4-4b36-11f0-80f8-e214f3662ea7/original,ga-popcorn-sot-teriyaki-size-m,
31548,31548,Han Chicken - Gà Rán Hàn Quốc - Bùi Ngọc Dương,1385071,Popcorn Size M,9491213,Gà Popcorn Sốt Kem (Size M),,70000.0,70000.0,59,0,0,2,3,https://media.be.com.vn/be-food/image/29b74d8c-4b36-11f0-a9fc-82784e7ebb07/original,ga-popcorn-sot-kem-size-m,
31548,31548,Han Chicken - Gà Rán Hàn Quốc - Bùi Ngọc Dương,1385071,Popcorn Size M,9491216,Gà Popcorn Sốt Mù Tạt Mật Ong (Size M),,70000.0,70000.0,19,0,0,2,4,https://media.be.com.vn/be-food/image/170508a8-4b36-11f0-a500-3ee3273da586/original,ga-popcorn-sot-mu-tat-mat-ong-size-m,
31548,31548,Han Chicken - Gà Rán Hàn Quốc - Bùi Ngọc Dương,1385071,Popcorn Size M,9491219,Gà Popcorn Sốt Tương Tỏi (Size M),,70000.0,70000.0,39,0,0,2,5,https://media.be.com.vn/be-food/image/e900638f-4b35-11f0-a500-3ee3273da586/original,ga-popcorn-sot-tuong-toi-size-m,
31548,31548,Han Chicken - Gà Rán Hàn Quốc - Bùi Ngọc Dương,1385071,Popcorn Size M,9491221,Gà Popcorn Phô mai Trứng Muối (Size M),,70000.0,70000.0,57,0,0,2,6,https://media.be.com.vn/be-food/image/a2aad6bb-4b35-11f0-b678-ead99aeb2f03/original,ga-popcorn-pho-mai-trung-muoi-size-m,
31548,31548,Han Chicken - Gà Rán Hàn Quốc - Bùi Ngọc Dương,1385071,Popcorn Size M,9491224,Gà Popcorn Chua Ngọt (Size M),,70000.0,70000.0,88,2,0,2,7,https://media.be.com.vn/be-food/image/8186f57e-4b35-11f0-a500-3ee3273da586/original,ga-popcorn-chua-ngot-size-m,
31548,31548,Han Chicken - Gà Rán Hàn Quốc - Bùi Ngọc Dương,1385071,Popcorn Size M,9491226,Gà Popcorn Lắc Phô mai (size M),,70000.0,70000.0,36,0,0,2,8,https://media.be.com.vn/be-food/image/593ec62b-4b35-11f0-a500-3ee3273da586/original,ga-popcorn-lac-pho-mai-size-m,
31548,31548,Han Chicken - Gà Rán Hàn Quốc - Bùi Ngọc Dương,436259,Gà Popcorn Size Lớn,2960526,Gà popcorn chua ngọt,"200g Gà Lọc Xương, Tokbokki, Sốt chua ngọt",95000.0,95000.0,729,21,0,3,1,https://media.be.com.vn/be-food/image/022dd8b5-403c-11ee-8146-82365e52a8ee/resized_thumbnail_w1080_h1080,ga-popcorn-chua-ngot,
31548,31548,Han Chicken - Gà Rán Hàn Quốc - Bùi Ngọc Dương,436259,Gà Popcorn Size Lớn,2960527,Gà popcorn truyền thống,"200g gà lọc xương, bánh gạo chiên, sốt chấm chua ngọt, củ cải muối",95000.0,95000.0,97,0,0,3,2,https://media.be.com.vn/be-food/image/022db9f5-403c-11ee-8e31-f638ae20f033/resized_thumbnail_w1080_h1080,ga-popcorn-truyen-thong,
31548,31548,Han Chicken - Gà Rán Hàn Quốc - Bùi Ngọc Dương,436259,Gà Popcorn Size Lớn,2960528,Gà popcorn lắc phô mai,"200g Gà Lọc Xương, Bánh Gạo Chiên, Củ Cải Muối, Sốt Chấm Chua Ngọt",95000.0,95000.0,180,4,0,3,3,https://media.be.com.vn/be-food/image/020dbc10-403c-11ee-b2af-3ea2e1c5510b/resized_thumbnail_w1080_h1080,ga-popcorn-lac-pho-mai,
31548,31548,Han Chicken - Gà Rán Hàn Quốc - Bùi Ngọc Dương,436259,Gà Popcorn Size Lớn,2960529,Gà popcorn sốt mù tạt mật ong,"200g gà lọc xương, bánh gạo chiên, sốt mù tạt, củ cải muối",95000.0,95000.0,120,2,1,3,4,https://media.be.com.vn/be-food/image/01d31eba-403c-11ee-8e31-f638ae20f033/resized_thumbnail_w1080_h1080,ga-popcorn-sot-mu-tat-mat-ong,
31548,31548,Han Chicken - Gà Rán Hàn Quốc - Bùi Ngọc Dương,436259,Gà Popcorn Size Lớn,2960530,Gà popcorn sốt kem,"200g gà lọc xương, bánh gạo chiên, củ cải muối, sốt kem",95000.0,95000.0,297,7,0,3,5,https://media.be.com.vn/be-food/image/01c88414-403c-11ee-b2af-3ea2e1c5510b/resized_thumbnail_w1080_h1080,ga-popcorn-sot-kem,
31548,31548,Han Chicken - Gà Rán Hàn Quốc - Bùi Ngọc Dương,436260,Mix Nửa Con - Coca,2960531,Gà mix nửa con - 2 Coca hoặc Pepsi (Nửa truyền thống - Nửa chua ngọt),"Nửa sốt chua ngọt, nửa truyền thống, salad bắp cải, củ cải muối",200000.0,200000.0,146,4,0,4,1,https://media.be.com.vn/be-food/image/569f3367-305b-11ee-8e31-f638ae20f033/resized_thumbnail_w1080_h1080,ga-mix-nua-con-2-coca-hoac-pepsi-nua-truyen-thong-nua-chua-ngot,
31548,31548,Han Chicken - Gà Rán Hàn Quốc - Bùi Ngọc Dương,436260,Mix Nửa Con - Coca,2960532,Gà mix nửa con (Nửa chua ngọt - Nửa mù tạt mật ong),"Nửa truyền thống, nửa mù tạt mật ong, salad bắp cải, củ cải muối",185000.0,185000.0,280,3,0,4,2,https://media.be.com.vn/be-food/image/01b3b595-403c-11ee-8146-82365e52a8ee/resized_thumbnail_w1080_h1080,ga-mix-nua-con-nua-chua-ngot-nua-mu-tat-mat-ong,
31548,31548,Han Chicken - Gà Rán Hàn Quốc - Bùi Ngọc Dương,436260,Mix Nửa Con - Coca,2960533,Gà mix nửa con (Nửa mù tạt mật ong - Nửa sốt kem),"( Nửa mù tạt, Nửa sốt kem, salad bắp cải, củ cải muối)",185000.0,185000.0,836,13,0,4,3,https://media.be.com.vn/be-food/image/0172d013-403c-11ee-b2af-3ea2e1c5510b/resized_thumbnail_w1080_h1080,ga-mix-nua-con-nua-mu-tat-mat-ong-nua-sot-kem,
31548,31548,Han Chicken - Gà Rán Hàn Quốc - Bùi Ngọc Dương,436260,Mix Nửa Con - Coca,2960534,Gà mix nửa con (Nửa chua ngọt - Nửa sốt kem),"( Nửa chua ngọt, nửa sốt kem, salad bắp cải, củ cải muối)",185000.0,185000.0,1245,18,0,4,4,https://media.be.com.vn/be-food/image/01683e62-403c-11ee-8146-82365e52a8ee/resized_thumbnail_w1080_h1080,ga-mix-nua-con-nua-chua-ngot-nua-sot-kem,
31548,31548,Han Chicken - Gà Rán Hàn Quốc - Bùi Ngọc Dương,436260,Mix Nửa Con - Coca,2960535,Gà mix nửa con (Nửa truyền thống - Nửa chua ngọt),"Nửa truyền thống, nửa chua ngọt, salad bắp cải, củ cải muối",185000.0,185000.0,370,6,0,4,5,https://media.be.com.vn/be-food/image/0155663f-403c-11ee-8146-82365e52a8ee/resized_thumbnail_w1080_h1080,ga-mix-nua-con-nua-truyen-thong-nua-chua-ngot,
31548,31548,Han Chicken - Gà Rán Hàn Quốc - Bùi Ngọc Dương,436260,Mix Nửa Con - Coca,2960536,Gà mix nửa con - 2 coca hoặc pepsi (Nửa chua ngọt - Nửa mù tạt mật ong),"Nửa chua ngọt, nửa mù tạt mật ong, salad bắp cải, củ cải muối",200000.0,200000.0,111,2,0,4,6,https://media.be.com.vn/be-food/image/6155cb99-305b-11ee-b2af-3ea2e1c5510b/resized_thumbnail_w1080_h1080,ga-mix-nua-con-2-coca-hoac-pepsi-nua-chua-ngot-nua-mu-tat-mat-ong,
31548,31548,Han Chicken - Gà Rán Hàn Quốc - Bùi Ngọc Dương,436260,Mix Nửa Con - Coca,2960537,Gà mix nửa con (Nửa truyền thống - Nửa sốt tương tỏi),"Nửa truyền thống, nửa sốt tương tỏi, salad bắp cải, củ cải muối",185000.0,185000.0,287,3,0,4,7,https://media.be.com.vn/be-food/image/011d8b0b-403c-11ee-8e31-f638ae20f033/resized_thumbnail_w1080_h1080,ga-mix-nua-con-nua-truyen-thong-nua-sot-tuong-toi,
31548,31548,Han Chicken - Gà Rán Hàn Quốc - Bùi Ngọc Dương,436260,Mix Nửa Con - Coca,2960538,Gà mix nửa con - 2 coca hoặc pepsi (Nửa truyền thống - Nửa mù tạt mật ong),"Nửa truyền thống, nửa mù tạt mật ong, salad bắp cải, củ cải muối",200000.0,200000.0,46,0,0,4,8,https://media.be.com.vn/be-food/image/6adad3eb-305b-11ee-b2af-3ea2e1c5510b/resized_thumbnail_w1080_h1080,ga-mix-nua-con-2-coca-hoac-pepsi-nua-truyen-thong-nua-mu-tat-mat-ong,
31548,31548,Han Chicken - Gà Rán Hàn Quốc - Bùi Ngọc Dương,436260,Mix Nửa Con - Coca,4271095,Mix Nửa Con ( Nửa truyền thống - Nửa Sốt phô mai trứng muối),,185000.0,185000.0,318,3,0,4,9,https://media.be.com.vn/be-food/image/cfcee66e-3038-11ee-b2af-3ea2e1c5510b/resized_thumbnail_w1080_h1080,mix-nua-con-nua-truyen-thong-nua-sot-pho-mai-trung-muoi,
31548,31548,Han Chicken - Gà Rán Hàn Quốc - Bùi Ngọc Dương,436261,Gà Có Xương - Gà Lọc Xương,2960539,Gà sốt chua ngọt nửa con,"6 miếng, 1 đùi, 1 cánh, salad bắp cải, củ cải muối",185000.0,185000.0,149,2,0,5,1,https://media.be.com.vn/be-food/image/cec8bd38-305b-11ee-b2af-3ea2e1c5510b/resized_thumbnail_w1080_h1080,ga-sot-chua-ngot-nua-con,
31548,31548,Han Chicken - Gà Rán Hàn Quốc - Bùi Ngọc Dương,436261,Gà Có Xương - Gà Lọc Xương,2960540,Gà sốt mù tạt mật ong nửa con,"6 miếng, 1 đùi, 1 cánh, salad bắp cải, củ cải muối",185000.0,185000.0,44,2,0,5,2,https://media.be.com.vn/be-food/image/c80b996b-305b-11ee-8146-82365e52a8ee/resized_thumbnail_w1080_h1080,ga-sot-mu-tat-mat-ong-nua-con,
31548,31548,Han Chicken - Gà Rán Hàn Quốc - Bùi Ngọc Dương,436261,Gà Có Xương - Gà Lọc Xương,2960541,Gà truyền thống nửa con,"6 miếng, 1 đùi, 1 cánh, salad bắp cải, củ cải muối",185000.0,185000.0,266,2,0,5,3,https://media.be.com.vn/be-food/image/be60ff1d-305b-11ee-8146-82365e52a8ee/resized_thumbnail_w1080_h1080,ga-truyen-thong-nua-con,
31548,31548,Han Chicken - Gà Rán Hàn Quốc - Bùi Ngọc Dương,436261,Gà Có Xương - Gà Lọc Xương,2960542,Gà rán phomai tuyết nửa con,"6 miếng, 1 đùi, 1 cánh, salad bắp cải, củ cải muối",185000.0,185000.0,86,2,0,5,4,https://media.be.com.vn/be-food/image/01119f9e-403c-11ee-b2af-3ea2e1c5510b/resized_thumbnail_w1080_h1080,ga-ran-phomai-tuyet-nua-con,
31548,31548,Han Chicken - Gà Rán Hàn Quốc - Bùi Ngọc Dương,436261,Gà Có Xương - Gà Lọc Xương,2960543,Gà sốt kem nửa con,"6 miếng, 1 đùi, 1 cánh, salad bắp cải, củ cải muối",185000.0,185000.0,160,0,0,5,5,https://media.be.com.vn/be-food/image/b66bc1fb-305b-11ee-b2af-3ea2e1c5510b/resized_thumbnail_w1080_h1080,ga-sot-kem-nua-con,
31548,31548,Han Chicken - Gà Rán Hàn Quốc - Bùi Ngọc Dương,436261,Gà Có Xương - Gà Lọc Xương,2960544,Gà sốt tương tỏi nửa con,"6 miếng, 1 đùi, 1 cánh, salad bắp cải, củ cải muối",185000.0,185000.0,141,0,0,5,6,https://media.be.com.vn/be-food/image/af5ccc75-305b-11ee-b2af-3ea2e1c5510b/resized_thumbnail_w1080_h1080,ga-sot-tuong-toi-nua-con,
31548,31548,Han Chicken - Gà Rán Hàn Quốc - Bùi Ngọc Dương,436261,Gà Có Xương - Gà Lọc Xương,4271107,Gà Sốt Phô Mai Trứng Muối Nửa Con,,185000.0,185000.0,91,1,0,5,9,https://media.be.com.vn/be-food/image/f3aa93e3-3038-11ee-bfaa-82e52b34e173/resized_thumbnail_w1080_h1080,ga-sot-pho-mai-trung-muoi-nua-con,
31548,31548,Han Chicken - Gà Rán Hàn Quốc - Bùi Ngọc Dương,436264,Đồ Ăn Vặt,2960560,Mề gà rán,,80000.0,80000.0,183,3,0,7,3,https://media.be.com.vn/be-food/image/ff88154c-403b-11ee-8146-82365e52a8ee/original,me-ga-ran,
31548,31548,Han Chicken - Gà Rán Hàn Quốc - Bùi Ngọc Dương,436264,Đồ Ăn Vặt,3032624,Bánh gạo chiên sốt chua ngọt,,50000.0,50000.0,231,4,0,7,4,https://media.be.com.vn/be-food/image/cfd0ce45-dd09-11ed-abee-ba17ff25cc0d/original,banh-gao-chien-sot-chua-ngot,
31548,31548,Han Chicken - Gà Rán Hàn Quốc - Bùi Ngọc Dương,436264,Đồ Ăn Vặt,4025876,Bánh Gạo Lắc Phomai,,50000.0,50000.0,212,3,0,7,5,https://media.be.com.vn/be-food/image/126cd75a-173f-11ee-b2af-3ea2e1c5510b/original,banh-gao-lac-phomai,
31548,31548,Han Chicken - Gà Rán Hàn Quốc - Bùi Ngọc Dương,632714,Gà + Pepsi,4275185,Gà Popcorn + 1 Pepsi,,99000.0,99000.0,45,0,0,10,1,https://media.be.com.vn/be-food/image/18a97613-305c-11ee-bfaa-82e52b34e173/resized_thumbnail_w1080_h1080,ga-popcorn-1-pepsi,
111500,111500,Tiệm Gà A Bệu - Trần Khát Chân,1360641,Phở,9323012,Phở lườn,,45000.0,45000.0,2,0,0,1,1,https://media.be.com.vn/be-food/image/49322ea7-3dc4-11f0-8d88-0695c6df6d37/original,pho-luon,
111500,111500,Tiệm Gà A Bệu - Trần Khát Chân,1360641,Phở,9323013,Phở lẫn,"1 bát gồm có thịt lườn,đùi hoặc cánh và câu",50000.0,50000.0,13,0,0,1,2,https://media.be.com.vn/be-food/image/18bc0dba-3dc4-11f0-bd66-b239c83a8124/original,pho-lan,
111500,111500,Tiệm Gà A Bệu - Trần Khát Chân,1360641,Phở,9323014,Phở đùi,,55000.0,55000.0,5,0,0,1,3,https://media.be.com.vn/be-food/image/030e936f-3dc4-11f0-81cc-d24fde1987a0/original,pho-dui,
111500,111500,Tiệm Gà A Bệu - Trần Khát Chân,1360641,Phở,9323015,Phở cánh,,55000.0,55000.0,0,0,0,1,4,https://media.be.com.vn/be-food/image/f683f06f-3dc3-11f0-8510-8ea7808cbcf4/resized_thumbnail_w1080_h1080,pho-canh,
111500,111500,Tiệm Gà A Bệu - Trần Khát Chân,1360641,Phở,9619297,Phở gà đặc biệt,"Suất đặc biệt gồm thịt đùi,lườn,cánh và có thêm trứng non",70000.0,70000.0,3,0,0,1,5,https://media.be.com.vn/be-food/image/35e67cae-3dcb-11f0-bd66-b239c83a8124/original,pho-ga-dac-biet,
111500,111500,Tiệm Gà A Bệu - Trần Khát Chân,1360642,Cơm,9323016,Cơm gà thường,"Cơm gồm thịt đùi,lườn hoặc cánh ăn kèm với rau và dưa chuột",60000.0,60000.0,2,0,0,2,1,https://media.be.com.vn/bizops/image/c7de699c-363b-11f0-8d88-0695c6df6d37/original,com-ga-thuong,
111500,111500,Tiệm Gà A Bệu - Trần Khát Chân,1360642,Cơm,9323017,Cơm gà đặc biệt,"Cơm được nấu với nước luộc gà kèm với thịt ,gà đùi,cánh,lườn ăn kèm với rau,dưa chuột và hành khô.Lượng thịt cho suất đặc biệt sẽ được làm nhiều hơn suất bình thường",70000.0,70000.0,1,0,0,2,2,https://media.be.com.vn/be-food/image/73e893fe-3dc4-11f0-81cc-d24fde1987a0/original,com-ga-dac-biet,
111500,111500,Tiệm Gà A Bệu - Trần Khát Chân,1401282,Bún,9619858,Bún gà đặc biệt,"Bún nấu cùng nước ninh xương,suất đặc biệt sẽ có nhiều thịt hơn hoặc có thể bớt phần thịt để ăn cùng trứng non",70000.0,70000.0,0,0,0,3,1,https://media.be.com.vn/be-food/image/b9d519d0-594a-11f0-b84b-3a4f2a37a94e/resized_thumbnail_w1080_h1080,bun-ga-dac-biet,
111500,111500,Tiệm Gà A Bệu - Trần Khát Chân,1401282,Bún,9619861,Bún gà đùi,Bún được nấu với nước ninh xương đậm đà ăn cùng thịt gà đùi,55000.0,55000.0,1,0,0,3,2,https://media.be.com.vn/be-food/image/383d8ed6-5945-11f0-8021-922c9d42c616/resized_thumbnail_w1080_h1080,bun-ga-dui,
111500,111500,Tiệm Gà A Bệu - Trần Khát Chân,1401282,Bún,9619863,Bún gà lẫn,Bún nấu cùng nước ninh xương đậm đà ăn cùng thịt gà lườn cùng thịt đùi hoặc thịt cánh,50000.0,50000.0,1,0,0,3,3,https://media.be.com.vn/be-food/image/06e95c5c-5945-11f0-b84b-3a4f2a37a94e/resized_thumbnail_w1080_h1080,bun-ga-lan,
111500,111500,Tiệm Gà A Bệu - Trần Khát Chân,1401282,Bún,9619914,Bún Gà Lườn,Bún được nấu với nước ninh xương đậm đà ăn cùng với thịt gà lườn cùng rau hành,45000.0,45000.0,0,0,0,3,4,https://media.be.com.vn/be-food/image/17185f75-593f-11f0-8b11-e6e7ca75c48c/resized_thumbnail_w1080_h1080,bun-ga-luon,
111500,111500,Tiệm Gà A Bệu - Trần Khát Chân,1401283,Miến trộn,9619937,Miến Đặc Biệt,"Miến trộn cùng nước sốt xì dầu đậm đà ăn kèm giá,lạc và hành tươi,suất đặc biệt sẽ có nhiều thịt hơn hoặc bớt 1 phần thịt thay bằng trứng non",70000.0,70000.0,1,0,0,4,1,https://media.be.com.vn/be-food/image/1f89daea-594d-11f0-8021-922c9d42c616/resized_thumbnail_w1080_h1080,mien-dac-biet,
111500,111500,Tiệm Gà A Bệu - Trần Khát Chân,1401283,Miến trộn,9619941,Miến Đùi,"Miến trộn cùng nước sốt xì dầu đậm đà ăn kèm giá,lạc và hành tươi",55000.0,55000.0,8,0,0,4,2,https://media.be.com.vn/be-food/image/ed64e707-594c-11f0-8021-922c9d42c616/resized_thumbnail_w1080_h1080,mien-dui,
111500,111500,Tiệm Gà A Bệu - Trần Khát Chân,1401283,Miến trộn,9619943,Miến Lẫn,"Miến trộn cùng nước sốt xì dầu đậm đà ăn kèm giá,lạc và hành tươi",50000.0,50000.0,1,0,0,4,3,https://media.be.com.vn/be-food/image/c06c100b-594c-11f0-b84b-3a4f2a37a94e/resized_thumbnail_w1080_h1080,mien-lan,
29781,29781,Chú Tiểu - Bánh Mì Nướng Sốt & Muối Ớt - Ngõ Tự Do,276220,BÁNH MÌ MUỐI ỚT - NƯỚNG SỐT,1049131,Bánh mì Muối Ớt (suất vừa - 2 phần ),#NAME?,46900.0,54000.0,891,5,1,1,1,https://media.be.com.vn/be-food/image/24d69142-8246-11ed-8429-da4f89db8d6a/original,banh-mi-muoi-ot-suat-vua-2-phan,
29781,29781,Chú Tiểu - Bánh Mì Nướng Sốt & Muối Ớt - Ngõ Tự Do,276220,BÁNH MÌ MUỐI ỚT - NƯỚNG SỐT,1049132,Suất double ( 1 phần nướng sốt + 1 phần muối ớt),1 phần muối ớt + 1 phần nướng sốt => cho vào 1 hộp Trong quá trình vận chuyển có thể gây lộn xộn bánh mong quý khách hàng thông cảm!,47900.0,56000.0,1082,6,2,1,2,https://media.be.com.vn/be-food/image/d5eefa43-5393-11f0-b84b-3a4f2a37a94e/resized_thumbnail_w1080_h1080,suat-double-1-phan-nuong-sot-1-phan-muoi-ot,
29781,29781,Chú Tiểu - Bánh Mì Nướng Sốt & Muối Ớt - Ngõ Tự Do,276220,BÁNH MÌ MUỐI ỚT - NƯỚNG SỐT,1049133,Bánh mì Nướng Sốt ( suất vừa - 2 phần - kem trứng phô mai),#NAME?,47900.0,55000.0,603,5,0,1,3,https://media.be.com.vn/be-food/image/28621dad-6cac-11ed-9e97-4eb73f678c53/original,banh-mi-nuong-sot-suat-vua-2-phan-kem-trung-pho-mai,
29781,29781,Chú Tiểu - Bánh Mì Nướng Sốt & Muối Ớt - Ngõ Tự Do,276220,BÁNH MÌ MUỐI ỚT - NƯỚNG SỐT,1049134,Bánh mì muối ớt ( suất bé - 1 phần ),Tất cả những hộp bánh ship đi quán đều chọc thủng lỗ để bánh mì không bị hấp hơi gây ỉu bánh ạ! - Sốt mayonnaise + tương cà ( nếu Khách thích ăn cay nên chọn tương ớt) + ruốc + xúc xích + hành khô!,24900.0,30000.0,464,6,1,1,4,https://media.be.com.vn/be-food/image/1668b459-5394-11f0-b84b-3a4f2a37a94e/resized_thumbnail_w1080_h1080,banh-mi-muoi-ot-suat-be-1-phan,
29781,29781,Chú Tiểu - Bánh Mì Nướng Sốt & Muối Ớt - Ngõ Tự Do,276220,BÁNH MÌ MUỐI ỚT - NƯỚNG SỐT,1049135,Bánh mì nướng sốt ( suất bé - 1 phần,Tất cả những hộp bánh ship đi quán đều chọc thủng lỗ để bánh mì không bị hấp hơi gây ỉu bánh ạ! - sốt kem trứng phô mai đặc biệt vị béo ngậy + ruốc + xúc xích + hành khô - sốt muối ớt phết trên bánh,26900.0,32000.0,355,4,1,1,5,https://media.be.com.vn/be-food/image/f804f0d2-5393-11f0-b84b-3a4f2a37a94e/resized_thumbnail_w1080_h1080,banh-mi-nuong-sot-suat-be-1-phan,
29781,29781,Chú Tiểu - Bánh Mì Nướng Sốt & Muối Ớt - Ngõ Tự Do,276220,BÁNH MÌ MUỐI ỚT - NƯỚNG SỐT,5114521,Bánh Quy Chấm Sốt ( Suất 1 kem + 1 bánh),Khách ăn vị gì note ở ghi chú ( khách không chọn vị quán sẽ cho ngẫu nhiên) -socola - kem trứng - phô mai *Lưu ý: khách hàng chưa ăn vui lòng bảo quản tủ lạnh ngăn mát để kem chấm được bông xốp và ngon hơn.,27900.0,32000.0,100,4,0,1,11,https://media.be.com.vn/be-food/image/c3e2bbd3-7edf-11ee-8e31-f638ae20f033/original,banh-quy-cham-sot-suat-1-kem-1-banh,
29781,29781,Chú Tiểu - Bánh Mì Nướng Sốt & Muối Ớt - Ngõ Tự Do,276220,BÁNH MÌ MUỐI ỚT - NƯỚNG SỐT,5114524,Bánh Quy Chấm Sốt ( Suất 2 kem - 1 bánh),Khách ăn vị gì note ở ghi chú ( khách không chọn vị quán sẽ cho ngẫu nhiên) -socola - kem trứng - phô mai *Lưu ý: khách hàng chưa ăn vui lòng bảo quản tủ lạnh ngăn mát để kem chấm được bông xốp và ngon hơn.,37900.0,42000.0,21,0,0,1,12,https://media.be.com.vn/be-food/image/f30cba3d-7edf-11ee-8e31-f638ae20f033/original,banh-quy-cham-sot-suat-2-kem-1-banh,
29781,29781,Chú Tiểu - Bánh Mì Nướng Sốt & Muối Ớt - Ngõ Tự Do,276220,BÁNH MÌ MUỐI ỚT - NƯỚNG SỐT,5114527,Bánh Quy Chấm Sốt ( Suất 3 kem + 1 bánh),Khách ăn vị gì note ở ghi chú ( khách không chọn vị quán sẽ cho ngẫu nhiên) -socola - kem trứng - phô mai *Lưu ý: khách hàng chưa ăn vui lòng bảo quản tủ lạnh ngăn mát để kem chấm được bông xốp và ngon hơn.,47900.0,53000.0,11,0,0,1,13,https://media.be.com.vn/be-food/image/149e3a9f-7ee0-11ee-8146-82365e52a8ee/original,banh-quy-cham-sot-suat-3-kem-1-banh,
29781,29781,Chú Tiểu - Bánh Mì Nướng Sốt & Muối Ớt - Ngõ Tự Do,738091,KEM TRỨNG,5017268,Kem Trứng + Bánh Mì Nướng (1 suất 2 trứng + 2 bánh),"Kem trứng béo ngậy k tanh, bánh mì đc nướng giòn",36900.0,45000.0,116,2,1,2,1,https://media.be.com.vn/be-food/image/1b8b2a28-7763-11ee-b2af-3ea2e1c5510b/original,kem-trung-banh-mi-nuong-1-suat-2-trung-2-banh,
29781,29781,Chú Tiểu - Bánh Mì Nướng Sốt & Muối Ớt - Ngõ Tự Do,738091,KEM TRỨNG,5017270,Siêu Kem Trứng + Bánh Mì Nướng (1 suất 3 trứng + 2 bánh ),"Kem trứng béo ngậy k tanh, bánh mì đc nướng giòn",46900.0,55000.0,39,2,0,2,2,https://media.be.com.vn/be-food/image/591012a9-7763-11ee-b2af-3ea2e1c5510b/original,sieu-kem-trung-banh-mi-nuong-1-suat-3-trung-2-banh,
29781,29781,Chú Tiểu - Bánh Mì Nướng Sốt & Muối Ớt - Ngõ Tự Do,738091,KEM TRỨNG,5017272,Kem Trứng Cacao + Bánh Mì Nướng (1 suất 2 trứng + 2 bánh),"Kem trứng mịn màng, béo ngậy, thêm chút đắng nhẹ nhàng của cacao chống ngấy. Ăn kèm bánh mì đc nướng giòn",38900.0,47000.0,69,0,0,2,3,https://media.be.com.vn/be-food/image/800c93e6-7763-11ee-b2af-3ea2e1c5510b/original,kem-trung-cacao-banh-mi-nuong-1-suat-2-trung-2-banh,
29781,29781,Chú Tiểu - Bánh Mì Nướng Sốt & Muối Ớt - Ngõ Tự Do,738091,KEM TRỨNG,5017273,Siêu Kem Trứng Cacao + Bánh Mì Nướng (1 suất 3 trứng + 2 bánh ),"Kem trứng mịn màng, béo ngậy, thêm chút đắng nhẹ nhàng của cacao chống ngấy. Ăn kèm bánh mì đc nướng giòn",48900.0,57000.0,30,1,0,2,4,https://media.be.com.vn/be-food/image/a205eb70-7763-11ee-b2af-3ea2e1c5510b/original,sieu-kem-trung-cacao-banh-mi-nuong-1-suat-3-trung-2-banh,
29781,29781,Chú Tiểu - Bánh Mì Nướng Sốt & Muối Ớt - Ngõ Tự Do,738474,BÁNH MÌ KẸP,1049139,Bánh mì ruốc hành xúc xích,Full ruốc nhà lamf + hành khô thơm + xúc xích,28900.0,32000.0,149,0,0,3,1,https://media.be.com.vn/be-food/image/2f9772cd-aeef-11ed-8ca3-8e6f9560a813/resized_thumbnail_w1080_h1080,banh-mi-ruoc-hanh-xuc-xich,
29781,29781,Chú Tiểu - Bánh Mì Nướng Sốt & Muối Ớt - Ngõ Tự Do,738474,BÁNH MÌ KẸP,1049140,Bánh mì ruốc hành,full ruốc + hành khô thơm,20900.0,25000.0,46,0,0,3,2,https://media.be.com.vn/be-food/image/2fadb6d6-aeef-11ed-8ca3-8e6f9560a813/resized_thumbnail_w1080_h1080,banh-mi-ruoc-hanh,
29781,29781,Chú Tiểu - Bánh Mì Nướng Sốt & Muối Ớt - Ngõ Tự Do,141720,ĐỒ ĂN VẶT,1049174,Ruốc thịt nguyên chất ( 100gr),Ruốc làm từ thịt gà tươi 100%,39900.0,45000.0,28,0,0,5,2,https://media.be.com.vn/be-food/image/31b5f7dd-aeef-11ed-9fb5-aaa4923b8bae/resized_thumbnail_w1080_h1080,ruoc-thit-nguyen-chat-100gr,
76300,76300,Phở Gà & Thịt Xiên - Bùi Ngọc Dương,886588,Menu,5993900,Miến gà trộn đặc biệt,,75000.0,75000.0,49,0,1,1,1,https://media.be.com.vn/bizops/image/408abc60-ec0e-11ee-b972-a27b06ef25f3/original,mien-ga-tron-dac-biet,
76300,76300,Phở Gà & Thịt Xiên - Bùi Ngọc Dương,886588,Menu,5993901,Miến trộn gà,,60000.0,60000.0,131,1,2,1,2,https://media.be.com.vn/bizops/image/534a59e2-ec0e-11ee-b972-a27b06ef25f3/original,mien-tron-ga,
76300,76300,Phở Gà & Thịt Xiên - Bùi Ngọc Dương,886588,Menu,5993902,Phở gà trộn đặc biệt,,70000.0,70000.0,194,1,2,1,3,https://media.be.com.vn/bizops/image/5acd86b5-ec0e-11ee-9c4b-1e44d33cc6fa/original,pho-ga-tron-dac-biet,
76300,76300,Phở Gà & Thịt Xiên - Bùi Ngọc Dương,886588,Menu,5993903,Phở gà trộn,,55000.0,55000.0,342,1,1,1,4,https://media.be.com.vn/bizops/image/6d888d1b-ec0e-11ee-99b1-a2959d9e08fd/original,pho-ga-tron,
76300,76300,Phở Gà & Thịt Xiên - Bùi Ngọc Dương,1085415,Bún Trộn,7244539,Bún Trộn Gà Đặt Biệt,,70000.0,70000.0,12,0,0,5,1,https://media.be.com.vn/be-food/image/84d0e3e2-f7cf-11ee-8673-82f2a81174be/original,bun-tron-ga-dat-biet,
76300,76300,Phở Gà & Thịt Xiên - Bùi Ngọc Dương,1085415,Bún Trộn,7244540,Bún Trộn Gà,,60000.0,60000.0,14,0,0,5,2,https://media.be.com.vn/be-food/image/93e1a78f-f7cf-11ee-99b1-a2959d9e08fd/original,bun-tron-ga,
76300,76300,Phở Gà & Thịt Xiên - Bùi Ngọc Dương,1085416,Miến Trộn,7244541,Miến Trộn Gà,,60000.0,60000.0,20,0,0,6,1,https://media.be.com.vn/be-food/image/aa479de5-f7cf-11ee-99b1-a2959d9e08fd/original,mien-tron-ga,
76300,76300,Phở Gà & Thịt Xiên - Bùi Ngọc Dương,1085416,Miến Trộn,7244542,Miến Trộn Gà Đặt Biệt,,75000.0,75000.0,5,0,0,6,2,https://media.be.com.vn/be-food/image/ba1566b3-f7cf-11ee-99b1-a2959d9e08fd/original,mien-tron-ga-dat-biet,
76300,76300,Phở Gà & Thịt Xiên - Bùi Ngọc Dương,1085417,Phở Trộn,7244543,Phở Gà Trộn,,60000.0,60000.0,17,0,0,7,1,https://media.be.com.vn/be-food/image/cf00a307-f7cf-11ee-9c4b-1e44d33cc6fa/original,pho-ga-tron,
76300,76300,Phở Gà & Thịt Xiên - Bùi Ngọc Dương,1085417,Phở Trộn,7244544,Phở Gà Trộn Đặt Biệt,,75000.0,75000.0,13,0,0,7,2,https://media.be.com.vn/be-food/image/dfff4bad-f7cf-11ee-b972-a27b06ef25f3/original,pho-ga-tron-dat-biet,
76300,76300,Phở Gà & Thịt Xiên - Bùi Ngọc Dương,1085434,Mì,7244649,Mì bò,,65000.0,65000.0,1,0,0,9,1,https://media.be.com.vn/be-food/image/f7d52170-6bf6-11ef-bd66-b239c83a8124/original,mi-bo,
76300,76300,Phở Gà & Thịt Xiên - Bùi Ngọc Dương,1085434,Mì,7244655,Mì bò gà,,75000.0,75000.0,0,0,0,9,2,https://media.be.com.vn/be-food/image/20f09726-6bf7-11ef-9039-5674a5ddf022/original,mi-bo-ga,
119112,119112,Cơm Rang A Lú - Lương Định Của,1474733,Cơm Rang Theo Mùa - Seasonal Menu,10125602,Cơm rang Hawaii,"Món gồm canh và kim chi: cơm rang mềm theo phong cách Nhật Bản-Hawaii, sử dụng các nguyên liệu tươi trong ngày gồm: ngô, dứa, hành, ức gà với topping sốt chua cay và ruốc.",60000.0,60000.0,5,1,0,1,1,https://media.be.com.vn/be-food/image/0feb0e13-9115-11f0-8b11-e6e7ca75c48c/resized_thumbnail_w1080_h1080,com-rang-hawaii,
119112,119112,Cơm Rang A Lú - Lương Định Của,1474734,Cơm Rang Thập Cẩm Truyền Thống,10125603,Cơm rang thập cẩm - 大盛り炒飯,"Món gồm canh và kim chi: cơm rang mềm ít dầu mỡ theo phong cách Nhật Bản; sử dụng các nguyên liệu tươi trong ngày gồm: lạp sườn, trứng, ngô và topping ruốc.",45000.0,45000.0,43,1,0,2,1,https://media.be.com.vn/be-food/image/fdd936f8-9116-11f0-8b11-e6e7ca75c48c/resized_thumbnail_w1080_h1080,com-rang-thap-cam,
119112,119112,Cơm Rang A Lú - Lương Định Của,1474734,Cơm Rang Thập Cẩm Truyền Thống,10125604,Cơm rang thập cẩm sốt thịt băm cay nhẹ - ピリ辛ひき肉大盛り炒飯,Món gồm canh và kim chi: cơm rang thập cẩm với topping sốt thịt băm cay nhẹ.,60000.0,60000.0,10,0,0,2,2,https://media.be.com.vn/bizops/image/526fd5e5-8f91-11f0-8021-922c9d42c616/resized_thumbnail_w1080_h1080,com-rang-thap-cam-sot-thit-bam-cay-nhe,
119112,119112,Cơm Rang A Lú - Lương Định Của,1474734,Cơm Rang Thập Cẩm Truyền Thống,10125605,Cơm rang thịt nướng - 焼き肉炒飯,"Món gồm canh và kim chi: cơm rang mềm ít dầu mỡ theo phong cách Nhật Bản; sử dụng các nguyên liệu tươi trong ngày gồm: lạp sườn, trứng, ngô với topping thịt nướng.",65000.0,65000.0,8,0,0,2,3,https://media.be.com.vn/be-food/image/e31b2377-9116-11f0-8021-922c9d42c616/resized_thumbnail_w1080_h1080,com-rang-thit-nuong,
119112,119112,Cơm Rang A Lú - Lương Định Của,1474734,Cơm Rang Thập Cẩm Truyền Thống,10125606,Cơm rang thập cẩm ức gà nướng - グリル若鶏炒飯,Món gồm canh và kim chi: cơm rang thập cẩm với topping ức gà nướng mềm.,60000.0,60000.0,8,0,0,2,4,https://media.be.com.vn/be-food/image/3b3e6aef-9115-11f0-9063-66448d787802/resized_thumbnail_w1080_h1080,com-rang-thap-cam-uc-ga-nuong,
119112,119112,Cơm Rang A Lú - Lương Định Của,1474734,Cơm Rang Thập Cẩm Truyền Thống,10125607,Cơm rang thập cẩm bò xào,Món gồm canh và kim chi: cơm rang thập cẩm bới thịt bò xào và sốt mayonnaise.,65000.0,65000.0,7,0,0,2,5,https://media.be.com.vn/be-food/image/2bfd4184-9115-11f0-b84b-3a4f2a37a94e/resized_thumbnail_w1080_h1080,com-rang-thap-cam-bo-xao,
119112,119112,Cơm Rang A Lú - Lương Định Của,1474735,Cơm Rang Nhật Bản,10125608,Cơm rang cá ngừ - ツナマヨ 炒飯 - best seller,"Món gồm canh và kim chi: cơm rang mềm ít dầu mỡ theo phong cách Nhật Bản; sử dụng các nguyên liệu tươi trong ngày gồm: ngô, cá ngừ, hành hoa với topping ruốc và sốt A lú đặc biệt.",60000.0,60000.0,41,2,0,3,1,https://media.be.com.vn/be-food/image/0d7d5bd9-9117-11f0-8b11-e6e7ca75c48c/resized_thumbnail_w1080_h1080,com-rang-ca-ngu-best-seller,
119112,119112,Cơm Rang A Lú - Lương Định Của,1474735,Cơm Rang Nhật Bản,10135546,Cơm rang trứng chảy ruốc,"Cơm rang mềm với ngô ngọt, sốt tương cà phủ trứng mềm và ruốc..",60000.0,60000.0,7,0,0,3,2,https://media.be.com.vn/be-food/image/79b193bd-9117-11f0-b84b-3a4f2a37a94e/original,com-rang-trung-chay-ruoc,
119112,119112,Cơm Rang A Lú - Lương Định Của,1474735,Cơm Rang Nhật Bản,10135547,Cơm rang trứng chảy sốt thịt băm,"Cơm rang mềm với ngô ngọt, sốt tương cà phủ trứng mềm và sốt thịt băm cay nhẹ.",65000.0,65000.0,7,0,0,3,3,https://media.be.com.vn/be-food/image/ec228c58-9117-11f0-8021-922c9d42c616/original,com-rang-trung-chay-sot-thit-bam,
119112,119112,Cơm Rang A Lú - Lương Định Của,1474736,Cơm Rang 2 Trong 1,10125609,B - cơm rang 2 trong 1 - sốt thịt băm - cá ngừ,Món gồm canh và kim chi: 1 suất cơm với 2 vị cơm rang: sốt thịt cay nhẹ và cá ngừ.,60000.0,60000.0,29,0,0,4,1,https://media.be.com.vn/bizops/image/95f219af-8f91-11f0-b84b-3a4f2a37a94e/resized_thumbnail_w1080_h1080,b-com-rang-2-trong-1-sot-thit-bam-ca-ngu,
119112,119112,Cơm Rang A Lú - Lương Định Của,1474736,Cơm Rang 2 Trong 1,10125610,A - cơm rang 2 trong 1 - thịt nướng - cá ngừ,Món gồm canh và kim chi: 1 suất cơm với 2 vị cơm rang: thịt nướng và cá ngừ.,65000.0,65000.0,22,1,0,4,2,https://media.be.com.vn/be-food/image/0bf97583-9118-11f0-8021-922c9d42c616/resized_thumbnail_w1080_h1080,a-com-rang-2-trong-1-thit-nuong-ca-ngu,
114792,114792,Bún Chả - Nem Rán Long Vũ - Bạch Mai,1406430,Menu,9656576,Bún chả lẫn,chả làm từ thịt tươi ngon có hóa đơn truy xuất nguồn gốc,58000.0,58000.0,1900,9,1,1,1,https://media.be.com.vn/be-food/image/76b0e302-9c35-11f0-9063-66448d787802/resized_thumbnail_w1080_h1080,bun-cha-lan,
114792,114792,Bún Chả - Nem Rán Long Vũ - Bạch Mai,1406430,Menu,9656575,Bún chả miếng,chả làm từ thịt tươi ngon có hóa đơn truy xuất nguồn gốc,58000.0,58000.0,312,6,0,1,2,https://media.be.com.vn/be-food/image/7db454e9-9c35-11f0-b84b-3a4f2a37a94e/resized_thumbnail_w1080_h1080,bun-cha-mieng,
114792,114792,Bún Chả - Nem Rán Long Vũ - Bạch Mai,1406430,Menu,9656574,Bún chả viên,chả làm từ thịt tươi ngon có hóa đơn truy xuất nguồn gốc,58000.0,58000.0,435,3,0,1,3,https://media.be.com.vn/be-food/image/9047a3ee-9c35-11f0-9063-66448d787802/resized_thumbnail_w1080_h1080,bun-cha-vien,
114792,114792,Bún Chả - Nem Rán Long Vũ - Bạch Mai,1406430,Menu,9749033,Suất bún nem rán,làm từ thịt tươi ngon có hóa đơn truy xuất nguồn gốc,58000.0,58000.0,39,0,0,1,4,https://media.be.com.vn/be-food/image/48371aba-621f-11f0-9063-66448d787802/original,suat-bun-nem-ran,
114792,114792,Bún Chả - Nem Rán Long Vũ - Bạch Mai,1451699,combo,9947702,2 bún chả miếng + 1 coca,,126000.0,131000.0,1,0,0,2,1,https://media.be.com.vn/be-food/image/05cdf339-7ce3-11f0-9063-66448d787802/resized_thumbnail_w1080_h1080,2-bun-cha-mieng-1-coca,
114792,114792,Bún Chả - Nem Rán Long Vũ - Bạch Mai,1451699,combo,9947703,2 bún chả viên + 1 coca,,126000.0,131000.0,15,0,0,2,2,https://media.be.com.vn/be-food/image/e8f53ad3-7ce2-11f0-8021-922c9d42c616/resized_thumbnail_w1080_h1080,2-bun-cha-vien-1-coca,
114792,114792,Bún Chả - Nem Rán Long Vũ - Bạch Mai,1451699,combo,9947704,2 bún chả lẫn + 1 coca,,126000.0,131000.0,116,1,0,2,3,https://media.be.com.vn/be-food/image/cd532a14-7ce2-11f0-b84b-3a4f2a37a94e/resized_thumbnail_w1080_h1080,2-bun-cha-lan-1-coca,
17056,17056,Chảnh Quán - Gỏi Cuốn Mắm Nêm - Phố Vọng,524094,Menu,3545944,Gỏi Cuốn tôm thịt Mắm Nêm,1 xuất 5 cuốn,75000.0,75000.0,312,1,1,1,1,https://media.be.com.vn/be-food/image/e20af114-3d2e-11ee-bfaa-82e52b34e173/resized_thumbnail_w1080_h1080,goi-cuon-tom-thit-mam-nem,
17056,17056,Chảnh Quán - Gỏi Cuốn Mắm Nêm - Phố Vọng,524094,Menu,3545945,Gỏi cuốn tôm thịt mắm nêm - 1 chiếc,1 chiêcs,15000.0,15000.0,349,1,1,1,2,https://media.be.com.vn/be-food/image/e1f40711-3d2e-11ee-bfaa-82e52b34e173/resized_thumbnail_w1080_h1080,goi-cuon-tom-thit-mam-nem-1-chiec,
17056,17056,Chảnh Quán - Gỏi Cuốn Mắm Nêm - Phố Vọng,524094,Menu,3545947,Gỏi cuốn thịt heo chấm mắm nêm,1 xuất 5c gỏi ( khách ko ăn mắm nêm thì đổi sang mắm chua ngọt aj),60000.0,60000.0,83,0,0,1,4,https://media.be.com.vn/be-food/image/e1ab786a-3d2e-11ee-bfaa-82e52b34e173/resized_thumbnail_w1080_h1080,goi-cuon-thit-heo-cham-mam-nem,
17056,17056,Chảnh Quán - Gỏi Cuốn Mắm Nêm - Phố Vọng,524094,Menu,3545949,Gỏi cuốn tôm (1 chiếc) chấm mắm nêm,"1 chiếc( rau sống, bún, dưa chuột, dứa, tôm)",15000.0,15000.0,98,2,1,1,6,https://media.be.com.vn/be-food/image/e197fbf1-3d2e-11ee-bfaa-82e52b34e173/resized_thumbnail_w1080_h1080,goi-cuon-tom-1-chiec-cham-mam-nem,
17056,17056,Chảnh Quán - Gỏi Cuốn Mắm Nêm - Phố Vọng,524094,Menu,3545951,Gỏi cuốn thịt heo mắm nêm,1 xuất 5c chấm mắm nêm ( khách ko ăn mắm nêm thì ghi chú cho quán đổi sang mắm chua ngọt),60000.0,60000.0,46,0,0,1,8,https://media.be.com.vn/be-food/image/e14154c0-3d2e-11ee-bfaa-82e52b34e173/resized_thumbnail_w1080_h1080,goi-cuon-thit-heo-mam-nem,
17056,17056,Chảnh Quán - Gỏi Cuốn Mắm Nêm - Phố Vọng,524094,Menu,6312985,Gỏi cuốn nem nướng( 5 chiếc),"Cuốn bao gồm: rau sống, mùi, kinh giới, dưa chuột, dứa, bún, nem nướng. Nước chấm chua ngọt",65000.0,65000.0,50,0,0,1,9,https://media.be.com.vn/be-food/image/5d22735b-f960-11ee-b972-a27b06ef25f3/resized_thumbnail_w1080_h1080,goi-cuon-nem-nuong-5-chiec,
17056,17056,Chảnh Quán - Gỏi Cuốn Mắm Nêm - Phố Vọng,938866,Ăn vặt,6312986,Heo khô cháy tỏi,Túi 1 lạng,30000.0,30000.0,2,0,0,3,1,https://media.be.com.vn/be-food/image/16f5fd6f-e85c-11ee-99b1-a2959d9e08fd/resized_thumbnail_w1080_h1080,heo-kho-chay-toi,
17056,17056,Chảnh Quán - Gỏi Cuốn Mắm Nêm - Phố Vọng,938867,Cơm cháy mắm hành,6640522,Sét 3 gói cơm cháy mắm hành,"giòn, cay đậm vị ăn rất cuốn ạ!",33000.0,33000.0,3,0,0,4,2,https://media.be.com.vn/be-food/image/21884746-2fbc-11ef-b411-9e337230779d/resized_thumbnail_w1080_h1080,set-3-goi-com-chay-mam-hanh,
105958,105958,Bánh Cuốn Nóng 101 Bà Triệu - Triệu Việt Vương,1283882,Menu,8668863,Bánh cuốn thịt nhiều nhân cuộn tròn chả quế,,65000.0,65000.0,70,1,0,1,1,https://media.be.com.vn/bizops/image/237e24e5-fa5b-11ef-8510-8ea7808cbcf4/resized_thumbnail_w1080_h1080,banh-cuon-thit-nhieu-nhan-cuon-tron-cha-que,
105958,105958,Bánh Cuốn Nóng 101 Bà Triệu - Triệu Việt Vương,1283882,Menu,8668864,Bánh cuốn rong biển tôm thịt đặc biệt,,58000.0,58000.0,15,1,0,1,2,https://media.be.com.vn/bizops/image/37441701-fa5b-11ef-8510-8ea7808cbcf4/resized_thumbnail_w1080_h1080,banh-cuon-rong-bien-tom-thit-dac-biet,
105958,105958,Bánh Cuốn Nóng 101 Bà Triệu - Triệu Việt Vương,1283882,Menu,8668865,Bánh cuốn thịt nấm nhiều nhân cuộn tròn,,63000.0,63000.0,13,0,0,1,3,https://media.be.com.vn/bizops/image/be190e3d-fa5b-11ef-81cc-d24fde1987a0/resized_thumbnail_w1080_h1080,banh-cuon-thit-nam-nhieu-nhan-cuon-tron,
105958,105958,Bánh Cuốn Nóng 101 Bà Triệu - Triệu Việt Vương,1283882,Menu,8668866,Bánh cuốn nhân hành phi không chả,,45000.0,45000.0,12,0,0,1,4,https://media.be.com.vn/bizops/image/d0e7d4ac-fa5b-11ef-8d88-0695c6df6d37/resized_thumbnail_w1080_h1080,banh-cuon-nhan-hanh-phi-khong-cha,
105958,105958,Bánh Cuốn Nóng 101 Bà Triệu - Triệu Việt Vương,1283882,Menu,8668867,Bánh cuốn gà nấm không chả,,45000.0,45000.0,3,0,0,1,5,https://media.be.com.vn/bizops/image/e191d4d6-fa5b-11ef-81cc-d24fde1987a0/resized_thumbnail_w1080_h1080,banh-cuon-ga-nam-khong-cha,
105958,105958,Bánh Cuốn Nóng 101 Bà Triệu - Triệu Việt Vương,1283882,Menu,8668868,Bánh cuốn thịt nấm không chả,,45000.0,45000.0,45,0,0,1,6,https://media.be.com.vn/bizops/image/11e9d19e-fa5c-11ef-8d88-0695c6df6d37/resized_thumbnail_w1080_h1080,banh-cuon-thit-nam-khong-cha,
105958,105958,Bánh Cuốn Nóng 101 Bà Triệu - Triệu Việt Vương,1283882,Menu,8668869,Bánh cuốn chay không chả,,40000.0,40000.0,1,0,0,1,7,https://media.be.com.vn/bizops/image/20cb41fa-fa5c-11ef-bd66-b239c83a8124/resized_thumbnail_w1080_h1080,banh-cuon-chay-khong-cha,
105958,105958,Bánh Cuốn Nóng 101 Bà Triệu - Triệu Việt Vương,1283882,Menu,8668870,Bánh cuốn gà nấm chả quế,,49000.0,49000.0,3,0,0,1,8,https://media.be.com.vn/bizops/image/3155b8cc-fa5c-11ef-8d88-0695c6df6d37/resized_thumbnail_w1080_h1080,banh-cuon-ga-nam-cha-que,
105958,105958,Bánh Cuốn Nóng 101 Bà Triệu - Triệu Việt Vương,1283882,Menu,8668871,Bánh cuốn không nhân có chả,,45000.0,45000.0,7,0,0,1,9,https://media.be.com.vn/bizops/image/84308cb2-fa5c-11ef-8510-8ea7808cbcf4/resized_thumbnail_w1080_h1080,banh-cuon-khong-nhan-co-cha,
105958,105958,Bánh Cuốn Nóng 101 Bà Triệu - Triệu Việt Vương,1283882,Menu,8668873,Bánh cuốn tôm thịt nấm không chả,,45000.0,45000.0,23,2,0,1,10,https://media.be.com.vn/bizops/image/15c9b928-fa5d-11ef-8d88-0695c6df6d37/resized_thumbnail_w1080_h1080,banh-cuon-tom-thit-nam-khong-cha,
105958,105958,Bánh Cuốn Nóng 101 Bà Triệu - Triệu Việt Vương,1283882,Menu,8668874,Bánh cuốn nhân ruốc tôm chả quế,,49000.0,49000.0,7,0,0,1,11,https://media.be.com.vn/bizops/image/21b62ccd-fa5d-11ef-8d88-0695c6df6d37/resized_thumbnail_w1080_h1080,banh-cuon-nhan-ruoc-tom-cha-que,
105958,105958,Bánh Cuốn Nóng 101 Bà Triệu - Triệu Việt Vương,1283882,Menu,8668875,Bánh cuốn thịt nấm có chả,,49000.0,49000.0,8,0,0,1,12,https://media.be.com.vn/bizops/image/31ad568c-fa5d-11ef-81cc-d24fde1987a0/resized_thumbnail_w1080_h1080,banh-cuon-thit-nam-co-cha,
105958,105958,Bánh Cuốn Nóng 101 Bà Triệu - Triệu Việt Vương,1283882,Menu,8668876,Bánh cuốn thịt không chả,,40000.0,40000.0,47,1,0,1,13,https://media.be.com.vn/bizops/image/3f3e7bcf-fa5d-11ef-81cc-d24fde1987a0/resized_thumbnail_w1080_h1080,banh-cuon-thit-khong-cha,
105958,105958,Bánh Cuốn Nóng 101 Bà Triệu - Triệu Việt Vương,1283882,Menu,8668877,Bánh cuốn tôm thịt nấm có chả,,49000.0,49000.0,36,0,0,1,14,https://media.be.com.vn/bizops/image/4b3b5866-fa5d-11ef-8d88-0695c6df6d37/resized_thumbnail_w1080_h1080,banh-cuon-tom-thit-nam-co-cha,
105958,105958,Bánh Cuốn Nóng 101 Bà Triệu - Triệu Việt Vương,1283882,Menu,8668878,Bánh cuốn thịt chả quế,,45000.0,45000.0,51,0,3,1,15,https://media.be.com.vn/bizops/image/54d93ad0-fa5d-11ef-8510-8ea7808cbcf4/resized_thumbnail_w1080_h1080,banh-cuon-thit-cha-que,
105958,105958,Bánh Cuốn Nóng 101 Bà Triệu - Triệu Việt Vương,1283882,Menu,8668879,Bánh cuốn trứng chảy lòng đào,,25000.0,25000.0,70,0,0,1,16,https://media.be.com.vn/bizops/image/8f7a40ea-fa5d-11ef-8510-8ea7808cbcf4/resized_thumbnail_w1080_h1080,banh-cuon-trung-chay-long-dao,
105958,105958,Bánh Cuốn Nóng 101 Bà Triệu - Triệu Việt Vương,1283882,Menu,8691768,Bánh cuốn rong biển cuộn hành phi,,50000.0,50000.0,3,0,0,1,18,https://media.be.com.vn/be-food/image/47b0158d-fd87-11ef-8510-8ea7808cbcf4/resized_thumbnail_w1080_h1080,banh-cuon-rong-bien-cuon-hanh-phi,
132613,132613,Phở Dũng - Ô Đồng Lầm,1953867,Menu,11799469,Phở bò chín,,42000.0,42000.0,0,0,0,1,1,https://media.be.com.vn/bizops/image/7e077b4d-1d1c-11f1-b63c-1ec8367384f0/original,pho-bo-chin,
132613,132613,Phở Dũng - Ô Đồng Lầm,1953867,Menu,11799470,Phở bò tái,,42000.0,42000.0,0,0,0,1,2,https://media.be.com.vn/bizops/image/9fbaa754-a3fd-11f0-8021-922c9d42c616/original,pho-bo-tai,
132613,132613,Phở Dũng - Ô Đồng Lầm,1953867,Menu,11799471,Phở bò tái chín,,42000.0,42000.0,1,0,0,1,3,https://media.be.com.vn/bizops/image/03e3006a-a3fe-11f0-b84b-3a4f2a37a94e/original,pho-bo-tai-chin,
132613,132613,Phở Dũng - Ô Đồng Lầm,1953867,Menu,11799472,Phở bò tái lăn,,50000.0,50000.0,0,0,0,1,4,https://media.be.com.vn/bizops/image/fc1b1916-a3fd-11f0-8021-922c9d42c616/original,pho-bo-tai-lan,
34875,34875,Cherry Hồng - Phở Gà & Bún Riêu Ốc - Trần Khát Chân,348819,Phở Trộn,2353515,Phở Gà Trộn,,53000.0,53000.0,0,0,0,2,1,https://media.be.com.vn/bizops/image/9a85d62f-b4f3-11ed-a912-ca4386e16cdf/resized_thumbnail_w1080_h1080,pho-ga-tron,
34875,34875,Cherry Hồng - Phở Gà & Bún Riêu Ốc - Trần Khát Chân,348819,Phở Trộn,2353516,Phở Trộn Đùi Gà,,66000.0,66000.0,0,0,0,2,2,https://media.be.com.vn/bizops/image/a13435d3-b4f3-11ed-a912-ca4386e16cdf/resized_thumbnail_w1080_h1080,pho-tron-dui-ga,
34875,34875,Cherry Hồng - Phở Gà & Bún Riêu Ốc - Trần Khát Chân,348819,Phở Trộn,2353517,Phở Trộn Thường,,48000.0,48000.0,0,0,0,2,3,https://media.be.com.vn/bizops/image/a87de716-b4f3-11ed-a912-ca4386e16cdf/resized_thumbnail_w1080_h1080,pho-tron-thuong,
34875,34875,Cherry Hồng - Phở Gà & Bún Riêu Ốc - Trần Khát Chân,348819,Phở Trộn,2353518,Phở Trộn Cánh,,58000.0,58000.0,0,0,0,2,4,https://media.be.com.vn/bizops/image/ae945c45-b4f3-11ed-a912-ca4386e16cdf/resized_thumbnail_w1080_h1080,pho-tron-canh,
34875,34875,Cherry Hồng - Phở Gà & Bún Riêu Ốc - Trần Khát Chân,348821,Bún Trộn,2353527,Bún Gà Trộn,,53000.0,53000.0,0,0,0,4,1,https://media.be.com.vn/bizops/image/e489ef4a-b4f3-11ed-975f-9af8f6763244/resized_thumbnail_w1080_h1080,bun-ga-tron,
34875,34875,Cherry Hồng - Phở Gà & Bún Riêu Ốc - Trần Khát Chân,348821,Bún Trộn,2353528,Bún Trộn Đùi Gà,,66000.0,66000.0,0,0,0,4,2,https://media.be.com.vn/bizops/image/eb4672d8-b4f3-11ed-9107-c6be6bda1b97/resized_thumbnail_w1080_h1080,bun-tron-dui-ga,
34875,34875,Cherry Hồng - Phở Gà & Bún Riêu Ốc - Trần Khát Chân,348821,Bún Trộn,2353529,Bún Trộn Thường,,48000.0,48000.0,0,0,0,4,3,https://media.be.com.vn/bizops/image/f057ab3a-b4f3-11ed-9107-c6be6bda1b97/resized_thumbnail_w1080_h1080,bun-tron-thuong,
34875,34875,Cherry Hồng - Phở Gà & Bún Riêu Ốc - Trần Khát Chân,348821,Bún Trộn,2353530,Bún Trộn Cánh,,58000.0,58000.0,0,0,0,4,4,https://media.be.com.vn/bizops/image/f7e1650e-b4f3-11ed-9107-c6be6bda1b97/resized_thumbnail_w1080_h1080,bun-tron-canh,
34875,34875,Cherry Hồng - Phở Gà & Bún Riêu Ốc - Trần Khát Chân,348823,Mỳ Trộn,2353538,Mỳ Gà Trộn,,53000.0,53000.0,1,0,0,6,1,https://media.be.com.vn/bizops/image/279008ad-b4f4-11ed-9107-c6be6bda1b97/resized_thumbnail_w1080_h1080,my-ga-tron,
34875,34875,Cherry Hồng - Phở Gà & Bún Riêu Ốc - Trần Khát Chân,348823,Mỳ Trộn,2353539,Mỳ Trộn Đùi Gà,,66000.0,66000.0,0,0,0,6,2,https://media.be.com.vn/bizops/image/2ca3a1f7-b4f4-11ed-9107-c6be6bda1b97/resized_thumbnail_w1080_h1080,my-tron-dui-ga,
34875,34875,Cherry Hồng - Phở Gà & Bún Riêu Ốc - Trần Khát Chân,348823,Mỳ Trộn,2353540,Mỳ Trộn Thường,,48000.0,48000.0,0,0,0,6,3,https://media.be.com.vn/bizops/image/32421582-b4f4-11ed-9107-c6be6bda1b97/resized_thumbnail_w1080_h1080,my-tron-thuong,
34875,34875,Cherry Hồng - Phở Gà & Bún Riêu Ốc - Trần Khát Chân,348823,Mỳ Trộn,2353541,Mỳ Trộn Cánh,,58000.0,58000.0,0,0,0,6,4,https://media.be.com.vn/bizops/image/37bc4f0f-b4f4-11ed-9107-c6be6bda1b97/resized_thumbnail_w1080_h1080,my-tron-canh,
14305,14305,Phở Bò Long Bích - Võ Thị Sáu,503347,PHỞ TÁI,3409904,Phở Tái Chín,,56000.0,56000.0,1181,5,3,2,1,https://media.be.com.vn/be-food/image/dbdc3030-3de3-11ee-8e31-f638ae20f033/resized_thumbnail_w1080_h1080,pho-tai-chin,
14305,14305,Phở Bò Long Bích - Võ Thị Sáu,503347,PHỞ TÁI,3409905,Phở Tái Gầu,,56000.0,56000.0,700,5,3,2,2,https://media.be.com.vn/be-food/image/dbaaaa86-3de3-11ee-8146-82365e52a8ee/resized_thumbnail_w1080_h1080,pho-tai-gau,
14305,14305,Phở Bò Long Bích - Võ Thị Sáu,503347,PHỞ TÁI,3409906,Phở Tái gầu giòn,,66000.0,66000.0,196,0,0,2,3,https://media.be.com.vn/be-food/image/db97c7fa-3de3-11ee-8e31-f638ae20f033/resized_thumbnail_w1080_h1080,pho-tai-gau-gion,
14305,14305,Phở Bò Long Bích - Võ Thị Sáu,503347,PHỞ TÁI,3409907,Phở Tái,,46000.0,46000.0,290,1,0,2,4,https://media.be.com.vn/be-food/image/db8560f6-3de3-11ee-8e31-f638ae20f033/resized_thumbnail_w1080_h1080,pho-tai,
14305,14305,Phở Bò Long Bích - Võ Thị Sáu,503347,PHỞ TÁI,3409908,Phở Tái Nạm,,51000.0,51000.0,241,1,0,2,5,https://media.be.com.vn/be-food/image/db556225-3de3-11ee-8e31-f638ae20f033/resized_thumbnail_w1080_h1080,pho-tai-nam,
14305,14305,Phở Bò Long Bích - Võ Thị Sáu,503347,PHỞ TÁI,3409909,Phở Tái Lăn,,56000.0,56000.0,396,1,3,2,6,https://media.be.com.vn/be-food/image/db3b940d-3de3-11ee-b2af-3ea2e1c5510b/resized_thumbnail_w1080_h1080,pho-tai-lan,
14305,14305,Phở Bò Long Bích - Võ Thị Sáu,503347,PHỞ TÁI,3409910,Phở Tái Tủy,,61000.0,61000.0,28,1,0,2,7,https://media.be.com.vn/be-food/image/db2a338c-3de3-11ee-8146-82365e52a8ee/resized_thumbnail_w1080_h1080,pho-tai-tuy,
14305,14305,Phở Bò Long Bích - Võ Thị Sáu,503348,PHỞ CHÍN,3409911,Phở Bò Chín,,51000.0,51000.0,394,0,1,3,1,https://media.be.com.vn/be-food/image/daff2327-3de3-11ee-b2af-3ea2e1c5510b/resized_thumbnail_w1080_h1080,pho-bo-chin,
14305,14305,Phở Bò Long Bích - Võ Thị Sáu,503348,PHỞ CHÍN,3409912,Phở Chín Gầu,,56000.0,56000.0,342,3,2,3,2,https://media.be.com.vn/be-food/image/dae0600e-3de3-11ee-8146-82365e52a8ee/resized_thumbnail_w1080_h1080,pho-chin-gau,
14305,14305,Phở Bò Long Bích - Võ Thị Sáu,503348,PHỞ CHÍN,3409934,Phở Chín Nạm,,51000.0,51000.0,185,2,0,3,3,https://media.be.com.vn/be-food/image/dac74ff0-3de3-11ee-b2af-3ea2e1c5510b/resized_thumbnail_w1080_h1080,pho-chin-nam,
14305,14305,Phở Bò Long Bích - Võ Thị Sáu,503355,PHỞ GÂN,3409935,Phở Gân,,61000.0,61000.0,12,1,0,4,1,https://media.be.com.vn/be-food/image/daa64695-3de3-11ee-b2af-3ea2e1c5510b/resized_thumbnail_w1080_h1080,pho-gan,
14305,14305,Phở Bò Long Bích - Võ Thị Sáu,503356,PHỞ BẮP,3409936,Phở Bắp Bò,,66000.0,66000.0,142,1,1,5,1,https://media.be.com.vn/be-food/image/da89ad94-3de3-11ee-8e31-f638ae20f033/resized_thumbnail_w1080_h1080,pho-bap-bo,
14305,14305,Phở Bò Long Bích - Võ Thị Sáu,503356,PHỞ BẮP,3409937,Phở Bắp Tuỷ,,81000.0,81000.0,12,0,0,5,2,https://media.be.com.vn/be-food/image/da6b3d5a-3de3-11ee-b2af-3ea2e1c5510b/resized_thumbnail_w1080_h1080,pho-bap-tuy,
14305,14305,Phở Bò Long Bích - Võ Thị Sáu,503356,PHỞ BẮP,3409938,Phở Bắp Gầu Giòn,,81000.0,81000.0,117,0,0,5,3,https://media.be.com.vn/be-food/image/da4da8e7-3de3-11ee-b2af-3ea2e1c5510b/resized_thumbnail_w1080_h1080,pho-bap-gau-gion,
14305,14305,Phở Bò Long Bích - Võ Thị Sáu,503356,PHỞ BẮP,3409939,Phở Bắp Lăn,,81000.0,81000.0,26,0,0,5,4,https://media.be.com.vn/be-food/image/da2da8eb-3de3-11ee-8146-82365e52a8ee/resized_thumbnail_w1080_h1080,pho-bap-lan,
14305,14305,Phở Bò Long Bích - Võ Thị Sáu,503357,PHỞ SỐT VANG,3409940,Phở Sốt Vang,,56000.0,56000.0,244,2,0,6,1,https://media.be.com.vn/be-food/image/da1936c5-3de3-11ee-b2af-3ea2e1c5510b/resized_thumbnail_w1080_h1080,pho-sot-vang,
14305,14305,Phở Bò Long Bích - Võ Thị Sáu,503357,PHỞ SỐT VANG,3409941,Phở Sốt Vang Giầu Giòn,,81000.0,81000.0,62,1,1,6,2,https://media.be.com.vn/be-food/image/d9f20c4b-3de3-11ee-b2af-3ea2e1c5510b/resized_thumbnail_w1080_h1080,pho-sot-vang-giau-gion,
14305,14305,Phở Bò Long Bích - Võ Thị Sáu,503358,PHỞ LÕI,3409942,Phở Lõi Gầu Giòn,,96000.0,96000.0,23,0,0,7,1,https://media.be.com.vn/be-food/image/d9d311ea-3de3-11ee-b2af-3ea2e1c5510b/resized_thumbnail_w1080_h1080,pho-loi-gau-gion,
14305,14305,Phở Bò Long Bích - Võ Thị Sáu,503358,PHỞ LÕI,3409943,Phở Lõi Bò,,86000.0,86000.0,33,0,0,7,2,https://media.be.com.vn/be-food/image/d9bcc614-3de3-11ee-8146-82365e52a8ee/resized_thumbnail_w1080_h1080,pho-loi-bo,
14305,14305,Phở Bò Long Bích - Võ Thị Sáu,503358,PHỞ LÕI,3409965,Phở Lõi Lăn,,95000.0,95000.0,5,0,0,7,3,https://media.be.com.vn/be-food/image/d99d6599-3de3-11ee-b2af-3ea2e1c5510b/resized_thumbnail_w1080_h1080,pho-loi-lan,
14305,14305,Phở Bò Long Bích - Võ Thị Sáu,503358,PHỞ LÕI,3409966,Phở Lõi Tuỷ,,95000.0,95000.0,8,0,0,7,4,https://media.be.com.vn/be-food/image/d9768584-3de3-11ee-8e31-f638ae20f033/resized_thumbnail_w1080_h1080,pho-loi-tuy,
91853,91853,Bánh Tráng Cuốn Thịt Heo Bốn Ba - Đại La,1080047,Đồ Ăn,7209942,Bún mắm nêm,"Bún mắm nêm với thịt heo quay giòn, trộn cùng rau, lạc thái nhỏ và hành",55000.0,55000.0,195,1,0,1,3,https://media.be.com.vn/bizops/image/402cf743-6744-11ef-8dc5-12c0bf7afddb/resized_thumbnail_w1080_h1080,bun-mam-nem,
91853,91853,Bánh Tráng Cuốn Thịt Heo Bốn Ba - Đại La,1080047,Đồ Ăn,7209943,Bánh bột lọc lá Huế - 6 cái,Bánh bột lọc được nhập từ Huế. Nhân tôm và thịt,53000.0,53000.0,42,2,0,1,4,https://media.be.com.vn/bizops/image/44f4450a-6744-11ef-8dc5-12c0bf7afddb/resized_thumbnail_w1080_h1080,banh-bot-loc-la-hue-6-cai,
11493,11493,Tun Tun - Bún Hải Sản Hoa Quả - Bùi Ngọc Dương,48714,BÚN HẢI SẢN HOA QUẢ,395309,Bún Hải Sản Hoa Quả Size S (Cỡ Nhỏ),"- Topping: 1 bề bề, 1 tôm, 1 ốc nhồi thịt, 2 chả cá miếng. - Đừng quên cho thêm sốt hoa quả đi kèm các bạn nhé! - Giá đã bao gồm 5,000Đ tiền hộp và dụng cụ ăn uống dùng 1 lần",50000.0,50000.0,3498,23,1,1,1,https://media.be.com.vn/be-food/image/98d35f70-2419-11ee-8146-82365e52a8ee/original,bun-hai-san-hoa-qua-size-s-co-nho,
11493,11493,Tun Tun - Bún Hải Sản Hoa Quả - Bùi Ngọc Dương,48714,BÚN HẢI SẢN HOA QUẢ,395307,Bún Hải Sản Hoa Quả Size M (Cỡ Vừa),"- Topping: 1 bề bề, 1 tôm, 1 ốc nhồi thịt, 1 rô rán miếng, 2 chả cá miếng. - Đừng quên cho thêm sốt hoa quả đi kèm các bạn nhé! - Giá đã bao gồm 5,000Đ tiền hộp và dụng cụ ăn uống dùng 1 lần",60000.0,60000.0,10760,71,4,1,2,https://media.be.com.vn/be-food/image/831687a4-2419-11ee-8e31-f638ae20f033/original,bun-hai-san-hoa-qua-size-m-co-vua,
11493,11493,Tun Tun - Bún Hải Sản Hoa Quả - Bùi Ngọc Dương,48714,BÚN HẢI SẢN HOA QUẢ,395310,Bún Hải Sản Hoa Quả Size XL (Cỡ Đại),"- Topping: 2 bề bề, 2 tôm, 1 ốc nhồi thịt, 2 rô rán miếng, 2 chả cá miếng. - Đừng quên cho thêm sốt hoa quả đi kèm các bạn nhé! - Giá đã bao gồm 5,000Đ tiền hộp và dụng cụ ăn uống dùng 1 lần",80000.0,80000.0,1549,13,1,1,3,https://media.be.com.vn/be-food/image/ac50b9ec-2419-11ee-8e31-f638ae20f033/original,bun-hai-san-hoa-qua-size-xl-co-dai,
11493,11493,Tun Tun - Bún Hải Sản Hoa Quả - Bùi Ngọc Dương,48714,BÚN HẢI SẢN HOA QUẢ,395308,Bún Hải Sản Hoa Quả Size L (Cỡ Lớn),"- Topping: 1 bề bề, 2 tôm, 1 ốc nhồi thịt, 1 rô rán miếng, 2 chả cá miếng. - Đừng quên cho thêm sốt hoa quả đi kèm các bạn nhé! - Giá đã bao gồm 5,000Đ tiền hộp và dụng cụ ăn uống dùng 1 lần",70000.0,70000.0,3927,23,1,1,4,https://media.be.com.vn/be-food/image/91c6f096-2419-11ee-8e31-f638ae20f033/original,bun-hai-san-hoa-qua-size-l-co-lon,
11493,11493,Tun Tun - Bún Hải Sản Hoa Quả - Bùi Ngọc Dương,604882,BÚN CÁ TRÁI CÂY,4089143,Bún Cá Trái Cây Size S (Cỡ Nhỏ),"-Topping: 2 miếng rô rán, 2 chả cá miếng -Đừng quên cho thêm sốt hoa quả đi kèm các bạn nhé -Giá đã bao gồm 5,000Đ tiền hộp và dụng cụ ăn uống dùng 1 lần",50000.0,50000.0,234,1,0,2,1,https://media.be.com.vn/be-food/image/9a6f81cd-2013-11ee-8146-82365e52a8ee/original,bun-ca-trai-cay-size-s-co-nho,
11493,11493,Tun Tun - Bún Hải Sản Hoa Quả - Bùi Ngọc Dương,604882,BÚN CÁ TRÁI CÂY,4089144,Bún Cá Trái Cây Size M (Cỡ Vừa),"-Topping: 3 miếng rô rán, 2 chả cá miếng -Đừng quên cho thêm sốt hoa quả đi kèm các bạn nhé -Giá đã bao gồm 5,000Đ tiền hộp và dụng cụ ăn uống dùng 1 lần",60000.0,60000.0,548,6,0,2,2,https://media.be.com.vn/be-food/image/b3ecbc80-2013-11ee-b2af-3ea2e1c5510b/original,bun-ca-trai-cay-size-m-co-vua,
11493,11493,Tun Tun - Bún Hải Sản Hoa Quả - Bùi Ngọc Dương,604882,BÚN CÁ TRÁI CÂY,4089145,Bún Cá Trái Cây Size L (Cỡ Lớn),"-Topping: 4 miếng rô rán, 2 chả cá miếng -Đừng quên cho thêm sốt hoa quả đi kèm các bạn nhé -Giá đã bao gồm 5,000Đ tiền hộp và dụng cụ ăn uống dùng 1 lần",70000.0,70000.0,192,1,0,2,3,https://media.be.com.vn/be-food/image/e1b94d7c-2013-11ee-b2af-3ea2e1c5510b/original,bun-ca-trai-cay-size-l-co-lon,
11493,11493,Tun Tun - Bún Hải Sản Hoa Quả - Bùi Ngọc Dương,604882,BÚN CÁ TRÁI CÂY,4089146,Bún Cá Trái Cây Size XL (Cỡ Đại),"-Topping: 5 miếng rô rán, 2 chả cá miếng -Đừng quên cho thêm sốt hoa quả đi kèm các bạn nhé -Giá đã bao gồm 5,000Đ tiền hộp và dụng cụ ăn uống dùng 1 lần",80000.0,80000.0,107,1,0,2,4,https://media.be.com.vn/be-food/image/04cfca01-2014-11ee-8e31-f638ae20f033/original,bun-ca-trai-cay-size-xl-co-dai,
11493,11493,Tun Tun - Bún Hải Sản Hoa Quả - Bùi Ngọc Dương,48715,BÚN CHANH DÂY BÒ VIỆT,395313,Bún Chanh Dây Bò Việt Size S (Cỡ Nhỏ),"- Topping: 40 gram bò Việt, 2 bò viên tiêu sả. - Đừng quên cho thêm sốt hoa quả đi kèm các bạn nhé! - Giá đã bao gồm 5,000Đ tiền hộp và dụng cụ ăn uống dùng 1 lần",50000.0,50000.0,378,6,0,3,1,https://media.be.com.vn/be-food/image/59c3c8af-2295-11ee-b2af-3ea2e1c5510b/original,bun-chanh-day-bo-viet-size-s-co-nho,
11493,11493,Tun Tun - Bún Hải Sản Hoa Quả - Bùi Ngọc Dương,48715,BÚN CHANH DÂY BÒ VIỆT,395311,Bún Chanh Dây Bò Việt Size M (Cỡ Vừa),"- Topping: 50 gram bò Việt, 2 bò viên tiêu sả. - Đừng quên cho thêm sốt hoa quả đi kèm các bạn nhé! - Giá đã bao gồm 5,000Đ tiền hộp và dụng cụ ăn uống dùng 1 lần",60000.0,60000.0,1098,18,0,3,2,https://media.be.com.vn/be-food/image/495b08c9-2295-11ee-8146-82365e52a8ee/original,bun-chanh-day-bo-viet-size-m-co-vua,
11493,11493,Tun Tun - Bún Hải Sản Hoa Quả - Bùi Ngọc Dương,48715,BÚN CHANH DÂY BÒ VIỆT,395312,Bún Chanh Dây Bò Việt Size L (Cỡ Lớn),"- Topping: 60 gram bò Việt, 2 bò viên tiêu sả. - Đừng quên cho thêm sốt hoa quả đi kèm các bạn nhé! - Giá đã bao gồm 5,000Đ tiền hộp và dụng cụ ăn uống dùng 1 lần",70000.0,70000.0,205,3,1,3,3,https://media.be.com.vn/be-food/image/50b7216f-2295-11ee-8146-82365e52a8ee/original,bun-chanh-day-bo-viet-size-l-co-lon,
11493,11493,Tun Tun - Bún Hải Sản Hoa Quả - Bùi Ngọc Dương,48715,BÚN CHANH DÂY BÒ VIỆT,395314,Bún Chanh Dây Bò Việt Size XL (Cỡ Đại),"- Topping: 80 gram bò Việt, 2 bò viên tiêu sả. - Đừng quên cho thêm sốt hoa quả đi kèm các bạn nhé! - Giá đã bao gồm 5,000Đ tiền hộp và dụng cụ ăn uống dùng 1 lần",80000.0,80000.0,69,1,0,3,4,https://media.be.com.vn/be-food/image/60e0b0e8-2295-11ee-bfaa-82e52b34e173/original,bun-chanh-day-bo-viet-size-xl-co-dai,
11493,11493,Tun Tun - Bún Hải Sản Hoa Quả - Bùi Ngọc Dương,48716,BÚN BÒ BIỂN,395318,Bún Bò Biển Size S (Cỡ Nhỏ),"- Topping: 30 gram bò, 1 bề bề, 1 tôm, 1 ốc nhồi thịt, 2 chả cá miếng. - Đừng quên cho thêm sốt hoa quả đi kèm các bạn nhé! - Giá đã bao gồm 5,000Đ tiền hộp và dụng cụ ăn uống dùng 1 lần",75000.0,75000.0,64,1,0,4,1,https://media.be.com.vn/be-food/image/e77fa2ff-2419-11ee-8e31-f638ae20f033/original,bun-bo-bien-size-s-co-nho,
11493,11493,Tun Tun - Bún Hải Sản Hoa Quả - Bùi Ngọc Dương,48716,BÚN BÒ BIỂN,395315,Bún Bò Biển Size M (Cỡ Vừa),"- Topping: 30 gram bò, 1 bề bề, 1 tôm, 1 ốc nhồi thịt, 1 rô rán miếng, 2 chả cá miếng. - Đừng quên cho thêm sốt hoa quả đi kèm các bạn nhé! - Giá đã bao gồm 5,000Đ tiền hộp và dụng cụ ăn uống dùng 1 lần",80000.0,80000.0,146,2,1,4,2,https://media.be.com.vn/be-food/image/bcc597c6-2419-11ee-8e31-f638ae20f033/original,bun-bo-bien-size-m-co-vua,
11493,11493,Tun Tun - Bún Hải Sản Hoa Quả - Bùi Ngọc Dương,48716,BÚN BÒ BIỂN,395316,Bún Bò Biển Size L (Cỡ Lớn),"- Topping: 30 gram bò, 1 bề bề, 2 tôm, 1 ốc nhồi thịt, 1 rô rán miếng, 2 chả cá miếng. - Đừng quên cho thêm sốt hoa quả đi kèm các bạn nhé! - Giá đã bao gồm 5,000Đ tiền hộp và dụng cụ ăn uống dùng 1 lần",85000.0,85000.0,196,3,0,4,3,https://media.be.com.vn/be-food/image/cd28a4f2-2419-11ee-8e31-f638ae20f033/original,bun-bo-bien-size-l-co-lon,
11493,11493,Tun Tun - Bún Hải Sản Hoa Quả - Bùi Ngọc Dương,48716,BÚN BÒ BIỂN,395317,Bún Bò Biển Size XL (Cỡ Đại),"- Topping: 30gram bò, 2 bề bề, 2 tôm, 1 ốc nhồi thịt, 2 rô rán miếng, 2 chả cá miếng. - Đừng quên cho thêm sốt hoa quả đi kèm các bạn nhé! - Giá đã bao gồm 5,000Đ tiền hộp và dụng cụ ăn uống dùng 1 lần",100000.0,100000.0,204,5,1,4,4,https://media.be.com.vn/be-food/image/dfe8a49f-2419-11ee-8e31-f638ae20f033/original,bun-bo-bien-size-xl-co-dai,
11493,11493,Tun Tun - Bún Hải Sản Hoa Quả - Bùi Ngọc Dương,1406398,MÓN CHẠY CHƯƠNG TRÌNH,9656371,Bún Chả Mực Bò Viên Đậu Phụ,"-Topping: 2 chả mực miếng, 2 bò viên, 3 đậu phụ rán -Đừng quên cho thêm sốt hoa quả đi kèm các bạn nhé-Giá đã bao gồm 5,000Đ tiền hộp và dụng cụ ăn uống dùng 1 lần",50000.0,50000.0,43,0,0,8,1,https://media.be.com.vn/be-food/image/32dc0bc3-5eb1-11f0-9063-66448d787802/original,bun-cha-muc-bo-vien-dau-phu,
11493,11493,Tun Tun - Bún Hải Sản Hoa Quả - Bùi Ngọc Dương,1406398,MÓN CHẠY CHƯƠNG TRÌNH,9656372,Bún Ốc Nhồi Bò Viên Đậu Phụ,"-Topping: 1 ốc nhồi, 2 bò viên, 3 đậu phụ rán -Đừng quên cho thêm sốt hoa quả đi kèm các bạn nhé-Giá đã bao gồm 5,000Đ tiền hộp và dụng cụ ăn uống dùng 1 lần",50000.0,50000.0,19,0,0,8,2,https://media.be.com.vn/be-food/image/0c7cd816-5eb1-11f0-9063-66448d787802/original,bun-oc-nhoi-bo-vien-dau-phu,
22815,22815,Bánh Cuốn Cao Bằng - Thể Giao,97638,ĐỒ ĂN,744806,Bánh Cuốn Trứng Giò Cao Bằng,Ăn kèm trứng hấp và giò. Đã bao gồm tiền hộp mang về.(Đầy Đủ),45000.0,45000.0,1514,17,0,3,1,https://media.be.com.vn/be-food/image/7b2260ca-fb0f-11ef-81cc-d24fde1987a0/resized_thumbnail_w1080_h1080,banh-cuon-trung-gio-cao-bang,
22815,22815,Bánh Cuốn Cao Bằng - Thể Giao,97638,ĐỒ ĂN,744811,Bánh Vàng,,15000.0,15000.0,312,4,0,3,2,https://media.be.com.vn/be-food/image/07b12041-fb0a-11ef-81cc-d24fde1987a0/resized_thumbnail_w1080_h1080,banh-vang,
22815,22815,Bánh Cuốn Cao Bằng - Thể Giao,97638,ĐỒ ĂN,744814,Bánh Cuốn Trứng,1 cái.,13000.0,13000.0,438,6,1,3,4,https://media.be.com.vn/bizops/image/f3733b49-a368-11f0-8b11-e6e7ca75c48c/original,banh-cuon-trung,
22815,22815,Bánh Cuốn Cao Bằng - Thể Giao,97638,ĐỒ ĂN,744815,Giò,1 cái.,13000.0,13000.0,471,4,0,3,5,https://media.be.com.vn/be-food/image/d5a1bf74-62f6-11f0-9063-66448d787802/resized_thumbnail_w1080_h1080,gio,
22815,22815,Bánh Cuốn Cao Bằng - Thể Giao,97638,ĐỒ ĂN,744818,Thạch Đen Nhà Làm,hộp 1kg,50000.0,50000.0,25,0,0,3,6,https://media.be.com.vn/be-food/image/dea7d9e0-ad86-11ed-aebb-1eb5d596321f/resized_thumbnail_w1080_h1080,thach-den-nha-lam,
22815,22815,Bánh Cuốn Cao Bằng - Thể Giao,97638,ĐỒ ĂN,4026290,Bánh Cuốn Nhân Thịt(Ko Trứng Ko Giò),7 cái. Giá đã bao gồm 5000đ tiền hộp,45000.0,45000.0,296,2,1,3,8,https://media.be.com.vn/be-food/image/77f61bb6-fb0f-11ef-81cc-d24fde1987a0/resized_thumbnail_w1080_h1080,banh-cuon-nhan-thit-ko-trung-ko-gio,
93168,93168,Minh Sơn - Bún Trộn & Phở Chiên Phồng - Bạch Mai,1097150,Bún Trộn Nam Bộ,7316583,Bún Trộn Bò Nam Bộ - sốt me,"Gồm:Sự Hoà lẫn giữa nước mắm và me chua ngọt, với các hạt vừng lạc tạo nên nước trộn Minh Sơn độc đáo ""Sốt me"", với bún và thịt bò xào. sẽ là món ăn rất hoàn hảo cho bữa ăn của bạn!!",60000.0,60000.0,229,3,1,1,1,https://media.be.com.vn/be-food/image/194d18a9-790a-11ef-b510-32fa1af43075/original,bun-tron-bo-nam-bo-sot-me,
93168,93168,Minh Sơn - Bún Trộn & Phở Chiên Phồng - Bạch Mai,1097150,Bún Trộn Nam Bộ,7339151,Bún Trộn Bò Truyền Thống,"Gồm: Bún tươi, thịt bò xào tỏi, rau xà lách , cà rốt, hành khô, lạc rang, nước mắm trộn Minh Sơn, Kèm đũa thìa tô giấy miễn phí.",60000.0,60000.0,208,2,1,1,2,https://media.be.com.vn/be-food/image/503cddae-3646-11f1-b197-ce3d3ce291c1/resized_thumbnail_w1080_h1080,bun-tron-bo-truyen-thong,
93168,93168,Minh Sơn - Bún Trộn & Phở Chiên Phồng - Bạch Mai,1097150,Bún Trộn Nam Bộ,7365329,Bún Trộn Nem Nướng,"Gồm: Bún, Nem nướng thơm ngon, rau xà lách, trứng gà, cà rốt, rau thơm..cùng hành khô và lạc rang. Sẵn đũa thìa và nước mắm trộn Minh Sơn.",60000.0,60000.0,124,2,1,1,3,https://media.be.com.vn/be-food/image/ff8214c8-7907-11ef-8d88-0695c6df6d37/original,bun-tron-nem-nuong,
93168,93168,Minh Sơn - Bún Trộn & Phở Chiên Phồng - Bạch Mai,1097150,Bún Trộn Nam Bộ,7365330,Bún Trộn Nem Nướng + Xúc Xích,"Gồm: Ưu đãi Bún Trộn Xúc xích + Mix nem nướng hà nội thơm ngon, bún tưới, hành khô và lạc rang, rau thơm , cà rốt, rau xà lách. món ăn healthy ..Nước trộn Truyền Thống Minh Sơn.giá đã bao gồm đũa thìa và giấy ăn miễn phí.",115000.0,115000.0,319,4,0,1,4,https://media.be.com.vn/be-food/image/54a44e77-7908-11ef-bd66-b239c83a8124/resized_thumbnail_w1080_h1080,bun-tron-nem-nuong-xuc-xich,
93168,93168,Minh Sơn - Bún Trộn & Phở Chiên Phồng - Bạch Mai,1097150,Bún Trộn Nam Bộ,7365331,Bún Trộn Xúc Xích,"Bao gồm: bún trắng, xúc xích rán ,rau xà lách theo mùa,cà rốt, hành phi,lạc rang,rau thơm...đã bao gồm hộp giấy,đũa thìa.. nước mắm trộn Minh Sơn.",54000.0,54000.0,35,3,0,1,5,https://media.be.com.vn/be-food/image/806a792c-7908-11ef-81cc-d24fde1987a0/original,bun-tron-xuc-xich,
93168,93168,Minh Sơn - Bún Trộn & Phở Chiên Phồng - Bạch Mai,1097150,Bún Trộn Nam Bộ,7392114,Bún Trộn Nem Rán,"Món gồm: Bún ,nem rán giòn, cà rốt, ,rau xà nách,rau thơm..hành phi và lạc rang,nước mắm trộn,đũa thìa.",60000.0,60000.0,34,0,0,1,6,https://media.be.com.vn/be-food/image/ed30124e-3644-11f1-a167-cadcd99bf8b0/resized_thumbnail_w1080_h1080,bun-tron-nem-ran,
93168,93168,Minh Sơn - Bún Trộn & Phở Chiên Phồng - Bạch Mai,1097150,Bún Trộn Nam Bộ,7392115,Bún Trộn Đặc Biệt (Nem Nướng).,"Gồm: Thịt bò xào tỏi, xúc xích chiên,nem nướng thơm ngon, trứng gà rán kết hợp bánh phở, cà rốt, rau thơm, vừng, lạc,hành khô.Nước trộn xì dầu, tô giấy và đũa thìa miễn phí.",70000.0,70000.0,22,0,0,1,7,https://media.be.com.vn/be-food/image/b2d280bb-7c75-11ef-b510-32fa1af43075/resized_thumbnail_w1080_h1080,bun-tron-dac-biet-nem-nuong,
93168,93168,Minh Sơn - Bún Trộn & Phở Chiên Phồng - Bạch Mai,1100670,Phở Trộn,7339152,Phở Trộn Thịt Bò,"Gồm; Phở tươi,trứng gà rán, thịt bò xào tỏi, cà rốt,rau thơm,hành khô,lạc rang,nước trộn Minh Sơn ,đũa thìa hộp giấy free.",60000.0,60000.0,336,6,0,2,1,https://media.be.com.vn/be-food/image/f158102f-75aa-11ef-81cc-d24fde1987a0/original,pho-tron-thit-bo,
93168,93168,Minh Sơn - Bún Trộn & Phở Chiên Phồng - Bạch Mai,1100670,Phở Trộn,7365336,Phở Trộn Nem Nướng,"Bánh phở, Nem nướng, Rau thơm, Cà rốt, Hành phi, Nước trộn xì dầu. Giá món đã bao gồm tô giấy và dụng cụ ăn uống.",60000.0,60000.0,58,2,0,2,2,https://media.be.com.vn/be-food/image/ee6dacbb-7e77-11ef-81cc-d24fde1987a0/original,pho-tron-nem-nuong,
93168,93168,Minh Sơn - Bún Trộn & Phở Chiên Phồng - Bạch Mai,1100670,Phở Trộn,7404288,Phở Trộn Đặc Biệt,"Gồm: Thịt bò xào tỏi, xúc xích chiên,nem nướng thơm ngon, trứng gà rán kết hợp bánh phở, cà rốt, rau thơm, vừng, lạc,hành khô.Nước trộn xì dầu, sẵn tô giấy và đũa thìa .",80000.0,80000.0,91,7,0,2,3,https://media.be.com.vn/be-food/image/76d3395d-7c75-11ef-81cc-d24fde1987a0/resized_thumbnail_w1080_h1080,pho-tron-dac-biet,
93168,93168,Minh Sơn - Bún Trộn & Phở Chiên Phồng - Bạch Mai,1100670,Phở Trộn,8873192,Phở Trộn xúc xích,"Gồm: Bánh phở tươi, xúc xích, hành lạc, rau thơm.,cà rốt.. nước trộn Minh Sơn.",54000.0,54000.0,16,0,0,2,4,https://media.be.com.vn/be-food/image/9f7235b1-0743-11f0-bd66-b239c83a8124/original,pho-tron-xuc-xich,
93168,93168,Minh Sơn - Bún Trộn & Phở Chiên Phồng - Bạch Mai,1100670,Phở Trộn,9459016,Phở Trộn Xúc Xích + Nem Nướng,"Gồm : xúc xích và nem nướng, sợi phở tươi ngon, rau thơm và nhiều gia vị khác. cùng nước trộn Minh Sơn.",57500.0,115000.0,36,0,0,2,5,https://media.be.com.vn/be-food/image/7dd2d55f-46e4-11f0-bb75-e214f3662ea7/resized_thumbnail_w1080_h1080,pho-tron-xuc-xich-nem-nuong,
93168,93168,Minh Sơn - Bún Trộn & Phở Chiên Phồng - Bạch Mai,1205863,COMBO,8093782,Phở Trộn Bò + 1 pepsi,"Gồm 1 phở trộn bò và 1 chai pepsi lạnh 300ml chai, giá ưu đãi..",68000.0,68000.0,22,2,0,5,1,https://media.be.com.vn/be-food/image/893c2221-bb49-11ef-81cc-d24fde1987a0/resized_thumbnail_w1080_h1080,pho-tron-bo-1-pepsi,
93168,93168,Minh Sơn - Bún Trộn & Phở Chiên Phồng - Bạch Mai,1205863,COMBO,9187674,ComBo Bún Trộn Nem nướng + 2 Pepsi,Combo gồm: Bún Trộn Nem Nướng + 2 pepsi .Giá siêu hời...,99000.0,99000.0,7,0,0,5,2,https://media.be.com.vn/be-food/image/432eaafc-3fd9-11f0-8d88-0695c6df6d37/original,combo-bun-tron-nem-nuong-2-pepsi,
1108,1108,Cô Tám - Cơm Rang & Cơm Tấm - 126 Hồng Mai,875338,Món Chính,5924048,cơm rang dưa bò nhiều cơm,,61000.0,61000.0,142,3,0,3,1,https://media.be.com.vn/bizops/image/70e1945e-466c-11f0-8356-9e87fffa4faa/resized_thumbnail_w1080_h1080,com-rang-dua-bo-nhieu-com,
1108,1108,Cô Tám - Cơm Rang & Cơm Tấm - 126 Hồng Mai,875338,Món Chính,5924049,cơm rang xá xíu nhiều cơm,,61000.0,61000.0,106,0,0,3,2,https://media.be.com.vn/bizops/image/6a2183e5-466c-11f0-8356-9e87fffa4faa/resized_thumbnail_w1080_h1080,com-rang-xa-xiu-nhieu-com,
1108,1108,Cô Tám - Cơm Rang & Cơm Tấm - 126 Hồng Mai,875338,Món Chính,5924050,cơm rang thập cẩm nhiều cơm,,61000.0,61000.0,125,2,0,3,3,https://media.be.com.vn/bizops/image/657165ad-466c-11f0-8356-9e87fffa4faa/resized_thumbnail_w1080_h1080,com-rang-thap-cam-nhieu-com,
1108,1108,Cô Tám - Cơm Rang & Cơm Tấm - 126 Hồng Mai,875338,Món Chính,5924051,cơm rang gà nhiều cơm,,61000.0,61000.0,46,0,0,3,4,https://media.be.com.vn/bizops/image/610d6f53-466c-11f0-a25e-6e56c183e761/resized_thumbnail_w1080_h1080,com-rang-ga-nhieu-com,
1108,1108,Cô Tám - Cơm Rang & Cơm Tấm - 126 Hồng Mai,875338,Món Chính,5924052,cơm rang chả giò nhiều cơm,,61000.0,61000.0,24,0,0,3,5,https://media.be.com.vn/bizops/image/5c0fcf24-466c-11f0-a25e-6e56c183e761/resized_thumbnail_w1080_h1080,com-rang-cha-gio-nhieu-com,
1108,1108,Cô Tám - Cơm Rang & Cơm Tấm - 126 Hồng Mai,875338,Món Chính,5924053,cơm rang dưa bò ngập thịt,,67000.0,67000.0,280,5,1,3,6,https://media.be.com.vn/bizops/image/50d3f4db-466c-11f0-bbf5-def976671a06/resized_thumbnail_w1080_h1080,com-rang-dua-bo-ngap-thit,
1108,1108,Cô Tám - Cơm Rang & Cơm Tấm - 126 Hồng Mai,875338,Món Chính,5924054,cơm rang xá xíu ngập thịt,,67000.0,67000.0,125,2,0,3,7,https://media.be.com.vn/bizops/image/4935f7a2-466c-11f0-a25e-6e56c183e761/resized_thumbnail_w1080_h1080,com-rang-xa-xiu-ngap-thit,
1108,1108,Cô Tám - Cơm Rang & Cơm Tấm - 126 Hồng Mai,875338,Món Chính,5924055,cơm rang thập cẩm ngập thịt,,67000.0,67000.0,151,1,1,3,8,https://media.be.com.vn/bizops/image/45296402-466c-11f0-a25e-6e56c183e761/resized_thumbnail_w1080_h1080,com-rang-thap-cam-ngap-thit,
1108,1108,Cô Tám - Cơm Rang & Cơm Tấm - 126 Hồng Mai,875338,Món Chính,5924056,cơm rang chả giò ngập thịt,,77000.0,77000.0,38,0,0,3,9,https://media.be.com.vn/bizops/image/3cfafb36-466c-11f0-8d3e-624d61e04cf2/resized_thumbnail_w1080_h1080,com-rang-cha-gio-ngap-thit,
1108,1108,Cô Tám - Cơm Rang & Cơm Tấm - 126 Hồng Mai,875338,Món Chính,5924057,cơm rang gà ngập thịt,,77000.0,77000.0,39,1,0,3,10,https://media.be.com.vn/bizops/image/393ba08a-466c-11f0-bbf5-def976671a06/resized_thumbnail_w1080_h1080,com-rang-ga-ngap-thit,
1108,1108,Cô Tám - Cơm Rang & Cơm Tấm - 126 Hồng Mai,875338,Món Chính,5924058,cơm rang bò + trứng ốp + trà đào hoặc quất,,65000.0,65000.0,79,0,0,3,11,https://media.be.com.vn/bizops/image/2fdbc759-466c-11f0-8356-9e87fffa4faa/resized_thumbnail_w1080_h1080,com-rang-bo-trung-op-tra-dao-hoac-quat,
1108,1108,Cô Tám - Cơm Rang & Cơm Tấm - 126 Hồng Mai,875338,Món Chính,5924059,cơm rang xá xíu + trứng ốp + trà đào hoặc quất,,65000.0,65000.0,43,0,0,3,12,https://media.be.com.vn/bizops/image/2098977e-466c-11f0-bbf5-def976671a06/resized_thumbnail_w1080_h1080,com-rang-xa-xiu-trung-op-tra-dao-hoac-quat,
1108,1108,Cô Tám - Cơm Rang & Cơm Tấm - 126 Hồng Mai,875338,Món Chính,5924060,cơm rang thập cẩm + trứng ốp + trà đào hoặc quất,,65000.0,65000.0,70,0,0,3,13,https://media.be.com.vn/bizops/image/24a0efe9-466c-11f0-a25e-6e56c183e761/resized_thumbnail_w1080_h1080,com-rang-thap-cam-trung-op-tra-dao-hoac-quat,
1108,1108,Cô Tám - Cơm Rang & Cơm Tấm - 126 Hồng Mai,875338,Món Chính,5924061,cơm rang gà + trứng ốp + trà đào hoặc quất,,65000.0,65000.0,29,0,0,3,14,https://media.be.com.vn/bizops/image/1e6b8e7c-466c-11f0-a25e-6e56c183e761/resized_thumbnail_w1080_h1080,com-rang-ga-trung-op-tra-dao-hoac-quat,
1108,1108,Cô Tám - Cơm Rang & Cơm Tấm - 126 Hồng Mai,875338,Món Chính,5924062,cơm rang chả giò + trứng ốp + trà đào hoặc quất,,65000.0,65000.0,36,0,0,3,15,https://media.be.com.vn/bizops/image/1b270c4d-466c-11f0-a25e-6e56c183e761/resized_thumbnail_w1080_h1080,com-rang-cha-gio-trung-op-tra-dao-hoac-quat,
1108,1108,Cô Tám - Cơm Rang & Cơm Tấm - 126 Hồng Mai,830897,Cơm Rang,5633621,cơm rang gà mất trí,,57000.0,57000.0,306,0,1,4,1,https://media.be.com.vn/bizops/image/767cfaa3-466c-11f0-8356-9e87fffa4faa/resized_thumbnail_w1080_h1080,com-rang-ga-mat-tri,
1108,1108,Cô Tám - Cơm Rang & Cơm Tấm - 126 Hồng Mai,830897,Cơm Rang,5633660,cơm rang dưa bò,,57000.0,57000.0,1464,14,3,4,2,https://media.be.com.vn/bizops/image/95f8e87f-466c-11f0-a25e-6e56c183e761/original,com-rang-dua-bo,
1108,1108,Cô Tám - Cơm Rang & Cơm Tấm - 126 Hồng Mai,830897,Cơm Rang,5633668,cơm rang thập cẩm,,57000.0,57000.0,863,10,4,4,3,https://media.be.com.vn/bizops/image/8f7b1044-466c-11f0-8356-9e87fffa4faa/resized_thumbnail_w1080_h1080,com-rang-thap-cam,
1108,1108,Cô Tám - Cơm Rang & Cơm Tấm - 126 Hồng Mai,830897,Cơm Rang,5633671,cơm rang xá xíu,,57000.0,57000.0,519,6,0,4,4,https://media.be.com.vn/bizops/image/88dc05c6-466c-11f0-8d3e-624d61e04cf2/resized_thumbnail_w1080_h1080,com-rang-xa-xiu,
1108,1108,Cô Tám - Cơm Rang & Cơm Tấm - 126 Hồng Mai,830897,Cơm Rang,5633672,cơm rang chả giò,,57000.0,57000.0,107,1,0,4,5,https://media.be.com.vn/bizops/image/7c661f1a-466c-11f0-8d3e-624d61e04cf2/resized_thumbnail_w1080_h1080,com-rang-cha-gio,
1108,1108,Cô Tám - Cơm Rang & Cơm Tấm - 126 Hồng Mai,830897,Cơm Rang,9596704,mỳ gà tần,mỳ gà tần,55000.0,55000.0,3,0,0,4,6,https://media.be.com.vn/be-food/image/beea4c30-5656-11f0-8021-922c9d42c616/resized_thumbnail_w1080_h1080,my-ga-tan,
40980,40980,Cơm Thố Bách Khoa - Lương Định Của,1345788,Mega Sale - Đồng Giá 67k,9219335,Cơm thố Gà - Trứng,,85000.0,85000.0,33,0,0,1,1,https://media.be.com.vn/bizops/image/8bda0c74-226a-11f0-8510-8ea7808cbcf4/original,com-tho-ga-trung,
40980,40980,Cơm Thố Bách Khoa - Lương Định Của,1327808,Món Chính,2965481,CƠM THỐ ĐẶC BIỆT,Giá đã bao gồm bao bì đóng gói và thuế trực tiếp. Hotline 082-333-4444,95000.0,95000.0,145,0,0,2,1,https://media.be.com.vn/be-food/image/50c40497-1746-11f0-bd66-b239c83a8124/resized_thumbnail_w1080_h1080,com-tho-dac-biet,
40980,40980,Cơm Thố Bách Khoa - Lương Định Của,1327808,Món Chính,6410385,CƠM THỐ MIX 2 vị,Giá đã bao gồm bao bì đóng gói và thuế trực tiếp. Hotline 082-333-4444,85000.0,85000.0,49,0,0,2,2,https://media.be.com.vn/be-food/image/327be7cd-1746-11f0-8d88-0695c6df6d37/resized_thumbnail_w1080_h1080,com-tho-mix-2-vi,
40980,40980,Cơm Thố Bách Khoa - Lương Định Của,1327808,Món Chính,6467064,CƠM CHIÊN RAU CỦ,Giá đã bao gồm bao bì đóng gói và thuế trực tiếp. Hotline 082-333-4444,45000.0,45000.0,10,1,0,2,3,https://media.be.com.vn/be-food/image/c6053579-1745-11f0-8510-8ea7808cbcf4/resized_thumbnail_w1080_h1080,com-chien-rau-cu,
40980,40980,Cơm Thố Bách Khoa - Lương Định Của,1327808,Món Chính,7607402,CƠM CHIÊN DƯƠNG CHÂU,Giá đã bao gồm bao bì đóng gói và thuế trực tiếp. Hotline 082-333-4444,60000.0,60000.0,39,0,0,2,4,https://media.be.com.vn/bizops/image/2a922d4e-9284-11ef-8d88-0695c6df6d37/original,com-chien-duong-chau,
40980,40980,Cơm Thố Bách Khoa - Lương Định Của,1327808,Món Chính,7740188,CƠM THỐ GÀ,Giá đã bao gồm bao bì đóng gói và thuế trực tiếp. Hotline 082-333-4444,68000.0,68000.0,164,0,0,2,5,https://media.be.com.vn/be-food/image/879efc10-1743-11f0-8510-8ea7808cbcf4/original,com-tho-ga,
40980,40980,Cơm Thố Bách Khoa - Lương Định Của,1327808,Món Chính,8102496,CƠM THỐ HEO,Giá đã bao gồm bao bì đóng gói và thuế trực tiếp. Hotline 082-333-4444,75000.0,75000.0,96,1,0,2,6,https://media.be.com.vn/be-food/image/72550c79-1743-11f0-8d88-0695c6df6d37/original,com-tho-heo,
40980,40980,Cơm Thố Bách Khoa - Lương Định Của,1327808,Món Chính,9016912,CƠM THỐ BÒ,Giá đã bao gồm bao bì đóng gói và thuế trực tiếp. Hotline 082-333-4444,75000.0,75000.0,62,0,0,2,7,https://media.be.com.vn/be-food/image/63b415a7-1743-11f0-bd66-b239c83a8124/original,com-tho-bo,
40980,40980,Cơm Thố Bách Khoa - Lương Định Của,1327808,Món Chính,9017691,Cơm trắng thịt gà trứng ốp,cơm trắng ăn cùng thịt gà,70000.0,70000.0,6,0,0,2,8,https://media.be.com.vn/be-food/image/c528813e-1742-11f0-bd66-b239c83a8124/original,com-trang-thit-ga-trung-op,
40980,40980,Cơm Thố Bách Khoa - Lương Định Của,1327808,Món Chính,9017734,Cơm trắng thịt bò trứng ốp,cơm trắng ăn kèm thịt bò,70000.0,70000.0,8,0,0,2,9,https://media.be.com.vn/be-food/image/83b897b2-1746-11f0-bd66-b239c83a8124/original,com-trang-thit-bo-trung-op,
40980,40980,Cơm Thố Bách Khoa - Lương Định Của,1327808,Món Chính,9018047,Cơm trắng thịt heo trứng ốp,cơm trắng gạo dẻo ăn cùng các loại thịt,70000.0,70000.0,4,0,0,2,10,https://media.be.com.vn/be-food/image/bf2a0148-1746-11f0-8510-8ea7808cbcf4/original,com-trang-thit-heo-trung-op,
40980,40980,Cơm Thố Bách Khoa - Lương Định Của,1327808,Món Chính,9018292,Cơm trắng mix vị,Giá đã bao gồm bao bì đóng gói . Hotline 082-333-4444,80000.0,80000.0,12,0,0,2,11,https://media.be.com.vn/be-food/image/b3511f1e-1749-11f0-8d88-0695c6df6d37/original,com-trang-mix-vi,
40980,40980,Cơm Thố Bách Khoa - Lương Định Của,1327808,Món Chính,9264849,Cơm thố XÁ XÍU,Giá đã bao phí báo bì,75000.0,75000.0,236,1,0,2,12,https://media.be.com.vn/be-food/image/8dc7de08-2f00-11f0-8d88-0695c6df6d37/original,com-tho-xa-xiu,
40980,40980,Cơm Thố Bách Khoa - Lương Định Của,953842,Rau Xào Cà Muối,9051128,Đĩa rau xanh 200r,Giá đã bao gồm phí bao bì và thuế nn,45000.0,45000.0,5,0,0,5,1,https://media.be.com.vn/be-food/image/9d93d5b3-176b-11f0-81cc-d24fde1987a0/resized_thumbnail_w1080_h1080,dia-rau-xanh-200r,
95450,95450,Hương Hội An - Cơm Gà Hội An - Thanh Nhàn,1126407,Khai Vị,7503266,Bánh tráng cuốn xá xíu,,70000.0,70000.0,1,0,0,1,3,https://media.be.com.vn/be-food/image/f13fd9fb-8c37-11ef-81cc-d24fde1987a0/resized_thumbnail_w1080_h1080,banh-trang-cuon-xa-xiu,
95450,95450,Hương Hội An - Cơm Gà Hội An - Thanh Nhàn,1126407,Khai Vị,7503267,Nem gà nấm sốt chanh leo,,70000.0,70000.0,0,0,0,1,4,https://media.be.com.vn/be-food/image/088da0e7-8c38-11ef-8510-8ea7808cbcf4/resized_thumbnail_w1080_h1080,nem-ga-nam-sot-chanh-leo,
95450,95450,Hương Hội An - Cơm Gà Hội An - Thanh Nhàn,1126407,Khai Vị,11631684,Gỏi Chân Gà Rút Xương,,110000.0,110000.0,0,0,0,1,5,https://media.be.com.vn/be-food/image/794407ec-1fc6-11f1-a167-cadcd99bf8b0/resized_thumbnail_w1080_h1080,goi-chan-ga-rut-xuong,
95450,95450,Hương Hội An - Cơm Gà Hội An - Thanh Nhàn,1126408,Cơm Gà Hội An,7503268,Cơm gà Hội An đặc biệt,,100000.0,100000.0,100,0,2,2,1,https://media.be.com.vn/be-food/image/246ee9c4-8c38-11ef-8510-8ea7808cbcf4/resized_thumbnail_w1080_h1080,com-ga-hoi-an-dac-biet,
95450,95450,Hương Hội An - Cơm Gà Hội An - Thanh Nhàn,1126408,Cơm Gà Hội An,7503269,Cơm gà Hội An thường - đùi/cánh,,85000.0,85000.0,45,0,2,2,2,https://media.be.com.vn/be-food/image/3552412c-8c38-11ef-8d88-0695c6df6d37/resized_thumbnail_w1080_h1080,com-ga-hoi-an-thuong-dui-canh,
95450,95450,Hương Hội An - Cơm Gà Hội An - Thanh Nhàn,1126408,Cơm Gà Hội An,7503270,Cơm gà cuộn sốt nấm,,80000.0,80000.0,6,0,0,2,3,https://media.be.com.vn/be-food/image/3152beb3-8c39-11ef-bd66-b239c83a8124/resized_thumbnail_w1080_h1080,com-ga-cuon-sot-nam,
95450,95450,Hương Hội An - Cơm Gà Hội An - Thanh Nhàn,1126408,Cơm Gà Hội An,7503271,Cơm gà Hội An thường - lẫn,,75000.0,75000.0,88,1,0,2,4,https://media.be.com.vn/be-food/image/5b8f7807-8c38-11ef-81cc-d24fde1987a0/resized_thumbnail_w1080_h1080,com-ga-hoi-an-thuong-lan,
95450,95450,Hương Hội An - Cơm Gà Hội An - Thanh Nhàn,1126408,Cơm Gà Hội An,7503272,Cơm trứng non cháy tỏi,,100000.0,100000.0,0,0,0,2,5,https://media.be.com.vn/bizops/image/cc9cead1-87a8-11ef-81cc-d24fde1987a0/resized_thumbnail_w1080_h1080,com-trung-non-chay-toi,
95450,95450,Hương Hội An - Cơm Gà Hội An - Thanh Nhàn,1126408,Cơm Gà Hội An,7503273,Cơm Xá Xíu Hội An,,75000.0,75000.0,11,1,0,2,6,https://media.be.com.vn/be-food/image/e556e17c-21ef-11f1-b63c-1ec8367384f0/resized_thumbnail_w1080_h1080,com-xa-xiu-hoi-an,
95450,95450,Hương Hội An - Cơm Gà Hội An - Thanh Nhàn,1126408,Cơm Gà Hội An,7503274,Cơm gà xào nấm,,80000.0,80000.0,5,0,0,2,7,https://media.be.com.vn/be-food/image/24f3f12a-8c39-11ef-81cc-d24fde1987a0/resized_thumbnail_w1080_h1080,com-ga-xao-nam,
95450,95450,Hương Hội An - Cơm Gà Hội An - Thanh Nhàn,1126408,Cơm Gà Hội An,11631680,CƠM CÁNH GÀ RÔTI,,100000.0,100000.0,1,0,0,2,8,https://media.be.com.vn/be-food/image/fa79d82a-1fc5-11f1-b197-ce3d3ce291c1/resized_thumbnail_w1080_h1080,com-canh-ga-roti,
95450,95450,Hương Hội An - Cơm Gà Hội An - Thanh Nhàn,1126408,Cơm Gà Hội An,11631682,CƠM ĐÙI GÀ RÔTI,,100000.0,100000.0,0,0,0,2,9,https://media.be.com.vn/be-food/image/26c7bc3f-1fc6-11f1-b197-ce3d3ce291c1/resized_thumbnail_w1080_h1080,com-dui-ga-roti,
95450,95450,Hương Hội An - Cơm Gà Hội An - Thanh Nhàn,1126408,Cơm Gà Hội An,11766987,Cơm Thịt Heo Nướng Ngũ Vị,,80000.0,80000.0,0,0,0,2,10,https://media.be.com.vn/be-food/image/750b5c8d-2d94-11f1-b63c-1ec8367384f0/resized_thumbnail_w1080_h1080,com-thit-heo-nuong-ngu-vi,
95450,95450,Hương Hội An - Cơm Gà Hội An - Thanh Nhàn,1126409,Xôi - Bún - Phở,7503277,Phở gà trộn,,75000.0,75000.0,6,0,0,3,1,https://media.be.com.vn/be-food/image/16b707ab-8c39-11ef-bd66-b239c83a8124/original,pho-ga-tron,
95450,95450,Hương Hội An - Cơm Gà Hội An - Thanh Nhàn,1126409,Xôi - Bún - Phở,7503278,Bún trộn xá xíu,,75000.0,75000.0,1,0,0,3,2,https://media.be.com.vn/be-food/image/06fb176d-8c39-11ef-bd66-b239c83a8124/resized_thumbnail_w1080_h1080,bun-tron-xa-xiu,
95450,95450,Hương Hội An - Cơm Gà Hội An - Thanh Nhàn,1126409,Xôi - Bún - Phở,11767060,BÚN TRỘN THỊT NƯỚNG,,70000.0,70000.0,1,0,0,3,3,https://media.be.com.vn/be-food/image/a8e6f5cc-710e-11f0-9063-66448d787802/resized_thumbnail_w1080_h1080,bun-tron-thit-nuong,
134203,134203,Cơm Lệ - Ấm Vị Gia Đình - 135 Triệu Việt Vương,1994302,Set Cơm 1 Người,11970007,Cơm thịt rang,"Thịt rang, rau luộc, cơm, canh",162000.0,162000.0,0,0,0,2,1,https://media.be.com.vn/be-food/image/a653a731-50c3-11f1-8683-3a351028b633/resized_thumbnail_w1080_h1080,com-thit-rang,
134203,134203,Cơm Lệ - Ấm Vị Gia Đình - 135 Triệu Việt Vương,1994302,Set Cơm 1 Người,11970008,Cơm suất cá kho,,162000.0,162000.0,0,0,0,2,2,https://media.be.com.vn/be-food/image/9c4e743c-50c3-11f1-ad42-166496a6b8bb/resized_thumbnail_w1080_h1080,com-suat-ca-kho,
134203,134203,Cơm Lệ - Ấm Vị Gia Đình - 135 Triệu Việt Vương,1994302,Set Cơm 1 Người,11970009,Cơm tôm bóc rang,,180000.0,180000.0,0,0,0,2,3,https://media.be.com.vn/be-food/image/92a8b0d9-50c3-11f1-ad42-166496a6b8bb/resized_thumbnail_w1080_h1080,com-tom-boc-rang,
134203,134203,Cơm Lệ - Ấm Vị Gia Đình - 135 Triệu Việt Vương,1994302,Set Cơm 1 Người,11970010,Cơm thịt kho,,162000.0,162000.0,0,0,0,2,4,https://media.be.com.vn/be-food/image/8a7014f0-50c3-11f1-8d18-dadbc64f7918/resized_thumbnail_w1080_h1080,com-thit-kho,
134203,134203,Cơm Lệ - Ấm Vị Gia Đình - 135 Triệu Việt Vương,1994302,Set Cơm 1 Người,11970011,Cơm suất sườn chua ngọt,,174000.0,174000.0,0,0,0,2,5,https://media.be.com.vn/be-food/image/81a25f90-50c3-11f1-8d18-dadbc64f7918/resized_thumbnail_w1080_h1080,com-suat-suon-chua-ngot,
134203,134203,Cơm Lệ - Ấm Vị Gia Đình - 135 Triệu Việt Vương,1994302,Set Cơm 1 Người,11970012,Cơm gà rang gừng,,156000.0,156000.0,0,0,0,2,6,https://media.be.com.vn/be-food/image/77117aaa-50c3-11f1-8db8-3e6660809d72/resized_thumbnail_w1080_h1080,com-ga-rang-gung,
134203,134203,Cơm Lệ - Ấm Vị Gia Đình - 135 Triệu Việt Vương,1994302,Set Cơm 1 Người,11970013,Cơm chân giò luộc,,150000.0,150000.0,0,0,0,2,7,https://media.be.com.vn/be-food/image/6d27e236-50c3-11f1-8db8-3e6660809d72/resized_thumbnail_w1080_h1080,com-chan-gio-luoc,
134203,134203,Cơm Lệ - Ấm Vị Gia Đình - 135 Triệu Việt Vương,1994304,Thịt Lợn,11970016,Thịt rang cháy cạnh,,144000.0,144000.0,1,0,0,3,1,https://media.be.com.vn/be-food/image/8eba5094-50c2-11f1-8d18-dadbc64f7918/resized_thumbnail_w1080_h1080,thit-rang-chay-canh,
134203,134203,Cơm Lệ - Ấm Vị Gia Đình - 135 Triệu Việt Vương,1994304,Thịt Lợn,11970017,Thịt kho tàu - Braised pork meat,,144000.0,144000.0,0,0,0,3,2,https://media.be.com.vn/be-food/image/814c4494-50c2-11f1-8db8-3e6660809d72/resized_thumbnail_w1080_h1080,thit-kho-tau-braised-pork-meat,
134203,134203,Cơm Lệ - Ấm Vị Gia Đình - 135 Triệu Việt Vương,1994304,Thịt Lợn,11970018,Sườn chua ngọt - Sweet and sour pork,,150000.0,150000.0,0,0,0,3,3,https://media.be.com.vn/be-food/image/17b8f58b-50c3-11f1-8d18-dadbc64f7918/resized_thumbnail_w1080_h1080,suon-chua-ngot-sweet-and-sour-pork,
134203,134203,Cơm Lệ - Ấm Vị Gia Đình - 135 Triệu Việt Vương,1994304,Thịt Lợn,11970019,Chân giò luộc chấm mắm nêm,Boiled pork leg with fish sauce and seasoning,138000.0,138000.0,0,0,0,3,4,https://media.be.com.vn/be-food/image/2a35e19b-50c5-11f1-8d18-dadbc64f7918/resized_thumbnail_w1080_h1080,chan-gio-luoc-cham-mam-nem,
134203,134203,Cơm Lệ - Ấm Vị Gia Đình - 135 Triệu Việt Vương,1994304,Thịt Lợn,11970020,Ba chỉ luộc chấm tôm chua,Boiled pork served with fermented shrimp,150000.0,150000.0,1,0,0,3,5,https://media.be.com.vn/be-food/image/2378daac-50c5-11f1-8db8-3e6660809d72/resized_thumbnail_w1080_h1080,ba-chi-luoc-cham-tom-chua,
134203,134203,Cơm Lệ - Ấm Vị Gia Đình - 135 Triệu Việt Vương,1994304,Thịt Lợn,11970021,Chả lá lốt - Grilled pork wrapped in betel leaves,,138000.0,138000.0,0,0,0,3,6,https://media.be.com.vn/be-food/image/d860fa52-50c4-11f1-8683-3a351028b633/resized_thumbnail_w1080_h1080,cha-la-lot-grilled-pork-wrapped-in-betel-leaves,
134203,134203,Cơm Lệ - Ấm Vị Gia Đình - 135 Triệu Việt Vương,1994304,Thịt Lợn,11970022,Thịt quay - Roast pork meat,,150000.0,150000.0,0,0,0,3,7,https://media.be.com.vn/be-food/image/bef0403e-50c4-11f1-ad42-166496a6b8bb/resized_thumbnail_w1080_h1080,thit-quay-roast-pork-meat,
134203,134203,Cơm Lệ - Ấm Vị Gia Đình - 135 Triệu Việt Vương,1994304,Thịt Lợn,11970023,Thịt rang mắm tép,Pork belly roasted with shrimp paste,144000.0,144000.0,0,0,0,3,8,https://media.be.com.vn/be-food/image/b6e745f5-50c4-11f1-8d18-dadbc64f7918/resized_thumbnail_w1080_h1080,thit-rang-mam-tep,
134203,134203,Cơm Lệ - Ấm Vị Gia Đình - 135 Triệu Việt Vương,1994304,Thịt Lợn,11970024,Mắm tép chưng thịt,Fermented shrimp sauce with pork,120000.0,120000.0,0,0,0,3,9,https://media.be.com.vn/be-food/image/af362c4d-50c4-11f1-ad42-166496a6b8bb/resized_thumbnail_w1080_h1080,mam-tep-chung-thit,
134203,134203,Cơm Lệ - Ấm Vị Gia Đình - 135 Triệu Việt Vương,1994304,Thịt Lợn,11970025,Sườn nướng vị tỏi - Grilled ribs with garlic flavor,,198000.0,198000.0,0,0,0,3,10,https://media.be.com.vn/be-food/image/a5dd9175-50c4-11f1-8683-3a351028b633/resized_thumbnail_w1080_h1080,suon-nuong-vi-toi-grilled-ribs-with-garlic-flavor,
134203,134203,Cơm Lệ - Ấm Vị Gia Đình - 135 Triệu Việt Vương,1994305,Hải Sản,11970026,Tôm bóc rang - Roasted shrimp,,156000.0,156000.0,1,0,0,4,1,https://media.be.com.vn/be-food/image/a8b70489-50c2-11f1-8db8-3e6660809d72/resized_thumbnail_w1080_h1080,tom-boc-rang-roasted-shrimp,
134203,134203,Cơm Lệ - Ấm Vị Gia Đình - 135 Triệu Việt Vương,1994305,Hải Sản,11970027,Cá bông lau kho tộ - Braised cotton fish,,144000.0,144000.0,0,0,0,4,2,https://media.be.com.vn/be-food/image/a1257d45-50c2-11f1-ad42-166496a6b8bb/resized_thumbnail_w1080_h1080,ca-bong-lau-kho-to-braised-cotton-fish,
134203,134203,Cơm Lệ - Ấm Vị Gia Đình - 135 Triệu Việt Vương,1994306,Gà,11970030,Nửa con gà chiên mắm,Fried chicken with fish sauce (half),276000.0,276000.0,0,0,0,5,1,https://media.be.com.vn/be-food/image/b61e3897-50c2-11f1-ad42-166496a6b8bb/resized_thumbnail_w1080_h1080,nua-con-ga-chien-mam,
134203,134203,Cơm Lệ - Ấm Vị Gia Đình - 135 Triệu Việt Vương,1994306,Gà,11970031,Gà rang gừng - Roasted ginger chicken,,138000.0,138000.0,0,0,0,5,2,https://media.be.com.vn/be-food/image/837e1697-50c5-11f1-8d18-dadbc64f7918/resized_thumbnail_w1080_h1080,ga-rang-gung-roasted-ginger-chicken,
134203,134203,Cơm Lệ - Ấm Vị Gia Đình - 135 Triệu Việt Vương,1994306,Gà,11970032,Nửa con gà nướng mắc khén,Grilled chicken with Indian prickly ash (half),276000.0,276000.0,0,0,0,5,3,https://media.be.com.vn/be-food/image/5988af24-50c5-11f1-8683-3a351028b633/resized_thumbnail_w1080_h1080,nua-con-ga-nuong-mac-khen,
134203,134203,Cơm Lệ - Ấm Vị Gia Đình - 135 Triệu Việt Vương,1994306,Gà,11970033,Nửa con gà hấp chấm mắc khén,Steamed chicken with Indian prickly ash salt (half),264000.0,264000.0,0,0,0,5,4,https://media.be.com.vn/be-food/image/521bd86c-50c5-11f1-8683-3a351028b633/resized_thumbnail_w1080_h1080,nua-con-ga-hap-cham-mac-khen,
134203,134203,Cơm Lệ - Ấm Vị Gia Đình - 135 Triệu Việt Vương,1994307,Món Xào,11970034,Bò xào dưa - Stir fried beef with melon,,162000.0,162000.0,0,0,0,6,1,https://media.be.com.vn/be-food/image/e673df5f-50c5-11f1-ad42-166496a6b8bb/resized_thumbnail_w1080_h1080,bo-xao-dua-stir-fried-beef-with-melon,
134203,134203,Cơm Lệ - Ấm Vị Gia Đình - 135 Triệu Việt Vương,1994307,Món Xào,11970035,Bò xào cần tỏi - Stir fried beef with garlic,,162000.0,162000.0,0,0,0,6,2,https://media.be.com.vn/be-food/image/dee75dc6-50c5-11f1-8683-3a351028b633/resized_thumbnail_w1080_h1080,bo-xao-can-toi-stir-fried-beef-with-garlic,
134203,134203,Cơm Lệ - Ấm Vị Gia Đình - 135 Triệu Việt Vương,1994307,Món Xào,11970036,Mực xào cần tỏi - Stir fried squid with garlic,,192000.0,192000.0,0,0,0,6,3,https://media.be.com.vn/be-food/image/d7608d3f-50c5-11f1-8db8-3e6660809d72/resized_thumbnail_w1080_h1080,muc-xao-can-toi-stir-fried-squid-with-garlic,
134203,134203,Cơm Lệ - Ấm Vị Gia Đình - 135 Triệu Việt Vương,1994308,Đậu Phụ,11970037,Đậu phụ sốt cà chua,,66000.0,66000.0,0,0,0,7,1,https://media.be.com.vn/be-food/image/d219fcdf-50c2-11f1-ad42-166496a6b8bb/resized_thumbnail_w1080_h1080,dau-phu-sot-ca-chua,
134203,134203,Cơm Lệ - Ấm Vị Gia Đình - 135 Triệu Việt Vương,1994308,Đậu Phụ,11970038,Đậu nhồi thịt - Tofu stuffed with meat,,84000.0,84000.0,0,0,0,7,2,https://media.be.com.vn/be-food/image/f566305b-50c5-11f1-8683-3a351028b633/resized_thumbnail_w1080_h1080,dau-nhoi-thit-tofu-stuffed-with-meat,
134203,134203,Cơm Lệ - Ấm Vị Gia Đình - 135 Triệu Việt Vương,1994308,Đậu Phụ,11970039,Đậu phụ Tứ Xuyên - Szechuan tofu,,114000.0,114000.0,0,0,0,7,3,https://media.be.com.vn/be-food/image/edfcdbe4-50c5-11f1-8683-3a351028b633/resized_thumbnail_w1080_h1080,dau-phu-tu-xuyen-szechuan-tofu,
134203,134203,Cơm Lệ - Ấm Vị Gia Đình - 135 Triệu Việt Vương,1994310,Canh,11970042,Canh cua - Crab soup,,96000.0,96000.0,2,0,0,9,1,https://media.be.com.vn/be-food/image/ea764d36-50c2-11f1-8db8-3e6660809d72/resized_thumbnail_w1080_h1080,canh-cua-crab-soup,
134203,134203,Cơm Lệ - Ấm Vị Gia Đình - 135 Triệu Việt Vương,1994310,Canh,11970043,Canh cải thịt băm,Minced meat vegetable soup,90000.0,90000.0,0,0,0,9,2,https://media.be.com.vn/be-food/image/5aeeac6f-50c6-11f1-8d18-dadbc64f7918/resized_thumbnail_w1080_h1080,canh-cai-thit-bam,
134203,134203,Cơm Lệ - Ấm Vị Gia Đình - 135 Triệu Việt Vương,1994310,Canh,11970044,Canh thịt chua - Meat sour soup,,90000.0,90000.0,1,0,0,9,3,https://media.be.com.vn/be-food/image/5496f59d-50c6-11f1-8683-3a351028b633/resized_thumbnail_w1080_h1080,canh-thit-chua-meat-sour-soup,
134203,134203,Cơm Lệ - Ấm Vị Gia Đình - 135 Triệu Việt Vương,1994311,Rau,11970045,Rau muống xào - Spinach sauteed garlic,,66000.0,66000.0,0,0,0,10,1,https://media.be.com.vn/be-food/image/dbfb9f54-50c2-11f1-8683-3a351028b633/resized_thumbnail_w1080_h1080,rau-muong-xao-spinach-sauteed-garlic,
134203,134203,Cơm Lệ - Ấm Vị Gia Đình - 135 Triệu Việt Vương,1994311,Rau,11970046,Cải luộc chấm trứng - Boiled cabbage with egg,,72000.0,72000.0,0,0,0,10,2,https://media.be.com.vn/be-food/image/7ee41ef7-50c6-11f1-ad42-166496a6b8bb/resized_thumbnail_w1080_h1080,cai-luoc-cham-trung-boiled-cabbage-with-egg,
134203,134203,Cơm Lệ - Ấm Vị Gia Đình - 135 Triệu Việt Vương,1994311,Rau,11970047,Rau củ quả luộc,,72000.0,72000.0,1,0,0,10,3,https://media.be.com.vn/be-food/image/77d673df-50c6-11f1-8d18-dadbc64f7918/resized_thumbnail_w1080_h1080,rau-cu-qua-luoc,
134203,134203,Cơm Lệ - Ấm Vị Gia Đình - 135 Triệu Việt Vương,1994311,Rau,11970048,Kho quẹt - Warehouse swipe,,72000.0,72000.0,1,0,0,10,4,https://media.be.com.vn/be-food/image/6a8e2928-50c6-11f1-ad42-166496a6b8bb/resized_thumbnail_w1080_h1080,kho-quet-warehouse-swipe,
134203,134203,Cơm Lệ - Ấm Vị Gia Đình - 135 Triệu Việt Vương,1994311,Rau,11970049,Mướp đắng xào trứng,Stir-fried bitter melon with eggs,90000.0,90000.0,0,0,0,10,5,https://media.be.com.vn/be-food/image/63caf30d-50c6-11f1-8d18-dadbc64f7918/resized_thumbnail_w1080_h1080,muop-dang-xao-trung,
4486,4486,"Bento Delichi (by Cooky) - Cơm Gà Mắm Tỏi, Xối Mỡ - Xã Đàn",1092446,ƯU ĐÃI HOT,10360352,Cơm Gà Xối Mỡ (Đùi Tỏi/Má Đùi) + Canh Cải Ngọt,"Đùi Tỏi/Má Đùi Tươi 100% sốt tự chọn, đậm đà vị ngon khi kết hợp với cơm dẻo và canh cải theo mùa. Có dưa leo và xà lách ăn kèm!",69000.0,71000.0,63,1,0,1,2,https://media.be.com.vn/be-food/image/681c3979-a8b1-11f0-9063-66448d787802/resized_thumbnail_w1080_h1080,com-ga-xoi-mo-dui-toi-ma-dui-canh-cai-ngot,
4486,4486,"Bento Delichi (by Cooky) - Cơm Gà Mắm Tỏi, Xối Mỡ - Xã Đàn",1092446,ƯU ĐÃI HOT,11780637,Cơm Gà Xối Mỡ (Đùi Tỏi/Má Đùi) + Canh Cải Ngọt,"Đùi Tỏi/Má Đùi Tươi 100% sốt tự chọn, đậm đà vị ngon khi kết hợp với cơm dẻo và canh cải theo mùa. Có dưa leo và xà lách ăn kèm!",49700.0,71000.0,197,2,1,1,4,https://media.be.com.vn/bizops/image/00166c85-2eff-11f1-b67e-9aaf2a798701/resized_thumbnail_w1080_h1080,com-ga-xoi-mo-dui-toi-ma-dui-canh-cai-ngot,
4486,4486,"Bento Delichi (by Cooky) - Cơm Gà Mắm Tỏi, Xối Mỡ - Xã Đàn",4350,CƠM GÀ LỚN,94965,Cơm Gà Sốt Lá Chanh (Lớn),"Đùi gà góc tư tươi ngon sốt lá chanh thơm đặc trưng, đậm đà. Kết hợp với cơm vàng dẻo thơm, ăn kèm dưa chuột và xà lách. Món ngon không thể bỏ lỡ!",75000.0,75000.0,1260,10,2,2,1,https://media.be.com.vn/be-food/image/a5868a25-fdce-11ed-8f30-62ae068a1e77/original,com-ga-sot-la-chanh-lon,
4486,4486,"Bento Delichi (by Cooky) - Cơm Gà Mắm Tỏi, Xối Mỡ - Xã Đàn",4350,CƠM GÀ LỚN,94969,Cơm Gà Xối Mắm Tỏi (Lớn),"Đùi gà góc tư tươi ngon sốt mắm tỏi phi thơm lừng, đậm đà. Kết hợp với cơm vàng dẻo thơm, ăn kèm dưa chuột và xà lách. Món ngon không thể bỏ lỡ!",75000.0,75000.0,5283,41,2,2,2,https://media.be.com.vn/be-food/image/f6948d0a-fdce-11ed-8f30-62ae068a1e77/original,com-ga-xoi-mam-toi-lon,
4486,4486,"Bento Delichi (by Cooky) - Cơm Gà Mắm Tỏi, Xối Mỡ - Xã Đàn",4350,CƠM GÀ LỚN,94974,Cơm Gà Sốt Cay (Lớn),"Đùi gà góc tư tươi ngon sốt nước mắm ớt cay nồng, đậm đà. Kết hợp với cơm vàng dẻo thơm, ăn kèm dưa chuột và xà lách. Món ngon không thể bỏ lỡ!",75000.0,75000.0,2626,26,1,2,3,https://media.be.com.vn/be-food/image/9e0ed376-fdce-11ed-8f30-62ae068a1e77/original,com-ga-sot-cay-lon,
4486,4486,"Bento Delichi (by Cooky) - Cơm Gà Mắm Tỏi, Xối Mỡ - Xã Đàn",4350,CƠM GÀ LỚN,94976,Cơm Gà Sốt Me (Lớn),"Đùi gà góc tư tươi ngon sốt me chua ngọt đậm đà, thơm ngon. Kết hợp với cơm vàng dẻo thơm, ăn kèm dưa chuột và xà lách. Món ngon không thể bỏ lỡ!",75000.0,75000.0,1468,14,2,2,4,https://media.be.com.vn/be-food/image/b5af6985-fdce-11ed-99ae-5e8316b9abf2/original,com-ga-sot-me-lon,
4486,4486,"Bento Delichi (by Cooky) - Cơm Gà Mắm Tỏi, Xối Mỡ - Xã Đàn",4350,CƠM GÀ LỚN,737509,Cơm Gà Sốt Thái (Lớn),"Đùi gà góc tư tươi ngon sốt chua cay hài hòa, đậm đà. Kết hợp với cơm vàng dẻo thơm, ăn kèm dưa chuột và xà lách. Món ngon không thể bỏ lỡ!",75000.0,75000.0,1346,11,1,2,5,https://media.be.com.vn/be-food/image/d74c5b13-fdd2-11ed-b897-9a6833b2fee5/original,com-ga-sot-thai-lon,
4486,4486,"Bento Delichi (by Cooky) - Cơm Gà Mắm Tỏi, Xối Mỡ - Xã Đàn",4350,CƠM GÀ LỚN,6509156,Cơm Gà Sốt Tiêu Xanh (Lớn),"Đùi gà góc tư tươi ngon sốt tiêu xanh thơm nồng, cay nhẹ, đậm đà. Kết hợp với cơm vàng dẻo thơm, ăn kèm dưa chuột và xà lách. Món ngon không thể bỏ lỡ!",75000.0,75000.0,183,1,0,2,6,https://media.be.com.vn/be-food/image/e263860b-fdce-11ed-8f30-62ae068a1e77/original,com-ga-sot-tieu-xanh-lon,
4486,4486,"Bento Delichi (by Cooky) - Cơm Gà Mắm Tỏi, Xối Mỡ - Xã Đàn",1160494,CƠM GÀ VỪA,7716578,Cơm Gà Sốt Tiêu Xanh (Vừa),"2/3 đùi gà góc tư tươi ngon ướp đẫm xốt tiêu xanh thơm nồng, cay nhẹ. Cơm vàng dẻo thơm ăn kèm xà lách và dưa leo cho bữa ăn thêm tròn vị.",67000.0,67000.0,58,0,0,3,1,https://media.be.com.vn/be-food/image/f9be7507-9d9b-11ef-8d88-0695c6df6d37/original,com-ga-sot-tieu-xanh-vua,
4486,4486,"Bento Delichi (by Cooky) - Cơm Gà Mắm Tỏi, Xối Mỡ - Xã Đàn",1160494,CƠM GÀ VỪA,7716616,Cơm Gà Sốt Me (Vừa),"2/3 đùi gà góc tư tươi, xốt đậm đà hương vị chua ngọt của xốt me thấm trong từng thớ thịt. Cơm vàng dẻo thơm ăn kèm xà lách và dưa leo cho bữa ăn thêm tròn vị.",67000.0,67000.0,34,0,0,3,2,https://media.be.com.vn/be-food/image/0ef2ed22-9d9c-11ef-8510-8ea7808cbcf4/original,com-ga-sot-me-vua,
4486,4486,"Bento Delichi (by Cooky) - Cơm Gà Mắm Tỏi, Xối Mỡ - Xã Đàn",1160494,CƠM GÀ VỪA,7716640,Cơm Gà Sốt Mắm Tỏi (Vừa),"Hương vị mắm tỏi thơm lừng thấm đẫm trong miếng 2/3 đùi gà góc tư tươi ngon, đậm đà khó cưỡng. Ăn kèm Cơm vàng dẻo thơm ăn kèm xà lách và dưa leo cho bữa ăn thêm tròn vị.",67000.0,67000.0,248,1,1,3,3,https://media.be.com.vn/be-food/image/23beaa56-9d9c-11ef-81cc-d24fde1987a0/original,com-ga-sot-mam-toi-vua,
4486,4486,"Bento Delichi (by Cooky) - Cơm Gà Mắm Tỏi, Xối Mỡ - Xã Đàn",1160494,CƠM GÀ VỪA,7716655,Cơm Gà Sốt Thái (Vừa),2/3 đùi gà góc tư tươi ngon xốt Thái chua cay nồng nàn. Cơm vàng dẻo thơm ăn kèm xà lách và dưa leo cho bữa ăn thêm tròn vị.,67000.0,67000.0,22,0,0,3,4,https://media.be.com.vn/be-food/image/39e1eece-9d9c-11ef-bd66-b239c83a8124/original,com-ga-sot-thai-vua,
4486,4486,"Bento Delichi (by Cooky) - Cơm Gà Mắm Tỏi, Xối Mỡ - Xã Đàn",1160494,CƠM GÀ VỪA,8430508,Cơm Gà Sốt Cay (Vừa),2/3 đùi gà góc tư tươi ngon phủ lớp xốt cay nồng đậm đà. Cơm vàng dẻo thơm ăn kèm xà lách và dưa leo cho bữa ăn thêm tròn vị.,67000.0,67000.0,57,0,0,3,5,https://media.be.com.vn/be-food/image/26a79fc9-e396-11ef-bd66-b239c83a8124/original,com-ga-sot-cay-vua,
4486,4486,"Bento Delichi (by Cooky) - Cơm Gà Mắm Tỏi, Xối Mỡ - Xã Đàn",299128,CƠM GÀ NHỎ,737511,Cơm Gà Sốt Thái (Đùi Tỏi/Má Đùi),"Gà tươi ngon (chọn Má Đùi hoặc Đùi Tỏi) sốt chua cay đặc trưng, đậm đà. Kết hợp với cơm vàng dẻo thơm, ăn kèm dưa chuột và xà lách.",56000.0,56000.0,934,4,1,4,1,https://media.be.com.vn/be-food/image/c55d1765-fdd2-11ed-b897-9a6833b2fee5/original,com-ga-sot-thai-dui-toi-ma-dui,
4486,4486,"Bento Delichi (by Cooky) - Cơm Gà Mắm Tỏi, Xối Mỡ - Xã Đàn",299128,CƠM GÀ NHỎ,2065105,Cơm Gà Xối Mắm Tỏi (Đùi Tỏi/Má Đùi),"Gà tươi ngon (chọn Má Đùi hoặc Đùi Tỏi) sốt mắm tỏi phi thơm lừng, đậm đà. Kết hợp với cơm vàng dẻo thơm, ăn kèm dưa chuột và xà lách.",55000.0,56000.0,2587,15,2,4,2,https://media.be.com.vn/be-food/image/3d5dd03d-fdce-11ed-a1e9-7acc7c0c1a90/resized_thumbnail_w1080_h1080,com-ga-xoi-mam-toi-dui-toi-ma-dui,
4486,4486,"Bento Delichi (by Cooky) - Cơm Gà Mắm Tỏi, Xối Mỡ - Xã Đàn",299128,CƠM GÀ NHỎ,2065356,Cơm Gà Xối Mỡ (Đùi Tỏi/Má Đùi),"Gà tươi ngon (chọn Má Đùi hoặc Đùi Tỏi) xối mỡ hấp dẫn, kèm xốt mắm tỏi đậm đà. Kết hợp với cơm vàng dẻo thơm, ăn kèm dưa chuột và xà lách.",56000.0,56000.0,430,4,0,4,3,https://media.be.com.vn/be-food/image/4559740c-fdce-11ed-a1e9-7acc7c0c1a90/resized_thumbnail_w1080_h1080,com-ga-xoi-mo-dui-toi-ma-dui,
4486,4486,"Bento Delichi (by Cooky) - Cơm Gà Mắm Tỏi, Xối Mỡ - Xã Đàn",299128,CƠM GÀ NHỎ,2065363,Cơm Gà Sốt Me (Đùi Tỏi/Má Đùi),"Gà tươi ngon (chọn Má Đùi hoặc Đùi Tỏi) sốt me chua ngọt đậm đà, thơm ngon. Kết hợp với cơm vàng dẻo thơm, ăn kèm dưa chuột và xà lách.",56000.0,56000.0,614,6,2,4,4,https://media.be.com.vn/be-food/image/4cd00f4c-fdce-11ed-b897-9a6833b2fee5/resized_thumbnail_w1080_h1080,com-ga-sot-me-dui-toi-ma-dui,
4486,4486,"Bento Delichi (by Cooky) - Cơm Gà Mắm Tỏi, Xối Mỡ - Xã Đàn",299128,CƠM GÀ NHỎ,2065664,Cơm Gà Sốt Cay (Đùi Tỏi/Má Đùi),"Gà tươi ngon (chọn Má Đùi hoặc Đùi Tỏi) sốt nước mắm ớt cay nồng, đậm đà. Kết hợp với cơm vàng dẻo thơm, ăn kèm dưa chuột và xà lách.",56000.0,56000.0,620,3,2,4,5,https://media.be.com.vn/be-food/image/5899da32-fdce-11ed-b897-9a6833b2fee5/resized_thumbnail_w1080_h1080,com-ga-sot-cay-dui-toi-ma-dui,
4486,4486,"Bento Delichi (by Cooky) - Cơm Gà Mắm Tỏi, Xối Mỡ - Xã Đàn",299128,CƠM GÀ NHỎ,2065946,Cơm Gà Sốt Tiêu Xanh (Đùi Tỏi/Má Đùi),"Gà tươi ngon (chọn Má Đùi hoặc Đùi Tỏi) sốt tiêu xanh thơm nồng, cay nhẹ, đậm đà. Kết hợp với cơm vàng dẻo thơm, ăn kèm dưa chuột và xà lách.",56000.0,56000.0,383,5,0,4,6,https://media.be.com.vn/be-food/image/5fe7da87-fdce-11ed-a1e9-7acc7c0c1a90/resized_thumbnail_w1080_h1080,com-ga-sot-tieu-xanh-dui-toi-ma-dui,
4486,4486,"Bento Delichi (by Cooky) - Cơm Gà Mắm Tỏi, Xối Mỡ - Xã Đàn",299128,CƠM GÀ NHỎ,2066183,Cơm Gà Sốt Lá Chanh (Đùi Tỏi/Má Đùi),"Gà tươi ngon (chọn Má Đùi hoặc Đùi Tỏi) sốt lá chanh thơm đặc trưng, đậm đà. Kết hợp với cơm vàng dẻo thơm, ăn kèm dưa chuột và xà lách.",56000.0,56000.0,346,1,0,4,7,https://media.be.com.vn/be-food/image/7480d386-fdce-11ed-b897-9a6833b2fee5/resized_thumbnail_w1080_h1080,com-ga-sot-la-chanh-dui-toi-ma-dui,
4486,4486,"Bento Delichi (by Cooky) - Cơm Gà Mắm Tỏi, Xối Mỡ - Xã Đàn",1099510,CƠM TẤM SƯỜN DELICHI,7331070,Cơm Tấm Sườn Nướng,"Sườn cốt lết nướng hương vị đậm đà, cơm tấm mềm thơm, có mỡ hành, tóp mỡ và đồ chua giòn giòn, kết hợp với nước mắm đặc trưng thêm ngon.",56000.0,59000.0,67,1,0,6,1,https://media.be.com.vn/bizops/image/a268c710-1330-11ef-b411-9e337230779d/resized_thumbnail_w1080_h1080,com-tam-suon-nuong,
4486,4486,"Bento Delichi (by Cooky) - Cơm Gà Mắm Tỏi, Xối Mỡ - Xã Đàn",1099510,CƠM TẤM SƯỜN DELICHI,7331126,Cơm Tấm Sườn Chả,"Cơm tấm mềm với Sườn Cốt Lết nướng đậm vị, chả trứng chất lượng, kèm mỡ hành, tóp mỡ, đồ chua xắt sợi, chấm cùng nước mắm thêm ngon.",65000.0,66000.0,32,0,0,6,2,https://media.be.com.vn/bizops/image/fc067684-1330-11ef-9c7d-4a25ba94d9f3/resized_thumbnail_w1080_h1080,com-tam-suon-cha,
4486,4486,"Bento Delichi (by Cooky) - Cơm Gà Mắm Tỏi, Xối Mỡ - Xã Đàn",63231,CƠM GÀ VỪA,503594,Cơm Gà Xối Mắm Tỏi,,56000.0,56000.0,67,0,0,9,1,https://media.be.com.vn/be-food/image/a356ad69-acad-11ed-8ca3-8e6f9560a813/resized_thumbnail_w1080_h1080,com-ga-xoi-mam-toi,
4486,4486,"Bento Delichi (by Cooky) - Cơm Gà Mắm Tỏi, Xối Mỡ - Xã Đàn",63231,CƠM GÀ VỪA,503595,Cơm Gà Xối Mỡ,,56000.0,56000.0,31,1,0,9,2,https://media.be.com.vn/be-food/image/a34b9e0e-acad-11ed-9fb5-aaa4923b8bae/resized_thumbnail_w1080_h1080,com-ga-xoi-mo,
4486,4486,"Bento Delichi (by Cooky) - Cơm Gà Mắm Tỏi, Xối Mỡ - Xã Đàn",63231,CƠM GÀ VỪA,503596,Cơm Gà Sốt Me,,56000.0,56000.0,15,0,1,9,3,https://media.be.com.vn/be-food/image/a35c8248-acad-11ed-a491-220f4d9eeddb/resized_thumbnail_w1080_h1080,com-ga-sot-me,
4486,4486,"Bento Delichi (by Cooky) - Cơm Gà Mắm Tỏi, Xối Mỡ - Xã Đàn",63231,CƠM GÀ VỪA,503598,Cơm Gà Sốt Tiêu Đen,,56000.0,56000.0,14,0,1,9,4,https://media.be.com.vn/be-food/image/a35d008d-acad-11ed-9fb5-aaa4923b8bae/resized_thumbnail_w1080_h1080,com-ga-sot-tieu-den,
4486,4486,"Bento Delichi (by Cooky) - Cơm Gà Mắm Tỏi, Xối Mỡ - Xã Đàn",63231,CƠM GÀ VỪA,503599,Cơm Gà Sốt Cay,,56000.0,56000.0,9,0,2,9,5,https://media.be.com.vn/be-food/image/a3e15c73-acad-11ed-8ca3-8e6f9560a813/resized_thumbnail_w1080_h1080,com-ga-sot-cay,
4486,4486,"Bento Delichi (by Cooky) - Cơm Gà Mắm Tỏi, Xối Mỡ - Xã Đàn",63231,CƠM GÀ VỪA,503601,Cơm Gà Sốt Lá Chanh,,56000.0,56000.0,14,0,0,9,6,https://media.be.com.vn/be-food/image/a48cac58-acad-11ed-8ca3-8e6f9560a813/resized_thumbnail_w1080_h1080,com-ga-sot-la-chanh,
4486,4486,"Bento Delichi (by Cooky) - Cơm Gà Mắm Tỏi, Xối Mỡ - Xã Đàn",1500264,Món Mới,10670171,Cơm Gà Sốt Muối Ớt Nướng,"Gà tươi, Đùi Góc Tư, được xốt thấm vị ăn kèm cơm vàng rất ngon. Món mới bao ngon",72000.0,75000.0,9,0,0,10,1,https://media.be.com.vn/be-food/image/6c485ee2-c45d-11f0-8b11-e6e7ca75c48c/resized_thumbnail_w1080_h1080,com-ga-sot-muoi-ot-nuong,
4486,4486,"Bento Delichi (by Cooky) - Cơm Gà Mắm Tỏi, Xối Mỡ - Xã Đàn",1500264,Món Mới,10670495,Cơm Gà Sốt Muối Ớt Nướng (Đùi Tỏi/Má Đùi),Gà tươi được xốt thấm vị ăn kèm cơm vàng. Món mới bao ngon,55000.0,56000.0,5,0,0,10,2,https://media.be.com.vn/be-food/image/86cf1ec8-c45d-11f0-8021-922c9d42c616/resized_thumbnail_w1080_h1080,com-ga-sot-muoi-ot-nuong-dui-toi-ma-dui,
4486,4486,"Bento Delichi (by Cooky) - Cơm Gà Mắm Tỏi, Xối Mỡ - Xã Đàn",1500264,Món Mới,10783416,Cơm Sườn Nướng Sốt Thái,"Sườn được xốt thấm vị ăn cùng cơm tấm dẻo mềm, có đồ chua ăn kèm",56000.0,59000.0,18,0,0,10,3,https://media.be.com.vn/be-food/image/3a340b84-0eac-11f0-81cc-d24fde1987a0/original,com-suon-nuong-sot-thai,
4486,4486,"Bento Delichi (by Cooky) - Cơm Gà Mắm Tỏi, Xối Mỡ - Xã Đàn",1500264,Món Mới,10783434,Cơm Sườn Sốt Muối Ớt Nướng,Sườn được xốt thấm vị ăn cùng cơm trắng nóng hổi rất ngon. Có đồ chua ăn kèm.,56000.0,59000.0,18,0,0,10,4,https://media.be.com.vn/be-food/image/dba82a92-c45a-11f0-8021-922c9d42c616/resized_thumbnail_w1080_h1080,com-suon-sot-muoi-ot-nuong,
4486,4486,"Bento Delichi (by Cooky) - Cơm Gà Mắm Tỏi, Xối Mỡ - Xã Đàn",1615388,Cơm Văn Phòng Delichi,10626545,Cơm Gà Kho Sả Ớt,"Cơm gà kho sả ớt đậm đà, thơm nồng sả ớt, cay nhẹ, ăn kèm cơm trắng nóng hổi rất đưa miệng",35000.0,55000.0,34,0,0,11,1,https://media.be.com.vn/be-food/image/9e8d774a-c03e-11f0-8b11-e6e7ca75c48c/resized_thumbnail_w1080_h1080,com-ga-kho-sa-ot,
4486,4486,"Bento Delichi (by Cooky) - Cơm Gà Mắm Tỏi, Xối Mỡ - Xã Đàn",1615388,Cơm Văn Phòng Delichi,10756244,Cơm Gà Kho Sả Ớt,"Cơm gà kho sả ớt đậm đà, thơm nồng sả ớt, cay nhẹ, ăn kèm cơm trắng nóng hổi rất đưa miệng",39000.0,55000.0,112,1,0,11,2,https://media.be.com.vn/bizops/image/fea802c6-ce6f-11f0-9063-66448d787802/resized_thumbnail_w1080_h1080,com-ga-kho-sa-ot,
4486,4486,"Bento Delichi (by Cooky) - Cơm Gà Mắm Tỏi, Xối Mỡ - Xã Đàn",1615388,Cơm Văn Phòng Delichi,10819092,Cơm Thịt Ba Chỉ Kho Tiêu,"Thịt kho tiêu mềm thấm vị, tiêu cay nồng thơm lừng, hấp dẫn",35000.0,55000.0,46,0,0,11,3,https://media.be.com.vn/be-food/image/07ae6299-d418-11f0-8b11-e6e7ca75c48c/resized_thumbnail_w1080_h1080,com-thit-ba-chi-kho-tieu,
4486,4486,"Bento Delichi (by Cooky) - Cơm Gà Mắm Tỏi, Xối Mỡ - Xã Đàn",1615388,Cơm Văn Phòng Delichi,11552039,Cơm Thịt Xá Xíu,"Cơm thịt xá xíu nướng đỏ óng, mềm ngọt, đậm vị mật ong, ăn kèm xà lách và đồ chua ngon khó cưỡng.",35000.0,55000.0,6,0,0,11,4,https://media.be.com.vn/be-food/image/1996a28f-1799-11f1-b67e-9aaf2a798701/resized_thumbnail_w1080_h1080,com-thit-xa-xiu,
4486,4486,"Bento Delichi (by Cooky) - Cơm Gà Mắm Tỏi, Xối Mỡ - Xã Đàn",1615388,Cơm Văn Phòng Delichi,12189957,Cơm Thịt Ba Chỉ Kho Tiêu,"Thịt kho tiêu mềm thấm vị, tiêu cay nồng thơm lừng, hấp dẫn",39000.0,55000.0,22,0,0,11,5,https://media.be.com.vn/bizops/image/dd5e2d39-4cfa-11f1-b63c-1ec8367384f0/resized_thumbnail_w1080_h1080,com-thit-ba-chi-kho-tieu,
31187,31187,Đáng Vũ - Bánh Cuốn Nóng Gia Truyền - Lương Định Của,278454,Menu,1979380,Bánh cuốn chả quế,,45000.0,45000.0,634,5,0,1,2,https://media.be.com.vn/be-food/image/75ff3ac2-4367-11ee-bfaa-82e52b34e173/original,banh-cuon-cha-que,
31187,31187,Đáng Vũ - Bánh Cuốn Nóng Gia Truyền - Lương Định Của,278454,Menu,1979381,Bánh cuốn không chả,,35000.0,35000.0,151,1,0,1,3,https://media.be.com.vn/be-food/image/75dd48a4-4367-11ee-8146-82365e52a8ee/resized_thumbnail_w1080_h1080,banh-cuon-khong-cha,
31187,31187,Đáng Vũ - Bánh Cuốn Nóng Gia Truyền - Lương Định Của,278454,Menu,1979385,Gà ta tần,,65000.0,65000.0,26,0,0,1,4,https://media.be.com.vn/be-food/image/753c2a36-4367-11ee-b2af-3ea2e1c5510b/resized_thumbnail_w1080_h1080,ga-ta-tan,
31187,31187,Đáng Vũ - Bánh Cuốn Nóng Gia Truyền - Lương Định Của,278454,Menu,1979383,Gà ác tần,,80000.0,80000.0,33,1,0,1,5,https://media.be.com.vn/be-food/image/7592940f-4367-11ee-8146-82365e52a8ee/resized_thumbnail_w1080_h1080,ga-ac-tan,
31187,31187,Đáng Vũ - Bánh Cuốn Nóng Gia Truyền - Lương Định Của,278454,Menu,1979384,Bánh cuốn chả nướng,,45000.0,45000.0,367,2,1,1,6,https://media.be.com.vn/be-food/image/757e2235-4367-11ee-8146-82365e52a8ee/resized_thumbnail_w1080_h1080,banh-cuon-cha-nuong,
31187,31187,Đáng Vũ - Bánh Cuốn Nóng Gia Truyền - Lương Định Của,278454,Menu,1979382,Bánh cuốn chả lẫn,,55000.0,55000.0,266,2,1,1,7,https://media.be.com.vn/be-food/image/75a5ad2c-4367-11ee-bfaa-82e52b34e173/resized_thumbnail_w1080_h1080,banh-cuon-cha-lan,
31187,31187,Đáng Vũ - Bánh Cuốn Nóng Gia Truyền - Lương Định Của,278454,Menu,1979386,Mì gà ác,,95000.0,95000.0,4,0,0,1,8,https://media.be.com.vn/be-food/image/75334efc-4367-11ee-8146-82365e52a8ee/resized_thumbnail_w1080_h1080,mi-ga-ac,
31187,31187,Đáng Vũ - Bánh Cuốn Nóng Gia Truyền - Lương Định Của,278454,Menu,1979387,Mì gà ta,,80000.0,80000.0,10,0,0,1,9,https://media.be.com.vn/be-food/image/751eb308-4367-11ee-8146-82365e52a8ee/resized_thumbnail_w1080_h1080,mi-ga-ta,
31187,31187,Đáng Vũ - Bánh Cuốn Nóng Gia Truyền - Lương Định Của,278454,Menu,9512185,Bánh cuốn chả đầy đủ,Chả nướng +chả quế +chả mỡ,65000.0,65000.0,29,0,0,1,10,https://media.be.com.vn/be-food/image/ff6876d4-4d2b-11f0-80f8-e214f3662ea7/resized_thumbnail_w1080_h1080,banh-cuon-cha-day-du,
8785,8785,Korean Chicken - Gà Rán Truyền Thống Hàn Quốc - Bạch Mai,31402,GÀ NỬA CON,276804,Gà rán mix Nửa Con(1/2 sốt Cay Ngọt),,160000.0,160000.0,722,15,1,1,1,https://media.be.com.vn/bizops/image/7756ea13-394b-11f0-81cc-d24fde1987a0/original,ga-ran-mix-nua-con-1-2-sot-cay-ngot,
8785,8785,Korean Chicken - Gà Rán Truyền Thống Hàn Quốc - Bạch Mai,31402,GÀ NỬA CON,276805,Nửa Con Mix( Mật Ong/ Sốt Cay Ngọt,,170000.0,170000.0,269,7,0,1,2,https://media.be.com.vn/bizops/image/cf0d5864-394b-11f0-81cc-d24fde1987a0/original,nua-con-mix-mat-ong-sot-cay-ngot,
8785,8785,Korean Chicken - Gà Rán Truyền Thống Hàn Quốc - Bạch Mai,31402,GÀ NỬA CON,276806,Gà rán truyền thống,,150000.0,150000.0,322,2,0,1,3,https://media.be.com.vn/bizops/image/b58051c2-394b-11f0-bd66-b239c83a8124/original,ga-ran-truyen-thong,
8785,8785,Korean Chicken - Gà Rán Truyền Thống Hàn Quốc - Bạch Mai,31402,GÀ NỬA CON,276807,Gà rán sốt Cay Ngọt Nửa Con,,170000.0,170000.0,114,1,0,1,4,https://media.be.com.vn/bizops/image/c5c302ae-394b-11f0-81cc-d24fde1987a0/original,ga-ran-sot-cay-ngot-nua-con,
8785,8785,Korean Chicken - Gà Rán Truyền Thống Hàn Quốc - Bạch Mai,31401,GÀ 1 CON,276801,Gà rán mix 1 Con (1/2 sốt Cay Ngọt ),Gà rán mix là gà rán gồm 1 nửa con có sốt và 1 nửa còn lại không sốt,305000.0,305000.0,156,3,1,2,1,https://media.be.com.vn/bizops/image/c2ae6fa5-394b-11f0-81cc-d24fde1987a0/original,ga-ran-mix-1-con-1-2-sot-cay-ngot,
8785,8785,Korean Chicken - Gà Rán Truyền Thống Hàn Quốc - Bạch Mai,31401,GÀ 1 CON,276803,Gà rán Giòn truyền thống 1 con,Chúc quý khách ăn ngon miệng,290000.0,290000.0,58,0,0,2,3,https://media.be.com.vn/bizops/image/bd91781c-394b-11f0-81cc-d24fde1987a0/original,ga-ran-gion-truyen-thong-1-con,
8785,8785,Korean Chicken - Gà Rán Truyền Thống Hàn Quốc - Bạch Mai,31398,MÓN NGON CÙNG COCA COLA,276776,Gà Rán Mix Nửa Con (1/2 Sốt) + 01 Chai Coca 300ml,,169000.0,169000.0,454,9,0,3,1,https://media.be.com.vn/bizops/image/b9027bdf-394b-11f0-bd66-b239c83a8124/original,ga-ran-mix-nua-con-1-2-sot-01-chai-coca-300ml,
8785,8785,Korean Chicken - Gà Rán Truyền Thống Hàn Quốc - Bạch Mai,31398,MÓN NGON CÙNG COCA COLA,276777,Gà Rút Xương Sốt Size Nhỏ+ 01 Chai Coca 300ml,,145000.0,145000.0,243,5,1,3,2,https://media.be.com.vn/bizops/image/08414910-394c-11f0-8d88-0695c6df6d37/original,ga-rut-xuong-sot-size-nho-01-chai-coca-300ml,
8785,8785,Korean Chicken - Gà Rán Truyền Thống Hàn Quốc - Bạch Mai,31398,MÓN NGON CÙNG COCA COLA,276778,Gà Rán Mix Nửa Con( 1/2 Sốt) + 01 Chai Sprite 300ml,,169000.0,169000.0,81,6,0,3,3,https://media.be.com.vn/bizops/image/90d2b12b-394b-11f0-81cc-d24fde1987a0/original,ga-ran-mix-nua-con-1-2-sot-01-chai-sprite-300ml,
8785,8785,Korean Chicken - Gà Rán Truyền Thống Hàn Quốc - Bạch Mai,31398,MÓN NGON CÙNG COCA COLA,276779,Gà Rán Sốt Cay Ngọt Nửa Con+ 01 Chai Coca 300ml,,179000.0,179000.0,113,1,0,3,4,https://media.be.com.vn/bizops/image/a3c3e4f3-394b-11f0-8d88-0695c6df6d37/original,ga-ran-sot-cay-ngot-nua-con-01-chai-coca-300ml,
8785,8785,Korean Chicken - Gà Rán Truyền Thống Hàn Quốc - Bạch Mai,31398,MÓN NGON CÙNG COCA COLA,276780,Gà Rút Xương Sốt Size Nhỏ+ 01 Chai Sprite 300ml,,145000.0,145000.0,86,2,0,3,5,https://media.be.com.vn/bizops/image/9691afc4-394b-11f0-81cc-d24fde1987a0/original,ga-rut-xuong-sot-size-nho-01-chai-sprite-300ml,
8785,8785,Korean Chicken - Gà Rán Truyền Thống Hàn Quốc - Bạch Mai,31398,MÓN NGON CÙNG COCA COLA,276781,Gà Rán Sốt Cay Ngọt Nửa Con+ 01 Chai Sprite 300ml,,179000.0,179000.0,28,0,0,3,6,https://media.be.com.vn/bizops/image/9e25b44e-394b-11f0-81cc-d24fde1987a0/original,ga-ran-sot-cay-ngot-nua-con-01-chai-sprite-300ml,
8785,8785,Korean Chicken - Gà Rán Truyền Thống Hàn Quốc - Bạch Mai,31398,MÓN NGON CÙNG COCA COLA,276782,Gà Rút Xương Sốt Size Nhỏ+ 01 Chai Fanta 300ml,,145000.0,145000.0,54,0,0,3,7,https://media.be.com.vn/bizops/image/009067a2-394c-11f0-bd66-b239c83a8124/original,ga-rut-xuong-sot-size-nho-01-chai-fanta-300ml,
8785,8785,Korean Chicken - Gà Rán Truyền Thống Hàn Quốc - Bạch Mai,31398,MÓN NGON CÙNG COCA COLA,276783,Gà Rán Mix Nửa Con(1/2 Sốt) + 01 Chai Fanta 300ml,,169000.0,169000.0,33,3,0,3,8,https://media.be.com.vn/bizops/image/039f6281-394c-11f0-81cc-d24fde1987a0/original,ga-ran-mix-nua-con-1-2-sot-01-chai-fanta-300ml,
8785,8785,Korean Chicken - Gà Rán Truyền Thống Hàn Quốc - Bạch Mai,31398,MÓN NGON CÙNG COCA COLA,276784,Gà Rán Sốt Cay Ngọt Nửa Con+ 01 Chai Fanta 300ml,,179000.0,179000.0,15,0,0,3,9,https://media.be.com.vn/bizops/image/440c6cb6-a3f9-11f0-8021-922c9d42c616/original,ga-ran-sot-cay-ngot-nua-con-01-chai-fanta-300ml,
8785,8785,Korean Chicken - Gà Rán Truyền Thống Hàn Quốc - Bạch Mai,31398,MÓN NGON CÙNG COCA COLA,276786,5 Đùi Rán Giòn+ 01 Chai Fanta 300ml,,205000.0,205000.0,4,0,0,3,11,https://media.be.com.vn/bizops/image/d4b1b6b6-394b-11f0-81cc-d24fde1987a0/original,5-dui-ran-gion-01-chai-fanta-300ml,
8785,8785,Korean Chicken - Gà Rán Truyền Thống Hàn Quốc - Bạch Mai,31398,MÓN NGON CÙNG COCA COLA,276790,5 Cánh Rán Giòn+ 01 Fanta Chai 300ml,,179000.0,179000.0,2,0,0,3,15,https://media.be.com.vn/bizops/image/c96a3a01-394b-11f0-8510-8ea7808cbcf4/original,5-canh-ran-gion-01-fanta-chai-300ml,
8785,8785,Korean Chicken - Gà Rán Truyền Thống Hàn Quốc - Bạch Mai,31398,MÓN NGON CÙNG COCA COLA,4023505,Gà Rán Mix Nửa Con( Nửa Sốt) + 01 Chai Sprite 300ml,,169000.0,169000.0,7,0,0,3,16,https://media.be.com.vn/bizops/image/9912552e-394b-11f0-bd66-b239c83a8124/original,ga-ran-mix-nua-con-nua-sot-01-chai-sprite-300ml,
8785,8785,Korean Chicken - Gà Rán Truyền Thống Hàn Quốc - Bạch Mai,31398,MÓN NGON CÙNG COCA COLA,4038277,Gà Rán Mix Nửa Con (N Sốt) + 01 Chai Coca 300ml,,169000.0,169000.0,11,0,0,3,17,https://media.be.com.vn/bizops/image/d1ee23b2-394b-11f0-8510-8ea7808cbcf4/original,ga-ran-mix-nua-con-n-sot-01-chai-coca-300ml,
8785,8785,Korean Chicken - Gà Rán Truyền Thống Hàn Quốc - Bạch Mai,31398,MÓN NGON CÙNG COCA COLA,4038312,Gà Rán Mix Nửa Con(Nửa Sốt) + 01 Chai Fanta 300ml,,169000.0,169000.0,4,0,0,3,18,https://media.be.com.vn/bizops/image/9bda087e-394b-11f0-8d88-0695c6df6d37/original,ga-ran-mix-nua-con-nua-sot-01-chai-fanta-300ml,
8785,8785,Korean Chicken - Gà Rán Truyền Thống Hàn Quốc - Bạch Mai,31403,GÀ MẬT ONG XÌ DẦU,276810,Nửa Con Sốt Xì Dầu Mật Ong,,170000.0,170000.0,48,2,0,4,1,https://media.be.com.vn/bizops/image/cbd58571-394b-11f0-8d88-0695c6df6d37/original,nua-con-sot-xi-dau-mat-ong,
8785,8785,Korean Chicken - Gà Rán Truyền Thống Hàn Quốc - Bạch Mai,31403,GÀ MẬT ONG XÌ DẦU,276811,Gà Rút Xương Xì Dầu Mật Ong,,230000.0,230000.0,34,1,1,4,2,https://media.be.com.vn/bizops/image/89b0fb6e-394b-11f0-81cc-d24fde1987a0/original,ga-rut-xuong-xi-dau-mat-ong,
8785,8785,Korean Chicken - Gà Rán Truyền Thống Hàn Quốc - Bạch Mai,31403,GÀ MẬT ONG XÌ DẦU,4038339,Gà rút xương xì dầu mật ong size nhỏ,,135000.0,135000.0,161,3,0,4,3,https://media.be.com.vn/be-food/image/28e00ea4-2304-11ed-9985-46ef85b7fc92/original,ga-rut-xuong-xi-dau-mat-ong-size-nho,
8785,8785,Korean Chicken - Gà Rán Truyền Thống Hàn Quốc - Bạch Mai,31400,GÀ RÚT XƯƠNG,276798,Gà rút xương sốt- size nhỏ,,135000.0,135000.0,685,14,0,5,1,https://media.be.com.vn/bizops/image/c042bdc0-394b-11f0-8510-8ea7808cbcf4/original,ga-rut-xuong-sot-size-nho,
8785,8785,Korean Chicken - Gà Rán Truyền Thống Hàn Quốc - Bạch Mai,31400,GÀ RÚT XƯƠNG,276799,Gà Rút Xương Rán Giòn,,220000.0,220000.0,31,2,0,5,2,https://media.be.com.vn/bizops/image/d7daee53-394b-11f0-bd66-b239c83a8124/original,ga-rut-xuong-ran-gion,
8785,8785,Korean Chicken - Gà Rán Truyền Thống Hàn Quốc - Bạch Mai,31400,GÀ RÚT XƯƠNG,276800,Gà rút xương sốt- size lớn,,230000.0,230000.0,136,4,0,5,3,https://media.be.com.vn/bizops/image/938b9775-394b-11f0-8d88-0695c6df6d37/original,ga-rut-xuong-sot-size-lon,
8785,8785,Korean Chicken - Gà Rán Truyền Thống Hàn Quốc - Bạch Mai,596482,MÓN NGON TẶNG COCA,4038148,Gà rút xương sốt cay ngọt size nhỏ+ kimbap chiên( tặng 1 coca 300ml),,179000.0,179000.0,134,4,0,6,1,https://media.be.com.vn/be-food/image/8b20005b-44e7-11ed-8cb7-32beddd67316/original,ga-rut-xuong-sot-cay-ngot-size-nho-kimbap-chien-tang-1-coca-300ml,
8785,8785,Korean Chicken - Gà Rán Truyền Thống Hàn Quốc - Bạch Mai,596482,MÓN NGON TẶNG COCA,4038150,Gà rút xương sốt cay ngọt size nhỏ+ kimbap truyền thống( tặng 1 coca 300ml),,169000.0,169000.0,336,6,0,6,2,https://media.be.com.vn/be-food/image/c2c710cb-44e7-11ed-aee6-ea67af59ab83/original,ga-rut-xuong-sot-cay-ngot-size-nho-kimbap-truyen-thong-tang-1-coca-300ml,
8785,8785,Korean Chicken - Gà Rán Truyền Thống Hàn Quốc - Bạch Mai,41130,BEFOOOD,276795,"2 Đùi ,3 Cánh Rán Giòn",,179000.0,179000.0,97,1,0,8,1,https://media.be.com.vn/bizops/image/f74ace3c-394b-11f0-8d88-0695c6df6d37/original,2-dui-3-canh-ran-gion,
8785,8785,Korean Chicken - Gà Rán Truyền Thống Hàn Quốc - Bạch Mai,41130,BEFOOOD,276796,5 cánh rán Giòn,5 cánh+ củ cải + sôts,169000.0,169000.0,22,0,0,8,2,https://media.be.com.vn/bizops/image/a65b3d2b-394b-11f0-8d88-0695c6df6d37/original,5-canh-ran-gion,
8785,8785,Korean Chicken - Gà Rán Truyền Thống Hàn Quốc - Bạch Mai,41130,BEFOOOD,276797,5 đùi rán Giòn,,195000.0,195000.0,12,1,0,8,3,https://media.be.com.vn/bizops/image/f16a74f4-394b-11f0-8510-8ea7808cbcf4/original,5-dui-ran-gion,
65884,65884,Kaoya Hotpot - Mì Vịt Quay & Cơm Xá Xíu - Lương Định Của,734814,Cơm,4995410,Cơm rang đậu hũ hồng xíu,,75000.0,75000.0,8,0,0,1,1,https://media.be.com.vn/bizops/image/acd06f53-747a-11ee-b2af-3ea2e1c5510b/resized_thumbnail_w1080_h1080,com-rang-dau-hu-hong-xiu,
65884,65884,Kaoya Hotpot - Mì Vịt Quay & Cơm Xá Xíu - Lương Định Của,734814,Cơm,4995411,Cơm rang đậu sốt tứ xuyên,,75000.0,75000.0,81,0,1,1,2,https://media.be.com.vn/bizops/image/c8654178-747a-11ee-8e31-f638ae20f033/resized_thumbnail_w1080_h1080,com-rang-dau-sot-tu-xuyen,
65884,65884,Kaoya Hotpot - Mì Vịt Quay & Cơm Xá Xíu - Lương Định Của,734814,Cơm,4995412,Cơm rang gà quay Quảng Đông,Giá trên bao gồm hộp giữ VSATTP,75000.0,75000.0,72,2,0,1,3,https://media.be.com.vn/bizops/image/e2cce2c9-747a-11ee-8e31-f638ae20f033/resized_thumbnail_w1080_h1080,com-rang-ga-quay-quang-dong,
65884,65884,Kaoya Hotpot - Mì Vịt Quay & Cơm Xá Xíu - Lương Định Của,734814,Cơm,4995414,Cơm rang trứng ốp la - canh rau củ quả,,60000.0,60000.0,3,0,0,1,4,https://media.be.com.vn/bizops/image/12393bba-747b-11ee-8e31-f638ae20f033/resized_thumbnail_w1080_h1080,com-rang-trung-op-la-canh-rau-cu-qua,
65884,65884,Kaoya Hotpot - Mì Vịt Quay & Cơm Xá Xíu - Lương Định Của,734814,Cơm,4995415,Cơm rang vịt quay xá xíu,,85000.0,85000.0,180,2,0,1,5,https://media.be.com.vn/bizops/image/2c35caa9-747b-11ee-8146-82365e52a8ee/resized_thumbnail_w1080_h1080,com-rang-vit-quay-xa-xiu,
65884,65884,Kaoya Hotpot - Mì Vịt Quay & Cơm Xá Xíu - Lương Định Của,734814,Cơm,4995416,Cơm rang vịt quay,,75000.0,75000.0,522,3,1,1,6,https://media.be.com.vn/bizops/image/3d156d42-747b-11ee-bfaa-82e52b34e173/resized_thumbnail_w1080_h1080,com-rang-vit-quay,
65884,65884,Kaoya Hotpot - Mì Vịt Quay & Cơm Xá Xíu - Lương Định Của,734814,Cơm,4995417,Cơm rang xá xíu,,75000.0,75000.0,314,4,0,1,7,https://media.be.com.vn/bizops/image/4b0389f7-747b-11ee-8e31-f638ae20f033/resized_thumbnail_w1080_h1080,com-rang-xa-xiu,
65884,65884,Kaoya Hotpot - Mì Vịt Quay & Cơm Xá Xíu - Lương Định Của,734814,Cơm,4995418,Cơm trắng đặc biệt,,80000.0,80000.0,74,0,1,1,8,https://media.be.com.vn/bizops/image/578726aa-747b-11ee-b2af-3ea2e1c5510b/resized_thumbnail_w1080_h1080,com-trang-dac-biet,
65884,65884,Kaoya Hotpot - Mì Vịt Quay & Cơm Xá Xíu - Lương Định Của,734814,Cơm,4995419,Cơm trắng đậu hũ hồng xíu,,65000.0,65000.0,13,0,0,1,9,https://media.be.com.vn/bizops/image/745dff67-747b-11ee-bfaa-82e52b34e173/resized_thumbnail_w1080_h1080,com-trang-dau-hu-hong-xiu,
65884,65884,Kaoya Hotpot - Mì Vịt Quay & Cơm Xá Xíu - Lương Định Của,734814,Cơm,4995420,Cơm trắng gà quay Quảng Đông,,70000.0,70000.0,63,1,0,1,10,https://media.be.com.vn/bizops/image/8ae9329b-747b-11ee-bfaa-82e52b34e173/resized_thumbnail_w1080_h1080,com-trang-ga-quay-quang-dong,
65884,65884,Kaoya Hotpot - Mì Vịt Quay & Cơm Xá Xíu - Lương Định Của,734814,Cơm,4995421,Cơm trắng nọng heo quay BBQ,,70000.0,70000.0,158,1,1,1,11,https://media.be.com.vn/bizops/image/c6b188e0-747b-11ee-8e31-f638ae20f033/resized_thumbnail_w1080_h1080,com-trang-nong-heo-quay-bbq,
65884,65884,Kaoya Hotpot - Mì Vịt Quay & Cơm Xá Xíu - Lương Định Của,734814,Cơm,4995422,Cơm trắng rau nấm,,60000.0,60000.0,2,0,0,1,12,https://media.be.com.vn/bizops/image/e5ecf378-747b-11ee-8e31-f638ae20f033/resized_thumbnail_w1080_h1080,com-trang-rau-nam,
65884,65884,Kaoya Hotpot - Mì Vịt Quay & Cơm Xá Xíu - Lương Định Của,734814,Cơm,4995423,Cơm trắng vịt quay,,60000.0,60000.0,848,6,1,1,13,https://media.be.com.vn/bizops/image/5a60f3c1-747c-11ee-8146-82365e52a8ee/resized_thumbnail_w1080_h1080,com-trang-vit-quay,
65884,65884,Kaoya Hotpot - Mì Vịt Quay & Cơm Xá Xíu - Lương Định Của,734814,Cơm,4995424,Cơm trắng xá xíu,"“Không có lạc""Giá trên bao gồm hộp VSATTP",65000.0,65000.0,129,5,1,1,14,https://media.be.com.vn/bizops/image/6f3ce083-747c-11ee-8e31-f638ae20f033/resized_thumbnail_w1080_h1080,com-trang-xa-xiu,
65884,65884,Kaoya Hotpot - Mì Vịt Quay & Cơm Xá Xíu - Lương Định Của,734814,Cơm,4995425,Cơm trắng đậu xốt tứ xuyên,,65000.0,65000.0,48,0,0,1,15,https://media.be.com.vn/bizops/image/85021ae7-747c-11ee-8146-82365e52a8ee/resized_thumbnail_w1080_h1080,com-trang-dau-xot-tu-xuyen,
65884,65884,Kaoya Hotpot - Mì Vịt Quay & Cơm Xá Xíu - Lương Định Của,734814,Cơm,7869543,Cơm trắng đậu xốt Tứ Xuyên,,65000.0,65000.0,157,7,0,1,16,https://media.be.com.vn/bizops/image/ad158622-abc5-11ef-bd66-b239c83a8124/resized_thumbnail_w1080_h1080,com-trang-dau-xot-tu-xuyen,
65884,65884,Kaoya Hotpot - Mì Vịt Quay & Cơm Xá Xíu - Lương Định Của,734815,Mỳ,4995426,Mỳ trộn vịt quay trứng ốp la lòng đào,,70000.0,70000.0,773,8,1,2,1,https://media.be.com.vn/bizops/image/ffc73bb8-747c-11ee-8e31-f638ae20f033/resized_thumbnail_w1080_h1080,my-tron-vit-quay-trung-op-la-long-dao,
65884,65884,Kaoya Hotpot - Mì Vịt Quay & Cơm Xá Xíu - Lương Định Của,734815,Mỳ,4995427,Mỳ trộn xá xíu trứng ốp la lòng đào,,75000.0,75000.0,127,4,0,2,2,https://media.be.com.vn/bizops/image/773dc7f3-747d-11ee-bfaa-82e52b34e173/resized_thumbnail_w1080_h1080,my-tron-xa-xiu-trung-op-la-long-dao,
65884,65884,Kaoya Hotpot - Mì Vịt Quay & Cơm Xá Xíu - Lương Định Của,734815,Mỳ,4995428,Mỳ vịt quay xá xíu,,80000.0,80000.0,678,9,3,2,3,https://media.be.com.vn/bizops/image/f95b0223-747d-11ee-bfaa-82e52b34e173/resized_thumbnail_w1080_h1080,my-vit-quay-xa-xiu,
65884,65884,Kaoya Hotpot - Mì Vịt Quay & Cơm Xá Xíu - Lương Định Của,734815,Mỳ,4995429,Mỳ vịt quay,Giá trên bao gồm hộp giữ VSATTP giấy ướt,60000.0,60000.0,2897,18,4,2,4,https://media.be.com.vn/bizops/image/1b681592-747e-11ee-b2af-3ea2e1c5510b/resized_thumbnail_w1080_h1080,my-vit-quay,
65884,65884,Kaoya Hotpot - Mì Vịt Quay & Cơm Xá Xíu - Lương Định Của,734815,Mỳ,4995430,Mỳ xá xíu,Giá trên bao gồm hộp giữ VSATTP,65000.0,65000.0,508,8,1,2,5,https://media.be.com.vn/bizops/image/3f449a1b-747e-11ee-8e31-f638ae20f033/resized_thumbnail_w1080_h1080,my-xa-xiu,
65884,65884,Kaoya Hotpot - Mì Vịt Quay & Cơm Xá Xíu - Lương Định Của,734815,Mỳ,4995431,Mỳ xào đặc biệt,,85000.0,85000.0,96,1,0,2,6,https://media.be.com.vn/bizops/image/5931259d-747e-11ee-bfaa-82e52b34e173/resized_thumbnail_w1080_h1080,my-xao-dac-biet,
65884,65884,Kaoya Hotpot - Mì Vịt Quay & Cơm Xá Xíu - Lương Định Của,734815,Mỳ,4995432,Mỳ xào rau nấm,Giá trên bao gồm hộp giữ VSATTP,60000.0,60000.0,29,0,0,2,7,https://media.be.com.vn/bizops/image/787d1fbe-747e-11ee-8146-82365e52a8ee/resized_thumbnail_w1080_h1080,my-xao-rau-nam,
65884,65884,Kaoya Hotpot - Mì Vịt Quay & Cơm Xá Xíu - Lương Định Của,734815,Mỳ,4995433,Mỳ xào vịt quay,Giá trên bao gồm hộp giữ VSATTP,75000.0,75000.0,320,3,0,2,8,https://media.be.com.vn/bizops/image/915e88ba-747e-11ee-8146-82365e52a8ee/resized_thumbnail_w1080_h1080,my-xao-vit-quay,
65884,65884,Kaoya Hotpot - Mì Vịt Quay & Cơm Xá Xíu - Lương Định Của,734815,Mỳ,4995434,Mỳ xào xá xíu,Giá trên bao gồm hộp giữ VSATTP,75000.0,75000.0,166,3,0,2,9,https://media.be.com.vn/bizops/image/a1b2ea83-747e-11ee-bfaa-82e52b34e173/resized_thumbnail_w1080_h1080,my-xao-xa-xiu,
65884,65884,Kaoya Hotpot - Mì Vịt Quay & Cơm Xá Xíu - Lương Định Của,734816,Miến,4995435,Miến xào đặc biệt,Giá trên bao gồm hộp giữ VSATTP,85000.0,85000.0,77,1,0,3,1,https://media.be.com.vn/bizops/image/cfb555f4-747e-11ee-bfaa-82e52b34e173/resized_thumbnail_w1080_h1080,mien-xao-dac-biet,
65884,65884,Kaoya Hotpot - Mì Vịt Quay & Cơm Xá Xíu - Lương Định Của,734816,Miến,4995436,Miến xào vịt quay,Giá trên bao gồm hộp giữ VSATTP,75000.0,75000.0,152,1,2,3,2,https://media.be.com.vn/bizops/image/de9438cd-747e-11ee-8146-82365e52a8ee/resized_thumbnail_w1080_h1080,mien-xao-vit-quay,
65884,65884,Kaoya Hotpot - Mì Vịt Quay & Cơm Xá Xíu - Lương Định Của,734816,Miến,4995437,Miến xào xá xíu,Giá trên bao gồm hộp giữ VSATTP,75000.0,75000.0,42,0,0,3,3,https://media.be.com.vn/bizops/image/efc72d16-747e-11ee-8146-82365e52a8ee/resized_thumbnail_w1080_h1080,mien-xao-xa-xiu,
65884,65884,Kaoya Hotpot - Mì Vịt Quay & Cơm Xá Xíu - Lương Định Của,734818,Xá Xíu,4995443,1 Lạng xá xíu,Giá trên bao gồm hộp giữ VSATTP,50000.0,50000.0,118,5,0,5,1,https://media.be.com.vn/bizops/image/80eb3fc7-747f-11ee-b2af-3ea2e1c5510b/resized_thumbnail_w1080_h1080,1-lang-xa-xiu,
65884,65884,Kaoya Hotpot - Mì Vịt Quay & Cơm Xá Xíu - Lương Định Của,734819,Bánh Cuốn,4995444,Bánh cuốn đặc biệt,Giá trên bao gồm hộp giữ VSATTP,75000.0,75000.0,73,5,0,6,1,https://media.be.com.vn/bizops/image/9fc1868b-747f-11ee-bfaa-82e52b34e173/resized_thumbnail_w1080_h1080,banh-cuon-dac-biet,
65884,65884,Kaoya Hotpot - Mì Vịt Quay & Cơm Xá Xíu - Lương Định Của,734819,Bánh Cuốn,4995445,Bánh cuốn vịt quay,Giá trên bao gồm hộp giữ VSATTP,65000.0,65000.0,268,7,0,6,2,https://media.be.com.vn/bizops/image/b50b513e-747f-11ee-b2af-3ea2e1c5510b/resized_thumbnail_w1080_h1080,banh-cuon-vit-quay,
65884,65884,Kaoya Hotpot - Mì Vịt Quay & Cơm Xá Xíu - Lương Định Của,734819,Bánh Cuốn,4995446,Bánh cuốn xá xíu,Giá trên bao gồm hộp giữ VSATTP,65000.0,65000.0,304,5,1,6,3,https://media.be.com.vn/bizops/image/c0d0d46d-747f-11ee-b2af-3ea2e1c5510b/resized_thumbnail_w1080_h1080,banh-cuon-xa-xiu,
65884,65884,Kaoya Hotpot - Mì Vịt Quay & Cơm Xá Xíu - Lương Định Của,734820,Rau,4995447,Đậu phụ sốt Tứ Xuyên,,70000.0,70000.0,64,0,1,7,1,https://media.be.com.vn/bizops/image/de5e7653-747f-11ee-8e31-f638ae20f033/resized_thumbnail_w1080_h1080,dau-phu-sot-tu-xuyen,
65884,65884,Kaoya Hotpot - Mì Vịt Quay & Cơm Xá Xíu - Lương Định Của,734820,Rau,4995448,Rai cải chíp xào,Giá trên bao gồm hộp giữ VSATTP,60000.0,60000.0,39,2,0,7,2,https://media.be.com.vn/bizops/image/eaa51b19-747f-11ee-8e31-f638ae20f033/resized_thumbnail_w1080_h1080,rai-cai-chip-xao,
65884,65884,Kaoya Hotpot - Mì Vịt Quay & Cơm Xá Xíu - Lương Định Của,734820,Rau,4995449,Rau xào nấm bạch linh,Giá trên bao gồm hộp giữ VSATTP,98000.0,98000.0,5,0,0,7,3,https://media.be.com.vn/bizops/image/f9d93d66-747f-11ee-bfaa-82e52b34e173/resized_thumbnail_w1080_h1080,rau-xao-nam-bach-linh,
40716,40716,Cơm Tấm Sài gòn - Hồng Mai,420344,Menu,2858035,Thịt cốt lết,,29000.0,29000.0,0,0,0,1,4,https://media.be.com.vn/be-food/image/f753ef30-4060-11ee-b2af-3ea2e1c5510b/resized_thumbnail_w1080_h1080,thit-cot-let,
40716,40716,Cơm Tấm Sài gòn - Hồng Mai,420344,Menu,2858037,Thịt ba chỉ,,29000.0,29000.0,0,0,0,1,6,https://media.be.com.vn/be-food/image/f7027fd4-4060-11ee-b2af-3ea2e1c5510b/resized_thumbnail_w1080_h1080,thit-ba-chi,
58523,58523,Tiệm Bánh Cô Bống - Trường Chinh,607784,Menu,4107569,Bánh chuối phômai,,100000.0,100000.0,2,0,0,1,1,https://media.be.com.vn/bizops/image/8e91c577-21f1-11ee-8e31-f638ae20f033/original,banh-chuoi-phomai,
58523,58523,Tiệm Bánh Cô Bống - Trường Chinh,607784,Menu,11374520,SUKEM TRUYỀN THỐNG,"10 chiếc/hộp . mix 3 vị kem ( socola , matcha , phomai )",65000.0,65000.0,1,0,0,1,7,https://media.be.com.vn/be-food/image/ef1da0bc-026e-11f1-8695-ce3d3ce291c1/resized_thumbnail_w1080_h1080,sukem-truyen-thong,
58523,58523,Tiệm Bánh Cô Bống - Trường Chinh,607784,Menu,11374528,SUKEM VỎ GIÒN,5 chiếc/hộp,75000.0,75000.0,1,0,0,1,8,https://media.be.com.vn/be-food/image/3b02bacf-026f-11f1-b67e-9aaf2a798701/resized_thumbnail_w1080_h1080,sukem-vo-gion,
58523,58523,Tiệm Bánh Cô Bống - Trường Chinh,607784,Menu,11374536,MOCHI CHẤM KEM,8 viên/ hộp. Khách yêu vui lòng chọn 1 vị giúp tiệm nha: Cacao/Matcha/Đậu nành/Trứng muối,70000.0,70000.0,1,0,0,1,9,https://media.be.com.vn/be-food/image/a5716146-026f-11f1-b67e-9aaf2a798701/resized_thumbnail_w1080_h1080,mochi-cham-kem,
58523,58523,Tiệm Bánh Cô Bống - Trường Chinh,607784,Menu,11374540,MOCHI MIX 4 VỊ,12 viên/hộp,95000.0,95000.0,1,0,0,1,10,https://media.be.com.vn/be-food/image/e816e085-026f-11f1-b67e-9aaf2a798701/resized_thumbnail_w1080_h1080,mochi-mix-4-vi,
58523,58523,Tiệm Bánh Cô Bống - Trường Chinh,607784,Menu,11374571,BÁNH SINH NHẬT MINI SIZE 8CM,Bánh được đặt trong hộp bã mía. Khách yêu vui lòng chọn 1 vị bánh giúp tiệm nha: Socola/Trứng muối/Cheese tươi/Kem trứng/Red velvet/Double dark chocolate/Hoa quả kem cheese,85000.0,85000.0,0,0,0,1,11,https://media.be.com.vn/be-food/image/bd360b53-0270-11f1-b63c-1ec8367384f0/resized_thumbnail_w1080_h1080,banh-sinh-nhat-mini-size-8cm,
58523,58523,Tiệm Bánh Cô Bống - Trường Chinh,607785,Bông Lan,4107573,Bông lan mix 4 vị,,100000.0,100000.0,13,0,0,2,1,https://media.be.com.vn/be-food/image/fe4639d1-3b9a-11ee-b2af-3ea2e1c5510b/original,bong-lan-mix-4-vi,
58523,58523,Tiệm Bánh Cô Bống - Trường Chinh,607785,Bông Lan,4107574,Bông lan trứng muối 2 sốt,,85000.0,85000.0,12,1,0,2,2,https://media.be.com.vn/be-food/image/fe36d28b-3b9a-11ee-8e31-f638ae20f033/resized_thumbnail_w1080_h1080,bong-lan-trung-muoi-2-sot,
58523,58523,Tiệm Bánh Cô Bống - Trường Chinh,607785,Bông Lan,4107577,Bông lan trứng muối truyền thống,,85000.0,85000.0,19,0,0,2,5,https://media.be.com.vn/be-food/image/fddbe42e-3b9a-11ee-8146-82365e52a8ee/original,bong-lan-trung-muoi-truyen-thong,
58523,58523,Tiệm Bánh Cô Bống - Trường Chinh,607785,Bông Lan,4107579,Gato flan chocolate,,90000.0,90000.0,38,0,0,2,7,https://media.be.com.vn/be-food/image/fd9d8503-3b9a-11ee-8146-82365e52a8ee/original,gato-flan-chocolate,
58523,58523,Tiệm Bánh Cô Bống - Trường Chinh,607785,Bông Lan,4107581,Bông lan mix 3 vị kem cheese,,70000.0,70000.0,7,1,0,2,9,https://media.be.com.vn/be-food/image/fd4e17c9-3b9a-11ee-8146-82365e52a8ee/resized_thumbnail_w1080_h1080,bong-lan-mix-3-vi-kem-cheese,
58523,58523,Tiệm Bánh Cô Bống - Trường Chinh,607785,Bông Lan,4107582,Bông lan trứng muối 3 loại sốt,"Bông lan trứng muối phủ bằng 3 loại sốt: Dầu trứng, phomai và trứng muối",85000.0,85000.0,30,0,0,2,10,https://media.be.com.vn/be-food/image/fd4806ef-3b9a-11ee-b2af-3ea2e1c5510b/resized_thumbnail_w1080_h1080,bong-lan-trung-muoi-3-loai-sot,
58523,58523,Tiệm Bánh Cô Bống - Trường Chinh,607785,Bông Lan,4107584,Red velvet kem cheese,,85000.0,85000.0,16,1,0,2,12,https://media.be.com.vn/be-food/image/fcf86f49-3b9a-11ee-8e31-f638ae20f033/resized_thumbnail_w1080_h1080,red-velvet-kem-cheese,
58523,58523,Tiệm Bánh Cô Bống - Trường Chinh,607785,Bông Lan,4107585,Bánh sữa chua phômai nướng,,85000.0,85000.0,13,0,0,2,13,https://media.be.com.vn/be-food/image/fcf46f55-3b9a-11ee-8146-82365e52a8ee/resized_thumbnail_w1080_h1080,banh-sua-chua-phomai-nuong,
58523,58523,Tiệm Bánh Cô Bống - Trường Chinh,607785,Bông Lan,4107588,Bông lan cuộn kem,Các tình yêu vui lòng chú thích chọn vị sau ạ: Trà xanh/Phomai tươi/Chocolate/Tiramisu,85000.0,85000.0,8,1,0,2,15,https://media.be.com.vn/be-food/image/fc8c39d7-3b9a-11ee-bfaa-82e52b34e173/resized_thumbnail_w1080_h1080,bong-lan-cuon-kem,
58523,58523,Tiệm Bánh Cô Bống - Trường Chinh,607785,Bông Lan,4107589,Bông lan trứng muối siêu sốt siêu trứng,,100000.0,100000.0,10,0,0,2,16,https://media.be.com.vn/be-food/image/fc8dbc4a-3b9a-11ee-8e31-f638ae20f033/resized_thumbnail_w1080_h1080,bong-lan-trung-muoi-sieu-sot-sieu-trung,
58523,58523,Tiệm Bánh Cô Bống - Trường Chinh,607785,Bông Lan,4107590,Bông lan trứng muối siêu sốt siêu trứng mini,,60000.0,60000.0,5,0,0,2,17,https://media.be.com.vn/be-food/image/fc4d9eed-3b9a-11ee-8e31-f638ae20f033/original,bong-lan-trung-muoi-sieu-sot-sieu-trung-mini,
58523,58523,Tiệm Bánh Cô Bống - Trường Chinh,607785,Bông Lan,4107593,Bánh dark chocolate,,85000.0,85000.0,10,1,0,2,19,https://media.be.com.vn/be-food/image/fbf53b2f-3b9a-11ee-bfaa-82e52b34e173/resized_thumbnail_w1080_h1080,banh-dark-chocolate,
58523,58523,Tiệm Bánh Cô Bống - Trường Chinh,607785,Bông Lan,4107595,Bông lan cuộn hoa quả kemcheese,,85000.0,85000.0,13,0,0,2,20,https://media.be.com.vn/be-food/image/fbe4b7a7-3b9a-11ee-8146-82365e52a8ee/original,bong-lan-cuon-hoa-qua-kemcheese,
58523,58523,Tiệm Bánh Cô Bống - Trường Chinh,607785,Bông Lan,4107597,Bông lan trứng muối ruốc gà cay,,85000.0,85000.0,3,0,0,2,22,https://media.be.com.vn/be-food/image/fb95682a-3b9a-11ee-bfaa-82e52b34e173/original,bong-lan-trung-muoi-ruoc-ga-cay,
58523,58523,Tiệm Bánh Cô Bống - Trường Chinh,607785,Bông Lan,4107600,Sữa chua phomai nướng 500ml,,80000.0,80000.0,4,0,0,2,24,https://media.be.com.vn/be-food/image/fb479441-3b9a-11ee-8e31-f638ae20f033/resized_thumbnail_w1080_h1080,sua-chua-phomai-nuong-500ml,
58523,58523,Tiệm Bánh Cô Bống - Trường Chinh,607785,Bông Lan,4107602,Bánh milo kem socola hộp 500ml,,80000.0,80000.0,8,0,0,2,26,https://media.be.com.vn/be-food/image/fb00d4d3-3b9a-11ee-8e31-f638ae20f033/original,banh-milo-kem-socola-hop-500ml,
58523,58523,Tiệm Bánh Cô Bống - Trường Chinh,607785,Bông Lan,4107603,TIRAMISU MIX 2 VỊ 1L,,105000.0,105000.0,8,0,1,2,27,https://media.be.com.vn/be-food/image/faed534f-3b9a-11ee-bfaa-82e52b34e173/resized_thumbnail_w1080_h1080,tiramisu-mix-2-vi-1l,
58523,58523,Tiệm Bánh Cô Bống - Trường Chinh,607785,Bông Lan,4107604,Bánh chuối phômai nướng,,100000.0,100000.0,6,0,0,2,28,https://media.be.com.vn/be-food/image/41961c88-d9a4-11f0-8021-922c9d42c616/resized_thumbnail_w1080_h1080,banh-chuoi-phomai-nuong,
58523,58523,Tiệm Bánh Cô Bống - Trường Chinh,607785,Bông Lan,4107606,Bông lan cuộn gà cay malay,,85000.0,85000.0,1,0,0,2,30,https://media.be.com.vn/be-food/image/fa935273-3b9a-11ee-b2af-3ea2e1c5510b/resized_thumbnail_w1080_h1080,bong-lan-cuon-ga-cay-malay,
58523,58523,Tiệm Bánh Cô Bống - Trường Chinh,607785,Bông Lan,4107608,Bông lan trứng muối mix gà cay hộp 750ml,,85000.0,85000.0,4,0,0,2,32,https://media.be.com.vn/be-food/image/fa5814de-3b9a-11ee-bfaa-82e52b34e173/resized_thumbnail_w1080_h1080,bong-lan-trung-muoi-mix-ga-cay-hop-750ml,
58523,58523,Tiệm Bánh Cô Bống - Trường Chinh,607785,Bông Lan,4107610,Bánh milo kem socola hộp 750ml,,95000.0,95000.0,7,0,0,2,33,https://media.be.com.vn/be-food/image/daf50288-21cf-11f1-b197-ce3d3ce291c1/resized_thumbnail_w1080_h1080,banh-milo-kem-socola-hop-750ml,
58523,58523,Tiệm Bánh Cô Bống - Trường Chinh,607785,Bông Lan,4107614,Bltm cuộn 2 loại sốt,,90000.0,90000.0,7,1,0,2,37,https://media.be.com.vn/be-food/image/f9b4bab0-3b9a-11ee-8e31-f638ae20f033/original,bltm-cuon-2-loai-sot,
62280,62280,Bếp Mẹ Bơ 15A - Bánh Xèo Cốt Dừa - Hồng Mai,666559,Menu,4521984,Bánh xèo cốt dừa( miền tây nhân thịt heo tôm,"(BÁNH XÈO NHÂN RỜI NHÉ)Bánh được làm từ những nguyên liệu tự nhiên như : giá đỗ, rau thơm các loại ( đã được ngâm nước muối, nên rất đảm bảo ), tôm thịt... Bánh thơm, giòn tan khi được đưa đến tay khách hàng.Lưu ý: quý khách đặt từ 7 cái trở lên thì vui lòng đợi 15' nhé",39000.0,39000.0,316,4,1,1,1,https://media.be.com.vn/bizops/image/eae11000-464d-11ee-8e31-f638ae20f033/original,banh-xeo-cot-dua-mien-tay-nhan-thit-heo-tom,
62280,62280,Bếp Mẹ Bơ 15A - Bánh Xèo Cốt Dừa - Hồng Mai,666559,Menu,4691220,Bánh Xèo Cốt Dừa Nhân Tôm Gà,"(BÁNH XÈO NHÂN RỜI NHÉ)Bánh gồm có nhân thịt ức gà già và tôm. Bánh đc làm từ 100% ức gà tươi, nói k với hàng đông lạnh ạ. Bánh ăn kèm nước chấm, rau sống và bánh tráng",38000.0,38000.0,85,0,0,1,6,https://media.be.com.vn/be-food/image/12f32e3b-543a-11ee-8146-82365e52a8ee/original,banh-xeo-cot-dua-nhan-tom-ga,
62280,62280,Bếp Mẹ Bơ 15A - Bánh Xèo Cốt Dừa - Hồng Mai,666559,Menu,6389106,Bánh Xèo Cốt Dừa Nhân Tôm Giá,"(BÁNH XÈO NHÂN RỜI NHÉ)Bánh thơm vị cốt dừa, kết hợp với nhân tôm nhảy và giá đỗ. Ăn kèm với các loại rau thơm và nước chấm thần thánh của quán là trên cả tuyệt vời ạ",38000.0,38000.0,79,2,0,1,11,https://media.be.com.vn/be-food/image/e60024be-152d-11ef-b501-fa660a76b65e/original,banh-xeo-cot-dua-nhan-tom-gia,
62280,62280,Bếp Mẹ Bơ 15A - Bánh Xèo Cốt Dừa - Hồng Mai,666559,Menu,10331123,Bún trộn thịt Viên Nướng Nam Bộ (xuất như hình),"chả viên thơm lừng,k bị khô công thức nhà làm rata an toàn ạ",50000.0,50000.0,2,0,0,1,13,https://media.be.com.vn/be-food/image/8ccf1a00-a596-11f0-8021-922c9d42c616/resized_thumbnail_w1080_h1080,bun-tron-thit-vien-nuong-nam-bo-xuat-nhu-hinh,
62280,62280,Bếp Mẹ Bơ 15A - Bánh Xèo Cốt Dừa - Hồng Mai,666559,Menu,10483471,bún chả thịt viên,"thịt tẩm ướp đậm đà ,gồm rau thơm kèm nc chấm đỉnh",50000.0,50000.0,2,0,0,1,14,https://media.be.com.vn/be-food/image/6b983dd5-b497-11f0-b84b-3a4f2a37a94e/resized_thumbnail_w1080_h1080,bun-cha-thit-vien,
62280,62280,Bếp Mẹ Bơ 15A - Bánh Xèo Cốt Dừa - Hồng Mai,666559,Menu,11738268,1 que Nem Hồ lô Nướng Mièn Tây,"nem thơm ,dai có vị mặn ngọt,chấm cùng tương ots quá tuyệt",20000.0,20000.0,5,0,0,1,15,https://media.be.com.vn/be-food/image/260de5c2-2b40-11f1-b197-ce3d3ce291c1/resized_thumbnail_w1080_h1080,1-que-nem-ho-lo-nuong-mien-tay,
62280,62280,Bếp Mẹ Bơ 15A - Bánh Xèo Cốt Dừa - Hồng Mai,666559,Menu,11738270,Bún Trộn Nem Hồ Lô Nướng,,52000.0,52000.0,0,0,0,1,16,https://media.be.com.vn/be-food/image/69beb027-2b40-11f1-b63c-1ec8367384f0/resized_thumbnail_w1080_h1080,bun-tron-nem-ho-lo-nuong,
1279,1279,Gạch Quán - Bánh Tráng Cuốn Thịt Heo,471,Đồ Ăn,27424,Bánh tráng cuốn thịt quay,,75000.0,75000.0,18008,75,10,1,1,https://media.be.com.vn/be-food/image/5c3fa66d-8b49-11ee-8e31-f638ae20f033/resized_thumbnail_w1080_h1080,banh-trang-cuon-thit-quay,
1279,1279,Gạch Quán - Bánh Tráng Cuốn Thịt Heo,471,Đồ Ăn,27440,Nem lụi nướng bọc xả Đà Nẵng,,75000.0,75000.0,1755,18,5,1,2,https://media.be.com.vn/be-food/image/97391a1c-8b49-11ee-bfaa-82e52b34e173/resized_thumbnail_w1080_h1080,nem-lui-nuong-boc-xa-da-nang,
1279,1279,Gạch Quán - Bánh Tráng Cuốn Thịt Heo,471,Đồ Ăn,27443,Bánh bột lọc xứ Huế,,40000.0,40000.0,913,12,1,1,3,https://media.be.com.vn/be-food/image/ad918e3e-8b49-11ee-bfaa-82e52b34e173/resized_thumbnail_w1080_h1080,banh-bot-loc-xu-hue,
1279,1279,Gạch Quán - Bánh Tráng Cuốn Thịt Heo,471,Đồ Ăn,27447,Đặc sản chả ram tôm đất Bình Định,,40000.0,40000.0,1036,10,2,1,4,https://media.be.com.vn/be-food/image/131b48e1-9197-11ee-8e31-f638ae20f033/resized_thumbnail_w1080_h1080,dac-san-cha-ram-tom-dat-binh-dinh,
1279,1279,Gạch Quán - Bánh Tráng Cuốn Thịt Heo,471,Đồ Ăn,27451,Bún trộn mắm nêm thịt heo luộc,,40000.0,40000.0,783,9,2,1,5,https://media.be.com.vn/be-food/image/1bda01de-9197-11ee-bfaa-82e52b34e173/resized_thumbnail_w1080_h1080,bun-tron-mam-nem-thit-heo-luoc,
1279,1279,Gạch Quán - Bánh Tráng Cuốn Thịt Heo,471,Đồ Ăn,27461,Tré trộn Đà Nẵng,,42000.0,42000.0,451,2,4,1,6,https://media.be.com.vn/be-food/image/27de61d0-9198-11ee-8146-82365e52a8ee/resized_thumbnail_w1080_h1080,tre-tron-da-nang,
1279,1279,Gạch Quán - Bánh Tráng Cuốn Thịt Heo,471,Đồ Ăn,27471,Thịt heo quay giòn bì thơm nức nở,,40000.0,40000.0,1471,8,2,1,7,https://media.be.com.vn/bizops/image/23560e3c-93e8-11ee-8146-82365e52a8ee/resized_thumbnail_w1080_h1080,thit-heo-quay-gion-bi-thom-nuc-no,
1279,1279,Gạch Quán - Bánh Tráng Cuốn Thịt Heo,471,Đồ Ăn,1043585,Bún trộn mắm nêm thịt heo quay,"món ăn bao gồm thịt heo quay, bún và rau trộn cùng với củ quả dưa chuột, dứa, hành phí và lạc, hoà quyện cùng mắm nêm",45000.0,45000.0,1282,9,2,1,8,https://media.be.com.vn/bizops/image/d16523b2-a36a-11f0-8b11-e6e7ca75c48c/original,bun-tron-mam-nem-thit-heo-quay,
1279,1279,Gạch Quán - Bánh Tráng Cuốn Thịt Heo,1038734,Cùng Coca Cola,6945147,Bánh tráng cuốn thịt heo nướng,,85000.0,85000.0,219,1,0,3,1,https://media.be.com.vn/be-food/image/2df7b025-4d5d-11ef-ba6d-1220605d9522/resized_thumbnail_w1080_h1080,banh-trang-cuon-thit-heo-nuong,
32416,32416,Ngọc Lợi - Miến & Bánh Đa Cua Trộn - Kim Liên,579371,Bánh Đa,3920991,Bánh đa cua trộn đầy đủ,"bò , giò tai, cua , chả cá , rau , giá, hành khoo",60000.0,60000.0,404,1,3,1,1,https://media.be.com.vn/be-food/image/adad7cb0-3bba-11ee-8146-82365e52a8ee/resized_thumbnail_w1080_h1080,banh-da-cua-tron-day-du,
32416,32416,Ngọc Lợi - Miến & Bánh Đa Cua Trộn - Kim Liên,579371,Bánh Đa,3920992,Bánh đa giò chả trộn,"giò tai , chả cá , cua ,rau , giá, hành khoo",50000.0,50000.0,96,1,0,1,2,https://media.be.com.vn/be-food/image/ad85eee3-3bba-11ee-8146-82365e52a8ee/resized_thumbnail_w1080_h1080,banh-da-gio-cha-tron,
32416,32416,Ngọc Lợi - Miến & Bánh Đa Cua Trộn - Kim Liên,579371,Bánh Đa,3920993,Bánh đa bò chả trộn,"bò , chả cá , cua , rau , giá, hành khoo",55000.0,55000.0,148,0,0,1,3,https://media.be.com.vn/be-food/image/ad865fc6-3bba-11ee-8146-82365e52a8ee/resized_thumbnail_w1080_h1080,banh-da-bo-cha-tron,
32416,32416,Ngọc Lợi - Miến & Bánh Đa Cua Trộn - Kim Liên,579371,Bánh Đa,3920994,Bánh đa chả trộn,"chả cá , cua , rau , giá, hành khoo",45000.0,45000.0,42,1,0,1,4,https://media.be.com.vn/be-food/image/ad5b94f3-3bba-11ee-8146-82365e52a8ee/resized_thumbnail_w1080_h1080,banh-da-cha-tron,
32416,32416,Ngọc Lợi - Miến & Bánh Đa Cua Trộn - Kim Liên,579371,Bánh Đa,3920995,Bánh đa cua nước đầy đủ,"bò , giò , chả cá , cua ,rau , giá , hành khoo+ hộp giâys",60000.0,60000.0,71,0,0,1,5,https://media.be.com.vn/be-food/image/ad2f3f9f-3bba-11ee-b2af-3ea2e1c5510b/resized_thumbnail_w1080_h1080,banh-da-cua-nuoc-day-du,
32416,32416,Ngọc Lợi - Miến & Bánh Đa Cua Trộn - Kim Liên,579371,Bánh Đa,3920996,Bánh đa giò chả nước,"giò , chả cá , cua ,rau , giá, hành khoo + hộp",50000.0,50000.0,30,1,0,1,6,https://media.be.com.vn/be-food/image/ad3181c7-3bba-11ee-bfaa-82e52b34e173/resized_thumbnail_w1080_h1080,banh-da-gio-cha-nuoc,
32416,32416,Ngọc Lợi - Miến & Bánh Đa Cua Trộn - Kim Liên,579371,Bánh Đa,3920997,Bánh đa chả nước,"chả cá , cua , rau , giá, hành khô + 5k hộp",45000.0,45000.0,20,2,0,1,7,https://media.be.com.vn/be-food/image/acf71c3d-3bba-11ee-bfaa-82e52b34e173/resized_thumbnail_w1080_h1080,banh-da-cha-nuoc,
32416,32416,Ngọc Lợi - Miến & Bánh Đa Cua Trộn - Kim Liên,579371,Bánh Đa,3920998,Bánh đa bò chả nước,"bò , chả cá , cua ,rau , giá , hành khoo+ hộp",55000.0,55000.0,16,0,0,1,8,https://media.be.com.vn/be-food/image/acdf37c4-3bba-11ee-b2af-3ea2e1c5510b/resized_thumbnail_w1080_h1080,banh-da-bo-cha-nuoc,
32416,32416,Ngọc Lợi - Miến & Bánh Đa Cua Trộn - Kim Liên,579372,Miến,3920999,Miến cua trộn đầy đủ,"bò , giò , chả cá , cua , rau , giá, hành khoo",60000.0,60000.0,310,1,0,2,1,https://media.be.com.vn/be-food/image/acd4f24f-3bba-11ee-8146-82365e52a8ee/resized_thumbnail_w1080_h1080,mien-cua-tron-day-du,
32416,32416,Ngọc Lợi - Miến & Bánh Đa Cua Trộn - Kim Liên,579372,Miến,3921000,Miến giò chả trộn,"giò , chả cá , cua ,rau , giá, hành khoo",50000.0,50000.0,117,0,0,2,2,https://media.be.com.vn/be-food/image/ac9f77cc-3bba-11ee-8146-82365e52a8ee/resized_thumbnail_w1080_h1080,mien-gio-cha-tron,
32416,32416,Ngọc Lợi - Miến & Bánh Đa Cua Trộn - Kim Liên,579372,Miến,3921001,Miến bò chả trộn,"bò , chả cá , cua , rau , giá , hành khoo",55000.0,55000.0,70,0,0,2,3,https://media.be.com.vn/be-food/image/ac8f10de-3bba-11ee-b2af-3ea2e1c5510b/resized_thumbnail_w1080_h1080,mien-bo-cha-tron,
32416,32416,Ngọc Lợi - Miến & Bánh Đa Cua Trộn - Kim Liên,579372,Miến,3921002,Miến cua nước đầy đủ,"bò , giò , chả cá , cua , rau , giá , hành khô + hộp",60000.0,60000.0,32,0,0,2,4,https://media.be.com.vn/be-food/image/ac7ef115-3bba-11ee-bfaa-82e52b34e173/resized_thumbnail_w1080_h1080,mien-cua-nuoc-day-du,
32416,32416,Ngọc Lợi - Miến & Bánh Đa Cua Trộn - Kim Liên,579372,Miến,3921003,Miến giò chả nước,"Giò , chả cá , cua, rau , giá , hanhf khô+ hộp",50000.0,50000.0,3,0,0,2,5,https://media.be.com.vn/be-food/image/ac5066a7-3bba-11ee-b2af-3ea2e1c5510b/resized_thumbnail_w1080_h1080,mien-gio-cha-nuoc,
32416,32416,Ngọc Lợi - Miến & Bánh Đa Cua Trộn - Kim Liên,579372,Miến,3921004,Miến chả nước,"chả cá , cua , rau , giá , hành khoo+ hộp",45000.0,45000.0,2,0,0,2,6,https://media.be.com.vn/be-food/image/ac3796c2-3bba-11ee-bfaa-82e52b34e173/resized_thumbnail_w1080_h1080,mien-cha-nuoc,
32416,32416,Ngọc Lợi - Miến & Bánh Đa Cua Trộn - Kim Liên,579372,Miến,3921005,Miến chả trộn,"Chả cá , cua , rau , giá , hành khoo",45000.0,45000.0,23,0,0,2,7,https://media.be.com.vn/be-food/image/ac2c1980-3bba-11ee-8146-82365e52a8ee/resized_thumbnail_w1080_h1080,mien-cha-tron,
32416,32416,Ngọc Lợi - Miến & Bánh Đa Cua Trộn - Kim Liên,579372,Miến,3921006,Miến bò chả nước,"bò , chả cá , cua , rau , giá , hành khô + hộp",55000.0,55000.0,3,0,0,2,8,https://media.be.com.vn/be-food/image/abfad991-3bba-11ee-bfaa-82e52b34e173/resized_thumbnail_w1080_h1080,mien-bo-cha-nuoc,
39068,39068,"Cơm Sườn Cooky - Cơm Tấm, Cơm Sườn Xốt - Trần Đại Nghĩa",1151796,Ưu Đãi Delichi,9380734,Cơm Tấm Sườn Nướng + Trứng Ốp La,,49700.0,74000.0,331,3,4,1,1,https://media.be.com.vn/bizops/image/de3d0a42-3d1f-11f0-bd66-b239c83a8124/resized_thumbnail_w1080_h1080,com-tam-suon-nuong-trung-op-la,
39068,39068,"Cơm Sườn Cooky - Cơm Tấm, Cơm Sườn Xốt - Trần Đại Nghĩa",398325,CƠM TẤM SƯỜN DELICHI,2671563,Cơm Tấm Sườn Nướng,"Sườn Cốt Lết nướng hương vị đậm đà, cơm tấm mềm thơm, có mỡ hành, tóp mỡ và đồ chua giòn giòn, kết hợp với nước mắm đặc trưng thêm ngon.",56000.0,59000.0,3412,21,13,2,1,https://media.be.com.vn/bizops/image/76b3259b-cc7f-11ed-8ba4-ee89cbba1863/resized_thumbnail_w1080_h1080,com-tam-suon-nuong,
39068,39068,"Cơm Sườn Cooky - Cơm Tấm, Cơm Sườn Xốt - Trần Đại Nghĩa",398325,CƠM TẤM SƯỜN DELICHI,2671565,Cơm Tấm Sườn Chả,"Cơm tấm mềm với Sườn Cốt Lết nướng đậm vị, chả trứng chất lượng, kèm mỡ hành, tóp mỡ, đồ chua xắt sợi, chấm cùng nước mắm thêm ngon.",63000.0,66000.0,1109,3,8,2,2,https://media.be.com.vn/bizops/image/8c87e136-cc7f-11ed-8ba4-ee89cbba1863/resized_thumbnail_w1080_h1080,com-tam-suon-cha,
39068,39068,"Cơm Sườn Cooky - Cơm Tấm, Cơm Sườn Xốt - Trần Đại Nghĩa",398325,CƠM TẤM SƯỜN DELICHI,2671568,Cơm Tấm Sườn Chả Ốp La,"Cơm tấm mềm với combo Sườn Cốt Lết nướng thơm đậm vị, bì trộn thính, chả trứng kết hợp, đặc biệt có mỡ hành, tóp mỡ, kèm đồ chua giòn giòn, ăn cùng nước mắm thêm ngon",71000.0,75000.0,1877,9,20,2,3,https://media.be.com.vn/bizops/image/ac204d72-cc7f-11ed-8ba4-ee89cbba1863/resized_thumbnail_w1080_h1080,com-tam-suon-cha-op-la,
39068,39068,"Cơm Sườn Cooky - Cơm Tấm, Cơm Sườn Xốt - Trần Đại Nghĩa",398325,CƠM TẤM SƯỜN DELICHI,6508774,Cơm Tấm Sườn Ốp La,"Cơm tấm mềm với sườn cốt lết nướng đậm vị, ăn kèm trứng ốp la, mỡ hành, đồ chua và nước mắm pha chế đặc trưng",61000.0,65000.0,294,1,1,2,4,https://media.be.com.vn/be-food/image/02f66d10-22e3-11ef-bbf6-aee397ad57df/resized_thumbnail_w1080_h1080,com-tam-suon-op-la,
39068,39068,"Cơm Sườn Cooky - Cơm Tấm, Cơm Sườn Xốt - Trần Đại Nghĩa",2013486,CƠM BA CHỈ RÚT SƯỜN,12123925,Cơm Ba Chỉ Rút Sườn Mắm Tỏi,"Ba chỉ rút sườn mềm béo, thấm sốt siêu ngon, ăn kèm cơm trắng thơm dẻo và đồ chua giòn mát — đậm vị mà không ngấy.",59000.0,59000.0,2,0,0,3,1,https://media.be.com.vn/be-food/image/c9ce7c5a-482e-11f1-b67e-9aaf2a798701/resized_thumbnail_w1080_h1080,com-ba-chi-rut-suon-mam-toi,
39068,39068,"Cơm Sườn Cooky - Cơm Tấm, Cơm Sườn Xốt - Trần Đại Nghĩa",2013486,CƠM BA CHỈ RÚT SƯỜN,12123939,Cơm Ba Chỉ Rút Sườn Sốt Tiêu Xanh,"Ba chỉ rút sườn mềm béo, thấm sốt siêu ngon, ăn kèm cơm trắng thơm dẻo và đồ chua giòn mát — đậm vị mà không ngấy.",59000.0,59000.0,0,0,0,3,2,https://media.be.com.vn/be-food/image/e43a0cab-482e-11f1-b197-ce3d3ce291c1/resized_thumbnail_w1080_h1080,com-ba-chi-rut-suon-sot-tieu-xanh,
39068,39068,"Cơm Sườn Cooky - Cơm Tấm, Cơm Sườn Xốt - Trần Đại Nghĩa",2013486,CƠM BA CHỈ RÚT SƯỜN,12123953,Cơm Ba Chỉ Rút Sườn Sốt Lá Chanh,"Ba chỉ rút sườn mềm béo, thấm sốt siêu ngon, ăn kèm cơm trắng thơm dẻo và đồ chua giòn mát — đậm vị mà không ngấy.",59000.0,59000.0,2,0,0,3,3,https://media.be.com.vn/be-food/image/fa9b03da-482e-11f1-b197-ce3d3ce291c1/resized_thumbnail_w1080_h1080,com-ba-chi-rut-suon-sot-la-chanh,
39068,39068,"Cơm Sườn Cooky - Cơm Tấm, Cơm Sườn Xốt - Trần Đại Nghĩa",1492728,CƠM VĂN PHÒNG,10271205,Cơm Ức (Lườn) Gà Nướng,"Cơm Ức Gà Nướng (tương đương 500-560kcal) được chọn vị sốt ăn kèm rau tươi. Món ăn thanh đạm, đầy đủ dinh dưỡng, phù hợp cho thực đơn eat clean",38000.0,49000.0,4,0,0,4,1,https://media.be.com.vn/be-food/image/13978cf6-d025-11f0-b84b-3a4f2a37a94e/resized_thumbnail_w1080_h1080,com-uc-luon-ga-nuong,
39068,39068,"Cơm Sườn Cooky - Cơm Tấm, Cơm Sườn Xốt - Trần Đại Nghĩa",1492728,CƠM VĂN PHÒNG,10317624,Cơm Ức (Lườn) Gà Nướng Sốt Mắm Tỏi,"Cơm Ức Gà Nướng (tương đương 500-560kcal) sốt mắm tỏi ăn kèm rau tươi. Món ăn thanh đạm, đầy đủ dinh dưỡng, phù hợp cho thực đơn eat clean",37000.0,49000.0,24,0,1,4,2,https://media.be.com.vn/be-food/image/1af45aa6-d025-11f0-8021-922c9d42c616/resized_thumbnail_w1080_h1080,com-uc-luon-ga-nuong-sot-mam-toi,
39068,39068,"Cơm Sườn Cooky - Cơm Tấm, Cơm Sườn Xốt - Trần Đại Nghĩa",1492728,CƠM VĂN PHÒNG,10317636,Cơm Ức (Lườn) Gà Nướng Sốt Lá Chanh,"Cơm Ức Gà Nướng (tương đương 500-560kcal) sốt lá chanh ăn kèm rau tươi. Món ăn thanh đạm, đầy đủ dinh dưỡng, phù hợp cho thực đơn eat clean",37000.0,49000.0,19,0,0,4,3,https://media.be.com.vn/be-food/image/243abe24-d025-11f0-8021-922c9d42c616/resized_thumbnail_w1080_h1080,com-uc-luon-ga-nuong-sot-la-chanh,
39068,39068,"Cơm Sườn Cooky - Cơm Tấm, Cơm Sườn Xốt - Trần Đại Nghĩa",1492728,CƠM VĂN PHÒNG,10626603,Cơm Gà Kho Sả Ớt,"Cơm gà kho sả ớt đậm đà, thơm nồng sả ớt, cay nhẹ, ăn kèm cơm trắng nóng hổi rất đưa miệng",39000.0,55000.0,31,0,0,4,4,https://media.be.com.vn/be-food/image/a2fb4e27-c03f-11f0-8b11-e6e7ca75c48c/resized_thumbnail_w1080_h1080,com-ga-kho-sa-ot,
39068,39068,"Cơm Sườn Cooky - Cơm Tấm, Cơm Sườn Xốt - Trần Đại Nghĩa",1492728,CƠM VĂN PHÒNG,10783895,Cơm Sườn Nướng Xốt Thái,Sườn được xốt thấm vị ăn cùng cơm trắng nóng hổi rất ngon. Có đồ chua ăn kèm.,56000.0,59000.0,50,0,1,4,5,https://media.be.com.vn/be-food/image/14905072-d026-11f0-9063-66448d787802/resized_thumbnail_w1080_h1080,com-suon-nuong-xot-thai,
39068,39068,"Cơm Sườn Cooky - Cơm Tấm, Cơm Sườn Xốt - Trần Đại Nghĩa",1492728,CƠM VĂN PHÒNG,10783918,Cơm Sườn Nướng Xốt Mắm Tỏi,Sườn được xốt thấm vị ăn cùng cơm trắng nóng hổi rất ngon. Có đồ chua ăn kèm.,56000.0,59000.0,15,0,0,4,6,https://media.be.com.vn/be-food/image/3eac9476-d026-11f0-8b11-e6e7ca75c48c/resized_thumbnail_w1080_h1080,com-suon-nuong-xot-mam-toi,
39068,39068,"Cơm Sườn Cooky - Cơm Tấm, Cơm Sườn Xốt - Trần Đại Nghĩa",1492728,CƠM VĂN PHÒNG,10819156,Cơm Thịt Ba Chỉ Kho Tiêu,"Thịt kho tiêu mềm thấm vị, tiêu cay nồng thơm lừng, hấp dẫn",39000.0,55000.0,65,0,0,4,7,https://media.be.com.vn/be-food/image/997b2c73-d418-11f0-8021-922c9d42c616/resized_thumbnail_w1080_h1080,com-thit-ba-chi-kho-tieu,
39068,39068,"Cơm Sườn Cooky - Cơm Tấm, Cơm Sườn Xốt - Trần Đại Nghĩa",1492728,CƠM VĂN PHÒNG,12190268,Cơm Ức (Lườn) Gà Nướng Sốt Mắm Tỏi,"Cơm Ức Gà Nướng (tương đương 500-560kcal) sốt mắm tỏi ăn kèm rau tươi. Món ăn thanh đạm, đầy đủ dinh dưỡng, phù hợp cho thực đơn eat clean",37000.0,49000.0,10,0,0,4,8,https://media.be.com.vn/bizops/image/633f11ad-4d01-11f1-b67e-9aaf2a798701/resized_thumbnail_w1080_h1080,com-uc-luon-ga-nuong-sot-mam-toi,
39068,39068,"Cơm Sườn Cooky - Cơm Tấm, Cơm Sườn Xốt - Trần Đại Nghĩa",1492728,CƠM VĂN PHÒNG,12190279,Cơm Thịt Ba Chỉ Kho Tiêu,"Thịt kho tiêu mềm thấm vị, tiêu cay nồng thơm lừng, hấp dẫn",49700.0,55000.0,6,0,0,4,9,https://media.be.com.vn/bizops/image/3061f3f0-4d01-11f1-b63c-1ec8367384f0/resized_thumbnail_w1080_h1080,com-thit-ba-chi-kho-tieu,
39068,39068,"Cơm Sườn Cooky - Cơm Tấm, Cơm Sườn Xốt - Trần Đại Nghĩa",1487693,Món Mới,10670363,Cơm Sườn Sốt Muối Ớt Nướng,Sườn được xốt thấm vị ăn cùng cơm trắng nóng hổi rất ngon. Có đồ chua ăn kèm.,59000.0,59000.0,47,0,1,5,1,https://media.be.com.vn/be-food/image/37a0ba42-c45c-11f0-8b11-e6e7ca75c48c/resized_thumbnail_w1080_h1080,com-suon-sot-muoi-ot-nuong,
39068,39068,"Cơm Sườn Cooky - Cơm Tấm, Cơm Sườn Xốt - Trần Đại Nghĩa",1487693,Món Mới,10670379,Cơm Ba Rọi Sốt Muối Ớt Nướng,Thịt ba rọi rút sườn thái từng miếng vừa ăn.Món mới bao ngon,59000.0,59000.0,57,1,2,5,2,https://media.be.com.vn/be-food/image/6199dc6c-c45c-11f0-8021-922c9d42c616/resized_thumbnail_w1080_h1080,com-ba-roi-sot-muoi-ot-nuong,
39068,39068,"Cơm Sườn Cooky - Cơm Tấm, Cơm Sườn Xốt - Trần Đại Nghĩa",1487693,Món Mới,11781669,Cơm Gà Sốt Muối Ớt Nướng (Đùi Tỏi/Má Đùi),Gà tươi được xốt thấm vị ăn kèm cơm vàng. Món mới bao ngon,56000.0,56000.0,12,0,0,5,3,https://media.be.com.vn/be-food/image/1c924c8e-c45c-11f0-8b11-e6e7ca75c48c/resized_thumbnail_w1080_h1080,com-ga-sot-muoi-ot-nuong-dui-toi-ma-dui,
39068,39068,"Cơm Sườn Cooky - Cơm Tấm, Cơm Sườn Xốt - Trần Đại Nghĩa",1487693,Món Mới,11781680,Cơm Gà Sốt Muối Ớt Nướng,"Gà tươi, Đùi Góc Tư, được xốt thấm vị ăn kèm cơm vàng rất ngon. Món mới bao ngon",75000.0,75000.0,5,0,0,5,4,https://media.be.com.vn/be-food/image/e7fff87a-c45d-11f0-b84b-3a4f2a37a94e/resized_thumbnail_w1080_h1080,com-ga-sot-muoi-ot-nuong,
39068,39068,"Cơm Sườn Cooky - Cơm Tấm, Cơm Sườn Xốt - Trần Đại Nghĩa",917486,INACTIVE,6508848,Cơm Tấm Chả Ốp La,,39000.0,39000.0,28,0,0,9,1,https://media.be.com.vn/be-food/image/d77a657d-22e3-11ef-b411-9e337230779d/resized_thumbnail_w1080_h1080,com-tam-cha-op-la,
39068,39068,"Cơm Sườn Cooky - Cơm Tấm, Cơm Sườn Xốt - Trần Đại Nghĩa",917486,INACTIVE,6508854,Cơm Tấm Bì Ốp La,,43000.0,43000.0,10,0,0,9,2,https://media.be.com.vn/be-food/image/e9237f0c-22e3-11ef-b411-9e337230779d/resized_thumbnail_w1080_h1080,com-tam-bi-op-la,
39068,39068,"Cơm Sườn Cooky - Cơm Tấm, Cơm Sườn Xốt - Trần Đại Nghĩa",917486,INACTIVE,8944521,Cơm Tấm Ốp La,Cơm tấm trứng ốp la ăn kèm dưa chua siêu ngon. Ngon hơn khi chọn thêm topping ăn kèm,25000.0,25000.0,6,0,0,9,3,https://media.be.com.vn/be-food/image/9f1775b6-0eaa-11f0-8510-8ea7808cbcf4/original,com-tam-op-la,
84292,84292,Bánh Cuốn Nóng Cô Sợi Gia Truyền Nam Định - Tập Thể Kim Liên,986861,Menu,6609740,Bánh cuốn nhân thịt + chả lụa,,40000.0,40000.0,0,0,0,1,1,https://media.be.com.vn/bizops/image/72d2442a-2d3a-11ef-b411-9e337230779d/resized_thumbnail_w1080_h1080,banh-cuon-nhan-thit-cha-lua,
84292,84292,Bánh Cuốn Nóng Cô Sợi Gia Truyền Nam Định - Tập Thể Kim Liên,986861,Menu,6609741,Bánh cuốn nhân thịt,,30000.0,30000.0,3,0,0,1,2,https://media.be.com.vn/bizops/image/86628289-2d3a-11ef-b501-fa660a76b65e/resized_thumbnail_w1080_h1080,banh-cuon-nhan-thit,
84292,84292,Bánh Cuốn Nóng Cô Sợi Gia Truyền Nam Định - Tập Thể Kim Liên,986861,Menu,6609742,Bánh cuốn trứng 2 trứng,,30000.0,30000.0,0,0,0,1,3,https://media.be.com.vn/bizops/image/98d1e4a6-2d3a-11ef-b501-fa660a76b65e/resized_thumbnail_w1080_h1080,banh-cuon-trung-2-trung,
32283,32283,Hương Phệ - Bún Chả Ngon - Hồng Mai,322675,THỰC ĐƠN,2169910,Bún Chả lẫn (Băm - miếng),,45000.0,45000.0,288,1,0,1,1,https://media.be.com.vn/be-food/image/1b0d3cf3-6371-11ef-adb9-3e6ef01ea27f/original,bun-cha-lan-bam-mieng,
32283,32283,Hương Phệ - Bún Chả Ngon - Hồng Mai,322675,THỰC ĐƠN,2169911,Bún Chả Thịt Miếng,,45000.0,45000.0,70,2,0,1,2,https://media.be.com.vn/be-food/image/194efb8f-42c8-11ee-8146-82365e52a8ee/original,bun-cha-thit-mieng,
32283,32283,Hương Phệ - Bún Chả Ngon - Hồng Mai,322675,THỰC ĐƠN,2169912,Bún Chả Thịt Băm,,45000.0,45000.0,66,1,0,1,3,https://media.be.com.vn/be-food/image/1945075d-42c8-11ee-bfaa-82e52b34e173/original,bun-cha-thit-bam,
4397,4397,Mokchang - Đồ Ăn Hàn Quốc & Gà Rán - Xã Đàn,1285197,Ưu Đãi Đặc Biệt.,10533659,Kimbap truyền thống,Suất ăn ngon hơn khi ăn ngay lúc còn ấm nóng. Suất ăn bao gồm Panchan ăn kèm & Sốt chấm mayonaise.,42000.0,60000.0,533,5,0,1,2,https://media.be.com.vn/bizops/image/797d2701-b635-11f0-8021-922c9d42c616/resized_thumbnail_w1080_h1080,kimbap-truyen-thong,
4397,4397,Mokchang - Đồ Ăn Hàn Quốc & Gà Rán - Xã Đàn,1285197,Ưu Đãi Đặc Biệt.,10548078,Mua 1 tặng 1,Mua 1 trong 2 Mokchang's box mới tặng 1 nước,105000.0,155000.0,382,4,0,1,3,https://media.be.com.vn/bizops/image/adf7aa3f-b635-11f0-9063-66448d787802/resized_thumbnail_w1080_h1080,mua-1-tang-1,
4397,4397,Mokchang - Đồ Ăn Hàn Quốc & Gà Rán - Xã Đàn,1285197,Ưu Đãi Đặc Biệt.,11073587,[NEW] Gà Half Half (Size L),"Nửa sốt này nửa sốt kia, khách được chọn 2 loại sốt độc bản bất kì từ nhà Mokchang",175000.0,190000.0,216,1,0,1,4,https://media.be.com.vn/bizops/image/f8145e11-e627-11f0-8b11-e6e7ca75c48c/resized_thumbnail_w1080_h1080,new-ga-half-half-size-l,
4397,4397,Mokchang - Đồ Ăn Hàn Quốc & Gà Rán - Xã Đàn,1493635,Korea In A Box,10281161,One-derful 1,"Food Box dành cho 1 người. Gồm: 200g Gà rán đẫm sốt tùy chọn, Kimbap truyền thống, Khoai tây chiên, Salad say chanh dây, Panchan ăn kèm",109000.0,140000.0,231,4,0,2,2,https://media.be.com.vn/bizops/image/b3e5f91d-a8b3-11f0-9063-66448d787802/resized_thumbnail_w1080_h1080,one-derful-1,
4397,4397,Mokchang - Đồ Ăn Hàn Quốc & Gà Rán - Xã Đàn,1493635,Korea In A Box,10281162,One-derful 2,"Food Box dành cho 1 người. Gồm: 200g Gà rán đẫm sốt tùy chọn, Miến Trộn Japchae, Mandu chiên, Salad say chanh dây, Panchan ăn kèm",109000.0,140000.0,314,1,1,2,3,https://media.be.com.vn/bizops/image/e7177345-a8b3-11f0-8b11-e6e7ca75c48c/resized_thumbnail_w1080_h1080,one-derful-2,
4397,4397,Mokchang - Đồ Ăn Hàn Quốc & Gà Rán - Xã Đàn,1493635,Korea In A Box,10281163,Jajang-Tangsu,Classic Duo của ẩm thực Hàn Quốc – mì tương đen đậm đà hòa quyện cùng thịt chiên chua ngọt giòn rụm,159000.0,174000.0,67,0,0,2,4,https://media.be.com.vn/bizops/image/74fa6483-9e94-11f0-8021-922c9d42c616/resized_thumbnail_w1080_h1080,jajang-tangsu,
4397,4397,Mokchang - Đồ Ăn Hàn Quốc & Gà Rán - Xã Đàn,333989,Combo Xôm,6437084,Sính Hàn,"Combo bao gồm những món ăn đặc trưng nhất của xứ sở Kim chi: Kimbap Truyền Thống, Tteokbokki Truyền Thống và Há Cảo Chiên, Panchan ăn kèm.",149000.0,170000.0,638,5,2,3,5,https://media.be.com.vn/bizops/image/7fb4233a-a401-11f0-8b11-e6e7ca75c48c/resized_thumbnail_w1080_h1080,sinh-han,
4397,4397,Mokchang - Đồ Ăn Hàn Quốc & Gà Rán - Xã Đàn,746888,Gà Rán Đẫm Sốt Độc Bản,2242775,Gà Rán Sốt Mật Ong Tỏi,100% Gà Tươi được chiên với sốt độc bản từ Mokchang. Suất ăn bao gồm Panchan ăn kèm.,105000.0,105000.0,482,12,1,4,1,https://media.be.com.vn/bizops/image/244dabc4-a012-11f0-9063-66448d787802/resized_thumbnail_w1080_h1080,ga-ran-sot-mat-ong-toi,
4397,4397,Mokchang - Đồ Ăn Hàn Quốc & Gà Rán - Xã Đàn,746888,Gà Rán Đẫm Sốt Độc Bản,2242776,Gà Rán Sốt Cay Ngọt,100% Gà Tươi được chiên với sốt độc bản từ Mokchang. Suất ăn bao gồm Panchan ăn kèm.,105000.0,105000.0,258,11,0,4,2,https://media.be.com.vn/bizops/image/7eed76df-a012-11f0-9063-66448d787802/resized_thumbnail_w1080_h1080,ga-ran-sot-cay-ngot,
4397,4397,Mokchang - Đồ Ăn Hàn Quốc & Gà Rán - Xã Đàn,746888,Gà Rán Đẫm Sốt Độc Bản,2242778,Gà Popcorn Phomai,100% Gà Tươi được chiên với sốt độc bản từ Mokchang. Suất ăn bao gồm Panchan ăn kèm.,89000.0,89000.0,342,6,1,4,3,https://media.be.com.vn/bizops/image/570d8459-a012-11f0-8b11-e6e7ca75c48c/resized_thumbnail_w1080_h1080,ga-popcorn-phomai,
4397,4397,Mokchang - Đồ Ăn Hàn Quốc & Gà Rán - Xã Đàn,746888,Gà Rán Đẫm Sốt Độc Bản,2242779,Gà Popcorn Mật Ong Tỏi,Một trong những món gà Best Selling đến từ nhà Mokchang. Suất ăn bao gồm Panchan ăn kèm.,89000.0,89000.0,909,21,0,4,4,https://media.be.com.vn/bizops/image/e61d0f6a-a00f-11f0-8b11-e6e7ca75c48c/resized_thumbnail_w1080_h1080,ga-popcorn-mat-ong-toi,
4397,4397,Mokchang - Đồ Ăn Hàn Quốc & Gà Rán - Xã Đàn,746888,Gà Rán Đẫm Sốt Độc Bản,6227348,Gà Lắc Tok Chua Ngọt,100% Gà Tươi được chiên với sốt độc bản từ Mokchang. Suất ăn bao gồm Panchan ăn kèm,99000.0,105000.0,503,11,3,4,5,https://media.be.com.vn/bizops/image/69a19476-a00f-11f0-8b11-e6e7ca75c48c/resized_thumbnail_w1080_h1080,ga-lac-tok-chua-ngot,
4397,4397,Mokchang - Đồ Ăn Hàn Quốc & Gà Rán - Xã Đàn,746888,Gà Rán Đẫm Sốt Độc Bản,8116989,Gà Popcorn Cay Ngọt,100% Gà Tươi được chiên với sốt độc bản từ Mokchang. Suất ăn bao gồm Panchan ăn kèm.,89000.0,89000.0,210,1,2,4,6,https://media.be.com.vn/bizops/image/79273911-a00f-11f0-9063-66448d787802/resized_thumbnail_w1080_h1080,ga-popcorn-cay-ngot,
4397,4397,Mokchang - Đồ Ăn Hàn Quốc & Gà Rán - Xã Đàn,746888,Gà Rán Đẫm Sốt Độc Bản,9361035,Gà Sốt Bơ Tỏi,"Sốt bơ beo béo, quyện cùng mùi tỏi phi dậy hương.",105000.0,105000.0,67,0,0,4,7,https://media.be.com.vn/bizops/image/ef67e937-a00e-11f0-8021-922c9d42c616/resized_thumbnail_w1080_h1080,ga-sot-bo-toi,
4397,4397,Mokchang - Đồ Ăn Hàn Quốc & Gà Rán - Xã Đàn,746888,Gà Rán Đẫm Sốt Độc Bản,9361037,Gà Sốt Kem Hành,"Sốt kem béo nhẹ, chua thanh, sánh mướt.",105000.0,105000.0,84,0,1,4,8,https://media.be.com.vn/bizops/image/009b8baf-a00f-11f0-8b11-e6e7ca75c48c/resized_thumbnail_w1080_h1080,ga-sot-kem-hanh,
4397,4397,Mokchang - Đồ Ăn Hàn Quốc & Gà Rán - Xã Đàn,746888,Gà Rán Đẫm Sốt Độc Bản,9361038,Gà Popcorn Sốt Bơ Tỏi,"Sốt bơ beo béo, quyện cùng mùi tỏi phi dậy hương.",89000.0,89000.0,83,0,0,4,9,https://media.be.com.vn/bizops/image/7402b8cb-528e-11f1-8d18-dadbc64f7918/resized_thumbnail_w1080_h1080,ga-popcorn-sot-bo-toi,
4397,4397,Mokchang - Đồ Ăn Hàn Quốc & Gà Rán - Xã Đàn,746888,Gà Rán Đẫm Sốt Độc Bản,9361040,Gà Popcorn Sốt Kem Hành,"Sốt kem béo nhẹ, chua thanh, sánh mướt.",89000.0,89000.0,108,1,1,4,10,https://media.be.com.vn/bizops/image/5ca1b89f-528e-11f1-ad42-166496a6b8bb/resized_thumbnail_w1080_h1080,ga-popcorn-sot-kem-hanh,
4397,4397,Mokchang - Đồ Ăn Hàn Quốc & Gà Rán - Xã Đàn,957743,Gà Rán Nguyên Bản 3 Vị Sốt,2242772,Gà Miếng Chiên 3 Vị Sốt (Size M),100% Gà Tươi chiên giòn. Khách hàng được chọn 3 loại sốt chấm độc bản nhà Mokchang.,105000.0,105000.0,143,0,0,5,1,https://media.be.com.vn/bizops/image/454013f3-a00f-11f0-8b11-e6e7ca75c48c/resized_thumbnail_w1080_h1080,ga-mieng-chien-3-vi-sot-size-m,
4397,4397,Mokchang - Đồ Ăn Hàn Quốc & Gà Rán - Xã Đàn,957743,Gà Rán Nguyên Bản 3 Vị Sốt,2242773,Cánh Gà Rán 3 Vị Sốt (Size M),100% Gà Tươi được Chiên Giòn Rụm theo công thức độc quyền,105000.0,105000.0,211,3,0,5,2,https://media.be.com.vn/bizops/image/522be0ca-a00f-11f0-8021-922c9d42c616/resized_thumbnail_w1080_h1080,canh-ga-ran-3-vi-sot-size-m,
4397,4397,Mokchang - Đồ Ăn Hàn Quốc & Gà Rán - Xã Đàn,957743,Gà Rán Nguyên Bản 3 Vị Sốt,9361366,Gà Popcorn 3 Vị Sốt (Size M),100% Gà Tươi chiên giòn. Khách hàng được chọn 3 loại sốt chấm độc bản nhà Mokchang.,85000.0,95000.0,236,1,1,5,3,https://media.be.com.vn/bizops/image/58218fca-a00f-11f0-8021-922c9d42c616/resized_thumbnail_w1080_h1080,ga-popcorn-3-vi-sot-size-m,
4397,4397,Mokchang - Đồ Ăn Hàn Quốc & Gà Rán - Xã Đàn,746889,Mê Kimbap,2242788,Kimbap Truyền Thống,Suất ăn ngon hơn khi ăn ngay lúc còn ấm nóng. Suất ăn bao gồm Panchan ăn kèm & Sốt chấm mayonaise.,45000.0,60000.0,6361,96,5,6,1,https://media.be.com.vn/bizops/image/3c4927e3-a011-11f0-8b11-e6e7ca75c48c/resized_thumbnail_w1080_h1080,kimbap-truyen-thong,
4397,4397,Mokchang - Đồ Ăn Hàn Quốc & Gà Rán - Xã Đàn,746889,Mê Kimbap,2242789,Kimbap Chiên,Suất ăn ngon hơn khi ăn ngay lúc còn ấm nóng. Suất ăn bao gồm Panchan ăn kèm & Sốt chấm mayonaise.,49000.0,65000.0,4131,85,4,6,2,https://media.be.com.vn/bizops/image/1f9d3805-a011-11f0-b84b-3a4f2a37a94e/resized_thumbnail_w1080_h1080,kimbap-chien,
4397,4397,Mokchang - Đồ Ăn Hàn Quốc & Gà Rán - Xã Đàn,746889,Mê Kimbap,2242790,Kimbap Trứng,Suất ăn ngon hơn khi ăn ngay lúc còn ấm nóng. Suất ăn bao gồm Panchan ăn kèm & Sốt chấm mayonaise.,49000.0,65000.0,987,17,1,6,3,https://media.be.com.vn/bizops/image/33d43bb1-a011-11f0-b84b-3a4f2a37a94e/resized_thumbnail_w1080_h1080,kimbap-trung,
4397,4397,Mokchang - Đồ Ăn Hàn Quốc & Gà Rán - Xã Đàn,746889,Mê Kimbap,2242791,Kimbap Bò,Suất ăn ngon hơn khi ăn ngay lúc còn ấm nóng. Suất ăn bao gồm Panchan ăn kèm & Sốt chấm mayonaise.,55000.0,65000.0,1830,22,3,6,4,https://media.be.com.vn/bizops/image/18eed76e-a011-11f0-9063-66448d787802/resized_thumbnail_w1080_h1080,kimbap-bo,
4397,4397,Mokchang - Đồ Ăn Hàn Quốc & Gà Rán - Xã Đàn,746890,Chán Cơm Thèm Tteokbokki,2242784,Tokbokki Truyền Thống,Vẫn luôn là một trong những best selling items của Mokchang. Suất ăn bao gồm Panchan ăn kèm.,59000.0,65000.0,1403,22,6,7,1,https://media.be.com.vn/bizops/image/b2e36fe1-a012-11f0-9063-66448d787802/resized_thumbnail_w1080_h1080,tokbokki-truyen-thong,
4397,4397,Mokchang - Đồ Ăn Hàn Quốc & Gà Rán - Xã Đàn,746890,Chán Cơm Thèm Tteokbokki,2242785,Tokbokki Phô Mai,Vẫn luôn là một trong những best selling items của Mokchang. Suất ăn bao gồm Panchan ăn kèm.,69000.0,69000.0,843,27,3,7,2,https://media.be.com.vn/bizops/image/ac2ae81e-a012-11f0-8b11-e6e7ca75c48c/resized_thumbnail_w1080_h1080,tokbokki-pho-mai,
4397,4397,Mokchang - Đồ Ăn Hàn Quốc & Gà Rán - Xã Đàn,957758,Mê Mỳ Mê Miến,2242792,Miến Trộn Bò Japchae,Suất ăn bao gồm Panchan ăn kèm,75000.0,79000.0,1463,22,2,8,1,https://media.be.com.vn/bizops/image/d1be883d-a010-11f0-8b11-e6e7ca75c48c/resized_thumbnail_w1080_h1080,mien-tron-bo-japchae,
4397,4397,Mokchang - Đồ Ăn Hàn Quốc & Gà Rán - Xã Đàn,957758,Mê Mỳ Mê Miến,2242793,Mỳ Trộn Bò Há Cảo,Suất ăn bao gồm Panchan ăn kèm,79000.0,85000.0,738,26,0,8,2,https://media.be.com.vn/bizops/image/92fecb19-a010-11f0-b84b-3a4f2a37a94e/resized_thumbnail_w1080_h1080,my-tron-bo-ha-cao,
4397,4397,Mokchang - Đồ Ăn Hàn Quốc & Gà Rán - Xã Đàn,957758,Mê Mỳ Mê Miến,8019094,Mì Cay Carbonara Samyang,"Cay nồng đậm đà, béo ngậy ngất ngây. Một cú twist hương vị khiến bạn vừa xuýt xoa vừa không thể ngừng gắp.",79000.0,85000.0,340,8,0,8,3,https://media.be.com.vn/bizops/image/ab85a5a5-a010-11f0-8021-922c9d42c616/resized_thumbnail_w1080_h1080,mi-cay-carbonara-samyang,
4397,4397,Mokchang - Đồ Ăn Hàn Quốc & Gà Rán - Xã Đàn,957758,Mê Mỳ Mê Miến,8019095,Mì Tương Đen Truyền Thống,Sốt tương đen được pha chế bởi nhà Mokchang. Suất ăn bao gồm Panchan ăn kèm.,79000.0,89000.0,544,7,0,8,4,https://media.be.com.vn/bizops/image/9c8a1669-a010-11f0-9063-66448d787802/resized_thumbnail_w1080_h1080,mi-tuong-den-truyen-thong,
4397,4397,Mokchang - Đồ Ăn Hàn Quốc & Gà Rán - Xã Đàn,957758,Mê Mỳ Mê Miến,10281409,Thịt chiên chua ngọt Hàn Quốc,Size M,85000.0,85000.0,27,0,1,8,5,https://media.be.com.vn/bizops/image/dba8cd4f-9e9d-11f0-8b11-e6e7ca75c48c/resized_thumbnail_w1080_h1080,thit-chien-chua-ngot-han-quoc,
4397,4397,Mokchang - Đồ Ăn Hàn Quốc & Gà Rán - Xã Đàn,746891,Mê Cơm Mê Canh,2242783,Cơm Rang Kim Chi,Suất ăn bao gồm Panchan ăn kèm,59000.0,59000.0,1363,12,1,9,1,https://media.be.com.vn/bizops/image/6873ac5a-a011-11f0-8021-922c9d42c616/resized_thumbnail_w1080_h1080,com-rang-kim-chi,
4397,4397,Mokchang - Đồ Ăn Hàn Quốc & Gà Rán - Xã Đàn,746891,Mê Cơm Mê Canh,6227372,Canh Rong Biển,Cơm trắng đi kèm canh,50000.0,50000.0,396,6,2,9,3,https://media.be.com.vn/bizops/image/9d19e9fa-a011-11f0-8021-922c9d42c616/resized_thumbnail_w1080_h1080,canh-rong-bien,
4397,4397,Mokchang - Đồ Ăn Hàn Quốc & Gà Rán - Xã Đàn,746891,Mê Cơm Mê Canh,8019093,Canh Chả Cá Jin,Cơm trắng đi kèm canh,59000.0,59000.0,208,2,2,9,4,https://media.be.com.vn/bizops/image/913d9dd5-a011-11f0-8021-922c9d42c616/resized_thumbnail_w1080_h1080,canh-cha-ca-jin,
4397,4397,Mokchang - Đồ Ăn Hàn Quốc & Gà Rán - Xã Đàn,983416,Popcorn Size S,6589098,Gà Popcorn Mật Ong Tỏi (size S),Một trong những món gà Best Selling đến từ nhà Mokchang. Suất ăn bao gồm Panchan ăn kèm,65000.0,65000.0,751,20,0,13,1,https://media.be.com.vn/bizops/image/71f60a65-a410-11f0-8021-922c9d42c616/resized_thumbnail_w1080_h1080,ga-popcorn-mat-ong-toi-size-s,
4397,4397,Mokchang - Đồ Ăn Hàn Quốc & Gà Rán - Xã Đàn,983416,Popcorn Size S,8022798,Gà Popcorn Phomai (size S),Một trong những món gà Best Selling đến từ nhà Mokchang. Suất ăn bao gồm Panchan ăn kèm,65000.0,65000.0,228,3,0,13,2,https://media.be.com.vn/bizops/image/a1d00997-a410-11f0-b84b-3a4f2a37a94e/resized_thumbnail_w1080_h1080,ga-popcorn-phomai-size-s,
4397,4397,Mokchang - Đồ Ăn Hàn Quốc & Gà Rán - Xã Đàn,983416,Popcorn Size S,8116988,Popcorn Sốt Cay Ngọt (Size S),Popcorn huyền thoại nhà Mokchang nay được phủ 1 tấm áo mới cay nhẹ và ngọt dịu,65000.0,65000.0,179,2,0,13,3,https://media.be.com.vn/bizops/image/c225b15c-a410-11f0-8021-922c9d42c616/resized_thumbnail_w1080_h1080,popcorn-sot-cay-ngot-size-s,
7920,7920,Cơm Gà Q35 - Hồng Mai,397762,CƠM RANG Q35,2668009,Cơm Rang Đùi Gà Xối Mỡ,"Nếu không có ship nhận, vui lòng đặt qua app khác, giá các app đang rất tốt",45000.0,45000.0,744,2,1,1,1,https://media.be.com.vn/bizops/image/d60b673f-cc55-11ed-a912-ca4386e16cdf/original,com-rang-dui-ga-xoi-mo,
7920,7920,Cơm Gà Q35 - Hồng Mai,397762,CƠM RANG Q35,2668008,Cơm Rang Đùi Gà Xối Mắm,"Có 2 mã KM : 1 cho món ăn, 1 cho giao hàng. Anh chị chọn cả 2 mã cùng 1 lúc được nhé.",45000.0,45000.0,1861,6,3,1,2,https://media.be.com.vn/bizops/image/c9ccc0f9-cc55-11ed-a912-ca4386e16cdf/resized_thumbnail_w1080_h1080,com-rang-dui-ga-xoi-mam,
7920,7920,Cơm Gà Q35 - Hồng Mai,397762,CƠM RANG Q35,2668006,Cơm Rang Gà Sốt Chua Ngọt,"Có 2 mã KM : 1 cho món ăn, 1 cho giao hàng. Anh chị chọn cả 2 mã cùng 1 lúc được nhé.",45000.0,45000.0,2716,19,9,1,3,https://media.be.com.vn/bizops/image/b0dd9222-cc55-11ed-a912-ca4386e16cdf/resized_thumbnail_w1080_h1080,com-rang-ga-sot-chua-ngot,
7920,7920,Cơm Gà Q35 - Hồng Mai,397762,CƠM RANG Q35,5741546,Cơm rang gà lọc xương,,45000.0,45000.0,340,0,1,1,4,https://media.be.com.vn/be-food/image/6a6eb73e-c28e-11ee-950f-6a8ca9ff4d91/resized_thumbnail_w1080_h1080,com-rang-ga-loc-xuong,
7920,7920,Cơm Gà Q35 - Hồng Mai,397762,CƠM RANG Q35,2668007,Cơm Rang Xá Xíu,"Có 2 mã KM : 1 cho món ăn, 1 cho giao hàng. Anh chị chọn cả 2 mã cùng 1 lúc được nhé.",45000.0,45000.0,2533,14,7,1,5,https://media.be.com.vn/be-food/image/dfb3c999-8fcd-11f0-8b11-e6e7ca75c48c/resized_thumbnail_w1080_h1080,com-rang-xa-xiu,
7920,7920,Cơm Gà Q35 - Hồng Mai,397762,CƠM RANG Q35,2668005,Cơm Rang Dưa Bò,"Có 2 mã KM : 1 cho món ăn, 1 cho giao hàng. Anh chị chọn cả 2 mã cùng 1 lúc được nhé.",45000.0,45000.0,3543,31,5,1,6,https://media.be.com.vn/bizops/image/8aa4061a-cc55-11ed-8ba4-ee89cbba1863/resized_thumbnail_w1080_h1080,com-rang-dua-bo,
7920,7920,Cơm Gà Q35 - Hồng Mai,397762,CƠM RANG Q35,2668013,Cơm Rang Thập Cẩm,"Có 2 mã KM : 1 cho món ăn, 1 cho giao hàng. Anh chị chọn cả 2 mã cùng 1 lúc được nhé.",35000.0,35000.0,368,6,1,1,7,https://media.be.com.vn/bizops/image/ef6909c0-cc56-11ed-aca6-c6be6bda1b97/resized_thumbnail_w1080_h1080,com-rang-thap-cam,
7920,7920,Cơm Gà Q35 - Hồng Mai,397762,CƠM RANG Q35,7090716,Cơm rang trứng lẫn,Cơm rang lẫn trứng ăn kèm dưa chuột + canh,25000.0,25000.0,29,0,0,1,8,https://media.be.com.vn/be-food/image/b46f2907-5aeb-11ef-8dc5-12c0bf7afddb/resized_thumbnail_w1080_h1080,com-rang-trung-lan,
7920,7920,Cơm Gà Q35 - Hồng Mai,397762,CƠM RANG Q35,7019401,cơm rang 2 xúc xích rán,,35000.0,35000.0,11,0,0,1,9,https://media.be.com.vn/be-food/image/0e23b201-54ac-11ef-adb9-3e6ef01ea27f/resized_thumbnail_w1080_h1080,com-rang-2-xuc-xich-ran,
7920,7920,Cơm Gà Q35 - Hồng Mai,397762,CƠM RANG Q35,2668017,Cơm Rang Trứng Ốp,"Có 2 mã KM : 1 cho món ăn, 1 cho giao hàng. Anh chị chọn cả 2 mã cùng 1 lúc được nhé.",30000.0,30000.0,90,1,0,1,11,https://media.be.com.vn/bizops/image/fbf777d4-cc58-11ed-8ba4-ee89cbba1863/resized_thumbnail_w1080_h1080,com-rang-trung-op,
7920,7920,Cơm Gà Q35 - Hồng Mai,397762,CƠM RANG Q35,9852203,Cơm rang Dương Châu,,56000.0,56000.0,5,0,0,1,12,https://media.be.com.vn/be-food/image/802c0db6-728c-11f0-8021-922c9d42c616/original,com-rang-duong-chau,
7920,7920,Cơm Gà Q35 - Hồng Mai,397761,COMBO Q35,2668011,Cơm rang thập cẩm - Pepsi,"Có 2 mã KM : 1 cho món ăn, 1 cho giao hàng. Anh chị chọn cả 2 mã cùng 1 lúc được nhé.",48000.0,48000.0,94,1,0,2,1,https://media.be.com.vn/bizops/image/d35e903d-cc56-11ed-aca6-c6be6bda1b97/resized_thumbnail_w1080_h1080,com-rang-thap-cam-pepsi,
7920,7920,Cơm Gà Q35 - Hồng Mai,397761,COMBO Q35,2668015,Cơm Rang Dưa Bò + pepsi,"Có 2 mã KM : 1 cho món ăn, 1 cho giao hàng. Anh chị chọn cả 2 mã cùng 1 lúc được nhé.",55000.0,55000.0,124,1,0,2,2,https://media.be.com.vn/bizops/image/bfd13150-cc58-11ed-8ba4-ee89cbba1863/resized_thumbnail_w1080_h1080,com-rang-dua-bo-pepsi,
7920,7920,Cơm Gà Q35 - Hồng Mai,397761,COMBO Q35,2668018,Cơm Rang Gà + pepsi,,55000.0,55000.0,150,1,0,2,3,https://media.be.com.vn/bizops/image/fb45e9a4-cc59-11ed-975f-9af8f6763244/original,com-rang-ga-pepsi,
7920,7920,Cơm Gà Q35 - Hồng Mai,397761,COMBO Q35,2668024,Cơm Rang Xá Xíu + pepsi,"Có 2 mã KM : 1 cho món ăn, 1 cho giao hàng. Anh chị chọn cả 2 mã cùng 1 lúc được nhé.",55000.0,55000.0,37,0,0,2,4,https://media.be.com.vn/be-food/image/16bcb1f8-8fce-11f0-9063-66448d787802/resized_thumbnail_w1080_h1080,com-rang-xa-xiu-pepsi,
61209,61209,Bánh Tráng Cô Chin - Bánh Tráng Cuốn Phomai - Lương Định Của,649243,Bánh Tráng,4391593,Bánh tráng cuốn bơ,,30000.0,30000.0,3,0,0,1,1,https://media.be.com.vn/be-food/image/7564907f-3a77-11ee-b2af-3ea2e1c5510b/resized_thumbnail_w1080_h1080,banh-trang-cuon-bo,
61209,61209,Bánh Tráng Cô Chin - Bánh Tráng Cuốn Phomai - Lương Định Của,649243,Bánh Tráng,4391594,Bánh tráng trộn,,25000.0,25000.0,2,0,0,1,2,https://media.be.com.vn/be-food/image/75b03247-3a77-11ee-b2af-3ea2e1c5510b/resized_thumbnail_w1080_h1080,banh-trang-tron,
61209,61209,Bánh Tráng Cô Chin - Bánh Tráng Cuốn Phomai - Lương Định Của,649243,Bánh Tráng,4391595,Bánh tráng nướng,,35000.0,35000.0,0,0,0,1,3,https://media.be.com.vn/be-food/image/75fa56d2-3a77-11ee-b2af-3ea2e1c5510b/resized_thumbnail_w1080_h1080,banh-trang-nuong,
61209,61209,Bánh Tráng Cô Chin - Bánh Tráng Cuốn Phomai - Lương Định Của,649243,Bánh Tráng,4391596,Bánh tráng cuốn phô mai,,35000.0,35000.0,2,0,0,1,4,https://media.be.com.vn/be-food/image/76473a20-3a77-11ee-8e31-f638ae20f033/resized_thumbnail_w1080_h1080,banh-trang-cuon-pho-mai,
61209,61209,Bánh Tráng Cô Chin - Bánh Tráng Cuốn Phomai - Lương Định Của,649243,Bánh Tráng,4391597,Bánh tráng cuốn phô mai trứng muối,,40000.0,40000.0,0,0,0,1,5,https://media.be.com.vn/be-food/image/769030f4-3a77-11ee-8e31-f638ae20f033/resized_thumbnail_w1080_h1080,banh-trang-cuon-pho-mai-trung-muoi,
76124,76124,Cơm Osechi - Cơm Gà & Cơm Thịt Heo - Phương Liệt,884507,CÁC MÓN CƠM,5983921,Cơm gà mắm tỏi,#NAME?,65000.0,65000.0,87,3,1,1,1,https://media.be.com.vn/be-food/image/d0c2fe84-2b48-11f0-8510-8ea7808cbcf4/resized_thumbnail_w1080_h1080,com-ga-mam-toi,
76124,76124,Cơm Osechi - Cơm Gà & Cơm Thịt Heo - Phương Liệt,884507,CÁC MÓN CƠM,5983922,Cơm gà xào nấm,#NAME?,65000.0,65000.0,180,6,0,1,2,https://media.be.com.vn/be-food/image/786fbb96-2724-11ef-9c7d-4a25ba94d9f3/resized_thumbnail_w1080_h1080,com-ga-xao-nam,
76124,76124,Cơm Osechi - Cơm Gà & Cơm Thịt Heo - Phương Liệt,884507,CÁC MÓN CƠM,5983924,Heo chiên xì dầu trứng,#NAME?,70000.0,70000.0,87,5,0,1,3,https://media.be.com.vn/be-food/image/0bd9a8a1-2b49-11f0-8510-8ea7808cbcf4/resized_thumbnail_w1080_h1080,heo-chien-xi-dau-trung,
76124,76124,Cơm Osechi - Cơm Gà & Cơm Thịt Heo - Phương Liệt,884507,CÁC MÓN CƠM,5983920,Cơm bò xốt tiêu đen,#NAME?,75000.0,75000.0,38,1,0,1,4,https://media.be.com.vn/be-food/image/6d9e7b90-2724-11ef-bbf6-aee397ad57df/resized_thumbnail_w1080_h1080,com-bo-xot-tieu-den,
76124,76124,Cơm Osechi - Cơm Gà & Cơm Thịt Heo - Phương Liệt,884507,CÁC MÓN CƠM,5983925,Cơm gà viên xốt Hàn Quốc,#NAME?,65000.0,65000.0,123,5,0,1,5,https://media.be.com.vn/be-food/image/a512111a-2724-11ef-bbf6-aee397ad57df/resized_thumbnail_w1080_h1080,com-ga-vien-xot-han-quoc,
76124,76124,Cơm Osechi - Cơm Gà & Cơm Thịt Heo - Phương Liệt,884507,CÁC MÓN CƠM,6613857,Cơm gà viên xốt cari,,65000.0,65000.0,111,2,0,1,6,https://media.be.com.vn/be-food/image/c2cdcd1d-2d54-11ef-bbf6-aee397ad57df/resized_thumbnail_w1080_h1080,com-ga-vien-xot-cari,
76124,76124,Cơm Osechi - Cơm Gà & Cơm Thịt Heo - Phương Liệt,885143,COMBO OSECHI,5986735,COMBO cơm gà mắm tỏi lớn + Nước,"Combo gồm: Cơm gà mắm tỏi lớn, 1 loại nước tùy chọn, canh rau theo mùa, nộm, rau luộc.",75000.0,75000.0,22,0,0,2,1,https://media.be.com.vn/be-food/image/bbe5828e-2724-11ef-b411-9e337230779d/resized_thumbnail_w1080_h1080,combo-com-ga-mam-toi-lon-nuoc,
76124,76124,Cơm Osechi - Cơm Gà & Cơm Thịt Heo - Phương Liệt,885143,COMBO OSECHI,5986740,COMBO cơm gà viên xốt ngũ vị + Nước,"Combo gồm: Cơm gà viên xốt ngũ vị, 1 loại nước tùy chọn, canh rau theo mùa, nộm, rau luộc.",75000.0,75000.0,9,0,0,2,2,https://media.be.com.vn/be-food/image/ec8d83fa-2724-11ef-9c7d-4a25ba94d9f3/resized_thumbnail_w1080_h1080,combo-com-ga-vien-xot-ngu-vi-nuoc,
76124,76124,Cơm Osechi - Cơm Gà & Cơm Thịt Heo - Phương Liệt,885143,COMBO OSECHI,5986738,COMBO cơm gà xào nấm + Nước,"Combo gồm: Cơm gà xào nấm, 1 loại nước tùy chọn, canh rau theo mùa, nộm, rau luộc.",75000.0,75000.0,6,0,0,2,3,https://media.be.com.vn/be-food/image/d2f84ba2-2724-11ef-bbf6-aee397ad57df/resized_thumbnail_w1080_h1080,combo-com-ga-xao-nam-nuoc,
76124,76124,Cơm Osechi - Cơm Gà & Cơm Thịt Heo - Phương Liệt,885143,COMBO OSECHI,5986737,COMBO cơm bò xốt tiêu + Nước,"Combo gồm: Cơm bò xốt tiêu, 1 loại nước tùy chọn, canh rau theo mùa, nộm, rau luộc.",85000.0,85000.0,5,0,0,2,4,https://media.be.com.vn/be-food/image/c9215635-2724-11ef-bbf6-aee397ad57df/resized_thumbnail_w1080_h1080,combo-com-bo-xot-tieu-nuoc,
10227,10227,Bánh Cuốn Đức Hạnh - Phạm Ngọc Thạch,41012,BÁNH CUỐN,340323,Bánh cuốn thịt chả,,35000.0,35000.0,733,5,0,1,1,https://media.be.com.vn/be-food/image/6cb83c0c-1eb0-11ed-9985-46ef85b7fc92/original,banh-cuon-thit-cha,
10227,10227,Bánh Cuốn Đức Hạnh - Phạm Ngọc Thạch,41012,BÁNH CUỐN,340324,Bánh cuốn thịt,,30000.0,30000.0,624,2,1,1,2,https://media.be.com.vn/be-food/image/744767d6-1eb0-11ed-8d7f-6eaf3bd05ea7/original,banh-cuon-thit,
10227,10227,Bánh Cuốn Đức Hạnh - Phạm Ngọc Thạch,41012,BÁNH CUỐN,340325,Bánh cuốn trứng chín,,15000.0,15000.0,210,2,0,1,3,https://media.be.com.vn/be-food/image/7d175c16-1eb0-11ed-8d7f-6eaf3bd05ea7/original,banh-cuon-trung-chin,
10227,10227,Bánh Cuốn Đức Hạnh - Phạm Ngọc Thạch,41012,BÁNH CUỐN,340326,Bánh cuốn trứng lòng đào,,15000.0,15000.0,228,0,1,1,4,https://media.be.com.vn/be-food/image/83b33d60-1eb0-11ed-8d7f-6eaf3bd05ea7/original,banh-cuon-trung-long-dao,
10227,10227,Bánh Cuốn Đức Hạnh - Phạm Ngọc Thạch,41012,BÁNH CUỐN,340328,Bánh cuốn tôm,,45000.0,45000.0,77,0,1,1,6,https://media.be.com.vn/be-food/image/945830cc-1eb0-11ed-9985-46ef85b7fc92/original,banh-cuon-tom,
10227,10227,Bánh Cuốn Đức Hạnh - Phạm Ngọc Thạch,41012,BÁNH CUỐN,340329,Bánh cuốn tôm chả,,50000.0,50000.0,75,0,0,1,7,https://media.be.com.vn/be-food/image/9b051056-1eb0-11ed-9985-46ef85b7fc92/original,banh-cuon-tom-cha,
10227,10227,Bánh Cuốn Đức Hạnh - Phạm Ngọc Thạch,41012,BÁNH CUỐN,340330,Bánh cuốn nhân hành khô,Bánh cuốn nhân hành khô nhà tự làm,25000.0,25000.0,127,1,0,1,8,https://media.be.com.vn/be-food/image/a2d7311f-1eb0-11ed-bf5c-d65f1fd7c660/original,banh-cuon-nhan-hanh-kho,
10227,10227,Bánh Cuốn Đức Hạnh - Phạm Ngọc Thạch,41012,BÁNH CUỐN,340331,Bánh cuốn nhân hành khô có chả,Bánh cuốn nhân hành nhà tự làm,30000.0,30000.0,94,2,1,1,9,https://media.be.com.vn/be-food/image/ae318970-1eb0-11ed-9985-46ef85b7fc92/original,banh-cuon-nhan-hanh-kho-co-cha,
10227,10227,Bánh Cuốn Đức Hạnh - Phạm Ngọc Thạch,41012,BÁNH CUỐN,340332,Bánh cuốn chả nướng,,50000.0,50000.0,256,0,2,1,10,https://media.be.com.vn/be-food/image/b99e0d59-1eb0-11ed-bf5c-d65f1fd7c660/original,banh-cuon-cha-nuong,
10227,10227,Bánh Cuốn Đức Hạnh - Phạm Ngọc Thạch,41012,BÁNH CUỐN,340333,Chả nướng,1 xiên,20000.0,20000.0,166,1,0,1,11,https://media.be.com.vn/be-food/image/8db6313a-abef-11ed-a491-220f4d9eeddb/resized_thumbnail_w1080_h1080,cha-nuong,
10227,10227,Bánh Cuốn Đức Hạnh - Phạm Ngọc Thạch,41012,BÁNH CUỐN,11466561,Bánh cuốn nhân gà,Thơm mùi hương nấm. Đậm đà vị gà quê và chả quế,50000.0,50000.0,0,0,0,1,12,https://media.be.com.vn/bizops/image/53464991-a361-11f0-8021-922c9d42c616/original,banh-cuon-nhan-ga,
2443,2443,Bánh Giò Nóng Xuân Thủy - Lương Định Của,1067,Đồ Ăn Vặt,48695,Bánh giò truyền thống,1 chiếc,45000.0,45000.0,368,0,1,1,1,https://media.be.com.vn/bizops/image/35fca06a-3b22-11ee-8146-82365e52a8ee/original,banh-gio-truyen-thong,
2443,2443,Bánh Giò Nóng Xuân Thủy - Lương Định Của,1067,Đồ Ăn Vặt,48704,Bánh rán mặn,5 cái,70000.0,70000.0,35,0,0,1,4,https://media.be.com.vn/be-food/image/5a0f853e-3ccc-11ee-8e31-f638ae20f033/resized_thumbnail_w1080_h1080,banh-ran-man,
2443,2443,Bánh Giò Nóng Xuân Thủy - Lương Định Của,1067,Đồ Ăn Vặt,48706,Nem Ngọt Rán,10 cái,90000.0,90000.0,1,0,0,1,5,https://media.be.com.vn/bizops/image/c3a4a54f-3b22-11ee-b2af-3ea2e1c5510b/resized_thumbnail_w1080_h1080,nem-ngot-ran,
2443,2443,Bánh Giò Nóng Xuân Thủy - Lương Định Của,1067,Đồ Ăn Vặt,48718,Bánh tôm,5 chiếc,130000.0,130000.0,11,0,0,1,9,https://media.be.com.vn/be-food/image/32e37a1f-3ccc-11ee-8146-82365e52a8ee/resized_thumbnail_w1080_h1080,banh-tom,
2443,2443,Bánh Giò Nóng Xuân Thủy - Lương Định Của,1067,Đồ Ăn Vặt,48722,Bánh gối,5 chiếc,100000.0,100000.0,17,0,0,1,10,https://media.be.com.vn/be-food/image/48eef474-3ccc-11ee-8146-82365e52a8ee/resized_thumbnail_w1080_h1080,banh-goi,
2443,2443,Bánh Giò Nóng Xuân Thủy - Lương Định Của,1067,Đồ Ăn Vặt,48726,Nem Chua,10c,75000.0,75000.0,0,0,0,1,11,https://media.be.com.vn/bizops/image/cb63c52a-3b22-11ee-8146-82365e52a8ee/resized_thumbnail_w1080_h1080,nem-chua,
2443,2443,Bánh Giò Nóng Xuân Thủy - Lương Định Của,167818,Đồ Ăn Vặt bánh rán mặn 100,48731,Bánh Rán Ngọt,5c,40000.0,40000.0,5,0,0,2,1,https://media.be.com.vn/bizops/image/3a5f5c8a-3b23-11ee-8e31-f638ae20f033/resized_thumbnail_w1080_h1080,banh-ran-ngot,
2443,2443,Bánh Giò Nóng Xuân Thủy - Lương Định Của,167818,Đồ Ăn Vặt bánh rán mặn 100,48735,Bún chả,1 suất,60000.0,60000.0,2,0,0,2,2,https://media.be.com.vn/bizops/image/e85b60b4-3b22-11ee-bfaa-82e52b34e173/resized_thumbnail_w1080_h1080,bun-cha,
116044,116044,Cơm Bình Dân - Lạc Nghiệp,1422079,Menu,9766759,Cơm cá trắm kho,,50000.0,50000.0,1,0,0,1,1,https://media.be.com.vn/bizops/image/6d8686c6-6b83-11f0-9063-66448d787802/resized_thumbnail_w1080_h1080,com-ca-tram-kho,
116044,116044,Cơm Bình Dân - Lạc Nghiệp,1422079,Menu,9766760,Cơm thịt kho tàu,,50000.0,50000.0,8,0,0,1,2,https://media.be.com.vn/bizops/image/747f1708-6b83-11f0-8021-922c9d42c616/resized_thumbnail_w1080_h1080,com-thit-kho-tau,
116044,116044,Cơm Bình Dân - Lạc Nghiệp,1422079,Menu,9766761,Cơm đùi gà quay,,50000.0,50000.0,18,0,0,1,3,https://media.be.com.vn/bizops/image/7d6c94c3-6b83-11f0-b84b-3a4f2a37a94e/resized_thumbnail_w1080_h1080,com-dui-ga-quay,
116044,116044,Cơm Bình Dân - Lạc Nghiệp,1422079,Menu,9766762,Cơm gà cà ri,,50000.0,50000.0,4,0,0,1,4,https://media.be.com.vn/bizops/image/8a9f5d80-6b83-11f0-8021-922c9d42c616/resized_thumbnail_w1080_h1080,com-ga-ca-ri,
116044,116044,Cơm Bình Dân - Lạc Nghiệp,1422079,Menu,9766763,Cơm rang dưa bò,,50000.0,50000.0,19,0,0,1,5,https://media.be.com.vn/bizops/image/907ca822-6b83-11f0-8021-922c9d42c616/resized_thumbnail_w1080_h1080,com-rang-dua-bo,
116044,116044,Cơm Bình Dân - Lạc Nghiệp,1422079,Menu,9766765,Cơm rang hải sản,,50000.0,50000.0,7,0,0,1,7,https://media.be.com.vn/bizops/image/9d04f8a8-6b83-11f0-9063-66448d787802/resized_thumbnail_w1080_h1080,com-rang-hai-san,
41433,41433,Phở Lộc - Phạm Ngọc Thạch,427551,Cơm Rang - Mỳ Phở Xào,2904640,Phở xào,"Giá đã bao gồm hộp đựng đũa thìa. Bánh phở + Thịt bò + Rau cải, cà rốt,hành tây,cà chưa.",45000.0,45000.0,0,0,0,1,1,https://media.be.com.vn/be-food/image/fd053d47-404f-11ee-b2af-3ea2e1c5510b/resized_thumbnail_w1080_h1080,pho-xao,
41433,41433,Phở Lộc - Phạm Ngọc Thạch,427551,Cơm Rang - Mỳ Phở Xào,2904641,Mỳ xào,Giá đã bao gồm hộp đựng và đũa thìa. Thịt Bò + Mỳ tôm + Cải ngọt + Cà chua + Hành tây + Cà rốt...,45000.0,45000.0,0,0,0,1,2,https://media.be.com.vn/be-food/image/fcf47c9e-404f-11ee-8146-82365e52a8ee/resized_thumbnail_w1080_h1080,my-xao,
41433,41433,Phở Lộc - Phạm Ngọc Thạch,427551,Cơm Rang - Mỳ Phở Xào,2904642,Cơm rang thập cẩm,Giá đã bao gồm hộp đựng và đũa thìa. Cơm Trắng + Giò lụa + Lạp xưởng +Cà rốt +Ngô ngọt + Hành phi...,40000.0,40000.0,0,0,0,1,3,https://media.be.com.vn/be-food/image/fce22d73-404f-11ee-8e31-f638ae20f033/resized_thumbnail_w1080_h1080,com-rang-thap-cam,
41433,41433,Phở Lộc - Phạm Ngọc Thạch,427551,Cơm Rang - Mỳ Phở Xào,2904643,Cơm rang cải bò,Giá đã bao gồm hộp đựng và đũa thìa. Thịt Bò + Cơm rang + Cải ngọt + Cà rốt + Cà chưa + Hành tây...,45000.0,45000.0,0,0,0,1,4,https://media.be.com.vn/be-food/image/fca3bf87-404f-11ee-8146-82365e52a8ee/resized_thumbnail_w1080_h1080,com-rang-cai-bo,
41433,41433,Phở Lộc - Phạm Ngọc Thạch,427552,Phở Bò,2904644,Phở tái,"Giá đã bao gồm tô giấy đựng, bánh túi zip và đũa thìa. Tái mông + Bánh phở + Nước dùng...",40000.0,40000.0,0,0,0,2,1,https://media.be.com.vn/be-food/image/fc9c7d1f-404f-11ee-8e31-f638ae20f033/resized_thumbnail_w1080_h1080,pho-tai,
41433,41433,Phở Lộc - Phạm Ngọc Thạch,427552,Phở Bò,2904645,Phở tái chín,"Giá đã bao gồm tô giấy đựng bánh, túi zip và đũa thìa. Tái mông + Thịt chín nạm + Bánh phở + nước dùng...",40000.0,40000.0,0,0,0,2,2,https://media.be.com.vn/be-food/image/fc8aa1a5-404f-11ee-b2af-3ea2e1c5510b/resized_thumbnail_w1080_h1080,pho-tai-chin,
41433,41433,Phở Lộc - Phạm Ngọc Thạch,427552,Phở Bò,2904646,Phở tái gầu,Giá đã bao gồm tô giấy đựng bánh túi zip và đũa thìa. Thịt tái mông + Gầu bò + Bánh phở + Nước dùng...,40000.0,40000.0,0,0,0,2,3,https://media.be.com.vn/be-food/image/fc4e825f-404f-11ee-8e31-f638ae20f033/resized_thumbnail_w1080_h1080,pho-tai-gau,
41433,41433,Phở Lộc - Phạm Ngọc Thạch,427552,Phở Bò,2904647,Phở tái nạm,"Giá đã bao gồm tô giấy đựng bánh, túi zip và đũa thìa. Tái mông + Chín Nạm + Bánh phở + nước dùng...",40000.0,40000.0,0,0,0,2,4,https://media.be.com.vn/be-food/image/fc430790-404f-11ee-b2af-3ea2e1c5510b/resized_thumbnail_w1080_h1080,pho-tai-nam,
16270,16270,"Bún Chả, Bún Thịt Nướng & Thịt Xiên Cây Dâu - Nguyễn Công Trứ",69394,Món chính,548617,Thịt xiên nướng,Thịt lợn nướng than hoa,11000.0,11000.0,1418,3,0,1,1,https://media.be.com.vn/be-food/image/b9b005a3-aac0-11ed-aebb-1eb5d596321f/original,thit-xien-nuong,
16270,16270,"Bún Chả, Bún Thịt Nướng & Thịt Xiên Cây Dâu - Nguyễn Công Trứ",69394,Món chính,548619,Bánh mỳ bơ mật ong,Bánh mỳ nướng bơ mật ong,12000.0,12000.0,116,1,0,1,2,https://media.be.com.vn/be-food/image/f25c62af-acc0-11ed-8ca3-8e6f9560a813/resized_thumbnail_w1080_h1080,banh-my-bo-mat-ong,
16270,16270,"Bún Chả, Bún Thịt Nướng & Thịt Xiên Cây Dâu - Nguyễn Công Trứ",69394,Món chính,548620,Bánh mỳ 2 xiên,"Bánh mỳ kẹp 2 xiên thịt nướng, rau sốt ớt đầy đủ. Nếu ko ăn ớt vui lòng ghi chú cho quán ạ.",28000.0,28000.0,28,0,0,1,3,https://media.be.com.vn/bizops/image/46c27951-a79d-11ed-b718-966cddb60d0d/original,banh-my-2-xien,
16270,16270,"Bún Chả, Bún Thịt Nướng & Thịt Xiên Cây Dâu - Nguyễn Công Trứ",69394,Món chính,548622,Bánh mỳ 3 xiên,"Bánh mỳ kẹp 3 xiên thịt nướng, rau sốt ớt đầy đủ. Nếu ko ăn ớt vui lòng ghi chú cho quán ạ.",38000.0,38000.0,50,1,0,1,5,https://media.be.com.vn/bizops/image/30e736b6-a79d-11ed-b718-966cddb60d0d/original,banh-my-3-xien,
16270,16270,"Bún Chả, Bún Thịt Nướng & Thịt Xiên Cây Dâu - Nguyễn Công Trứ",69394,Món chính,548623,Bún thịt nướng,"Bún thịt nướng trộn, rau thơm xà lách, hành phi, lạc rang, giá...",48000.0,48000.0,408,4,0,1,6,https://media.be.com.vn/bizops/image/2a563b18-a79d-11ed-b718-966cddb60d0d/original,bun-thit-nuong,
16270,16270,"Bún Chả, Bún Thịt Nướng & Thịt Xiên Cây Dâu - Nguyễn Công Trứ",69394,Món chính,548624,Bánh mì thịt nướng,"Bánh mì kẹp thịt miếng nướng thêm sốt ớt, kèm rau sống...",27000.0,27000.0,8,0,0,1,7,https://media.be.com.vn/be-food/image/f2b27dff-acc0-11ed-a491-220f4d9eeddb/resized_thumbnail_w1080_h1080,banh-mi-thit-nuong,
16270,16270,"Bún Chả, Bún Thịt Nướng & Thịt Xiên Cây Dâu - Nguyễn Công Trứ",69394,Món chính,9623816,Bún chả,"Bún chả gồm 3 lựa chọn: chả miếng, chả băm và chả lẫn. Quý khách vui lòng ghi chú cho quán khi đặt đơn.",58000.0,58000.0,18,0,0,1,8,https://media.be.com.vn/be-food/image/557f7d44-59b5-11f0-8021-922c9d42c616/resized_thumbnail_w1080_h1080,bun-cha,
96492,96492,Bánh Cuốn Dẻo Gia Truyền Bà Minh - Lương Đình Của,1137232,Bánh Cuốn - Không Kèm Chả,7573135,Bánh chay,"bánh chay trắng không nhân dẻo,mềm,mướt",25000.0,25000.0,0,0,0,1,1,https://media.be.com.vn/be-food/image/52c580bd-96b7-11ef-81cc-d24fde1987a0/resized_thumbnail_w1080_h1080,banh-chay,
96492,96492,Bánh Cuốn Dẻo Gia Truyền Bà Minh - Lương Đình Của,1137232,Bánh Cuốn - Không Kèm Chả,7573136,Bánh nhân thịt nấm không chả,"nhân được làm từ thịt,nấm hương,mọc nhĩ xào",30000.0,30000.0,0,0,0,1,2,https://media.be.com.vn/be-food/image/bc594fa0-9690-11ef-8d88-0695c6df6d37/resized_thumbnail_w1080_h1080,banh-nhan-thit-nam-khong-cha,
96492,96492,Bánh Cuốn Dẻo Gia Truyền Bà Minh - Lương Đình Của,1137232,Bánh Cuốn - Không Kèm Chả,7573137,Bánh nhân tôm thịt không kèm chả,nhân được làm từ thịt lợn và tôm biển xào thơm ngọt,40000.0,40000.0,0,0,0,1,3,https://media.be.com.vn/be-food/image/406c2729-9691-11ef-8d88-0695c6df6d37/resized_thumbnail_w1080_h1080,banh-nhan-tom-thit-khong-kem-cha,
96492,96492,Bánh Cuốn Dẻo Gia Truyền Bà Minh - Lương Đình Của,1137232,Bánh Cuốn - Không Kèm Chả,7573138,Bánh nhân hành phi,"bánh chay trắng được cuộn cùng hành phi thơm lừng,giòn tan.",35000.0,35000.0,0,0,0,1,4,https://media.be.com.vn/be-food/image/86a6953a-9691-11ef-8d88-0695c6df6d37/resized_thumbnail_w1080_h1080,banh-nhan-hanh-phi,
96492,96492,Bánh Cuốn Dẻo Gia Truyền Bà Minh - Lương Đình Của,1137232,Bánh Cuốn - Không Kèm Chả,7573139,Bánh cuốn đặc biệt kèm chả,"nhân thịt nấm,nhân tôm thịt,chả quế,chả mỡ,chả nướng hoạc lạp sườn",55000.0,55000.0,0,0,0,1,5,https://media.be.com.vn/be-food/image/bac34246-9691-11ef-bd66-b239c83a8124/resized_thumbnail_w1080_h1080,banh-cuon-dac-biet-kem-cha,
96492,96492,Bánh Cuốn Dẻo Gia Truyền Bà Minh - Lương Đình Của,1137232,Bánh Cuốn - Không Kèm Chả,7573140,Bánh thịt nấm - nhiều nhân,"1 kg bánh nhân thịt nấm,rất nhiều nhân",105000.0,105000.0,0,0,0,1,6,https://media.be.com.vn/be-food/image/290cc556-9692-11ef-8d88-0695c6df6d37/resized_thumbnail_w1080_h1080,banh-thit-nam-nhieu-nhan,
99617,99617,Cơm Đốt Thố Thái Lan - Xã Đàn,1177148,Rau,10182888,Măng Trúc Xào Tỏi,,75000.0,75000.0,0,0,0,1,1,https://media.be.com.vn/be-food/image/186bdbe2-96d8-11f0-9063-66448d787802/resized_thumbnail_w1080_h1080,mang-truc-xao-toi,
99617,99617,Cơm Đốt Thố Thái Lan - Xã Đàn,1177148,Rau,10182896,Bắp Cải Xào Tỏi,,63000.0,63000.0,1,0,0,1,2,https://media.be.com.vn/be-food/image/f086078b-96d8-11f0-8b11-e6e7ca75c48c/resized_thumbnail_w1080_h1080,bap-cai-xao-toi,
99617,99617,Cơm Đốt Thố Thái Lan - Xã Đàn,1177148,Rau,10182905,Bắp Cải Luộc Chấm Trứng,,69000.0,69000.0,0,0,0,1,3,https://media.be.com.vn/be-food/image/47cdf2fa-96d9-11f0-9063-66448d787802/resized_thumbnail_w1080_h1080,bap-cai-luoc-cham-trung,
99617,99617,Cơm Đốt Thố Thái Lan - Xã Đàn,1177148,Rau,10188675,Rau củ quả luộc chấm trứng,,63000.0,63000.0,1,0,0,1,4,https://media.be.com.vn/be-food/image/d0693bb0-979f-11f0-9063-66448d787802/resized_thumbnail_w1080_h1080,rau-cu-qua-luoc-cham-trung,
99617,99617,Cơm Đốt Thố Thái Lan - Xã Đàn,1177149,Cơm,7824041,Cơm chiên trứng,,65000.0,65000.0,4,0,0,2,4,https://media.be.com.vn/be-food/image/842ca640-96d9-11f0-8b11-e6e7ca75c48c/resized_thumbnail_w1080_h1080,com-chien-trung,
99617,99617,Cơm Đốt Thố Thái Lan - Xã Đàn,1177150,Món Chính,7824043,Cá nục hoa sốt chanh leo,,81000.0,81000.0,0,0,0,3,1,https://media.be.com.vn/be-food/image/b19a4dc9-97a3-11f0-8b11-e6e7ca75c48c/resized_thumbnail_w1080_h1080,ca-nuc-hoa-sot-chanh-leo,
99617,99617,Cơm Đốt Thố Thái Lan - Xã Đàn,1177150,Món Chính,7824044,Cá bông lau kho tộ,,86000.0,86000.0,3,0,0,3,2,https://media.be.com.vn/be-food/image/bd23e4ac-4350-11f0-a25e-6e56c183e761/original,ca-bong-lau-kho-to,
99617,99617,Cơm Đốt Thố Thái Lan - Xã Đàn,1177150,Món Chính,7824046,Đậu hũ sốt Thái,,78000.0,78000.0,1,0,0,3,4,https://media.be.com.vn/bizops/image/86ffe145-a877-11ef-bd66-b239c83a8124/original,dau-hu-sot-thai,
99617,99617,Cơm Đốt Thố Thái Lan - Xã Đàn,1177150,Món Chính,7824049,Trứng chiên,,40000.0,40000.0,4,0,0,3,6,https://media.be.com.vn/be-food/image/60dd5370-97a2-11f0-b84b-3a4f2a37a94e/resized_thumbnail_w1080_h1080,trung-chien,
99617,99617,Cơm Đốt Thố Thái Lan - Xã Đàn,1177150,Món Chính,7824050,Kho quẹt,,69000.0,69000.0,2,0,0,3,7,https://media.be.com.vn/be-food/image/d17ba7f1-97a1-11f0-b84b-3a4f2a37a94e/resized_thumbnail_w1080_h1080,kho-quet,
99617,99617,Cơm Đốt Thố Thái Lan - Xã Đàn,1177150,Món Chính,7824051,Cá mối rim Thái,,75000.0,75000.0,1,0,0,3,8,https://media.be.com.vn/be-food/image/9da3b88d-97a1-11f0-b84b-3a4f2a37a94e/resized_thumbnail_w1080_h1080,ca-moi-rim-thai,
99617,99617,Cơm Đốt Thố Thái Lan - Xã Đàn,1177150,Món Chính,7824053,Bò sốt tiêu đen,,102000.0,102000.0,1,0,0,3,9,https://media.be.com.vn/be-food/image/76efe3a9-97a1-11f0-b84b-3a4f2a37a94e/resized_thumbnail_w1080_h1080,bo-sot-tieu-den,
99617,99617,Cơm Đốt Thố Thái Lan - Xã Đàn,1177150,Món Chính,7824055,Thịt ba chỉ rang cháy cạnh,,86000.0,86000.0,8,0,0,3,10,https://media.be.com.vn/be-food/image/a86046f5-97a0-11f0-8b11-e6e7ca75c48c/resized_thumbnail_w1080_h1080,thit-ba-chi-rang-chay-canh,
99617,99617,Cơm Đốt Thố Thái Lan - Xã Đàn,1177150,Món Chính,7824056,Thịt kho tàu,,78000.0,78000.0,5,0,0,3,11,https://media.be.com.vn/be-food/image/9070ed65-97a0-11f0-b84b-3a4f2a37a94e/resized_thumbnail_w1080_h1080,thit-kho-tau,
99617,99617,Cơm Đốt Thố Thái Lan - Xã Đàn,1177151,Canh,7824057,Canh cải thịt bằm,,69000.0,69000.0,8,0,0,4,1,https://media.be.com.vn/bizops/image/c9a36e40-a877-11ef-81cc-d24fde1987a0/original,canh-cai-thit-bam,
99617,99617,Cơm Đốt Thố Thái Lan - Xã Đàn,1177151,Canh,10188794,Canh sườn hầm củ sen,,86000.0,86000.0,1,0,0,4,2,https://media.be.com.vn/be-food/image/6d6d0cab-97a4-11f0-8021-922c9d42c616/resized_thumbnail_w1080_h1080,canh-suon-ham-cu-sen,
99617,99617,Cơm Đốt Thố Thái Lan - Xã Đàn,1482853,Combo cơm đốt,10182915,"Combo cơm đốt 1 mặt, đậu hũ sốt thái",,85000.0,85000.0,1,0,0,6,1,https://media.be.com.vn/be-food/image/f0558f57-2044-11f0-bd66-b239c83a8124/original,combo-com-dot-1-mat-dau-hu-sot-thai,
99617,99617,Cơm Đốt Thố Thái Lan - Xã Đàn,1482853,Combo cơm đốt,10182917,"Combo cơm đốt 1 mặt, thịt kho tàu",,87000.0,87000.0,1,0,0,6,2,https://media.be.com.vn/be-food/image/d168ece4-2044-11f0-81cc-d24fde1987a0/original,combo-com-dot-1-mat-thit-kho-tau,
128372,128372,Cơm BomPi - Gà & Xá Xíu - Trường Chinh,1755354,Menu,11237130,Cơm gà xá xíu,,38250.0,60000.0,47,1,0,1,1,https://media.be.com.vn/bizops/image/131c4ea8-f516-11f0-b67e-9aaf2a798701/resized_thumbnail_w1080_h1080,com-ga-xa-xiu,
128372,128372,Cơm BomPi - Gà & Xá Xíu - Trường Chinh,1755354,Menu,11237131,Cơm heo xá xíu,,60000.0,60000.0,48,1,0,1,2,https://imgcdn.be.com.vn/food/config/item_thumbnail_default.png,com-heo-xa-xiu,
128372,128372,Cơm BomPi - Gà & Xá Xíu - Trường Chinh,1755354,Menu,11237132,Cơm gà bompi,,60000.0,60000.0,13,0,0,1,3,https://media.be.com.vn/bizops/image/53f85a2e-f516-11f0-b63c-1ec8367384f0/resized_thumbnail_w1080_h1080,com-ga-bompi,
10856,10856,Hồng Hạnh - Bánh Cuốn Tôm Thịt,45213,Menu,368779,Bánh cuốn thịt,Giá đã bao gồm thuế GTGT,30000.0,30000.0,515,5,0,1,1,https://media.be.com.vn/be-food/image/98c967f0-d1d4-11ec-95a6-ee268e4432f7/original,banh-cuon-thit,
10856,10856,Hồng Hạnh - Bánh Cuốn Tôm Thịt,45213,Menu,368781,Bánh cuốn thịt chả,Giá đã bao gồm thuế GTGT,35000.0,35000.0,940,12,1,1,2,https://media.be.com.vn/be-food/image/a48a6ff7-d1d4-11ec-812c-da4e9217aaad/original,banh-cuon-thit-cha,
10856,10856,Hồng Hạnh - Bánh Cuốn Tôm Thịt,45213,Menu,368783,Bánh cuốn tôm lẫn thịt,Giá đã bao gồm thuế GTGT,45000.0,45000.0,217,3,0,1,3,https://media.be.com.vn/be-food/image/b0a37d82-d1d4-11ec-95a6-ee268e4432f7/original,banh-cuon-tom-lan-thit,
10856,10856,Hồng Hạnh - Bánh Cuốn Tôm Thịt,45213,Menu,368784,Bánh cuốn tôm lẫn thịt có chả,Giá đã bao gồm thuế GTGT,50000.0,50000.0,364,1,2,1,4,https://media.be.com.vn/be-food/image/bc723afe-d1d4-11ec-95a6-ee268e4432f7/original,banh-cuon-tom-lan-thit-co-cha,
10856,10856,Hồng Hạnh - Bánh Cuốn Tôm Thịt,45213,Menu,368786,Bánh cuốn nhân hành khô,Giá đã bao gồm thuế GTGT,25000.0,25000.0,73,0,0,1,5,https://media.be.com.vn/be-food/image/cb2208dc-d1d4-11ec-95a6-ee268e4432f7/original,banh-cuon-nhan-hanh-kho,
10856,10856,Hồng Hạnh - Bánh Cuốn Tôm Thịt,45213,Menu,368788,Bánh cuốn nhân hành khô chả,Giá đã bao gồm thuế GTGT,30000.0,30000.0,82,2,2,1,6,https://media.be.com.vn/be-food/image/d72b21a1-d1d4-11ec-95a6-ee268e4432f7/original,banh-cuon-nhan-hanh-kho-cha,
10856,10856,Hồng Hạnh - Bánh Cuốn Tôm Thịt,45213,Menu,368790,Bánh cuốn trứng chín,Giá đã bao gồm thuế GTGT,15000.0,15000.0,278,6,1,1,7,https://media.be.com.vn/be-food/image/ea3ecbfe-d1d4-11ec-812c-da4e9217aaad/original,banh-cuon-trung-chin,
10856,10856,Hồng Hạnh - Bánh Cuốn Tôm Thịt,45213,Menu,368793,Bánh cuốn trứng lòng đào,Giá đã bao gồm thuế GTGT,15000.0,15000.0,386,9,2,1,8,https://media.be.com.vn/be-food/image/fd7936bf-d1d4-11ec-9a9e-de6dabbc786c/original,banh-cuon-trung-long-dao,
10856,10856,Hồng Hạnh - Bánh Cuốn Tôm Thịt,45213,Menu,8149929,CHẢ XIÊN 20K/ 1 XIÊN,Giá đã bao gồm thuế GTGT,20000.0,20000.0,57,0,0,1,9,https://media.be.com.vn/be-food/image/d326cfd2-c0ca-11ef-bd66-b239c83a8124/original,cha-xien-20k-1-xien,
10856,10856,Hồng Hạnh - Bánh Cuốn Tôm Thịt,45213,Menu,8149936,bánh cuốn nhân thịt chả nướng,Giá đã bao gồm thuế GTGT,50000.0,50000.0,56,1,0,1,10,https://media.be.com.vn/be-food/image/11f64b32-c0cb-11ef-bd66-b239c83a8124/original,banh-cuon-nhan-thit-cha-nuong,
134353,134353,Bún Chả Trâm Anh - Trương Định,2008565,Bún Chả,12060342,Bún chả lẫn,,50000.0,50000.0,2,0,0,2,1,https://media.be.com.vn/be-food/image/1b667716-4575-11f1-b67e-9aaf2a798701/resized_thumbnail_w1080_h1080,bun-cha-lan,
134353,134353,Bún Chả Trâm Anh - Trương Định,2008565,Bún Chả,12060343,Bún chả viên,,50000.0,50000.0,2,0,0,2,2,https://media.be.com.vn/be-food/image/05959b6c-4575-11f1-a167-cadcd99bf8b0/resized_thumbnail_w1080_h1080,bun-cha-vien,
134353,134353,Bún Chả Trâm Anh - Trương Định,2008565,Bún Chả,12060346,Bún chả miếng,,50000.0,50000.0,0,0,0,2,3,https://media.be.com.vn/be-food/image/2eb1ebba-4575-11f1-a167-cadcd99bf8b0/resized_thumbnail_w1080_h1080,bun-cha-mieng,
32784,32784,Nhà Hàng Đức Mai - Các Món Nhậu - Giải Phóng,609232,Cùng Coca Cola,4116942,Bún bò tái + Coca Cola,,47000.0,47000.0,0,0,0,1,1,https://media.be.com.vn/be-food/image/b4d2de53-22c5-11ee-bfaa-82e52b34e173/resized_thumbnail_w1080_h1080,bun-bo-tai-coca-cola,
32784,32784,Nhà Hàng Đức Mai - Các Món Nhậu - Giải Phóng,609232,Cùng Coca Cola,4116943,Phở bò tái,,47000.0,47000.0,1,0,0,1,2,https://media.be.com.vn/be-food/image/c4d50793-22c5-11ee-8e31-f638ae20f033/resized_thumbnail_w1080_h1080,pho-bo-tai,
32784,32784,Nhà Hàng Đức Mai - Các Món Nhậu - Giải Phóng,328368,Món Nhậu,2205992,Khoai Tây Lắc Phô Mai,,35000.0,35000.0,0,0,0,2,1,https://media.be.com.vn/bizops/image/fa7f5676-ab87-11ed-8ca3-8e6f9560a813/resized_thumbnail_w1080_h1080,khoai-tay-lac-pho-mai,
32784,32784,Nhà Hàng Đức Mai - Các Món Nhậu - Giải Phóng,328368,Món Nhậu,2205993,Xúc Xích Chiên (2 Cái),,20000.0,20000.0,3,0,0,2,2,https://media.be.com.vn/bizops/image/ef0c6efb-ab87-11ed-8ca3-8e6f9560a813/resized_thumbnail_w1080_h1080,xuc-xich-chien-2-cai,
32784,32784,Nhà Hàng Đức Mai - Các Món Nhậu - Giải Phóng,511848,"Phở, Bún, Mì",3469388,Phở Gà Hà Nội,,35000.0,35000.0,34,0,0,4,1,https://media.be.com.vn/be-food/image/9af74352-0b2c-11ee-b2af-3ea2e1c5510b/resized_thumbnail_w1080_h1080,pho-ga-ha-noi,
32784,32784,Nhà Hàng Đức Mai - Các Món Nhậu - Giải Phóng,511848,"Phở, Bún, Mì",3469389,Phở Bò Tái,,35000.0,35000.0,22,1,0,4,2,https://media.be.com.vn/be-food/image/a47d72fe-0b2c-11ee-b2af-3ea2e1c5510b/resized_thumbnail_w1080_h1080,pho-bo-tai,
32784,32784,Nhà Hàng Đức Mai - Các Món Nhậu - Giải Phóng,511848,"Phở, Bún, Mì",3469390,Bún Gà Ta,,35000.0,35000.0,18,1,0,4,3,https://media.be.com.vn/be-food/image/ab65ec0f-0b2c-11ee-bfaa-82e52b34e173/resized_thumbnail_w1080_h1080,bun-ga-ta,
32784,32784,Nhà Hàng Đức Mai - Các Món Nhậu - Giải Phóng,511848,"Phở, Bún, Mì",3469391,Bún Bò Tái,,35000.0,35000.0,7,0,0,4,4,https://media.be.com.vn/be-food/image/b284011c-0b2c-11ee-b2af-3ea2e1c5510b/resized_thumbnail_w1080_h1080,bun-bo-tai,
32784,32784,Nhà Hàng Đức Mai - Các Món Nhậu - Giải Phóng,511848,"Phở, Bún, Mì",3469392,Mì Gà Ta,,35000.0,35000.0,1,0,0,4,5,https://media.be.com.vn/bizops/image/3d6efda3-a810-11f0-9063-66448d787802/original,mi-ga-ta,
32784,32784,Nhà Hàng Đức Mai - Các Món Nhậu - Giải Phóng,511848,"Phở, Bún, Mì",4033987,Mì Bò Tái,,35000.0,35000.0,1,0,0,4,6,https://media.be.com.vn/bizops/image/d0281001-a361-11f0-8b11-e6e7ca75c48c/original,mi-bo-tai,
32784,32784,Nhà Hàng Đức Mai - Các Món Nhậu - Giải Phóng,511848,"Phở, Bún, Mì",4033988,Quẩy giòn,,10000.0,10000.0,2,0,0,4,7,https://media.be.com.vn/be-food/image/9c25db13-196a-11ee-bfaa-82e52b34e173/resized_thumbnail_w1080_h1080,quay-gion,
95249,95249,Cơm Tấm Sườn Đông Dương - Trương Định,1124315,Cơm tấm sườn cốt lết,7487223,Cơm tấm sườn nướng,Kèm canh. Bộ dụng cụ ăn uống,65000.0,65000.0,810,16,1,1,1,https://media.be.com.vn/be-food/image/d0c0f559-fa6c-11ef-81cc-d24fde1987a0/resized_thumbnail_w1080_h1080,com-tam-suon-nuong,
95249,95249,Cơm Tấm Sườn Đông Dương - Trương Định,1124315,Cơm tấm sườn cốt lết,7487224,Cơm tấm sườn bì chả trứng ốp la,Kèm canh. Bộ dụng cụ ăn uống,83000.0,83000.0,580,6,1,1,2,https://media.be.com.vn/be-food/image/f08344a9-fa6c-11ef-8d88-0695c6df6d37/resized_thumbnail_w1080_h1080,com-tam-suon-bi-cha-trung-op-la,
95249,95249,Cơm Tấm Sườn Đông Dương - Trương Định,1124315,Cơm tấm sườn cốt lết,7487226,Cơm tấm sườn bì chả,Kèm canh. Bộ dụng cụ ăn uống,78000.0,78000.0,334,2,0,1,3,https://media.be.com.vn/be-food/image/1fe6af31-fa6d-11ef-81cc-d24fde1987a0/resized_thumbnail_w1080_h1080,com-tam-suon-bi-cha,
95249,95249,Cơm Tấm Sườn Đông Dương - Trương Định,1124315,Cơm tấm sườn cốt lết,7487233,Cơm tấm sườn chả,Kèm canh. Bộ dụng cụ ăn uống,73000.0,73000.0,277,3,0,1,4,https://media.be.com.vn/be-food/image/05491add-fa6d-11ef-81cc-d24fde1987a0/resized_thumbnail_w1080_h1080,com-tam-suon-cha,
95249,95249,Cơm Tấm Sườn Đông Dương - Trương Định,1124315,Cơm tấm sườn cốt lết,8670519,Cơm tấm sườn bì,Kèm canh + bộ dụng cụ ăn uống,69000.0,69000.0,79,0,1,1,5,https://media.be.com.vn/be-food/image/4bab32af-fa6d-11ef-bd66-b239c83a8124/resized_thumbnail_w1080_h1080,com-tam-suon-bi,
95249,95249,Cơm Tấm Sườn Đông Dương - Trương Định,1124315,Cơm tấm sườn cốt lết,8670521,Cơm tấm sườn ốp la,Kèm canh + Bộ dụng cụ ăn uống,73000.0,73000.0,130,0,0,1,6,https://media.be.com.vn/be-food/image/6a862506-fa6d-11ef-81cc-d24fde1987a0/resized_thumbnail_w1080_h1080,com-tam-suon-op-la,
95249,95249,Cơm Tấm Sườn Đông Dương - Trương Định,1124315,Cơm tấm sườn cốt lết,8670522,Cơm tấm sườn bì ốp la,Kèm canh + Bộ dụng cụ ăn uống,78000.0,78000.0,59,0,0,1,7,https://media.be.com.vn/be-food/image/9fbe4a4c-fa6d-11ef-8510-8ea7808cbcf4/resized_thumbnail_w1080_h1080,com-tam-suon-bi-op-la,
95249,95249,Cơm Tấm Sườn Đông Dương - Trương Định,1124315,Cơm tấm sườn cốt lết,8670530,Cơm tấm sườn chả ốp la,Kèm canh + Bộ dụng cụ ăn uống,81000.0,81000.0,131,0,0,1,8,https://media.be.com.vn/be-food/image/beacfd80-fa6d-11ef-8d88-0695c6df6d37/resized_thumbnail_w1080_h1080,com-tam-suon-cha-op-la,
95249,95249,Cơm Tấm Sườn Đông Dương - Trương Định,1284070,Cơm tấm ba chỉ nướng,7487225,Cơm tấm ba chỉ chả,Kèm canh. Bộ dụng cụ ăn uống,73000.0,73000.0,161,2,1,2,1,https://media.be.com.vn/be-food/image/ee16797e-fa6d-11ef-81cc-d24fde1987a0/resized_thumbnail_w1080_h1080,com-tam-ba-chi-cha,
95249,95249,Cơm Tấm Sườn Đông Dương - Trương Định,1284070,Cơm tấm ba chỉ nướng,7487230,Cơm tấm ba chỉ nướng,Kèm canh. Bộ dụng cụ ăn uống,68000.0,68000.0,73,1,1,2,2,https://media.be.com.vn/be-food/image/dc792718-fa6d-11ef-81cc-d24fde1987a0/resized_thumbnail_w1080_h1080,com-tam-ba-chi-nuong,
95249,95249,Cơm Tấm Sườn Đông Dương - Trương Định,1284070,Cơm tấm ba chỉ nướng,7487232,Cơm tấm ba chỉ bì chả trứng ốp la,Kèm canh. Bộ dụng cụ ăn uống,83000.0,83000.0,102,1,0,2,3,https://media.be.com.vn/be-food/image/2a2f074c-fa6e-11ef-8d88-0695c6df6d37/resized_thumbnail_w1080_h1080,com-tam-ba-chi-bi-cha-trung-op-la,
95249,95249,Cơm Tấm Sườn Đông Dương - Trương Định,1284070,Cơm tấm ba chỉ nướng,7487234,Cơm tấm ba chỉ bì chả,Kèm canh. Bộ dụng cụ ăn uống,78000.0,78000.0,63,1,0,2,4,https://media.be.com.vn/be-food/image/14c8f118-fa6e-11ef-81cc-d24fde1987a0/resized_thumbnail_w1080_h1080,com-tam-ba-chi-bi-cha,
95249,95249,Cơm Tấm Sườn Đông Dương - Trương Định,1284070,Cơm tấm ba chỉ nướng,8670357,Cơm tấm ba chỉ bì ốp la,Kèm canh + Bộ dụng cụ ăn uống,78000.0,78000.0,11,0,0,2,5,https://media.be.com.vn/be-food/image/a76fb1e0-fa6e-11ef-8d88-0695c6df6d37/resized_thumbnail_w1080_h1080,com-tam-ba-chi-bi-op-la,
95249,95249,Cơm Tấm Sườn Đông Dương - Trương Định,1284070,Cơm tấm ba chỉ nướng,8670359,Cơm tấm ba chỉ ốp la,Kèm canh + Bộ dụng cụ ăn uống,73000.0,73000.0,27,0,0,2,6,https://media.be.com.vn/be-food/image/8492fe9d-fa6e-11ef-8510-8ea7808cbcf4/resized_thumbnail_w1080_h1080,com-tam-ba-chi-op-la,
95249,95249,Cơm Tấm Sườn Đông Dương - Trương Định,1284070,Cơm tấm ba chỉ nướng,8670361,Cơm tấm ba chỉ bì,Kèm canh + Bộ dụng cụ ăn uống,71000.0,71000.0,20,0,0,2,7,https://media.be.com.vn/be-food/image/6cf7f914-fa6e-11ef-bd66-b239c83a8124/resized_thumbnail_w1080_h1080,com-tam-ba-chi-bi,
95249,95249,Cơm Tấm Sườn Đông Dương - Trương Định,1284100,Cơm tấm má heo nướng,8670370,Cơm tấm má heo nướng,Kèm canh + Bộ dụng cụ ăn uống,75000.0,75000.0,29,2,0,3,1,https://media.be.com.vn/be-food/image/deb49cb1-fa6e-11ef-bd66-b239c83a8124/resized_thumbnail_w1080_h1080,com-tam-ma-heo-nuong,
95249,95249,Cơm Tấm Sườn Đông Dương - Trương Định,1284100,Cơm tấm má heo nướng,8670456,Cơm tấm má heo bì chả ốp la,Kèm canh + Bộ dụng cụ ăn uống,93000.0,93000.0,36,1,0,3,2,https://media.be.com.vn/be-food/image/ee98a6b1-fa6f-11ef-8510-8ea7808cbcf4/resized_thumbnail_w1080_h1080,com-tam-ma-heo-bi-cha-op-la,
95249,95249,Cơm Tấm Sườn Đông Dương - Trương Định,1284100,Cơm tấm má heo nướng,8670459,Cơm tấm má heo chả ốp la,Kèm canh + Bộ dụng cụ ăn uống,91000.0,91000.0,18,0,0,3,3,https://media.be.com.vn/be-food/image/a59002ca-fa6f-11ef-8d88-0695c6df6d37/resized_thumbnail_w1080_h1080,com-tam-ma-heo-cha-op-la,
95249,95249,Cơm Tấm Sườn Đông Dương - Trương Định,1284100,Cơm tấm má heo nướng,8670460,Cơm tấm má heo bì ốp la,Kèm canh + Bộ dụng cụ ăn uống,88000.0,88000.0,10,0,0,3,4,https://media.be.com.vn/be-food/image/6f0b8a95-fa6f-11ef-8d88-0695c6df6d37/resized_thumbnail_w1080_h1080,com-tam-ma-heo-bi-op-la,
95249,95249,Cơm Tấm Sườn Đông Dương - Trương Định,1284100,Cơm tấm má heo nướng,8670461,Cơm tấm má heo bì chả,Kèm canh + Bộ dụng cụ ăn uống,88000.0,88000.0,19,0,0,3,5,https://media.be.com.vn/be-food/image/521ed12a-fa6f-11ef-81cc-d24fde1987a0/resized_thumbnail_w1080_h1080,com-tam-ma-heo-bi-cha,
95249,95249,Cơm Tấm Sườn Đông Dương - Trương Định,1284100,Cơm tấm má heo nướng,8670463,Cơm tấm má heo ốp la,Kèm canh + Bộ dụng cụ ăn uống,83000.0,83000.0,15,0,0,3,6,https://media.be.com.vn/be-food/image/30e5b183-fa6f-11ef-8510-8ea7808cbcf4/resized_thumbnail_w1080_h1080,com-tam-ma-heo-op-la,
95249,95249,Cơm Tấm Sườn Đông Dương - Trương Định,1284100,Cơm tấm má heo nướng,8670464,Cơm tấm má heo chả,Kèm canh + Bộ dụng cụ ăn uống,83000.0,83000.0,20,1,0,3,7,https://media.be.com.vn/be-food/image/19583a05-fa6f-11ef-81cc-d24fde1987a0/resized_thumbnail_w1080_h1080,com-tam-ma-heo-cha,
95249,95249,Cơm Tấm Sườn Đông Dương - Trương Định,1284100,Cơm tấm má heo nướng,8670465,Cơm tấm má heo bì,Kèm canh + Bộ dụng cụ ăn uống,79000.0,79000.0,12,0,0,3,8,https://media.be.com.vn/be-food/image/f8ec9dac-fa6e-11ef-81cc-d24fde1987a0/resized_thumbnail_w1080_h1080,com-tam-ma-heo-bi,
116631,116631,Bà Tuyết - Bún Thái Hải Sản & Mì Chua Cay - Lương Định Của,1435631,Bún Thái,9838712,Bún Thái Hải Sản,"Bún 250g, 2 tôm, 1 mực, 1 chả cá, 2 thanh cua, 4 đậu rán, 4 ngao, rau nấm tươi. Giá trên đã bao gồm 5000đ bát giấy đũa thìa",82000.0,82000.0,735,1,1,1,1,https://media.be.com.vn/be-food/image/6708af2f-790f-11f0-8b11-e6e7ca75c48c/original,bun-thai-hai-san,
116631,116631,Bà Tuyết - Bún Thái Hải Sản & Mì Chua Cay - Lương Định Của,1435631,Bún Thái,9838713,Bún Thái thập cẩm,"Bún 250g, 2 tôm, 2 mực, 1 chả cá, 2 thanh cua, 1 viên tôm hùm, 4 đậu rán, 4 ngao, rau nấm tươi. Giá trên đã bao gồm 5000đ bát giấy đũa thìa",89000.0,89000.0,525,2,0,1,2,https://media.be.com.vn/be-food/image/5f583064-790f-11f0-b84b-3a4f2a37a94e/original,bun-thai-thap-cam,
116631,116631,Bà Tuyết - Bún Thái Hải Sản & Mì Chua Cay - Lương Định Của,1435631,Bún Thái,9838714,Bún Thái đặc biệt,"Bún 250g, 2 tôm, 2 mực, 2 chả cá, 2 thanh cua, 1 viên tôm hùm, 30gram bò mỹ, 4 đậu rán, 4 ngao, rau nấm tươi. Giá trên đã bao gồm 5000đ bát giấy đũa thìa",95000.0,95000.0,426,4,1,1,3,https://media.be.com.vn/bizops/image/a222d1cd-71ab-11f0-9063-66448d787802/original,bun-thai-dac-biet,
116631,116631,Bà Tuyết - Bún Thái Hải Sản & Mì Chua Cay - Lương Định Của,1435631,Bún Thái,10134301,Bún Thái Bò Mỹ,"250g Bún, Bò Mỹ, Đậu, Rau Nấm",87000.0,87000.0,120,2,0,1,4,https://media.be.com.vn/be-food/image/49a5c27a-c444-11f0-8021-922c9d42c616/resized_thumbnail_w1080_h1080,bun-thai-bo-my,
116631,116631,Bà Tuyết - Bún Thái Hải Sản & Mì Chua Cay - Lương Định Của,1435631,Bún Thái,9838715,Bún Thái tôm,"Bún hải sản 250g bún 4 tôm, 4 đậu, 4 ngao giá đã bao gồm bát giấy đũa thìa",87000.0,87000.0,43,0,0,1,5,https://media.be.com.vn/bizops/image/937677a9-71ab-11f0-9063-66448d787802/original,bun-thai-tom,
116631,116631,Bà Tuyết - Bún Thái Hải Sản & Mì Chua Cay - Lương Định Của,1435631,Bún Thái,11248054,Bún Thái Sụn Non + Bò Mỹ,,87000.0,87000.0,30,0,0,1,6,https://media.be.com.vn/be-food/image/b203cd8e-31c2-11f1-b67e-9aaf2a798701/resized_thumbnail_w1080_h1080,bun-thai-sun-non-bo-my,
116631,116631,Bà Tuyết - Bún Thái Hải Sản & Mì Chua Cay - Lương Định Của,1435631,Bún Thái,11248057,Bún Thái Sụn Non,,87000.0,87000.0,8,0,0,1,7,https://media.be.com.vn/be-food/image/99dcac9f-31c2-11f1-b197-ce3d3ce291c1/resized_thumbnail_w1080_h1080,bun-thai-sun-non,
116631,116631,Bà Tuyết - Bún Thái Hải Sản & Mì Chua Cay - Lương Định Của,1435633,Mì Thái,9838722,Mì tomyum hải sản,"Mì Miliket, 2 tôm, 1 mực, 1 chả cá, 2 thanh cua, 4 đậu rán, 4 ngao, rau nấm tươi. Giá trên đã bao gồm 5000đ bát giấy đũa thìa",82000.0,82000.0,111,0,0,2,1,https://media.be.com.vn/bizops/image/bf24ebc6-71ac-11f0-9063-66448d787802/original,mi-tomyum-hai-san,
116631,116631,Bà Tuyết - Bún Thái Hải Sản & Mì Chua Cay - Lương Định Của,1435633,Mì Thái,9838721,Mì tomyum thập cẩm,"Mì Miliket, 2 tôm, 2 mực, 1 chả cá, 2 thanh cua, 1 viên tôm hùm, 4 đậu rán, 4 ngao, rau nấm tươi. Giá trên đã bao gồm 5000đ bát giấy đũa thìa",89000.0,89000.0,100,0,0,2,2,https://media.be.com.vn/bizops/image/91719e9f-71ac-11f0-8021-922c9d42c616/original,mi-tomyum-thap-cam,
116631,116631,Bà Tuyết - Bún Thái Hải Sản & Mì Chua Cay - Lương Định Của,1435633,Mì Thái,9838723,Mì tomyum đặc biệt,"Mì Miliket, 2 tôm, 2 mực, 2 chả cá, 2 thanh cua, 1 viên tôm hùm, 30gram bò mỹ, 4 đậu rán, 4 ngao, rau nấm tươi. Giá trên đã bao gồm 5000đ bát giấy đũa thìa",95000.0,95000.0,133,2,0,2,3,https://media.be.com.vn/bizops/image/cc88175a-71ac-11f0-8021-922c9d42c616/original,mi-tomyum-dac-biet,
116631,116631,Bà Tuyết - Bún Thái Hải Sản & Mì Chua Cay - Lương Định Của,1435633,Mì Thái,10134303,Mì Thái Bò Mỹ,"Mì, Bò Mỹ, Đậu, Rau Nấm",87000.0,87000.0,26,0,0,2,4,https://media.be.com.vn/be-food/image/a53b8419-c441-11f0-8021-922c9d42c616/resized_thumbnail_w1080_h1080,mi-thai-bo-my,
116631,116631,Bà Tuyết - Bún Thái Hải Sản & Mì Chua Cay - Lương Định Của,1435633,Mì Thái,9838724,Mì tomyum tôm,"Mì miliket, 4 tôm, 4 đậu, 4 ngao, rau,nấm. Giá trên đã bao gồm bát giấy đũa thìa",87000.0,87000.0,9,0,0,2,5,https://media.be.com.vn/bizops/image/eb2a6d0c-71ab-11f0-b84b-3a4f2a37a94e/original,mi-tomyum-tom,
116631,116631,Bà Tuyết - Bún Thái Hải Sản & Mì Chua Cay - Lương Định Của,1435633,Mì Thái,11248064,Mì Tomyum Sụn Non,,87000.0,87000.0,1,0,0,2,6,https://media.be.com.vn/be-food/image/e7532a33-31c2-11f1-a167-cadcd99bf8b0/resized_thumbnail_w1080_h1080,mi-tomyum-sun-non,
116631,116631,Bà Tuyết - Bún Thái Hải Sản & Mì Chua Cay - Lương Định Của,1435633,Mì Thái,11248067,Mì Tomyum Sụn Non + Bò Mỹ,,87000.0,87000.0,22,0,0,2,7,https://media.be.com.vn/be-food/image/ccf35f2e-31c2-11f1-b197-ce3d3ce291c1/resized_thumbnail_w1080_h1080,mi-tomyum-sun-non-bo-my,
116631,116631,Bà Tuyết - Bún Thái Hải Sản & Mì Chua Cay - Lương Định Của,1435632,Mì Tim Cật Chua Cay,9838718,Mì chua cay full topping,"Mì, tim, bầu dục, trứng non, tôm sú, mọc, thịt bò,rau nấm",98000.0,98000.0,237,1,0,3,1,https://media.be.com.vn/be-food/image/6bab4347-a3f7-11f0-8021-922c9d42c616/resized_thumbnail_w1080_h1080,mi-chua-cay-full-topping,
116631,116631,Bà Tuyết - Bún Thái Hải Sản & Mì Chua Cay - Lương Định Của,1435632,Mì Tim Cật Chua Cay,9838719,Mì chua cay tim bầu dục trứng non,"Mì, tim, bầu dục, trứng non, mọc, rau nấm",85000.0,85000.0,207,1,0,3,2,https://media.be.com.vn/be-food/image/62a0ee9d-a3f7-11f0-b84b-3a4f2a37a94e/resized_thumbnail_w1080_h1080,mi-chua-cay-tim-bau-duc-trung-non,
116631,116631,Bà Tuyết - Bún Thái Hải Sản & Mì Chua Cay - Lương Định Của,1435632,Mì Tim Cật Chua Cay,9838720,Mì chua cay tim bầu dục mọc,"Mì, tim, bầu dục, mọc, rau nấm",74000.0,74000.0,108,0,0,3,3,https://media.be.com.vn/be-food/image/598a8675-a3f7-11f0-8021-922c9d42c616/resized_thumbnail_w1080_h1080,mi-chua-cay-tim-bau-duc-moc,
116631,116631,Bà Tuyết - Bún Thái Hải Sản & Mì Chua Cay - Lương Định Của,1435632,Mì Tim Cật Chua Cay,9838717,Mì chua cay tim bầu dục,"Mì, tim, bầu dục, rau nấm",68000.0,68000.0,105,0,0,3,4,https://media.be.com.vn/be-food/image/754bc5d8-a3f7-11f0-8b11-e6e7ca75c48c/resized_thumbnail_w1080_h1080,mi-chua-cay-tim-bau-duc,
116631,116631,Bà Tuyết - Bún Thái Hải Sản & Mì Chua Cay - Lương Định Của,1435634,Bún Trộn,9838725,Bún bò trộn Nam Bộ,"Gồm 250g bún, thịt bò ta, lạc, hành phi... Giá đã bao gồm bát giấy đũa thìa",62000.0,62000.0,24,0,0,4,1,https://media.be.com.vn/bizops/image/68979073-71ac-11f0-9063-66448d787802/original,bun-bo-tron-nam-bo,
116631,116631,Bà Tuyết - Bún Thái Hải Sản & Mì Chua Cay - Lương Định Của,1435634,Bún Trộn,9838727,Bún trộn gà nướng,"Gồm 250g bún, gà xiên nướng, lạc, hành phi... Giá đã bao gồm bát giấy đũa thìa",62000.0,62000.0,18,0,0,4,2,https://media.be.com.vn/bizops/image/7bdc1586-71ac-11f0-8b11-e6e7ca75c48c/original,bun-tron-ga-nuong,
116631,116631,Bà Tuyết - Bún Thái Hải Sản & Mì Chua Cay - Lương Định Của,1435634,Bún Trộn,9838728,Bún trộn xúc xích,"Gồm 250g bún, xúc xích, lạc, hành phi... Giá đã bao gồm bát giấy đũa thìa",49000.0,49000.0,6,0,0,4,3,https://media.be.com.vn/bizops/image/8534a9a3-71ac-11f0-8021-922c9d42c616/original,bun-tron-xuc-xich,
122272,122272,Phở Bò Thu - Hồng Mai,1547678,Cơm Rang - Phở Bò,10485719,Phở Bò Tái Nạm,,45000.0,45000.0,0,0,0,1,3,https://media.be.com.vn/be-food/image/fd1e241d-b4c8-11f0-b84b-3a4f2a37a94e/resized_thumbnail_w1080_h1080,pho-bo-tai-nam,
122272,122272,Phở Bò Thu - Hồng Mai,1547678,Cơm Rang - Phở Bò,10485723,Phở Bò Tái Gầu,,45000.0,45000.0,3,0,0,1,4,https://media.be.com.vn/be-food/image/3d9babbf-b4c9-11f0-8b11-e6e7ca75c48c/resized_thumbnail_w1080_h1080,pho-bo-tai-gau,
122272,122272,Phở Bò Thu - Hồng Mai,1547678,Cơm Rang - Phở Bò,10485727,Phở Bò Tái Lăn,,45000.0,45000.0,0,0,0,1,5,https://media.be.com.vn/be-food/image/5d2796c1-b4c9-11f0-8021-922c9d42c616/resized_thumbnail_w1080_h1080,pho-bo-tai-lan,
122272,122272,Phở Bò Thu - Hồng Mai,1547678,Cơm Rang - Phở Bò,10485730,Phở Bò Sốt Vang,,45000.0,45000.0,6,0,0,1,6,https://media.be.com.vn/be-food/image/7d8698ca-b4c9-11f0-8021-922c9d42c616/resized_thumbnail_w1080_h1080,pho-bo-sot-vang,
122272,122272,Phở Bò Thu - Hồng Mai,1547678,Cơm Rang - Phở Bò,10485735,Phở Bò Gầu,,45000.0,45000.0,2,0,0,1,7,https://media.be.com.vn/be-food/image/c81eb9db-b4c9-11f0-b84b-3a4f2a37a94e/resized_thumbnail_w1080_h1080,pho-bo-gau,
122272,122272,Phở Bò Thu - Hồng Mai,1547678,Cơm Rang - Phở Bò,10485737,Cơm Rang Dưa Bò,,45000.0,45000.0,0,0,0,1,8,https://media.be.com.vn/be-food/image/efd2c949-b4c9-11f0-9063-66448d787802/resized_thumbnail_w1080_h1080,com-rang-dua-bo,
122272,122272,Phở Bò Thu - Hồng Mai,1547678,Cơm Rang - Phở Bò,10485741,Cơm Rang Cải Bò,,45000.0,45000.0,0,0,0,1,9,https://media.be.com.vn/be-food/image/15489ca9-b4ca-11f0-9063-66448d787802/resized_thumbnail_w1080_h1080,com-rang-cai-bo,
122272,122272,Phở Bò Thu - Hồng Mai,1547678,Cơm Rang - Phở Bò,10485750,Cơm Rang Sốt Vang,,45000.0,45000.0,0,0,0,1,11,https://media.be.com.vn/be-food/image/51cbad5f-b4ca-11f0-9063-66448d787802/resized_thumbnail_w1080_h1080,com-rang-sot-vang,
122272,122272,Phở Bò Thu - Hồng Mai,1547678,Cơm Rang - Phở Bò,10485752,Phở Xào Cải Bò,,45000.0,45000.0,2,0,0,1,12,https://media.be.com.vn/be-food/image/7d9f2255-b4ca-11f0-b84b-3a4f2a37a94e/resized_thumbnail_w1080_h1080,pho-xao-cai-bo,
122272,122272,Phở Bò Thu - Hồng Mai,1547678,Cơm Rang - Phở Bò,10485754,Mỳ Xào Cải Bò,,45000.0,45000.0,0,0,0,1,13,https://media.be.com.vn/be-food/image/97723097-b4ca-11f0-8021-922c9d42c616/resized_thumbnail_w1080_h1080,my-xao-cai-bo,
122272,122272,Phở Bò Thu - Hồng Mai,1547678,Cơm Rang - Phở Bò,10485756,Mỳ Ý Sốt Bỏ Bằm,,45000.0,45000.0,1,0,0,1,14,https://media.be.com.vn/be-food/image/c9615265-b4ca-11f0-8021-922c9d42c616/resized_thumbnail_w1080_h1080,my-y-sot-bo-bam,
26075,26075,Chi Nấm - Cơm Văn Phòng,115995,Món chính,876288,Cơm thịt kho tàu trứng kèm chả lá lốt 1 trứng cuộn,"Lạc rang,trứng cuộn , thịt kho tàu mềm thơm, trứng kho, cơm trắng, rau và canh theo mùa ☺️",48000.0,48000.0,532,1,3,1,1,https://media.be.com.vn/bizops/image/8bbaa90f-a580-11f0-8b11-e6e7ca75c48c/original,com-thit-kho-tau-trung-kem-cha-la-lot-1-trung-cuon,
26075,26075,Chi Nấm - Cơm Văn Phòng,115995,Món chính,876289,Cơm sườn xào chua ngọt kèm chả lá lốt 1 trứng cuộn,"cơmThịt sườn mềm xào chua ngọt,ăn kèm lạc rang , trứng cuộn, cơm, rau và nước canh theo mùa",48000.0,48000.0,622,4,4,1,2,https://media.be.com.vn/bizops/image/b14dc4f0-a57e-11f0-9063-66448d787802/original,com-suon-xao-chua-ngot-kem-cha-la-lot-1-trung-cuon,
26075,26075,Chi Nấm - Cơm Văn Phòng,115995,Món chính,876290,Cơm Đậu Phụ Nhồi Thịt Sốt Cà Chua Trứng Ốp La,"cơm đậu phụ nhồi thịt sôt cà chua trứng ôp la ăn kèm lạc rang,trưng cuộn rau và cảnh theo mùa",55000.0,55000.0,159,1,0,1,3,https://media.be.com.vn/bizops/image/e8da24c0-bc87-11f0-8021-922c9d42c616/resized_thumbnail_w1080_h1080,com-dau-phu-nhoi-thit-sot-ca-chua-trung-op-la,
26075,26075,Chi Nấm - Cơm Văn Phòng,115995,Món chính,876291,Cơm thịt heo nướng cốt lết,"Lạc rang,trứng cuộn thịt heo (thịt nạc vai đầu giòn )cốt lết mềm, cơm trắng, canh và rau theo mùa. ☺️",48000.0,48000.0,94,2,1,1,4,https://media.be.com.vn/bizops/image/d8d5b606-bc87-11f0-9063-66448d787802/resized_thumbnail_w1080_h1080,com-thit-heo-nuong-cot-let,
26075,26075,Chi Nấm - Cơm Văn Phòng,115995,Món chính,876292,"Cơm bò sốt tiêu đen,Trứng Ốp","Bắp bò sốt tiêu đen, lạc rang,trứng cuộn , cơm, canh và rau theo mùa",57000.0,57000.0,102,3,0,1,5,https://media.be.com.vn/bizops/image/7c80740b-bc88-11f0-9063-66448d787802/resized_thumbnail_w1080_h1080,com-bo-sot-tieu-den-trung-op,
26075,26075,Chi Nấm - Cơm Văn Phòng,115995,Món chính,876293,Cơm thịt chân giò luộc,"Thịt chân giò luộc mềm ngọt, cơm trắng, lạc rang ,trứng cuộn, rau và canh theo mùa.",48000.0,48000.0,111,0,0,1,6,https://media.be.com.vn/bizops/image/6fd14f88-bc88-11f0-8021-922c9d42c616/resized_thumbnail_w1080_h1080,com-thit-chan-gio-luoc,
26075,26075,Chi Nấm - Cơm Văn Phòng,115995,Món chính,876294,Cơm Bò Sốt Tiêu Đen,"Cơm bò sốt tiêu đen ,ăn với lạc rang ,trứng cuộn, canh và rau theo mùa",50000.0,50000.0,218,0,1,1,7,https://media.be.com.vn/bizops/image/014199dc-a57c-11f0-b84b-3a4f2a37a94e/original,com-bo-sot-tieu-den,
26075,26075,Chi Nấm - Cơm Văn Phòng,115995,Món chính,876295,Cơm Cánh gà chiên mắm,"cơm Đùi gà chiên mắm,ăn kèm cơm, lạc rang ,trứng cuon rau và canh theo mùa",46000.0,46000.0,74,2,0,1,8,https://media.be.com.vn/bizops/image/40b10c89-a57d-11f0-9063-66448d787802/original,com-canh-ga-chien-mam,
26075,26075,Chi Nấm - Cơm Văn Phòng,115995,Món chính,876296,Cơm Đậu Phụ Nhồi Thịt Sốt Cà Chua,"cơm đậu phụ nhồi thịt sôt cà chua ăn kèm lạc rang, trứng cuộn ,rau và canh theo mua",48000.0,48000.0,129,2,0,1,9,https://media.be.com.vn/bizops/image/c50859b4-a580-11f0-9063-66448d787802/original,com-dau-phu-nhoi-thit-sot-ca-chua,
26075,26075,Chi Nấm - Cơm Văn Phòng,115995,Món chính,876297,Cơm Cánh gà sốt me chua ngọt,"cánh gà sốt me chua ngọt, lạc rang, trứng cuộn , cơm, canh và rau theo mùa ☺️",48000.0,48000.0,82,0,0,1,10,https://media.be.com.vn/bizops/image/5c239080-c1db-11f0-8b11-e6e7ca75c48c/original,com-canh-ga-sot-me-chua-ngot,
26075,26075,Chi Nấm - Cơm Văn Phòng,115995,Món chính,876298,"Cơm Thịt Băm Với Đậu Và Ngô đậu , Trứng Ốp","Cơm Thịt Băm Với Đậu Và Ngô ngọt ,ăn kèm lạc rang,trứng cuộn ,canh và rau theo mùa",50000.0,50000.0,84,3,0,1,11,https://media.be.com.vn/bizops/image/ff49d9a2-bc87-11f0-8b11-e6e7ca75c48c/resized_thumbnail_w1080_h1080,com-thit-bam-voi-dau-va-ngo-dau-trung-op,
26075,26075,Chi Nấm - Cơm Văn Phòng,115995,Món chính,996310,cơm gà rang gừng xa ớt,"cơm gà rang gừng xả ớt , ăn với cơm ,lạc rang, trứng cuộn ,canh và rau theo mùa",48000.0,48000.0,96,1,2,1,12,https://media.be.com.vn/be-food/image/fadc2494-aed8-11ed-a491-220f4d9eeddb/resized_thumbnail_w1080_h1080,com-ga-rang-gung-xa-ot,
26075,26075,Chi Nấm - Cơm Văn Phòng,115995,Món chính,1948765,cơm thịt kho tầu trứng kèm 1 chai cô ca,"cơm thịt kho tầu trứng ăn kèm với lạc rang ,trứng cuộn rau canh theo mùa , cô ca cô la",56000.0,56000.0,43,0,0,1,13,https://media.be.com.vn/be-food/image/3c5de99d-b155-11ed-9600-02b481d26cad/resized_thumbnail_w1080_h1080,com-thit-kho-tau-trung-kem-1-chai-co-ca,
26075,26075,Chi Nấm - Cơm Văn Phòng,115995,Món chính,1948767,cơm sườn xào chua ngọt kèm 1 chai cô ca,"cơm sườn xao chưa ngọt ăn kèm với lạc rang, trứng cuộn rau canh theo mùa nước uông cô ca cô la",55000.0,55000.0,42,0,0,1,14,https://media.be.com.vn/be-food/image/3ca81452-b155-11ed-9600-02b481d26cad/resized_thumbnail_w1080_h1080,com-suon-xao-chua-ngot-kem-1-chai-co-ca,
26075,26075,Chi Nấm - Cơm Văn Phòng,115995,Món chính,1948768,cơm thịt giò luộc kèm 1 chai cô ca,"cơm thịt giò luộc ăn kèm với lạc rang ,trứng cuộn rau và cảnh theo muag nước uống cô ca cô la",55000.0,55000.0,5,0,0,1,15,https://media.be.com.vn/be-food/image/3cb639c2-b155-11ed-aaac-06981b627edf/resized_thumbnail_w1080_h1080,com-thit-gio-luoc-kem-1-chai-co-ca,
26075,26075,Chi Nấm - Cơm Văn Phòng,115995,Món chính,1948769,cơm bò sốt tiêu đen kèm 1 chai cô ca,"cơm bò sốt tiêu đen ăn kèm rau lạc rang ,trứng cuộn canh theo mùa nước uông cô ca cô la",56000.0,56000.0,12,0,0,1,16,https://media.be.com.vn/be-food/image/3cbcf0a8-b155-11ed-9600-02b481d26cad/resized_thumbnail_w1080_h1080,com-bo-sot-tieu-den-kem-1-chai-co-ca,
26075,26075,Chi Nấm - Cơm Văn Phòng,115995,Món chính,2135850,cơm gà xào nấm,cơm gà xào nấm ăn kèm trứng cuộn hoặc lạc rang,48000.0,48000.0,114,1,0,1,17,https://media.be.com.vn/be-food/image/2ca8abff-b226-11ed-92fd-e270b47de60d/resized_thumbnail_w1080_h1080,com-ga-xao-nam,
26075,26075,Chi Nấm - Cơm Văn Phòng,115995,Món chính,2207056,cơm bò sôt tiêu đen kèm 1 chai trà đào hạt chia,cơm bò sôt tiêu đen ăn kèm trứng cuộn hoặc lạc rang kèm 1 chai trà đào hạt chia,56000.0,56000.0,3,0,0,1,18,https://media.be.com.vn/be-food/image/d3bc91dc-b230-11ed-a491-220f4d9eeddb/resized_thumbnail_w1080_h1080,com-bo-sot-tieu-den-kem-1-chai-tra-dao-hat-chia,
26075,26075,Chi Nấm - Cơm Văn Phòng,115995,Món chính,2207059,cơm gà xào nấm kèm 1 chai trà đào hạt chia,cơm gà xào nấm ăn kèm trứng cuộn hoặc lạc rang kèm 1 chai trà đào hạt chia,56000.0,56000.0,14,0,0,1,19,https://media.be.com.vn/be-food/image/d3d64646-b230-11ed-b934-f619fc2c3f14/resized_thumbnail_w1080_h1080,com-ga-xao-nam-kem-1-chai-tra-dao-hat-chia,
26075,26075,Chi Nấm - Cơm Văn Phòng,115995,Món chính,7437953,cơm dưa xào bò,cơm dưa xào bò,50000.0,50000.0,3,0,0,1,20,https://media.be.com.vn/be-food/image/70817548-615e-11ef-8dc5-12c0bf7afddb/original,com-dua-xao-bo,
26075,26075,Chi Nấm - Cơm Văn Phòng,115995,Món chính,9419692,cơm cá chiên xù kèm chả lá lốt trứng cuộn,cơm cá chiên xù,48000.0,48000.0,4,0,0,1,21,https://media.be.com.vn/be-food/image/0594f6fe-41c2-11f0-8356-9e87fffa4faa/resized_thumbnail_w1080_h1080,com-ca-chien-xu-kem-cha-la-lot-trung-cuon,
26075,26075,Chi Nấm - Cơm Văn Phòng,115995,Món chính,11476481,cơm dưa xao thịt bò,,50000.0,50000.0,0,0,0,1,22,https://media.be.com.vn/be-food/image/3cf3e521-8136-11ef-81cc-d24fde1987a0/resized_thumbnail_w1080_h1080,com-dua-xao-thit-bo,
26075,26075,Chi Nấm - Cơm Văn Phòng,115995,Món chính,11476482,cơm cá chiên xù kèm chả lá lốt 1 trứng cuộn,,48000.0,48000.0,4,0,0,1,23,https://media.be.com.vn/be-food/image/bef65875-41c1-11f0-a25e-6e56c183e761/resized_thumbnail_w1080_h1080,com-ca-chien-xu-kem-cha-la-lot-1-trung-cuon,
26075,26075,Chi Nấm - Cơm Văn Phòng,115996,Món kèm,876303,Thịt Kho Tầu Trứng,,37000.0,37000.0,39,0,0,2,4,https://media.be.com.vn/bizops/image/e421d15f-bc87-11f0-9063-66448d787802/resized_thumbnail_w1080_h1080,thit-kho-tau-trung,
26075,26075,Chi Nấm - Cơm Văn Phòng,115996,Món kèm,876306,Sườn Xào Chua Ngọt,,37000.0,37000.0,42,0,0,2,7,https://media.be.com.vn/bizops/image/3b3a4970-bc88-11f0-b84b-3a4f2a37a94e/resized_thumbnail_w1080_h1080,suon-xao-chua-ngot,
26075,26075,Chi Nấm - Cơm Văn Phòng,115996,Món kèm,876307,Thịt Chân Giò Luộc,,37000.0,37000.0,19,0,0,2,8,https://media.be.com.vn/bizops/image/2605f547-bc88-11f0-9063-66448d787802/resized_thumbnail_w1080_h1080,thit-chan-gio-luoc,
26075,26075,Chi Nấm - Cơm Văn Phòng,115996,Món kèm,876309,Thịt Băm Ngô Đậu,,37000.0,37000.0,15,0,0,2,9,https://media.be.com.vn/bizops/image/d29e9252-bc87-11f0-8b11-e6e7ca75c48c/resized_thumbnail_w1080_h1080,thit-bam-ngo-dau,
26075,26075,Chi Nấm - Cơm Văn Phòng,115996,Món kèm,876310,Thịt Côt Lết ( thịt nạc vai đầu giòn ),,38000.0,38000.0,2,0,0,2,10,https://media.be.com.vn/bizops/image/95f19628-bc87-11f0-b84b-3a4f2a37a94e/resized_thumbnail_w1080_h1080,thit-cot-let-thit-nac-vai-dau-gion,
26075,26075,Chi Nấm - Cơm Văn Phòng,115996,Món kèm,2135852,gà xào nấm ăn thêm,,37000.0,37000.0,18,0,0,2,11,https://media.be.com.vn/be-food/image/2cb25371-b226-11ed-92fd-e270b47de60d/resized_thumbnail_w1080_h1080,ga-xao-nam-an-them,
26075,26075,Chi Nấm - Cơm Văn Phòng,115996,Món kèm,4594509,thịt bò xào cần tỏi ko bao gồm cơm ăn thêm,,40000.0,40000.0,5,0,0,2,12,https://media.be.com.vn/be-food/image/a3816876-4e00-11ee-bfaa-82e52b34e173/resized_thumbnail_w1080_h1080,thit-bo-xao-can-toi-ko-bao-gom-com-an-them,
26075,26075,Chi Nấm - Cơm Văn Phòng,115996,Món kèm,5845619,thịt bọc trứng cút xốt xíu mại,thịt bọc trứng cút xốt xíu mại ( 3 viên ),35000.0,35000.0,1,0,0,2,13,https://media.be.com.vn/be-food/image/626ce0f5-d779-11ee-a8a2-dec4d2deb43e/resized_thumbnail_w1080_h1080,thit-boc-trung-cut-xot-xiu-mai,
26075,26075,Chi Nấm - Cơm Văn Phòng,115996,Món kèm,3990153,gà xào nấm ăn thêm,,37000.0,37000.0,6,0,0,2,14,https://media.be.com.vn/be-food/image/7ea42eb8-aba1-11ed-a491-220f4d9eeddb/original,ga-xao-nam-an-them,
26075,26075,Chi Nấm - Cơm Văn Phòng,115996,Món kèm,6088651,tôm rang thịt ăn thêm ko kèm cơm,,35000.0,35000.0,1,0,0,2,15,https://media.be.com.vn/be-food/image/ff596354-f6f4-11ee-99b1-a2959d9e08fd/resized_thumbnail_w1080_h1080,tom-rang-thit-an-them-ko-kem-com,
26075,26075,Chi Nấm - Cơm Văn Phòng,115996,Món kèm,11476480,Dưa xào bò ăn thêm ko bao gồm cơm,,40000.0,40000.0,0,0,0,2,17,https://media.be.com.vn/be-food/image/b0c0cb55-615e-11ef-adb9-3e6ef01ea27f/resized_thumbnail_w1080_h1080,dua-xao-bo-an-them-ko-bao-gom-com,
119585,119585,Cơm Tấm Nàng Bơ - Phạm Ngọc Thạch,1481242,Cơm Tấm,10171396,Cơm tấm sườn,Broken rice with grilled pork chop,60000.0,60000.0,25,0,0,1,1,https://media.be.com.vn/bizops/image/1497c4e3-9529-11f0-8021-922c9d42c616/original,com-tam-suon,
119585,119585,Cơm Tấm Nàng Bơ - Phạm Ngọc Thạch,1481242,Cơm Tấm,10171397,Cơm tấm sườn bì,Broken rice with grilled pork chop and shredded pork skin,65000.0,65000.0,6,0,0,1,2,https://media.be.com.vn/bizops/image/7943dddb-9527-11f0-8021-922c9d42c616/original,com-tam-suon-bi,
119585,119585,Cơm Tấm Nàng Bơ - Phạm Ngọc Thạch,1481242,Cơm Tấm,10171398,Cơm tấm sườn chả,Broken rice with grilled pork chop and steamed egg meatloaf,65000.0,65000.0,9,0,0,1,3,https://media.be.com.vn/bizops/image/6fe30b6e-9529-11f0-9063-66448d787802/original,com-tam-suon-cha,
119585,119585,Cơm Tấm Nàng Bơ - Phạm Ngọc Thạch,1481242,Cơm Tấm,10171399,Cơm tấm sườn trứng,"Broken rice with grilled pork chop, and fried egg",65000.0,65000.0,4,0,0,1,4,https://media.be.com.vn/bizops/image/47884d32-9529-11f0-8021-922c9d42c616/original,com-tam-suon-trung,
119585,119585,Cơm Tấm Nàng Bơ - Phạm Ngọc Thạch,1481242,Cơm Tấm,10171400,Cơm tấm sườn chả trứng,"Broken rice with grilled pork chop, steamed egg meatloaf, and fried egg",70000.0,70000.0,20,0,0,1,5,https://media.be.com.vn/bizops/image/5301d141-9529-11f0-b84b-3a4f2a37a94e/original,com-tam-suon-cha-trung,
119585,119585,Cơm Tấm Nàng Bơ - Phạm Ngọc Thạch,1481242,Cơm Tấm,10171401,Cơm tấm sườn chả trứng lạp xưởng,"Broken rice with grilled pork chop, shredded pork skin, steamed egg meatloaf, and Chinese sausage",80000.0,80000.0,2,0,0,1,6,https://media.be.com.vn/bizops/image/ba2358a2-9527-11f0-8021-922c9d42c616/original,com-tam-suon-cha-trung-lap-xuong,
119585,119585,Cơm Tấm Nàng Bơ - Phạm Ngọc Thạch,1481242,Cơm Tấm,10171402,Cơm tấm sườn non,Broken rice with grilled spare ribs,75000.0,75000.0,3,0,0,1,7,https://media.be.com.vn/bizops/image/cafc6ff8-9527-11f0-8021-922c9d42c616/original,com-tam-suon-non,
119585,119585,Cơm Tấm Nàng Bơ - Phạm Ngọc Thạch,1481242,Cơm Tấm,10171403,Cơm tấm má heo,Broken Rice With Pig Cheeks,75000.0,75000.0,3,0,0,1,8,https://media.be.com.vn/bizops/image/d607be3f-9527-11f0-8021-922c9d42c616/original,com-tam-ma-heo,
119585,119585,Cơm Tấm Nàng Bơ - Phạm Ngọc Thạch,1481242,Cơm Tấm,10171404,Cơm tấm ba chỉ luộc chấm mắm cá cơm,Broken Rice With Boiled Meat And Anchovy Fish Sauce,70000.0,70000.0,0,0,0,1,9,https://media.be.com.vn/bizops/image/e4253a51-9527-11f0-9063-66448d787802/original,com-tam-ba-chi-luoc-cham-mam-ca-com,
119585,119585,Cơm Tấm Nàng Bơ - Phạm Ngọc Thạch,1481242,Cơm Tấm,10171405,Cơm gà chiên mắm Thái,Broken rice with Fried Chicken Drumstick in Fish Sauce,70000.0,70000.0,0,0,0,1,10,https://media.be.com.vn/bizops/image/09b018f3-9528-11f0-b84b-3a4f2a37a94e/original,com-ga-chien-mam-thai,
119585,119585,Cơm Tấm Nàng Bơ - Phạm Ngọc Thạch,1481242,Cơm Tấm,10171406,Cơm tấm đặc biệt,Broken rice Special Full toppings,85000.0,85000.0,7,0,0,1,11,https://media.be.com.vn/bizops/image/1d0f2c51-9528-11f0-8021-922c9d42c616/original,com-tam-dac-biet,
119585,119585,Cơm Tấm Nàng Bơ - Phạm Ngọc Thạch,1481242,Cơm Tấm,10171407,Cơm tấm ba chỉ nướng,Rice with Grilled Pork Belly,70000.0,70000.0,2,0,0,1,12,https://media.be.com.vn/bizops/image/34437ce6-9528-11f0-9063-66448d787802/original,com-tam-ba-chi-nuong,
119585,119585,Cơm Tấm Nàng Bơ - Phạm Ngọc Thạch,1481242,Cơm Tấm,10171409,Cơm tôm đất rang thịt,Rice with Caramelized River Shrimp and Pork,75000.0,75000.0,1,0,0,1,13,https://media.be.com.vn/bizops/image/524f3872-9528-11f0-b84b-3a4f2a37a94e/original,com-tom-dat-rang-thit,
119585,119585,Cơm Tấm Nàng Bơ - Phạm Ngọc Thạch,1481242,Cơm Tấm,10171410,Cơm cá kho tộ thịt ba chỉ,Broken rice Braised Fish in Clay Pot and Pork Belly,75000.0,75000.0,7,0,0,1,14,https://media.be.com.vn/bizops/image/6b62132a-9528-11f0-8b11-e6e7ca75c48c/original,com-ca-kho-to-thit-ba-chi,
20058,20058,TIỆM GÀ RÁN SỐ 19,1149488,GÀ PHỦ PHO MAI TUYẾT,7652938,Gà Phủ Pho Mai Tuyết (suất nhỡ),"Mô tả: món gà tươi chiên giòn trứ danh từ năm 2018. Phù hợp 1-2 người ăn, gồm: 6 miếng má đùi và cánh gà",195000.0,215000.0,24,0,0,2,1,https://media.be.com.vn/be-food/image/116f6537-973e-11ef-8d88-0695c6df6d37/resized_thumbnail_w1080_h1080,ga-phu-pho-mai-tuyet-suat-nho,
20058,20058,TIỆM GÀ RÁN SỐ 19,1149488,GÀ PHỦ PHO MAI TUYẾT,7653019,Gà Phủ Pho Mai Tuyết (suất lớn),Mô tả: món gà tươi chiên giòn trứ danh từ năm 2018. Phù hợp 2-3 người ăn. Gồm 12 miếng: má đùi và cánh gà,355000.0,395000.0,8,1,0,2,2,https://media.be.com.vn/be-food/image/6d7fd9c0-9742-11ef-81cc-d24fde1987a0/original,ga-phu-pho-mai-tuyet-suat-lon,
20058,20058,TIỆM GÀ RÁN SỐ 19,1149487,GÀ PHỦ SỐT KEM HÀNH,7652936,Gà Phủ Sốt Kem Hành (suất nhỡ),"Mô tả: món gà tươi chiên giòn trứ danh từ năm 2018 của. Phù hợp 1-2 người ăn, gồm: 6 miếng má đùi và cánh gà",205000.0,225000.0,39,0,0,3,1,https://media.be.com.vn/be-food/image/95c1ad23-973d-11ef-8d88-0695c6df6d37/original,ga-phu-sot-kem-hanh-suat-nho,
20058,20058,TIỆM GÀ RÁN SỐ 19,1149487,GÀ PHỦ SỐT KEM HÀNH,7652937,Gà Phủ Sốt Kem Hành (suất lớn),"Mô tả: món gà tươi chiên giòn trứ danh từ năm 2018. Phù hợp 2-3 người ăn, gồm: 12 miếng má đùi và cánh gà",375000.0,415000.0,8,0,0,3,2,https://media.be.com.vn/be-food/image/cb9a2e54-973d-11ef-8510-8ea7808cbcf4/original,ga-phu-sot-kem-hanh-suat-lon,
20058,20058,TIỆM GÀ RÁN SỐ 19,1537735,GÀ PHỦ SỐT TRỨNG MUỐI KIM SA,10436407,Gà Phủ Sốt Trứng Muối Kim Sa (suất nhỡ),"Mô tả: món gà tươi chiên giòn trứ danh từ năm 2018 của Tiệm, ăn kèm Sốt Trứng Muối Kim Sa. Phù hợp 1 người ăn, gồm: 6 miếng má đùi và cánh gà",215000.0,235000.0,2,0,0,4,1,https://media.be.com.vn/be-food/image/de6278e4-afa9-11f0-8021-922c9d42c616/resized_thumbnail_w1080_h1080,ga-phu-sot-trung-muoi-kim-sa-suat-nho,
20058,20058,TIỆM GÀ RÁN SỐ 19,1546402,GÀ CẦU VỒNG 7 SẮC,10481158,Gà Cầu Vồng 7 Sắc (suất nhỡ),"Mô tả: món gà tươi chiên giòn trứ danh từ năm 2018. Phù hợp 1-2 người ăn, gồm: 6 miếng má đùi và cánh gà, ăn kèm 7 vị sốt tự chọn.",215000.0,235000.0,7,0,0,5,1,https://media.be.com.vn/be-food/image/50290e28-ce6a-11f0-8b11-e6e7ca75c48c/resized_thumbnail_w1080_h1080,ga-cau-vong-7-sac-suat-nho,
20058,20058,TIỆM GÀ RÁN SỐ 19,1139455,GÀ SUẤT NHỠ,7651667,Gà Suất Nhỡ Truyền Thống,"Mô tả: món gà tươi chiên giòn trứ danh từ năm 2018. Phù hợp 1-2 người ăn, gồm: 6 miếng má đùi và cánh gà",165000.0,185000.0,34,0,0,6,1,https://media.be.com.vn/be-food/image/f1aa093e-25a0-11f0-bd66-b239c83a8124/resized_thumbnail_w1080_h1080,ga-suat-nho-truyen-thong,
20058,20058,TIỆM GÀ RÁN SỐ 19,1139455,GÀ SUẤT NHỠ,7586659,Gà Suất nhỡ 1 sốt,"Mô tả: món gà tươi chiên giòn trứ danh từ năm 2018. Phù hợp 1-2 người ăn, gồm: 6 miếng má đùi và cánh gà",175000.0,195000.0,77,1,0,6,2,https://media.be.com.vn/be-food/image/35b7169a-a737-11f0-9063-66448d787802/resized_thumbnail_w1080_h1080,ga-suat-nho-1-sot,
20058,20058,TIỆM GÀ RÁN SỐ 19,1139455,GÀ SUẤT NHỠ,7651666,Gà Suất Nhỡ 2 Sốt,"Mô tả: món gà tươi chiên giòn trứ danh từ năm 2018. Phù hợp 1-2 người ăn, gồm: 6 miếng má đùi và cánh gà",185000.0,205000.0,63,0,0,6,3,https://media.be.com.vn/be-food/image/d293131f-a736-11f0-8021-922c9d42c616/resized_thumbnail_w1080_h1080,ga-suat-nho-2-sot,
20058,20058,TIỆM GÀ RÁN SỐ 19,1139455,GÀ SUẤT NHỠ,7586660,Gà Suất Nhỡ 3 Sốt,"Mô tả: món gà tươi chiên giòn trứ danh từ năm 2018. Phù hợp 1-2 người ăn, gồm: 6 miếng má đùi và cánh gà",195000.0,215000.0,87,0,0,6,4,https://media.be.com.vn/be-food/image/0d50dada-a737-11f0-8021-922c9d42c616/resized_thumbnail_w1080_h1080,ga-suat-nho-3-sot,
20058,20058,TIỆM GÀ RÁN SỐ 19,1149262,GÀ SUẤT LỚN,7651671,Gà Suất Lớn Truyền Thống,Mô tả: món gà tươi chiên giòn trứ danh từ năm 2018. Phù hợp 2-3 người ăn. Gồm 12 miếng: má đùi và cánh gà,315000.0,350000.0,10,0,0,7,1,https://media.be.com.vn/be-food/image/7648728a-a737-11f0-b84b-3a4f2a37a94e/resized_thumbnail_w1080_h1080,ga-suat-lon-truyen-thong,
20058,20058,TIỆM GÀ RÁN SỐ 19,1149262,GÀ SUẤT LỚN,7651670,Gà Suất Lớn 1 Sốt,Mô tả: món gà tươi chiên giòn trứ danh từ năm 2018. Phù hợp 2-3 người ăn. Gồm 12 miếng: má đùi và cánh gà,330000.0,365000.0,12,0,0,7,2,https://media.be.com.vn/be-food/image/d3dd8d86-a737-11f0-8b11-e6e7ca75c48c/resized_thumbnail_w1080_h1080,ga-suat-lon-1-sot,
20058,20058,TIỆM GÀ RÁN SỐ 19,1149262,GÀ SUẤT LỚN,7651669,Gà Suất Lớn 2 Sốt,Mô tả: món gà tươi chiên giòn trứ danh từ năm 2018. Phù hợp 2-3 người ăn. Gồm 12 miếng: má đùi và cánh gà,345000.0,380000.0,22,0,0,7,3,https://media.be.com.vn/be-food/image/e4b52045-a737-11f0-b84b-3a4f2a37a94e/resized_thumbnail_w1080_h1080,ga-suat-lon-2-sot,
20058,20058,TIỆM GÀ RÁN SỐ 19,1149262,GÀ SUẤT LỚN,7651668,Gà Suất Lớn 3 Sốt,Mô tả: món gà tươi chiên giòn trứ danh từ năm 2018. Phù hợp 2-3 người ăn. Gồm 12 miếng: má đùi và cánh gà,360000.0,395000.0,8,0,0,7,4,https://media.be.com.vn/be-food/image/0daf36ef-a738-11f0-8021-922c9d42c616/resized_thumbnail_w1080_h1080,ga-suat-lon-3-sot,
20058,20058,TIỆM GÀ RÁN SỐ 19,1149705,ĐÙI GÀ & CÁNH GÀ,7654256,Cánh gà (4 miếng),Mô tả: món gà tươi chiên giòn trứ danh từ năm 2018. Gồm 3 miếng,85000.0,95000.0,79,0,0,8,1,https://media.be.com.vn/be-food/image/02142530-9759-11ef-bd66-b239c83a8124/resized_thumbnail_w1080_h1080,canh-ga-4-mieng,
20058,20058,TIỆM GÀ RÁN SỐ 19,1149705,ĐÙI GÀ & CÁNH GÀ,7654305,Má Đùi (3 miếng),Mô tả: món gà tươi chiên giòn trứ danh từ năm 2018. Gồm 3 miếng,85000.0,95000.0,74,0,1,8,2,https://media.be.com.vn/be-food/image/41969357-afab-11f0-8021-922c9d42c616/resized_thumbnail_w1080_h1080,ma-dui-3-mieng,
20058,20058,TIỆM GÀ RÁN SỐ 19,1149705,ĐÙI GÀ & CÁNH GÀ,11909292,Đùi Gà Rán (2 miếng),món gà tươi chiên giòn trứ danh từ năm 2018. Gồm 2 miếng đùi,85000.0,95000.0,1,0,0,8,3,https://media.be.com.vn/be-food/image/728caad8-3898-11f1-b63c-1ec8367384f0/resized_thumbnail_w1080_h1080,dui-ga-ran-2-mieng,
20058,20058,TIỆM GÀ RÁN SỐ 19,1149705,ĐÙI GÀ & CÁNH GÀ,11909352,Combo Đùi,món gà tươi chiên giòn trứ danh từ năm 2018. Gồm 5 miếng đùi + 1 nước + 2 sốt,210000.0,235000.0,0,0,0,8,4,https://media.be.com.vn/be-food/image/8a5e7a01-3899-11f1-b63c-1ec8367384f0/resized_thumbnail_w1080_h1080,combo-dui,
20058,20058,TIỆM GÀ RÁN SỐ 19,1149705,ĐÙI GÀ & CÁNH GÀ,11909369,Combo Cánh,món gà tươi chiên giòn trứ danh từ năm 2018. Gồm 10 miếng cánh + 1 nước + 2 sốt,210000.0,235000.0,1,0,0,8,5,https://media.be.com.vn/be-food/image/c91b648d-3899-11f1-b63c-1ec8367384f0/resized_thumbnail_w1080_h1080,combo-canh,
20058,20058,TIỆM GÀ RÁN SỐ 19,1149705,ĐÙI GÀ & CÁNH GÀ,11909396,Combo Đùi Cánh,"món gà tươi chiên giòn trứ danh từ năm 2018. Gồm 3 miếng đùi, 4 miếng cánh + 1 nước + 2 sốt",210000.0,235000.0,2,0,0,8,6,https://media.be.com.vn/be-food/image/24218933-389a-11f1-b197-ce3d3ce291c1/resized_thumbnail_w1080_h1080,combo-dui-canh,
20058,20058,TIỆM GÀ RÁN SỐ 19,1149882,GÀ POPCORN,7655230,Gà Popcorn,"Mô tả: gà viên chiên với thịt lườn tươi ăn kèm sốt tùy chọn, khoảng 300gr",85000.0,95000.0,105,2,0,9,1,https://media.be.com.vn/be-food/image/35a6afe0-975e-11ef-8510-8ea7808cbcf4/resized_thumbnail_w1080_h1080,ga-popcorn,
20058,20058,TIỆM GÀ RÁN SỐ 19,1475727,GÀ XÀO HÀN QUỐC,10131534,Gà Xào Bắp Cải Phô Mai,Gà tươi xào cùng Bắp Cải & Phô Mai Hàn Quốc,125000.0,155000.0,2,0,0,10,1,https://media.be.com.vn/be-food/image/ef044264-9060-11f0-8021-922c9d42c616/resized_thumbnail_w1080_h1080,ga-xao-bap-cai-pho-mai,
20058,20058,TIỆM GÀ RÁN SỐ 19,1537734,GÀ Ủ MUỐI HOA TIÊU,10436399,1 Con Gà Ri Ủ Muối Hoa Tiêu,"Không chất bảo quản - phụ gia Không gà Tàu đầu trọc Không gà dai Hàn Quốc Không chặt sẵn Gà đủ đầu, chân, mề100% gà mái Ri tươi 1 lứaĐể tủ mát, ăn lạnh.",285000.0,340000.0,0,0,0,11,1,https://media.be.com.vn/be-food/image/5b14107d-afa9-11f0-b84b-3a4f2a37a94e/resized_thumbnail_w1080_h1080,1-con-ga-ri-u-muoi-hoa-tieu,
20058,20058,TIỆM GÀ RÁN SỐ 19,1537725,CHÂN GÀ RÚT XƯƠNG XẢ ỚT,10436341,Chân Gà Sả Ớt Chua Cay Ngọt (hộp nhỏ),Hộp nhỏ 5 chân,75000.0,85000.0,2,0,0,12,1,https://media.be.com.vn/be-food/image/4645f794-afa8-11f0-8021-922c9d42c616/thumbnail,chan-ga-sa-ot-chua-cay-ngot-hop-nho,
20058,20058,TIỆM GÀ RÁN SỐ 19,1537725,CHÂN GÀ RÚT XƯƠNG XẢ ỚT,10436346,Chân Gà Sả Ớt Chua Cay Ngọt (hộp to),Hộp to 10 chân,125000.0,145000.0,2,0,0,12,2,https://media.be.com.vn/be-food/image/ac6a4b5e-afa8-11f0-9063-66448d787802/resized_thumbnail_w1080_h1080,chan-ga-sa-ot-chua-cay-ngot-hop-to,
20058,20058,TIỆM GÀ RÁN SỐ 19,1537740,LẨU TOKBOKKI HÀN QUỐC,10436429,1 Lẩu Tokbokki Sốt Pho Mai Hàn Quốc,"Lẩu chưa chế biến sẵnPhù hợp 2 người ăn.Gồm: Mandu HQ, chả cá HQ, thanh cua, xúc xích, Tokbokki, mì Koreno, rau tươi theo mùa, sốt độc quyền, pho mai lát cheddar, bột pho mai và 7 loại gia vị độc quyền của Tiệm.",165000.0,185000.0,1,0,0,13,1,https://media.be.com.vn/be-food/image/88db8f30-afaa-11f0-8b11-e6e7ca75c48c/resized_thumbnail_w1080_h1080,1-lau-tokbokki-sot-pho-mai-han-quoc,
20058,20058,TIỆM GÀ RÁN SỐ 19,1537740,LẨU TOKBOKKI HÀN QUỐC,10436431,2 Lẩu Tokbokki Sốt Pho Mai Hàn Quốc,"Lẩu chưa chế biến sẵnPhù hợp 4 người ăn.Gồm: Mandu HQ, chả cá HQ, thanh cua, xúc xích, Tokbokki, mì Koreno, rau tươi theo mùa, sốt độc quyền, pho mai lát cheddar, bột pho mai và 7 loại gia vị độc quyền của Tiệm.",315000.0,365000.0,0,0,0,13,2,https://media.be.com.vn/be-food/image/c07eb753-afaa-11f0-b84b-3a4f2a37a94e/resized_thumbnail_w1080_h1080,2-lau-tokbokki-sot-pho-mai-han-quoc,
20058,20058,TIỆM GÀ RÁN SỐ 19,1475719,TOKBOKKI,10131482,Cheesy Tokbokki,"Bánh Gạo, Sốt Gochujang, Phô Mai, Chả Cá Hàn Quốc, Rau Củ",75000.0,101905.0,12,0,1,14,1,https://media.be.com.vn/be-food/image/583205d5-a83a-11f0-8021-922c9d42c616/resized_thumbnail_w1080_h1080,cheesy-tokbokki,
20058,20058,TIỆM GÀ RÁN SỐ 19,1346736,CHEESE BALLS,7655698,cheese balls (25 viên),"25 viên Phô Mai Dẻo Hàn Quốc, dùng cùng Sốt Kem Sữa Chua kiểu Hàn",295000.0,350000.0,4,1,0,15,1,https://media.be.com.vn/be-food/image/a654526b-5ed6-11f0-b84b-3a4f2a37a94e/resized_thumbnail_w1080_h1080,cheese-balls-25-vien,
20058,20058,TIỆM GÀ RÁN SỐ 19,1346736,CHEESE BALLS,9224337,Cheese Balls (5 viên),"5 viên Phô Mai Dẻo Hàn Quốc, dùng cùng Sốt Kem Sữa Chua kiểu Hàn",65000.0,75000.0,32,0,0,15,3,https://media.be.com.vn/be-food/image/52bf2b01-435c-11f0-8d3e-624d61e04cf2/original,cheese-balls-5-vien,
20000,20000,Bánh Cuốn Nóng - Nguyễn Bỉnh Khiêm,716504,Menu,4867387,Bánh cuốn chả,Giá đã bao gồm: 1 suất bánh cuốn + chả + 5000 tiền hộp mang về.,35000.0,35000.0,114,0,0,1,1,https://media.be.com.vn/be-food/image/abd2139c-68a7-11ee-8146-82365e52a8ee/resized_thumbnail_w1080_h1080,banh-cuon-cha,
20000,20000,Bánh Cuốn Nóng - Nguyễn Bỉnh Khiêm,716504,Menu,4867388,Bánh cuốn trứng,Giá đã bao gồm: 1 suất bánh cuốn + trứng + 5000 tiền hộp mang về.,40000.0,40000.0,71,0,0,1,2,https://media.be.com.vn/be-food/image/ac28b8dd-68a7-11ee-8146-82365e52a8ee/resized_thumbnail_w1080_h1080,banh-cuon-trung,
20000,20000,Bánh Cuốn Nóng - Nguyễn Bỉnh Khiêm,716504,Menu,4867389,Bánh cuốn,Giá đã bao gồm: 1 suất bánh cuốn + 5000 tiền hộp mang về .,30000.0,30000.0,90,0,0,1,3,https://media.be.com.vn/be-food/image/ac755417-68a7-11ee-8146-82365e52a8ee/resized_thumbnail_w1080_h1080,banh-cuon,
20000,20000,Bánh Cuốn Nóng - Nguyễn Bỉnh Khiêm,716504,Menu,4867390,Chân gà luộc,Giá bao gồm: 2 chiếc chân gà + nước chấm ăn kèm,25000.0,25000.0,186,0,1,1,4,https://media.be.com.vn/be-food/image/accad780-68a7-11ee-bfaa-82e52b34e173/resized_thumbnail_w1080_h1080,chan-ga-luoc,
76892,76892,GONGFU CHICKEN - Trương Định,953125,Gà Xé Tay,6406136,Gà Xé Hoàng Kim Giòn - 1/2 Con,,144000.0,144000.0,338,7,0,2,2,https://media.be.com.vn/be-food/image/3e354a91-c9ab-11ef-81cc-d24fde1987a0/resized_thumbnail_w1080_h1080,ga-xe-hoang-kim-gion-1-2-con,
76892,76892,GONGFU CHICKEN - Trương Định,953125,Gà Xé Tay,6406148,Gà Xé Sợi Kiểu Pháp - 1/2 Con,,144000.0,144000.0,37,0,1,2,4,https://media.be.com.vn/be-food/image/5d90dcb2-c9ab-11ef-bd66-b239c83a8124/resized_thumbnail_w1080_h1080,ga-xe-soi-kieu-phap-1-2-con,
76892,76892,GONGFU CHICKEN - Trương Định,953125,Gà Xé Tay,6406165,Gà Xé Sốt Mật Ong - 1/2 Con,,144000.0,144000.0,58,0,0,2,6,https://media.be.com.vn/be-food/image/75df1405-c9ab-11ef-81cc-d24fde1987a0/resized_thumbnail_w1080_h1080,ga-xe-sot-mat-ong-1-2-con,
76892,76892,GONGFU CHICKEN - Trương Định,894993,Burger,6037324,Burger Gà Cay,,42000.0,42000.0,545,14,1,3,1,https://media.be.com.vn/be-food/image/9b24d575-c9bc-11ef-8d88-0695c6df6d37/resized_thumbnail_w1080_h1080,burger-ga-cay,
76892,76892,GONGFU CHICKEN - Trương Định,894993,Burger,6037325,Burger Gà Giòn,,42000.0,42000.0,308,7,0,3,2,https://media.be.com.vn/be-food/image/a0aba97b-c9bc-11ef-8d88-0695c6df6d37/resized_thumbnail_w1080_h1080,burger-ga-gion,
76892,76892,GONGFU CHICKEN - Trương Định,894993,Burger,6037326,Burger Bò,,66000.0,66000.0,22,0,1,3,3,https://media.be.com.vn/be-food/image/a738f3bb-c9bc-11ef-81cc-d24fde1987a0/resized_thumbnail_w1080_h1080,burger-bo,
76892,76892,GONGFU CHICKEN - Trương Định,953038,Mì Ý & Salad,6037338,Mì Ý Sốt Tiêu Đen,,42000.0,42000.0,87,2,1,5,1,https://media.be.com.vn/be-food/image/816cd8c1-c9b1-11ef-8d88-0695c6df6d37/resized_thumbnail_w1080_h1080,mi-y-sot-tieu-den,
76892,76892,GONGFU CHICKEN - Trương Định,953038,Mì Ý & Salad,8070975,Mì Ý Sốt Thịt Băm,,54000.0,54000.0,64,0,0,5,3,https://media.be.com.vn/be-food/image/8847b238-c9b1-11ef-8510-8ea7808cbcf4/resized_thumbnail_w1080_h1080,mi-y-sot-thit-bam,
76892,76892,GONGFU CHICKEN - Trương Định,953040,Điểm Tâm,6037339,Gà Phi Lê Giòn Sốt Hàn,,46000.0,46000.0,44,0,0,6,1,https://media.be.com.vn/be-food/image/7b9a8487-c9ac-11ef-bd66-b239c83a8124/resized_thumbnail_w1080_h1080,ga-phi-le-gion-sot-han,
76892,76892,GONGFU CHICKEN - Trương Định,953040,Điểm Tâm,6037340,Gà Nguyên Vị,,42000.0,42000.0,91,0,0,6,2,https://media.be.com.vn/be-food/image/8124245c-c9ac-11ef-81cc-d24fde1987a0/resized_thumbnail_w1080_h1080,ga-nguyen-vi,
76892,76892,GONGFU CHICKEN - Trương Định,953040,Điểm Tâm,6037341,Đùi Gà Giòn,,39000.0,39000.0,186,1,1,6,3,https://media.be.com.vn/be-food/image/63899345-c9ac-11ef-bd66-b239c83a8124/resized_thumbnail_w1080_h1080,dui-ga-gion,
76892,76892,GONGFU CHICKEN - Trương Định,953040,Điểm Tâm,6037342,Cánh Gà Giòn Thơm,,42000.0,42000.0,39,0,0,6,4,https://media.be.com.vn/be-food/image/3e4b8f55-c9ac-11ef-8d88-0695c6df6d37/resized_thumbnail_w1080_h1080,canh-ga-gion-thom,
76892,76892,GONGFU CHICKEN - Trương Định,953040,Điểm Tâm,6037343,Cánh Nướng Kiểu Pháp,,42000.0,42000.0,18,0,0,6,5,https://media.be.com.vn/be-food/image/b3197ccd-c9ac-11ef-81cc-d24fde1987a0/resized_thumbnail_w1080_h1080,canh-nuong-kieu-phap,
76892,76892,GONGFU CHICKEN - Trương Định,953040,Điểm Tâm,6037344,Cánh Gà Cay,,42000.0,42000.0,66,0,0,6,6,https://media.be.com.vn/be-food/image/448477fb-c9ac-11ef-8d88-0695c6df6d37/resized_thumbnail_w1080_h1080,canh-ga-cay,
76892,76892,GONGFU CHICKEN - Trương Định,953040,Điểm Tâm,6037345,Nguyên Cánh Nướng Kiểu Pháp,,46000.0,46000.0,22,0,0,6,7,https://media.be.com.vn/be-food/image/bd474f2b-c9ac-11ef-81cc-d24fde1987a0/resized_thumbnail_w1080_h1080,nguyen-canh-nuong-kieu-phap,
76892,76892,GONGFU CHICKEN - Trương Định,953040,Điểm Tâm,6037346,Cánh Gà Hoàng Kim,,46000.0,46000.0,42,1,0,6,8,https://media.be.com.vn/be-food/image/a82b08c7-c9ac-11ef-bd66-b239c83a8124/resized_thumbnail_w1080_h1080,canh-ga-hoang-kim,
76892,76892,GONGFU CHICKEN - Trương Định,953040,Điểm Tâm,6037347,Gà Viên,,42000.0,42000.0,162,4,1,6,9,https://media.be.com.vn/be-food/image/6b11e3bc-c9ac-11ef-8510-8ea7808cbcf4/resized_thumbnail_w1080_h1080,ga-vien,
76892,76892,GONGFU CHICKEN - Trương Định,953040,Điểm Tâm,7119568,Khoai Tây Chiên Lắc Phô Mai,,42000.0,42000.0,132,2,0,6,11,https://media.be.com.vn/be-food/image/19ba9dc9-c9ad-11ef-8d88-0695c6df6d37/resized_thumbnail_w1080_h1080,khoai-tay-chien-lac-pho-mai,
76892,76892,GONGFU CHICKEN - Trương Định,953040,Điểm Tâm,8326343,XIÊN GÀ ĐẢO VÀNG 2 XIÊN,"thấm đẫm gia vị, nhiều thịt, cay cay, thơm thơm",30000.0,30000.0,32,1,1,6,12,https://media.be.com.vn/be-food/image/d4feb18e-ce2e-11ef-bd66-b239c83a8124/resized_thumbnail_w1080_h1080,xien-ga-dao-vang-2-xien,
76892,76892,GONGFU CHICKEN - Trương Định,953040,Điểm Tâm,8326357,CỔ GÀ KIM LỘC 2 CÁI,"thấm đẫm gia vị, nhiều thịt, cay cay, thơm thơm",30000.0,30000.0,44,1,0,6,13,https://media.be.com.vn/be-food/image/e5d69c4d-ce2e-11ef-81cc-d24fde1987a0/resized_thumbnail_w1080_h1080,co-ga-kim-loc-2-cai,
76892,76892,GONGFU CHICKEN - Trương Định,953040,Điểm Tâm,8326373,PHI LÊ GÀ LỤC YÊN,"miếng gà mềm, mọng nước, nóng hổi thơm ngon",54000.0,54000.0,6,0,0,6,14,https://media.be.com.vn/be-food/image/f7864a24-ce2e-11ef-8510-8ea7808cbcf4/resized_thumbnail_w1080_h1080,phi-le-ga-luc-yen,
76892,76892,GONGFU CHICKEN - Trương Định,953105,Cơm,6037357,Cơm Đùi Gà,cơm đùi gà + coca size M,54000.0,54000.0,76,0,0,8,1,https://media.be.com.vn/be-food/image/b4531bdd-c9b1-11ef-8510-8ea7808cbcf4/resized_thumbnail_w1080_h1080,com-dui-ga,
76892,76892,GONGFU CHICKEN - Trương Định,953105,Cơm,6037358,Cơm Cánh Gà,cơm đùi gà + coca size M,54000.0,54000.0,29,0,0,8,2,https://media.be.com.vn/be-food/image/be4d22f2-c9b1-11ef-8d88-0695c6df6d37/resized_thumbnail_w1080_h1080,com-canh-ga,
76892,76892,GONGFU CHICKEN - Trương Định,953105,Cơm,9219909,Cơm cari gà,Cơm cari gà + coca M,66000.0,66000.0,7,0,0,8,3,https://media.be.com.vn/be-food/image/4f1a4d2a-2950-11f0-8d88-0695c6df6d37/resized_thumbnail_w1080_h1080,com-cari-ga,
76892,76892,GONGFU CHICKEN - Trương Định,953105,Cơm,9219917,Cơm Gà Shou Ba Ji,,54000.0,54000.0,3,0,0,8,4,https://media.be.com.vn/be-food/image/9ea65ffd-c9b1-11ef-bd66-b239c83a8124/resized_thumbnail_w1080_h1080,com-ga-shou-ba-ji,
76892,76892,GONGFU CHICKEN - Trương Định,953105,Cơm,9219924,Cơm Gà Hei Jiang,,54000.0,54000.0,6,0,0,8,5,https://media.be.com.vn/be-food/image/97284bda-c9b1-11ef-8510-8ea7808cbcf4/resized_thumbnail_w1080_h1080,com-ga-hei-jiang,
76892,76892,GONGFU CHICKEN - Trương Định,953106,Combo Gà,6037361,Combo Burger Gà,"Burger gà cay, gà viên/ khoai tây, coca (khách note chọn gà viên hoặc khoai tây)",90000.0,90000.0,208,10,1,9,1,https://media.be.com.vn/be-food/image/a40fb9d5-c9b7-11ef-bd66-b239c83a8124/resized_thumbnail_w1080_h1080,combo-burger-ga,
76892,76892,GONGFU CHICKEN - Trương Định,953116,Combo Mì ý,6037369,Mỳ Ý - Coca Cola - Cỡ M,,54000.0,54000.0,34,0,0,10,1,https://media.be.com.vn/be-food/image/96e20cad-c9b8-11ef-81cc-d24fde1987a0/resized_thumbnail_w1080_h1080,my-y-coca-cola-co-m,
76892,76892,GONGFU CHICKEN - Trương Định,953116,Combo Mì ý,6037370,Mỳ Ý - Salad Rau Củ,,60000.0,60000.0,15,0,0,10,2,https://media.be.com.vn/be-food/image/9eea9419-c9b8-11ef-bd66-b239c83a8124/resized_thumbnail_w1080_h1080,my-y-salad-rau-cu,
76892,76892,GONGFU CHICKEN - Trương Định,953116,Combo Mì ý,6037371,Mỳ Ý - Gà Nguyên Vị - Coca Cola - Cỡ M,,90000.0,90000.0,34,0,0,10,3,https://media.be.com.vn/be-food/image/ed0e594e-c9bc-11ef-bd66-b239c83a8124/resized_thumbnail_w1080_h1080,my-y-ga-nguyen-vi-coca-cola-co-m,
76892,76892,GONGFU CHICKEN - Trương Định,953116,Combo Mì ý,6037372,Mỳ Ý - Gà Nguyên Vị - Salad Rau Củ,,96000.0,96000.0,7,1,0,10,4,https://media.be.com.vn/be-food/image/b4b67a58-c9b8-11ef-8d88-0695c6df6d37/resized_thumbnail_w1080_h1080,my-y-ga-nguyen-vi-salad-rau-cu,
68175,68175,Cơm Quê Ngõ Nhỏ - Đồng Nhân,766308,"Cơm Quê ""No Nê""",5202115,Cơm Gà Xào Sả Ớt + Món Phụ,Kèm rau củ theo mùa + Canh,65000.0,65000.0,215,3,0,1,1,https://media.be.com.vn/be-food/image/a0b37840-8a99-11ee-8146-82365e52a8ee/original,com-ga-xao-sa-ot-mon-phu,
68175,68175,Cơm Quê Ngõ Nhỏ - Đồng Nhân,766308,"Cơm Quê ""No Nê""",5202116,Cơm Fillet Gà Tẩm Bột + Món Phụ,Kèm rau củ theo mùa + Canh,65000.0,65000.0,47,0,0,1,2,https://media.be.com.vn/be-food/image/a1081c6e-8a99-11ee-8e31-f638ae20f033/resized_thumbnail_w1080_h1080,com-fillet-ga-tam-bot-mon-phu,
68175,68175,Cơm Quê Ngõ Nhỏ - Đồng Nhân,766308,"Cơm Quê ""No Nê""",5202117,Cơm Gà Rang Gừng ( gà ta ) + Món Phụ,Kèm rau củ theo mùa + Canh,65000.0,65000.0,41,0,0,1,3,https://media.be.com.vn/be-food/image/a15540d6-8a99-11ee-8146-82365e52a8ee/resized_thumbnail_w1080_h1080,com-ga-rang-gung-ga-ta-mon-phu,
68175,68175,Cơm Quê Ngõ Nhỏ - Đồng Nhân,766308,"Cơm Quê ""No Nê""",5202118,Cơm Thịt Kho Trứng + Món Phụ,Kèm rau củ theo mùa + Canh,65000.0,65000.0,232,1,1,1,4,https://media.be.com.vn/be-food/image/a1a527c3-8a99-11ee-8146-82365e52a8ee/resized_thumbnail_w1080_h1080,com-thit-kho-trung-mon-phu,
68175,68175,Cơm Quê Ngõ Nhỏ - Đồng Nhân,766308,"Cơm Quê ""No Nê""",5202119,Cơm Thịt Rang Cháy Cạnh + Món Phụ,Kèm rau củ theo mùa + Canh,65000.0,65000.0,242,0,1,1,5,https://media.be.com.vn/be-food/image/a1f2d617-8a99-11ee-8e31-f638ae20f033/resized_thumbnail_w1080_h1080,com-thit-rang-chay-canh-mon-phu,
68175,68175,Cơm Quê Ngõ Nhỏ - Đồng Nhân,766308,"Cơm Quê ""No Nê""",5202120,Cơm Mắm Tép Chưng Thịt + Món Phụ,Kèm rau củ theo mùa + Canh,65000.0,65000.0,83,1,0,1,6,https://media.be.com.vn/be-food/image/a2410793-8a99-11ee-8146-82365e52a8ee/resized_thumbnail_w1080_h1080,com-mam-tep-chung-thit-mon-phu,
68175,68175,Cơm Quê Ngõ Nhỏ - Đồng Nhân,766308,"Cơm Quê ""No Nê""",5202121,Cơm Thịt Chân Giò Luộc + Món Phụ,Kèm rau củ theo mùa + Canh,65000.0,65000.0,101,0,1,1,7,https://media.be.com.vn/be-food/image/a28f061b-8a99-11ee-8146-82365e52a8ee/original,com-thit-chan-gio-luoc-mon-phu,
68175,68175,Cơm Quê Ngõ Nhỏ - Đồng Nhân,766308,"Cơm Quê ""No Nê""",5202122,Cơm Cá Chiên Giòn + Món Phụ,Kèm rau củ theo mùa + Canh,65000.0,65000.0,33,1,1,1,8,https://media.be.com.vn/be-food/image/a2daf99e-8a99-11ee-8e31-f638ae20f033/resized_thumbnail_w1080_h1080,com-ca-chien-gion-mon-phu,
68175,68175,Cơm Quê Ngõ Nhỏ - Đồng Nhân,766308,"Cơm Quê ""No Nê""",5202123,Cơm Cá Nục Kho Tiêu + Món Phụ,Kèm rau củ theo mùa + Canh,65000.0,65000.0,156,8,0,1,9,https://media.be.com.vn/be-food/image/a32992f5-8a99-11ee-8e31-f638ae20f033/resized_thumbnail_w1080_h1080,com-ca-nuc-kho-tieu-mon-phu,
68175,68175,Cơm Quê Ngõ Nhỏ - Đồng Nhân,766308,"Cơm Quê ""No Nê""",5202124,Cơm Bò Xào Măng + Món Phụ,Kèm rau củ theo mùa + Canh,65000.0,65000.0,131,0,1,1,10,https://media.be.com.vn/be-food/image/a37e5250-8a99-11ee-8146-82365e52a8ee/resized_thumbnail_w1080_h1080,com-bo-xao-mang-mon-phu,
68175,68175,Cơm Quê Ngõ Nhỏ - Đồng Nhân,766308,"Cơm Quê ""No Nê""",5202125,Cơm Cá Trắm Kho Riềng + Món Phụ,Kèm rau củ theo mùa + Canh,65000.0,65000.0,82,1,0,1,11,https://media.be.com.vn/be-food/image/a3cd5b99-8a99-11ee-8146-82365e52a8ee/resized_thumbnail_w1080_h1080,com-ca-tram-kho-rieng-mon-phu,
68175,68175,Cơm Quê Ngõ Nhỏ - Đồng Nhân,766308,"Cơm Quê ""No Nê""",5202126,Cơm Trứng Đúc Thịt + Món Phụ,Kèm rau củ theo mùa + Canh,59000.0,59000.0,65,0,0,1,12,https://media.be.com.vn/be-food/image/a419c09b-8a99-11ee-8e31-f638ae20f033/resized_thumbnail_w1080_h1080,com-trung-duc-thit-mon-phu,
68175,68175,Cơm Quê Ngõ Nhỏ - Đồng Nhân,766308,"Cơm Quê ""No Nê""",5202127,Cơm Healthy,Cơm + Rau củ theo mùa + Lạc rang + Trứng ốp la + Canh,45000.0,45000.0,32,2,0,1,13,https://media.be.com.vn/be-food/image/a46c69ba-8a99-11ee-8e31-f638ae20f033/resized_thumbnail_w1080_h1080,com-healthy,
68175,68175,Cơm Quê Ngõ Nhỏ - Đồng Nhân,766308,"Cơm Quê ""No Nê""",5223192,Cơm Sườn Xào Chua Ngọt + Món Phụ,Kèm rau củ theo mùa + Canh,65000.0,65000.0,140,1,0,1,14,https://media.be.com.vn/be-food/image/7281e1b9-8d67-11ee-bfaa-82e52b34e173/resized_thumbnail_w1080_h1080,com-suon-xao-chua-ngot-mon-phu,
68175,68175,Cơm Quê Ngõ Nhỏ - Đồng Nhân,766308,"Cơm Quê ""No Nê""",5223194,Cơm Tôm Đồng Đảo Hành Hoa + Món Phụ,Kèm rau củ theo mùa + Canh,60000.0,60000.0,22,0,0,1,15,https://media.be.com.vn/be-food/image/3b8c7fdd-99de-11ee-b2af-3ea2e1c5510b/resized_thumbnail_w1080_h1080,com-tom-dong-dao-hanh-hoa-mon-phu,
68175,68175,Cơm Quê Ngõ Nhỏ - Đồng Nhân,766308,"Cơm Quê ""No Nê""",5231848,Cơm Cá Trắm Sốt Cà + Món Phụ,Kèm rau củ theo mùa + Canh,65000.0,65000.0,60,1,1,1,16,https://media.be.com.vn/be-food/image/45d907c3-8e24-11ee-8e31-f638ae20f033/resized_thumbnail_w1080_h1080,com-ca-tram-sot-ca-mon-phu,
68175,68175,Cơm Quê Ngõ Nhỏ - Đồng Nhân,766308,"Cơm Quê ""No Nê""",5276947,Cơm Chả Lá Lốt + Món Phụ,Kèm rau củ theo mùa + Canh,60000.0,60000.0,84,0,0,1,18,https://media.be.com.vn/be-food/image/d87090ef-92e7-11ee-b2af-3ea2e1c5510b/resized_thumbnail_w1080_h1080,com-cha-la-lot-mon-phu,
68175,68175,Cơm Quê Ngõ Nhỏ - Đồng Nhân,766308,"Cơm Quê ""No Nê""",5438993,Cơm Cá Cơm Chua Ngọt + Thịt Luộc + Món Phụ,Kèm rau củ theo mùa + Canh,65000.0,65000.0,49,3,0,1,19,https://media.be.com.vn/be-food/image/c069e535-a29f-11ee-8e31-f638ae20f033/original,com-ca-com-chua-ngot-thit-luoc-mon-phu,
68175,68175,Cơm Quê Ngõ Nhỏ - Đồng Nhân,766308,"Cơm Quê ""No Nê""",11574641,Cơm thịt nạc vai rán,"thịt nạc vai rán thơm ngon cùng cơm gạo tám thái xanh , rau củ theo mùa , canh",70000.0,70000.0,2,0,0,1,20,https://media.be.com.vn/be-food/image/5bfd60a5-1af5-11f1-a167-cadcd99bf8b0/resized_thumbnail_w1080_h1080,com-thit-nac-vai-ran,
8868,8868,Cơm Rang 10 Cẩm - Ngõ Trại Cá,136494,Combo cùng coca,1016490,Cơm rang 10 Cẩm tặng kèm 1 ly coca( bao gồm bát giấy),,42000.0,42000.0,675,5,0,1,1,https://media.be.com.vn/be-food/image/83f9d61e-5511-11ed-9e97-4eb73f678c53/original,com-rang-10-cam-tang-kem-1-ly-coca-bao-gom-bat-giay,
8868,8868,Cơm Rang 10 Cẩm - Ngõ Trại Cá,136494,Combo cùng coca,1016494,Cơm rang dồi sụn tặng 1 ly coca(bao gồm bát giấy),Cơm rang cùng hành lá thơm. ngon ạ,43000.0,43000.0,232,0,0,1,2,https://media.be.com.vn/be-food/image/a59f5688-5511-11ed-bfa9-3acb9ab841f5/original,com-rang-doi-sun-tang-1-ly-coca-bao-gom-bat-giay,
8868,8868,Cơm Rang 10 Cẩm - Ngõ Trại Cá,136494,Combo cùng coca,1016548,Cơm rang hải sản tặng 1 ly coca(bao gồm bát giấy),"cơm rang cùng tôm,mực,chả cá , hành lá thơm ngon ạ",54000.0,54000.0,565,2,1,1,3,https://media.be.com.vn/be-food/image/e9744b2f-5511-11ed-83ea-ea0c64380cfd/original,com-rang-hai-san-tang-1-ly-coca-bao-gom-bat-giay,
8868,8868,Cơm Rang 10 Cẩm - Ngõ Trại Cá,136494,Combo cùng coca,2149384,"Cơm Rang Dưa Bò, Tặng 1 ly coca(bao gồm bát giấy)",cơm rang cùng trứng và hành lá thơm ngon giòn ạ,53000.0,53000.0,1540,6,0,1,4,https://media.be.com.vn/be-food/image/5c1e1a40-a2bf-11ed-8c57-8a4540cf5126/original,com-rang-dua-bo-tang-1-ly-coca-bao-gom-bat-giay,
8868,8868,Cơm Rang 10 Cẩm - Ngõ Trại Cá,136494,Combo cùng coca,5496956,Cơm Ba Chỉ Chiên Giòn tặng 1 ly coca(bao gồm bát giấy),,53000.0,53000.0,387,2,0,1,6,https://media.be.com.vn/be-food/image/8253b6ab-a886-11ee-b2af-3ea2e1c5510b/original,com-ba-chi-chien-gion-tang-1-ly-coca-bao-gom-bat-giay,
8868,8868,Cơm Rang 10 Cẩm - Ngõ Trại Cá,136494,Combo cùng coca,5496962,Cơm Rang Xúc Xích Kèm 1ly coca(bao gồm bát giấy),Cơm rang cùng hành lá và xúc xích cắt sẵn thơm ngon cùng thưởng thức ạ,42000.0,42000.0,128,1,0,1,7,https://media.be.com.vn/be-food/image/d53a7a10-a886-11ee-8146-82365e52a8ee/original,com-rang-xuc-xich-kem-1ly-coca-bao-gom-bat-giay,
8868,8868,Cơm Rang 10 Cẩm - Ngõ Trại Cá,136494,Combo cùng coca,5496966,Cơm Rang Đùi Gà Xé kèm 1ly coca (bao gồm bát giấy),"cơm chiên cùng hành lá , gà xé đảo cùng thơm ngon cùng thưởng thức",45000.0,45000.0,271,3,0,1,8,https://media.be.com.vn/be-food/image/09b539a8-a887-11ee-b2af-3ea2e1c5510b/original,com-rang-dui-ga-xe-kem-1ly-coca-bao-gom-bat-giay,
8868,8868,Cơm Rang 10 Cẩm - Ngõ Trại Cá,136494,Combo cùng coca,5496968,Cơm Rang Thịt Chưng Mắn Tép kèm 1ly coca(bao gồm bát giấy),cơm rang cùng hàng lá và mắm tép thơm ngon cùng thưởng thức,50000.0,50000.0,232,1,1,1,9,https://media.be.com.vn/be-food/image/37aaf2bb-a887-11ee-8146-82365e52a8ee/original,com-rang-thit-chung-man-tep-kem-1ly-coca-bao-gom-bat-giay,
8868,8868,Cơm Rang 10 Cẩm - Ngõ Trại Cá,136494,Combo cùng coca,5497529,Cơm Rang Đùi Gà Sốt kèm 1 ly coca( bao gồm bát giấy),cơm rang cùng hành lá thơm ngon và gà sốt để riêng,55000.0,55000.0,244,1,0,1,10,https://media.be.com.vn/be-food/image/829bdadc-a8a2-11ee-8e31-f638ae20f033/original,com-rang-dui-ga-sot-kem-1-ly-coca-bao-gom-bat-giay,
8868,8868,Cơm Rang 10 Cẩm - Ngõ Trại Cá,136494,Combo cùng coca,5497530,Cơm Rang Trứng Dưa kèm 1ly coca(bao gồm bát giấy),cơm rang 2 quả ốp la,41000.0,41000.0,108,1,0,1,11,https://media.be.com.vn/be-food/image/cc8e35cd-a8a2-11ee-bfaa-82e52b34e173/original,com-rang-trung-dua-kem-1ly-coca-bao-gom-bat-giay,
8868,8868,Cơm Rang 10 Cẩm - Ngõ Trại Cá,136494,Combo cùng coca,5497532,Cơm Rang Trứng kèm 1 ly coca(bao gồm hộp giấy),cơm rang cùng hành lá thơm ngon và 2 quả ốp la,41000.0,41000.0,51,0,0,1,12,https://media.be.com.vn/be-food/image/3b863145-a8a3-11ee-bfaa-82e52b34e173/original,com-rang-trung-kem-1-ly-coca-bao-gom-hop-giay,
8868,8868,Cơm Rang 10 Cẩm - Ngõ Trại Cá,136494,Combo cùng coca,5497534,Cơm Rang Giò Nạc kèm 1 ly coca(bao gồm hộp giấy),cơm chiên cùng hành lá thơm ngon và giò cắt sẵn chiên cùng ạ,42000.0,42000.0,22,0,0,1,13,https://media.be.com.vn/be-food/image/820e6348-a8a3-11ee-8146-82365e52a8ee/original,com-rang-gio-nac-kem-1-ly-coca-bao-gom-hop-giay,
8868,8868,Cơm Rang 10 Cẩm - Ngõ Trại Cá,136494,Combo cùng coca,5497536,Cơm Rang Ngô Dưa Chua kèm 1 ly coca(bao gồm bát giấy),,39000.0,39000.0,63,0,0,1,14,https://media.be.com.vn/be-food/image/16734926-a8a4-11ee-b2af-3ea2e1c5510b/resized_thumbnail_w1080_h1080,com-rang-ngo-dua-chua-kem-1-ly-coca-bao-gom-bat-giay,
8868,8868,Cơm Rang 10 Cẩm - Ngõ Trại Cá,136494,Combo cùng coca,10410092,Cơm Rang Lạp Xưởng Nướng Đá 2 cái kèm 1ly coca,cơm chiên cùng hành lá thơm ngon,53000.0,53000.0,46,0,0,1,15,https://media.be.com.vn/be-food/image/2b836f8b-ac15-11f0-9063-66448d787802/resized_thumbnail_w1080_h1080,com-rang-lap-xuong-nuong-da-2-cai-kem-1ly-coca,
8868,8868,Cơm Rang 10 Cẩm - Ngõ Trại Cá,1646919,Mỳ Trộn Indomie,10845574,Mỳ Trộn Nem Chua Rán,,42000.0,42000.0,1,0,0,2,1,https://media.be.com.vn/be-food/image/54654da3-d680-11f0-9063-66448d787802/resized_thumbnail_w1080_h1080,my-tron-nem-chua-ran,
8868,8868,Cơm Rang 10 Cẩm - Ngõ Trại Cá,1646919,Mỳ Trộn Indomie,10845580,Mỳ Trộn Thập Cẩm,,42000.0,42000.0,2,0,0,2,2,https://media.be.com.vn/be-food/image/f6be1e40-d68f-11f0-b84b-3a4f2a37a94e/resized_thumbnail_w1080_h1080,my-tron-thap-cam,
8868,8868,Cơm Rang 10 Cẩm - Ngõ Trại Cá,1646919,Mỳ Trộn Indomie,10845588,Mỳ Trộn Xúc Xich 2 cái,,42000.0,42000.0,0,0,0,2,3,https://media.be.com.vn/be-food/image/6613f125-d683-11f0-8021-922c9d42c616/resized_thumbnail_w1080_h1080,my-tron-xuc-xich-2-cai,
8868,8868,Cơm Rang 10 Cẩm - Ngõ Trại Cá,1646919,Mỳ Trộn Indomie,10845593,Mỳ trộn Hình Tôm,,42000.0,42000.0,0,0,0,2,4,https://media.be.com.vn/be-food/image/5c981d4e-d683-11f0-9063-66448d787802/resized_thumbnail_w1080_h1080,my-tron-hinh-tom,
8868,8868,Cơm Rang 10 Cẩm - Ngõ Trại Cá,1646919,Mỳ Trộn Indomie,10845602,Mỳ trộn Mực Xoắn,,42000.0,42000.0,0,0,0,2,5,https://media.be.com.vn/be-food/image/468e7e3c-d683-11f0-b84b-3a4f2a37a94e/resized_thumbnail_w1080_h1080,my-tron-muc-xoan,
8868,8868,Cơm Rang 10 Cẩm - Ngõ Trại Cá,1646919,Mỳ Trộn Indomie,10845878,Mỳ trộn sủi Cảo nhân thịt,,42000.0,42000.0,0,0,0,2,6,https://media.be.com.vn/be-food/image/272f1380-d684-11f0-8021-922c9d42c616/thumbnail,my-tron-sui-cao-nhan-thit,
8868,8868,Cơm Rang 10 Cẩm - Ngõ Trại Cá,1646919,Mỳ Trộn Indomie,10845882,Mỳ trộn Viên Chiên,,42000.0,42000.0,0,0,0,2,7,https://media.be.com.vn/be-food/image/56daedda-d684-11f0-b84b-3a4f2a37a94e/resized_thumbnail_w1080_h1080,my-tron-vien-chien,
8868,8868,Cơm Rang 10 Cẩm - Ngõ Trại Cá,1646919,Mỳ Trộn Indomie,10845886,Mỳ trộn Lạp Xưởng Nướng Đá 2 cái,,50000.0,50000.0,0,0,0,2,8,https://media.be.com.vn/be-food/image/7aa07378-d684-11f0-8b11-e6e7ca75c48c/resized_thumbnail_w1080_h1080,my-tron-lap-xuong-nuong-da-2-cai,
8868,8868,Cơm Rang 10 Cẩm - Ngõ Trại Cá,1646919,Mỳ Trộn Indomie,10845890,Mỳ trộn TrỨng Ốp La 2 quả,,40000.0,40000.0,0,0,0,2,9,https://media.be.com.vn/be-food/image/97f7baa0-d684-11f0-8021-922c9d42c616/resized_thumbnail_w1080_h1080,my-tron-trung-op-la-2-qua,
8868,8868,Cơm Rang 10 Cẩm - Ngõ Trại Cá,1646919,Mỳ Trộn Indomie,10845896,Mỳ Trộn Dồi Sụn 2 cái,,42000.0,42000.0,0,0,0,2,11,https://media.be.com.vn/be-food/image/c8c8e08c-d684-11f0-b84b-3a4f2a37a94e/resized_thumbnail_w1080_h1080,my-tron-doi-sun-2-cai,
8868,8868,Cơm Rang 10 Cẩm - Ngõ Trại Cá,31964,CƠM RANG,881818,đùi gà sốt,1 đùi gà sốt,30000.0,30000.0,100,1,0,4,4,https://media.be.com.vn/be-food/image/3f1dc8ed-ae30-11ed-8ca3-8e6f9560a813/resized_thumbnail_w1080_h1080,dui-ga-sot,
8868,8868,Cơm Rang 10 Cẩm - Ngõ Trại Cá,1331369,Đồ Ăn Vặt,9113549,Sủi Cảo Chiên SL 10,,35000.0,35000.0,3,0,0,6,1,https://media.be.com.vn/be-food/image/b62e69dc-1b77-11f0-8510-8ea7808cbcf4/resized_thumbnail_w1080_h1080,sui-cao-chien-sl-10,
8868,8868,Cơm Rang 10 Cẩm - Ngõ Trại Cá,1331369,Đồ Ăn Vặt,9113550,Mực Xoắn Chiên SL 10,,35000.0,35000.0,3,0,0,6,2,https://media.be.com.vn/be-food/image/c84ce9e7-1b77-11f0-8d88-0695c6df6d37/resized_thumbnail_w1080_h1080,muc-xoan-chien-sl-10,
8868,8868,Cơm Rang 10 Cẩm - Ngõ Trại Cá,1331369,Đồ Ăn Vặt,9113551,Hình Tôm Chiên SL 10,,35000.0,35000.0,0,0,0,6,3,https://media.be.com.vn/be-food/image/d8a6fae3-1b77-11f0-8510-8ea7808cbcf4/resized_thumbnail_w1080_h1080,hinh-tom-chien-sl-10,
8868,8868,Cơm Rang 10 Cẩm - Ngõ Trại Cá,1331369,Đồ Ăn Vặt,9113552,Viên chiên Sl 30 viên,,30000.0,30000.0,3,0,0,6,4,https://media.be.com.vn/be-food/image/ececd857-1b77-11f0-bd66-b239c83a8124/resized_thumbnail_w1080_h1080,vien-chien-sl-30-vien,
8868,8868,Cơm Rang 10 Cẩm - Ngõ Trại Cá,1331369,Đồ Ăn Vặt,9113554,Sét Ăn Vặt,,70000.0,70000.0,1,0,0,6,5,https://media.be.com.vn/be-food/image/05c74230-1b78-11f0-81cc-d24fde1987a0/resized_thumbnail_w1080_h1080,set-an-vat,
8868,8868,Cơm Rang 10 Cẩm - Ngõ Trại Cá,1331369,Đồ Ăn Vặt,9128144,Viên Hình tôm + sủi cảo + mực xoăn Sl 10,,35000.0,35000.0,3,0,0,6,6,https://media.be.com.vn/be-food/image/f920160d-1d39-11f0-8d88-0695c6df6d37/resized_thumbnail_w1080_h1080,vien-hinh-tom-sui-cao-muc-xoan-sl-10,
8868,8868,Cơm Rang 10 Cẩm - Ngõ Trại Cá,1331369,Đồ Ăn Vặt,10409106,Lạp Xưởng Nướng Đá 1c (bột Ớt),,18000.0,18000.0,37,0,0,6,7,https://media.be.com.vn/be-food/image/59766962-abf5-11f0-8b11-e6e7ca75c48c/thumbnail,lap-xuong-nuong-da-1c-bot-ot,
8868,8868,Cơm Rang 10 Cẩm - Ngõ Trại Cá,1331369,Đồ Ăn Vặt,10412988,Nem Chua Rán Phố Cổ 5 cái,,35000.0,35000.0,7,0,0,6,9,https://media.be.com.vn/be-food/image/928164c8-acd0-11f0-9063-66448d787802/resized_thumbnail_w1080_h1080,nem-chua-ran-pho-co-5-cai,
8868,8868,Cơm Rang 10 Cẩm - Ngõ Trại Cá,1331369,Đồ Ăn Vặt,10412994,Nem Chua Rán Phố Cổ 10 cái,,70000.0,70000.0,2,0,0,6,10,https://media.be.com.vn/be-food/image/ac851d24-acd0-11f0-8b11-e6e7ca75c48c/resized_thumbnail_w1080_h1080,nem-chua-ran-pho-co-10-cai,
130788,130788,Vinh Anh - Chuyên Cơm Rang - Hà Kế Tấn,1890191,Menu,11629556,Cơm rang đảo gà,,55000.0,55000.0,1,0,0,1,1,https://media.be.com.vn/be-food/image/971a4dc2-2289-11f1-a167-cadcd99bf8b0/resized_thumbnail_w1080_h1080,com-rang-dao-ga,
130788,130788,Vinh Anh - Chuyên Cơm Rang - Hà Kế Tấn,1890191,Menu,11629557,Cơm rang thập cẩm,,55000.0,55000.0,5,0,0,1,2,https://media.be.com.vn/be-food/image/5a98a69a-2286-11f1-b67e-9aaf2a798701/resized_thumbnail_w1080_h1080,com-rang-thap-cam,
130788,130788,Vinh Anh - Chuyên Cơm Rang - Hà Kế Tấn,1890191,Menu,11629558,Cơm rang đùi gà xối mỡ,,60000.0,60000.0,0,0,0,1,3,https://media.be.com.vn/be-food/image/cf1caf79-21fb-11f1-a167-cadcd99bf8b0/resized_thumbnail_w1080_h1080,com-rang-dui-ga-xoi-mo,
130788,130788,Vinh Anh - Chuyên Cơm Rang - Hà Kế Tấn,1890191,Menu,11629559,Cơm rang xá xíu,,60000.0,60000.0,3,0,0,1,4,https://media.be.com.vn/be-food/image/fad19fba-2290-11f1-b63c-1ec8367384f0/resized_thumbnail_w1080_h1080,com-rang-xa-xiu,
130788,130788,Vinh Anh - Chuyên Cơm Rang - Hà Kế Tấn,1890191,Menu,11629560,Cơm rang mắm tép,,55000.0,55000.0,2,0,0,1,5,https://media.be.com.vn/be-food/image/5bac696e-228c-11f1-b63c-1ec8367384f0/resized_thumbnail_w1080_h1080,com-rang-mam-tep,
130788,130788,Vinh Anh - Chuyên Cơm Rang - Hà Kế Tấn,1890191,Menu,11629561,Cơm rang dưa bò,,55000.0,55000.0,0,0,0,1,6,https://media.be.com.vn/be-food/image/e91442ef-21fd-11f1-b63c-1ec8367384f0/resized_thumbnail_w1080_h1080,com-rang-dua-bo,
130031,130031,"Quán Cô Tín - Bún Đậu, Bánh Khoai & Bánh Chuối - Chùa Quỳnh",1858166,Menu,11532538,Bún đậu thịt heo chân giò,"gồm có : Bún, đậu, thịt chân giò và rau, ớt, quất",39000.0,39000.0,2,0,0,1,1,https://media.be.com.vn/bizops/image/1b39031e-1622-11f1-b63c-1ec8367384f0/resized_thumbnail_w1080_h1080,bun-dau-thit-heo-chan-gio,
130031,130031,"Quán Cô Tín - Bún Đậu, Bánh Khoai & Bánh Chuối - Chùa Quỳnh",1858166,Menu,11537517,Bún đậu chả cốm,"Gồm: Bún, Đậu, Chả Cốm và rau, ớt,quất, mắm tôm.",39000.0,39000.0,0,0,0,1,2,https://media.be.com.vn/be-food/image/c612cbfd-16cd-11f1-a167-cadcd99bf8b0/resized_thumbnail_w1080_h1080,bun-dau-cha-com,
130031,130031,"Quán Cô Tín - Bún Đậu, Bánh Khoai & Bánh Chuối - Chùa Quỳnh",1858166,Menu,11538982,Bún đậu đặc biệt full topping,"Gồm: Bún, Đậu, Thịt Chân Giò, Chả Cốm, Dồi Rán",59000.0,59000.0,14,0,0,1,3,https://media.be.com.vn/be-food/image/24932a22-16cf-11f1-8695-ce3d3ce291c1/resized_thumbnail_w1080_h1080,bun-dau-dac-biet-full-topping,
130031,130031,"Quán Cô Tín - Bún Đậu, Bánh Khoai & Bánh Chuối - Chùa Quỳnh",1858166,Menu,11538983,Bún đậu thịt lòng rán,"Gồm: Bún, Đậu, Thịt Chân Giò, Dồi Rán",49000.0,49000.0,1,0,0,1,4,https://media.be.com.vn/be-food/image/c2d8478e-16ce-11f1-b67e-9aaf2a798701/resized_thumbnail_w1080_h1080,bun-dau-thit-long-ran,
130031,130031,"Quán Cô Tín - Bún Đậu, Bánh Khoai & Bánh Chuối - Chùa Quỳnh",1858166,Menu,11538984,Bún đậu thịt chả cốm,"Gồm: Bún, Đậu, Thịt chân giò, Chả Cốm",49000.0,49000.0,6,0,0,1,5,https://media.be.com.vn/be-food/image/85e94cb5-16ce-11f1-8695-ce3d3ce291c1/resized_thumbnail_w1080_h1080,bun-dau-thit-cha-com,
130031,130031,"Quán Cô Tín - Bún Đậu, Bánh Khoai & Bánh Chuối - Chùa Quỳnh",1858166,Menu,11538985,Bún đậu lòng rán,"gồm: Bún, đậu, dồi rán và Rau, ớt, quất, mắm tôm",39000.0,39000.0,0,0,0,1,6,https://media.be.com.vn/be-food/image/2a0dcefc-16ce-11f1-b63c-1ec8367384f0/resized_thumbnail_w1080_h1080,bun-dau-long-ran,
130031,130031,"Quán Cô Tín - Bún Đậu, Bánh Khoai & Bánh Chuối - Chùa Quỳnh",1858166,Menu,11625877,Bánh Cuốn Thanh Trì,,32000.0,32000.0,0,0,0,1,7,https://media.be.com.vn/be-food/image/ada2a360-1ee3-11f1-a167-cadcd99bf8b0/resized_thumbnail_w1080_h1080,banh-cuon-thanh-tri,
130031,130031,"Quán Cô Tín - Bún Đậu, Bánh Khoai & Bánh Chuối - Chùa Quỳnh",1858166,Menu,11625879,Bánh cuốn thanh trì + chả quế,,39000.0,39000.0,1,0,0,1,8,https://media.be.com.vn/be-food/image/d8418cec-1ee3-11f1-b67e-9aaf2a798701/resized_thumbnail_w1080_h1080,banh-cuon-thanh-tri-cha-que,
24720,24720,Gà Rán Tok Tok - Khâm Thiên,714265,Món Hot,4851412,Gà nửa con kèm sốt,"1 đùi,1 cánh, 3-4 má đùi",150000.0,150000.0,172,4,0,3,1,https://media.be.com.vn/be-food/image/765d23cb-6719-11ee-b2af-3ea2e1c5510b/resized_thumbnail_w1080_h1080,ga-nua-con-kem-sot,
24720,24720,Gà Rán Tok Tok - Khâm Thiên,714265,Món Hot,4851414,Gà viên lắc phomai,,55000.0,55000.0,43,0,0,3,3,https://media.be.com.vn/be-food/image/76faf5d6-6719-11ee-b2af-3ea2e1c5510b/resized_thumbnail_w1080_h1080,ga-vien-lac-phomai,
24720,24720,Gà Rán Tok Tok - Khâm Thiên,714265,Món Hot,4851415,Gà truyền thống ketchup nửa con,"1 đùi,1 cánh, 3-4 má đùi",145000.0,145000.0,93,0,0,3,4,https://media.be.com.vn/be-food/image/77466c03-6719-11ee-b2af-3ea2e1c5510b/resized_thumbnail_w1080_h1080,ga-truyen-thong-ketchup-nua-con,
24720,24720,Gà Rán Tok Tok - Khâm Thiên,714265,Món Hot,4851416,2 đùi gà chiên truyền thống,,70000.0,70000.0,24,1,0,3,5,https://media.be.com.vn/be-food/image/77932a0c-6719-11ee-8e31-f638ae20f033/resized_thumbnail_w1080_h1080,2-dui-ga-chien-truyen-thong,
24720,24720,Gà Rán Tok Tok - Khâm Thiên,714265,Món Hot,4851418,2 cánh gà chiên truyền thống,,70000.0,70000.0,11,0,0,3,7,https://media.be.com.vn/be-food/image/783e934c-6719-11ee-8e31-f638ae20f033/resized_thumbnail_w1080_h1080,2-canh-ga-chien-truyen-thong,
24720,24720,Gà Rán Tok Tok - Khâm Thiên,714265,Món Hot,4851419,Tokbokki chả cá Hàn Quốc,"Tokbokki, chả cá, xúc xichs",39000.0,39000.0,99,2,0,3,8,https://media.be.com.vn/be-food/image/7890e70e-6719-11ee-b2af-3ea2e1c5510b/resized_thumbnail_w1080_h1080,tokbokki-cha-ca-han-quoc,
24720,24720,Gà Rán Tok Tok - Khâm Thiên,714268,Đùi Gà Chiên,4851425,2 đùi gà chiên kèm sốt,2 đùi gà,80000.0,80000.0,3,0,0,6,1,https://media.be.com.vn/be-food/image/7ace7b39-6719-11ee-8146-82365e52a8ee/resized_thumbnail_w1080_h1080,2-dui-ga-chien-kem-sot,
24720,24720,Gà Rán Tok Tok - Khâm Thiên,714269,Cánh Gà Chiên,4851426,2 cánh gà chiên kèm sốt,2 bộ cánh,80000.0,80000.0,6,0,0,7,1,https://media.be.com.vn/be-food/image/7b2ac536-6719-11ee-8146-82365e52a8ee/resized_thumbnail_w1080_h1080,2-canh-ga-chien-kem-sot,
24720,24720,Gà Rán Tok Tok - Khâm Thiên,714270,Gà Viên,4851427,Gà viên kèm sốt,,55000.0,55000.0,13,0,0,8,1,https://media.be.com.vn/be-food/image/7b7b3cbd-6719-11ee-8146-82365e52a8ee/resized_thumbnail_w1080_h1080,ga-vien-kem-sot,
24720,24720,Gà Rán Tok Tok - Khâm Thiên,714270,Gà Viên,4851428,Gà viên truyền thống ketchup,,50000.0,50000.0,12,1,0,8,2,https://media.be.com.vn/be-food/image/7bc65549-6719-11ee-b2af-3ea2e1c5510b/resized_thumbnail_w1080_h1080,ga-vien-truyen-thong-ketchup,
24720,24720,Gà Rán Tok Tok - Khâm Thiên,714273,Khoai Tây Chiên,4851434,Khoai tây chiên lắc phomai to,,70000.0,70000.0,3,0,0,9,3,https://media.be.com.vn/be-food/image/7daf6c32-6719-11ee-8146-82365e52a8ee/resized_thumbnail_w1080_h1080,khoai-tay-chien-lac-phomai-to,
24720,24720,Gà Rán Tok Tok - Khâm Thiên,714273,Khoai Tây Chiên,4851435,Khoai tây chiên to,,60000.0,60000.0,3,0,0,9,4,https://media.be.com.vn/be-food/image/7dfcdaa8-6719-11ee-b2af-3ea2e1c5510b/resized_thumbnail_w1080_h1080,khoai-tay-chien-to,
57665,57665,Phở Bò Gà & Bún Miến Ngan 343 - Phố Vọng,599094,Menu,4053683,Phở đùi gà,,71000.0,71000.0,235,8,0,1,1,https://media.be.com.vn/bizops/image/968461c7-1bca-11ee-bfaa-82e52b34e173/original,pho-dui-ga,
57665,57665,Phở Bò Gà & Bún Miến Ngan 343 - Phố Vọng,599094,Menu,4106353,Phở bò tái,,66000.0,66000.0,245,2,1,1,2,https://media.be.com.vn/be-food/image/9097d8ab-2194-11ee-8146-82365e52a8ee/original,pho-bo-tai,
57665,57665,Phở Bò Gà & Bún Miến Ngan 343 - Phố Vọng,599094,Menu,4106469,Phở gà,,66000.0,66000.0,134,1,0,1,3,https://media.be.com.vn/be-food/image/45852641-2195-11ee-8e31-f638ae20f033/original,pho-ga,
57665,57665,Phở Bò Gà & Bún Miến Ngan 343 - Phố Vọng,599094,Menu,4106470,Phở bò chín,,66000.0,66000.0,139,1,0,1,4,https://media.be.com.vn/be-food/image/65abc87b-2195-11ee-8e31-f638ae20f033/original,pho-bo-chin,
57665,57665,Phở Bò Gà & Bún Miến Ngan 343 - Phố Vọng,599094,Menu,4106471,Phở gầu,,71000.0,71000.0,81,2,0,1,5,https://media.be.com.vn/be-food/image/a9c78afc-2195-11ee-8e31-f638ae20f033/original,pho-gau,
57665,57665,Phở Bò Gà & Bún Miến Ngan 343 - Phố Vọng,599094,Menu,4106472,Phở tái gầu,,71000.0,71000.0,98,0,0,1,6,https://media.be.com.vn/be-food/image/f043cf5b-2195-11ee-8146-82365e52a8ee/original,pho-tai-gau,
57665,57665,Phở Bò Gà & Bún Miến Ngan 343 - Phố Vọng,599094,Menu,4106473,Phở sốt vang,,71000.0,71000.0,179,0,0,1,7,https://media.be.com.vn/be-food/image/19bff5a2-2196-11ee-8146-82365e52a8ee/original,pho-sot-vang,
57665,57665,Phở Bò Gà & Bún Miến Ngan 343 - Phố Vọng,607636,Bún,4106474,Bún ngan,,66000.0,66000.0,242,3,0,2,1,https://media.be.com.vn/be-food/image/51514bf7-2196-11ee-8146-82365e52a8ee/original,bun-ngan,
57665,57665,Phở Bò Gà & Bún Miến Ngan 343 - Phố Vọng,607636,Bún,4106475,Bún gà,,66000.0,66000.0,209,1,0,2,2,https://media.be.com.vn/be-food/image/8a778d62-2196-11ee-8146-82365e52a8ee/original,bun-ga,
57665,57665,Phở Bò Gà & Bún Miến Ngan 343 - Phố Vọng,607637,Miến,4106476,Miến ngan,,66000.0,66000.0,153,0,0,3,1,https://media.be.com.vn/be-food/image/ee61b358-2196-11ee-8146-82365e52a8ee/original,mien-ngan,
57665,57665,Phở Bò Gà & Bún Miến Ngan 343 - Phố Vọng,607637,Miến,4106477,Miến gà,,66000.0,66000.0,91,0,0,3,2,https://media.be.com.vn/be-food/image/07601ced-2197-11ee-8146-82365e52a8ee/original,mien-ga,
57665,57665,Phở Bò Gà & Bún Miến Ngan 343 - Phố Vọng,607638,Mỳ tôm,4106478,Mỳ tôm bò,,66000.0,66000.0,5,0,0,4,1,https://media.be.com.vn/be-food/image/5d4d9bc0-2197-11ee-8146-82365e52a8ee/original,my-tom-bo,
57665,57665,Phở Bò Gà & Bún Miến Ngan 343 - Phố Vọng,607638,Mỳ tôm,4106479,Mỳ tôm gà,,66000.0,66000.0,1,0,0,4,2,https://media.be.com.vn/be-food/image/5a37437c-2198-11ee-8e31-f638ae20f033/original,my-tom-ga,
11020,11020,Bún Chả Cô An - Hanoi Grilled Pork Noodles - Khâm Thiên,1978846,Siêu Tiệc Lương Về,11918004,Combo 2 Bún chả miếng,,99000.0,198000.0,0,0,0,1,1,https://media.be.com.vn/bizops/image/734b2ba3-397a-11f1-b63c-1ec8367384f0/resized_thumbnail_w1080_h1080,combo-2-bun-cha-mieng,
11020,11020,Bún Chả Cô An - Hanoi Grilled Pork Noodles - Khâm Thiên,46067,Combo,375388,Combo 2 bún chả lẫn,,100000.0,100000.0,25,0,0,2,1,https://media.be.com.vn/bizops/image/0da3fce7-664d-11ee-bfaa-82e52b34e173/resized_thumbnail_w1080_h1080,combo-2-bun-cha-lan,
11020,11020,Bún Chả Cô An - Hanoi Grilled Pork Noodles - Khâm Thiên,46067,Combo,375389,Combo 2 bún chả băm viên,,100000.0,100000.0,6,0,0,2,2,https://media.be.com.vn/bizops/image/18a82c82-664d-11ee-8e31-f638ae20f033/resized_thumbnail_w1080_h1080,combo-2-bun-cha-bam-vien,
11020,11020,Bún Chả Cô An - Hanoi Grilled Pork Noodles - Khâm Thiên,46068,Combo 5 Suất,375390,5 bún chả lẫn,,249000.0,249000.0,1,0,0,3,1,https://media.be.com.vn/bizops/image/43328bfe-664d-11ee-b2af-3ea2e1c5510b/resized_thumbnail_w1080_h1080,5-bun-cha-lan,
11020,11020,Bún Chả Cô An - Hanoi Grilled Pork Noodles - Khâm Thiên,46069,Combo Coca,375391,Combo bún chả lẫn - Coca Cola,,65000.0,65000.0,17,0,0,4,1,https://media.be.com.vn/bizops/image/4e7bcf21-664d-11ee-bfaa-82e52b34e173/resized_thumbnail_w1080_h1080,combo-bun-cha-lan-coca-cola,
11020,11020,Bún Chả Cô An - Hanoi Grilled Pork Noodles - Khâm Thiên,46069,Combo Coca,375392,Combo bún chả băm viên - Coca Cola,,65000.0,65000.0,7,0,0,4,2,https://media.be.com.vn/bizops/image/610a0f58-664d-11ee-bfaa-82e52b34e173/resized_thumbnail_w1080_h1080,combo-bun-cha-bam-vien-coca-cola,
11020,11020,Bún Chả Cô An - Hanoi Grilled Pork Noodles - Khâm Thiên,46069,Combo Coca,375394,Combo bún chả miếng - Coca Cola,,65000.0,65000.0,4,0,0,4,3,https://media.be.com.vn/bizops/image/c2c98984-6b83-11f0-b84b-3a4f2a37a94e/resized_thumbnail_w1080_h1080,combo-bun-cha-mieng-coca-cola,
11020,11020,Bún Chả Cô An - Hanoi Grilled Pork Noodles - Khâm Thiên,46069,Combo Coca,9767083,2 suất bún chả lẫn - 2 suất bún chả băm viên - 1 Coca Cola 1 lít 5,,190000.0,190000.0,0,0,0,4,5,https://media.be.com.vn/bizops/image/3385065d-6b84-11f0-8021-922c9d42c616/resized_thumbnail_w1080_h1080,2-suat-bun-cha-lan-2-suat-bun-cha-bam-vien-1-coca-cola-1-lit-5,
11020,11020,Bún Chả Cô An - Hanoi Grilled Pork Noodles - Khâm Thiên,46070,Thực Đơn,375395,Bún chả lẫn,Đã bao gồm 3000đ tiền hộp,50000.0,50000.0,189,2,0,5,1,https://media.be.com.vn/bizops/image/82551194-664d-11ee-bfaa-82e52b34e173/resized_thumbnail_w1080_h1080,bun-cha-lan,
11020,11020,Bún Chả Cô An - Hanoi Grilled Pork Noodles - Khâm Thiên,46070,Thực Đơn,375396,Bún chả băm viên,Đã gồm 3000đ tiền hộp,50000.0,50000.0,49,2,1,5,2,https://media.be.com.vn/bizops/image/90552c27-664d-11ee-b2af-3ea2e1c5510b/resized_thumbnail_w1080_h1080,bun-cha-bam-vien,
11020,11020,Bún Chả Cô An - Hanoi Grilled Pork Noodles - Khâm Thiên,46070,Thực Đơn,375397,Bún chả miếng,Đã bao gồm 3000đ tiền hộp,50000.0,50000.0,27,1,1,5,3,https://media.be.com.vn/bizops/image/a05a2ecd-664d-11ee-8146-82365e52a8ee/resized_thumbnail_w1080_h1080,bun-cha-mieng,
11020,11020,Bún Chả Cô An - Hanoi Grilled Pork Noodles - Khâm Thiên,46070,Thực Đơn,375399,Bún chả nem,Đã gồm 3000đ tiền hộp,45000.0,45000.0,6,0,0,5,4,https://media.be.com.vn/bizops/image/bda13d09-664d-11ee-8146-82365e52a8ee/resized_thumbnail_w1080_h1080,bun-cha-nem,
103124,103124,Habon Chicken - Tiệm Gà Rán Hàn Quốc - Ngõ Trại Cá,1238095,TOKBOKKI,8462053,Tokbokki sốt phô mai cay,cay nhẹ,59000.0,59000.0,4,0,0,1,1,https://media.be.com.vn/be-food/image/9550ebf4-e9da-11ef-8510-8ea7808cbcf4/resized_thumbnail_w1080_h1080,tokbokki-sot-pho-mai-cay,
103124,103124,Habon Chicken - Tiệm Gà Rán Hàn Quốc - Ngõ Trại Cá,1238095,TOKBOKKI,8462057,Tokbokki sốt rose cay,best seller,65000.0,65000.0,17,1,0,1,2,https://media.be.com.vn/be-food/image/cbe40231-e9da-11ef-81cc-d24fde1987a0/original,tokbokki-sot-rose-cay,
103124,103124,Habon Chicken - Tiệm Gà Rán Hàn Quốc - Ngõ Trại Cá,1238095,TOKBOKKI,8462419,Tokbokki sốt rose,,65000.0,65000.0,13,0,0,1,3,https://media.be.com.vn/be-food/image/47816c5e-e9ea-11ef-8d88-0695c6df6d37/original,tokbokki-sot-rose,
103124,103124,Habon Chicken - Tiệm Gà Rán Hàn Quốc - Ngõ Trại Cá,1241356,MÌ Ý SỐT BÒ BẰM,8311284,Mì Ý sốt bò bằm lớn,,69000.0,69000.0,15,0,0,2,1,https://media.be.com.vn/be-food/image/980d4a96-cf3b-11ef-8510-8ea7808cbcf4/original,mi-y-sot-bo-bam-lon,
103124,103124,Habon Chicken - Tiệm Gà Rán Hàn Quốc - Ngõ Trại Cá,1241356,MÌ Ý SỐT BÒ BẰM,8338093,Mì Ý Sốt Bò Bằm Lớn+ 1 pepsi,,79000.0,79000.0,5,1,0,2,2,https://media.be.com.vn/be-food/image/91170965-cf3b-11ef-81cc-d24fde1987a0/original,mi-y-sot-bo-bam-lon-1-pepsi,
103124,103124,Habon Chicken - Tiệm Gà Rán Hàn Quốc - Ngõ Trại Cá,1241369,GÀ RÁN NỬA CON,8338150,Gà rán nửa con sốt Hot&Sweet,,198000.0,198000.0,12,0,0,3,1,https://media.be.com.vn/be-food/image/0c6f2cb1-cf3f-11ef-8510-8ea7808cbcf4/original,ga-ran-nua-con-sot-hot-sweet,
103124,103124,Habon Chicken - Tiệm Gà Rán Hàn Quốc - Ngõ Trại Cá,1241369,GÀ RÁN NỬA CON,8338151,Gà rán nửa con sốt tương tỏi,,189000.0,189000.0,23,2,0,3,2,https://media.be.com.vn/be-food/image/65a82c9e-cf3c-11ef-8510-8ea7808cbcf4/original,ga-ran-nua-con-sot-tuong-toi,
103124,103124,Habon Chicken - Tiệm Gà Rán Hàn Quốc - Ngõ Trại Cá,1241369,GÀ RÁN NỬA CON,8338152,Gà rán nửa con sốt Habon cay,,198000.0,198000.0,47,0,0,3,3,https://media.be.com.vn/be-food/image/970c3768-cf3f-11ef-8510-8ea7808cbcf4/original,ga-ran-nua-con-sot-habon-cay,
103124,103124,Habon Chicken - Tiệm Gà Rán Hàn Quốc - Ngõ Trại Cá,1241369,GÀ RÁN NỬA CON,8338154,Gà rán nửa con sốt habon không cay,,198000.0,198000.0,9,0,0,3,4,https://media.be.com.vn/be-food/image/8dadb4e9-cf3f-11ef-81cc-d24fde1987a0/original,ga-ran-nua-con-sot-habon-khong-cay,
103124,103124,Habon Chicken - Tiệm Gà Rán Hàn Quốc - Ngõ Trại Cá,1241369,GÀ RÁN NỬA CON,8338155,Gà rán nửa con sốt hàn ngọt,,198000.0,198000.0,12,1,0,3,5,https://media.be.com.vn/be-food/image/34bf7f5a-cf3c-11ef-81cc-d24fde1987a0/original,ga-ran-nua-con-sot-han-ngot,
103124,103124,Habon Chicken - Tiệm Gà Rán Hàn Quốc - Ngõ Trại Cá,1241369,GÀ RÁN NỬA CON,8338156,Gà rán nửa con lắc phô mai,,189000.0,189000.0,21,0,0,3,6,https://media.be.com.vn/be-food/image/24884c70-cf3c-11ef-8d88-0695c6df6d37/original,ga-ran-nua-con-lac-pho-mai,
103124,103124,Habon Chicken - Tiệm Gà Rán Hàn Quốc - Ngõ Trại Cá,1241369,GÀ RÁN NỬA CON,8338157,Gà rán nửa con truyền thống,,179000.0,179000.0,34,0,0,3,7,https://media.be.com.vn/be-food/image/1147b5e8-cf3c-11ef-81cc-d24fde1987a0/original,ga-ran-nua-con-truyen-thong,
103124,103124,Habon Chicken - Tiệm Gà Rán Hàn Quốc - Ngõ Trại Cá,1241369,GÀ RÁN NỬA CON,8338166,Gà rán nửa con sốt kem,,198000.0,198000.0,54,3,1,3,8,https://media.be.com.vn/be-food/image/da393a00-e9d6-11ef-8510-8ea7808cbcf4/original,ga-ran-nua-con-sot-kem,
103124,103124,Habon Chicken - Tiệm Gà Rán Hàn Quốc - Ngõ Trại Cá,1241369,GÀ RÁN NỬA CON,8565059,Gà rán nửa con sốt Phô Mai,,198000.0,198000.0,12,0,0,3,9,https://media.be.com.vn/be-food/image/80a15990-054b-11f0-bd66-b239c83a8124/original,ga-ran-nua-con-sot-pho-mai,
103124,103124,Habon Chicken - Tiệm Gà Rán Hàn Quốc - Ngõ Trại Cá,1258987,POPCORN,8462060,Popcorn Truyền Thống,,85000.0,85000.0,17,0,0,4,1,https://media.be.com.vn/be-food/image/a5779931-e9db-11ef-bd66-b239c83a8124/original,popcorn-truyen-thong,
103124,103124,Habon Chicken - Tiệm Gà Rán Hàn Quốc - Ngõ Trại Cá,1258987,POPCORN,8462062,Popcorn Lắc Phô Mai,,95000.0,95000.0,2,0,0,4,2,https://media.be.com.vn/be-food/image/b7dd09df-e9db-11ef-81cc-d24fde1987a0/resized_thumbnail_w1080_h1080,popcorn-lac-pho-mai,
103124,103124,Habon Chicken - Tiệm Gà Rán Hàn Quốc - Ngõ Trại Cá,1258988,DA GÀ CHIÊN,8462063,Da Gà Truyền Thống,,69000.0,69000.0,24,1,0,5,1,https://media.be.com.vn/be-food/image/13b7d3cd-e9dc-11ef-81cc-d24fde1987a0/original,da-ga-truyen-thong,
103124,103124,Habon Chicken - Tiệm Gà Rán Hàn Quốc - Ngõ Trại Cá,1258988,DA GÀ CHIÊN,8462064,Da Gà Lắc Phô Mai,,79000.0,79000.0,12,0,0,5,2,https://media.be.com.vn/be-food/image/1f54dbfe-e9dc-11ef-8510-8ea7808cbcf4/resized_thumbnail_w1080_h1080,da-ga-lac-pho-mai,
126401,126401,"Happy Food - Đồ Ăn Hàn, Gà Rán Sốt & Cơm Bò HQ - Phùng Khắc Khoan",1674018,Gà rán mix sốt [HOT],11006210,Gà viên mix lắc phô mai/sốt Hàn kèm cơm S [HOT],,75000.0,75000.0,13,1,1,5,1,https://media.be.com.vn/be-food/image/860b966c-e175-11f0-8b11-e6e7ca75c48c/resized_thumbnail_w1080_h1080,ga-vien-mix-lac-pho-mai-sot-han-kem-com-s-hot,
126401,126401,"Happy Food - Đồ Ăn Hàn, Gà Rán Sốt & Cơm Bò HQ - Phùng Khắc Khoan",1674018,Gà rán mix sốt [HOT],11006248,Gà viên sốt phômai/ sốt Hàn/kem hành M [HOT],,109000.0,109000.0,10,2,0,5,2,https://media.be.com.vn/be-food/image/e6f138d3-e175-11f0-9063-66448d787802/resized_thumbnail_w1080_h1080,ga-vien-sot-phomai-sot-han-kem-hanh-m-hot,
126401,126401,"Happy Food - Đồ Ăn Hàn, Gà Rán Sốt & Cơm Bò HQ - Phùng Khắc Khoan",1674018,Gà rán mix sốt [HOT],11190362,Gà mix sốt kem hành/ sốt phômai kèm cơm S,,75000.0,75000.0,11,1,1,5,3,https://media.be.com.vn/be-food/image/2a4a7c0f-f13d-11f0-a167-cadcd99bf8b0/resized_thumbnail_w1080_h1080,ga-mix-sot-kem-hanh-sot-phomai-kem-com-s,
126401,126401,"Happy Food - Đồ Ăn Hàn, Gà Rán Sốt & Cơm Bò HQ - Phùng Khắc Khoan",1674018,Gà rán mix sốt [HOT],11468065,Gà mix sốt phômai cay/sốt Hàn S,,75000.0,75000.0,11,0,0,5,4,https://media.be.com.vn/be-food/image/1f0aeefb-0f0e-11f1-b67e-9aaf2a798701/original,ga-mix-sot-phomai-cay-sot-han-s,
126401,126401,"Happy Food - Đồ Ăn Hàn, Gà Rán Sốt & Cơm Bò HQ - Phùng Khắc Khoan",1674018,Gà rán mix sốt [HOT],11468067,Gà mix sốt kem hành/sốt Hàn kèm cơm S,,75000.0,75000.0,10,0,0,5,5,https://media.be.com.vn/be-food/image/49cc65b2-0f0e-11f1-8695-ce3d3ce291c1/original,ga-mix-sot-kem-hanh-sot-han-kem-com-s,
126401,126401,"Happy Food - Đồ Ăn Hàn, Gà Rán Sốt & Cơm Bò HQ - Phùng Khắc Khoan",1674018,Gà rán mix sốt [HOT],12175053,Gà mix sốt phômai/ sốt Hàn/kem hành L [HOT],,160000.0,160000.0,1,0,0,5,6,https://media.be.com.vn/be-food/image/304df030-4ac9-11f1-a167-cadcd99bf8b0/resized_thumbnail_w1080_h1080,ga-mix-sot-phomai-sot-han-kem-hanh-l-hot,
126401,126401,"Happy Food - Đồ Ăn Hàn, Gà Rán Sốt & Cơm Bò HQ - Phùng Khắc Khoan",2024199,Gà sốt kem hành,10951733,Gà sốt kem hành size vừa tặng cơm S [HOT],,68000.0,68000.0,21,1,0,6,1,https://media.be.com.vn/be-food/image/40970d2a-e174-11f0-9063-66448d787802/resized_thumbnail_w1080_h1080,ga-sot-kem-hanh-size-vua-tang-com-s-hot,
126401,126401,"Happy Food - Đồ Ăn Hàn, Gà Rán Sốt & Cơm Bò HQ - Phùng Khắc Khoan",2024199,Gà sốt kem hành,10951736,Gà miếng sốt kem hành M,,99000.0,99000.0,2,0,0,6,2,https://media.be.com.vn/be-food/image/a3f6931a-e174-11f0-b84b-3a4f2a37a94e/resized_thumbnail_w1080_h1080,ga-mieng-sot-kem-hanh-m,
126401,126401,"Happy Food - Đồ Ăn Hàn, Gà Rán Sốt & Cơm Bò HQ - Phùng Khắc Khoan",2024199,Gà sốt kem hành,12173421,Gà rán sốt kem hành L,,150000.0,150000.0,0,0,0,6,3,https://media.be.com.vn/be-food/image/1a45c0ee-4ab9-11f1-b197-ce3d3ce291c1/resized_thumbnail_w1080_h1080,ga-ran-sot-kem-hanh-l,
126401,126401,"Happy Food - Đồ Ăn Hàn, Gà Rán Sốt & Cơm Bò HQ - Phùng Khắc Khoan",2024200,Gà sốt phô mai,11006373,Gà sốt phô mai M,,99000.0,99000.0,1,0,0,7,1,https://media.be.com.vn/be-food/image/ef675109-4ac4-11f1-b197-ce3d3ce291c1/resized_thumbnail_w1080_h1080,ga-sot-pho-mai-m,
126401,126401,"Happy Food - Đồ Ăn Hàn, Gà Rán Sốt & Cơm Bò HQ - Phùng Khắc Khoan",2024200,Gà sốt phô mai,11024205,Gà sốt phômai size vừa tặng cơm S,,68000.0,68000.0,5,0,0,7,2,https://media.be.com.vn/be-food/image/c56235bd-e40a-11f0-8b11-e6e7ca75c48c/resized_thumbnail_w1080_h1080,ga-sot-phomai-size-vua-tang-com-s,
126401,126401,"Happy Food - Đồ Ăn Hàn, Gà Rán Sốt & Cơm Bò HQ - Phùng Khắc Khoan",2024200,Gà sốt phô mai,12174753,Gà sốt phômai L,,150000.0,150000.0,0,0,0,7,3,https://media.be.com.vn/be-food/image/1a38f1ac-4ac5-11f1-a167-cadcd99bf8b0/resized_thumbnail_w1080_h1080,ga-sot-phomai-l,
126401,126401,"Happy Food - Đồ Ăn Hàn, Gà Rán Sốt & Cơm Bò HQ - Phùng Khắc Khoan",2024201,Gà lắc phô mai,10951737,Gà miếng lắc phô mai M,,99000.0,99000.0,1,0,0,8,1,https://media.be.com.vn/be-food/image/10718a76-4ac8-11f1-b197-ce3d3ce291c1/resized_thumbnail_w1080_h1080,ga-mieng-lac-pho-mai-m,
126401,126401,"Happy Food - Đồ Ăn Hàn, Gà Rán Sốt & Cơm Bò HQ - Phùng Khắc Khoan",2024201,Gà lắc phô mai,11006358,Gà lắc phô mai size vừa tặng cơm S,,68000.0,68000.0,11,0,0,8,2,https://media.be.com.vn/be-food/image/08319705-4ac8-11f1-a167-cadcd99bf8b0/resized_thumbnail_w1080_h1080,ga-lac-pho-mai-size-vua-tang-com-s,
126401,126401,"Happy Food - Đồ Ăn Hàn, Gà Rán Sốt & Cơm Bò HQ - Phùng Khắc Khoan",2024201,Gà lắc phô mai,12174973,Gà lắc phômai L,,150000.0,150000.0,0,0,0,8,4,https://media.be.com.vn/be-food/image/f8249ac6-4ac7-11f1-b67e-9aaf2a798701/resized_thumbnail_w1080_h1080,ga-lac-phomai-l,
126401,126401,"Happy Food - Đồ Ăn Hàn, Gà Rán Sốt & Cơm Bò HQ - Phùng Khắc Khoan",2024203,Gà tắm nc mắm,10951756,Gà tắm nc mắm size vừa tặng cơm S,,68000.0,68000.0,11,0,0,9,1,https://media.be.com.vn/be-food/image/ae603250-4ac6-11f1-b63c-1ec8367384f0/resized_thumbnail_w1080_h1080,ga-tam-nc-mam-size-vua-tang-com-s,
126401,126401,"Happy Food - Đồ Ăn Hàn, Gà Rán Sốt & Cơm Bò HQ - Phùng Khắc Khoan",2024203,Gà tắm nc mắm,11024385,Gà miếng tắm nc mắm M,,99000.0,99000.0,5,0,0,9,2,https://media.be.com.vn/be-food/image/a482e008-4ac6-11f1-b63c-1ec8367384f0/resized_thumbnail_w1080_h1080,ga-mieng-tam-nc-mam-m,
126401,126401,"Happy Food - Đồ Ăn Hàn, Gà Rán Sốt & Cơm Bò HQ - Phùng Khắc Khoan",2024203,Gà tắm nc mắm,12174869,Gà tắm nc mắm L,,150000.0,150000.0,0,0,0,9,3,https://media.be.com.vn/be-food/image/c5fd8826-4ac6-11f1-b67e-9aaf2a798701/resized_thumbnail_w1080_h1080,ga-tam-nc-mam-l,
126401,126401,"Happy Food - Đồ Ăn Hàn, Gà Rán Sốt & Cơm Bò HQ - Phùng Khắc Khoan",2024204,Gà sốt Hàn,10951735,Gà miếng sốt Hàn M,,99000.0,99000.0,2,0,0,10,1,https://media.be.com.vn/be-food/image/8cb226e9-4ac5-11f1-b197-ce3d3ce291c1/resized_thumbnail_w1080_h1080,ga-mieng-sot-han-m,
126401,126401,"Happy Food - Đồ Ăn Hàn, Gà Rán Sốt & Cơm Bò HQ - Phùng Khắc Khoan",2024204,Gà sốt Hàn,11006420,Gà sốt Hàn size vừa tặng cơm S,,68000.0,68000.0,7,1,0,10,2,https://media.be.com.vn/be-food/image/840fa433-4ac5-11f1-a167-cadcd99bf8b0/resized_thumbnail_w1080_h1080,ga-sot-han-size-vua-tang-com-s,
126401,126401,"Happy Food - Đồ Ăn Hàn, Gà Rán Sốt & Cơm Bò HQ - Phùng Khắc Khoan",2024204,Gà sốt Hàn,12174820,Gà sốt Hàn L,,150000.0,150000.0,0,0,0,10,3,https://media.be.com.vn/be-food/image/a1c538c3-4ac5-11f1-b63c-1ec8367384f0/resized_thumbnail_w1080_h1080,ga-sot-han-l,
126401,126401,"Happy Food - Đồ Ăn Hàn, Gà Rán Sốt & Cơm Bò HQ - Phùng Khắc Khoan",1674019,Menu,10951741,Mì trộn xúc xích trứg sốt phômai [HOT],"Gồm: mì,trứg,xúc xích thái,sốt phômai thơm béo ngậy",59000.0,59000.0,15,1,0,11,1,https://media.be.com.vn/be-food/image/86d83ecd-e40e-11f0-8b11-e6e7ca75c48c/resized_thumbnail_w1080_h1080,mi-tron-xuc-xich-trug-sot-phomai-hot,
126401,126401,"Happy Food - Đồ Ăn Hàn, Gà Rán Sốt & Cơm Bò HQ - Phùng Khắc Khoan",1674019,Menu,10951742,Tokbokki [HOT],"Gồm:Tok,cá viên,sốt Tok Hàn",55000.0,55000.0,3,0,0,11,2,https://media.be.com.vn/be-food/image/4cfe5cbc-e173-11f0-9063-66448d787802/resized_thumbnail_w1080_h1080,tokbokki-hot,
126401,126401,"Happy Food - Đồ Ăn Hàn, Gà Rán Sốt & Cơm Bò HQ - Phùng Khắc Khoan",1674019,Menu,10951743,Tok gà,"Gồm: chủ yếu là Tok,gà chiên,sốt tok Hàn,cá viên",59000.0,59000.0,9,0,0,11,3,https://media.be.com.vn/be-food/image/0ab566e4-e174-11f0-8021-922c9d42c616/resized_thumbnail_w1080_h1080,tok-ga,
126401,126401,"Happy Food - Đồ Ăn Hàn, Gà Rán Sốt & Cơm Bò HQ - Phùng Khắc Khoan",1674019,Menu,10951745,Mì tương đen,"Gồm: mì,sốt tương đen nhập Hàn,rau củ(Nên chọn thêm Topping hoặc ăn kèm gà chiên)",49000.0,49000.0,6,0,1,11,4,https://media.be.com.vn/be-food/image/b1be845a-f235-11f0-b63c-1ec8367384f0/resized_thumbnail_w1080_h1080,mi-tuong-den,
126401,126401,"Happy Food - Đồ Ăn Hàn, Gà Rán Sốt & Cơm Bò HQ - Phùng Khắc Khoan",1674019,Menu,11024245,Tokbokki sốt phômai [HOT],"Gồm: Tok,sốt Hàn,cá viên,phômai Mozzarella",55000.0,55000.0,5,0,0,11,7,https://media.be.com.vn/be-food/image/9253e880-318c-11f1-b63c-1ec8367384f0/resized_thumbnail_w1080_h1080,tokbokki-sot-phomai-hot,
126401,126401,"Happy Food - Đồ Ăn Hàn, Gà Rán Sốt & Cơm Bò HQ - Phùng Khắc Khoan",1674019,Menu,11070333,Mì tương đen trứng,"Gồm:mì,sốt tương đem nhập Hàn,trứng ốp,rau củ",59000.0,59000.0,14,0,0,11,8,https://media.be.com.vn/be-food/image/189ce461-e581-11f0-8b11-e6e7ca75c48c/resized_thumbnail_w1080_h1080,mi-tuong-den-trung,
126401,126401,"Happy Food - Đồ Ăn Hàn, Gà Rán Sốt & Cơm Bò HQ - Phùng Khắc Khoan",1674019,Menu,11112325,Cơm trộn bò chuẩn Hàn sốt phômai[HOT],"Gồm:cơm trộn sốt Hàn,ba chỉ bò Mỹ,rong biển hoặc kimchi,trứg ốp lòg đào khách ăn chín hẳn thì note cho shop nha,sốt phômai ăn siêu cuốn",69000.0,69000.0,13,1,0,11,9,https://media.be.com.vn/be-food/image/8d12a5fa-3694-11f1-b63c-1ec8367384f0/original,com-tron-bo-chuan-han-sot-phomai-hot,
126401,126401,"Happy Food - Đồ Ăn Hàn, Gà Rán Sốt & Cơm Bò HQ - Phùng Khắc Khoan",1674019,Menu,11112356,Mì trộn bò sốt Hàn,"Gồm:mì,thịt ba chỉ bò Mỹ,rau củ,sốt Hàn",69000.0,69000.0,4,1,0,11,10,https://media.be.com.vn/be-food/image/08e32ac0-eaf6-11f0-9063-66448d787802/resized_thumbnail_w1080_h1080,mi-tron-bo-sot-han,
126401,126401,"Happy Food - Đồ Ăn Hàn, Gà Rán Sốt & Cơm Bò HQ - Phùng Khắc Khoan",1674019,Menu,11268598,Cơm trộn Hàn xúc xích phômai,"Gồm:cơm trộn sốt Hàn,rong biển,trứng ốp,xúc xích",59000.0,59000.0,9,0,0,11,11,https://media.be.com.vn/be-food/image/69a9d31f-0c17-11f1-8695-ce3d3ce291c1/original,com-tron-han-xuc-xich-phomai,
126401,126401,"Happy Food - Đồ Ăn Hàn, Gà Rán Sốt & Cơm Bò HQ - Phùng Khắc Khoan",1674019,Menu,11268704,Mì phômai gà chiên[HOT],"Gồm:mì,gà chiên ròn rụm,sốt phômai béo ngậy",65000.0,65000.0,11,1,0,11,12,https://media.be.com.vn/be-food/image/0a5dae03-f85e-11f0-a167-cadcd99bf8b0/resized_thumbnail_w1080_h1080,mi-phomai-ga-chien-hot,
126401,126401,"Happy Food - Đồ Ăn Hàn, Gà Rán Sốt & Cơm Bò HQ - Phùng Khắc Khoan",1674021,Combo VUI VẺ,10951761,Combo2 vui vẻ 3 món tặng Matcha,Gà sốt mix S+ gà sốt mix S + tok,169000.0,169000.0,2,0,0,12,1,https://media.be.com.vn/be-food/image/4f5a0257-0ae9-11f1-b63c-1ec8367384f0/resized_thumbnail_w1080_h1080,combo2-vui-ve-3-mon-tang-matcha,
126401,126401,"Happy Food - Đồ Ăn Hàn, Gà Rán Sốt & Cơm Bò HQ - Phùng Khắc Khoan",1674021,Combo VUI VẺ,10951762,Combo1 vui vẻ 3 món tặng Matcha,Gà sốt mix S + gà sốt mix S+ mì cay phômai,169000.0,169000.0,3,0,0,12,2,https://media.be.com.vn/be-food/image/55a3b2ba-0ae9-11f1-b67e-9aaf2a798701/resized_thumbnail_w1080_h1080,combo1-vui-ve-3-mon-tang-matcha,
126401,126401,"Happy Food - Đồ Ăn Hàn, Gà Rán Sốt & Cơm Bò HQ - Phùng Khắc Khoan",2024571,Gà sốt phômai cay,12174891,Gà sốt phômai cay S tặng cơm,,68000.0,68000.0,0,0,0,13,1,https://media.be.com.vn/be-food/image/3088008d-4ac7-11f1-b197-ce3d3ce291c1/resized_thumbnail_w1080_h1080,ga-sot-phomai-cay-s-tang-com,
126401,126401,"Happy Food - Đồ Ăn Hàn, Gà Rán Sốt & Cơm Bò HQ - Phùng Khắc Khoan",2024571,Gà sốt phômai cay,12174900,Gà sốt phômai cay M,,99000.0,99000.0,0,0,0,13,2,https://media.be.com.vn/be-food/image/43ff00bb-4ac7-11f1-b63c-1ec8367384f0/resized_thumbnail_w1080_h1080,ga-sot-phomai-cay-m,
126401,126401,"Happy Food - Đồ Ăn Hàn, Gà Rán Sốt & Cơm Bò HQ - Phùng Khắc Khoan",2024571,Gà sốt phômai cay,12174909,Gà sốt phômai cay L,,150000.0,150000.0,0,0,0,13,3,https://media.be.com.vn/be-food/image/59be6a70-4ac7-11f1-b67e-9aaf2a798701/resized_thumbnail_w1080_h1080,ga-sot-phomai-cay-l,
36157,36157,Bánh Cuốn Nóng Linh Béo - Ngõ Tân Lập,363762,Menu,2453327,Bánh cuốn nhân thịt,,30000.0,30000.0,0,0,0,1,2,https://media.be.com.vn/be-food/image/5cf23aaf-4143-11ee-b2af-3ea2e1c5510b/resized_thumbnail_w1080_h1080,banh-cuon-nhan-thit,
36157,36157,Bánh Cuốn Nóng Linh Béo - Ngõ Tân Lập,363762,Menu,2453328,Bánh cuốn trứng,,20000.0,20000.0,0,0,0,1,3,https://media.be.com.vn/be-food/image/5ce7f727-4143-11ee-8146-82365e52a8ee/resized_thumbnail_w1080_h1080,banh-cuon-trung,
36157,36157,Bánh Cuốn Nóng Linh Béo - Ngõ Tân Lập,363762,Menu,2453329,Chả mỡ,,10000.0,10000.0,0,0,0,1,4,https://media.be.com.vn/be-food/image/5cbb5520-4143-11ee-8146-82365e52a8ee/resized_thumbnail_w1080_h1080,cha-mo,
36157,36157,Bánh Cuốn Nóng Linh Béo - Ngõ Tân Lập,363762,Menu,2453330,Bánh Cuốn Chay,,15000.0,15000.0,0,0,0,1,5,https://media.be.com.vn/be-food/image/5c9aed93-4143-11ee-8146-82365e52a8ee/resized_thumbnail_w1080_h1080,banh-cuon-chay,
36157,36157,Bánh Cuốn Nóng Linh Béo - Ngõ Tân Lập,363762,Menu,2453331,Bánh Cuốn Nhân Hành,,20000.0,20000.0,0,0,0,1,6,https://media.be.com.vn/be-food/image/5c89d15b-4143-11ee-8e31-f638ae20f033/resized_thumbnail_w1080_h1080,banh-cuon-nhan-hanh,
36157,36157,Bánh Cuốn Nóng Linh Béo - Ngõ Tân Lập,363762,Menu,2453332,Bánh cuốn trứng chả,,27000.0,27000.0,0,0,0,1,7,https://media.be.com.vn/be-food/image/5c627fd4-4143-11ee-8146-82365e52a8ee/resized_thumbnail_w1080_h1080,banh-cuon-trung-cha,
36157,36157,Bánh Cuốn Nóng Linh Béo - Ngõ Tân Lập,363762,Menu,2453333,Chả Mực,,20000.0,20000.0,0,0,0,1,8,https://media.be.com.vn/be-food/image/5c449eaf-4143-11ee-8146-82365e52a8ee/resized_thumbnail_w1080_h1080,cha-muc,
36157,36157,Bánh Cuốn Nóng Linh Béo - Ngõ Tân Lập,363762,Menu,2453334,Chả Cá,,10000.0,10000.0,0,0,0,1,9,https://media.be.com.vn/be-food/image/5c37347e-4143-11ee-bfaa-82e52b34e173/resized_thumbnail_w1080_h1080,cha-ca,
9929,9929,Gà Rán và Mỳ Ý Jollibee - Vincom Phạm Ngọc Thạch,1082553,MÓN MỚI,11741892,Mì Ý Sốt Cay vừa,1 Mì Ý Sốt Cay vừa,40000.0,40000.0,94,0,0,2,1,https://media.be.com.vn/bizops/image/fa04d1f5-8d2b-11f0-9063-66448d787802/resized_thumbnail_w1080_h1080,mi-y-sot-cay-vua,
9929,9929,Gà Rán và Mỳ Ý Jollibee - Vincom Phạm Ngọc Thạch,1082553,MÓN MỚI,11741893,Mì Ý Sốt Cay vừa + 1 Pepsi vừa,Mì Ý Sốt Cay vừa + 1 Pepsi vừa,45000.0,45000.0,13,0,0,2,2,https://media.be.com.vn/bizops/image/0663307d-8d2c-11f0-9063-66448d787802/resized_thumbnail_w1080_h1080,mi-y-sot-cay-vua-1-pepsi-vua,
9929,9929,Gà Rán và Mỳ Ý Jollibee - Vincom Phạm Ngọc Thạch,1082553,MÓN MỚI,11741894,Mì Ý Sốt Cay vừa + 1 Miếng Gà Giòn Vui Vẻ + 1 Pepsi vừa,1 Mì Ý sốt cay vừa + 1 miếng Gà Giòn Vui Vẻ + 1 Pepsi vừa + 1 Tương Chua Ngọt,78000.0,78000.0,224,0,1,2,3,https://media.be.com.vn/bizops/image/16a8a861-8d2c-11f0-9063-66448d787802/resized_thumbnail_w1080_h1080,mi-y-sot-cay-vua-1-mieng-ga-gion-vui-ve-1-pepsi-vua,
9929,9929,Gà Rán và Mỳ Ý Jollibee - Vincom Phạm Ngọc Thạch,39273,GÀ GIÒN,2640118,2 Miếng gà giòn vui vẻ + 1 Khoai tây chiên vừa + 1 Nước ngọt lớn,2 Miếng Gà Giòn Vui Vẻ + 1 Khoai tây chiên vừa + 1 Nước ngọt lớn + 2 Tương Chua Ngọt + 1 Tương Cà.,91000.0,91000.0,811,7,0,3,1,https://media.be.com.vn/bizops/image/796f9d1d-7a56-11ef-8d88-0695c6df6d37/resized_thumbnail_w1080_h1080,2-mieng-ga-gion-vui-ve-1-khoai-tay-chien-vua-1-nuoc-ngot-lon,
9929,9929,Gà Rán và Mỳ Ý Jollibee - Vincom Phạm Ngọc Thạch,39273,GÀ GIÒN,2640119,2 Miếng gà giòn vui vẻ + 1 Bánh xoài đào + 1 Nước ngọt lớn,2 Miếng Gà Giòn Vui Vẻ + 1 Bánh xoài đào + 1 Nước ngọt lớn + 2 Tương Chua Ngọt.,91000.0,91000.0,193,1,0,3,2,https://media.be.com.vn/bizops/image/d557c6b8-7af6-11ef-bd66-b239c83a8124/resized_thumbnail_w1080_h1080,2-mieng-ga-gion-vui-ve-1-banh-xoai-dao-1-nuoc-ngot-lon,
9929,9929,Gà Rán và Mỳ Ý Jollibee - Vincom Phạm Ngọc Thạch,39273,GÀ GIÒN,2640120,1 Miếng gà giòn vui vẻ + 1 Khoai tây chiên vừa + 1 Bánh xoài đào + 1 Nước ngọt lớn,1 Miếng Gà Giòn Vui Vẻ + 1 Khoai tây chiên vừa + 1 Bánh xoài đào + 1 Nước ngọt lớn + 1 Tương Chua Ngọt + 1 Tương Cà.,78000.0,78000.0,87,3,0,3,3,https://media.be.com.vn/bizops/image/00345e52-7af7-11ef-b510-32fa1af43075/resized_thumbnail_w1080_h1080,1-mieng-ga-gion-vui-ve-1-khoai-tay-chien-vua-1-banh-xoai-dao-1-nuoc-ngot-lon,
9929,9929,Gà Rán và Mỳ Ý Jollibee - Vincom Phạm Ngọc Thạch,39273,GÀ GIÒN,2640125,1 Miếng gà giòn vui vẻ + 1 Khoai tây chiên vừa + 1 Nước ngọt lớn,1 Miếng Gà Giòn Vui Vẻ + 1 Khoai tây chiên vừa + 1 Nước ngọt lớn + 1 Tương Chua Ngọt + 1 Tương Cà,58000.0,58000.0,289,1,0,3,4,https://media.be.com.vn/bizops/image/311198ab-7af7-11ef-b510-32fa1af43075/resized_thumbnail_w1080_h1080,1-mieng-ga-gion-vui-ve-1-khoai-tay-chien-vua-1-nuoc-ngot-lon,
9929,9929,Gà Rán và Mỳ Ý Jollibee - Vincom Phạm Ngọc Thạch,39273,GÀ GIÒN,2640126,1 Cơm gà giòn vui vẻ + 1 Súp bí đỏ + 1 Nước ngọt lớn,1 Cơm Gà Giòn Vui Vẻ + 1 Súp bí đỏ + 1 Nước ngọt lớn + 1 Tương Chua Ngọt.,63000.0,63000.0,750,3,1,3,5,https://media.be.com.vn/bizops/image/552e5ec9-7af7-11ef-8d88-0695c6df6d37/resized_thumbnail_w1080_h1080,1-com-ga-gion-vui-ve-1-sup-bi-do-1-nuoc-ngot-lon,
9929,9929,Gà Rán và Mỳ Ý Jollibee - Vincom Phạm Ngọc Thạch,39273,GÀ GIÒN,2640171,1 Miếng gà giòn vui vẻ,1 Miếng Gà Giòn Vui Vẻ + 1 Tương Chua Ngọt,33000.0,33000.0,4393,27,4,3,6,https://media.be.com.vn/bizops/image/70284d8e-c70d-11ed-9107-c6be6bda1b97/resized_thumbnail_w1080_h1080,1-mieng-ga-gion-vui-ve,
9929,9929,Gà Rán và Mỳ Ý Jollibee - Vincom Phạm Ngọc Thạch,39273,GÀ GIÒN,7225351,Cơm gà mắm tỏi,Chicken rice bowl,35000.0,35000.0,297,2,0,3,7,https://media.be.com.vn/bizops/image/673d8df5-6670-11ef-adb9-3e6ef01ea27f/resized_thumbnail_w1080_h1080,com-ga-mam-toi,
9929,9929,Gà Rán và Mỳ Ý Jollibee - Vincom Phạm Ngọc Thạch,39273,GÀ GIÒN,9612627,Combo cơm gà mắm tỏi,1 Cơm gà mắm tỏi + 1 Pepsi vừa,40000.0,40000.0,127,1,0,3,8,https://media.be.com.vn/bizops/image/64616e13-587e-11f0-8b11-e6e7ca75c48c/resized_thumbnail_w1080_h1080,combo-com-ga-mam-toi,
9929,9929,Gà Rán và Mỳ Ý Jollibee - Vincom Phạm Ngọc Thạch,39274,GÀ SỐT CAY,330421,2 Miếng gà sốt cay + 1 Khoai tây chiên vừa + 1 Nước ngọt lớn,2 Miếng gà sốt cay + 1 Khoai tây chiên vừa + 1 Nước ngọt lớn + 1 Tương Cà.,95000.0,95000.0,496,5,0,4,1,https://media.be.com.vn/bizops/image/662ac10d-7af8-11ef-81cc-d24fde1987a0/resized_thumbnail_w1080_h1080,2-mieng-ga-sot-cay-1-khoai-tay-chien-vua-1-nuoc-ngot-lon,
9929,9929,Gà Rán và Mỳ Ý Jollibee - Vincom Phạm Ngọc Thạch,39274,GÀ SỐT CAY,330424,1 Miếng gà sốt cay + 1 Khoai tây chiên vừa + 1 Bánh xoài đào + 1 Nước ngọt lớn,1 Miếng gà sốt cay + 1 Khoai tây chiên vừa + 1 Bánh xoài đào + 1 Nước ngọt lớn + 1 Tương Cà.,75000.0,75000.0,85,0,0,4,2,https://media.be.com.vn/bizops/image/b71df47e-7af8-11ef-b510-32fa1af43075/resized_thumbnail_w1080_h1080,1-mieng-ga-sot-cay-1-khoai-tay-chien-vua-1-banh-xoai-dao-1-nuoc-ngot-lon,
9929,9929,Gà Rán và Mỳ Ý Jollibee - Vincom Phạm Ngọc Thạch,39274,GÀ SỐT CAY,330494,1 Miếng gà sốt cay,1 Chili chicken,35000.0,35000.0,3928,25,1,4,3,https://media.be.com.vn/bizops/image/26aa0120-7af9-11ef-8d88-0695c6df6d37/resized_thumbnail_w1080_h1080,1-mieng-ga-sot-cay,
9929,9929,Gà Rán và Mỳ Ý Jollibee - Vincom Phạm Ngọc Thạch,39274,GÀ SỐT CAY,1967021,1 Miếng gà sốt cay + 1 Khoai tây chiên vừa + 1 Nước ngọt lớn.,1 Miếng gà sốt cay + 1 Khoai tây chiên vừa + 1 Nước ngọt lớn + 1 Tương Cà.,60000.0,60000.0,159,0,0,4,4,https://media.be.com.vn/bizops/image/f26ef025-7af8-11ef-8d88-0695c6df6d37/resized_thumbnail_w1080_h1080,1-mieng-ga-sot-cay-1-khoai-tay-chien-vua-1-nuoc-ngot-lon,
9929,9929,Gà Rán và Mỳ Ý Jollibee - Vincom Phạm Ngọc Thạch,39274,GÀ SỐT CAY,1967037,2 Miếng gà sốt cay + 1 Nước ngọt lớn.,2 Miếng gà sốt cay + 1 Nước ngọt lớn.,85000.0,85000.0,437,0,0,4,5,https://media.be.com.vn/bizops/image/d765c5d9-7af8-11ef-8d88-0695c6df6d37/resized_thumbnail_w1080_h1080,2-mieng-ga-sot-cay-1-nuoc-ngot-lon,
9929,9929,Gà Rán và Mỳ Ý Jollibee - Vincom Phạm Ngọc Thạch,39274,GÀ SỐT CAY,1967043,1 Cơm gà sốt cay + 1 Súp bí đỏ + 1 Nước ngọt lớn.,1 Chili chicken with rice + 1 Soup + 1 Large Softdrink,65000.0,65000.0,1472,4,1,4,6,https://media.be.com.vn/bizops/image/0a52231f-7af9-11ef-b510-32fa1af43075/resized_thumbnail_w1080_h1080,1-com-ga-sot-cay-1-sup-bi-do-1-nuoc-ngot-lon,
9929,9929,Gà Rán và Mỳ Ý Jollibee - Vincom Phạm Ngọc Thạch,39275,MỲ Ý,330532,1 Mỳ Ý Jolly vừa + 2 Miếng Gà Giòn Vui Vẻ không xương + 1 Khoai tây chiên vừa + 1 Nước ngọt lớn.,1 Mì Ý Jolly vừa + 2 Miếng Gà Giòn Vui Vẻ không xương + 1 Khoai tây chiên vừa + 1 Nước ngọt lớn + 1 Tương Chua Ngọt + 1 Tương Cà,80000.0,80000.0,431,0,1,5,1,https://media.be.com.vn/bizops/image/f126f103-7af9-11ef-8d88-0695c6df6d37/resized_thumbnail_w1080_h1080,1-my-y-jolly-vua-2-mieng-ga-gion-vui-ve-khong-xuong-1-khoai-tay-chien-vua-1-nuoc-ngot-lon,
9929,9929,Gà Rán và Mỳ Ý Jollibee - Vincom Phạm Ngọc Thạch,39275,MỲ Ý,330550,1 Mỳ Ý Jolly vừa + 2 Gà Giòn Vui Vẻ không xương + 1 Nước ngọt lớn.,1 Mì Ý Jolly vừa + 2 Gà Giòn Vui Vẻ không xương + 1 Nước ngọt lớn + 1 Tương Chua Ngọt,70000.0,70000.0,410,9,0,5,2,https://media.be.com.vn/bizops/image/39185bdc-7afa-11ef-81cc-d24fde1987a0/resized_thumbnail_w1080_h1080,1-my-y-jolly-vua-2-ga-gion-vui-ve-khong-xuong-1-nuoc-ngot-lon,
9929,9929,Gà Rán và Mỳ Ý Jollibee - Vincom Phạm Ngọc Thạch,39275,MỲ Ý,330555,1 Mỳ Ý Jolly vừa + 1 Khoai tây chiên vừa + 1 Nước ngọt lớn.,1 Mì Ý Jolly vừa + 1 Khoai tây chiên vừa + 1 Nước ngọt lớn + 1 Tương Cà,60000.0,60000.0,1006,10,0,5,3,https://media.be.com.vn/bizops/image/56ad5bf3-7afa-11ef-81cc-d24fde1987a0/resized_thumbnail_w1080_h1080,1-my-y-jolly-vua-1-khoai-tay-chien-vua-1-nuoc-ngot-lon,
9929,9929,Gà Rán và Mỳ Ý Jollibee - Vincom Phạm Ngọc Thạch,39275,MỲ Ý,2640173,1 Mỳ Ý Jolly vừa + 1 Miếng gà giòn vui vẻ + 1 Khoai tây chiên vừa + 1 Nước ngọt lớn.,1 Mì ý Jolly vừa + 1 Miếng Gà Giòn Vui Vẻ + 1 Khoai tây chiên vừa + 1 Nước ngọt lớn + 1 Tương Chua Ngọt + 1 Tương Cà,93000.0,93000.0,1494,13,1,5,4,https://media.be.com.vn/bizops/image/c1992cdc-7af9-11ef-81cc-d24fde1987a0/resized_thumbnail_w1080_h1080,1-my-y-jolly-vua-1-mieng-ga-gion-vui-ve-1-khoai-tay-chien-vua-1-nuoc-ngot-lon,
9929,9929,Gà Rán và Mỳ Ý Jollibee - Vincom Phạm Ngọc Thạch,39275,MỲ Ý,2640175,1 Mỳ Ý Jolly vừa + 1 Miếng gà giòn vui vẻ + 1 Nước ngọt lớn.,1 Mì ý Jolly vừa + 1 Miếng Gà Giòn Vui Vẻ + 1 Nước ngọt lớn + 1 Tương Chua Ngọt,78000.0,78000.0,4339,28,0,5,5,https://media.be.com.vn/bizops/image/460d4b10-540c-11f1-8db8-3e6660809d72/resized_thumbnail_w1080_h1080,1-my-y-jolly-vua-1-mieng-ga-gion-vui-ve-1-nuoc-ngot-lon,
9929,9929,Gà Rán và Mỳ Ý Jollibee - Vincom Phạm Ngọc Thạch,773863,BURGER & HOTDOG,330564,1 Sandwich Gà + 1 Khoai tây lắc vị thịt nướng BBQ vừa + 1 Nước ngọt lớn,1 Sandwich Gà + 1 Khoai tây lắc vị thịt nướng BBQ vừa + 1 Nước ngọt lớn (1 Chickenjoy sandwich + 1 Reg BBQ Fries + 1 Large Softdrink).,55000.0,55000.0,434,7,0,6,1,https://media.be.com.vn/bizops/image/a7f42263-7a62-11ef-8d88-0695c6df6d37/resized_thumbnail_w1080_h1080,1-sandwich-ga-1-khoai-tay-lac-vi-thit-nuong-bbq-vua-1-nuoc-ngot-lon,
9929,9929,Gà Rán và Mỳ Ý Jollibee - Vincom Phạm Ngọc Thạch,773863,BURGER & HOTDOG,5254022,Burger Tôm,1 Burger tôm (1 Shrimp Burger).,40000.0,40000.0,643,3,0,6,4,https://media.be.com.vn/bizops/image/7efc6454-7a60-11ef-b510-32fa1af43075/resized_thumbnail_w1080_h1080,burger-tom,
9929,9929,Gà Rán và Mỳ Ý Jollibee - Vincom Phạm Ngọc Thạch,773863,BURGER & HOTDOG,5254023,Combo Burger Tôm 1,Mời bạn 1 Burger Tôm + 1 Pepsi vừa (1 Shrimp Burger + 1 Reg Pepsi) nhé,45000.0,45000.0,93,0,0,6,5,https://media.be.com.vn/bizops/image/17221d7d-7a62-11ef-81cc-d24fde1987a0/original,combo-burger-tom-1,
9929,9929,Gà Rán và Mỳ Ý Jollibee - Vincom Phạm Ngọc Thạch,773863,BURGER & HOTDOG,5254024,Combo Burger Tôm 2,1 Burger Tôm + 1 Khoai Tây Chiên vừa + 1 Pepsi vừa + 1 Tương Cà,60000.0,60000.0,46,0,0,6,6,https://media.be.com.vn/bizops/image/5a77b980-7a62-11ef-8d88-0695c6df6d37/original,combo-burger-tom-2,
73467,73467,Mieso Food - Gà Rán & Gà Ủ Muối - Chợ Khâm Thiên,866513,Gà Ri Tươi Ngon.,5874837,Gà ủ muối 1/2 con,free sốt chấm . gà ủ muối 1/2 con siêu to mà giá cả lại hợp lý quá nhanh tay mua ngay kẻo hết hàng mọi người ơi,79000.0,79000.0,1613,17,1,1,1,https://media.be.com.vn/be-food/image/69404f33-db77-11ee-a8a2-dec4d2deb43e/resized_thumbnail_w1080_h1080,ga-u-muoi-1-2-con,
73467,73467,Mieso Food - Gà Rán & Gà Ủ Muối - Chợ Khâm Thiên,866513,Gà Ri Tươi Ngon.,5874838,Gà Hun Khói 1/2 Con,free sốt chấm . 1/2 con gà hun khói size to một người ăn siêu đã tặng thêm sốt chấm độc quyền chấm là mê quên lối về,79000.0,79000.0,254,4,1,1,2,https://media.be.com.vn/be-food/image/757713bc-db78-11ee-950f-6a8ca9ff4d91/resized_thumbnail_w1080_h1080,ga-hun-khoi-1-2-con,
73467,73467,Mieso Food - Gà Rán & Gà Ủ Muối - Chợ Khâm Thiên,866513,Gà Ri Tươi Ngon.,5874840,Gà Ủ Xì Dầu 1/2 con,1/2 con gà ủ xì dầu vị mới nhà miesofood thơm ngon . vừa ngon vừa rẻ vừa to ai chịu cho nổi,88000.0,88000.0,123,1,0,1,3,https://media.be.com.vn/be-food/image/0d3d13a6-db79-11ee-ad8b-e6a40e97f1b0/original,ga-u-xi-dau-1-2-con,
73467,73467,Mieso Food - Gà Rán & Gà Ủ Muối - Chợ Khâm Thiên,866513,Gà Ri Tươi Ngon.,5874841,Gà Hấp Lá Chanh 1/2 con,gà ta hấp lá chanh thơm ngon nóng hổi thêm tí lá chanh rắc lên thì quá thơm nfon luôn rồi,79000.0,79000.0,505,11,1,1,4,https://media.be.com.vn/be-food/image/5d37f110-db79-11ee-950f-6a8ca9ff4d91/original,ga-hap-la-chanh-1-2-con,
73467,73467,Mieso Food - Gà Rán & Gà Ủ Muối - Chợ Khâm Thiên,866513,Gà Ri Tươi Ngon.,5874843,Gà Ủ Muối - ( 1 con ),1 con gà ủ muối thơm ngon siêu to phải 3 người ăn mới có thể hết được. đã thế còn được rặng kèm sốt chấm thì cuốn thôi rồi,159000.0,159000.0,447,6,2,1,5,https://media.be.com.vn/be-food/image/eaf2b636-db79-11ee-950f-6a8ca9ff4d91/original,ga-u-muoi-1-con,
73467,73467,Mieso Food - Gà Rán & Gà Ủ Muối - Chợ Khâm Thiên,866513,Gà Ri Tươi Ngon.,5874844,Gà Hun Khói - ( 1 con ),1 con gà hun khói siêu to hương vị của khói thấm vào thớ thịt ăn ngon lắm nha,159000.0,159000.0,33,0,0,1,6,https://media.be.com.vn/be-food/image/1548adbb-db7a-11ee-ad8b-e6a40e97f1b0/original,ga-hun-khoi-1-con,
73467,73467,Mieso Food - Gà Rán & Gà Ủ Muối - Chợ Khâm Thiên,866513,Gà Ri Tươi Ngon.,5874846,Gà Ủ Xì Dầu - ( 1 con ),vị xì dầu thấm vào thớ thịt ai ăn cũng mê đặc việt còn được tặng kèm sốt chấm thần thánh nữa nha,175000.0,175000.0,21,0,0,1,7,https://media.be.com.vn/be-food/image/8dcf1fec-db7a-11ee-ad8b-e6a40e97f1b0/resized_thumbnail_w1080_h1080,ga-u-xi-dau-1-con,
73467,73467,Mieso Food - Gà Rán & Gà Ủ Muối - Chợ Khâm Thiên,866513,Gà Ri Tươi Ngon.,5874847,Gà Hấp Lá Chanh - ( 1 con ),1 con gà hấp lá chanh thơm ngon nóng hổi thêm tí muối tiêu chấm sánh quyên ngon phải bàn,159000.0,159000.0,116,0,1,1,8,https://media.be.com.vn/be-food/image/b74a289b-db7a-11ee-ad8b-e6a40e97f1b0/original,ga-hap-la-chanh-1-con,
73467,73467,Mieso Food - Gà Rán & Gà Ủ Muối - Chợ Khâm Thiên,866513,Gà Ri Tươi Ngon.,9555042,Gà Ủ Muối 1/2 Con (Mát) + Coca chai,,120000.0,120000.0,29,0,0,1,9,https://media.be.com.vn/be-food/image/1a026d73-52a1-11f0-9063-66448d787802/original,ga-u-muoi-1-2-con-mat-coca-chai,
73467,73467,Mieso Food - Gà Rán & Gà Ủ Muối - Chợ Khâm Thiên,866514,GÀ RÁN GIÒN RỤM.,5874855,Bánh Gà Thường - 5 chiếc,5 chiếc bánh gà nhân thịt kết hợp mộc nhĩ thơm ăn béo ngậy,45000.0,45000.0,145,5,3,2,2,https://media.be.com.vn/be-food/image/942a3ac1-db7c-11ee-aa97-76aaf5a08884/resized_thumbnail_w1080_h1080,banh-ga-thuong-5-chiec,
73467,73467,Mieso Food - Gà Rán & Gà Ủ Muối - Chợ Khâm Thiên,866514,GÀ RÁN GIÒN RỤM.,5874856,Bánh Gà Nhân Phô Mai - 5 chiếc,5 chiếc bánh gà nhân phô mai kéo sợi thơm ngon,55000.0,55000.0,60,1,0,2,3,https://media.be.com.vn/be-food/image/ad6ea661-db7c-11ee-aa97-76aaf5a08884/resized_thumbnail_w1080_h1080,banh-ga-nhan-pho-mai-5-chiec,
73467,73467,Mieso Food - Gà Rán & Gà Ủ Muối - Chợ Khâm Thiên,866514,GÀ RÁN GIÒN RỤM.,5874860,Bánh Gạo Lắc Phô Mai,200gr bánh gạp chiên giòn thơm ngon và được rắc phô mai siêu béo ngậy ngọt thơm,40000.0,40000.0,73,1,1,2,7,https://media.be.com.vn/be-food/image/430b3e00-db7d-11ee-a8a2-dec4d2deb43e/resized_thumbnail_w1080_h1080,banh-gao-lac-pho-mai,
73467,73467,Mieso Food - Gà Rán & Gà Ủ Muối - Chợ Khâm Thiên,866515,MÓN MỚI MIESOFOOD.,5874863,Gà Nướng Lu 1/2 con,1/2 con gà nướng lu thơm ngon được tẩm ướp gia vị truyền thống thấm trong từng thớ thịt,95000.0,95000.0,98,2,2,3,1,https://media.be.com.vn/be-food/image/d07e0c0f-db7d-11ee-a8a2-dec4d2deb43e/resized_thumbnail_w1080_h1080,ga-nuong-lu-1-2-con,
73467,73467,Mieso Food - Gà Rán & Gà Ủ Muối - Chợ Khâm Thiên,866515,MÓN MỚI MIESOFOOD.,5874864,Gà Ủ Xì Dầu 1/2 con,thơm ngon đặc trưng vị xì dầu đem lại cho người ăn hương vị đậm đà thơm ngon,88000.0,88000.0,22,0,0,3,2,https://media.be.com.vn/be-food/image/f49ac679-db7d-11ee-a8a2-dec4d2deb43e/original,ga-u-xi-dau-1-2-con,
73467,73467,Mieso Food - Gà Rán & Gà Ủ Muối - Chợ Khâm Thiên,866515,MÓN MỚI MIESOFOOD.,5874867,Gà Nướng Lu - 1 con,1 con gà nướng lu thơm ngon được mua với giá siêu hời,189000.0,189000.0,46,0,0,3,3,https://media.be.com.vn/be-food/image/80cd1ee9-db7e-11ee-950f-6a8ca9ff4d91/original,ga-nuong-lu-1-con,
73467,73467,Mieso Food - Gà Rán & Gà Ủ Muối - Chợ Khâm Thiên,866515,MÓN MỚI MIESOFOOD.,5874868,Gà Ủ Xì Dầu - 1 con,1 con gà ủ xì dầu thơm ngon,175000.0,175000.0,3,0,0,3,4,https://media.be.com.vn/be-food/image/972cff2e-db7e-11ee-950f-6a8ca9ff4d91/resized_thumbnail_w1080_h1080,ga-u-xi-dau-1-con,
73467,73467,Mieso Food - Gà Rán & Gà Ủ Muối - Chợ Khâm Thiên,866515,MÓN MỚI MIESOFOOD.,9268161,1/2 Gà Ủ Muối + Xôi Chà Bông Hành Phi,,130000.0,130000.0,11,1,0,3,5,https://media.be.com.vn/be-food/image/b8782237-2416-11f0-bd66-b239c83a8124/resized_thumbnail_w1080_h1080,1-2-ga-u-muoi-xoi-cha-bong-hanh-phi,
73467,73467,Mieso Food - Gà Rán & Gà Ủ Muối - Chợ Khâm Thiên,866515,MÓN MỚI MIESOFOOD.,9449664,Gà Ủ Muối 1/2 Con + Coca chai,,120000.0,120000.0,28,1,1,3,6,https://media.be.com.vn/be-food/image/e5244339-45e3-11f0-8356-9e87fffa4faa/original,ga-u-muoi-1-2-con-coca-chai,
73467,73467,Mieso Food - Gà Rán & Gà Ủ Muối - Chợ Khâm Thiên,866515,MÓN MỚI MIESOFOOD.,9837070,Gà Ủ Muối 1/2 Con (Ăn Mát) + Sốt Chấm,"Gà ủ gia vị thơm ngon, da giòn.",75000.0,150000.0,194,3,0,3,7,https://media.be.com.vn/be-food/image/a9957c55-7153-11f0-8b11-e6e7ca75c48c/original,ga-u-muoi-1-2-con-an-mat-sot-cham,
73467,73467,Mieso Food - Gà Rán & Gà Ủ Muối - Chợ Khâm Thiên,866517,CHÂN GÀ TƯƠI NGON.,5874878,chân Gà Rút Xương Sả Tắc 5-6 chiếc,chân gà size to được chọn lọc từ những con gà khoẻ mạnh siêu to,63000.0,63000.0,223,4,1,5,1,https://media.be.com.vn/be-food/image/f1edb2de-db80-11ee-ad8b-e6a40e97f1b0/resized_thumbnail_w1080_h1080,chan-ga-rut-xuong-sa-tac-5-6-chiec,
73467,73467,Mieso Food - Gà Rán & Gà Ủ Muối - Chợ Khâm Thiên,866517,CHÂN GÀ TƯƠI NGON.,5874880,Chân Gà Ruta Xương sả tắc 10-12 chân,siêu nhiều siêu thơm ngon,116000.0,116000.0,56,0,2,5,2,https://media.be.com.vn/be-food/image/3f0b97ba-db81-11ee-a8a2-dec4d2deb43e/resized_thumbnail_w1080_h1080,chan-ga-ruta-xuong-sa-tac-10-12-chan,
73467,73467,Mieso Food - Gà Rán & Gà Ủ Muối - Chợ Khâm Thiên,866517,CHÂN GÀ TƯƠI NGON.,9268155,Gà ủ muối nửa con,,148000.0,148000.0,80,0,0,5,3,https://media.be.com.vn/be-food/image/fb6d1093-2439-11f0-bd66-b239c83a8124/original,ga-u-muoi-nua-con,
73467,73467,Mieso Food - Gà Rán & Gà Ủ Muối - Chợ Khâm Thiên,866517,CHÂN GÀ TƯƠI NGON.,11985986,Chân Gà Ủ Muối Rút Xương 250gram,"từ 8 đến 10 chân Rút xương ủ muối thơm, giòn",79000.0,79000.0,3,0,0,5,4,https://media.be.com.vn/be-food/image/9b2c3cfd-1b67-11f0-81cc-d24fde1987a0/resized_thumbnail_w1080_h1080,chan-ga-u-muoi-rut-xuong-250gram,
73467,73467,Mieso Food - Gà Rán & Gà Ủ Muối - Chợ Khâm Thiên,866518,MÓN ĂN VẶT.,5874882,Xúc Xích Chiên - 5 chiếc,xúc xích đức thơm ngon,59500.0,59500.0,24,1,0,6,1,https://media.be.com.vn/be-food/image/7d96db14-db81-11ee-aa97-76aaf5a08884/resized_thumbnail_w1080_h1080,xuc-xich-chien-5-chiec,
73467,73467,Mieso Food - Gà Rán & Gà Ủ Muối - Chợ Khâm Thiên,866518,MÓN ĂN VẶT.,5874883,Xúc Xích Chiên 10 chiếc,mua nhiều giảm giá,115000.0,115000.0,3,0,0,6,2,https://media.be.com.vn/be-food/image/9f0e5256-db81-11ee-950f-6a8ca9ff4d91/resized_thumbnail_w1080_h1080,xuc-xich-chien-10-chiec,
73467,73467,Mieso Food - Gà Rán & Gà Ủ Muối - Chợ Khâm Thiên,866518,MÓN ĂN VẶT.,5874885,Nem Chua Rán - 10 chiếc,,92000.0,92000.0,15,0,2,6,4,https://media.be.com.vn/be-food/image/cc8e726e-db81-11ee-ad8b-e6a40e97f1b0/resized_thumbnail_w1080_h1080,nem-chua-ran-10-chiec,
73467,73467,Mieso Food - Gà Rán & Gà Ủ Muối - Chợ Khâm Thiên,866518,MÓN ĂN VẶT.,5874887,phô mai que - 10 chiếc,,92000.0,92000.0,4,0,0,6,6,https://media.be.com.vn/be-food/image/ea763c06-db81-11ee-ad8b-e6a40e97f1b0/resized_thumbnail_w1080_h1080,pho-mai-que-10-chiec,
73467,73467,Mieso Food - Gà Rán & Gà Ủ Muối - Chợ Khâm Thiên,866518,MÓN ĂN VẶT.,5874890,bánh gạo lắc phô mai,200gr,39000.0,39000.0,25,0,0,6,9,https://media.be.com.vn/be-food/image/266738b6-db82-11ee-ad8b-e6a40e97f1b0/resized_thumbnail_w1080_h1080,banh-gao-lac-pho-mai,
73467,73467,Mieso Food - Gà Rán & Gà Ủ Muối - Chợ Khâm Thiên,866518,MÓN ĂN VẶT.,5874893,Dồi Sụn - 5 chiếc,,58000.0,58000.0,39,0,0,6,10,https://media.be.com.vn/be-food/image/54a5d277-db82-11ee-a8a2-dec4d2deb43e/resized_thumbnail_w1080_h1080,doi-sun-5-chiec,
73467,73467,Mieso Food - Gà Rán & Gà Ủ Muối - Chợ Khâm Thiên,866518,MÓN ĂN VẶT.,5874894,Dồi Sụn - 10 chiếc,,109000.0,109000.0,2,0,0,6,11,https://media.be.com.vn/be-food/image/625646c7-db82-11ee-a8a2-dec4d2deb43e/resized_thumbnail_w1080_h1080,doi-sun-10-chiec,
31750,31750,Bếp Bé Bếu - Cơm & Bánh Mì Nướng Trung Hoa - Đặng Văn Ngữ,988846,CƠM,6623572,Cơm Chân Giò Hầm Sốt Tiêu Đen,,65000.0,65000.0,1135,9,1,2,1,https://media.be.com.vn/be-food/image/31a8e504-2df7-11ef-bbf6-aee397ad57df/resized_thumbnail_w1080_h1080,com-chan-gio-ham-sot-tieu-den,
31750,31750,Bếp Bé Bếu - Cơm & Bánh Mì Nướng Trung Hoa - Đặng Văn Ngữ,988846,CƠM,6623931,Cơm Sườn Cốt Lết Nướng Sốt Cay Ngọt,,65000.0,65000.0,750,4,0,2,2,https://media.be.com.vn/be-food/image/a1fcb616-5a40-11ef-ba6d-1220605d9522/resized_thumbnail_w1080_h1080,com-suon-cot-let-nuong-sot-cay-ngot,
31750,31750,Bếp Bé Bếu - Cơm & Bánh Mì Nướng Trung Hoa - Đặng Văn Ngữ,988846,CƠM,6623932,Mix Cơm Sườn Cốt Lết + Trứng Ốp La Sốt Cay Ngọt,,73000.0,73000.0,168,1,0,2,3,https://media.be.com.vn/be-food/image/9406948a-5a40-11ef-ba6d-1220605d9522/resized_thumbnail_w1080_h1080,mix-com-suon-cot-let-trung-op-la-sot-cay-ngot,
31750,31750,Bếp Bé Bếu - Cơm & Bánh Mì Nướng Trung Hoa - Đặng Văn Ngữ,988846,CƠM,6627163,Cơm Thịt Nướng Sốt BBQ,,60000.0,60000.0,2364,25,3,2,4,https://media.be.com.vn/be-food/image/d438eb02-2e32-11ef-9c7d-4a25ba94d9f3/resized_thumbnail_w1080_h1080,com-thit-nuong-sot-bbq,
31750,31750,Bếp Bé Bếu - Cơm & Bánh Mì Nướng Trung Hoa - Đặng Văn Ngữ,988846,CƠM,6627164,Cơm Gà Chiên Sốt Cay Ngọt,,65000.0,65000.0,361,0,1,2,5,https://media.be.com.vn/be-food/image/3b57e8e5-2e33-11ef-b411-9e337230779d/resized_thumbnail_w1080_h1080,com-ga-chien-sot-cay-ngot,
31750,31750,Bếp Bé Bếu - Cơm & Bánh Mì Nướng Trung Hoa - Đặng Văn Ngữ,988846,CƠM,6627165,Cơm Đậu Hũ Sốt Thịt Bằm,,60000.0,60000.0,1291,11,1,2,6,https://media.be.com.vn/be-food/image/4e8ff129-2e33-11ef-bbf6-aee397ad57df/resized_thumbnail_w1080_h1080,com-dau-hu-sot-thit-bam,
31750,31750,Bếp Bé Bếu - Cơm & Bánh Mì Nướng Trung Hoa - Đặng Văn Ngữ,988846,CƠM,6627168,Cơm Bò Hầm Sốt Tiêu Đen,,70000.0,70000.0,312,5,0,2,7,https://media.be.com.vn/be-food/image/0671dda6-2e35-11ef-bbf6-aee397ad57df/resized_thumbnail_w1080_h1080,com-bo-ham-sot-tieu-den,
31750,31750,Bếp Bé Bếu - Cơm & Bánh Mì Nướng Trung Hoa - Đặng Văn Ngữ,988846,CƠM,7779584,Cơm Gà Viên Chiên Sốt Tự Chọn,,72000.0,72000.0,105,2,0,2,8,https://media.be.com.vn/be-food/image/a3e534c5-a511-11ef-bd66-b239c83a8124/resized_thumbnail_w1080_h1080,com-ga-vien-chien-sot-tu-chon,
31750,31750,Bếp Bé Bếu - Cơm & Bánh Mì Nướng Trung Hoa - Đặng Văn Ngữ,988846,CƠM,7897367,Cơm Đậu Hũ Sốt Thịt,,90000.0,90000.0,344,1,0,2,9,https://media.be.com.vn/be-food/image/b5a15d67-ad5a-11ef-81cc-d24fde1987a0/resized_thumbnail_w1080_h1080,com-dau-hu-sot-thit,
109048,109048,"Bếp Chử - Gỏi Cuốn, Bún Trộn & Nem Nướng Nha Trang - Nguyễn An Ninh",1326851,❤️GỎI CUỐN HEALTHY❤️,9055683,SÉT 2 GỎI CUỐN TÔM TO,TẤT CÁC MÓN ĂN ĐỀU NHƯ ẢNH ❤️,44999.0,44999.0,59,2,0,1,1,https://media.be.com.vn/be-food/image/a63c6e7c-5522-11f1-ad42-166496a6b8bb/resized_thumbnail_w1080_h1080,set-2-goi-cuon-tom-to,
109048,109048,"Bếp Chử - Gỏi Cuốn, Bún Trộn & Nem Nướng Nha Trang - Nguyễn An Ninh",1326851,❤️GỎI CUỐN HEALTHY❤️,9055682,SET 2 GỎI CUỐN BẮP GIÒ HEO,TẤT CÁC MÓN ĂN ĐỀU NHƯ ẢNH ❤️,44999.0,44999.0,33,1,0,1,2,https://media.be.com.vn/be-food/image/9ec465f4-5522-11f1-8d18-dadbc64f7918/resized_thumbnail_w1080_h1080,set-2-goi-cuon-bap-gio-heo,
109048,109048,"Bếp Chử - Gỏi Cuốn, Bún Trộn & Nem Nướng Nha Trang - Nguyễn An Ninh",1326851,❤️GỎI CUỐN HEALTHY❤️,9055688,SÉT 2 GỎI CUỐN TÔM THỊT,TẤT CÁC MÓN ĂN ĐỀU NHƯ ẢNH ❤️,44999.0,44999.0,48,0,0,1,3,https://media.be.com.vn/be-food/image/959b4ad6-5522-11f1-ad42-166496a6b8bb/resized_thumbnail_w1080_h1080,set-2-goi-cuon-tom-thit,
109048,109048,"Bếp Chử - Gỏi Cuốn, Bún Trộn & Nem Nướng Nha Trang - Nguyễn An Ninh",1326851,❤️GỎI CUỐN HEALTHY❤️,9055691,SÉT 2 GỎI CUỐN BÒ XÀO MỀM,TẤT CÁC MÓN ĂN ĐỀU NHƯ ẢNH ❤️,44999.0,44999.0,39,1,0,1,4,https://media.be.com.vn/be-food/image/8c8d260a-5522-11f1-8d18-dadbc64f7918/resized_thumbnail_w1080_h1080,set-2-goi-cuon-bo-xao-mem,
109048,109048,"Bếp Chử - Gỏi Cuốn, Bún Trộn & Nem Nướng Nha Trang - Nguyễn An Ninh",1326851,❤️GỎI CUỐN HEALTHY❤️,9055693,SÉT 2 GỎI CUỐN NEM NƯỚNG NHA TRANG,TẤT CÁC MÓN ĂN ĐỀU NHƯ ẢNH ❤️,44999.0,44999.0,16,0,0,1,5,https://media.be.com.vn/be-food/image/8408a20f-5522-11f1-8d18-dadbc64f7918/resized_thumbnail_w1080_h1080,set-2-goi-cuon-nem-nuong-nha-trang,
109048,109048,"Bếp Chử - Gỏi Cuốn, Bún Trộn & Nem Nướng Nha Trang - Nguyễn An Ninh",1326851,❤️GỎI CUỐN HEALTHY❤️,9057469,SÉT 5 GỎI CUỐN TÔ TO,TẤT CÁC MÓN ĂN ĐỀU NHƯ ẢNH ❤️,119000.0,119000.0,10,0,0,1,6,https://media.be.com.vn/be-food/image/775b3e3c-5522-11f1-8d18-dadbc64f7918/resized_thumbnail_w1080_h1080,set-5-goi-cuon-to-to,
109048,109048,"Bếp Chử - Gỏi Cuốn, Bún Trộn & Nem Nướng Nha Trang - Nguyễn An Ninh",1326851,❤️GỎI CUỐN HEALTHY❤️,9057470,SÉT 5 GỎI CUỐN BẮP GIÒ HEO RÚT XƯƠNG,TẤT CÁC MÓN ĂN ĐỀU NHƯ ẢNH ❤️,119000.0,119000.0,5,0,0,1,7,https://media.be.com.vn/be-food/image/6e04f0d5-5522-11f1-8d18-dadbc64f7918/resized_thumbnail_w1080_h1080,set-5-goi-cuon-bap-gio-heo-rut-xuong,
109048,109048,"Bếp Chử - Gỏi Cuốn, Bún Trộn & Nem Nướng Nha Trang - Nguyễn An Ninh",1326851,❤️GỎI CUỐN HEALTHY❤️,9057471,SÉT 5 GỎI CUỐN TÔM THỊT,TẤT CÁC MÓN ĂN ĐỀU NHƯ ẢNH ❤️,119000.0,119000.0,19,0,0,1,8,https://media.be.com.vn/be-food/image/2ffa2974-5522-11f1-8683-3a351028b633/resized_thumbnail_w1080_h1080,set-5-goi-cuon-tom-thit,
109048,109048,"Bếp Chử - Gỏi Cuốn, Bún Trộn & Nem Nướng Nha Trang - Nguyễn An Ninh",1326851,❤️GỎI CUỐN HEALTHY❤️,9057472,SÉT 5 GỎI CUỐN BÒ XÀO MỀM MỌNG,TẤT CÁC MÓN ĂN ĐỀU NHƯ ẢNH ❤️,119000.0,119000.0,10,0,0,1,9,https://media.be.com.vn/be-food/image/25e504c0-5522-11f1-ad42-166496a6b8bb/resized_thumbnail_w1080_h1080,set-5-goi-cuon-bo-xao-mem-mong,
109048,109048,"Bếp Chử - Gỏi Cuốn, Bún Trộn & Nem Nướng Nha Trang - Nguyễn An Ninh",1326851,❤️GỎI CUỐN HEALTHY❤️,9057474,SÉT 5 GỎI CUỐN NEM NƯỚNG NHA TRANG,TẤT CÁC MÓN ĂN ĐỀU NHƯ ẢNH ❤️,119000.0,119000.0,6,0,0,1,10,https://media.be.com.vn/be-food/image/1cd9c745-5522-11f1-8683-3a351028b633/resized_thumbnail_w1080_h1080,set-5-goi-cuon-nem-nuong-nha-trang,
109048,109048,"Bếp Chử - Gỏi Cuốn, Bún Trộn & Nem Nướng Nha Trang - Nguyễn An Ninh",1327073,❤️BÚN TRỘN NAM BỘ❤️,9057492,BÚN TRỘN THỊT NƯỚNG THƠM LỪNG,TẤT CÁC MÓN ĂN ĐỀU NHƯ ẢNH ❤️,59999.0,59999.0,13,1,0,4,1,https://media.be.com.vn/be-food/image/e12d9192-e96b-11f0-b84b-3a4f2a37a94e/resized_thumbnail_w1080_h1080,bun-tron-thit-nuong-thom-lung,
109048,109048,"Bếp Chử - Gỏi Cuốn, Bún Trộn & Nem Nướng Nha Trang - Nguyễn An Ninh",1327073,❤️BÚN TRỘN NAM BỘ❤️,9057500,BÚN TRỘN NEM NHA TRANG,TẤT CÁC MÓN ĂN ĐỀU NHƯ ẢNH ❤️,59999.0,59999.0,1,0,0,4,2,https://media.be.com.vn/be-food/image/d447102d-e96b-11f0-9063-66448d787802/resized_thumbnail_w1080_h1080,bun-tron-nem-nha-trang,
109048,109048,"Bếp Chử - Gỏi Cuốn, Bún Trộn & Nem Nướng Nha Trang - Nguyễn An Ninh",1327073,❤️BÚN TRỘN NAM BỘ❤️,9057501,BÚN TRỘN BÒ XÀO MỀM MỌNG,TẤT CÁC MÓN ĂN ĐỀU NHƯ ẢNH ❤️,59999.0,59999.0,3,0,0,4,3,https://media.be.com.vn/be-food/image/dacf3a26-e96b-11f0-9063-66448d787802/resized_thumbnail_w1080_h1080,bun-tron-bo-xao-mem-mong,
109048,109048,"Bếp Chử - Gỏi Cuốn, Bún Trộn & Nem Nướng Nha Trang - Nguyễn An Ninh",1327073,❤️BÚN TRỘN NAM BỘ❤️,9057502,BÚN TRỘN THỊT XÁ XÍU NGON XỈU,TẤT CÁC MÓN ĂN ĐỀU NHƯ ẢNH ❤️,59999.0,59999.0,3,0,0,4,4,https://media.be.com.vn/be-food/image/825b8d9d-186a-11f0-8510-8ea7808cbcf4/resized_thumbnail_w1080_h1080,bun-tron-thit-xa-xiu-ngon-xiu,
109048,109048,"Bếp Chử - Gỏi Cuốn, Bún Trộn & Nem Nướng Nha Trang - Nguyễn An Ninh",1327073,❤️BÚN TRỘN NAM BỘ❤️,9057505,BÚN TRỘN ĐẶC SỜ BIỆT,TẤT CÁC MÓN ĂN ĐỀU NHƯ ẢNH ❤️,70000.0,70000.0,3,0,0,4,5,https://media.be.com.vn/be-food/image/cc294e05-e96b-11f0-9063-66448d787802/resized_thumbnail_w1080_h1080,bun-tron-dac-so-biet,
109048,109048,"Bếp Chử - Gỏi Cuốn, Bún Trộn & Nem Nướng Nha Trang - Nguyễn An Ninh",1327073,❤️BÚN TRỘN NAM BỘ❤️,9057520,COMBO : BÚN TRỘN ĐẶC SỜ BIỆT & TRÀ TẮC 500ml,TẤT CÁC MÓN ĂN ĐỀU NHƯ ẢNH ❤️,79999.0,79999.0,0,0,0,4,6,https://media.be.com.vn/be-food/image/abd95817-e96b-11f0-8021-922c9d42c616/resized_thumbnail_w1080_h1080,combo-bun-tron-dac-so-biet-tra-tac-500ml,
109048,109048,"Bếp Chử - Gỏi Cuốn, Bún Trộn & Nem Nướng Nha Trang - Nguyễn An Ninh",1327073,❤️BÚN TRỘN NAM BỘ❤️,9057521,COMBO : BÚN TRỘN THỊ XÁ XÍU & TRÀ TẮC 500ml,TẤT CÁC MÓN ĂN ĐỀU NHƯ ẢNH ❤️,65000.0,65000.0,0,0,0,4,7,https://media.be.com.vn/be-food/image/497d0ab9-186b-11f0-8d88-0695c6df6d37/resized_thumbnail_w1080_h1080,combo-bun-tron-thi-xa-xiu-tra-tac-500ml,
109048,109048,"Bếp Chử - Gỏi Cuốn, Bún Trộn & Nem Nướng Nha Trang - Nguyễn An Ninh",1327073,❤️BÚN TRỘN NAM BỘ❤️,9057522,COMBO : BÚN TRỘN BÒ XÀO MỀM & TRÀ TẮC 500ml,TẤT CÁC MÓN ĂN ĐỀU NHƯ ẢNH ❤️,70000.0,70000.0,1,0,0,4,8,https://media.be.com.vn/be-food/image/b38a4c4b-e96b-11f0-8b11-e6e7ca75c48c/resized_thumbnail_w1080_h1080,combo-bun-tron-bo-xao-mem-tra-tac-500ml,
109048,109048,"Bếp Chử - Gỏi Cuốn, Bún Trộn & Nem Nướng Nha Trang - Nguyễn An Ninh",1327073,❤️BÚN TRỘN NAM BỘ❤️,9057523,COMBO : BÚN TRỘN NEM NHA TRANG & TRÀ TẮC 500ml,TẤT CÁC MÓN ĂN ĐỀU NHƯ ẢNH ❤️,70000.0,70000.0,1,0,0,4,9,https://media.be.com.vn/be-food/image/bde57b39-e96b-11f0-b84b-3a4f2a37a94e/resized_thumbnail_w1080_h1080,combo-bun-tron-nem-nha-trang-tra-tac-500ml,
109048,109048,"Bếp Chử - Gỏi Cuốn, Bún Trộn & Nem Nướng Nha Trang - Nguyễn An Ninh",1327073,❤️BÚN TRỘN NAM BỘ❤️,9057524,COMBO : BÚN TRỘN THỊT NƯỚNG & TRÀ TẮC 500ml,TẤT CÁC MÓN ĂN ĐỀU NHƯ ẢNH ❤️,70000.0,70000.0,14,0,0,4,10,https://media.be.com.vn/be-food/image/c556841e-e96b-11f0-9063-66448d787802/resized_thumbnail_w1080_h1080,combo-bun-tron-thit-nuong-tra-tac-500ml,
109048,109048,"Bếp Chử - Gỏi Cuốn, Bún Trộn & Nem Nướng Nha Trang - Nguyễn An Ninh",1327077,❤️SINH TỐ ĐÀ LẠT ❤️,9057584,SINH TỐ BƠ,TẤT CÁC MÓN ĂN ĐỀU NHƯ ẢNH ❤️,39000.0,39000.0,1,0,0,6,1,https://media.be.com.vn/be-food/image/bc13778b-186d-11f0-8510-8ea7808cbcf4/resized_thumbnail_w1080_h1080,sinh-to-bo,
109048,109048,"Bếp Chử - Gỏi Cuốn, Bún Trộn & Nem Nướng Nha Trang - Nguyễn An Ninh",1327077,❤️SINH TỐ ĐÀ LẠT ❤️,9057586,SINH TỐ XOÀI,TẤT CÁC MÓN ĂN ĐỀU NHƯ ẢNH ❤️,39999.0,39999.0,1,0,0,6,2,https://media.be.com.vn/be-food/image/d103b64c-186d-11f0-81cc-d24fde1987a0/resized_thumbnail_w1080_h1080,sinh-to-xoai,
109048,109048,"Bếp Chử - Gỏi Cuốn, Bún Trộn & Nem Nướng Nha Trang - Nguyễn An Ninh",1327077,❤️SINH TỐ ĐÀ LẠT ❤️,9057588,SINH TỐ Dâu,TẤT CÁC MÓN ĂN ĐỀU NHƯ ẢNH ❤️,39999.0,39999.0,1,0,0,6,3,https://media.be.com.vn/be-food/image/34825bf0-186e-11f0-bd66-b239c83a8124/original,sinh-to-dau,
109048,109048,"Bếp Chử - Gỏi Cuốn, Bún Trộn & Nem Nướng Nha Trang - Nguyễn An Ninh",1327077,❤️SINH TỐ ĐÀ LẠT ❤️,9057590,SINH TỐ VIỆT QUẤT,TẤT CÁC MÓN ĂN ĐỀU NHƯ ẢNH ❤️,39999.0,39999.0,0,0,0,6,4,https://media.be.com.vn/be-food/image/58fe0eac-186e-11f0-8510-8ea7808cbcf4/resized_thumbnail_w1080_h1080,sinh-to-viet-quat,
109048,109048,"Bếp Chử - Gỏi Cuốn, Bún Trộn & Nem Nướng Nha Trang - Nguyễn An Ninh",1327077,❤️SINH TỐ ĐÀ LẠT ❤️,9057593,SINH TỐ MIX : BƠ + XOÀI,TẤT CÁC MÓN ĂN ĐỀU NHƯ ẢNH ❤️,45000.0,45000.0,0,0,0,6,5,https://media.be.com.vn/be-food/image/88f65c07-186e-11f0-bd66-b239c83a8124/resized_thumbnail_w1080_h1080,sinh-to-mix-bo-xoai,
1255,1255,Cơm Rang Dế Mèn,1867,CƠM & MỲ,26869,Cơm Rang Dưa Bò,,55000.0,55000.0,2787,12,7,1,1,https://media.be.com.vn/be-food/image/cffa2af3-60aa-11ed-83ea-ea0c64380cfd/original,com-rang-dua-bo,
1255,1255,Cơm Rang Dế Mèn,1867,CƠM & MỲ,26882,Mỳ Xào Bò,,55000.0,55000.0,350,2,1,1,2,https://media.be.com.vn/be-food/image/3978c550-60ab-11ed-83ea-ea0c64380cfd/original,my-xao-bo,
1255,1255,Cơm Rang Dế Mèn,1867,CƠM & MỲ,26886,Cơm Rang Cải Bò,,55000.0,55000.0,590,3,2,1,3,https://media.be.com.vn/be-food/image/0f54cdba-60ab-11ed-a7d7-3666206f63ba/original,com-rang-cai-bo,
1255,1255,Cơm Rang Dế Mèn,1867,CƠM & MỲ,26892,Cơm Rang Xá Xíu Heo,,55000.0,55000.0,284,2,0,1,4,https://media.be.com.vn/be-food/image/5577e24e-796f-11ee-8e31-f638ae20f033/original,com-rang-xa-xiu-heo,
1255,1255,Cơm Rang Dế Mèn,1867,CƠM & MỲ,26901,Cơm Rang Thập Cẩm - Dưa Bò,,60000.0,60000.0,143,2,0,1,5,https://media.be.com.vn/be-food/image/1cb61674-a888-11ed-aebb-1eb5d596321f/resized_thumbnail_w1080_h1080,com-rang-thap-cam-dua-bo,
1255,1255,Cơm Rang Dế Mèn,1867,CƠM & MỲ,26910,Cơm Rang Dưa Bò - Xá Xíu,,60000.0,60000.0,161,2,0,1,6,https://media.be.com.vn/be-food/image/1d06fb06-a888-11ed-aebb-1eb5d596321f/resized_thumbnail_w1080_h1080,com-rang-dua-bo-xa-xiu,
1255,1255,Cơm Rang Dế Mèn,1867,CƠM & MỲ,247601,Cơm Rang Đùi Gà Xối Mỡ,,55000.0,55000.0,559,3,0,1,7,https://media.be.com.vn/be-food/image/8f741766-abc5-11ed-8ca3-8e6f9560a813/resized_thumbnail_w1080_h1080,com-rang-dui-ga-xoi-mo,
1255,1255,Cơm Rang Dế Mèn,1867,CƠM & MỲ,6879079,Cơm Rang trứng,"cơm, dưa muối, trứng, hành khô",35000.0,35000.0,23,0,0,1,8,https://media.be.com.vn/be-food/image/e459b776-489a-11ef-a271-b60dedd57ab8/resized_thumbnail_w1080_h1080,com-rang-trung,
1255,1255,Cơm Rang Dế Mèn,1867,CƠM & MỲ,275605,Cơm rang thập cẩm,,45000.0,45000.0,439,4,0,1,9,https://media.be.com.vn/be-food/image/5cdd2330-796f-11ee-bfaa-82e52b34e173/resized_thumbnail_w1080_h1080,com-rang-thap-cam,
1255,1255,Cơm Rang Dế Mèn,1867,CƠM & MỲ,26873,Cơm Rang Xá Xíu Gà,,55000.0,55000.0,584,7,1,1,10,https://media.be.com.vn/be-food/image/4c3eea46-796f-11ee-b2af-3ea2e1c5510b/original,com-rang-xa-xiu-ga,
1255,1255,Cơm Rang Dế Mèn,121551,combo cùng coca,915149,Cơm rang dưa bò + coca,,60000.0,60000.0,302,2,0,4,1,https://media.be.com.vn/be-food/image/1114c0f9-ae40-11ed-8ca3-8e6f9560a813/resized_thumbnail_w1080_h1080,com-rang-dua-bo-coca,
1255,1255,Cơm Rang Dế Mèn,121551,combo cùng coca,915156,Cơm rang thấp cẩm + coca,,53000.0,53000.0,78,2,0,4,2,https://media.be.com.vn/be-food/image/119359e7-ae40-11ed-a491-220f4d9eeddb/resized_thumbnail_w1080_h1080,com-rang-thap-cam-coca,
1255,1255,Cơm Rang Dế Mèn,121551,combo cùng coca,915157,mì xào bò + coca,,60000.0,60000.0,40,0,0,4,3,https://media.be.com.vn/be-food/image/119a072d-ae40-11ed-8ca3-8e6f9560a813/resized_thumbnail_w1080_h1080,mi-xao-bo-coca,
53514,53514,Cơm 1985 - Phố Chợ Khâm Thiên,791186,Rau,5377815,Rau ngồng cải xào,,49000.0,49000.0,19,0,0,1,1,https://media.be.com.vn/be-food/image/cccf8554-f6a2-11f0-b63c-1ec8367384f0/resized_thumbnail_w1080_h1080,rau-ngong-cai-xao,
53514,53514,Cơm 1985 - Phố Chợ Khâm Thiên,791186,Rau,5377816,Hoa lơ xào,,49000.0,49000.0,27,0,0,1,2,https://media.be.com.vn/be-food/image/6b3755dc-f6a2-11f0-b67e-9aaf2a798701/resized_thumbnail_w1080_h1080,hoa-lo-xao,
53514,53514,Cơm 1985 - Phố Chợ Khâm Thiên,791186,Rau,5377817,Rau muống xào,,49000.0,49000.0,11,1,0,1,3,https://media.be.com.vn/be-food/image/a6f877d5-f811-11f0-8695-ce3d3ce291c1/resized_thumbnail_w1080_h1080,rau-muong-xao,
53514,53514,Cơm 1985 - Phố Chợ Khâm Thiên,791187,Cơm Gà,5377819,Cơm cari gà,,79000.0,79000.0,9,0,0,2,1,https://media.be.com.vn/be-food/image/baa96700-f6a1-11f0-b67e-9aaf2a798701/resized_thumbnail_w1080_h1080,com-cari-ga,
53514,53514,Cơm 1985 - Phố Chợ Khâm Thiên,791187,Cơm Gà,5377820,Cơm đùi gà nướng,,79000.0,79000.0,35,1,0,2,2,https://media.be.com.vn/be-food/image/dc907516-f6a1-11f0-a167-cadcd99bf8b0/resized_thumbnail_w1080_h1080,com-dui-ga-nuong,
53514,53514,Cơm 1985 - Phố Chợ Khâm Thiên,791187,Cơm Gà,5377821,Cơm đùi gà xốt chua ngọt,,79000.0,79000.0,13,1,0,2,3,https://media.be.com.vn/be-food/image/475f27ee-f6a2-11f0-8695-ce3d3ce291c1/resized_thumbnail_w1080_h1080,com-dui-ga-xot-chua-ngot,
53514,53514,Cơm 1985 - Phố Chợ Khâm Thiên,791188,Cơm Bò,5377822,Cơm Bít Tết 1985,,79000.0,79000.0,105,1,0,3,1,https://media.be.com.vn/be-food/image/f779a8df-fbfa-11f0-a167-cadcd99bf8b0/resized_thumbnail_w1080_h1080,com-bit-tet-1985,
53514,53514,Cơm 1985 - Phố Chợ Khâm Thiên,791188,Cơm Bò,5377823,Cơm bò cari,,79000.0,79000.0,9,0,0,3,2,https://media.be.com.vn/be-food/image/50e10914-f6a1-11f0-8695-ce3d3ce291c1/resized_thumbnail_w1080_h1080,com-bo-cari,
53514,53514,Cơm 1985 - Phố Chợ Khâm Thiên,791188,Cơm Bò,5377825,Cơm bò sốt tiêu đen,,79000.0,79000.0,15,0,0,3,3,https://media.be.com.vn/be-food/image/6c196f9b-f6a1-11f0-b63c-1ec8367384f0/resized_thumbnail_w1080_h1080,com-bo-sot-tieu-den,
53514,53514,Cơm 1985 - Phố Chợ Khâm Thiên,791188,Cơm Bò,5377826,Cơm bò sốt khoai,,79000.0,79000.0,13,0,0,3,4,https://media.be.com.vn/be-food/image/d5705120-fbf5-11f0-b63c-1ec8367384f0/resized_thumbnail_w1080_h1080,com-bo-sot-khoai,
53514,53514,Cơm 1985 - Phố Chợ Khâm Thiên,791188,Cơm Bò,5377827,Cơm Bít Tết chiên xù,,79000.0,79000.0,16,0,0,3,5,https://media.be.com.vn/be-food/image/8cf68ffb-f6a1-11f0-b63c-1ec8367384f0/resized_thumbnail_w1080_h1080,com-bit-tet-chien-xu,
53514,53514,Cơm 1985 - Phố Chợ Khâm Thiên,791188,Cơm Bò,5377828,Cơm Bò lúc lắc,,79000.0,79000.0,23,0,0,3,6,https://media.be.com.vn/be-food/image/1391f8eb-7e27-11ef-bd66-b239c83a8124/resized_thumbnail_w1080_h1080,com-bo-luc-lac,
53514,53514,Cơm 1985 - Phố Chợ Khâm Thiên,791189,Cơm Thịt Heo,5377829,Cơm sườn chua ngọt,,79000.0,79000.0,44,0,0,4,1,https://media.be.com.vn/be-food/image/26d55297-f6a1-11f0-a167-cadcd99bf8b0/resized_thumbnail_w1080_h1080,com-suon-chua-ngot,
53514,53514,Cơm 1985 - Phố Chợ Khâm Thiên,791189,Cơm Thịt Heo,5377830,Cơm sườn nướng,,79000.0,79000.0,58,0,0,4,2,https://media.be.com.vn/be-food/image/070d38d9-fbf6-11f0-8695-ce3d3ce291c1/resized_thumbnail_w1080_h1080,com-suon-nuong,
53514,53514,Cơm 1985 - Phố Chợ Khâm Thiên,791189,Cơm Thịt Heo,5377831,Cơm Cốt lết chiên xù,,59000.0,59000.0,19,0,0,4,3,https://media.be.com.vn/be-food/image/fd5c83fc-fb91-11f0-b67e-9aaf2a798701/resized_thumbnail_w1080_h1080,com-cot-let-chien-xu,
53514,53514,Cơm 1985 - Phố Chợ Khâm Thiên,791189,Cơm Thịt Heo,5377832,Cơm Cốt lết,,59000.0,59000.0,11,0,0,4,4,https://media.be.com.vn/be-food/image/481d4cca-f6a1-11f0-a167-cadcd99bf8b0/resized_thumbnail_w1080_h1080,com-cot-let,
53514,53514,Cơm 1985 - Phố Chợ Khâm Thiên,791193,Cơm Chiên,5377848,Cơm chiên trứng,,49000.0,49000.0,5,0,0,5,1,https://media.be.com.vn/be-food/image/6c2f4a86-f6a0-11f0-b67e-9aaf2a798701/resized_thumbnail_w1080_h1080,com-chien-trung,
53514,53514,Cơm 1985 - Phố Chợ Khâm Thiên,791193,Cơm Chiên,5377849,Cơm chiên bò,,79000.0,79000.0,3,0,0,5,2,https://media.be.com.vn/be-food/image/8a805911-f6a0-11f0-b63c-1ec8367384f0/resized_thumbnail_w1080_h1080,com-chien-bo,
53514,53514,Cơm 1985 - Phố Chợ Khâm Thiên,791193,Cơm Chiên,5377850,Cơm chiên đùi gà nướng,,100000.0,100000.0,2,0,0,5,3,https://media.be.com.vn/be-food/image/3faec26a-f6a0-11f0-b67e-9aaf2a798701/resized_thumbnail_w1080_h1080,com-chien-dui-ga-nuong,
53514,53514,Cơm 1985 - Phố Chợ Khâm Thiên,791193,Cơm Chiên,5377851,Cơm chiên tôm,,79000.0,79000.0,5,0,0,5,4,https://media.be.com.vn/be-food/image/b36a107e-9af7-11ee-8e31-f638ae20f033/resized_thumbnail_w1080_h1080,com-chien-tom,
53514,53514,Cơm 1985 - Phố Chợ Khâm Thiên,791193,Cơm Chiên,5377852,Cơm chiên sườn nướng,,100000.0,100000.0,7,0,0,5,5,https://media.be.com.vn/be-food/image/26c20f36-f6a0-11f0-8695-ce3d3ce291c1/resized_thumbnail_w1080_h1080,com-chien-suon-nuong,
53514,53514,Cơm 1985 - Phố Chợ Khâm Thiên,791193,Cơm Chiên,5377853,Cơm chiên gà,,79000.0,79000.0,2,0,0,5,6,https://media.be.com.vn/be-food/image/96e32146-f6a0-11f0-a167-cadcd99bf8b0/resized_thumbnail_w1080_h1080,com-chien-ga,
53514,53514,Cơm 1985 - Phố Chợ Khâm Thiên,791193,Cơm Chiên,5377854,Cơm chiên bít tết 1985,,100000.0,100000.0,4,0,0,5,7,https://media.be.com.vn/be-food/image/fc9e5808-04bf-11f0-81cc-d24fde1987a0/resized_thumbnail_w1080_h1080,com-chien-bit-tet-1985,
53514,53514,Cơm 1985 - Phố Chợ Khâm Thiên,791194,Mỳ,5377855,Mỳ ý sốt bò băm,,79000.0,79000.0,6,0,0,6,1,https://media.be.com.vn/be-food/image/ff176830-f69f-11f0-8695-ce3d3ce291c1/resized_thumbnail_w1080_h1080,my-y-sot-bo-bam,
53514,53514,Cơm 1985 - Phố Chợ Khâm Thiên,791194,Mỳ,5377856,Mỳ ý xốt kem bò,,79000.0,79000.0,9,0,0,6,2,https://media.be.com.vn/be-food/image/e463e48f-f69f-11f0-8695-ce3d3ce291c1/resized_thumbnail_w1080_h1080,my-y-xot-kem-bo,
53514,53514,Cơm 1985 - Phố Chợ Khâm Thiên,791194,Mỳ,5377858,Mỳ ý xốt kem tôm,,79000.0,79000.0,0,0,0,6,3,https://media.be.com.vn/be-food/image/d243c8c8-f69f-11f0-b63c-1ec8367384f0/resized_thumbnail_w1080_h1080,my-y-xot-kem-tom,
