text_unit_id,review_id,store_key,store_name,rating,rated_at,sentiment,aspect_scores,source,feedback,chunk_text,chunk_index,n_chunks
tu_15034de1df0b4e9a,15034de1df0b4e9a,25639,Quán Mùa - Cơm Gà & Bún Miến Trộn - Tây Sơn,4.6,,neutral,{},befood_comment,"ngon đấy, Ngon xỉu","Tên quán: Quán Mùa - Cơm Gà & Bún Miến Trộn - Tây Sơn
Nguồn: befood_comment
Rating người dùng: 4.6
Sentiment tổng hợp: neutral
Aspect sentiment: 
Nội dung review: ngon đấy, Ngon xỉu",0,1
tu_8ea2b2b2c0447f44,8ea2b2b2c0447f44,25639,Quán Mùa - Cơm Gà & Bún Miến Trộn - Tây Sơn,4.6,,neutral,{},befood_comment,đặt phở cho bún?,"Tên quán: Quán Mùa - Cơm Gà & Bún Miến Trộn - Tây Sơn
Nguồn: befood_comment
Rating người dùng: 4.6
Sentiment tổng hợp: neutral
Aspect sentiment: 
Nội dung review: đặt phở cho bún?",0,1
tu_d2292fdad09da78a,d2292fdad09da78a,25639,Quán Mùa - Cơm Gà & Bún Miến Trộn - Tây Sơn,4.6,,neutral,{},befood_comment,bún ngan trộn của mình có cả gián ???,"Tên quán: Quán Mùa - Cơm Gà & Bún Miến Trộn - Tây Sơn
Nguồn: befood_comment
Rating người dùng: 4.6
Sentiment tổng hợp: neutral
Aspect sentiment: 
Nội dung review: bún ngan trộn của mình có cả gián ???",0,1
tu_d7985d984f2378be,d7985d984f2378be,25639,Quán Mùa - Cơm Gà & Bún Miến Trộn - Tây Sơn,4.6,,neutral,{},befood_comment,bán đồ ăn ko có tâm. bán bún gà mà ko cho tương ớt chanh. rau sống. ăn 1 lần sợ vl,"Tên quán: Quán Mùa - Cơm Gà & Bún Miến Trộn - Tây Sơn
Nguồn: befood_comment
Rating người dùng: 4.6
Sentiment tổng hợp: neutral
Aspect sentiment: 
Nội dung review: bán đồ ăn ko có tâm. bán bún gà mà ko cho tương ớt chanh. rau sống. ăn 1 lần sợ vl",0,1
tu_037157be32ed104c,037157be32ed104c,97742,"NaBi Bún Chả Quạt, Cơm Tấm & Cơm Văn Phòng - Tây Sơn",4.3,,neutral,{},befood_comment,"cơm quá tệ, Không hợp khẩu vị, Đóng gói chưa tốt","Tên quán: NaBi Bún Chả Quạt, Cơm Tấm & Cơm Văn Phòng - Tây Sơn
Nguồn: befood_comment
Rating người dùng: 4.3
Sentiment tổng hợp: neutral
Aspect sentiment: 
Nội dung review: cơm quá tệ, Không hợp khẩu vị, Đóng gói chưa tốt",0,1
tu_0372b2ecb8c342a2,0372b2ecb8c342a2,97742,"NaBi Bún Chả Quạt, Cơm Tấm & Cơm Văn Phòng - Tây Sơn",4.3,,neutral,{},befood_comment,Ngon xỉu,"Tên quán: NaBi Bún Chả Quạt, Cơm Tấm & Cơm Văn Phòng - Tây Sơn
Nguồn: befood_comment
Rating người dùng: 4.3
Sentiment tổng hợp: neutral
Aspect sentiment: 
Nội dung review: Ngon xỉu",0,1
tu_7ae42d66486164bb,7ae42d66486164bb,97742,"NaBi Bún Chả Quạt, Cơm Tấm & Cơm Văn Phòng - Tây Sơn",4.3,,neutral,{},befood_comment,"Đáng đồng tiền, Ngon xỉu, Sạch sẽ, Đóng gói tốt","Tên quán: NaBi Bún Chả Quạt, Cơm Tấm & Cơm Văn Phòng - Tây Sơn
Nguồn: befood_comment
Rating người dùng: 4.3
Sentiment tổng hợp: neutral
Aspect sentiment: 
Nội dung review: Đáng đồng tiền, Ngon xỉu, Sạch sẽ, Đóng gói tốt",0,1
tu_feeb28ca8361cf2c,feeb28ca8361cf2c,97742,"NaBi Bún Chả Quạt, Cơm Tấm & Cơm Văn Phòng - Tây Sơn",4.3,,neutral,{},befood_comment,Đáng đồng tiền,"Tên quán: NaBi Bún Chả Quạt, Cơm Tấm & Cơm Văn Phòng - Tây Sơn
Nguồn: befood_comment
Rating người dùng: 4.3
Sentiment tổng hợp: neutral
Aspect sentiment: 
Nội dung review: Đáng đồng tiền",0,1
tu_7c4646359cd75afd,7c4646359cd75afd,97742,"NaBi Bún Chả Quạt, Cơm Tấm & Cơm Văn Phòng - Tây Sơn",4.3,,neutral,{},befood_comment,"Ăn bún chả là chỉ nghĩ đến nhà Nabi, vị đậm đà ngon và rất yên tâm về thực phẩm 🥰, Đáng đồng tiền, Sạch sẽ, Đóng gói tốt, Ngon xỉu","Tên quán: NaBi Bún Chả Quạt, Cơm Tấm & Cơm Văn Phòng - Tây Sơn
Nguồn: befood_comment
Rating người dùng: 4.3
Sentiment tổng hợp: neutral
Aspect sentiment: 
Nội dung review: Ăn bún chả là chỉ nghĩ đến nhà Nabi, vị đậm đà ngon và rất yên tâm về thực phẩm 🥰, Đáng đồng tiền, Sạch sẽ, Đóng gói tốt, Ngon xỉu",0,1
tu_e30ba8949ea2d587,e30ba8949ea2d587,97742,"NaBi Bún Chả Quạt, Cơm Tấm & Cơm Văn Phòng - Tây Sơn",4.3,,neutral,{},befood_comment,"Ngon xỉu, Đáng đồng tiền, Sạch sẽ, Đóng gói tốt","Tên quán: NaBi Bún Chả Quạt, Cơm Tấm & Cơm Văn Phòng - Tây Sơn
Nguồn: befood_comment
Rating người dùng: 4.3
Sentiment tổng hợp: neutral
Aspect sentiment: 
Nội dung review: Ngon xỉu, Đáng đồng tiền, Sạch sẽ, Đóng gói tốt",0,1
tu_aacd67ada15eea36,aacd67ada15eea36,97742,"NaBi Bún Chả Quạt, Cơm Tấm & Cơm Văn Phòng - Tây Sơn",4.3,,neutral,{},befood_comment,cơm sườn chả trứng mà k có chả trứng,"Tên quán: NaBi Bún Chả Quạt, Cơm Tấm & Cơm Văn Phòng - Tây Sơn
Nguồn: befood_comment
Rating người dùng: 4.3
Sentiment tổng hợp: neutral
Aspect sentiment: 
Nội dung review: cơm sườn chả trứng mà k có chả trứng",0,1
tu_bc9541e1fead26dd,bc9541e1fead26dd,130307,"Phở Bò Nội - Bún Chả, Cháo & Cơm - Trần Hưng Đạo",4.8,,neutral,{},befood_comment,"Ngon xỉu, Đóng gói tốt, Đáng đồng tiền","Tên quán: Phở Bò Nội - Bún Chả, Cháo & Cơm - Trần Hưng Đạo
Nguồn: befood_comment
Rating người dùng: 4.8
Sentiment tổng hợp: neutral
Aspect sentiment: 
Nội dung review: Ngon xỉu, Đóng gói tốt, Đáng đồng tiền",0,1
tu_4fa57277909c072f,4fa57277909c072f,130307,"Phở Bò Nội - Bún Chả, Cháo & Cơm - Trần Hưng Đạo",4.8,,neutral,{},befood_comment,"Đáng đồng tiền, Đóng gói tốt, Ngon xỉu","Tên quán: Phở Bò Nội - Bún Chả, Cháo & Cơm - Trần Hưng Đạo
Nguồn: befood_comment
Rating người dùng: 4.8
Sentiment tổng hợp: neutral
Aspect sentiment: 
Nội dung review: Đáng đồng tiền, Đóng gói tốt, Ngon xỉu",0,1
tu_ca0d927e46b103bd,ca0d927e46b103bd,130307,"Phở Bò Nội - Bún Chả, Cháo & Cơm - Trần Hưng Đạo",4.8,,neutral,{},befood_comment,"ghi chú phần bò tái ko trần thì lại trần kỹ cứng hết cả, thịt chín nạm thì ko thấy đâu, Sai/Thiếu món, Không làm đúng ghi chú","Tên quán: Phở Bò Nội - Bún Chả, Cháo & Cơm - Trần Hưng Đạo
Nguồn: befood_comment
Rating người dùng: 4.8
Sentiment tổng hợp: neutral
Aspect sentiment: 
Nội dung review: ghi chú phần bò tái ko trần thì lại trần kỹ cứng hết cả, thịt chín nạm thì ko thấy đâu, Sai/Thiếu món, Không làm đúng ghi chú",0,1
tu_5fa5fb7203c1385f,5fa5fb7203c1385f,22758,PhuongKitchen - Cơm & Đồ Ăn Vặt - Ngõ Chùa Liên Phái Bạch Mai,4.7,,neutral,{},befood_comment,Đáng đồng tiền,"Tên quán: PhuongKitchen - Cơm & Đồ Ăn Vặt - Ngõ Chùa Liên Phái Bạch Mai
Nguồn: befood_comment
Rating người dùng: 4.7
Sentiment tổng hợp: neutral
Aspect sentiment: 
Nội dung review: Đáng đồng tiền",0,1
tu_8a694549684838e9,8a694549684838e9,22758,PhuongKitchen - Cơm & Đồ Ăn Vặt - Ngõ Chùa Liên Phái Bạch Mai,4.7,,neutral,{},befood_comment,"Ngon xỉu, Sạch sẽ, Đóng gói tốt","Tên quán: PhuongKitchen - Cơm & Đồ Ăn Vặt - Ngõ Chùa Liên Phái Bạch Mai
Nguồn: befood_comment
Rating người dùng: 4.7
Sentiment tổng hợp: neutral
Aspect sentiment: 
Nội dung review: Ngon xỉu, Sạch sẽ, Đóng gói tốt",0,1
tu_7959f3533c185ec2,7959f3533c185ec2,22758,PhuongKitchen - Cơm & Đồ Ăn Vặt - Ngõ Chùa Liên Phái Bạch Mai,4.7,,neutral,{},befood_comment,"Không hợp khẩu vị, Đóng gói chưa tốt","Tên quán: PhuongKitchen - Cơm & Đồ Ăn Vặt - Ngõ Chùa Liên Phái Bạch Mai
Nguồn: befood_comment
Rating người dùng: 4.7
Sentiment tổng hợp: neutral
Aspect sentiment: 
Nội dung review: Không hợp khẩu vị, Đóng gói chưa tốt",0,1
tu_244cbf6cab9d40b3,244cbf6cab9d40b3,11471,Thiên Trường - Phở Cồ & Cơm Gà Xối Mắm - Giải Phóng,4.5,,neutral,{},befood_comment,"Quán đóng gói không cẩn thận.cả cơm và mì đều lèo tèo quá ít so với các chi nhánh khác., Đóng gói chưa tốt","Tên quán: Thiên Trường - Phở Cồ & Cơm Gà Xối Mắm - Giải Phóng
Nguồn: befood_comment
Rating người dùng: 4.5
Sentiment tổng hợp: neutral
Aspect sentiment: 
Nội dung review: Quán đóng gói không cẩn thận.cả cơm và mì đều lèo tèo quá ít so với các chi nhánh khác., Đóng gói chưa tốt",0,1
tu_d3c0592d59330390,d3c0592d59330390,11471,Thiên Trường - Phở Cồ & Cơm Gà Xối Mắm - Giải Phóng,4.5,,neutral,{},befood_comment,Sạch sẽ,"Tên quán: Thiên Trường - Phở Cồ & Cơm Gà Xối Mắm - Giải Phóng
Nguồn: befood_comment
Rating người dùng: 4.5
Sentiment tổng hợp: neutral
Aspect sentiment: 
Nội dung review: Sạch sẽ",0,1
tu_3290b898adddc379,3290b898adddc379,11471,Thiên Trường - Phở Cồ & Cơm Gà Xối Mắm - Giải Phóng,4.5,,neutral,{},befood_comment,"Đóng gói tốt, Sạch sẽ","Tên quán: Thiên Trường - Phở Cồ & Cơm Gà Xối Mắm - Giải Phóng
Nguồn: befood_comment
Rating người dùng: 4.5
Sentiment tổng hợp: neutral
Aspect sentiment: 
Nội dung review: Đóng gói tốt, Sạch sẽ",0,1
tu_d94674e82246cc30,d94674e82246cc30,11471,Thiên Trường - Phở Cồ & Cơm Gà Xối Mắm - Giải Phóng,4.5,,neutral,{},befood_comment,Đóng gói tốt,"Tên quán: Thiên Trường - Phở Cồ & Cơm Gà Xối Mắm - Giải Phóng
Nguồn: befood_comment
Rating người dùng: 4.5
Sentiment tổng hợp: neutral
Aspect sentiment: 
Nội dung review: Đóng gói tốt",0,1
tu_50199678ae31aa77,50199678ae31aa77,11471,Thiên Trường - Phở Cồ & Cơm Gà Xối Mắm - Giải Phóng,4.5,,neutral,{},befood_comment,"Ngon xỉu, Đóng gói tốt, Đáng đồng tiền, Sạch sẽ","Tên quán: Thiên Trường - Phở Cồ & Cơm Gà Xối Mắm - Giải Phóng
Nguồn: befood_comment
Rating người dùng: 4.5
Sentiment tổng hợp: neutral
Aspect sentiment: 
Nội dung review: Ngon xỉu, Đóng gói tốt, Đáng đồng tiền, Sạch sẽ",0,1
tu_b31bafef6a6c5f4f,b31bafef6a6c5f4f,11471,Thiên Trường - Phở Cồ & Cơm Gà Xối Mắm - Giải Phóng,4.5,,neutral,{},befood_comment,"Ngon xỉu, Sạch sẽ, Đóng gói tốt, Khác","Tên quán: Thiên Trường - Phở Cồ & Cơm Gà Xối Mắm - Giải Phóng
Nguồn: befood_comment
Rating người dùng: 4.5
Sentiment tổng hợp: neutral
Aspect sentiment: 
Nội dung review: Ngon xỉu, Sạch sẽ, Đóng gói tốt, Khác",0,1
tu_58884e5ebe3ac1c9,58884e5ebe3ac1c9,11471,Thiên Trường - Phở Cồ & Cơm Gà Xối Mắm - Giải Phóng,4.5,,neutral,{},befood_comment,"Ngon xỉu, Đóng gói tốt","Tên quán: Thiên Trường - Phở Cồ & Cơm Gà Xối Mắm - Giải Phóng
Nguồn: befood_comment
Rating người dùng: 4.5
Sentiment tổng hợp: neutral
Aspect sentiment: 
Nội dung review: Ngon xỉu, Đóng gói tốt",0,1
tu_2e8f091631a99785,2e8f091631a99785,11471,Thiên Trường - Phở Cồ & Cơm Gà Xối Mắm - Giải Phóng,4.5,,neutral,{},befood_comment,Sai/Thiếu món,"Tên quán: Thiên Trường - Phở Cồ & Cơm Gà Xối Mắm - Giải Phóng
Nguồn: befood_comment
Rating người dùng: 4.5
Sentiment tổng hợp: neutral
Aspect sentiment: 
Nội dung review: Sai/Thiếu món",0,1
tu_851efab10ca73713,851efab10ca73713,11471,Thiên Trường - Phở Cồ & Cơm Gà Xối Mắm - Giải Phóng,4.5,,neutral,{},befood_comment,Khá ngon,"Tên quán: Thiên Trường - Phở Cồ & Cơm Gà Xối Mắm - Giải Phóng
Nguồn: befood_comment
Rating người dùng: 4.5
Sentiment tổng hợp: neutral
Aspect sentiment: 
Nội dung review: Khá ngon",0,1
tu_db76f1976fb4e848,db76f1976fb4e848,11471,Thiên Trường - Phở Cồ & Cơm Gà Xối Mắm - Giải Phóng,4.5,,neutral,{},befood_comment,"quán làm ăn cực kỳ tệ mình mua gửi bác đang nằm ở viện ung bướu( bác bị u.thu) dặn không hành rất to rồi nhưng vẫn cho 1 đống. bác ốm và không ăn được chút nào cả. cực kỳ bực bội, Không hợp khẩu vị, Sai/Thiếu món, Không làm đúng ghi chú","Tên quán: Thiên Trường - Phở Cồ & Cơm Gà Xối Mắm - Giải Phóng
Nguồn: befood_comment
Rating người dùng: 4.5
Sentiment tổng hợp: neutral
Aspect sentiment: 
Nội dung review: quán làm ăn cực kỳ tệ mình mua gửi bác đang nằm ở viện ung bướu( bác bị u.thu) dặn không hành rất to rồi nhưng vẫn cho 1 đống. bác ốm và không ăn được chút nào cả. cực kỳ bực bội, Không hợp khẩu vị, Sai/Thiếu món, Không làm đúng ghi chú",0,1
tu_38ef02ba212b466a,38ef02ba212b466a,11326,Huỳnh Duyên - Cơm Văn Phòng & Nước Ép - Giải Phóng,4.8,,neutral,{},befood_comment,Đáng đồng tiền,"Tên quán: Huỳnh Duyên - Cơm Văn Phòng & Nước Ép - Giải Phóng
Nguồn: befood_comment
Rating người dùng: 4.8
Sentiment tổng hợp: neutral
Aspect sentiment: 
Nội dung review: Đáng đồng tiền",0,1
tu_bc445469771870b9,bc445469771870b9,11326,Huỳnh Duyên - Cơm Văn Phòng & Nước Ép - Giải Phóng,4.8,,neutral,{},befood_comment,"Ngon xỉu, Đáng đồng tiền, Sạch sẽ, Đóng gói tốt","Tên quán: Huỳnh Duyên - Cơm Văn Phòng & Nước Ép - Giải Phóng
Nguồn: befood_comment
Rating người dùng: 4.8
Sentiment tổng hợp: neutral
Aspect sentiment: 
Nội dung review: Ngon xỉu, Đáng đồng tiền, Sạch sẽ, Đóng gói tốt",0,1
tu_e90946fe5e330b0d,e90946fe5e330b0d,11326,Huỳnh Duyên - Cơm Văn Phòng & Nước Ép - Giải Phóng,4.8,,neutral,{},befood_comment,"Ngon xỉu, Đáng đồng tiền, Đóng gói tốt, Sạch sẽ","Tên quán: Huỳnh Duyên - Cơm Văn Phòng & Nước Ép - Giải Phóng
Nguồn: befood_comment
Rating người dùng: 4.8
Sentiment tổng hợp: neutral
Aspect sentiment: 
Nội dung review: Ngon xỉu, Đáng đồng tiền, Đóng gói tốt, Sạch sẽ",0,1
tu_ea92d4a304b91d71,ea92d4a304b91d71,11326,Huỳnh Duyên - Cơm Văn Phòng & Nước Ép - Giải Phóng,4.8,,neutral,{},befood_comment,"siêu ngon luôn ya ✧(σ๑˃̶̀ꇴ˂̶́)σ siêu recommend mn mua nha (◍˃̶ᗜ˂̶◍)ﾉ” ăn siêu no \(ϋ)/♩, Ngon xỉu, Đáng đồng tiền, Sạch sẽ, Đóng gói tốt","Tên quán: Huỳnh Duyên - Cơm Văn Phòng & Nước Ép - Giải Phóng
Nguồn: befood_comment
Rating người dùng: 4.8
Sentiment tổng hợp: neutral
Aspect sentiment: 
Nội dung review: siêu ngon luôn ya ✧(σ๑˃̶̀ꇴ˂̶́)σ siêu recommend mn mua nha (◍˃̶ᗜ˂̶◍)ﾉ” ăn siêu no \(ϋ)/♩, Ngon xỉu, Đáng đồng tiền, Sạch sẽ, Đóng gói tốt",0,1
tu_12cf45f29ea20b39,12cf45f29ea20b39,11326,Huỳnh Duyên - Cơm Văn Phòng & Nước Ép - Giải Phóng,4.8,,neutral,{},befood_comment,ko giống cơm vp,"Tên quán: Huỳnh Duyên - Cơm Văn Phòng & Nước Ép - Giải Phóng
Nguồn: befood_comment
Rating người dùng: 4.8
Sentiment tổng hợp: neutral
Aspect sentiment: 
Nội dung review: ko giống cơm vp",0,1
tu_4f5984817280af3b,4f5984817280af3b,8314,Phở Bò Cơm Rang Duy Nhất - Giải Phóng,4.6,,neutral,{},befood_comment,"cơm giòn ngon, Đóng gói tốt, Đáng đồng tiền, Sạch sẽ, Ngon xỉu","Tên quán: Phở Bò Cơm Rang Duy Nhất - Giải Phóng
Nguồn: befood_comment
Rating người dùng: 4.6
Sentiment tổng hợp: neutral
Aspect sentiment: 
Nội dung review: cơm giòn ngon, Đóng gói tốt, Đáng đồng tiền, Sạch sẽ, Ngon xỉu",0,1
tu_dbb8e7f078a878fe,dbb8e7f078a878fe,8314,Phở Bò Cơm Rang Duy Nhất - Giải Phóng,4.6,,neutral,{},befood_comment,"để đây và không nói gì , đặt nhiều lần r nhưng lần đầu bị như này chắc không có lần sau, Không đảm bảo vệ sinh","Tên quán: Phở Bò Cơm Rang Duy Nhất - Giải Phóng
Nguồn: befood_comment
Rating người dùng: 4.6
Sentiment tổng hợp: neutral
Aspect sentiment: 
Nội dung review: để đây và không nói gì , đặt nhiều lần r nhưng lần đầu bị như này chắc không có lần sau, Không đảm bảo vệ sinh",0,1
tu_2af46641d7006282,2af46641d7006282,8314,Phở Bò Cơm Rang Duy Nhất - Giải Phóng,4.6,,neutral,{},befood_comment,Sạch sẽ,"Tên quán: Phở Bò Cơm Rang Duy Nhất - Giải Phóng
Nguồn: befood_comment
Rating người dùng: 4.6
Sentiment tổng hợp: neutral
Aspect sentiment: 
Nội dung review: Sạch sẽ",0,1
tu_a57e2ff5f83d9ca4,a57e2ff5f83d9ca4,8314,Phở Bò Cơm Rang Duy Nhất - Giải Phóng,4.6,,neutral,{},befood_comment,Đáng đồng tiền,"Tên quán: Phở Bò Cơm Rang Duy Nhất - Giải Phóng
Nguồn: befood_comment
Rating người dùng: 4.6
Sentiment tổng hợp: neutral
Aspect sentiment: 
Nội dung review: Đáng đồng tiền",0,1
tu_0b6e54fb55a62d8d,0b6e54fb55a62d8d,8314,Phở Bò Cơm Rang Duy Nhất - Giải Phóng,4.6,,neutral,{},befood_comment,Đóng gói tốt,"Tên quán: Phở Bò Cơm Rang Duy Nhất - Giải Phóng
Nguồn: befood_comment
Rating người dùng: 4.6
Sentiment tổng hợp: neutral
Aspect sentiment: 
Nội dung review: Đóng gói tốt",0,1
tu_3f00b8f79cdd65ed,3f00b8f79cdd65ed,8314,Phở Bò Cơm Rang Duy Nhất - Giải Phóng,4.6,,neutral,{},befood_comment,"Đáng đồng tiền, Ngon xỉu, Sạch sẽ, Đóng gói tốt","Tên quán: Phở Bò Cơm Rang Duy Nhất - Giải Phóng
Nguồn: befood_comment
Rating người dùng: 4.6
Sentiment tổng hợp: neutral
Aspect sentiment: 
Nội dung review: Đáng đồng tiền, Ngon xỉu, Sạch sẽ, Đóng gói tốt",0,1
tu_fde5e6063834b72d,fde5e6063834b72d,8314,Phở Bò Cơm Rang Duy Nhất - Giải Phóng,4.6,,neutral,{},befood_comment,"Ngon xỉu, Đáng đồng tiền, Sạch sẽ, Đóng gói tốt","Tên quán: Phở Bò Cơm Rang Duy Nhất - Giải Phóng
Nguồn: befood_comment
Rating người dùng: 4.6
Sentiment tổng hợp: neutral
Aspect sentiment: 
Nội dung review: Ngon xỉu, Đáng đồng tiền, Sạch sẽ, Đóng gói tốt",0,1
tu_0f92bffdac0e0729,0f92bffdac0e0729,8314,Phở Bò Cơm Rang Duy Nhất - Giải Phóng,4.6,,neutral,{},befood_comment,Khá ngon,"Tên quán: Phở Bò Cơm Rang Duy Nhất - Giải Phóng
Nguồn: befood_comment
Rating người dùng: 4.6
Sentiment tổng hợp: neutral
Aspect sentiment: 
Nội dung review: Khá ngon",0,1
tu_067f0442bf3588bd,067f0442bf3588bd,8314,Phở Bò Cơm Rang Duy Nhất - Giải Phóng,4.6,,neutral,{},befood_comment,Đóng gói chưa tốt,"Tên quán: Phở Bò Cơm Rang Duy Nhất - Giải Phóng
Nguồn: befood_comment
Rating người dùng: 4.6
Sentiment tổng hợp: neutral
Aspect sentiment: 
Nội dung review: Đóng gói chưa tốt",0,1
tu_c245f9e52651f9a3,c245f9e52651f9a3,8314,Phở Bò Cơm Rang Duy Nhất - Giải Phóng,4.6,,neutral,{},befood_comment,"phở xào hơi nhạt, hình như thiếu magie, cơm cũm hơi nhạt, mỗi nc canh là đậm","Tên quán: Phở Bò Cơm Rang Duy Nhất - Giải Phóng
Nguồn: befood_comment
Rating người dùng: 4.6
Sentiment tổng hợp: neutral
Aspect sentiment: 
Nội dung review: phở xào hơi nhạt, hình như thiếu magie, cơm cũm hơi nhạt, mỗi nc canh là đậm",0,1
tu_c052075a94117be3,c052075a94117be3,126147,"Nhà Hàng Bin Bo - Bún Riêu Cua, Cơm Rang & Phở Xào - Phương Mai",4.3,,neutral,{},befood_comment,không giống trên ảnh,"Tên quán: Nhà Hàng Bin Bo - Bún Riêu Cua, Cơm Rang & Phở Xào - Phương Mai
Nguồn: befood_comment
Rating người dùng: 4.3
Sentiment tổng hợp: neutral
Aspect sentiment: 
Nội dung review: không giống trên ảnh",0,1
tu_856653aa94c915f9,856653aa94c915f9,59967,Quán Hà Nội Xưa - Bún Chả - Trường Chinh,3.9,,neutral,{},befood_comment,"đũa mốc , chả có 5 miếng , trải nhiệm rất tệ, Không đảm bảo vệ sinh","Tên quán: Quán Hà Nội Xưa - Bún Chả - Trường Chinh
Nguồn: befood_comment
Rating người dùng: 3.9
Sentiment tổng hợp: neutral
Aspect sentiment: 
Nội dung review: đũa mốc , chả có 5 miếng , trải nhiệm rất tệ, Không đảm bảo vệ sinh",0,1
tu_ab33fb4f749c77ea,ab33fb4f749c77ea,59967,Quán Hà Nội Xưa - Bún Chả - Trường Chinh,3.9,,neutral,{},befood_comment,"Đóng gói tốt, Đáng đồng tiền","Tên quán: Quán Hà Nội Xưa - Bún Chả - Trường Chinh
Nguồn: befood_comment
Rating người dùng: 3.9
Sentiment tổng hợp: neutral
Aspect sentiment: 
Nội dung review: Đóng gói tốt, Đáng đồng tiền",0,1
tu_3fdd14b71dc3bd0a,3fdd14b71dc3bd0a,59967,Quán Hà Nội Xưa - Bún Chả - Trường Chinh,3.9,,neutral,{},befood_comment,Normal,"Tên quán: Quán Hà Nội Xưa - Bún Chả - Trường Chinh
Nguồn: befood_comment
Rating người dùng: 3.9
Sentiment tổng hợp: neutral
Aspect sentiment: 
Nội dung review: Normal",0,1
tu_6171cc4bcedb39e0,6171cc4bcedb39e0,59967,Quán Hà Nội Xưa - Bún Chả - Trường Chinh,3.9,,neutral,{},befood_comment,không có nước chấm,"Tên quán: Quán Hà Nội Xưa - Bún Chả - Trường Chinh
Nguồn: befood_comment
Rating người dùng: 3.9
Sentiment tổng hợp: neutral
Aspect sentiment: 
Nội dung review: không có nước chấm",0,1
tu_df3e9851b3929fb9,df3e9851b3929fb9,59967,Quán Hà Nội Xưa - Bún Chả - Trường Chinh,3.9,,neutral,{},befood_comment,50k mà được có mấy miếng ????,"Tên quán: Quán Hà Nội Xưa - Bún Chả - Trường Chinh
Nguồn: befood_comment
Rating người dùng: 3.9
Sentiment tổng hợp: neutral
Aspect sentiment: 
Nội dung review: 50k mà được có mấy miếng ????",0,1
tu_f74c9edfc07b7cd2,f74c9edfc07b7cd2,59967,Quán Hà Nội Xưa - Bún Chả - Trường Chinh,3.9,,neutral,{},befood_comment,"chả băm ok chả miếng thì hơi chán, giá không rẻ nhưng thịt dai và có phần hơi bèo nhèo, ai fan thịt ba chỉ thì không ưng nổi ?","Tên quán: Quán Hà Nội Xưa - Bún Chả - Trường Chinh
Nguồn: befood_comment
Rating người dùng: 3.9
Sentiment tổng hợp: neutral
Aspect sentiment: 
Nội dung review: chả băm ok chả miếng thì hơi chán, giá không rẻ nhưng thịt dai và có phần hơi bèo nhèo, ai fan thịt ba chỉ thì không ưng nổi ?",0,1
tu_17ed891e32f351a4,17ed891e32f351a4,59967,Quán Hà Nội Xưa - Bún Chả - Trường Chinh,3.9,,neutral,{},befood_comment,cơm dở,"Tên quán: Quán Hà Nội Xưa - Bún Chả - Trường Chinh
Nguồn: befood_comment
Rating người dùng: 3.9
Sentiment tổng hợp: neutral
Aspect sentiment: 
Nội dung review: cơm dở",0,1
tu_f5c514fa5ee0b2d6,f5c514fa5ee0b2d6,128724,Phở - Cơm Hằng - Nguyễn Đình Chiểu,4.9,,neutral,{},befood_comment,"Ngon xỉu, Đáng đồng tiền, Sạch sẽ, Đóng gói tốt","Tên quán: Phở - Cơm Hằng - Nguyễn Đình Chiểu
Nguồn: befood_comment
Rating người dùng: 4.9
Sentiment tổng hợp: neutral
Aspect sentiment: 
Nội dung review: Ngon xỉu, Đáng đồng tiền, Sạch sẽ, Đóng gói tốt",0,1
tu_a0b6632d19436c51,a0b6632d19436c51,128724,Phở - Cơm Hằng - Nguyễn Đình Chiểu,4.9,,neutral,{},befood_comment,ăn cũng ok nhiều topping nhưng phần đặc biệt lại ko có trứng non?,"Tên quán: Phở - Cơm Hằng - Nguyễn Đình Chiểu
Nguồn: befood_comment
Rating người dùng: 4.9
Sentiment tổng hợp: neutral
Aspect sentiment: 
Nội dung review: ăn cũng ok nhiều topping nhưng phần đặc biệt lại ko có trứng non?",0,1
tu_82bb612a157093f3,82bb612a157093f3,128724,Phở - Cơm Hằng - Nguyễn Đình Chiểu,4.9,,neutral,{},befood_comment,thiếu trứng cút nhà shop,"Tên quán: Phở - Cơm Hằng - Nguyễn Đình Chiểu
Nguồn: befood_comment
Rating người dùng: 4.9
Sentiment tổng hợp: neutral
Aspect sentiment: 
Nội dung review: thiếu trứng cút nhà shop",0,1
tu_90bf4b4256ce762d,90bf4b4256ce762d,94161,Bánh Cuốn Nóng & Gà Ác Tần - Minh Khai,4.7,,neutral,{},befood_comment,"Sạch sẽ, Đóng gói tốt, Ngon xỉu, Đáng đồng tiền","Tên quán: Bánh Cuốn Nóng & Gà Ác Tần - Minh Khai
Nguồn: befood_comment
Rating người dùng: 4.7
Sentiment tổng hợp: neutral
Aspect sentiment: 
Nội dung review: Sạch sẽ, Đóng gói tốt, Ngon xỉu, Đáng đồng tiền",0,1
tu_108180174b27fc7a,108180174b27fc7a,94161,Bánh Cuốn Nóng & Gà Ác Tần - Minh Khai,4.7,,neutral,{},befood_comment,"Ngon xỉu, Đáng đồng tiền, Sạch sẽ, Đóng gói tốt","Tên quán: Bánh Cuốn Nóng & Gà Ác Tần - Minh Khai
Nguồn: befood_comment
Rating người dùng: 4.7
Sentiment tổng hợp: neutral
Aspect sentiment: 
Nội dung review: Ngon xỉu, Đáng đồng tiền, Sạch sẽ, Đóng gói tốt",0,1
tu_c6ba2bab4389fd23,c6ba2bab4389fd23,94161,Bánh Cuốn Nóng & Gà Ác Tần - Minh Khai,4.7,,neutral,{},befood_comment,Ngon xỉu,"Tên quán: Bánh Cuốn Nóng & Gà Ác Tần - Minh Khai
Nguồn: befood_comment
Rating người dùng: 4.7
Sentiment tổng hợp: neutral
Aspect sentiment: 
Nội dung review: Ngon xỉu",0,1
tu_a1e04e46c162547c,a1e04e46c162547c,94161,Bánh Cuốn Nóng & Gà Ác Tần - Minh Khai,4.7,,neutral,{},befood_comment,Đáng đồng tiền,"Tên quán: Bánh Cuốn Nóng & Gà Ác Tần - Minh Khai
Nguồn: befood_comment
Rating người dùng: 4.7
Sentiment tổng hợp: neutral
Aspect sentiment: 
Nội dung review: Đáng đồng tiền",0,1
tu_d2c3670085f4ff00,d2c3670085f4ff00,94161,Bánh Cuốn Nóng & Gà Ác Tần - Minh Khai,4.7,,neutral,{},befood_comment,Không đảm bảo vệ sinh,"Tên quán: Bánh Cuốn Nóng & Gà Ác Tần - Minh Khai
Nguồn: befood_comment
Rating người dùng: 4.7
Sentiment tổng hợp: neutral
Aspect sentiment: 
Nội dung review: Không đảm bảo vệ sinh",0,1
tu_ed697290ea2a7085,ed697290ea2a7085,28837,Gà Tần Huyền Anh - Phở Xào & Cơm Rang - Quỳnh Mai,4.7,,neutral,{},befood_comment,"Đáng đồng tiền, Ngon xỉu","Tên quán: Gà Tần Huyền Anh - Phở Xào & Cơm Rang - Quỳnh Mai
Nguồn: befood_comment
Rating người dùng: 4.7
Sentiment tổng hợp: neutral
Aspect sentiment: 
Nội dung review: Đáng đồng tiền, Ngon xỉu",0,1
tu_b2e2e3f598d35aae,b2e2e3f598d35aae,28837,Gà Tần Huyền Anh - Phở Xào & Cơm Rang - Quỳnh Mai,4.7,,neutral,{},befood_comment,Sạch sẽ,"Tên quán: Gà Tần Huyền Anh - Phở Xào & Cơm Rang - Quỳnh Mai
Nguồn: befood_comment
Rating người dùng: 4.7
Sentiment tổng hợp: neutral
Aspect sentiment: 
Nội dung review: Sạch sẽ",0,1
tu_5bf5f62cf749dd3b,5bf5f62cf749dd3b,28837,Gà Tần Huyền Anh - Phở Xào & Cơm Rang - Quỳnh Mai,4.7,,neutral,{},befood_comment,"Đáng đồng tiền, Đóng gói tốt, Sạch sẽ, Ngon xỉu","Tên quán: Gà Tần Huyền Anh - Phở Xào & Cơm Rang - Quỳnh Mai
Nguồn: befood_comment
Rating người dùng: 4.7
Sentiment tổng hợp: neutral
Aspect sentiment: 
Nội dung review: Đáng đồng tiền, Đóng gói tốt, Sạch sẽ, Ngon xỉu",0,1
tu_7f79d6b012d4205b,7f79d6b012d4205b,28837,Gà Tần Huyền Anh - Phở Xào & Cơm Rang - Quỳnh Mai,4.7,,neutral,{},befood_comment,"Óc hầm lá ngải quá mặn, cháo tim dai và lá thơm nên để bên ngoài lúc ăn khách tự cho vào sau, Không hợp khẩu vị","Tên quán: Gà Tần Huyền Anh - Phở Xào & Cơm Rang - Quỳnh Mai
Nguồn: befood_comment
Rating người dùng: 4.7
Sentiment tổng hợp: neutral
Aspect sentiment: 
Nội dung review: Óc hầm lá ngải quá mặn, cháo tim dai và lá thơm nên để bên ngoài lúc ăn khách tự cho vào sau, Không hợp khẩu vị",0,1
tu_9683b9776379a0e9,9683b9776379a0e9,28837,Gà Tần Huyền Anh - Phở Xào & Cơm Rang - Quỳnh Mai,4.7,,neutral,{},befood_comment,"nấu thế này thực sự khó ăn!, Không hợp khẩu vị","Tên quán: Gà Tần Huyền Anh - Phở Xào & Cơm Rang - Quỳnh Mai
Nguồn: befood_comment
Rating người dùng: 4.7
Sentiment tổng hợp: neutral
Aspect sentiment: 
Nội dung review: nấu thế này thực sự khó ăn!, Không hợp khẩu vị",0,1
tu_e6c19832c1bd3767,e6c19832c1bd3767,117760,OK Cơm Gà - Trương Định,4.7,,neutral,{},befood_comment,Không hợp khẩu vị,"Tên quán: OK Cơm Gà - Trương Định
Nguồn: befood_comment
Rating người dùng: 4.7
Sentiment tổng hợp: neutral
Aspect sentiment: 
Nội dung review: Không hợp khẩu vị",0,1
tu_78cf6b2b913bc687,78cf6b2b913bc687,33188,Hải Dung - Cơm Rang & Phở Xào - Quỳnh Mai,4.5,,neutral,{},befood_comment,"❤️, Đóng gói tốt","Tên quán: Hải Dung - Cơm Rang & Phở Xào - Quỳnh Mai
Nguồn: befood_comment
Rating người dùng: 4.5
Sentiment tổng hợp: neutral
Aspect sentiment: 
Nội dung review: ❤️, Đóng gói tốt",0,1
tu_a8b67f73cc613c9e,a8b67f73cc613c9e,33188,Hải Dung - Cơm Rang & Phở Xào - Quỳnh Mai,4.5,,neutral,{},befood_comment,"Đáng đồng tiền, Ngon xỉu, Sạch sẽ, Đóng gói tốt","Tên quán: Hải Dung - Cơm Rang & Phở Xào - Quỳnh Mai
Nguồn: befood_comment
Rating người dùng: 4.5
Sentiment tổng hợp: neutral
Aspect sentiment: 
Nội dung review: Đáng đồng tiền, Ngon xỉu, Sạch sẽ, Đóng gói tốt",0,1
tu_1f5d783f5d3a507e,1f5d783f5d3a507e,33188,Hải Dung - Cơm Rang & Phở Xào - Quỳnh Mai,4.5,,neutral,{},befood_comment,Đóng gói tốt,"Tên quán: Hải Dung - Cơm Rang & Phở Xào - Quỳnh Mai
Nguồn: befood_comment
Rating người dùng: 4.5
Sentiment tổng hợp: neutral
Aspect sentiment: 
Nội dung review: Đóng gói tốt",0,1
tu_fc3f5e5069707f9f,fc3f5e5069707f9f,33188,Hải Dung - Cơm Rang & Phở Xào - Quỳnh Mai,4.5,,neutral,{},befood_comment,Khá ngon,"Tên quán: Hải Dung - Cơm Rang & Phở Xào - Quỳnh Mai
Nguồn: befood_comment
Rating người dùng: 4.5
Sentiment tổng hợp: neutral
Aspect sentiment: 
Nội dung review: Khá ngon",0,1
tu_97d0e75e928cf661,97d0e75e928cf661,33188,Hải Dung - Cơm Rang & Phở Xào - Quỳnh Mai,4.5,,neutral,{},befood_comment,"phở xào quá nhiều mỡ, nếu ít mỡ hoặc ko có mỡ thì sẽ ngon hơn rất nhiều, mình mong quán sẽ giúp kinh nghiệm cho lần sau để những món ăn của quán làm có thể ngon hơn nữa, Khá ngon","Tên quán: Hải Dung - Cơm Rang & Phở Xào - Quỳnh Mai
Nguồn: befood_comment
Rating người dùng: 4.5
Sentiment tổng hợp: neutral
Aspect sentiment: 
Nội dung review: phở xào quá nhiều mỡ, nếu ít mỡ hoặc ko có mỡ thì sẽ ngon hơn rất nhiều, mình mong quán sẽ giúp kinh nghiệm cho lần sau để những món ăn của quán làm có thể ngon hơn nữa, Khá ngon",0,1
tu_cdfc9b9ef0376557,cdfc9b9ef0376557,33188,Hải Dung - Cơm Rang & Phở Xào - Quỳnh Mai,4.5,,neutral,{},befood_comment,"mình đã ghi chú cho quán cho ít mỡ thôi nhưng khi ăn phở xào quá nhiều mỡ, Không làm đúng ghi chú","Tên quán: Hải Dung - Cơm Rang & Phở Xào - Quỳnh Mai
Nguồn: befood_comment
Rating người dùng: 4.5
Sentiment tổng hợp: neutral
Aspect sentiment: 
Nội dung review: mình đã ghi chú cho quán cho ít mỡ thôi nhưng khi ăn phở xào quá nhiều mỡ, Không làm đúng ghi chú",0,1
tu_9f8864aa4b489e36,9f8864aa4b489e36,33188,Hải Dung - Cơm Rang & Phở Xào - Quỳnh Mai,4.5,,neutral,{},befood_comment,"Nấu như cám lợn, k có lần thứ 2, phở xào toàn nước nát bét","Tên quán: Hải Dung - Cơm Rang & Phở Xào - Quỳnh Mai
Nguồn: befood_comment
Rating người dùng: 4.5
Sentiment tổng hợp: neutral
Aspect sentiment: 
Nội dung review: Nấu như cám lợn, k có lần thứ 2, phở xào toàn nước nát bét",0,1
tu_095834879f75f67f,095834879f75f67f,33188,Hải Dung - Cơm Rang & Phở Xào - Quỳnh Mai,4.5,,neutral,{},befood_comment,"em ko sao, shop 1 sao :))) note ko hành ko rau, ko những ko làm theo note mà còn rất nhiều hành 🙂","Tên quán: Hải Dung - Cơm Rang & Phở Xào - Quỳnh Mai
Nguồn: befood_comment
Rating người dùng: 4.5
Sentiment tổng hợp: neutral
Aspect sentiment: 
Nội dung review: em ko sao, shop 1 sao :))) note ko hành ko rau, ko những ko làm theo note mà còn rất nhiều hành 🙂",0,1
tu_02eaa7112958cf39,02eaa7112958cf39,33188,Hải Dung - Cơm Rang & Phở Xào - Quỳnh Mai,4.5,,neutral,{},befood_comment,đóng gói cẩu thả đến nơi là đổ hết ra túi nilong nếu ko ấn nắp chặt thì đừng để hộp nữa bực mình,"Tên quán: Hải Dung - Cơm Rang & Phở Xào - Quỳnh Mai
Nguồn: befood_comment
Rating người dùng: 4.5
Sentiment tổng hợp: neutral
Aspect sentiment: 
Nội dung review: đóng gói cẩu thả đến nơi là đổ hết ra túi nilong nếu ko ấn nắp chặt thì đừng để hộp nữa bực mình",0,1
tu_aa81e068436db6eb,aa81e068436db6eb,33749,Phở Bò 288 - Phở Bò & Cơm Rang - Minh Khai,4.6,,neutral,{},befood_comment,Ngon xỉu,"Tên quán: Phở Bò 288 - Phở Bò & Cơm Rang - Minh Khai
Nguồn: befood_comment
Rating người dùng: 4.6
Sentiment tổng hợp: neutral
Aspect sentiment: 
Nội dung review: Ngon xỉu",0,1
tu_924169b553160c9d,924169b553160c9d,33749,Phở Bò 288 - Phở Bò & Cơm Rang - Minh Khai,4.6,,neutral,{},befood_comment,Đáng đồng tiền,"Tên quán: Phở Bò 288 - Phở Bò & Cơm Rang - Minh Khai
Nguồn: befood_comment
Rating người dùng: 4.6
Sentiment tổng hợp: neutral
Aspect sentiment: 
Nội dung review: Đáng đồng tiền",0,1
tu_54b9acd8f5a31dd2,54b9acd8f5a31dd2,33749,Phở Bò 288 - Phở Bò & Cơm Rang - Minh Khai,4.6,,neutral,{},befood_comment,"phở ăn ok mà làm sai hết món, Sai/Thiếu món","Tên quán: Phở Bò 288 - Phở Bò & Cơm Rang - Minh Khai
Nguồn: befood_comment
Rating người dùng: 4.6
Sentiment tổng hợp: neutral
Aspect sentiment: 
Nội dung review: phở ăn ok mà làm sai hết món, Sai/Thiếu món",0,1
tu_636b71425e0a2b9e,636b71425e0a2b9e,33749,Phở Bò 288 - Phở Bò & Cơm Rang - Minh Khai,4.6,,neutral,{},befood_comment,mình bỏ thêm tiền để cho thêm cái túi zip quán lại cho vào túi bóng,"Tên quán: Phở Bò 288 - Phở Bò & Cơm Rang - Minh Khai
Nguồn: befood_comment
Rating người dùng: 4.6
Sentiment tổng hợp: neutral
Aspect sentiment: 
Nội dung review: mình bỏ thêm tiền để cho thêm cái túi zip quán lại cho vào túi bóng",0,1
tu_2fd1d4191ec259a3,2fd1d4191ec259a3,33749,Phở Bò 288 - Phở Bò & Cơm Rang - Minh Khai,4.6,,neutral,{},befood_comment,đặt 2 phở 1 cơm giao 1 phở 1 cơm,"Tên quán: Phở Bò 288 - Phở Bò & Cơm Rang - Minh Khai
Nguồn: befood_comment
Rating người dùng: 4.6
Sentiment tổng hợp: neutral
Aspect sentiment: 
Nội dung review: đặt 2 phở 1 cơm giao 1 phở 1 cơm",0,1
tu_df2bf85f008c128c,df2bf85f008c128c,22455,Phở Cuốn Hoa Lan - Trần Hưng Đạo,4.8,,neutral,{},befood_comment,"giao phở mà để nước chung như này quả là thằng bán đại ngu!😩, Đóng gói chưa tốt","Tên quán: Phở Cuốn Hoa Lan - Trần Hưng Đạo
Nguồn: befood_comment
Rating người dùng: 4.8
Sentiment tổng hợp: neutral
Aspect sentiment: 
Nội dung review: giao phở mà để nước chung như này quả là thằng bán đại ngu!😩, Đóng gói chưa tốt",0,1
tu_972aa14caeb09cb2,972aa14caeb09cb2,22455,Phở Cuốn Hoa Lan - Trần Hưng Đạo,4.8,,neutral,{},befood_comment,Ngon xỉu,"Tên quán: Phở Cuốn Hoa Lan - Trần Hưng Đạo
Nguồn: befood_comment
Rating người dùng: 4.8
Sentiment tổng hợp: neutral
Aspect sentiment: 
Nội dung review: Ngon xỉu",0,1
tu_a0c66728340d293a,a0c66728340d293a,22455,Phở Cuốn Hoa Lan - Trần Hưng Đạo,4.8,,neutral,{},befood_comment,"Sạch sẽ, Đáng đồng tiền, Ngon xỉu, Đóng gói tốt","Tên quán: Phở Cuốn Hoa Lan - Trần Hưng Đạo
Nguồn: befood_comment
Rating người dùng: 4.8
Sentiment tổng hợp: neutral
Aspect sentiment: 
Nội dung review: Sạch sẽ, Đáng đồng tiền, Ngon xỉu, Đóng gói tốt",0,1
tu_e9eb2557d4ad64af,e9eb2557d4ad64af,22455,Phở Cuốn Hoa Lan - Trần Hưng Đạo,4.8,,neutral,{},befood_comment,"80k 1 suất cơm sườn ntn, coi có giống ảnh mô tả chút nào không? hỏi thật bán như thế này có thấy cắn rứt lương tâm không ạ????","Tên quán: Phở Cuốn Hoa Lan - Trần Hưng Đạo
Nguồn: befood_comment
Rating người dùng: 4.8
Sentiment tổng hợp: neutral
Aspect sentiment: 
Nội dung review: 80k 1 suất cơm sườn ntn, coi có giống ảnh mô tả chút nào không? hỏi thật bán như thế này có thấy cắn rứt lương tâm không ạ????",0,1
tu_8c781e7c90c675af,8c781e7c90c675af,22455,Phở Cuốn Hoa Lan - Trần Hưng Đạo,4.8,,neutral,{},befood_comment,nay ăn thấy thịt bò dai và nhiều gân mỡ quá. phở chiên trứng hơi ngấm dầu,"Tên quán: Phở Cuốn Hoa Lan - Trần Hưng Đạo
Nguồn: befood_comment
Rating người dùng: 4.8
Sentiment tổng hợp: neutral
Aspect sentiment: 
Nội dung review: nay ăn thấy thịt bò dai và nhiều gân mỡ quá. phở chiên trứng hơi ngấm dầu",0,1
tu_cfbe21c057cd6d88,cfbe21c057cd6d88,14976,Cơm Sườn Cay HiMC - Hà Kế Tấn,4.9,,neutral,{},befood_comment,"Đáng đồng tiền, Đóng gói tốt, Sạch sẽ, Ngon xỉu","Tên quán: Cơm Sườn Cay HiMC - Hà Kế Tấn
Nguồn: befood_comment
Rating người dùng: 4.9
Sentiment tổng hợp: neutral
Aspect sentiment: 
Nội dung review: Đáng đồng tiền, Đóng gói tốt, Sạch sẽ, Ngon xỉu",0,1
tu_c6ce8cd5f4d49254,c6ce8cd5f4d49254,14976,Cơm Sườn Cay HiMC - Hà Kế Tấn,4.9,,neutral,{},befood_comment,"Ngon xỉu, Đáng đồng tiền, Sạch sẽ, Đóng gói tốt","Tên quán: Cơm Sườn Cay HiMC - Hà Kế Tấn
Nguồn: befood_comment
Rating người dùng: 4.9
Sentiment tổng hợp: neutral
Aspect sentiment: 
Nội dung review: Ngon xỉu, Đáng đồng tiền, Sạch sẽ, Đóng gói tốt",0,1
tu_c4a3ecf19f8fe8ae,c4a3ecf19f8fe8ae,14976,Cơm Sườn Cay HiMC - Hà Kế Tấn,4.9,,neutral,{},befood_comment,"Đóng gói tốt, Ngon xỉu, Đáng đồng tiền, Sạch sẽ","Tên quán: Cơm Sườn Cay HiMC - Hà Kế Tấn
Nguồn: befood_comment
Rating người dùng: 4.9
Sentiment tổng hợp: neutral
Aspect sentiment: 
Nội dung review: Đóng gói tốt, Ngon xỉu, Đáng đồng tiền, Sạch sẽ",0,1
tu_38b56ac64679d1ce,38b56ac64679d1ce,14976,Cơm Sườn Cay HiMC - Hà Kế Tấn,4.9,,neutral,{},befood_comment,"ăn nhiều lần r nhma vẫn cứ có vài lần bị kh đúng ý, nước thì kh có ống hút, gọi thêm rong biển thì giao thiếu rong biển?, Sai/Thiếu món","Tên quán: Cơm Sườn Cay HiMC - Hà Kế Tấn
Nguồn: befood_comment
Rating người dùng: 4.9
Sentiment tổng hợp: neutral
Aspect sentiment: 
Nội dung review: ăn nhiều lần r nhma vẫn cứ có vài lần bị kh đúng ý, nước thì kh có ống hút, gọi thêm rong biển thì giao thiếu rong biển?, Sai/Thiếu món",0,1
tu_3cc9d4210bbfcd8f,3cc9d4210bbfcd8f,14976,Cơm Sườn Cay HiMC - Hà Kế Tấn,4.9,,neutral,{},befood_comment,quán quá ok có thạch dai tặng đúng cơm thì 10đ,"Tên quán: Cơm Sườn Cay HiMC - Hà Kế Tấn
Nguồn: befood_comment
Rating người dùng: 4.9
Sentiment tổng hợp: neutral
Aspect sentiment: 
Nội dung review: quán quá ok có thạch dai tặng đúng cơm thì 10đ",0,1
tu_0518770f0d6dbabf,0518770f0d6dbabf,118507,"Bánh Cuốn, Bún Trộn Đức Anh - Trần Hữu Tước",4.7,,neutral,{},befood_comment,"4 miếng chả, 5-6 thanh bánh cuốn, hành phi được đóng riêng vào túi zip, có rau ăn kèm nhưng mình không ăn được loại đó nên không bỏ vô bát, nước mắm để vào ly nhựa nhỏ riêng. Bánh cuốn nhân nhiều, Ngon xỉu, Đóng gói tốt, Sạch sẽ","Tên quán: Bánh Cuốn, Bún Trộn Đức Anh - Trần Hữu Tước
Nguồn: befood_comment
Rating người dùng: 4.7
Sentiment tổng hợp: neutral
Aspect sentiment: 
Nội dung review: 4 miếng chả, 5-6 thanh bánh cuốn, hành phi được đóng riêng vào túi zip, có rau ăn kèm nhưng mình không ăn được loại đó nên không bỏ vô bát, nước mắm để vào ly nhựa nhỏ riêng. Bánh cuốn nhân nhiều, Ngon xỉu, Đóng gói tốt, Sạch sẽ",0,1
tu_49383b0941231112,49383b0941231112,118507,"Bánh Cuốn, Bún Trộn Đức Anh - Trần Hữu Tước",4.7,,neutral,{},befood_comment,"rất ngon, bánh nóng, nước chấm vừa vị, Ngon xỉu, Đáng đồng tiền","Tên quán: Bánh Cuốn, Bún Trộn Đức Anh - Trần Hữu Tước
Nguồn: befood_comment
Rating người dùng: 4.7
Sentiment tổng hợp: neutral
Aspect sentiment: 
Nội dung review: rất ngon, bánh nóng, nước chấm vừa vị, Ngon xỉu, Đáng đồng tiền",0,1
tu_0690b4f513a1009b,0690b4f513a1009b,118507,"Bánh Cuốn, Bún Trộn Đức Anh - Trần Hữu Tước",4.7,,neutral,{},befood_comment,"Ngon xỉu, Đáng đồng tiền, Đóng gói tốt, Sạch sẽ","Tên quán: Bánh Cuốn, Bún Trộn Đức Anh - Trần Hữu Tước
Nguồn: befood_comment
Rating người dùng: 4.7
Sentiment tổng hợp: neutral
Aspect sentiment: 
Nội dung review: Ngon xỉu, Đáng đồng tiền, Đóng gói tốt, Sạch sẽ",0,1
tu_58240b758d2a6229,58240b758d2a6229,118507,"Bánh Cuốn, Bún Trộn Đức Anh - Trần Hữu Tước",4.7,,neutral,{},befood_comment,"Sạch sẽ, Đóng gói tốt","Tên quán: Bánh Cuốn, Bún Trộn Đức Anh - Trần Hữu Tước
Nguồn: befood_comment
Rating người dùng: 4.7
Sentiment tổng hợp: neutral
Aspect sentiment: 
Nội dung review: Sạch sẽ, Đóng gói tốt",0,1
tu_00062a63fdf0af06,00062a63fdf0af06,118507,"Bánh Cuốn, Bún Trộn Đức Anh - Trần Hữu Tước",4.7,,neutral,{},befood_comment,Giá hơi đắt,"Tên quán: Bánh Cuốn, Bún Trộn Đức Anh - Trần Hữu Tước
Nguồn: befood_comment
Rating người dùng: 4.7
Sentiment tổng hợp: neutral
Aspect sentiment: 
Nội dung review: Giá hơi đắt",0,1
tu_cff58d2c4ad26ba5,cff58d2c4ad26ba5,118507,"Bánh Cuốn, Bún Trộn Đức Anh - Trần Hữu Tước",4.7,,neutral,{},befood_comment,kh thích có hạt tiêu,"Tên quán: Bánh Cuốn, Bún Trộn Đức Anh - Trần Hữu Tước
Nguồn: befood_comment
Rating người dùng: 4.7
Sentiment tổng hợp: neutral
Aspect sentiment: 
Nội dung review: kh thích có hạt tiêu",0,1
tu_578412fd0c97a27b,578412fd0c97a27b,128321,"Cơm, Phở Xào & Miến Xào - Cù Chính Lan",5.0,,neutral,{},befood_comment,"Ngon xỉu, Đáng đồng tiền, Sạch sẽ, Đóng gói tốt","Tên quán: Cơm, Phở Xào & Miến Xào - Cù Chính Lan
Nguồn: befood_comment
Rating người dùng: 5.0
Sentiment tổng hợp: neutral
Aspect sentiment: 
Nội dung review: Ngon xỉu, Đáng đồng tiền, Sạch sẽ, Đóng gói tốt",0,1
tu_69f1e84d1d3282f6,69f1e84d1d3282f6,116156,Phở Vịt Quay & Bánh Cuốn Cao Bằng - Định Công,4.0,,neutral,{},befood_comment,"mình đặt ở trên app là tào Phớ chứ mình không đặt nước đậu. kể cả quán có hết như thế nào cũng phải gọi xác nhận đổi món chứ k dc tự ý như thế ạ., Sai/Thiếu món","Tên quán: Phở Vịt Quay & Bánh Cuốn Cao Bằng - Định Công
Nguồn: befood_comment
Rating người dùng: 4.0
Sentiment tổng hợp: neutral
Aspect sentiment: 
Nội dung review: mình đặt ở trên app là tào Phớ chứ mình không đặt nước đậu. kể cả quán có hết như thế nào cũng phải gọi xác nhận đổi món chứ k dc tự ý như thế ạ., Sai/Thiếu món",0,1
tu_fb41ef915d04e62b,fb41ef915d04e62b,116156,Phở Vịt Quay & Bánh Cuốn Cao Bằng - Định Công,4.0,,neutral,{},befood_comment,"Ngon xỉu, Sạch sẽ, Đáng đồng tiền, Đóng gói tốt","Tên quán: Phở Vịt Quay & Bánh Cuốn Cao Bằng - Định Công
Nguồn: befood_comment
Rating người dùng: 4.0
Sentiment tổng hợp: neutral
Aspect sentiment: 
Nội dung review: Ngon xỉu, Sạch sẽ, Đáng đồng tiền, Đóng gói tốt",0,1
tu_a097830609bf55e2,a097830609bf55e2,116156,Phở Vịt Quay & Bánh Cuốn Cao Bằng - Định Công,4.0,,neutral,{},befood_comment,"Ngon xỉu, Đáng đồng tiền, Sạch sẽ, Đóng gói tốt","Tên quán: Phở Vịt Quay & Bánh Cuốn Cao Bằng - Định Công
Nguồn: befood_comment
Rating người dùng: 4.0
Sentiment tổng hợp: neutral
Aspect sentiment: 
Nội dung review: Ngon xỉu, Đáng đồng tiền, Sạch sẽ, Đóng gói tốt",0,1
tu_305704b027977324,305704b027977324,116156,Phở Vịt Quay & Bánh Cuốn Cao Bằng - Định Công,4.0,,neutral,{},befood_comment,"Đáng đồng tiền, Ngon xỉu, Đóng gói tốt, Sạch sẽ","Tên quán: Phở Vịt Quay & Bánh Cuốn Cao Bằng - Định Công
Nguồn: befood_comment
Rating người dùng: 4.0
Sentiment tổng hợp: neutral
Aspect sentiment: 
Nội dung review: Đáng đồng tiền, Ngon xỉu, Đóng gói tốt, Sạch sẽ",0,1
tu_28b7f72bf6ffea00,28b7f72bf6ffea00,116156,Phở Vịt Quay & Bánh Cuốn Cao Bằng - Định Công,4.0,,neutral,{},befood_comment,20k mà ít nc đường quá. gọi bánh trứng vàng lòng đào mà thấy k giống ảnh,"Tên quán: Phở Vịt Quay & Bánh Cuốn Cao Bằng - Định Công
Nguồn: befood_comment
Rating người dùng: 4.0
Sentiment tổng hợp: neutral
Aspect sentiment: 
Nội dung review: 20k mà ít nc đường quá. gọi bánh trứng vàng lòng đào mà thấy k giống ảnh",0,1
tu_123bc47d81b24eb4,123bc47d81b24eb4,116156,Phở Vịt Quay & Bánh Cuốn Cao Bằng - Định Công,4.0,,neutral,{},befood_comment,lần đầu đặt đc 1 cái quán vừa sạch sẽ vưad ngon lại cẩn thận như này chúc nhà hàng làm ăn phá đạt ạ,"Tên quán: Phở Vịt Quay & Bánh Cuốn Cao Bằng - Định Công
Nguồn: befood_comment
Rating người dùng: 4.0
Sentiment tổng hợp: neutral
Aspect sentiment: 
Nội dung review: lần đầu đặt đc 1 cái quán vừa sạch sẽ vưad ngon lại cẩn thận như này chúc nhà hàng làm ăn phá đạt ạ",0,1
tu_4edb2c06a6cdbdf4,4edb2c06a6cdbdf4,116156,Phở Vịt Quay & Bánh Cuốn Cao Bằng - Định Công,4.0,,neutral,{},befood_comment,"hình ảnh ko như món, quá tệ","Tên quán: Phở Vịt Quay & Bánh Cuốn Cao Bằng - Định Công
Nguồn: befood_comment
Rating người dùng: 4.0
Sentiment tổng hợp: neutral
Aspect sentiment: 
Nội dung review: hình ảnh ko như món, quá tệ",0,1
tu_5f337291ce14521e,5f337291ce14521e,41570,Bánh Cuốn Nóng Hương Thơm - Tràng Tiền,4.2,,neutral,{},befood_comment,"50k một xuất mà ít, Sai/Thiếu món","Tên quán: Bánh Cuốn Nóng Hương Thơm - Tràng Tiền
Nguồn: befood_comment
Rating người dùng: 4.2
Sentiment tổng hợp: neutral
Aspect sentiment: 
Nội dung review: 50k một xuất mà ít, Sai/Thiếu món",0,1
tu_fae9911eb6b9b3eb,fae9911eb6b9b3eb,41570,Bánh Cuốn Nóng Hương Thơm - Tràng Tiền,4.2,,neutral,{},befood_comment,Ngon xỉu,"Tên quán: Bánh Cuốn Nóng Hương Thơm - Tràng Tiền
Nguồn: befood_comment
Rating người dùng: 4.2
Sentiment tổng hợp: neutral
Aspect sentiment: 
Nội dung review: Ngon xỉu",0,1
tu_7ca95072c9c8a096,7ca95072c9c8a096,41570,Bánh Cuốn Nóng Hương Thơm - Tràng Tiền,4.2,,neutral,{},befood_comment,Sạch sẽ,"Tên quán: Bánh Cuốn Nóng Hương Thơm - Tràng Tiền
Nguồn: befood_comment
Rating người dùng: 4.2
Sentiment tổng hợp: neutral
Aspect sentiment: 
Nội dung review: Sạch sẽ",0,1
tu_24e217c0f397d60b,24e217c0f397d60b,41570,Bánh Cuốn Nóng Hương Thơm - Tràng Tiền,4.2,,neutral,{},befood_comment,Giá hơi đắt,"Tên quán: Bánh Cuốn Nóng Hương Thơm - Tràng Tiền
Nguồn: befood_comment
Rating người dùng: 4.2
Sentiment tổng hợp: neutral
Aspect sentiment: 
Nội dung review: Giá hơi đắt",0,1
tu_c7e128865323f362,c7e128865323f362,41570,Bánh Cuốn Nóng Hương Thơm - Tràng Tiền,4.2,,neutral,{},befood_comment,Khá ngon,"Tên quán: Bánh Cuốn Nóng Hương Thơm - Tràng Tiền
Nguồn: befood_comment
Rating người dùng: 4.2
Sentiment tổng hợp: neutral
Aspect sentiment: 
Nội dung review: Khá ngon",0,1
tu_b46e5a8805ceede1,b46e5a8805ceede1,41570,Bánh Cuốn Nóng Hương Thơm - Tràng Tiền,4.2,,neutral,{},befood_comment,đồ ăn lèo tèo đ đáng tiền bỏ ra cho 50k 1 xuất lèo tèo,"Tên quán: Bánh Cuốn Nóng Hương Thơm - Tràng Tiền
Nguồn: befood_comment
Rating người dùng: 4.2
Sentiment tổng hợp: neutral
Aspect sentiment: 
Nội dung review: đồ ăn lèo tèo đ đáng tiền bỏ ra cho 50k 1 xuất lèo tèo",0,1
tu_8ba7323f91f07f7f,8ba7323f91f07f7f,20226,Phở Lưu - Phở Bò & Cơm Rang - Tam Trinh,4.5,,neutral,{},befood_comment,Sạch sẽ,"Tên quán: Phở Lưu - Phở Bò & Cơm Rang - Tam Trinh
Nguồn: befood_comment
Rating người dùng: 4.5
Sentiment tổng hợp: neutral
Aspect sentiment: 
Nội dung review: Sạch sẽ",0,1
tu_4139c6353d2233cd,4139c6353d2233cd,20226,Phở Lưu - Phở Bò & Cơm Rang - Tam Trinh,4.5,,neutral,{},befood_comment,"Ngon xỉu, Đáng đồng tiền, Sạch sẽ, Đóng gói tốt","Tên quán: Phở Lưu - Phở Bò & Cơm Rang - Tam Trinh
Nguồn: befood_comment
Rating người dùng: 4.5
Sentiment tổng hợp: neutral
Aspect sentiment: 
Nội dung review: Ngon xỉu, Đáng đồng tiền, Sạch sẽ, Đóng gói tốt",0,1
tu_e073f91d3c94dac0,e073f91d3c94dac0,20226,Phở Lưu - Phở Bò & Cơm Rang - Tam Trinh,4.5,,neutral,{},befood_comment,Ngon xỉu,"Tên quán: Phở Lưu - Phở Bò & Cơm Rang - Tam Trinh
Nguồn: befood_comment
Rating người dùng: 4.5
Sentiment tổng hợp: neutral
Aspect sentiment: 
Nội dung review: Ngon xỉu",0,1
tu_15ce37a3fc210405,15ce37a3fc210405,20226,Phở Lưu - Phở Bò & Cơm Rang - Tam Trinh,4.5,,neutral,{},befood_comment,Khá ngon,"Tên quán: Phở Lưu - Phở Bò & Cơm Rang - Tam Trinh
Nguồn: befood_comment
Rating người dùng: 4.5
Sentiment tổng hợp: neutral
Aspect sentiment: 
Nội dung review: Khá ngon",0,1
tu_63aef39458e813f3,63aef39458e813f3,20226,Phở Lưu - Phở Bò & Cơm Rang - Tam Trinh,4.5,,neutral,{},befood_comment,Không hợp khẩu vị,"Tên quán: Phở Lưu - Phở Bò & Cơm Rang - Tam Trinh
Nguồn: befood_comment
Rating người dùng: 4.5
Sentiment tổng hợp: neutral
Aspect sentiment: 
Nội dung review: Không hợp khẩu vị",0,1
tu_ab4fd7bac4f304d9,ab4fd7bac4f304d9,20226,Phở Lưu - Phở Bò & Cơm Rang - Tam Trinh,4.5,,neutral,{},befood_comment,"cơm rang dưa bò nhưng đc vài lát dưa,vài miếng thịt bò,quá tệ còn phở xào thì về con m ăn hết rồi nên k biết có như vậy k","Tên quán: Phở Lưu - Phở Bò & Cơm Rang - Tam Trinh
Nguồn: befood_comment
Rating người dùng: 4.5
Sentiment tổng hợp: neutral
Aspect sentiment: 
Nội dung review: cơm rang dưa bò nhưng đc vài lát dưa,vài miếng thịt bò,quá tệ còn phở xào thì về con m ăn hết rồi nên k biết có như vậy k",0,1
tu_c670adc635105e01,c670adc635105e01,20226,Phở Lưu - Phở Bò & Cơm Rang - Tam Trinh,4.5,,neutral,{},befood_comment,"thịt vụn, ít nước dùng nhìn mất khẩu vị","Tên quán: Phở Lưu - Phở Bò & Cơm Rang - Tam Trinh
Nguồn: befood_comment
Rating người dùng: 4.5
Sentiment tổng hợp: neutral
Aspect sentiment: 
Nội dung review: thịt vụn, ít nước dùng nhìn mất khẩu vị",0,1
tu_81e6dee6d74d0104,81e6dee6d74d0104,21224,Phở Cồ Gia Truyền - Phở Bò & Cơm Rang,4.7,,neutral,{},befood_comment,"Sạch sẽ, Đáng đồng tiền, Ngon xỉu, Đóng gói tốt","Tên quán: Phở Cồ Gia Truyền - Phở Bò & Cơm Rang
Nguồn: befood_comment
Rating người dùng: 4.7
Sentiment tổng hợp: neutral
Aspect sentiment: 
Nội dung review: Sạch sẽ, Đáng đồng tiền, Ngon xỉu, Đóng gói tốt",0,1
tu_803240130b3f53fc,803240130b3f53fc,21224,Phở Cồ Gia Truyền - Phở Bò & Cơm Rang,4.7,,neutral,{},befood_comment,"Ngon xỉu, Đáng đồng tiền","Tên quán: Phở Cồ Gia Truyền - Phở Bò & Cơm Rang
Nguồn: befood_comment
Rating người dùng: 4.7
Sentiment tổng hợp: neutral
Aspect sentiment: 
Nội dung review: Ngon xỉu, Đáng đồng tiền",0,1
tu_72edfcf1086c8f8f,72edfcf1086c8f8f,21224,Phở Cồ Gia Truyền - Phở Bò & Cơm Rang,4.7,,neutral,{},befood_comment,Đóng gói chưa tốt,"Tên quán: Phở Cồ Gia Truyền - Phở Bò & Cơm Rang
Nguồn: befood_comment
Rating người dùng: 4.7
Sentiment tổng hợp: neutral
Aspect sentiment: 
Nội dung review: Đóng gói chưa tốt",0,1
tu_885efe17b42fb6b4,885efe17b42fb6b4,21224,Phở Cồ Gia Truyền - Phở Bò & Cơm Rang,4.7,,neutral,{},befood_comment,đồ ăn ko hợp vs tôi,"Tên quán: Phở Cồ Gia Truyền - Phở Bò & Cơm Rang
Nguồn: befood_comment
Rating người dùng: 4.7
Sentiment tổng hợp: neutral
Aspect sentiment: 
Nội dung review: đồ ăn ko hợp vs tôi",0,1
tu_9de274b5ebfc4142,9de274b5ebfc4142,21224,Phở Cồ Gia Truyền - Phở Bò & Cơm Rang,4.7,,neutral,{},befood_comment,ít thịt lắm í sốp😞,"Tên quán: Phở Cồ Gia Truyền - Phở Bò & Cơm Rang
Nguồn: befood_comment
Rating người dùng: 4.7
Sentiment tổng hợp: neutral
Aspect sentiment: 
Nội dung review: ít thịt lắm í sốp😞",0,1
tu_dcb3005ac6b82138,dcb3005ac6b82138,7240,"Cơm Gà, Mì Cay & Mì Trộn Bếp Nhà Cám - Tôn Đức Thắng",4.7,,neutral,{},befood_comment,"đùi gà còn sống luôn , ăn tanh dai lắm shop ạ, Không đảm bảo vệ sinh","Tên quán: Cơm Gà, Mì Cay & Mì Trộn Bếp Nhà Cám - Tôn Đức Thắng
Nguồn: befood_comment
Rating người dùng: 4.7
Sentiment tổng hợp: neutral
Aspect sentiment: 
Nội dung review: đùi gà còn sống luôn , ăn tanh dai lắm shop ạ, Không đảm bảo vệ sinh",0,1
tu_fade3a499de6bcea,fade3a499de6bcea,7240,"Cơm Gà, Mì Cay & Mì Trộn Bếp Nhà Cám - Tôn Đức Thắng",4.7,,neutral,{},befood_comment,Ngon xỉu,"Tên quán: Cơm Gà, Mì Cay & Mì Trộn Bếp Nhà Cám - Tôn Đức Thắng
Nguồn: befood_comment
Rating người dùng: 4.7
Sentiment tổng hợp: neutral
Aspect sentiment: 
Nội dung review: Ngon xỉu",0,1
tu_f27682e94a3a259e,f27682e94a3a259e,7240,"Cơm Gà, Mì Cay & Mì Trộn Bếp Nhà Cám - Tôn Đức Thắng",4.7,,neutral,{},befood_comment,"Ngon xỉu, Đóng gói tốt, Đáng đồng tiền, Sạch sẽ","Tên quán: Cơm Gà, Mì Cay & Mì Trộn Bếp Nhà Cám - Tôn Đức Thắng
Nguồn: befood_comment
Rating người dùng: 4.7
Sentiment tổng hợp: neutral
Aspect sentiment: 
Nội dung review: Ngon xỉu, Đóng gói tốt, Đáng đồng tiền, Sạch sẽ",0,1
tu_0df4d3250026da58,0df4d3250026da58,7240,"Cơm Gà, Mì Cay & Mì Trộn Bếp Nhà Cám - Tôn Đức Thắng",4.7,,neutral,{},befood_comment,"Ngon xỉu, Sạch sẽ","Tên quán: Cơm Gà, Mì Cay & Mì Trộn Bếp Nhà Cám - Tôn Đức Thắng
Nguồn: befood_comment
Rating người dùng: 4.7
Sentiment tổng hợp: neutral
Aspect sentiment: 
Nội dung review: Ngon xỉu, Sạch sẽ",0,1
tu_9899451e4d6327e2,9899451e4d6327e2,7240,"Cơm Gà, Mì Cay & Mì Trộn Bếp Nhà Cám - Tôn Đức Thắng",4.7,,neutral,{},befood_comment,Giá hơi đắt,"Tên quán: Cơm Gà, Mì Cay & Mì Trộn Bếp Nhà Cám - Tôn Đức Thắng
Nguồn: befood_comment
Rating người dùng: 4.7
Sentiment tổng hợp: neutral
Aspect sentiment: 
Nội dung review: Giá hơi đắt",0,1
tu_b6ab95447dcc8608,b6ab95447dcc8608,7240,"Cơm Gà, Mì Cay & Mì Trộn Bếp Nhà Cám - Tôn Đức Thắng",4.7,,neutral,{},befood_comment,Không hợp khẩu vị,"Tên quán: Cơm Gà, Mì Cay & Mì Trộn Bếp Nhà Cám - Tôn Đức Thắng
Nguồn: befood_comment
Rating người dùng: 4.7
Sentiment tổng hợp: neutral
Aspect sentiment: 
Nội dung review: Không hợp khẩu vị",0,1
tu_cd1a06d0425f588d,cd1a06d0425f588d,7240,"Cơm Gà, Mì Cay & Mì Trộn Bếp Nhà Cám - Tôn Đức Thắng",4.7,,neutral,{},befood_comment,"ăn ổn, cho nhiều cháy quá","Tên quán: Cơm Gà, Mì Cay & Mì Trộn Bếp Nhà Cám - Tôn Đức Thắng
Nguồn: befood_comment
Rating người dùng: 4.7
Sentiment tổng hợp: neutral
Aspect sentiment: 
Nội dung review: ăn ổn, cho nhiều cháy quá",0,1
tu_a4427c39f814186a,a4427c39f814186a,7240,"Cơm Gà, Mì Cay & Mì Trộn Bếp Nhà Cám - Tôn Đức Thắng",4.7,,neutral,{},befood_comment,ít!,"Tên quán: Cơm Gà, Mì Cay & Mì Trộn Bếp Nhà Cám - Tôn Đức Thắng
Nguồn: befood_comment
Rating người dùng: 4.7
Sentiment tổng hợp: neutral
Aspect sentiment: 
Nội dung review: ít!",0,1
tu_2a45f3e816bc0b7f,2a45f3e816bc0b7f,7240,"Cơm Gà, Mì Cay & Mì Trộn Bếp Nhà Cám - Tôn Đức Thắng",4.7,,neutral,{},befood_comment,"không ngon , như ăn mì tôm thường 😤","Tên quán: Cơm Gà, Mì Cay & Mì Trộn Bếp Nhà Cám - Tôn Đức Thắng
Nguồn: befood_comment
Rating người dùng: 4.7
Sentiment tổng hợp: neutral
Aspect sentiment: 
Nội dung review: không ngon , như ăn mì tôm thường 😤",0,1
tu_70c36e1765f93ba0,70c36e1765f93ba0,7240,"Cơm Gà, Mì Cay & Mì Trộn Bếp Nhà Cám - Tôn Đức Thắng",4.7,,neutral,{},befood_comment,"mì cay 65k mà lèo tèo vài miếng toàn viên thả lẩu, tok mặn nch chán","Tên quán: Cơm Gà, Mì Cay & Mì Trộn Bếp Nhà Cám - Tôn Đức Thắng
Nguồn: befood_comment
Rating người dùng: 4.7
Sentiment tổng hợp: neutral
Aspect sentiment: 
Nội dung review: mì cay 65k mà lèo tèo vài miếng toàn viên thả lẩu, tok mặn nch chán",0,1
tu_22ad1ca3b4b083d7,22ad1ca3b4b083d7,20472,"Bánh Cuốn, Bún Chả & Gà Tần - Đền Lừ 2",4.7,,neutral,{},befood_comment,"1 suất đầy đặn, nước mắm tới nơi còn nóng. Tuy nhiên quán không cho quất với ớt nên nước chấm ăn bị hơi ngọt và mặn, Đóng gói tốt, Sạch sẽ","Tên quán: Bánh Cuốn, Bún Chả & Gà Tần - Đền Lừ 2
Nguồn: befood_comment
Rating người dùng: 4.7
Sentiment tổng hợp: neutral
Aspect sentiment: 
Nội dung review: 1 suất đầy đặn, nước mắm tới nơi còn nóng. Tuy nhiên quán không cho quất với ớt nên nước chấm ăn bị hơi ngọt và mặn, Đóng gói tốt, Sạch sẽ",0,1
tu_397d9bd437576690,397d9bd437576690,20472,"Bánh Cuốn, Bún Chả & Gà Tần - Đền Lừ 2",4.7,,neutral,{},befood_comment,"lần đầu tiên order của quán mà bất ngờ vì quán cho nhiều hành phi với chu đáo cho cả mình bát xốp đựng nước chấm >< mình ăn hết kh bỏ cái gì 🫶🏻 nước chấm hơi mặn tẹo nếu quán cho nhạt đi xíu thì quá tuyệt ạ, Ngon xỉu, Đáng đồng tiền, Sạch sẽ, Đóng gói tốt","Tên quán: Bánh Cuốn, Bún Chả & Gà Tần - Đền Lừ 2
Nguồn: befood_comment
Rating người dùng: 4.7
Sentiment tổng hợp: neutral
Aspect sentiment: 
Nội dung review: lần đầu tiên order của quán mà bất ngờ vì quán cho nhiều hành phi với chu đáo cho cả mình bát xốp đựng nước chấm >< mình ăn hết kh bỏ cái gì 🫶🏻 nước chấm hơi mặn tẹo nếu quán cho nhạt đi xíu thì quá tuyệt ạ, Ngon xỉu, Đáng đồng tiền, Sạch sẽ, Đóng gói tốt",0,1
tu_e32e548e17bf2087,e32e548e17bf2087,20472,"Bánh Cuốn, Bún Chả & Gà Tần - Đền Lừ 2",4.7,,neutral,{},befood_comment,"Đáng đồng tiền, Ngon xỉu, Đóng gói tốt, Sạch sẽ","Tên quán: Bánh Cuốn, Bún Chả & Gà Tần - Đền Lừ 2
Nguồn: befood_comment
Rating người dùng: 4.7
Sentiment tổng hợp: neutral
Aspect sentiment: 
Nội dung review: Đáng đồng tiền, Ngon xỉu, Đóng gói tốt, Sạch sẽ",0,1
tu_234ae85c38421956,234ae85c38421956,20472,"Bánh Cuốn, Bún Chả & Gà Tần - Đền Lừ 2",4.7,,neutral,{},befood_comment,"Sạch sẽ, Ngon xỉu, Đóng gói tốt, Đáng đồng tiền","Tên quán: Bánh Cuốn, Bún Chả & Gà Tần - Đền Lừ 2
Nguồn: befood_comment
Rating người dùng: 4.7
Sentiment tổng hợp: neutral
Aspect sentiment: 
Nội dung review: Sạch sẽ, Ngon xỉu, Đóng gói tốt, Đáng đồng tiền",0,1
tu_dae7119178429e30,dae7119178429e30,20472,"Bánh Cuốn, Bún Chả & Gà Tần - Đền Lừ 2",4.7,,neutral,{},befood_comment,Ngon xỉu,"Tên quán: Bánh Cuốn, Bún Chả & Gà Tần - Đền Lừ 2
Nguồn: befood_comment
Rating người dùng: 4.7
Sentiment tổng hợp: neutral
Aspect sentiment: 
Nội dung review: Ngon xỉu",0,1
tu_395872300db4c8e6,395872300db4c8e6,20472,"Bánh Cuốn, Bún Chả & Gà Tần - Đền Lừ 2",4.7,,neutral,{},befood_comment,Đóng gói tốt,"Tên quán: Bánh Cuốn, Bún Chả & Gà Tần - Đền Lừ 2
Nguồn: befood_comment
Rating người dùng: 4.7
Sentiment tổng hợp: neutral
Aspect sentiment: 
Nội dung review: Đóng gói tốt",0,1
tu_85d24aa19395ebaa,85d24aa19395ebaa,20472,"Bánh Cuốn, Bún Chả & Gà Tần - Đền Lừ 2",4.7,,neutral,{},befood_comment,"quán cả 2 lần đều không đọc note. thiếu quất. note trứng chảy mà làm trứng chín ăn làm sao được ?, Không làm đúng ghi chú","Tên quán: Bánh Cuốn, Bún Chả & Gà Tần - Đền Lừ 2
Nguồn: befood_comment
Rating người dùng: 4.7
Sentiment tổng hợp: neutral
Aspect sentiment: 
Nội dung review: quán cả 2 lần đều không đọc note. thiếu quất. note trứng chảy mà làm trứng chín ăn làm sao được ?, Không làm đúng ghi chú",0,1
tu_068e2e65c4ae67f3,068e2e65c4ae67f3,20472,"Bánh Cuốn, Bún Chả & Gà Tần - Đền Lừ 2",4.7,,neutral,{},befood_comment,hơi ngấy,"Tên quán: Bánh Cuốn, Bún Chả & Gà Tần - Đền Lừ 2
Nguồn: befood_comment
Rating người dùng: 4.7
Sentiment tổng hợp: neutral
Aspect sentiment: 
Nội dung review: hơi ngấy",0,1
tu_91a32c56f5568835,91a32c56f5568835,20472,"Bánh Cuốn, Bún Chả & Gà Tần - Đền Lừ 2",4.7,,neutral,{},befood_comment,nước chấm chua,"Tên quán: Bánh Cuốn, Bún Chả & Gà Tần - Đền Lừ 2
Nguồn: befood_comment
Rating người dùng: 4.7
Sentiment tổng hợp: neutral
Aspect sentiment: 
Nội dung review: nước chấm chua",0,1
tu_3f47a3ad0d1d27ab,3f47a3ad0d1d27ab,21413,Phở Bò Hải Phòng - Phở Bò & Cơm Rang - Hoàng Mai,4.6,,neutral,{},befood_comment,"Ngon xỉu, Đóng gói tốt, Đáng đồng tiền, Sạch sẽ","Tên quán: Phở Bò Hải Phòng - Phở Bò & Cơm Rang - Hoàng Mai
Nguồn: befood_comment
Rating người dùng: 4.6
Sentiment tổng hợp: neutral
Aspect sentiment: 
Nội dung review: Ngon xỉu, Đóng gói tốt, Đáng đồng tiền, Sạch sẽ",0,1
tu_db04336f57c67dda,db04336f57c67dda,21413,Phở Bò Hải Phòng - Phở Bò & Cơm Rang - Hoàng Mai,4.6,,neutral,{},befood_comment,"Ngon xỉu, Đóng gói tốt, Sạch sẽ","Tên quán: Phở Bò Hải Phòng - Phở Bò & Cơm Rang - Hoàng Mai
Nguồn: befood_comment
Rating người dùng: 4.6
Sentiment tổng hợp: neutral
Aspect sentiment: 
Nội dung review: Ngon xỉu, Đóng gói tốt, Sạch sẽ",0,1
tu_0199f89f7896a446,0199f89f7896a446,21413,Phở Bò Hải Phòng - Phở Bò & Cơm Rang - Hoàng Mai,4.6,,neutral,{},befood_comment,Ngon xỉu,"Tên quán: Phở Bò Hải Phòng - Phở Bò & Cơm Rang - Hoàng Mai
Nguồn: befood_comment
Rating người dùng: 4.6
Sentiment tổng hợp: neutral
Aspect sentiment: 
Nội dung review: Ngon xỉu",0,1
tu_1eab72c2728e7f82,1eab72c2728e7f82,21413,Phở Bò Hải Phòng - Phở Bò & Cơm Rang - Hoàng Mai,4.6,,neutral,{},befood_comment,"Đáng đồng tiền, Đóng gói tốt, Ngon xỉu, Sạch sẽ","Tên quán: Phở Bò Hải Phòng - Phở Bò & Cơm Rang - Hoàng Mai
Nguồn: befood_comment
Rating người dùng: 4.6
Sentiment tổng hợp: neutral
Aspect sentiment: 
Nội dung review: Đáng đồng tiền, Đóng gói tốt, Ngon xỉu, Sạch sẽ",0,1
tu_5111a7b13a8b7101,5111a7b13a8b7101,21413,Phở Bò Hải Phòng - Phở Bò & Cơm Rang - Hoàng Mai,4.6,,neutral,{},befood_comment,"shop đóng gói bằng túi nilon nhìn ko đảm bảo lắm. vị thì cũng ok, Đóng gói chưa tốt","Tên quán: Phở Bò Hải Phòng - Phở Bò & Cơm Rang - Hoàng Mai
Nguồn: befood_comment
Rating người dùng: 4.6
Sentiment tổng hợp: neutral
Aspect sentiment: 
Nội dung review: shop đóng gói bằng túi nilon nhìn ko đảm bảo lắm. vị thì cũng ok, Đóng gói chưa tốt",0,1
tu_c1698194bf6166a6,c1698194bf6166a6,21413,Phở Bò Hải Phòng - Phở Bò & Cơm Rang - Hoàng Mai,4.6,,neutral,{},befood_comment,"cơm khô không ăn được, cơm như giang, thì rang cháy cạnh thì toàn mỡ nạc ở đâu?? gà thì đỏ, mình vứt nguyên 3 suất cơm","Tên quán: Phở Bò Hải Phòng - Phở Bò & Cơm Rang - Hoàng Mai
Nguồn: befood_comment
Rating người dùng: 4.6
Sentiment tổng hợp: neutral
Aspect sentiment: 
Nội dung review: cơm khô không ăn được, cơm như giang, thì rang cháy cạnh thì toàn mỡ nạc ở đâu?? gà thì đỏ, mình vứt nguyên 3 suất cơm",0,1
tu_d3f1283bd64e0ed1,d3f1283bd64e0ed1,86219,Phở Bò Thiên Trường - Bún Bò & Cơm Rang - Trương Định,4.8,,neutral,{},befood_comment,"Ngon xỉu, Đáng đồng tiền, Sạch sẽ, Đóng gói tốt","Tên quán: Phở Bò Thiên Trường - Bún Bò & Cơm Rang - Trương Định
Nguồn: befood_comment
Rating người dùng: 4.8
Sentiment tổng hợp: neutral
Aspect sentiment: 
Nội dung review: Ngon xỉu, Đáng đồng tiền, Sạch sẽ, Đóng gói tốt",0,1
tu_188c7c7e9f6c979c,188c7c7e9f6c979c,86219,Phở Bò Thiên Trường - Bún Bò & Cơm Rang - Trương Định,4.8,,neutral,{},befood_comment,"Ngon xỉu, Đáng đồng tiền, Đóng gói tốt, Sạch sẽ","Tên quán: Phở Bò Thiên Trường - Bún Bò & Cơm Rang - Trương Định
Nguồn: befood_comment
Rating người dùng: 4.8
Sentiment tổng hợp: neutral
Aspect sentiment: 
Nội dung review: Ngon xỉu, Đáng đồng tiền, Đóng gói tốt, Sạch sẽ",0,1
tu_6392c083f9c8470f,6392c083f9c8470f,86219,Phở Bò Thiên Trường - Bún Bò & Cơm Rang - Trương Định,4.8,,neutral,{},befood_comment,"Đóng gói tốt, Sạch sẽ, Đáng đồng tiền, Ngon xỉu","Tên quán: Phở Bò Thiên Trường - Bún Bò & Cơm Rang - Trương Định
Nguồn: befood_comment
Rating người dùng: 4.8
Sentiment tổng hợp: neutral
Aspect sentiment: 
Nội dung review: Đóng gói tốt, Sạch sẽ, Đáng đồng tiền, Ngon xỉu",0,1
tu_d5cc3d52d27224fb,d5cc3d52d27224fb,86219,Phở Bò Thiên Trường - Bún Bò & Cơm Rang - Trương Định,4.8,,neutral,{},befood_comment,Không làm đúng ghi chú,"Tên quán: Phở Bò Thiên Trường - Bún Bò & Cơm Rang - Trương Định
Nguồn: befood_comment
Rating người dùng: 4.8
Sentiment tổng hợp: neutral
Aspect sentiment: 
Nội dung review: Không làm đúng ghi chú",0,1
tu_30070b4c02bb927a,30070b4c02bb927a,86219,Phở Bò Thiên Trường - Bún Bò & Cơm Rang - Trương Định,4.8,,neutral,{},befood_comment,Đóng gói chưa tốt,"Tên quán: Phở Bò Thiên Trường - Bún Bò & Cơm Rang - Trương Định
Nguồn: befood_comment
Rating người dùng: 4.8
Sentiment tổng hợp: neutral
Aspect sentiment: 
Nội dung review: Đóng gói chưa tốt",0,1
tu_7f14515452c126d3,7f14515452c126d3,86219,Phở Bò Thiên Trường - Bún Bò & Cơm Rang - Trương Định,4.8,,neutral,{},befood_comment,Sai/Thiếu món,"Tên quán: Phở Bò Thiên Trường - Bún Bò & Cơm Rang - Trương Định
Nguồn: befood_comment
Rating người dùng: 4.8
Sentiment tổng hợp: neutral
Aspect sentiment: 
Nội dung review: Sai/Thiếu món",0,1
tu_0c96fee6026f690f,0c96fee6026f690f,36034,Bảo An Quán - Bánh Cuốn Phủ Lý - Trương Định,4.6,,neutral,{},befood_comment,"đặt bánh cuốn mà ship về bún chả là s ạ, Sai/Thiếu món","Tên quán: Bảo An Quán - Bánh Cuốn Phủ Lý - Trương Định
Nguồn: befood_comment
Rating người dùng: 4.6
Sentiment tổng hợp: neutral
Aspect sentiment: 
Nội dung review: đặt bánh cuốn mà ship về bún chả là s ạ, Sai/Thiếu món",0,1
tu_1f361a3a2dd868dd,1f361a3a2dd868dd,36034,Bảo An Quán - Bánh Cuốn Phủ Lý - Trương Định,4.6,,neutral,{},befood_comment,Đáng đồng tiền,"Tên quán: Bảo An Quán - Bánh Cuốn Phủ Lý - Trương Định
Nguồn: befood_comment
Rating người dùng: 4.6
Sentiment tổng hợp: neutral
Aspect sentiment: 
Nội dung review: Đáng đồng tiền",0,1
tu_ddd7e15630f912fc,ddd7e15630f912fc,36034,Bảo An Quán - Bánh Cuốn Phủ Lý - Trương Định,4.6,,neutral,{},befood_comment,"Ngon xỉu, Đáng đồng tiền, Đóng gói tốt, Sạch sẽ","Tên quán: Bảo An Quán - Bánh Cuốn Phủ Lý - Trương Định
Nguồn: befood_comment
Rating người dùng: 4.6
Sentiment tổng hợp: neutral
Aspect sentiment: 
Nội dung review: Ngon xỉu, Đáng đồng tiền, Đóng gói tốt, Sạch sẽ",0,1
tu_71f32c5dfa1f85ad,71f32c5dfa1f85ad,36034,Bảo An Quán - Bánh Cuốn Phủ Lý - Trương Định,4.6,,neutral,{},befood_comment,"Ngon xỉu, Đóng gói tốt, Đáng đồng tiền, Sạch sẽ","Tên quán: Bảo An Quán - Bánh Cuốn Phủ Lý - Trương Định
Nguồn: befood_comment
Rating người dùng: 4.6
Sentiment tổng hợp: neutral
Aspect sentiment: 
Nội dung review: Ngon xỉu, Đóng gói tốt, Đáng đồng tiền, Sạch sẽ",0,1
tu_2f5c4aa7bd5d1aa6,2f5c4aa7bd5d1aa6,36034,Bảo An Quán - Bánh Cuốn Phủ Lý - Trương Định,4.6,,neutral,{},befood_comment,ngon quấ. nếu lần sau mua thêm option thêm bún thì mong quán thêm ít nước dùng nữa nha!,"Tên quán: Bảo An Quán - Bánh Cuốn Phủ Lý - Trương Định
Nguồn: befood_comment
Rating người dùng: 4.6
Sentiment tổng hợp: neutral
Aspect sentiment: 
Nội dung review: ngon quấ. nếu lần sau mua thêm option thêm bún thì mong quán thêm ít nước dùng nữa nha!",0,1
tu_dfc1dc5533351556,dfc1dc5533351556,36034,Bảo An Quán - Bánh Cuốn Phủ Lý - Trương Định,4.6,,neutral,{},befood_comment,ko cho bát thì đựng nước chấm vào đâu? chả nướng cháy nước chấm ko ngon,"Tên quán: Bảo An Quán - Bánh Cuốn Phủ Lý - Trương Định
Nguồn: befood_comment
Rating người dùng: 4.6
Sentiment tổng hợp: neutral
Aspect sentiment: 
Nội dung review: ko cho bát thì đựng nước chấm vào đâu? chả nướng cháy nước chấm ko ngon",0,1
tu_046b26a5537ab24d,046b26a5537ab24d,20129,Dũng Thủy - Phở & Cơm Rang - Tân Mai,4.4,,neutral,{},befood_comment,"Đáng đồng tiền, Sạch sẽ, Đóng gói tốt, Ngon xỉu","Tên quán: Dũng Thủy - Phở & Cơm Rang - Tân Mai
Nguồn: befood_comment
Rating người dùng: 4.4
Sentiment tổng hợp: neutral
Aspect sentiment: 
Nội dung review: Đáng đồng tiền, Sạch sẽ, Đóng gói tốt, Ngon xỉu",0,1
tu_7b13184838e62490,7b13184838e62490,20129,Dũng Thủy - Phở & Cơm Rang - Tân Mai,4.4,,neutral,{},befood_comment,Khá ngon,"Tên quán: Dũng Thủy - Phở & Cơm Rang - Tân Mai
Nguồn: befood_comment
Rating người dùng: 4.4
Sentiment tổng hợp: neutral
Aspect sentiment: 
Nội dung review: Khá ngon",0,1
tu_41b13bf35107e52f,41b13bf35107e52f,16422,Phương Dung - Cơm Đảo Gà Rang & Chim Quay - Tống Duy Tân,4.9,,neutral,{},befood_comment,"Ngon xỉu, Đáng đồng tiền, Sạch sẽ, Đóng gói tốt","Tên quán: Phương Dung - Cơm Đảo Gà Rang & Chim Quay - Tống Duy Tân
Nguồn: befood_comment
Rating người dùng: 4.9
Sentiment tổng hợp: neutral
Aspect sentiment: 
Nội dung review: Ngon xỉu, Đáng đồng tiền, Sạch sẽ, Đóng gói tốt",0,1
tu_fb8da8c350574082,fb8da8c350574082,16422,Phương Dung - Cơm Đảo Gà Rang & Chim Quay - Tống Duy Tân,4.9,,neutral,{},befood_comment,Đáng đồng tiền,"Tên quán: Phương Dung - Cơm Đảo Gà Rang & Chim Quay - Tống Duy Tân
Nguồn: befood_comment
Rating người dùng: 4.9
Sentiment tổng hợp: neutral
Aspect sentiment: 
Nội dung review: Đáng đồng tiền",0,1
tu_17fb0c7005a0ffb4,17fb0c7005a0ffb4,16422,Phương Dung - Cơm Đảo Gà Rang & Chim Quay - Tống Duy Tân,4.9,,neutral,{},befood_comment,Ngon xỉu,"Tên quán: Phương Dung - Cơm Đảo Gà Rang & Chim Quay - Tống Duy Tân
Nguồn: befood_comment
Rating người dùng: 4.9
Sentiment tổng hợp: neutral
Aspect sentiment: 
Nội dung review: Ngon xỉu",0,1
tu_4a88180c78a90aaa,4a88180c78a90aaa,16422,Phương Dung - Cơm Đảo Gà Rang & Chim Quay - Tống Duy Tân,4.9,,neutral,{},befood_comment,"thiếu cà phái vs dưa chua của mình, Sai/Thiếu món","Tên quán: Phương Dung - Cơm Đảo Gà Rang & Chim Quay - Tống Duy Tân
Nguồn: befood_comment
Rating người dùng: 4.9
Sentiment tổng hợp: neutral
Aspect sentiment: 
Nội dung review: thiếu cà phái vs dưa chua của mình, Sai/Thiếu món",0,1
tu_a14f241036959c2e,a14f241036959c2e,16422,Phương Dung - Cơm Đảo Gà Rang & Chim Quay - Tống Duy Tân,4.9,,neutral,{},befood_comment,đưa nhầm 1 suất gà tần,"Tên quán: Phương Dung - Cơm Đảo Gà Rang & Chim Quay - Tống Duy Tân
Nguồn: befood_comment
Rating người dùng: 4.9
Sentiment tổng hợp: neutral
Aspect sentiment: 
Nội dung review: đưa nhầm 1 suất gà tần",0,1
tu_a05ffd2cd0606bab,a05ffd2cd0606bab,16422,Phương Dung - Cơm Đảo Gà Rang & Chim Quay - Tống Duy Tân,4.9,,neutral,{},befood_comment,mọi thứ đểu ok điểm trừ hơi mặn nha giảm gia vị lại là ok,"Tên quán: Phương Dung - Cơm Đảo Gà Rang & Chim Quay - Tống Duy Tân
Nguồn: befood_comment
Rating người dùng: 4.9
Sentiment tổng hợp: neutral
Aspect sentiment: 
Nội dung review: mọi thứ đểu ok điểm trừ hơi mặn nha giảm gia vị lại là ok",0,1
tu_ab057446832c7360,ab057446832c7360,16422,Phương Dung - Cơm Đảo Gà Rang & Chim Quay - Tống Duy Tân,4.9,,neutral,{},befood_comment,chờ 1 phút nhé,"Tên quán: Phương Dung - Cơm Đảo Gà Rang & Chim Quay - Tống Duy Tân
Nguồn: befood_comment
Rating người dùng: 4.9
Sentiment tổng hợp: neutral
Aspect sentiment: 
Nội dung review: chờ 1 phút nhé",0,1
tu_1369cee094850331,1369cee094850331,16422,Phương Dung - Cơm Đảo Gà Rang & Chim Quay - Tống Duy Tân,4.9,,neutral,{},befood_comment,ngon,"Tên quán: Phương Dung - Cơm Đảo Gà Rang & Chim Quay - Tống Duy Tân
Nguồn: befood_comment
Rating người dùng: 4.9
Sentiment tổng hợp: neutral
Aspect sentiment: 
Nội dung review: ngon",0,1
tu_059f74e0e70f7fec,059f74e0e70f7fec,60874,Hoàng Văn - Cơm Rang & Phở Bò - Định Công,4.7,,neutral,{},befood_comment,Đáng đồng tiền,"Tên quán: Hoàng Văn - Cơm Rang & Phở Bò - Định Công
Nguồn: befood_comment
Rating người dùng: 4.7
Sentiment tổng hợp: neutral
Aspect sentiment: 
Nội dung review: Đáng đồng tiền",0,1
tu_a6554ac6cd48dd02,a6554ac6cd48dd02,60874,Hoàng Văn - Cơm Rang & Phở Bò - Định Công,4.7,,neutral,{},befood_comment,Không làm đúng ghi chú,"Tên quán: Hoàng Văn - Cơm Rang & Phở Bò - Định Công
Nguồn: befood_comment
Rating người dùng: 4.7
Sentiment tổng hợp: neutral
Aspect sentiment: 
Nội dung review: Không làm đúng ghi chú",0,1
tu_537f354a5a80f539,537f354a5a80f539,60874,Hoàng Văn - Cơm Rang & Phở Bò - Định Công,4.7,,neutral,{},befood_comment,Đóng gói chưa tốt,"Tên quán: Hoàng Văn - Cơm Rang & Phở Bò - Định Công
Nguồn: befood_comment
Rating người dùng: 4.7
Sentiment tổng hợp: neutral
Aspect sentiment: 
Nội dung review: Đóng gói chưa tốt",0,1
tu_c9293c852e0135d1,c9293c852e0135d1,60874,Hoàng Văn - Cơm Rang & Phở Bò - Định Công,4.7,,neutral,{},befood_comment,"Thiếu pepsi nhỏ (đặt Sting + Pepsi nhỏ nhưng chỉ giao 1 Sting), Sai/Thiếu món","Tên quán: Hoàng Văn - Cơm Rang & Phở Bò - Định Công
Nguồn: befood_comment
Rating người dùng: 4.7
Sentiment tổng hợp: neutral
Aspect sentiment: 
Nội dung review: Thiếu pepsi nhỏ (đặt Sting + Pepsi nhỏ nhưng chỉ giao 1 Sting), Sai/Thiếu món",0,1
tu_574c8f222aaa3e40,574c8f222aaa3e40,60874,Hoàng Văn - Cơm Rang & Phở Bò - Định Công,4.7,,neutral,{},befood_comment,"mặn chát, quán thừa muối hay sao mà nêm bò đẫm muối thế,","Tên quán: Hoàng Văn - Cơm Rang & Phở Bò - Định Công
Nguồn: befood_comment
Rating người dùng: 4.7
Sentiment tổng hợp: neutral
Aspect sentiment: 
Nội dung review: mặn chát, quán thừa muối hay sao mà nêm bò đẫm muối thế,",0,1
tu_fc515ecedd1eac43,fc515ecedd1eac43,13942,Phở Bò & Cơm Rang - Nguyễn Trãi,4.3,,neutral,{},befood_comment,"Sạch sẽ, Đóng gói tốt, Đáng đồng tiền, Ngon xỉu","Tên quán: Phở Bò & Cơm Rang - Nguyễn Trãi
Nguồn: befood_comment
Rating người dùng: 4.3
Sentiment tổng hợp: neutral
Aspect sentiment: 
Nội dung review: Sạch sẽ, Đóng gói tốt, Đáng đồng tiền, Ngon xỉu",0,1
tu_cce75a14940d7749,cce75a14940d7749,13942,Phở Bò & Cơm Rang - Nguyễn Trãi,4.3,,neutral,{},befood_comment,Không hợp khẩu vị,"Tên quán: Phở Bò & Cơm Rang - Nguyễn Trãi
Nguồn: befood_comment
Rating người dùng: 4.3
Sentiment tổng hợp: neutral
Aspect sentiment: 
Nội dung review: Không hợp khẩu vị",0,1
tu_c2473daa4268eaa2,c2473daa4268eaa2,13942,Phở Bò & Cơm Rang - Nguyễn Trãi,4.3,,neutral,{},befood_comment,"giao nhanh , sốt vang ăn ổn , phở trộn nhìn có vẻ ngon hơn . Nhưng sao shop để cho khách ăn cốc kì vậy shop 😑","Tên quán: Phở Bò & Cơm Rang - Nguyễn Trãi
Nguồn: befood_comment
Rating người dùng: 4.3
Sentiment tổng hợp: neutral
Aspect sentiment: 
Nội dung review: giao nhanh , sốt vang ăn ổn , phở trộn nhìn có vẻ ngon hơn . Nhưng sao shop để cho khách ăn cốc kì vậy shop 😑",0,1
tu_298b93db9bda1fc0,298b93db9bda1fc0,13942,Phở Bò & Cơm Rang - Nguyễn Trãi,4.3,,neutral,{},befood_comment,đã note không hành rồi,"Tên quán: Phở Bò & Cơm Rang - Nguyễn Trãi
Nguồn: befood_comment
Rating người dùng: 4.3
Sentiment tổng hợp: neutral
Aspect sentiment: 
Nội dung review: đã note không hành rồi",0,1
tu_ae3e899e09307fb9,ae3e899e09307fb9,13942,Phở Bò & Cơm Rang - Nguyễn Trãi,4.3,,neutral,{},befood_comment,hơi khô,"Tên quán: Phở Bò & Cơm Rang - Nguyễn Trãi
Nguồn: befood_comment
Rating người dùng: 4.3
Sentiment tổng hợp: neutral
Aspect sentiment: 
Nội dung review: hơi khô",0,1
tu_ddc36e455a12ed39,ddc36e455a12ed39,13942,Phở Bò & Cơm Rang - Nguyễn Trãi,4.3,,neutral,{},befood_comment,thịt có mùi hôi,"Tên quán: Phở Bò & Cơm Rang - Nguyễn Trãi
Nguồn: befood_comment
Rating người dùng: 4.3
Sentiment tổng hợp: neutral
Aspect sentiment: 
Nội dung review: thịt có mùi hôi",0,1
tu_ca11348f1a36fc0a,ca11348f1a36fc0a,13942,Phở Bò & Cơm Rang - Nguyễn Trãi,4.3,,neutral,{},befood_comment,đồ ăn phở với cơm đều mặn,"Tên quán: Phở Bò & Cơm Rang - Nguyễn Trãi
Nguồn: befood_comment
Rating người dùng: 4.3
Sentiment tổng hợp: neutral
Aspect sentiment: 
Nội dung review: đồ ăn phở với cơm đều mặn",0,1
tu_97462b35d7c7edb7,97462b35d7c7edb7,29659,Bánh Cuốn Phủ Lý - Dương Văn Bé,4.5,,neutral,{},befood_comment,"đã ghi chú là ko cho tỏi ớt vào nước mắm, để riêng ra mà vẫn cho vào, Không làm đúng ghi chú","Tên quán: Bánh Cuốn Phủ Lý - Dương Văn Bé
Nguồn: befood_comment
Rating người dùng: 4.5
Sentiment tổng hợp: neutral
Aspect sentiment: 
Nội dung review: đã ghi chú là ko cho tỏi ớt vào nước mắm, để riêng ra mà vẫn cho vào, Không làm đúng ghi chú",0,1
tu_a89971733b87e6c8,a89971733b87e6c8,29659,Bánh Cuốn Phủ Lý - Dương Văn Bé,4.5,,neutral,{},befood_comment,"Ngon xỉu, Đáng đồng tiền, Sạch sẽ, Đóng gói tốt","Tên quán: Bánh Cuốn Phủ Lý - Dương Văn Bé
Nguồn: befood_comment
Rating người dùng: 4.5
Sentiment tổng hợp: neutral
Aspect sentiment: 
Nội dung review: Ngon xỉu, Đáng đồng tiền, Sạch sẽ, Đóng gói tốt",0,1
tu_d2b346211c00c498,d2b346211c00c498,29659,Bánh Cuốn Phủ Lý - Dương Văn Bé,4.5,,neutral,{},befood_comment,"Sạch sẽ, Đáng đồng tiền, Đóng gói tốt, Ngon xỉu","Tên quán: Bánh Cuốn Phủ Lý - Dương Văn Bé
Nguồn: befood_comment
Rating người dùng: 4.5
Sentiment tổng hợp: neutral
Aspect sentiment: 
Nội dung review: Sạch sẽ, Đáng đồng tiền, Đóng gói tốt, Ngon xỉu",0,1
tu_7fc5b86d74ec835f,7fc5b86d74ec835f,29659,Bánh Cuốn Phủ Lý - Dương Văn Bé,4.5,,neutral,{},befood_comment,"chả nóng ngon, có thêm quất nữa thì tuyệt vời, Ngon xỉu, Sạch sẽ, Đóng gói tốt, Đáng đồng tiền","Tên quán: Bánh Cuốn Phủ Lý - Dương Văn Bé
Nguồn: befood_comment
Rating người dùng: 4.5
Sentiment tổng hợp: neutral
Aspect sentiment: 
Nội dung review: chả nóng ngon, có thêm quất nữa thì tuyệt vời, Ngon xỉu, Sạch sẽ, Đóng gói tốt, Đáng đồng tiền",0,1
tu_f601d4442a02ed0f,f601d4442a02ed0f,29659,Bánh Cuốn Phủ Lý - Dương Văn Bé,4.5,,neutral,{},befood_comment,"Đáng đồng tiền, Sạch sẽ, Đóng gói tốt, Ngon xỉu","Tên quán: Bánh Cuốn Phủ Lý - Dương Văn Bé
Nguồn: befood_comment
Rating người dùng: 4.5
Sentiment tổng hợp: neutral
Aspect sentiment: 
Nội dung review: Đáng đồng tiền, Sạch sẽ, Đóng gói tốt, Ngon xỉu",0,1
tu_57d542c3957acbae,57d542c3957acbae,29659,Bánh Cuốn Phủ Lý - Dương Văn Bé,4.5,,neutral,{},befood_comment,"không có bát đưng nước chấm. túi bọc nước mắm rách., Đóng gói chưa tốt, Sai/Thiếu món, Không đảm bảo vệ sinh","Tên quán: Bánh Cuốn Phủ Lý - Dương Văn Bé
Nguồn: befood_comment
Rating người dùng: 4.5
Sentiment tổng hợp: neutral
Aspect sentiment: 
Nội dung review: không có bát đưng nước chấm. túi bọc nước mắm rách., Đóng gói chưa tốt, Sai/Thiếu món, Không đảm bảo vệ sinh",0,1
tu_7cbf74f6dae87e9c,7cbf74f6dae87e9c,35452,Út Béo - Bún Đậu Mẹt & Cơm - Ngõ Thái Thịnh 1,4.1,,neutral,{},befood_comment,"Khá ngon, Đóng gói chưa tốt","Tên quán: Út Béo - Bún Đậu Mẹt & Cơm - Ngõ Thái Thịnh 1
Nguồn: befood_comment
Rating người dùng: 4.1
Sentiment tổng hợp: neutral
Aspect sentiment: 
Nội dung review: Khá ngon, Đóng gói chưa tốt",0,1
tu_88086a0c31e9e0d3,88086a0c31e9e0d3,35452,Út Béo - Bún Đậu Mẹt & Cơm - Ngõ Thái Thịnh 1,4.1,,neutral,{},befood_comment,Khá ngon,"Tên quán: Út Béo - Bún Đậu Mẹt & Cơm - Ngõ Thái Thịnh 1
Nguồn: befood_comment
Rating người dùng: 4.1
Sentiment tổng hợp: neutral
Aspect sentiment: 
Nội dung review: Khá ngon",0,1
tu_53238337de508ea9,53238337de508ea9,35452,Út Béo - Bún Đậu Mẹt & Cơm - Ngõ Thái Thịnh 1,4.1,,neutral,{},befood_comment,khá là ổn,"Tên quán: Út Béo - Bún Đậu Mẹt & Cơm - Ngõ Thái Thịnh 1
Nguồn: befood_comment
Rating người dùng: 4.1
Sentiment tổng hợp: neutral
Aspect sentiment: 
Nội dung review: khá là ổn",0,1
tu_0bd9307cc45523a8,0bd9307cc45523a8,35452,Út Béo - Bún Đậu Mẹt & Cơm - Ngõ Thái Thịnh 1,4.1,,neutral,{},befood_comment,đặt suất lớn mà có tí như này ko có lần 2,"Tên quán: Út Béo - Bún Đậu Mẹt & Cơm - Ngõ Thái Thịnh 1
Nguồn: befood_comment
Rating người dùng: 4.1
Sentiment tổng hợp: neutral
Aspect sentiment: 
Nội dung review: đặt suất lớn mà có tí như này ko có lần 2",0,1
tu_0624ad7481aa585b,0624ad7481aa585b,35452,Út Béo - Bún Đậu Mẹt & Cơm - Ngõ Thái Thịnh 1,4.1,,neutral,{},befood_comment,ngon nhé,"Tên quán: Út Béo - Bún Đậu Mẹt & Cơm - Ngõ Thái Thịnh 1
Nguồn: befood_comment
Rating người dùng: 4.1
Sentiment tổng hợp: neutral
Aspect sentiment: 
Nội dung review: ngon nhé",0,1
tu_63784876d4c92834,63784876d4c92834,35452,Út Béo - Bún Đậu Mẹt & Cơm - Ngõ Thái Thịnh 1,4.1,,neutral,{},befood_comment,Món ăn chưa được đẹp mắt.,"Tên quán: Út Béo - Bún Đậu Mẹt & Cơm - Ngõ Thái Thịnh 1
Nguồn: befood_comment
Rating người dùng: 4.1
Sentiment tổng hợp: neutral
Aspect sentiment: 
Nội dung review: Món ăn chưa được đẹp mắt.",0,1
tu_e929c1f9bb53d24c,e929c1f9bb53d24c,35452,Út Béo - Bún Đậu Mẹt & Cơm - Ngõ Thái Thịnh 1,4.1,,neutral,{},befood_comment,bún bị chua đậu chua,"Tên quán: Út Béo - Bún Đậu Mẹt & Cơm - Ngõ Thái Thịnh 1
Nguồn: befood_comment
Rating người dùng: 4.1
Sentiment tổng hợp: neutral
Aspect sentiment: 
Nội dung review: bún bị chua đậu chua",0,1
tu_c6d18c1383a895ef,c6d18c1383a895ef,35452,Út Béo - Bún Đậu Mẹt & Cơm - Ngõ Thái Thịnh 1,4.1,,neutral,{},befood_comment,Đặt thêm Chả lá lốt mà quán không cho????,"Tên quán: Út Béo - Bún Đậu Mẹt & Cơm - Ngõ Thái Thịnh 1
Nguồn: befood_comment
Rating người dùng: 4.1
Sentiment tổng hợp: neutral
Aspect sentiment: 
Nội dung review: Đặt thêm Chả lá lốt mà quán không cho????",0,1
tu_6dbb54d972cabc07,6dbb54d972cabc07,35452,Út Béo - Bún Đậu Mẹt & Cơm - Ngõ Thái Thịnh 1,4.1,,neutral,{},befood_comment,shop kh thấy note em để là nước mắm ạ?,"Tên quán: Út Béo - Bún Đậu Mẹt & Cơm - Ngõ Thái Thịnh 1
Nguồn: befood_comment
Rating người dùng: 4.1
Sentiment tổng hợp: neutral
Aspect sentiment: 
Nội dung review: shop kh thấy note em để là nước mắm ạ?",0,1
tu_104c0403dd16d90a,104c0403dd16d90a,81993,Thành Tâm Quán - Phở & Cơm Rang - Định Công Hạ,4.7,,neutral,{},befood_comment,Không hợp khẩu vị,"Tên quán: Thành Tâm Quán - Phở & Cơm Rang - Định Công Hạ
Nguồn: befood_comment
Rating người dùng: 4.7
Sentiment tổng hợp: neutral
Aspect sentiment: 
Nội dung review: Không hợp khẩu vị",0,1
tu_c23e39c7f566ac96,c23e39c7f566ac96,21980,H&A Quán - Bún Đậu & Nem Nướng - Vĩnh Tuy,4.8,,neutral,{},befood_comment,"Ngon xỉu, Đáng đồng tiền, Đóng gói tốt","Tên quán: H&A Quán - Bún Đậu & Nem Nướng - Vĩnh Tuy
Nguồn: befood_comment
Rating người dùng: 4.8
Sentiment tổng hợp: neutral
Aspect sentiment: 
Nội dung review: Ngon xỉu, Đáng đồng tiền, Đóng gói tốt",0,1
tu_a9fea56e79885606,a9fea56e79885606,21980,H&A Quán - Bún Đậu & Nem Nướng - Vĩnh Tuy,4.8,,neutral,{},befood_comment,"Sạch sẽ, Đáng đồng tiền, Đóng gói tốt, Ngon xỉu","Tên quán: H&A Quán - Bún Đậu & Nem Nướng - Vĩnh Tuy
Nguồn: befood_comment
Rating người dùng: 4.8
Sentiment tổng hợp: neutral
Aspect sentiment: 
Nội dung review: Sạch sẽ, Đáng đồng tiền, Đóng gói tốt, Ngon xỉu",0,1
tu_24d891750fd49a55,24d891750fd49a55,21980,H&A Quán - Bún Đậu & Nem Nướng - Vĩnh Tuy,4.8,,neutral,{},befood_comment,"Đồ ăn no căng. Không như mấy quán khác, ít lèo tèo. Lần sau sẽ mua tiếp., Đáng đồng tiền, Sạch sẽ, Ngon xỉu, Đóng gói tốt","Tên quán: H&A Quán - Bún Đậu & Nem Nướng - Vĩnh Tuy
Nguồn: befood_comment
Rating người dùng: 4.8
Sentiment tổng hợp: neutral
Aspect sentiment: 
Nội dung review: Đồ ăn no căng. Không như mấy quán khác, ít lèo tèo. Lần sau sẽ mua tiếp., Đáng đồng tiền, Sạch sẽ, Ngon xỉu, Đóng gói tốt",0,1
tu_fd87b30256ececc6,fd87b30256ececc6,21980,H&A Quán - Bún Đậu & Nem Nướng - Vĩnh Tuy,4.8,,neutral,{},befood_comment,"Sạch sẽ, Đóng gói tốt, Đáng đồng tiền, Ngon xỉu","Tên quán: H&A Quán - Bún Đậu & Nem Nướng - Vĩnh Tuy
Nguồn: befood_comment
Rating người dùng: 4.8
Sentiment tổng hợp: neutral
Aspect sentiment: 
Nội dung review: Sạch sẽ, Đóng gói tốt, Đáng đồng tiền, Ngon xỉu",0,1
tu_7a85d1617fe089a9,7a85d1617fe089a9,21980,H&A Quán - Bún Đậu & Nem Nướng - Vĩnh Tuy,4.8,,neutral,{},befood_comment,Đáng đồng tiền,"Tên quán: H&A Quán - Bún Đậu & Nem Nướng - Vĩnh Tuy
Nguồn: befood_comment
Rating người dùng: 4.8
Sentiment tổng hợp: neutral
Aspect sentiment: 
Nội dung review: Đáng đồng tiền",0,1
tu_2595021d13d7e811,2595021d13d7e811,21980,H&A Quán - Bún Đậu & Nem Nướng - Vĩnh Tuy,4.8,,neutral,{},befood_comment,Đóng gói chưa tốt,"Tên quán: H&A Quán - Bún Đậu & Nem Nướng - Vĩnh Tuy
Nguồn: befood_comment
Rating người dùng: 4.8
Sentiment tổng hợp: neutral
Aspect sentiment: 
Nội dung review: Đóng gói chưa tốt",0,1
tu_e156a9e6e3152cbc,e156a9e6e3152cbc,114833,Cơm Ngon Xuân Trường - Giáp Nhị,4.6,,neutral,{},befood_comment,"đã đặt nhiều lần, cơm ngon chất lượng, Ngon xỉu, Đáng đồng tiền, Đóng gói tốt, Sạch sẽ","Tên quán: Cơm Ngon Xuân Trường - Giáp Nhị
Nguồn: befood_comment
Rating người dùng: 4.6
Sentiment tổng hợp: neutral
Aspect sentiment: 
Nội dung review: đã đặt nhiều lần, cơm ngon chất lượng, Ngon xỉu, Đáng đồng tiền, Đóng gói tốt, Sạch sẽ",0,1
tu_8b87f8295eaf52ee,8b87f8295eaf52ee,114833,Cơm Ngon Xuân Trường - Giáp Nhị,4.6,,neutral,{},befood_comment,Ngon xỉu,"Tên quán: Cơm Ngon Xuân Trường - Giáp Nhị
Nguồn: befood_comment
Rating người dùng: 4.6
Sentiment tổng hợp: neutral
Aspect sentiment: 
Nội dung review: Ngon xỉu",0,1
tu_fe5e7e8c47420cea,fe5e7e8c47420cea,114833,Cơm Ngon Xuân Trường - Giáp Nhị,4.6,,neutral,{},befood_comment,"Ngon xỉu, Đóng gói tốt, Đáng đồng tiền, Sạch sẽ","Tên quán: Cơm Ngon Xuân Trường - Giáp Nhị
Nguồn: befood_comment
Rating người dùng: 4.6
Sentiment tổng hợp: neutral
Aspect sentiment: 
Nội dung review: Ngon xỉu, Đóng gói tốt, Đáng đồng tiền, Sạch sẽ",0,1
tu_7d3047fcf0338041,7d3047fcf0338041,114833,Cơm Ngon Xuân Trường - Giáp Nhị,4.6,,neutral,{},befood_comment,"Ngon xỉu, Đóng gói tốt, Đáng đồng tiền","Tên quán: Cơm Ngon Xuân Trường - Giáp Nhị
Nguồn: befood_comment
Rating người dùng: 4.6
Sentiment tổng hợp: neutral
Aspect sentiment: 
Nội dung review: Ngon xỉu, Đóng gói tốt, Đáng đồng tiền",0,1
tu_a5d83ace86ef130c,a5d83ace86ef130c,114833,Cơm Ngon Xuân Trường - Giáp Nhị,4.6,,neutral,{},befood_comment,"gửi nhầm món, Sai/Thiếu món","Tên quán: Cơm Ngon Xuân Trường - Giáp Nhị
Nguồn: befood_comment
Rating người dùng: 4.6
Sentiment tổng hợp: neutral
Aspect sentiment: 
Nội dung review: gửi nhầm món, Sai/Thiếu món",0,1
tu_18392d34aa8656bd,18392d34aa8656bd,114833,Cơm Ngon Xuân Trường - Giáp Nhị,4.6,,neutral,{},befood_comment,Không hợp khẩu vị,"Tên quán: Cơm Ngon Xuân Trường - Giáp Nhị
Nguồn: befood_comment
Rating người dùng: 4.6
Sentiment tổng hợp: neutral
Aspect sentiment: 
Nội dung review: Không hợp khẩu vị",0,1
tu_5f0830e52c6e3195,5f0830e52c6e3195,114833,Cơm Ngon Xuân Trường - Giáp Nhị,4.6,,neutral,{},befood_comment,sai món ăn . Minhg đặt sườn ko đặt gà,"Tên quán: Cơm Ngon Xuân Trường - Giáp Nhị
Nguồn: befood_comment
Rating người dùng: 4.6
Sentiment tổng hợp: neutral
Aspect sentiment: 
Nội dung review: sai món ăn . Minhg đặt sườn ko đặt gà",0,1
tu_c4aa9ae36dcca43f,c4aa9ae36dcca43f,87272,"Thành Tâm Quán - Cơm Rang, Phở Bò & Bún Bò Huế - Định Công Thượng",4.4,,neutral,{},befood_comment,"Đáng đồng tiền, Sạch sẽ, Đóng gói tốt, Ngon xỉu","Tên quán: Thành Tâm Quán - Cơm Rang, Phở Bò & Bún Bò Huế - Định Công Thượng
Nguồn: befood_comment
Rating người dùng: 4.4
Sentiment tổng hợp: neutral
Aspect sentiment: 
Nội dung review: Đáng đồng tiền, Sạch sẽ, Đóng gói tốt, Ngon xỉu",0,1
tu_bbc3e2631d058d9f,bbc3e2631d058d9f,87272,"Thành Tâm Quán - Cơm Rang, Phở Bò & Bún Bò Huế - Định Công Thượng",4.4,,neutral,{},befood_comment,"Đóng gói cẩu thả, Đóng gói chưa tốt","Tên quán: Thành Tâm Quán - Cơm Rang, Phở Bò & Bún Bò Huế - Định Công Thượng
Nguồn: befood_comment
Rating người dùng: 4.4
Sentiment tổng hợp: neutral
Aspect sentiment: 
Nội dung review: Đóng gói cẩu thả, Đóng gói chưa tốt",0,1
tu_d0e569897c20b7fe,d0e569897c20b7fe,87272,"Thành Tâm Quán - Cơm Rang, Phở Bò & Bún Bò Huế - Định Công Thượng",4.4,,neutral,{},befood_comment,Đáng đồng tiền,"Tên quán: Thành Tâm Quán - Cơm Rang, Phở Bò & Bún Bò Huế - Định Công Thượng
Nguồn: befood_comment
Rating người dùng: 4.4
Sentiment tổng hợp: neutral
Aspect sentiment: 
Nội dung review: Đáng đồng tiền",0,1
tu_a5afab79cf4ec0ca,a5afab79cf4ec0ca,87272,"Thành Tâm Quán - Cơm Rang, Phở Bò & Bún Bò Huế - Định Công Thượng",4.4,,neutral,{},befood_comment,Normal,"Tên quán: Thành Tâm Quán - Cơm Rang, Phở Bò & Bún Bò Huế - Định Công Thượng
Nguồn: befood_comment
Rating người dùng: 4.4
Sentiment tổng hợp: neutral
Aspect sentiment: 
Nội dung review: Normal",0,1
tu_fbe5ae3a90d2f6d2,fbe5ae3a90d2f6d2,87272,"Thành Tâm Quán - Cơm Rang, Phở Bò & Bún Bò Huế - Định Công Thượng",4.4,,neutral,{},befood_comment,"Mình đặt với suy nghĩ tên quán là Thành Tâm thì sẽ làm đồ ăn mà đặt tâm vào. Hôm qua sau khi ăn cả bún bò và phở thì mình bị say mì chính, đầy bụng đến hôm nay chưa hết. Bỏ tiền ra ăn mà vừa mất thêm tiền mua thuốc vừa rước bực vào người, Không đảm bảo vệ sinh","Tên quán: Thành Tâm Quán - Cơm Rang, Phở Bò & Bún Bò Huế - Định Công Thượng
Nguồn: befood_comment
Rating người dùng: 4.4
Sentiment tổng hợp: neutral
Aspect sentiment: 
Nội dung review: Mình đặt với suy nghĩ tên quán là Thành Tâm thì sẽ làm đồ ăn mà đặt tâm vào. Hôm qua sau khi ăn cả bún bò và phở thì mình bị say mì chính, đầy bụng đến hôm nay chưa hết. Bỏ tiền ra ăn mà vừa mất thêm tiền mua thuốc vừa rước bực vào người, Không đảm bảo vệ sinh",0,1
tu_2917d9b3657e5de8,2917d9b3657e5de8,87272,"Thành Tâm Quán - Cơm Rang, Phở Bò & Bún Bò Huế - Định Công Thượng",4.4,,neutral,{},befood_comment,ok ngon,"Tên quán: Thành Tâm Quán - Cơm Rang, Phở Bò & Bún Bò Huế - Định Công Thượng
Nguồn: befood_comment
Rating người dùng: 4.4
Sentiment tổng hợp: neutral
Aspect sentiment: 
Nội dung review: ok ngon",0,1
tu_5845c437315818c6,5845c437315818c6,87272,"Thành Tâm Quán - Cơm Rang, Phở Bò & Bún Bò Huế - Định Công Thượng",4.4,,neutral,{},befood_comment,giờ,"Tên quán: Thành Tâm Quán - Cơm Rang, Phở Bò & Bún Bò Huế - Định Công Thượng
Nguồn: befood_comment
Rating người dùng: 4.4
Sentiment tổng hợp: neutral
Aspect sentiment: 
Nội dung review: giờ",0,1
tu_afe588f844e62a06,afe588f844e62a06,87272,"Thành Tâm Quán - Cơm Rang, Phở Bò & Bún Bò Huế - Định Công Thượng",4.4,,neutral,{},befood_comment,"chán, k có vị gì, k tương ớt ăn nhạt nhẽo","Tên quán: Thành Tâm Quán - Cơm Rang, Phở Bò & Bún Bò Huế - Định Công Thượng
Nguồn: befood_comment
Rating người dùng: 4.4
Sentiment tổng hợp: neutral
Aspect sentiment: 
Nội dung review: chán, k có vị gì, k tương ớt ăn nhạt nhẽo",0,1
tu_7f14cd5086745a9d,7f14cd5086745a9d,130463,Thanh Hà Food - Phở Cuốn & Bún Trộn - Đại Từ,4.9,,neutral,{},befood_comment,"ngon,sạch sẽ,hợp khẩu vị,1 suất khá đầy đặn. lần sau sẽ mua lại, Đáng đồng tiền, Sạch sẽ, Đóng gói tốt, Ngon xỉu","Tên quán: Thanh Hà Food - Phở Cuốn & Bún Trộn - Đại Từ
Nguồn: befood_comment
Rating người dùng: 4.9
Sentiment tổng hợp: neutral
Aspect sentiment: 
Nội dung review: ngon,sạch sẽ,hợp khẩu vị,1 suất khá đầy đặn. lần sau sẽ mua lại, Đáng đồng tiền, Sạch sẽ, Đóng gói tốt, Ngon xỉu",0,1
tu_6e9356cefe3fde38,6e9356cefe3fde38,130463,Thanh Hà Food - Phở Cuốn & Bún Trộn - Đại Từ,4.9,,neutral,{},befood_comment,Sạch sẽ,"Tên quán: Thanh Hà Food - Phở Cuốn & Bún Trộn - Đại Từ
Nguồn: befood_comment
Rating người dùng: 4.9
Sentiment tổng hợp: neutral
Aspect sentiment: 
Nội dung review: Sạch sẽ",0,1
tu_1dde4ef5dc76e1a3,1dde4ef5dc76e1a3,130463,Thanh Hà Food - Phở Cuốn & Bún Trộn - Đại Từ,4.9,,neutral,{},befood_comment,ít thịt toàn rau,"Tên quán: Thanh Hà Food - Phở Cuốn & Bún Trộn - Đại Từ
Nguồn: befood_comment
Rating người dùng: 4.9
Sentiment tổng hợp: neutral
Aspect sentiment: 
Nội dung review: ít thịt toàn rau",0,1
tu_e795aebe8b84944b,e795aebe8b84944b,68548,Bánh Cuốn Nóng - Bún Chả & Mỳ Gà Tần - Chính Kinh,4.7,,neutral,{},befood_comment,Good packaging,"Tên quán: Bánh Cuốn Nóng - Bún Chả & Mỳ Gà Tần - Chính Kinh
Nguồn: befood_comment
Rating người dùng: 4.7
Sentiment tổng hợp: neutral
Aspect sentiment: 
Nội dung review: Good packaging",0,1
tu_d241a1086d105edb,d241a1086d105edb,68548,Bánh Cuốn Nóng - Bún Chả & Mỳ Gà Tần - Chính Kinh,4.7,,neutral,{},befood_comment,Khá ngon,"Tên quán: Bánh Cuốn Nóng - Bún Chả & Mỳ Gà Tần - Chính Kinh
Nguồn: befood_comment
Rating người dùng: 4.7
Sentiment tổng hợp: neutral
Aspect sentiment: 
Nội dung review: Khá ngon",0,1
tu_72d6621963178d63,72d6621963178d63,68548,Bánh Cuốn Nóng - Bún Chả & Mỳ Gà Tần - Chính Kinh,4.7,,neutral,{},befood_comment,Không hợp khẩu vị,"Tên quán: Bánh Cuốn Nóng - Bún Chả & Mỳ Gà Tần - Chính Kinh
Nguồn: befood_comment
Rating người dùng: 4.7
Sentiment tổng hợp: neutral
Aspect sentiment: 
Nội dung review: Không hợp khẩu vị",0,1
tu_b7e45720f408f719,b7e45720f408f719,68548,Bánh Cuốn Nóng - Bún Chả & Mỳ Gà Tần - Chính Kinh,4.7,,neutral,{},befood_comment,Đóng gói chưa tốt,"Tên quán: Bánh Cuốn Nóng - Bún Chả & Mỳ Gà Tần - Chính Kinh
Nguồn: befood_comment
Rating người dùng: 4.7
Sentiment tổng hợp: neutral
Aspect sentiment: 
Nội dung review: Đóng gói chưa tốt",0,1
tu_27c2afbc79aa79a6,27c2afbc79aa79a6,68548,Bánh Cuốn Nóng - Bún Chả & Mỳ Gà Tần - Chính Kinh,4.7,,neutral,{},befood_comment,Sai/Thiếu món,"Tên quán: Bánh Cuốn Nóng - Bún Chả & Mỳ Gà Tần - Chính Kinh
Nguồn: befood_comment
Rating người dùng: 4.7
Sentiment tổng hợp: neutral
Aspect sentiment: 
Nội dung review: Sai/Thiếu món",0,1
tu_850b3b249f3be759,850b3b249f3be759,68548,Bánh Cuốn Nóng - Bún Chả & Mỳ Gà Tần - Chính Kinh,4.7,,neutral,{},befood_comment,"Ít thịt, nhiều bún quá","Tên quán: Bánh Cuốn Nóng - Bún Chả & Mỳ Gà Tần - Chính Kinh
Nguồn: befood_comment
Rating người dùng: 4.7
Sentiment tổng hợp: neutral
Aspect sentiment: 
Nội dung review: Ít thịt, nhiều bún quá",0,1
tu_956caf8243ced744,956caf8243ced744,80920,Cồ Cử Phở Bò - Cơm Rang - Kim Giang,4.6,,neutral,{},befood_comment,Đáng đồng tiền,"Tên quán: Cồ Cử Phở Bò - Cơm Rang - Kim Giang
Nguồn: befood_comment
Rating người dùng: 4.6
Sentiment tổng hợp: neutral
Aspect sentiment: 
Nội dung review: Đáng đồng tiền",0,1
tu_ba39aa43e5f5b0de,ba39aa43e5f5b0de,80920,Cồ Cử Phở Bò - Cơm Rang - Kim Giang,4.6,,neutral,{},befood_comment,"Đáng đồng tiền, Đóng gói tốt, Sạch sẽ, Ngon xỉu","Tên quán: Cồ Cử Phở Bò - Cơm Rang - Kim Giang
Nguồn: befood_comment
Rating người dùng: 4.6
Sentiment tổng hợp: neutral
Aspect sentiment: 
Nội dung review: Đáng đồng tiền, Đóng gói tốt, Sạch sẽ, Ngon xỉu",0,1
tu_954e18470e7fde6e,954e18470e7fde6e,80920,Cồ Cử Phở Bò - Cơm Rang - Kim Giang,4.6,,neutral,{},befood_comment,"ăn cũng được oke, Khá ngon","Tên quán: Cồ Cử Phở Bò - Cơm Rang - Kim Giang
Nguồn: befood_comment
Rating người dùng: 4.6
Sentiment tổng hợp: neutral
Aspect sentiment: 
Nội dung review: ăn cũng được oke, Khá ngon",0,1
tu_7692900adb97e17e,7692900adb97e17e,80920,Cồ Cử Phở Bò - Cơm Rang - Kim Giang,4.6,,neutral,{},befood_comment,Quán 10đ nhé rất mong sắp tới quán mình làm ăn phát đạt nhé,"Tên quán: Cồ Cử Phở Bò - Cơm Rang - Kim Giang
Nguồn: befood_comment
Rating người dùng: 4.6
Sentiment tổng hợp: neutral
Aspect sentiment: 
Nội dung review: Quán 10đ nhé rất mong sắp tới quán mình làm ăn phát đạt nhé",0,1
tu_ee98051a7bc60a72,ee98051a7bc60a72,80920,Cồ Cử Phở Bò - Cơm Rang - Kim Giang,4.6,,neutral,{},befood_comment,cơm hơi hôi,"Tên quán: Cồ Cử Phở Bò - Cơm Rang - Kim Giang
Nguồn: befood_comment
Rating người dùng: 4.6
Sentiment tổng hợp: neutral
Aspect sentiment: 
Nội dung review: cơm hơi hôi",0,1
tu_698bbaa1c4b80c54,698bbaa1c4b80c54,80920,Cồ Cử Phở Bò - Cơm Rang - Kim Giang,4.6,,neutral,{},befood_comment,ko phải thịt bò,"Tên quán: Cồ Cử Phở Bò - Cơm Rang - Kim Giang
Nguồn: befood_comment
Rating người dùng: 4.6
Sentiment tổng hợp: neutral
Aspect sentiment: 
Nội dung review: ko phải thịt bò",0,1
tu_bc8f3c43ce564f70,bc8f3c43ce564f70,123914,Ling Ling Foody - Gà Rán & Mỳ Cay - Vĩnh Hưng,4.8,,neutral,{},befood_comment,"Sạch sẽ, Đóng gói tốt, Ngon xỉu","Tên quán: Ling Ling Foody - Gà Rán & Mỳ Cay - Vĩnh Hưng
Nguồn: befood_comment
Rating người dùng: 4.8
Sentiment tổng hợp: neutral
Aspect sentiment: 
Nội dung review: Sạch sẽ, Đóng gói tốt, Ngon xỉu",0,1
tu_f9e17c4085bf62f6,f9e17c4085bf62f6,123914,Ling Ling Foody - Gà Rán & Mỳ Cay - Vĩnh Hưng,4.8,,neutral,{},befood_comment,"Ăn chân gà hợp khẩu vị lắm ạ, Ngon xỉu, Đáng đồng tiền","Tên quán: Ling Ling Foody - Gà Rán & Mỳ Cay - Vĩnh Hưng
Nguồn: befood_comment
Rating người dùng: 4.8
Sentiment tổng hợp: neutral
Aspect sentiment: 
Nội dung review: Ăn chân gà hợp khẩu vị lắm ạ, Ngon xỉu, Đáng đồng tiền",0,1
tu_ed446678d7809fae,ed446678d7809fae,123914,Ling Ling Foody - Gà Rán & Mỳ Cay - Vĩnh Hưng,4.8,,neutral,{},befood_comment,"nước dùng khi giao bị đổ tí nhưng không sao ((= ngon., Ngon xỉu, Sạch sẽ","Tên quán: Ling Ling Foody - Gà Rán & Mỳ Cay - Vĩnh Hưng
Nguồn: befood_comment
Rating người dùng: 4.8
Sentiment tổng hợp: neutral
Aspect sentiment: 
Nội dung review: nước dùng khi giao bị đổ tí nhưng không sao ((= ngon., Ngon xỉu, Sạch sẽ",0,1
tu_6dc495f80f07a9c0,6dc495f80f07a9c0,123914,Ling Ling Foody - Gà Rán & Mỳ Cay - Vĩnh Hưng,4.8,,neutral,{},befood_comment,"ngonnnn, đúng vị cay mình thích, Đáng đồng tiền, Đóng gói tốt","Tên quán: Ling Ling Foody - Gà Rán & Mỳ Cay - Vĩnh Hưng
Nguồn: befood_comment
Rating người dùng: 4.8
Sentiment tổng hợp: neutral
Aspect sentiment: 
Nội dung review: ngonnnn, đúng vị cay mình thích, Đáng đồng tiền, Đóng gói tốt",0,1
tu_1633fed734e7e2eb,1633fed734e7e2eb,123914,Ling Ling Foody - Gà Rán & Mỳ Cay - Vĩnh Hưng,4.8,,neutral,{},befood_comment,"Đóng gói tốt, Đáng đồng tiền, Ngon xỉu, Sạch sẽ","Tên quán: Ling Ling Foody - Gà Rán & Mỳ Cay - Vĩnh Hưng
Nguồn: befood_comment
Rating người dùng: 4.8
Sentiment tổng hợp: neutral
Aspect sentiment: 
Nội dung review: Đóng gói tốt, Đáng đồng tiền, Ngon xỉu, Sạch sẽ",0,1
tu_455ab49bc7327761,455ab49bc7327761,123914,Ling Ling Foody - Gà Rán & Mỳ Cay - Vĩnh Hưng,4.8,,neutral,{},befood_comment,"Đóng gói tốt, Sạch sẽ","Tên quán: Ling Ling Foody - Gà Rán & Mỳ Cay - Vĩnh Hưng
Nguồn: befood_comment
Rating người dùng: 4.8
Sentiment tổng hợp: neutral
Aspect sentiment: 
Nội dung review: Đóng gói tốt, Sạch sẽ",0,1
tu_ee1dc390a5311868,ee1dc390a5311868,123914,Ling Ling Foody - Gà Rán & Mỳ Cay - Vĩnh Hưng,4.8,,neutral,{},befood_comment,"ngonnnnnnnnnn, Ngon xỉu, Đáng đồng tiền, Sạch sẽ","Tên quán: Ling Ling Foody - Gà Rán & Mỳ Cay - Vĩnh Hưng
Nguồn: befood_comment
Rating người dùng: 4.8
Sentiment tổng hợp: neutral
Aspect sentiment: 
Nội dung review: ngonnnnnnnnnn, Ngon xỉu, Đáng đồng tiền, Sạch sẽ",0,1
tu_210ec2ca83717462,210ec2ca83717462,123914,Ling Ling Foody - Gà Rán & Mỳ Cay - Vĩnh Hưng,4.8,,neutral,{},befood_comment,"Sạch sẽ, Đáng đồng tiền, Đóng gói tốt, Ngon xỉu","Tên quán: Ling Ling Foody - Gà Rán & Mỳ Cay - Vĩnh Hưng
Nguồn: befood_comment
Rating người dùng: 4.8
Sentiment tổng hợp: neutral
Aspect sentiment: 
Nội dung review: Sạch sẽ, Đáng đồng tiền, Đóng gói tốt, Ngon xỉu",0,1
tu_e720b053a81bc04d,e720b053a81bc04d,123914,Ling Ling Foody - Gà Rán & Mỳ Cay - Vĩnh Hưng,4.8,,neutral,{},befood_comment,"Ngon xỉu, Đáng đồng tiền, Sạch sẽ, Đóng gói tốt","Tên quán: Ling Ling Foody - Gà Rán & Mỳ Cay - Vĩnh Hưng
Nguồn: befood_comment
Rating người dùng: 4.8
Sentiment tổng hợp: neutral
Aspect sentiment: 
Nội dung review: Ngon xỉu, Đáng đồng tiền, Sạch sẽ, Đóng gói tốt",0,1
tu_b8a76f619eb44b9d,b8a76f619eb44b9d,123914,Ling Ling Foody - Gà Rán & Mỳ Cay - Vĩnh Hưng,4.8,,neutral,{},befood_comment,Ngon xỉu,"Tên quán: Ling Ling Foody - Gà Rán & Mỳ Cay - Vĩnh Hưng
Nguồn: befood_comment
Rating người dùng: 4.8
Sentiment tổng hợp: neutral
Aspect sentiment: 
Nội dung review: Ngon xỉu",0,1
tu_9210a697fa0e8c5d,9210a697fa0e8c5d,81712,Nhà Hàng Văn Đô - Cơm Văn Phòng - Ngọc Khánh,4.8,,neutral,{},befood_comment,Đáng đồng tiền,"Tên quán: Nhà Hàng Văn Đô - Cơm Văn Phòng - Ngọc Khánh
Nguồn: befood_comment
Rating người dùng: 4.8
Sentiment tổng hợp: neutral
Aspect sentiment: 
Nội dung review: Đáng đồng tiền",0,1
tu_eb5389e048f4f7c1,eb5389e048f4f7c1,81712,Nhà Hàng Văn Đô - Cơm Văn Phòng - Ngọc Khánh,4.8,,neutral,{},befood_comment,"Ngon xỉu, Đáng đồng tiền, Sạch sẽ, Đóng gói tốt","Tên quán: Nhà Hàng Văn Đô - Cơm Văn Phòng - Ngọc Khánh
Nguồn: befood_comment
Rating người dùng: 4.8
Sentiment tổng hợp: neutral
Aspect sentiment: 
Nội dung review: Ngon xỉu, Đáng đồng tiền, Sạch sẽ, Đóng gói tốt",0,1
tu_2c55a9380d884b36,2c55a9380d884b36,81712,Nhà Hàng Văn Đô - Cơm Văn Phòng - Ngọc Khánh,4.8,,neutral,{},befood_comment,"đóng gói chỉn chu, cá kho riềng k hợp khẩu vị, còn vảy cá., Không hợp khẩu vị","Tên quán: Nhà Hàng Văn Đô - Cơm Văn Phòng - Ngọc Khánh
Nguồn: befood_comment
Rating người dùng: 4.8
Sentiment tổng hợp: neutral
Aspect sentiment: 
Nội dung review: đóng gói chỉn chu, cá kho riềng k hợp khẩu vị, còn vảy cá., Không hợp khẩu vị",0,1
tu_46eee99f79148f37,46eee99f79148f37,119113,Phở Cuốn Ngũ Xã Hải Yến - Vũ Tông Phan,4.7,,neutral,{},befood_comment,ngon nma sốp quên cho em đũa oy,"Tên quán: Phở Cuốn Ngũ Xã Hải Yến - Vũ Tông Phan
Nguồn: befood_comment
Rating người dùng: 4.7
Sentiment tổng hợp: neutral
Aspect sentiment: 
Nội dung review: ngon nma sốp quên cho em đũa oy",0,1
tu_fcb7b96b626108ac,fcb7b96b626108ac,119113,Phở Cuốn Ngũ Xã Hải Yến - Vũ Tông Phan,4.7,,neutral,{},befood_comment,với giá này thì quá ít :))))) thịt bò được đúng 5 miếng,"Tên quán: Phở Cuốn Ngũ Xã Hải Yến - Vũ Tông Phan
Nguồn: befood_comment
Rating người dùng: 4.7
Sentiment tổng hợp: neutral
Aspect sentiment: 
Nội dung review: với giá này thì quá ít :))))) thịt bò được đúng 5 miếng",0,1
tu_588fd63cff6d8649,588fd63cff6d8649,123573,"Minh Huy - Bánh Cuốn, Bún Chả & Bún Miến Ngan - Vũ Tông Phan",3.3,,neutral,{},befood_comment,Đóng gói tốt,"Tên quán: Minh Huy - Bánh Cuốn, Bún Chả & Bún Miến Ngan - Vũ Tông Phan
Nguồn: befood_comment
Rating người dùng: 3.3
Sentiment tổng hợp: neutral
Aspect sentiment: 
Nội dung review: Đóng gói tốt",0,1
tu_bc9536babf95c601,bc9536babf95c601,123573,"Minh Huy - Bánh Cuốn, Bún Chả & Bún Miến Ngan - Vũ Tông Phan",3.3,,neutral,{},befood_comment,"ngan ít không ngon, Không hợp khẩu vị","Tên quán: Minh Huy - Bánh Cuốn, Bún Chả & Bún Miến Ngan - Vũ Tông Phan
Nguồn: befood_comment
Rating người dùng: 3.3
Sentiment tổng hợp: neutral
Aspect sentiment: 
Nội dung review: ngan ít không ngon, Không hợp khẩu vị",0,1
tu_1b8e2bc01dd97dd8,1b8e2bc01dd97dd8,123573,"Minh Huy - Bánh Cuốn, Bún Chả & Bún Miến Ngan - Vũ Tông Phan",3.3,,neutral,{},befood_comment,"Bánh cuốn thịt nướng, nhưng chỉ có bánh không có thịt, Sai/Thiếu món","Tên quán: Minh Huy - Bánh Cuốn, Bún Chả & Bún Miến Ngan - Vũ Tông Phan
Nguồn: befood_comment
Rating người dùng: 3.3
Sentiment tổng hợp: neutral
Aspect sentiment: 
Nội dung review: Bánh cuốn thịt nướng, nhưng chỉ có bánh không có thịt, Sai/Thiếu món",0,1
tu_c1f6af88413e331d,c1f6af88413e331d,123573,"Minh Huy - Bánh Cuốn, Bún Chả & Bún Miến Ngan - Vũ Tông Phan",3.3,,neutral,{},befood_comment,bánh cuốn nhân bị thiu rồi bạn ạ . hôi thiu mùi ôi mở ra là biết ngay. mình phải bỏ đi miến ngan ngon,"Tên quán: Minh Huy - Bánh Cuốn, Bún Chả & Bún Miến Ngan - Vũ Tông Phan
Nguồn: befood_comment
Rating người dùng: 3.3
Sentiment tổng hợp: neutral
Aspect sentiment: 
Nội dung review: bánh cuốn nhân bị thiu rồi bạn ạ . hôi thiu mùi ôi mở ra là biết ngay. mình phải bỏ đi miến ngan ngon",0,1
tu_80b5feae51481460,80b5feae51481460,8200,Phở bò - Cơm rang Duy Nhất - Huỳnh Thúc Kháng,4.7,,neutral,{},befood_comment,Ngon xỉu,"Tên quán: Phở bò - Cơm rang Duy Nhất - Huỳnh Thúc Kháng
Nguồn: befood_comment
Rating người dùng: 4.7
Sentiment tổng hợp: neutral
Aspect sentiment: 
Nội dung review: Ngon xỉu",0,1
tu_0701dcca5937a133,0701dcca5937a133,8200,Phở bò - Cơm rang Duy Nhất - Huỳnh Thúc Kháng,4.7,,neutral,{},befood_comment,Khá ngon,"Tên quán: Phở bò - Cơm rang Duy Nhất - Huỳnh Thúc Kháng
Nguồn: befood_comment
Rating người dùng: 4.7
Sentiment tổng hợp: neutral
Aspect sentiment: 
Nội dung review: Khá ngon",0,1
tu_2f9ecd9670068271,2f9ecd9670068271,8200,Phở bò - Cơm rang Duy Nhất - Huỳnh Thúc Kháng,4.7,,neutral,{},befood_comment,không có dụng cụ ăn uống,"Tên quán: Phở bò - Cơm rang Duy Nhất - Huỳnh Thúc Kháng
Nguồn: befood_comment
Rating người dùng: 4.7
Sentiment tổng hợp: neutral
Aspect sentiment: 
Nội dung review: không có dụng cụ ăn uống",0,1
tu_5df4b148513e1de9,5df4b148513e1de9,8200,Phở bò - Cơm rang Duy Nhất - Huỳnh Thúc Kháng,4.7,,neutral,{},befood_comment,có ghi chú nhma k để ý,"Tên quán: Phở bò - Cơm rang Duy Nhất - Huỳnh Thúc Kháng
Nguồn: befood_comment
Rating người dùng: 4.7
Sentiment tổng hợp: neutral
Aspect sentiment: 
Nội dung review: có ghi chú nhma k để ý",0,1
tu_83a3a20195c197a3,83a3a20195c197a3,78300,Bánh Cuốn Nóng & Bún Chả - Ngọc Hà,4.9,,neutral,{},befood_comment,"nước chấm nhạt. còn lại tuyệt vời. thịt nướng rất ngon, Sạch sẽ, Đóng gói tốt","Tên quán: Bánh Cuốn Nóng & Bún Chả - Ngọc Hà
Nguồn: befood_comment
Rating người dùng: 4.9
Sentiment tổng hợp: neutral
Aspect sentiment: 
Nội dung review: nước chấm nhạt. còn lại tuyệt vời. thịt nướng rất ngon, Sạch sẽ, Đóng gói tốt",0,1
tu_011c0492833432a7,011c0492833432a7,78300,Bánh Cuốn Nóng & Bún Chả - Ngọc Hà,4.9,,neutral,{},befood_comment,Sạch sẽ,"Tên quán: Bánh Cuốn Nóng & Bún Chả - Ngọc Hà
Nguồn: befood_comment
Rating người dùng: 4.9
Sentiment tổng hợp: neutral
Aspect sentiment: 
Nội dung review: Sạch sẽ",0,1
tu_5959dd8ebb0246a6,5959dd8ebb0246a6,78300,Bánh Cuốn Nóng & Bún Chả - Ngọc Hà,4.9,,neutral,{},befood_comment,Đóng gói tốt,"Tên quán: Bánh Cuốn Nóng & Bún Chả - Ngọc Hà
Nguồn: befood_comment
Rating người dùng: 4.9
Sentiment tổng hợp: neutral
Aspect sentiment: 
Nội dung review: Đóng gói tốt",0,1
tu_451e4ba26f1b7357,451e4ba26f1b7357,78300,Bánh Cuốn Nóng & Bún Chả - Ngọc Hà,4.9,,neutral,{},befood_comment,"ổn lắm nha, thịt nướng thơm đầy đặn. ủng hộ quán 5* nhé, Ngon xỉu, Đáng đồng tiền, Sạch sẽ, Đóng gói tốt","Tên quán: Bánh Cuốn Nóng & Bún Chả - Ngọc Hà
Nguồn: befood_comment
Rating người dùng: 4.9
Sentiment tổng hợp: neutral
Aspect sentiment: 
Nội dung review: ổn lắm nha, thịt nướng thơm đầy đặn. ủng hộ quán 5* nhé, Ngon xỉu, Đáng đồng tiền, Sạch sẽ, Đóng gói tốt",0,1
tu_74b16fbb6370a515,74b16fbb6370a515,78300,Bánh Cuốn Nóng & Bún Chả - Ngọc Hà,4.9,,neutral,{},befood_comment,"Bánh cuốn ngon nhưng nước chấm hơi nhạt. shop giao đúng đơn cho đầy đủ dụng cụ ăn uống, Khá ngon","Tên quán: Bánh Cuốn Nóng & Bún Chả - Ngọc Hà
Nguồn: befood_comment
Rating người dùng: 4.9
Sentiment tổng hợp: neutral
Aspect sentiment: 
Nội dung review: Bánh cuốn ngon nhưng nước chấm hơi nhạt. shop giao đúng đơn cho đầy đủ dụng cụ ăn uống, Khá ngon",0,1
tu_d386170fcb321f69,d386170fcb321f69,78300,Bánh Cuốn Nóng & Bún Chả - Ngọc Hà,4.9,,neutral,{},befood_comment,Khá ngon,"Tên quán: Bánh Cuốn Nóng & Bún Chả - Ngọc Hà
Nguồn: befood_comment
Rating người dùng: 4.9
Sentiment tổng hợp: neutral
Aspect sentiment: 
Nội dung review: Khá ngon",0,1
tu_2edec273963cb0fc,2edec273963cb0fc,20601,"Bánh Cuốn Nóng, Bún Chả & Gà Tần - 156 Kim Giang",4.6,,neutral,{},befood_comment,"Ngon xỉu, Đáng đồng tiền, Sạch sẽ, Đóng gói tốt","Tên quán: Bánh Cuốn Nóng, Bún Chả & Gà Tần - 156 Kim Giang
Nguồn: befood_comment
Rating người dùng: 4.6
Sentiment tổng hợp: neutral
Aspect sentiment: 
Nội dung review: Ngon xỉu, Đáng đồng tiền, Sạch sẽ, Đóng gói tốt",0,1
tu_763aa8c7f7f80c9d,763aa8c7f7f80c9d,20601,"Bánh Cuốn Nóng, Bún Chả & Gà Tần - 156 Kim Giang",4.6,,neutral,{},befood_comment,Ngon xỉu,"Tên quán: Bánh Cuốn Nóng, Bún Chả & Gà Tần - 156 Kim Giang
Nguồn: befood_comment
Rating người dùng: 4.6
Sentiment tổng hợp: neutral
Aspect sentiment: 
Nội dung review: Ngon xỉu",0,1
tu_2cb923c8782cd8f1,2cb923c8782cd8f1,20601,"Bánh Cuốn Nóng, Bún Chả & Gà Tần - 156 Kim Giang",4.6,,neutral,{},befood_comment,Đáng đồng tiền,"Tên quán: Bánh Cuốn Nóng, Bún Chả & Gà Tần - 156 Kim Giang
Nguồn: befood_comment
Rating người dùng: 4.6
Sentiment tổng hợp: neutral
Aspect sentiment: 
Nội dung review: Đáng đồng tiền",0,1
tu_977df368a2f45535,977df368a2f45535,20601,"Bánh Cuốn Nóng, Bún Chả & Gà Tần - 156 Kim Giang",4.6,,neutral,{},befood_comment,Khá ngon,"Tên quán: Bánh Cuốn Nóng, Bún Chả & Gà Tần - 156 Kim Giang
Nguồn: befood_comment
Rating người dùng: 4.6
Sentiment tổng hợp: neutral
Aspect sentiment: 
Nội dung review: Khá ngon",0,1
tu_ba9210ac19fd695a,ba9210ac19fd695a,20601,"Bánh Cuốn Nóng, Bún Chả & Gà Tần - 156 Kim Giang",4.6,,neutral,{},befood_comment,Không hợp khẩu vị,"Tên quán: Bánh Cuốn Nóng, Bún Chả & Gà Tần - 156 Kim Giang
Nguồn: befood_comment
Rating người dùng: 4.6
Sentiment tổng hợp: neutral
Aspect sentiment: 
Nội dung review: Không hợp khẩu vị",0,1
tu_fb91e2f432c34cab,fb91e2f432c34cab,20601,"Bánh Cuốn Nóng, Bún Chả & Gà Tần - 156 Kim Giang",4.6,,neutral,{},befood_comment,"đéo cho đũa ăn bốc à ?, Sai/Thiếu món","Tên quán: Bánh Cuốn Nóng, Bún Chả & Gà Tần - 156 Kim Giang
Nguồn: befood_comment
Rating người dùng: 4.6
Sentiment tổng hợp: neutral
Aspect sentiment: 
Nội dung review: đéo cho đũa ăn bốc à ?, Sai/Thiếu món",0,1
tu_5a67ce29836c8ba1,5a67ce29836c8ba1,20601,"Bánh Cuốn Nóng, Bún Chả & Gà Tần - 156 Kim Giang",4.6,,neutral,{},befood_comment,Sai/Thiếu món,"Tên quán: Bánh Cuốn Nóng, Bún Chả & Gà Tần - 156 Kim Giang
Nguồn: befood_comment
Rating người dùng: 4.6
Sentiment tổng hợp: neutral
Aspect sentiment: 
Nội dung review: Sai/Thiếu món",0,1
tu_a8c2eb8f9d2b8639,a8c2eb8f9d2b8639,9568,"Bún Chả, Bánh Cuốn Nóng, Gà Tần - Ba Duy - Kim Giang",4.8,,neutral,{},befood_comment,Worth the price,"Tên quán: Bún Chả, Bánh Cuốn Nóng, Gà Tần - Ba Duy - Kim Giang
Nguồn: befood_comment
Rating người dùng: 4.8
Sentiment tổng hợp: neutral
Aspect sentiment: 
Nội dung review: Worth the price",0,1
tu_927f65954261571a,927f65954261571a,9568,"Bún Chả, Bánh Cuốn Nóng, Gà Tần - Ba Duy - Kim Giang",4.8,,neutral,{},befood_comment,Khá ngon,"Tên quán: Bún Chả, Bánh Cuốn Nóng, Gà Tần - Ba Duy - Kim Giang
Nguồn: befood_comment
Rating người dùng: 4.8
Sentiment tổng hợp: neutral
Aspect sentiment: 
Nội dung review: Khá ngon",0,1
tu_bdf31b85e91d8ea6,bdf31b85e91d8ea6,9568,"Bún Chả, Bánh Cuốn Nóng, Gà Tần - Ba Duy - Kim Giang",4.8,,neutral,{},befood_comment,Vị chưa đậm đà lắm,"Tên quán: Bún Chả, Bánh Cuốn Nóng, Gà Tần - Ba Duy - Kim Giang
Nguồn: befood_comment
Rating người dùng: 4.8
Sentiment tổng hợp: neutral
Aspect sentiment: 
Nội dung review: Vị chưa đậm đà lắm",0,1
tu_5468e970485d8102,5468e970485d8102,12952,KCC - Phở - Cơm Rang - Nguyên Hồng,4.5,,neutral,{},befood_comment,"Ngon xỉu, Đáng đồng tiền, Sạch sẽ, Đóng gói tốt","Tên quán: KCC - Phở - Cơm Rang - Nguyên Hồng
Nguồn: befood_comment
Rating người dùng: 4.5
Sentiment tổng hợp: neutral
Aspect sentiment: 
Nội dung review: Ngon xỉu, Đáng đồng tiền, Sạch sẽ, Đóng gói tốt",0,1
tu_64b2a3030b1c7b32,64b2a3030b1c7b32,12952,KCC - Phở - Cơm Rang - Nguyên Hồng,4.5,,neutral,{},befood_comment,Đóng gói chưa tốt,"Tên quán: KCC - Phở - Cơm Rang - Nguyên Hồng
Nguồn: befood_comment
Rating người dùng: 4.5
Sentiment tổng hợp: neutral
Aspect sentiment: 
Nội dung review: Đóng gói chưa tốt",0,1
tu_72c184f6564a2425,72c184f6564a2425,12952,KCC - Phở - Cơm Rang - Nguyên Hồng,4.5,,neutral,{},befood_comment,"mình bảo không hành mà quán cho hành củ là s vậy quán, Không làm đúng ghi chú","Tên quán: KCC - Phở - Cơm Rang - Nguyên Hồng
Nguồn: befood_comment
Rating người dùng: 4.5
Sentiment tổng hợp: neutral
Aspect sentiment: 
Nội dung review: mình bảo không hành mà quán cho hành củ là s vậy quán, Không làm đúng ghi chú",0,1
tu_bd2f5d7bacae733c,bd2f5d7bacae733c,12952,KCC - Phở - Cơm Rang - Nguyên Hồng,4.5,,neutral,{},befood_comment,Sai/Thiếu món,"Tên quán: KCC - Phở - Cơm Rang - Nguyên Hồng
Nguồn: befood_comment
Rating người dùng: 4.5
Sentiment tổng hợp: neutral
Aspect sentiment: 
Nội dung review: Sai/Thiếu món",0,1
tu_5b2eb4486969f6fc,5b2eb4486969f6fc,12952,KCC - Phở - Cơm Rang - Nguyên Hồng,4.5,,neutral,{},befood_comment,"thịt và cơm khô, nguội, cứng. mô tả có trứng và canh nhưng giao k thấy có","Tên quán: KCC - Phở - Cơm Rang - Nguyên Hồng
Nguồn: befood_comment
Rating người dùng: 4.5
Sentiment tổng hợp: neutral
Aspect sentiment: 
Nội dung review: thịt và cơm khô, nguội, cứng. mô tả có trứng và canh nhưng giao k thấy có",0,1
tu_3c096928813d087e,3c096928813d087e,12952,KCC - Phở - Cơm Rang - Nguyên Hồng,4.5,,neutral,{},befood_comment,cơm như bị thiu,"Tên quán: KCC - Phở - Cơm Rang - Nguyên Hồng
Nguồn: befood_comment
Rating người dùng: 4.5
Sentiment tổng hợp: neutral
Aspect sentiment: 
Nội dung review: cơm như bị thiu",0,1
tu_46e534350433ce38,46e534350433ce38,12952,KCC - Phở - Cơm Rang - Nguyên Hồng,4.5,,neutral,{},befood_comment,thiếu 1 hộp đùi gà chiên mắm nhưng lại thừa 1 hộp cơm híc,"Tên quán: KCC - Phở - Cơm Rang - Nguyên Hồng
Nguồn: befood_comment
Rating người dùng: 4.5
Sentiment tổng hợp: neutral
Aspect sentiment: 
Nội dung review: thiếu 1 hộp đùi gà chiên mắm nhưng lại thừa 1 hộp cơm híc",0,1
tu_274862d85964fadf,274862d85964fadf,12952,KCC - Phở - Cơm Rang - Nguyên Hồng,4.5,,neutral,{},befood_comment,cơm mềm ngon,"Tên quán: KCC - Phở - Cơm Rang - Nguyên Hồng
Nguồn: befood_comment
Rating người dùng: 4.5
Sentiment tổng hợp: neutral
Aspect sentiment: 
Nội dung review: cơm mềm ngon",0,1
tu_36506a63a09386c6,36506a63a09386c6,12952,KCC - Phở - Cơm Rang - Nguyên Hồng,4.5,,neutral,{},befood_comment,"cơm khô, cứng, gà thì rán quá khô.","Tên quán: KCC - Phở - Cơm Rang - Nguyên Hồng
Nguồn: befood_comment
Rating người dùng: 4.5
Sentiment tổng hợp: neutral
Aspect sentiment: 
Nội dung review: cơm khô, cứng, gà thì rán quá khô.",0,1
tu_70218d6909357f0a,70218d6909357f0a,12952,KCC - Phở - Cơm Rang - Nguyên Hồng,4.5,,neutral,{},befood_comment,thịt bò được đúng 5 miếng,"Tên quán: KCC - Phở - Cơm Rang - Nguyên Hồng
Nguồn: befood_comment
Rating người dùng: 4.5
Sentiment tổng hợp: neutral
Aspect sentiment: 
Nội dung review: thịt bò được đúng 5 miếng",0,1
tu_099f7ca257ea665d,099f7ca257ea665d,69613,Bánh Cuốn Nóng Gia Truyền - Đội Cấn,4.5,,neutral,{},befood_comment,"Đặt 2 bánh cuốn chả quế với trứng cho có 1 suất gà tần thì dai, Sai/Thiếu món","Tên quán: Bánh Cuốn Nóng Gia Truyền - Đội Cấn
Nguồn: befood_comment
Rating người dùng: 4.5
Sentiment tổng hợp: neutral
Aspect sentiment: 
Nội dung review: Đặt 2 bánh cuốn chả quế với trứng cho có 1 suất gà tần thì dai, Sai/Thiếu món",0,1
tu_9ea474a1a0e1cee4,9ea474a1a0e1cee4,69613,Bánh Cuốn Nóng Gia Truyền - Đội Cấn,4.5,,neutral,{},befood_comment,Đáng đồng tiền,"Tên quán: Bánh Cuốn Nóng Gia Truyền - Đội Cấn
Nguồn: befood_comment
Rating người dùng: 4.5
Sentiment tổng hợp: neutral
Aspect sentiment: 
Nội dung review: Đáng đồng tiền",0,1
tu_ea8a0b253ea205d3,ea8a0b253ea205d3,69613,Bánh Cuốn Nóng Gia Truyền - Đội Cấn,4.5,,neutral,{},befood_comment,Bánh cuốn không đạt,"Tên quán: Bánh Cuốn Nóng Gia Truyền - Đội Cấn
Nguồn: befood_comment
Rating người dùng: 4.5
Sentiment tổng hợp: neutral
Aspect sentiment: 
Nội dung review: Bánh cuốn không đạt",0,1
tu_9a35b3927a648427,9a35b3927a648427,69613,Bánh Cuốn Nóng Gia Truyền - Đội Cấn,4.5,,neutral,{},befood_comment,ngon,"Tên quán: Bánh Cuốn Nóng Gia Truyền - Đội Cấn
Nguồn: befood_comment
Rating người dùng: 4.5
Sentiment tổng hợp: neutral
Aspect sentiment: 
Nội dung review: ngon",0,1
tu_cde14991730fe239,cde14991730fe239,69613,Bánh Cuốn Nóng Gia Truyền - Đội Cấn,4.5,,neutral,{},befood_comment,Quá ít,"Tên quán: Bánh Cuốn Nóng Gia Truyền - Đội Cấn
Nguồn: befood_comment
Rating người dùng: 4.5
Sentiment tổng hợp: neutral
Aspect sentiment: 
Nội dung review: Quá ít",0,1
tu_67559aa3112ab200,67559aa3112ab200,14120,KCC - Phở & Cơm Gà Xối Mắm - Đội Cấn,4.7,,neutral,{},befood_comment,Đáng đồng tiền,"Tên quán: KCC - Phở & Cơm Gà Xối Mắm - Đội Cấn
Nguồn: befood_comment
Rating người dùng: 4.7
Sentiment tổng hợp: neutral
Aspect sentiment: 
Nội dung review: Đáng đồng tiền",0,1
tu_9ecc9a47456e4102,9ecc9a47456e4102,14120,KCC - Phở & Cơm Gà Xối Mắm - Đội Cấn,4.7,,neutral,{},befood_comment,"Ngon xỉu, Đáng đồng tiền, Sạch sẽ, Đóng gói tốt","Tên quán: KCC - Phở & Cơm Gà Xối Mắm - Đội Cấn
Nguồn: befood_comment
Rating người dùng: 4.7
Sentiment tổng hợp: neutral
Aspect sentiment: 
Nội dung review: Ngon xỉu, Đáng đồng tiền, Sạch sẽ, Đóng gói tốt",0,1
tu_cfdcb1df0f46d306,cfdcb1df0f46d306,14120,KCC - Phở & Cơm Gà Xối Mắm - Đội Cấn,4.7,,neutral,{},befood_comment,Normal,"Tên quán: KCC - Phở & Cơm Gà Xối Mắm - Đội Cấn
Nguồn: befood_comment
Rating người dùng: 4.7
Sentiment tổng hợp: neutral
Aspect sentiment: 
Nội dung review: Normal",0,1
tu_aa4385041d14cb1d,aa4385041d14cb1d,14120,KCC - Phở & Cơm Gà Xối Mắm - Đội Cấn,4.7,,neutral,{},befood_comment,"gà chiên trong vẫn bị đỏ, đóng gói túi thủng chảy hết ra","Tên quán: KCC - Phở & Cơm Gà Xối Mắm - Đội Cấn
Nguồn: befood_comment
Rating người dùng: 4.7
Sentiment tổng hợp: neutral
Aspect sentiment: 
Nội dung review: gà chiên trong vẫn bị đỏ, đóng gói túi thủng chảy hết ra",0,1
tu_4b11884cd63e838f,4b11884cd63e838f,14120,KCC - Phở & Cơm Gà Xối Mắm - Đội Cấn,4.7,,neutral,{},befood_comment,giao thiếu sốt r,"Tên quán: KCC - Phở & Cơm Gà Xối Mắm - Đội Cấn
Nguồn: befood_comment
Rating người dùng: 4.7
Sentiment tổng hợp: neutral
Aspect sentiment: 
Nội dung review: giao thiếu sốt r",0,1
tu_91c2470b50c3fd7f,91c2470b50c3fd7f,2282,Phở Bò Cơm Rang Nhân Hòa - Nguyễn Huy Tưởng,4.7,,neutral,{},befood_comment,Ngon xỉu,"Tên quán: Phở Bò Cơm Rang Nhân Hòa - Nguyễn Huy Tưởng
Nguồn: befood_comment
Rating người dùng: 4.7
Sentiment tổng hợp: neutral
Aspect sentiment: 
Nội dung review: Ngon xỉu",0,1
tu_0ef5ee59f9b7fe94,0ef5ee59f9b7fe94,2282,Phở Bò Cơm Rang Nhân Hòa - Nguyễn Huy Tưởng,4.7,,neutral,{},befood_comment,Đáng đồng tiền,"Tên quán: Phở Bò Cơm Rang Nhân Hòa - Nguyễn Huy Tưởng
Nguồn: befood_comment
Rating người dùng: 4.7
Sentiment tổng hợp: neutral
Aspect sentiment: 
Nội dung review: Đáng đồng tiền",0,1
tu_1c2947421976e706,1c2947421976e706,2282,Phở Bò Cơm Rang Nhân Hòa - Nguyễn Huy Tưởng,4.7,,neutral,{},befood_comment,"note không hành vẫn cố nhét hành vào, Sai/Thiếu món","Tên quán: Phở Bò Cơm Rang Nhân Hòa - Nguyễn Huy Tưởng
Nguồn: befood_comment
Rating người dùng: 4.7
Sentiment tổng hợp: neutral
Aspect sentiment: 
Nội dung review: note không hành vẫn cố nhét hành vào, Sai/Thiếu món",0,1
tu_effafa86aabee0dd,effafa86aabee0dd,76776,Bánh Cuốn Nóng & Bún Chả - Nguyễn Ngọc Vũ,4.7,,neutral,{},befood_comment,"thiếu lon coca, Sai/Thiếu món","Tên quán: Bánh Cuốn Nóng & Bún Chả - Nguyễn Ngọc Vũ
Nguồn: befood_comment
Rating người dùng: 4.7
Sentiment tổng hợp: neutral
Aspect sentiment: 
Nội dung review: thiếu lon coca, Sai/Thiếu món",0,1
tu_7fb45d001809c9f1,7fb45d001809c9f1,76776,Bánh Cuốn Nóng & Bún Chả - Nguyễn Ngọc Vũ,4.7,,neutral,{},befood_comment,"Ngon xỉu, Đáng đồng tiền, Sạch sẽ, Đóng gói tốt","Tên quán: Bánh Cuốn Nóng & Bún Chả - Nguyễn Ngọc Vũ
Nguồn: befood_comment
Rating người dùng: 4.7
Sentiment tổng hợp: neutral
Aspect sentiment: 
Nội dung review: Ngon xỉu, Đáng đồng tiền, Sạch sẽ, Đóng gói tốt",0,1
tu_772f7c0800cd85ec,772f7c0800cd85ec,76776,Bánh Cuốn Nóng & Bún Chả - Nguyễn Ngọc Vũ,4.7,,neutral,{},befood_comment,"quán tiếc cái bát nhựa hay sao vậy ?, Đóng gói chưa tốt","Tên quán: Bánh Cuốn Nóng & Bún Chả - Nguyễn Ngọc Vũ
Nguồn: befood_comment
Rating người dùng: 4.7
Sentiment tổng hợp: neutral
Aspect sentiment: 
Nội dung review: quán tiếc cái bát nhựa hay sao vậy ?, Đóng gói chưa tốt",0,1
tu_911b23d0362863ea,911b23d0362863ea,76776,Bánh Cuốn Nóng & Bún Chả - Nguyễn Ngọc Vũ,4.7,,neutral,{},befood_comment,k có hộp đựng mắm k có rau sống,"Tên quán: Bánh Cuốn Nóng & Bún Chả - Nguyễn Ngọc Vũ
Nguồn: befood_comment
Rating người dùng: 4.7
Sentiment tổng hợp: neutral
Aspect sentiment: 
Nội dung review: k có hộp đựng mắm k có rau sống",0,1
tu_ab33d56f408132ad,ab33d56f408132ad,76776,Bánh Cuốn Nóng & Bún Chả - Nguyễn Ngọc Vũ,4.7,,neutral,{},befood_comment,5 cục chả luôn á,"Tên quán: Bánh Cuốn Nóng & Bún Chả - Nguyễn Ngọc Vũ
Nguồn: befood_comment
Rating người dùng: 4.7
Sentiment tổng hợp: neutral
Aspect sentiment: 
Nội dung review: 5 cục chả luôn á",0,1
tu_ba3e0535a7e09804,ba3e0535a7e09804,102812,Bánh Cuốn Bà Hy - Khu Đô Thị Bắc Linh Đàm,5.0,,neutral,{},befood_comment,Sạch sẽ,"Tên quán: Bánh Cuốn Bà Hy - Khu Đô Thị Bắc Linh Đàm
Nguồn: befood_comment
Rating người dùng: 5.0
Sentiment tổng hợp: neutral
Aspect sentiment: 
Nội dung review: Sạch sẽ",0,1
tu_83813775663af8ad,83813775663af8ad,102812,Bánh Cuốn Bà Hy - Khu Đô Thị Bắc Linh Đàm,5.0,,neutral,{},befood_comment,Khá ngon,"Tên quán: Bánh Cuốn Bà Hy - Khu Đô Thị Bắc Linh Đàm
Nguồn: befood_comment
Rating người dùng: 5.0
Sentiment tổng hợp: neutral
Aspect sentiment: 
Nội dung review: Khá ngon",0,1
tu_46ff9af71716ad02,46ff9af71716ad02,130643,Guu Chicken - Cơm Gà & Gà Rán - Ngõ Tự Do,5.0,,neutral,{},befood_comment,"Ngon xỉu, Đáng đồng tiền, Sạch sẽ, Đóng gói tốt","Tên quán: Guu Chicken - Cơm Gà & Gà Rán - Ngõ Tự Do
Nguồn: befood_comment
Rating người dùng: 5.0
Sentiment tổng hợp: neutral
Aspect sentiment: 
Nội dung review: Ngon xỉu, Đáng đồng tiền, Sạch sẽ, Đóng gói tốt",0,1
tu_900ff3d026031335,900ff3d026031335,8432,Quán Cơm 78 - Ngõ Tự Do,4.7,,neutral,{},befood_comment,"mình đặt 4 món mà giao 3 món. muốn liên hệ cho shop cũng không đc, liên hệ ship thì ship cũng ko có số của quán để giải quyết, Sai/Thiếu món","Tên quán: Quán Cơm 78 - Ngõ Tự Do
Nguồn: befood_comment
Rating người dùng: 4.7
Sentiment tổng hợp: neutral
Aspect sentiment: 
Nội dung review: mình đặt 4 món mà giao 3 món. muốn liên hệ cho shop cũng không đc, liên hệ ship thì ship cũng ko có số của quán để giải quyết, Sai/Thiếu món",0,1
tu_b6be7747b22ec98d,b6be7747b22ec98d,8432,Quán Cơm 78 - Ngõ Tự Do,4.7,,neutral,{},befood_comment,"Ngon xỉu, Đáng đồng tiền, Sạch sẽ, Đóng gói tốt","Tên quán: Quán Cơm 78 - Ngõ Tự Do
Nguồn: befood_comment
Rating người dùng: 4.7
Sentiment tổng hợp: neutral
Aspect sentiment: 
Nội dung review: Ngon xỉu, Đáng đồng tiền, Sạch sẽ, Đóng gói tốt",0,1
tu_a96512072ba211e8,a96512072ba211e8,102294,Bếp Cô Thảo - Cơm Văn Phòng Tự Chọn - Lò Đúc,4.6,,neutral,{},befood_comment,tôi đặt thịt rang cháy cạnh đưa tôi thịt kho,"Tên quán: Bếp Cô Thảo - Cơm Văn Phòng Tự Chọn - Lò Đúc
Nguồn: befood_comment
Rating người dùng: 4.6
Sentiment tổng hợp: neutral
Aspect sentiment: 
Nội dung review: tôi đặt thịt rang cháy cạnh đưa tôi thịt kho",0,1
tu_fa8a4d949b2c05fa,fa8a4d949b2c05fa,15897,Vịt 29 - 29 Food - Cơm Phở -Nguyễn Thượng Hiền,4.9,,neutral,{},befood_comment,"Ngon xỉu, Đáng đồng tiền, Đóng gói tốt, Sạch sẽ","Tên quán: Vịt 29 - 29 Food - Cơm Phở -Nguyễn Thượng Hiền
Nguồn: befood_comment
Rating người dùng: 4.9
Sentiment tổng hợp: neutral
Aspect sentiment: 
Nội dung review: Ngon xỉu, Đáng đồng tiền, Đóng gói tốt, Sạch sẽ",0,1
tu_d8964f2eb4603782,d8964f2eb4603782,130509,Guu Chicken - Cơm Gà & Gà Rán - Tam Khương,5.0,,neutral,{},befood_comment,"Ngon xỉu, Đóng gói tốt, Đáng đồng tiền, Sạch sẽ","Tên quán: Guu Chicken - Cơm Gà & Gà Rán - Tam Khương
Nguồn: befood_comment
Rating người dùng: 5.0
Sentiment tổng hợp: neutral
Aspect sentiment: 
Nội dung review: Ngon xỉu, Đóng gói tốt, Đáng đồng tiền, Sạch sẽ",0,1
tu_98ee63663e98aa54,98ee63663e98aa54,17700,Bún Chả Xưa - Lĩnh Nam,4.2,,neutral,{},befood_comment,"ngon, Đáng đồng tiền","Tên quán: Bún Chả Xưa - Lĩnh Nam
Nguồn: befood_comment
Rating người dùng: 4.2
Sentiment tổng hợp: neutral
Aspect sentiment: 
Nội dung review: ngon, Đáng đồng tiền",0,1
tu_d574330250ce6b6d,d574330250ce6b6d,17700,Bún Chả Xưa - Lĩnh Nam,4.2,,neutral,{},befood_comment,Khá ngon,"Tên quán: Bún Chả Xưa - Lĩnh Nam
Nguồn: befood_comment
Rating người dùng: 4.2
Sentiment tổng hợp: neutral
Aspect sentiment: 
Nội dung review: Khá ngon",0,1
tu_92ec1861a815aabb,92ec1861a815aabb,17700,Bún Chả Xưa - Lĩnh Nam,4.2,,neutral,{},befood_comment,"đặt thêm thịt nướng mà k thấy đâu, Sai/Thiếu món","Tên quán: Bún Chả Xưa - Lĩnh Nam
Nguồn: befood_comment
Rating người dùng: 4.2
Sentiment tổng hợp: neutral
Aspect sentiment: 
Nội dung review: đặt thêm thịt nướng mà k thấy đâu, Sai/Thiếu món",0,1
tu_3bc572a8245e2bfa,3bc572a8245e2bfa,17700,Bún Chả Xưa - Lĩnh Nam,4.2,,neutral,{},befood_comment,Không hợp khẩu vị,"Tên quán: Bún Chả Xưa - Lĩnh Nam
Nguồn: befood_comment
Rating người dùng: 4.2
Sentiment tổng hợp: neutral
Aspect sentiment: 
Nội dung review: Không hợp khẩu vị",0,1
tu_47109f789717089b,47109f789717089b,17700,Bún Chả Xưa - Lĩnh Nam,4.2,,neutral,{},befood_comment,"rau thối , giao còn thiếu chả, Sai/Thiếu món","Tên quán: Bún Chả Xưa - Lĩnh Nam
Nguồn: befood_comment
Rating người dùng: 4.2
Sentiment tổng hợp: neutral
Aspect sentiment: 
Nội dung review: rau thối , giao còn thiếu chả, Sai/Thiếu món",0,1
tu_ed68889f9cb98025,ed68889f9cb98025,17700,Bún Chả Xưa - Lĩnh Nam,4.2,,neutral,{},befood_comment,"ăn xong bị đau bụng ỉa chảy, không đảm bảo vệ sinh, Không đảm bảo vệ sinh","Tên quán: Bún Chả Xưa - Lĩnh Nam
Nguồn: befood_comment
Rating người dùng: 4.2
Sentiment tổng hợp: neutral
Aspect sentiment: 
Nội dung review: ăn xong bị đau bụng ỉa chảy, không đảm bảo vệ sinh, Không đảm bảo vệ sinh",0,1
tu_e7151638e10b8a47,e7151638e10b8a47,17700,Bún Chả Xưa - Lĩnh Nam,4.2,,neutral,{},befood_comment,bún bị chua với lại bún dính màu đỏ như hình,"Tên quán: Bún Chả Xưa - Lĩnh Nam
Nguồn: befood_comment
Rating người dùng: 4.2
Sentiment tổng hợp: neutral
Aspect sentiment: 
Nội dung review: bún bị chua với lại bún dính màu đỏ như hình",0,1
tu_a2a2d0d8e87867b5,a2a2d0d8e87867b5,17700,Bún Chả Xưa - Lĩnh Nam,4.2,,neutral,{},befood_comment,quán k phân biệt được bún chả thịt viên🙂,"Tên quán: Bún Chả Xưa - Lĩnh Nam
Nguồn: befood_comment
Rating người dùng: 4.2
Sentiment tổng hợp: neutral
Aspect sentiment: 
Nội dung review: quán k phân biệt được bún chả thịt viên🙂",0,1
tu_7858f1c21124259a,7858f1c21124259a,17700,Bún Chả Xưa - Lĩnh Nam,4.2,,neutral,{},befood_comment,thịt hơi có mùi một chút,"Tên quán: Bún Chả Xưa - Lĩnh Nam
Nguồn: befood_comment
Rating người dùng: 4.2
Sentiment tổng hợp: neutral
Aspect sentiment: 
Nội dung review: thịt hơi có mùi một chút",0,1
tu_b7fcd8e5f847dd90,b7fcd8e5f847dd90,17700,Bún Chả Xưa - Lĩnh Nam,4.2,,neutral,{},befood_comment,thịt siêu mỡ,"Tên quán: Bún Chả Xưa - Lĩnh Nam
Nguồn: befood_comment
Rating người dùng: 4.2
Sentiment tổng hợp: neutral
Aspect sentiment: 
Nội dung review: thịt siêu mỡ",0,1
tu_096e9f0f6a50790a,096e9f0f6a50790a,98870,Tứ Quý - Phở Bò & Cơm Rang - Trịnh Đình Cửu,4.8,,neutral,{},befood_comment,"Đóng gói tốt, Đáng đồng tiền","Tên quán: Tứ Quý - Phở Bò & Cơm Rang - Trịnh Đình Cửu
Nguồn: befood_comment
Rating người dùng: 4.8
Sentiment tổng hợp: neutral
Aspect sentiment: 
Nội dung review: Đóng gói tốt, Đáng đồng tiền",0,1
tu_8049448448e5ee67,8049448448e5ee67,98870,Tứ Quý - Phở Bò & Cơm Rang - Trịnh Đình Cửu,4.8,,neutral,{},befood_comment,"Ngon xỉu, Đáng đồng tiền, Sạch sẽ, Đóng gói tốt","Tên quán: Tứ Quý - Phở Bò & Cơm Rang - Trịnh Đình Cửu
Nguồn: befood_comment
Rating người dùng: 4.8
Sentiment tổng hợp: neutral
Aspect sentiment: 
Nội dung review: Ngon xỉu, Đáng đồng tiền, Sạch sẽ, Đóng gói tốt",0,1
tu_16fdbe53407df7b0,16fdbe53407df7b0,98870,Tứ Quý - Phở Bò & Cơm Rang - Trịnh Đình Cửu,4.8,,neutral,{},befood_comment,"Sạch sẽ, Đóng gói tốt","Tên quán: Tứ Quý - Phở Bò & Cơm Rang - Trịnh Đình Cửu
Nguồn: befood_comment
Rating người dùng: 4.8
Sentiment tổng hợp: neutral
Aspect sentiment: 
Nội dung review: Sạch sẽ, Đóng gói tốt",0,1
tu_aee99f8ac6e78bab,aee99f8ac6e78bab,98870,Tứ Quý - Phở Bò & Cơm Rang - Trịnh Đình Cửu,4.8,,neutral,{},befood_comment,"Đóng gói tốt, Sạch sẽ","Tên quán: Tứ Quý - Phở Bò & Cơm Rang - Trịnh Đình Cửu
Nguồn: befood_comment
Rating người dùng: 4.8
Sentiment tổng hợp: neutral
Aspect sentiment: 
Nội dung review: Đóng gói tốt, Sạch sẽ",0,1
tu_e0855c48a9bd6577,e0855c48a9bd6577,98870,Tứ Quý - Phở Bò & Cơm Rang - Trịnh Đình Cửu,4.8,,neutral,{},befood_comment,Ngon xỉu,"Tên quán: Tứ Quý - Phở Bò & Cơm Rang - Trịnh Đình Cửu
Nguồn: befood_comment
Rating người dùng: 4.8
Sentiment tổng hợp: neutral
Aspect sentiment: 
Nội dung review: Ngon xỉu",0,1
tu_84d3f49eb6225bd3,84d3f49eb6225bd3,98870,Tứ Quý - Phở Bò & Cơm Rang - Trịnh Đình Cửu,4.8,,neutral,{},befood_comment,"chỉ được cái đóng gói đẹp, ăn như đấm vào mồm vậy, nhạt toẹt","Tên quán: Tứ Quý - Phở Bò & Cơm Rang - Trịnh Đình Cửu
Nguồn: befood_comment
Rating người dùng: 4.8
Sentiment tổng hợp: neutral
Aspect sentiment: 
Nội dung review: chỉ được cái đóng gói đẹp, ăn như đấm vào mồm vậy, nhạt toẹt",0,1
tu_761c58de755a634d,761c58de755a634d,55835,Tiệm Cơm Gà - Trung Liệt,4.2,,neutral,{},befood_comment,Khá ngon,"Tên quán: Tiệm Cơm Gà - Trung Liệt
Nguồn: befood_comment
Rating người dùng: 4.2
Sentiment tổng hợp: neutral
Aspect sentiment: 
Nội dung review: Khá ngon",0,1
tu_91bb22aa1962a164,91bb22aa1962a164,55835,Tiệm Cơm Gà - Trung Liệt,4.2,,neutral,{},befood_comment,"cơm là cơm trắng và thiếu nước sốt như trong ảnh., Sai/Thiếu món","Tên quán: Tiệm Cơm Gà - Trung Liệt
Nguồn: befood_comment
Rating người dùng: 4.2
Sentiment tổng hợp: neutral
Aspect sentiment: 
Nội dung review: cơm là cơm trắng và thiếu nước sốt như trong ảnh., Sai/Thiếu món",0,1
tu_486348330a0d0b79,486348330a0d0b79,55835,Tiệm Cơm Gà - Trung Liệt,4.2,,neutral,{},befood_comment,"lần đầu ăn của quán hình như cuối ngày ship cho mình cơm cháy vàng ăn bị cứng gà nướng bị cháy đen 1 mảng ăn rất đắng, nướng mật ong có thể cháy nhẹ cx nhưng đằng này 1 mảng đen ăn đắng. Rất thất vọng từ cơm đến gà","Tên quán: Tiệm Cơm Gà - Trung Liệt
Nguồn: befood_comment
Rating người dùng: 4.2
Sentiment tổng hợp: neutral
Aspect sentiment: 
Nội dung review: lần đầu ăn của quán hình như cuối ngày ship cho mình cơm cháy vàng ăn bị cứng gà nướng bị cháy đen 1 mảng ăn rất đắng, nướng mật ong có thể cháy nhẹ cx nhưng đằng này 1 mảng đen ăn đắng. Rất thất vọng từ cơm đến gà",0,1
tu_77c539c7cd8b72fc,77c539c7cd8b72fc,55835,Tiệm Cơm Gà - Trung Liệt,4.2,,neutral,{},befood_comment,không đáng với giá tiền bỏ ra !,"Tên quán: Tiệm Cơm Gà - Trung Liệt
Nguồn: befood_comment
Rating người dùng: 4.2
Sentiment tổng hợp: neutral
Aspect sentiment: 
Nội dung review: không đáng với giá tiền bỏ ra !",0,1
tu_bb2b308efa0f3d6c,bb2b308efa0f3d6c,55835,Tiệm Cơm Gà - Trung Liệt,4.2,,neutral,{},befood_comment,đùi gà còn sống,"Tên quán: Tiệm Cơm Gà - Trung Liệt
Nguồn: befood_comment
Rating người dùng: 4.2
Sentiment tổng hợp: neutral
Aspect sentiment: 
Nội dung review: đùi gà còn sống",0,1
tu_4d89347e5e937587,4d89347e5e937587,55835,Tiệm Cơm Gà - Trung Liệt,4.2,,neutral,{},befood_comment,không có nước canh nước chấm,"Tên quán: Tiệm Cơm Gà - Trung Liệt
Nguồn: befood_comment
Rating người dùng: 4.2
Sentiment tổng hợp: neutral
Aspect sentiment: 
Nội dung review: không có nước canh nước chấm",0,1
tu_b72ffe17a2e11a43,b72ffe17a2e11a43,88436,Bún Chả Phúc Tha - Hoàng Mai,5.0,,neutral,{},befood_comment,"Sạch sẽ, Đáng đồng tiền, Đóng gói tốt, Ngon xỉu","Tên quán: Bún Chả Phúc Tha - Hoàng Mai
Nguồn: befood_comment
Rating người dùng: 5.0
Sentiment tổng hợp: neutral
Aspect sentiment: 
Nội dung review: Sạch sẽ, Đáng đồng tiền, Đóng gói tốt, Ngon xỉu",0,1
tu_34a773c84cf66e72,34a773c84cf66e72,88436,Bún Chả Phúc Tha - Hoàng Mai,5.0,,neutral,{},befood_comment,"Ngon xỉu, Đóng gói tốt, Đáng đồng tiền, Sạch sẽ","Tên quán: Bún Chả Phúc Tha - Hoàng Mai
Nguồn: befood_comment
Rating người dùng: 5.0
Sentiment tổng hợp: neutral
Aspect sentiment: 
Nội dung review: Ngon xỉu, Đóng gói tốt, Đáng đồng tiền, Sạch sẽ",0,1
tu_97276e125c57cdf8,97276e125c57cdf8,88436,Bún Chả Phúc Tha - Hoàng Mai,5.0,,neutral,{},befood_comment,Ngon xỉu,"Tên quán: Bún Chả Phúc Tha - Hoàng Mai
Nguồn: befood_comment
Rating người dùng: 5.0
Sentiment tổng hợp: neutral
Aspect sentiment: 
Nội dung review: Ngon xỉu",0,1
tu_6e0e9b6c5c95ec7b,6e0e9b6c5c95ec7b,88436,Bún Chả Phúc Tha - Hoàng Mai,5.0,,neutral,{},befood_comment,"Worth the price, Delicious, Clean, Good packaging","Tên quán: Bún Chả Phúc Tha - Hoàng Mai
Nguồn: befood_comment
Rating người dùng: 5.0
Sentiment tổng hợp: neutral
Aspect sentiment: 
Nội dung review: Worth the price, Delicious, Clean, Good packaging",0,1
tu_0970170911b6d95e,0970170911b6d95e,69293,Cơm & Phở Hương Lan - Nguyễn Thái Học,4.0,,neutral,{},befood_comment,Ngon xỉu,"Tên quán: Cơm & Phở Hương Lan - Nguyễn Thái Học
Nguồn: befood_comment
Rating người dùng: 4.0
Sentiment tổng hợp: neutral
Aspect sentiment: 
Nội dung review: Ngon xỉu",0,1
tu_ed59a7b8319aced8,ed59a7b8319aced8,69293,Cơm & Phở Hương Lan - Nguyễn Thái Học,4.0,,neutral,{},befood_comment,Giá hơi đắt,"Tên quán: Cơm & Phở Hương Lan - Nguyễn Thái Học
Nguồn: befood_comment
Rating người dùng: 4.0
Sentiment tổng hợp: neutral
Aspect sentiment: 
Nội dung review: Giá hơi đắt",0,1
tu_c6e70127478be47a,c6e70127478be47a,69293,Cơm & Phở Hương Lan - Nguyễn Thái Học,4.0,,neutral,{},befood_comment,"eqfyfac., Sai/Thiếu món","Tên quán: Cơm & Phở Hương Lan - Nguyễn Thái Học
Nguồn: befood_comment
Rating người dùng: 4.0
Sentiment tổng hợp: neutral
Aspect sentiment: 
Nội dung review: eqfyfac., Sai/Thiếu món",0,1
tu_9ba5d6a60f859020,9ba5d6a60f859020,69293,Cơm & Phở Hương Lan - Nguyễn Thái Học,4.0,,neutral,{},befood_comment,"cho mỗi nc canh k biết ăn phở kiểu gì luôn ?, Sai/Thiếu món","Tên quán: Cơm & Phở Hương Lan - Nguyễn Thái Học
Nguồn: befood_comment
Rating người dùng: 4.0
Sentiment tổng hợp: neutral
Aspect sentiment: 
Nội dung review: cho mỗi nc canh k biết ăn phở kiểu gì luôn ?, Sai/Thiếu món",0,1
tu_41e3d7388ca3414f,41e3d7388ca3414f,69293,Cơm & Phở Hương Lan - Nguyễn Thái Học,4.0,,neutral,{},befood_comment,mình đã note rõ là nước dùng để riêng r vẫn cho vào là sao ạ ?,"Tên quán: Cơm & Phở Hương Lan - Nguyễn Thái Học
Nguồn: befood_comment
Rating người dùng: 4.0
Sentiment tổng hợp: neutral
Aspect sentiment: 
Nội dung review: mình đã note rõ là nước dùng để riêng r vẫn cho vào là sao ạ ?",0,1
tu_58e382f425fbb4cd,58e382f425fbb4cd,69293,Cơm & Phở Hương Lan - Nguyễn Thái Học,4.0,,neutral,{},befood_comment,k ngon,"Tên quán: Cơm & Phở Hương Lan - Nguyễn Thái Học
Nguồn: befood_comment
Rating người dùng: 4.0
Sentiment tổng hợp: neutral
Aspect sentiment: 
Nội dung review: k ngon",0,1
tu_9e19a55c838d72de,9e19a55c838d72de,10307,Cơm Gà Xối Mắm Còn - Dương Văn Bé,4.7,,neutral,{},befood_comment,"Đáng đồng tiền, Ngon xỉu, Đóng gói tốt, Sạch sẽ","Tên quán: Cơm Gà Xối Mắm Còn - Dương Văn Bé
Nguồn: befood_comment
Rating người dùng: 4.7
Sentiment tổng hợp: neutral
Aspect sentiment: 
Nội dung review: Đáng đồng tiền, Ngon xỉu, Đóng gói tốt, Sạch sẽ",0,1
tu_7ace4ad0db01bcdf,7ace4ad0db01bcdf,10307,Cơm Gà Xối Mắm Còn - Dương Văn Bé,4.7,,neutral,{},befood_comment,"Ngon xỉu, Đóng gói tốt, Sạch sẽ, Đáng đồng tiền","Tên quán: Cơm Gà Xối Mắm Còn - Dương Văn Bé
Nguồn: befood_comment
Rating người dùng: 4.7
Sentiment tổng hợp: neutral
Aspect sentiment: 
Nội dung review: Ngon xỉu, Đóng gói tốt, Sạch sẽ, Đáng đồng tiền",0,1
tu_6f5e6fa7bf450151,6f5e6fa7bf450151,10307,Cơm Gà Xối Mắm Còn - Dương Văn Bé,4.7,,neutral,{},befood_comment,"Ngon xỉu, Đáng đồng tiền, Sạch sẽ, Đóng gói tốt","Tên quán: Cơm Gà Xối Mắm Còn - Dương Văn Bé
Nguồn: befood_comment
Rating người dùng: 4.7
Sentiment tổng hợp: neutral
Aspect sentiment: 
Nội dung review: Ngon xỉu, Đáng đồng tiền, Sạch sẽ, Đóng gói tốt",0,1
tu_c1a57bf1808057c1,c1a57bf1808057c1,10307,Cơm Gà Xối Mắm Còn - Dương Văn Bé,4.7,,neutral,{},befood_comment,Đáng đồng tiền,"Tên quán: Cơm Gà Xối Mắm Còn - Dương Văn Bé
Nguồn: befood_comment
Rating người dùng: 4.7
Sentiment tổng hợp: neutral
Aspect sentiment: 
Nội dung review: Đáng đồng tiền",0,1
tu_b46bf4d0da9cbad8,b46bf4d0da9cbad8,10307,Cơm Gà Xối Mắm Còn - Dương Văn Bé,4.7,,neutral,{},befood_comment,Normal,"Tên quán: Cơm Gà Xối Mắm Còn - Dương Văn Bé
Nguồn: befood_comment
Rating người dùng: 4.7
Sentiment tổng hợp: neutral
Aspect sentiment: 
Nội dung review: Normal",0,1
tu_a02114798e96e7c4,a02114798e96e7c4,10307,Cơm Gà Xối Mắm Còn - Dương Văn Bé,4.7,,neutral,{},befood_comment,Không hợp khẩu vị,"Tên quán: Cơm Gà Xối Mắm Còn - Dương Văn Bé
Nguồn: befood_comment
Rating người dùng: 4.7
Sentiment tổng hợp: neutral
Aspect sentiment: 
Nội dung review: Không hợp khẩu vị",0,1
tu_8fdb75f417275a48,8fdb75f417275a48,10307,Cơm Gà Xối Mắm Còn - Dương Văn Bé,4.7,,neutral,{},befood_comment,no quá ko ăn được ko biết ngon hay ko nên 3 sao thôi,"Tên quán: Cơm Gà Xối Mắm Còn - Dương Văn Bé
Nguồn: befood_comment
Rating người dùng: 4.7
Sentiment tổng hợp: neutral
Aspect sentiment: 
Nội dung review: no quá ko ăn được ko biết ngon hay ko nên 3 sao thôi",0,1
tu_917fefcabca8aa10,917fefcabca8aa10,49400,Tùng Linh Quán - Bún Chả & Bánh Cuốn Nóng - Bùi Xương Trạch,5.0,,neutral,{},befood_comment,"Đáng đồng tiền, Đóng gói tốt, Khác, Sạch sẽ, Ngon xỉu","Tên quán: Tùng Linh Quán - Bún Chả & Bánh Cuốn Nóng - Bùi Xương Trạch
Nguồn: befood_comment
Rating người dùng: 5.0
Sentiment tổng hợp: neutral
Aspect sentiment: 
Nội dung review: Đáng đồng tiền, Đóng gói tốt, Khác, Sạch sẽ, Ngon xỉu",0,1
tu_8fa979394c7e0749,8fa979394c7e0749,88782,Guu Chicken - Cơm Gà & Gà Rán - Khương Hạ,4.7,,neutral,{},befood_comment,"đặt có đồ uống mà đơn thì không có đồ uống, Sai/Thiếu món","Tên quán: Guu Chicken - Cơm Gà & Gà Rán - Khương Hạ
Nguồn: befood_comment
Rating người dùng: 4.7
Sentiment tổng hợp: neutral
Aspect sentiment: 
Nội dung review: đặt có đồ uống mà đơn thì không có đồ uống, Sai/Thiếu món",0,1
tu_b06905bf3e41829e,b06905bf3e41829e,88782,Guu Chicken - Cơm Gà & Gà Rán - Khương Hạ,4.7,,neutral,{},befood_comment,em có note thêm sốt mà ko thấy shop cho thêm,"Tên quán: Guu Chicken - Cơm Gà & Gà Rán - Khương Hạ
Nguồn: befood_comment
Rating người dùng: 4.7
Sentiment tổng hợp: neutral
Aspect sentiment: 
Nội dung review: em có note thêm sốt mà ko thấy shop cho thêm",0,1
tu_c5bdcde28b7e7ce1,c5bdcde28b7e7ce1,88782,Guu Chicken - Cơm Gà & Gà Rán - Khương Hạ,4.7,,neutral,{},befood_comment,ổn,"Tên quán: Guu Chicken - Cơm Gà & Gà Rán - Khương Hạ
Nguồn: befood_comment
Rating người dùng: 4.7
Sentiment tổng hợp: neutral
Aspect sentiment: 
Nội dung review: ổn",0,1
tu_b60b6f3454c67a2b,b60b6f3454c67a2b,61570,Bún Chả Quý Anh - Vĩnh Hưng,4.9,,neutral,{},befood_comment,Ngon xỉu,"Tên quán: Bún Chả Quý Anh - Vĩnh Hưng
Nguồn: befood_comment
Rating người dùng: 4.9
Sentiment tổng hợp: neutral
Aspect sentiment: 
Nội dung review: Ngon xỉu",0,1
tu_1ed00c792401d9d3,1ed00c792401d9d3,61570,Bún Chả Quý Anh - Vĩnh Hưng,4.9,,neutral,{},befood_comment,"Chả quán này peak thực sự, tổng quan là ngonnn!, Ngon xỉu, Đáng đồng tiền","Tên quán: Bún Chả Quý Anh - Vĩnh Hưng
Nguồn: befood_comment
Rating người dùng: 4.9
Sentiment tổng hợp: neutral
Aspect sentiment: 
Nội dung review: Chả quán này peak thực sự, tổng quan là ngonnn!, Ngon xỉu, Đáng đồng tiền",0,1
tu_96cecfba41e18a5c,96cecfba41e18a5c,61570,Bún Chả Quý Anh - Vĩnh Hưng,4.9,,neutral,{},befood_comment,Sai/Thiếu món,"Tên quán: Bún Chả Quý Anh - Vĩnh Hưng
Nguồn: befood_comment
Rating người dùng: 4.9
Sentiment tổng hợp: neutral
Aspect sentiment: 
Nội dung review: Sai/Thiếu món",0,1
tu_ff0d13b206bbfea6,ff0d13b206bbfea6,61570,Bún Chả Quý Anh - Vĩnh Hưng,4.9,,neutral,{},befood_comment,nem cháy nửa cái,"Tên quán: Bún Chả Quý Anh - Vĩnh Hưng
Nguồn: befood_comment
Rating người dùng: 4.9
Sentiment tổng hợp: neutral
Aspect sentiment: 
Nội dung review: nem cháy nửa cái",0,1
tu_83e919a453278642,83e919a453278642,123151,"FoodHub - Mỳ Quảng, Cơm Gà Roti - Hoàng Ngọc Phách",4.7,,neutral,{},befood_comment,"đồ shop đầy đặn, đóng gói sạch sẽ cbi đồ nhanh lắm a, Ngon xỉu, Đáng đồng tiền, Sạch sẽ","Tên quán: FoodHub - Mỳ Quảng, Cơm Gà Roti - Hoàng Ngọc Phách
Nguồn: befood_comment
Rating người dùng: 4.7
Sentiment tổng hợp: neutral
Aspect sentiment: 
Nội dung review: đồ shop đầy đặn, đóng gói sạch sẽ cbi đồ nhanh lắm a, Ngon xỉu, Đáng đồng tiền, Sạch sẽ",0,1
tu_7ad0df8f1a959d64,7ad0df8f1a959d64,123151,"FoodHub - Mỳ Quảng, Cơm Gà Roti - Hoàng Ngọc Phách",4.7,,neutral,{},befood_comment,"Ngon xỉu, Đáng đồng tiền, Sạch sẽ","Tên quán: FoodHub - Mỳ Quảng, Cơm Gà Roti - Hoàng Ngọc Phách
Nguồn: befood_comment
Rating người dùng: 4.7
Sentiment tổng hợp: neutral
Aspect sentiment: 
Nội dung review: Ngon xỉu, Đáng đồng tiền, Sạch sẽ",0,1
tu_7acc12499c232ce0,7acc12499c232ce0,123151,"FoodHub - Mỳ Quảng, Cơm Gà Roti - Hoàng Ngọc Phách",4.7,,neutral,{},befood_comment,"Delicious, Clean, Good packaging","Tên quán: FoodHub - Mỳ Quảng, Cơm Gà Roti - Hoàng Ngọc Phách
Nguồn: befood_comment
Rating người dùng: 4.7
Sentiment tổng hợp: neutral
Aspect sentiment: 
Nội dung review: Delicious, Clean, Good packaging",0,1
tu_247cd476dd2274d3,247cd476dd2274d3,123151,"FoodHub - Mỳ Quảng, Cơm Gà Roti - Hoàng Ngọc Phách",4.7,,neutral,{},befood_comment,"Delicious, Worth the price, Clean, Good packaging","Tên quán: FoodHub - Mỳ Quảng, Cơm Gà Roti - Hoàng Ngọc Phách
Nguồn: befood_comment
Rating người dùng: 4.7
Sentiment tổng hợp: neutral
Aspect sentiment: 
Nội dung review: Delicious, Worth the price, Clean, Good packaging",0,1
tu_a7ffb5e10e0ab1de,a7ffb5e10e0ab1de,123151,"FoodHub - Mỳ Quảng, Cơm Gà Roti - Hoàng Ngọc Phách",4.7,,neutral,{},befood_comment,"Đáng đồng tiền, Ngon xỉu, Đóng gói tốt, Sạch sẽ","Tên quán: FoodHub - Mỳ Quảng, Cơm Gà Roti - Hoàng Ngọc Phách
Nguồn: befood_comment
Rating người dùng: 4.7
Sentiment tổng hợp: neutral
Aspect sentiment: 
Nội dung review: Đáng đồng tiền, Ngon xỉu, Đóng gói tốt, Sạch sẽ",0,1
tu_8e5b706bd4b0b9e0,8e5b706bd4b0b9e0,123151,"FoodHub - Mỳ Quảng, Cơm Gà Roti - Hoàng Ngọc Phách",4.7,,neutral,{},befood_comment,"Đáng đồng tiền, Sạch sẽ, Ngon xỉu, Đóng gói tốt","Tên quán: FoodHub - Mỳ Quảng, Cơm Gà Roti - Hoàng Ngọc Phách
Nguồn: befood_comment
Rating người dùng: 4.7
Sentiment tổng hợp: neutral
Aspect sentiment: 
Nội dung review: Đáng đồng tiền, Sạch sẽ, Ngon xỉu, Đóng gói tốt",0,1
tu_60b50c9766aedd34,60b50c9766aedd34,123151,"FoodHub - Mỳ Quảng, Cơm Gà Roti - Hoàng Ngọc Phách",4.7,,neutral,{},befood_comment,"Đồ ăn ngon ạ, phần ăn được chuẩn bị rất chu đáp luôn ạ, Đóng gói tốt, Ngon xỉu, Đáng đồng tiền, Sạch sẽ","Tên quán: FoodHub - Mỳ Quảng, Cơm Gà Roti - Hoàng Ngọc Phách
Nguồn: befood_comment
Rating người dùng: 4.7
Sentiment tổng hợp: neutral
Aspect sentiment: 
Nội dung review: Đồ ăn ngon ạ, phần ăn được chuẩn bị rất chu đáp luôn ạ, Đóng gói tốt, Ngon xỉu, Đáng đồng tiền, Sạch sẽ",0,1
tu_18b68499c55941a8,18b68499c55941a8,123151,"FoodHub - Mỳ Quảng, Cơm Gà Roti - Hoàng Ngọc Phách",4.7,,neutral,{},befood_comment,Khá ngon,"Tên quán: FoodHub - Mỳ Quảng, Cơm Gà Roti - Hoàng Ngọc Phách
Nguồn: befood_comment
Rating người dùng: 4.7
Sentiment tổng hợp: neutral
Aspect sentiment: 
Nội dung review: Khá ngon",0,1
tu_a1c72c455533abe9,a1c72c455533abe9,123151,"FoodHub - Mỳ Quảng, Cơm Gà Roti - Hoàng Ngọc Phách",4.7,,neutral,{},befood_comment,Không hợp khẩu vị,"Tên quán: FoodHub - Mỳ Quảng, Cơm Gà Roti - Hoàng Ngọc Phách
Nguồn: befood_comment
Rating người dùng: 4.7
Sentiment tổng hợp: neutral
Aspect sentiment: 
Nội dung review: Không hợp khẩu vị",0,1
tu_0bd0eb3deb677e20,0bd0eb3deb677e20,123151,"FoodHub - Mỳ Quảng, Cơm Gà Roti - Hoàng Ngọc Phách",4.7,,neutral,{},befood_comment,đồ ăn ngon lắm ạ. đặt lần t2 ở shop rồi cơm hay mỳ đều ngon :))))),"Tên quán: FoodHub - Mỳ Quảng, Cơm Gà Roti - Hoàng Ngọc Phách
Nguồn: befood_comment
Rating người dùng: 4.7
Sentiment tổng hợp: neutral
Aspect sentiment: 
Nội dung review: đồ ăn ngon lắm ạ. đặt lần t2 ở shop rồi cơm hay mỳ đều ngon :)))))",0,1
tu_b30f5340d84913e6,b30f5340d84913e6,89400,"Bún Chả Linh Anh - Bún Ngan Mọc, Bánh Giò Nóng & Trứng Vịt Lộn - Khương Đình",4.7,,neutral,{},befood_comment,Không đảm bảo vệ sinh,"Tên quán: Bún Chả Linh Anh - Bún Ngan Mọc, Bánh Giò Nóng & Trứng Vịt Lộn - Khương Đình
Nguồn: befood_comment
Rating người dùng: 4.7
Sentiment tổng hợp: neutral
Aspect sentiment: 
Nội dung review: Không đảm bảo vệ sinh",0,1
tu_3759bae0445fc67f,3759bae0445fc67f,89400,"Bún Chả Linh Anh - Bún Ngan Mọc, Bánh Giò Nóng & Trứng Vịt Lộn - Khương Đình",4.7,,neutral,{},befood_comment,"Ngon xỉu, Đóng gói tốt, Đáng đồng tiền, Sạch sẽ","Tên quán: Bún Chả Linh Anh - Bún Ngan Mọc, Bánh Giò Nóng & Trứng Vịt Lộn - Khương Đình
Nguồn: befood_comment
Rating người dùng: 4.7
Sentiment tổng hợp: neutral
Aspect sentiment: 
Nội dung review: Ngon xỉu, Đóng gói tốt, Đáng đồng tiền, Sạch sẽ",0,1
tu_224ea7b7f54b3e5c,224ea7b7f54b3e5c,89400,"Bún Chả Linh Anh - Bún Ngan Mọc, Bánh Giò Nóng & Trứng Vịt Lộn - Khương Đình",4.7,,neutral,{},befood_comment,"Đóng gói tốt, Sạch sẽ, Ngon xỉu","Tên quán: Bún Chả Linh Anh - Bún Ngan Mọc, Bánh Giò Nóng & Trứng Vịt Lộn - Khương Đình
Nguồn: befood_comment
Rating người dùng: 4.7
Sentiment tổng hợp: neutral
Aspect sentiment: 
Nội dung review: Đóng gói tốt, Sạch sẽ, Ngon xỉu",0,1
tu_1950bf6f35e1fe9f,1950bf6f35e1fe9f,89400,"Bún Chả Linh Anh - Bún Ngan Mọc, Bánh Giò Nóng & Trứng Vịt Lộn - Khương Đình",4.7,,neutral,{},befood_comment,Khá ngon,"Tên quán: Bún Chả Linh Anh - Bún Ngan Mọc, Bánh Giò Nóng & Trứng Vịt Lộn - Khương Đình
Nguồn: befood_comment
Rating người dùng: 4.7
Sentiment tổng hợp: neutral
Aspect sentiment: 
Nội dung review: Khá ngon",0,1
tu_903e4a9536d1bba1,903e4a9536d1bba1,89681,Phở Cuốn Diệu Minh - La Thành,4.4,,neutral,{},befood_comment,"gà tần bên trong còn lạnh ngắt, đúng kiểu đồ để tủ lạnh lấy ra hâm lại còn ko ra hồn. đang ốm đặt đợi nhận dc mà ức chế., Không đảm bảo vệ sinh","Tên quán: Phở Cuốn Diệu Minh - La Thành
Nguồn: befood_comment
Rating người dùng: 4.4
Sentiment tổng hợp: neutral
Aspect sentiment: 
Nội dung review: gà tần bên trong còn lạnh ngắt, đúng kiểu đồ để tủ lạnh lấy ra hâm lại còn ko ra hồn. đang ốm đặt đợi nhận dc mà ức chế., Không đảm bảo vệ sinh",0,1
tu_a781a51e23b724dd,a781a51e23b724dd,89681,Phở Cuốn Diệu Minh - La Thành,4.4,,neutral,{},befood_comment,"Ngon xỉu, Đóng gói tốt","Tên quán: Phở Cuốn Diệu Minh - La Thành
Nguồn: befood_comment
Rating người dùng: 4.4
Sentiment tổng hợp: neutral
Aspect sentiment: 
Nội dung review: Ngon xỉu, Đóng gói tốt",0,1
tu_69c212a6c4463525,69c212a6c4463525,89681,Phở Cuốn Diệu Minh - La Thành,4.4,,neutral,{},befood_comment,"nước dùng ít, bị chua, Không hợp khẩu vị","Tên quán: Phở Cuốn Diệu Minh - La Thành
Nguồn: befood_comment
Rating người dùng: 4.4
Sentiment tổng hợp: neutral
Aspect sentiment: 
Nội dung review: nước dùng ít, bị chua, Không hợp khẩu vị",0,1
tu_8d66dd048ea74409,8d66dd048ea74409,89681,Phở Cuốn Diệu Minh - La Thành,4.4,,neutral,{},befood_comment,"Không làm đúng ghi chú, Đóng gói chưa tốt","Tên quán: Phở Cuốn Diệu Minh - La Thành
Nguồn: befood_comment
Rating người dùng: 4.4
Sentiment tổng hợp: neutral
Aspect sentiment: 
Nội dung review: Không làm đúng ghi chú, Đóng gói chưa tốt",0,1
tu_3b37ed666df6b6d7,3b37ed666df6b6d7,25452,"Bánh Cuốn Nóng, Bún Đậu Mẹt & Bún Chả - Vĩnh Hưng",4.4,,neutral,{},befood_comment,"mình note quán để riêng rau nhưng quán nhét chung vào túi, mắm đóng ẩu đổ hết ra túi lẫn hết vào cả bún đậu và rau :) không có đũa thìa. chả thì khô, nhỏ, quắt. Bún đậu mức bình thường. Không dám mua lại lần 2, Đóng gói chưa tốt, Không làm đúng ghi chú","Tên quán: Bánh Cuốn Nóng, Bún Đậu Mẹt & Bún Chả - Vĩnh Hưng
Nguồn: befood_comment
Rating người dùng: 4.4
Sentiment tổng hợp: neutral
Aspect sentiment: 
Nội dung review: mình note quán để riêng rau nhưng quán nhét chung vào túi, mắm đóng ẩu đổ hết ra túi lẫn hết vào cả bún đậu và rau :) không có đũa thìa. chả thì khô, nhỏ, quắt. Bún đậu mức bình thường. Không dám mua lại lần 2, Đóng gói chưa tốt, Không làm đúng ghi chú",0,1
tu_a0adb969bd827201,a0adb969bd827201,25452,"Bánh Cuốn Nóng, Bún Đậu Mẹt & Bún Chả - Vĩnh Hưng",4.4,,neutral,{},befood_comment,"Ngon xỉu, Đóng gói tốt, Đáng đồng tiền, Sạch sẽ","Tên quán: Bánh Cuốn Nóng, Bún Đậu Mẹt & Bún Chả - Vĩnh Hưng
Nguồn: befood_comment
Rating người dùng: 4.4
Sentiment tổng hợp: neutral
Aspect sentiment: 
Nội dung review: Ngon xỉu, Đóng gói tốt, Đáng đồng tiền, Sạch sẽ",0,1
tu_ae73f4d7c9283775,ae73f4d7c9283775,25452,"Bánh Cuốn Nóng, Bún Đậu Mẹt & Bún Chả - Vĩnh Hưng",4.4,,neutral,{},befood_comment,"Đóng gói tốt, Ngon xỉu","Tên quán: Bánh Cuốn Nóng, Bún Đậu Mẹt & Bún Chả - Vĩnh Hưng
Nguồn: befood_comment
Rating người dùng: 4.4
Sentiment tổng hợp: neutral
Aspect sentiment: 
Nội dung review: Đóng gói tốt, Ngon xỉu",0,1
tu_da46b386a8c9d1f3,da46b386a8c9d1f3,25452,"Bánh Cuốn Nóng, Bún Đậu Mẹt & Bún Chả - Vĩnh Hưng",4.4,,neutral,{},befood_comment,Không hợp khẩu vị,"Tên quán: Bánh Cuốn Nóng, Bún Đậu Mẹt & Bún Chả - Vĩnh Hưng
Nguồn: befood_comment
Rating người dùng: 4.4
Sentiment tổng hợp: neutral
Aspect sentiment: 
Nội dung review: Không hợp khẩu vị",0,1
tu_baac68493cb0fd92,baac68493cb0fd92,25452,"Bánh Cuốn Nóng, Bún Đậu Mẹt & Bún Chả - Vĩnh Hưng",4.4,,neutral,{},befood_comment,"nhiều hàn the quá, ăn từ tối qua đến sáng vẫn khó tiêu","Tên quán: Bánh Cuốn Nóng, Bún Đậu Mẹt & Bún Chả - Vĩnh Hưng
Nguồn: befood_comment
Rating người dùng: 4.4
Sentiment tổng hợp: neutral
Aspect sentiment: 
Nội dung review: nhiều hàn the quá, ăn từ tối qua đến sáng vẫn khó tiêu",0,1
tu_2c72d4f8babb34e5,2c72d4f8babb34e5,25452,"Bánh Cuốn Nóng, Bún Đậu Mẹt & Bún Chả - Vĩnh Hưng",4.4,,neutral,{},befood_comment,đặt hẳn 2 suất mỗi suất 3 miếng chả,"Tên quán: Bánh Cuốn Nóng, Bún Đậu Mẹt & Bún Chả - Vĩnh Hưng
Nguồn: befood_comment
Rating người dùng: 4.4
Sentiment tổng hợp: neutral
Aspect sentiment: 
Nội dung review: đặt hẳn 2 suất mỗi suất 3 miếng chả",0,1
tu_549480671ff43341,549480671ff43341,25452,"Bánh Cuốn Nóng, Bún Đậu Mẹt & Bún Chả - Vĩnh Hưng",4.4,,neutral,{},befood_comment,"uầy, 55k 1 phần bánh cuốn, ít nước chấm xong đã thế có đúng 3 viên chả bé tí. sốc luôn ấy.","Tên quán: Bánh Cuốn Nóng, Bún Đậu Mẹt & Bún Chả - Vĩnh Hưng
Nguồn: befood_comment
Rating người dùng: 4.4
Sentiment tổng hợp: neutral
Aspect sentiment: 
Nội dung review: uầy, 55k 1 phần bánh cuốn, ít nước chấm xong đã thế có đúng 3 viên chả bé tí. sốc luôn ấy.",0,1
tu_6a940be03d9c02b0,6a940be03d9c02b0,25452,"Bánh Cuốn Nóng, Bún Đậu Mẹt & Bún Chả - Vĩnh Hưng",4.4,,neutral,{},befood_comment,đồ ăn ít k đảm bảo,"Tên quán: Bánh Cuốn Nóng, Bún Đậu Mẹt & Bún Chả - Vĩnh Hưng
Nguồn: befood_comment
Rating người dùng: 4.4
Sentiment tổng hợp: neutral
Aspect sentiment: 
Nội dung review: đồ ăn ít k đảm bảo",0,1
tu_8e25cdb00214755d,8e25cdb00214755d,2267,Gỏi Cuốn - Nem Nướng Hương Béo - Bùi Xương Trạch,4.6,,neutral,{},befood_comment,"Cuốn lạnh ngắt như bỏ tủ lạnh ra. Ăn vị không thơm như đồ cũ, Không hợp khẩu vị","Tên quán: Gỏi Cuốn - Nem Nướng Hương Béo - Bùi Xương Trạch
Nguồn: befood_comment
Rating người dùng: 4.6
Sentiment tổng hợp: neutral
Aspect sentiment: 
Nội dung review: Cuốn lạnh ngắt như bỏ tủ lạnh ra. Ăn vị không thơm như đồ cũ, Không hợp khẩu vị",0,1
tu_91eb1636ea67708c,91eb1636ea67708c,2267,Gỏi Cuốn - Nem Nướng Hương Béo - Bùi Xương Trạch,4.6,,neutral,{},befood_comment,Ngon xỉu,"Tên quán: Gỏi Cuốn - Nem Nướng Hương Béo - Bùi Xương Trạch
Nguồn: befood_comment
Rating người dùng: 4.6
Sentiment tổng hợp: neutral
Aspect sentiment: 
Nội dung review: Ngon xỉu",0,1
tu_09538b39f53d0fd9,09538b39f53d0fd9,2267,Gỏi Cuốn - Nem Nướng Hương Béo - Bùi Xương Trạch,4.6,,neutral,{},befood_comment,Đóng gói chưa tốt,"Tên quán: Gỏi Cuốn - Nem Nướng Hương Béo - Bùi Xương Trạch
Nguồn: befood_comment
Rating người dùng: 4.6
Sentiment tổng hợp: neutral
Aspect sentiment: 
Nội dung review: Đóng gói chưa tốt",0,1
tu_02c14a98bce4c09a,02c14a98bce4c09a,2267,Gỏi Cuốn - Nem Nướng Hương Béo - Bùi Xương Trạch,4.6,,neutral,{},befood_comment,"đã ok cho đổi hàng giao r mà đồ ăn như mới bỏ từ tủ lạnh ra vỏ cuốn ăn cứng ngách thấy sợ, ăn muốn nôn, Không hợp khẩu vị, Không đảm bảo vệ sinh","Tên quán: Gỏi Cuốn - Nem Nướng Hương Béo - Bùi Xương Trạch
Nguồn: befood_comment
Rating người dùng: 4.6
Sentiment tổng hợp: neutral
Aspect sentiment: 
Nội dung review: đã ok cho đổi hàng giao r mà đồ ăn như mới bỏ từ tủ lạnh ra vỏ cuốn ăn cứng ngách thấy sợ, ăn muốn nôn, Không hợp khẩu vị, Không đảm bảo vệ sinh",0,1
tu_e84f5e32f60af4dc,e84f5e32f60af4dc,2267,Gỏi Cuốn - Nem Nướng Hương Béo - Bùi Xương Trạch,4.6,,neutral,{},befood_comment,"Gỏi cuốn quán gói sẵn, xong để tủ lạnh, bún khô cứng lại luôn, vỏ bánh tráng cũng cứng, thịt lạnh ngắt, nhai như nhau rơm 🙏🏻 Sao thế mà vẫn kinh doanh được vậy ạ, thật sự hả quán??, Không đảm bảo vệ sinh","Tên quán: Gỏi Cuốn - Nem Nướng Hương Béo - Bùi Xương Trạch
Nguồn: befood_comment
Rating người dùng: 4.6
Sentiment tổng hợp: neutral
Aspect sentiment: 
Nội dung review: Gỏi cuốn quán gói sẵn, xong để tủ lạnh, bún khô cứng lại luôn, vỏ bánh tráng cũng cứng, thịt lạnh ngắt, nhai như nhau rơm 🙏🏻 Sao thế mà vẫn kinh doanh được vậy ạ, thật sự hả quán??, Không đảm bảo vệ sinh",0,1
tu_b8475d035066796c,b8475d035066796c,2267,Gỏi Cuốn - Nem Nướng Hương Béo - Bùi Xương Trạch,4.6,,neutral,{},befood_comment,"đồ ăn shop được gói sẵn xong để tủ lạnh, ăn lạnh không hợp với tôi","Tên quán: Gỏi Cuốn - Nem Nướng Hương Béo - Bùi Xương Trạch
Nguồn: befood_comment
Rating người dùng: 4.6
Sentiment tổng hợp: neutral
Aspect sentiment: 
Nội dung review: đồ ăn shop được gói sẵn xong để tủ lạnh, ăn lạnh không hợp với tôi",0,1
tu_edded15a88972a1d,edded15a88972a1d,2267,Gỏi Cuốn - Nem Nướng Hương Béo - Bùi Xương Trạch,4.6,,neutral,{},befood_comment,cuốn để tủ lạnh. vỏ cứng. bún cứng. cảm giác giống nhai rơm. rau héo,"Tên quán: Gỏi Cuốn - Nem Nướng Hương Béo - Bùi Xương Trạch
Nguồn: befood_comment
Rating người dùng: 4.6
Sentiment tổng hợp: neutral
Aspect sentiment: 
Nội dung review: cuốn để tủ lạnh. vỏ cứng. bún cứng. cảm giác giống nhai rơm. rau héo",0,1
tu_ad05ebfce273c231,ad05ebfce273c231,2267,Gỏi Cuốn - Nem Nướng Hương Béo - Bùi Xương Trạch,4.6,,neutral,{},befood_comment,mua mắm nêm nhưng k giao mắm nêm ? cuốn sẵn xong để tủ ngăn đá hay sao mà như nhai đá thế sốp? mua gỏi cuốn bì chạo cũng k có? đơn 165k mà muốn ném mẹ ra thùng rác. sốp mang cái gỏi cuốn ra nhai dùm xem có nuốt được không mà dám bán.,"Tên quán: Gỏi Cuốn - Nem Nướng Hương Béo - Bùi Xương Trạch
Nguồn: befood_comment
Rating người dùng: 4.6
Sentiment tổng hợp: neutral
Aspect sentiment: 
Nội dung review: mua mắm nêm nhưng k giao mắm nêm ? cuốn sẵn xong để tủ ngăn đá hay sao mà như nhai đá thế sốp? mua gỏi cuốn bì chạo cũng k có? đơn 165k mà muốn ném mẹ ra thùng rác. sốp mang cái gỏi cuốn ra nhai dùm xem có nuốt được không mà dám bán.",0,1
tu_1e6515ff2a837e72,1e6515ff2a837e72,2267,Gỏi Cuốn - Nem Nướng Hương Béo - Bùi Xương Trạch,4.6,,neutral,{},befood_comment,"ê bún thì cứng ,đồ ăn lạnh ngắt, cảm thấy không xứng đáng đồng tiền bỏ ra","Tên quán: Gỏi Cuốn - Nem Nướng Hương Béo - Bùi Xương Trạch
Nguồn: befood_comment
Rating người dùng: 4.6
Sentiment tổng hợp: neutral
Aspect sentiment: 
Nội dung review: ê bún thì cứng ,đồ ăn lạnh ngắt, cảm thấy không xứng đáng đồng tiền bỏ ra",0,1
tu_9cae6c72cd441aaa,9cae6c72cd441aaa,2267,Gỏi Cuốn - Nem Nướng Hương Béo - Bùi Xương Trạch,4.6,,neutral,{},befood_comment,"gỏi cuốn mới rã đông ra hay j lạh ngắt toàn là nước, nước mắm thì như nc lạnh.😌","Tên quán: Gỏi Cuốn - Nem Nướng Hương Béo - Bùi Xương Trạch
Nguồn: befood_comment
Rating người dùng: 4.6
Sentiment tổng hợp: neutral
Aspect sentiment: 
Nội dung review: gỏi cuốn mới rã đông ra hay j lạh ngắt toàn là nước, nước mắm thì như nc lạnh.😌",0,1
tu_d0bbb111e9e9a7e3,d0bbb111e9e9a7e3,18796,Phở Dung - Bún Chả - Tân Mai,5.0,,neutral,{},befood_comment,Ngon xỉu,"Tên quán: Phở Dung - Bún Chả - Tân Mai
Nguồn: befood_comment
Rating người dùng: 5.0
Sentiment tổng hợp: neutral
Aspect sentiment: 
Nội dung review: Ngon xỉu",0,1
tu_ac9e68b30fa1e507,ac9e68b30fa1e507,36147,Phở Vịt Quay Tứ Xuyên - Láng Hạ,4.3,,neutral,{},befood_comment,thịt dai lắm,"Tên quán: Phở Vịt Quay Tứ Xuyên - Láng Hạ
Nguồn: befood_comment
Rating người dùng: 4.3
Sentiment tổng hợp: neutral
Aspect sentiment: 
Nội dung review: thịt dai lắm",0,1
tu_88bedb6022c43043,88bedb6022c43043,54641,Bún Đậu Chị Hai - Nem Nướng Nha Trang & Phở Cuốn - Nguyễn Ngọc Vũ,2.4,,neutral,{},befood_comment,"mắm tôm cho thế này thì chams 2 miếng thị là hết hả shop ? nộm bò khô thì lèo tèo 5 miếng bé tẹo :) tệ kinh khủng, Sai/Thiếu món, Đóng gói chưa tốt, Không làm đúng ghi chú","Tên quán: Bún Đậu Chị Hai - Nem Nướng Nha Trang & Phở Cuốn - Nguyễn Ngọc Vũ
Nguồn: befood_comment
Rating người dùng: 2.4
Sentiment tổng hợp: neutral
Aspect sentiment: 
Nội dung review: mắm tôm cho thế này thì chams 2 miếng thị là hết hả shop ? nộm bò khô thì lèo tèo 5 miếng bé tẹo :) tệ kinh khủng, Sai/Thiếu món, Đóng gói chưa tốt, Không làm đúng ghi chú",0,1
tu_8b33907c37ce96e4,8b33907c37ce96e4,54641,Bún Đậu Chị Hai - Nem Nướng Nha Trang & Phở Cuốn - Nguyễn Ngọc Vũ,2.4,,neutral,{},befood_comment,Đóng gói tốt,"Tên quán: Bún Đậu Chị Hai - Nem Nướng Nha Trang & Phở Cuốn - Nguyễn Ngọc Vũ
Nguồn: befood_comment
Rating người dùng: 2.4
Sentiment tổng hợp: neutral
Aspect sentiment: 
Nội dung review: Đóng gói tốt",0,1
tu_fa5ea18d83e3ce1c,fa5ea18d83e3ce1c,54641,Bún Đậu Chị Hai - Nem Nướng Nha Trang & Phở Cuốn - Nguyễn Ngọc Vũ,2.4,,neutral,{},befood_comment,Không hợp khẩu vị,"Tên quán: Bún Đậu Chị Hai - Nem Nướng Nha Trang & Phở Cuốn - Nguyễn Ngọc Vũ
Nguồn: befood_comment
Rating người dùng: 2.4
Sentiment tổng hợp: neutral
Aspect sentiment: 
Nội dung review: Không hợp khẩu vị",0,1
tu_f7c92b9682c29491,f7c92b9682c29491,54641,Bún Đậu Chị Hai - Nem Nướng Nha Trang & Phở Cuốn - Nguyễn Ngọc Vũ,2.4,,neutral,{},befood_comment,Không đảm bảo vệ sinh,"Tên quán: Bún Đậu Chị Hai - Nem Nướng Nha Trang & Phở Cuốn - Nguyễn Ngọc Vũ
Nguồn: befood_comment
Rating người dùng: 2.4
Sentiment tổng hợp: neutral
Aspect sentiment: 
Nội dung review: Không đảm bảo vệ sinh",0,1
tu_e53ce367e02f8236,e53ce367e02f8236,54641,Bún Đậu Chị Hai - Nem Nướng Nha Trang & Phở Cuốn - Nguyễn Ngọc Vũ,2.4,,neutral,{},befood_comment,"đồ ăn thì nguội , thịt chưa chín , Lạp xưởng luộc , mắm tôm không ngon, Không đảm bảo vệ sinh","Tên quán: Bún Đậu Chị Hai - Nem Nướng Nha Trang & Phở Cuốn - Nguyễn Ngọc Vũ
Nguồn: befood_comment
Rating người dùng: 2.4
Sentiment tổng hợp: neutral
Aspect sentiment: 
Nội dung review: đồ ăn thì nguội , thịt chưa chín , Lạp xưởng luộc , mắm tôm không ngon, Không đảm bảo vệ sinh",0,1
tu_38cae2b60e2321c3,38cae2b60e2321c3,54641,Bún Đậu Chị Hai - Nem Nướng Nha Trang & Phở Cuốn - Nguyễn Ngọc Vũ,2.4,,neutral,{},befood_comment,"đồ ăn lèo tèo, không ngon, mùi hôi","Tên quán: Bún Đậu Chị Hai - Nem Nướng Nha Trang & Phở Cuốn - Nguyễn Ngọc Vũ
Nguồn: befood_comment
Rating người dùng: 2.4
Sentiment tổng hợp: neutral
Aspect sentiment: 
Nội dung review: đồ ăn lèo tèo, không ngon, mùi hôi",0,1
tu_bac9a552a4f47f34,bac9a552a4f47f34,54641,Bún Đậu Chị Hai - Nem Nướng Nha Trang & Phở Cuốn - Nguyễn Ngọc Vũ,2.4,,neutral,{},befood_comment,cái deo gì thế này:))) đ bán đc thì huỷ đơn đi chứ bán thế này cũng mở bán à,"Tên quán: Bún Đậu Chị Hai - Nem Nướng Nha Trang & Phở Cuốn - Nguyễn Ngọc Vũ
Nguồn: befood_comment
Rating người dùng: 2.4
Sentiment tổng hợp: neutral
Aspect sentiment: 
Nội dung review: cái deo gì thế này:))) đ bán đc thì huỷ đơn đi chứ bán thế này cũng mở bán à",0,1
tu_29018a9f5aeada2f,29018a9f5aeada2f,54641,Bún Đậu Chị Hai - Nem Nướng Nha Trang & Phở Cuốn - Nguyễn Ngọc Vũ,2.4,,neutral,{},befood_comment,cho nhiều mắm tôm qa trời,"Tên quán: Bún Đậu Chị Hai - Nem Nướng Nha Trang & Phở Cuốn - Nguyễn Ngọc Vũ
Nguồn: befood_comment
Rating người dùng: 2.4
Sentiment tổng hợp: neutral
Aspect sentiment: 
Nội dung review: cho nhiều mắm tôm qa trời",0,1
tu_911a861cb233631a,911a861cb233631a,54641,Bún Đậu Chị Hai - Nem Nướng Nha Trang & Phở Cuốn - Nguyễn Ngọc Vũ,2.4,,neutral,{},befood_comment,dở,"Tên quán: Bún Đậu Chị Hai - Nem Nướng Nha Trang & Phở Cuốn - Nguyễn Ngọc Vũ
Nguồn: befood_comment
Rating người dùng: 2.4
Sentiment tổng hợp: neutral
Aspect sentiment: 
Nội dung review: dở",0,1
tu_252abfac4775dc9e,252abfac4775dc9e,54641,Bún Đậu Chị Hai - Nem Nướng Nha Trang & Phở Cuốn - Nguyễn Ngọc Vũ,2.4,,neutral,{},befood_comment,không như trong ảnh. bán lừa đảo. bé tí tẹo bằng cái ngón tay. ko thấy tôm đau,"Tên quán: Bún Đậu Chị Hai - Nem Nướng Nha Trang & Phở Cuốn - Nguyễn Ngọc Vũ
Nguồn: befood_comment
Rating người dùng: 2.4
Sentiment tổng hợp: neutral
Aspect sentiment: 
Nội dung review: không như trong ảnh. bán lừa đảo. bé tí tẹo bằng cái ngón tay. ko thấy tôm đau",0,1
tu_40e0b9e7ecd6a914,40e0b9e7ecd6a914,6930,Kombo cơm niêu Singapore - 46 Trần Đại Nghĩa,4.7,,neutral,{},befood_comment,"quán giao cơm mà không cho đũa thìa, cốc nước ép thì không có ống hút. có thể làm việc trách nhiệm hơn được không.?, Đóng gói chưa tốt","Tên quán: Kombo cơm niêu Singapore - 46 Trần Đại Nghĩa
Nguồn: befood_comment
Rating người dùng: 4.7
Sentiment tổng hợp: neutral
Aspect sentiment: 
Nội dung review: quán giao cơm mà không cho đũa thìa, cốc nước ép thì không có ống hút. có thể làm việc trách nhiệm hơn được không.?, Đóng gói chưa tốt",0,1
tu_1c09e999d2644564,1c09e999d2644564,6930,Kombo cơm niêu Singapore - 46 Trần Đại Nghĩa,4.7,,neutral,{},befood_comment,"k giống hình ảnh, Đóng gói chưa tốt","Tên quán: Kombo cơm niêu Singapore - 46 Trần Đại Nghĩa
Nguồn: befood_comment
Rating người dùng: 4.7
Sentiment tổng hợp: neutral
Aspect sentiment: 
Nội dung review: k giống hình ảnh, Đóng gói chưa tốt",0,1
tu_cf9b4b3a97a559bf,cf9b4b3a97a559bf,42458,Cơm Gà Xối Mỡ Mai Phương - Lê Thanh Nghị,4.6,,neutral,{},befood_comment,"được 3 miếng chết rét, Sai/Thiếu món, Không đảm bảo vệ sinh","Tên quán: Cơm Gà Xối Mỡ Mai Phương - Lê Thanh Nghị
Nguồn: befood_comment
Rating người dùng: 4.6
Sentiment tổng hợp: neutral
Aspect sentiment: 
Nội dung review: được 3 miếng chết rét, Sai/Thiếu món, Không đảm bảo vệ sinh",0,1
tu_800831365464dcaa,800831365464dcaa,42458,Cơm Gà Xối Mỡ Mai Phương - Lê Thanh Nghị,4.6,,neutral,{},befood_comment,Đóng gói tốt,"Tên quán: Cơm Gà Xối Mỡ Mai Phương - Lê Thanh Nghị
Nguồn: befood_comment
Rating người dùng: 4.6
Sentiment tổng hợp: neutral
Aspect sentiment: 
Nội dung review: Đóng gói tốt",0,1
tu_dc9f6493a67a24e0,dc9f6493a67a24e0,42458,Cơm Gà Xối Mỡ Mai Phương - Lê Thanh Nghị,4.6,,neutral,{},befood_comment,"Sạch sẽ, Đóng gói tốt, Ngon xỉu","Tên quán: Cơm Gà Xối Mỡ Mai Phương - Lê Thanh Nghị
Nguồn: befood_comment
Rating người dùng: 4.6
Sentiment tổng hợp: neutral
Aspect sentiment: 
Nội dung review: Sạch sẽ, Đóng gói tốt, Ngon xỉu",0,1
tu_72d70031971d322e,72d70031971d322e,42458,Cơm Gà Xối Mỡ Mai Phương - Lê Thanh Nghị,4.6,,neutral,{},befood_comment,Đáng đồng tiền,"Tên quán: Cơm Gà Xối Mỡ Mai Phương - Lê Thanh Nghị
Nguồn: befood_comment
Rating người dùng: 4.6
Sentiment tổng hợp: neutral
Aspect sentiment: 
Nội dung review: Đáng đồng tiền",0,1
tu_d4088243f18a96f8,d4088243f18a96f8,42458,Cơm Gà Xối Mỡ Mai Phương - Lê Thanh Nghị,4.6,,neutral,{},befood_comment,"Đóng gói tốt, Đáng đồng tiền, Ngon xỉu, Sạch sẽ","Tên quán: Cơm Gà Xối Mỡ Mai Phương - Lê Thanh Nghị
Nguồn: befood_comment
Rating người dùng: 4.6
Sentiment tổng hợp: neutral
Aspect sentiment: 
Nội dung review: Đóng gói tốt, Đáng đồng tiền, Ngon xỉu, Sạch sẽ",0,1
tu_50f7099402d925c6,50f7099402d925c6,42458,Cơm Gà Xối Mỡ Mai Phương - Lê Thanh Nghị,4.6,,neutral,{},befood_comment,Khá ngon,"Tên quán: Cơm Gà Xối Mỡ Mai Phương - Lê Thanh Nghị
Nguồn: befood_comment
Rating người dùng: 4.6
Sentiment tổng hợp: neutral
Aspect sentiment: 
Nội dung review: Khá ngon",0,1
tu_893525ad10299b1e,893525ad10299b1e,56543,Gà Rán KFC - Lê Thanh Nghị,4.7,,neutral,{},befood_comment,Đáng đồng tiền,"Tên quán: Gà Rán KFC - Lê Thanh Nghị
Nguồn: befood_comment
Rating người dùng: 4.7
Sentiment tổng hợp: neutral
Aspect sentiment: 
Nội dung review: Đáng đồng tiền",0,1
tu_900878ba4ef77287,900878ba4ef77287,56543,Gà Rán KFC - Lê Thanh Nghị,4.7,,neutral,{},befood_comment,"Đóng gói tốt, Sạch sẽ","Tên quán: Gà Rán KFC - Lê Thanh Nghị
Nguồn: befood_comment
Rating người dùng: 4.7
Sentiment tổng hợp: neutral
Aspect sentiment: 
Nội dung review: Đóng gói tốt, Sạch sẽ",0,1
tu_cc2d2ea85edde47d,cc2d2ea85edde47d,56543,Gà Rán KFC - Lê Thanh Nghị,4.7,,neutral,{},befood_comment,Giá hơi đắt,"Tên quán: Gà Rán KFC - Lê Thanh Nghị
Nguồn: befood_comment
Rating người dùng: 4.7
Sentiment tổng hợp: neutral
Aspect sentiment: 
Nội dung review: Giá hơi đắt",0,1
tu_5b213efa90740564,5b213efa90740564,56543,Gà Rán KFC - Lê Thanh Nghị,4.7,,neutral,{},befood_comment,"Thiếu khoai tây chiên rồi, Sai/Thiếu món","Tên quán: Gà Rán KFC - Lê Thanh Nghị
Nguồn: befood_comment
Rating người dùng: 4.7
Sentiment tổng hợp: neutral
Aspect sentiment: 
Nội dung review: Thiếu khoai tây chiên rồi, Sai/Thiếu món",0,1
tu_2de599b03a754faf,2de599b03a754faf,62951,Bún Cá Măng Cay & Bún Hải Sản Cát Bà - Lê Thanh Nghị,4.4,,neutral,{},befood_comment,"măng hơi cay , quán đóng bún trong hộp, nước trong túi zip đảm bảo, Đáng đồng tiền","Tên quán: Bún Cá Măng Cay & Bún Hải Sản Cát Bà - Lê Thanh Nghị
Nguồn: befood_comment
Rating người dùng: 4.4
Sentiment tổng hợp: neutral
Aspect sentiment: 
Nội dung review: măng hơi cay , quán đóng bún trong hộp, nước trong túi zip đảm bảo, Đáng đồng tiền",0,1
tu_eef0724c614fbd74,eef0724c614fbd74,62951,Bún Cá Măng Cay & Bún Hải Sản Cát Bà - Lê Thanh Nghị,4.4,,neutral,{},befood_comment,"Ngon xỉu, Sạch sẽ, Đóng gói tốt, Đáng đồng tiền","Tên quán: Bún Cá Măng Cay & Bún Hải Sản Cát Bà - Lê Thanh Nghị
Nguồn: befood_comment
Rating người dùng: 4.4
Sentiment tổng hợp: neutral
Aspect sentiment: 
Nội dung review: Ngon xỉu, Sạch sẽ, Đóng gói tốt, Đáng đồng tiền",0,1
tu_d1dd79589df34f20,d1dd79589df34f20,62951,Bún Cá Măng Cay & Bún Hải Sản Cát Bà - Lê Thanh Nghị,4.4,,neutral,{},befood_comment,"Ngon xỉu, Đóng gói tốt, Đáng đồng tiền, Sạch sẽ","Tên quán: Bún Cá Măng Cay & Bún Hải Sản Cát Bà - Lê Thanh Nghị
Nguồn: befood_comment
Rating người dùng: 4.4
Sentiment tổng hợp: neutral
Aspect sentiment: 
Nội dung review: Ngon xỉu, Đóng gói tốt, Đáng đồng tiền, Sạch sẽ",0,1
tu_bf9eb44070b3bede,bf9eb44070b3bede,62951,Bún Cá Măng Cay & Bún Hải Sản Cát Bà - Lê Thanh Nghị,4.4,,neutral,{},befood_comment,"Đóng gói tốt, Sạch sẽ, Đáng đồng tiền","Tên quán: Bún Cá Măng Cay & Bún Hải Sản Cát Bà - Lê Thanh Nghị
Nguồn: befood_comment
Rating người dùng: 4.4
Sentiment tổng hợp: neutral
Aspect sentiment: 
Nội dung review: Đóng gói tốt, Sạch sẽ, Đáng đồng tiền",0,1
tu_99cffbcc762d9c5e,99cffbcc762d9c5e,62951,Bún Cá Măng Cay & Bún Hải Sản Cát Bà - Lê Thanh Nghị,4.4,,neutral,{},befood_comment,"Đồ ăn về cơ bản là ngon nhưng shop nên để măng riêng và cho thêm quất. chứ bát bún mình thấy vừa cay vừa mặn, Lại không có quất nữa. Mình phải cho thêm nước thì mới vừa miệng, Khá ngon","Tên quán: Bún Cá Măng Cay & Bún Hải Sản Cát Bà - Lê Thanh Nghị
Nguồn: befood_comment
Rating người dùng: 4.4
Sentiment tổng hợp: neutral
Aspect sentiment: 
Nội dung review: Đồ ăn về cơ bản là ngon nhưng shop nên để măng riêng và cho thêm quất. chứ bát bún mình thấy vừa cay vừa mặn, Lại không có quất nữa. Mình phải cho thêm nước thì mới vừa miệng, Khá ngon",0,1
tu_3243aea3fb160dd8,3243aea3fb160dd8,62951,Bún Cá Măng Cay & Bún Hải Sản Cát Bà - Lê Thanh Nghị,4.4,,neutral,{},befood_comment,Không hợp khẩu vị,"Tên quán: Bún Cá Măng Cay & Bún Hải Sản Cát Bà - Lê Thanh Nghị
Nguồn: befood_comment
Rating người dùng: 4.4
Sentiment tổng hợp: neutral
Aspect sentiment: 
Nội dung review: Không hợp khẩu vị",0,1
tu_c411e8692ce138f5,c411e8692ce138f5,62951,Bún Cá Măng Cay & Bún Hải Sản Cát Bà - Lê Thanh Nghị,4.4,,neutral,{},befood_comment,Không làm đúng ghi chú,"Tên quán: Bún Cá Măng Cay & Bún Hải Sản Cát Bà - Lê Thanh Nghị
Nguồn: befood_comment
Rating người dùng: 4.4
Sentiment tổng hợp: neutral
Aspect sentiment: 
Nội dung review: Không làm đúng ghi chú",0,1
tu_74581fa841e8de98,74581fa841e8de98,62951,Bún Cá Măng Cay & Bún Hải Sản Cát Bà - Lê Thanh Nghị,4.4,,neutral,{},befood_comment,"ngon nha, hợp miệng ạ, măng ngon","Tên quán: Bún Cá Măng Cay & Bún Hải Sản Cát Bà - Lê Thanh Nghị
Nguồn: befood_comment
Rating người dùng: 4.4
Sentiment tổng hợp: neutral
Aspect sentiment: 
Nội dung review: ngon nha, hợp miệng ạ, măng ngon",0,1
tu_35e21401053e4d88,35e21401053e4d88,62951,Bún Cá Măng Cay & Bún Hải Sản Cát Bà - Lê Thanh Nghị,4.4,,neutral,{},befood_comment,mình đặt 3 suất 3 người mà ăn ăn xong ai cũng đau bụng trước đó không ăn gì,"Tên quán: Bún Cá Măng Cay & Bún Hải Sản Cát Bà - Lê Thanh Nghị
Nguồn: befood_comment
Rating người dùng: 4.4
Sentiment tổng hợp: neutral
Aspect sentiment: 
Nội dung review: mình đặt 3 suất 3 người mà ăn ăn xong ai cũng đau bụng trước đó không ăn gì",0,1
tu_97e3ce40102959d1,97e3ce40102959d1,31215,Cơm Rang Hải Sơn - Giải Phóng,4.0,,neutral,{},befood_comment,"Ít cơm chả có thêm gia vị gì, đóng gói kém, Đóng gói chưa tốt","Tên quán: Cơm Rang Hải Sơn - Giải Phóng
Nguồn: befood_comment
Rating người dùng: 4.0
Sentiment tổng hợp: neutral
Aspect sentiment: 
Nội dung review: Ít cơm chả có thêm gia vị gì, đóng gói kém, Đóng gói chưa tốt",0,1
tu_2217e401e1a6cac9,2217e401e1a6cac9,31215,Cơm Rang Hải Sơn - Giải Phóng,4.0,,neutral,{},befood_comment,Sai/Thiếu món,"Tên quán: Cơm Rang Hải Sơn - Giải Phóng
Nguồn: befood_comment
Rating người dùng: 4.0
Sentiment tổng hợp: neutral
Aspect sentiment: 
Nội dung review: Sai/Thiếu món",0,1
tu_fe6fc00d83dcb4d3,fe6fc00d83dcb4d3,31215,Cơm Rang Hải Sơn - Giải Phóng,4.0,,neutral,{},befood_comment,"đặt 2 được 1, Sai/Thiếu món","Tên quán: Cơm Rang Hải Sơn - Giải Phóng
Nguồn: befood_comment
Rating người dùng: 4.0
Sentiment tổng hợp: neutral
Aspect sentiment: 
Nội dung review: đặt 2 được 1, Sai/Thiếu món",0,1
tu_1349f4acd7b73a75,1349f4acd7b73a75,31215,Cơm Rang Hải Sơn - Giải Phóng,4.0,,neutral,{},befood_comment,"Ngon xỉu, Đáng đồng tiền","Tên quán: Cơm Rang Hải Sơn - Giải Phóng
Nguồn: befood_comment
Rating người dùng: 4.0
Sentiment tổng hợp: neutral
Aspect sentiment: 
Nội dung review: Ngon xỉu, Đáng đồng tiền",0,1
tu_15f24fd824b20ae3,15f24fd824b20ae3,31215,Cơm Rang Hải Sơn - Giải Phóng,4.0,,neutral,{},befood_comment,"Khá ngon, Đóng gói chưa tốt","Tên quán: Cơm Rang Hải Sơn - Giải Phóng
Nguồn: befood_comment
Rating người dùng: 4.0
Sentiment tổng hợp: neutral
Aspect sentiment: 
Nội dung review: Khá ngon, Đóng gói chưa tốt",0,1
tu_d065c03c4ffea6ed,d065c03c4ffea6ed,31215,Cơm Rang Hải Sơn - Giải Phóng,4.0,,neutral,{},befood_comment,"thiếu hẳn 1 xuất cơm của mình, Sai/Thiếu món","Tên quán: Cơm Rang Hải Sơn - Giải Phóng
Nguồn: befood_comment
Rating người dùng: 4.0
Sentiment tổng hợp: neutral
Aspect sentiment: 
Nội dung review: thiếu hẳn 1 xuất cơm của mình, Sai/Thiếu món",0,1
tu_89d075a0aa6814c3,89d075a0aa6814c3,31215,Cơm Rang Hải Sơn - Giải Phóng,4.0,,neutral,{},befood_comment,"bẩn mở ra thấy 2 cậng tóc, Không đảm bảo vệ sinh","Tên quán: Cơm Rang Hải Sơn - Giải Phóng
Nguồn: befood_comment
Rating người dùng: 4.0
Sentiment tổng hợp: neutral
Aspect sentiment: 
Nội dung review: bẩn mở ra thấy 2 cậng tóc, Không đảm bảo vệ sinh",0,1
tu_93a402f56e2d457a,93a402f56e2d457a,31215,Cơm Rang Hải Sơn - Giải Phóng,4.0,,neutral,{},befood_comment,cơm rang ngập thịt thế này thì có lèo tèo quá không,"Tên quán: Cơm Rang Hải Sơn - Giải Phóng
Nguồn: befood_comment
Rating người dùng: 4.0
Sentiment tổng hợp: neutral
Aspect sentiment: 
Nội dung review: cơm rang ngập thịt thế này thì có lèo tèo quá không",0,1
tu_25b9ca016135aca1,25b9ca016135aca1,31215,Cơm Rang Hải Sơn - Giải Phóng,4.0,,neutral,{},befood_comment,cải bò với hati sản gì k có rau vơia tôm mà toàn hành là hành quâ tệ k bgio quay lại mua nữa,"Tên quán: Cơm Rang Hải Sơn - Giải Phóng
Nguồn: befood_comment
Rating người dùng: 4.0
Sentiment tổng hợp: neutral
Aspect sentiment: 
Nội dung review: cải bò với hati sản gì k có rau vơia tôm mà toàn hành là hành quâ tệ k bgio quay lại mua nữa",0,1
tu_15d59bfb7f2d1e46,15d59bfb7f2d1e46,31215,Cơm Rang Hải Sơn - Giải Phóng,4.0,,neutral,{},befood_comment,cơm rang vừa ít vừa đắt. thiếu canh xuất bên phải là xuất thêm 20k chắc được 3 xúc,"Tên quán: Cơm Rang Hải Sơn - Giải Phóng
Nguồn: befood_comment
Rating người dùng: 4.0
Sentiment tổng hợp: neutral
Aspect sentiment: 
Nội dung review: cơm rang vừa ít vừa đắt. thiếu canh xuất bên phải là xuất thêm 20k chắc được 3 xúc",0,1
tu_ab54ab4aec3693d2,ab54ab4aec3693d2,67574,Bánh Tráng Mập - Lê Thanh Nghị,4.9,,neutral,{},befood_comment,"Sạch sẽ, Ngon xỉu, Đáng đồng tiền, Đóng gói tốt","Tên quán: Bánh Tráng Mập - Lê Thanh Nghị
Nguồn: befood_comment
Rating người dùng: 4.9
Sentiment tổng hợp: neutral
Aspect sentiment: 
Nội dung review: Sạch sẽ, Ngon xỉu, Đáng đồng tiền, Đóng gói tốt",0,1
tu_4079fa8cfcaa640c,4079fa8cfcaa640c,67574,Bánh Tráng Mập - Lê Thanh Nghị,4.9,,neutral,{},befood_comment,"Đáng đồng tiền, Đóng gói tốt, Ngon xỉu","Tên quán: Bánh Tráng Mập - Lê Thanh Nghị
Nguồn: befood_comment
Rating người dùng: 4.9
Sentiment tổng hợp: neutral
Aspect sentiment: 
Nội dung review: Đáng đồng tiền, Đóng gói tốt, Ngon xỉu",0,1
tu_9f85cdb72dc5125e,9f85cdb72dc5125e,67574,Bánh Tráng Mập - Lê Thanh Nghị,4.9,,neutral,{},befood_comment,Không hợp khẩu vị,"Tên quán: Bánh Tráng Mập - Lê Thanh Nghị
Nguồn: befood_comment
Rating người dùng: 4.9
Sentiment tổng hợp: neutral
Aspect sentiment: 
Nội dung review: Không hợp khẩu vị",0,1
tu_4302bb1a72071919,4302bb1a72071919,67574,Bánh Tráng Mập - Lê Thanh Nghị,4.9,,neutral,{},befood_comment,"vị cũng ok, bánh tráng hợp khẩu vị mình","Tên quán: Bánh Tráng Mập - Lê Thanh Nghị
Nguồn: befood_comment
Rating người dùng: 4.9
Sentiment tổng hợp: neutral
Aspect sentiment: 
Nội dung review: vị cũng ok, bánh tráng hợp khẩu vị mình",0,1
tu_25b1e6eb67492c5d,25b1e6eb67492c5d,7160,Bún Chả Mẹ Nga - Vân Hồ 3,4.3,,neutral,{},befood_comment,"oder bún + nem 3 xuất thiếu cả 3 xuất dêud k có nem, Sai/Thiếu món","Tên quán: Bún Chả Mẹ Nga - Vân Hồ 3
Nguồn: befood_comment
Rating người dùng: 4.3
Sentiment tổng hợp: neutral
Aspect sentiment: 
Nội dung review: oder bún + nem 3 xuất thiếu cả 3 xuất dêud k có nem, Sai/Thiếu món",0,1
tu_8679f22357aed085,8679f22357aed085,7160,Bún Chả Mẹ Nga - Vân Hồ 3,4.3,,neutral,{},befood_comment,Khá ngon,"Tên quán: Bún Chả Mẹ Nga - Vân Hồ 3
Nguồn: befood_comment
Rating người dùng: 4.3
Sentiment tổng hợp: neutral
Aspect sentiment: 
Nội dung review: Khá ngon",0,1
tu_7816a82a55175fd2,7816a82a55175fd2,7160,Bún Chả Mẹ Nga - Vân Hồ 3,4.3,,neutral,{},befood_comment,"Đóng gói chưa tốt, Sai/Thiếu món, Không đảm bảo vệ sinh","Tên quán: Bún Chả Mẹ Nga - Vân Hồ 3
Nguồn: befood_comment
Rating người dùng: 4.3
Sentiment tổng hợp: neutral
Aspect sentiment: 
Nội dung review: Đóng gói chưa tốt, Sai/Thiếu món, Không đảm bảo vệ sinh",0,1
tu_34ca550bc9873ce6,34ca550bc9873ce6,7160,Bún Chả Mẹ Nga - Vân Hồ 3,4.3,,neutral,{},befood_comment,"không có dụng cụ ăn, chỉ mình túi nilong","Tên quán: Bún Chả Mẹ Nga - Vân Hồ 3
Nguồn: befood_comment
Rating người dùng: 4.3
Sentiment tổng hợp: neutral
Aspect sentiment: 
Nội dung review: không có dụng cụ ăn, chỉ mình túi nilong",0,1
tu_9932f5dfc00d95ea,9932f5dfc00d95ea,7160,Bún Chả Mẹ Nga - Vân Hồ 3,4.3,,neutral,{},befood_comment,"tệ rau bẩn , nguội nói chung rất tệ lần đầu gặp phải quán như vậy","Tên quán: Bún Chả Mẹ Nga - Vân Hồ 3
Nguồn: befood_comment
Rating người dùng: 4.3
Sentiment tổng hợp: neutral
Aspect sentiment: 
Nội dung review: tệ rau bẩn , nguội nói chung rất tệ lần đầu gặp phải quán như vậy",0,1
tu_aabf932f9f57891b,aabf932f9f57891b,7160,Bún Chả Mẹ Nga - Vân Hồ 3,4.3,,neutral,{},befood_comment,"k có đồ đựng, quá ít","Tên quán: Bún Chả Mẹ Nga - Vân Hồ 3
Nguồn: befood_comment
Rating người dùng: 4.3
Sentiment tổng hợp: neutral
Aspect sentiment: 
Nội dung review: k có đồ đựng, quá ít",0,1
tu_1bdf4b1bba8d72f2,1bdf4b1bba8d72f2,117526,Bếp Bé Bếu - Cơm & Bánh Mì Nướng Trung Hoa - Lê Thanh Nghị,5.0,,neutral,{},befood_comment,Ngon xỉu,"Tên quán: Bếp Bé Bếu - Cơm & Bánh Mì Nướng Trung Hoa - Lê Thanh Nghị
Nguồn: befood_comment
Rating người dùng: 5.0
Sentiment tổng hợp: neutral
Aspect sentiment: 
Nội dung review: Ngon xỉu",0,1
tu_b1a7cdf91b9deb5a,b1a7cdf91b9deb5a,8919,Cơm Sạch Mẹ Shin - Tô Hoàng,4.5,,neutral,{},befood_comment,"được đúng 3 miếng sườn nhỏ, cơm thì nhão, Không hợp khẩu vị","Tên quán: Cơm Sạch Mẹ Shin - Tô Hoàng
Nguồn: befood_comment
Rating người dùng: 4.5
Sentiment tổng hợp: neutral
Aspect sentiment: 
Nội dung review: được đúng 3 miếng sườn nhỏ, cơm thì nhão, Không hợp khẩu vị",0,1
tu_2ec03c52b38cb0de,2ec03c52b38cb0de,8919,Cơm Sạch Mẹ Shin - Tô Hoàng,4.5,,neutral,{},befood_comment,"ok, Đóng gói tốt","Tên quán: Cơm Sạch Mẹ Shin - Tô Hoàng
Nguồn: befood_comment
Rating người dùng: 4.5
Sentiment tổng hợp: neutral
Aspect sentiment: 
Nội dung review: ok, Đóng gói tốt",0,1
tu_56e3849f555a59df,56e3849f555a59df,8919,Cơm Sạch Mẹ Shin - Tô Hoàng,4.5,,neutral,{},befood_comment,Khá ngon,"Tên quán: Cơm Sạch Mẹ Shin - Tô Hoàng
Nguồn: befood_comment
Rating người dùng: 4.5
Sentiment tổng hợp: neutral
Aspect sentiment: 
Nội dung review: Khá ngon",0,1
tu_18b48fefad4016c1,18b48fefad4016c1,8919,Cơm Sạch Mẹ Shin - Tô Hoàng,4.5,,neutral,{},befood_comment,"Cơm sườn ổn, hơi mặn, ăn với cơm ok. Cơm ba chỉ ghi có tôm chua nhưng về không có. Mình đặt cho ng nhà ăn, chưa kịp gọi nhà hàng hỏi thì ng nhà ăn rồi nên thôi. cơm thịt cx ok nhưng mìh đặt vì thấy có tôm chua, về k có nên hơi thất vọng","Tên quán: Cơm Sạch Mẹ Shin - Tô Hoàng
Nguồn: befood_comment
Rating người dùng: 4.5
Sentiment tổng hợp: neutral
Aspect sentiment: 
Nội dung review: Cơm sườn ổn, hơi mặn, ăn với cơm ok. Cơm ba chỉ ghi có tôm chua nhưng về không có. Mình đặt cho ng nhà ăn, chưa kịp gọi nhà hàng hỏi thì ng nhà ăn rồi nên thôi. cơm thịt cx ok nhưng mìh đặt vì thấy có tôm chua, về k có nên hơi thất vọng",0,1
tu_575dfd1b034f4fb2,575dfd1b034f4fb2,8919,Cơm Sạch Mẹ Shin - Tô Hoàng,4.5,,neutral,{},befood_comment,"cơm ngon, nhìn sạch sẽ. giá 70k phần cơm này là cao nhưng có vocher nên mình thấy cũng hợp lí","Tên quán: Cơm Sạch Mẹ Shin - Tô Hoàng
Nguồn: befood_comment
Rating người dùng: 4.5
Sentiment tổng hợp: neutral
Aspect sentiment: 
Nội dung review: cơm ngon, nhìn sạch sẽ. giá 70k phần cơm này là cao nhưng có vocher nên mình thấy cũng hợp lí",0,1
tu_80099ccb265ac9e4,80099ccb265ac9e4,8919,Cơm Sạch Mẹ Shin - Tô Hoàng,4.5,,neutral,{},befood_comment,"chất lượng gạo so với trước đây mình từng đặtbị giảm đi, ăn gạo rất chán","Tên quán: Cơm Sạch Mẹ Shin - Tô Hoàng
Nguồn: befood_comment
Rating người dùng: 4.5
Sentiment tổng hợp: neutral
Aspect sentiment: 
Nội dung review: chất lượng gạo so với trước đây mình từng đặtbị giảm đi, ăn gạo rất chán",0,1
tu_0d86425edc92b055,0d86425edc92b055,8919,Cơm Sạch Mẹ Shin - Tô Hoàng,4.5,,neutral,{},befood_comment,Tệ ko bao giờ có lần sau,"Tên quán: Cơm Sạch Mẹ Shin - Tô Hoàng
Nguồn: befood_comment
Rating người dùng: 4.5
Sentiment tổng hợp: neutral
Aspect sentiment: 
Nội dung review: Tệ ko bao giờ có lần sau",0,1
tu_f43d051aa8af858b,f43d051aa8af858b,123211,Phạm Gia Food - Cơm Tấm & Lẩu Ly - Trần Đại Nghĩa,4.8,,neutral,{},befood_comment,Ngon xỉu,"Tên quán: Phạm Gia Food - Cơm Tấm & Lẩu Ly - Trần Đại Nghĩa
Nguồn: befood_comment
Rating người dùng: 4.8
Sentiment tổng hợp: neutral
Aspect sentiment: 
Nội dung review: Ngon xỉu",0,1
tu_1bab8c1b14db1949,1bab8c1b14db1949,123211,Phạm Gia Food - Cơm Tấm & Lẩu Ly - Trần Đại Nghĩa,4.8,,neutral,{},befood_comment,"Đóng gói tốt, Đáng đồng tiền, Ngon xỉu, Sạch sẽ","Tên quán: Phạm Gia Food - Cơm Tấm & Lẩu Ly - Trần Đại Nghĩa
Nguồn: befood_comment
Rating người dùng: 4.8
Sentiment tổng hợp: neutral
Aspect sentiment: 
Nội dung review: Đóng gói tốt, Đáng đồng tiền, Ngon xỉu, Sạch sẽ",0,1
tu_91e92ec5c322768d,91e92ec5c322768d,123211,Phạm Gia Food - Cơm Tấm & Lẩu Ly - Trần Đại Nghĩa,4.8,,neutral,{},befood_comment,shop quên bì thêm của em,"Tên quán: Phạm Gia Food - Cơm Tấm & Lẩu Ly - Trần Đại Nghĩa
Nguồn: befood_comment
Rating người dùng: 4.8
Sentiment tổng hợp: neutral
Aspect sentiment: 
Nội dung review: shop quên bì thêm của em",0,1
tu_50ef4362f8f8134e,50ef4362f8f8134e,123211,Phạm Gia Food - Cơm Tấm & Lẩu Ly - Trần Đại Nghĩa,4.8,,neutral,{},befood_comment,quá dở cơm làm như vậy mất khách ăn chả ra gì lần sau đừng làm vậy thà bán đắt mà ăn còn ngon như cơm săp đổ đi bán cho khách hàng,"Tên quán: Phạm Gia Food - Cơm Tấm & Lẩu Ly - Trần Đại Nghĩa
Nguồn: befood_comment
Rating người dùng: 4.8
Sentiment tổng hợp: neutral
Aspect sentiment: 
Nội dung review: quá dở cơm làm như vậy mất khách ăn chả ra gì lần sau đừng làm vậy thà bán đắt mà ăn còn ngon như cơm săp đổ đi bán cho khách hàng",0,1
tu_af52380f16d3d3e2,af52380f16d3d3e2,111026,Cơm Ngon Hà Nội - Bà Triệu,4.4,,neutral,{},befood_comment,"Sạch sẽ, Đóng gói tốt, Đáng đồng tiền, Ngon xỉu","Tên quán: Cơm Ngon Hà Nội - Bà Triệu
Nguồn: befood_comment
Rating người dùng: 4.4
Sentiment tổng hợp: neutral
Aspect sentiment: 
Nội dung review: Sạch sẽ, Đóng gói tốt, Đáng đồng tiền, Ngon xỉu",0,1
tu_b68a6b5bb2a419db,b68a6b5bb2a419db,111026,Cơm Ngon Hà Nội - Bà Triệu,4.4,,neutral,{},befood_comment,"đồ ăn như hình ăn ngon, Sạch sẽ, Đóng gói tốt","Tên quán: Cơm Ngon Hà Nội - Bà Triệu
Nguồn: befood_comment
Rating người dùng: 4.4
Sentiment tổng hợp: neutral
Aspect sentiment: 
Nội dung review: đồ ăn như hình ăn ngon, Sạch sẽ, Đóng gói tốt",0,1
tu_6f1b616bf2f06240,6f1b616bf2f06240,111026,Cơm Ngon Hà Nội - Bà Triệu,4.4,,neutral,{},befood_comment,Đóng gói tốt,"Tên quán: Cơm Ngon Hà Nội - Bà Triệu
Nguồn: befood_comment
Rating người dùng: 4.4
Sentiment tổng hợp: neutral
Aspect sentiment: 
Nội dung review: Đóng gói tốt",0,1
tu_b7afc5d461371004,b7afc5d461371004,111026,Cơm Ngon Hà Nội - Bà Triệu,4.4,,neutral,{},befood_comment,Giá hơi đắt,"Tên quán: Cơm Ngon Hà Nội - Bà Triệu
Nguồn: befood_comment
Rating người dùng: 4.4
Sentiment tổng hợp: neutral
Aspect sentiment: 
Nội dung review: Giá hơi đắt",0,1
tu_e8bca208b6a3c6a6,e8bca208b6a3c6a6,111026,Cơm Ngon Hà Nội - Bà Triệu,4.4,,neutral,{},befood_comment,"Giá hơi đắt, Khá ngon","Tên quán: Cơm Ngon Hà Nội - Bà Triệu
Nguồn: befood_comment
Rating người dùng: 4.4
Sentiment tổng hợp: neutral
Aspect sentiment: 
Nội dung review: Giá hơi đắt, Khá ngon",0,1
tu_b8af31a85447ad32,b8af31a85447ad32,111026,Cơm Ngon Hà Nội - Bà Triệu,4.4,,neutral,{},befood_comment,"mình đặt thêm canh và trứng ốp mà quán không giao, Sai/Thiếu món","Tên quán: Cơm Ngon Hà Nội - Bà Triệu
Nguồn: befood_comment
Rating người dùng: 4.4
Sentiment tổng hợp: neutral
Aspect sentiment: 
Nội dung review: mình đặt thêm canh và trứng ốp mà quán không giao, Sai/Thiếu món",0,1
tu_b5c1c207e884a049,b5c1c207e884a049,111026,Cơm Ngon Hà Nội - Bà Triệu,4.4,,neutral,{},befood_comment,Sai/Thiếu món,"Tên quán: Cơm Ngon Hà Nội - Bà Triệu
Nguồn: befood_comment
Rating người dùng: 4.4
Sentiment tổng hợp: neutral
Aspect sentiment: 
Nội dung review: Sai/Thiếu món",0,1
tu_e09cb6ab3c43bd07,e09cb6ab3c43bd07,111026,Cơm Ngon Hà Nội - Bà Triệu,4.4,,neutral,{},befood_comment,cơm đầy đặn nhưng có hơi ít sốt đi kèm,"Tên quán: Cơm Ngon Hà Nội - Bà Triệu
Nguồn: befood_comment
Rating người dùng: 4.4
Sentiment tổng hợp: neutral
Aspect sentiment: 
Nội dung review: cơm đầy đặn nhưng có hơi ít sốt đi kèm",0,1
tu_edd5aca45f90c75f,edd5aca45f90c75f,27416,Bún Chả Minh Béo - Vân Hồ,4.3,,neutral,{},befood_comment,"Ngon xỉu, Đáng đồng tiền, Sạch sẽ, Khác, Đóng gói tốt","Tên quán: Bún Chả Minh Béo - Vân Hồ
Nguồn: befood_comment
Rating người dùng: 4.3
Sentiment tổng hợp: neutral
Aspect sentiment: 
Nội dung review: Ngon xỉu, Đáng đồng tiền, Sạch sẽ, Khác, Đóng gói tốt",0,1
tu_762d3870683ed6ab,762d3870683ed6ab,27416,Bún Chả Minh Béo - Vân Hồ,4.3,,neutral,{},befood_comment,Khác,"Tên quán: Bún Chả Minh Béo - Vân Hồ
Nguồn: befood_comment
Rating người dùng: 4.3
Sentiment tổng hợp: neutral
Aspect sentiment: 
Nội dung review: Khác",0,1
tu_869708d277976469,869708d277976469,27416,Bún Chả Minh Béo - Vân Hồ,4.3,,neutral,{},befood_comment,Không hợp khẩu vị,"Tên quán: Bún Chả Minh Béo - Vân Hồ
Nguồn: befood_comment
Rating người dùng: 4.3
Sentiment tổng hợp: neutral
Aspect sentiment: 
Nội dung review: Không hợp khẩu vị",0,1
tu_bb540ac59dcc1da9,bb540ac59dcc1da9,136086,Cơm Gà Rán Đài Loan - OMEGA - Tạ Quang Bửu,5.0,,neutral,{},befood_comment,"Chụp ảnh review hơi xấu, nhưng mà đồ ăn thực tế cũng đầy đủ, ngon lắm nha, lần sau ăn gà thì chắc chắn sẽ đặt của quán, Ngon xỉu, Đáng đồng tiền, Sạch sẽ, Đóng gói tốt","Tên quán: Cơm Gà Rán Đài Loan - OMEGA - Tạ Quang Bửu
Nguồn: befood_comment
Rating người dùng: 5.0
Sentiment tổng hợp: neutral
Aspect sentiment: 
Nội dung review: Chụp ảnh review hơi xấu, nhưng mà đồ ăn thực tế cũng đầy đủ, ngon lắm nha, lần sau ăn gà thì chắc chắn sẽ đặt của quán, Ngon xỉu, Đáng đồng tiền, Sạch sẽ, Đóng gói tốt",0,1
tu_1ae9e217f941b937,1ae9e217f941b937,117708,Cơm Gà Cô Tấm - Tạ Quang Bửu,5.0,,neutral,{},befood_comment,"Ngon xỉu, Đáng đồng tiền, Đóng gói tốt","Tên quán: Cơm Gà Cô Tấm - Tạ Quang Bửu
Nguồn: befood_comment
Rating người dùng: 5.0
Sentiment tổng hợp: neutral
Aspect sentiment: 
Nội dung review: Ngon xỉu, Đáng đồng tiền, Đóng gói tốt",0,1
tu_c944ee5966dead06,c944ee5966dead06,73491,U Lìu - Bún Bò Nam Bộ & Các Món Cuốn - Vân Hồ 2,4.8,,neutral,{},befood_comment,"Đóng gói tốt, Ngon xỉu, Đáng đồng tiền, Sạch sẽ","Tên quán: U Lìu - Bún Bò Nam Bộ & Các Món Cuốn - Vân Hồ 2
Nguồn: befood_comment
Rating người dùng: 4.8
Sentiment tổng hợp: neutral
Aspect sentiment: 
Nội dung review: Đóng gói tốt, Ngon xỉu, Đáng đồng tiền, Sạch sẽ",0,1
tu_eab440cd5c5ab42e,eab440cd5c5ab42e,73491,U Lìu - Bún Bò Nam Bộ & Các Món Cuốn - Vân Hồ 2,4.8,,neutral,{},befood_comment,"Ngon xỉu, Đóng gói tốt, Đáng đồng tiền, Sạch sẽ","Tên quán: U Lìu - Bún Bò Nam Bộ & Các Món Cuốn - Vân Hồ 2
Nguồn: befood_comment
Rating người dùng: 4.8
Sentiment tổng hợp: neutral
Aspect sentiment: 
Nội dung review: Ngon xỉu, Đóng gói tốt, Đáng đồng tiền, Sạch sẽ",0,1
tu_bc9cf70d4d583419,bc9cf70d4d583419,73491,U Lìu - Bún Bò Nam Bộ & Các Món Cuốn - Vân Hồ 2,4.8,,neutral,{},befood_comment,"Sạch sẽ, Đáng đồng tiền, Ngon xỉu, Đóng gói tốt","Tên quán: U Lìu - Bún Bò Nam Bộ & Các Món Cuốn - Vân Hồ 2
Nguồn: befood_comment
Rating người dùng: 4.8
Sentiment tổng hợp: neutral
Aspect sentiment: 
Nội dung review: Sạch sẽ, Đáng đồng tiền, Ngon xỉu, Đóng gói tốt",0,1
tu_1cb1796668216a5e,1cb1796668216a5e,73491,U Lìu - Bún Bò Nam Bộ & Các Món Cuốn - Vân Hồ 2,4.8,,neutral,{},befood_comment,"Sạch sẽ, Đáng đồng tiền, Đóng gói tốt, Ngon xỉu","Tên quán: U Lìu - Bún Bò Nam Bộ & Các Món Cuốn - Vân Hồ 2
Nguồn: befood_comment
Rating người dùng: 4.8
Sentiment tổng hợp: neutral
Aspect sentiment: 
Nội dung review: Sạch sẽ, Đáng đồng tiền, Đóng gói tốt, Ngon xỉu",0,1
tu_76d151fdd76b78ff,76d151fdd76b78ff,73491,U Lìu - Bún Bò Nam Bộ & Các Món Cuốn - Vân Hồ 2,4.8,,neutral,{},befood_comment,"vị rất ngon nha ^^, Ngon xỉu, Sạch sẽ","Tên quán: U Lìu - Bún Bò Nam Bộ & Các Món Cuốn - Vân Hồ 2
Nguồn: befood_comment
Rating người dùng: 4.8
Sentiment tổng hợp: neutral
Aspect sentiment: 
Nội dung review: vị rất ngon nha ^^, Ngon xỉu, Sạch sẽ",0,1
tu_a98f4265ea9ddaf0,a98f4265ea9ddaf0,73491,U Lìu - Bún Bò Nam Bộ & Các Món Cuốn - Vân Hồ 2,4.8,,neutral,{},befood_comment,"Sạch sẽ, Đóng gói tốt, Đáng đồng tiền, Ngon xỉu","Tên quán: U Lìu - Bún Bò Nam Bộ & Các Món Cuốn - Vân Hồ 2
Nguồn: befood_comment
Rating người dùng: 4.8
Sentiment tổng hợp: neutral
Aspect sentiment: 
Nội dung review: Sạch sẽ, Đóng gói tốt, Đáng đồng tiền, Ngon xỉu",0,1
tu_38bb5de08c284f65,38bb5de08c284f65,73491,U Lìu - Bún Bò Nam Bộ & Các Món Cuốn - Vân Hồ 2,4.8,,neutral,{},befood_comment,hơi ít rau trộn,"Tên quán: U Lìu - Bún Bò Nam Bộ & Các Món Cuốn - Vân Hồ 2
Nguồn: befood_comment
Rating người dùng: 4.8
Sentiment tổng hợp: neutral
Aspect sentiment: 
Nội dung review: hơi ít rau trộn",0,1
tu_c636d1538cccf67b,c636d1538cccf67b,8805,Gà Rán Texas Chicken - Bạch Mai,4.8,,neutral,{},befood_comment,"Delicious, Worth the price, Clean, Good packaging","Tên quán: Gà Rán Texas Chicken - Bạch Mai
Nguồn: befood_comment
Rating người dùng: 4.8
Sentiment tổng hợp: neutral
Aspect sentiment: 
Nội dung review: Delicious, Worth the price, Clean, Good packaging",0,1
tu_0fd89e41c077e801,0fd89e41c077e801,8805,Gà Rán Texas Chicken - Bạch Mai,4.8,,neutral,{},befood_comment,"thiếu bánh cuộn gà 😡, Sai/Thiếu món","Tên quán: Gà Rán Texas Chicken - Bạch Mai
Nguồn: befood_comment
Rating người dùng: 4.8
Sentiment tổng hợp: neutral
Aspect sentiment: 
Nội dung review: thiếu bánh cuộn gà 😡, Sai/Thiếu món",0,1
tu_95fa46bbec89ae15,95fa46bbec89ae15,8805,Gà Rán Texas Chicken - Bạch Mai,4.8,,neutral,{},befood_comment,Giao thiếu phần khoai tây chiên của mình rồi ạ,"Tên quán: Gà Rán Texas Chicken - Bạch Mai
Nguồn: befood_comment
Rating người dùng: 4.8
Sentiment tổng hợp: neutral
Aspect sentiment: 
Nội dung review: Giao thiếu phần khoai tây chiên của mình rồi ạ",0,1
tu_e3ff81c0a8ab0034,e3ff81c0a8ab0034,8805,Gà Rán Texas Chicken - Bạch Mai,4.8,,neutral,{},befood_comment,tôi đặt khoai tây chiên cơ mà?,"Tên quán: Gà Rán Texas Chicken - Bạch Mai
Nguồn: befood_comment
Rating người dùng: 4.8
Sentiment tổng hợp: neutral
Aspect sentiment: 
Nội dung review: tôi đặt khoai tây chiên cơ mà?",0,1
tu_78ba0e4e05577c0f,78ba0e4e05577c0f,81353,Cơm Tấm Xưa - Phong Vị Sài Thành - Lê Đại Hành,4.6,,neutral,{},befood_comment,"Đóng gói tốt, Sạch sẽ, Đáng đồng tiền, Ngon xỉu","Tên quán: Cơm Tấm Xưa - Phong Vị Sài Thành - Lê Đại Hành
Nguồn: befood_comment
Rating người dùng: 4.6
Sentiment tổng hợp: neutral
Aspect sentiment: 
Nội dung review: Đóng gói tốt, Sạch sẽ, Đáng đồng tiền, Ngon xỉu",0,1
tu_f5f8bb345d03b1a6,f5f8bb345d03b1a6,81353,Cơm Tấm Xưa - Phong Vị Sài Thành - Lê Đại Hành,4.6,,neutral,{},befood_comment,Ngon xỉu,"Tên quán: Cơm Tấm Xưa - Phong Vị Sài Thành - Lê Đại Hành
Nguồn: befood_comment
Rating người dùng: 4.6
Sentiment tổng hợp: neutral
Aspect sentiment: 
Nội dung review: Ngon xỉu",0,1
tu_9a1e100ca66475c6,9a1e100ca66475c6,81353,Cơm Tấm Xưa - Phong Vị Sài Thành - Lê Đại Hành,4.6,,neutral,{},befood_comment,"Đóng gói tốt, Sạch sẽ","Tên quán: Cơm Tấm Xưa - Phong Vị Sài Thành - Lê Đại Hành
Nguồn: befood_comment
Rating người dùng: 4.6
Sentiment tổng hợp: neutral
Aspect sentiment: 
Nội dung review: Đóng gói tốt, Sạch sẽ",0,1
tu_7399db057c6af863,7399db057c6af863,81353,Cơm Tấm Xưa - Phong Vị Sài Thành - Lê Đại Hành,4.6,,neutral,{},befood_comment,"gọi thêm 3 phần cơm mà ko có luôn, Sai/Thiếu món","Tên quán: Cơm Tấm Xưa - Phong Vị Sài Thành - Lê Đại Hành
Nguồn: befood_comment
Rating người dùng: 4.6
Sentiment tổng hợp: neutral
Aspect sentiment: 
Nội dung review: gọi thêm 3 phần cơm mà ko có luôn, Sai/Thiếu món",0,1
tu_c05118b708144394,c05118b708144394,81353,Cơm Tấm Xưa - Phong Vị Sài Thành - Lê Đại Hành,4.6,,neutral,{},befood_comment,cơm thêm ko có,"Tên quán: Cơm Tấm Xưa - Phong Vị Sài Thành - Lê Đại Hành
Nguồn: befood_comment
Rating người dùng: 4.6
Sentiment tổng hợp: neutral
Aspect sentiment: 
Nội dung review: cơm thêm ko có",0,1
tu_e1ecc169314d8f9c,e1ecc169314d8f9c,81353,Cơm Tấm Xưa - Phong Vị Sài Thành - Lê Đại Hành,4.6,,neutral,{},befood_comment,hơi ít,"Tên quán: Cơm Tấm Xưa - Phong Vị Sài Thành - Lê Đại Hành
Nguồn: befood_comment
Rating người dùng: 4.6
Sentiment tổng hợp: neutral
Aspect sentiment: 
Nội dung review: hơi ít",0,1
tu_7234737a63a66801,7234737a63a66801,81353,Cơm Tấm Xưa - Phong Vị Sài Thành - Lê Đại Hành,4.6,,neutral,{},befood_comment,cá kho bỏ tủ lạnh ra chưa hâm nóng cho khách hàng.,"Tên quán: Cơm Tấm Xưa - Phong Vị Sài Thành - Lê Đại Hành
Nguồn: befood_comment
Rating người dùng: 4.6
Sentiment tổng hợp: neutral
Aspect sentiment: 
Nội dung review: cá kho bỏ tủ lạnh ra chưa hâm nóng cho khách hàng.",0,1
tu_637001e949170ee7,637001e949170ee7,77167,Mỳ Gà Tần & Bún Chả - Khu Tập Thể Kinh Tế Quốc Dân,4.2,,neutral,{},befood_comment,"ôi chưa bh ăn bát bún dở ntn :)) nước nhạt toẹt chả thì hôi làm ăn k dc thì đừng làm tởm, Không hợp khẩu vị, Đóng gói chưa tốt, Sai/Thiếu món, Không đảm bảo vệ sinh","Tên quán: Mỳ Gà Tần & Bún Chả - Khu Tập Thể Kinh Tế Quốc Dân
Nguồn: befood_comment
Rating người dùng: 4.2
Sentiment tổng hợp: neutral
Aspect sentiment: 
Nội dung review: ôi chưa bh ăn bát bún dở ntn :)) nước nhạt toẹt chả thì hôi làm ăn k dc thì đừng làm tởm, Không hợp khẩu vị, Đóng gói chưa tốt, Sai/Thiếu món, Không đảm bảo vệ sinh",0,1
tu_42015e402861f25e,42015e402861f25e,77167,Mỳ Gà Tần & Bún Chả - Khu Tập Thể Kinh Tế Quốc Dân,4.2,,neutral,{},befood_comment,"Ngon xỉu, Đáng đồng tiền, Đóng gói tốt, Sạch sẽ","Tên quán: Mỳ Gà Tần & Bún Chả - Khu Tập Thể Kinh Tế Quốc Dân
Nguồn: befood_comment
Rating người dùng: 4.2
Sentiment tổng hợp: neutral
Aspect sentiment: 
Nội dung review: Ngon xỉu, Đáng đồng tiền, Đóng gói tốt, Sạch sẽ",0,1
tu_037524472026eec6,037524472026eec6,77167,Mỳ Gà Tần & Bún Chả - Khu Tập Thể Kinh Tế Quốc Dân,4.2,,neutral,{},befood_comment,Khá ngon,"Tên quán: Mỳ Gà Tần & Bún Chả - Khu Tập Thể Kinh Tế Quốc Dân
Nguồn: befood_comment
Rating người dùng: 4.2
Sentiment tổng hợp: neutral
Aspect sentiment: 
Nội dung review: Khá ngon",0,1
tu_37dc594557b05e4d,37dc594557b05e4d,77167,Mỳ Gà Tần & Bún Chả - Khu Tập Thể Kinh Tế Quốc Dân,4.2,,neutral,{},befood_comment,Không làm đúng ghi chú,"Tên quán: Mỳ Gà Tần & Bún Chả - Khu Tập Thể Kinh Tế Quốc Dân
Nguồn: befood_comment
Rating người dùng: 4.2
Sentiment tổng hợp: neutral
Aspect sentiment: 
Nội dung review: Không làm đúng ghi chú",0,1
tu_df3146b29c947b8c,df3146b29c947b8c,77167,Mỳ Gà Tần & Bún Chả - Khu Tập Thể Kinh Tế Quốc Dân,4.2,,neutral,{},befood_comment,gọi thêm bún nhưng không có thêm,"Tên quán: Mỳ Gà Tần & Bún Chả - Khu Tập Thể Kinh Tế Quốc Dân
Nguồn: befood_comment
Rating người dùng: 4.2
Sentiment tổng hợp: neutral
Aspect sentiment: 
Nội dung review: gọi thêm bún nhưng không có thêm",0,1
tu_1cd3cd847de23872,1cd3cd847de23872,77167,Mỳ Gà Tần & Bún Chả - Khu Tập Thể Kinh Tế Quốc Dân,4.2,,neutral,{},befood_comment,dở đ thể chịu được,"Tên quán: Mỳ Gà Tần & Bún Chả - Khu Tập Thể Kinh Tế Quốc Dân
Nguồn: befood_comment
Rating người dùng: 4.2
Sentiment tổng hợp: neutral
Aspect sentiment: 
Nội dung review: dở đ thể chịu được",0,1
tu_8f06f7380fc78aef,8f06f7380fc78aef,77167,Mỳ Gà Tần & Bún Chả - Khu Tập Thể Kinh Tế Quốc Dân,4.2,,neutral,{},befood_comment,gọi 2 xuất viên lại cho thành lẫn,"Tên quán: Mỳ Gà Tần & Bún Chả - Khu Tập Thể Kinh Tế Quốc Dân
Nguồn: befood_comment
Rating người dùng: 4.2
Sentiment tổng hợp: neutral
Aspect sentiment: 
Nội dung review: gọi 2 xuất viên lại cho thành lẫn",0,1
tu_6ec891d1b3d24f34,6ec891d1b3d24f34,77167,Mỳ Gà Tần & Bún Chả - Khu Tập Thể Kinh Tế Quốc Dân,4.2,,neutral,{},befood_comment,mik đặt pepsi mà k có,"Tên quán: Mỳ Gà Tần & Bún Chả - Khu Tập Thể Kinh Tế Quốc Dân
Nguồn: befood_comment
Rating người dùng: 4.2
Sentiment tổng hợp: neutral
Aspect sentiment: 
Nội dung review: mik đặt pepsi mà k có",0,1
tu_cb4db1067d0ce76a,cb4db1067d0ce76a,32462,Phở Liên - Phở Gà & Phở Trộn - Bạch Mai,4.9,,neutral,{},befood_comment,Ngon xỉu,"Tên quán: Phở Liên - Phở Gà & Phở Trộn - Bạch Mai
Nguồn: befood_comment
Rating người dùng: 4.9
Sentiment tổng hợp: neutral
Aspect sentiment: 
Nội dung review: Ngon xỉu",0,1
tu_d81395a588c6ff06,d81395a588c6ff06,32462,Phở Liên - Phở Gà & Phở Trộn - Bạch Mai,4.9,,neutral,{},befood_comment,"Ngon xỉu, Đáng đồng tiền, Đóng gói tốt","Tên quán: Phở Liên - Phở Gà & Phở Trộn - Bạch Mai
Nguồn: befood_comment
Rating người dùng: 4.9
Sentiment tổng hợp: neutral
Aspect sentiment: 
Nội dung review: Ngon xỉu, Đáng đồng tiền, Đóng gói tốt",0,1
tu_e80a0562b0175f9c,e80a0562b0175f9c,32462,Phở Liên - Phở Gà & Phở Trộn - Bạch Mai,4.9,,neutral,{},befood_comment,"ớt đỉnh của chóp, Ngon xỉu, Đáng đồng tiền, Sạch sẽ, Đóng gói tốt","Tên quán: Phở Liên - Phở Gà & Phở Trộn - Bạch Mai
Nguồn: befood_comment
Rating người dùng: 4.9
Sentiment tổng hợp: neutral
Aspect sentiment: 
Nội dung review: ớt đỉnh của chóp, Ngon xỉu, Đáng đồng tiền, Sạch sẽ, Đóng gói tốt",0,1
tu_4015fbfec5ebc09e,4015fbfec5ebc09e,32462,Phở Liên - Phở Gà & Phở Trộn - Bạch Mai,4.9,,neutral,{},befood_comment,"Ngon xỉu, Đáng đồng tiền, Sạch sẽ, Đóng gói tốt","Tên quán: Phở Liên - Phở Gà & Phở Trộn - Bạch Mai
Nguồn: befood_comment
Rating người dùng: 4.9
Sentiment tổng hợp: neutral
Aspect sentiment: 
Nội dung review: Ngon xỉu, Đáng đồng tiền, Sạch sẽ, Đóng gói tốt",0,1
tu_ee61a20cef33c981,ee61a20cef33c981,32462,Phở Liên - Phở Gà & Phở Trộn - Bạch Mai,4.9,,neutral,{},befood_comment,"Đáng đồng tiền, Đóng gói tốt","Tên quán: Phở Liên - Phở Gà & Phở Trộn - Bạch Mai
Nguồn: befood_comment
Rating người dùng: 4.9
Sentiment tổng hợp: neutral
Aspect sentiment: 
Nội dung review: Đáng đồng tiền, Đóng gói tốt",0,1
tu_3e3e1f3a2945417a,3e3e1f3a2945417a,32462,Phở Liên - Phở Gà & Phở Trộn - Bạch Mai,4.9,,neutral,{},befood_comment,"Ngon xỉu, Đáng đồng tiền","Tên quán: Phở Liên - Phở Gà & Phở Trộn - Bạch Mai
Nguồn: befood_comment
Rating người dùng: 4.9
Sentiment tổng hợp: neutral
Aspect sentiment: 
Nội dung review: Ngon xỉu, Đáng đồng tiền",0,1
tu_948acd1ca53c415d,948acd1ca53c415d,32462,Phở Liên - Phở Gà & Phở Trộn - Bạch Mai,4.9,,neutral,{},befood_comment,phở hôm nay bị chua Cô nhé!,"Tên quán: Phở Liên - Phở Gà & Phở Trộn - Bạch Mai
Nguồn: befood_comment
Rating người dùng: 4.9
Sentiment tổng hợp: neutral
Aspect sentiment: 
Nội dung review: phở hôm nay bị chua Cô nhé!",0,1
tu_39d9bcb2cfdb725d,39d9bcb2cfdb725d,77657,BBQ Chicken - Gà Rán Hàn Quốc - Bà Triệu,4.9,,neutral,{},befood_comment,"Đóng gói chưa tốt, Khá ngon, Giá hơi đắt","Tên quán: BBQ Chicken - Gà Rán Hàn Quốc - Bà Triệu
Nguồn: befood_comment
Rating người dùng: 4.9
Sentiment tổng hợp: neutral
Aspect sentiment: 
Nội dung review: Đóng gói chưa tốt, Khá ngon, Giá hơi đắt",0,1
tu_91e919312e5cfb1e,91e919312e5cfb1e,23407,Phở Bò 33 - Lê Đại Hành,4.2,,neutral,{},befood_comment,"đặt cả quẩy 4 cái mà quán thiếu, Sai/Thiếu món","Tên quán: Phở Bò 33 - Lê Đại Hành
Nguồn: befood_comment
Rating người dùng: 4.2
Sentiment tổng hợp: neutral
Aspect sentiment: 
Nội dung review: đặt cả quẩy 4 cái mà quán thiếu, Sai/Thiếu món",0,1
tu_a9f3815e52090b32,a9f3815e52090b32,23407,Phở Bò 33 - Lê Đại Hành,4.2,,neutral,{},befood_comment,"Ngon xỉu, Đáng đồng tiền, Sạch sẽ, Đóng gói tốt","Tên quán: Phở Bò 33 - Lê Đại Hành
Nguồn: befood_comment
Rating người dùng: 4.2
Sentiment tổng hợp: neutral
Aspect sentiment: 
Nội dung review: Ngon xỉu, Đáng đồng tiền, Sạch sẽ, Đóng gói tốt",0,1
tu_f79b1790f6fab7d4,f79b1790f6fab7d4,23407,Phở Bò 33 - Lê Đại Hành,4.2,,neutral,{},befood_comment,Sai/Thiếu món,"Tên quán: Phở Bò 33 - Lê Đại Hành
Nguồn: befood_comment
Rating người dùng: 4.2
Sentiment tổng hợp: neutral
Aspect sentiment: 
Nội dung review: Sai/Thiếu món",0,1
tu_f15967662327b478,f15967662327b478,23407,Phở Bò 33 - Lê Đại Hành,4.2,,neutral,{},befood_comment,Đóng gói chưa tốt,"Tên quán: Phở Bò 33 - Lê Đại Hành
Nguồn: befood_comment
Rating người dùng: 4.2
Sentiment tổng hợp: neutral
Aspect sentiment: 
Nội dung review: Đóng gói chưa tốt",0,1
tu_9463de47ed7f9ebf,9463de47ed7f9ebf,23407,Phở Bò 33 - Lê Đại Hành,4.2,,neutral,{},befood_comment,"Mình đặt cả quẩy và ko có,2 lần rồi mình đặt thêm quẩy đều ko hề có, Sai/Thiếu món","Tên quán: Phở Bò 33 - Lê Đại Hành
Nguồn: befood_comment
Rating người dùng: 4.2
Sentiment tổng hợp: neutral
Aspect sentiment: 
Nội dung review: Mình đặt cả quẩy và ko có,2 lần rồi mình đặt thêm quẩy đều ko hề có, Sai/Thiếu món",0,1
tu_4cfd426c76abc347,4cfd426c76abc347,23407,Phở Bò 33 - Lê Đại Hành,4.2,,neutral,{},befood_comment,"đã note là không hành .quán thừa hành à . cho vào làm gì ???, Không làm đúng ghi chú","Tên quán: Phở Bò 33 - Lê Đại Hành
Nguồn: befood_comment
Rating người dùng: 4.2
Sentiment tổng hợp: neutral
Aspect sentiment: 
Nội dung review: đã note là không hành .quán thừa hành à . cho vào làm gì ???, Không làm đúng ghi chú",0,1
tu_4df1cae78aeb785c,4df1cae78aeb785c,23407,Phở Bò 33 - Lê Đại Hành,4.2,,neutral,{},befood_comment,"thiếu quẩy, Sai/Thiếu món","Tên quán: Phở Bò 33 - Lê Đại Hành
Nguồn: befood_comment
Rating người dùng: 4.2
Sentiment tổng hợp: neutral
Aspect sentiment: 
Nội dung review: thiếu quẩy, Sai/Thiếu món",0,1
tu_335bec64fefb0700,335bec64fefb0700,23407,Phở Bò 33 - Lê Đại Hành,4.2,,neutral,{},befood_comment,quán thiếu quẩy,"Tên quán: Phở Bò 33 - Lê Đại Hành
Nguồn: befood_comment
Rating người dùng: 4.2
Sentiment tổng hợp: neutral
Aspect sentiment: 
Nội dung review: quán thiếu quẩy",0,1
tu_cd86b9238f201e09,cd86b9238f201e09,23407,Phở Bò 33 - Lê Đại Hành,4.2,,neutral,{},befood_comment,thịt có mùi,"Tên quán: Phở Bò 33 - Lê Đại Hành
Nguồn: befood_comment
Rating người dùng: 4.2
Sentiment tổng hợp: neutral
Aspect sentiment: 
Nội dung review: thịt có mùi",0,1
tu_a876bce69614436e,a876bce69614436e,23407,Phở Bò 33 - Lê Đại Hành,4.2,,neutral,{},befood_comment,đặt quẩy kèm hết 13k nhà hàng báo hết quẩy giả lại mỗi 10k thế xong shipper bảo k liên quan? thế khác j ăn cướp k?,"Tên quán: Phở Bò 33 - Lê Đại Hành
Nguồn: befood_comment
Rating người dùng: 4.2
Sentiment tổng hợp: neutral
Aspect sentiment: 
Nội dung review: đặt quẩy kèm hết 13k nhà hàng báo hết quẩy giả lại mỗi 10k thế xong shipper bảo k liên quan? thế khác j ăn cướp k?",0,1
tu_6dc72c6bf9e9e045,6dc72c6bf9e9e045,15964,Quán Rôm - Bánh Tráng Cuốn Thịt Heo - Thái Phiên,4.5,,neutral,{},befood_comment,"Mắm nêm ngon, nhiều rau, quán làm sạch sẽ trước giờ mình chỉ gọi bánh tráng của quán Rôm. Tuy nhiên 2-3 lần gần đây quán cho ít đồ ăn kèm quá (dứa, dưa chuột…), đồ mà quán cho chỉ đủ 1 phần ăn. Mình gọi 2 suất mà ăn được cái thứ 4 đã hết đồ cuốn cùng. Mong là quán đọc được đánh giá và lần sau cho thêm để đủ ăn., Ngon xỉu, Sạch sẽ","Tên quán: Quán Rôm - Bánh Tráng Cuốn Thịt Heo - Thái Phiên
Nguồn: befood_comment
Rating người dùng: 4.5
Sentiment tổng hợp: neutral
Aspect sentiment: 
Nội dung review: Mắm nêm ngon, nhiều rau, quán làm sạch sẽ trước giờ mình chỉ gọi bánh tráng của quán Rôm. Tuy nhiên 2-3 lần gần đây quán cho ít đồ ăn kèm quá (dứa, dưa chuột…), đồ mà quán cho chỉ đủ 1 phần ăn. Mình gọi 2 suất mà ăn được cái thứ 4 đã hết đồ cuốn cùng. Mong là quán đọc được đánh giá và lần sau cho thêm để đủ ăn., Ngon xỉu, Sạch sẽ",0,1
tu_827e034eede73f5b,827e034eede73f5b,15964,Quán Rôm - Bánh Tráng Cuốn Thịt Heo - Thái Phiên,4.5,,neutral,{},befood_comment,"Ngon xỉu, Đáng đồng tiền, Sạch sẽ, Đóng gói tốt","Tên quán: Quán Rôm - Bánh Tráng Cuốn Thịt Heo - Thái Phiên
Nguồn: befood_comment
Rating người dùng: 4.5
Sentiment tổng hợp: neutral
Aspect sentiment: 
Nội dung review: Ngon xỉu, Đáng đồng tiền, Sạch sẽ, Đóng gói tốt",0,1
tu_1f27a091fdcab498,1f27a091fdcab498,15964,Quán Rôm - Bánh Tráng Cuốn Thịt Heo - Thái Phiên,4.5,,neutral,{},befood_comment,Ngon xỉu,"Tên quán: Quán Rôm - Bánh Tráng Cuốn Thịt Heo - Thái Phiên
Nguồn: befood_comment
Rating người dùng: 4.5
Sentiment tổng hợp: neutral
Aspect sentiment: 
Nội dung review: Ngon xỉu",0,1
tu_4dd6a9042d7d7883,4dd6a9042d7d7883,15964,Quán Rôm - Bánh Tráng Cuốn Thịt Heo - Thái Phiên,4.5,,neutral,{},befood_comment,"không có bánh tráng cuốn kiểu j, Sai/Thiếu món","Tên quán: Quán Rôm - Bánh Tráng Cuốn Thịt Heo - Thái Phiên
Nguồn: befood_comment
Rating người dùng: 4.5
Sentiment tổng hợp: neutral
Aspect sentiment: 
Nội dung review: không có bánh tráng cuốn kiểu j, Sai/Thiếu món",0,1
tu_8b336bb7133e59c8,8b336bb7133e59c8,15964,Quán Rôm - Bánh Tráng Cuốn Thịt Heo - Thái Phiên,4.5,,neutral,{},befood_comment,Sai/Thiếu món,"Tên quán: Quán Rôm - Bánh Tráng Cuốn Thịt Heo - Thái Phiên
Nguồn: befood_comment
Rating người dùng: 4.5
Sentiment tổng hợp: neutral
Aspect sentiment: 
Nội dung review: Sai/Thiếu món",0,1
tu_096b671d83d69b9a,096b671d83d69b9a,15964,Quán Rôm - Bánh Tráng Cuốn Thịt Heo - Thái Phiên,4.5,,neutral,{},befood_comment,"thiếu đồ cuốn, mình đặt 2 xuất mà chỉ có 1 bộ cuốn","Tên quán: Quán Rôm - Bánh Tráng Cuốn Thịt Heo - Thái Phiên
Nguồn: befood_comment
Rating người dùng: 4.5
Sentiment tổng hợp: neutral
Aspect sentiment: 
Nội dung review: thiếu đồ cuốn, mình đặt 2 xuất mà chỉ có 1 bộ cuốn",0,1
tu_c412ccb7388264b5,c412ccb7388264b5,13998,Quán Thiên Đức - Tự Do,4.2,,neutral,{},befood_comment,Khá ngon,"Tên quán: Quán Thiên Đức - Tự Do
Nguồn: befood_comment
Rating người dùng: 4.2
Sentiment tổng hợp: neutral
Aspect sentiment: 
Nội dung review: Khá ngon",0,1
tu_be7107606db6540e,be7107606db6540e,13998,Quán Thiên Đức - Tự Do,4.2,,neutral,{},befood_comment,Không hợp khẩu vị,"Tên quán: Quán Thiên Đức - Tự Do
Nguồn: befood_comment
Rating người dùng: 4.2
Sentiment tổng hợp: neutral
Aspect sentiment: 
Nội dung review: Không hợp khẩu vị",0,1
tu_5f2a3bf34ea8ba70,5f2a3bf34ea8ba70,13998,Quán Thiên Đức - Tự Do,4.2,,neutral,{},befood_comment,"Tại vì không có sao nào thấp hơn, Không hợp khẩu vị","Tên quán: Quán Thiên Đức - Tự Do
Nguồn: befood_comment
Rating người dùng: 4.2
Sentiment tổng hợp: neutral
Aspect sentiment: 
Nội dung review: Tại vì không có sao nào thấp hơn, Không hợp khẩu vị",0,1
tu_f1b6d3eb8de589bd,f1b6d3eb8de589bd,13998,Quán Thiên Đức - Tự Do,4.2,,neutral,{},befood_comment,Sai/Thiếu món,"Tên quán: Quán Thiên Đức - Tự Do
Nguồn: befood_comment
Rating người dùng: 4.2
Sentiment tổng hợp: neutral
Aspect sentiment: 
Nội dung review: Sai/Thiếu món",0,1
tu_7e2428f5331ef228,7e2428f5331ef228,13998,Quán Thiên Đức - Tự Do,4.2,,neutral,{},befood_comment,nhiều đầy đặn,"Tên quán: Quán Thiên Đức - Tự Do
Nguồn: befood_comment
Rating người dùng: 4.2
Sentiment tổng hợp: neutral
Aspect sentiment: 
Nội dung review: nhiều đầy đặn",0,1
tu_b56375770fe88ae4,b56375770fe88ae4,13998,Quán Thiên Đức - Tự Do,4.2,,neutral,{},befood_comment,"bún chả quá ít thịt,không có chả băm","Tên quán: Quán Thiên Đức - Tự Do
Nguồn: befood_comment
Rating người dùng: 4.2
Sentiment tổng hợp: neutral
Aspect sentiment: 
Nội dung review: bún chả quá ít thịt,không có chả băm",0,1
tu_7ebca2e266bd8501,7ebca2e266bd8501,13998,Quán Thiên Đức - Tự Do,4.2,,neutral,{},befood_comment,Ghi chú không măng những vẫn có 1 hộp có măng,"Tên quán: Quán Thiên Đức - Tự Do
Nguồn: befood_comment
Rating người dùng: 4.2
Sentiment tổng hợp: neutral
Aspect sentiment: 
Nội dung review: Ghi chú không măng những vẫn có 1 hộp có măng",0,1
tu_81e72321f383db2d,81e72321f383db2d,9606,Cơm Ngon Quang Thắng,4.8,,neutral,{},befood_comment,"Sai/Thiếu món, Đóng gói chưa tốt","Tên quán: Cơm Ngon Quang Thắng
Nguồn: befood_comment
Rating người dùng: 4.8
Sentiment tổng hợp: neutral
Aspect sentiment: 
Nội dung review: Sai/Thiếu món, Đóng gói chưa tốt",0,1
tu_9665ce42ec7c38eb,9665ce42ec7c38eb,9606,Cơm Ngon Quang Thắng,4.8,,neutral,{},befood_comment,tài xế rất ok,"Tên quán: Cơm Ngon Quang Thắng
Nguồn: befood_comment
Rating người dùng: 4.8
Sentiment tổng hợp: neutral
Aspect sentiment: 
Nội dung review: tài xế rất ok",0,1
tu_415e50fd226b34db,415e50fd226b34db,7635,Happy Food Cơm Gà Ba Vì,4.8,,neutral,{},befood_comment,Delicious,"Tên quán: Happy Food Cơm Gà Ba Vì
Nguồn: befood_comment
Rating người dùng: 4.8
Sentiment tổng hợp: neutral
Aspect sentiment: 
Nội dung review: Delicious",0,1
tu_39d741319b689d59,39d741319b689d59,7635,Happy Food Cơm Gà Ba Vì,4.8,,neutral,{},befood_comment,"Sạch sẽ, Đáng đồng tiền, Đóng gói tốt","Tên quán: Happy Food Cơm Gà Ba Vì
Nguồn: befood_comment
Rating người dùng: 4.8
Sentiment tổng hợp: neutral
Aspect sentiment: 
Nội dung review: Sạch sẽ, Đáng đồng tiền, Đóng gói tốt",0,1
tu_fe85c1995f538d58,fe85c1995f538d58,7635,Happy Food Cơm Gà Ba Vì,4.8,,neutral,{},befood_comment,"Sạch sẽ, Đóng gói tốt","Tên quán: Happy Food Cơm Gà Ba Vì
Nguồn: befood_comment
Rating người dùng: 4.8
Sentiment tổng hợp: neutral
Aspect sentiment: 
Nội dung review: Sạch sẽ, Đóng gói tốt",0,1
tu_0e9c918d8876af67,0e9c918d8876af67,7635,Happy Food Cơm Gà Ba Vì,4.8,,neutral,{},befood_comment,Ngon xỉu,"Tên quán: Happy Food Cơm Gà Ba Vì
Nguồn: befood_comment
Rating người dùng: 4.8
Sentiment tổng hợp: neutral
Aspect sentiment: 
Nội dung review: Ngon xỉu",0,1
tu_a811b728dc6ea522,a811b728dc6ea522,7635,Happy Food Cơm Gà Ba Vì,4.8,,neutral,{},befood_comment,"cơm ngon mẹ mình ốm rất khó ăn vậy mà hôm nay bà ăn hết suất cứ khen ngon, Sạch sẽ","Tên quán: Happy Food Cơm Gà Ba Vì
Nguồn: befood_comment
Rating người dùng: 4.8
Sentiment tổng hợp: neutral
Aspect sentiment: 
Nội dung review: cơm ngon mẹ mình ốm rất khó ăn vậy mà hôm nay bà ăn hết suất cứ khen ngon, Sạch sẽ",0,1
tu_c3be30418387e824,c3be30418387e824,7635,Happy Food Cơm Gà Ba Vì,4.8,,neutral,{},befood_comment,"Sạch sẽ, Đóng gói tốt, Đáng đồng tiền, Ngon xỉu","Tên quán: Happy Food Cơm Gà Ba Vì
Nguồn: befood_comment
Rating người dùng: 4.8
Sentiment tổng hợp: neutral
Aspect sentiment: 
Nội dung review: Sạch sẽ, Đóng gói tốt, Đáng đồng tiền, Ngon xỉu",0,1
tu_5984248e9c90aed5,5984248e9c90aed5,7635,Happy Food Cơm Gà Ba Vì,4.8,,neutral,{},befood_comment,Khá ngon,"Tên quán: Happy Food Cơm Gà Ba Vì
Nguồn: befood_comment
Rating người dùng: 4.8
Sentiment tổng hợp: neutral
Aspect sentiment: 
Nội dung review: Khá ngon",0,1
tu_c99e28227425366f,c99e28227425366f,7635,Happy Food Cơm Gà Ba Vì,4.8,,neutral,{},befood_comment,"ăn chối tỉ thế mà cũng có người khen ngon. đúng là. Lạp xưởng chua vãi ra., Không hợp khẩu vị","Tên quán: Happy Food Cơm Gà Ba Vì
Nguồn: befood_comment
Rating người dùng: 4.8
Sentiment tổng hợp: neutral
Aspect sentiment: 
Nội dung review: ăn chối tỉ thế mà cũng có người khen ngon. đúng là. Lạp xưởng chua vãi ra., Không hợp khẩu vị",0,1
tu_63153c03d578ca3e,63153c03d578ca3e,7635,Happy Food Cơm Gà Ba Vì,4.8,,neutral,{},befood_comment,huhu nhiều sốt mà mặn nữa,"Tên quán: Happy Food Cơm Gà Ba Vì
Nguồn: befood_comment
Rating người dùng: 4.8
Sentiment tổng hợp: neutral
Aspect sentiment: 
Nội dung review: huhu nhiều sốt mà mặn nữa",0,1
tu_e677fb99ac180115,e677fb99ac180115,14318,Thuỷ Hùng Cơm Gà Ba Vì - Phố Vọng,4.8,,neutral,{},befood_comment,"Chuẩn gà sốt cay ngọt, đóng gói cẩn thận, Good packaging, Delicious, Clean","Tên quán: Thuỷ Hùng Cơm Gà Ba Vì - Phố Vọng
Nguồn: befood_comment
Rating người dùng: 4.8
Sentiment tổng hợp: neutral
Aspect sentiment: 
Nội dung review: Chuẩn gà sốt cay ngọt, đóng gói cẩn thận, Good packaging, Delicious, Clean",0,1
tu_fd332592484abb85,fd332592484abb85,14318,Thuỷ Hùng Cơm Gà Ba Vì - Phố Vọng,4.8,,neutral,{},befood_comment,Delicious,"Tên quán: Thuỷ Hùng Cơm Gà Ba Vì - Phố Vọng
Nguồn: befood_comment
Rating người dùng: 4.8
Sentiment tổng hợp: neutral
Aspect sentiment: 
Nội dung review: Delicious",0,1
tu_95356e861b70888b,95356e861b70888b,14318,Thuỷ Hùng Cơm Gà Ba Vì - Phố Vọng,4.8,,neutral,{},befood_comment,"Đáng đồng tiền, Ngon xỉu","Tên quán: Thuỷ Hùng Cơm Gà Ba Vì - Phố Vọng
Nguồn: befood_comment
Rating người dùng: 4.8
Sentiment tổng hợp: neutral
Aspect sentiment: 
Nội dung review: Đáng đồng tiền, Ngon xỉu",0,1
tu_9cce74a531836ebc,9cce74a531836ebc,14318,Thuỷ Hùng Cơm Gà Ba Vì - Phố Vọng,4.8,,neutral,{},befood_comment,Ngon xỉu,"Tên quán: Thuỷ Hùng Cơm Gà Ba Vì - Phố Vọng
Nguồn: befood_comment
Rating người dùng: 4.8
Sentiment tổng hợp: neutral
Aspect sentiment: 
Nội dung review: Ngon xỉu",0,1
tu_52843430239b837f,52843430239b837f,14318,Thuỷ Hùng Cơm Gà Ba Vì - Phố Vọng,4.8,,neutral,{},befood_comment,Khá ngon,"Tên quán: Thuỷ Hùng Cơm Gà Ba Vì - Phố Vọng
Nguồn: befood_comment
Rating người dùng: 4.8
Sentiment tổng hợp: neutral
Aspect sentiment: 
Nội dung review: Khá ngon",0,1
tu_d250e63d6b111aab,d250e63d6b111aab,14318,Thuỷ Hùng Cơm Gà Ba Vì - Phố Vọng,4.8,,neutral,{},befood_comment,"1 suất 55k đc 3 miếng gà tí tí dính 1 tí sốt, bộ quán hết sốt rồi hả? và một ít cơm(có note xin thêm cơm nhưng ko cho thì thoi) ăn nhạt nhẽo","Tên quán: Thuỷ Hùng Cơm Gà Ba Vì - Phố Vọng
Nguồn: befood_comment
Rating người dùng: 4.8
Sentiment tổng hợp: neutral
Aspect sentiment: 
Nội dung review: 1 suất 55k đc 3 miếng gà tí tí dính 1 tí sốt, bộ quán hết sốt rồi hả? và một ít cơm(có note xin thêm cơm nhưng ko cho thì thoi) ăn nhạt nhẽo",0,1
tu_efc1f53272ae19ea,efc1f53272ae19ea,14318,Thuỷ Hùng Cơm Gà Ba Vì - Phố Vọng,4.8,,neutral,{},befood_comment,lâu rồi mới quay lại quán nhưng đồ ăn khum được như trước nữa,"Tên quán: Thuỷ Hùng Cơm Gà Ba Vì - Phố Vọng
Nguồn: befood_comment
Rating người dùng: 4.8
Sentiment tổng hợp: neutral
Aspect sentiment: 
Nội dung review: lâu rồi mới quay lại quán nhưng đồ ăn khum được như trước nữa",0,1
tu_b4a007f67f95144b,b4a007f67f95144b,14318,Thuỷ Hùng Cơm Gà Ba Vì - Phố Vọng,4.8,,neutral,{},befood_comment,"55k mà hơi ít thức ăn ( 3 miếng thịt gà nhỏ, 1 bát cơm, 1 đũa dưa muối, 1 hộp canh)","Tên quán: Thuỷ Hùng Cơm Gà Ba Vì - Phố Vọng
Nguồn: befood_comment
Rating người dùng: 4.8
Sentiment tổng hợp: neutral
Aspect sentiment: 
Nội dung review: 55k mà hơi ít thức ăn ( 3 miếng thịt gà nhỏ, 1 bát cơm, 1 đũa dưa muối, 1 hộp canh)",0,1
tu_d5c47f173b01c665,d5c47f173b01c665,14318,Thuỷ Hùng Cơm Gà Ba Vì - Phố Vọng,4.8,,neutral,{},befood_comment,gà như liểu chỉ có da gà tẩm bột,"Tên quán: Thuỷ Hùng Cơm Gà Ba Vì - Phố Vọng
Nguồn: befood_comment
Rating người dùng: 4.8
Sentiment tổng hợp: neutral
Aspect sentiment: 
Nội dung review: gà như liểu chỉ có da gà tẩm bột",0,1
tu_9fdbf090d288e2f7,9fdbf090d288e2f7,111742,Fami Cháo - Cháo Dinh Dưỡng Cao Cấp - 404 Bạch Mai,5.0,,neutral,{},befood_comment,"Ngon xỉu, Đóng gói tốt, Đáng đồng tiền, Sạch sẽ","Tên quán: Fami Cháo - Cháo Dinh Dưỡng Cao Cấp - 404 Bạch Mai
Nguồn: befood_comment
Rating người dùng: 5.0
Sentiment tổng hợp: neutral
Aspect sentiment: 
Nội dung review: Ngon xỉu, Đóng gói tốt, Đáng đồng tiền, Sạch sẽ",0,1
tu_593526869d275daa,593526869d275daa,111742,Fami Cháo - Cháo Dinh Dưỡng Cao Cấp - 404 Bạch Mai,5.0,,neutral,{},befood_comment,Sạch sẽ,"Tên quán: Fami Cháo - Cháo Dinh Dưỡng Cao Cấp - 404 Bạch Mai
Nguồn: befood_comment
Rating người dùng: 5.0
Sentiment tổng hợp: neutral
Aspect sentiment: 
Nội dung review: Sạch sẽ",0,1
tu_dc0c9280e77f6db3,dc0c9280e77f6db3,111742,Fami Cháo - Cháo Dinh Dưỡng Cao Cấp - 404 Bạch Mai,5.0,,neutral,{},befood_comment,quán hỗ trợ nhiệt tình,"Tên quán: Fami Cháo - Cháo Dinh Dưỡng Cao Cấp - 404 Bạch Mai
Nguồn: befood_comment
Rating người dùng: 5.0
Sentiment tổng hợp: neutral
Aspect sentiment: 
Nội dung review: quán hỗ trợ nhiệt tình",0,1
tu_b63b4509f581e012,b63b4509f581e012,22847,Cơm Ngon 67 - Bạch Mai,4.4,,neutral,{},befood_comment,Ngon xỉu,"Tên quán: Cơm Ngon 67 - Bạch Mai
Nguồn: befood_comment
Rating người dùng: 4.4
Sentiment tổng hợp: neutral
Aspect sentiment: 
Nội dung review: Ngon xỉu",0,1
tu_6d243149dddb27e1,6d243149dddb27e1,22847,Cơm Ngon 67 - Bạch Mai,4.4,,neutral,{},befood_comment,"Ngon xỉu, Đáng đồng tiền, Đóng gói tốt, Sạch sẽ","Tên quán: Cơm Ngon 67 - Bạch Mai
Nguồn: befood_comment
Rating người dùng: 4.4
Sentiment tổng hợp: neutral
Aspect sentiment: 
Nội dung review: Ngon xỉu, Đáng đồng tiền, Đóng gói tốt, Sạch sẽ",0,1
tu_f751e4062a20767b,f751e4062a20767b,22847,Cơm Ngon 67 - Bạch Mai,4.4,,neutral,{},befood_comment,"Ngon xỉu, Sạch sẽ, Đóng gói tốt, Đáng đồng tiền","Tên quán: Cơm Ngon 67 - Bạch Mai
Nguồn: befood_comment
Rating người dùng: 4.4
Sentiment tổng hợp: neutral
Aspect sentiment: 
Nội dung review: Ngon xỉu, Sạch sẽ, Đóng gói tốt, Đáng đồng tiền",0,1
tu_957d4a6cffefce74,957d4a6cffefce74,22847,Cơm Ngon 67 - Bạch Mai,4.4,,neutral,{},befood_comment,"ghi kèm nước nhưng ko có, Khá ngon","Tên quán: Cơm Ngon 67 - Bạch Mai
Nguồn: befood_comment
Rating người dùng: 4.4
Sentiment tổng hợp: neutral
Aspect sentiment: 
Nội dung review: ghi kèm nước nhưng ko có, Khá ngon",0,1
tu_86899308597503b9,86899308597503b9,22847,Cơm Ngon 67 - Bạch Mai,4.4,,neutral,{},befood_comment,"o, Khá ngon","Tên quán: Cơm Ngon 67 - Bạch Mai
Nguồn: befood_comment
Rating người dùng: 4.4
Sentiment tổng hợp: neutral
Aspect sentiment: 
Nội dung review: o, Khá ngon",0,1
tu_14744ad4fbee2cd3,14744ad4fbee2cd3,22847,Cơm Ngon 67 - Bạch Mai,4.4,,neutral,{},befood_comment,"Sai/Thiếu món, Không làm đúng ghi chú","Tên quán: Cơm Ngon 67 - Bạch Mai
Nguồn: befood_comment
Rating người dùng: 4.4
Sentiment tổng hợp: neutral
Aspect sentiment: 
Nội dung review: Sai/Thiếu món, Không làm đúng ghi chú",0,1
tu_2201f96067052bf0,2201f96067052bf0,22847,Cơm Ngon 67 - Bạch Mai,4.4,,neutral,{},befood_comment,ko ngon,"Tên quán: Cơm Ngon 67 - Bạch Mai
Nguồn: befood_comment
Rating người dùng: 4.4
Sentiment tổng hợp: neutral
Aspect sentiment: 
Nội dung review: ko ngon",0,1
tu_3cb75749f81c10c9,3cb75749f81c10c9,22847,Cơm Ngon 67 - Bạch Mai,4.4,,neutral,{},befood_comment,cơm ko bằg xuất cơm bụi 30k. ăn chán,"Tên quán: Cơm Ngon 67 - Bạch Mai
Nguồn: befood_comment
Rating người dùng: 4.4
Sentiment tổng hợp: neutral
Aspect sentiment: 
Nội dung review: cơm ko bằg xuất cơm bụi 30k. ăn chán",0,1
tu_798f136b8ceeecb0,798f136b8ceeecb0,80180,"Quyên Phở Gà - Phở, Mì & Miến Trộn - Phố Vọng",4.8,,neutral,{},befood_comment,"Đóng gói tốt, Ngon xỉu, Đáng đồng tiền","Tên quán: Quyên Phở Gà - Phở, Mì & Miến Trộn - Phố Vọng
Nguồn: befood_comment
Rating người dùng: 4.8
Sentiment tổng hợp: neutral
Aspect sentiment: 
Nội dung review: Đóng gói tốt, Ngon xỉu, Đáng đồng tiền",0,1
tu_c1f057706fd752df,c1f057706fd752df,80180,"Quyên Phở Gà - Phở, Mì & Miến Trộn - Phố Vọng",4.8,,neutral,{},befood_comment,Ngon xỉu,"Tên quán: Quyên Phở Gà - Phở, Mì & Miến Trộn - Phố Vọng
Nguồn: befood_comment
Rating người dùng: 4.8
Sentiment tổng hợp: neutral
Aspect sentiment: 
Nội dung review: Ngon xỉu",0,1
tu_815313be539a24b7,815313be539a24b7,80180,"Quyên Phở Gà - Phở, Mì & Miến Trộn - Phố Vọng",4.8,,neutral,{},befood_comment,trà chanh leo như nước lọc pha đường (15k),"Tên quán: Quyên Phở Gà - Phở, Mì & Miến Trộn - Phố Vọng
Nguồn: befood_comment
Rating người dùng: 4.8
Sentiment tổng hợp: neutral
Aspect sentiment: 
Nội dung review: trà chanh leo như nước lọc pha đường (15k)",0,1
tu_4df5a23e845e1d7a,4df5a23e845e1d7a,15387,BBQ Cơm Sườn Phố Cổ - Trần Đại Nghĩa,4.8,,neutral,{},befood_comment,"Ngon xỉu, Sạch sẽ","Tên quán: BBQ Cơm Sườn Phố Cổ - Trần Đại Nghĩa
Nguồn: befood_comment
Rating người dùng: 4.8
Sentiment tổng hợp: neutral
Aspect sentiment: 
Nội dung review: Ngon xỉu, Sạch sẽ",0,1
tu_1f6625b5e097c715,1f6625b5e097c715,15387,BBQ Cơm Sườn Phố Cổ - Trần Đại Nghĩa,4.8,,neutral,{},befood_comment,"Ngon xỉu, Đóng gói tốt","Tên quán: BBQ Cơm Sườn Phố Cổ - Trần Đại Nghĩa
Nguồn: befood_comment
Rating người dùng: 4.8
Sentiment tổng hợp: neutral
Aspect sentiment: 
Nội dung review: Ngon xỉu, Đóng gói tốt",0,1
tu_0bede782d2801541,0bede782d2801541,15387,BBQ Cơm Sườn Phố Cổ - Trần Đại Nghĩa,4.8,,neutral,{},befood_comment,Ngon xỉu,"Tên quán: BBQ Cơm Sườn Phố Cổ - Trần Đại Nghĩa
Nguồn: befood_comment
Rating người dùng: 4.8
Sentiment tổng hợp: neutral
Aspect sentiment: 
Nội dung review: Ngon xỉu",0,1
tu_ce1ead78f61aabe1,ce1ead78f61aabe1,15387,BBQ Cơm Sườn Phố Cổ - Trần Đại Nghĩa,4.8,,neutral,{},befood_comment,Đóng gói chưa tốt,"Tên quán: BBQ Cơm Sườn Phố Cổ - Trần Đại Nghĩa
Nguồn: befood_comment
Rating người dùng: 4.8
Sentiment tổng hợp: neutral
Aspect sentiment: 
Nội dung review: Đóng gói chưa tốt",0,1
tu_07d0f17ea5c9ebfb,07d0f17ea5c9ebfb,15387,BBQ Cơm Sườn Phố Cổ - Trần Đại Nghĩa,4.8,,neutral,{},befood_comment,đặt 4 suất không có đũa thì ăn bốc à shop?,"Tên quán: BBQ Cơm Sườn Phố Cổ - Trần Đại Nghĩa
Nguồn: befood_comment
Rating người dùng: 4.8
Sentiment tổng hợp: neutral
Aspect sentiment: 
Nội dung review: đặt 4 suất không có đũa thì ăn bốc à shop?",0,1
tu_286ea2b8637e1dcf,286ea2b8637e1dcf,128678,Quán Cô Ba - Cơm Tấm - Phố Vọng,2.0,,neutral,{},befood_comment,"Giao sai, và bán đắt. Đặt cá giao thịt, mà giao thịt thì nhìn cái xuất cơm cũng ko thấy muốn ăn, Sai/Thiếu món","Tên quán: Quán Cô Ba - Cơm Tấm - Phố Vọng
Nguồn: befood_comment
Rating người dùng: 2.0
Sentiment tổng hợp: neutral
Aspect sentiment: 
Nội dung review: Giao sai, và bán đắt. Đặt cá giao thịt, mà giao thịt thì nhìn cái xuất cơm cũng ko thấy muốn ăn, Sai/Thiếu món",0,1
tu_6af65a302ee9fc79,6af65a302ee9fc79,128678,Quán Cô Ba - Cơm Tấm - Phố Vọng,2.0,,neutral,{},befood_comment,Không hợp khẩu vị,"Tên quán: Quán Cô Ba - Cơm Tấm - Phố Vọng
Nguồn: befood_comment
Rating người dùng: 2.0
Sentiment tổng hợp: neutral
Aspect sentiment: 
Nội dung review: Không hợp khẩu vị",0,1
tu_be71aeab48d252c9,be71aeab48d252c9,7207,Cơm Tấm Anh Ba Sài Gòn - Ngõ Tự Do,4.8,,neutral,{},befood_comment,"Ngon xỉu, Đáng đồng tiền, Đóng gói tốt, Sạch sẽ","Tên quán: Cơm Tấm Anh Ba Sài Gòn - Ngõ Tự Do
Nguồn: befood_comment
Rating người dùng: 4.8
Sentiment tổng hợp: neutral
Aspect sentiment: 
Nội dung review: Ngon xỉu, Đáng đồng tiền, Đóng gói tốt, Sạch sẽ",0,1
tu_80fe969e57e93123,80fe969e57e93123,7207,Cơm Tấm Anh Ba Sài Gòn - Ngõ Tự Do,4.8,,neutral,{},befood_comment,Sạch sẽ,"Tên quán: Cơm Tấm Anh Ba Sài Gòn - Ngõ Tự Do
Nguồn: befood_comment
Rating người dùng: 4.8
Sentiment tổng hợp: neutral
Aspect sentiment: 
Nội dung review: Sạch sẽ",0,1
tu_640b576f86418d3c,640b576f86418d3c,7207,Cơm Tấm Anh Ba Sài Gòn - Ngõ Tự Do,4.8,,neutral,{},befood_comment,"Khá ngon, Giá hơi đắt","Tên quán: Cơm Tấm Anh Ba Sài Gòn - Ngõ Tự Do
Nguồn: befood_comment
Rating người dùng: 4.8
Sentiment tổng hợp: neutral
Aspect sentiment: 
Nội dung review: Khá ngon, Giá hơi đắt",0,1
tu_bec48216d549c86c,bec48216d549c86c,7207,Cơm Tấm Anh Ba Sài Gòn - Ngõ Tự Do,4.8,,neutral,{},befood_comment,Khá ngon,"Tên quán: Cơm Tấm Anh Ba Sài Gòn - Ngõ Tự Do
Nguồn: befood_comment
Rating người dùng: 4.8
Sentiment tổng hợp: neutral
Aspect sentiment: 
Nội dung review: Khá ngon",0,1
tu_71a084cf74ca88a8,71a084cf74ca88a8,32487,Phở Gà Ngon 69 - Ngõ Tự Do,4.6,,neutral,{},befood_comment,Không làm đúng ghi chú,"Tên quán: Phở Gà Ngon 69 - Ngõ Tự Do
Nguồn: befood_comment
Rating người dùng: 4.6
Sentiment tổng hợp: neutral
Aspect sentiment: 
Nội dung review: Không làm đúng ghi chú",0,1
tu_20f5937903ef28cb,20f5937903ef28cb,32487,Phở Gà Ngon 69 - Ngõ Tự Do,4.6,,neutral,{},befood_comment,"nguội ngơ nguội ngắt., Đóng gói chưa tốt","Tên quán: Phở Gà Ngon 69 - Ngõ Tự Do
Nguồn: befood_comment
Rating người dùng: 4.6
Sentiment tổng hợp: neutral
Aspect sentiment: 
Nội dung review: nguội ngơ nguội ngắt., Đóng gói chưa tốt",0,1
tu_4ce5bc6cbe59c016,4ce5bc6cbe59c016,32487,Phở Gà Ngon 69 - Ngõ Tự Do,4.6,,neutral,{},befood_comment,"Ngon xỉu, Đáng đồng tiền","Tên quán: Phở Gà Ngon 69 - Ngõ Tự Do
Nguồn: befood_comment
Rating người dùng: 4.6
Sentiment tổng hợp: neutral
Aspect sentiment: 
Nội dung review: Ngon xỉu, Đáng đồng tiền",0,1
tu_0cd0726e36c372be,0cd0726e36c372be,32487,Phở Gà Ngon 69 - Ngõ Tự Do,4.6,,neutral,{},befood_comment,Đóng gói chưa tốt,"Tên quán: Phở Gà Ngon 69 - Ngõ Tự Do
Nguồn: befood_comment
Rating người dùng: 4.6
Sentiment tổng hợp: neutral
Aspect sentiment: 
Nội dung review: Đóng gói chưa tốt",0,1
tu_808865eb595f078b,808865eb595f078b,32487,Phở Gà Ngon 69 - Ngõ Tự Do,4.6,,neutral,{},befood_comment,không có giấy ăn tăm phở ăn cũng đc,"Tên quán: Phở Gà Ngon 69 - Ngõ Tự Do
Nguồn: befood_comment
Rating người dùng: 4.6
Sentiment tổng hợp: neutral
Aspect sentiment: 
Nội dung review: không có giấy ăn tăm phở ăn cũng đc",0,1
tu_c7774e52f460b1d2,c7774e52f460b1d2,32487,Phở Gà Ngon 69 - Ngõ Tự Do,4.6,,neutral,{},befood_comment,note k lạc lại cho lạc,"Tên quán: Phở Gà Ngon 69 - Ngõ Tự Do
Nguồn: befood_comment
Rating người dùng: 4.6
Sentiment tổng hợp: neutral
Aspect sentiment: 
Nội dung review: note k lạc lại cho lạc",0,1
tu_f74a72e4013eed14,f74a72e4013eed14,11305,Quán Cơm 76,4.9,,neutral,{},befood_comment,"Ngon xỉu, Đóng gói tốt, Sạch sẽ, Đáng đồng tiền","Tên quán: Quán Cơm 76
Nguồn: befood_comment
Rating người dùng: 4.9
Sentiment tổng hợp: neutral
Aspect sentiment: 
Nội dung review: Ngon xỉu, Đóng gói tốt, Sạch sẽ, Đáng đồng tiền",0,1
tu_9c327797f3ff4c53,9c327797f3ff4c53,11305,Quán Cơm 76,4.9,,neutral,{},befood_comment,"Ngon xỉu, Đáng đồng tiền, Đóng gói tốt, Sạch sẽ","Tên quán: Quán Cơm 76
Nguồn: befood_comment
Rating người dùng: 4.9
Sentiment tổng hợp: neutral
Aspect sentiment: 
Nội dung review: Ngon xỉu, Đáng đồng tiền, Đóng gói tốt, Sạch sẽ",0,1
tu_e953a4dafeb929aa,e953a4dafeb929aa,11305,Quán Cơm 76,4.9,,neutral,{},befood_comment,"Cơm ngon, đầy đặn. Các món nêm nếm rất vừa vị.","Tên quán: Quán Cơm 76
Nguồn: befood_comment
Rating người dùng: 4.9
Sentiment tổng hợp: neutral
Aspect sentiment: 
Nội dung review: Cơm ngon, đầy đặn. Các món nêm nếm rất vừa vị.",0,1
tu_d467af80565ae273,d467af80565ae273,133169,Gà Rán Dakgalbi - Trần Đại Nghĩa,4.8,,neutral,{},befood_comment,"Ngon xỉu, Đáng đồng tiền, Đóng gói tốt","Tên quán: Gà Rán Dakgalbi - Trần Đại Nghĩa
Nguồn: befood_comment
Rating người dùng: 4.8
Sentiment tổng hợp: neutral
Aspect sentiment: 
Nội dung review: Ngon xỉu, Đáng đồng tiền, Đóng gói tốt",0,1
tu_3df0515e8651851d,3df0515e8651851d,133169,Gà Rán Dakgalbi - Trần Đại Nghĩa,4.8,,neutral,{},befood_comment,Pretty delicious,"Tên quán: Gà Rán Dakgalbi - Trần Đại Nghĩa
Nguồn: befood_comment
Rating người dùng: 4.8
Sentiment tổng hợp: neutral
Aspect sentiment: 
Nội dung review: Pretty delicious",0,1
tu_bed47c8e2a47b78a,bed47c8e2a47b78a,13003,Lotteria - Bạch Mai,4.8,,neutral,{},befood_comment,"thiếu nước, Sai/Thiếu món","Tên quán: Lotteria - Bạch Mai
Nguồn: befood_comment
Rating người dùng: 4.8
Sentiment tổng hợp: neutral
Aspect sentiment: 
Nội dung review: thiếu nước, Sai/Thiếu món",0,1
tu_efdcec3d6ca3fda4,efdcec3d6ca3fda4,13003,Lotteria - Bạch Mai,4.8,,neutral,{},befood_comment,"Đáng đồng tiền, Đóng gói tốt, Ngon xỉu, Sạch sẽ","Tên quán: Lotteria - Bạch Mai
Nguồn: befood_comment
Rating người dùng: 4.8
Sentiment tổng hợp: neutral
Aspect sentiment: 
Nội dung review: Đáng đồng tiền, Đóng gói tốt, Ngon xỉu, Sạch sẽ",0,1
tu_6fba1b17bd2ee5ef,6fba1b17bd2ee5ef,31548,Han Chicken - Gà Rán Hàn Quốc - Bùi Ngọc Dương,4.9,,neutral,{},befood_comment,"Đáng đồng tiền, Ngon xỉu, Sạch sẽ, Đóng gói tốt","Tên quán: Han Chicken - Gà Rán Hàn Quốc - Bùi Ngọc Dương
Nguồn: befood_comment
Rating người dùng: 4.9
Sentiment tổng hợp: neutral
Aspect sentiment: 
Nội dung review: Đáng đồng tiền, Ngon xỉu, Sạch sẽ, Đóng gói tốt",0,1
tu_040c391009b86a35,040c391009b86a35,31548,Han Chicken - Gà Rán Hàn Quốc - Bùi Ngọc Dương,4.9,,neutral,{},befood_comment,"Ngon xỉu, Đáng đồng tiền, Đóng gói tốt, Sạch sẽ","Tên quán: Han Chicken - Gà Rán Hàn Quốc - Bùi Ngọc Dương
Nguồn: befood_comment
Rating người dùng: 4.9
Sentiment tổng hợp: neutral
Aspect sentiment: 
Nội dung review: Ngon xỉu, Đáng đồng tiền, Đóng gói tốt, Sạch sẽ",0,1
tu_93d3781eb79f5480,93d3781eb79f5480,31548,Han Chicken - Gà Rán Hàn Quốc - Bùi Ngọc Dương,4.9,,neutral,{},befood_comment,"Đóng gói tốt, Ngon xỉu, Đáng đồng tiền, Sạch sẽ","Tên quán: Han Chicken - Gà Rán Hàn Quốc - Bùi Ngọc Dương
Nguồn: befood_comment
Rating người dùng: 4.9
Sentiment tổng hợp: neutral
Aspect sentiment: 
Nội dung review: Đóng gói tốt, Ngon xỉu, Đáng đồng tiền, Sạch sẽ",0,1
tu_0817c1308f1aca43,0817c1308f1aca43,31548,Han Chicken - Gà Rán Hàn Quốc - Bùi Ngọc Dương,4.9,,neutral,{},befood_comment,"ăn 2 hôm ngon nha cả rau nữa nhưng củ cải đường hơi bị gắt quá tiết chế sẽ ngon hơn, Đáng đồng tiền, Ngon xỉu","Tên quán: Han Chicken - Gà Rán Hàn Quốc - Bùi Ngọc Dương
Nguồn: befood_comment
Rating người dùng: 4.9
Sentiment tổng hợp: neutral
Aspect sentiment: 
Nội dung review: ăn 2 hôm ngon nha cả rau nữa nhưng củ cải đường hơi bị gắt quá tiết chế sẽ ngon hơn, Đáng đồng tiền, Ngon xỉu",0,1
tu_e3df0658b97464ca,e3df0658b97464ca,31548,Han Chicken - Gà Rán Hàn Quốc - Bùi Ngọc Dương,4.9,,neutral,{},befood_comment,Ngon xỉu,"Tên quán: Han Chicken - Gà Rán Hàn Quốc - Bùi Ngọc Dương
Nguồn: befood_comment
Rating người dùng: 4.9
Sentiment tổng hợp: neutral
Aspect sentiment: 
Nội dung review: Ngon xỉu",0,1
tu_3054eb3663d89239,3054eb3663d89239,31548,Han Chicken - Gà Rán Hàn Quốc - Bùi Ngọc Dương,4.9,,neutral,{},befood_comment,"Ngon, ấn tượng vị kèm hành. Đóng gói cẩn thận, ship đến vẫn nóng hổi","Tên quán: Han Chicken - Gà Rán Hàn Quốc - Bùi Ngọc Dương
Nguồn: befood_comment
Rating người dùng: 4.9
Sentiment tổng hợp: neutral
Aspect sentiment: 
Nội dung review: Ngon, ấn tượng vị kèm hành. Đóng gói cẩn thận, ship đến vẫn nóng hổi",0,1
tu_1b7373debcc5b15d,1b7373debcc5b15d,31548,Han Chicken - Gà Rán Hàn Quốc - Bùi Ngọc Dương,4.9,,neutral,{},befood_comment,"Gà juicy thơm kiểu tươi chứ kp gà đông lạnh để lâu, xong vỏ vẫn giòn kiểu vị ướp ngon í, sốt kem đỉnh chốp ăn ra rõ vị kem hành làm khéo luôn ngon vcc xin quán luôn giữ phong độ thế này để mình còn ủng hộ tiếp nha 😋 huhu quán guột mãi đỉnk","Tên quán: Han Chicken - Gà Rán Hàn Quốc - Bùi Ngọc Dương
Nguồn: befood_comment
Rating người dùng: 4.9
Sentiment tổng hợp: neutral
Aspect sentiment: 
Nội dung review: Gà juicy thơm kiểu tươi chứ kp gà đông lạnh để lâu, xong vỏ vẫn giòn kiểu vị ướp ngon í, sốt kem đỉnh chốp ăn ra rõ vị kem hành làm khéo luôn ngon vcc xin quán luôn giữ phong độ thế này để mình còn ủng hộ tiếp nha 😋 huhu quán guột mãi đỉnk",0,1
tu_80d30b372b6d6b27,80d30b372b6d6b27,31548,Han Chicken - Gà Rán Hàn Quốc - Bùi Ngọc Dương,4.9,,neutral,{},befood_comment,ngon,"Tên quán: Han Chicken - Gà Rán Hàn Quốc - Bùi Ngọc Dương
Nguồn: befood_comment
Rating người dùng: 4.9
Sentiment tổng hợp: neutral
Aspect sentiment: 
Nội dung review: ngon",0,1
tu_e5b83d0297c29d3f,e5b83d0297c29d3f,111500,Tiệm Gà A Bệu - Trần Khát Chân,5.0,,neutral,{},befood_comment,"Đáng đồng tiền, Ngon xỉu, Đóng gói tốt, Sạch sẽ","Tên quán: Tiệm Gà A Bệu - Trần Khát Chân
Nguồn: befood_comment
Rating người dùng: 5.0
Sentiment tổng hợp: neutral
Aspect sentiment: 
Nội dung review: Đáng đồng tiền, Ngon xỉu, Đóng gói tốt, Sạch sẽ",0,1
tu_e4ea3bbd095039bd,e4ea3bbd095039bd,29781,Chú Tiểu - Bánh Mì Nướng Sốt & Muối Ớt - Ngõ Tự Do,4.8,,neutral,{},befood_comment,"em gọi thêm xúc xích mà không thấy có ạ?, Sai/Thiếu món","Tên quán: Chú Tiểu - Bánh Mì Nướng Sốt & Muối Ớt - Ngõ Tự Do
Nguồn: befood_comment
Rating người dùng: 4.8
Sentiment tổng hợp: neutral
Aspect sentiment: 
Nội dung review: em gọi thêm xúc xích mà không thấy có ạ?, Sai/Thiếu món",0,1
tu_80f442c8174d8bdf,80f442c8174d8bdf,29781,Chú Tiểu - Bánh Mì Nướng Sốt & Muối Ớt - Ngõ Tự Do,4.8,,neutral,{},befood_comment,"banha mì ỉu chẳng hợp miệng lắm😭ăn hoài ở đây r mà lần này chán, Đóng gói chưa tốt","Tên quán: Chú Tiểu - Bánh Mì Nướng Sốt & Muối Ớt - Ngõ Tự Do
Nguồn: befood_comment
Rating người dùng: 4.8
Sentiment tổng hợp: neutral
Aspect sentiment: 
Nội dung review: banha mì ỉu chẳng hợp miệng lắm😭ăn hoài ở đây r mà lần này chán, Đóng gói chưa tốt",0,1
tu_ebff7c8ab618eac8,ebff7c8ab618eac8,76300,Phở Gà & Thịt Xiên - Bùi Ngọc Dương,4.4,,neutral,{},befood_comment,"đặt trộn giao đồ nước ? note kĩ k hành nma đầy hành ? phở đặc biệt 70k nma toàn thịt trắng ? quán có bị làm sao k thế ?, Sai/Thiếu món","Tên quán: Phở Gà & Thịt Xiên - Bùi Ngọc Dương
Nguồn: befood_comment
Rating người dùng: 4.4
Sentiment tổng hợp: neutral
Aspect sentiment: 
Nội dung review: đặt trộn giao đồ nước ? note kĩ k hành nma đầy hành ? phở đặc biệt 70k nma toàn thịt trắng ? quán có bị làm sao k thế ?, Sai/Thiếu món",0,1
tu_65fd2429a0f98e14,65fd2429a0f98e14,76300,Phở Gà & Thịt Xiên - Bùi Ngọc Dương,4.4,,neutral,{},befood_comment,Đáng đồng tiền,"Tên quán: Phở Gà & Thịt Xiên - Bùi Ngọc Dương
Nguồn: befood_comment
Rating người dùng: 4.4
Sentiment tổng hợp: neutral
Aspect sentiment: 
Nội dung review: Đáng đồng tiền",0,1
tu_7cd4470cec98270c,7cd4470cec98270c,76300,Phở Gà & Thịt Xiên - Bùi Ngọc Dương,4.4,,neutral,{},befood_comment,"Đóng gói tốt, Ngon xỉu, Đáng đồng tiền, Sạch sẽ","Tên quán: Phở Gà & Thịt Xiên - Bùi Ngọc Dương
Nguồn: befood_comment
Rating người dùng: 4.4
Sentiment tổng hợp: neutral
Aspect sentiment: 
Nội dung review: Đóng gói tốt, Ngon xỉu, Đáng đồng tiền, Sạch sẽ",0,1
tu_985e5cc241b8f2aa,985e5cc241b8f2aa,76300,Phở Gà & Thịt Xiên - Bùi Ngọc Dương,4.4,,neutral,{},befood_comment,Sạch sẽ,"Tên quán: Phở Gà & Thịt Xiên - Bùi Ngọc Dương
Nguồn: befood_comment
Rating người dùng: 4.4
Sentiment tổng hợp: neutral
Aspect sentiment: 
Nội dung review: Sạch sẽ",0,1
tu_ea9bfe4bb1a445a9,ea9bfe4bb1a445a9,76300,Phở Gà & Thịt Xiên - Bùi Ngọc Dương,4.4,,neutral,{},befood_comment,Đóng gói tốt,"Tên quán: Phở Gà & Thịt Xiên - Bùi Ngọc Dương
Nguồn: befood_comment
Rating người dùng: 4.4
Sentiment tổng hợp: neutral
Aspect sentiment: 
Nội dung review: Đóng gói tốt",0,1
tu_fac2d9e2cddf5d2e,fac2d9e2cddf5d2e,76300,Phở Gà & Thịt Xiên - Bùi Ngọc Dương,4.4,,neutral,{},befood_comment,Khá ngon,"Tên quán: Phở Gà & Thịt Xiên - Bùi Ngọc Dương
Nguồn: befood_comment
Rating người dùng: 4.4
Sentiment tổng hợp: neutral
Aspect sentiment: 
Nội dung review: Khá ngon",0,1
tu_c0fb5ede907e36cb,c0fb5ede907e36cb,76300,Phở Gà & Thịt Xiên - Bùi Ngọc Dương,4.4,,neutral,{},befood_comment,"săn flash sale nên rẻ, có 30k 1 bát, đầy, nước dùng ok, có kèm chanh gói tương ớt và dụng cụ ăn","Tên quán: Phở Gà & Thịt Xiên - Bùi Ngọc Dương
Nguồn: befood_comment
Rating người dùng: 4.4
Sentiment tổng hợp: neutral
Aspect sentiment: 
Nội dung review: săn flash sale nên rẻ, có 30k 1 bát, đầy, nước dùng ok, có kèm chanh gói tương ớt và dụng cụ ăn",0,1
tu_68c4b97f3a832d10,68c4b97f3a832d10,119112,Cơm Rang A Lú - Lương Định Của,5.0,,neutral,{},befood_comment,Ngon xỉu,"Tên quán: Cơm Rang A Lú - Lương Định Của
Nguồn: befood_comment
Rating người dùng: 5.0
Sentiment tổng hợp: neutral
Aspect sentiment: 
Nội dung review: Ngon xỉu",0,1
tu_50204db71358b3e4,50204db71358b3e4,119112,Cơm Rang A Lú - Lương Định Của,5.0,,neutral,{},befood_comment,"Ngon xỉu, Đáng đồng tiền, Sạch sẽ","Tên quán: Cơm Rang A Lú - Lương Định Của
Nguồn: befood_comment
Rating người dùng: 5.0
Sentiment tổng hợp: neutral
Aspect sentiment: 
Nội dung review: Ngon xỉu, Đáng đồng tiền, Sạch sẽ",0,1
tu_6fa16a1e37902ac3,6fa16a1e37902ac3,119112,Cơm Rang A Lú - Lương Định Của,5.0,,neutral,{},befood_comment,"Ngon xỉu, Đáng đồng tiền, Sạch sẽ, Đóng gói tốt","Tên quán: Cơm Rang A Lú - Lương Định Của
Nguồn: befood_comment
Rating người dùng: 5.0
Sentiment tổng hợp: neutral
Aspect sentiment: 
Nội dung review: Ngon xỉu, Đáng đồng tiền, Sạch sẽ, Đóng gói tốt",0,1
tu_12b79296380f2b58,12b79296380f2b58,119112,Cơm Rang A Lú - Lương Định Của,5.0,,neutral,{},befood_comment,Giá hơi đắt,"Tên quán: Cơm Rang A Lú - Lương Định Của
Nguồn: befood_comment
Rating người dùng: 5.0
Sentiment tổng hợp: neutral
Aspect sentiment: 
Nội dung review: Giá hơi đắt",0,1
tu_82c1697c6d48e083,82c1697c6d48e083,119112,Cơm Rang A Lú - Lương Định Của,5.0,,neutral,{},befood_comment,"cơm ngon, nhưng so với giá thì khá đắt, trứng, lạp xưởng, ngô… khá là ít","Tên quán: Cơm Rang A Lú - Lương Định Của
Nguồn: befood_comment
Rating người dùng: 5.0
Sentiment tổng hợp: neutral
Aspect sentiment: 
Nội dung review: cơm ngon, nhưng so với giá thì khá đắt, trứng, lạp xưởng, ngô… khá là ít",0,1
tu_8b07145453db095c,8b07145453db095c,114792,Bún Chả - Nem Rán Long Vũ - Bạch Mai,4.8,,neutral,{},befood_comment,"Đáng đồng tiền, Ngon xỉu","Tên quán: Bún Chả - Nem Rán Long Vũ - Bạch Mai
Nguồn: befood_comment
Rating người dùng: 4.8
Sentiment tổng hợp: neutral
Aspect sentiment: 
Nội dung review: Đáng đồng tiền, Ngon xỉu",0,1
tu_d0944df2b028f422,d0944df2b028f422,114792,Bún Chả - Nem Rán Long Vũ - Bạch Mai,4.8,,neutral,{},befood_comment,"Ngon xỉu, Đáng đồng tiền, Đóng gói tốt","Tên quán: Bún Chả - Nem Rán Long Vũ - Bạch Mai
Nguồn: befood_comment
Rating người dùng: 4.8
Sentiment tổng hợp: neutral
Aspect sentiment: 
Nội dung review: Ngon xỉu, Đáng đồng tiền, Đóng gói tốt",0,1
tu_fde9fd6e180c5a12,fde9fd6e180c5a12,114792,Bún Chả - Nem Rán Long Vũ - Bạch Mai,4.8,,neutral,{},befood_comment,Đáng đồng tiền,"Tên quán: Bún Chả - Nem Rán Long Vũ - Bạch Mai
Nguồn: befood_comment
Rating người dùng: 4.8
Sentiment tổng hợp: neutral
Aspect sentiment: 
Nội dung review: Đáng đồng tiền",0,1
tu_b8d53c6e0c5f6c25,b8d53c6e0c5f6c25,114792,Bún Chả - Nem Rán Long Vũ - Bạch Mai,4.8,,neutral,{},befood_comment,"Ngon xỉu, Đáng đồng tiền, Sạch sẽ, Đóng gói tốt","Tên quán: Bún Chả - Nem Rán Long Vũ - Bạch Mai
Nguồn: befood_comment
Rating người dùng: 4.8
Sentiment tổng hợp: neutral
Aspect sentiment: 
Nội dung review: Ngon xỉu, Đáng đồng tiền, Sạch sẽ, Đóng gói tốt",0,1
tu_dcc9212997c4958d,dcc9212997c4958d,114792,Bún Chả - Nem Rán Long Vũ - Bạch Mai,4.8,,neutral,{},befood_comment,thịt với nem bị cháy.không ngon như mọi lần đặt,"Tên quán: Bún Chả - Nem Rán Long Vũ - Bạch Mai
Nguồn: befood_comment
Rating người dùng: 4.8
Sentiment tổng hợp: neutral
Aspect sentiment: 
Nội dung review: thịt với nem bị cháy.không ngon như mọi lần đặt",0,1
tu_8cfc82905de43983,8cfc82905de43983,17056,Chảnh Quán - Gỏi Cuốn Mắm Nêm - Phố Vọng,4.6,,neutral,{},befood_comment,Ngon xỉu,"Tên quán: Chảnh Quán - Gỏi Cuốn Mắm Nêm - Phố Vọng
Nguồn: befood_comment
Rating người dùng: 4.6
Sentiment tổng hợp: neutral
Aspect sentiment: 
Nội dung review: Ngon xỉu",0,1
tu_34eb0d07f58f023e,34eb0d07f58f023e,17056,Chảnh Quán - Gỏi Cuốn Mắm Nêm - Phố Vọng,4.6,,neutral,{},befood_comment,"Đáng đồng tiền, Ngon xỉu, Sạch sẽ","Tên quán: Chảnh Quán - Gỏi Cuốn Mắm Nêm - Phố Vọng
Nguồn: befood_comment
Rating người dùng: 4.6
Sentiment tổng hợp: neutral
Aspect sentiment: 
Nội dung review: Đáng đồng tiền, Ngon xỉu, Sạch sẽ",0,1
tu_e905093099292f01,e905093099292f01,17056,Chảnh Quán - Gỏi Cuốn Mắm Nêm - Phố Vọng,4.6,,neutral,{},befood_comment,"Sạch sẽ, Đóng gói tốt, Ngon xỉu","Tên quán: Chảnh Quán - Gỏi Cuốn Mắm Nêm - Phố Vọng
Nguồn: befood_comment
Rating người dùng: 4.6
Sentiment tổng hợp: neutral
Aspect sentiment: 
Nội dung review: Sạch sẽ, Đóng gói tốt, Ngon xỉu",0,1
tu_289cbe10daa8c0de,289cbe10daa8c0de,17056,Chảnh Quán - Gỏi Cuốn Mắm Nêm - Phố Vọng,4.6,,neutral,{},befood_comment,"Đóng gói tốt, Sạch sẽ, Đáng đồng tiền","Tên quán: Chảnh Quán - Gỏi Cuốn Mắm Nêm - Phố Vọng
Nguồn: befood_comment
Rating người dùng: 4.6
Sentiment tổng hợp: neutral
Aspect sentiment: 
Nội dung review: Đóng gói tốt, Sạch sẽ, Đáng đồng tiền",0,1
tu_449b0f0343ef7f0d,449b0f0343ef7f0d,17056,Chảnh Quán - Gỏi Cuốn Mắm Nêm - Phố Vọng,4.6,,neutral,{},befood_comment,nước chấm mùi hôi thiu mik với bạn ăn song giờ 2 đứa đau bụng,"Tên quán: Chảnh Quán - Gỏi Cuốn Mắm Nêm - Phố Vọng
Nguồn: befood_comment
Rating người dùng: 4.6
Sentiment tổng hợp: neutral
Aspect sentiment: 
Nội dung review: nước chấm mùi hôi thiu mik với bạn ăn song giờ 2 đứa đau bụng",0,1
tu_b9ad44944de91aea,b9ad44944de91aea,17056,Chảnh Quán - Gỏi Cuốn Mắm Nêm - Phố Vọng,4.6,,neutral,{},befood_comment,thịt bở kinh,"Tên quán: Chảnh Quán - Gỏi Cuốn Mắm Nêm - Phố Vọng
Nguồn: befood_comment
Rating người dùng: 4.6
Sentiment tổng hợp: neutral
Aspect sentiment: 
Nội dung review: thịt bở kinh",0,1
tu_8eddc26981af745e,8eddc26981af745e,17056,Chảnh Quán - Gỏi Cuốn Mắm Nêm - Phố Vọng,4.6,,neutral,{},befood_comment,dở và cứng,"Tên quán: Chảnh Quán - Gỏi Cuốn Mắm Nêm - Phố Vọng
Nguồn: befood_comment
Rating người dùng: 4.6
Sentiment tổng hợp: neutral
Aspect sentiment: 
Nội dung review: dở và cứng",0,1
tu_5e4a893a4370d0d4,5e4a893a4370d0d4,105958,Bánh Cuốn Nóng 101 Bà Triệu - Triệu Việt Vương,4.9,,neutral,{},befood_comment,"giao sai. thiếu món, 1suất thiếu thịt, 1suất chả có gì, Sai/Thiếu món","Tên quán: Bánh Cuốn Nóng 101 Bà Triệu - Triệu Việt Vương
Nguồn: befood_comment
Rating người dùng: 4.9
Sentiment tổng hợp: neutral
Aspect sentiment: 
Nội dung review: giao sai. thiếu món, 1suất thiếu thịt, 1suất chả có gì, Sai/Thiếu món",0,1
tu_19262dec2b3f454d,19262dec2b3f454d,14305,Phở Bò Long Bích - Võ Thị Sáu,4.5,,neutral,{},befood_comment,"Ngon xỉu, Đáng đồng tiền, Sạch sẽ, Đóng gói tốt","Tên quán: Phở Bò Long Bích - Võ Thị Sáu
Nguồn: befood_comment
Rating người dùng: 4.5
Sentiment tổng hợp: neutral
Aspect sentiment: 
Nội dung review: Ngon xỉu, Đáng đồng tiền, Sạch sẽ, Đóng gói tốt",0,1
tu_2df77405aa47975d,2df77405aa47975d,14305,Phở Bò Long Bích - Võ Thị Sáu,4.5,,neutral,{},befood_comment,lên đơn nhanh,"Tên quán: Phở Bò Long Bích - Võ Thị Sáu
Nguồn: befood_comment
Rating người dùng: 4.5
Sentiment tổng hợp: neutral
Aspect sentiment: 
Nội dung review: lên đơn nhanh",0,1
tu_2b57ee8f177cfb5e,2b57ee8f177cfb5e,14305,Phở Bò Long Bích - Võ Thị Sáu,4.5,,neutral,{},befood_comment,Khá ngon và nhiều thịt tuy nhiên nước rất mặn và bánh phở bở,"Tên quán: Phở Bò Long Bích - Võ Thị Sáu
Nguồn: befood_comment
Rating người dùng: 4.5
Sentiment tổng hợp: neutral
Aspect sentiment: 
Nội dung review: Khá ngon và nhiều thịt tuy nhiên nước rất mặn và bánh phở bở",0,1
tu_10a883c754d2ab5a,10a883c754d2ab5a,14305,Phở Bò Long Bích - Võ Thị Sáu,4.5,,neutral,{},befood_comment,"phở như cho VỰA MUỐI vào túi nước , MẶN CHÁTTTTTTT","Tên quán: Phở Bò Long Bích - Võ Thị Sáu
Nguồn: befood_comment
Rating người dùng: 4.5
Sentiment tổng hợp: neutral
Aspect sentiment: 
Nội dung review: phở như cho VỰA MUỐI vào túi nước , MẶN CHÁTTTTTTT",0,1
tu_ca94cebb760bd3d6,ca94cebb760bd3d6,91853,Bánh Tráng Cuốn Thịt Heo Bốn Ba - Đại La,4.7,,neutral,{},befood_comment,Sạch sẽ,"Tên quán: Bánh Tráng Cuốn Thịt Heo Bốn Ba - Đại La
Nguồn: befood_comment
Rating người dùng: 4.7
Sentiment tổng hợp: neutral
Aspect sentiment: 
Nội dung review: Sạch sẽ",0,1
tu_6405c32936343112,6405c32936343112,91853,Bánh Tráng Cuốn Thịt Heo Bốn Ba - Đại La,4.7,,neutral,{},befood_comment,Ngon xỉu,"Tên quán: Bánh Tráng Cuốn Thịt Heo Bốn Ba - Đại La
Nguồn: befood_comment
Rating người dùng: 4.7
Sentiment tổng hợp: neutral
Aspect sentiment: 
Nội dung review: Ngon xỉu",0,1
tu_a1e8281f5aaa97ed,a1e8281f5aaa97ed,91853,Bánh Tráng Cuốn Thịt Heo Bốn Ba - Đại La,4.7,,neutral,{},befood_comment,"Đáng đồng tiền, Đóng gói tốt, Ngon xỉu","Tên quán: Bánh Tráng Cuốn Thịt Heo Bốn Ba - Đại La
Nguồn: befood_comment
Rating người dùng: 4.7
Sentiment tổng hợp: neutral
Aspect sentiment: 
Nội dung review: Đáng đồng tiền, Đóng gói tốt, Ngon xỉu",0,1
tu_045f615420bac780,045f615420bac780,91853,Bánh Tráng Cuốn Thịt Heo Bốn Ba - Đại La,4.7,,neutral,{},befood_comment,"trình bày đẹp mắt, sạch sẽ. thịt hơi mỡ, không có độ ngọt của thịt tươi mới, mắm nêm rất loãng, pha mắm không ngon.","Tên quán: Bánh Tráng Cuốn Thịt Heo Bốn Ba - Đại La
Nguồn: befood_comment
Rating người dùng: 4.7
Sentiment tổng hợp: neutral
Aspect sentiment: 
Nội dung review: trình bày đẹp mắt, sạch sẽ. thịt hơi mỡ, không có độ ngọt của thịt tươi mới, mắm nêm rất loãng, pha mắm không ngon.",0,1
tu_2719112ef67de634,2719112ef67de634,11493,Tun Tun - Bún Hải Sản Hoa Quả - Bùi Ngọc Dương,4.9,,neutral,{},befood_comment,"Đáng đồng tiền, Sạch sẽ, Đóng gói tốt, Ngon xỉu","Tên quán: Tun Tun - Bún Hải Sản Hoa Quả - Bùi Ngọc Dương
Nguồn: befood_comment
Rating người dùng: 4.9
Sentiment tổng hợp: neutral
Aspect sentiment: 
Nội dung review: Đáng đồng tiền, Sạch sẽ, Đóng gói tốt, Ngon xỉu",0,1
tu_67b7799b9ea6e6f7,67b7799b9ea6e6f7,11493,Tun Tun - Bún Hải Sản Hoa Quả - Bùi Ngọc Dương,4.9,,neutral,{},befood_comment,"thíu nước :)), Sai/Thiếu món","Tên quán: Tun Tun - Bún Hải Sản Hoa Quả - Bùi Ngọc Dương
Nguồn: befood_comment
Rating người dùng: 4.9
Sentiment tổng hợp: neutral
Aspect sentiment: 
Nội dung review: thíu nước :)), Sai/Thiếu món",0,1
tu_91c5da78638b0beb,91c5da78638b0beb,22815,Bánh Cuốn Cao Bằng - Thể Giao,4.8,,neutral,{},befood_comment,Sạch sẽ,"Tên quán: Bánh Cuốn Cao Bằng - Thể Giao
Nguồn: befood_comment
Rating người dùng: 4.8
Sentiment tổng hợp: neutral
Aspect sentiment: 
Nội dung review: Sạch sẽ",0,1
tu_e7fbc6566f39a878,e7fbc6566f39a878,22815,Bánh Cuốn Cao Bằng - Thể Giao,4.8,,neutral,{},befood_comment,"Đáng đồng tiền, Đóng gói tốt","Tên quán: Bánh Cuốn Cao Bằng - Thể Giao
Nguồn: befood_comment
Rating người dùng: 4.8
Sentiment tổng hợp: neutral
Aspect sentiment: 
Nội dung review: Đáng đồng tiền, Đóng gói tốt",0,1
tu_7cbfea26f614b4ca,7cbfea26f614b4ca,22815,Bánh Cuốn Cao Bằng - Thể Giao,4.8,,neutral,{},befood_comment,"Đáng đồng tiền, Sạch sẽ, Đóng gói tốt","Tên quán: Bánh Cuốn Cao Bằng - Thể Giao
Nguồn: befood_comment
Rating người dùng: 4.8
Sentiment tổng hợp: neutral
Aspect sentiment: 
Nội dung review: Đáng đồng tiền, Sạch sẽ, Đóng gói tốt",0,1
tu_24e235e08b825131,24e235e08b825131,22815,Bánh Cuốn Cao Bằng - Thể Giao,4.8,,neutral,{},befood_comment,"siêu ngon siêu nhiều ý, giò cũng ok","Tên quán: Bánh Cuốn Cao Bằng - Thể Giao
Nguồn: befood_comment
Rating người dùng: 4.8
Sentiment tổng hợp: neutral
Aspect sentiment: 
Nội dung review: siêu ngon siêu nhiều ý, giò cũng ok",0,1
tu_9e67f534850ecefc,9e67f534850ecefc,22815,Bánh Cuốn Cao Bằng - Thể Giao,4.8,,neutral,{},befood_comment,hnay thiếu măng mặc dù đã not rồi,"Tên quán: Bánh Cuốn Cao Bằng - Thể Giao
Nguồn: befood_comment
Rating người dùng: 4.8
Sentiment tổng hợp: neutral
Aspect sentiment: 
Nội dung review: hnay thiếu măng mặc dù đã not rồi",0,1
tu_560dd55b98168ba6,560dd55b98168ba6,22815,Bánh Cuốn Cao Bằng - Thể Giao,4.8,,neutral,{},befood_comment,thêm măng mà k cho măng,"Tên quán: Bánh Cuốn Cao Bằng - Thể Giao
Nguồn: befood_comment
Rating người dùng: 4.8
Sentiment tổng hợp: neutral
Aspect sentiment: 
Nội dung review: thêm măng mà k cho măng",0,1
tu_9fcd7b75b0c5208e,9fcd7b75b0c5208e,93168,Minh Sơn - Bún Trộn & Phở Chiên Phồng - Bạch Mai,4.8,,neutral,{},befood_comment,"gà xào hành, thơm mềm, suất ăn đầy đủ, Đáng đồng tiền, Ngon xỉu, Đóng gói tốt, Sạch sẽ","Tên quán: Minh Sơn - Bún Trộn & Phở Chiên Phồng - Bạch Mai
Nguồn: befood_comment
Rating người dùng: 4.8
Sentiment tổng hợp: neutral
Aspect sentiment: 
Nội dung review: gà xào hành, thơm mềm, suất ăn đầy đủ, Đáng đồng tiền, Ngon xỉu, Đóng gói tốt, Sạch sẽ",0,1
tu_4928e3f9df2812fe,4928e3f9df2812fe,93168,Minh Sơn - Bún Trộn & Phở Chiên Phồng - Bạch Mai,4.8,,neutral,{},befood_comment,"quán làm ngon vãi chưởng ạ, mở nắp ra thơm lừng, nem nướng với xúc xích chiên rất chỉn chu, thịt bò thơm mềm, Ngon xỉu, Đáng đồng tiền, Đóng gói tốt, Sạch sẽ","Tên quán: Minh Sơn - Bún Trộn & Phở Chiên Phồng - Bạch Mai
Nguồn: befood_comment
Rating người dùng: 4.8
Sentiment tổng hợp: neutral
Aspect sentiment: 
Nội dung review: quán làm ngon vãi chưởng ạ, mở nắp ra thơm lừng, nem nướng với xúc xích chiên rất chỉn chu, thịt bò thơm mềm, Ngon xỉu, Đáng đồng tiền, Đóng gói tốt, Sạch sẽ",0,1
tu_743309834b7f665f,743309834b7f665f,93168,Minh Sơn - Bún Trộn & Phở Chiên Phồng - Bạch Mai,4.8,,neutral,{},befood_comment,"uy tín, sốt phở trộn ngon, suất ăn đầy đặn, nhiều hành khô lạc rang không như các quán khác mình đặt, thịt bò ấn tượng (mềm, thơm tỏi), sốt me bún chưa ấn tượng lắm, cực kì đáng tiền, Ngon xỉu, Đáng đồng tiền, Đóng gói tốt, Sạch sẽ","Tên quán: Minh Sơn - Bún Trộn & Phở Chiên Phồng - Bạch Mai
Nguồn: befood_comment
Rating người dùng: 4.8
Sentiment tổng hợp: neutral
Aspect sentiment: 
Nội dung review: uy tín, sốt phở trộn ngon, suất ăn đầy đặn, nhiều hành khô lạc rang không như các quán khác mình đặt, thịt bò ấn tượng (mềm, thơm tỏi), sốt me bún chưa ấn tượng lắm, cực kì đáng tiền, Ngon xỉu, Đáng đồng tiền, Đóng gói tốt, Sạch sẽ",0,1
tu_1b084a17959afee3,1b084a17959afee3,93168,Minh Sơn - Bún Trộn & Phở Chiên Phồng - Bạch Mai,4.8,,neutral,{},befood_comment,"Ngon xỉu, Sạch sẽ, Đóng gói tốt, Đáng đồng tiền","Tên quán: Minh Sơn - Bún Trộn & Phở Chiên Phồng - Bạch Mai
Nguồn: befood_comment
Rating người dùng: 4.8
Sentiment tổng hợp: neutral
Aspect sentiment: 
Nội dung review: Ngon xỉu, Sạch sẽ, Đóng gói tốt, Đáng đồng tiền",0,1
tu_ea5752fcd41df6d1,ea5752fcd41df6d1,93168,Minh Sơn - Bún Trộn & Phở Chiên Phồng - Bạch Mai,4.8,,neutral,{},befood_comment,Ngon xỉu,"Tên quán: Minh Sơn - Bún Trộn & Phở Chiên Phồng - Bạch Mai
Nguồn: befood_comment
Rating người dùng: 4.8
Sentiment tổng hợp: neutral
Aspect sentiment: 
Nội dung review: Ngon xỉu",0,1
tu_3fcfd1161ac35011,3fcfd1161ac35011,93168,Minh Sơn - Bún Trộn & Phở Chiên Phồng - Bạch Mai,4.8,,neutral,{},befood_comment,"Đáng đồng tiền, Đóng gói tốt, Ngon xỉu, Sạch sẽ","Tên quán: Minh Sơn - Bún Trộn & Phở Chiên Phồng - Bạch Mai
Nguồn: befood_comment
Rating người dùng: 4.8
Sentiment tổng hợp: neutral
Aspect sentiment: 
Nội dung review: Đáng đồng tiền, Đóng gói tốt, Ngon xỉu, Sạch sẽ",0,1
tu_a71ba6e1e355bf80,a71ba6e1e355bf80,93168,Minh Sơn - Bún Trộn & Phở Chiên Phồng - Bạch Mai,4.8,,neutral,{},befood_comment,"Ngon xỉu, Đáng đồng tiền","Tên quán: Minh Sơn - Bún Trộn & Phở Chiên Phồng - Bạch Mai
Nguồn: befood_comment
Rating người dùng: 4.8
Sentiment tổng hợp: neutral
Aspect sentiment: 
Nội dung review: Ngon xỉu, Đáng đồng tiền",0,1
tu_f38ffd1f7d115b72,f38ffd1f7d115b72,93168,Minh Sơn - Bún Trộn & Phở Chiên Phồng - Bạch Mai,4.8,,neutral,{},befood_comment,Không hợp khẩu vị,"Tên quán: Minh Sơn - Bún Trộn & Phở Chiên Phồng - Bạch Mai
Nguồn: befood_comment
Rating người dùng: 4.8
Sentiment tổng hợp: neutral
Aspect sentiment: 
Nội dung review: Không hợp khẩu vị",0,1
tu_78cbdd1e296ef4b5,78cbdd1e296ef4b5,1108,Cô Tám - Cơm Rang & Cơm Tấm - 126 Hồng Mai,4.8,,neutral,{},befood_comment,"Ngon xỉu, Đáng đồng tiền, Đóng gói tốt, Sạch sẽ","Tên quán: Cô Tám - Cơm Rang & Cơm Tấm - 126 Hồng Mai
Nguồn: befood_comment
Rating người dùng: 4.8
Sentiment tổng hợp: neutral
Aspect sentiment: 
Nội dung review: Ngon xỉu, Đáng đồng tiền, Đóng gói tốt, Sạch sẽ",0,1
tu_c0b07165f7a17a59,c0b07165f7a17a59,1108,Cô Tám - Cơm Rang & Cơm Tấm - 126 Hồng Mai,4.8,,neutral,{},befood_comment,"Đáng đồng tiền, Đóng gói tốt","Tên quán: Cô Tám - Cơm Rang & Cơm Tấm - 126 Hồng Mai
Nguồn: befood_comment
Rating người dùng: 4.8
Sentiment tổng hợp: neutral
Aspect sentiment: 
Nội dung review: Đáng đồng tiền, Đóng gói tốt",0,1
tu_9b48ffe6d05729df,9b48ffe6d05729df,1108,Cô Tám - Cơm Rang & Cơm Tấm - 126 Hồng Mai,4.8,,neutral,{},befood_comment,"Ngon xỉu, Đáng đồng tiền, Đóng gói tốt","Tên quán: Cô Tám - Cơm Rang & Cơm Tấm - 126 Hồng Mai
Nguồn: befood_comment
Rating người dùng: 4.8
Sentiment tổng hợp: neutral
Aspect sentiment: 
Nội dung review: Ngon xỉu, Đáng đồng tiền, Đóng gói tốt",0,1
tu_dddc84967b3886d4,dddc84967b3886d4,1108,Cô Tám - Cơm Rang & Cơm Tấm - 126 Hồng Mai,4.8,,neutral,{},befood_comment,vẫn oke nhe mọi lần đặt nhé,"Tên quán: Cô Tám - Cơm Rang & Cơm Tấm - 126 Hồng Mai
Nguồn: befood_comment
Rating người dùng: 4.8
Sentiment tổng hợp: neutral
Aspect sentiment: 
Nội dung review: vẫn oke nhe mọi lần đặt nhé",0,1
tu_c38b7c432796ec79,c38b7c432796ec79,1108,Cô Tám - Cơm Rang & Cơm Tấm - 126 Hồng Mai,4.8,,neutral,{},befood_comment,ok,"Tên quán: Cô Tám - Cơm Rang & Cơm Tấm - 126 Hồng Mai
Nguồn: befood_comment
Rating người dùng: 4.8
Sentiment tổng hợp: neutral
Aspect sentiment: 
Nội dung review: ok",0,1
tu_f9d0b0a37de54f5a,f9d0b0a37de54f5a,1108,Cô Tám - Cơm Rang & Cơm Tấm - 126 Hồng Mai,4.8,,neutral,{},befood_comment,Cơm rang dưa bò nhưng kp thịt bò mà là thịt lợn,"Tên quán: Cô Tám - Cơm Rang & Cơm Tấm - 126 Hồng Mai
Nguồn: befood_comment
Rating người dùng: 4.8
Sentiment tổng hợp: neutral
Aspect sentiment: 
Nội dung review: Cơm rang dưa bò nhưng kp thịt bò mà là thịt lợn",0,1
tu_c6fcefdfcd9d111c,c6fcefdfcd9d111c,40980,Cơm Thố Bách Khoa - Lương Định Của,4.8,,neutral,{},befood_comment,"Ngon xỉu, Đóng gói tốt, Đáng đồng tiền, Sạch sẽ","Tên quán: Cơm Thố Bách Khoa - Lương Định Của
Nguồn: befood_comment
Rating người dùng: 4.8
Sentiment tổng hợp: neutral
Aspect sentiment: 
Nội dung review: Ngon xỉu, Đóng gói tốt, Đáng đồng tiền, Sạch sẽ",0,1
tu_096764aa7a3db432,096764aa7a3db432,40980,Cơm Thố Bách Khoa - Lương Định Của,4.8,,neutral,{},befood_comment,Đóng gói tốt,"Tên quán: Cơm Thố Bách Khoa - Lương Định Của
Nguồn: befood_comment
Rating người dùng: 4.8
Sentiment tổng hợp: neutral
Aspect sentiment: 
Nội dung review: Đóng gói tốt",0,1
tu_019e45c157f84c81,019e45c157f84c81,40980,Cơm Thố Bách Khoa - Lương Định Của,4.8,,neutral,{},befood_comment,"Ngon xỉu, Đáng đồng tiền, Sạch sẽ, Đóng gói tốt","Tên quán: Cơm Thố Bách Khoa - Lương Định Của
Nguồn: befood_comment
Rating người dùng: 4.8
Sentiment tổng hợp: neutral
Aspect sentiment: 
Nội dung review: Ngon xỉu, Đáng đồng tiền, Sạch sẽ, Đóng gói tốt",0,1
tu_5db222148d00f77e,5db222148d00f77e,40980,Cơm Thố Bách Khoa - Lương Định Của,4.8,,neutral,{},befood_comment,Khá ngon,"Tên quán: Cơm Thố Bách Khoa - Lương Định Của
Nguồn: befood_comment
Rating người dùng: 4.8
Sentiment tổng hợp: neutral
Aspect sentiment: 
Nội dung review: Khá ngon",0,1
tu_0b8fd60cb39380e9,0b8fd60cb39380e9,95450,Hương Hội An - Cơm Gà Hội An - Thanh Nhàn,4.0,,neutral,{},befood_comment,"Delicious, Worth the price, Good packaging, Clean","Tên quán: Hương Hội An - Cơm Gà Hội An - Thanh Nhàn
Nguồn: befood_comment
Rating người dùng: 4.0
Sentiment tổng hợp: neutral
Aspect sentiment: 
Nội dung review: Delicious, Worth the price, Good packaging, Clean",0,1
tu_3054167caa439035,3054167caa439035,95450,Hương Hội An - Cơm Gà Hội An - Thanh Nhàn,4.0,,neutral,{},befood_comment,Giá hơi đắt,"Tên quán: Hương Hội An - Cơm Gà Hội An - Thanh Nhàn
Nguồn: befood_comment
Rating người dùng: 4.0
Sentiment tổng hợp: neutral
Aspect sentiment: 
Nội dung review: Giá hơi đắt",0,1
tu_f3c7ef511236dec6,f3c7ef511236dec6,95450,Hương Hội An - Cơm Gà Hội An - Thanh Nhàn,4.0,,neutral,{},befood_comment,"đắt - ko ngon, Đóng gói chưa tốt","Tên quán: Hương Hội An - Cơm Gà Hội An - Thanh Nhàn
Nguồn: befood_comment
Rating người dùng: 4.0
Sentiment tổng hợp: neutral
Aspect sentiment: 
Nội dung review: đắt - ko ngon, Đóng gói chưa tốt",0,1
tu_09f4ed786b0be7ee,09f4ed786b0be7ee,95450,Hương Hội An - Cơm Gà Hội An - Thanh Nhàn,4.0,,neutral,{},befood_comment,Không hợp khẩu vị,"Tên quán: Hương Hội An - Cơm Gà Hội An - Thanh Nhàn
Nguồn: befood_comment
Rating người dùng: 4.0
Sentiment tổng hợp: neutral
Aspect sentiment: 
Nội dung review: Không hợp khẩu vị",0,1
tu_313c895f3529ed77,313c895f3529ed77,95450,Hương Hội An - Cơm Gà Hội An - Thanh Nhàn,4.0,,neutral,{},befood_comment,"85k suất cơm thua bát phở 3-40k. k yêu cầu giống hình nhưng cần có khẩu phần hợp lý với giá tiền, thịt đùi bở, cánh là da cánh chứ k có thịt","Tên quán: Hương Hội An - Cơm Gà Hội An - Thanh Nhàn
Nguồn: befood_comment
Rating người dùng: 4.0
Sentiment tổng hợp: neutral
Aspect sentiment: 
Nội dung review: 85k suất cơm thua bát phở 3-40k. k yêu cầu giống hình nhưng cần có khẩu phần hợp lý với giá tiền, thịt đùi bở, cánh là da cánh chứ k có thịt",0,1
tu_65f082001ead798f,65f082001ead798f,95450,Hương Hội An - Cơm Gà Hội An - Thanh Nhàn,4.0,,neutral,{},befood_comment,"Treo đầu dê bán thịt chó à? Trên ảnh là gà cuộn nấm nma lại ship thịt rang khô quắt ăn chả ra làm sao. Lượng đồ ăn quá lèo tèo mà để mức giá 100k, chưa kể ship và phụ phí. giá cả cao thì ko phải vấn đề nma đồ cực ít như vậy và ko ngon. Ko có nước chấm hay gì. Nước mạ thì ko có gan băm, nguyên nước ko. Cơm này cũng ko được nấu với nước luộc gà hay gì nhé vì mùi ko thơm.","Tên quán: Hương Hội An - Cơm Gà Hội An - Thanh Nhàn
Nguồn: befood_comment
Rating người dùng: 4.0
Sentiment tổng hợp: neutral
Aspect sentiment: 
Nội dung review: Treo đầu dê bán thịt chó à? Trên ảnh là gà cuộn nấm nma lại ship thịt rang khô quắt ăn chả ra làm sao. Lượng đồ ăn quá lèo tèo mà để mức giá 100k, chưa kể ship và phụ phí. giá cả cao thì ko phải vấn đề nma đồ cực ít như vậy và ko ngon. Ko có nước chấm hay gì. Nước mạ thì ko có gan băm, nguyên nước ko. Cơm này cũng ko được nấu với nước luộc gà hay gì nhé vì mùi ko thơm.",0,1
tu_0e9630a5f334f35c,0e9630a5f334f35c,95450,Hương Hội An - Cơm Gà Hội An - Thanh Nhàn,4.0,,neutral,{},befood_comment,có con sâu,"Tên quán: Hương Hội An - Cơm Gà Hội An - Thanh Nhàn
Nguồn: befood_comment
Rating người dùng: 4.0
Sentiment tổng hợp: neutral
Aspect sentiment: 
Nội dung review: có con sâu",0,1
tu_6c224467fe2ea299,6c224467fe2ea299,95450,Hương Hội An - Cơm Gà Hội An - Thanh Nhàn,4.0,,neutral,{},befood_comment,"cơm rất là tệ, gà thì toàn mỡ + phần như tật của gà, gà thì mùi chua","Tên quán: Hương Hội An - Cơm Gà Hội An - Thanh Nhàn
Nguồn: befood_comment
Rating người dùng: 4.0
Sentiment tổng hợp: neutral
Aspect sentiment: 
Nội dung review: cơm rất là tệ, gà thì toàn mỡ + phần như tật của gà, gà thì mùi chua",0,1
tu_29f508a254a68f3d,29f508a254a68f3d,95450,Hương Hội An - Cơm Gà Hội An - Thanh Nhàn,4.0,,neutral,{},befood_comment,"đồ quá ít so với mức giá, chán","Tên quán: Hương Hội An - Cơm Gà Hội An - Thanh Nhàn
Nguồn: befood_comment
Rating người dùng: 4.0
Sentiment tổng hợp: neutral
Aspect sentiment: 
Nội dung review: đồ quá ít so với mức giá, chán",0,1
tu_69c93035b9e76a1c,69c93035b9e76a1c,4486,"Bento Delichi (by Cooky) - Cơm Gà Mắm Tỏi, Xối Mỡ - Xã Đàn",4.7,,neutral,{},befood_comment,"bán về được 4 miếng gà toàn xương., Không làm đúng ghi chú, Sai/Thiếu món","Tên quán: Bento Delichi (by Cooky) - Cơm Gà Mắm Tỏi, Xối Mỡ - Xã Đàn
Nguồn: befood_comment
Rating người dùng: 4.7
Sentiment tổng hợp: neutral
Aspect sentiment: 
Nội dung review: bán về được 4 miếng gà toàn xương., Không làm đúng ghi chú, Sai/Thiếu món",0,1
tu_a1b7f792f77935b7,a1b7f792f77935b7,4486,"Bento Delichi (by Cooky) - Cơm Gà Mắm Tỏi, Xối Mỡ - Xã Đàn",4.7,,neutral,{},befood_comment,"dc miếng gà bé tí, Sai/Thiếu món","Tên quán: Bento Delichi (by Cooky) - Cơm Gà Mắm Tỏi, Xối Mỡ - Xã Đàn
Nguồn: befood_comment
Rating người dùng: 4.7
Sentiment tổng hợp: neutral
Aspect sentiment: 
Nội dung review: dc miếng gà bé tí, Sai/Thiếu món",0,1
tu_7780e3b47c84449d,7780e3b47c84449d,4486,"Bento Delichi (by Cooky) - Cơm Gà Mắm Tỏi, Xối Mỡ - Xã Đàn",4.7,,neutral,{},befood_comment,Đáng đồng tiền,"Tên quán: Bento Delichi (by Cooky) - Cơm Gà Mắm Tỏi, Xối Mỡ - Xã Đàn
Nguồn: befood_comment
Rating người dùng: 4.7
Sentiment tổng hợp: neutral
Aspect sentiment: 
Nội dung review: Đáng đồng tiền",0,1
tu_a645ccc9c1c4594d,a645ccc9c1c4594d,4486,"Bento Delichi (by Cooky) - Cơm Gà Mắm Tỏi, Xối Mỡ - Xã Đàn",4.7,,neutral,{},befood_comment,"Ngon xỉu, Đáng đồng tiền, Đóng gói tốt, Sạch sẽ","Tên quán: Bento Delichi (by Cooky) - Cơm Gà Mắm Tỏi, Xối Mỡ - Xã Đàn
Nguồn: befood_comment
Rating người dùng: 4.7
Sentiment tổng hợp: neutral
Aspect sentiment: 
Nội dung review: Ngon xỉu, Đáng đồng tiền, Đóng gói tốt, Sạch sẽ",0,1
tu_af8b540557ae89bc,af8b540557ae89bc,4486,"Bento Delichi (by Cooky) - Cơm Gà Mắm Tỏi, Xối Mỡ - Xã Đàn",4.7,,neutral,{},befood_comment,"Ngon xỉu, Đáng đồng tiền, Sạch sẽ, Đóng gói tốt","Tên quán: Bento Delichi (by Cooky) - Cơm Gà Mắm Tỏi, Xối Mỡ - Xã Đàn
Nguồn: befood_comment
Rating người dùng: 4.7
Sentiment tổng hợp: neutral
Aspect sentiment: 
Nội dung review: Ngon xỉu, Đáng đồng tiền, Sạch sẽ, Đóng gói tốt",0,1
tu_c9376e4822d3ec19,c9376e4822d3ec19,4486,"Bento Delichi (by Cooky) - Cơm Gà Mắm Tỏi, Xối Mỡ - Xã Đàn",4.7,,neutral,{},befood_comment,"đặt 2 suất thì chỉ có 1 đũa 1 thìa, Đóng gói chưa tốt","Tên quán: Bento Delichi (by Cooky) - Cơm Gà Mắm Tỏi, Xối Mỡ - Xã Đàn
Nguồn: befood_comment
Rating người dùng: 4.7
Sentiment tổng hợp: neutral
Aspect sentiment: 
Nội dung review: đặt 2 suất thì chỉ có 1 đũa 1 thìa, Đóng gói chưa tốt",0,1
tu_29e2055673015b85,29e2055673015b85,4486,"Bento Delichi (by Cooky) - Cơm Gà Mắm Tỏi, Xối Mỡ - Xã Đàn",4.7,,neutral,{},befood_comment,chọn mua hộp giấy mà lại giao hộp nhựa đây không phải là lần đầu. cũng không thấy thông báo lại cho khách hàng,"Tên quán: Bento Delichi (by Cooky) - Cơm Gà Mắm Tỏi, Xối Mỡ - Xã Đàn
Nguồn: befood_comment
Rating người dùng: 4.7
Sentiment tổng hợp: neutral
Aspect sentiment: 
Nội dung review: chọn mua hộp giấy mà lại giao hộp nhựa đây không phải là lần đầu. cũng không thấy thông báo lại cho khách hàng",0,1
tu_034280269b2e6df5,034280269b2e6df5,4486,"Bento Delichi (by Cooky) - Cơm Gà Mắm Tỏi, Xối Mỡ - Xã Đàn",4.7,,neutral,{},befood_comment,"ăn cũng đc, mong shop cho thêm tí rau dưa ăn đỡ ngán","Tên quán: Bento Delichi (by Cooky) - Cơm Gà Mắm Tỏi, Xối Mỡ - Xã Đàn
Nguồn: befood_comment
Rating người dùng: 4.7
Sentiment tổng hợp: neutral
Aspect sentiment: 
Nội dung review: ăn cũng đc, mong shop cho thêm tí rau dưa ăn đỡ ngán",0,1
tu_66066d8238815a2c,66066d8238815a2c,4486,"Bento Delichi (by Cooky) - Cơm Gà Mắm Tỏi, Xối Mỡ - Xã Đàn",4.7,,neutral,{},befood_comment,"Khẩu phần ít so với các quán cùng phân khúc và cùng món. Hi vọng sốp sẽ tối ưu chi phí để cho khẩu phần nhiều hơn và giá rẻ hơn. Phần canh hơi mặn. Dù chưa ưng ý nhưng mình vẫn ủng hộ sốp 5 sao, chúc sốp nấu nhiều món ngon hơn","Tên quán: Bento Delichi (by Cooky) - Cơm Gà Mắm Tỏi, Xối Mỡ - Xã Đàn
Nguồn: befood_comment
Rating người dùng: 4.7
Sentiment tổng hợp: neutral
Aspect sentiment: 
Nội dung review: Khẩu phần ít so với các quán cùng phân khúc và cùng món. Hi vọng sốp sẽ tối ưu chi phí để cho khẩu phần nhiều hơn và giá rẻ hơn. Phần canh hơi mặn. Dù chưa ưng ý nhưng mình vẫn ủng hộ sốp 5 sao, chúc sốp nấu nhiều món ngon hơn",0,1
tu_c52cb87240e836b4,c52cb87240e836b4,4486,"Bento Delichi (by Cooky) - Cơm Gà Mắm Tỏi, Xối Mỡ - Xã Đàn",4.7,,neutral,{},befood_comment,"Cơm vẫn vón cục trắng nhão, xốt mắm tỏi nhạt chưa xứng đáng 55k. Mong quán cải thiện","Tên quán: Bento Delichi (by Cooky) - Cơm Gà Mắm Tỏi, Xối Mỡ - Xã Đàn
Nguồn: befood_comment
Rating người dùng: 4.7
Sentiment tổng hợp: neutral
Aspect sentiment: 
Nội dung review: Cơm vẫn vón cục trắng nhão, xốt mắm tỏi nhạt chưa xứng đáng 55k. Mong quán cải thiện",0,1
tu_90de69102837cbe1,90de69102837cbe1,31187,Đáng Vũ - Bánh Cuốn Nóng Gia Truyền - Lương Định Của,4.8,,neutral,{},befood_comment,"Đặt 3 xuất nhưng quán giao 2 xuất, Sai/Thiếu món","Tên quán: Đáng Vũ - Bánh Cuốn Nóng Gia Truyền - Lương Định Của
Nguồn: befood_comment
Rating người dùng: 4.8
Sentiment tổng hợp: neutral
Aspect sentiment: 
Nội dung review: Đặt 3 xuất nhưng quán giao 2 xuất, Sai/Thiếu món",0,1
tu_9b9fd31a34a2ad09,9b9fd31a34a2ad09,31187,Đáng Vũ - Bánh Cuốn Nóng Gia Truyền - Lương Định Của,4.8,,neutral,{},befood_comment,"Sạch sẽ, Đóng gói tốt","Tên quán: Đáng Vũ - Bánh Cuốn Nóng Gia Truyền - Lương Định Của
Nguồn: befood_comment
Rating người dùng: 4.8
Sentiment tổng hợp: neutral
Aspect sentiment: 
Nội dung review: Sạch sẽ, Đóng gói tốt",0,1
tu_3ffdb9a69bbc2c7b,3ffdb9a69bbc2c7b,31187,Đáng Vũ - Bánh Cuốn Nóng Gia Truyền - Lương Định Của,4.8,,neutral,{},befood_comment,"đầy đặn, mà shop nên thêm bánh cuốn chả mỡ + chả quế để chọn","Tên quán: Đáng Vũ - Bánh Cuốn Nóng Gia Truyền - Lương Định Của
Nguồn: befood_comment
Rating người dùng: 4.8
Sentiment tổng hợp: neutral
Aspect sentiment: 
Nội dung review: đầy đặn, mà shop nên thêm bánh cuốn chả mỡ + chả quế để chọn",0,1
tu_77758152fa33495b,77758152fa33495b,65884,Kaoya Hotpot - Mì Vịt Quay & Cơm Xá Xíu - Lương Định Của,4.7,,neutral,{},befood_comment,"vịt hôi, không rõ ràng định lượng, miêu tả đồ ăn, Không hợp khẩu vị","Tên quán: Kaoya Hotpot - Mì Vịt Quay & Cơm Xá Xíu - Lương Định Của
Nguồn: befood_comment
Rating người dùng: 4.7
Sentiment tổng hợp: neutral
Aspect sentiment: 
Nội dung review: vịt hôi, không rõ ràng định lượng, miêu tả đồ ăn, Không hợp khẩu vị",0,1
tu_c5192f7ad7fb9a6d,c5192f7ad7fb9a6d,65884,Kaoya Hotpot - Mì Vịt Quay & Cơm Xá Xíu - Lương Định Của,4.7,,neutral,{},befood_comment,"ngon nhưng định lượng hơi ít cho 1 xuất mì 75k, với đóng gói sao mà đổ hết nước sốt ra ngoài","Tên quán: Kaoya Hotpot - Mì Vịt Quay & Cơm Xá Xíu - Lương Định Của
Nguồn: befood_comment
Rating người dùng: 4.7
Sentiment tổng hợp: neutral
Aspect sentiment: 
Nội dung review: ngon nhưng định lượng hơi ít cho 1 xuất mì 75k, với đóng gói sao mà đổ hết nước sốt ra ngoài",0,1
tu_205a7524851c5a72,205a7524851c5a72,58523,Tiệm Bánh Cô Bống - Trường Chinh,4.8,,neutral,{},befood_comment,Ngon xỉu,"Tên quán: Tiệm Bánh Cô Bống - Trường Chinh
Nguồn: befood_comment
Rating người dùng: 4.8
Sentiment tổng hợp: neutral
Aspect sentiment: 
Nội dung review: Ngon xỉu",0,1
tu_b0e78a060973878c,b0e78a060973878c,58523,Tiệm Bánh Cô Bống - Trường Chinh,4.8,,neutral,{},befood_comment,"Ngon xỉu, Đáng đồng tiền, Đóng gói tốt, Sạch sẽ","Tên quán: Tiệm Bánh Cô Bống - Trường Chinh
Nguồn: befood_comment
Rating người dùng: 4.8
Sentiment tổng hợp: neutral
Aspect sentiment: 
Nội dung review: Ngon xỉu, Đáng đồng tiền, Đóng gói tốt, Sạch sẽ",0,1
tu_3eab18ccdf29f819,3eab18ccdf29f819,58523,Tiệm Bánh Cô Bống - Trường Chinh,4.8,,neutral,{},befood_comment,"bánh su kem ăn tạm thui, kem bị chảy bltm ngon","Tên quán: Tiệm Bánh Cô Bống - Trường Chinh
Nguồn: befood_comment
Rating người dùng: 4.8
Sentiment tổng hợp: neutral
Aspect sentiment: 
Nội dung review: bánh su kem ăn tạm thui, kem bị chảy bltm ngon",0,1
tu_431293df19d4f6f8,431293df19d4f6f8,58523,Tiệm Bánh Cô Bống - Trường Chinh,4.8,,neutral,{},befood_comment,"cốt chưa thấm, kem loại làm bánh sn không phải mascarpone :)","Tên quán: Tiệm Bánh Cô Bống - Trường Chinh
Nguồn: befood_comment
Rating người dùng: 4.8
Sentiment tổng hợp: neutral
Aspect sentiment: 
Nội dung review: cốt chưa thấm, kem loại làm bánh sn không phải mascarpone :)",0,1
tu_94335f8dd4987957,94335f8dd4987957,62280,Bếp Mẹ Bơ 15A - Bánh Xèo Cốt Dừa - Hồng Mai,4.8,,neutral,{},befood_comment,"Ngon xỉu, Đáng đồng tiền","Tên quán: Bếp Mẹ Bơ 15A - Bánh Xèo Cốt Dừa - Hồng Mai
Nguồn: befood_comment
Rating người dùng: 4.8
Sentiment tổng hợp: neutral
Aspect sentiment: 
Nội dung review: Ngon xỉu, Đáng đồng tiền",0,1
tu_82e5a513f3837cad,82e5a513f3837cad,62280,Bếp Mẹ Bơ 15A - Bánh Xèo Cốt Dừa - Hồng Mai,4.8,,neutral,{},befood_comment,"Delicious, Worth the price","Tên quán: Bếp Mẹ Bơ 15A - Bánh Xèo Cốt Dừa - Hồng Mai
Nguồn: befood_comment
Rating người dùng: 4.8
Sentiment tổng hợp: neutral
Aspect sentiment: 
Nội dung review: Delicious, Worth the price",0,1
tu_c379e628cf82ce84,c379e628cf82ce84,1279,Gạch Quán - Bánh Tráng Cuốn Thịt Heo,4.8,,neutral,{},befood_comment,"Ngon xỉu, Đáng đồng tiền, Sạch sẽ, Đóng gói tốt","Tên quán: Gạch Quán - Bánh Tráng Cuốn Thịt Heo
Nguồn: befood_comment
Rating người dùng: 4.8
Sentiment tổng hợp: neutral
Aspect sentiment: 
Nội dung review: Ngon xỉu, Đáng đồng tiền, Sạch sẽ, Đóng gói tốt",0,1
tu_8d4b95ac40886114,8d4b95ac40886114,1279,Gạch Quán - Bánh Tráng Cuốn Thịt Heo,4.8,,neutral,{},befood_comment,Đóng gói tốt,"Tên quán: Gạch Quán - Bánh Tráng Cuốn Thịt Heo
Nguồn: befood_comment
Rating người dùng: 4.8
Sentiment tổng hợp: neutral
Aspect sentiment: 
Nội dung review: Đóng gói tốt",0,1
tu_0d5e9ea504314cd2,0d5e9ea504314cd2,1279,Gạch Quán - Bánh Tráng Cuốn Thịt Heo,4.8,,neutral,{},befood_comment,"shop làm đúng theo yêu cầu của khách mình rất ít khi đánh giá nhưng shop quá có tâm nên cho 5 seo nha, Đáng đồng tiền, Ngon xỉu, Sạch sẽ","Tên quán: Gạch Quán - Bánh Tráng Cuốn Thịt Heo
Nguồn: befood_comment
Rating người dùng: 4.8
Sentiment tổng hợp: neutral
Aspect sentiment: 
Nội dung review: shop làm đúng theo yêu cầu của khách mình rất ít khi đánh giá nhưng shop quá có tâm nên cho 5 seo nha, Đáng đồng tiền, Ngon xỉu, Sạch sẽ",0,1
tu_7c47f72f3f9273c5,7c47f72f3f9273c5,1279,Gạch Quán - Bánh Tráng Cuốn Thịt Heo,4.8,,neutral,{},befood_comment,Thịt heo 40k được 3 miếng thịt =))),"Tên quán: Gạch Quán - Bánh Tráng Cuốn Thịt Heo
Nguồn: befood_comment
Rating người dùng: 4.8
Sentiment tổng hợp: neutral
Aspect sentiment: 
Nội dung review: Thịt heo 40k được 3 miếng thịt =)))",0,1
tu_0f426a6213dbb7c6,0f426a6213dbb7c6,1279,Gạch Quán - Bánh Tráng Cuốn Thịt Heo,4.8,,neutral,{},befood_comment,"không có giấy ăn, trừ 3 điểm thanh lịch","Tên quán: Gạch Quán - Bánh Tráng Cuốn Thịt Heo
Nguồn: befood_comment
Rating người dùng: 4.8
Sentiment tổng hợp: neutral
Aspect sentiment: 
Nội dung review: không có giấy ăn, trừ 3 điểm thanh lịch",0,1
tu_82cbc814aa284ffa,82cbc814aa284ffa,32416,Ngọc Lợi - Miến & Bánh Đa Cua Trộn - Kim Liên,4.8,,neutral,{},befood_comment,"đặt bò nhưng không có thịt bò đâu, Đóng gói chưa tốt, Sai/Thiếu món","Tên quán: Ngọc Lợi - Miến & Bánh Đa Cua Trộn - Kim Liên
Nguồn: befood_comment
Rating người dùng: 4.8
Sentiment tổng hợp: neutral
Aspect sentiment: 
Nội dung review: đặt bò nhưng không có thịt bò đâu, Đóng gói chưa tốt, Sai/Thiếu món",0,1
tu_979ee9b19b87c6fa,979ee9b19b87c6fa,32416,Ngọc Lợi - Miến & Bánh Đa Cua Trộn - Kim Liên,4.8,,neutral,{},befood_comment,"Ngon xỉu, Đáng đồng tiền, Sạch sẽ, Đóng gói tốt","Tên quán: Ngọc Lợi - Miến & Bánh Đa Cua Trộn - Kim Liên
Nguồn: befood_comment
Rating người dùng: 4.8
Sentiment tổng hợp: neutral
Aspect sentiment: 
Nội dung review: Ngon xỉu, Đáng đồng tiền, Sạch sẽ, Đóng gói tốt",0,1
tu_1579876d313ac8c6,1579876d313ac8c6,32416,Ngọc Lợi - Miến & Bánh Đa Cua Trộn - Kim Liên,4.8,,neutral,{},befood_comment,Ngon xỉu,"Tên quán: Ngọc Lợi - Miến & Bánh Đa Cua Trộn - Kim Liên
Nguồn: befood_comment
Rating người dùng: 4.8
Sentiment tổng hợp: neutral
Aspect sentiment: 
Nội dung review: Ngon xỉu",0,1
tu_36eed4f18cba741a,36eed4f18cba741a,32416,Ngọc Lợi - Miến & Bánh Đa Cua Trộn - Kim Liên,4.8,,neutral,{},befood_comment,vị ngon,"Tên quán: Ngọc Lợi - Miến & Bánh Đa Cua Trộn - Kim Liên
Nguồn: befood_comment
Rating người dùng: 4.8
Sentiment tổng hợp: neutral
Aspect sentiment: 
Nội dung review: vị ngon",0,1
tu_7a4a9530836bc97f,7a4a9530836bc97f,32416,Ngọc Lợi - Miến & Bánh Đa Cua Trộn - Kim Liên,4.8,,neutral,{},befood_comment,bánh đa cua trộn mà 0 thấy gạch cua đâuu luôn,"Tên quán: Ngọc Lợi - Miến & Bánh Đa Cua Trộn - Kim Liên
Nguồn: befood_comment
Rating người dùng: 4.8
Sentiment tổng hợp: neutral
Aspect sentiment: 
Nội dung review: bánh đa cua trộn mà 0 thấy gạch cua đâuu luôn",0,1
tu_ad9f3a8f3842f56c,ad9f3a8f3842f56c,32416,Ngọc Lợi - Miến & Bánh Đa Cua Trộn - Kim Liên,4.8,,neutral,{},befood_comment,"ăn ok nhưng topping siêu ít, miến nhiều","Tên quán: Ngọc Lợi - Miến & Bánh Đa Cua Trộn - Kim Liên
Nguồn: befood_comment
Rating người dùng: 4.8
Sentiment tổng hợp: neutral
Aspect sentiment: 
Nội dung review: ăn ok nhưng topping siêu ít, miến nhiều",0,1
tu_02382f5203ef619d,02382f5203ef619d,39068,"Cơm Sườn Cooky - Cơm Tấm, Cơm Sườn Xốt - Trần Đại Nghĩa",4.2,,neutral,{},befood_comment,"Miếng sườn trắng nhất từng ăn. Và khô., Normal","Tên quán: Cơm Sườn Cooky - Cơm Tấm, Cơm Sườn Xốt - Trần Đại Nghĩa
Nguồn: befood_comment
Rating người dùng: 4.2
Sentiment tổng hợp: neutral
Aspect sentiment: 
Nội dung review: Miếng sườn trắng nhất từng ăn. Và khô., Normal",0,1
tu_e6b84c9f67a66fbe,e6b84c9f67a66fbe,39068,"Cơm Sườn Cooky - Cơm Tấm, Cơm Sườn Xốt - Trần Đại Nghĩa",4.2,,neutral,{},befood_comment,Không hợp khẩu vị,"Tên quán: Cơm Sườn Cooky - Cơm Tấm, Cơm Sườn Xốt - Trần Đại Nghĩa
Nguồn: befood_comment
Rating người dùng: 4.2
Sentiment tổng hợp: neutral
Aspect sentiment: 
Nội dung review: Không hợp khẩu vị",0,1
tu_36d2cded0b35e0a0,36d2cded0b35e0a0,39068,"Cơm Sườn Cooky - Cơm Tấm, Cơm Sườn Xốt - Trần Đại Nghĩa",4.2,,neutral,{},befood_comment,"quán làm như buồi đầu thịt thì hôi ăn chán ko nói chung là quán như cđb ko lên thử dù chỉ 1 lần, Không hợp khẩu vị, Đóng gói chưa tốt, Sai/Thiếu món, Không đảm bảo vệ sinh","Tên quán: Cơm Sườn Cooky - Cơm Tấm, Cơm Sườn Xốt - Trần Đại Nghĩa
Nguồn: befood_comment
Rating người dùng: 4.2
Sentiment tổng hợp: neutral
Aspect sentiment: 
Nội dung review: quán làm như buồi đầu thịt thì hôi ăn chán ko nói chung là quán như cđb ko lên thử dù chỉ 1 lần, Không hợp khẩu vị, Đóng gói chưa tốt, Sai/Thiếu món, Không đảm bảo vệ sinh",0,1
tu_c03e9ff006cbe7e2,c03e9ff006cbe7e2,39068,"Cơm Sườn Cooky - Cơm Tấm, Cơm Sườn Xốt - Trần Đại Nghĩa",4.2,,neutral,{},befood_comment,"đồ ăn ít, thịt khô, đắt không đáng tiền, Không hợp khẩu vị, Không làm đúng ghi chú","Tên quán: Cơm Sườn Cooky - Cơm Tấm, Cơm Sườn Xốt - Trần Đại Nghĩa
Nguồn: befood_comment
Rating người dùng: 4.2
Sentiment tổng hợp: neutral
Aspect sentiment: 
Nội dung review: đồ ăn ít, thịt khô, đắt không đáng tiền, Không hợp khẩu vị, Không làm đúng ghi chú",0,1
tu_b575e1e7ac61a950,b575e1e7ac61a950,39068,"Cơm Sườn Cooky - Cơm Tấm, Cơm Sườn Xốt - Trần Đại Nghĩa",4.2,,neutral,{},befood_comment,cơm sống,"Tên quán: Cơm Sườn Cooky - Cơm Tấm, Cơm Sườn Xốt - Trần Đại Nghĩa
Nguồn: befood_comment
Rating người dùng: 4.2
Sentiment tổng hợp: neutral
Aspect sentiment: 
Nội dung review: cơm sống",0,1
tu_6ded4fe4cd243547,6ded4fe4cd243547,39068,"Cơm Sườn Cooky - Cơm Tấm, Cơm Sườn Xốt - Trần Đại Nghĩa",4.2,,neutral,{},befood_comment,gì đây?,"Tên quán: Cơm Sườn Cooky - Cơm Tấm, Cơm Sườn Xốt - Trần Đại Nghĩa
Nguồn: befood_comment
Rating người dùng: 4.2
Sentiment tổng hợp: neutral
Aspect sentiment: 
Nội dung review: gì đây?",0,1
tu_8efc2e492f29298d,8efc2e492f29298d,39068,"Cơm Sườn Cooky - Cơm Tấm, Cơm Sườn Xốt - Trần Đại Nghĩa",4.2,,neutral,{},befood_comment,"chưa bao giờ ăn 1 quán cơm khô như thế này, cơm khô, thịt khô, mà cũng k có nước dùng luôn @@ thêm quả ship thiếu đồ nữa chứ","Tên quán: Cơm Sườn Cooky - Cơm Tấm, Cơm Sườn Xốt - Trần Đại Nghĩa
Nguồn: befood_comment
Rating người dùng: 4.2
Sentiment tổng hợp: neutral
Aspect sentiment: 
Nội dung review: chưa bao giờ ăn 1 quán cơm khô như thế này, cơm khô, thịt khô, mà cũng k có nước dùng luôn @@ thêm quả ship thiếu đồ nữa chứ",0,1
tu_75218e129ade0f39,75218e129ade0f39,39068,"Cơm Sườn Cooky - Cơm Tấm, Cơm Sườn Xốt - Trần Đại Nghĩa",4.2,,neutral,{},befood_comment,k đúng,"Tên quán: Cơm Sườn Cooky - Cơm Tấm, Cơm Sườn Xốt - Trần Đại Nghĩa
Nguồn: befood_comment
Rating người dùng: 4.2
Sentiment tổng hợp: neutral
Aspect sentiment: 
Nội dung review: k đúng",0,1
tu_49671bd4a0ffc122,49671bd4a0ffc122,39068,"Cơm Sườn Cooky - Cơm Tấm, Cơm Sườn Xốt - Trần Đại Nghĩa",4.2,,neutral,{},befood_comment,cơm khô + ko có canh chưa nói đến tiền nma trải nghiệm lần đầu quá kém,"Tên quán: Cơm Sườn Cooky - Cơm Tấm, Cơm Sườn Xốt - Trần Đại Nghĩa
Nguồn: befood_comment
Rating người dùng: 4.2
Sentiment tổng hợp: neutral
Aspect sentiment: 
Nội dung review: cơm khô + ko có canh chưa nói đến tiền nma trải nghiệm lần đầu quá kém",0,1
tu_ca00a76b098ccf00,ca00a76b098ccf00,39068,"Cơm Sườn Cooky - Cơm Tấm, Cơm Sườn Xốt - Trần Đại Nghĩa",4.2,,neutral,{},befood_comment,có đặt canh cải thịt nhưng ko thấy giao,"Tên quán: Cơm Sườn Cooky - Cơm Tấm, Cơm Sườn Xốt - Trần Đại Nghĩa
Nguồn: befood_comment
Rating người dùng: 4.2
Sentiment tổng hợp: neutral
Aspect sentiment: 
Nội dung review: có đặt canh cải thịt nhưng ko thấy giao",0,1
tu_3154598df9c4d1c5,3154598df9c4d1c5,32283,Hương Phệ - Bún Chả Ngon - Hồng Mai,4.9,,neutral,{},befood_comment,"Đáng đồng tiền, Sạch sẽ","Tên quán: Hương Phệ - Bún Chả Ngon - Hồng Mai
Nguồn: befood_comment
Rating người dùng: 4.9
Sentiment tổng hợp: neutral
Aspect sentiment: 
Nội dung review: Đáng đồng tiền, Sạch sẽ",0,1
tu_2255c050759655f9,2255c050759655f9,32283,Hương Phệ - Bún Chả Ngon - Hồng Mai,4.9,,neutral,{},befood_comment,Ngon xỉu,"Tên quán: Hương Phệ - Bún Chả Ngon - Hồng Mai
Nguồn: befood_comment
Rating người dùng: 4.9
Sentiment tổng hợp: neutral
Aspect sentiment: 
Nội dung review: Ngon xỉu",0,1
tu_1f3fd4e8333d22d2,1f3fd4e8333d22d2,32283,Hương Phệ - Bún Chả Ngon - Hồng Mai,4.9,,neutral,{},befood_comment,"Ngon xỉu, Đáng đồng tiền","Tên quán: Hương Phệ - Bún Chả Ngon - Hồng Mai
Nguồn: befood_comment
Rating người dùng: 4.9
Sentiment tổng hợp: neutral
Aspect sentiment: 
Nội dung review: Ngon xỉu, Đáng đồng tiền",0,1
tu_1b2adc5f41705e96,1b2adc5f41705e96,32283,Hương Phệ - Bún Chả Ngon - Hồng Mai,4.9,,neutral,{},befood_comment,Chán shop làm thủng 1 túi nước chấm Chảy hết rả ra nhìn khó chịu thật,"Tên quán: Hương Phệ - Bún Chả Ngon - Hồng Mai
Nguồn: befood_comment
Rating người dùng: 4.9
Sentiment tổng hợp: neutral
Aspect sentiment: 
Nội dung review: Chán shop làm thủng 1 túi nước chấm Chảy hết rả ra nhìn khó chịu thật",0,1
tu_147535990f9b276f_0,147535990f9b276f,4397,Mokchang - Đồ Ăn Hàn Quốc & Gà Rán - Xã Đàn,4.8,,neutral,{},befood_comment,"Đây là lần thứ 2 mình đặt đồ ăn của quán, lần trc mình đặt (combo busan và cơm trộn) ăn khá ngon, nma lần này hơi thất vọng 2 món mình đặt đều ko hợp khẩu vị, gà lần này lớp bột siêu dày nên cảm giác phần thịt hơi ít, tuy nhiên thì sốt vẫn ngon ạ. set one-deful cảm giác gà của mình ko tươi, sốt kem hành ko hợp khẩu vị, mình ăn thấy nhạt ko có vị gì phần miến và salad ít hơn mình nghĩ. Tuy nhiên quán đóng gói rất chỉnh chu, mình nhận khi còn nóng luôn ạ., Không hợp khẩu vị","Tên quán: Mokchang - Đồ Ăn Hàn Quốc & Gà Rán - Xã Đàn
Nguồn: befood_comment
Rating người dùng: 4.8
Sentiment tổng hợp: neutral
Aspect sentiment: 
Nội dung review: Đây là lần thứ 2 mình đặt đồ ăn của quán, lần trc mình đặt (combo busan và cơm trộn) ăn khá ngon, nma lần này hơi thất vọng 2 món mình đặt đều ko hợp khẩu vị, gà lần này lớp bột siêu dày nên cảm giác phần thịt hơi ít, tuy nhiên thì sốt vẫn ngon ạ. set one-deful cảm giác gà của mình ko tươi, sốt kem hành ko hợp khẩu vị, mình ăn thấy nhạt ko có vị gì phần miến và salad ít hơn mình nghĩ.",0,2
tu_147535990f9b276f_1,147535990f9b276f,4397,Mokchang - Đồ Ăn Hàn Quốc & Gà Rán - Xã Đàn,4.8,,neutral,{},befood_comment,"Đây là lần thứ 2 mình đặt đồ ăn của quán, lần trc mình đặt (combo busan và cơm trộn) ăn khá ngon, nma lần này hơi thất vọng 2 món mình đặt đều ko hợp khẩu vị, gà lần này lớp bột siêu dày nên cảm giác phần thịt hơi ít, tuy nhiên thì sốt vẫn ngon ạ. set one-deful cảm giác gà của mình ko tươi, sốt kem hành ko hợp khẩu vị, mình ăn thấy nhạt ko có vị gì phần miến và salad ít hơn mình nghĩ. Tuy nhiên quán đóng gói rất chỉnh chu, mình nhận khi còn nóng luôn ạ., Không hợp khẩu vị","Tên quán: Mokchang - Đồ Ăn Hàn Quốc & Gà Rán - Xã Đàn
Nguồn: befood_comment
Rating người dùng: 4.8
Sentiment tổng hợp: neutral
Aspect sentiment: 
Nội dung review: hợp khẩu vị, mình ăn thấy nhạt ko có vị gì phần miến và salad ít hơn mình nghĩ. Tuy nhiên quán đóng gói rất chỉnh chu, mình nhận khi còn nóng luôn ạ., Không hợp khẩu vị",1,2
tu_9012e72fd7ad0cb8,9012e72fd7ad0cb8,4397,Mokchang - Đồ Ăn Hàn Quốc & Gà Rán - Xã Đàn,4.8,,neutral,{},befood_comment,"Ngon xỉu, Sạch sẽ, Đáng đồng tiền, Đóng gói tốt","Tên quán: Mokchang - Đồ Ăn Hàn Quốc & Gà Rán - Xã Đàn
Nguồn: befood_comment
Rating người dùng: 4.8
Sentiment tổng hợp: neutral
Aspect sentiment: 
Nội dung review: Ngon xỉu, Sạch sẽ, Đáng đồng tiền, Đóng gói tốt",0,1
tu_6afe78c30cfa63d6,6afe78c30cfa63d6,4397,Mokchang - Đồ Ăn Hàn Quốc & Gà Rán - Xã Đàn,4.8,,neutral,{},befood_comment,Không hợp khẩu vị,"Tên quán: Mokchang - Đồ Ăn Hàn Quốc & Gà Rán - Xã Đàn
Nguồn: befood_comment
Rating người dùng: 4.8
Sentiment tổng hợp: neutral
Aspect sentiment: 
Nội dung review: Không hợp khẩu vị",0,1
tu_783db0490a19afc5,783db0490a19afc5,4397,Mokchang - Đồ Ăn Hàn Quốc & Gà Rán - Xã Đàn,4.8,,neutral,{},befood_comment,"đề nghị quán sau mà có chế biến món ăn phải rửa lại đồ bếp nhé, ăn cơm toàn mùi hôi của gián ko ăn nổi, Không đảm bảo vệ sinh","Tên quán: Mokchang - Đồ Ăn Hàn Quốc & Gà Rán - Xã Đàn
Nguồn: befood_comment
Rating người dùng: 4.8
Sentiment tổng hợp: neutral
Aspect sentiment: 
Nội dung review: đề nghị quán sau mà có chế biến món ăn phải rửa lại đồ bếp nhé, ăn cơm toàn mùi hôi của gián ko ăn nổi, Không đảm bảo vệ sinh",0,1
tu_0cbfedbdc85dbd51,0cbfedbdc85dbd51,4397,Mokchang - Đồ Ăn Hàn Quốc & Gà Rán - Xã Đàn,4.8,,neutral,{},befood_comment,"cơm trộn chất lượng lắm ạ, em cứ nghĩ là phần này mình em ăn thôi nhưng nó ê hề luôn, chưa kể gà nữa nên mn mua thì nên 2 bạn ăn ạ (em là con gái ạ, còn bạn nam chắc ăn được hết phần cơm)","Tên quán: Mokchang - Đồ Ăn Hàn Quốc & Gà Rán - Xã Đàn
Nguồn: befood_comment
Rating người dùng: 4.8
Sentiment tổng hợp: neutral
Aspect sentiment: 
Nội dung review: cơm trộn chất lượng lắm ạ, em cứ nghĩ là phần này mình em ăn thôi nhưng nó ê hề luôn, chưa kể gà nữa nên mn mua thì nên 2 bạn ăn ạ (em là con gái ạ, còn bạn nam chắc ăn được hết phần cơm)",0,1
tu_560233c592de631f,560233c592de631f,4397,Mokchang - Đồ Ăn Hàn Quốc & Gà Rán - Xã Đàn,4.8,,neutral,{},befood_comment,giao lâu,"Tên quán: Mokchang - Đồ Ăn Hàn Quốc & Gà Rán - Xã Đàn
Nguồn: befood_comment
Rating người dùng: 4.8
Sentiment tổng hợp: neutral
Aspect sentiment: 
Nội dung review: giao lâu",0,1
tu_f5ce29ffbddb11d3,f5ce29ffbddb11d3,7920,Cơm Gà Q35 - Hồng Mai,4.8,,neutral,{},befood_comment,Ngon xỉu,"Tên quán: Cơm Gà Q35 - Hồng Mai
Nguồn: befood_comment
Rating người dùng: 4.8
Sentiment tổng hợp: neutral
Aspect sentiment: 
Nội dung review: Ngon xỉu",0,1
tu_9a945a15e2461200,9a945a15e2461200,7920,Cơm Gà Q35 - Hồng Mai,4.8,,neutral,{},befood_comment,"hợp gu nha, Sạch sẽ, Đáng đồng tiền, Ngon xỉu, Đóng gói tốt","Tên quán: Cơm Gà Q35 - Hồng Mai
Nguồn: befood_comment
Rating người dùng: 4.8
Sentiment tổng hợp: neutral
Aspect sentiment: 
Nội dung review: hợp gu nha, Sạch sẽ, Đáng đồng tiền, Ngon xỉu, Đóng gói tốt",0,1
tu_9eca35673de2093f,9eca35673de2093f,7920,Cơm Gà Q35 - Hồng Mai,4.8,,neutral,{},befood_comment,xối mắm mà lại để ớt,"Tên quán: Cơm Gà Q35 - Hồng Mai
Nguồn: befood_comment
Rating người dùng: 4.8
Sentiment tổng hợp: neutral
Aspect sentiment: 
Nội dung review: xối mắm mà lại để ớt",0,1
tu_6270e6d249ec9fd4,6270e6d249ec9fd4,61209,Bánh Tráng Cô Chin - Bánh Tráng Cuốn Phomai - Lương Định Của,2.0,,neutral,{},befood_comment,kh ngon,"Tên quán: Bánh Tráng Cô Chin - Bánh Tráng Cuốn Phomai - Lương Định Của
Nguồn: befood_comment
Rating người dùng: 2.0
Sentiment tổng hợp: neutral
Aspect sentiment: 
Nội dung review: kh ngon",0,1
tu_9439f4157bc134d6,9439f4157bc134d6,76124,Cơm Osechi - Cơm Gà & Cơm Thịt Heo - Phương Liệt,4.8,,neutral,{},befood_comment,Sạch sẽ,"Tên quán: Cơm Osechi - Cơm Gà & Cơm Thịt Heo - Phương Liệt
Nguồn: befood_comment
Rating người dùng: 4.8
Sentiment tổng hợp: neutral
Aspect sentiment: 
Nội dung review: Sạch sẽ",0,1
tu_f45009027903624d,f45009027903624d,76124,Cơm Osechi - Cơm Gà & Cơm Thịt Heo - Phương Liệt,4.8,,neutral,{},befood_comment,"Đóng gói tốt, Đáng đồng tiền, Sạch sẽ, Ngon xỉu","Tên quán: Cơm Osechi - Cơm Gà & Cơm Thịt Heo - Phương Liệt
Nguồn: befood_comment
Rating người dùng: 4.8
Sentiment tổng hợp: neutral
Aspect sentiment: 
Nội dung review: Đóng gói tốt, Đáng đồng tiền, Sạch sẽ, Ngon xỉu",0,1
tu_ba5131af8340472a,ba5131af8340472a,76124,Cơm Osechi - Cơm Gà & Cơm Thịt Heo - Phương Liệt,4.8,,neutral,{},befood_comment,Ngon xỉu,"Tên quán: Cơm Osechi - Cơm Gà & Cơm Thịt Heo - Phương Liệt
Nguồn: befood_comment
Rating người dùng: 4.8
Sentiment tổng hợp: neutral
Aspect sentiment: 
Nội dung review: Ngon xỉu",0,1
tu_05fd48ad37a243dc,05fd48ad37a243dc,76124,Cơm Osechi - Cơm Gà & Cơm Thịt Heo - Phương Liệt,4.8,,neutral,{},befood_comment,"siêuu no lun. đóng gói đẹp mà siêu nhìu thịt. sốt cx ngon nx, Đóng gói tốt, Đáng đồng tiền, Sạch sẽ, Ngon xỉu","Tên quán: Cơm Osechi - Cơm Gà & Cơm Thịt Heo - Phương Liệt
Nguồn: befood_comment
Rating người dùng: 4.8
Sentiment tổng hợp: neutral
Aspect sentiment: 
Nội dung review: siêuu no lun. đóng gói đẹp mà siêu nhìu thịt. sốt cx ngon nx, Đóng gói tốt, Đáng đồng tiền, Sạch sẽ, Ngon xỉu",0,1
tu_83d2c0ddfd22eda2,83d2c0ddfd22eda2,10227,Bánh Cuốn Đức Hạnh - Phạm Ngọc Thạch,4.6,,neutral,{},befood_comment,"Không có bát đổ nước mắm, Đóng gói chưa tốt, Không đảm bảo vệ sinh","Tên quán: Bánh Cuốn Đức Hạnh - Phạm Ngọc Thạch
Nguồn: befood_comment
Rating người dùng: 4.6
Sentiment tổng hợp: neutral
Aspect sentiment: 
Nội dung review: Không có bát đổ nước mắm, Đóng gói chưa tốt, Không đảm bảo vệ sinh",0,1
tu_d883587135e58cc4,d883587135e58cc4,10227,Bánh Cuốn Đức Hạnh - Phạm Ngọc Thạch,4.6,,neutral,{},befood_comment,"bánh cuốn thịt k có thịt ?, Sai/Thiếu món","Tên quán: Bánh Cuốn Đức Hạnh - Phạm Ngọc Thạch
Nguồn: befood_comment
Rating người dùng: 4.6
Sentiment tổng hợp: neutral
Aspect sentiment: 
Nội dung review: bánh cuốn thịt k có thịt ?, Sai/Thiếu món",0,1
tu_c1e23c906c161745,c1e23c906c161745,10227,Bánh Cuốn Đức Hạnh - Phạm Ngọc Thạch,4.6,,neutral,{},befood_comment,"Sạch sẽ, Đáng đồng tiền, Đóng gói tốt, Ngon xỉu","Tên quán: Bánh Cuốn Đức Hạnh - Phạm Ngọc Thạch
Nguồn: befood_comment
Rating người dùng: 4.6
Sentiment tổng hợp: neutral
Aspect sentiment: 
Nội dung review: Sạch sẽ, Đáng đồng tiền, Đóng gói tốt, Ngon xỉu",0,1
tu_f7deb270deda0e5f,f7deb270deda0e5f,10227,Bánh Cuốn Đức Hạnh - Phạm Ngọc Thạch,4.6,,neutral,{},befood_comment,"Chả cũ từ hqua, miếng thịt bị đen ,miếng thì rời Nát.Nói chung là k bao h quay lại.Làm ăn quá bát nháo","Tên quán: Bánh Cuốn Đức Hạnh - Phạm Ngọc Thạch
Nguồn: befood_comment
Rating người dùng: 4.6
Sentiment tổng hợp: neutral
Aspect sentiment: 
Nội dung review: Chả cũ từ hqua, miếng thịt bị đen ,miếng thì rời Nát.Nói chung là k bao h quay lại.Làm ăn quá bát nháo",0,1
tu_a9e81ff16565bd76,a9e81ff16565bd76,10227,Bánh Cuốn Đức Hạnh - Phạm Ngọc Thạch,4.6,,neutral,{},befood_comment,"ít rau , với gọi 2 xuất có 1 túi nó chấm .","Tên quán: Bánh Cuốn Đức Hạnh - Phạm Ngọc Thạch
Nguồn: befood_comment
Rating người dùng: 4.6
Sentiment tổng hợp: neutral
Aspect sentiment: 
Nội dung review: ít rau , với gọi 2 xuất có 1 túi nó chấm .",0,1
tu_b11af4e072bc5575,b11af4e072bc5575,10227,Bánh Cuốn Đức Hạnh - Phạm Ngọc Thạch,4.6,,neutral,{},befood_comment,mở ra k thấy chả,"Tên quán: Bánh Cuốn Đức Hạnh - Phạm Ngọc Thạch
Nguồn: befood_comment
Rating người dùng: 4.6
Sentiment tổng hợp: neutral
Aspect sentiment: 
Nội dung review: mở ra k thấy chả",0,1
tu_432d9c5866a965a4,432d9c5866a965a4,10227,Bánh Cuốn Đức Hạnh - Phạm Ngọc Thạch,4.6,,neutral,{},befood_comment,tự đổi nước quất không thông báo,"Tên quán: Bánh Cuốn Đức Hạnh - Phạm Ngọc Thạch
Nguồn: befood_comment
Rating người dùng: 4.6
Sentiment tổng hợp: neutral
Aspect sentiment: 
Nội dung review: tự đổi nước quất không thông báo",0,1
tu_bb6db8bb8af68fac,bb6db8bb8af68fac,2443,Bánh Giò Nóng Xuân Thủy - Lương Định Của,4.0,,neutral,{},befood_comment,Bit pricey,"Tên quán: Bánh Giò Nóng Xuân Thủy - Lương Định Của
Nguồn: befood_comment
Rating người dùng: 4.0
Sentiment tổng hợp: neutral
Aspect sentiment: 
Nội dung review: Bit pricey",0,1
tu_d29c4e15f8d815ab,d29c4e15f8d815ab,2443,Bánh Giò Nóng Xuân Thủy - Lương Định Của,4.0,,neutral,{},befood_comment,Sai/Thiếu món,"Tên quán: Bánh Giò Nóng Xuân Thủy - Lương Định Của
Nguồn: befood_comment
Rating người dùng: 4.0
Sentiment tổng hợp: neutral
Aspect sentiment: 
Nội dung review: Sai/Thiếu món",0,1
tu_8169a5598d9678f4,8169a5598d9678f4,2443,Bánh Giò Nóng Xuân Thủy - Lương Định Của,4.0,,neutral,{},befood_comment,"bánh bị hỏng vữa hết cả ra lần sau bán hàng mới cho người ta ăn nhé bực mình ??, Không đảm bảo vệ sinh","Tên quán: Bánh Giò Nóng Xuân Thủy - Lương Định Của
Nguồn: befood_comment
Rating người dùng: 4.0
Sentiment tổng hợp: neutral
Aspect sentiment: 
Nội dung review: bánh bị hỏng vữa hết cả ra lần sau bán hàng mới cho người ta ăn nhé bực mình ??, Không đảm bảo vệ sinh",0,1
tu_38dc7da1da3d8bc6,38dc7da1da3d8bc6,2443,Bánh Giò Nóng Xuân Thủy - Lương Định Của,4.0,,neutral,{},befood_comment,shop bán hàng giao thế nào mà 97k được 2 bánh giò không có giò chả ăn kèm. cái giò bên cạnh mình nua thêm mất 13k. thế 70k là 2 cái bánh giò không không có giò chả ăn kèm à??????,"Tên quán: Bánh Giò Nóng Xuân Thủy - Lương Định Của
Nguồn: befood_comment
Rating người dùng: 4.0
Sentiment tổng hợp: neutral
Aspect sentiment: 
Nội dung review: shop bán hàng giao thế nào mà 97k được 2 bánh giò không có giò chả ăn kèm. cái giò bên cạnh mình nua thêm mất 13k. thế 70k là 2 cái bánh giò không không có giò chả ăn kèm à??????",0,1
tu_883b18a78dd50111,883b18a78dd50111,2443,Bánh Giò Nóng Xuân Thủy - Lương Định Của,4.0,,neutral,{},befood_comment,1 nghìn tiền bánh 19 nghìn tiền lá. ko có tương ớt chinsu. ko có thìa xứng đáng 1 sao,"Tên quán: Bánh Giò Nóng Xuân Thủy - Lương Định Của
Nguồn: befood_comment
Rating người dùng: 4.0
Sentiment tổng hợp: neutral
Aspect sentiment: 
Nội dung review: 1 nghìn tiền bánh 19 nghìn tiền lá. ko có tương ớt chinsu. ko có thìa xứng đáng 1 sao",0,1
tu_9bd379781fdc3306,9bd379781fdc3306,116044,Cơm Bình Dân - Lạc Nghiệp,4.0,,neutral,{},befood_comment,"Đáng đồng tiền, Đóng gói tốt, Sạch sẽ","Tên quán: Cơm Bình Dân - Lạc Nghiệp
Nguồn: befood_comment
Rating người dùng: 4.0
Sentiment tổng hợp: neutral
Aspect sentiment: 
Nội dung review: Đáng đồng tiền, Đóng gói tốt, Sạch sẽ",0,1
tu_bae14e6251d76402,bae14e6251d76402,116044,Cơm Bình Dân - Lạc Nghiệp,4.0,,neutral,{},befood_comment,"Nhà hàng không ghim nắp hộp cơm, canh bị đổ, Đóng gói chưa tốt","Tên quán: Cơm Bình Dân - Lạc Nghiệp
Nguồn: befood_comment
Rating người dùng: 4.0
Sentiment tổng hợp: neutral
Aspect sentiment: 
Nội dung review: Nhà hàng không ghim nắp hộp cơm, canh bị đổ, Đóng gói chưa tốt",0,1
tu_bf65047c37a5e011,bf65047c37a5e011,116044,Cơm Bình Dân - Lạc Nghiệp,4.0,,neutral,{},befood_comment,"Thấy quán mới thử đặt nhưng thất vọng quá, với giá này thì cũng biết là chỉ đc vậy nhưng này ko giống cơm cà ri, đũa thì gãy. Mong quán cải thiện hơn","Tên quán: Cơm Bình Dân - Lạc Nghiệp
Nguồn: befood_comment
Rating người dùng: 4.0
Sentiment tổng hợp: neutral
Aspect sentiment: 
Nội dung review: Thấy quán mới thử đặt nhưng thất vọng quá, với giá này thì cũng biết là chỉ đc vậy nhưng này ko giống cơm cà ri, đũa thì gãy. Mong quán cải thiện hơn",0,1
tu_395df67ad691a2e3,395df67ad691a2e3,116044,Cơm Bình Dân - Lạc Nghiệp,4.0,,neutral,{},befood_comment,ngon lắm,"Tên quán: Cơm Bình Dân - Lạc Nghiệp
Nguồn: befood_comment
Rating người dùng: 4.0
Sentiment tổng hợp: neutral
Aspect sentiment: 
Nội dung review: ngon lắm",0,1
tu_6be3a8d708c9cac3,6be3a8d708c9cac3,16270,"Bún Chả, Bún Thịt Nướng & Thịt Xiên Cây Dâu - Nguyễn Công Trứ",5.0,,neutral,{},befood_comment,Ngon xỉu,"Tên quán: Bún Chả, Bún Thịt Nướng & Thịt Xiên Cây Dâu - Nguyễn Công Trứ
Nguồn: befood_comment
Rating người dùng: 5.0
Sentiment tổng hợp: neutral
Aspect sentiment: 
Nội dung review: Ngon xỉu",0,1
tu_4d0e9b75b856a653,4d0e9b75b856a653,16270,"Bún Chả, Bún Thịt Nướng & Thịt Xiên Cây Dâu - Nguyễn Công Trứ",5.0,,neutral,{},befood_comment,"Đóng gói tốt, Ngon xỉu, Đáng đồng tiền, Sạch sẽ","Tên quán: Bún Chả, Bún Thịt Nướng & Thịt Xiên Cây Dâu - Nguyễn Công Trứ
Nguồn: befood_comment
Rating người dùng: 5.0
Sentiment tổng hợp: neutral
Aspect sentiment: 
Nội dung review: Đóng gói tốt, Ngon xỉu, Đáng đồng tiền, Sạch sẽ",0,1
tu_b0e5561b679b896f,b0e5561b679b896f,16270,"Bún Chả, Bún Thịt Nướng & Thịt Xiên Cây Dâu - Nguyễn Công Trứ",5.0,,neutral,{},befood_comment,"Sạch sẽ, Ngon xỉu","Tên quán: Bún Chả, Bún Thịt Nướng & Thịt Xiên Cây Dâu - Nguyễn Công Trứ
Nguồn: befood_comment
Rating người dùng: 5.0
Sentiment tổng hợp: neutral
Aspect sentiment: 
Nội dung review: Sạch sẽ, Ngon xỉu",0,1
tu_9cc3cf6e7036424d,9cc3cf6e7036424d,16270,"Bún Chả, Bún Thịt Nướng & Thịt Xiên Cây Dâu - Nguyễn Công Trứ",5.0,,neutral,{},befood_comment,"Đóng gói tốt, Đáng đồng tiền, Sạch sẽ, Ngon xỉu","Tên quán: Bún Chả, Bún Thịt Nướng & Thịt Xiên Cây Dâu - Nguyễn Công Trứ
Nguồn: befood_comment
Rating người dùng: 5.0
Sentiment tổng hợp: neutral
Aspect sentiment: 
Nội dung review: Đóng gói tốt, Đáng đồng tiền, Sạch sẽ, Ngon xỉu",0,1
tu_c43d42e69981d647,c43d42e69981d647,16270,"Bún Chả, Bún Thịt Nướng & Thịt Xiên Cây Dâu - Nguyễn Công Trứ",5.0,,neutral,{},befood_comment,"fan quán lâu năm siêu ngon, Đáng đồng tiền, Ngon xỉu, Sạch sẽ, Đóng gói tốt","Tên quán: Bún Chả, Bún Thịt Nướng & Thịt Xiên Cây Dâu - Nguyễn Công Trứ
Nguồn: befood_comment
Rating người dùng: 5.0
Sentiment tổng hợp: neutral
Aspect sentiment: 
Nội dung review: fan quán lâu năm siêu ngon, Đáng đồng tiền, Ngon xỉu, Sạch sẽ, Đóng gói tốt",0,1
tu_74153ecda60c5cee,74153ecda60c5cee,16270,"Bún Chả, Bún Thịt Nướng & Thịt Xiên Cây Dâu - Nguyễn Công Trứ",5.0,,neutral,{},befood_comment,"tận 3 suất mà có tí nước mắm, cả 3 suất đều ko đủ mắm để ăn","Tên quán: Bún Chả, Bún Thịt Nướng & Thịt Xiên Cây Dâu - Nguyễn Công Trứ
Nguồn: befood_comment
Rating người dùng: 5.0
Sentiment tổng hợp: neutral
Aspect sentiment: 
Nội dung review: tận 3 suất mà có tí nước mắm, cả 3 suất đều ko đủ mắm để ăn",0,1
tu_9a81d1a4bf13121f,9a81d1a4bf13121f,128372,Cơm BomPi - Gà & Xá Xíu - Trường Chinh,4.3,,neutral,{},befood_comment,"Ngon xỉu, Đáng đồng tiền, Sạch sẽ","Tên quán: Cơm BomPi - Gà & Xá Xíu - Trường Chinh
Nguồn: befood_comment
Rating người dùng: 4.3
Sentiment tổng hợp: neutral
Aspect sentiment: 
Nội dung review: Ngon xỉu, Đáng đồng tiền, Sạch sẽ",0,1
tu_e908b117906922b3,e908b117906922b3,128372,Cơm BomPi - Gà & Xá Xíu - Trường Chinh,4.3,,neutral,{},befood_comment,"Ngon xỉu, Đáng đồng tiền, Đóng gói tốt, Sạch sẽ","Tên quán: Cơm BomPi - Gà & Xá Xíu - Trường Chinh
Nguồn: befood_comment
Rating người dùng: 4.3
Sentiment tổng hợp: neutral
Aspect sentiment: 
Nội dung review: Ngon xỉu, Đáng đồng tiền, Đóng gói tốt, Sạch sẽ",0,1
tu_ce613c0f6b23f5c0,ce613c0f6b23f5c0,128372,Cơm BomPi - Gà & Xá Xíu - Trường Chinh,4.3,,neutral,{},befood_comment,"thịt có mùi lạ giống để lâu bị thiu đồ ăn không giống trên ảnh quá tệ, Không đảm bảo vệ sinh","Tên quán: Cơm BomPi - Gà & Xá Xíu - Trường Chinh
Nguồn: befood_comment
Rating người dùng: 4.3
Sentiment tổng hợp: neutral
Aspect sentiment: 
Nội dung review: thịt có mùi lạ giống để lâu bị thiu đồ ăn không giống trên ảnh quá tệ, Không đảm bảo vệ sinh",0,1
tu_702bd59b759a1c68_0,702bd59b759a1c68,128372,Cơm BomPi - Gà & Xá Xíu - Trường Chinh,4.3,,neutral,{},befood_comment,"Góp ý cho quán mới: - Phần cơm: Ngon, hạt tơi, ăn thơm - Phần package: Đẹp, gọn gàng, chỉn chu, trình bày món ăn đẹp - Phần rau: Tươi, sạch, tuy nhiên có thể đổi rau thơm thành rau theo ngày (rau cải, rau muống, cà rốt,...) thì hợp lý hơn - Phần thức ăn: Xá xíu vị ok, gà thì hơi nhạt, không rõ vị - Định lượng: Đủ ăn, con trai ăn có thể sẽ hơi đói - Nước chấm: Chê nhất phần này, nước chấm hơi chua, nhạt nhẽo, có thể làm giống nước chấm của cơm tấm ấy Nói chung là góp ý để quán mới hoàn thiện hơn","Tên quán: Cơm BomPi - Gà & Xá Xíu - Trường Chinh
Nguồn: befood_comment
Rating người dùng: 4.3
Sentiment tổng hợp: neutral
Aspect sentiment: 
Nội dung review: Góp ý cho quán mới: - Phần cơm: Ngon, hạt tơi, ăn thơm - Phần package: Đẹp, gọn gàng, chỉn chu, trình bày món ăn đẹp - Phần rau: Tươi, sạch, tuy nhiên có thể đổi rau thơm thành rau theo ngày (rau cải, rau muống, cà rốt,...",0,2
tu_702bd59b759a1c68_1,702bd59b759a1c68,128372,Cơm BomPi - Gà & Xá Xíu - Trường Chinh,4.3,,neutral,{},befood_comment,"Góp ý cho quán mới: - Phần cơm: Ngon, hạt tơi, ăn thơm - Phần package: Đẹp, gọn gàng, chỉn chu, trình bày món ăn đẹp - Phần rau: Tươi, sạch, tuy nhiên có thể đổi rau thơm thành rau theo ngày (rau cải, rau muống, cà rốt,...) thì hợp lý hơn - Phần thức ăn: Xá xíu vị ok, gà thì hơi nhạt, không rõ vị - Định lượng: Đủ ăn, con trai ăn có thể sẽ hơi đói - Nước chấm: Chê nhất phần này, nước chấm hơi chua, nhạt nhẽo, có thể làm giống nước chấm của cơm tấm ấy Nói chung là góp ý để quán mới hoàn thiện hơn","Tên quán: Cơm BomPi - Gà & Xá Xíu - Trường Chinh
Nguồn: befood_comment
Rating người dùng: 4.3
Sentiment tổng hợp: neutral
Aspect sentiment: 
Nội dung review: uy nhiên có thể đổi rau thơm thành rau theo ngày (rau cải, rau muống, cà rốt,...) thì hợp lý hơn - Phần thức ăn: Xá xíu vị ok, gà thì hơi nhạt, không rõ vị - Định lượng: Đủ ăn, con trai ăn có thể sẽ hơi đói - Nước chấm: Chê nhất phần này, nước chấm hơi chua, nhạt nhẽo, có thể làm giống nước chấm của cơm tấm ấy Nói chung là góp ý để quán mới hoàn thiện hơn",1,2
tu_36c277b5cd85166f,36c277b5cd85166f,128372,Cơm BomPi - Gà & Xá Xíu - Trường Chinh,4.3,,neutral,{},befood_comment,"cơm hơi nhão , khẩu phần ăn ít…. thịt nhạt","Tên quán: Cơm BomPi - Gà & Xá Xíu - Trường Chinh
Nguồn: befood_comment
Rating người dùng: 4.3
Sentiment tổng hợp: neutral
Aspect sentiment: 
Nội dung review: cơm hơi nhão , khẩu phần ăn ít…. thịt nhạt",0,1
tu_e5a891feaf3d2e38,e5a891feaf3d2e38,128372,Cơm BomPi - Gà & Xá Xíu - Trường Chinh,4.3,,neutral,{},befood_comment,"shop lên cải thiện thành rau xào , Hoặc ít nhất là có chút rau luộc thì sẽ hợp lý hơn. Ăn như thế này em là nữ cũng chưa thấy no bụng, Mà thịt lợn thì lại cho hơi nhiều, gà thì bình thường không nhiều.","Tên quán: Cơm BomPi - Gà & Xá Xíu - Trường Chinh
Nguồn: befood_comment
Rating người dùng: 4.3
Sentiment tổng hợp: neutral
Aspect sentiment: 
Nội dung review: shop lên cải thiện thành rau xào , Hoặc ít nhất là có chút rau luộc thì sẽ hợp lý hơn. Ăn như thế này em là nữ cũng chưa thấy no bụng, Mà thịt lợn thì lại cho hơi nhiều, gà thì bình thường không nhiều.",0,1
tu_f74d60fd78f328c5,f74d60fd78f328c5,10856,Hồng Hạnh - Bánh Cuốn Tôm Thịt,4.7,,neutral,{},befood_comment,"shop ko đọc ghi chú xin 2 đôi đũa mà cho có 1 🥹, Không làm đúng ghi chú","Tên quán: Hồng Hạnh - Bánh Cuốn Tôm Thịt
Nguồn: befood_comment
Rating người dùng: 4.7
Sentiment tổng hợp: neutral
Aspect sentiment: 
Nội dung review: shop ko đọc ghi chú xin 2 đôi đũa mà cho có 1 🥹, Không làm đúng ghi chú",0,1
tu_b7ca8832ffca4c0c,b7ca8832ffca4c0c,10856,Hồng Hạnh - Bánh Cuốn Tôm Thịt,4.7,,neutral,{},befood_comment,"Ngon xỉu, Đóng gói tốt, Đáng đồng tiền, Sạch sẽ","Tên quán: Hồng Hạnh - Bánh Cuốn Tôm Thịt
Nguồn: befood_comment
Rating người dùng: 4.7
Sentiment tổng hợp: neutral
Aspect sentiment: 
Nội dung review: Ngon xỉu, Đóng gói tốt, Đáng đồng tiền, Sạch sẽ",0,1
tu_184ca7cec98d2d70,184ca7cec98d2d70,10856,Hồng Hạnh - Bánh Cuốn Tôm Thịt,4.7,,neutral,{},befood_comment,"Ngon xỉu, Đáng đồng tiền","Tên quán: Hồng Hạnh - Bánh Cuốn Tôm Thịt
Nguồn: befood_comment
Rating người dùng: 4.7
Sentiment tổng hợp: neutral
Aspect sentiment: 
Nội dung review: Ngon xỉu, Đáng đồng tiền",0,1
tu_3580c4a6532c92d7,3580c4a6532c92d7,10856,Hồng Hạnh - Bánh Cuốn Tôm Thịt,4.7,,neutral,{},befood_comment,3 xuất sao cho e có 1 túi nước bé tẹo vậy quán,"Tên quán: Hồng Hạnh - Bánh Cuốn Tôm Thịt
Nguồn: befood_comment
Rating người dùng: 4.7
Sentiment tổng hợp: neutral
Aspect sentiment: 
Nội dung review: 3 xuất sao cho e có 1 túi nước bé tẹo vậy quán",0,1
tu_a0b546510b6cf10e,a0b546510b6cf10e,10856,Hồng Hạnh - Bánh Cuốn Tôm Thịt,4.7,,neutral,{},befood_comment,"ảnh thì nguyên quả, bánh giao đến thì lại kiểu đánh tan quả trứng ra, kiểu lười để trứng chín cho nhanh.","Tên quán: Hồng Hạnh - Bánh Cuốn Tôm Thịt
Nguồn: befood_comment
Rating người dùng: 4.7
Sentiment tổng hợp: neutral
Aspect sentiment: 
Nội dung review: ảnh thì nguyên quả, bánh giao đến thì lại kiểu đánh tan quả trứng ra, kiểu lười để trứng chín cho nhanh.",0,1
tu_9361330c914759b6,9361330c914759b6,10856,Hồng Hạnh - Bánh Cuốn Tôm Thịt,4.7,,neutral,{},befood_comment,tôi đặt bánh cuốn hành có chả nhưng khi giao đến lại không có chả?,"Tên quán: Hồng Hạnh - Bánh Cuốn Tôm Thịt
Nguồn: befood_comment
Rating người dùng: 4.7
Sentiment tổng hợp: neutral
Aspect sentiment: 
Nội dung review: tôi đặt bánh cuốn hành có chả nhưng khi giao đến lại không có chả?",0,1
tu_56980ce2bef18ea8,56980ce2bef18ea8,32784,Nhà Hàng Đức Mai - Các Món Nhậu - Giải Phóng,4.1,,neutral,{},befood_comment,Ngon xỉu,"Tên quán: Nhà Hàng Đức Mai - Các Món Nhậu - Giải Phóng
Nguồn: befood_comment
Rating người dùng: 4.1
Sentiment tổng hợp: neutral
Aspect sentiment: 
Nội dung review: Ngon xỉu",0,1
tu_aedcbac70528ea09,aedcbac70528ea09,32784,Nhà Hàng Đức Mai - Các Món Nhậu - Giải Phóng,4.1,,neutral,{},befood_comment,Khá ngon,"Tên quán: Nhà Hàng Đức Mai - Các Món Nhậu - Giải Phóng
Nguồn: befood_comment
Rating người dùng: 4.1
Sentiment tổng hợp: neutral
Aspect sentiment: 
Nội dung review: Khá ngon",0,1
tu_668bc2d03d7c6ac9,668bc2d03d7c6ac9,32784,Nhà Hàng Đức Mai - Các Món Nhậu - Giải Phóng,4.1,,neutral,{},befood_comment,bún hôi quá,"Tên quán: Nhà Hàng Đức Mai - Các Món Nhậu - Giải Phóng
Nguồn: befood_comment
Rating người dùng: 4.1
Sentiment tổng hợp: neutral
Aspect sentiment: 
Nội dung review: bún hôi quá",0,1
tu_b41597aaa3223477,b41597aaa3223477,32784,Nhà Hàng Đức Mai - Các Món Nhậu - Giải Phóng,4.1,,neutral,{},befood_comment,"bún vụn , thịt bò nhưng là thịt lợn , bún gà nhưng lèo bèo vài miếng gà ,","Tên quán: Nhà Hàng Đức Mai - Các Món Nhậu - Giải Phóng
Nguồn: befood_comment
Rating người dùng: 4.1
Sentiment tổng hợp: neutral
Aspect sentiment: 
Nội dung review: bún vụn , thịt bò nhưng là thịt lợn , bún gà nhưng lèo bèo vài miếng gà ,",0,1
tu_8daa976614695624,8daa976614695624,32784,Nhà Hàng Đức Mai - Các Món Nhậu - Giải Phóng,4.1,,neutral,{},befood_comment,mua bún gà lại đưa phở gà,"Tên quán: Nhà Hàng Đức Mai - Các Món Nhậu - Giải Phóng
Nguồn: befood_comment
Rating người dùng: 4.1
Sentiment tổng hợp: neutral
Aspect sentiment: 
Nội dung review: mua bún gà lại đưa phở gà",0,1
tu_a1500bcea2364e07,a1500bcea2364e07,95249,Cơm Tấm Sườn Đông Dương - Trương Định,4.8,,neutral,{},befood_comment,"Ngon xỉu, Đáng đồng tiền, Đóng gói tốt","Tên quán: Cơm Tấm Sườn Đông Dương - Trương Định
Nguồn: befood_comment
Rating người dùng: 4.8
Sentiment tổng hợp: neutral
Aspect sentiment: 
Nội dung review: Ngon xỉu, Đáng đồng tiền, Đóng gói tốt",0,1
tu_b5a3ab4d33d7b2e6,b5a3ab4d33d7b2e6,95249,Cơm Tấm Sườn Đông Dương - Trương Định,4.8,,neutral,{},befood_comment,"Ngon xỉu, Đáng đồng tiền, Đóng gói tốt, Sạch sẽ","Tên quán: Cơm Tấm Sườn Đông Dương - Trương Định
Nguồn: befood_comment
Rating người dùng: 4.8
Sentiment tổng hợp: neutral
Aspect sentiment: 
Nội dung review: Ngon xỉu, Đáng đồng tiền, Đóng gói tốt, Sạch sẽ",0,1
tu_0a8455696d83968f,0a8455696d83968f,95249,Cơm Tấm Sườn Đông Dương - Trương Định,4.8,,neutral,{},befood_comment,Đáng đồng tiền,"Tên quán: Cơm Tấm Sườn Đông Dương - Trương Định
Nguồn: befood_comment
Rating người dùng: 4.8
Sentiment tổng hợp: neutral
Aspect sentiment: 
Nội dung review: Đáng đồng tiền",0,1
tu_1c88f7a69fcc4aa7,1c88f7a69fcc4aa7,95249,Cơm Tấm Sườn Đông Dương - Trương Định,4.8,,neutral,{},befood_comment,"Đáng đồng tiền, Đóng gói tốt","Tên quán: Cơm Tấm Sườn Đông Dương - Trương Định
Nguồn: befood_comment
Rating người dùng: 4.8
Sentiment tổng hợp: neutral
Aspect sentiment: 
Nội dung review: Đáng đồng tiền, Đóng gói tốt",0,1
tu_c2c98e92d448158e,c2c98e92d448158e,95249,Cơm Tấm Sườn Đông Dương - Trương Định,4.8,,neutral,{},befood_comment,Khá ngon,"Tên quán: Cơm Tấm Sườn Đông Dương - Trương Định
Nguồn: befood_comment
Rating người dùng: 4.8
Sentiment tổng hợp: neutral
Aspect sentiment: 
Nội dung review: Khá ngon",0,1
tu_a46e7b46557be716,a46e7b46557be716,95249,Cơm Tấm Sườn Đông Dương - Trương Định,4.8,,neutral,{},befood_comment,đồ ăn ngon nhưng lần sau shop chú ý đậy chắc phần canh để shiper vận chuyển không bị rớt phần canh ra ngoài túi bóng ạ,"Tên quán: Cơm Tấm Sườn Đông Dương - Trương Định
Nguồn: befood_comment
Rating người dùng: 4.8
Sentiment tổng hợp: neutral
Aspect sentiment: 
Nội dung review: đồ ăn ngon nhưng lần sau shop chú ý đậy chắc phần canh để shiper vận chuyển không bị rớt phần canh ra ngoài túi bóng ạ",0,1
tu_2a1e019c187bf675,2a1e019c187bf675,95249,Cơm Tấm Sườn Đông Dương - Trương Định,4.8,,neutral,{},befood_comment,shop gửi thiếu nước mắm,"Tên quán: Cơm Tấm Sườn Đông Dương - Trương Định
Nguồn: befood_comment
Rating người dùng: 4.8
Sentiment tổng hợp: neutral
Aspect sentiment: 
Nội dung review: shop gửi thiếu nước mắm",0,1
tu_66ea5cf40f4216fc,66ea5cf40f4216fc,116631,Bà Tuyết - Bún Thái Hải Sản & Mì Chua Cay - Lương Định Của,4.8,,neutral,{},befood_comment,"quán còn tặng thêm cả cốc nước quá chu đáo, Đáng đồng tiền, Sạch sẽ, Đóng gói tốt","Tên quán: Bà Tuyết - Bún Thái Hải Sản & Mì Chua Cay - Lương Định Của
Nguồn: befood_comment
Rating người dùng: 4.8
Sentiment tổng hợp: neutral
Aspect sentiment: 
Nội dung review: quán còn tặng thêm cả cốc nước quá chu đáo, Đáng đồng tiền, Sạch sẽ, Đóng gói tốt",0,1
tu_eae567348b722449,eae567348b722449,116631,Bà Tuyết - Bún Thái Hải Sản & Mì Chua Cay - Lương Định Của,4.8,,neutral,{},befood_comment,"Shop hỏi chấm nhưng vẫn cho đá :))) há há, Ngon xỉu, Đáng đồng tiền, Sạch sẽ","Tên quán: Bà Tuyết - Bún Thái Hải Sản & Mì Chua Cay - Lương Định Của
Nguồn: befood_comment
Rating người dùng: 4.8
Sentiment tổng hợp: neutral
Aspect sentiment: 
Nội dung review: Shop hỏi chấm nhưng vẫn cho đá :))) há há, Ngon xỉu, Đáng đồng tiền, Sạch sẽ",0,1
tu_9575c282742122d7,9575c282742122d7,116631,Bà Tuyết - Bún Thái Hải Sản & Mì Chua Cay - Lương Định Của,4.8,,neutral,{},befood_comment,Ngon xỉu,"Tên quán: Bà Tuyết - Bún Thái Hải Sản & Mì Chua Cay - Lương Định Của
Nguồn: befood_comment
Rating người dùng: 4.8
Sentiment tổng hợp: neutral
Aspect sentiment: 
Nội dung review: Ngon xỉu",0,1
tu_075ad26004e99b50,075ad26004e99b50,116631,Bà Tuyết - Bún Thái Hải Sản & Mì Chua Cay - Lương Định Của,4.8,,neutral,{},befood_comment,"Khá ngon, Không làm đúng ghi chú","Tên quán: Bà Tuyết - Bún Thái Hải Sản & Mì Chua Cay - Lương Định Của
Nguồn: befood_comment
Rating người dùng: 4.8
Sentiment tổng hợp: neutral
Aspect sentiment: 
Nội dung review: Khá ngon, Không làm đúng ghi chú",0,1
tu_e0aaa1b4ce5d9c69,e0aaa1b4ce5d9c69,116631,Bà Tuyết - Bún Thái Hải Sản & Mì Chua Cay - Lương Định Của,4.8,,neutral,{},befood_comment,cho quá nhiều mỳ chính làm khách bị choáng,"Tên quán: Bà Tuyết - Bún Thái Hải Sản & Mì Chua Cay - Lương Định Của
Nguồn: befood_comment
Rating người dùng: 4.8
Sentiment tổng hợp: neutral
Aspect sentiment: 
Nội dung review: cho quá nhiều mỳ chính làm khách bị choáng",0,1
tu_14fe32171f53a5f3,14fe32171f53a5f3,26075,Chi Nấm - Cơm Văn Phòng,4.6,,neutral,{},befood_comment,"Đóng gói tốt, Sạch sẽ","Tên quán: Chi Nấm - Cơm Văn Phòng
Nguồn: befood_comment
Rating người dùng: 4.6
Sentiment tổng hợp: neutral
Aspect sentiment: 
Nội dung review: Đóng gói tốt, Sạch sẽ",0,1
tu_fe4b04f9942496cb,fe4b04f9942496cb,26075,Chi Nấm - Cơm Văn Phòng,4.6,,neutral,{},befood_comment,Ngon xỉu,"Tên quán: Chi Nấm - Cơm Văn Phòng
Nguồn: befood_comment
Rating người dùng: 4.6
Sentiment tổng hợp: neutral
Aspect sentiment: 
Nội dung review: Ngon xỉu",0,1
tu_d4acf90420dd4896,d4acf90420dd4896,26075,Chi Nấm - Cơm Văn Phòng,4.6,,neutral,{},befood_comment,Đóng gói tốt,"Tên quán: Chi Nấm - Cơm Văn Phòng
Nguồn: befood_comment
Rating người dùng: 4.6
Sentiment tổng hợp: neutral
Aspect sentiment: 
Nội dung review: Đóng gói tốt",0,1
tu_baa33aafad427bfd,baa33aafad427bfd,26075,Chi Nấm - Cơm Văn Phòng,4.6,,neutral,{},befood_comment,bảo ko lấy canh rồi shop. toàn đổ ra ngoài thôi,"Tên quán: Chi Nấm - Cơm Văn Phòng
Nguồn: befood_comment
Rating người dùng: 4.6
Sentiment tổng hợp: neutral
Aspect sentiment: 
Nội dung review: bảo ko lấy canh rồi shop. toàn đổ ra ngoài thôi",0,1
tu_c1d0ee0a6ebf4d1c,c1d0ee0a6ebf4d1c,119585,Cơm Tấm Nàng Bơ - Phạm Ngọc Thạch,4.6,,neutral,{},befood_comment,"Đóng gói tốt, Ngon xỉu, Đáng đồng tiền, Sạch sẽ","Tên quán: Cơm Tấm Nàng Bơ - Phạm Ngọc Thạch
Nguồn: befood_comment
Rating người dùng: 4.6
Sentiment tổng hợp: neutral
Aspect sentiment: 
Nội dung review: Đóng gói tốt, Ngon xỉu, Đáng đồng tiền, Sạch sẽ",0,1
tu_559441d2e290903f,559441d2e290903f,119585,Cơm Tấm Nàng Bơ - Phạm Ngọc Thạch,4.6,,neutral,{},befood_comment,"Sạch sẽ, Ngon xỉu, Đóng gói tốt, Đáng đồng tiền","Tên quán: Cơm Tấm Nàng Bơ - Phạm Ngọc Thạch
Nguồn: befood_comment
Rating người dùng: 4.6
Sentiment tổng hợp: neutral
Aspect sentiment: 
Nội dung review: Sạch sẽ, Ngon xỉu, Đóng gói tốt, Đáng đồng tiền",0,1
tu_11375a813ed4904c,11375a813ed4904c,119585,Cơm Tấm Nàng Bơ - Phạm Ngọc Thạch,4.6,,neutral,{},befood_comment,"Sạch sẽ, Đóng gói tốt, Ngon xỉu, Đáng đồng tiền","Tên quán: Cơm Tấm Nàng Bơ - Phạm Ngọc Thạch
Nguồn: befood_comment
Rating người dùng: 4.6
Sentiment tổng hợp: neutral
Aspect sentiment: 
Nội dung review: Sạch sẽ, Đóng gói tốt, Ngon xỉu, Đáng đồng tiền",0,1
tu_b4ba6ace7a9230e7,b4ba6ace7a9230e7,119585,Cơm Tấm Nàng Bơ - Phạm Ngọc Thạch,4.6,,neutral,{},befood_comment,Khá ngon,"Tên quán: Cơm Tấm Nàng Bơ - Phạm Ngọc Thạch
Nguồn: befood_comment
Rating người dùng: 4.6
Sentiment tổng hợp: neutral
Aspect sentiment: 
Nội dung review: Khá ngon",0,1
tu_452ab6c8cbc01278,452ab6c8cbc01278,119585,Cơm Tấm Nàng Bơ - Phạm Ngọc Thạch,4.6,,neutral,{},befood_comment,cửa hàng giao thiếu mất 1 phần chả trứng,"Tên quán: Cơm Tấm Nàng Bơ - Phạm Ngọc Thạch
Nguồn: befood_comment
Rating người dùng: 4.6
Sentiment tổng hợp: neutral
Aspect sentiment: 
Nội dung review: cửa hàng giao thiếu mất 1 phần chả trứng",0,1
tu_2ea9c81799779dc4,2ea9c81799779dc4,119585,Cơm Tấm Nàng Bơ - Phạm Ngọc Thạch,4.6,,neutral,{},befood_comment,"đồ ăn ở mức ổn thôi, nhưng đóng gói rất chỉn chu và sạch sẽ","Tên quán: Cơm Tấm Nàng Bơ - Phạm Ngọc Thạch
Nguồn: befood_comment
Rating người dùng: 4.6
Sentiment tổng hợp: neutral
Aspect sentiment: 
Nội dung review: đồ ăn ở mức ổn thôi, nhưng đóng gói rất chỉn chu và sạch sẽ",0,1
tu_1bc2fbfd3f3d87a6,1bc2fbfd3f3d87a6,20058,TIỆM GÀ RÁN SỐ 19,4.6,,neutral,{},befood_comment,"Đáng đồng tiền, Đóng gói tốt, Ngon xỉu","Tên quán: TIỆM GÀ RÁN SỐ 19
Nguồn: befood_comment
Rating người dùng: 4.6
Sentiment tổng hợp: neutral
Aspect sentiment: 
Nội dung review: Đáng đồng tiền, Đóng gói tốt, Ngon xỉu",0,1
tu_21ebf86891f2c626,21ebf86891f2c626,20058,TIỆM GÀ RÁN SỐ 19,4.6,,neutral,{},befood_comment,"gà rán nhạt, khô, hộp gói còn có vệt đen đáng ngờ như bị mốc Tokbokki bị ngọt quá, Không hợp khẩu vị","Tên quán: TIỆM GÀ RÁN SỐ 19
Nguồn: befood_comment
Rating người dùng: 4.6
Sentiment tổng hợp: neutral
Aspect sentiment: 
Nội dung review: gà rán nhạt, khô, hộp gói còn có vệt đen đáng ngờ như bị mốc Tokbokki bị ngọt quá, Không hợp khẩu vị",0,1
tu_62a7fa31814d58da,62a7fa31814d58da,20058,TIỆM GÀ RÁN SỐ 19,4.6,,neutral,{},befood_comment,"Sai món rồi???, Sai/Thiếu món","Tên quán: TIỆM GÀ RÁN SỐ 19
Nguồn: befood_comment
Rating người dùng: 4.6
Sentiment tổng hợp: neutral
Aspect sentiment: 
Nội dung review: Sai món rồi???, Sai/Thiếu món",0,1
tu_c4fc9929e624bb32,c4fc9929e624bb32,20058,TIỆM GÀ RÁN SỐ 19,4.6,,neutral,{},befood_comment,"Ngon xỉu, Đóng gói tốt, Đáng đồng tiền, Sạch sẽ","Tên quán: TIỆM GÀ RÁN SỐ 19
Nguồn: befood_comment
Rating người dùng: 4.6
Sentiment tổng hợp: neutral
Aspect sentiment: 
Nội dung review: Ngon xỉu, Đóng gói tốt, Đáng đồng tiền, Sạch sẽ",0,1
tu_6d6271a0ffde48ba,6d6271a0ffde48ba,20058,TIỆM GÀ RÁN SỐ 19,4.6,,neutral,{},befood_comment,"Ngon xỉu, Đáng đồng tiền, Đóng gói tốt, Sạch sẽ","Tên quán: TIỆM GÀ RÁN SỐ 19
Nguồn: befood_comment
Rating người dùng: 4.6
Sentiment tổng hợp: neutral
Aspect sentiment: 
Nội dung review: Ngon xỉu, Đáng đồng tiền, Đóng gói tốt, Sạch sẽ",0,1
tu_bb677070abc67bdb,bb677070abc67bdb,20058,TIỆM GÀ RÁN SỐ 19,4.6,,neutral,{},befood_comment,Không hợp khẩu vị,"Tên quán: TIỆM GÀ RÁN SỐ 19
Nguồn: befood_comment
Rating người dùng: 4.6
Sentiment tổng hợp: neutral
Aspect sentiment: 
Nội dung review: Không hợp khẩu vị",0,1
tu_92bace2c5a8c1274,92bace2c5a8c1274,20058,TIỆM GÀ RÁN SỐ 19,4.6,,neutral,{},befood_comment,Giá thành quá cao. Nên note là nửa con hoặc 1/3. Chứ suất này chỉ đủ 1 người ăn.,"Tên quán: TIỆM GÀ RÁN SỐ 19
Nguồn: befood_comment
Rating người dùng: 4.6
Sentiment tổng hợp: neutral
Aspect sentiment: 
Nội dung review: Giá thành quá cao. Nên note là nửa con hoặc 1/3. Chứ suất này chỉ đủ 1 người ăn.",0,1
tu_46ba44d9bd53bc87,46ba44d9bd53bc87,20058,TIỆM GÀ RÁN SỐ 19,4.6,,neutral,{},befood_comment,gà cũ k giòn ỉu ăn rất khô,"Tên quán: TIỆM GÀ RÁN SỐ 19
Nguồn: befood_comment
Rating người dùng: 4.6
Sentiment tổng hợp: neutral
Aspect sentiment: 
Nội dung review: gà cũ k giòn ỉu ăn rất khô",0,1
tu_3bc9c374dea2c0f8,3bc9c374dea2c0f8,20000,Bánh Cuốn Nóng - Nguyễn Bỉnh Khiêm,4.5,,neutral,{},befood_comment,"đặt 3 set chân gà lại giao 3 cai, Sai/Thiếu món","Tên quán: Bánh Cuốn Nóng - Nguyễn Bỉnh Khiêm
Nguồn: befood_comment
Rating người dùng: 4.5
Sentiment tổng hợp: neutral
Aspect sentiment: 
Nội dung review: đặt 3 set chân gà lại giao 3 cai, Sai/Thiếu món",0,1
tu_f825b3c97028ece2,f825b3c97028ece2,20000,Bánh Cuốn Nóng - Nguyễn Bỉnh Khiêm,4.5,,neutral,{},befood_comment,Sạch sẽ,"Tên quán: Bánh Cuốn Nóng - Nguyễn Bỉnh Khiêm
Nguồn: befood_comment
Rating người dùng: 4.5
Sentiment tổng hợp: neutral
Aspect sentiment: 
Nội dung review: Sạch sẽ",0,1
tu_37e38e7f7f47e901,37e38e7f7f47e901,20000,Bánh Cuốn Nóng - Nguyễn Bỉnh Khiêm,4.5,,neutral,{},befood_comment,"Ngon xỉu, Đóng gói tốt, Đáng đồng tiền, Sạch sẽ","Tên quán: Bánh Cuốn Nóng - Nguyễn Bỉnh Khiêm
Nguồn: befood_comment
Rating người dùng: 4.5
Sentiment tổng hợp: neutral
Aspect sentiment: 
Nội dung review: Ngon xỉu, Đóng gói tốt, Đáng đồng tiền, Sạch sẽ",0,1
tu_4edb3179250cacb8,4edb3179250cacb8,20000,Bánh Cuốn Nóng - Nguyễn Bỉnh Khiêm,4.5,,neutral,{},befood_comment,Không làm đúng ghi chú,"Tên quán: Bánh Cuốn Nóng - Nguyễn Bỉnh Khiêm
Nguồn: befood_comment
Rating người dùng: 4.5
Sentiment tổng hợp: neutral
Aspect sentiment: 
Nội dung review: Không làm đúng ghi chú",0,1
tu_cf714285e0b3cbad,cf714285e0b3cbad,20000,Bánh Cuốn Nóng - Nguyễn Bỉnh Khiêm,4.5,,neutral,{},befood_comment,đặt 5 suất k mà k có đũa hay bát dùng tạm đựng nước mắm,"Tên quán: Bánh Cuốn Nóng - Nguyễn Bỉnh Khiêm
Nguồn: befood_comment
Rating người dùng: 4.5
Sentiment tổng hợp: neutral
Aspect sentiment: 
Nội dung review: đặt 5 suất k mà k có đũa hay bát dùng tạm đựng nước mắm",0,1
tu_4c248315cbd99fbd,4c248315cbd99fbd,76892,GONGFU CHICKEN - Trương Định,4.7,,neutral,{},befood_comment,"giao lần đầu thì sai món, gọi lại giao lần 2 thì nhầm địa chỉ. 1 tiếng chưa được ăn, chịu quán, Sai/Thiếu món","Tên quán: GONGFU CHICKEN - Trương Định
Nguồn: befood_comment
Rating người dùng: 4.7
Sentiment tổng hợp: neutral
Aspect sentiment: 
Nội dung review: giao lần đầu thì sai món, gọi lại giao lần 2 thì nhầm địa chỉ. 1 tiếng chưa được ăn, chịu quán, Sai/Thiếu món",0,1
tu_01f828c78dbbdf9b,01f828c78dbbdf9b,76892,GONGFU CHICKEN - Trương Định,4.7,,neutral,{},befood_comment,"Ngon xỉu, Đáng đồng tiền, Đóng gói tốt, Sạch sẽ","Tên quán: GONGFU CHICKEN - Trương Định
Nguồn: befood_comment
Rating người dùng: 4.7
Sentiment tổng hợp: neutral
Aspect sentiment: 
Nội dung review: Ngon xỉu, Đáng đồng tiền, Đóng gói tốt, Sạch sẽ",0,1
tu_d8c3d6037a5532d6,d8c3d6037a5532d6,76892,GONGFU CHICKEN - Trương Định,4.7,,neutral,{},befood_comment,Ngon xỉu,"Tên quán: GONGFU CHICKEN - Trương Định
Nguồn: befood_comment
Rating người dùng: 4.7
Sentiment tổng hợp: neutral
Aspect sentiment: 
Nội dung review: Ngon xỉu",0,1
tu_27161b13737ef73b,27161b13737ef73b,76892,GONGFU CHICKEN - Trương Định,4.7,,neutral,{},befood_comment,"Ngon xỉu, Đáng đồng tiền, Sạch sẽ, Đóng gói tốt","Tên quán: GONGFU CHICKEN - Trương Định
Nguồn: befood_comment
Rating người dùng: 4.7
Sentiment tổng hợp: neutral
Aspect sentiment: 
Nội dung review: Ngon xỉu, Đáng đồng tiền, Sạch sẽ, Đóng gói tốt",0,1
tu_ddcce94a89caf6c9,ddcce94a89caf6c9,76892,GONGFU CHICKEN - Trương Định,4.7,,neutral,{},befood_comment,"Ngon xỉu, Đóng gói tốt, Đáng đồng tiền, Sạch sẽ","Tên quán: GONGFU CHICKEN - Trương Định
Nguồn: befood_comment
Rating người dùng: 4.7
Sentiment tổng hợp: neutral
Aspect sentiment: 
Nội dung review: Ngon xỉu, Đóng gói tốt, Đáng đồng tiền, Sạch sẽ",0,1
tu_d6dc2e6bb681d776,d6dc2e6bb681d776,76892,GONGFU CHICKEN - Trương Định,4.7,,neutral,{},befood_comment,"thiếu đũa thìa, tương chấm","Tên quán: GONGFU CHICKEN - Trương Định
Nguồn: befood_comment
Rating người dùng: 4.7
Sentiment tổng hợp: neutral
Aspect sentiment: 
Nội dung review: thiếu đũa thìa, tương chấm",0,1
tu_bf1bdcb4321bae2e,bf1bdcb4321bae2e,76892,GONGFU CHICKEN - Trương Định,4.7,,neutral,{},befood_comment,đặt combo nửa con gà mà giao chỉ có nửa con gà còn nước với khoai tây chiên đâu ??,"Tên quán: GONGFU CHICKEN - Trương Định
Nguồn: befood_comment
Rating người dùng: 4.7
Sentiment tổng hợp: neutral
Aspect sentiment: 
Nội dung review: đặt combo nửa con gà mà giao chỉ có nửa con gà còn nước với khoai tây chiên đâu ??",0,1
tu_414b9e07a855adfa,414b9e07a855adfa,76892,GONGFU CHICKEN - Trương Định,4.7,,neutral,{},befood_comment,"Bình thường hay đặt quán đều ok, nay gà rán khô quắt, thiếu đũa thìa 2 lần r dù đặt cơm với mì","Tên quán: GONGFU CHICKEN - Trương Định
Nguồn: befood_comment
Rating người dùng: 4.7
Sentiment tổng hợp: neutral
Aspect sentiment: 
Nội dung review: Bình thường hay đặt quán đều ok, nay gà rán khô quắt, thiếu đũa thìa 2 lần r dù đặt cơm với mì",0,1
tu_1db3df20f257e939,1db3df20f257e939,68175,Cơm Quê Ngõ Nhỏ - Đồng Nhân,4.6,,neutral,{},befood_comment,Ngon xỉu,"Tên quán: Cơm Quê Ngõ Nhỏ - Đồng Nhân
Nguồn: befood_comment
Rating người dùng: 4.6
Sentiment tổng hợp: neutral
Aspect sentiment: 
Nội dung review: Ngon xỉu",0,1
tu_23d2a20dbd94caf5,23d2a20dbd94caf5,68175,Cơm Quê Ngõ Nhỏ - Đồng Nhân,4.6,,neutral,{},befood_comment,"Đáng đồng tiền, Sạch sẽ","Tên quán: Cơm Quê Ngõ Nhỏ - Đồng Nhân
Nguồn: befood_comment
Rating người dùng: 4.6
Sentiment tổng hợp: neutral
Aspect sentiment: 
Nội dung review: Đáng đồng tiền, Sạch sẽ",0,1
tu_25496d3ac9c8d948,25496d3ac9c8d948,68175,Cơm Quê Ngõ Nhỏ - Đồng Nhân,4.6,,neutral,{},befood_comment,"Ngon xỉu, Đáng đồng tiền, Đóng gói tốt, Sạch sẽ","Tên quán: Cơm Quê Ngõ Nhỏ - Đồng Nhân
Nguồn: befood_comment
Rating người dùng: 4.6
Sentiment tổng hợp: neutral
Aspect sentiment: 
Nội dung review: Ngon xỉu, Đáng đồng tiền, Đóng gói tốt, Sạch sẽ",0,1
tu_b141e7dac4821851,b141e7dac4821851,68175,Cơm Quê Ngõ Nhỏ - Đồng Nhân,4.6,,neutral,{},befood_comment,"Sạch sẽ, Ngon xỉu","Tên quán: Cơm Quê Ngõ Nhỏ - Đồng Nhân
Nguồn: befood_comment
Rating người dùng: 4.6
Sentiment tổng hợp: neutral
Aspect sentiment: 
Nội dung review: Sạch sẽ, Ngon xỉu",0,1
tu_ef8faf116e4c2b67,ef8faf116e4c2b67,68175,Cơm Quê Ngõ Nhỏ - Đồng Nhân,4.6,,neutral,{},befood_comment,"giao sai món, đặt gà xào nhưng giao sườn :)), Sai/Thiếu món","Tên quán: Cơm Quê Ngõ Nhỏ - Đồng Nhân
Nguồn: befood_comment
Rating người dùng: 4.6
Sentiment tổng hợp: neutral
Aspect sentiment: 
Nội dung review: giao sai món, đặt gà xào nhưng giao sườn :)), Sai/Thiếu món",0,1
tu_749eb938267df596,749eb938267df596,68175,Cơm Quê Ngõ Nhỏ - Đồng Nhân,4.6,,neutral,{},befood_comment,đậu sốt k có nc sốt à quán ơi,"Tên quán: Cơm Quê Ngõ Nhỏ - Đồng Nhân
Nguồn: befood_comment
Rating người dùng: 4.6
Sentiment tổng hợp: neutral
Aspect sentiment: 
Nội dung review: đậu sốt k có nc sốt à quán ơi",0,1
tu_05aa067cdcd9cf3f,05aa067cdcd9cf3f,68175,Cơm Quê Ngõ Nhỏ - Đồng Nhân,4.6,,neutral,{},befood_comment,"đậu rán hơi kỹ, nên rán sơ sơ thì ăn đỡ khô","Tên quán: Cơm Quê Ngõ Nhỏ - Đồng Nhân
Nguồn: befood_comment
Rating người dùng: 4.6
Sentiment tổng hợp: neutral
Aspect sentiment: 
Nội dung review: đậu rán hơi kỹ, nên rán sơ sơ thì ăn đỡ khô",0,1
tu_3f3845d792e00e6d,3f3845d792e00e6d,68175,Cơm Quê Ngõ Nhỏ - Đồng Nhân,4.6,,neutral,{},befood_comment,đầu bếp bị rụng tóc thì mua dầu gội chống rụng bên mình nhé,"Tên quán: Cơm Quê Ngõ Nhỏ - Đồng Nhân
Nguồn: befood_comment
Rating người dùng: 4.6
Sentiment tổng hợp: neutral
Aspect sentiment: 
Nội dung review: đầu bếp bị rụng tóc thì mua dầu gội chống rụng bên mình nhé",0,1
tu_28b90248ff2037ab,28b90248ff2037ab,8868,Cơm Rang 10 Cẩm - Ngõ Trại Cá,4.6,,neutral,{},befood_comment,"cơm có mùi kỳ lắm như mùi dầu mỡ cũ ko thơm., Không hợp khẩu vị","Tên quán: Cơm Rang 10 Cẩm - Ngõ Trại Cá
Nguồn: befood_comment
Rating người dùng: 4.6
Sentiment tổng hợp: neutral
Aspect sentiment: 
Nội dung review: cơm có mùi kỳ lắm như mùi dầu mỡ cũ ko thơm., Không hợp khẩu vị",0,1
tu_ea80df815e15954e,ea80df815e15954e,8868,Cơm Rang 10 Cẩm - Ngõ Trại Cá,4.6,,neutral,{},befood_comment,Sạch sẽ,"Tên quán: Cơm Rang 10 Cẩm - Ngõ Trại Cá
Nguồn: befood_comment
Rating người dùng: 4.6
Sentiment tổng hợp: neutral
Aspect sentiment: 
Nội dung review: Sạch sẽ",0,1
tu_0f803a7f9028386a,0f803a7f9028386a,8868,Cơm Rang 10 Cẩm - Ngõ Trại Cá,4.6,,neutral,{},befood_comment,Ngon xỉu,"Tên quán: Cơm Rang 10 Cẩm - Ngõ Trại Cá
Nguồn: befood_comment
Rating người dùng: 4.6
Sentiment tổng hợp: neutral
Aspect sentiment: 
Nội dung review: Ngon xỉu",0,1
tu_fa68db1f0b70d704,fa68db1f0b70d704,8868,Cơm Rang 10 Cẩm - Ngõ Trại Cá,4.6,,neutral,{},befood_comment,"Đóng gói tốt, Đáng đồng tiền, Ngon xỉu","Tên quán: Cơm Rang 10 Cẩm - Ngõ Trại Cá
Nguồn: befood_comment
Rating người dùng: 4.6
Sentiment tổng hợp: neutral
Aspect sentiment: 
Nội dung review: Đóng gói tốt, Đáng đồng tiền, Ngon xỉu",0,1
tu_d89db4921273192b,d89db4921273192b,8868,Cơm Rang 10 Cẩm - Ngõ Trại Cá,4.6,,neutral,{},befood_comment,4 xuất cơm cho 1 đôi đũa. không canh 4 ly coca không 1 cái ống hút quán xá như cái l vậy dẹp mẹ đi,"Tên quán: Cơm Rang 10 Cẩm - Ngõ Trại Cá
Nguồn: befood_comment
Rating người dùng: 4.6
Sentiment tổng hợp: neutral
Aspect sentiment: 
Nội dung review: 4 xuất cơm cho 1 đôi đũa. không canh 4 ly coca không 1 cái ống hút quán xá như cái l vậy dẹp mẹ đi",0,1
tu_1bf973f0e67b6f8b,1bf973f0e67b6f8b,24720,Gà Rán Tok Tok - Khâm Thiên,4.9,,neutral,{},befood_comment,"Đóng gói tốt, Ngon xỉu, Đáng đồng tiền, Sạch sẽ","Tên quán: Gà Rán Tok Tok - Khâm Thiên
Nguồn: befood_comment
Rating người dùng: 4.9
Sentiment tổng hợp: neutral
Aspect sentiment: 
Nội dung review: Đóng gói tốt, Ngon xỉu, Đáng đồng tiền, Sạch sẽ",0,1
tu_5b00261bf5d59adc,5b00261bf5d59adc,24720,Gà Rán Tok Tok - Khâm Thiên,4.9,,neutral,{},befood_comment,"Ngon xỉu, Đáng đồng tiền, Sạch sẽ, Đóng gói tốt","Tên quán: Gà Rán Tok Tok - Khâm Thiên
Nguồn: befood_comment
Rating người dùng: 4.9
Sentiment tổng hợp: neutral
Aspect sentiment: 
Nội dung review: Ngon xỉu, Đáng đồng tiền, Sạch sẽ, Đóng gói tốt",0,1
tu_de31cea0bf83ca54,de31cea0bf83ca54,24720,Gà Rán Tok Tok - Khâm Thiên,4.9,,neutral,{},befood_comment,"Đáng đồng tiền, Sạch sẽ, Đóng gói tốt","Tên quán: Gà Rán Tok Tok - Khâm Thiên
Nguồn: befood_comment
Rating người dùng: 4.9
Sentiment tổng hợp: neutral
Aspect sentiment: 
Nội dung review: Đáng đồng tiền, Sạch sẽ, Đóng gói tốt",0,1
tu_90584d9c2400cd2c,90584d9c2400cd2c,24720,Gà Rán Tok Tok - Khâm Thiên,4.9,,neutral,{},befood_comment,Delicious,"Tên quán: Gà Rán Tok Tok - Khâm Thiên
Nguồn: befood_comment
Rating người dùng: 4.9
Sentiment tổng hợp: neutral
Aspect sentiment: 
Nội dung review: Delicious",0,1
tu_ed10fb83982cb564,ed10fb83982cb564,57665,Phở Bò Gà & Bún Miến Ngan 343 - Phố Vọng,4.8,,neutral,{},befood_comment,"Sạch sẽ, Đóng gói tốt, Đáng đồng tiền","Tên quán: Phở Bò Gà & Bún Miến Ngan 343 - Phố Vọng
Nguồn: befood_comment
Rating người dùng: 4.8
Sentiment tổng hợp: neutral
Aspect sentiment: 
Nội dung review: Sạch sẽ, Đóng gói tốt, Đáng đồng tiền",0,1
tu_5b0c5c60603e2be6,5b0c5c60603e2be6,57665,Phở Bò Gà & Bún Miến Ngan 343 - Phố Vọng,4.8,,neutral,{},befood_comment,"Ngon xỉu, Đáng đồng tiền","Tên quán: Phở Bò Gà & Bún Miến Ngan 343 - Phố Vọng
Nguồn: befood_comment
Rating người dùng: 4.8
Sentiment tổng hợp: neutral
Aspect sentiment: 
Nội dung review: Ngon xỉu, Đáng đồng tiền",0,1
tu_ecf8f1e6eb76ce7a,ecf8f1e6eb76ce7a,57665,Phở Bò Gà & Bún Miến Ngan 343 - Phố Vọng,4.8,,neutral,{},befood_comment,Đáng đồng tiền,"Tên quán: Phở Bò Gà & Bún Miến Ngan 343 - Phố Vọng
Nguồn: befood_comment
Rating người dùng: 4.8
Sentiment tổng hợp: neutral
Aspect sentiment: 
Nội dung review: Đáng đồng tiền",0,1
tu_20a3fbfde373b491,20a3fbfde373b491,57665,Phở Bò Gà & Bún Miến Ngan 343 - Phố Vọng,4.8,,neutral,{},befood_comment,"Đáng đồng tiền, Đóng gói tốt, Ngon xỉu, Sạch sẽ","Tên quán: Phở Bò Gà & Bún Miến Ngan 343 - Phố Vọng
Nguồn: befood_comment
Rating người dùng: 4.8
Sentiment tổng hợp: neutral
Aspect sentiment: 
Nội dung review: Đáng đồng tiền, Đóng gói tốt, Ngon xỉu, Sạch sẽ",0,1
tu_cf0899d9e1fd6a55,cf0899d9e1fd6a55,57665,Phở Bò Gà & Bún Miến Ngan 343 - Phố Vọng,4.8,,neutral,{},befood_comment,mặn,"Tên quán: Phở Bò Gà & Bún Miến Ngan 343 - Phố Vọng
Nguồn: befood_comment
Rating người dùng: 4.8
Sentiment tổng hợp: neutral
Aspect sentiment: 
Nội dung review: mặn",0,1
tu_ce70dc099a4b08c4,ce70dc099a4b08c4,57665,Phở Bò Gà & Bún Miến Ngan 343 - Phố Vọng,4.8,,neutral,{},befood_comment,"be lại giống grap à , lại cùng nhau sập 1 lúc","Tên quán: Phở Bò Gà & Bún Miến Ngan 343 - Phố Vọng
Nguồn: befood_comment
Rating người dùng: 4.8
Sentiment tổng hợp: neutral
Aspect sentiment: 
Nội dung review: be lại giống grap à , lại cùng nhau sập 1 lúc",0,1
tu_cc652353c237a8f9,cc652353c237a8f9,57665,Phở Bò Gà & Bún Miến Ngan 343 - Phố Vọng,4.8,,neutral,{},befood_comment,Cảm nhận khá tệ :),"Tên quán: Phở Bò Gà & Bún Miến Ngan 343 - Phố Vọng
Nguồn: befood_comment
Rating người dùng: 4.8
Sentiment tổng hợp: neutral
Aspect sentiment: 
Nội dung review: Cảm nhận khá tệ :)",0,1
tu_61874fc7dacab8cd,61874fc7dacab8cd,11020,Bún Chả Cô An - Hanoi Grilled Pork Noodles - Khâm Thiên,4.6,,neutral,{},befood_comment,"bình thường thêm bún ngta cho miễn phí mà đây mất 6k bún thêm r mà vẫn ko đc thêm :) chán, Sai/Thiếu món","Tên quán: Bún Chả Cô An - Hanoi Grilled Pork Noodles - Khâm Thiên
Nguồn: befood_comment
Rating người dùng: 4.6
Sentiment tổng hợp: neutral
Aspect sentiment: 
Nội dung review: bình thường thêm bún ngta cho miễn phí mà đây mất 6k bún thêm r mà vẫn ko đc thêm :) chán, Sai/Thiếu món",0,1
tu_48fb88923c7abc3d,48fb88923c7abc3d,11020,Bún Chả Cô An - Hanoi Grilled Pork Noodles - Khâm Thiên,4.6,,neutral,{},befood_comment,"Ngon xỉu, Đáng đồng tiền, Đóng gói tốt, Sạch sẽ","Tên quán: Bún Chả Cô An - Hanoi Grilled Pork Noodles - Khâm Thiên
Nguồn: befood_comment
Rating người dùng: 4.6
Sentiment tổng hợp: neutral
Aspect sentiment: 
Nội dung review: Ngon xỉu, Đáng đồng tiền, Đóng gói tốt, Sạch sẽ",0,1
tu_6b9e92bc734010c2,6b9e92bc734010c2,11020,Bún Chả Cô An - Hanoi Grilled Pork Noodles - Khâm Thiên,4.6,,neutral,{},befood_comment,"Đóng gói tốt, Sạch sẽ","Tên quán: Bún Chả Cô An - Hanoi Grilled Pork Noodles - Khâm Thiên
Nguồn: befood_comment
Rating người dùng: 4.6
Sentiment tổng hợp: neutral
Aspect sentiment: 
Nội dung review: Đóng gói tốt, Sạch sẽ",0,1
tu_78c86377ba689d25,78c86377ba689d25,11020,Bún Chả Cô An - Hanoi Grilled Pork Noodles - Khâm Thiên,4.6,,neutral,{},befood_comment,"Lúc nào cx ngon hết nma bth mình ăn rau sống ko sao tự nhin nay bị đi ẻ ko tiêu hóa đc rau ? mong sốp rửa kĩ hơn ạ huhu, Ngon xỉu, Đáng đồng tiền, Đóng gói tốt, Sạch sẽ","Tên quán: Bún Chả Cô An - Hanoi Grilled Pork Noodles - Khâm Thiên
Nguồn: befood_comment
Rating người dùng: 4.6
Sentiment tổng hợp: neutral
Aspect sentiment: 
Nội dung review: Lúc nào cx ngon hết nma bth mình ăn rau sống ko sao tự nhin nay bị đi ẻ ko tiêu hóa đc rau ? mong sốp rửa kĩ hơn ạ huhu, Ngon xỉu, Đáng đồng tiền, Đóng gói tốt, Sạch sẽ",0,1
tu_2e2e627db8001824,2e2e627db8001824,11020,Bún Chả Cô An - Hanoi Grilled Pork Noodles - Khâm Thiên,4.6,,neutral,{},befood_comment,Ngon xỉu,"Tên quán: Bún Chả Cô An - Hanoi Grilled Pork Noodles - Khâm Thiên
Nguồn: befood_comment
Rating người dùng: 4.6
Sentiment tổng hợp: neutral
Aspect sentiment: 
Nội dung review: Ngon xỉu",0,1
tu_73bb02a1d9cc1fbc,73bb02a1d9cc1fbc,11020,Bún Chả Cô An - Hanoi Grilled Pork Noodles - Khâm Thiên,4.6,,neutral,{},befood_comment,Không hợp khẩu vị,"Tên quán: Bún Chả Cô An - Hanoi Grilled Pork Noodles - Khâm Thiên
Nguồn: befood_comment
Rating người dùng: 4.6
Sentiment tổng hợp: neutral
Aspect sentiment: 
Nội dung review: Không hợp khẩu vị",0,1
tu_ccf9f4d2a1b76fe3,ccf9f4d2a1b76fe3,11020,Bún Chả Cô An - Hanoi Grilled Pork Noodles - Khâm Thiên,4.6,,neutral,{},befood_comment,"thường xuyên làm thiếu món, gọi báo thì kêu là ""cô mệt mỏi lắm rồi, gọi cho ship đi, tại ship đọc sai đơn chứ, bảo ship qua lấy đi"". Nếu cảm thấy mệt quá thì đóng cửa hàng đi. Bán hàng mà không coi khách ra gì., Sai/Thiếu món","Tên quán: Bún Chả Cô An - Hanoi Grilled Pork Noodles - Khâm Thiên
Nguồn: befood_comment
Rating người dùng: 4.6
Sentiment tổng hợp: neutral
Aspect sentiment: 
Nội dung review: thường xuyên làm thiếu món, gọi báo thì kêu là ""cô mệt mỏi lắm rồi, gọi cho ship đi, tại ship đọc sai đơn chứ, bảo ship qua lấy đi"". Nếu cảm thấy mệt quá thì đóng cửa hàng đi. Bán hàng mà không coi khách ra gì., Sai/Thiếu món",0,1
tu_f3b46719064fb704,f3b46719064fb704,11020,Bún Chả Cô An - Hanoi Grilled Pork Noodles - Khâm Thiên,4.6,,neutral,{},befood_comment,quán ko cho đũa thì mình ăn kiểu gì ạ,"Tên quán: Bún Chả Cô An - Hanoi Grilled Pork Noodles - Khâm Thiên
Nguồn: befood_comment
Rating người dùng: 4.6
Sentiment tổng hợp: neutral
Aspect sentiment: 
Nội dung review: quán ko cho đũa thì mình ăn kiểu gì ạ",0,1
tu_083baa63f3257c94,083baa63f3257c94,11020,Bún Chả Cô An - Hanoi Grilled Pork Noodles - Khâm Thiên,4.6,,neutral,{},befood_comment,hơi nguội,"Tên quán: Bún Chả Cô An - Hanoi Grilled Pork Noodles - Khâm Thiên
Nguồn: befood_comment
Rating người dùng: 4.6
Sentiment tổng hợp: neutral
Aspect sentiment: 
Nội dung review: hơi nguội",0,1
tu_f846ae48e4339c4a,f846ae48e4339c4a,11020,Bún Chả Cô An - Hanoi Grilled Pork Noodles - Khâm Thiên,4.6,,neutral,{},befood_comment,ăn cũng ngon mà kh hợp khẩu vị mình,"Tên quán: Bún Chả Cô An - Hanoi Grilled Pork Noodles - Khâm Thiên
Nguồn: befood_comment
Rating người dùng: 4.6
Sentiment tổng hợp: neutral
Aspect sentiment: 
Nội dung review: ăn cũng ngon mà kh hợp khẩu vị mình",0,1
tu_daa98ba7813840c7,daa98ba7813840c7,103124,Habon Chicken - Tiệm Gà Rán Hàn Quốc - Ngõ Trại Cá,4.7,,neutral,{},befood_comment,"gà ngon mang về còn nóng hổi mọng nước nhiều sốt nữa ạ, tok sốt rose béo ngậy ngon rất vừa miệng lần sau sẽ đặt tiếp ạ, Ngon xỉu, Đóng gói tốt, Đáng đồng tiền, Sạch sẽ","Tên quán: Habon Chicken - Tiệm Gà Rán Hàn Quốc - Ngõ Trại Cá
Nguồn: befood_comment
Rating người dùng: 4.7
Sentiment tổng hợp: neutral
Aspect sentiment: 
Nội dung review: gà ngon mang về còn nóng hổi mọng nước nhiều sốt nữa ạ, tok sốt rose béo ngậy ngon rất vừa miệng lần sau sẽ đặt tiếp ạ, Ngon xỉu, Đóng gói tốt, Đáng đồng tiền, Sạch sẽ",0,1
tu_a9f0bce3fbb206d4,a9f0bce3fbb206d4,103124,Habon Chicken - Tiệm Gà Rán Hàn Quốc - Ngõ Trại Cá,4.7,,neutral,{},befood_comment,"Đáng đồng tiền, Đóng gói tốt, Ngon xỉu, Sạch sẽ","Tên quán: Habon Chicken - Tiệm Gà Rán Hàn Quốc - Ngõ Trại Cá
Nguồn: befood_comment
Rating người dùng: 4.7
Sentiment tổng hợp: neutral
Aspect sentiment: 
Nội dung review: Đáng đồng tiền, Đóng gói tốt, Ngon xỉu, Sạch sẽ",0,1
tu_3cd55ad14661c839,3cd55ad14661c839,103124,Habon Chicken - Tiệm Gà Rán Hàn Quốc - Ngõ Trại Cá,4.7,,neutral,{},befood_comment,"đồ đến tay vẫn thơm vs nóng ngon nha đã ăn mấy lần r ship cx nhanh nx sẽ ủng hộ shop tiếp, Ngon xỉu","Tên quán: Habon Chicken - Tiệm Gà Rán Hàn Quốc - Ngõ Trại Cá
Nguồn: befood_comment
Rating người dùng: 4.7
Sentiment tổng hợp: neutral
Aspect sentiment: 
Nội dung review: đồ đến tay vẫn thơm vs nóng ngon nha đã ăn mấy lần r ship cx nhanh nx sẽ ủng hộ shop tiếp, Ngon xỉu",0,1
tu_26b0ffd92ad46de1,26b0ffd92ad46de1,103124,Habon Chicken - Tiệm Gà Rán Hàn Quốc - Ngõ Trại Cá,4.7,,neutral,{},befood_comment,mua gà sốt phomai lại ship gà sốt hành,"Tên quán: Habon Chicken - Tiệm Gà Rán Hàn Quốc - Ngõ Trại Cá
Nguồn: befood_comment
Rating người dùng: 4.7
Sentiment tổng hợp: neutral
Aspect sentiment: 
Nội dung review: mua gà sốt phomai lại ship gà sốt hành",0,1
tu_0020e07e008bfae7,0020e07e008bfae7,126401,"Happy Food - Đồ Ăn Hàn, Gà Rán Sốt & Cơm Bò HQ - Phùng Khắc Khoan",4.2,,neutral,{},befood_comment,"ngon lắm ý mng ơi, còn rẻ nữaaaa, áp mã vào hnhu còn có 40k 1 hộp ú nu nnay ýy, Đáng đồng tiền, Ngon xỉu","Tên quán: Happy Food - Đồ Ăn Hàn, Gà Rán Sốt & Cơm Bò HQ - Phùng Khắc Khoan
Nguồn: befood_comment
Rating người dùng: 4.2
Sentiment tổng hợp: neutral
Aspect sentiment: 
Nội dung review: ngon lắm ý mng ơi, còn rẻ nữaaaa, áp mã vào hnhu còn có 40k 1 hộp ú nu nnay ýy, Đáng đồng tiền, Ngon xỉu",0,1
tu_1775324af4f0c23a,1775324af4f0c23a,126401,"Happy Food - Đồ Ăn Hàn, Gà Rán Sốt & Cơm Bò HQ - Phùng Khắc Khoan",4.2,,neutral,{},befood_comment,"Bình thường quán làm cũng đủ mà nay suất của mình kem hành chỉ có hành ko kem 🥲, Sai/Thiếu món","Tên quán: Happy Food - Đồ Ăn Hàn, Gà Rán Sốt & Cơm Bò HQ - Phùng Khắc Khoan
Nguồn: befood_comment
Rating người dùng: 4.2
Sentiment tổng hợp: neutral
Aspect sentiment: 
Nội dung review: Bình thường quán làm cũng đủ mà nay suất của mình kem hành chỉ có hành ko kem 🥲, Sai/Thiếu món",0,1
tu_659de155310c1186,659de155310c1186,126401,"Happy Food - Đồ Ăn Hàn, Gà Rán Sốt & Cơm Bò HQ - Phùng Khắc Khoan",4.2,,neutral,{},befood_comment,"Ngon xỉu, Đáng đồng tiền, Sạch sẽ, Đóng gói tốt","Tên quán: Happy Food - Đồ Ăn Hàn, Gà Rán Sốt & Cơm Bò HQ - Phùng Khắc Khoan
Nguồn: befood_comment
Rating người dùng: 4.2
Sentiment tổng hợp: neutral
Aspect sentiment: 
Nội dung review: Ngon xỉu, Đáng đồng tiền, Sạch sẽ, Đóng gói tốt",0,1
tu_1df4016c7236dc7b,1df4016c7236dc7b,126401,"Happy Food - Đồ Ăn Hàn, Gà Rán Sốt & Cơm Bò HQ - Phùng Khắc Khoan",4.2,,neutral,{},befood_comment,"Ngon xỉu, Đáng đồng tiền, Đóng gói tốt","Tên quán: Happy Food - Đồ Ăn Hàn, Gà Rán Sốt & Cơm Bò HQ - Phùng Khắc Khoan
Nguồn: befood_comment
Rating người dùng: 4.2
Sentiment tổng hợp: neutral
Aspect sentiment: 
Nội dung review: Ngon xỉu, Đáng đồng tiền, Đóng gói tốt",0,1
tu_32483fbfe2eff256,32483fbfe2eff256,126401,"Happy Food - Đồ Ăn Hàn, Gà Rán Sốt & Cơm Bò HQ - Phùng Khắc Khoan",4.2,,neutral,{},befood_comment,"đặt 1 gà mix 1 cơm trộn giao 2 hộp cơm, Sai/Thiếu món","Tên quán: Happy Food - Đồ Ăn Hàn, Gà Rán Sốt & Cơm Bò HQ - Phùng Khắc Khoan
Nguồn: befood_comment
Rating người dùng: 4.2
Sentiment tổng hợp: neutral
Aspect sentiment: 
Nội dung review: đặt 1 gà mix 1 cơm trộn giao 2 hộp cơm, Sai/Thiếu món",0,1
tu_c127849eda8e7b8b,c127849eda8e7b8b,126401,"Happy Food - Đồ Ăn Hàn, Gà Rán Sốt & Cơm Bò HQ - Phùng Khắc Khoan",4.2,,neutral,{},befood_comment,"Mình tưởng gà không, hoá ra có cả cơm luôn hả😆","Tên quán: Happy Food - Đồ Ăn Hàn, Gà Rán Sốt & Cơm Bò HQ - Phùng Khắc Khoan
Nguồn: befood_comment
Rating người dùng: 4.2
Sentiment tổng hợp: neutral
Aspect sentiment: 
Nội dung review: Mình tưởng gà không, hoá ra có cả cơm luôn hả😆",0,1
tu_a86494c333178116,a86494c333178116,126401,"Happy Food - Đồ Ăn Hàn, Gà Rán Sốt & Cơm Bò HQ - Phùng Khắc Khoan",4.2,,neutral,{},befood_comment,mình tưởng suất này chỉ có gà không thôi chứ đâu phải cơm gà nhỉ :)),"Tên quán: Happy Food - Đồ Ăn Hàn, Gà Rán Sốt & Cơm Bò HQ - Phùng Khắc Khoan
Nguồn: befood_comment
Rating người dùng: 4.2
Sentiment tổng hợp: neutral
Aspect sentiment: 
Nội dung review: mình tưởng suất này chỉ có gà không thôi chứ đâu phải cơm gà nhỉ :))",0,1
tu_97f66366c70b5fc4,97f66366c70b5fc4,126401,"Happy Food - Đồ Ăn Hàn, Gà Rán Sốt & Cơm Bò HQ - Phùng Khắc Khoan",4.2,,neutral,{},befood_comment,vãi pịa 75k đổi lại 4 - 5 miếng gà nhỡ trong khi trên món ghi rõ “ khoảng 12 - 15 miếng gà” là như nào ấy :))) ăn cũng dc nhưng tên món k có cơm nên mới gọi thêm cơm. gọi xong lại có cả cơm trong món???? hỏi thật quán làm thực đơn với món khách nhận thực tế khác z k thấy ngại à :D ăn gà oke ổn nhưng cảm giác quán làm ăn cứ gian dối thế nào ấy,"Tên quán: Happy Food - Đồ Ăn Hàn, Gà Rán Sốt & Cơm Bò HQ - Phùng Khắc Khoan
Nguồn: befood_comment
Rating người dùng: 4.2
Sentiment tổng hợp: neutral
Aspect sentiment: 
Nội dung review: vãi pịa 75k đổi lại 4 - 5 miếng gà nhỡ trong khi trên món ghi rõ “ khoảng 12 - 15 miếng gà” là như nào ấy :))) ăn cũng dc nhưng tên món k có cơm nên mới gọi thêm cơm. gọi xong lại có cả cơm trong món???? hỏi thật quán làm thực đơn với món khách nhận thực tế khác z k thấy ngại à :D ăn gà oke ổn nhưng cảm giác quán làm ăn cứ gian dối thế nào ấy",0,1
tu_d728b43cb8dee92f,d728b43cb8dee92f,126401,"Happy Food - Đồ Ăn Hàn, Gà Rán Sốt & Cơm Bò HQ - Phùng Khắc Khoan",4.2,,neutral,{},befood_comment,không đáng tiền.,"Tên quán: Happy Food - Đồ Ăn Hàn, Gà Rán Sốt & Cơm Bò HQ - Phùng Khắc Khoan
Nguồn: befood_comment
Rating người dùng: 4.2
Sentiment tổng hợp: neutral
Aspect sentiment: 
Nội dung review: không đáng tiền.",0,1
tu_8861ac8ef016b97f,8861ac8ef016b97f,126401,"Happy Food - Đồ Ăn Hàn, Gà Rán Sốt & Cơm Bò HQ - Phùng Khắc Khoan",4.2,,neutral,{},befood_comment,gà ít mà tự nhiên thêm cơm 10k xúc xích có vài lát,"Tên quán: Happy Food - Đồ Ăn Hàn, Gà Rán Sốt & Cơm Bò HQ - Phùng Khắc Khoan
Nguồn: befood_comment
Rating người dùng: 4.2
Sentiment tổng hợp: neutral
Aspect sentiment: 
Nội dung review: gà ít mà tự nhiên thêm cơm 10k xúc xích có vài lát",0,1
tu_76594cb49a3cdafd,76594cb49a3cdafd,9929,Gà Rán và Mỳ Ý Jollibee - Vincom Phạm Ngọc Thạch,4.8,,neutral,{},befood_comment,"Quán thiếu ống hút cho khách nhé, Ngon xỉu, Đáng đồng tiền, Đóng gói tốt, Sạch sẽ","Tên quán: Gà Rán và Mỳ Ý Jollibee - Vincom Phạm Ngọc Thạch
Nguồn: befood_comment
Rating người dùng: 4.8
Sentiment tổng hợp: neutral
Aspect sentiment: 
Nội dung review: Quán thiếu ống hút cho khách nhé, Ngon xỉu, Đáng đồng tiền, Đóng gói tốt, Sạch sẽ",0,1
tu_850fced06b96c543,850fced06b96c543,9929,Gà Rán và Mỳ Ý Jollibee - Vincom Phạm Ngọc Thạch,4.8,,neutral,{},befood_comment,"Ngon xỉu, Đáng đồng tiền, Sạch sẽ","Tên quán: Gà Rán và Mỳ Ý Jollibee - Vincom Phạm Ngọc Thạch
Nguồn: befood_comment
Rating người dùng: 4.8
Sentiment tổng hợp: neutral
Aspect sentiment: 
Nội dung review: Ngon xỉu, Đáng đồng tiền, Sạch sẽ",0,1
tu_a7e5641426ca9cf4,a7e5641426ca9cf4,9929,Gà Rán và Mỳ Ý Jollibee - Vincom Phạm Ngọc Thạch,4.8,,neutral,{},befood_comment,Ngon xỉu,"Tên quán: Gà Rán và Mỳ Ý Jollibee - Vincom Phạm Ngọc Thạch
Nguồn: befood_comment
Rating người dùng: 4.8
Sentiment tổng hợp: neutral
Aspect sentiment: 
Nội dung review: Ngon xỉu",0,1
tu_173ba1029bbd4ed5,173ba1029bbd4ed5,73467,Mieso Food - Gà Rán & Gà Ủ Muối - Chợ Khâm Thiên,4.7,,neutral,{},befood_comment,"ngol, Sạch sẽ, Ngon xỉu, Đóng gói tốt, Đáng đồng tiền","Tên quán: Mieso Food - Gà Rán & Gà Ủ Muối - Chợ Khâm Thiên
Nguồn: befood_comment
Rating người dùng: 4.7
Sentiment tổng hợp: neutral
Aspect sentiment: 
Nội dung review: ngol, Sạch sẽ, Ngon xỉu, Đóng gói tốt, Đáng đồng tiền",0,1
tu_daf2e650da4ca1c5,daf2e650da4ca1c5,73467,Mieso Food - Gà Rán & Gà Ủ Muối - Chợ Khâm Thiên,4.7,,neutral,{},befood_comment,"ngon, Đáng đồng tiền, Ngon xỉu","Tên quán: Mieso Food - Gà Rán & Gà Ủ Muối - Chợ Khâm Thiên
Nguồn: befood_comment
Rating người dùng: 4.7
Sentiment tổng hợp: neutral
Aspect sentiment: 
Nội dung review: ngon, Đáng đồng tiền, Ngon xỉu",0,1
tu_7d4b54b2629f08af,7d4b54b2629f08af,73467,Mieso Food - Gà Rán & Gà Ủ Muối - Chợ Khâm Thiên,4.7,,neutral,{},befood_comment,"Ngon bổ rẻ. Cảm ơn shop, Ngon xỉu, Đáng đồng tiền, Sạch sẽ, Đóng gói tốt","Tên quán: Mieso Food - Gà Rán & Gà Ủ Muối - Chợ Khâm Thiên
Nguồn: befood_comment
Rating người dùng: 4.7
Sentiment tổng hợp: neutral
Aspect sentiment: 
Nội dung review: Ngon bổ rẻ. Cảm ơn shop, Ngon xỉu, Đáng đồng tiền, Sạch sẽ, Đóng gói tốt",0,1
tu_871e5ac84e3a2c0a,871e5ac84e3a2c0a,73467,Mieso Food - Gà Rán & Gà Ủ Muối - Chợ Khâm Thiên,4.7,,neutral,{},befood_comment,"ngon bổ rẻ, sạch sẽ, Ngon xỉu, Đáng đồng tiền, Đóng gói tốt","Tên quán: Mieso Food - Gà Rán & Gà Ủ Muối - Chợ Khâm Thiên
Nguồn: befood_comment
Rating người dùng: 4.7
Sentiment tổng hợp: neutral
Aspect sentiment: 
Nội dung review: ngon bổ rẻ, sạch sẽ, Ngon xỉu, Đáng đồng tiền, Đóng gói tốt",0,1
tu_55e34550b2b3876a,55e34550b2b3876a,73467,Mieso Food - Gà Rán & Gà Ủ Muối - Chợ Khâm Thiên,4.7,,neutral,{},befood_comment,"da ung ho nhieu lan, quan lam an sach se, Ngon xỉu, Đáng đồng tiền","Tên quán: Mieso Food - Gà Rán & Gà Ủ Muối - Chợ Khâm Thiên
Nguồn: befood_comment
Rating người dùng: 4.7
Sentiment tổng hợp: neutral
Aspect sentiment: 
Nội dung review: da ung ho nhieu lan, quan lam an sach se, Ngon xỉu, Đáng đồng tiền",0,1
tu_e9755f91986ef394,e9755f91986ef394,73467,Mieso Food - Gà Rán & Gà Ủ Muối - Chợ Khâm Thiên,4.7,,neutral,{},befood_comment,"Ngon xỉu, Sạch sẽ, Đóng gói tốt","Tên quán: Mieso Food - Gà Rán & Gà Ủ Muối - Chợ Khâm Thiên
Nguồn: befood_comment
Rating người dùng: 4.7
Sentiment tổng hợp: neutral
Aspect sentiment: 
Nội dung review: Ngon xỉu, Sạch sẽ, Đóng gói tốt",0,1
tu_4f0631c325e3a62f,4f0631c325e3a62f,73467,Mieso Food - Gà Rán & Gà Ủ Muối - Chợ Khâm Thiên,4.7,,neutral,{},befood_comment,Đóng gói tốt,"Tên quán: Mieso Food - Gà Rán & Gà Ủ Muối - Chợ Khâm Thiên
Nguồn: befood_comment
Rating người dùng: 4.7
Sentiment tổng hợp: neutral
Aspect sentiment: 
Nội dung review: Đóng gói tốt",0,1
tu_0f5d5242217ff071,0f5d5242217ff071,73467,Mieso Food - Gà Rán & Gà Ủ Muối - Chợ Khâm Thiên,4.7,,neutral,{},befood_comment,"mua phí tiền, gà dai nhách, không có mùi vị, cảm giác là gà cũ luộc lại nên nhạt thếch., Không hợp khẩu vị","Tên quán: Mieso Food - Gà Rán & Gà Ủ Muối - Chợ Khâm Thiên
Nguồn: befood_comment
Rating người dùng: 4.7
Sentiment tổng hợp: neutral
Aspect sentiment: 
Nội dung review: mua phí tiền, gà dai nhách, không có mùi vị, cảm giác là gà cũ luộc lại nên nhạt thếch., Không hợp khẩu vị",0,1
tu_00369b5b97124a5f,00369b5b97124a5f,73467,Mieso Food - Gà Rán & Gà Ủ Muối - Chợ Khâm Thiên,4.7,,neutral,{},befood_comment,gửi gà luộc,"Tên quán: Mieso Food - Gà Rán & Gà Ủ Muối - Chợ Khâm Thiên
Nguồn: befood_comment
Rating người dùng: 4.7
Sentiment tổng hợp: neutral
Aspect sentiment: 
Nội dung review: gửi gà luộc",0,1
tu_b4bb4249c04727ef,b4bb4249c04727ef,73467,Mieso Food - Gà Rán & Gà Ủ Muối - Chợ Khâm Thiên,4.7,,neutral,{},befood_comment,gà khá ngon nhưng nước chấm không hợp khẩu vị cho lắm,"Tên quán: Mieso Food - Gà Rán & Gà Ủ Muối - Chợ Khâm Thiên
Nguồn: befood_comment
Rating người dùng: 4.7
Sentiment tổng hợp: neutral
Aspect sentiment: 
Nội dung review: gà khá ngon nhưng nước chấm không hợp khẩu vị cho lắm",0,1
tu_b791ebba290e5a2a,b791ebba290e5a2a,31750,Bếp Bé Bếu - Cơm & Bánh Mì Nướng Trung Hoa - Đặng Văn Ngữ,4.8,,neutral,{},befood_comment,"Ngon xỉu, Đáng đồng tiền, Đóng gói tốt","Tên quán: Bếp Bé Bếu - Cơm & Bánh Mì Nướng Trung Hoa - Đặng Văn Ngữ
Nguồn: befood_comment
Rating người dùng: 4.8
Sentiment tổng hợp: neutral
Aspect sentiment: 
Nội dung review: Ngon xỉu, Đáng đồng tiền, Đóng gói tốt",0,1
tu_9832c06088b3514a,9832c06088b3514a,31750,Bếp Bé Bếu - Cơm & Bánh Mì Nướng Trung Hoa - Đặng Văn Ngữ,4.8,,neutral,{},befood_comment,Ngon xỉu,"Tên quán: Bếp Bé Bếu - Cơm & Bánh Mì Nướng Trung Hoa - Đặng Văn Ngữ
Nguồn: befood_comment
Rating người dùng: 4.8
Sentiment tổng hợp: neutral
Aspect sentiment: 
Nội dung review: Ngon xỉu",0,1
tu_c1a3bab0b5bda8e0,c1a3bab0b5bda8e0,31750,Bếp Bé Bếu - Cơm & Bánh Mì Nướng Trung Hoa - Đặng Văn Ngữ,4.8,,neutral,{},befood_comment,"Ngon xỉu, Đáng đồng tiền, Sạch sẽ, Đóng gói tốt","Tên quán: Bếp Bé Bếu - Cơm & Bánh Mì Nướng Trung Hoa - Đặng Văn Ngữ
Nguồn: befood_comment
Rating người dùng: 4.8
Sentiment tổng hợp: neutral
Aspect sentiment: 
Nội dung review: Ngon xỉu, Đáng đồng tiền, Sạch sẽ, Đóng gói tốt",0,1
tu_6be6aee6781aca25,6be6aee6781aca25,31750,Bếp Bé Bếu - Cơm & Bánh Mì Nướng Trung Hoa - Đặng Văn Ngữ,4.8,,neutral,{},befood_comment,"Vị ngon nhưng sốt thực sự rất mặn, ăn hộp cơm uống kèm 2 cốc nước, canh cũng hơi mặn nữa","Tên quán: Bếp Bé Bếu - Cơm & Bánh Mì Nướng Trung Hoa - Đặng Văn Ngữ
Nguồn: befood_comment
Rating người dùng: 4.8
Sentiment tổng hợp: neutral
Aspect sentiment: 
Nội dung review: Vị ngon nhưng sốt thực sự rất mặn, ăn hộp cơm uống kèm 2 cốc nước, canh cũng hơi mặn nữa",0,1
tu_df2b3864900df3e2,df2b3864900df3e2,109048,"Bếp Chử - Gỏi Cuốn, Bún Trộn & Nem Nướng Nha Trang - Nguyễn An Ninh",4.7,,neutral,{},befood_comment,"Ngon xỉu, Đáng đồng tiền, Sạch sẽ, Đóng gói tốt","Tên quán: Bếp Chử - Gỏi Cuốn, Bún Trộn & Nem Nướng Nha Trang - Nguyễn An Ninh
Nguồn: befood_comment
Rating người dùng: 4.7
Sentiment tổng hợp: neutral
Aspect sentiment: 
Nội dung review: Ngon xỉu, Đáng đồng tiền, Sạch sẽ, Đóng gói tốt",0,1
tu_d1c6b66f0b21b970,d1c6b66f0b21b970,109048,"Bếp Chử - Gỏi Cuốn, Bún Trộn & Nem Nướng Nha Trang - Nguyễn An Ninh",4.7,,neutral,{},befood_comment,Đáng đồng tiền,"Tên quán: Bếp Chử - Gỏi Cuốn, Bún Trộn & Nem Nướng Nha Trang - Nguyễn An Ninh
Nguồn: befood_comment
Rating người dùng: 4.7
Sentiment tổng hợp: neutral
Aspect sentiment: 
Nội dung review: Đáng đồng tiền",0,1
tu_2bb55f110c5def5e,2bb55f110c5def5e,109048,"Bếp Chử - Gỏi Cuốn, Bún Trộn & Nem Nướng Nha Trang - Nguyễn An Ninh",4.7,,neutral,{},befood_comment,"Ngon xỉu, Đáng đồng tiền, Sạch sẽ","Tên quán: Bếp Chử - Gỏi Cuốn, Bún Trộn & Nem Nướng Nha Trang - Nguyễn An Ninh
Nguồn: befood_comment
Rating người dùng: 4.7
Sentiment tổng hợp: neutral
Aspect sentiment: 
Nội dung review: Ngon xỉu, Đáng đồng tiền, Sạch sẽ",0,1
tu_048d7e9f11d27735,048d7e9f11d27735,109048,"Bếp Chử - Gỏi Cuốn, Bún Trộn & Nem Nướng Nha Trang - Nguyễn An Ninh",4.7,,neutral,{},befood_comment,Không hợp khẩu vị,"Tên quán: Bếp Chử - Gỏi Cuốn, Bún Trộn & Nem Nướng Nha Trang - Nguyễn An Ninh
Nguồn: befood_comment
Rating người dùng: 4.7
Sentiment tổng hợp: neutral
Aspect sentiment: 
Nội dung review: Không hợp khẩu vị",0,1
tu_c3a998a2694d839a,c3a998a2694d839a,109048,"Bếp Chử - Gỏi Cuốn, Bún Trộn & Nem Nướng Nha Trang - Nguyễn An Ninh",4.7,,neutral,{},befood_comment,"gỏi ngon nem nướng cắt mỏng quá, k có ram","Tên quán: Bếp Chử - Gỏi Cuốn, Bún Trộn & Nem Nướng Nha Trang - Nguyễn An Ninh
Nguồn: befood_comment
Rating người dùng: 4.7
Sentiment tổng hợp: neutral
Aspect sentiment: 
Nội dung review: gỏi ngon nem nướng cắt mỏng quá, k có ram",0,1
tu_bbeff784b721fd99,bbeff784b721fd99,109048,"Bếp Chử - Gỏi Cuốn, Bún Trộn & Nem Nướng Nha Trang - Nguyễn An Ninh",4.7,,neutral,{},befood_comment,k cho bánh tráng cuốn ăn kiểu gì?,"Tên quán: Bếp Chử - Gỏi Cuốn, Bún Trộn & Nem Nướng Nha Trang - Nguyễn An Ninh
Nguồn: befood_comment
Rating người dùng: 4.7
Sentiment tổng hợp: neutral
Aspect sentiment: 
Nội dung review: k cho bánh tráng cuốn ăn kiểu gì?",0,1
tu_fdb5a9bc6ba9a70f,fdb5a9bc6ba9a70f,1255,Cơm Rang Dế Mèn,4.6,,neutral,{},befood_comment,"suất cơm rang dưa bò , dưa thì đắng ngắt ra , thịt bò thì như thịt vụt ko hiểu quán làm kiểu gì , quán làm ko thử trc khi giao cho khách ạ, Không hợp khẩu vị","Tên quán: Cơm Rang Dế Mèn
Nguồn: befood_comment
Rating người dùng: 4.6
Sentiment tổng hợp: neutral
Aspect sentiment: 
Nội dung review: suất cơm rang dưa bò , dưa thì đắng ngắt ra , thịt bò thì như thịt vụt ko hiểu quán làm kiểu gì , quán làm ko thử trc khi giao cho khách ạ, Không hợp khẩu vị",0,1
tu_bb83ec4f10655666,bb83ec4f10655666,1255,Cơm Rang Dế Mèn,4.6,,neutral,{},befood_comment,Đáng đồng tiền,"Tên quán: Cơm Rang Dế Mèn
Nguồn: befood_comment
Rating người dùng: 4.6
Sentiment tổng hợp: neutral
Aspect sentiment: 
Nội dung review: Đáng đồng tiền",0,1
tu_d5e507f9d0412e9a,d5e507f9d0412e9a,1255,Cơm Rang Dế Mèn,4.6,,neutral,{},befood_comment,Khá ngon,"Tên quán: Cơm Rang Dế Mèn
Nguồn: befood_comment
Rating người dùng: 4.6
Sentiment tổng hợp: neutral
Aspect sentiment: 
Nội dung review: Khá ngon",0,1
tu_787ae5965f2454d7,787ae5965f2454d7,1255,Cơm Rang Dế Mèn,4.6,,neutral,{},befood_comment,"Không đảm bảo vệ sinh, Không hợp khẩu vị","Tên quán: Cơm Rang Dế Mèn
Nguồn: befood_comment
Rating người dùng: 4.6
Sentiment tổng hợp: neutral
Aspect sentiment: 
Nội dung review: Không đảm bảo vệ sinh, Không hợp khẩu vị",0,1
tu_b70ab850d2c3b385,b70ab850d2c3b385,53514,Cơm 1985 - Phố Chợ Khâm Thiên,5.0,,neutral,{},befood_comment,ngon mỗi tội quán đóng gói canh ko cẩn thận bị đổ hết,"Tên quán: Cơm 1985 - Phố Chợ Khâm Thiên
Nguồn: befood_comment
Rating người dùng: 5.0
Sentiment tổng hợp: neutral
Aspect sentiment: 
Nội dung review: ngon mỗi tội quán đóng gói canh ko cẩn thận bị đổ hết",0,1
