node_id,node_type
area:bach_khoa_hai_ba_trung,Area
area:bach_mai_hai_ba_trung,Area
area:bach_mai_phuong_bach_mai,Area
area:bao_ch_mai_hai_ba_trung,Area
area:cong_vien_thong_nhat_hai_ba_trung,Area
area:dai_hoc_bach_khoa_hai_ba_trung,Area
area:ha_bao_y_mao_u_hai_ba_trung,Area
area:ha_na_i_quan_hai_ba_trung,Area
area:ha_noi_quan_ba_dinh,Area
area:ha_noi_quan_cau_giay,Area
area:ha_noi_quan_dong_da,Area
area:ha_noi_quan_hai_ba_trung,Area
area:ha_noi_quan_hoan_kiem,Area
area:ha_noi_quan_hoang_mai,Area
area:ha_noi_quan_thanh_xuan,Area
attribute:10227:cleanliness,Attribute
attribute:10227:food_quality,Attribute
attribute:10227:packaging,Attribute
attribute:10227:price,Attribute
attribute:10227:service,Attribute
attribute:10227:space,Attribute
attribute:10227:speed,Attribute
attribute:102294:cleanliness,Attribute
attribute:102294:food_quality,Attribute
attribute:102294:packaging,Attribute
attribute:102294:price,Attribute
attribute:102294:service,Attribute
attribute:102294:space,Attribute
attribute:102294:speed,Attribute
attribute:102812:cleanliness,Attribute
attribute:102812:food_quality,Attribute
attribute:102812:packaging,Attribute
attribute:102812:price,Attribute
attribute:102812:service,Attribute
attribute:102812:space,Attribute
attribute:102812:speed,Attribute
attribute:10307:cleanliness,Attribute
attribute:10307:food_quality,Attribute
attribute:10307:packaging,Attribute
attribute:10307:price,Attribute
attribute:10307:service,Attribute
attribute:10307:space,Attribute
attribute:10307:speed,Attribute
attribute:103124:cleanliness,Attribute
attribute:103124:food_quality,Attribute
attribute:103124:packaging,Attribute
attribute:103124:price,Attribute
attribute:103124:service,Attribute
attribute:103124:space,Attribute
attribute:103124:speed,Attribute
attribute:105958:cleanliness,Attribute
attribute:105958:food_quality,Attribute
attribute:105958:packaging,Attribute
attribute:105958:price,Attribute
attribute:105958:service,Attribute
attribute:105958:space,Attribute
attribute:105958:speed,Attribute
attribute:106675:cleanliness,Attribute
attribute:106675:food_quality,Attribute
attribute:106675:packaging,Attribute
attribute:106675:price,Attribute
attribute:106675:service,Attribute
attribute:106675:space,Attribute
attribute:106675:speed,Attribute
attribute:10856:cleanliness,Attribute
attribute:10856:food_quality,Attribute
attribute:10856:packaging,Attribute
attribute:10856:price,Attribute
attribute:10856:service,Attribute
attribute:10856:space,Attribute
attribute:10856:speed,Attribute
attribute:109048:cleanliness,Attribute
attribute:109048:food_quality,Attribute
attribute:109048:packaging,Attribute
attribute:109048:price,Attribute
attribute:109048:service,Attribute
attribute:109048:space,Attribute
attribute:109048:speed,Attribute
attribute:11020:cleanliness,Attribute
attribute:11020:food_quality,Attribute
attribute:11020:packaging,Attribute
attribute:11020:price,Attribute
attribute:11020:service,Attribute
attribute:11020:space,Attribute
attribute:11020:speed,Attribute
attribute:1108:cleanliness,Attribute
attribute:1108:food_quality,Attribute
attribute:1108:packaging,Attribute
attribute:1108:price,Attribute
attribute:1108:service,Attribute
attribute:1108:space,Attribute
attribute:1108:speed,Attribute
attribute:111026:cleanliness,Attribute
attribute:111026:food_quality,Attribute
attribute:111026:packaging,Attribute
attribute:111026:price,Attribute
attribute:111026:service,Attribute
attribute:111026:space,Attribute
attribute:111026:speed,Attribute
attribute:111500:cleanliness,Attribute
attribute:111500:food_quality,Attribute
attribute:111500:packaging,Attribute
attribute:111500:price,Attribute
attribute:111500:service,Attribute
attribute:111500:space,Attribute
attribute:111500:speed,Attribute
attribute:111742:cleanliness,Attribute
attribute:111742:food_quality,Attribute
attribute:111742:packaging,Attribute
attribute:111742:price,Attribute
attribute:111742:service,Attribute
attribute:111742:space,Attribute
attribute:111742:speed,Attribute
attribute:11305:cleanliness,Attribute
attribute:11305:food_quality,Attribute
attribute:11305:packaging,Attribute
attribute:11305:price,Attribute
attribute:11305:service,Attribute
attribute:11305:space,Attribute
attribute:11305:speed,Attribute
attribute:11326:cleanliness,Attribute
attribute:11326:food_quality,Attribute
attribute:11326:packaging,Attribute
attribute:11326:price,Attribute
attribute:11326:service,Attribute
attribute:11326:space,Attribute
attribute:11326:speed,Attribute
attribute:11471:cleanliness,Attribute
attribute:11471:food_quality,Attribute
attribute:11471:packaging,Attribute
attribute:11471:price,Attribute
attribute:11471:service,Attribute
attribute:11471:space,Attribute
attribute:11471:speed,Attribute
attribute:114792:cleanliness,Attribute
attribute:114792:food_quality,Attribute
attribute:114792:packaging,Attribute
attribute:114792:price,Attribute
attribute:114792:service,Attribute
attribute:114792:space,Attribute
attribute:114792:speed,Attribute
attribute:114833:cleanliness,Attribute
attribute:114833:food_quality,Attribute
attribute:114833:packaging,Attribute
attribute:114833:price,Attribute
attribute:114833:service,Attribute
attribute:114833:space,Attribute
attribute:114833:speed,Attribute
attribute:11493:cleanliness,Attribute
attribute:11493:food_quality,Attribute
attribute:11493:packaging,Attribute
attribute:11493:price,Attribute
attribute:11493:service,Attribute
attribute:11493:space,Attribute
attribute:11493:speed,Attribute
attribute:115272:cleanliness,Attribute
attribute:115272:food_quality,Attribute
attribute:115272:packaging,Attribute
attribute:115272:price,Attribute
attribute:115272:service,Attribute
attribute:115272:space,Attribute
attribute:115272:speed,Attribute
attribute:116044:cleanliness,Attribute
attribute:116044:food_quality,Attribute
attribute:116044:packaging,Attribute
attribute:116044:price,Attribute
attribute:116044:service,Attribute
attribute:116044:space,Attribute
attribute:116044:speed,Attribute
attribute:116156:cleanliness,Attribute
attribute:116156:food_quality,Attribute
attribute:116156:packaging,Attribute
attribute:116156:price,Attribute
attribute:116156:service,Attribute
attribute:116156:space,Attribute
attribute:116156:speed,Attribute
attribute:116631:cleanliness,Attribute
attribute:116631:food_quality,Attribute
attribute:116631:packaging,Attribute
attribute:116631:price,Attribute
attribute:116631:service,Attribute
attribute:116631:space,Attribute
attribute:116631:speed,Attribute
attribute:117526:cleanliness,Attribute
attribute:117526:food_quality,Attribute
attribute:117526:packaging,Attribute
attribute:117526:price,Attribute
attribute:117526:service,Attribute
attribute:117526:space,Attribute
attribute:117526:speed,Attribute
attribute:117708:cleanliness,Attribute
attribute:117708:food_quality,Attribute
attribute:117708:packaging,Attribute
attribute:117708:price,Attribute
attribute:117708:service,Attribute
attribute:117708:space,Attribute
attribute:117708:speed,Attribute
attribute:117760:cleanliness,Attribute
attribute:117760:food_quality,Attribute
attribute:117760:packaging,Attribute
attribute:117760:price,Attribute
attribute:117760:service,Attribute
attribute:117760:space,Attribute
attribute:117760:speed,Attribute
attribute:118277:cleanliness,Attribute
attribute:118277:food_quality,Attribute
attribute:118277:packaging,Attribute
attribute:118277:price,Attribute
attribute:118277:service,Attribute
attribute:118277:space,Attribute
attribute:118277:speed,Attribute
attribute:118507:cleanliness,Attribute
attribute:118507:food_quality,Attribute
attribute:118507:packaging,Attribute
attribute:118507:price,Attribute
attribute:118507:service,Attribute
attribute:118507:space,Attribute
attribute:118507:speed,Attribute
attribute:119112:cleanliness,Attribute
attribute:119112:food_quality,Attribute
attribute:119112:packaging,Attribute
attribute:119112:price,Attribute
attribute:119112:service,Attribute
attribute:119112:space,Attribute
attribute:119112:speed,Attribute
attribute:119113:cleanliness,Attribute
attribute:119113:food_quality,Attribute
attribute:119113:packaging,Attribute
attribute:119113:price,Attribute
attribute:119113:service,Attribute
attribute:119113:space,Attribute
attribute:119113:speed,Attribute
attribute:119585:cleanliness,Attribute
attribute:119585:food_quality,Attribute
attribute:119585:packaging,Attribute
attribute:119585:price,Attribute
attribute:119585:service,Attribute
attribute:119585:space,Attribute
attribute:119585:speed,Attribute
attribute:122272:cleanliness,Attribute
attribute:122272:food_quality,Attribute
attribute:122272:packaging,Attribute
attribute:122272:price,Attribute
attribute:122272:service,Attribute
attribute:122272:space,Attribute
attribute:122272:speed,Attribute
attribute:123151:cleanliness,Attribute
attribute:123151:food_quality,Attribute
attribute:123151:packaging,Attribute
attribute:123151:price,Attribute
attribute:123151:service,Attribute
attribute:123151:space,Attribute
attribute:123151:speed,Attribute
attribute:123211:cleanliness,Attribute
attribute:123211:food_quality,Attribute
attribute:123211:packaging,Attribute
attribute:123211:price,Attribute
attribute:123211:service,Attribute
attribute:123211:space,Attribute
attribute:123211:speed,Attribute
attribute:123573:cleanliness,Attribute
attribute:123573:food_quality,Attribute
attribute:123573:packaging,Attribute
attribute:123573:price,Attribute
attribute:123573:service,Attribute
attribute:123573:space,Attribute
attribute:123573:speed,Attribute
attribute:123914:cleanliness,Attribute
attribute:123914:food_quality,Attribute
attribute:123914:packaging,Attribute
attribute:123914:price,Attribute
attribute:123914:service,Attribute
attribute:123914:space,Attribute
attribute:123914:speed,Attribute
attribute:124125:cleanliness,Attribute
attribute:124125:food_quality,Attribute
attribute:124125:packaging,Attribute
attribute:124125:price,Attribute
attribute:124125:service,Attribute
attribute:124125:space,Attribute
attribute:124125:speed,Attribute
attribute:1255:cleanliness,Attribute
attribute:1255:food_quality,Attribute
attribute:1255:packaging,Attribute
attribute:1255:price,Attribute
attribute:1255:service,Attribute
attribute:1255:space,Attribute
attribute:1255:speed,Attribute
attribute:126147:cleanliness,Attribute
attribute:126147:food_quality,Attribute
attribute:126147:packaging,Attribute
attribute:126147:price,Attribute
attribute:126147:service,Attribute
attribute:126147:space,Attribute
attribute:126147:speed,Attribute
attribute:126401:cleanliness,Attribute
attribute:126401:food_quality,Attribute
attribute:126401:packaging,Attribute
attribute:126401:price,Attribute
attribute:126401:service,Attribute
attribute:126401:space,Attribute
attribute:126401:speed,Attribute
attribute:126555:cleanliness,Attribute
attribute:126555:food_quality,Attribute
attribute:126555:packaging,Attribute
attribute:126555:price,Attribute
attribute:126555:service,Attribute
attribute:126555:space,Attribute
attribute:126555:speed,Attribute
attribute:127398:cleanliness,Attribute
attribute:127398:food_quality,Attribute
attribute:127398:packaging,Attribute
attribute:127398:price,Attribute
attribute:127398:service,Attribute
attribute:127398:space,Attribute
attribute:127398:speed,Attribute
attribute:1279:cleanliness,Attribute
attribute:1279:food_quality,Attribute
attribute:1279:packaging,Attribute
attribute:1279:price,Attribute
attribute:1279:service,Attribute
attribute:1279:space,Attribute
attribute:1279:speed,Attribute
attribute:128321:cleanliness,Attribute
attribute:128321:food_quality,Attribute
attribute:128321:packaging,Attribute
attribute:128321:price,Attribute
attribute:128321:service,Attribute
attribute:128321:space,Attribute
attribute:128321:speed,Attribute
attribute:128372:cleanliness,Attribute
attribute:128372:food_quality,Attribute
attribute:128372:packaging,Attribute
attribute:128372:price,Attribute
attribute:128372:service,Attribute
attribute:128372:space,Attribute
attribute:128372:speed,Attribute
attribute:128678:cleanliness,Attribute
attribute:128678:food_quality,Attribute
attribute:128678:packaging,Attribute
attribute:128678:price,Attribute
attribute:128678:service,Attribute
attribute:128678:space,Attribute
attribute:128678:speed,Attribute
attribute:128724:cleanliness,Attribute
attribute:128724:food_quality,Attribute
attribute:128724:packaging,Attribute
attribute:128724:price,Attribute
attribute:128724:service,Attribute
attribute:128724:space,Attribute
attribute:128724:speed,Attribute
attribute:12952:cleanliness,Attribute
attribute:12952:food_quality,Attribute
attribute:12952:packaging,Attribute
attribute:12952:price,Attribute
attribute:12952:service,Attribute
attribute:12952:space,Attribute
attribute:12952:speed,Attribute
attribute:130031:cleanliness,Attribute
attribute:130031:food_quality,Attribute
attribute:130031:packaging,Attribute
attribute:130031:price,Attribute
attribute:130031:service,Attribute
attribute:130031:space,Attribute
attribute:130031:speed,Attribute
attribute:13003:cleanliness,Attribute
attribute:13003:food_quality,Attribute
attribute:13003:packaging,Attribute
attribute:13003:price,Attribute
attribute:13003:service,Attribute
attribute:13003:space,Attribute
attribute:13003:speed,Attribute
attribute:130307:cleanliness,Attribute
attribute:130307:food_quality,Attribute
attribute:130307:packaging,Attribute
attribute:130307:price,Attribute
attribute:130307:service,Attribute
attribute:130307:space,Attribute
attribute:130307:speed,Attribute
attribute:130463:cleanliness,Attribute
attribute:130463:food_quality,Attribute
attribute:130463:packaging,Attribute
attribute:130463:price,Attribute
attribute:130463:service,Attribute
attribute:130463:space,Attribute
attribute:130463:speed,Attribute
attribute:130509:cleanliness,Attribute
attribute:130509:food_quality,Attribute
attribute:130509:packaging,Attribute
attribute:130509:price,Attribute
attribute:130509:service,Attribute
attribute:130509:space,Attribute
attribute:130509:speed,Attribute
attribute:130643:cleanliness,Attribute
attribute:130643:food_quality,Attribute
attribute:130643:packaging,Attribute
attribute:130643:price,Attribute
attribute:130643:service,Attribute
attribute:130643:space,Attribute
attribute:130643:speed,Attribute
attribute:130788:cleanliness,Attribute
attribute:130788:food_quality,Attribute
attribute:130788:packaging,Attribute
attribute:130788:price,Attribute
attribute:130788:service,Attribute
attribute:130788:space,Attribute
attribute:130788:speed,Attribute
attribute:132613:cleanliness,Attribute
attribute:132613:food_quality,Attribute
attribute:132613:packaging,Attribute
attribute:132613:price,Attribute
attribute:132613:service,Attribute
attribute:132613:space,Attribute
attribute:132613:speed,Attribute
attribute:133169:cleanliness,Attribute
attribute:133169:food_quality,Attribute
attribute:133169:packaging,Attribute
attribute:133169:price,Attribute
attribute:133169:service,Attribute
attribute:133169:space,Attribute
attribute:133169:speed,Attribute
attribute:133949:cleanliness,Attribute
attribute:133949:food_quality,Attribute
attribute:133949:packaging,Attribute
attribute:133949:price,Attribute
attribute:133949:service,Attribute
attribute:133949:space,Attribute
attribute:133949:speed,Attribute
attribute:134203:cleanliness,Attribute
attribute:134203:food_quality,Attribute
attribute:134203:packaging,Attribute
attribute:134203:price,Attribute
attribute:134203:service,Attribute
attribute:134203:space,Attribute
attribute:134203:speed,Attribute
attribute:134250:cleanliness,Attribute
attribute:134250:food_quality,Attribute
attribute:134250:packaging,Attribute
attribute:134250:price,Attribute
attribute:134250:service,Attribute
attribute:134250:space,Attribute
attribute:134250:speed,Attribute
attribute:134353:cleanliness,Attribute
attribute:134353:food_quality,Attribute
attribute:134353:packaging,Attribute
attribute:134353:price,Attribute
attribute:134353:service,Attribute
attribute:134353:space,Attribute
attribute:134353:speed,Attribute
attribute:134680:cleanliness,Attribute
attribute:134680:food_quality,Attribute
attribute:134680:packaging,Attribute
attribute:134680:price,Attribute
attribute:134680:service,Attribute
attribute:134680:space,Attribute
attribute:134680:speed,Attribute
attribute:135569:cleanliness,Attribute
attribute:135569:food_quality,Attribute
attribute:135569:packaging,Attribute
attribute:135569:price,Attribute
attribute:135569:service,Attribute
attribute:135569:space,Attribute
attribute:135569:speed,Attribute
attribute:135607:cleanliness,Attribute
attribute:135607:food_quality,Attribute
attribute:135607:packaging,Attribute
attribute:135607:price,Attribute
attribute:135607:service,Attribute
attribute:135607:space,Attribute
attribute:135607:speed,Attribute
attribute:135845:cleanliness,Attribute
attribute:135845:food_quality,Attribute
attribute:135845:packaging,Attribute
attribute:135845:price,Attribute
attribute:135845:service,Attribute
attribute:135845:space,Attribute
attribute:135845:speed,Attribute
attribute:136086:cleanliness,Attribute
attribute:136086:food_quality,Attribute
attribute:136086:packaging,Attribute
attribute:136086:price,Attribute
attribute:136086:service,Attribute
attribute:136086:space,Attribute
attribute:136086:speed,Attribute
attribute:13942:cleanliness,Attribute
attribute:13942:food_quality,Attribute
attribute:13942:packaging,Attribute
attribute:13942:price,Attribute
attribute:13942:service,Attribute
attribute:13942:space,Attribute
attribute:13942:speed,Attribute
attribute:13998:cleanliness,Attribute
attribute:13998:food_quality,Attribute
attribute:13998:packaging,Attribute
attribute:13998:price,Attribute
attribute:13998:service,Attribute
attribute:13998:space,Attribute
attribute:13998:speed,Attribute
attribute:14120:cleanliness,Attribute
attribute:14120:food_quality,Attribute
attribute:14120:packaging,Attribute
attribute:14120:price,Attribute
attribute:14120:service,Attribute
attribute:14120:space,Attribute
attribute:14120:speed,Attribute
attribute:14305:cleanliness,Attribute
attribute:14305:food_quality,Attribute
attribute:14305:packaging,Attribute
attribute:14305:price,Attribute
attribute:14305:service,Attribute
attribute:14305:space,Attribute
attribute:14305:speed,Attribute
attribute:14318:cleanliness,Attribute
attribute:14318:food_quality,Attribute
attribute:14318:packaging,Attribute
attribute:14318:price,Attribute
attribute:14318:service,Attribute
attribute:14318:space,Attribute
attribute:14318:speed,Attribute
attribute:14976:cleanliness,Attribute
attribute:14976:food_quality,Attribute
attribute:14976:packaging,Attribute
attribute:14976:price,Attribute
attribute:14976:service,Attribute
attribute:14976:space,Attribute
attribute:14976:speed,Attribute
attribute:15387:cleanliness,Attribute
attribute:15387:food_quality,Attribute
attribute:15387:packaging,Attribute
attribute:15387:price,Attribute
attribute:15387:service,Attribute
attribute:15387:space,Attribute
attribute:15387:speed,Attribute
attribute:15897:cleanliness,Attribute
attribute:15897:food_quality,Attribute
attribute:15897:packaging,Attribute
attribute:15897:price,Attribute
attribute:15897:service,Attribute
attribute:15897:space,Attribute
attribute:15897:speed,Attribute
attribute:15964:cleanliness,Attribute
attribute:15964:food_quality,Attribute
attribute:15964:packaging,Attribute
attribute:15964:price,Attribute
attribute:15964:service,Attribute
attribute:15964:space,Attribute
attribute:15964:speed,Attribute
attribute:16270:cleanliness,Attribute
attribute:16270:food_quality,Attribute
attribute:16270:packaging,Attribute
attribute:16270:price,Attribute
attribute:16270:service,Attribute
attribute:16270:space,Attribute
attribute:16270:speed,Attribute
attribute:16422:cleanliness,Attribute
attribute:16422:food_quality,Attribute
attribute:16422:packaging,Attribute
attribute:16422:price,Attribute
attribute:16422:service,Attribute
attribute:16422:space,Attribute
attribute:16422:speed,Attribute
attribute:17056:cleanliness,Attribute
attribute:17056:food_quality,Attribute
attribute:17056:packaging,Attribute
attribute:17056:price,Attribute
attribute:17056:service,Attribute
attribute:17056:space,Attribute
attribute:17056:speed,Attribute
attribute:17700:cleanliness,Attribute
attribute:17700:food_quality,Attribute
attribute:17700:packaging,Attribute
attribute:17700:price,Attribute
attribute:17700:service,Attribute
attribute:17700:space,Attribute
attribute:17700:speed,Attribute
attribute:18796:cleanliness,Attribute
attribute:18796:food_quality,Attribute
attribute:18796:packaging,Attribute
attribute:18796:price,Attribute
attribute:18796:service,Attribute
attribute:18796:space,Attribute
attribute:18796:speed,Attribute
attribute:20000:cleanliness,Attribute
attribute:20000:food_quality,Attribute
attribute:20000:packaging,Attribute
attribute:20000:price,Attribute
attribute:20000:service,Attribute
attribute:20000:space,Attribute
attribute:20000:speed,Attribute
attribute:20058:cleanliness,Attribute
attribute:20058:food_quality,Attribute
attribute:20058:packaging,Attribute
attribute:20058:price,Attribute
attribute:20058:service,Attribute
attribute:20058:space,Attribute
attribute:20058:speed,Attribute
attribute:20129:cleanliness,Attribute
attribute:20129:food_quality,Attribute
attribute:20129:packaging,Attribute
attribute:20129:price,Attribute
attribute:20129:service,Attribute
attribute:20129:space,Attribute
attribute:20129:speed,Attribute
attribute:20226:cleanliness,Attribute
attribute:20226:food_quality,Attribute
attribute:20226:packaging,Attribute
attribute:20226:price,Attribute
attribute:20226:service,Attribute
attribute:20226:space,Attribute
attribute:20226:speed,Attribute
attribute:20472:cleanliness,Attribute
attribute:20472:food_quality,Attribute
attribute:20472:packaging,Attribute
attribute:20472:price,Attribute
attribute:20472:service,Attribute
attribute:20472:space,Attribute
attribute:20472:speed,Attribute
attribute:20601:cleanliness,Attribute
attribute:20601:food_quality,Attribute
attribute:20601:packaging,Attribute
attribute:20601:price,Attribute
attribute:20601:service,Attribute
attribute:20601:space,Attribute
attribute:20601:speed,Attribute
attribute:21224:cleanliness,Attribute
attribute:21224:food_quality,Attribute
attribute:21224:packaging,Attribute
attribute:21224:price,Attribute
attribute:21224:service,Attribute
attribute:21224:space,Attribute
attribute:21224:speed,Attribute
attribute:21413:cleanliness,Attribute
attribute:21413:food_quality,Attribute
attribute:21413:packaging,Attribute
attribute:21413:price,Attribute
attribute:21413:service,Attribute
attribute:21413:space,Attribute
attribute:21413:speed,Attribute
attribute:21980:cleanliness,Attribute
attribute:21980:food_quality,Attribute
attribute:21980:packaging,Attribute
attribute:21980:price,Attribute
attribute:21980:service,Attribute
attribute:21980:space,Attribute
attribute:21980:speed,Attribute
attribute:22455:cleanliness,Attribute
attribute:22455:food_quality,Attribute
attribute:22455:packaging,Attribute
attribute:22455:price,Attribute
attribute:22455:service,Attribute
attribute:22455:space,Attribute
attribute:22455:speed,Attribute
attribute:2267:cleanliness,Attribute
attribute:2267:food_quality,Attribute
attribute:2267:packaging,Attribute
attribute:2267:price,Attribute
attribute:2267:service,Attribute
attribute:2267:space,Attribute
attribute:2267:speed,Attribute
attribute:22758:cleanliness,Attribute
attribute:22758:food_quality,Attribute
attribute:22758:packaging,Attribute
attribute:22758:price,Attribute
attribute:22758:service,Attribute
attribute:22758:space,Attribute
attribute:22758:speed,Attribute
attribute:22815:cleanliness,Attribute
attribute:22815:food_quality,Attribute
attribute:22815:packaging,Attribute
attribute:22815:price,Attribute
attribute:22815:service,Attribute
attribute:22815:space,Attribute
attribute:22815:speed,Attribute
attribute:2282:cleanliness,Attribute
attribute:2282:food_quality,Attribute
attribute:2282:packaging,Attribute
attribute:2282:price,Attribute
attribute:2282:service,Attribute
attribute:2282:space,Attribute
attribute:2282:speed,Attribute
attribute:22847:cleanliness,Attribute
attribute:22847:food_quality,Attribute
attribute:22847:packaging,Attribute
attribute:22847:price,Attribute
attribute:22847:service,Attribute
attribute:22847:space,Attribute
attribute:22847:speed,Attribute
attribute:23407:cleanliness,Attribute
attribute:23407:food_quality,Attribute
attribute:23407:packaging,Attribute
attribute:23407:price,Attribute
attribute:23407:service,Attribute
attribute:23407:space,Attribute
attribute:23407:speed,Attribute
attribute:2443:cleanliness,Attribute
attribute:2443:food_quality,Attribute
attribute:2443:packaging,Attribute
attribute:2443:price,Attribute
attribute:2443:service,Attribute
attribute:2443:space,Attribute
attribute:2443:speed,Attribute
attribute:24720:cleanliness,Attribute
attribute:24720:food_quality,Attribute
attribute:24720:packaging,Attribute
attribute:24720:price,Attribute
attribute:24720:service,Attribute
attribute:24720:space,Attribute
attribute:24720:speed,Attribute
attribute:25452:cleanliness,Attribute
attribute:25452:food_quality,Attribute
attribute:25452:packaging,Attribute
attribute:25452:price,Attribute
attribute:25452:service,Attribute
attribute:25452:space,Attribute
attribute:25452:speed,Attribute
attribute:25639:cleanliness,Attribute
attribute:25639:food_quality,Attribute
attribute:25639:packaging,Attribute
attribute:25639:price,Attribute
attribute:25639:service,Attribute
attribute:25639:space,Attribute
attribute:25639:speed,Attribute
attribute:26075:cleanliness,Attribute
attribute:26075:food_quality,Attribute
attribute:26075:packaging,Attribute
attribute:26075:price,Attribute
attribute:26075:service,Attribute
attribute:26075:space,Attribute
attribute:26075:speed,Attribute
attribute:27416:cleanliness,Attribute
attribute:27416:food_quality,Attribute
attribute:27416:packaging,Attribute
attribute:27416:price,Attribute
attribute:27416:service,Attribute
attribute:27416:space,Attribute
attribute:27416:speed,Attribute
attribute:28837:cleanliness,Attribute
attribute:28837:food_quality,Attribute
attribute:28837:packaging,Attribute
attribute:28837:price,Attribute
attribute:28837:service,Attribute
attribute:28837:space,Attribute
attribute:28837:speed,Attribute
attribute:29659:cleanliness,Attribute
attribute:29659:food_quality,Attribute
attribute:29659:packaging,Attribute
attribute:29659:price,Attribute
attribute:29659:service,Attribute
attribute:29659:space,Attribute
attribute:29659:speed,Attribute
attribute:29781:cleanliness,Attribute
attribute:29781:food_quality,Attribute
attribute:29781:packaging,Attribute
attribute:29781:price,Attribute
attribute:29781:service,Attribute
attribute:29781:space,Attribute
attribute:29781:speed,Attribute
attribute:31187:cleanliness,Attribute
attribute:31187:food_quality,Attribute
attribute:31187:packaging,Attribute
attribute:31187:price,Attribute
attribute:31187:service,Attribute
attribute:31187:space,Attribute
attribute:31187:speed,Attribute
attribute:31215:cleanliness,Attribute
attribute:31215:food_quality,Attribute
attribute:31215:packaging,Attribute
attribute:31215:price,Attribute
attribute:31215:service,Attribute
attribute:31215:space,Attribute
attribute:31215:speed,Attribute
attribute:31548:cleanliness,Attribute
attribute:31548:food_quality,Attribute
attribute:31548:packaging,Attribute
attribute:31548:price,Attribute
attribute:31548:service,Attribute
attribute:31548:space,Attribute
attribute:31548:speed,Attribute
attribute:31750:cleanliness,Attribute
attribute:31750:food_quality,Attribute
attribute:31750:packaging,Attribute
attribute:31750:price,Attribute
attribute:31750:service,Attribute
attribute:31750:space,Attribute
attribute:31750:speed,Attribute
attribute:32283:cleanliness,Attribute
attribute:32283:food_quality,Attribute
attribute:32283:packaging,Attribute
attribute:32283:price,Attribute
attribute:32283:service,Attribute
attribute:32283:space,Attribute
attribute:32283:speed,Attribute
attribute:32416:cleanliness,Attribute
attribute:32416:food_quality,Attribute
attribute:32416:packaging,Attribute
attribute:32416:price,Attribute
attribute:32416:service,Attribute
attribute:32416:space,Attribute
attribute:32416:speed,Attribute
attribute:32462:cleanliness,Attribute
attribute:32462:food_quality,Attribute
attribute:32462:packaging,Attribute
attribute:32462:price,Attribute
attribute:32462:service,Attribute
attribute:32462:space,Attribute
attribute:32462:speed,Attribute
attribute:32487:cleanliness,Attribute
attribute:32487:food_quality,Attribute
attribute:32487:packaging,Attribute
attribute:32487:price,Attribute
attribute:32487:service,Attribute
attribute:32487:space,Attribute
attribute:32487:speed,Attribute
attribute:32784:cleanliness,Attribute
attribute:32784:food_quality,Attribute
attribute:32784:packaging,Attribute
attribute:32784:price,Attribute
attribute:32784:service,Attribute
attribute:32784:space,Attribute
attribute:32784:speed,Attribute
attribute:33188:cleanliness,Attribute
attribute:33188:food_quality,Attribute
attribute:33188:packaging,Attribute
attribute:33188:price,Attribute
attribute:33188:service,Attribute
attribute:33188:space,Attribute
attribute:33188:speed,Attribute
attribute:33749:cleanliness,Attribute
attribute:33749:food_quality,Attribute
attribute:33749:packaging,Attribute
attribute:33749:price,Attribute
attribute:33749:service,Attribute
attribute:33749:space,Attribute
attribute:33749:speed,Attribute
attribute:34875:cleanliness,Attribute
attribute:34875:food_quality,Attribute
attribute:34875:packaging,Attribute
attribute:34875:price,Attribute
attribute:34875:service,Attribute
attribute:34875:space,Attribute
attribute:34875:speed,Attribute
attribute:35452:cleanliness,Attribute
attribute:35452:food_quality,Attribute
attribute:35452:packaging,Attribute
attribute:35452:price,Attribute
attribute:35452:service,Attribute
attribute:35452:space,Attribute
attribute:35452:speed,Attribute
attribute:36034:cleanliness,Attribute
attribute:36034:food_quality,Attribute
attribute:36034:packaging,Attribute
attribute:36034:price,Attribute
attribute:36034:service,Attribute
attribute:36034:space,Attribute
attribute:36034:speed,Attribute
attribute:36147:cleanliness,Attribute
attribute:36147:food_quality,Attribute
attribute:36147:packaging,Attribute
attribute:36147:price,Attribute
attribute:36147:service,Attribute
attribute:36147:space,Attribute
attribute:36147:speed,Attribute
attribute:36157:cleanliness,Attribute
attribute:36157:food_quality,Attribute
attribute:36157:packaging,Attribute
attribute:36157:price,Attribute
attribute:36157:service,Attribute
attribute:36157:space,Attribute
attribute:36157:speed,Attribute
attribute:37364:cleanliness,Attribute
attribute:37364:food_quality,Attribute
attribute:37364:packaging,Attribute
attribute:37364:price,Attribute
attribute:37364:service,Attribute
attribute:37364:space,Attribute
attribute:37364:speed,Attribute
attribute:39068:cleanliness,Attribute
attribute:39068:food_quality,Attribute
attribute:39068:packaging,Attribute
attribute:39068:price,Attribute
attribute:39068:service,Attribute
attribute:39068:space,Attribute
attribute:39068:speed,Attribute
attribute:39262:cleanliness,Attribute
attribute:39262:food_quality,Attribute
attribute:39262:packaging,Attribute
attribute:39262:price,Attribute
attribute:39262:service,Attribute
attribute:39262:space,Attribute
attribute:39262:speed,Attribute
attribute:40014:cleanliness,Attribute
attribute:40014:food_quality,Attribute
attribute:40014:packaging,Attribute
attribute:40014:price,Attribute
attribute:40014:service,Attribute
attribute:40014:space,Attribute
attribute:40014:speed,Attribute
attribute:40716:cleanliness,Attribute
attribute:40716:food_quality,Attribute
attribute:40716:packaging,Attribute
attribute:40716:price,Attribute
attribute:40716:service,Attribute
attribute:40716:space,Attribute
attribute:40716:speed,Attribute
attribute:40980:cleanliness,Attribute
attribute:40980:food_quality,Attribute
attribute:40980:packaging,Attribute
attribute:40980:price,Attribute
attribute:40980:service,Attribute
attribute:40980:space,Attribute
attribute:40980:speed,Attribute
attribute:41433:cleanliness,Attribute
attribute:41433:food_quality,Attribute
attribute:41433:packaging,Attribute
attribute:41433:price,Attribute
attribute:41433:service,Attribute
attribute:41433:space,Attribute
attribute:41433:speed,Attribute
attribute:41570:cleanliness,Attribute
attribute:41570:food_quality,Attribute
attribute:41570:packaging,Attribute
attribute:41570:price,Attribute
attribute:41570:service,Attribute
attribute:41570:space,Attribute
attribute:41570:speed,Attribute
attribute:42458:cleanliness,Attribute
attribute:42458:food_quality,Attribute
attribute:42458:packaging,Attribute
attribute:42458:price,Attribute
attribute:42458:service,Attribute
attribute:42458:space,Attribute
attribute:42458:speed,Attribute
attribute:4397:cleanliness,Attribute
attribute:4397:food_quality,Attribute
attribute:4397:packaging,Attribute
attribute:4397:price,Attribute
attribute:4397:service,Attribute
attribute:4397:space,Attribute
attribute:4397:speed,Attribute
attribute:4486:cleanliness,Attribute
attribute:4486:food_quality,Attribute
attribute:4486:packaging,Attribute
attribute:4486:price,Attribute
attribute:4486:service,Attribute
attribute:4486:space,Attribute
attribute:4486:speed,Attribute
attribute:49400:cleanliness,Attribute
attribute:49400:food_quality,Attribute
attribute:49400:packaging,Attribute
attribute:49400:price,Attribute
attribute:49400:service,Attribute
attribute:49400:space,Attribute
attribute:49400:speed,Attribute
attribute:50258:cleanliness,Attribute
attribute:50258:food_quality,Attribute
attribute:50258:packaging,Attribute
attribute:50258:price,Attribute
attribute:50258:service,Attribute
attribute:50258:space,Attribute
attribute:50258:speed,Attribute
attribute:53514:cleanliness,Attribute
attribute:53514:food_quality,Attribute
attribute:53514:packaging,Attribute
attribute:53514:price,Attribute
attribute:53514:service,Attribute
attribute:53514:space,Attribute
attribute:53514:speed,Attribute
attribute:54641:cleanliness,Attribute
attribute:54641:food_quality,Attribute
attribute:54641:packaging,Attribute
attribute:54641:price,Attribute
attribute:54641:service,Attribute
attribute:54641:space,Attribute
attribute:54641:speed,Attribute
attribute:55835:cleanliness,Attribute
attribute:55835:food_quality,Attribute
attribute:55835:packaging,Attribute
attribute:55835:price,Attribute
attribute:55835:service,Attribute
attribute:55835:space,Attribute
attribute:55835:speed,Attribute
attribute:56543:cleanliness,Attribute
attribute:56543:food_quality,Attribute
attribute:56543:packaging,Attribute
attribute:56543:price,Attribute
attribute:56543:service,Attribute
attribute:56543:space,Attribute
attribute:56543:speed,Attribute
attribute:57665:cleanliness,Attribute
attribute:57665:food_quality,Attribute
attribute:57665:packaging,Attribute
attribute:57665:price,Attribute
attribute:57665:service,Attribute
attribute:57665:space,Attribute
attribute:57665:speed,Attribute
attribute:58523:cleanliness,Attribute
attribute:58523:food_quality,Attribute
attribute:58523:packaging,Attribute
attribute:58523:price,Attribute
attribute:58523:service,Attribute
attribute:58523:space,Attribute
attribute:58523:speed,Attribute
attribute:59967:cleanliness,Attribute
attribute:59967:food_quality,Attribute
attribute:59967:packaging,Attribute
attribute:59967:price,Attribute
attribute:59967:service,Attribute
attribute:59967:space,Attribute
attribute:59967:speed,Attribute
attribute:60874:cleanliness,Attribute
attribute:60874:food_quality,Attribute
attribute:60874:packaging,Attribute
attribute:60874:price,Attribute
attribute:60874:service,Attribute
attribute:60874:space,Attribute
attribute:60874:speed,Attribute
attribute:61209:cleanliness,Attribute
attribute:61209:food_quality,Attribute
attribute:61209:packaging,Attribute
attribute:61209:price,Attribute
attribute:61209:service,Attribute
attribute:61209:space,Attribute
attribute:61209:speed,Attribute
attribute:61570:cleanliness,Attribute
attribute:61570:food_quality,Attribute
attribute:61570:packaging,Attribute
attribute:61570:price,Attribute
attribute:61570:service,Attribute
attribute:61570:space,Attribute
attribute:61570:speed,Attribute
attribute:62280:cleanliness,Attribute
attribute:62280:food_quality,Attribute
attribute:62280:packaging,Attribute
attribute:62280:price,Attribute
attribute:62280:service,Attribute
attribute:62280:space,Attribute
attribute:62280:speed,Attribute
attribute:62951:cleanliness,Attribute
attribute:62951:food_quality,Attribute
attribute:62951:packaging,Attribute
attribute:62951:price,Attribute
attribute:62951:service,Attribute
attribute:62951:space,Attribute
attribute:62951:speed,Attribute
attribute:65884:cleanliness,Attribute
attribute:65884:food_quality,Attribute
attribute:65884:packaging,Attribute
attribute:65884:price,Attribute
attribute:65884:service,Attribute
attribute:65884:space,Attribute
attribute:65884:speed,Attribute
attribute:67492:cleanliness,Attribute
attribute:67492:food_quality,Attribute
attribute:67492:packaging,Attribute
attribute:67492:price,Attribute
attribute:67492:service,Attribute
attribute:67492:space,Attribute
attribute:67492:speed,Attribute
attribute:67574:cleanliness,Attribute
attribute:67574:food_quality,Attribute
attribute:67574:packaging,Attribute
attribute:67574:price,Attribute
attribute:67574:service,Attribute
attribute:67574:space,Attribute
attribute:67574:speed,Attribute
attribute:68175:cleanliness,Attribute
attribute:68175:food_quality,Attribute
attribute:68175:packaging,Attribute
attribute:68175:price,Attribute
attribute:68175:service,Attribute
attribute:68175:space,Attribute
attribute:68175:speed,Attribute
attribute:68548:cleanliness,Attribute
attribute:68548:food_quality,Attribute
attribute:68548:packaging,Attribute
attribute:68548:price,Attribute
attribute:68548:service,Attribute
attribute:68548:space,Attribute
attribute:68548:speed,Attribute
attribute:69293:cleanliness,Attribute
attribute:69293:food_quality,Attribute
attribute:69293:packaging,Attribute
attribute:69293:price,Attribute
attribute:69293:service,Attribute
attribute:69293:space,Attribute
attribute:69293:speed,Attribute
attribute:6930:cleanliness,Attribute
attribute:6930:food_quality,Attribute
attribute:6930:packaging,Attribute
attribute:6930:price,Attribute
attribute:6930:service,Attribute
attribute:6930:space,Attribute
attribute:6930:speed,Attribute
attribute:69613:cleanliness,Attribute
attribute:69613:food_quality,Attribute
attribute:69613:packaging,Attribute
attribute:69613:price,Attribute
attribute:69613:service,Attribute
attribute:69613:space,Attribute
attribute:69613:speed,Attribute
attribute:7160:cleanliness,Attribute
attribute:7160:food_quality,Attribute
attribute:7160:packaging,Attribute
attribute:7160:price,Attribute
attribute:7160:service,Attribute
attribute:7160:space,Attribute
attribute:7160:speed,Attribute
attribute:7207:cleanliness,Attribute
attribute:7207:food_quality,Attribute
attribute:7207:packaging,Attribute
attribute:7207:price,Attribute
attribute:7207:service,Attribute
attribute:7207:space,Attribute
attribute:7207:speed,Attribute
attribute:7240:cleanliness,Attribute
attribute:7240:food_quality,Attribute
attribute:7240:packaging,Attribute
attribute:7240:price,Attribute
attribute:7240:service,Attribute
attribute:7240:space,Attribute
attribute:7240:speed,Attribute
attribute:73467:cleanliness,Attribute
attribute:73467:food_quality,Attribute
attribute:73467:packaging,Attribute
attribute:73467:price,Attribute
attribute:73467:service,Attribute
attribute:73467:space,Attribute
attribute:73467:speed,Attribute
attribute:73491:cleanliness,Attribute
attribute:73491:food_quality,Attribute
attribute:73491:packaging,Attribute
attribute:73491:price,Attribute
attribute:73491:service,Attribute
attribute:73491:space,Attribute
attribute:73491:speed,Attribute
attribute:76124:cleanliness,Attribute
attribute:76124:food_quality,Attribute
attribute:76124:packaging,Attribute
attribute:76124:price,Attribute
attribute:76124:service,Attribute
attribute:76124:space,Attribute
attribute:76124:speed,Attribute
attribute:76300:cleanliness,Attribute
attribute:76300:food_quality,Attribute
attribute:76300:packaging,Attribute
attribute:76300:price,Attribute
attribute:76300:service,Attribute
attribute:76300:space,Attribute
attribute:76300:speed,Attribute
attribute:7635:cleanliness,Attribute
attribute:7635:food_quality,Attribute
attribute:7635:packaging,Attribute
attribute:7635:price,Attribute
attribute:7635:service,Attribute
attribute:7635:space,Attribute
attribute:7635:speed,Attribute
attribute:76776:cleanliness,Attribute
attribute:76776:food_quality,Attribute
attribute:76776:packaging,Attribute
attribute:76776:price,Attribute
attribute:76776:service,Attribute
attribute:76776:space,Attribute
attribute:76776:speed,Attribute
attribute:76892:cleanliness,Attribute
attribute:76892:food_quality,Attribute
attribute:76892:packaging,Attribute
attribute:76892:price,Attribute
attribute:76892:service,Attribute
attribute:76892:space,Attribute
attribute:76892:speed,Attribute
attribute:77167:cleanliness,Attribute
attribute:77167:food_quality,Attribute
attribute:77167:packaging,Attribute
attribute:77167:price,Attribute
attribute:77167:service,Attribute
attribute:77167:space,Attribute
attribute:77167:speed,Attribute
attribute:77657:cleanliness,Attribute
attribute:77657:food_quality,Attribute
attribute:77657:packaging,Attribute
attribute:77657:price,Attribute
attribute:77657:service,Attribute
attribute:77657:space,Attribute
attribute:77657:speed,Attribute
attribute:78300:cleanliness,Attribute
attribute:78300:food_quality,Attribute
attribute:78300:packaging,Attribute
attribute:78300:price,Attribute
attribute:78300:service,Attribute
attribute:78300:space,Attribute
attribute:78300:speed,Attribute
attribute:7920:cleanliness,Attribute
attribute:7920:food_quality,Attribute
attribute:7920:packaging,Attribute
attribute:7920:price,Attribute
attribute:7920:service,Attribute
attribute:7920:space,Attribute
attribute:7920:speed,Attribute
attribute:80180:cleanliness,Attribute
attribute:80180:food_quality,Attribute
attribute:80180:packaging,Attribute
attribute:80180:price,Attribute
attribute:80180:service,Attribute
attribute:80180:space,Attribute
attribute:80180:speed,Attribute
attribute:80920:cleanliness,Attribute
attribute:80920:food_quality,Attribute
attribute:80920:packaging,Attribute
attribute:80920:price,Attribute
attribute:80920:service,Attribute
attribute:80920:space,Attribute
attribute:80920:speed,Attribute
attribute:81353:cleanliness,Attribute
attribute:81353:food_quality,Attribute
attribute:81353:packaging,Attribute
attribute:81353:price,Attribute
attribute:81353:service,Attribute
attribute:81353:space,Attribute
attribute:81353:speed,Attribute
attribute:81712:cleanliness,Attribute
attribute:81712:food_quality,Attribute
attribute:81712:packaging,Attribute
attribute:81712:price,Attribute
attribute:81712:service,Attribute
attribute:81712:space,Attribute
attribute:81712:speed,Attribute
attribute:81993:cleanliness,Attribute
attribute:81993:food_quality,Attribute
attribute:81993:packaging,Attribute
attribute:81993:price,Attribute
attribute:81993:service,Attribute
attribute:81993:space,Attribute
attribute:81993:speed,Attribute
attribute:8200:cleanliness,Attribute
attribute:8200:food_quality,Attribute
attribute:8200:packaging,Attribute
attribute:8200:price,Attribute
attribute:8200:service,Attribute
attribute:8200:space,Attribute
attribute:8200:speed,Attribute
attribute:8314:cleanliness,Attribute
attribute:8314:food_quality,Attribute
attribute:8314:packaging,Attribute
attribute:8314:price,Attribute
attribute:8314:service,Attribute
attribute:8314:space,Attribute
attribute:8314:speed,Attribute
attribute:84292:cleanliness,Attribute
attribute:84292:food_quality,Attribute
attribute:84292:packaging,Attribute
attribute:84292:price,Attribute
attribute:84292:service,Attribute
attribute:84292:space,Attribute
attribute:84292:speed,Attribute
attribute:8432:cleanliness,Attribute
attribute:8432:food_quality,Attribute
attribute:8432:packaging,Attribute
attribute:8432:price,Attribute
attribute:8432:service,Attribute
attribute:8432:space,Attribute
attribute:8432:speed,Attribute
attribute:86219:cleanliness,Attribute
attribute:86219:food_quality,Attribute
attribute:86219:packaging,Attribute
attribute:86219:price,Attribute
attribute:86219:service,Attribute
attribute:86219:space,Attribute
attribute:86219:speed,Attribute
attribute:87272:cleanliness,Attribute
attribute:87272:food_quality,Attribute
attribute:87272:packaging,Attribute
attribute:87272:price,Attribute
attribute:87272:service,Attribute
attribute:87272:space,Attribute
attribute:87272:speed,Attribute
attribute:8785:cleanliness,Attribute
attribute:8785:food_quality,Attribute
attribute:8785:packaging,Attribute
attribute:8785:price,Attribute
attribute:8785:service,Attribute
attribute:8785:space,Attribute
attribute:8785:speed,Attribute
attribute:8805:cleanliness,Attribute
attribute:8805:food_quality,Attribute
attribute:8805:packaging,Attribute
attribute:8805:price,Attribute
attribute:8805:service,Attribute
attribute:8805:space,Attribute
attribute:8805:speed,Attribute
attribute:88436:cleanliness,Attribute
attribute:88436:food_quality,Attribute
attribute:88436:packaging,Attribute
attribute:88436:price,Attribute
attribute:88436:service,Attribute
attribute:88436:space,Attribute
attribute:88436:speed,Attribute
attribute:8868:cleanliness,Attribute
attribute:8868:food_quality,Attribute
attribute:8868:packaging,Attribute
attribute:8868:price,Attribute
attribute:8868:service,Attribute
attribute:8868:space,Attribute
attribute:8868:speed,Attribute
attribute:88782:cleanliness,Attribute
attribute:88782:food_quality,Attribute
attribute:88782:packaging,Attribute
attribute:88782:price,Attribute
attribute:88782:service,Attribute
attribute:88782:space,Attribute
attribute:88782:speed,Attribute
attribute:8919:cleanliness,Attribute
attribute:8919:food_quality,Attribute
attribute:8919:packaging,Attribute
attribute:8919:price,Attribute
attribute:8919:service,Attribute
attribute:8919:space,Attribute
attribute:8919:speed,Attribute
attribute:89400:cleanliness,Attribute
attribute:89400:food_quality,Attribute
attribute:89400:packaging,Attribute
attribute:89400:price,Attribute
attribute:89400:service,Attribute
attribute:89400:space,Attribute
attribute:89400:speed,Attribute
attribute:89681:cleanliness,Attribute
attribute:89681:food_quality,Attribute
attribute:89681:packaging,Attribute
attribute:89681:price,Attribute
attribute:89681:service,Attribute
attribute:89681:space,Attribute
attribute:89681:speed,Attribute
attribute:91853:cleanliness,Attribute
attribute:91853:food_quality,Attribute
attribute:91853:packaging,Attribute
attribute:91853:price,Attribute
attribute:91853:service,Attribute
attribute:91853:space,Attribute
attribute:91853:speed,Attribute
attribute:93168:cleanliness,Attribute
attribute:93168:food_quality,Attribute
attribute:93168:packaging,Attribute
attribute:93168:price,Attribute
attribute:93168:service,Attribute
attribute:93168:space,Attribute
attribute:93168:speed,Attribute
attribute:94161:cleanliness,Attribute
attribute:94161:food_quality,Attribute
attribute:94161:packaging,Attribute
attribute:94161:price,Attribute
attribute:94161:service,Attribute
attribute:94161:space,Attribute
attribute:94161:speed,Attribute
attribute:95249:cleanliness,Attribute
attribute:95249:food_quality,Attribute
attribute:95249:packaging,Attribute
attribute:95249:price,Attribute
attribute:95249:service,Attribute
attribute:95249:space,Attribute
attribute:95249:speed,Attribute
attribute:95450:cleanliness,Attribute
attribute:95450:food_quality,Attribute
attribute:95450:packaging,Attribute
attribute:95450:price,Attribute
attribute:95450:service,Attribute
attribute:95450:space,Attribute
attribute:95450:speed,Attribute
attribute:9568:cleanliness,Attribute
attribute:9568:food_quality,Attribute
attribute:9568:packaging,Attribute
attribute:9568:price,Attribute
attribute:9568:service,Attribute
attribute:9568:space,Attribute
attribute:9568:speed,Attribute
attribute:9606:cleanliness,Attribute
attribute:9606:food_quality,Attribute
attribute:9606:packaging,Attribute
attribute:9606:price,Attribute
attribute:9606:service,Attribute
attribute:9606:space,Attribute
attribute:9606:speed,Attribute
attribute:96492:cleanliness,Attribute
attribute:96492:food_quality,Attribute
attribute:96492:packaging,Attribute
attribute:96492:price,Attribute
attribute:96492:service,Attribute
attribute:96492:space,Attribute
attribute:96492:speed,Attribute
attribute:97742:cleanliness,Attribute
attribute:97742:food_quality,Attribute
attribute:97742:packaging,Attribute
attribute:97742:price,Attribute
attribute:97742:service,Attribute
attribute:97742:space,Attribute
attribute:97742:speed,Attribute
attribute:98870:cleanliness,Attribute
attribute:98870:food_quality,Attribute
attribute:98870:packaging,Attribute
attribute:98870:price,Attribute
attribute:98870:service,Attribute
attribute:98870:space,Attribute
attribute:98870:speed,Attribute
attribute:9929:cleanliness,Attribute
attribute:9929:food_quality,Attribute
attribute:9929:packaging,Attribute
attribute:9929:price,Attribute
attribute:9929:service,Attribute
attribute:9929:space,Attribute
attribute:9929:speed,Attribute
attribute:99617:cleanliness,Attribute
attribute:99617:food_quality,Attribute
attribute:99617:packaging,Attribute
attribute:99617:price,Attribute
attribute:99617:service,Attribute
attribute:99617:space,Attribute
attribute:99617:speed,Attribute
category:01_chao_tuoi_hang_ngay_co_set_nhan,Category
category:02_1_bun_pho_khong_gia_vi_co_nau_nong_ho,Category
category:02_my_nui_sieu_ngon_co_gia_vi,Category
category:03_sup_dinh_duong_co_nau_nong_ho,Category
category:04_mon_tho_an_com_co_gia_vi,Category
category:05_nhan_chao_heo_bo_suon,Category
category:06_nhan_chao_gia_cam,Category
category:07_nhan_chao_thuy_hai_san,Category
category:100_ga_tuoi_mien_phi_doi_tra,Category
category:5,Category
category:a_a_i_loan,Category
category:a_me,Category
category:ai_an_cung_ghien,Category
category:am_thuc_quoc_te,Category
category:an_chay,Category
category:an_kem_do_them,Category
category:an_kem_them,Category
category:an_nhe_do_dong_goi,Category
category:an_tha_ga_cung_cocacola,Category
category:an_them,Category
category:an_vat,Category
category:an_vat_via_he,Category
category:bang_ve_sinh,Category
category:banh,Category
category:banh_an_vat,Category
category:banh_bao,Category
category:banh_cuon,Category
category:banh_cuon_cao_bang,Category
category:banh_cuon_cham,Category
category:banh_cuon_khong_kem_cha,Category
category:banh_cuon_ngon_xiu,Category
category:banh_cuon_ngon_xiu_ai_an_cung_ghien,Category
category:banh_cuon_phu_ly_bun_cha,Category
category:banh_da,Category
category:banh_da_ca_cha_bo,Category
category:banh_la_rang_bua_thanh_hoa,Category
category:banh_man,Category
category:banh_mi_chao_sot_vang_bep_co_nu,Category
category:banh_mi_kep,Category
category:banh_mi_muoi_ot_nuong_sot,Category
category:banh_mi_sot_vang,Category
category:banh_mi_xoi,Category
category:banh_mi_xoi_xeo,Category
category:banh_ngot,Category
category:banh_trang,Category
category:banh_trang_cuon,Category
category:banh_trang_phoi_suong,Category
category:banh_trang_tron,Category
category:bank_atm,Category
category:bboom_cheese_ga_gion_4_vi_pho_mai,Category
category:bcs,Category
category:befoood,Category
category:best_sell,Category
category:best_seller,Category
category:bia,Category
category:bimbim,Category
category:bo,Category
category:bong_lan,Category
category:bst_hao_mon,Category
category:bst_thanh_tan,Category
category:bua_sang_giam_50,Category
category:bua_trua_nua_gia,Category
category:bua_xe_dong_gia_15k,Category
category:bun,Category
category:bun_banh_da_ca_cha_bo,Category
category:bun_bo,Category
category:bun_bo_bien,Category
category:bun_bo_hue,Category
category:bun_bo_hue_chuan_vi_hue,Category
category:bun_bo_hue_coca,Category
category:bun_bo_hue_duy_nhat,Category
category:bun_bo_hue_suon,Category
category:bun_bo_hue_tu_chon,Category
category:bun_ca_cay,Category
category:bun_ca_trai_cay,Category
category:bun_cha,Category
category:bun_cha_ban_tu_11h_14h_tu_t2_den_t7,Category
category:bun_cha_ha_noi,Category
category:bun_chanh_day_bo_viet,Category
category:bun_dau,Category
category:bun_gia_cay,Category
category:bun_hai_san,Category
category:bun_hai_san_bun_ca_cay,Category
category:bun_hai_san_hoa_qua,Category
category:bun_mi_mien,Category
category:bun_mien,Category
category:bun_mien_pho,Category
category:bun_nuoc,Category
category:bun_pho_my_chao,Category
category:bun_suon_chua,Category
category:bun_suon_chua_tron,Category
category:bun_thai,Category
category:bun_tron,Category
category:bun_tron_nam_bo,Category
category:bung_mood_cung_banh_quy_bo_sot_cam,Category
category:burger,Category
category:burger_com_mi_y,Category
category:burger_combo_value,Category
category:burger_dam_da,Category
category:burger_dam_da_mam_la_me_ly,Category
category:burger_hotdog,Category
category:ca_phe,Category
category:ca_phe_gu_tinh_tao,Category
category:ca_phe_may,Category
category:ca_phe_pha_may,Category
category:ca_phe_phin,Category
category:ca_phe_tra,Category
category:cac_loai_nuoc,Category
category:cac_loai_tra,Category
category:cac_mon_an_them,Category
category:cac_mon_chan,Category
category:cac_mon_chinh,Category
category:cac_mon_com,Category
category:cac_mon_rau,Category
category:cac_mon_tan_ngai_cuu,Category
category:cac_mon_tron,Category
category:cac_mon_xao,Category
category:cac_mon_xao_ban_tu_10h_trua_23h,Category
category:cacao,Category
category:cafa_dessert,Category
category:cafe,Category
category:cafe_dessert,Category
category:cafe_may,Category
category:cafe_pha_may,Category
category:cafe_phin,Category
category:cake_cream,Category
category:cang_dong_cang_vui_mo_tiec_ga_ran,Category
category:canh,Category
category:canh_ga_chien,Category
category:canh_rau,Category
category:cao_p_a_a_i,Category
category:cap_doi,Category
category:cap_doi_an_y,Category
category:cha_them,Category
category:cham_soc_khach_hang,Category
category:chan_com_them_tteokbokki,Category
category:chan_ga_rut_xuong,Category
category:chan_ga_rut_xuong_xa_ot,Category
category:chan_ga_sa_ot,Category
category:chan_ga_tuoi_ngon,Category
category:chao,Category
category:chao_long,Category
category:chao_suon_sun,Category
category:che,Category
category:che_bien_vien_mua_le,Category
category:cheese_balls,Category
category:chi_tu_40k,Category
category:chicken_chicken_set,Category
category:chim_quay_ga_tan,Category
category:chocolate,Category
category:chocolate_matcha,Category
category:chua,Category
category:chua_phat_giao,Category
category:classic_drink,Category
category:coffee,Category
category:cold,Category
category:cold_brew,Category
category:com,Category
category:com_ba_chi_rut_suon,Category
category:com_bo,Category
category:com_bo_hq_matcha,Category
category:com_chay,Category
category:com_chay_mam_hanh,Category
category:com_chien,Category
category:com_cocacola,Category
category:com_com_tam,Category
category:com_combo,Category
category:com_dac_biet,Category
category:com_dao,Category
category:com_dao_ga_ran,Category
category:com_dui_ga_roti,Category
category:com_ga,Category
category:com_ga_com_goc_tu,Category
category:com_ga_gion_ngon,Category
category:com_ga_guu_chicken,Category
category:com_ga_guu_chicken_com_goc_tu,Category
category:com_ga_hoi_an,Category
category:com_ga_lon,Category
category:com_ga_nho,Category
category:com_ga_vua,Category
category:com_lanh_canh_ngot,Category
category:com_my,Category
category:com_my_y_korean_ramen,Category
category:com_ngon,Category
category:com_ngon_ca_ngay,Category
category:com_ngon_no_bung,Category
category:com_nieu_singapore_kombo,Category
category:com_que_no_ne,Category
category:com_rang,Category
category:com_rang_2_trong_1,Category
category:com_rang_ban_buoi_trua,Category
category:com_rang_ban_tu_10h_trua_23h,Category
category:com_rang_chien,Category
category:com_rang_dinh_cao,Category
category:com_rang_duy_nhat,Category
category:com_rang_gia_truyen_nam_dinh,Category
category:com_rang_gion,Category
category:com_rang_khac,Category
category:com_rang_mi,Category
category:com_rang_mi_xao,Category
category:com_rang_my_pho_xao,Category
category:com_rang_nhat_ban,Category
category:com_rang_pho_bo,Category
category:com_rang_q35,Category
category:com_rang_thap_cam_truyen_thong,Category
category:com_rang_theo_mua_seasonal_menu,Category
category:com_sieu_tiet_kiem,Category
category:com_suat,Category
category:com_suat_dong_gia,Category
category:com_suat_kem_do_uong,Category
category:com_suon,Category
category:com_tam,Category
category:com_tam_ba_chi_nuong,Category
category:com_tam_best_seller,Category
category:com_tam_ma_heo_nuong,Category
category:com_tam_sai_gon,Category
category:com_tam_suon_cot_let,Category
category:com_tam_suon_delichi,Category
category:com_tam_thit_ba_roi,Category
category:com_thit_heo,Category
category:com_tiet_kiem,Category
category:com_trang,Category
category:com_trang_ga_ran,Category
category:com_tron,Category
category:com_tron_han_quoc_com_rang,Category
category:com_van_phong,Category
category:com_van_phong_delichi,Category
category:com_vi_nha_nau_thay_doi_theo_ngay,Category
category:com_vip,Category
category:combo,Category
category:combo_1_nguoi_sieu_tk,Category
category:combo_2_nguoi,Category
category:combo_2_nguoi_sieu_hoi,Category
category:combo_2_nguoi_sieu_tk,Category
category:combo_5_suat,Category
category:combo_6_mon,Category
category:combo_6_mon_sieu_uu_dai,Category
category:combo_an_doi,Category
category:combo_an_nhe_no_vua_du,Category
category:combo_an_no,Category
category:combo_bung_chay,Category
category:combo_cap_doi_gia_hoi,Category
category:combo_co_tam,Category
category:combo_coca,Category
category:combo_com_do_uong,Category
category:combo_com_dot,Category
category:combo_com_nuoc_ngot,Category
category:combo_cuc_ta_cuc_tac,Category
category:combo_cung_coca,Category
category:combo_cung_coca_an_cang_daa,Category
category:combo_cung_coca_cola,Category
category:combo_cung_cocacola_70000,Category
category:combo_cung_coke,Category
category:combo_cung_nuoc_ngot,Category
category:combo_dong_gia,Category
category:combo_ga,Category
category:combo_ga_ran,Category
category:combo_ga_ran_khoai_tay,Category
category:combo_gia_tot,Category
category:combo_giai_khat_cung_pepsi,Category
category:combo_hoi_giai_nhiet,Category
category:combo_hop_ca,Category
category:combo_hot,Category
category:combo_mi_y,Category
category:combo_ngon_hoi,Category
category:combo_nuoc_giai_khat_coca_cola,Category
category:combo_osechi,Category
category:combo_q35,Category
category:combo_tiet_kiem,Category
category:combo_tra_tac,Category
category:combo_uu_dai_hom_nay,Category
category:combo_uu_dai_soc,Category
category:combo_vui_cung_coca_cola,Category
category:combo_vui_ve,Category
category:combo_xom,Category
category:cskh,Category
category:cua_hang,Category
category:cua_hang_ban_nuoc_qua_ep,Category
category:cua_hang_bia,Category
category:cua_hang_tap_pham,Category
category:cua_hang_tra,Category
category:cung_coca_cola,Category
category:cuoi_gion_tan_best_seller,Category
category:da_ga_chien,Category
category:da_khat,Category
category:da_khat_tra_pha_che_tu_nha_mokchang,Category
category:da_qua_pepsi_oi,Category
category:da_xay,Category
category:daa_qua_pepsi_oi,Category
category:dac_biet,Category
category:dai_tiec_bo_toi_va_thao_moc,Category
category:dat_co,Category
category:dat_ship_ngoai_10,Category
category:dau_goi_sua_tam,Category
category:dau_phu,Category
category:deal_1k,Category
category:deal_befood_tro_gia_sl_co_han,Category
category:deal_hoi_20,Category
category:deal_hoi_20_5,Category
category:deal_hot_on_now,Category
category:desserts_drinks,Category
category:detox_juice,Category
category:dich_vu_cap_cuu_thu_y,Category
category:dich_vu_cham_soc_thu_nuoi,Category
category:dich_vu_nhan_nuoi_thu_canh,Category
category:dich_vu_trong_thu_cung,Category
category:diem_tam,Category
category:diem_thu_hut_khach_du_lich,Category
category:do_an,Category
category:do_an_60000_d,Category
category:do_an_kem,Category
category:do_an_lan_pho,Category
category:do_an_them,Category
category:do_an_vat,Category
category:do_an_vat_banh_ran_man_100,Category
category:do_an_vat_sieu_ngon,Category
category:do_an_vat_va_nuoc_uong,Category
category:do_au,Category
category:do_cham_mua_them,Category
category:do_chay,Category
category:do_chien_an_vat,Category
category:do_da_xay,Category
category:do_dung_ca_nhan,Category
category:do_giai_khat,Category
category:do_goi_them,Category
category:do_khac,Category
category:do_man,Category
category:do_nong,Category
category:do_them,Category
category:do_them_no_ne,Category
category:do_uong,Category
category:do_uong_an_vat,Category
category:do_uong_coca,Category
category:do_uong_dong_chai,Category
category:do_uong_moi_ha_mong,Category
category:do_uong_nong,Category
category:do_uong_q35,Category
category:do_uong_them,Category
category:do_uong_trang_mieng_it_ngot_it_calo,Category
category:do_xao,Category
category:doi_sun,Category
category:dong_gia_119k,Category
category:drink,Category
category:dui_canh,Category
category:dui_ga_canh_ga,Category
category:dui_ga_chien,Category
category:dung_cu_an_uong,Category
category:dung_cu_bao_bi,Category
category:espresso,Category
category:espresso_coffee,Category
category:extra,Category
category:fast_food,Category
category:frappe,Category
category:freeze,Category
category:ga,Category
category:ga_1_con,Category
category:ga_cac_vi,Category
category:ga_cau_vong_7_sac,Category
category:ga_co_xuong_ga_loc_xuong,Category
category:ga_coc,Category
category:ga_dinh_banh_ngon,Category
category:ga_dinh_banh_ngon_dong_gia_119k,Category
category:ga_gion,Category
category:ga_gion_khong_xuong_khuyu_canh_ga,Category
category:ga_gion_tuoi,Category
category:ga_gion_tuoi_cuoi_gion_tan_best_seller,Category
category:ga_goc_tu,Category
category:ga_khong_xuong,Category
category:ga_lac_pho_mai,Category
category:ga_mat_ong_xi_dau,Category
category:ga_mix_ca_con,Category
category:ga_nguyen_con,Category
category:ga_nua_con,Category
category:ga_pepsi,Category
category:ga_phu_pho_mai_tuyet,Category
category:ga_phu_sot_kem_hanh,Category
category:ga_phu_sot_trung_muoi_kim_sa,Category
category:ga_popcorn,Category
category:ga_popcorn_size_lon,Category
category:ga_ran,Category
category:ga_ran_combo,Category
category:ga_ran_dam_sot_doc_ban,Category
category:ga_ran_ga_quay,Category
category:ga_ran_ga_sot,Category
category:ga_ran_ga_sot_guu_chicken,Category
category:ga_ran_gion_rum,Category
category:ga_ran_gionnnn,Category
category:ga_ran_kimbap,Category
category:ga_ran_mix_sot_hot,Category
category:ga_ran_ngap_tran_mam_la_bung_mood,Category
category:ga_ran_nguyen_ban_3_vi_sot,Category
category:ga_ran_nua_con,Category
category:ga_ran_sot,Category
category:ga_ri_tuoi_ngon,Category
category:ga_rut_xuong,Category
category:ga_sot_cay,Category
category:ga_sot_combo,Category
category:ga_sot_dam_da,Category
category:ga_sot_dam_da_khong_xuong,Category
category:ga_sot_han,Category
category:ga_sot_kem_hanh,Category
category:ga_sot_mala_bbq_cay_bung_hung_khoi,Category
category:ga_sot_me_cay,Category
category:ga_sot_pho_mai,Category
category:ga_sot_phomai_cay,Category
category:ga_suat_lon,Category
category:ga_suat_nho,Category
category:ga_tam_nc_mam,Category
category:ga_tan,Category
category:ga_tuoi_100_dam_sot,Category
category:ga_u_muoi_hoa_tieu,Category
category:ga_u_muoi_tieu,Category
category:ga_vien,Category
category:ga_xao_han_quoc,Category
category:ga_xe_tay,Category
category:gia_a_a_nh,Category
category:gia_dinh,Category
category:gia_i_va_n_pha2ng,Category
category:gia_vi,Category
category:giai_khat,Category
category:giam_25k_daa_qua_pepsi_oi,Category
category:giam_40k_daa_qua_pepsi_oi,Category
category:giam_them_25k_daa_qua_pepsi_oi,Category
category:giao_com_van_phong,Category
category:giay_an_khan_uot,Category
category:gioi_manager,Category
category:gioi_van_phong,Category
category:goi_cuon_healthy,Category
category:goi_cuon_pho_cuon,Category
category:goi_them,Category
category:goi_y_mon_ngon,Category
category:gop_y_phan_hoi,Category
category:gra_b_food_khuyen_mai_tang_c2_ten_happy_food_do_an_han,Category
category:grilled_meat,Category
category:hai_san,Category
category:han_chicken,Category
category:he_ruc_ro_deal_re_het_co,Category
category:ho_tro_khach_hang,Category
category:hoa_qua_da_xay,Category
category:hoa_qua_nuoc_ep,Category
category:hoa_qua_say_kho,Category
category:hop_ga_ran_5_mieng,Category
category:hot_deal,Category
category:huan_luan_vien_thu_canh,Category
category:inactive,Category
category:k_ca3_wifi_thoidodavcc,Category
category:k_food_chuan_vi,Category
category:kem_danh_rang_ban_chai,Category
category:kem_mousse,Category
category:kem_trung,Category
category:keo,Category
category:khach_du_lich,Category
category:khai_vi,Category
category:khoai_lang_tim_series,Category
category:khoai_tay_chien,Category
category:khuay_dao_mua_he_kfc_tung_deal,Category
category:kombo_ngon_12345678_kombo_ngon_12345678,Category
category:korea_in_a_box,Category
category:korean_chicken,Category
category:latte,Category
category:lau,Category
category:lau_tokbokki_han_quoc,Category
category:love,Category
category:luon,Category
category:ma3n_a,Category
category:ma3n_trung_hoa,Category
category:ma3n_via_t,Category
category:mam_la_me_ly,Category
category:mang_di_tien_loi,Category
category:matcha,Category
category:matcha_cacao_khoai_mon,Category
category:matcha_series,Category
category:me_com_me_canh,Category
category:me_kimbap,Category
category:me_my_me_mien,Category
category:mega_sale_dong_gia_67k,Category
category:menu,Category
category:menu_chinh,Category
category:menu_com,Category
category:menu_mon,Category
category:mi,Category
category:mi_an_lien,Category
category:mi_bunn,Category
category:mi_cay,Category
category:mi_cay_sassin,Category
category:mi_cay_tokbokki,Category
category:mi_indomie_ga_ran,Category
category:mi_thai,Category
category:mi_tim_cat_chua_cay,Category
category:mi_tom,Category
category:mi_tron,Category
category:mi_tron_mi_y_nui,Category
category:mi_xao,Category
category:mi_y,Category
category:mi_y_salad,Category
category:mi_y_sot_bo_bam,Category
category:mien,Category
category:mien_nuoc,Category
category:mien_tron,Category
category:mien_xao,Category
category:milk_tea,Category
category:milo_tra_sua,Category
category:mix_nua_con_coca,Category
category:mon,Category
category:mon_an_choi,Category
category:mon_an_choi_nhau,Category
category:mon_an_kem,Category
category:mon_an_kem_them,Category
category:mon_an_ngon_khong_kem_theo_com,Category
category:mon_an_ngon_khong_kem_theo_com_canh,Category
category:mon_an_nhanh,Category
category:mon_an_them,Category
category:mon_an_vat,Category
category:mon_au_tron_bua,Category
category:mon_bac,Category
category:mon_ban_chay,Category
category:mon_bun,Category
category:mon_canh,Category
category:mon_canh_rau,Category
category:mon_chay,Category
category:mon_chay_chuong_trinh,Category
category:mon_chien,Category
category:mon_chien_ran,Category
category:mon_chinh,Category
category:mon_com_xoi_canh,Category
category:mon_dang_giam,Category
category:mon_dinh,Category
category:mon_ga,Category
category:mon_goi_them,Category
category:mon_han,Category
category:mon_hot,Category
category:mon_hue,Category
category:mon_kem,Category
category:mon_khac,Category
category:mon_lau,Category
category:mon_mien_nam,Category
category:mon_mien_trung,Category
category:mon_moi,Category
category:mon_moi_ca_ri_nhat,Category
category:mon_moi_miesofood,Category
category:mon_moi_mua_he,Category
category:mon_moi_nen_thu_ga_xot_mam_toi,Category
category:mon_moi_phai_thu,Category
category:mon_moi_phai_thu_bst_bung_huong_tra_sua_healthy,Category
category:mon_ngan,Category
category:mon_ngon_cung_coca_cola,Category
category:mon_ngon_dang_khuyen_mai,Category
category:mon_ngon_tang_coca,Category
category:mon_nhau,Category
category:mon_nong,Category
category:mon_nuoc,Category
category:mon_nuong,Category
category:mon_phai_thu,Category
category:mon_pho,Category
category:mon_phu,Category
category:mon_rau,Category
category:mon_salad,Category
category:mon_tam_dung,Category
category:mon_thai,Category
category:mon_them,Category
category:mon_them_q35,Category
category:mon_them_tuyet_dinh,Category
category:mon_trung_hoa,Category
category:mon_viet,Category
category:mon_vit_quay,Category
category:mon_xao,Category
category:mua_1_tang_1,Category
category:mua_2_tang_1,Category
category:mua_4_tinh_3_tu_vi_ga,Category
category:mua_nhieu_cang_re,Category
category:my,Category
category:my_cay_7_cap_do,Category
category:my_cay_guu_chicken,Category
category:my_mien,Category
category:my_nuoc,Category
category:my_quang,Category
category:my_suon_chua,Category
category:my_suon_chua_tron,Category
category:my_tom,Category
category:my_tron,Category
category:my_tron_indomie,Category
category:my_xao,Category
category:my_y,Category
category:my_y_chuan_vi,Category
category:my_y_chuan_vi_com_ga_gion_ngon,Category
category:my_y_combo,Category
category:my_y_sot_bo_bam,Category
category:nap_nang_luong_ca_tuan,Category
category:nem_nuong_nha_trang_an_la_nho,Category
category:ngu_coc,Category
category:nguoi_dat_cho_di_dao,Category
category:nguoi_huan_luyen_cho,Category
category:nguyen_lieu_gia_hoc_sih,Category
category:nha3m_ha_i,Category
category:nha_ha_ng,Category
category:nha_hang,Category
category:nha_hang_an_nhanh,Category
category:nha_hang_canh_ga,Category
category:nha_hang_chau_a,Category
category:nha_hang_cho_nguoi_an_chay,Category
category:nha_hang_han_quoc,Category
category:nha_hang_mon_nuong,Category
category:nha_hang_pho,Category
category:nha_hang_singapore,Category
category:nha_hang_thit_ga,Category
category:nha_hang_trung_quoc_co_giao_hang,Category
category:nha_hang_viet_nam,Category
category:nha_phan_phoi_do_uong,Category
category:nhom_com_cari_nhat_curry_rice,Category
category:nhom_com_nhat_com_chien_xu_mon_chinh,Category
category:nhom_hoi,Category
category:nuoc,Category
category:nuoc_dua_nuoc_mia,Category
category:nuoc_ep,Category
category:nuoc_ep_giai_nhiet,Category
category:nuoc_ep_hoa_qua,Category
category:nuoc_ep_nguyen_chat,Category
category:nuoc_ep_sinh_to,Category
category:nuoc_ep_theo_mua,Category
category:nuoc_giai_khat,Category
category:nuoc_ngot,Category
category:nuoc_ngot_va_nuoc_ep,Category
category:nuoc_uong,Category
category:nuoc_uong_minh_son,Category
category:nuoc_uop_lanh,Category
category:nuong_ngon_dam_vi,Category
category:o_cam_lioa_chinh_hang,Category
category:o_mai,Category
category:order_them_no_toi_dem,Category
category:other_beverages,Category
category:others,Category
category:pepsi,Category
category:pepsi_cuc_da_quan_cuc_chat,Category
category:phan_an_ron_rang,Category
category:phan_an_tien_loi,Category
category:phan_an_yeu_thuong,Category
category:phindi,Category
category:pho,Category
category:pho_bap,Category
category:pho_bo,Category
category:pho_bo_gia_truyen,Category
category:pho_bun_mi,Category
category:pho_bun_mien,Category
category:pho_bun_vit_quay,Category
category:pho_chin,Category
category:pho_cuon,Category
category:pho_dac_biet,Category
category:pho_ga,Category
category:pho_gan,Category
category:pho_loi,Category
category:pho_mi_mien_nuoc_pho_tron_bun_tron,Category
category:pho_mi_xao_an_vao_ngat_ngay,Category
category:pho_my_xao,Category
category:pho_nuoc,Category
category:pho_nuoc_pho_tron,Category
category:pho_sot_vang,Category
category:pho_tai,Category
category:pho_tron,Category
category:pho_xao,Category
category:pho_xao_mi_xao,Category
category:piza_combo,Category
category:pizza_pasta,Category
category:popcorn,Category
category:popcorn_size_m,Category
category:popcorn_size_s,Category
category:qua_n_a_n,Category
category:quan_an,Category
category:quan_an_nhe,Category
category:quan_an_nho,Category
category:quan_ca_phe,Category
category:quan_mi,Category
category:quan_tra_trung_quoc,Category
category:quay,Category
category:quay_ca_phe,Category
category:quay_giai_khat,Category
category:quynhchi_chinhi24042006,Category
category:ran,Category
category:rau,Category
category:rau_xao_ca_muoi,Category
category:rice_spaghetti,Category
category:rieu_cua,Category
category:rong_bien,Category
category:salad,Category
category:seoultang1_66668888_seoul_tang1_66668888_seoul_tang1_91trandainghia,Category
category:set_com_1_nguoi,Category
category:set_ga,Category
category:set_mi_vuiii,Category
category:shop,Category
category:shop_cua_hang,Category
category:shop_online,Category
category:si_sot,Category
category:side,Category
category:sieu_deal_giua_thang,Category
category:sieu_tiec_luong_ve,Category
category:singapore,Category
category:sinh_to,Category
category:sinh_to_da_lat,Category
category:sinh_to_nuoc_ep_sua,Category
category:sinh_viaan,Category
category:sinh_vien,Category
category:snack,Category
category:soda,Category
category:sot,Category
category:sot_them,Category
category:special_drink,Category
category:sprinkle_thu_ngay_keo_lo,Category
category:sua,Category
category:sua_chua,Category
category:sua_chua_lac_vi,Category
category:sua_dua,Category
category:sua_rua_mat_bong_tay_trang,Category
category:sua_trai_cay,Category
category:sua_tuoi,Category
category:sua_tuoi_tran_chau_duong_den,Category
category:sundea,Category
category:swan_tea_12345678,Category
category:tay_nguyen,Category
category:tea,Category
category:team_an_kem_nhung_gay_thuong_nho,Category
category:tet_sum_vay,Category
category:thach,Category
category:thang_5_deal_ngon,Category
category:them_phan,Category
category:them_sot,Category
category:them_sot_them_ngon,Category
category:thit_lon,Category
category:thuc_an_nhe,Category
category:thuc_an_them,Category
category:thuc_don,Category
category:thuc_don_mon_chien,Category
category:thuc_uong,Category
category:tokbokki,Category
category:tokk_khoai_tay_chien,Category
category:topping,Category
category:topping_lover,Category
category:topping_them,Category
category:topping_thit,Category
category:tra,Category
category:tra_chanh_gia_tay,Category
category:tra_chanh_tra_bi_dao,Category
category:tra_dac_biet,Category
category:tra_dai_loan,Category
category:tra_hoa_qua,Category
category:tra_hoa_qua_me_shin,Category
category:tra_kem,Category
category:tra_kem_foam_dac_biet,Category
category:tra_kem_man,Category
category:tra_nguyen_chat,Category
category:tra_nhung,Category
category:tra_nong_mua_dong,Category
category:tra_o_long,Category
category:tra_sua,Category
category:tra_sua_dac_biet,Category
category:tra_sua_kem_man,Category
category:tra_sua_sua_tuoi_latte,Category
category:tra_sua_thai,Category
category:tra_sua_tuoi,Category
category:tra_sua_tuoi_nhan_hoa_qua,Category
category:tra_thai_xanh_sua_thach_handmade_20_000,Category
category:tra_tra_thao_moc,Category
category:tra_trai_cay,Category
category:tra_tran_chau,Category
category:traditional_coffee,Category
category:trai_cay,Category
category:trai_cham_soc_meo,Category
category:trang_mieng,Category
category:tre_em,Category
category:tri_an_khach_hang,Category
category:tron,Category
category:trung_tam_cham_soc_cho_ban_ngay,Category
category:u_me_goi_cuon,Category
category:u_me_tron,Category
category:uu_dai_combo,Category
category:uu_dai_dac_biet,Category
category:uu_dai_delichi,Category
category:uu_dai_doc_quyen,Category
category:uu_dai_hot,Category
category:uu_dai_moi,Category
category:uu_dai_sap_toi,Category
category:vit,Category
category:vit_chien_ap_chao,Category
category:vit_hap,Category
category:vit_quay,Category
category:vit_rut_xuong,Category
category:xa_xiu,Category
category:xien_que_chien,Category
category:xin_dah_gia_5sao_cam_on_cac_b,Category
category:xoi,Category
category:xoi_bun_pho,Category
category:xoi_chien,Category
category:xoi_nep_thom_ngon,Category
category:xoi_xeo_ga,Category
category:xuan_ngap_niem_vui,Category
category:xuat_team_van_phong,Category
category:yakult,Category
category:yogurt,Category
community:0,Community
community:1,Community
community:2,Community
community:3,Community
community:4,Community
community:5,Community
community:6,Community
community:7,Community
community_report:community_report_0,CommunityReport
community_report:community_report_1,CommunityReport
community_report:community_report_2,CommunityReport
community_report:community_report_3,CommunityReport
community_report:community_report_4,CommunityReport
community_report:community_report_5,CommunityReport
community_report:community_report_6,CommunityReport
community_report:community_report_7,CommunityReport
cuisine:mon_viet,Cuisine
cuisine:singapore,Cuisine
dish:01_mieng_ga_sot_me_cay,DishEntity
dish:05_banh_quy_bo_sot_cam,DishEntity
dish:1_2_ga_u_muoi_xoi_cha_bong_hanh_phi,DishEntity
dish:1_bap_cai_tron_dai,DishEntity
dish:1_bap_cai_tron_lon,DishEntity
dish:1_com_ga_gion_vui_ve_1_sup_bi_do_1_nuoc_ngot_lon,DishEntity
dish:1_com_ga_lac_tieu_chanh,DishEntity
dish:1_com_ga_sot_cay_1_sup_bi_do_1_nuoc_ngot_lon,DishEntity
dish:1_con_ga_ri_u_muoi_hoa_tieu,DishEntity
dish:1_ga_gion_1_khoai_1_coca,DishEntity
dish:1_ga_gion_1_khoai_tay_1_coca,DishEntity
dish:1_ga_gion_1_my_y_1_coca,DishEntity
dish:1_ga_gion_1_my_y_1_khoai_1_coca,DishEntity
dish:1_ga_gion_1_my_y_1_khoai_tay_1_coca,DishEntity
dish:1_ga_sot_1_khoai_tay_1_coca,DishEntity
dish:1_lang_xa_xiu,DishEntity
dish:1_lau_tokbokki_sot_pho_mai_han_quoc,DishEntity
dish:1_mieng_ga_gion_vui_ve,DishEntity
dish:1_mieng_ga_gion_vui_ve_1_khoai_tay_chien_vua_1_banh_xoai_dao_1_nuoc_ngot_lon,DishEntity
dish:1_mieng_ga_gion_vui_ve_1_khoai_tay_chien_vua_1_nuoc_ngot_lon,DishEntity
dish:1_mieng_ga_lac_tieu_chanh,DishEntity
dish:1_mieng_ga_ran,DishEntity
dish:1_mieng_ga_sot_bo_toi_va_thao_moc,DishEntity
dish:1_mieng_ga_sot_cay,DishEntity
dish:1_mieng_ga_sot_cay_1_khoai_tay_chien_vua_1_banh_xoai_dao_1_nuoc_ngot_lon,DishEntity
dish:1_mieng_ga_sot_cay_1_khoai_tay_chien_vua_1_nuoc_ngot_lon,DishEntity
dish:1_mieng_ga_xot_mam_toi,DishEntity
dish:1_my_y_jolly_vua_1_khoai_tay_chien_vua_1_nuoc_ngot_lon,DishEntity
dish:1_my_y_jolly_vua_1_mieng_ga_gion_vui_ve_1_khoai_tay_chien_vua_1_nuoc_ngot_lon,DishEntity
dish:1_my_y_jolly_vua_1_mieng_ga_gion_vui_ve_1_nuoc_ngot_lon,DishEntity
dish:1_my_y_jolly_vua_2_ga_gion_vui_ve_khong_xuong_1_nuoc_ngot_lon,DishEntity
dish:1_my_y_jolly_vua_2_mieng_ga_gion_vui_ve_khong_xuong_1_khoai_tay_chien_vua_1_nuoc_ngot_lon,DishEntity
dish:1_que_nem_ho_lo_nuong_mien_tay,DishEntity
dish:1_salad_xot_me_rang,DishEntity
dish:1_sandwich_ga_1_khoai_tay_lac_vi_thit_nuong_bbq_vua_1_nuoc_ngot_lon,DishEntity
dish:1_suat_banh_cuon_phu_ly,DishEntity
dish:1_suat_bun_cha,DishEntity
dish:1_suat_bun_cha_coca,DishEntity
dish:1_thit_nuong,DishEntity
dish:2_bun_cha_lan_1_coca,DishEntity
dish:2_bun_cha_mieng_1_coca,DishEntity
dish:2_bun_cha_vien_1_coca,DishEntity
dish:2_canh_ga_chien_kem_sot,DishEntity
dish:2_canh_ga_chien_truyen_thong,DishEntity
dish:2_dui_3_canh_ran_gion,DishEntity
dish:2_dui_ga_chien_kem_sot,DishEntity
dish:2_dui_ga_chien_truyen_thong,DishEntity
dish:2_ga_gion_1_khoai_1_coca,DishEntity
dish:2_ga_gion_1_khoai_tay_1_coca,DishEntity
dish:2_ga_gion_2_my_y_1_khoai_2coca,DishEntity
dish:2_ga_sot_1_coca,DishEntity
dish:2_ga_sot_1_khoai_tay_1_coca,DishEntity
dish:2_ga_sot_2_coca,DishEntity
dish:2_lau_tokbokki_sot_pho_mai_han_quoc,DishEntity
dish:2_mieng_ga_gion_vui_ve_1_banh_xoai_dao_1_nuoc_ngot_lon,DishEntity
dish:2_mieng_ga_gion_vui_ve_1_khoai_tay_chien_vua_1_nuoc_ngot_lon,DishEntity
dish:2_mieng_ga_lac_tieu_chanh,DishEntity
dish:2_mieng_ga_ran,DishEntity
dish:2_mieng_ga_sot_cay_1_khoai_tay_chien_vua_1_nuoc_ngot_lon,DishEntity
dish:2_mieng_ga_sot_cay_1_nuoc_ngot_lon,DishEntity
dish:2_mieng_ga_xot_mam_toi,DishEntity
dish:2_suat_bun_cha_lan_2_suat_bun_cha_bam_vien_1_coca_cola_1_lit_5,DishEntity
dish:2c_banh_mi_muoi_ot_sot_bo_mat_ong,DishEntity
dish:3_ga_gion,DishEntity
dish:3_ga_gion_gion,DishEntity
dish:3_mieng_ga_lac_tieu_chanh,DishEntity
dish:3_mieng_ga_ran,DishEntity
dish:3_mieng_ga_ran_tender,DishEntity
dish:3_mieng_ga_sot_bo_toi_va_thao_moc,DishEntity
dish:3_mieng_ga_xot_mam_toi,DishEntity
dish:3c_pho_cuon_thit_bo,DishEntity
dish:4_banh_trung,DishEntity
dish:4_ga_gion_1_khoai_2coca,DishEntity
dish:4_pho_mai_vien,DishEntity
dish:5_bun_cha_lan,DishEntity
dish:5_canh_ran_gion,DishEntity
dish:5_canh_ran_gion_01_fanta_chai_300ml,DishEntity
dish:5_dui_ran_gion,DishEntity
dish:5_dui_ran_gion_01_chai_fanta_300ml,DishEntity
dish:5_lang_banh_cuon_trang_k_kem_thit,DishEntity
dish:5_mieng_ga_ran_tenders,DishEntity
dish:5c_pho_cuon_thit_bo_1_bun_tron_thit_nuong_2_nuoc_ngot,DishEntity
dish:5c_pho_cuon_thit_bo_1_nuoc_ngot,DishEntity
dish:5c_pho_cuon_thit_nuong_1_nuoc_ngot,DishEntity
dish:6_ga_gion_tang_2_coca,DishEntity
dish:6_pho_mai_vien,DishEntity
dish:a_com_rang_2_trong_1_thit_nuong_ca_ngu,DishEntity
dish:an_no_pho_cuon_thit_bo_bun_tron_thit_bo,DishEntity
dish:an_no_pho_cuon_thit_nuong_bun_tron_thit_nuong,DishEntity
dish:b_com_rang_2_trong_1_sot_thit_bam_ca_ngu,DishEntity
dish:ba_chi_heo_nuong_hong_kong,DishEntity
dish:ba_chi_luoc_cham_tom_chua,DishEntity
dish:banh_bao_chay_chien_kem_sua_cham,DishEntity
dish:banh_bot_loc_hue_10_chiec,DishEntity
dish:banh_bot_loc_la_hue_6_cai,DishEntity
dish:banh_bot_loc_xu_hue,DishEntity
dish:banh_chay,DishEntity
dish:banh_chuoi_phomai,DishEntity
dish:banh_chuoi_phomai_nuong,DishEntity
dish:banh_cuon,DishEntity
dish:banh_cuon_cao_bang,DishEntity
dish:banh_cuon_cha,DishEntity
dish:banh_cuon_cha_day_du,DishEntity
dish:banh_cuon_cha_lan,DishEntity
dish:banh_cuon_cha_lan_cha_thit_nuong_cha_que,DishEntity
dish:banh_cuon_cha_mo,DishEntity
dish:banh_cuon_cha_nuong,DishEntity
dish:banh_cuon_cha_nuong_cha_que,DishEntity
dish:banh_cuon_cha_nuong_them_trung,DishEntity
dish:banh_cuon_cha_que,DishEntity
dish:banh_cuon_cha_que_coca,DishEntity
dish:banh_cuon_cha_que_them_trung,DishEntity
dish:banh_cuon_cha_thap_cam_cha_nuong_cha_que,DishEntity
dish:banh_cuon_cha_thit_nuong,DishEntity
dish:banh_cuon_cha_vien,DishEntity
dish:banh_cuon_cham,DishEntity
dish:banh_cuon_chay,DishEntity
dish:banh_cuon_chay_cha_lan,DishEntity
dish:banh_cuon_chay_cha_nuong,DishEntity
dish:banh_cuon_chay_cha_que,DishEntity
dish:banh_cuon_chay_khong_cha,DishEntity
dish:banh_cuon_dac_biet,DishEntity
dish:banh_cuon_dac_biet_kem_cha,DishEntity
dish:banh_cuon_ga_nam_cha_que,DishEntity
dish:banh_cuon_ga_nam_khong_cha,DishEntity
dish:banh_cuon_khong_cha,DishEntity
dish:banh_cuon_khong_nhan_cha_nuong,DishEntity
dish:banh_cuon_khong_nhan_cha_nuong_cha_que,DishEntity
dish:banh_cuon_khong_nhan_co_cha,DishEntity
dish:banh_cuon_mexicana_cay,DishEntity
dish:banh_cuon_mexicana_khong_cay,DishEntity
dish:banh_cuon_nap_xuong,DishEntity
dish:banh_cuon_ngon_cha_nuong,DishEntity
dish:banh_cuon_ngon_cha_nuong_cha_que,DishEntity
dish:banh_cuon_ngon_cha_que,DishEntity
dish:banh_cuon_ngon_khong_cha,DishEntity
dish:banh_cuon_nhan_ga,DishEntity
dish:banh_cuon_nhan_hanh,DishEntity
dish:banh_cuon_nhan_hanh_cha_nuong,DishEntity
dish:banh_cuon_nhan_hanh_cha_que,DishEntity
dish:banh_cuon_nhan_hanh_kho,DishEntity
dish:banh_cuon_nhan_hanh_kho_cha,DishEntity
dish:banh_cuon_nhan_hanh_kho_co_cha,DishEntity
dish:banh_cuon_nhan_hanh_khong_cha,DishEntity
dish:banh_cuon_nhan_hanh_phi_cha_nuong,DishEntity
dish:banh_cuon_nhan_hanh_phi_cha_que,DishEntity
dish:banh_cuon_nhan_hanh_phi_khong_cha,DishEntity
dish:banh_cuon_nhan_ruoc_tom_cha_que,DishEntity
dish:banh_cuon_nhan_thit,DishEntity
dish:banh_cuon_nhan_thit_cha_lan,DishEntity
dish:banh_cuon_nhan_thit_cha_lua,DishEntity
dish:banh_cuon_nhan_thit_cha_nuong,DishEntity
dish:banh_cuon_nhan_thit_cha_que,DishEntity
dish:banh_cuon_nhan_thit_hanh_phi,DishEntity
dish:banh_cuon_nhan_thit_khong_cha,DishEntity
dish:banh_cuon_nhan_thit_ko_trung_ko_gio,DishEntity
dish:banh_cuon_nhan_thit_moc_nhi_cha_que,DishEntity
dish:banh_cuon_nhan_thit_moc_nhi_khong_cha,DishEntity
dish:banh_cuon_nhan_thit_va_cha_lua,DishEntity
dish:banh_cuon_nong_cha_nuong,DishEntity
dish:banh_cuon_phu_ly,DishEntity
dish:banh_cuon_rong_bien_cuon_hanh_phi,DishEntity
dish:banh_cuon_rong_bien_tom_thit_dac_biet,DishEntity
dish:banh_cuon_tex_cay,DishEntity
dish:banh_cuon_tex_khong_cay,DishEntity
dish:banh_cuon_thanh_tri,DishEntity
dish:banh_cuon_thanh_tri_cha_que,DishEntity
dish:banh_cuon_thap_cam_cha_thit_nuong,DishEntity
dish:banh_cuon_thit,DishEntity
dish:banh_cuon_thit_cha,DishEntity
dish:banh_cuon_thit_cha_mo,DishEntity
dish:banh_cuon_thit_cha_que,DishEntity
dish:banh_cuon_thit_khong_cha,DishEntity
dish:banh_cuon_thit_lap_xuong,DishEntity
dish:banh_cuon_thit_nam_co_cha,DishEntity
dish:banh_cuon_thit_nam_khong_cha,DishEntity
dish:banh_cuon_thit_nam_nhieu_nhan_cuon_tron,DishEntity
dish:banh_cuon_thit_nhieu_nhan_cuon_tron_cha_que,DishEntity
dish:banh_cuon_thit_nuong,DishEntity
dish:banh_cuon_thit_nuong_coca,DishEntity
dish:banh_cuon_thit_ruoc_tom,DishEntity
dish:banh_cuon_tom,DishEntity
dish:banh_cuon_tom_cha,DishEntity
dish:banh_cuon_tom_lan_thit,DishEntity
dish:banh_cuon_tom_lan_thit_co_cha,DishEntity
dish:banh_cuon_tom_thit,DishEntity
dish:banh_cuon_tom_thit_nam_co_cha,DishEntity
dish:banh_cuon_tom_thit_nam_khong_cha,DishEntity
dish:banh_cuon_trang_cha_que,DishEntity
dish:banh_cuon_trung,DishEntity
dish:banh_cuon_trung_2_trung,DishEntity
dish:banh_cuon_trung_cha,DishEntity
dish:banh_cuon_trung_cha_lan,DishEntity
dish:banh_cuon_trung_cha_nuong,DishEntity
dish:banh_cuon_trung_cha_nuong_cha_que,DishEntity
dish:banh_cuon_trung_cha_que,DishEntity
dish:banh_cuon_trung_chay_long_dao,DishEntity
dish:banh_cuon_trung_chin,DishEntity
dish:banh_cuon_trung_danh,DishEntity
dish:banh_cuon_trung_gio_cao_bang,DishEntity
dish:banh_cuon_trung_khong_cha,DishEntity
dish:banh_cuon_trung_long_dao,DishEntity
dish:banh_cuon_trung_ngon_khong_cha,DishEntity
dish:banh_cuon_vit_quay,DishEntity
dish:banh_cuon_xa_xiu,DishEntity
dish:banh_da_bo_cha_nuoc,DishEntity
dish:banh_da_bo_cha_tron,DishEntity
dish:banh_da_ca_bo_canh_chua,DishEntity
dish:banh_da_ca_cay,DishEntity
dish:banh_da_ca_cha_bo,DishEntity
dish:banh_da_ca_moc_dau,DishEntity
dish:banh_da_ca_nuoc,DishEntity
dish:banh_da_cha_nuoc,DishEntity
dish:banh_da_cha_tron,DishEntity
dish:banh_da_cua_hai_phong_tang_1_chai_nuoc_hat_chia_30k,DishEntity
dish:banh_da_cua_ngap_tran_topping_tang_1_chai_nuoc_hat_chia_30k,DishEntity
dish:banh_da_cua_nuoc_day_du,DishEntity
dish:banh_da_cua_thap_cam_tang_1_chai_nuoc_hat_chia_30k,DishEntity
dish:banh_da_cua_tron_day_du,DishEntity
dish:banh_da_cua_tron_ngap_tran_topping_tang_1_ly_nuoc_hat_chia_30k,DishEntity
dish:banh_da_gio_cha_nuoc,DishEntity
dish:banh_da_gio_cha_tron,DishEntity
dish:banh_da_hai_san_dac_biet,DishEntity
dish:banh_da_tron,DishEntity
dish:banh_da_tron_bo_ga,DishEntity
dish:banh_da_tron_ga,DishEntity
dish:banh_dark_chocolate,DishEntity
dish:banh_ga_nhan_pho_mai_5_chiec,DishEntity
dish:banh_ga_thuong_5_chiec,DishEntity
dish:banh_gao_bb,DishEntity
dish:banh_gao_bb_pho_mai,DishEntity
dish:banh_gao_chien_sot_chua_ngot,DishEntity
dish:banh_gao_lac_pho_mai,DishEntity
dish:banh_gao_lac_phomai,DishEntity
dish:banh_gao_sot_rose,DishEntity
dish:banh_gio_truyen_thong,DishEntity
dish:banh_goi,DishEntity
dish:banh_mi_muoi_ot_suat_be_1_phan,DishEntity
dish:banh_mi_muoi_ot_suat_vua_2_phan,DishEntity
dish:banh_mi_nuong_sot_suat_be_1_phan,DishEntity
dish:banh_mi_nuong_sot_suat_vua_2_phan_kem_trung_pho_mai,DishEntity
dish:banh_mi_ruoc_hanh,DishEntity
dish:banh_mi_ruoc_hanh_xuc_xich,DishEntity
dish:banh_mi_sot_vang,DishEntity
dish:banh_mi_thit_nuong,DishEntity
dish:banh_milo_kem_socola_hop_500ml,DishEntity
dish:banh_milo_kem_socola_hop_750ml,DishEntity
dish:banh_my_2_xien,DishEntity
dish:banh_my_3_xien,DishEntity
dish:banh_my_bo_mat_ong,DishEntity
dish:banh_nhan_hanh_phi,DishEntity
dish:banh_nhan_thit_nam_khong_cha,DishEntity
dish:banh_nhan_tom_thit_khong_kem_cha,DishEntity
dish:banh_quy_cham_sot_suat_1_kem_1_banh,DishEntity
dish:banh_quy_cham_sot_suat_2_kem_1_banh,DishEntity
dish:banh_quy_cham_sot_suat_3_kem_1_banh,DishEntity
dish:banh_ran_man,DishEntity
dish:banh_ran_ngot,DishEntity
dish:banh_sinh_nhat_mini_size_8cm,DishEntity
dish:banh_sua_chua_phomai_nuong,DishEntity
dish:banh_thit_nam_nhieu_nhan,DishEntity
dish:banh_tom,DishEntity
dish:banh_trang_cuon_bo,DishEntity
dish:banh_trang_cuon_mix_sot,DishEntity
dish:banh_trang_cuon_pho_mai,DishEntity
dish:banh_trang_cuon_pho_mai_ruoc_cay,DishEntity
dish:banh_trang_cuon_pho_mai_trung_muoi,DishEntity
dish:banh_trang_cuon_sot_me,DishEntity
dish:banh_trang_cuon_sot_me_bo,DishEntity
dish:banh_trang_cuon_sot_me_mayonnaise,DishEntity
dish:banh_trang_cuon_sot_me_phomai,DishEntity
dish:banh_trang_cuon_thit_heo_nuong,DishEntity
dish:banh_trang_cuon_thit_heo_quay,DishEntity
dish:banh_trang_cuon_thit_quay,DishEntity
dish:banh_trang_cuon_tong_hop,DishEntity
dish:banh_trang_cuon_xa_xiu,DishEntity
dish:banh_trang_lac_kho,DishEntity
dish:banh_trang_nuong,DishEntity
dish:banh_trang_nuong_kho_bo,DishEntity
dish:banh_trang_nuong_ruoc_phomai_sot_bo,DishEntity
dish:banh_trang_thit_heo_luoc,DishEntity
dish:banh_trang_tron,DishEntity
dish:banh_trang_tron_bo_toi,DishEntity
dish:banh_trang_tron_da_heo,DishEntity
dish:banh_trang_tron_lon,DishEntity
dish:banh_trang_tron_mix_cuon,DishEntity
dish:banh_trang_tron_nho,DishEntity
dish:banh_trung_nhan_thit,DishEntity
dish:banh_trung_nhan_tom,DishEntity
dish:banh_trung_nhan_tom_thit,DishEntity
dish:banh_vang,DishEntity
dish:banh_xeo_cot_dua_mien_tay_nhan_thit_heo_tom,DishEntity
dish:banh_xeo_cot_dua_nhan_tom_ga,DishEntity
dish:banh_xeo_cot_dua_nhan_tom_gia,DishEntity
dish:bap_cai_luoc_cham_trung,DishEntity
dish:bap_cai_xao_toi,DishEntity
dish:bat_my_thit_bo,DishEntity
dish:bat_my_tim,DishEntity
dish:beer_ha_noi,DishEntity
dish:bltm_cuon_2_loai_sot,DishEntity
dish:bo_chin,DishEntity
dish:bo_huc,DishEntity
dish:bo_huc_thai,DishEntity
dish:bo_om_khoai,DishEntity
dish:bo_sot_tieu_den,DishEntity
dish:bo_tai,DishEntity
dish:bo_tai_chin,DishEntity
dish:bo_xao,DishEntity
dish:bo_xao_can_toi_stir_fried_beef_with_garlic,DishEntity
dish:bo_xao_dua_stir_fried_beef_with_melon,DishEntity
dish:bo_xao_rau_cai,DishEntity
dish:bong_lan_cuon_ga_cay_malay,DishEntity
dish:bong_lan_cuon_hoa_qua_kemcheese,DishEntity
dish:bong_lan_cuon_kem,DishEntity
dish:bong_lan_mix_3_vi_kem_cheese,DishEntity
dish:bong_lan_mix_4_vi,DishEntity
dish:bong_lan_trung_muoi_2_sot,DishEntity
dish:bong_lan_trung_muoi_3_loai_sot,DishEntity
dish:bong_lan_trung_muoi_mix_ga_cay_hop_750ml,DishEntity
dish:bong_lan_trung_muoi_ruoc_ga_cay,DishEntity
dish:bong_lan_trung_muoi_sieu_sot_sieu_trung,DishEntity
dish:bong_lan_trung_muoi_sieu_sot_sieu_trung_mini,DishEntity
dish:bong_lan_trung_muoi_truyen_thong,DishEntity
dish:bt_phoi_suong_tep_hanh,DishEntity
dish:bun_bo,DishEntity
dish:bun_bo_bien_size_l_co_lon,DishEntity
dish:bun_bo_bien_size_m_co_vua,DishEntity
dish:bun_bo_bien_size_s_co_nho,DishEntity
dish:bun_bo_bien_size_xl_co_dai,DishEntity
dish:bun_bo_canh_chua,DishEntity
dish:bun_bo_gio_tai,DishEntity
dish:bun_bo_hue_dac_biet,DishEntity
dish:bun_bo_hue_khong_mong,DishEntity
dish:bun_bo_hue_sinh_vien,DishEntity
dish:bun_bo_hue_to_dac_biet,DishEntity
dish:bun_bo_hue_to_lon,DishEntity
dish:bun_bo_hue_to_nho_khong_mong,DishEntity
dish:bun_bo_hue_to_vua,DishEntity
dish:bun_bo_mang,DishEntity
dish:bun_bo_nam_bo,DishEntity
dish:bun_bo_nam_bo_nuoc,DishEntity
dish:bun_bo_nam_bo_tron,DishEntity
dish:bun_bo_nam_bo_xuat_lon,DishEntity
dish:bun_bo_nam_bo_xuat_nho,DishEntity
dish:bun_bo_nam_bo_xuat_thuong,DishEntity
dish:bun_bo_tai,DishEntity
dish:bun_bo_tai_coca_cola,DishEntity
dish:bun_bo_tron_nam_bo,DishEntity
dish:bun_ca,DishEntity
dish:bun_ca_bo_canh_chua,DishEntity
dish:bun_ca_mang_cay,DishEntity
dish:bun_ca_moc,DishEntity
dish:bun_ca_ngap_tran_ca_tang_1_ly_nuoc_hat_chia_30k,DishEntity
dish:bun_ca_trai_cay_size_l_co_lon,DishEntity
dish:bun_ca_trai_cay_size_m_co_vua,DishEntity
dish:bun_ca_trai_cay_size_s_co_nho,DishEntity
dish:bun_ca_trai_cay_size_xl_co_dai,DishEntity
dish:bun_ca_tron_mang_cay,DishEntity
dish:bun_cha,DishEntity
dish:bun_cha_1_chai_coca,DishEntity
dish:bun_cha_1_coca,DishEntity
dish:bun_cha_bam,DishEntity
dish:bun_cha_bam_khong_bao_gom_dung_cu_an_uong,DishEntity
dish:bun_cha_bam_vien,DishEntity
dish:bun_cha_bam_vien_dac_biet,DishEntity
dish:bun_cha_cham,DishEntity
dish:bun_cha_cham_thit_mieng,DishEntity
dish:bun_cha_cham_vien,DishEntity
dish:bun_cha_chan,DishEntity
dish:bun_cha_chan_coca,DishEntity
dish:bun_cha_chan_dac_biet,DishEntity
dish:bun_cha_chan_nguyen_bam,DishEntity
dish:bun_cha_chan_thuong,DishEntity
dish:bun_cha_coca,DishEntity
dish:bun_cha_dac_biet,DishEntity
dish:bun_cha_day_du_khong_bao_gom_dung_cu_an_uong,DishEntity
dish:bun_cha_la_xuong_song_day_du,DishEntity
dish:bun_cha_la_xuong_song_thit_bam,DishEntity
dish:bun_cha_la_xuong_song_thit_mieng,DishEntity
dish:bun_cha_lan,DishEntity
dish:bun_cha_lan_1_nem,DishEntity
dish:bun_cha_lan_bam_mieng,DishEntity
dish:bun_cha_lan_dac_biet,DishEntity
dish:bun_cha_lan_khong_bao_gom_dung_cu_an_uong,DishEntity
dish:bun_cha_lan_nem,DishEntity
dish:bun_cha_lan_nem_coca_chai,DishEntity
dish:bun_cha_lan_nem_fanta,DishEntity
dish:bun_cha_lan_nem_ran_coca,DishEntity
dish:bun_cha_lan_suat_lon,DishEntity
dish:bun_cha_lan_suat_nho,DishEntity
dish:bun_cha_mieng,DishEntity
dish:bun_cha_mieng_dac_biet,DishEntity
dish:bun_cha_mieng_khong_bao_gom_dung_cu_an_uong,DishEntity
dish:bun_cha_mieng_suat_lon,DishEntity
dish:bun_cha_muc_bo_vien_dau_phu,DishEntity
dish:bun_cha_nem,DishEntity
dish:bun_cha_nem_ran,DishEntity
dish:bun_cha_nuong,DishEntity
dish:bun_cha_nuong_nong_coca,DishEntity
dish:bun_cha_nuong_nong_nguyen_bam,DishEntity
dish:bun_cha_nuong_nong_nguyen_mieng,DishEntity
dish:bun_cha_nuong_nong_xuat_dac_biet,DishEntity
dish:bun_cha_nuong_nong_xuat_thuong,DishEntity
dish:bun_cha_quat,DishEntity
dish:bun_cha_suat_nhieu_thit,DishEntity
dish:bun_cha_them_bun,DishEntity
dish:bun_cha_them_cha,DishEntity
dish:bun_cha_thit_bam,DishEntity
dish:bun_cha_thit_bam_coca_khong_bao_gom_dung_cu_an_uong,DishEntity
dish:bun_cha_thit_bam_nem,DishEntity
dish:bun_cha_thit_bam_nem_coca_chai,DishEntity
dish:bun_cha_thit_bo_canh_chua,DishEntity
dish:bun_cha_thit_lan_coca_khong_bao_gom_dung_cu_an_uong,DishEntity
dish:bun_cha_thit_mieng,DishEntity
dish:bun_cha_thit_mieng_coca_khong_bao_gom_dung_cu_an_uong,DishEntity
dish:bun_cha_thit_mieng_nem,DishEntity
dish:bun_cha_thit_mieng_nem_coca_chai,DishEntity
dish:bun_cha_thit_nuong,DishEntity
dish:bun_cha_thit_nuong_kem_mang_ot_sieu_ngon,DishEntity
dish:bun_cha_thit_vien,DishEntity
dish:bun_cha_truyen_thong,DishEntity
dish:bun_cha_vien,DishEntity
dish:bun_cha_vien_coca_cola,DishEntity
dish:bun_cha_vien_fanta,DishEntity
dish:bun_cha_vien_sprite_chai,DishEntity
dish:bun_cha_vien_suat_nho,DishEntity
dish:bun_chanh_day_bo_viet_size_l_co_lon,DishEntity
dish:bun_chanh_day_bo_viet_size_m_co_vua,DishEntity
dish:bun_chanh_day_bo_viet_size_s_co_nho,DishEntity
dish:bun_chanh_day_bo_viet_size_xl_co_dai,DishEntity
dish:bun_dac_biet,DishEntity
dish:bun_dau,DishEntity
dish:bun_dau_cha_com,DishEntity
dish:bun_dau_cha_com_thit_chan_gio_doi_ran,DishEntity
dish:bun_dau_cha_com_thit_luoc_nem_ran,DishEntity
dish:bun_dau_cha_com_va_nem_ran,DishEntity
dish:bun_dau_dac_biet_full_topping,DishEntity
dish:bun_dau_day_du_1_chai_coca,DishEntity
dish:bun_dau_day_du_dau_thit_doi_cha_com_nem,DishEntity
dish:bun_dau_doi_sun,DishEntity
dish:bun_dau_long_ran,DishEntity
dish:bun_dau_mam_tom,DishEntity
dish:bun_dau_met,DishEntity
dish:bun_dau_met_day_du,DishEntity
dish:bun_dau_met_lon_1_chai_coca,DishEntity
dish:bun_dau_met_lon_1_coca,DishEntity
dish:bun_dau_nem_ran_va_doi_sun,DishEntity
dish:bun_dau_thit_cha_com,DishEntity
dish:bun_dau_thit_heo_chan_gio,DishEntity
dish:bun_dau_thit_long_ran,DishEntity
dish:bun_dau_thit_luoc,DishEntity
dish:bun_dau_thit_luoc_va_doi_sun,DishEntity
dish:bun_dau_va_nem_ran,DishEntity
dish:bun_dau_vua_1_chai_coca,DishEntity
dish:bun_dau_vua_dau_thit_doi_cha_com,DishEntity
dish:bun_dui_heo_nam_huong,DishEntity
dish:bun_ga,DishEntity
dish:bun_ga_canh,DishEntity
dish:bun_ga_chan_nuoc,DishEntity
dish:bun_ga_dac_biet,DishEntity
dish:bun_ga_dui,DishEntity
dish:bun_ga_lan,DishEntity
dish:bun_ga_lung,DishEntity
dish:bun_ga_luon,DishEntity
dish:bun_ga_moc,DishEntity
dish:bun_ga_ta,DishEntity
dish:bun_ga_trang_trung,DishEntity
dish:bun_ga_tron,DishEntity
dish:bun_gia_cay,DishEntity
dish:bun_gia_cay_dac_biet_tang_1_ly_nuoc_hat_chia_30k,DishEntity
dish:bun_hai_san_dac_biet,DishEntity
dish:bun_hai_san_hoa_qua_size_l_co_lon,DishEntity
dish:bun_hai_san_hoa_qua_size_m_co_vua,DishEntity
dish:bun_hai_san_hoa_qua_size_s_co_nho,DishEntity
dish:bun_hai_san_hoa_qua_size_xl_co_dai,DishEntity
dish:bun_hai_san_tom_muc,DishEntity
dish:bun_hue,DishEntity
dish:bun_hue_dac_biet,DishEntity
dish:bun_hue_day_du,DishEntity
dish:bun_mam,DishEntity
dish:bun_mam_nem,DishEntity
dish:bun_mang_moc,DishEntity
dish:bun_mang_suon_moc,DishEntity
dish:bun_moc,DishEntity
dish:bun_moc_cua,DishEntity
dish:bun_moc_mang_kho,DishEntity
dish:bun_moc_thit_chan_gio_mang_kho,DishEntity
dish:bun_nem,DishEntity
dish:bun_nem_coca,DishEntity
dish:bun_nem_coca_chai,DishEntity
dish:bun_nem_dac_biet,DishEntity
dish:bun_nem_khong_bao_gom_dung_cu_an_uong,DishEntity
dish:bun_nem_thit,DishEntity
dish:bun_ngan,DishEntity
dish:bun_ngan_moc,DishEntity
dish:bun_ngan_moc_dac_biet,DishEntity
dish:bun_ngan_nuoc,DishEntity
dish:bun_ngan_tron,DishEntity
dish:bun_ngan_xe_mang_kho,DishEntity
dish:bun_ngan_xe_mang_kho_dac_biet,DishEntity
dish:bun_oc_nhoi_bo_vien_dau_phu,DishEntity
dish:bun_rieu_ca_cha_thit_bo,DishEntity
dish:bun_rieu_cua_bo_tang_1_chai_nuoc_hat_chia_30k,DishEntity
dish:bun_rieu_cua_ca_tang_1_chai_nuoc_hat_chia_30k,DishEntity
dish:bun_rieu_cua_cha_ca_tang_1_chai_nuoc_hat_chia_30k,DishEntity
dish:bun_rieu_cua_dac_biet_tang_1_chai_hat_chia_30k,DishEntity
dish:bun_rieu_cua_gio_tai_tang_1_chai_nuoc_hat_chia_30k,DishEntity
dish:bun_rieu_cua_moc_oc_tang_1_chai_nuoc_hat_chia_20k,DishEntity
dish:bun_rieu_cua_moc_thit_tang_1_chai_nuoc_hat_chia_30k,DishEntity
dish:bun_rieu_cua_oc_tang_1_nuoc_hat_chia_30k,DishEntity
dish:bun_rieu_cua_tang_1_chai_nuoc_hat_chia_20k,DishEntity
dish:bun_rieu_cua_tang_1_ly_nuoc_hat_chia_30k,DishEntity
dish:bun_rieu_cua_tron_ngap_tran_topping_tang_1_ly_nuoc_hat_chia_30k,DishEntity
dish:bun_rieu_oc_dac_biet_tang_1_chai_nuoc_hat_chia_20k,DishEntity
dish:bun_rieu_oc_tang_1_chai_nuoc_hat_chia_30k,DishEntity
dish:bun_sot_vang,DishEntity
dish:bun_suon_ham_bi_do,DishEntity
dish:bun_thai_bo_my,DishEntity
dish:bun_thai_dac_biet,DishEntity
dish:bun_thai_hai_san,DishEntity
dish:bun_thai_muc,DishEntity
dish:bun_thai_sun_non,DishEntity
dish:bun_thai_sun_non_bo_my,DishEntity
dish:bun_thai_thap_cam,DishEntity
dish:bun_thai_tom,DishEntity
dish:bun_thang,DishEntity
dish:bun_thang_dac_biet,DishEntity
dish:bun_thang_ga_canh,DishEntity
dish:bun_thang_ga_dui,DishEntity
dish:bun_thang_ga_lan,DishEntity
dish:bun_thang_ga_lung,DishEntity
dish:bun_thang_ga_luon,DishEntity
dish:bun_thang_ga_trang_trung,DishEntity
dish:bun_thang_trung_moc_gio,DishEntity
dish:bun_thap_cam,DishEntity
dish:bun_thit_nuong,DishEntity
dish:bun_to_lon,DishEntity
dish:bun_to_vua,DishEntity
dish:bun_tron,DishEntity
dish:bun_tron_bo,DishEntity
dish:bun_tron_bo_ga,DishEntity
dish:bun_tron_bo_nam_bo,DishEntity
dish:bun_tron_bo_nam_bo_sot_me,DishEntity
dish:bun_tron_bo_truyen_thong,DishEntity
dish:bun_tron_bo_va_ga_1_sprite,DishEntity
dish:bun_tron_bo_xao_mem_mong,DishEntity
dish:bun_tron_canh,DishEntity
dish:bun_tron_dac_biet_nem_nuong,DishEntity
dish:bun_tron_dac_so_biet,DishEntity
dish:bun_tron_doi_sun,DishEntity
dish:bun_tron_dui_ga,DishEntity
dish:bun_tron_ga,DishEntity
dish:bun_tron_ga_dat_biet,DishEntity
dish:bun_tron_ga_nuong,DishEntity
dish:bun_tron_ga_vien,DishEntity
dish:bun_tron_mam_nem_thit_heo_luoc,DishEntity
dish:bun_tron_mam_nem_thit_heo_quay,DishEntity
dish:bun_tron_nem_ho_lo_nuong,DishEntity
dish:bun_tron_nem_lui,DishEntity
dish:bun_tron_nem_nha_trang,DishEntity
dish:bun_tron_nem_nuong,DishEntity
dish:bun_tron_nem_nuong_xuc_xich,DishEntity
dish:bun_tron_nem_ran,DishEntity
dish:bun_tron_rau_cu,DishEntity
dish:bun_tron_sun_heo_non,DishEntity
dish:bun_tron_tai_heo,DishEntity
dish:bun_tron_thit_bo,DishEntity
dish:bun_tron_thit_bo_1_nuoc_ngot,DishEntity
dish:bun_tron_thit_nuong,DishEntity
dish:bun_tron_thit_nuong_1_nuoc_ngot,DishEntity
dish:bun_tron_thit_nuong_thom_lung,DishEntity
dish:bun_tron_thit_vien_nuong_nam_bo_xuat_nhu_hinh,DishEntity
dish:bun_tron_thit_xa_xiu_ngon_xiu,DishEntity
dish:bun_tron_thuong,DishEntity
dish:bun_tron_tom,DishEntity
dish:bun_tron_vien_chien,DishEntity
dish:bun_tron_xa_xiu,DishEntity
dish:bun_tron_xuc_xich,DishEntity
dish:bun_vit_quay,DishEntity
dish:bun_vit_quay_bk_tron_sot_xo,DishEntity
dish:burger_bo,DishEntity
dish:burger_bo_teriyaki,DishEntity
dish:burger_bulgogi,DishEntity
dish:burger_double_double,DishEntity
dish:burger_ga_cay,DishEntity
dish:burger_ga_gion,DishEntity
dish:burger_ga_yo,DishEntity
dish:burger_ga_zinger,DishEntity
dish:burger_lchicken,DishEntity
dish:burger_mexicana_cay,DishEntity
dish:burger_mexicana_khong_cay,DishEntity
dish:burger_phi_le_ga_quay,DishEntity
dish:burger_pho_mai,DishEntity
dish:burger_suon_sai_gon,DishEntity
dish:burger_tex_supreme_cay,DishEntity
dish:burger_tex_supreme_khong_cay,DishEntity
dish:burger_tom,DishEntity
dish:burger_tom_cay,DishEntity
dish:burger_tom_khong_cay,DishEntity
dish:ca_bong_lau_kho_to,DishEntity
dish:ca_bong_lau_kho_to_braised_cotton_fish,DishEntity
dish:ca_moi_rim_thai,DishEntity
dish:ca_muoi,DishEntity
dish:ca_nuc_hoa_sot_chanh_leo,DishEntity
dish:ca_nuc_kho_sa_ot_nua_kg,DishEntity
dish:ca_ro_chien_gion,DishEntity
dish:ca_tram_kho_rieng_nua_kg,DishEntity
dish:ca_vien_chien,DishEntity
dish:cai_luoc_cham_trung_boiled_cabbage_with_egg,DishEntity
dish:cai_xanh_xao_nam,DishEntity
dish:cai_xanh_xao_tim,DishEntity
dish:canh,DishEntity
dish:canh_cai_thit_bam,DishEntity
dish:canh_cha_ca_fish_cake_soup,DishEntity
dish:canh_cha_ca_jin,DishEntity
dish:canh_chua_ngao,DishEntity
dish:canh_chua_thit_bam,DishEntity
dish:canh_cua_crab_soup,DishEntity
dish:canh_ga_4_mieng,DishEntity
dish:canh_ga_cay,DishEntity
dish:canh_ga_gion_thom,DishEntity
dish:canh_ga_gion_xot_paris,DishEntity
dish:canh_ga_hoang_kim,DishEntity
dish:canh_ga_nuong_barbecued,DishEntity
dish:canh_ga_rac_rac_te_cay,DishEntity
dish:canh_ga_ran,DishEntity
dish:canh_ga_ran_3_vi_sot_size_m,DishEntity
dish:canh_ga_ran_9_vi,DishEntity
dish:canh_ga_ran_gion_xot_mat_ong_toi,DishEntity
dish:canh_ga_ran_truyen_thong,DishEntity
dish:canh_kim_chi_kimchi_soup,DishEntity
dish:canh_nuong_kieu_phap,DishEntity
dish:canh_rong_bien,DishEntity
dish:canh_suon_ham_cu_sen,DishEntity
dish:canh_thit_chua_meat_sour_soup,DishEntity
dish:canh_vit_cay_thiet_ban,DishEntity
dish:canh_vit_rang_muoi,DishEntity
dish:cari_ga_ran_karaage,DishEntity
dish:cha_bam,DishEntity
dish:cha_ca,DishEntity
dish:cha_ca_chien_gion,DishEntity
dish:cha_la_lot_4_cai,DishEntity
dish:cha_la_lot_grilled_pork_wrapped_in_betel_leaves,DishEntity
dish:cha_mo,DishEntity
dish:cha_muc,DishEntity
dish:cha_nuong,DishEntity
dish:cha_nuong_suat,DishEntity
dish:cha_que,DishEntity
dish:cha_vit_thiet_ban,DishEntity
dish:cha_xien_20k_1_xien,DishEntity
dish:chan_ga_luoc,DishEntity
dish:chan_ga_rut_xuong_muoi,DishEntity
dish:chan_ga_rut_xuong_ngam_sa_tac,DishEntity
dish:chan_ga_rut_xuong_sa_tac_5_6_chiec,DishEntity
dish:chan_ga_rut_xuong_sot_thai,DishEntity
dish:chan_ga_ruta_xuong_sa_tac_10_12_chan,DishEntity
dish:chan_ga_sa_ot_chua_cay_ngot_hop_nho,DishEntity
dish:chan_ga_sa_ot_chua_cay_ngot_hop_to,DishEntity
dish:chan_ga_u_muoi_rut_xuong_250gram,DishEntity
dish:chan_ga_u_muoi_tieu,DishEntity
dish:chan_gio_luoc_cham_mam_nem,DishEntity
dish:chan_vit_rut_xuong_muoi,DishEntity
dish:chan_vit_rut_xuong_tron_mang_cay,DishEntity
dish:chao_bau_duc,DishEntity
dish:chao_bo,DishEntity
dish:chao_cao_lon_ghe_hap_quinoa,DishEntity
dish:chao_ga,DishEntity
dish:chao_ga_hanh_tia_to,DishEntity
dish:chao_ngao,DishEntity
dish:chao_oc_1_bo_oc,DishEntity
dish:chao_tang_can_suon_ham_sen_dua,DishEntity
dish:chao_tang_can_vai_heo_sot_dau_do_moi,DishEntity
dish:chao_thit_bam,DishEntity
dish:chao_thit_bo,DishEntity
dish:chao_thit_xay_hanh_tia_to,DishEntity
dish:chao_tieu_hoa_ga_tiem_sen_tao_do,DishEntity
dish:chao_tiim_hanh_tia_to,DishEntity
dish:chao_tim,DishEntity
dish:chao_tim_bau_duc,DishEntity
dish:chao_tim_cat,DishEntity
dish:chao_tim_thit_bam,DishEntity
dish:chao_trang_trung_non,DishEntity
dish:che_mochi_san_nong,DishEntity
dish:cheese_balls_25_vien,DishEntity
dish:cheese_balls_5_vien,DishEntity
dish:cheesy_tokbokki,DishEntity
dish:chim_cut_nuong,DishEntity
dish:chin_sot_vang,DishEntity
dish:co_ga_kim_loc_2_cai,DishEntity
dish:com_2_mieng_ga_chien_mam,DishEntity
dish:com_2_mieng_ga_chien_mam_coca,DishEntity
dish:com_2_mieng_ga_chien_mam_sprite,DishEntity
dish:com_ba_chi_bo_my_dac_biet,DishEntity
dish:com_ba_chi_chien_gion_tang_1_ly_coca_bao_gom_bat_giay,DishEntity
dish:com_ba_chi_chung_mam_quet,DishEntity
dish:com_ba_chi_luoc,DishEntity
dish:com_ba_chi_mam_quet_trung_op_la_che_duong_nhan,DishEntity
dish:com_ba_chi_quay,DishEntity
dish:com_ba_chi_rang_chay_canh,DishEntity
dish:com_ba_chi_rang_mam_tep_ot_hiem_mon_moi,DishEntity
dish:com_ba_chi_rang_sot_cay,DishEntity
dish:com_ba_chi_rut_suon_mam_toi,DishEntity
dish:com_ba_chi_rut_suon_sot_la_chanh,DishEntity
dish:com_ba_chi_rut_suon_sot_tieu_xanh,DishEntity
dish:com_ba_mon_an_ngon_ngau_nhien_rau_khong_chon_mon_khong_ghi_chu,DishEntity
dish:com_ba_roi_sot_muoi_ot_nuong,DishEntity
dish:com_bit_tet_1985,DishEntity
dish:com_bit_tet_chien_xu,DishEntity
dish:com_bo_cari,DishEntity
dish:com_bo_gagu,DishEntity
dish:com_bo_gyudon,DishEntity
dish:com_bo_ham_khoai_tay,DishEntity
dish:com_bo_ham_sot_tieu_den,DishEntity
dish:com_bo_kho,DishEntity
dish:com_bo_kho_gung,DishEntity
dish:com_bo_luc_lac,DishEntity
dish:com_bo_luc_lac_kieu_thai,DishEntity
dish:com_bo_nau_sot_vang_khoai_tay,DishEntity
dish:com_bo_om_khoai,DishEntity
dish:com_bo_sot_khoai,DishEntity
dish:com_bo_sot_tieu,DishEntity
dish:com_bo_sot_tieu_den,DishEntity
dish:com_bo_sot_tieu_den_kem_1_chai_co_ca,DishEntity
dish:com_bo_sot_tieu_den_kem_1_chai_tra_dao_hat_chia,DishEntity
dish:com_bo_sot_tieu_den_trung_op,DishEntity
dish:com_bo_xao,DishEntity
dish:com_bo_xao_can_toi_trung_ran,DishEntity
dish:com_bo_xao_cha_la_lot_dau_sot,DishEntity
dish:com_bo_xao_ga_ran_sot_me_ga_cua_xao,DishEntity
dish:com_bo_xao_ga_ran_sot_me_ga_cua_xao_coca_sprite,DishEntity
dish:com_bo_xao_mang_mon_phu,DishEntity
dish:com_bo_xao_sot_tieu_den,DishEntity
dish:com_bo_xao_sot_tieu_den_1_chai_pepsi,DishEntity
dish:com_bo_xao_sot_tieu_den_coca,DishEntity
dish:com_bo_xao_sot_tieu_den_pepsi,DishEntity
dish:com_bo_xot_tieu_den,DishEntity
dish:com_ca,DishEntity
dish:com_ca_bien_sot_man_ngot,DishEntity
dish:com_ca_bien_sot_ngot,DishEntity
dish:com_ca_bong_lau_kho_to,DishEntity
dish:com_ca_bong_lau_kho_to_mon_moi,DishEntity
dish:com_ca_chien_gion_mon_phu,DishEntity
dish:com_ca_chien_xu_kem_cha_la_lot_1_trung_cuon,DishEntity
dish:com_ca_chien_xu_kem_cha_la_lot_trung_cuon,DishEntity
dish:com_ca_com_chua_ngot_thit_luoc_mon_phu,DishEntity
dish:com_ca_com_sot_2_mon_phu,DishEntity
dish:com_ca_hoi_nuong,DishEntity
dish:com_ca_kho,DishEntity
dish:com_ca_kho_bbq_truyen_thong,DishEntity
dish:com_ca_kho_coca_cola,DishEntity
dish:com_ca_kho_dieng,DishEntity
dish:com_ca_kho_kem_sprite,DishEntity
dish:com_ca_kho_to_thit_ba_chi,DishEntity
dish:com_ca_kho_trung_ran_dau_sot,DishEntity
dish:com_ca_nuc_kho_tieu_mon_phu,DishEntity
dish:com_ca_nuc_ran_mon_phu,DishEntity
dish:com_ca_om_gieng,DishEntity
dish:com_ca_om_gieng_vip,DishEntity
dish:com_ca_ran_ga_cua_dau_sot,DishEntity
dish:com_ca_thu_coca,DishEntity
dish:com_ca_tram_kho,DishEntity
dish:com_ca_tram_kho_rieng,DishEntity
dish:com_ca_tram_kho_rieng_mon_phu,DishEntity
dish:com_ca_tram_ran,DishEntity
dish:com_ca_tram_sot_ca_mon_phu,DishEntity
dish:com_canh_ga,DishEntity
dish:com_canh_ga_chien_mam,DishEntity
dish:com_canh_ga_chien_mam_toi,DishEntity
dish:com_canh_ga_roti,DishEntity
dish:com_canh_ga_sot_me_cay,DishEntity
dish:com_canh_ga_sot_me_chua_ngot,DishEntity
dish:com_canh_uc_ga_chien_mam,DishEntity
dish:com_canh_uc_ga_xoi_mo,DishEntity
dish:com_cari_ga,DishEntity
dish:com_cari_thit_chien_xu,DishEntity
dish:com_cha_ca_chien,DishEntity
dish:com_cha_ca_sot_mon_phu,DishEntity
dish:com_cha_la_lot,DishEntity
dish:com_cha_la_lot_mon_phu,DishEntity
dish:com_cha_la_lot_va_thit_xao,DishEntity
dish:com_cha_la_lot_vi_nha_lam,DishEntity
dish:com_chan_gio_ham_sot_tieu_den,DishEntity
dish:com_chan_gio_luoc,DishEntity
dish:com_chien_bit_tet_1985,DishEntity
dish:com_chien_bo,DishEntity
dish:com_chien_dui_ga_nuong,DishEntity
dish:com_chien_duong_chau,DishEntity
dish:com_chien_ga,DishEntity
dish:com_chien_rau_cu,DishEntity
dish:com_chien_suon_nuong,DishEntity
dish:com_chien_tom,DishEntity
dish:com_chien_trung,DishEntity
dish:com_coc_com_rang_kim_chi_ca_ngu,DishEntity
dish:com_coc_ga_sot_cay_ngot,DishEntity
dish:com_coc_ga_sot_mayonnaise,DishEntity
dish:com_coc_ga_sot_suon,DishEntity
dish:com_coc_tron_thit_bo_bulgogi,DishEntity
dish:com_cot_let,DishEntity
dish:com_cot_let_chien_xu,DishEntity
dish:com_dao_bo_gagu,DishEntity
dish:com_dao_bo_kho,DishEntity
dish:com_dao_bo_sot_khoai_tay,DishEntity
dish:com_dao_bo_sot_tieu,DishEntity
dish:com_dao_ca_kho,DishEntity
dish:com_dao_ca_kho_tieu,DishEntity
dish:com_dao_dua_xao_bo,DishEntity
dish:com_dao_ga,DishEntity
dish:com_dao_ga_ran,DishEntity
dish:com_dao_ga_rang,DishEntity
dish:com_dao_ga_rang_canh_chua_thit_bam,DishEntity
dish:com_dao_ga_vien_chien,DishEntity
dish:com_dao_kim_chi_dui_ga_nuong_sot_cay_mon_moi,DishEntity
dish:com_dao_kim_chi_suon_lavie_trai_cay,DishEntity
dish:com_dao_kim_chi_xa_xiu_kem_trung_opla,DishEntity
dish:com_dao_ngap_thit_bo_tang_1_chai_nuoc_hat_chia_30k,DishEntity
dish:com_dao_suon,DishEntity
dish:com_dao_suon_chua_ngot,DishEntity
dish:com_dao_thit_ba_chi_rang,DishEntity
dish:com_dao_thit_bam,DishEntity
dish:com_dao_thit_heo_kho,DishEntity
dish:com_dao_thit_kho_tau,DishEntity
dish:com_dao_tom_rim,DishEntity
dish:com_dao_trung_duc_thit,DishEntity
dish:com_dao_trung_ran_oc,DishEntity
dish:com_dao_xiu,DishEntity
dish:com_dau_hu_sot_thit,DishEntity
dish:com_dau_hu_sot_thit_bam,DishEntity
dish:com_dau_nhoi_thit_trung_ran,DishEntity
dish:com_dau_phu_nhoi_thit_sot_ca_chua,DishEntity
dish:com_dau_phu_nhoi_thit_sot_ca_chua_trung_op_la,DishEntity
dish:com_dau_phu_non_sot_nam,DishEntity
dish:com_dau_phu_non_sot_tu_xuyen,DishEntity
dish:com_dau_phu_sot_ru_xuyen_trung_op_che_duong_nhan,DishEntity
dish:com_dau_sot_thit,DishEntity
dish:com_dua_bo_rang_lan,DishEntity
dish:com_dua_xao_bo,DishEntity
dish:com_dua_xao_thit_bo,DishEntity
dish:com_dui_ga,DishEntity
dish:com_dui_ga_chien_sot_cham_thai,DishEntity
dish:com_dui_ga_chua_ngot,DishEntity
dish:com_dui_ga_co_lon_sot_cay_han_quoc,DishEntity
dish:com_dui_ga_co_lon_sot_mam_toi,DishEntity
dish:com_dui_ga_co_lon_sot_nhat_teriyaki,DishEntity
dish:com_dui_ga_com_chien_trung,DishEntity
dish:com_dui_ga_com_do_chien_toi,DishEntity
dish:com_dui_ga_com_trang,DishEntity
dish:com_dui_ga_goc_tu_chien_mam,DishEntity
dish:com_dui_ga_goc_tu_xoi_mo,DishEntity
dish:com_dui_ga_kem_cam_ep,DishEntity
dish:com_dui_ga_kem_coca_cola,DishEntity
dish:com_dui_ga_nuong,DishEntity
dish:com_dui_ga_nuong_barbecued,DishEntity
dish:com_dui_ga_nuong_truyen_thong,DishEntity
dish:com_dui_ga_quay,DishEntity
dish:com_dui_ga_roti,DishEntity
dish:com_dui_ga_sot_cay_han_quoc,DishEntity
dish:com_dui_ga_sot_chua_ngot,DishEntity
dish:com_dui_ga_sot_mam_toi,DishEntity
dish:com_dui_ga_sot_nhat_teriyaki,DishEntity
dish:com_dui_ga_xoi_mam,DishEntity
dish:com_dui_ga_xot_chua_ngot,DishEntity
dish:com_fillet_ga_tam_bot_mon_phu,DishEntity
dish:com_ga,DishEntity
dish:com_ga_bb_set_1,DishEntity
dish:com_ga_bb_set_2,DishEntity
dish:com_ga_bb_set_3,DishEntity
dish:com_ga_bompi,DishEntity
dish:com_ga_ca_ri,DishEntity
dish:com_ga_chien_mam,DishEntity
dish:com_ga_chien_mam_coca,DishEntity
dish:com_ga_chien_mam_thai,DishEntity
dish:com_ga_chien_mam_vip,DishEntity
dish:com_ga_chien_sot_cay_ngot,DishEntity
dish:com_ga_chien_xu_popcorn_sot_tuy_chon,DishEntity
dish:com_ga_chon_sot,DishEntity
dish:com_ga_chua_ngot,DishEntity
dish:com_ga_chua_ngot_fanta,DishEntity
dish:com_ga_chua_ngot_vip,DishEntity
dish:com_ga_cua_cha_la_lot_trung_ran,DishEntity
dish:com_ga_cua_xao_lan,DishEntity
dish:com_ga_cuon_sot_nam,DishEntity
dish:com_ga_dac_biet,DishEntity
dish:com_ga_dui_chien_sot_cay,DishEntity
dish:com_ga_dui_chien_sot_chua_ngot,DishEntity
dish:com_ga_dui_sot_cay_ngot,DishEntity
dish:com_ga_gion_khong_xuong,DishEntity
dish:com_ga_goc_tu,DishEntity
dish:com_ga_goc_tu_chon_sot,DishEntity
dish:com_ga_hai_nam_canh_uc,DishEntity
dish:com_ga_hai_nam_dui_goc_tu,DishEntity
dish:com_ga_hap_la_chanh,DishEntity
dish:com_ga_hei_jiang,DishEntity
dish:com_ga_hoi_an_dac_biet,DishEntity
dish:com_ga_hoi_an_thuong_dui_canh,DishEntity
dish:com_ga_hoi_an_thuong_lan,DishEntity
dish:com_ga_hun_khoi,DishEntity
dish:com_ga_kho,DishEntity
dish:com_ga_kho_gung,DishEntity
dish:com_ga_kho_gung_sa,DishEntity
dish:com_ga_kho_sa_ot,DishEntity
dish:com_ga_kho_va_thit_bam,DishEntity
dish:com_ga_loc_xuong_sot_bbq,DishEntity
dish:com_ga_loc_xuong_sot_bbq_coca,DishEntity
dish:com_ga_loc_xuong_sot_bbq_pepsi,DishEntity
dish:com_ga_loc_xuong_sot_cay_ngot,DishEntity
dish:com_ga_loc_xuong_sot_cay_ngot_coca,DishEntity
dish:com_ga_loc_xuong_sot_cay_ngot_pepsi,DishEntity
dish:com_ga_loc_xuong_sot_teriyaki_coca,DishEntity
dish:com_ga_loc_xuong_sot_teriyaki_kieu_nhat,DishEntity
dish:com_ga_loc_xuong_sot_teriyaki_kieu_nhat_coca,DishEntity
dish:com_ga_loc_xuong_sot_teriyaki_kieu_nhat_pepsi,DishEntity
dish:com_ga_luoc,DishEntity
dish:com_ga_mam_toi,DishEntity
dish:com_ga_nuong,DishEntity
dish:com_ga_nuong_mat_ong,DishEntity
dish:com_ga_nuong_sot_chanh_leo,DishEntity
dish:com_ga_nuong_sot_nam,DishEntity
dish:com_ga_nuong_tam_gia_vi,DishEntity
dish:com_ga_ran,DishEntity
dish:com_ga_ran_dau_sot,DishEntity
dish:com_ga_ran_ngu_vi,DishEntity
dish:com_ga_ran_sot_me,DishEntity
dish:com_ga_ran_sot_me_thit_kho_trung_ran,DishEntity
dish:com_ga_ran_va_cha_la_lot,DishEntity
dish:com_ga_ran_va_cocacla,DishEntity
dish:com_ga_rang_gung,DishEntity
dish:com_ga_rang_gung_dau_sot,DishEntity
dish:com_ga_rang_gung_ga_ta_mon_phu,DishEntity
dish:com_ga_rang_gung_xa_ot,DishEntity
dish:com_ga_rang_la_chanh,DishEntity
dish:com_ga_rang_thit_quay_trung_ran,DishEntity
dish:com_ga_rang_vip,DishEntity
dish:com_ga_shou_ba_ji,DishEntity
dish:com_ga_sot_bb_coca,DishEntity
dish:com_ga_sot_bbq,DishEntity
dish:com_ga_sot_bbq_sprite,DishEntity
dish:com_ga_sot_cay,DishEntity
dish:com_ga_sot_cay_dui_toi_ma_dui,DishEntity
dish:com_ga_sot_cay_han_quoc,DishEntity
dish:com_ga_sot_cay_han_quoc_rat_cay,DishEntity
dish:com_ga_sot_cay_kieu_my,DishEntity
dish:com_ga_sot_cay_lon,DishEntity
dish:com_ga_sot_cay_ngot,DishEntity
dish:com_ga_sot_cay_ngot_best_seller,DishEntity
dish:com_ga_sot_cay_nong,DishEntity
dish:com_ga_sot_cay_vua,DishEntity
dish:com_ga_sot_chua_ngot,DishEntity
dish:com_ga_sot_chua_ngot_coca,DishEntity
dish:com_ga_sot_chua_ngot_trung_ran,DishEntity
dish:com_ga_sot_dau,DishEntity
dish:com_ga_sot_hs,DishEntity
dish:com_ga_sot_kieu_y,DishEntity
dish:com_ga_sot_la_chanh,DishEntity
dish:com_ga_sot_la_chanh_dui_toi_ma_dui,DishEntity
dish:com_ga_sot_la_chanh_lon,DishEntity
dish:com_ga_sot_mam_tieu,DishEntity
dish:com_ga_sot_mam_toi,DishEntity
dish:com_ga_sot_mam_toi_vua,DishEntity
dish:com_ga_sot_mat_ong,DishEntity
dish:com_ga_sot_me,DishEntity
dish:com_ga_sot_me_cay,DishEntity
dish:com_ga_sot_me_dui_toi_ma_dui,DishEntity
dish:com_ga_sot_me_lon,DishEntity
dish:com_ga_sot_me_vua,DishEntity
dish:com_ga_sot_muoi_ot_nuong,DishEntity
dish:com_ga_sot_muoi_ot_nuong_dui_toi_ma_dui,DishEntity
dish:com_ga_sot_nam,DishEntity
dish:com_ga_sot_pho_mai,DishEntity
dish:com_ga_sot_phomai,DishEntity
dish:com_ga_sot_roti,DishEntity
dish:com_ga_sot_teriyaky,DishEntity
dish:com_ga_sot_thai,DishEntity
dish:com_ga_sot_thai_dui_toi_ma_dui,DishEntity
dish:com_ga_sot_thai_lon,DishEntity
dish:com_ga_sot_thai_vua,DishEntity
dish:com_ga_sot_tieu_den,DishEntity
dish:com_ga_sot_tieu_xanh_dui_toi_ma_dui,DishEntity
dish:com_ga_sot_tieu_xanh_lon,DishEntity
dish:com_ga_sot_tieu_xanh_vua,DishEntity
dish:com_ga_sot_tonkatsu,DishEntity
dish:com_ga_thuong,DishEntity
dish:com_ga_vien_chien_sot_tu_chon,DishEntity
dish:com_ga_vien_popcorn,DishEntity
dish:com_ga_vien_sot,DishEntity
dish:com_ga_vien_sot_cay_ngot,DishEntity
dish:com_ga_vien_xot_cari,DishEntity
dish:com_ga_vien_xot_han_quoc,DishEntity
dish:com_ga_xa_xiu,DishEntity
dish:com_ga_xao_nam,DishEntity
dish:com_ga_xao_nam_kem_1_chai_tra_dao_hat_chia,DishEntity
dish:com_ga_xao_sa_ot,DishEntity
dish:com_ga_xao_sa_ot_mon_phu,DishEntity
dish:com_ga_xao_tom_rang_trung_ran,DishEntity
dish:com_ga_xao_xa_ot,DishEntity
dish:com_ga_xao_xa_ot_vip,DishEntity
dish:com_ga_xe_hoi_an,DishEntity
dish:com_ga_xien_que,DishEntity
dish:com_ga_xoi_mam,DishEntity
dish:com_ga_xoi_mam_toi,DishEntity
dish:com_ga_xoi_mam_toi_dui_toi_ma_dui,DishEntity
dish:com_ga_xoi_mam_toi_lon,DishEntity
dish:com_ga_xoi_mo,DishEntity
dish:com_ga_xoi_mo_coca_cola,DishEntity
dish:com_ga_xoi_mo_dui_toi_ma_dui,DishEntity
dish:com_ga_xoi_mo_dui_toi_ma_dui_canh_cai_ngot,DishEntity
dish:com_healthy,DishEntity
dish:com_heo_chien_gion_sot_chua_ngot,DishEntity
dish:com_heo_xa_xiu,DishEntity
dish:com_ly_chay_toi,DishEntity
dish:com_mam_tep_chung_thit,DishEntity
dish:com_mam_tep_chung_thit_mon_phu,DishEntity
dish:com_mix_suon_cot_let_trung_op_la_sot_cay_ngot,DishEntity
dish:com_nem_cuon_mon_phu,DishEntity
dish:com_ngon_moi_ngay_1_vi_do_uong,DishEntity
dish:com_nieu_bo_nuong,DishEntity
dish:com_nieu_bo_sot_tieu_den,DishEntity
dish:com_nieu_da_tron_rau_truyen_thong,DishEntity
dish:com_nieu_da_tron_thit_bo,DishEntity
dish:com_nieu_ga_sot_mayonnaise,DishEntity
dish:com_nieu_ga_sot_nam,DishEntity
dish:com_nieu_thit_sot_bbq,DishEntity
dish:com_nong_canh_kim_chi_suon_cay,DishEntity
dish:com_rag_dua_bo_xao_lan_srite,DishEntity
dish:com_rang_10_cam_full_topping,DishEntity
dish:com_rang_10_cam_tang_kem_1_ly_coca_bao_gom_bat_giay,DishEntity
dish:com_rang_10_cam_them_thit_bo,DishEntity
dish:com_rang_2_xuc_xich_ran,DishEntity
dish:com_rang_bap_bo,DishEntity
dish:com_rang_bo_kim_chi_phan_dac_biet,DishEntity
dish:com_rang_bo_lan,DishEntity
dish:com_rang_bo_sot_tieu_den,DishEntity
dish:com_rang_bo_trung_op_tra_dao_hoac_quat,DishEntity
dish:com_rang_bo_xao_hanh_tay,DishEntity
dish:com_rang_ca_man,DishEntity
dish:com_rang_ca_ngu_best_seller,DishEntity
dish:com_rang_cai_bo,DishEntity
dish:com_rang_cai_bo_1_trung_op,DishEntity
dish:com_rang_cai_bo_coca,DishEntity
dish:com_rang_cai_bo_ngap_thit,DishEntity
dish:com_rang_cai_bo_pepsi,DishEntity
dish:com_rang_cai_bo_rang_lan_dua_gop_an_kem,DishEntity
dish:com_rang_cai_bo_sprite,DishEntity
dish:com_rang_cai_bo_xao_lan,DishEntity
dish:com_rang_cai_bo_xao_rieng,DishEntity
dish:com_rang_cha_dui_ga,DishEntity
dish:com_rang_cha_gio,DishEntity
dish:com_rang_cha_gio_ngap_thit,DishEntity
dish:com_rang_cha_gio_nhieu_com,DishEntity
dish:com_rang_cha_gio_trung_op_tra_dao_hoac_quat,DishEntity
dish:com_rang_cua,DishEntity
dish:com_rang_dao_ga,DishEntity
dish:com_rang_dau_hu_hong_xiu,DishEntity
dish:com_rang_dau_sot_tu_xuyen,DishEntity
dish:com_rang_doi_sun_tang_1_ly_coca_bao_gom_bat_giay,DishEntity
dish:com_rang_dua_bo,DishEntity
dish:com_rang_dua_bo_1_trung_op,DishEntity
dish:com_rang_dua_bo_best_seller,DishEntity
dish:com_rang_dua_bo_coca,DishEntity
dish:com_rang_dua_bo_dasani,DishEntity
dish:com_rang_dua_bo_lan_coca,DishEntity
dish:com_rang_dua_bo_ngap_thit,DishEntity
dish:com_rang_dua_bo_ngap_thit_tang_1_chai_nuoc_hat_chia_30k,DishEntity
dish:com_rang_dua_bo_nhieu_com,DishEntity
dish:com_rang_dua_bo_pepsi,DishEntity
dish:com_rang_dua_bo_rang_lan,DishEntity
dish:com_rang_dua_bo_rieng,DishEntity
dish:com_rang_dua_bo_sprite,DishEntity
dish:com_rang_dua_bo_tang_1_ly_coca_bao_gom_bat_giay,DishEntity
dish:com_rang_dua_bo_them_com,DishEntity
dish:com_rang_dua_bo_xa_xiu,DishEntity
dish:com_rang_dua_bo_xao_chung,DishEntity
dish:com_rang_dua_bo_xao_lan,DishEntity
dish:com_rang_dua_bo_xao_lan_coca,DishEntity
dish:com_rang_dua_bo_xao_rieng,DishEntity
dish:com_rang_dua_ga,DishEntity
dish:com_rang_dua_xao_bo,DishEntity
dish:com_rang_dui_ga,DishEntity
dish:com_rang_dui_ga_coca,DishEntity
dish:com_rang_dui_ga_pepsi,DishEntity
dish:com_rang_dui_ga_ran,DishEntity
dish:com_rang_dui_ga_ran_gion,DishEntity
dish:com_rang_dui_ga_ran_khong_co_sot,DishEntity
dish:com_rang_dui_ga_sot,DishEntity
dish:com_rang_dui_ga_sot_chua_ngot,DishEntity
dish:com_rang_dui_ga_sot_kem_1_ly_coca_bao_gom_bat_giay,DishEntity
dish:com_rang_dui_ga_sot_mam,DishEntity
dish:com_rang_dui_ga_sot_mam_toi,DishEntity
dish:com_rang_dui_ga_xe_kem_1ly_coca_bao_gom_bat_giay,DishEntity
dish:com_rang_dui_ga_xoi_mam,DishEntity
dish:com_rang_dui_ga_xoi_mam_1_trung_op,DishEntity
dish:com_rang_dui_ga_xoi_mam_pepsi,DishEntity
dish:com_rang_dui_ga_xoi_mo,DishEntity
dish:com_rang_duong_chau,DishEntity
dish:com_rang_ga,DishEntity
dish:com_rang_ga_loc_xuong,DishEntity
dish:com_rang_ga_mat_tri,DishEntity
dish:com_rang_ga_nam,DishEntity
dish:com_rang_ga_ngap_thit,DishEntity
dish:com_rang_ga_nhieu_com,DishEntity
dish:com_rang_ga_pepsi,DishEntity
dish:com_rang_ga_quay_quang_dong,DishEntity
dish:com_rang_ga_sot_chua_ngot,DishEntity
dish:com_rang_ga_trung_op_tra_dao_hoac_quat,DishEntity
dish:com_rang_ga_xoi_mam_sprite,DishEntity
dish:com_rang_gio_nac_kem_1_ly_coca_bao_gom_hop_giay,DishEntity
dish:com_rang_hai_san,DishEntity
dish:com_rang_hai_san_tang_1_ly_coca_bao_gom_bat_giay,DishEntity
dish:com_rang_hawaii,DishEntity
dish:com_rang_kim_chi,DishEntity
dish:com_rang_kim_chi_bo,DishEntity
dish:com_rang_kim_chi_ca_ngu,DishEntity
dish:com_rang_kim_chi_dui_ga,DishEntity
dish:com_rang_kim_chi_xa_xiu,DishEntity
dish:com_rang_lan_bo,DishEntity
dish:com_rang_lan_bo_tim,DishEntity
dish:com_rang_lap_xuong,DishEntity
dish:com_rang_lap_xuong_nuong_da_2_cai_kem_1ly_coca,DishEntity
dish:com_rang_mam_tep,DishEntity
dish:com_rang_ngo_dua_chua_kem_1_ly_coca_bao_gom_bat_giay,DishEntity
dish:com_rang_rau_cai_xao_thit_bo,DishEntity
dish:com_rang_sot_vang,DishEntity
dish:com_rang_suon,DishEntity
dish:com_rang_suon_ap_chao,DishEntity
dish:com_rang_suon_chua_ngot,DishEntity
dish:com_rang_suon_cot_let_sot_mam_toi,DishEntity
dish:com_rang_suon_cot_let_trung_trang,DishEntity
dish:com_rang_suon_sot_chua_ngot,DishEntity
dish:com_rang_suon_trung_rim_cay,DishEntity
dish:com_rang_thap_cam,DishEntity
dish:com_rang_thap_cam_1_trung_op,DishEntity
dish:com_rang_thap_cam_best_seller,DishEntity
dish:com_rang_thap_cam_bo,DishEntity
dish:com_rang_thap_cam_bo_xao,DishEntity
dish:com_rang_thap_cam_co_bo,DishEntity
dish:com_rang_thap_cam_coca,DishEntity
dish:com_rang_thap_cam_dua_bo,DishEntity
dish:com_rang_thap_cam_full_topping,DishEntity
dish:com_rang_thap_cam_ngap_thit,DishEntity
dish:com_rang_thap_cam_ngap_topping_tang_1_ly_nuoc_hat_chia_30k,DishEntity
dish:com_rang_thap_cam_nhieu_com,DishEntity
dish:com_rang_thap_cam_pepsi,DishEntity
dish:com_rang_thap_cam_sot_thit_bam_cay_nhe,DishEntity
dish:com_rang_thap_cam_trung_op_tra_dao_hoac_quat,DishEntity
dish:com_rang_thap_cam_uc_ga_nuong,DishEntity
dish:com_rang_them,DishEntity
dish:com_rang_thit_chung_man_tep_kem_1ly_coca_bao_gom_bat_giay,DishEntity
dish:com_rang_thit_kho_tau_trung_ga,DishEntity
dish:com_rang_thit_nuong,DishEntity
dish:com_rang_thit_ran_xa_xiu,DishEntity
dish:com_rang_thit_vien_rim_ca_chua,DishEntity
dish:com_rang_tim,DishEntity
dish:com_rang_tim_cat,DishEntity
dish:com_rang_trung,DishEntity
dish:com_rang_trung_chay_ruoc,DishEntity
dish:com_rang_trung_chay_sot_thit_bam,DishEntity
dish:com_rang_trung_dua_kem_1ly_coca_bao_gom_bat_giay,DishEntity
dish:com_rang_trung_kem_1_ly_coca_bao_gom_hop_giay,DishEntity
dish:com_rang_trung_lan,DishEntity
dish:com_rang_trung_ngap_trung_tang_1_ly_nuoc_hat_chia_30k,DishEntity
dish:com_rang_trung_op,DishEntity
dish:com_rang_trung_op_la_canh_rau_cu_qua,DishEntity
dish:com_rang_trung_ran_oc_dua_gop_an_kem,DishEntity
dish:com_rang_trung_ruoc,DishEntity
dish:com_rang_vit,DishEntity
dish:com_rang_vit_quay,DishEntity
dish:com_rang_vit_quay_xa_xiu,DishEntity
dish:com_rang_xa_xiu,DishEntity
dish:com_rang_xa_xiu_ga,DishEntity
dish:com_rang_xa_xiu_heo,DishEntity
dish:com_rang_xa_xiu_ngap_thit,DishEntity
dish:com_rang_xa_xiu_nhieu_com,DishEntity
dish:com_rang_xa_xiu_pepsi,DishEntity
dish:com_rang_xa_xiu_trung_op_tra_dao_hoac_quat,DishEntity
dish:com_rang_xao_cai_bo,DishEntity
dish:com_rang_xao_gion,DishEntity
dish:com_rang_xuc_xich,DishEntity
dish:com_rang_xuc_xich_kem_1ly_coca_bao_gom_bat_giay,DishEntity
dish:com_suat_ca_kho,DishEntity
dish:com_suat_lon_1_chai_coca,DishEntity
dish:com_suat_lon_1_coca,DishEntity
dish:com_suat_suon_chua_ngot,DishEntity
dish:com_suon,DishEntity
dish:com_suon_bbq,DishEntity
dish:com_suon_cay_dac_biet,DishEntity
dish:com_suon_cay_dac_biet_nuoc,DishEntity
dish:com_suon_cay_quoc_dan,DishEntity
dish:com_suon_cay_quoc_dan_tra_tac_huong_lai,DishEntity
dish:com_suon_cay_te_cap_do_1,DishEntity
dish:com_suon_cay_trung_ngam_nuoc,DishEntity
dish:com_suon_cay_trung_ngam_tuong,DishEntity
dish:com_suon_chua_ngot,DishEntity
dish:com_suon_chua_ngot_coca,DishEntity
dish:com_suon_cot_let_nuong_sot_cay_ngot,DishEntity
dish:com_suon_man_ngot,DishEntity
dish:com_suon_nuong,DishEntity
dish:com_suon_nuong_bbq_truyen_thong,DishEntity
dish:com_suon_nuong_sot_thai,DishEntity
dish:com_suon_nuong_xot_mam_toi,DishEntity
dish:com_suon_nuong_xot_thai,DishEntity
dish:com_suon_om_chua_ngot,DishEntity
dish:com_suon_sot,DishEntity
dish:com_suon_sot_chua_ngot,DishEntity
dish:com_suon_sot_chua_ngot_mon_phu,DishEntity
dish:com_suon_sot_chua_ngot_them_mieng_ga_chien_mam,DishEntity
dish:com_suon_sot_chua_ngot_vip,DishEntity
dish:com_suon_sot_muoi_ot_nuong,DishEntity
dish:com_suon_sot_ngu_vi,DishEntity
dish:com_suon_sun_non_nuong,DishEntity
dish:com_suon_than_chien_xu_nhat,DishEntity
dish:com_suon_than_chien_xu_nhat_coca,DishEntity
dish:com_suon_than_chien_xu_nhat_pepsi,DishEntity
dish:com_suon_xao_chua_ngot,DishEntity
dish:com_suon_xao_chua_ngot_cocacola,DishEntity
dish:com_suon_xao_chua_ngot_kem_1_chai_co_ca,DishEntity
dish:com_suon_xao_chua_ngot_kem_cha_la_lot_1_trung_cuon,DishEntity
dish:com_suon_xao_chua_ngot_mon_phu,DishEntity
dish:com_suon_xao_chua_ngot_trung_op_la,DishEntity
dish:com_suon_xao_chua_ngot_va_thit_bam,DishEntity
dish:com_suon_xao_tu_xuyen,DishEntity
dish:com_tam_ba_chi_bi,DishEntity
dish:com_tam_ba_chi_bi_cha,DishEntity
dish:com_tam_ba_chi_bi_cha_trung_op_la,DishEntity
dish:com_tam_ba_chi_bi_op_la,DishEntity
dish:com_tam_ba_chi_cha,DishEntity
dish:com_tam_ba_chi_luoc_cham_mam_ca_com,DishEntity
dish:com_tam_ba_chi_nuong,DishEntity
dish:com_tam_ba_chi_op_la,DishEntity
dish:com_tam_ba_roi_bi_cha,DishEntity
dish:com_tam_ba_roi_bi_op_la,DishEntity
dish:com_tam_ba_roi_cha_op_la,DishEntity
dish:com_tam_ba_roi_day_du,DishEntity
dish:com_tam_ba_roi_nuong,DishEntity
dish:com_tam_ba_roi_nuong_muoi_ot_bi_trung_op_la_cha,DishEntity
dish:com_tam_ba_roi_nuong_muoi_ot_dac_biet,DishEntity
dish:com_tam_ba_roi_rim_mam,DishEntity
dish:com_tam_ba_roi_rim_mam_bi_cha_trung,DishEntity
dish:com_tam_ba_roi_rim_mam_dac_biet,DishEntity
dish:com_tam_bi_op_la,DishEntity
dish:com_tam_bo_kho_tieu,DishEntity
dish:com_tam_bo_kho_tieu_dac_biet,DishEntity
dish:com_tam_ca_bong_lau_kho,DishEntity
dish:com_tam_ca_bong_lau_kho_bi_cha_trung_op_la,DishEntity
dish:com_tam_ca_bong_lau_kho_dac_biet,DishEntity
dish:com_tam_ca_qua_kho_tieu,DishEntity
dish:com_tam_cai_bo,DishEntity
dish:com_tam_cha_op_la,DishEntity
dish:com_tam_dac_biet,DishEntity
dish:com_tam_dac_biet_suon_bi_cha_trung_op_la,DishEntity
dish:com_tam_day_du_suon_bi_cha_op_la,DishEntity
dish:com_tam_de_suon_nuong,DishEntity
dish:com_tam_de_suon_nuong_day_du,DishEntity
dish:com_tam_deo,DishEntity
dish:com_tam_dua_bo,DishEntity
dish:com_tam_dui_ga,DishEntity
dish:com_tam_ma_heo,DishEntity
dish:com_tam_ma_heo_bi,DishEntity
dish:com_tam_ma_heo_bi_cha,DishEntity
dish:com_tam_ma_heo_bi_cha_op_la,DishEntity
dish:com_tam_ma_heo_bi_op_la,DishEntity
dish:com_tam_ma_heo_cha,DishEntity
dish:com_tam_ma_heo_cha_op_la,DishEntity
dish:com_tam_ma_heo_nuong,DishEntity
dish:com_tam_ma_heo_nuong_day_du,DishEntity
dish:com_tam_ma_heo_op_la,DishEntity
dish:com_tam_op_la,DishEntity
dish:com_tam_suon,DishEntity
dish:com_tam_suon_bi,DishEntity
dish:com_tam_suon_bi_cha,DishEntity
dish:com_tam_suon_bi_cha_trung,DishEntity
dish:com_tam_suon_bi_cha_trung_op_la,DishEntity
dish:com_tam_suon_bi_op_la,DishEntity
dish:com_tam_suon_bi_trung,DishEntity
dish:com_tam_suon_cha,DishEntity
dish:com_tam_suon_cha_op_la,DishEntity
dish:com_tam_suon_cha_trung,DishEntity
dish:com_tam_suon_cha_trung_lap_xuong,DishEntity
dish:com_tam_suon_cha_trung_op_la,DishEntity
dish:com_tam_suon_cot_let,DishEntity
dish:com_tam_suon_cot_let_cha_trung,DishEntity
dish:com_tam_suon_cot_let_day_du,DishEntity
dish:com_tam_suon_cot_let_nuong,DishEntity
dish:com_tam_suon_cot_let_nuong_bi_trung_op_cha,DishEntity
dish:com_tam_suon_cot_let_nuong_dac_biet,DishEntity
dish:com_tam_suon_non,DishEntity
dish:com_tam_suon_nuong,DishEntity
dish:com_tam_suon_nuong_trung_op_la,DishEntity
dish:com_tam_suon_op_la,DishEntity
dish:com_tam_suon_trung,DishEntity
dish:com_tam_suon_trung_op_la,DishEntity
dish:com_tam_thit_kho_tau_trung_ga,DishEntity
dish:com_teri_lchicken,DishEntity
dish:com_thit_3_chi_quay,DishEntity
dish:com_thit_ba_chi_kho_tieu,DishEntity
dish:com_thit_ba_chi_rang_chay_canh,DishEntity
dish:com_thit_bam_dau_sot_ca_chua,DishEntity
dish:com_thit_bam_dau_sot_ca_chua_coca,DishEntity
dish:com_thit_bam_ga_cua_xao_ga_sot,DishEntity
dish:com_thit_bam_ngo_ngot,DishEntity
dish:com_thit_bam_rim_mon_phu,DishEntity
dish:com_thit_bam_va_thit_xao,DishEntity
dish:com_thit_bam_voi_dau_va_ngo_dau_trung_op,DishEntity
dish:com_thit_be_xao_sa_ot,DishEntity
dish:com_thit_bo,DishEntity
dish:com_thit_chan_gio_luoc,DishEntity
dish:com_thit_chan_gio_luoc_mam_tep,DishEntity
dish:com_thit_chan_gio_luoc_mon_phu,DishEntity
dish:com_thit_chien_xu,DishEntity
dish:com_thit_chung_mam_tep_phu_quoc,DishEntity
dish:com_thit_gio_luoc_kem_1_chai_co_ca,DishEntity
dish:com_thit_heo_chien_xu_sot_pho_mai,DishEntity
dish:com_thit_heo_nuong_cot_let,DishEntity
dish:com_thit_heo_nuong_ngu_vi,DishEntity
dish:com_thit_heo_quay_gion,DishEntity
dish:com_thit_heo_quay_vip,DishEntity
dish:com_thit_kho,DishEntity
dish:com_thit_kho_01_coca,DishEntity
dish:com_thit_kho_cha_la_lot_ga_rang,DishEntity
dish:com_thit_kho_cocacola,DishEntity
dish:com_thit_kho_dua,DishEntity
dish:com_thit_kho_ga_cua_dau_sot,DishEntity
dish:com_thit_kho_nuoc_cot_dua,DishEntity
dish:com_thit_kho_nuoc_cot_dua_vs_1_chai_cocacola,DishEntity
dish:com_thit_kho_tau,DishEntity
dish:com_thit_kho_tau_coca_cola,DishEntity
dish:com_thit_kho_tau_trung_cut,DishEntity
dish:com_thit_kho_tau_trung_kem_1_chai_co_ca,DishEntity
dish:com_thit_kho_tau_trung_kem_cha_la_lot_1_trung_cuon,DishEntity
dish:com_thit_kho_tau_vip,DishEntity
dish:com_thit_kho_trung,DishEntity
dish:com_thit_kho_trung_cha,DishEntity
dish:com_thit_kho_trung_cut,DishEntity
dish:com_thit_kho_trung_mon_phu,DishEntity
dish:com_thit_lon_muong_xao_xa_ot,DishEntity
dish:com_thit_luoc,DishEntity
dish:com_thit_luoc_ga_cua_xao_ca_nuc_ran,DishEntity
dish:com_thit_luoc_tom_rang_trung_ran,DishEntity
dish:com_thit_luoc_va_thit_kho,DishEntity
dish:com_thit_nac_vai_ran,DishEntity
dish:com_thit_nuong,DishEntity
dish:com_thit_nuong_gieng_me,DishEntity
dish:com_thit_nuong_sot_bbq,DishEntity
dish:com_thit_quay,DishEntity
dish:com_thit_quay_ga_sot_thit_xao,DishEntity
dish:com_thit_quay_gion_bi,DishEntity
dish:com_thit_quay_thit_kho_ga_rang,DishEntity
dish:com_thit_quay_thit_kho_ga_rang_sprite_coca,DishEntity
dish:com_thit_quay_tom_rang_cha_que,DishEntity
dish:com_thit_quay_va_thit_xao,DishEntity
dish:com_thit_rang,DishEntity
dish:com_thit_rang_chay_canh,DishEntity
dish:com_thit_rang_chay_canh_dau_sot,DishEntity
dish:com_thit_rang_chay_canh_kem_coca_cola,DishEntity
dish:com_thit_rang_chay_canh_mon_phu,DishEntity
dish:com_thit_rang_chay_canh_them_mieng_ga_chien_mam,DishEntity
dish:com_thit_rang_dau_phu_sot,DishEntity
dish:com_thit_rang_mon_phu,DishEntity
dish:com_thit_rang_trung_lac_rang,DishEntity
dish:com_thit_rang_trung_ran_dau_nhoi,DishEntity
dish:com_thit_rang_vip,DishEntity
dish:com_thit_sot_chua_ngot_dau_nhoi_thit,DishEntity
dish:com_thit_trung_mam_tep,DishEntity
dish:com_thit_trung_mam_tep_vip,DishEntity
dish:com_thit_vien_rim_ca_chua,DishEntity
dish:com_thit_vien_x_iu_mai_mon_moi,DishEntity
dish:com_thit_vien_xiu_mai,DishEntity
dish:com_thit_xa_xiu,DishEntity
dish:com_thit_xa_xiu_trung_op_la,DishEntity
dish:com_thit_xao_can_toi,DishEntity
dish:com_thit_xao_hanh_tay,DishEntity
dish:com_thit_xao_nam,DishEntity
dish:com_thit_xao_sa_ot,DishEntity
dish:com_thit_xao_trung_ran_la_lot,DishEntity
dish:com_thit_xay_xao_rau_cu,DishEntity
dish:com_thit_xien_mon_phu,DishEntity
dish:com_tho_bo,DishEntity
dish:com_tho_dac_biet,DishEntity
dish:com_tho_ga,DishEntity
dish:com_tho_ga_trung,DishEntity
dish:com_tho_heo,DishEntity
dish:com_tho_mix_2_vi,DishEntity
dish:com_tho_xa_xiu,DishEntity
dish:com_tom_boc_rang,DishEntity
dish:com_tom_chua_thit_luoc_trung_op_la_che_duong_nhan,DishEntity
dish:com_tom_dat_rang_thit,DishEntity
dish:com_tom_dong_dao_hanh_hoa_mon_phu,DishEntity
dish:com_tom_rang,DishEntity
dish:com_tom_rang_ga_cua_xao_trung_ran,DishEntity
dish:com_tom_rang_la_chanh,DishEntity
dish:com_tom_rang_thit,DishEntity
dish:com_tom_rang_vip,DishEntity
dish:com_tom_rim,DishEntity
dish:com_trang_cai_bo_xao,DishEntity
dish:com_trang_canh_ga_ran,DishEntity
dish:com_trang_canh_ga_ran_sale,DishEntity
dish:com_trang_canh_kim_chi_thit_bo,DishEntity
dish:com_trang_cha_dui_ga,DishEntity
dish:com_trang_dac_biet,DishEntity
dish:com_trang_dau_hu_hong_xiu,DishEntity
dish:com_trang_dau_xot_tu_xuyen,DishEntity
dish:com_trang_dua_bo_xao,DishEntity
dish:com_trang_dua_xao_bo,DishEntity
dish:com_trang_dui_ga,DishEntity
dish:com_trang_dui_ga_ran,DishEntity
dish:com_trang_dui_ga_ran_sale,DishEntity
dish:com_trang_ga_quay_quang_dong,DishEntity
dish:com_trang_ga_vien_chien,DishEntity
dish:com_trang_ga_vien_chien_sale,DishEntity
dish:com_trang_mix_vi,DishEntity
dish:com_trang_nong_heo_quay_bbq,DishEntity
dish:com_trang_rau_cai_xao_thit_bo,DishEntity
dish:com_trang_rau_nam,DishEntity
dish:com_trang_suon_sot_chua_ngot,DishEntity
dish:com_trang_suon_trung_rim_cay,DishEntity
dish:com_trang_thit_bo_trung_op,DishEntity
dish:com_trang_thit_ga_trung_op,DishEntity
dish:com_trang_thit_heo_quay,DishEntity
dish:com_trang_thit_heo_trung_op,DishEntity
dish:com_trang_thit_ran_xa_xiu,DishEntity
dish:com_trang_va_thit_bam,DishEntity
dish:com_trang_vit_quay,DishEntity
dish:com_trang_xa_xiu,DishEntity
dish:com_tron_bo_chuan_han_sot_phomai_hot,DishEntity
dish:com_tron_ga_vien,DishEntity
dish:com_tron_han_xuc_xich_phomai,DishEntity
dish:com_tron_thit_bo,DishEntity
dish:com_tron_truyen_thong,DishEntity
dish:com_trung_cha_xuc_xich,DishEntity
dish:com_trung_duc_thit_mon_phu,DishEntity
dish:com_trung_non_chay_toi,DishEntity
dish:com_trung_onsen,DishEntity
dish:com_uc_luon_ga_nuong,DishEntity
dish:com_uc_luon_ga_nuong_sot_la_chanh,DishEntity
dish:com_uc_luon_ga_nuong_sot_mam_toi,DishEntity
dish:com_xa_xiu,DishEntity
dish:com_xa_xiu_bbq_truyen_thong,DishEntity
dish:com_xa_xiu_hoi_an,DishEntity
dish:combo1_vui_ve_3_mon_tang_matcha,DishEntity
dish:combo2_vui_ve_3_mon_tang_matcha,DishEntity
dish:combo_01_mieng_ga_sot_bo_toi_va_thao_moc,DishEntity
dish:combo_02_mieng_ga_ran_truyen_thong,DishEntity
dish:combo_02_mieng_ga_sot_bo_toi_va_thao_moc,DishEntity
dish:combo_03_mieng_ga_gion_khong_xuong,DishEntity
dish:combo_05_khuyu_canh_ga_gion_cay,DishEntity
dish:combo_1,DishEntity
dish:combo_10_com_thit_xao_sa_ot_01_mieng_ga_chien_mam_cocacola_hoac_do_uong_tuong_duong,DishEntity
dish:combo_10_xien_que_chien,DishEntity
dish:combo_13_com_ga_chua_ngot_coca_hoac_pepsi,DishEntity
dish:combo_1_com_ga_chien_mam_coca_hoac_pepsi,DishEntity
dish:combo_1_ga_1_nuoc,DishEntity
dish:combo_1_mieng_ga,DishEntity
dish:combo_1_suat_banh_cuon_coca,DishEntity
dish:combo_1_xuat_bun_2_cuon,DishEntity
dish:combo_2_banh_cuon_trung_chin_nhan_thit_moc_nhi,DishEntity
dish:combo_2_bun_cha_bam_vien,DishEntity
dish:combo_2_bun_cha_lan,DishEntity
dish:combo_2_bun_cha_mieng,DishEntity
dish:combo_2_bun_dau_met_lon,DishEntity
dish:combo_2_com_thit_rang_coca_hoac_pepsi,DishEntity
dish:combo_2_dui_ga_ran_rut_xuong,DishEntity
dish:combo_2_dui_ga_ran_rut_xuong_2_coca,DishEntity
dish:combo_2_ga_1_nuoc,DishEntity
dish:combo_2_ga_gion_1_coca,DishEntity
dish:combo_2_xuat_bun_lon,DishEntity
dish:combo_3_cai_pho_cuon,DishEntity
dish:combo_3_com_ga_xao_sa_ot_coca_hoac_pepsi,DishEntity
dish:combo_3_trung_vit_lon_kem_ram_gung_gia_vi_day_du,DishEntity
dish:combo_4_com_ga_xao_nam_coca_hoac_pepsi,DishEntity
dish:combo_5_canh_ga_ran,DishEntity
dish:combo_5_canh_ga_sot_cay_ngot_han_quoc,DishEntity
dish:combo_5_cuon_thit_bo,DishEntity
dish:combo_5_dui_ga_ran,DishEntity
dish:combo_5_dui_ga_sot_cay_ngot_han_quoc,DishEntity
dish:combo_5_xien_que,DishEntity
dish:combo_7_com_thit_ga_xao_sa_ot_01_mieng_ga_chien_mam_cocacola_hoac_do_uong_tuong_duong,DishEntity
dish:combo_9_com_thit_xao_can_toi_01_mieng_ga_chien_mam_cocacola_hoac_do_uong_tuong_duong,DishEntity
dish:combo_9_mon_99k,DishEntity
dish:combo_a_ga_sot_me_cay,DishEntity
dish:combo_banh_cuon_chay_cha_nuong_trung,DishEntity
dish:combo_banh_cuon_mexicana,DishEntity
dish:combo_banh_cuon_nhan_thit_cha_que_trung,DishEntity
dish:combo_banh_cuon_tex,DishEntity
dish:combo_bun_cha_bam_vien_coca_cola,DishEntity
dish:combo_bun_cha_lan_coca_cola,DishEntity
dish:combo_bun_cha_mieng_coca_cola,DishEntity
dish:combo_bun_dau_mam_tom_va_tra_tac,DishEntity
dish:combo_bun_tron_bo_xao_mem_tra_tac_500ml,DishEntity
dish:combo_bun_tron_dac_so_biet_tra_tac_500ml,DishEntity
dish:combo_bun_tron_nem_nha_trang_tra_tac_500ml,DishEntity
dish:combo_bun_tron_nem_nuong_2_pepsi,DishEntity
dish:combo_bun_tron_thi_xa_xiu_tra_tac_500ml,DishEntity
dish:combo_bun_tron_thit_nuong_tra_tac_500ml,DishEntity
dish:combo_burger_bo_teriyaki,DishEntity
dish:combo_burger_ga,DishEntity
dish:combo_burger_ga_quay,DishEntity
dish:combo_burger_ga_yo,DishEntity
dish:combo_burger_mexicana,DishEntity
dish:combo_burger_pho_mai,DishEntity
dish:combo_burger_suon_sai_gon,DishEntity
dish:combo_burger_tex_supreme,DishEntity
dish:combo_burger_tom,DishEntity
dish:combo_burger_tom_1,DishEntity
dish:combo_burger_tom_2,DishEntity
dish:combo_burger_zinger,DishEntity
dish:combo_canh,DishEntity
dish:combo_com_bo_xao_sot_tieu_den_pepsi,DishEntity
dish:combo_com_bo_xot_tieu_nuoc,DishEntity
dish:combo_com_cha_ca_sot_1_fanta,DishEntity
dish:combo_com_dao_bo_gagu_coca,DishEntity
dish:combo_com_dao_bo_trung_op_salad_tron_dau_tam,DishEntity
dish:combo_com_dao_ca_kho_coca,DishEntity
dish:combo_com_dao_ca_kho_trung_op_coca,DishEntity
dish:combo_com_dao_ga_coca,DishEntity
dish:combo_com_dao_ga_trung_op_coca,DishEntity
dish:combo_com_dao_kim_chi_ga_nuong_1_salad_hoa_qua_1_chanh_sa_bac_ha,DishEntity
dish:combo_com_dao_kim_chi_xa_xiu_trung_op_la_salad_dua_chuot_1_tac_sa,DishEntity
dish:combo_com_dao_suon_coca,DishEntity
dish:combo_com_dao_xa_xiu_coca,DishEntity
dish:combo_com_dot_1_mat_dau_hu_sot_thai,DishEntity
dish:combo_com_dot_1_mat_thit_kho_tau,DishEntity
dish:combo_com_dui_ga_tu_chon_nuoc_tu_chon,DishEntity
dish:combo_com_ga_9_vi,DishEntity
dish:combo_com_ga_dui_xao_chua_ngot_chanh_sa_bac_ha,DishEntity
dish:combo_com_ga_loc_xuong_sot_bbq_pepsi,DishEntity
dish:combo_com_ga_mam_toi,DishEntity
dish:combo_com_ga_mam_toi_lon_nuoc,DishEntity
dish:combo_com_ga_sot_cay_ngot_pepsi,DishEntity
dish:combo_com_ga_sot_chua_ngot,DishEntity
dish:combo_com_ga_sot_teriyaki,DishEntity
dish:combo_com_ga_vien_xot_ngu_vi_nuoc,DishEntity
dish:combo_com_ga_xao_nam_nuoc,DishEntity
dish:combo_com_ga_xoi_mam_pepsi,DishEntity
dish:combo_com_rang_dua_bo_pepsi,DishEntity
dish:combo_com_rang_thap_cam_01_coca,DishEntity
dish:combo_com_thap_cam_1_sprite_chai,DishEntity
dish:combo_com_thit_sot_chua_ngot_1_cocacola,DishEntity
dish:combo_com_trang_bo_gagu_coca,DishEntity
dish:combo_com_trang_ca_kho_coca,DishEntity
dish:combo_com_trang_ga_coca,DishEntity
dish:combo_com_trang_ga_trung_op_coca,DishEntity
dish:combo_com_trang_suon_coca,DishEntity
dish:combo_com_trang_xa_xiu_coca,DishEntity
dish:combo_dui,DishEntity
dish:combo_dui_canh,DishEntity
dish:combo_ga_khoai_nuoc,DishEntity
dish:combo_ga_ran_banh_cuon_zesty_crunch,DishEntity
dish:combo_ga_ran_burger_co_dien,DishEntity
dish:combo_ga_ran_burger_zesty_crunch,DishEntity
dish:combo_ga_vien_kimbap_chien,DishEntity
dish:combo_ga_vien_kimbap_thuong,DishEntity
dish:combo_mi_y_ga_tenders,DishEntity
dish:combo_mi_y_solo,DishEntity
dish:combo_my_quang_tom_ga_nuoc_tu_chon,DishEntity
dish:combo_my_quang_tom_lon_nuoc_tu_chon,DishEntity
dish:combo_my_y_ga_gion_khong_xuong,DishEntity
dish:combo_my_y_ga_ran_truyen_thong,DishEntity
dish:combo_no_ne_vit_quay_nua_con_nho_canh_mang_bun,DishEntity
dish:combo_tex_sampler_ga_ran_truyen_thong,DishEntity
dish:combo_tieu_tung_chill_85k,DishEntity
dish:compo_com_thap_cam_1_coca_chai,DishEntity
dish:da_ga_lac_pho_mai,DishEntity
dish:da_ga_truyen_thong,DishEntity
dish:da_heo_thai_lan,DishEntity
dish:dac_san_cha_ram_tom_dat_binh_dinh,DishEntity
dish:dasani,DishEntity
dish:dau_hu_sot_thai,DishEntity
dish:dau_nhoi_thit_tofu_stuffed_with_meat,DishEntity
dish:dau_phu_sot_ca_chua,DishEntity
dish:dau_phu_sot_tu_xuyen,DishEntity
dish:dau_phu_tu_xuyen_szechuan_tofu,DishEntity
dish:deal_hot_com_rang_thap_cam_pepsi,DishEntity
dish:deal_hot_combo_com_suon_than_chien_xu_nhat_pepsi,DishEntity
dish:dia_rau_xanh_200r,DishEntity
dish:doi_sun_10_chiec,DishEntity
dish:doi_sun_5_chiec,DishEntity
dish:doi_sun_cuong_hong_nuong,DishEntity
dish:dua_chuot_che,DishEntity
dish:dua_ep,DishEntity
dish:dua_xao_bo_an_them_ko_bao_gom_com,DishEntity
dish:dui,DishEntity
dish:dui_barbecued_ngo_pho_mai,DishEntity
dish:dui_ga_gion,DishEntity
dish:dui_ga_nuong_barbecued,DishEntity
dish:dui_ga_ran,DishEntity
dish:dui_ga_ran_2_mieng,DishEntity
dish:dui_ga_ran_9_vi,DishEntity
dish:dui_ga_ran_rut_xuong_dac_biet,DishEntity
dish:dui_ga_ran_truyen_thong,DishEntity
dish:dui_ga_sot,DishEntity
dish:dui_ga_sot_chua_ngot,DishEntity
dish:dui_ga_them,DishEntity
dish:ga_ac_ham_thuoc_bac,DishEntity
dish:ga_ac_tan,DishEntity
dish:ga_ac_tan_banh_my_ran,DishEntity
dish:ga_ac_tan_sam,DishEntity
dish:ga_ac_tan_sen_nam,DishEntity
dish:ga_ac_tan_thuoc_bac,DishEntity
dish:ga_ac_tan_thuoc_bac_nguyen_con_chuan_vi_thuoc_bac_kem_mang_ot_sieu_ngon,DishEntity
dish:ga_cau_vong_7_sac_suat_nho,DishEntity
dish:ga_coc_lac_phomai,DishEntity
dish:ga_coc_phu_phomai,DishEntity
dish:ga_coc_sot_cay_ngot_han_quoc,DishEntity
dish:ga_coc_sot_kem_hanh,DishEntity
dish:ga_coc_sot_mu_tat_mat_ong,DishEntity
dish:ga_coc_sot_phomai_trung_muoi,DishEntity
dish:ga_coc_sot_rose,DishEntity
dish:ga_coc_sot_xi_dau_toi,DishEntity
dish:ga_cua_xao_lan,DishEntity
dish:ga_dui,DishEntity
dish:ga_dui_chien_sot_cay_khong_xuong,DishEntity
dish:ga_dui_chien_sot_chua_ngot_khong_xuong,DishEntity
dish:ga_dui_lan_bo_chin,DishEntity
dish:ga_dui_lan_tai,DishEntity
dish:ga_dui_tan_ngai_cuu_thuoc_bac_chuan_vi_thuoc_bac_kem_mang_ot_sieu_ngon,DishEntity
dish:ga_gion_dua_sot_toi_man_ngot_rut_xuong,DishEntity
dish:ga_gion_gion,DishEntity
dish:ga_gion_khong_xuong,DishEntity
dish:ga_gion_khong_xuong_6_mieng,DishEntity
dish:ga_gion_tu_vi_pho_mai_bboom_cheese,DishEntity
dish:ga_gion_tu_vi_pho_mai_rut_xuong_bboom_cheese_boneless,DishEntity
dish:ga_goc_tu_sot,DishEntity
dish:ga_goc_tu_sot_chon_7_loai_sot,DishEntity
dish:ga_goc_tu_truyen_thong,DishEntity
dish:ga_hap_la_chanh_1_2_con,DishEntity
dish:ga_hap_la_chanh_1_con,DishEntity
dish:ga_hun_khoi,DishEntity
dish:ga_hun_khoi_1_2_con,DishEntity
dish:ga_hun_khoi_1_con,DishEntity
dish:ga_lac_pho_mai,DishEntity
dish:ga_lac_pho_mai_size_vua_tang_com_s,DishEntity
dish:ga_lac_phomai_l,DishEntity
dish:ga_lac_tok_chua_ngot,DishEntity
dish:ga_mieng_chien_3_vi_sot_size_m,DishEntity
dish:ga_mieng_lac_pho_mai_m,DishEntity
dish:ga_mieng_nuggets_3_mieng,DishEntity
dish:ga_mieng_sot_han_m,DishEntity
dish:ga_mieng_sot_kem_hanh_m,DishEntity
dish:ga_mieng_tam_nc_mam_m,DishEntity
dish:ga_mix_nua_con_2_coca_hoac_pepsi_nua_chua_ngot_nua_mu_tat_mat_ong,DishEntity
dish:ga_mix_nua_con_2_coca_hoac_pepsi_nua_truyen_thong_nua_chua_ngot,DishEntity
dish:ga_mix_nua_con_2_coca_hoac_pepsi_nua_truyen_thong_nua_mu_tat_mat_ong,DishEntity
dish:ga_mix_nua_con_nua_chua_ngot_nua_mu_tat_mat_ong,DishEntity
dish:ga_mix_nua_con_nua_chua_ngot_nua_sot_kem,DishEntity
dish:ga_mix_nua_con_nua_mu_tat_mat_ong_nua_sot_kem,DishEntity
dish:ga_mix_nua_con_nua_truyen_thong_nua_chua_ngot,DishEntity
dish:ga_mix_nua_con_nua_truyen_thong_nua_sot_tuong_toi,DishEntity
dish:ga_mix_sot_kem_hanh_sot_han_kem_com_s,DishEntity
dish:ga_mix_sot_kem_hanh_sot_phomai_kem_com_s,DishEntity
dish:ga_mix_sot_phomai_cay_sot_han_s,DishEntity
dish:ga_mix_sot_phomai_sot_han_kem_hanh_l_hot,DishEntity
dish:ga_nguyen_con_ran_gion_truyen_thong_khong_cay,DishEntity
dish:ga_nguyen_vi,DishEntity
dish:ga_nua_con_kem_sot,DishEntity
dish:ga_nua_con_mix_1,DishEntity
dish:ga_nua_con_mix_2,DishEntity
dish:ga_nua_con_mix_3,DishEntity
dish:ga_nua_con_mix_4,DishEntity
dish:ga_nua_con_ran_gion_truyen_thong,DishEntity
dish:ga_nua_con_sot_cay_ngot_han_quoc,DishEntity
dish:ga_nua_con_sot_kem_hanh,DishEntity
dish:ga_nuong_lu_1_2_con,DishEntity
dish:ga_nuong_lu_1_con,DishEntity
dish:ga_nuong_tam_gia_vi,DishEntity
dish:ga_phi_le_gion_sot_han,DishEntity
dish:ga_phu_pho_mai_tuyet_suat_lon,DishEntity
dish:ga_phu_pho_mai_tuyet_suat_nho,DishEntity
dish:ga_phu_sot_kem_hanh_suat_lon,DishEntity
dish:ga_phu_sot_kem_hanh_suat_nho,DishEntity
dish:ga_phu_sot_trung_muoi_kim_sa_suat_nho,DishEntity
dish:ga_popcorn,DishEntity
dish:ga_popcorn_1_pepsi,DishEntity
dish:ga_popcorn_3_vi_sot_size_m,DishEntity
dish:ga_popcorn_cay_ngot,DishEntity
dish:ga_popcorn_chua_ngot,DishEntity
dish:ga_popcorn_chua_ngot_size_m,DishEntity
dish:ga_popcorn_lac_pho_mai,DishEntity
dish:ga_popcorn_lac_pho_mai_size_m,DishEntity
dish:ga_popcorn_mat_ong_toi,DishEntity
dish:ga_popcorn_mat_ong_toi_size_s,DishEntity
dish:ga_popcorn_pho_mai_trung_muoi_size_m,DishEntity
dish:ga_popcorn_phomai,DishEntity
dish:ga_popcorn_phomai_size_s,DishEntity
dish:ga_popcorn_sot_bo_toi,DishEntity
dish:ga_popcorn_sot_kem,DishEntity
dish:ga_popcorn_sot_kem_hanh,DishEntity
dish:ga_popcorn_sot_kem_size_m,DishEntity
dish:ga_popcorn_sot_mu_tat_mat_ong,DishEntity
dish:ga_popcorn_sot_mu_tat_mat_ong_size_m,DishEntity
dish:ga_popcorn_sot_teriyaki_size_m,DishEntity
dish:ga_popcorn_sot_tuong_toi_size_m,DishEntity
dish:ga_popcorn_truyen_thong,DishEntity
dish:ga_popcorn_truyen_thong_size_m,DishEntity
dish:ga_quay_an_them_100gram,DishEntity
dish:ga_ran_1_mieng,DishEntity
dish:ga_ran_gion_dua_xot_toi_man_ngot,DishEntity
dish:ga_ran_gion_rac_pho_mai,DishEntity
dish:ga_ran_gion_rac_pho_mai_rut_xuong,DishEntity
dish:ga_ran_gion_rut_xuong,DishEntity
dish:ga_ran_gion_toi_xot_man_ngot,DishEntity
dish:ga_ran_gion_truyen_thong,DishEntity
dish:ga_ran_gion_truyen_thong_1_con,DishEntity
dish:ga_ran_gion_xot_ca_tim_mapsody,DishEntity
dish:ga_ran_gion_xot_ca_tim_mapsody_rut_xuong,DishEntity
dish:ga_ran_gion_xot_cay_ngot,DishEntity
dish:ga_ran_gion_xot_cay_ngot_rut_xuong,DishEntity
dish:ga_ran_gion_xot_cay_nong,DishEntity
dish:ga_ran_gion_xot_cay_nong_rut_xuong,DishEntity
dish:ga_ran_gion_xot_jachiso,DishEntity
dish:ga_ran_gion_xot_jachiso_rut_xuong,DishEntity
dish:ga_ran_gion_xot_kem_tuyet_himalaya,DishEntity
dish:ga_ran_gion_xot_mat_ong_toi,DishEntity
dish:ga_ran_gion_xot_mat_ong_toi_rut_xuong,DishEntity
dish:ga_ran_gion_xot_paris_rut_xuong,DishEntity
dish:ga_ran_gion_xot_suon,DishEntity
dish:ga_ran_gion_xot_suon_rut_xuong,DishEntity
dish:ga_ran_gion_xot_toi_man_ngot_rut_xuong,DishEntity
dish:ga_ran_mix_1_con_1_2_sot_cay_ngot,DishEntity
dish:ga_ran_mix_nua_con_1_2_sot_01_chai_coca_300ml,DishEntity
dish:ga_ran_mix_nua_con_1_2_sot_01_chai_fanta_300ml,DishEntity
dish:ga_ran_mix_nua_con_1_2_sot_01_chai_sprite_300ml,DishEntity
dish:ga_ran_mix_nua_con_1_2_sot_cay_ngot,DishEntity
dish:ga_ran_mix_nua_con_n_sot_01_chai_coca_300ml,DishEntity
dish:ga_ran_mix_nua_con_nua_sot_01_chai_fanta_300ml,DishEntity
dish:ga_ran_mix_nua_con_nua_sot_01_chai_sprite_300ml,DishEntity
dish:ga_ran_nua_con_lac_pho_mai,DishEntity
dish:ga_ran_nua_con_sot_habon_cay,DishEntity
dish:ga_ran_nua_con_sot_habon_khong_cay,DishEntity
dish:ga_ran_nua_con_sot_han_ngot,DishEntity
dish:ga_ran_nua_con_sot_hot_sweet,DishEntity
dish:ga_ran_nua_con_sot_kem,DishEntity
dish:ga_ran_nua_con_sot_pho_mai,DishEntity
dish:ga_ran_nua_con_sot_tuong_toi,DishEntity
dish:ga_ran_nua_con_truyen_thong,DishEntity
dish:ga_ran_phan,DishEntity
dish:ga_ran_phomai_tuyet_nua_con,DishEntity
dish:ga_ran_sot_cay_han_quoc_phan_1_dui_1_canh_1_lap_xuong_1_coca_lanh,DishEntity
dish:ga_ran_sot_cay_ngot,DishEntity
dish:ga_ran_sot_cay_ngot_nua_con,DishEntity
dish:ga_ran_sot_cay_ngot_nua_con_01_chai_coca_300ml,DishEntity
dish:ga_ran_sot_cay_ngot_nua_con_01_chai_fanta_300ml,DishEntity
dish:ga_ran_sot_cay_ngot_nua_con_01_chai_sprite_300ml,DishEntity
dish:ga_ran_sot_kem_hanh_l,DishEntity
dish:ga_ran_sot_mat_ong_toi,DishEntity
dish:ga_ran_sot_me,DishEntity
dish:ga_ran_sot_pho_mai_phan_1_dui_1_canh_1_coca_lanh_1_lap_xuong,DishEntity
dish:ga_ran_truyen_thong,DishEntity
dish:ga_rang_gung,DishEntity
dish:ga_rang_gung_roasted_ginger_chicken,DishEntity
dish:ga_ri_nuong_dan_toc,DishEntity
dish:ga_rut_xuong_ran_gion,DishEntity
dish:ga_rut_xuong_sot_cay_ngot_size_nho_kimbap_chien_tang_1_coca_300ml,DishEntity
dish:ga_rut_xuong_sot_cay_ngot_size_nho_kimbap_truyen_thong_tang_1_coca_300ml,DishEntity
dish:ga_rut_xuong_sot_size_lon,DishEntity
dish:ga_rut_xuong_sot_size_nho,DishEntity
dish:ga_rut_xuong_sot_size_nho_01_chai_coca_300ml,DishEntity
dish:ga_rut_xuong_sot_size_nho_01_chai_fanta_300ml,DishEntity
dish:ga_rut_xuong_sot_size_nho_01_chai_sprite_300ml,DishEntity
dish:ga_rut_xuong_xi_dau_mat_ong,DishEntity
dish:ga_rut_xuong_xi_dau_mat_ong_size_nho,DishEntity
dish:ga_sot,DishEntity
dish:ga_sot_bbq,DishEntity
dish:ga_sot_bo_toi,DishEntity
dish:ga_sot_cay_han_quoc,DishEntity
dish:ga_sot_cay_han_quoc_rat_cay,DishEntity
dish:ga_sot_cay_ngot,DishEntity
dish:ga_sot_cay_nong,DishEntity
dish:ga_sot_chon_7_loai_sot,DishEntity
dish:ga_sot_chua_ngot,DishEntity
dish:ga_sot_chua_ngot_nua_con,DishEntity
dish:ga_sot_dau_1_mieng,DishEntity
dish:ga_sot_dau_phan,DishEntity
dish:ga_sot_han_l,DishEntity
dish:ga_sot_han_size_vua_tang_com_s,DishEntity
dish:ga_sot_hs_1_mieng,DishEntity
dish:ga_sot_hs_phan,DishEntity
dish:ga_sot_kem_hanh,DishEntity
dish:ga_sot_kem_hanh_size_vua_tang_com_s_hot,DishEntity
dish:ga_sot_kem_nua_con,DishEntity
dish:ga_sot_kieu_y,DishEntity
dish:ga_sot_mam_toi,DishEntity
dish:ga_sot_mat_ong,DishEntity
dish:ga_sot_mix_vi,DishEntity
dish:ga_sot_mu_tat_mat_ong_nua_con,DishEntity
dish:ga_sot_pho_mai_1_mieng,DishEntity
dish:ga_sot_pho_mai_m,DishEntity
dish:ga_sot_pho_mai_phan,DishEntity
dish:ga_sot_pho_mai_trung_muoi_nua_con,DishEntity
dish:ga_sot_pho_mai_trung_sua,DishEntity
dish:ga_sot_phomai,DishEntity
dish:ga_sot_phomai_cay_l,DishEntity
dish:ga_sot_phomai_cay_m,DishEntity
dish:ga_sot_phomai_cay_s_tang_com,DishEntity
dish:ga_sot_phomai_l,DishEntity
dish:ga_sot_phomai_size_vua_tang_com_s,DishEntity
dish:ga_sot_teriyaki,DishEntity
dish:ga_sot_tuong_toi_nua_con,DishEntity
dish:ga_suat_lon_1_sot,DishEntity
dish:ga_suat_lon_2_sot,DishEntity
dish:ga_suat_lon_3_sot,DishEntity
dish:ga_suat_lon_truyen_thong,DishEntity
dish:ga_suat_nho_1_sot,DishEntity
dish:ga_suat_nho_2_sot,DishEntity
dish:ga_suat_nho_3_sot,DishEntity
dish:ga_suat_nho_truyen_thong,DishEntity
dish:ga_ta_tan,DishEntity
dish:ga_tam_nc_mam_l,DishEntity
dish:ga_tam_nc_mam_size_vua_tang_com_s,DishEntity
dish:ga_tan,DishEntity
dish:ga_tan_dui,DishEntity
dish:ga_truyen_thong_ketchup_nua_con,DishEntity
dish:ga_truyen_thong_nua_con,DishEntity
dish:ga_u_muoi_1_2_con,DishEntity
dish:ga_u_muoi_1_2_con_an_mat_sot_cham,DishEntity
dish:ga_u_muoi_1_2_con_coca_chai,DishEntity
dish:ga_u_muoi_1_2_con_mat_coca_chai,DishEntity
dish:ga_u_muoi_1_con,DishEntity
dish:ga_u_muoi_nua_con,DishEntity
dish:ga_u_muoi_tieu_nua_con,DishEntity
dish:ga_u_xi_dau_1_2_con,DishEntity
dish:ga_u_xi_dau_1_con,DishEntity
dish:ga_vien,DishEntity
dish:ga_vien_9_vi,DishEntity
dish:ga_vien_chien,DishEntity
dish:ga_vien_chien_tok_cay_ngot,DishEntity
dish:ga_vien_kem_sot,DishEntity
dish:ga_vien_lac_pho_mai,DishEntity
dish:ga_vien_lac_phomai,DishEntity
dish:ga_vien_mix_lac_pho_mai_sot_han_kem_com_s_hot,DishEntity
dish:ga_vien_popcorn,DishEntity
dish:ga_vien_popcorn_lon,DishEntity
dish:ga_vien_popcorn_vua,DishEntity
dish:ga_vien_sot_cay_kieu_my,DishEntity
dish:ga_vien_sot_phomai_sot_han_kem_hanh_m_hot,DishEntity
dish:ga_vien_tron_tok_sot_cay_ngot,DishEntity
dish:ga_vien_truyen_thong_ketchup,DishEntity
dish:ga_xao_bap_cai_pho_mai,DishEntity
dish:ga_xao_nam_an_them,DishEntity
dish:ga_xe_hoang_kim_gion_1_2_con,DishEntity
dish:ga_xe_soi_kieu_phap_1_2_con,DishEntity
dish:ga_xe_sot_mat_ong_1_2_con,DishEntity
dish:ga_xien_que_3_xien,DishEntity
dish:gato_flan_chocolate,DishEntity
dish:gio,DishEntity
dish:goi_chan_ga_rut_xuong,DishEntity
dish:goi_cuon_nem_nuong_5_chiec,DishEntity
dish:goi_cuon_thit_heo_cham_mam_nem,DishEntity
dish:goi_cuon_thit_heo_mam_nem,DishEntity
dish:goi_cuon_tom_1_chiec_cham_mam_nem,DishEntity
dish:goi_cuon_tom_thit_mam_nem,DishEntity
dish:goi_cuon_tom_thit_mam_nem_1_chiec,DishEntity
dish:goi_xoai,DishEntity
dish:ha_cao_thap_cam,DishEntity
dish:ha_cao_thit_nam,DishEntity
dish:ha_cao_thit_rau,DishEntity
dish:ha_cao_tom,DishEntity
dish:heo_bam_sot_ca_chua,DishEntity
dish:heo_chien_xi_dau_trung,DishEntity
dish:heo_kho_chay_toi,DishEntity
dish:hinh_tom_chien_sl_10,DishEntity
dish:hoa_lo_xao,DishEntity
dish:jajang_tangsu,DishEntity
dish:kem_trung_banh_mi_nuong_1_suat_2_trung_2_banh,DishEntity
dish:kem_trung_cacao_banh_mi_nuong_1_suat_2_trung_2_banh,DishEntity
dish:kho_ga_la_chanh_tui_100g,DishEntity
dish:kho_quet,DishEntity
dish:kho_quet_warehouse_swipe,DishEntity
dish:khoai_lang_chien,DishEntity
dish:khoai_lang_ken,DishEntity
dish:khoai_tay_chien,DishEntity
dish:khoai_tay_chien_150gr,DishEntity
dish:khoai_tay_chien_dai,DishEntity
dish:khoai_tay_chien_lac_pho_mai,DishEntity
dish:khoai_tay_chien_lac_phomai_to,DishEntity
dish:khoai_tay_chien_to,DishEntity
dish:khoai_tay_lac_pho_mai,DishEntity
dish:khoai_tay_lac_pho_mai_tang_1_chai_nuoc_hat_chia,DishEntity
dish:khuyu_canh_ga_gion_cay_6_mieng,DishEntity
dish:kimbap_bo,DishEntity
dish:kimbap_chien,DishEntity
dish:kimbap_thuong,DishEntity
dish:kimbap_trung,DishEntity
dish:kimbap_truyen_thong,DishEntity
dish:lap_xuong,DishEntity
dish:lap_xuong_nuong_da,DishEntity
dish:lap_xuong_nuong_da_1c_bot_ot,DishEntity
dish:lau_vit_om_mang,DishEntity
dish:lau_vit_om_sau,DishEntity
dish:long_me,DishEntity
dish:long_me_xao_dua,DishEntity
dish:luoi_vit_chien_nho,DishEntity
dish:luoi_vit_chien_to,DishEntity
dish:luon_ga_truyen_thong,DishEntity
dish:ma_dui,DishEntity
dish:ma_dui_3_mieng,DishEntity
dish:ma_dui_ga_ran_9_vi,DishEntity
dish:ma_dui_sot_mam_tieu,DishEntity
dish:ma_dui_sot_me,DishEntity
dish:mam_tep_chung_thit,DishEntity
dish:man_thau_chien,DishEntity
dish:mang_truc_xao_toi,DishEntity
dish:me_ga_ran,DishEntity
dish:met_banh_trang_cuon_vit_nuong,DishEntity
dish:mi_bo,DishEntity
dish:mi_bo_ga,DishEntity
dish:mi_bo_nuoc_pepsi,DishEntity
dish:mi_bo_tai,DishEntity
dish:mi_canh_ga_ran,DishEntity
dish:mi_cay_bo,DishEntity
dish:mi_cay_bo_my,DishEntity
dish:mi_cay_ca_vien,DishEntity
dish:mi_cay_ca_vien_xuc_xich,DishEntity
dish:mi_cay_carbonara_samyang,DishEntity
dish:mi_cay_full_topping,DishEntity
dish:mi_cay_hai_san,DishEntity
dish:mi_cay_sun,DishEntity
dish:mi_cay_suon_sun,DishEntity
dish:mi_cay_thap_cam,DishEntity
dish:mi_cay_xuc_xich,DishEntity
dish:mi_cay_xuc_xich_bo_my,DishEntity
dish:mi_chua_cay_full_topping,DishEntity
dish:mi_chua_cay_tim_bau_duc,DishEntity
dish:mi_chua_cay_tim_bau_duc_moc,DishEntity
dish:mi_chua_cay_tim_bau_duc_trung_non,DishEntity
dish:mi_dui_ga_ran,DishEntity
dish:mi_ga_ac,DishEntity
dish:mi_ga_ac_tan,DishEntity
dish:mi_ga_ta,DishEntity
dish:mi_ga_tan,DishEntity
dish:mi_ga_vien_chien,DishEntity
dish:mi_phomai_ga_chien_hot,DishEntity
dish:mi_rau_cu,DishEntity
dish:mi_thai_bo_my,DishEntity
dish:mi_tom_dac_biet,DishEntity
dish:mi_tom_ga_canh,DishEntity
dish:mi_tom_ga_dui,DishEntity
dish:mi_tom_ga_lan,DishEntity
dish:mi_tom_ga_lung,DishEntity
dish:mi_tom_ga_luon,DishEntity
dish:mi_tom_ga_moc,DishEntity
dish:mi_tom_ga_trang_trung,DishEntity
dish:mi_tom_phao_cau,DishEntity
dish:mi_tom_xao_cai_bo,DishEntity
dish:mi_tomyum_dac_biet,DishEntity
dish:mi_tomyum_hai_san,DishEntity
dish:mi_tomyum_sun_non,DishEntity
dish:mi_tomyum_sun_non_bo_my,DishEntity
dish:mi_tomyum_thap_cam,DishEntity
dish:mi_tomyum_tom,DishEntity
dish:mi_tron_bau_duc,DishEntity
dish:mi_tron_bo,DishEntity
dish:mi_tron_bo_sot_han,DishEntity
dish:mi_tron_full_topping,DishEntity
dish:mi_tron_full_topping_nhieu_mi,DishEntity
dish:mi_tron_full_topping_trung_op,DishEntity
dish:mi_tron_ga,DishEntity
dish:mi_tron_ga_bo,DishEntity
dish:mi_tron_ga_dui,DishEntity
dish:mi_tron_ga_lan,DishEntity
dish:mi_tron_ga_luon,DishEntity
dish:mi_tron_ga_vien,DishEntity
dish:mi_tron_indomie,DishEntity
dish:mi_tron_indomie_trung_op,DishEntity
dish:mi_tron_indomie_xuc_xich,DishEntity
dish:mi_tron_rau_cu,DishEntity
dish:mi_tron_rau_cu_tu_chon_topping,DishEntity
dish:mi_tron_thap_cam_7topping,DishEntity
dish:mi_tron_tim,DishEntity
dish:mi_tron_xuc_xich,DishEntity
dish:mi_tron_xuc_xich_trug_sot_phomai_hot,DishEntity
dish:mi_tuong_den,DishEntity
dish:mi_tuong_den_thit_bam,DishEntity
dish:mi_tuong_den_trung,DishEntity
dish:mi_tuong_den_trung_op,DishEntity
dish:mi_tuong_den_truyen_thong,DishEntity
dish:mi_tuong_den_xuc_xich,DishEntity
dish:mi_xao,DishEntity
dish:mi_xao_1_chai_pepsi,DishEntity
dish:mi_xao_bap_bo,DishEntity
dish:mi_xao_bo,DishEntity
dish:mi_xao_bo_coca,DishEntity
dish:mi_xao_bo_gion,DishEntity
dish:mi_xao_bo_gion_1_phan,DishEntity
dish:mi_xao_bo_kim_chi,DishEntity
dish:mi_xao_bo_mem,DishEntity
dish:mi_xao_bo_mem_1_phan,DishEntity
dish:mi_xao_cai_bo,DishEntity
dish:mi_xao_ga_nam,DishEntity
dish:mi_xao_gion_bo,DishEntity
dish:mi_xao_gion_tim_cat,DishEntity
dish:mi_xao_mem,DishEntity
dish:mi_xao_mem_bo,DishEntity
dish:mi_xao_pepsi,DishEntity
dish:mi_xao_thap_cam,DishEntity
dish:mi_xao_tim,DishEntity
dish:mi_xao_tim_cat,DishEntity
dish:mi_xao_tokboki,DishEntity
dish:mi_xao_trang_trung,DishEntity
dish:mi_y_ga_ran,DishEntity
dish:mi_y_ga_vien,DishEntity
dish:mi_y_jambong_sot_kem,DishEntity
dish:mi_y_sot_bo_bam_lon,DishEntity
dish:mi_y_sot_bo_bam_lon_1_pepsi,DishEntity
dish:mi_y_sot_cay_vua,DishEntity
dish:mi_y_sot_cay_vua_1_mieng_ga_gion_vui_ve_1_pepsi_vua,DishEntity
dish:mi_y_sot_cay_vua_1_pepsi_vua,DishEntity
dish:mi_y_sot_thit_bam,DishEntity
dish:mi_y_sot_tieu_den,DishEntity
dish:mi_y_thit_bam_l,DishEntity
dish:mi_y_thit_bam_m,DishEntity
dish:mi_y_thit_bam_sot_ca_chua,DishEntity
dish:mi_y_thit_bo_l,DishEntity
dish:mi_y_thit_bo_m,DishEntity
dish:mi_y_xuc_xich_ga,DishEntity
dish:mi_y_xuc_xich_sot_ca_chua,DishEntity
dish:mi_y_xuc_xich_sot_kem,DishEntity
dish:mien_bo_cha_nuoc,DishEntity
dish:mien_bo_cha_tron,DishEntity
dish:mien_cha_nuoc,DishEntity
dish:mien_cha_tron,DishEntity
dish:mien_cua_nuoc_day_du,DishEntity
dish:mien_cua_tron_day_du,DishEntity
dish:mien_cua_tron_ngap_tran_topping_tang_1_ly_nuoc_hat_chia_30k,DishEntity
dish:mien_dac_biet,DishEntity
dish:mien_dui,DishEntity
dish:mien_ga,DishEntity
dish:mien_ga_canh,DishEntity
dish:mien_ga_dui,DishEntity
dish:mien_ga_lan,DishEntity
dish:mien_ga_lung,DishEntity
dish:mien_ga_luon,DishEntity
dish:mien_ga_moc,DishEntity
dish:mien_ga_nuoc,DishEntity
dish:mien_ga_trang_trung,DishEntity
dish:mien_ga_tron,DishEntity
dish:mien_ga_tron_dac_biet,DishEntity
dish:mien_gio_cha_nuoc,DishEntity
dish:mien_gio_cha_tron,DishEntity
dish:mien_lan,DishEntity
dish:mien_ngan,DishEntity
dish:mien_ngan_moc,DishEntity
dish:mien_ngan_moc_dac_biet,DishEntity
dish:mien_ngan_tron,DishEntity
dish:mien_phao_cau,DishEntity
dish:mien_tron,DishEntity
dish:mien_tron_bb_japchae,DishEntity
dish:mien_tron_bo,DishEntity
dish:mien_tron_bo_ga,DishEntity
dish:mien_tron_bo_japchae,DishEntity
dish:mien_tron_bo_va_ga_1_coca_cola,DishEntity
dish:mien_tron_ga,DishEntity
dish:mien_tron_ga_bo,DishEntity
dish:mien_tron_ga_dat_biet,DishEntity
dish:mien_tron_ga_dui,DishEntity
dish:mien_tron_ga_lan,DishEntity
dish:mien_tron_ga_luon,DishEntity
dish:mien_tron_ga_quay_chua_ngot,DishEntity
dish:mien_tron_ngan,DishEntity
dish:mien_tron_thit_xa_xiu_chua_ngot,DishEntity
dish:mien_xao_bap_bo,DishEntity
dish:mien_xao_cua,DishEntity
dish:mien_xao_dac_biet,DishEntity
dish:mien_xao_ga_nam,DishEntity
dish:mien_xao_thap_cam,DishEntity
dish:mien_xao_tim,DishEntity
dish:mien_xao_vit_quay,DishEntity
dish:mien_xao_xa_xiu,DishEntity
dish:mix_com_suon_cot_let_trung_op_la_sot_cay_ngot,DishEntity
dish:mix_nua_con_nua_truyen_thong_nua_sot_pho_mai_trung_muoi,DishEntity
dish:moc_oc,DishEntity
dish:moc_thit,DishEntity
dish:mochi_cham_kem,DishEntity
dish:mochi_mix_4_vi,DishEntity
dish:mua_1_tang_1,DishEntity
dish:mua_1_tang_1_danh_cho_2_3_nguoi,DishEntity
dish:muc_ran_3_mieng,DishEntity
dish:muc_xao_can_toi_stir_fried_squid_with_garlic,DishEntity
dish:muc_xoan_chien_sl_10,DishEntity
dish:muop_dang_xao_trung,DishEntity
dish:my_cay_bo,DishEntity
dish:my_cay_bo_my,DishEntity
dish:my_cay_bo_ta,DishEntity
dish:my_cay_cac_loai_vien,DishEntity
dish:my_cay_hai_san,DishEntity
dish:my_cay_suon_sun,DishEntity
dish:my_cay_thap_cam,DishEntity
dish:my_cay_xuc_xich,DishEntity
dish:my_chua_cay,DishEntity
dish:my_cua_tron_ngap_bo_tran_topping_tang_1_ly_nuoc_hat_chia_30k,DishEntity
dish:my_dui_ga_full_topping_chuan_vi_thuoc_bac_kem_mang_ot_sieu_ngon,DishEntity
dish:my_dui_ga_tan_ngai_cuu_chuan_vi_thuoc_bac_kem_mang_ot_sieu_ngon,DishEntity
dish:my_ga_ac_tan_thuoc_bac_nguyen_con_chuan_vi_thuoc_bac_kem_mang_ot_sieu_ngon,DishEntity
dish:my_ga_tan,DishEntity
dish:my_ga_tan_dui,DishEntity
dish:my_ga_tron,DishEntity
dish:my_quang_thap_cam,DishEntity
dish:my_quang_tom_ga,DishEntity
dish:my_quang_tom_lon,DishEntity
dish:my_sao_cai_bo,DishEntity
dish:my_sao_hai_san,DishEntity
dish:my_sao_thit_bo,DishEntity
dish:my_spaghetti_bo_bam,DishEntity
dish:my_thit_ga_dui,DishEntity
dish:my_tim_ga_tan_ngai_cuu_chuan_vi_thuoc_bac_kem_mang_ot_sieu_ngon,DishEntity
dish:my_tom_bo,DishEntity
dish:my_tom_ga,DishEntity
dish:my_tom_trung_vit_lon_ngai_cuu_chuan_vi_thuoc_bac_kem_mang_ot_sieu_ngon,DishEntity
dish:my_tom_xao_cai,DishEntity
dish:my_tron_bo_ga_cay,DishEntity
dish:my_tron_bo_ha_cao,DishEntity
dish:my_tron_bo_my,DishEntity
dish:my_tron_cac_vien_tha_lau,DishEntity
dish:my_tron_canh,DishEntity
dish:my_tron_doi_sun_2_cai,DishEntity
dish:my_tron_dui_ga,DishEntity
dish:my_tron_hinh_tom,DishEntity
dish:my_tron_kim_chi_bo,DishEntity
dish:my_tron_lap_xuong_nuong_da_2_cai,DishEntity
dish:my_tron_muc_xoan,DishEntity
dish:my_tron_nem_chua_ran,DishEntity
dish:my_tron_sui_cao_nhan_thit,DishEntity
dish:my_tron_thap_cam,DishEntity
dish:my_tron_thuong,DishEntity
dish:my_tron_trung_op_la_2_qua,DishEntity
dish:my_tron_vien_chien,DishEntity
dish:my_tron_vit_quay_trung_op_la_long_dao,DishEntity
dish:my_tron_xa_xiu_trung_op_la_long_dao,DishEntity
dish:my_tron_xuc_xich,DishEntity
dish:my_tron_xuc_xich_2_cai,DishEntity
dish:my_tuong_den,DishEntity
dish:my_udon_xao_kim_chi_bo_cay,DishEntity
dish:my_udon_xao_rau_cai_bo,DishEntity
dish:my_vit_quay,DishEntity
dish:my_vit_quay_xa_xiu,DishEntity
dish:my_xa_xiu,DishEntity
dish:my_xao,DishEntity
dish:my_xao_bau_duc,DishEntity
dish:my_xao_bo,DishEntity
dish:my_xao_cai_bo,DishEntity
dish:my_xao_coca,DishEntity
dish:my_xao_dac_biet,DishEntity
dish:my_xao_ga,DishEntity
dish:my_xao_gion_bo,DishEntity
dish:my_xao_gion_tim,DishEntity
dish:my_xao_mem_tim,DishEntity
dish:my_xao_ngap_thit_bo_tang_1_chai_nuoc_hat_chia_30k,DishEntity
dish:my_xao_rau_cai_thit_bo,DishEntity
dish:my_xao_rau_nam,DishEntity
dish:my_xao_thit_bo,DishEntity
dish:my_xao_tim,DishEntity
dish:my_xao_tim_bau_duc,DishEntity
dish:my_xao_vit_quay,DishEntity
dish:my_xao_xa_xiu,DishEntity
dish:my_y_coca_cola_co_m,DishEntity
dish:my_y_ga_nguyen_vi_coca_cola_co_m,DishEntity
dish:my_y_ga_nguyen_vi_salad_rau_cu,DishEntity
dish:my_y_salad_rau_cu,DishEntity
dish:my_y_sot_bo_bam,DishEntity
dish:my_y_sot_bo_bam_coca,DishEntity
dish:my_y_sot_bo_bam_nuoc_tao_ep,DishEntity
dish:my_y_sot_bo_bam_xuc_xich,DishEntity
dish:my_y_spaghetti,DishEntity
dish:my_y_xot_kem_bo,DishEntity
dish:my_y_xot_kem_tom,DishEntity
dish:nam_dui_ga_xao_thiet_ban,DishEntity
dish:nam_xao,DishEntity
dish:nem_chien_nong_gion,DishEntity
dish:nem_chua,DishEntity
dish:nem_chua_ran_10_chiec,DishEntity
dish:nem_chua_ran_5_cai,DishEntity
dish:nem_chua_ran_pho_co_10_cai,DishEntity
dish:nem_chua_ran_pho_co_5_cai,DishEntity
dish:nem_ga_nam_sot_chanh_leo,DishEntity
dish:nem_lui,DishEntity
dish:nem_lui_nuong_1_cai,DishEntity
dish:nem_lui_nuong_boc_xa_da_nang,DishEntity
dish:nem_ngot_ran,DishEntity
dish:nem_nuong_nha_trang_xuat_lon_8_cuon,DishEntity
dish:nem_nuong_nha_trang_xuat_vua_6_cuon,DishEntity
dish:nem_ran,DishEntity
dish:nem_tom,DishEntity
dish:new_ga_half_half_size_l,DishEntity
dish:ngo_chien,DishEntity
dish:ngo_chien_bo,DishEntity
dish:ngo_xao_tep_2_suat,DishEntity
dish:nguyen_canh_nuong_kieu_phap,DishEntity
dish:nhan_tho_bao_ngu_rong_bien,DishEntity
dish:nhan_tho_bo_cau_cu_sen,DishEntity
dish:nhan_tho_bo_cau_tiem_long_nhan,DishEntity
dish:nhan_tho_bo_ham_dau_ngu,DishEntity
dish:nhan_tho_bo_ham_hat_sen,DishEntity
dish:nhan_tho_bo_ham_tu_sac,DishEntity
dish:nhan_tho_dui_heo_ham_tu_bao,DishEntity
dish:nhan_tho_ga_den_ham_cu_sen,DishEntity
dish:nhan_tho_ga_tiem_sen_tao_do,DishEntity
dish:nhan_tho_ghe_hap_quinoa,DishEntity
dish:nhan_tho_heo_dau_xanh_tao_do,DishEntity
dish:nhan_tho_heo_ham_hat_dieu,DishEntity
dish:nhan_tho_heo_xao_sen_ngo,DishEntity
dish:nhan_tho_luon_dao_cot_dua,DishEntity
dish:nhan_tho_suon_ham_sen_dua,DishEntity
dish:nhan_tho_tim_ham_dau_do,DishEntity
dish:nhan_tho_tim_om_hanh_nhan,DishEntity
dish:nhan_tho_tom_nau_quinoa,DishEntity
dish:nhan_tho_tom_ngao_bo_toi,DishEntity
dish:nhan_tho_vit_tiem_dau_xanh,DishEntity
dish:nom_tai_xuc_banh_da_lon,DishEntity
dish:nom_tai_xuc_banh_da_nho,DishEntity
dish:nom_vit_quay_nho,DishEntity
dish:nom_vit_quay_to,DishEntity
dish:nua_con_ga_chien_mam,DishEntity
dish:nua_con_ga_hap_cham_mac_khen,DishEntity
dish:nua_con_ga_nuong_mac_khen,DishEntity
dish:nua_con_mix_mat_ong_sot_cay_ngot,DishEntity
dish:nua_con_sot_xi_dau_mat_ong,DishEntity
dish:nuoc_me_ngon,DishEntity
dish:oc_tan_ngai_cuu,DishEntity
dish:oc_tran_gia,DishEntity
dish:oc_tran_gia_hanh,DishEntity
dish:oi_ep,DishEntity
dish:om_thit_quay_ga_sot_thit_xao_coca_sprite,DishEntity
dish:one_derful_1,DishEntity
dish:one_derful_2,DishEntity
dish:phi_le_ga_luc_yen,DishEntity
dish:pho_ap_chao,DishEntity
dish:pho_ap_chao_khong_bao_gom_hop_dung,DishEntity
dish:pho_ba_chi_lap_suon,DishEntity
dish:pho_bap,DishEntity
dish:pho_bap_bo,DishEntity
dish:pho_bap_gau,DishEntity
dish:pho_bap_gau_gion,DishEntity
dish:pho_bap_lan,DishEntity
dish:pho_bap_nam,DishEntity
dish:pho_bap_sot_vang,DishEntity
dish:pho_bap_tai,DishEntity
dish:pho_bap_tuy,DishEntity
dish:pho_bo,DishEntity
dish:pho_bo_ap_chao,DishEntity
dish:pho_bo_bam_ca_rot,DishEntity
dish:pho_bo_chin,DishEntity
dish:pho_bo_chin_khong_bao_gom_hop_dung,DishEntity
dish:pho_bo_coca,DishEntity
dish:pho_bo_dac_biet,DishEntity
dish:pho_bo_dac_biet_coca,DishEntity
dish:pho_bo_gau,DishEntity
dish:pho_bo_khong_kem_theo_hop_dung,DishEntity
dish:pho_bo_nuoc,DishEntity
dish:pho_bo_sot_vang,DishEntity
dish:pho_bo_tai,DishEntity
dish:pho_bo_tai_chin,DishEntity
dish:pho_bo_tai_chin_coca,DishEntity
dish:pho_bo_tai_chin_nam,DishEntity
dish:pho_bo_tai_coca,DishEntity
dish:pho_bo_tai_gau,DishEntity
dish:pho_bo_tai_gau_coca,DishEntity
dish:pho_bo_tai_khong_bao_gom_hop_dung,DishEntity
dish:pho_bo_tai_lan,DishEntity
dish:pho_bo_tai_nam,DishEntity
dish:pho_canh,DishEntity
dish:pho_chien_phong,DishEntity
dish:pho_chien_trung,DishEntity
dish:pho_chin,DishEntity
dish:pho_chin_gau,DishEntity
dish:pho_chin_nam,DishEntity
dish:pho_cua_tron_ngap_bo_tran_topping_tang_1_ly_nuoc_hat_chia_30k,DishEntity
dish:pho_cuon_10_cai,DishEntity
dish:pho_cuon_10_chiec_tang_1ly_coca,DishEntity
dish:pho_cuon_5_cai,DishEntity
dish:pho_cuon_bo,DishEntity
dish:pho_cuon_nem_nuong,DishEntity
dish:pho_cuon_thit_bo,DishEntity
dish:pho_cuon_thit_nuong,DishEntity
dish:pho_cuon_truyen_thong,DishEntity
dish:pho_dac_biet,DishEntity
dish:pho_dui,DishEntity
dish:pho_dui_ga,DishEntity
dish:pho_ga,DishEntity
dish:pho_ga_bo_tai_lan,DishEntity
dish:pho_ga_canh,DishEntity
dish:pho_ga_dac_biet,DishEntity
dish:pho_ga_dui,DishEntity
dish:pho_ga_ha_noi,DishEntity
dish:pho_ga_moc,DishEntity
dish:pho_ga_nuoc,DishEntity
dish:pho_ga_ta,DishEntity
dish:pho_ga_thit_dui,DishEntity
dish:pho_ga_thuong,DishEntity
dish:pho_ga_tron,DishEntity
dish:pho_ga_tron_dac_biet,DishEntity
dish:pho_ga_tron_dat_biet,DishEntity
dish:pho_ga_tron_dui,DishEntity
dish:pho_ga_tron_thuong,DishEntity
dish:pho_ga_tron_truyen_thong,DishEntity
dish:pho_ga_xa_xiu,DishEntity
dish:pho_ga_xao_bap_cai,DishEntity
dish:pho_gan,DishEntity
dish:pho_gan_sot_vang,DishEntity
dish:pho_gau,DishEntity
dish:pho_heo_quay_tron,DishEntity
dish:pho_lan,DishEntity
dish:pho_loi,DishEntity
dish:pho_loi_bo,DishEntity
dish:pho_loi_gau_gion,DishEntity
dish:pho_loi_lan,DishEntity
dish:pho_loi_tuy,DishEntity
dish:pho_long_me_trung_non,DishEntity
dish:pho_luon,DishEntity
dish:pho_mai_que,DishEntity
dish:pho_mai_que_10_chiec,DishEntity
dish:pho_mai_vien_hoang_kim_3_vien,DishEntity
dish:pho_nam,DishEntity
dish:pho_nam_gau,DishEntity
dish:pho_ngan,DishEntity
dish:pho_sot_vang,DishEntity
dish:pho_sot_vang_chin,DishEntity
dish:pho_sot_vang_gau,DishEntity
dish:pho_sot_vang_giau_gion,DishEntity
dish:pho_sot_vang_nam,DishEntity
dish:pho_sot_vang_tai,DishEntity
dish:pho_tai,DishEntity
dish:pho_tai_bap,DishEntity
dish:pho_tai_chin,DishEntity
dish:pho_tai_gan,DishEntity
dish:pho_tai_gau,DishEntity
dish:pho_tai_gau_gion,DishEntity
dish:pho_tai_gau_khong_bao_gom_hop_dung,DishEntity
dish:pho_tai_lan,DishEntity
dish:pho_tai_lan_khong_bao_gom_hop_dung,DishEntity
dish:pho_tai_nam,DishEntity
dish:pho_tai_tuy,DishEntity
dish:pho_thap_cam,DishEntity
dish:pho_tim_cat,DishEntity
dish:pho_tim_ga_hat_sen,DishEntity
dish:pho_tron,DishEntity
dish:pho_tron_bo,DishEntity
dish:pho_tron_bo_1_pepsi,DishEntity
dish:pho_tron_bo_ga,DishEntity
dish:pho_tron_bo_va_dua_gop_an_kem,DishEntity
dish:pho_tron_bo_va_ga_1_coca_cola,DishEntity
dish:pho_tron_canh,DishEntity
dish:pho_tron_dac_biet,DishEntity
dish:pho_tron_dui_ga,DishEntity
dish:pho_tron_ga,DishEntity
dish:pho_tron_ga_bo,DishEntity
dish:pho_tron_ga_dua_gop_an_kem,DishEntity
dish:pho_tron_ga_dui,DishEntity
dish:pho_tron_ga_lan,DishEntity
dish:pho_tron_ga_luon,DishEntity
dish:pho_tron_ga_quay,DishEntity
dish:pho_tron_nem_nuong,DishEntity
dish:pho_tron_thit_bo,DishEntity
dish:pho_tron_thit_xa_xiu_chua_ngot,DishEntity
dish:pho_tron_thuong,DishEntity
dish:pho_tron_tim_va_dua_gop_an_kem,DishEntity
dish:pho_tron_xuc_xich,DishEntity
dish:pho_tron_xuc_xich_nem_nuong,DishEntity
dish:pho_tuy_bo,DishEntity
dish:pho_vit_ba_chi,DishEntity
dish:pho_vit_quay,DishEntity
dish:pho_vit_quay_dui_lap_suon,DishEntity
dish:pho_vit_quay_mang,DishEntity
dish:pho_vit_quay_tron,DishEntity
dish:pho_xao,DishEntity
dish:pho_xao_bap_bo,DishEntity
dish:pho_xao_bo,DishEntity
dish:pho_xao_bo_cai_coca,DishEntity
dish:pho_xao_bo_coca,DishEntity
dish:pho_xao_bo_gion,DishEntity
dish:pho_xao_bo_gion_1_phan,DishEntity
dish:pho_xao_bo_mem,DishEntity
dish:pho_xao_bo_mem_1_phan,DishEntity
dish:pho_xao_cai,DishEntity
dish:pho_xao_cai_bo,DishEntity
dish:pho_xao_chay_pho_xao_rau_hanh_tay_ca_chua,DishEntity
dish:pho_xao_ga,DishEntity
dish:pho_xao_ga_nam,DishEntity
dish:pho_xao_gion,DishEntity
dish:pho_xao_gion_bo,DishEntity
dish:pho_xao_gion_ngap_thit_bo_tang_1_chai_nuoc_hat_chia,DishEntity
dish:pho_xao_gion_tim,DishEntity
dish:pho_xao_gion_tim_cat,DishEntity
dish:pho_xao_mem,DishEntity
dish:pho_xao_mem_bo,DishEntity
dish:pho_xao_mem_cai_bo,DishEntity
dish:pho_xao_mem_tim,DishEntity
dish:pho_xao_pepsi,DishEntity
dish:pho_xao_thap_cam,DishEntity
dish:pho_xao_thit_bo,DishEntity
dish:pho_xao_thit_bo_chay_tang_1_chai_nuoc_hat_chia_30k,DishEntity
dish:pho_xao_tim,DishEntity
dish:pho_xao_trang_trung,DishEntity
dish:pho_xot_vang,DishEntity
dish:piza_nhoi_size_15,DishEntity
dish:pizza_hai_san,DishEntity
dish:pizza_salad_ga_sot_cajun,DishEntity
dish:popcorn_lac_pho_mai,DishEntity
dish:popcorn_sot_cay_ngot_size_s,DishEntity
dish:popcorn_truyen_thong,DishEntity
dish:quay_gion,DishEntity
dish:rai_cai_chip_xao,DishEntity
dish:rau_cu_qua_luoc,DishEntity
dish:rau_cu_qua_luoc_cham_trung,DishEntity
dish:rau_luoc,DishEntity
dish:rau_muong_xao,DishEntity
dish:rau_muong_xao_spinach_sauteed_garlic,DishEntity
dish:rau_ngong_cai_xao,DishEntity
dish:rau_xao,DishEntity
dish:rau_xao_nam_bach_linh,DishEntity
dish:rau_xao_toi,DishEntity
dish:red_velvet_kem_cheese,DishEntity
dish:ruoc_thit_nguyen_chat_100gr,DishEntity
dish:salad_bap_cai,DishEntity
dish:salad_ga_hun_khoi,DishEntity
dish:salad_ga_sot_cajun,DishEntity
dish:salad_hat_ga_vien,DishEntity
dish:salad_hoa_qua,DishEntity
dish:salad_kombo,DishEntity
dish:salad_nhiet_doi,DishEntity
dish:set_10_nem_chua_ran,DishEntity
dish:set_2_goi_cuon_bap_gio_heo,DishEntity
dish:set_2_goi_cuon_bo_xao_mem,DishEntity
dish:set_2_goi_cuon_nem_nuong_nha_trang,DishEntity
dish:set_2_goi_cuon_tom_thit,DishEntity
dish:set_2_goi_cuon_tom_to,DishEntity
dish:set_3_goi_com_chay_mam_hanh,DishEntity
dish:set_5_goi_cuon_bap_gio_heo_rut_xuong,DishEntity
dish:set_5_goi_cuon_bo,DishEntity
dish:set_5_goi_cuon_bo_xao_mem_mong,DishEntity
dish:set_5_goi_cuon_mix_vi,DishEntity
dish:set_5_goi_cuon_nem_nuong_nha_trang,DishEntity
dish:set_5_goi_cuon_thap_cam,DishEntity
dish:set_5_goi_cuon_thit_heo,DishEntity
dish:set_5_goi_cuon_to_to,DishEntity
dish:set_5_goi_cuon_tom,DishEntity
dish:set_5_goi_cuon_tom_thit,DishEntity
dish:set_5_pho_mai_que,DishEntity
dish:set_an_vat,DishEntity
dish:set_burger_ga_gion_truyen_thong,DishEntity
dish:set_burger_ga_nuong,DishEntity
dish:set_burger_tom,DishEntity
dish:set_ga_khoai_co_don_must_try,DishEntity
dish:set_lanh_my_heo_xay_sot_xa_xiu_co_gia_vi,DishEntity
dish:set_lanh_my_y_sot_bo_bam_co_gia_vi,DishEntity
dish:set_lanh_nui_ca_hoi_sot_pho_mai_co_gia_vi,DishEntity
dish:set_lanh_nui_sot_kem_tom_co_gia_vi,DishEntity
dish:set_lanh_nui_sot_tom_bo_co_gia_vi,DishEntity
dish:sieu_kem_trung_banh_mi_nuong_1_suat_3_trung_2_banh,DishEntity
dish:sieu_kem_trung_cacao_banh_mi_nuong_1_suat_3_trung_2_banh,DishEntity
dish:sinh_han,DishEntity
dish:sinh_to_bo,DishEntity
dish:sinh_to_dau,DishEntity
dish:sinh_to_mix_bo_xoai,DishEntity
dish:sinh_to_viet_quat,DishEntity
dish:sinh_to_xoai,DishEntity
dish:soda_bac_ha,DishEntity
dish:sot_vang,DishEntity
dish:sua_chua_phomai_nuong_500ml,DishEntity
dish:sua_tuoi_tran_trau_duong_den,DishEntity
dish:suat_bun_nem_ran,DishEntity
dish:suat_double_1_phan_nuong_sot_1_phan_muoi_ot,DishEntity
dish:sui_cao_chien_sl_10,DishEntity
dish:sukem_truyen_thong,DishEntity
dish:sukem_vo_gion,DishEntity
dish:suon_chua_ngot_sweet_and_sour_pork,DishEntity
dish:suon_nuong_vi_toi_grilled_ribs_with_garlic_flavor,DishEntity
dish:suon_sun_non_nuong,DishEntity
dish:suon_xao_chua_ngot,DishEntity
dish:sup_kgv_dui_heo_dau_do,DishEntity
dish:sup_kgv_ga_hat_sen_quinoa,DishEntity
dish:sup_kgv_suon_dau_ngu_bi_do,DishEntity
dish:sup_kgv_tom_dau_lang_yen_mach,DishEntity
dish:sup_lo_xao_nam,DishEntity
dish:sup_tho_kgv_bo_cau_quinoa,DishEntity
dish:sup_tho_kgv_ca_hoi_dau_lang,DishEntity
dish:sup_tho_kgv_luon_nam_dong_co,DishEntity
dish:sup_tho_kgv_suon_nui,DishEntity
dish:sup_tho_kgv_tom_rong_bien,DishEntity
dish:tai_chin,DishEntity
dish:tai_lan,DishEntity
dish:tai_nam,DishEntity
dish:tai_sot_vang,DishEntity
dish:tao_pho_thach_chan_chau,DishEntity
dish:thach_den_nha_lam,DishEntity
dish:thach_gang_nuoc_duong_hoa_nhai,DishEntity
dish:thanh_cua_3_mieng,DishEntity
dish:them_bun,DishEntity
dish:thit_ba_chi,DishEntity
dish:thit_ba_chi_quay,DishEntity
dish:thit_ba_chi_rang_chay_canh,DishEntity
dish:thit_bam_ngo_dau,DishEntity
dish:thit_bo,DishEntity
dish:thit_bo_xao_can_toi_ko_bao_gom_com_an_them,DishEntity
dish:thit_boc_trung_cut_xot_xiu_mai,DishEntity
dish:thit_chan_gio_luoc,DishEntity
dish:thit_chien_chua_ngot_han_quoc,DishEntity
dish:thit_cot_let,DishEntity
dish:thit_cot_let_thit_nac_vai_dau_gion,DishEntity
dish:thit_heo_quay_gion_bi_thom_nuc_no,DishEntity
dish:thit_kho_tau,DishEntity
dish:thit_kho_tau_braised_pork_meat,DishEntity
dish:thit_kho_tau_trung,DishEntity
dish:thit_nuong_1_lang,DishEntity
dish:thit_nuong_2_suat_nhieu_thit,DishEntity
dish:thit_nuong_gieng,DishEntity
dish:thit_quay_roast_pork_meat,DishEntity
dish:thit_rang_chay_canh,DishEntity
dish:thit_rang_mam_tep,DishEntity
dish:thit_rang_xem_canh,DishEntity
dish:thit_xa_xiu_hong_kong,DishEntity
dish:thit_xien_nuong,DishEntity
dish:tien_loi_53k,DishEntity
dish:tien_loi_59k,DishEntity
dish:tien_loi_70k,DishEntity
dish:tim,DishEntity
dish:tim_ga_tan_ngai_cuu_chuan_vi_thuoc_bac_kem_mang_ot_sieu_ngon,DishEntity
dish:tim_tan_ngai_cuu,DishEntity
dish:tiramisu_mix_2_vi_1l,DishEntity
dish:to_dac_biet,DishEntity
dish:tok_ga,DishEntity
dish:tokboki_lac_phomai,DishEntity
dish:tokboki_xao_cay,DishEntity
dish:tokboki_xao_phomai,DishEntity
dish:tokbokki_cha_ca_han_quoc,DishEntity
dish:tokbokki_hot,DishEntity
dish:tokbokki_lac_pho_mai,DishEntity
dish:tokbokki_pho_mai,DishEntity
dish:tokbokki_sot_pho_mai_cay,DishEntity
dish:tokbokki_sot_phomai_hot,DishEntity
dish:tokbokki_sot_rose,DishEntity
dish:tokbokki_sot_rose_cay,DishEntity
dish:tokbokki_truyen_thong,DishEntity
dish:tom_boc_rang_roasted_shrimp,DishEntity
dish:tom_rang,DishEntity
dish:tom_rang_thit_an_them_ko_kem_com,DishEntity
dish:top_mo_cay_gion,DishEntity
dish:top_mo_chien_gion,DishEntity
dish:trang_trung_tran,DishEntity
dish:tre_tron_da_nang,DishEntity
dish:trung_chien,DishEntity
dish:trung_cut_kho_sot,DishEntity
dish:trung_cut_lac,DishEntity
dish:trung_hap,DishEntity
dish:trung_op_2_qua,DishEntity
dish:trung_ran_2_mieng,DishEntity
dish:trung_ran_la_mo,DishEntity
dish:trung_ran_ngai_cuu,DishEntity
dish:trung_ran_ngu_sac,DishEntity
dish:trung_vit_lon_ngai_cuu_chuan_vi_thuoc_bac_kem_mang_ot_sieu_ngon,DishEntity
dish:uc_ga_rut_xuong_chien_tokbokki_sot_cay_ngot_size_nho_2_nguoi,DishEntity
dish:uu_dai_thang_05,DishEntity
dish:vien_chien_sl_30_vien,DishEntity
dish:vien_hai_san_sot_phomai,DishEntity
dish:vien_hinh_tom_sui_cao_muc_xoan_sl_10,DishEntity
dish:vit_cay_thiet_ban,DishEntity
dish:vit_hap,DishEntity
dish:vit_hap_sot_nam,DishEntity
dish:vit_om_bja_bun,DishEntity
dish:vit_om_dua_bun,DishEntity
dish:vit_quay_bac_kinh_chuan_vi,DishEntity
dish:vit_quay_bac_kinh_rut_xuong_thiet_ban,DishEntity
dish:vit_quay_ca_con_nho,DishEntity
dish:vit_quay_ca_con_to,DishEntity
dish:vit_quay_nua_con_nho,DishEntity
dish:vit_quay_nua_con_to,DishEntity
dish:vit_rang_muoi,DishEntity
dish:vit_rut_xuong_ap_chao_chay_toi,DishEntity
dish:vit_tron_kieu_thai,DishEntity
dish:vo_chien_phong_dat_cung_pho_cuon,DishEntity
dish:xao_tim_cat,DishEntity
dish:xien_ga_dao_vang_2_xien,DishEntity
dish:xoai_bo_kho,DishEntity
dish:xoi_chien_boc_nguyen_dui_ga,DishEntity
dish:xoi_chien_nhan_dui_ga_xe,DishEntity
dish:xoi_ga_canh,DishEntity
dish:xoi_ga_dui,DishEntity
dish:xoi_ga_lan,DishEntity
dish:xoi_ga_lung,DishEntity
dish:xoi_ga_luon,DishEntity
dish:xoi_vit_quay_nhieu_thit,DishEntity
dish:xuc_xich_chien_10_chiec,DishEntity
dish:xuc_xich_chien_2_cai,DishEntity
dish:xuc_xich_chien_5_chiec,DishEntity
dish:xuc_xich_ran_5_chiec,DishEntity
menu_category:01_chao_tuoi_hang_ngay_co_set_nhan,MenuCategory
menu_category:02_1_bun_pho_khong_gia_vi_co_nau_nong_ho,MenuCategory
menu_category:02_my_nui_sieu_ngon_co_gia_vi,MenuCategory
menu_category:03_sup_dinh_duong_co_nau_nong_ho,MenuCategory
menu_category:04_mon_tho_an_com_co_gia_vi,MenuCategory
menu_category:05_nhan_chao_heo_bo_suon,MenuCategory
menu_category:06_nhan_chao_gia_cam,MenuCategory
menu_category:07_nhan_chao_thuy_hai_san,MenuCategory
menu_category:100_ga_tuoi_mien_phi_doi_tra,MenuCategory
menu_category:an_tha_ga_cung_cocacola,MenuCategory
menu_category:an_vat,MenuCategory
menu_category:banh_cuon,MenuCategory
menu_category:banh_cuon_cao_bang,MenuCategory
menu_category:banh_cuon_cham,MenuCategory
menu_category:banh_cuon_khong_kem_cha,MenuCategory
menu_category:banh_cuon_ngon_xiu_ai_an_cung_ghien,MenuCategory
menu_category:banh_cuon_phu_ly_bun_cha,MenuCategory
menu_category:banh_da,MenuCategory
menu_category:banh_la_rang_bua_thanh_hoa,MenuCategory
menu_category:banh_mi_kep,MenuCategory
menu_category:banh_mi_muoi_ot_nuong_sot,MenuCategory
menu_category:banh_mi_sot_vang,MenuCategory
menu_category:banh_trang,MenuCategory
menu_category:banh_trang_cuon,MenuCategory
menu_category:banh_trang_phoi_suong,MenuCategory
menu_category:banh_trang_tron,MenuCategory
menu_category:bboom_cheese_ga_gion_4_vi_pho_mai,MenuCategory
menu_category:befoood,MenuCategory
menu_category:best_seller,MenuCategory
menu_category:bo,MenuCategory
menu_category:bong_lan,MenuCategory
menu_category:bun,MenuCategory
menu_category:bun_banh_da_ca_cha_bo,MenuCategory
menu_category:bun_bo_bien,MenuCategory
menu_category:bun_bo_hue,MenuCategory
menu_category:bun_bo_hue_chuan_vi_hue,MenuCategory
menu_category:bun_bo_hue_duy_nhat,MenuCategory
menu_category:bun_ca_trai_cay,MenuCategory
menu_category:bun_cha,MenuCategory
menu_category:bun_cha_ha_noi,MenuCategory
menu_category:bun_chanh_day_bo_viet,MenuCategory
menu_category:bun_dau,MenuCategory
menu_category:bun_gia_cay,MenuCategory
menu_category:bun_hai_san_bun_ca_cay,MenuCategory
menu_category:bun_hai_san_hoa_qua,MenuCategory
menu_category:bun_mien,MenuCategory
menu_category:bun_mien_pho,MenuCategory
menu_category:bun_thai,MenuCategory
menu_category:bun_tron,MenuCategory
menu_category:bun_tron_nam_bo,MenuCategory
menu_category:bung_mood_cung_banh_quy_bo_sot_cam,MenuCategory
menu_category:burger,MenuCategory
menu_category:burger_com_mi_y,MenuCategory
menu_category:burger_combo_value,MenuCategory
menu_category:burger_dam_da_mam_la_me_ly,MenuCategory
menu_category:burger_hotdog,MenuCategory
menu_category:cac_mon_chan,MenuCategory
menu_category:cac_mon_chinh,MenuCategory
menu_category:cac_mon_com,MenuCategory
menu_category:cac_mon_rau,MenuCategory
menu_category:cac_mon_tan_ngai_cuu,MenuCategory
menu_category:cac_mon_tron,MenuCategory
menu_category:cac_mon_xao,MenuCategory
menu_category:cac_mon_xao_ban_tu_10h_trua_23h,MenuCategory
menu_category:canh,MenuCategory
menu_category:canh_ga_chien,MenuCategory
menu_category:chan_com_them_tteokbokki,MenuCategory
menu_category:chan_ga_rut_xuong,MenuCategory
menu_category:chan_ga_rut_xuong_xa_ot,MenuCategory
menu_category:chan_ga_tuoi_ngon,MenuCategory
menu_category:chao,MenuCategory
menu_category:che,MenuCategory
menu_category:cheese_balls,MenuCategory
menu_category:chicken_chicken_set,MenuCategory
menu_category:chim_quay_ga_tan,MenuCategory
menu_category:com,MenuCategory
menu_category:com_ba_chi_rut_suon,MenuCategory
menu_category:com_bo,MenuCategory
menu_category:com_chay_mam_hanh,MenuCategory
menu_category:com_chien,MenuCategory
menu_category:com_cocacola,MenuCategory
menu_category:com_dac_biet,MenuCategory
menu_category:com_dao,MenuCategory
menu_category:com_dao_ga_ran,MenuCategory
menu_category:com_dui_ga_roti,MenuCategory
menu_category:com_ga,MenuCategory
menu_category:com_ga_com_goc_tu,MenuCategory
menu_category:com_ga_guu_chicken,MenuCategory
menu_category:com_ga_guu_chicken_com_goc_tu,MenuCategory
menu_category:com_ga_hoi_an,MenuCategory
menu_category:com_ga_lon,MenuCategory
menu_category:com_ga_nho,MenuCategory
menu_category:com_ga_vua,MenuCategory
menu_category:com_my,MenuCategory
menu_category:com_ngon,MenuCategory
menu_category:com_ngon_ca_ngay,MenuCategory
menu_category:com_ngon_no_bung,MenuCategory
menu_category:com_nieu_singapore_kombo,MenuCategory
menu_category:com_que_no_ne,MenuCategory
menu_category:com_rang,MenuCategory
menu_category:com_rang_2_trong_1,MenuCategory
menu_category:com_rang_ban_buoi_trua,MenuCategory
menu_category:com_rang_ban_tu_10h_trua_23h,MenuCategory
menu_category:com_rang_chien,MenuCategory
menu_category:com_rang_dinh_cao,MenuCategory
menu_category:com_rang_duy_nhat,MenuCategory
menu_category:com_rang_gia_truyen_nam_dinh,MenuCategory
menu_category:com_rang_gion,MenuCategory
menu_category:com_rang_khac,MenuCategory
menu_category:com_rang_mi,MenuCategory
menu_category:com_rang_mi_xao,MenuCategory
menu_category:com_rang_my_pho_xao,MenuCategory
menu_category:com_rang_nhat_ban,MenuCategory
menu_category:com_rang_pho_bo,MenuCategory
menu_category:com_rang_q35,MenuCategory
menu_category:com_rang_thap_cam_truyen_thong,MenuCategory
menu_category:com_rang_theo_mua_seasonal_menu,MenuCategory
menu_category:com_sieu_tiet_kiem,MenuCategory
menu_category:com_suat,MenuCategory
menu_category:com_suat_dong_gia,MenuCategory
menu_category:com_suon,MenuCategory
menu_category:com_tam,MenuCategory
menu_category:com_tam_ba_chi_nuong,MenuCategory
menu_category:com_tam_best_seller,MenuCategory
menu_category:com_tam_ma_heo_nuong,MenuCategory
menu_category:com_tam_sai_gon,MenuCategory
menu_category:com_tam_suon_cot_let,MenuCategory
menu_category:com_tam_suon_delichi,MenuCategory
menu_category:com_tam_thit_ba_roi,MenuCategory
menu_category:com_thit_heo,MenuCategory
menu_category:com_tiet_kiem,MenuCategory
menu_category:com_trang,MenuCategory
menu_category:com_trang_ga_ran,MenuCategory
menu_category:com_van_phong,MenuCategory
menu_category:com_van_phong_delichi,MenuCategory
menu_category:com_vi_nha_nau_thay_doi_theo_ngay,MenuCategory
menu_category:com_vip,MenuCategory
menu_category:combo,MenuCategory
menu_category:combo_1_nguoi_sieu_tk,MenuCategory
menu_category:combo_2_nguoi,MenuCategory
menu_category:combo_2_nguoi_sieu_hoi,MenuCategory
menu_category:combo_5_suat,MenuCategory
menu_category:combo_an_nhe_no_vua_du,MenuCategory
menu_category:combo_an_no,MenuCategory
menu_category:combo_coca,MenuCategory
menu_category:combo_com_dot,MenuCategory
menu_category:combo_cuc_ta_cuc_tac,MenuCategory
menu_category:combo_cung_coca,MenuCategory
menu_category:combo_cung_coca_an_cang_daa,MenuCategory
menu_category:combo_cung_coca_cola,MenuCategory
menu_category:combo_cung_cocacola_70000,MenuCategory
menu_category:combo_cung_coke,MenuCategory
menu_category:combo_dong_gia,MenuCategory
menu_category:combo_ga,MenuCategory
menu_category:combo_ga_ran,MenuCategory
menu_category:combo_ga_ran_khoai_tay,MenuCategory
menu_category:combo_gia_tot,MenuCategory
menu_category:combo_giai_khat_cung_pepsi,MenuCategory
menu_category:combo_mi_y,MenuCategory
menu_category:combo_osechi,MenuCategory
menu_category:combo_q35,MenuCategory
menu_category:combo_tiet_kiem,MenuCategory
menu_category:combo_uu_dai_soc,MenuCategory
menu_category:combo_vui_ve,MenuCategory
menu_category:combo_xom,MenuCategory
menu_category:cung_coca_cola,MenuCategory
menu_category:da_ga_chien,MenuCategory
menu_category:da_qua_pepsi_oi,MenuCategory
menu_category:daa_qua_pepsi_oi,MenuCategory
menu_category:dai_tiec_bo_toi_va_thao_moc,MenuCategory
menu_category:dau_phu,MenuCategory
menu_category:deal_befood_tro_gia_sl_co_han,MenuCategory
menu_category:deal_hoi_20_5,MenuCategory
menu_category:diem_tam,MenuCategory
menu_category:do_an,MenuCategory
menu_category:do_an_60000_d,MenuCategory
menu_category:do_an_vat,MenuCategory
menu_category:do_an_vat_banh_ran_man_100,MenuCategory
menu_category:do_au,MenuCategory
menu_category:do_chay,MenuCategory
menu_category:do_khac,MenuCategory
menu_category:do_xao,MenuCategory
menu_category:dui_canh,MenuCategory
menu_category:dui_ga_canh_ga,MenuCategory
menu_category:dui_ga_chien,MenuCategory
menu_category:ga,MenuCategory
menu_category:ga_1_con,MenuCategory
menu_category:ga_cau_vong_7_sac,MenuCategory
menu_category:ga_co_xuong_ga_loc_xuong,MenuCategory
menu_category:ga_coc,MenuCategory
menu_category:ga_dinh_banh_ngon_dong_gia_119k,MenuCategory
menu_category:ga_gion,MenuCategory
menu_category:ga_gion_khong_xuong_khuyu_canh_ga,MenuCategory
menu_category:ga_gion_tuoi_cuoi_gion_tan_best_seller,MenuCategory
menu_category:ga_khong_xuong,MenuCategory
menu_category:ga_lac_pho_mai,MenuCategory
menu_category:ga_mat_ong_xi_dau,MenuCategory
menu_category:ga_nguyen_con,MenuCategory
menu_category:ga_nua_con,MenuCategory
menu_category:ga_pepsi,MenuCategory
menu_category:ga_phu_pho_mai_tuyet,MenuCategory
menu_category:ga_phu_sot_kem_hanh,MenuCategory
menu_category:ga_phu_sot_trung_muoi_kim_sa,MenuCategory
menu_category:ga_popcorn,MenuCategory
menu_category:ga_popcorn_size_lon,MenuCategory
menu_category:ga_ran,MenuCategory
menu_category:ga_ran_combo,MenuCategory
menu_category:ga_ran_dam_sot_doc_ban,MenuCategory
menu_category:ga_ran_ga_quay,MenuCategory
menu_category:ga_ran_ga_sot,MenuCategory
menu_category:ga_ran_ga_sot_guu_chicken,MenuCategory
menu_category:ga_ran_gion_rum,MenuCategory
menu_category:ga_ran_gionnnn,MenuCategory
menu_category:ga_ran_kimbap,MenuCategory
menu_category:ga_ran_mix_sot_hot,MenuCategory
menu_category:ga_ran_nguyen_ban_3_vi_sot,MenuCategory
menu_category:ga_ran_nua_con,MenuCategory
menu_category:ga_ri_tuoi_ngon,MenuCategory
menu_category:ga_rut_xuong,MenuCategory
menu_category:ga_sot_cay,MenuCategory
menu_category:ga_sot_combo,MenuCategory
menu_category:ga_sot_dam_da,MenuCategory
menu_category:ga_sot_dam_da_khong_xuong,MenuCategory
menu_category:ga_sot_han,MenuCategory
menu_category:ga_sot_kem_hanh,MenuCategory
menu_category:ga_sot_me_cay,MenuCategory
menu_category:ga_sot_pho_mai,MenuCategory
menu_category:ga_sot_phomai_cay,MenuCategory
menu_category:ga_suat_lon,MenuCategory
menu_category:ga_suat_nho,MenuCategory
menu_category:ga_tam_nc_mam,MenuCategory
menu_category:ga_tuoi_100_dam_sot,MenuCategory
menu_category:ga_u_muoi_hoa_tieu,MenuCategory
menu_category:ga_u_muoi_tieu,MenuCategory
menu_category:ga_vien,MenuCategory
menu_category:ga_xao_han_quoc,MenuCategory
menu_category:ga_xe_tay,MenuCategory
menu_category:giai_khat,MenuCategory
menu_category:goi_cuon_healthy,MenuCategory
menu_category:goi_cuon_pho_cuon,MenuCategory
menu_category:hai_san,MenuCategory
menu_category:he_ruc_ro_deal_re_het_co,MenuCategory
menu_category:hot_deal,MenuCategory
menu_category:inactive,MenuCategory
menu_category:k_food_chuan_vi,MenuCategory
menu_category:kem_trung,MenuCategory
menu_category:khai_vi,MenuCategory
menu_category:khoai_tay_chien,MenuCategory
menu_category:khuay_dao_mua_he_kfc_tung_deal,MenuCategory
menu_category:korea_in_a_box,MenuCategory
menu_category:lau_tokbokki_han_quoc,MenuCategory
menu_category:mang_di_tien_loi,MenuCategory
menu_category:me_com_me_canh,MenuCategory
menu_category:me_kimbap,MenuCategory
menu_category:me_my_me_mien,MenuCategory
menu_category:mega_sale_dong_gia_67k,MenuCategory
menu_category:menu,MenuCategory
menu_category:menu_chinh,MenuCategory
menu_category:menu_mon,MenuCategory
menu_category:mi,MenuCategory
menu_category:mi_cay,MenuCategory
menu_category:mi_cay_tokbokki,MenuCategory
menu_category:mi_indomie_ga_ran,MenuCategory
menu_category:mi_thai,MenuCategory
menu_category:mi_tim_cat_chua_cay,MenuCategory
menu_category:mi_tom,MenuCategory
menu_category:mi_tron,MenuCategory
menu_category:mi_tron_mi_y_nui,MenuCategory
menu_category:mi_xao,MenuCategory
menu_category:mi_y_salad,MenuCategory
menu_category:mi_y_sot_bo_bam,MenuCategory
menu_category:mien,MenuCategory
menu_category:mien_tron,MenuCategory
menu_category:mien_xao,MenuCategory
menu_category:mix_nua_con_coca,MenuCategory
menu_category:mon_an_choi,MenuCategory
menu_category:mon_an_choi_nhau,MenuCategory
menu_category:mon_an_ngon_khong_kem_theo_com_canh,MenuCategory
menu_category:mon_an_nhanh,MenuCategory
menu_category:mon_an_vat,MenuCategory
menu_category:mon_au_tron_bua,MenuCategory
menu_category:mon_ban_chay,MenuCategory
menu_category:mon_bun,MenuCategory
menu_category:mon_canh_rau,MenuCategory
menu_category:mon_chay_chuong_trinh,MenuCategory
menu_category:mon_chien_ran,MenuCategory
menu_category:mon_chinh,MenuCategory
menu_category:mon_com_xoi_canh,MenuCategory
menu_category:mon_dang_giam,MenuCategory
menu_category:mon_dinh,MenuCategory
menu_category:mon_hot,MenuCategory
menu_category:mon_kem,MenuCategory
menu_category:mon_khac,MenuCategory
menu_category:mon_lau,MenuCategory
menu_category:mon_moi,MenuCategory
menu_category:mon_moi_ca_ri_nhat,MenuCategory
menu_category:mon_moi_miesofood,MenuCategory
menu_category:mon_moi_mua_he,MenuCategory
menu_category:mon_moi_nen_thu_ga_xot_mam_toi,MenuCategory
menu_category:mon_ngan,MenuCategory
menu_category:mon_ngon_cung_coca_cola,MenuCategory
menu_category:mon_ngon_dang_khuyen_mai,MenuCategory
menu_category:mon_ngon_tang_coca,MenuCategory
menu_category:mon_nhau,MenuCategory
menu_category:mon_nuong,MenuCategory
menu_category:mon_phai_thu,MenuCategory
menu_category:mon_pho,MenuCategory
menu_category:mon_rau,MenuCategory
menu_category:mon_salad,MenuCategory
menu_category:mon_vit_quay,MenuCategory
menu_category:mon_xao,MenuCategory
menu_category:mua_nhieu_cang_re,MenuCategory
menu_category:my,MenuCategory
menu_category:my_cay_7_cap_do,MenuCategory
menu_category:my_cay_guu_chicken,MenuCategory
menu_category:my_mien,MenuCategory
menu_category:my_quang,MenuCategory
menu_category:my_tom,MenuCategory
menu_category:my_tron,MenuCategory
menu_category:my_tron_indomie,MenuCategory
menu_category:my_y,MenuCategory
menu_category:my_y_chuan_vi_com_ga_gion_ngon,MenuCategory
menu_category:my_y_combo,MenuCategory
menu_category:my_y_sot_bo_bam,MenuCategory
menu_category:nhom_com_cari_nhat_curry_rice,MenuCategory
menu_category:nhom_com_nhat_com_chien_xu_mon_chinh,MenuCategory
menu_category:nuong_ngon_dam_vi,MenuCategory
menu_category:pepsi_cuc_da_quan_cuc_chat,MenuCategory
menu_category:phan_an_tien_loi,MenuCategory
menu_category:pho,MenuCategory
menu_category:pho_bap,MenuCategory
menu_category:pho_bo,MenuCategory
menu_category:pho_bo_gia_truyen,MenuCategory
menu_category:pho_bun_mi,MenuCategory
menu_category:pho_bun_mien,MenuCategory
menu_category:pho_bun_vit_quay,MenuCategory
menu_category:pho_chin,MenuCategory
menu_category:pho_cuon,MenuCategory
menu_category:pho_ga,MenuCategory
menu_category:pho_gan,MenuCategory
menu_category:pho_loi,MenuCategory
menu_category:pho_mi_xao_an_vao_ngat_ngay,MenuCategory
menu_category:pho_my_xao,MenuCategory
menu_category:pho_sot_vang,MenuCategory
menu_category:pho_tai,MenuCategory
menu_category:pho_tron,MenuCategory
menu_category:pho_xao,MenuCategory
menu_category:pho_xao_mi_xao,MenuCategory
menu_category:piza_combo,MenuCategory
menu_category:popcorn,MenuCategory
menu_category:popcorn_size_m,MenuCategory
menu_category:popcorn_size_s,MenuCategory
menu_category:rau,MenuCategory
menu_category:rau_xao_ca_muoi,MenuCategory
menu_category:rice_spaghetti,MenuCategory
menu_category:set_com_1_nguoi,MenuCategory
menu_category:set_ga,MenuCategory
menu_category:side,MenuCategory
menu_category:sieu_tiec_luong_ve,MenuCategory
menu_category:sinh_to_da_lat,MenuCategory
menu_category:thang_5_deal_ngon,MenuCategory
menu_category:thit_lon,MenuCategory
menu_category:thuc_an_nhe,MenuCategory
menu_category:thuc_don,MenuCategory
menu_category:thuc_uong,MenuCategory
menu_category:tokbokki,MenuCategory
menu_category:trai_cay,MenuCategory
menu_category:trang_mieng,MenuCategory
menu_category:tron,MenuCategory
menu_category:u_me_goi_cuon,MenuCategory
menu_category:u_me_tron,MenuCategory
menu_category:uu_dai_combo,MenuCategory
menu_category:uu_dai_dac_biet,MenuCategory
menu_category:uu_dai_delichi,MenuCategory
menu_category:uu_dai_doc_quyen,MenuCategory
menu_category:uu_dai_hot,MenuCategory
menu_category:vit_chien_ap_chao,MenuCategory
menu_category:vit_hap,MenuCategory
menu_category:vit_rut_xuong,MenuCategory
menu_category:xa_xiu,MenuCategory
menu_category:xien_que_chien,MenuCategory
menu_category:xoi,MenuCategory
menu_category:xoi_bun_pho,MenuCategory
menu_category:xoi_chien,MenuCategory
menu_category:xoi_xeo_ga,MenuCategory
menu_item:10048718,MenuItem
menu_item:10048719,MenuItem
menu_item:10048720,MenuItem
menu_item:10048721,MenuItem
menu_item:1005079,MenuItem
menu_item:1005080,MenuItem
menu_item:1005081,MenuItem
menu_item:1005082,MenuItem
menu_item:1005084,MenuItem
menu_item:1005085,MenuItem
menu_item:1005086,MenuItem
menu_item:1005087,MenuItem
menu_item:1005089,MenuItem
menu_item:1005090,MenuItem
menu_item:1005091,MenuItem
menu_item:1005092,MenuItem
menu_item:1005093,MenuItem
menu_item:1005094,MenuItem
menu_item:1005095,MenuItem
menu_item:1005097,MenuItem
menu_item:1005099,MenuItem
menu_item:1005102,MenuItem
menu_item:1005103,MenuItem
menu_item:1005104,MenuItem
menu_item:1005105,MenuItem
menu_item:1005106,MenuItem
menu_item:1005107,MenuItem
menu_item:1005110,MenuItem
menu_item:1005111,MenuItem
menu_item:1005113,MenuItem
menu_item:1005114,MenuItem
menu_item:1005115,MenuItem
menu_item:1005116,MenuItem
menu_item:1005117,MenuItem
menu_item:1005118,MenuItem
menu_item:1005119,MenuItem
menu_item:1005120,MenuItem
menu_item:1005121,MenuItem
menu_item:1005123,MenuItem
menu_item:10067910,MenuItem
menu_item:10125345,MenuItem
menu_item:10125346,MenuItem
menu_item:10125347,MenuItem
menu_item:10125348,MenuItem
menu_item:10125602,MenuItem
menu_item:10125603,MenuItem
menu_item:10125604,MenuItem
menu_item:10125605,MenuItem
menu_item:10125606,MenuItem
menu_item:10125607,MenuItem
menu_item:10125608,MenuItem
menu_item:10125609,MenuItem
menu_item:10125610,MenuItem
menu_item:10131482,MenuItem
menu_item:10131534,MenuItem
menu_item:10134301,MenuItem
menu_item:10134303,MenuItem
menu_item:10135546,MenuItem
menu_item:10135547,MenuItem
menu_item:10138513,MenuItem
menu_item:1016490,MenuItem
menu_item:1016494,MenuItem
menu_item:1016548,MenuItem
menu_item:10171396,MenuItem
menu_item:10171397,MenuItem
menu_item:10171398,MenuItem
menu_item:10171399,MenuItem
menu_item:10171400,MenuItem
menu_item:10171401,MenuItem
menu_item:10171402,MenuItem
menu_item:10171403,MenuItem
menu_item:10171404,MenuItem
menu_item:10171405,MenuItem
menu_item:10171406,MenuItem
menu_item:10171407,MenuItem
menu_item:10171409,MenuItem
menu_item:10171410,MenuItem
menu_item:1018221,MenuItem
menu_item:1018226,MenuItem
menu_item:10182888,MenuItem
menu_item:10182896,MenuItem
menu_item:10182905,MenuItem
menu_item:10182915,MenuItem
menu_item:10182917,MenuItem
menu_item:10188675,MenuItem
menu_item:10188794,MenuItem
menu_item:10189571,MenuItem
menu_item:10189575,MenuItem
menu_item:10189576,MenuItem
menu_item:10214603,MenuItem
menu_item:10214605,MenuItem
menu_item:10214607,MenuItem
menu_item:10250557,MenuItem
menu_item:10258497,MenuItem
menu_item:10271205,MenuItem
menu_item:10281161,MenuItem
menu_item:10281162,MenuItem
menu_item:10281163,MenuItem
menu_item:10281409,MenuItem
menu_item:10317624,MenuItem
menu_item:10317636,MenuItem
menu_item:1032217,MenuItem
menu_item:1032223,MenuItem
menu_item:1032227,MenuItem
menu_item:10331123,MenuItem
menu_item:10360352,MenuItem
menu_item:1037625,MenuItem
menu_item:1037626,MenuItem
menu_item:1037627,MenuItem
menu_item:10409106,MenuItem
menu_item:10410092,MenuItem
menu_item:10411810,MenuItem
menu_item:10412988,MenuItem
menu_item:10412994,MenuItem
menu_item:10426780,MenuItem
menu_item:1043585,MenuItem
menu_item:10436341,MenuItem
menu_item:10436346,MenuItem
menu_item:10436399,MenuItem
menu_item:10436407,MenuItem
menu_item:10436429,MenuItem
menu_item:10436431,MenuItem
menu_item:10438154,MenuItem
menu_item:10438177,MenuItem
menu_item:10438465,MenuItem
menu_item:10438603,MenuItem
menu_item:10438615,MenuItem
menu_item:10451137,MenuItem
menu_item:10451371,MenuItem
menu_item:10451377,MenuItem
menu_item:10451391,MenuItem
menu_item:10451399,MenuItem
menu_item:10451406,MenuItem
menu_item:10451410,MenuItem
menu_item:1045573,MenuItem
menu_item:1045574,MenuItem
menu_item:10481158,MenuItem
menu_item:10483471,MenuItem
menu_item:10485719,MenuItem
menu_item:10485723,MenuItem
menu_item:10485727,MenuItem
menu_item:10485730,MenuItem
menu_item:10485735,MenuItem
menu_item:10485737,MenuItem
menu_item:10485741,MenuItem
menu_item:10485750,MenuItem
menu_item:10485752,MenuItem
menu_item:10485754,MenuItem
menu_item:10485756,MenuItem
menu_item:10485761,MenuItem
menu_item:1049131,MenuItem
menu_item:1049132,MenuItem
menu_item:1049133,MenuItem
menu_item:1049134,MenuItem
menu_item:1049135,MenuItem
menu_item:1049139,MenuItem
menu_item:1049140,MenuItem
menu_item:1049174,MenuItem
menu_item:10502225,MenuItem
menu_item:1053280,MenuItem
menu_item:1053285,MenuItem
menu_item:10533659,MenuItem
menu_item:10548078,MenuItem
menu_item:10570424,MenuItem
menu_item:10570425,MenuItem
menu_item:10570426,MenuItem
menu_item:10570427,MenuItem
menu_item:10570428,MenuItem
menu_item:10570429,MenuItem
menu_item:10571165,MenuItem
menu_item:10571180,MenuItem
menu_item:10571191,MenuItem
menu_item:10575178,MenuItem
menu_item:10575179,MenuItem
menu_item:10575180,MenuItem
menu_item:10575181,MenuItem
menu_item:10575182,MenuItem
menu_item:10593524,MenuItem
menu_item:10593542,MenuItem
menu_item:10593546,MenuItem
menu_item:10593552,MenuItem
menu_item:10593558,MenuItem
menu_item:10593571,MenuItem
menu_item:10593575,MenuItem
menu_item:10593579,MenuItem
menu_item:10593583,MenuItem
menu_item:10593585,MenuItem
menu_item:10593587,MenuItem
menu_item:10593589,MenuItem
menu_item:10593603,MenuItem
menu_item:10597884,MenuItem
menu_item:10609567,MenuItem
menu_item:10616313,MenuItem
menu_item:10616314,MenuItem
menu_item:10616316,MenuItem
menu_item:10616317,MenuItem
menu_item:10616318,MenuItem
menu_item:10616319,MenuItem
menu_item:10616320,MenuItem
menu_item:10626545,MenuItem
menu_item:10626603,MenuItem
menu_item:10656401,MenuItem
menu_item:10657644,MenuItem
menu_item:10658039,MenuItem
menu_item:10669763,MenuItem
menu_item:10669764,MenuItem
menu_item:10669765,MenuItem
menu_item:10669766,MenuItem
menu_item:10669767,MenuItem
menu_item:10669768,MenuItem
menu_item:10669769,MenuItem
menu_item:10669770,MenuItem
menu_item:10669772,MenuItem
menu_item:10669781,MenuItem
menu_item:10669783,MenuItem
menu_item:10669790,MenuItem
menu_item:10670171,MenuItem
menu_item:10670363,MenuItem
menu_item:10670379,MenuItem
menu_item:10670495,MenuItem
menu_item:10679922,MenuItem
menu_item:10685727,MenuItem
menu_item:10685729,MenuItem
menu_item:10685730,MenuItem
menu_item:10685731,MenuItem
menu_item:10685733,MenuItem
menu_item:10685740,MenuItem
menu_item:10685741,MenuItem
menu_item:10685742,MenuItem
menu_item:10685743,MenuItem
menu_item:10736954,MenuItem
menu_item:10756244,MenuItem
menu_item:10783416,MenuItem
menu_item:10783434,MenuItem
menu_item:10783895,MenuItem
menu_item:10783918,MenuItem
menu_item:10804612,MenuItem
menu_item:10819092,MenuItem
menu_item:10819156,MenuItem
menu_item:10819936,MenuItem
menu_item:10819944,MenuItem
menu_item:10819948,MenuItem
menu_item:10819953,MenuItem
menu_item:10820555,MenuItem
menu_item:10820573,MenuItem
menu_item:10824232,MenuItem
menu_item:10824240,MenuItem
menu_item:10845574,MenuItem
menu_item:10845580,MenuItem
menu_item:10845588,MenuItem
menu_item:10845593,MenuItem
menu_item:10845602,MenuItem
menu_item:10845878,MenuItem
menu_item:10845882,MenuItem
menu_item:10845886,MenuItem
menu_item:10845890,MenuItem
menu_item:10845896,MenuItem
menu_item:10887101,MenuItem
menu_item:10897732,MenuItem
menu_item:10917632,MenuItem
menu_item:10917633,MenuItem
menu_item:10917635,MenuItem
menu_item:10917637,MenuItem
menu_item:10917638,MenuItem
menu_item:10917639,MenuItem
menu_item:10917640,MenuItem
menu_item:10917641,MenuItem
menu_item:10917644,MenuItem
menu_item:10917646,MenuItem
menu_item:10917647,MenuItem
menu_item:10917649,MenuItem
menu_item:10917650,MenuItem
menu_item:10917651,MenuItem
menu_item:10917653,MenuItem
menu_item:10917654,MenuItem
menu_item:10917655,MenuItem
menu_item:10917656,MenuItem
menu_item:10917657,MenuItem
menu_item:10917658,MenuItem
menu_item:10917660,MenuItem
menu_item:10917661,MenuItem
menu_item:10917662,MenuItem
menu_item:10917664,MenuItem
menu_item:10917665,MenuItem
menu_item:10917676,MenuItem
menu_item:10939343,MenuItem
menu_item:10951733,MenuItem
menu_item:10951735,MenuItem
menu_item:10951736,MenuItem
menu_item:10951737,MenuItem
menu_item:10951741,MenuItem
menu_item:10951742,MenuItem
menu_item:10951743,MenuItem
menu_item:10951745,MenuItem
menu_item:10951756,MenuItem
menu_item:10951761,MenuItem
menu_item:10951762,MenuItem
menu_item:10964980,MenuItem
menu_item:10964981,MenuItem
menu_item:10964982,MenuItem
menu_item:10993957,MenuItem
menu_item:10993981,MenuItem
menu_item:10993985,MenuItem
menu_item:10994000,MenuItem
menu_item:11006210,MenuItem
menu_item:11006248,MenuItem
menu_item:11006358,MenuItem
menu_item:11006373,MenuItem
menu_item:11006420,MenuItem
menu_item:11020631,MenuItem
menu_item:11020636,MenuItem
menu_item:11020637,MenuItem
menu_item:11024205,MenuItem
menu_item:11024245,MenuItem
menu_item:11024385,MenuItem
menu_item:11033543,MenuItem
menu_item:11033551,MenuItem
menu_item:11033581,MenuItem
menu_item:11033596,MenuItem
menu_item:11070333,MenuItem
menu_item:11070428,MenuItem
menu_item:11073587,MenuItem
menu_item:11078041,MenuItem
menu_item:11078067,MenuItem
menu_item:11078100,MenuItem
menu_item:11078110,MenuItem
menu_item:11078120,MenuItem
menu_item:11078122,MenuItem
menu_item:11078751,MenuItem
menu_item:11078753,MenuItem
menu_item:11078755,MenuItem
menu_item:11078758,MenuItem
menu_item:11078760,MenuItem
menu_item:11078763,MenuItem
menu_item:11082795,MenuItem
menu_item:11082798,MenuItem
menu_item:11083474,MenuItem
menu_item:11083837,MenuItem
menu_item:11083839,MenuItem
menu_item:11083841,MenuItem
menu_item:11083845,MenuItem
menu_item:11083847,MenuItem
menu_item:11083850,MenuItem
menu_item:11083856,MenuItem
menu_item:11084158,MenuItem
menu_item:11084162,MenuItem
menu_item:11084164,MenuItem
menu_item:11084166,MenuItem
menu_item:11084168,MenuItem
menu_item:11084170,MenuItem
menu_item:11084172,MenuItem
menu_item:11084174,MenuItem
menu_item:11084176,MenuItem
menu_item:11087682,MenuItem
menu_item:11087686,MenuItem
menu_item:11112325,MenuItem
menu_item:11112356,MenuItem
menu_item:11125832,MenuItem
menu_item:11127148,MenuItem
menu_item:11127149,MenuItem
menu_item:11127150,MenuItem
menu_item:11127151,MenuItem
menu_item:11127152,MenuItem
menu_item:11127159,MenuItem
menu_item:11127160,MenuItem
menu_item:11127161,MenuItem
menu_item:11127162,MenuItem
menu_item:11127163,MenuItem
menu_item:11127164,MenuItem
menu_item:11127165,MenuItem
menu_item:11127166,MenuItem
menu_item:11127167,MenuItem
menu_item:11127168,MenuItem
menu_item:11127169,MenuItem
menu_item:11127170,MenuItem
menu_item:11127172,MenuItem
menu_item:11127173,MenuItem
menu_item:11127183,MenuItem
menu_item:11127184,MenuItem
menu_item:11127185,MenuItem
menu_item:11127186,MenuItem
menu_item:11127187,MenuItem
menu_item:11127188,MenuItem
menu_item:11127189,MenuItem
menu_item:11127190,MenuItem
menu_item:11127200,MenuItem
menu_item:11127201,MenuItem
menu_item:11127202,MenuItem
menu_item:11127203,MenuItem
menu_item:11127204,MenuItem
menu_item:11127205,MenuItem
menu_item:11127206,MenuItem
menu_item:11127207,MenuItem
menu_item:11127208,MenuItem
menu_item:11127209,MenuItem
menu_item:11127210,MenuItem
menu_item:11127211,MenuItem
menu_item:11127212,MenuItem
menu_item:11127213,MenuItem
menu_item:11127214,MenuItem
menu_item:11127215,MenuItem
menu_item:11127216,MenuItem
menu_item:11127217,MenuItem
menu_item:11127218,MenuItem
menu_item:11127219,MenuItem
menu_item:11127220,MenuItem
menu_item:11127221,MenuItem
menu_item:11127222,MenuItem
menu_item:11127223,MenuItem
menu_item:11127224,MenuItem
menu_item:11127225,MenuItem
menu_item:11127245,MenuItem
menu_item:11155196,MenuItem
menu_item:11190362,MenuItem
menu_item:11229866,MenuItem
menu_item:11229867,MenuItem
menu_item:11229868,MenuItem
menu_item:11229869,MenuItem
menu_item:11229870,MenuItem
menu_item:11229871,MenuItem
menu_item:11229872,MenuItem
menu_item:11229873,MenuItem
menu_item:11229875,MenuItem
menu_item:11229876,MenuItem
menu_item:11229877,MenuItem
menu_item:11229878,MenuItem
menu_item:11229879,MenuItem
menu_item:11229881,MenuItem
menu_item:11229882,MenuItem
menu_item:11229883,MenuItem
menu_item:11229884,MenuItem
menu_item:11229886,MenuItem
menu_item:11229887,MenuItem
menu_item:11229888,MenuItem
menu_item:11229889,MenuItem
menu_item:11229890,MenuItem
menu_item:11230255,MenuItem
menu_item:11230262,MenuItem
menu_item:11237130,MenuItem
menu_item:11237131,MenuItem
menu_item:11237132,MenuItem
menu_item:11247649,MenuItem
menu_item:11247661,MenuItem
menu_item:11247668,MenuItem
menu_item:11248054,MenuItem
menu_item:11248057,MenuItem
menu_item:11248064,MenuItem
menu_item:11248067,MenuItem
menu_item:11260212,MenuItem
menu_item:11260213,MenuItem
menu_item:11260214,MenuItem
menu_item:11260218,MenuItem
menu_item:11260219,MenuItem
menu_item:11260220,MenuItem
menu_item:11260221,MenuItem
menu_item:11260222,MenuItem
menu_item:11260223,MenuItem
menu_item:11260224,MenuItem
menu_item:11260225,MenuItem
menu_item:11260226,MenuItem
menu_item:11268598,MenuItem
menu_item:11268704,MenuItem
menu_item:11291704,MenuItem
menu_item:11291706,MenuItem
menu_item:11291712,MenuItem
menu_item:11291722,MenuItem
menu_item:11291724,MenuItem
menu_item:11291729,MenuItem
menu_item:11291733,MenuItem
menu_item:11299293,MenuItem
menu_item:11318354,MenuItem
menu_item:11318356,MenuItem
menu_item:11318358,MenuItem
menu_item:11318361,MenuItem
menu_item:11318369,MenuItem
menu_item:11318375,MenuItem
menu_item:11373164,MenuItem
menu_item:11374520,MenuItem
menu_item:11374528,MenuItem
menu_item:11374536,MenuItem
menu_item:11374540,MenuItem
menu_item:11374571,MenuItem
menu_item:11388809,MenuItem
menu_item:11388810,MenuItem
menu_item:11466561,MenuItem
menu_item:11467845,MenuItem
menu_item:11467847,MenuItem
menu_item:11467861,MenuItem
menu_item:11468065,MenuItem
menu_item:11468067,MenuItem
menu_item:11472266,MenuItem
menu_item:11476312,MenuItem
menu_item:11476322,MenuItem
menu_item:11476480,MenuItem
menu_item:11476481,MenuItem
menu_item:11476482,MenuItem
menu_item:11532538,MenuItem
menu_item:11537517,MenuItem
menu_item:11538982,MenuItem
menu_item:11538983,MenuItem
menu_item:11538984,MenuItem
menu_item:11538985,MenuItem
menu_item:11551050,MenuItem
menu_item:11552039,MenuItem
menu_item:11560826,MenuItem
menu_item:11560840,MenuItem
menu_item:11561696,MenuItem
menu_item:11563785,MenuItem
menu_item:11563786,MenuItem
menu_item:11563787,MenuItem
menu_item:11567184,MenuItem
menu_item:11567196,MenuItem
menu_item:11567206,MenuItem
menu_item:11567210,MenuItem
menu_item:11567232,MenuItem
menu_item:11567238,MenuItem
menu_item:11567244,MenuItem
menu_item:11567253,MenuItem
menu_item:11567257,MenuItem
menu_item:11574641,MenuItem
menu_item:11597091,MenuItem
menu_item:11597092,MenuItem
menu_item:11597855,MenuItem
menu_item:11597856,MenuItem
menu_item:11600793,MenuItem
menu_item:11600797,MenuItem
menu_item:11600799,MenuItem
menu_item:11600803,MenuItem
menu_item:11600807,MenuItem
menu_item:11600809,MenuItem
menu_item:11600812,MenuItem
menu_item:11601585,MenuItem
menu_item:11601586,MenuItem
menu_item:11601587,MenuItem
menu_item:11601590,MenuItem
menu_item:11601591,MenuItem
menu_item:11601593,MenuItem
menu_item:11601594,MenuItem
menu_item:11601595,MenuItem
menu_item:11601596,MenuItem
menu_item:11601597,MenuItem
menu_item:11601600,MenuItem
menu_item:11601605,MenuItem
menu_item:11601607,MenuItem
menu_item:11601608,MenuItem
menu_item:11601609,MenuItem
menu_item:11601610,MenuItem
menu_item:11601611,MenuItem
menu_item:11601612,MenuItem
menu_item:11601613,MenuItem
menu_item:11616984,MenuItem
menu_item:11616985,MenuItem
menu_item:11616986,MenuItem
menu_item:11616987,MenuItem
menu_item:11616990,MenuItem
menu_item:11616991,MenuItem
menu_item:11616992,MenuItem
menu_item:11616995,MenuItem
menu_item:11625877,MenuItem
menu_item:11625879,MenuItem
menu_item:11627239,MenuItem
menu_item:11627243,MenuItem
menu_item:11629556,MenuItem
menu_item:11629557,MenuItem
menu_item:11629558,MenuItem
menu_item:11629559,MenuItem
menu_item:11629560,MenuItem
menu_item:11629561,MenuItem
menu_item:11631680,MenuItem
menu_item:11631682,MenuItem
menu_item:11631684,MenuItem
menu_item:11640307,MenuItem
menu_item:11640308,MenuItem
menu_item:11640309,MenuItem
menu_item:11640310,MenuItem
menu_item:11640311,MenuItem
menu_item:11640312,MenuItem
menu_item:11640313,MenuItem
menu_item:11640314,MenuItem
menu_item:11640315,MenuItem
menu_item:11640316,MenuItem
menu_item:11640317,MenuItem
menu_item:11640318,MenuItem
menu_item:11640319,MenuItem
menu_item:11640320,MenuItem
menu_item:11640321,MenuItem
menu_item:11640322,MenuItem
menu_item:11640323,MenuItem
menu_item:11640328,MenuItem
menu_item:11640329,MenuItem
menu_item:11640330,MenuItem
menu_item:11640331,MenuItem
menu_item:11640332,MenuItem
menu_item:11640333,MenuItem
menu_item:11640334,MenuItem
menu_item:11640335,MenuItem
menu_item:11640336,MenuItem
menu_item:11640337,MenuItem
menu_item:11640338,MenuItem
menu_item:11640339,MenuItem
menu_item:11640340,MenuItem
menu_item:11640341,MenuItem
menu_item:11640342,MenuItem
menu_item:11640343,MenuItem
menu_item:11640344,MenuItem
menu_item:11640345,MenuItem
menu_item:11640346,MenuItem
menu_item:11640347,MenuItem
menu_item:11640348,MenuItem
menu_item:11640349,MenuItem
menu_item:11640350,MenuItem
menu_item:11640351,MenuItem
menu_item:11640352,MenuItem
menu_item:11640353,MenuItem
menu_item:11640354,MenuItem
menu_item:11640355,MenuItem
menu_item:11640356,MenuItem
menu_item:11640357,MenuItem
menu_item:11640358,MenuItem
menu_item:11640359,MenuItem
menu_item:11640360,MenuItem
menu_item:11640362,MenuItem
menu_item:11640363,MenuItem
menu_item:11640364,MenuItem
menu_item:11640365,MenuItem
menu_item:11640366,MenuItem
menu_item:11640367,MenuItem
menu_item:11640368,MenuItem
menu_item:11640378,MenuItem
menu_item:11640381,MenuItem
menu_item:11640382,MenuItem
menu_item:11640383,MenuItem
menu_item:11640384,MenuItem
menu_item:11640385,MenuItem
menu_item:11678975,MenuItem
menu_item:11678976,MenuItem
menu_item:11678977,MenuItem
menu_item:11678978,MenuItem
menu_item:11678983,MenuItem
menu_item:11682258,MenuItem
menu_item:11682261,MenuItem
menu_item:11682264,MenuItem
menu_item:11682267,MenuItem
menu_item:11682272,MenuItem
menu_item:11682276,MenuItem
menu_item:11682296,MenuItem
menu_item:11696207,MenuItem
menu_item:11696357,MenuItem
menu_item:11698168,MenuItem
menu_item:11698359,MenuItem
menu_item:11698368,MenuItem
menu_item:11698504,MenuItem
menu_item:11698530,MenuItem
menu_item:11698544,MenuItem
menu_item:11698566,MenuItem
menu_item:11698580,MenuItem
menu_item:11699285,MenuItem
menu_item:11699297,MenuItem
menu_item:11699313,MenuItem
menu_item:11699329,MenuItem
menu_item:11699344,MenuItem
menu_item:11699581,MenuItem
menu_item:11699631,MenuItem
menu_item:11699699,MenuItem
menu_item:11699711,MenuItem
menu_item:11699728,MenuItem
menu_item:11699744,MenuItem
menu_item:11699766,MenuItem
menu_item:11699780,MenuItem
menu_item:11699798,MenuItem
menu_item:11699812,MenuItem
menu_item:11699825,MenuItem
menu_item:11709515,MenuItem
menu_item:11709523,MenuItem
menu_item:11709527,MenuItem
menu_item:11709532,MenuItem
menu_item:11709537,MenuItem
menu_item:11709544,MenuItem
menu_item:11726843,MenuItem
menu_item:11726844,MenuItem
menu_item:11737681,MenuItem
menu_item:11737683,MenuItem
menu_item:11737699,MenuItem
menu_item:11738268,MenuItem
menu_item:11738270,MenuItem
menu_item:11741892,MenuItem
menu_item:11741893,MenuItem
menu_item:11741894,MenuItem
menu_item:11745864,MenuItem
menu_item:11750060,MenuItem
menu_item:11750068,MenuItem
menu_item:11763891,MenuItem
menu_item:11766987,MenuItem
menu_item:11767060,MenuItem
menu_item:11777045,MenuItem
menu_item:11777706,MenuItem
menu_item:11780637,MenuItem
menu_item:11781669,MenuItem
menu_item:11781680,MenuItem
menu_item:11782355,MenuItem
menu_item:11782413,MenuItem
menu_item:11795296,MenuItem
menu_item:11799469,MenuItem
menu_item:11799470,MenuItem
menu_item:11799471,MenuItem
menu_item:11799472,MenuItem
menu_item:11837479,MenuItem
menu_item:11837735,MenuItem
menu_item:11837754,MenuItem
menu_item:11837772,MenuItem
menu_item:11837789,MenuItem
menu_item:11838381,MenuItem
menu_item:11838383,MenuItem
menu_item:11838384,MenuItem
menu_item:11838385,MenuItem
menu_item:11838386,MenuItem
menu_item:11838387,MenuItem
menu_item:11838388,MenuItem
menu_item:11838389,MenuItem
menu_item:11838390,MenuItem
menu_item:11838391,MenuItem
menu_item:11838392,MenuItem
menu_item:11838393,MenuItem
menu_item:11838398,MenuItem
menu_item:11838399,MenuItem
menu_item:11838400,MenuItem
menu_item:11838401,MenuItem
menu_item:11838402,MenuItem
menu_item:11838403,MenuItem
menu_item:11838404,MenuItem
menu_item:11838405,MenuItem
menu_item:11838406,MenuItem
menu_item:11849758,MenuItem
menu_item:11909292,MenuItem
menu_item:11909352,MenuItem
menu_item:11909369,MenuItem
menu_item:11909396,MenuItem
menu_item:11918004,MenuItem
menu_item:11930661,MenuItem
menu_item:11943904,MenuItem
menu_item:11943905,MenuItem
menu_item:11943906,MenuItem
menu_item:11943907,MenuItem
menu_item:11943908,MenuItem
menu_item:11943909,MenuItem
menu_item:11943913,MenuItem
menu_item:11943914,MenuItem
menu_item:11943915,MenuItem
menu_item:11943916,MenuItem
menu_item:11943917,MenuItem
menu_item:11943918,MenuItem
menu_item:11943919,MenuItem
menu_item:11943920,MenuItem
menu_item:11943921,MenuItem
menu_item:11943922,MenuItem
menu_item:11944369,MenuItem
menu_item:11953582,MenuItem
menu_item:11953909,MenuItem
menu_item:11954304,MenuItem
menu_item:11956505,MenuItem
menu_item:11956630,MenuItem
menu_item:11956755,MenuItem
menu_item:11959414,MenuItem
menu_item:11959418,MenuItem
menu_item:11959420,MenuItem
menu_item:11959421,MenuItem
menu_item:11959422,MenuItem
menu_item:11970007,MenuItem
menu_item:11970008,MenuItem
menu_item:11970009,MenuItem
menu_item:11970010,MenuItem
menu_item:11970011,MenuItem
menu_item:11970012,MenuItem
menu_item:11970013,MenuItem
menu_item:11970016,MenuItem
menu_item:11970017,MenuItem
menu_item:11970018,MenuItem
menu_item:11970019,MenuItem
menu_item:11970020,MenuItem
menu_item:11970021,MenuItem
menu_item:11970022,MenuItem
menu_item:11970023,MenuItem
menu_item:11970024,MenuItem
menu_item:11970025,MenuItem
menu_item:11970026,MenuItem
menu_item:11970027,MenuItem
menu_item:11970030,MenuItem
menu_item:11970031,MenuItem
menu_item:11970032,MenuItem
menu_item:11970033,MenuItem
menu_item:11970034,MenuItem
menu_item:11970035,MenuItem
menu_item:11970036,MenuItem
menu_item:11970037,MenuItem
menu_item:11970038,MenuItem
menu_item:11970039,MenuItem
menu_item:11970042,MenuItem
menu_item:11970043,MenuItem
menu_item:11970044,MenuItem
menu_item:11970045,MenuItem
menu_item:11970046,MenuItem
menu_item:11970047,MenuItem
menu_item:11970048,MenuItem
menu_item:11970049,MenuItem
menu_item:11973847,MenuItem
menu_item:11973848,MenuItem
menu_item:11973849,MenuItem
menu_item:11981729,MenuItem
menu_item:11985735,MenuItem
menu_item:11985759,MenuItem
menu_item:11985986,MenuItem
menu_item:11986106,MenuItem
menu_item:11986115,MenuItem
menu_item:11986126,MenuItem
menu_item:11986133,MenuItem
menu_item:12027048,MenuItem
menu_item:12027049,MenuItem
menu_item:12027050,MenuItem
menu_item:12027051,MenuItem
menu_item:12027052,MenuItem
menu_item:12027053,MenuItem
menu_item:12060342,MenuItem
menu_item:12060343,MenuItem
menu_item:12060346,MenuItem
menu_item:12060404,MenuItem
menu_item:12060422,MenuItem
menu_item:12065334,MenuItem
menu_item:12123925,MenuItem
menu_item:12123939,MenuItem
menu_item:12123953,MenuItem
menu_item:12169378,MenuItem
menu_item:12169380,MenuItem
menu_item:12169383,MenuItem
menu_item:12169384,MenuItem
menu_item:12173421,MenuItem
menu_item:12174753,MenuItem
menu_item:12174820,MenuItem
menu_item:12174869,MenuItem
menu_item:12174891,MenuItem
menu_item:12174900,MenuItem
menu_item:12174909,MenuItem
menu_item:12174973,MenuItem
menu_item:12175053,MenuItem
menu_item:12186565,MenuItem
menu_item:12186566,MenuItem
menu_item:12186567,MenuItem
menu_item:12186568,MenuItem
menu_item:12186569,MenuItem
menu_item:12186570,MenuItem
menu_item:12186571,MenuItem
menu_item:12186572,MenuItem
menu_item:12186573,MenuItem
menu_item:12186574,MenuItem
menu_item:12186575,MenuItem
menu_item:12186576,MenuItem
menu_item:12189957,MenuItem
menu_item:12190268,MenuItem
menu_item:12190279,MenuItem
menu_item:12233200,MenuItem
menu_item:12233201,MenuItem
menu_item:12233202,MenuItem
menu_item:12233203,MenuItem
menu_item:12233204,MenuItem
menu_item:12233205,MenuItem
menu_item:12233206,MenuItem
menu_item:12233207,MenuItem
menu_item:12233208,MenuItem
menu_item:12233209,MenuItem
menu_item:12233210,MenuItem
menu_item:12233211,MenuItem
menu_item:12233212,MenuItem
menu_item:12233761,MenuItem
menu_item:12235265,MenuItem
menu_item:12235271,MenuItem
menu_item:12235273,MenuItem
menu_item:12235275,MenuItem
menu_item:12235277,MenuItem
menu_item:12235279,MenuItem
menu_item:12235281,MenuItem
menu_item:12235283,MenuItem
menu_item:12235285,MenuItem
menu_item:12235289,MenuItem
menu_item:12245917,MenuItem
menu_item:12245919,MenuItem
menu_item:12245923,MenuItem
menu_item:12245926,MenuItem
menu_item:12245931,MenuItem
menu_item:12245933,MenuItem
menu_item:12245935,MenuItem
menu_item:12245937,MenuItem
menu_item:12249081,MenuItem
menu_item:12257160,MenuItem
menu_item:12261418,MenuItem
menu_item:12261420,MenuItem
menu_item:12261423,MenuItem
menu_item:12261943,MenuItem
menu_item:12261987,MenuItem
menu_item:12263809,MenuItem
menu_item:12263810,MenuItem
menu_item:12263811,MenuItem
menu_item:12263812,MenuItem
menu_item:12275964,MenuItem
menu_item:1702457,MenuItem
menu_item:1702460,MenuItem
menu_item:1702461,MenuItem
menu_item:1702462,MenuItem
menu_item:1702463,MenuItem
menu_item:1702464,MenuItem
menu_item:1948765,MenuItem
menu_item:1948767,MenuItem
menu_item:1948768,MenuItem
menu_item:1948769,MenuItem
menu_item:1967021,MenuItem
menu_item:1967037,MenuItem
menu_item:1967043,MenuItem
menu_item:1978423,MenuItem
menu_item:1978424,MenuItem
menu_item:1978425,MenuItem
menu_item:1978426,MenuItem
menu_item:1978427,MenuItem
menu_item:1979380,MenuItem
menu_item:1979381,MenuItem
menu_item:1979382,MenuItem
menu_item:1979383,MenuItem
menu_item:1979384,MenuItem
menu_item:1979385,MenuItem
menu_item:1979386,MenuItem
menu_item:1979387,MenuItem
menu_item:1981338,MenuItem
menu_item:1981339,MenuItem
menu_item:1981340,MenuItem
menu_item:1981341,MenuItem
menu_item:1981342,MenuItem
menu_item:1981343,MenuItem
menu_item:1981344,MenuItem
menu_item:1981345,MenuItem
menu_item:1981346,MenuItem
menu_item:1981347,MenuItem
menu_item:1981348,MenuItem
menu_item:1981351,MenuItem
menu_item:1981352,MenuItem
menu_item:1981353,MenuItem
menu_item:1981354,MenuItem
menu_item:1998443,MenuItem
menu_item:1998745,MenuItem
menu_item:1998747,MenuItem
menu_item:2013685,MenuItem
menu_item:2013686,MenuItem
menu_item:2013687,MenuItem
menu_item:2013689,MenuItem
menu_item:2013732,MenuItem
menu_item:2046065,MenuItem
menu_item:2046067,MenuItem
menu_item:2046069,MenuItem
menu_item:2046072,MenuItem
menu_item:2046074,MenuItem
menu_item:2065105,MenuItem
menu_item:2065356,MenuItem
menu_item:2065363,MenuItem
menu_item:2065664,MenuItem
menu_item:2065946,MenuItem
menu_item:2066183,MenuItem
menu_item:208860,MenuItem
menu_item:213132,MenuItem
menu_item:213135,MenuItem
menu_item:213137,MenuItem
menu_item:213139,MenuItem
menu_item:213141,MenuItem
menu_item:213142,MenuItem
menu_item:213143,MenuItem
menu_item:2135839,MenuItem
menu_item:2135850,MenuItem
menu_item:2135852,MenuItem
menu_item:2135953,MenuItem
menu_item:2135954,MenuItem
menu_item:2135955,MenuItem
menu_item:2135956,MenuItem
menu_item:2135957,MenuItem
menu_item:2135958,MenuItem
menu_item:2149384,MenuItem
menu_item:2169910,MenuItem
menu_item:2169911,MenuItem
menu_item:2169912,MenuItem
menu_item:2181649,MenuItem
menu_item:2181650,MenuItem
menu_item:2181651,MenuItem
menu_item:2181653,MenuItem
menu_item:2181654,MenuItem
menu_item:2181655,MenuItem
menu_item:2181664,MenuItem
menu_item:2188276,MenuItem
menu_item:2188277,MenuItem
menu_item:2188278,MenuItem
menu_item:2188280,MenuItem
menu_item:2188281,MenuItem
menu_item:2188282,MenuItem
menu_item:2188284,MenuItem
menu_item:2205992,MenuItem
menu_item:2205993,MenuItem
menu_item:2207056,MenuItem
menu_item:2207059,MenuItem
menu_item:2228596,MenuItem
menu_item:2228597,MenuItem
menu_item:2228598,MenuItem
menu_item:2228599,MenuItem
menu_item:2228600,MenuItem
menu_item:2228601,MenuItem
menu_item:2228602,MenuItem
menu_item:2228603,MenuItem
menu_item:2228604,MenuItem
menu_item:2228605,MenuItem
menu_item:2228606,MenuItem
menu_item:2228607,MenuItem
menu_item:2228608,MenuItem
menu_item:2228609,MenuItem
menu_item:2228610,MenuItem
menu_item:2228611,MenuItem
menu_item:2228612,MenuItem
menu_item:2228613,MenuItem
menu_item:2228614,MenuItem
menu_item:2228615,MenuItem
menu_item:2228616,MenuItem
menu_item:2228617,MenuItem
menu_item:2228618,MenuItem
menu_item:2228619,MenuItem
menu_item:2228621,MenuItem
menu_item:2228622,MenuItem
menu_item:2242772,MenuItem
menu_item:2242773,MenuItem
menu_item:2242775,MenuItem
menu_item:2242776,MenuItem
menu_item:2242778,MenuItem
menu_item:2242779,MenuItem
menu_item:2242783,MenuItem
menu_item:2242784,MenuItem
menu_item:2242785,MenuItem
menu_item:2242788,MenuItem
menu_item:2242789,MenuItem
menu_item:2242790,MenuItem
menu_item:2242791,MenuItem
menu_item:2242792,MenuItem
menu_item:2242793,MenuItem
menu_item:2289229,MenuItem
menu_item:2289230,MenuItem
menu_item:2289231,MenuItem
menu_item:2289233,MenuItem
menu_item:2289234,MenuItem
menu_item:2289235,MenuItem
menu_item:2289237,MenuItem
menu_item:2289238,MenuItem
menu_item:2289239,MenuItem
menu_item:2289240,MenuItem
menu_item:2289241,MenuItem
menu_item:2289242,MenuItem
menu_item:2289243,MenuItem
menu_item:2289244,MenuItem
menu_item:2289246,MenuItem
menu_item:2289247,MenuItem
menu_item:2289248,MenuItem
menu_item:2289249,MenuItem
menu_item:2289260,MenuItem
menu_item:2289261,MenuItem
menu_item:2289262,MenuItem
menu_item:2289263,MenuItem
menu_item:2289264,MenuItem
menu_item:2289268,MenuItem
menu_item:2289272,MenuItem
menu_item:230335,MenuItem
menu_item:230336,MenuItem
menu_item:230338,MenuItem
menu_item:230344,MenuItem
menu_item:230345,MenuItem
menu_item:2305231,MenuItem
menu_item:2305232,MenuItem
menu_item:2305233,MenuItem
menu_item:2305239,MenuItem
menu_item:2305242,MenuItem
menu_item:2305243,MenuItem
menu_item:2353515,MenuItem
menu_item:2353516,MenuItem
menu_item:2353517,MenuItem
menu_item:2353518,MenuItem
menu_item:2353527,MenuItem
menu_item:2353528,MenuItem
menu_item:2353529,MenuItem
menu_item:2353530,MenuItem
menu_item:2353538,MenuItem
menu_item:2353539,MenuItem
menu_item:2353540,MenuItem
menu_item:2353541,MenuItem
menu_item:2394960,MenuItem
menu_item:2394961,MenuItem
menu_item:2394962,MenuItem
menu_item:2394963,MenuItem
menu_item:2394964,MenuItem
menu_item:2394965,MenuItem
menu_item:2440750,MenuItem
menu_item:2440751,MenuItem
menu_item:2440752,MenuItem
menu_item:2444195,MenuItem
menu_item:2444196,MenuItem
menu_item:2444199,MenuItem
menu_item:2452363,MenuItem
menu_item:2453327,MenuItem
menu_item:2453328,MenuItem
menu_item:2453329,MenuItem
menu_item:2453330,MenuItem
menu_item:2453331,MenuItem
menu_item:2453332,MenuItem
menu_item:2453333,MenuItem
menu_item:2453334,MenuItem
menu_item:247601,MenuItem
menu_item:2513690,MenuItem
menu_item:2513691,MenuItem
menu_item:2513692,MenuItem
menu_item:2513693,MenuItem
menu_item:2513694,MenuItem
menu_item:2513695,MenuItem
menu_item:2513696,MenuItem
menu_item:2513697,MenuItem
menu_item:2513698,MenuItem
menu_item:2513699,MenuItem
menu_item:2513700,MenuItem
menu_item:2513701,MenuItem
menu_item:2513702,MenuItem
menu_item:2513703,MenuItem
menu_item:2513704,MenuItem
menu_item:2513705,MenuItem
menu_item:2513706,MenuItem
menu_item:2513707,MenuItem
menu_item:2513708,MenuItem
menu_item:2513709,MenuItem
menu_item:2513710,MenuItem
menu_item:2513711,MenuItem
menu_item:2513712,MenuItem
menu_item:2513718,MenuItem
menu_item:2513719,MenuItem
menu_item:2513720,MenuItem
menu_item:2513721,MenuItem
menu_item:2513724,MenuItem
menu_item:2513728,MenuItem
menu_item:2513729,MenuItem
menu_item:2513732,MenuItem
menu_item:2513734,MenuItem
menu_item:2535795,MenuItem
menu_item:2535796,MenuItem
menu_item:2535797,MenuItem
menu_item:2535798,MenuItem
menu_item:2535799,MenuItem
menu_item:2535800,MenuItem
menu_item:2535801,MenuItem
menu_item:2535802,MenuItem
menu_item:253760,MenuItem
menu_item:253761,MenuItem
menu_item:253762,MenuItem
menu_item:253763,MenuItem
menu_item:253766,MenuItem
menu_item:253767,MenuItem
menu_item:253768,MenuItem
menu_item:253769,MenuItem
menu_item:253770,MenuItem
menu_item:253771,MenuItem
menu_item:253772,MenuItem
menu_item:2620061,MenuItem
menu_item:2620718,MenuItem
menu_item:2620947,MenuItem
menu_item:2640118,MenuItem
menu_item:2640119,MenuItem
menu_item:2640120,MenuItem
menu_item:2640125,MenuItem
menu_item:2640126,MenuItem
menu_item:2640171,MenuItem
menu_item:2640173,MenuItem
menu_item:2640175,MenuItem
menu_item:2654265,MenuItem
menu_item:2654266,MenuItem
menu_item:2654267,MenuItem
menu_item:2654268,MenuItem
menu_item:2654269,MenuItem
menu_item:2654270,MenuItem
menu_item:2654271,MenuItem
menu_item:2654272,MenuItem
menu_item:2654273,MenuItem
menu_item:2654274,MenuItem
menu_item:2668005,MenuItem
menu_item:2668006,MenuItem
menu_item:2668007,MenuItem
menu_item:2668008,MenuItem
menu_item:2668009,MenuItem
menu_item:2668011,MenuItem
menu_item:2668013,MenuItem
menu_item:2668015,MenuItem
menu_item:2668017,MenuItem
menu_item:2668018,MenuItem
menu_item:2668024,MenuItem
menu_item:2671563,MenuItem
menu_item:2671565,MenuItem
menu_item:2671568,MenuItem
menu_item:2681303,MenuItem
menu_item:2681304,MenuItem
menu_item:2681305,MenuItem
menu_item:2681306,MenuItem
menu_item:2681307,MenuItem
menu_item:2681308,MenuItem
menu_item:26869,MenuItem
menu_item:26873,MenuItem
menu_item:26882,MenuItem
menu_item:26886,MenuItem
menu_item:26892,MenuItem
menu_item:26901,MenuItem
menu_item:26910,MenuItem
menu_item:2695576,MenuItem
menu_item:2695579,MenuItem
menu_item:2695580,MenuItem
menu_item:2695581,MenuItem
menu_item:2695583,MenuItem
menu_item:2695585,MenuItem
menu_item:2695587,MenuItem
menu_item:2695588,MenuItem
menu_item:2695589,MenuItem
menu_item:2695590,MenuItem
menu_item:2695592,MenuItem
menu_item:2695593,MenuItem
menu_item:2695595,MenuItem
menu_item:2695596,MenuItem
menu_item:2695597,MenuItem
menu_item:2695598,MenuItem
menu_item:2695599,MenuItem
menu_item:2695600,MenuItem
menu_item:2695601,MenuItem
menu_item:2695603,MenuItem
menu_item:2695604,MenuItem
menu_item:2695606,MenuItem
menu_item:2695607,MenuItem
menu_item:2695608,MenuItem
menu_item:274151,MenuItem
menu_item:27424,MenuItem
menu_item:27440,MenuItem
menu_item:27443,MenuItem
menu_item:27447,MenuItem
menu_item:27451,MenuItem
menu_item:27461,MenuItem
menu_item:27471,MenuItem
menu_item:275605,MenuItem
menu_item:276776,MenuItem
menu_item:276777,MenuItem
menu_item:276778,MenuItem
menu_item:276779,MenuItem
menu_item:276780,MenuItem
menu_item:276781,MenuItem
menu_item:276782,MenuItem
menu_item:276783,MenuItem
menu_item:276784,MenuItem
menu_item:276786,MenuItem
menu_item:276790,MenuItem
menu_item:276795,MenuItem
menu_item:276796,MenuItem
menu_item:276797,MenuItem
menu_item:276798,MenuItem
menu_item:276799,MenuItem
menu_item:276800,MenuItem
menu_item:276801,MenuItem
menu_item:276803,MenuItem
menu_item:276804,MenuItem
menu_item:276805,MenuItem
menu_item:276806,MenuItem
menu_item:276807,MenuItem
menu_item:276810,MenuItem
menu_item:276811,MenuItem
menu_item:278367,MenuItem
menu_item:278370,MenuItem
menu_item:278372,MenuItem
menu_item:278374,MenuItem
menu_item:281313,MenuItem
menu_item:281314,MenuItem
menu_item:281315,MenuItem
menu_item:281316,MenuItem
menu_item:281317,MenuItem
menu_item:281318,MenuItem
menu_item:281320,MenuItem
menu_item:281321,MenuItem
menu_item:281324,MenuItem
menu_item:281327,MenuItem
menu_item:281328,MenuItem
menu_item:281329,MenuItem
menu_item:281330,MenuItem
menu_item:281331,MenuItem
menu_item:281332,MenuItem
menu_item:281333,MenuItem
menu_item:281334,MenuItem
menu_item:281335,MenuItem
menu_item:281336,MenuItem
menu_item:281337,MenuItem
menu_item:281339,MenuItem
menu_item:281340,MenuItem
menu_item:281349,MenuItem
menu_item:281351,MenuItem
menu_item:281361,MenuItem
menu_item:2858035,MenuItem
menu_item:2858037,MenuItem
menu_item:2904640,MenuItem
menu_item:2904641,MenuItem
menu_item:2904642,MenuItem
menu_item:2904643,MenuItem
menu_item:2904644,MenuItem
menu_item:2904645,MenuItem
menu_item:2904646,MenuItem
menu_item:2904647,MenuItem
menu_item:2913435,MenuItem
menu_item:2913436,MenuItem
menu_item:2913437,MenuItem
menu_item:2913438,MenuItem
menu_item:2913439,MenuItem
menu_item:2913440,MenuItem
menu_item:2913441,MenuItem
menu_item:2913442,MenuItem
menu_item:2913443,MenuItem
menu_item:2913444,MenuItem
menu_item:2913445,MenuItem
menu_item:2913446,MenuItem
menu_item:2922537,MenuItem
menu_item:2922539,MenuItem
menu_item:2922541,MenuItem
menu_item:2927563,MenuItem
menu_item:2960526,MenuItem
menu_item:2960527,MenuItem
menu_item:2960528,MenuItem
menu_item:2960529,MenuItem
menu_item:2960530,MenuItem
menu_item:2960531,MenuItem
menu_item:2960532,MenuItem
menu_item:2960533,MenuItem
menu_item:2960534,MenuItem
menu_item:2960535,MenuItem
menu_item:2960536,MenuItem
menu_item:2960537,MenuItem
menu_item:2960538,MenuItem
menu_item:2960539,MenuItem
menu_item:2960540,MenuItem
menu_item:2960541,MenuItem
menu_item:2960542,MenuItem
menu_item:2960543,MenuItem
menu_item:2960544,MenuItem
menu_item:2960560,MenuItem
menu_item:2963750,MenuItem
menu_item:2963751,MenuItem
menu_item:2963752,MenuItem
menu_item:2965481,MenuItem
menu_item:3032624,MenuItem
menu_item:3134157,MenuItem
menu_item:3134158,MenuItem
menu_item:3134160,MenuItem
menu_item:3134161,MenuItem
menu_item:3134162,MenuItem
menu_item:3134163,MenuItem
menu_item:3134174,MenuItem
menu_item:3134213,MenuItem
menu_item:3134214,MenuItem
menu_item:314748,MenuItem
menu_item:314752,MenuItem
menu_item:314760,MenuItem
menu_item:314771,MenuItem
menu_item:314774,MenuItem
menu_item:314778,MenuItem
menu_item:314782,MenuItem
menu_item:314786,MenuItem
menu_item:314790,MenuItem
menu_item:314800,MenuItem
menu_item:314805,MenuItem
menu_item:314812,MenuItem
menu_item:314857,MenuItem
menu_item:316339,MenuItem
menu_item:316619,MenuItem
menu_item:328625,MenuItem
menu_item:330421,MenuItem
menu_item:330424,MenuItem
menu_item:330494,MenuItem
menu_item:330532,MenuItem
menu_item:330550,MenuItem
menu_item:330555,MenuItem
menu_item:330564,MenuItem
menu_item:333947,MenuItem
menu_item:340323,MenuItem
menu_item:340324,MenuItem
menu_item:340325,MenuItem
menu_item:340326,MenuItem
menu_item:340328,MenuItem
menu_item:340329,MenuItem
menu_item:340330,MenuItem
menu_item:340331,MenuItem
menu_item:340332,MenuItem
menu_item:340333,MenuItem
menu_item:3409904,MenuItem
menu_item:3409905,MenuItem
menu_item:3409906,MenuItem
menu_item:3409907,MenuItem
menu_item:3409908,MenuItem
menu_item:3409909,MenuItem
menu_item:3409910,MenuItem
menu_item:3409911,MenuItem
menu_item:3409912,MenuItem
menu_item:3409934,MenuItem
menu_item:3409935,MenuItem
menu_item:3409936,MenuItem
menu_item:3409937,MenuItem
menu_item:3409938,MenuItem
menu_item:3409939,MenuItem
menu_item:3409940,MenuItem
menu_item:3409941,MenuItem
menu_item:3409942,MenuItem
menu_item:3409943,MenuItem
menu_item:3409965,MenuItem
menu_item:3409966,MenuItem
menu_item:342011,MenuItem
menu_item:342012,MenuItem
menu_item:342013,MenuItem
menu_item:342014,MenuItem
menu_item:342161,MenuItem
menu_item:3430074,MenuItem
menu_item:3430075,MenuItem
menu_item:343207,MenuItem
menu_item:343208,MenuItem
menu_item:343209,MenuItem
menu_item:343210,MenuItem
menu_item:343212,MenuItem
menu_item:343215,MenuItem
menu_item:343217,MenuItem
menu_item:343218,MenuItem
menu_item:343219,MenuItem
menu_item:343220,MenuItem
menu_item:343221,MenuItem
menu_item:343223,MenuItem
menu_item:343224,MenuItem
menu_item:343225,MenuItem
menu_item:343226,MenuItem
menu_item:343228,MenuItem
menu_item:344991,MenuItem
menu_item:344993,MenuItem
menu_item:3469388,MenuItem
menu_item:3469389,MenuItem
menu_item:3469390,MenuItem
menu_item:3469391,MenuItem
menu_item:3469392,MenuItem
menu_item:3484775,MenuItem
menu_item:3484776,MenuItem
menu_item:3484778,MenuItem
menu_item:3484779,MenuItem
menu_item:3545944,MenuItem
menu_item:3545945,MenuItem
menu_item:3545947,MenuItem
menu_item:3545949,MenuItem
menu_item:3545951,MenuItem
menu_item:368779,MenuItem
menu_item:368781,MenuItem
menu_item:368783,MenuItem
menu_item:368784,MenuItem
menu_item:368786,MenuItem
menu_item:368788,MenuItem
menu_item:368790,MenuItem
menu_item:368793,MenuItem
menu_item:375388,MenuItem
menu_item:375389,MenuItem
menu_item:375390,MenuItem
menu_item:375391,MenuItem
menu_item:375392,MenuItem
menu_item:375394,MenuItem
menu_item:375395,MenuItem
menu_item:375396,MenuItem
menu_item:375397,MenuItem
menu_item:375399,MenuItem
menu_item:3756170,MenuItem
menu_item:3847352,MenuItem
menu_item:388175,MenuItem
menu_item:388176,MenuItem
menu_item:388177,MenuItem
menu_item:388178,MenuItem
menu_item:388179,MenuItem
menu_item:388180,MenuItem
menu_item:388181,MenuItem
menu_item:388182,MenuItem
menu_item:388183,MenuItem
menu_item:388184,MenuItem
menu_item:388185,MenuItem
menu_item:388187,MenuItem
menu_item:388188,MenuItem
menu_item:388189,MenuItem
menu_item:388190,MenuItem
menu_item:388191,MenuItem
menu_item:388198,MenuItem
menu_item:388199,MenuItem
menu_item:388200,MenuItem
menu_item:3920991,MenuItem
menu_item:3920992,MenuItem
menu_item:3920993,MenuItem
menu_item:3920994,MenuItem
menu_item:3920995,MenuItem
menu_item:3920996,MenuItem
menu_item:3920997,MenuItem
menu_item:3920998,MenuItem
menu_item:3920999,MenuItem
menu_item:3921000,MenuItem
menu_item:3921001,MenuItem
menu_item:3921002,MenuItem
menu_item:3921003,MenuItem
menu_item:3921004,MenuItem
menu_item:3921005,MenuItem
menu_item:3921006,MenuItem
menu_item:3931511,MenuItem
menu_item:3931512,MenuItem
menu_item:3931513,MenuItem
menu_item:394457,MenuItem
menu_item:394459,MenuItem
menu_item:394460,MenuItem
menu_item:394461,MenuItem
menu_item:394462,MenuItem
menu_item:394464,MenuItem
menu_item:394466,MenuItem
menu_item:394467,MenuItem
menu_item:394469,MenuItem
menu_item:394470,MenuItem
menu_item:394471,MenuItem
menu_item:394472,MenuItem
menu_item:394473,MenuItem
menu_item:394474,MenuItem
menu_item:394475,MenuItem
menu_item:394476,MenuItem
menu_item:394477,MenuItem
menu_item:394483,MenuItem
menu_item:395307,MenuItem
menu_item:395308,MenuItem
menu_item:395309,MenuItem
menu_item:395310,MenuItem
menu_item:395311,MenuItem
menu_item:395312,MenuItem
menu_item:395313,MenuItem
menu_item:395314,MenuItem
menu_item:395315,MenuItem
menu_item:395316,MenuItem
menu_item:395317,MenuItem
menu_item:395318,MenuItem
menu_item:3956361,MenuItem
menu_item:3956364,MenuItem
menu_item:3956365,MenuItem
menu_item:3956367,MenuItem
menu_item:3990153,MenuItem
menu_item:4009065,MenuItem
menu_item:4009067,MenuItem
menu_item:4009069,MenuItem
menu_item:4009074,MenuItem
menu_item:4009078,MenuItem
menu_item:4009087,MenuItem
menu_item:4009092,MenuItem
menu_item:4009097,MenuItem
menu_item:4009106,MenuItem
menu_item:4023505,MenuItem
menu_item:4025876,MenuItem
menu_item:4026290,MenuItem
menu_item:4033987,MenuItem
menu_item:4033988,MenuItem
menu_item:4038148,MenuItem
menu_item:4038150,MenuItem
menu_item:4038277,MenuItem
menu_item:4038312,MenuItem
menu_item:4038339,MenuItem
menu_item:4045482,MenuItem
menu_item:4053683,MenuItem
menu_item:4077497,MenuItem
menu_item:4089143,MenuItem
menu_item:4089144,MenuItem
menu_item:4089145,MenuItem
menu_item:4089146,MenuItem
menu_item:4106353,MenuItem
menu_item:4106469,MenuItem
menu_item:4106470,MenuItem
menu_item:4106471,MenuItem
menu_item:4106472,MenuItem
menu_item:4106473,MenuItem
menu_item:4106474,MenuItem
menu_item:4106475,MenuItem
menu_item:4106476,MenuItem
menu_item:4106477,MenuItem
menu_item:4106478,MenuItem
menu_item:4106479,MenuItem
menu_item:4107569,MenuItem
menu_item:4107573,MenuItem
menu_item:4107574,MenuItem
menu_item:4107577,MenuItem
menu_item:4107579,MenuItem
menu_item:4107581,MenuItem
menu_item:4107582,MenuItem
menu_item:4107584,MenuItem
menu_item:4107585,MenuItem
menu_item:4107588,MenuItem
menu_item:4107589,MenuItem
menu_item:4107590,MenuItem
menu_item:4107593,MenuItem
menu_item:4107595,MenuItem
menu_item:4107597,MenuItem
menu_item:4107600,MenuItem
menu_item:4107602,MenuItem
menu_item:4107603,MenuItem
menu_item:4107604,MenuItem
menu_item:4107606,MenuItem
menu_item:4107608,MenuItem
menu_item:4107610,MenuItem
menu_item:4107614,MenuItem
menu_item:4116942,MenuItem
menu_item:4116943,MenuItem
menu_item:4208575,MenuItem
menu_item:4208577,MenuItem
menu_item:4235913,MenuItem
menu_item:4235914,MenuItem
menu_item:4235915,MenuItem
menu_item:4235916,MenuItem
menu_item:4235919,MenuItem
menu_item:4235920,MenuItem
menu_item:4235921,MenuItem
menu_item:4235922,MenuItem
menu_item:4271095,MenuItem
menu_item:4271107,MenuItem
menu_item:4275185,MenuItem
menu_item:4283039,MenuItem
menu_item:4293300,MenuItem
menu_item:4293301,MenuItem
menu_item:4293302,MenuItem
menu_item:4293303,MenuItem
menu_item:4293304,MenuItem
menu_item:4293306,MenuItem
menu_item:4293307,MenuItem
menu_item:4293308,MenuItem
menu_item:4293309,MenuItem
menu_item:4293310,MenuItem
menu_item:4293311,MenuItem
menu_item:4293312,MenuItem
menu_item:4293313,MenuItem
menu_item:4293314,MenuItem
menu_item:4293315,MenuItem
menu_item:4293316,MenuItem
menu_item:4293317,MenuItem
menu_item:4293318,MenuItem
menu_item:4293322,MenuItem
menu_item:4293325,MenuItem
menu_item:4293327,MenuItem
menu_item:4293328,MenuItem
menu_item:4315093,MenuItem
menu_item:4330792,MenuItem
menu_item:4330799,MenuItem
menu_item:4330840,MenuItem
menu_item:4333668,MenuItem
menu_item:4347839,MenuItem
menu_item:4347842,MenuItem
menu_item:4347844,MenuItem
menu_item:4347845,MenuItem
menu_item:4391593,MenuItem
menu_item:4391594,MenuItem
menu_item:4391595,MenuItem
menu_item:4391596,MenuItem
menu_item:4391597,MenuItem
menu_item:4406151,MenuItem
menu_item:4406152,MenuItem
menu_item:4406153,MenuItem
menu_item:4406155,MenuItem
menu_item:4406156,MenuItem
menu_item:4406157,MenuItem
menu_item:4406875,MenuItem
menu_item:4406876,MenuItem
menu_item:4406877,MenuItem
menu_item:441860,MenuItem
menu_item:441861,MenuItem
menu_item:441862,MenuItem
menu_item:441863,MenuItem
menu_item:441864,MenuItem
menu_item:441865,MenuItem
menu_item:441866,MenuItem
menu_item:441867,MenuItem
menu_item:441868,MenuItem
menu_item:441869,MenuItem
menu_item:441870,MenuItem
menu_item:441871,MenuItem
menu_item:441872,MenuItem
menu_item:441874,MenuItem
menu_item:441876,MenuItem
menu_item:441881,MenuItem
menu_item:441882,MenuItem
menu_item:441883,MenuItem
menu_item:4433192,MenuItem
menu_item:4436630,MenuItem
menu_item:443705,MenuItem
menu_item:443891,MenuItem
menu_item:443982,MenuItem
menu_item:443985,MenuItem
menu_item:444002,MenuItem
menu_item:444003,MenuItem
menu_item:444059,MenuItem
menu_item:444060,MenuItem
menu_item:444064,MenuItem
menu_item:444098,MenuItem
menu_item:444102,MenuItem
menu_item:444104,MenuItem
menu_item:444105,MenuItem
menu_item:444181,MenuItem
menu_item:4456340,MenuItem
menu_item:4456341,MenuItem
menu_item:4456342,MenuItem
menu_item:4456344,MenuItem
menu_item:4468701,MenuItem
menu_item:4487874,MenuItem
menu_item:4487876,MenuItem
menu_item:4487877,MenuItem
menu_item:4487878,MenuItem
menu_item:4487879,MenuItem
menu_item:4487880,MenuItem
menu_item:4487882,MenuItem
menu_item:4487883,MenuItem
menu_item:4487884,MenuItem
menu_item:4487885,MenuItem
menu_item:4487886,MenuItem
menu_item:4487887,MenuItem
menu_item:4487888,MenuItem
menu_item:4487889,MenuItem
menu_item:4487890,MenuItem
menu_item:4487891,MenuItem
menu_item:4487892,MenuItem
menu_item:4487895,MenuItem
menu_item:4487896,MenuItem
menu_item:4487897,MenuItem
menu_item:4487898,MenuItem
menu_item:4507195,MenuItem
menu_item:4507199,MenuItem
menu_item:4521984,MenuItem
menu_item:45587,MenuItem
menu_item:45593,MenuItem
menu_item:45596,MenuItem
menu_item:45598,MenuItem
menu_item:45601,MenuItem
menu_item:45603,MenuItem
menu_item:45606,MenuItem
menu_item:45608,MenuItem
menu_item:45610,MenuItem
menu_item:45615,MenuItem
menu_item:45618,MenuItem
menu_item:45622,MenuItem
menu_item:45630,MenuItem
menu_item:45632,MenuItem
menu_item:45635,MenuItem
menu_item:45637,MenuItem
menu_item:45640,MenuItem
menu_item:45642,MenuItem
menu_item:4580862,MenuItem
menu_item:4580864,MenuItem
menu_item:4594509,MenuItem
menu_item:4691220,MenuItem
menu_item:475610,MenuItem
menu_item:475611,MenuItem
menu_item:475612,MenuItem
menu_item:475613,MenuItem
menu_item:475614,MenuItem
menu_item:475615,MenuItem
menu_item:475616,MenuItem
menu_item:475617,MenuItem
menu_item:475618,MenuItem
menu_item:475619,MenuItem
menu_item:475620,MenuItem
menu_item:475621,MenuItem
menu_item:475622,MenuItem
menu_item:475623,MenuItem
menu_item:475624,MenuItem
menu_item:475625,MenuItem
menu_item:475626,MenuItem
menu_item:475627,MenuItem
menu_item:475628,MenuItem
menu_item:475629,MenuItem
menu_item:475630,MenuItem
menu_item:475631,MenuItem
menu_item:477169,MenuItem
menu_item:477170,MenuItem
menu_item:477171,MenuItem
menu_item:477172,MenuItem
menu_item:481739,MenuItem
menu_item:481740,MenuItem
menu_item:481741,MenuItem
menu_item:481743,MenuItem
menu_item:481744,MenuItem
menu_item:481745,MenuItem
menu_item:481746,MenuItem
menu_item:481747,MenuItem
menu_item:481748,MenuItem
menu_item:481749,MenuItem
menu_item:481751,MenuItem
menu_item:481753,MenuItem
menu_item:481754,MenuItem
menu_item:481758,MenuItem
menu_item:4851412,MenuItem
menu_item:4851414,MenuItem
menu_item:4851415,MenuItem
menu_item:4851416,MenuItem
menu_item:4851418,MenuItem
menu_item:4851419,MenuItem
menu_item:4851425,MenuItem
menu_item:4851426,MenuItem
menu_item:4851427,MenuItem
menu_item:4851428,MenuItem
menu_item:4851434,MenuItem
menu_item:4851435,MenuItem
menu_item:4867387,MenuItem
menu_item:4867388,MenuItem
menu_item:4867389,MenuItem
menu_item:4867390,MenuItem
menu_item:48695,MenuItem
menu_item:48704,MenuItem
menu_item:48706,MenuItem
menu_item:48718,MenuItem
menu_item:48722,MenuItem
menu_item:48726,MenuItem
menu_item:48731,MenuItem
menu_item:48735,MenuItem
menu_item:487363,MenuItem
menu_item:487368,MenuItem
menu_item:487375,MenuItem
menu_item:487383,MenuItem
menu_item:487429,MenuItem
menu_item:488453,MenuItem
menu_item:488454,MenuItem
menu_item:488455,MenuItem
menu_item:488456,MenuItem
menu_item:488462,MenuItem
menu_item:488463,MenuItem
menu_item:488464,MenuItem
menu_item:488465,MenuItem
menu_item:488466,MenuItem
menu_item:488467,MenuItem
menu_item:488468,MenuItem
menu_item:4926642,MenuItem
menu_item:4926643,MenuItem
menu_item:4995410,MenuItem
menu_item:4995411,MenuItem
menu_item:4995412,MenuItem
menu_item:4995414,MenuItem
menu_item:4995415,MenuItem
menu_item:4995416,MenuItem
menu_item:4995417,MenuItem
menu_item:4995418,MenuItem
menu_item:4995419,MenuItem
menu_item:4995420,MenuItem
menu_item:4995421,MenuItem
menu_item:4995422,MenuItem
menu_item:4995423,MenuItem
menu_item:4995424,MenuItem
menu_item:4995425,MenuItem
menu_item:4995426,MenuItem
menu_item:4995427,MenuItem
menu_item:4995428,MenuItem
menu_item:4995429,MenuItem
menu_item:4995430,MenuItem
menu_item:4995431,MenuItem
menu_item:4995432,MenuItem
menu_item:4995433,MenuItem
menu_item:4995434,MenuItem
menu_item:4995435,MenuItem
menu_item:4995436,MenuItem
menu_item:4995437,MenuItem
menu_item:4995443,MenuItem
menu_item:4995444,MenuItem
menu_item:4995445,MenuItem
menu_item:4995446,MenuItem
menu_item:4995447,MenuItem
menu_item:4995448,MenuItem
menu_item:4995449,MenuItem
menu_item:5017268,MenuItem
menu_item:5017270,MenuItem
menu_item:5017272,MenuItem
menu_item:5017273,MenuItem
menu_item:503594,MenuItem
menu_item:503595,MenuItem
menu_item:503596,MenuItem
menu_item:503598,MenuItem
menu_item:503599,MenuItem
menu_item:503601,MenuItem
menu_item:5114521,MenuItem
menu_item:5114524,MenuItem
menu_item:5114527,MenuItem
menu_item:5146585,MenuItem
menu_item:5146587,MenuItem
menu_item:5146588,MenuItem
menu_item:5146589,MenuItem
menu_item:5146590,MenuItem
menu_item:5146591,MenuItem
menu_item:5146592,MenuItem
menu_item:5146593,MenuItem
menu_item:5146594,MenuItem
menu_item:5146595,MenuItem
menu_item:5146596,MenuItem
menu_item:5146597,MenuItem
menu_item:5146598,MenuItem
menu_item:5146599,MenuItem
menu_item:5146600,MenuItem
menu_item:5146605,MenuItem
menu_item:5146606,MenuItem
menu_item:5146610,MenuItem
menu_item:519717,MenuItem
menu_item:519719,MenuItem
menu_item:519720,MenuItem
menu_item:519721,MenuItem
menu_item:519722,MenuItem
menu_item:519723,MenuItem
menu_item:519724,MenuItem
menu_item:519725,MenuItem
menu_item:519727,MenuItem
menu_item:519728,MenuItem
menu_item:519730,MenuItem
menu_item:519731,MenuItem
menu_item:519732,MenuItem
menu_item:519733,MenuItem
menu_item:519734,MenuItem
menu_item:519735,MenuItem
menu_item:519736,MenuItem
menu_item:519737,MenuItem
menu_item:519738,MenuItem
menu_item:519739,MenuItem
menu_item:519740,MenuItem
menu_item:519741,MenuItem
menu_item:519742,MenuItem
menu_item:5202115,MenuItem
menu_item:5202116,MenuItem
menu_item:5202117,MenuItem
menu_item:5202118,MenuItem
menu_item:5202119,MenuItem
menu_item:5202120,MenuItem
menu_item:5202121,MenuItem
menu_item:5202122,MenuItem
menu_item:5202123,MenuItem
menu_item:5202124,MenuItem
menu_item:5202125,MenuItem
menu_item:5202126,MenuItem
menu_item:5202127,MenuItem
menu_item:5223192,MenuItem
menu_item:5223194,MenuItem
menu_item:5231848,MenuItem
menu_item:5239772,MenuItem
menu_item:5239773,MenuItem
menu_item:5239774,MenuItem
menu_item:5239776,MenuItem
menu_item:5239777,MenuItem
menu_item:5239778,MenuItem
menu_item:5239779,MenuItem
menu_item:5239780,MenuItem
menu_item:5254022,MenuItem
menu_item:5254023,MenuItem
menu_item:5254024,MenuItem
menu_item:5276947,MenuItem
menu_item:5337585,MenuItem
menu_item:5340364,MenuItem
menu_item:5345960,MenuItem
menu_item:5345961,MenuItem
menu_item:5345962,MenuItem
menu_item:5345963,MenuItem
menu_item:5345964,MenuItem
menu_item:5345965,MenuItem
menu_item:5362942,MenuItem
menu_item:5362945,MenuItem
menu_item:5362946,MenuItem
menu_item:5362947,MenuItem
menu_item:5362948,MenuItem
menu_item:5362949,MenuItem
menu_item:5362950,MenuItem
menu_item:5362953,MenuItem
menu_item:5362954,MenuItem
menu_item:5362955,MenuItem
menu_item:5362956,MenuItem
menu_item:5362957,MenuItem
menu_item:5362958,MenuItem
menu_item:5362959,MenuItem
menu_item:5362960,MenuItem
menu_item:5362961,MenuItem
menu_item:5362962,MenuItem
menu_item:5362963,MenuItem
menu_item:5362964,MenuItem
menu_item:5362965,MenuItem
menu_item:5362966,MenuItem
menu_item:5362968,MenuItem
menu_item:5362969,MenuItem
menu_item:5362970,MenuItem
menu_item:5362971,MenuItem
menu_item:5362973,MenuItem
menu_item:5362974,MenuItem
menu_item:5362975,MenuItem
menu_item:5362976,MenuItem
menu_item:5362978,MenuItem
menu_item:5362980,MenuItem
menu_item:5362981,MenuItem
menu_item:5362982,MenuItem
menu_item:5362983,MenuItem
menu_item:5362984,MenuItem
menu_item:5362987,MenuItem
menu_item:5362990,MenuItem
menu_item:5362991,MenuItem
menu_item:5377815,MenuItem
menu_item:5377816,MenuItem
menu_item:5377817,MenuItem
menu_item:5377819,MenuItem
menu_item:5377820,MenuItem
menu_item:5377821,MenuItem
menu_item:5377822,MenuItem
menu_item:5377823,MenuItem
menu_item:5377825,MenuItem
menu_item:5377826,MenuItem
menu_item:5377827,MenuItem
menu_item:5377828,MenuItem
menu_item:5377829,MenuItem
menu_item:5377830,MenuItem
menu_item:5377831,MenuItem
menu_item:5377832,MenuItem
menu_item:5377848,MenuItem
menu_item:5377849,MenuItem
menu_item:5377850,MenuItem
menu_item:5377851,MenuItem
menu_item:5377852,MenuItem
menu_item:5377853,MenuItem
menu_item:5377854,MenuItem
menu_item:5377855,MenuItem
menu_item:5377856,MenuItem
menu_item:5377858,MenuItem
menu_item:5397644,MenuItem
menu_item:5397645,MenuItem
menu_item:5397646,MenuItem
menu_item:5397647,MenuItem
menu_item:5397648,MenuItem
menu_item:540651,MenuItem
menu_item:540652,MenuItem
menu_item:540653,MenuItem
menu_item:540654,MenuItem
menu_item:540655,MenuItem
menu_item:540656,MenuItem
menu_item:540658,MenuItem
menu_item:540659,MenuItem
menu_item:5438993,MenuItem
menu_item:548617,MenuItem
menu_item:548619,MenuItem
menu_item:548620,MenuItem
menu_item:548622,MenuItem
menu_item:548623,MenuItem
menu_item:548624,MenuItem
menu_item:5496956,MenuItem
menu_item:5496962,MenuItem
menu_item:5496966,MenuItem
menu_item:5496968,MenuItem
menu_item:5497529,MenuItem
menu_item:5497530,MenuItem
menu_item:5497532,MenuItem
menu_item:5497534,MenuItem
menu_item:5497536,MenuItem
menu_item:5539406,MenuItem
menu_item:5600266,MenuItem
menu_item:5600267,MenuItem
menu_item:5600268,MenuItem
menu_item:5609918,MenuItem
menu_item:5609919,MenuItem
menu_item:5609920,MenuItem
menu_item:5609922,MenuItem
menu_item:5609923,MenuItem
menu_item:5609924,MenuItem
menu_item:5609925,MenuItem
menu_item:5609926,MenuItem
menu_item:5609927,MenuItem
menu_item:5609928,MenuItem
menu_item:5609929,MenuItem
menu_item:5609930,MenuItem
menu_item:5609931,MenuItem
menu_item:5609932,MenuItem
menu_item:5609933,MenuItem
menu_item:5609934,MenuItem
menu_item:5609935,MenuItem
menu_item:5609936,MenuItem
menu_item:5609937,MenuItem
menu_item:5609938,MenuItem
menu_item:5609939,MenuItem
menu_item:5609940,MenuItem
menu_item:5609941,MenuItem
menu_item:5609942,MenuItem
menu_item:5611011,MenuItem
menu_item:5633621,MenuItem
menu_item:5633660,MenuItem
menu_item:5633668,MenuItem
menu_item:5633671,MenuItem
menu_item:5633672,MenuItem
menu_item:5741546,MenuItem
menu_item:5809908,MenuItem
menu_item:5809909,MenuItem
menu_item:5845619,MenuItem
menu_item:5851403,MenuItem
menu_item:5851404,MenuItem
menu_item:5851405,MenuItem
menu_item:5851406,MenuItem
menu_item:5874837,MenuItem
menu_item:5874838,MenuItem
menu_item:5874840,MenuItem
menu_item:5874841,MenuItem
menu_item:5874843,MenuItem
menu_item:5874844,MenuItem
menu_item:5874846,MenuItem
menu_item:5874847,MenuItem
menu_item:5874855,MenuItem
menu_item:5874856,MenuItem
menu_item:5874860,MenuItem
menu_item:5874863,MenuItem
menu_item:5874864,MenuItem
menu_item:5874867,MenuItem
menu_item:5874868,MenuItem
menu_item:5874878,MenuItem
menu_item:5874880,MenuItem
menu_item:5874882,MenuItem
menu_item:5874883,MenuItem
menu_item:5874885,MenuItem
menu_item:5874887,MenuItem
menu_item:5874890,MenuItem
menu_item:5874893,MenuItem
menu_item:5874894,MenuItem
menu_item:589529,MenuItem
menu_item:589532,MenuItem
menu_item:589533,MenuItem
menu_item:589534,MenuItem
menu_item:589535,MenuItem
menu_item:589536,MenuItem
menu_item:589537,MenuItem
menu_item:589538,MenuItem
menu_item:589543,MenuItem
menu_item:5924048,MenuItem
menu_item:5924049,MenuItem
menu_item:5924050,MenuItem
menu_item:5924051,MenuItem
menu_item:5924052,MenuItem
menu_item:5924053,MenuItem
menu_item:5924054,MenuItem
menu_item:5924055,MenuItem
menu_item:5924056,MenuItem
menu_item:5924057,MenuItem
menu_item:5924058,MenuItem
menu_item:5924059,MenuItem
menu_item:5924060,MenuItem
menu_item:5924061,MenuItem
menu_item:5924062,MenuItem
menu_item:5983920,MenuItem
menu_item:5983921,MenuItem
menu_item:5983922,MenuItem
menu_item:5983924,MenuItem
menu_item:5983925,MenuItem
menu_item:5986735,MenuItem
menu_item:5986737,MenuItem
menu_item:5986738,MenuItem
menu_item:5986740,MenuItem
menu_item:5993900,MenuItem
menu_item:5993901,MenuItem
menu_item:5993902,MenuItem
menu_item:5993903,MenuItem
menu_item:6004218,MenuItem
menu_item:6029675,MenuItem
menu_item:6029676,MenuItem
menu_item:6029677,MenuItem
menu_item:6037324,MenuItem
menu_item:6037325,MenuItem
menu_item:6037326,MenuItem
menu_item:6037338,MenuItem
menu_item:6037339,MenuItem
menu_item:6037340,MenuItem
menu_item:6037341,MenuItem
menu_item:6037342,MenuItem
menu_item:6037343,MenuItem
menu_item:6037344,MenuItem
menu_item:6037345,MenuItem
menu_item:6037346,MenuItem
menu_item:6037347,MenuItem
menu_item:6037357,MenuItem
menu_item:6037358,MenuItem
menu_item:6037361,MenuItem
menu_item:6037369,MenuItem
menu_item:6037370,MenuItem
menu_item:6037371,MenuItem
menu_item:6037372,MenuItem
menu_item:6055189,MenuItem
menu_item:6055190,MenuItem
menu_item:6055191,MenuItem
menu_item:6055192,MenuItem
menu_item:6055194,MenuItem
menu_item:6055195,MenuItem
menu_item:6055196,MenuItem
menu_item:6055197,MenuItem
menu_item:6055198,MenuItem
menu_item:6077609,MenuItem
menu_item:6077834,MenuItem
menu_item:6077835,MenuItem
menu_item:6077836,MenuItem
menu_item:6077837,MenuItem
menu_item:6088651,MenuItem
menu_item:6123968,MenuItem
menu_item:6123969,MenuItem
menu_item:6123970,MenuItem
menu_item:6125646,MenuItem
menu_item:6125780,MenuItem
menu_item:6126006,MenuItem
menu_item:6127170,MenuItem
menu_item:6128122,MenuItem
menu_item:6128123,MenuItem
menu_item:6128125,MenuItem
menu_item:6128131,MenuItem
menu_item:6129014,MenuItem
menu_item:6129017,MenuItem
menu_item:6129217,MenuItem
menu_item:6129218,MenuItem
menu_item:6148695,MenuItem
menu_item:6148696,MenuItem
menu_item:6148697,MenuItem
menu_item:6148698,MenuItem
menu_item:6151242,MenuItem
menu_item:616020,MenuItem
menu_item:616022,MenuItem
menu_item:616024,MenuItem
menu_item:616028,MenuItem
menu_item:616029,MenuItem
menu_item:616030,MenuItem
menu_item:616031,MenuItem
menu_item:616032,MenuItem
menu_item:616039,MenuItem
menu_item:6227348,MenuItem
menu_item:6227372,MenuItem
menu_item:6251939,MenuItem
menu_item:6272142,MenuItem
menu_item:6312985,MenuItem
menu_item:6312986,MenuItem
menu_item:6322680,MenuItem
menu_item:6322682,MenuItem
menu_item:6322683,MenuItem
menu_item:6322684,MenuItem
menu_item:6322697,MenuItem
menu_item:6322698,MenuItem
menu_item:6322700,MenuItem
menu_item:6322701,MenuItem
menu_item:6322784,MenuItem
menu_item:6322785,MenuItem
menu_item:6351656,MenuItem
menu_item:6351658,MenuItem
menu_item:6359725,MenuItem
menu_item:6359726,MenuItem
menu_item:6375281,MenuItem
menu_item:6375283,MenuItem
menu_item:6375285,MenuItem
menu_item:6375447,MenuItem
menu_item:6375448,MenuItem
menu_item:6375449,MenuItem
menu_item:6375536,MenuItem
menu_item:6375569,MenuItem
menu_item:6389106,MenuItem
menu_item:6393657,MenuItem
menu_item:6393658,MenuItem
menu_item:6393659,MenuItem
menu_item:6393660,MenuItem
menu_item:6393661,MenuItem
menu_item:6393662,MenuItem
menu_item:6393663,MenuItem
menu_item:6393664,MenuItem
menu_item:6393665,MenuItem
menu_item:6393666,MenuItem
menu_item:6400352,MenuItem
menu_item:6400353,MenuItem
menu_item:6400514,MenuItem
menu_item:6406136,MenuItem
menu_item:6406148,MenuItem
menu_item:6406165,MenuItem
menu_item:6407543,MenuItem
menu_item:6407545,MenuItem
menu_item:6410385,MenuItem
menu_item:6425106,MenuItem
menu_item:6425107,MenuItem
menu_item:6425110,MenuItem
menu_item:6425111,MenuItem
menu_item:6425112,MenuItem
menu_item:6425114,MenuItem
menu_item:6425116,MenuItem
menu_item:6425117,MenuItem
menu_item:6425119,MenuItem
menu_item:6425120,MenuItem
menu_item:6425121,MenuItem
menu_item:6425124,MenuItem
menu_item:6425125,MenuItem
menu_item:6425128,MenuItem
menu_item:6425130,MenuItem
menu_item:6425131,MenuItem
menu_item:6425133,MenuItem
menu_item:6425134,MenuItem
menu_item:6425135,MenuItem
menu_item:6425136,MenuItem
menu_item:6425137,MenuItem
menu_item:6425138,MenuItem
menu_item:6425139,MenuItem
menu_item:6425140,MenuItem
menu_item:6425142,MenuItem
menu_item:6425143,MenuItem
menu_item:6425144,MenuItem
menu_item:6425145,MenuItem
menu_item:6425147,MenuItem
menu_item:6425148,MenuItem
menu_item:6425150,MenuItem
menu_item:6425151,MenuItem
menu_item:6425152,MenuItem
menu_item:6425154,MenuItem
menu_item:6425156,MenuItem
menu_item:6425157,MenuItem
menu_item:6425158,MenuItem
menu_item:6425159,MenuItem
menu_item:6425160,MenuItem
menu_item:6425162,MenuItem
menu_item:6425163,MenuItem
menu_item:6425164,MenuItem
menu_item:6425166,MenuItem
menu_item:6425167,MenuItem
menu_item:6425169,MenuItem
menu_item:6425171,MenuItem
menu_item:6425174,MenuItem
menu_item:6425175,MenuItem
menu_item:6425176,MenuItem
menu_item:6425177,MenuItem
menu_item:6425178,MenuItem
menu_item:6425179,MenuItem
menu_item:6425180,MenuItem
menu_item:6425184,MenuItem
menu_item:6425187,MenuItem
menu_item:6425188,MenuItem
menu_item:6425191,MenuItem
menu_item:6425192,MenuItem
menu_item:6425193,MenuItem
menu_item:6425194,MenuItem
menu_item:6425196,MenuItem
menu_item:6425197,MenuItem
menu_item:6425198,MenuItem
menu_item:6425199,MenuItem
menu_item:6425200,MenuItem
menu_item:6425243,MenuItem
menu_item:6425244,MenuItem
menu_item:6425246,MenuItem
menu_item:6437084,MenuItem
menu_item:6438446,MenuItem
menu_item:6438447,MenuItem
menu_item:6438448,MenuItem
menu_item:6438449,MenuItem
menu_item:6438450,MenuItem
menu_item:6438451,MenuItem
menu_item:6438452,MenuItem
menu_item:6438453,MenuItem
menu_item:6438454,MenuItem
menu_item:6438455,MenuItem
menu_item:6451874,MenuItem
menu_item:6467064,MenuItem
menu_item:648492,MenuItem
menu_item:648493,MenuItem
menu_item:648494,MenuItem
menu_item:648495,MenuItem
menu_item:648497,MenuItem
menu_item:648498,MenuItem
menu_item:648499,MenuItem
menu_item:648500,MenuItem
menu_item:648502,MenuItem
menu_item:648503,MenuItem
menu_item:648506,MenuItem
menu_item:648509,MenuItem
menu_item:648510,MenuItem
menu_item:648511,MenuItem
menu_item:6503273,MenuItem
menu_item:6503290,MenuItem
menu_item:6503299,MenuItem
menu_item:6503328,MenuItem
menu_item:6503331,MenuItem
menu_item:6508774,MenuItem
menu_item:6508848,MenuItem
menu_item:6508854,MenuItem
menu_item:6509156,MenuItem
menu_item:651417,MenuItem
menu_item:651418,MenuItem
menu_item:651419,MenuItem
menu_item:651420,MenuItem
menu_item:651421,MenuItem
menu_item:651422,MenuItem
menu_item:651423,MenuItem
menu_item:651424,MenuItem
menu_item:6589098,MenuItem
menu_item:659307,MenuItem
menu_item:659308,MenuItem
menu_item:659309,MenuItem
menu_item:659310,MenuItem
menu_item:659311,MenuItem
menu_item:659312,MenuItem
menu_item:659313,MenuItem
menu_item:659314,MenuItem
menu_item:659315,MenuItem
menu_item:659316,MenuItem
menu_item:659317,MenuItem
menu_item:659319,MenuItem
menu_item:659320,MenuItem
menu_item:6609740,MenuItem
menu_item:6609741,MenuItem
menu_item:6609742,MenuItem
menu_item:6613857,MenuItem
menu_item:6623572,MenuItem
menu_item:6623931,MenuItem
menu_item:6623932,MenuItem
menu_item:6627163,MenuItem
menu_item:6627164,MenuItem
menu_item:6627165,MenuItem
menu_item:6627168,MenuItem
menu_item:663177,MenuItem
menu_item:663178,MenuItem
menu_item:663181,MenuItem
menu_item:663182,MenuItem
menu_item:663183,MenuItem
menu_item:6640522,MenuItem
menu_item:6641551,MenuItem
menu_item:6641554,MenuItem
menu_item:6643129,MenuItem
menu_item:6643130,MenuItem
menu_item:6643131,MenuItem
menu_item:6643132,MenuItem
menu_item:6643133,MenuItem
menu_item:6643134,MenuItem
menu_item:6643135,MenuItem
menu_item:6643136,MenuItem
menu_item:6643137,MenuItem
menu_item:6643138,MenuItem
menu_item:6643139,MenuItem
menu_item:6643141,MenuItem
menu_item:6643142,MenuItem
menu_item:6643144,MenuItem
menu_item:6643145,MenuItem
menu_item:6643146,MenuItem
menu_item:6643147,MenuItem
menu_item:6643148,MenuItem
menu_item:6643149,MenuItem
menu_item:6643150,MenuItem
menu_item:6643151,MenuItem
menu_item:6643152,MenuItem
menu_item:6643153,MenuItem
menu_item:6643154,MenuItem
menu_item:6643155,MenuItem
menu_item:6643156,MenuItem
menu_item:6643157,MenuItem
menu_item:6643158,MenuItem
menu_item:6798092,MenuItem
menu_item:6798093,MenuItem
menu_item:6798094,MenuItem
menu_item:6798095,MenuItem
menu_item:6798096,MenuItem
menu_item:6798098,MenuItem
menu_item:6798099,MenuItem
menu_item:6798100,MenuItem
menu_item:6798101,MenuItem
menu_item:6807873,MenuItem
menu_item:6821345,MenuItem
menu_item:684101,MenuItem
menu_item:684102,MenuItem
menu_item:684103,MenuItem
menu_item:684104,MenuItem
menu_item:684106,MenuItem
menu_item:684107,MenuItem
menu_item:684108,MenuItem
menu_item:684109,MenuItem
menu_item:684110,MenuItem
menu_item:684111,MenuItem
menu_item:684112,MenuItem
menu_item:684113,MenuItem
menu_item:684114,MenuItem
menu_item:684115,MenuItem
menu_item:684116,MenuItem
menu_item:6861606,MenuItem
menu_item:6861607,MenuItem
menu_item:6861608,MenuItem
menu_item:6861609,MenuItem
menu_item:6861610,MenuItem
menu_item:6861611,MenuItem
menu_item:6861612,MenuItem
menu_item:6861615,MenuItem
menu_item:6861616,MenuItem
menu_item:6861617,MenuItem
menu_item:6861618,MenuItem
menu_item:6861619,MenuItem
menu_item:6861620,MenuItem
menu_item:6861621,MenuItem
menu_item:6861622,MenuItem
menu_item:6861623,MenuItem
menu_item:6861624,MenuItem
menu_item:6879079,MenuItem
menu_item:6891855,MenuItem
menu_item:6891856,MenuItem
menu_item:6891857,MenuItem
menu_item:694005,MenuItem
menu_item:694009,MenuItem
menu_item:694012,MenuItem
menu_item:694017,MenuItem
menu_item:694021,MenuItem
menu_item:694024,MenuItem
menu_item:694028,MenuItem
menu_item:6941918,MenuItem
menu_item:6945147,MenuItem
menu_item:6945265,MenuItem
menu_item:6945266,MenuItem
menu_item:6945269,MenuItem
menu_item:6945270,MenuItem
menu_item:6945271,MenuItem
menu_item:6945273,MenuItem
menu_item:6945274,MenuItem
menu_item:6945276,MenuItem
menu_item:6959204,MenuItem
menu_item:6960308,MenuItem
menu_item:6997349,MenuItem
menu_item:6997350,MenuItem
menu_item:6997352,MenuItem
menu_item:6997356,MenuItem
menu_item:6997358,MenuItem
menu_item:6997359,MenuItem
menu_item:6997360,MenuItem
menu_item:6997364,MenuItem
menu_item:6997368,MenuItem
menu_item:6997369,MenuItem
menu_item:6997370,MenuItem
menu_item:6997371,MenuItem
menu_item:7019401,MenuItem
menu_item:7023381,MenuItem
menu_item:7031292,MenuItem
menu_item:7031294,MenuItem
menu_item:7031295,MenuItem
menu_item:7031296,MenuItem
menu_item:7031297,MenuItem
menu_item:7031298,MenuItem
menu_item:7031300,MenuItem
menu_item:7031301,MenuItem
menu_item:7031302,MenuItem
menu_item:7031303,MenuItem
menu_item:7031304,MenuItem
menu_item:7031306,MenuItem
menu_item:7031307,MenuItem
menu_item:7031308,MenuItem
menu_item:7031309,MenuItem
menu_item:7031311,MenuItem
menu_item:7031313,MenuItem
menu_item:7031321,MenuItem
menu_item:7031322,MenuItem
menu_item:7031323,MenuItem
menu_item:7085317,MenuItem
menu_item:7090716,MenuItem
menu_item:7110985,MenuItem
menu_item:7110986,MenuItem
menu_item:7110987,MenuItem
menu_item:7110988,MenuItem
menu_item:7110989,MenuItem
menu_item:7110990,MenuItem
menu_item:7119568,MenuItem
menu_item:716013,MenuItem
menu_item:716014,MenuItem
menu_item:716015,MenuItem
menu_item:7209942,MenuItem
menu_item:7209943,MenuItem
menu_item:7216750,MenuItem
menu_item:7216751,MenuItem
menu_item:7216752,MenuItem
menu_item:7216753,MenuItem
menu_item:721727,MenuItem
menu_item:721731,MenuItem
menu_item:7225351,MenuItem
menu_item:7244539,MenuItem
menu_item:7244540,MenuItem
menu_item:7244541,MenuItem
menu_item:7244542,MenuItem
menu_item:7244543,MenuItem
menu_item:7244544,MenuItem
menu_item:7244649,MenuItem
menu_item:7244655,MenuItem
menu_item:7301935,MenuItem
menu_item:7316583,MenuItem
menu_item:7331070,MenuItem
menu_item:7331126,MenuItem
menu_item:7339151,MenuItem
menu_item:7339152,MenuItem
menu_item:7365329,MenuItem
menu_item:7365330,MenuItem
menu_item:7365331,MenuItem
menu_item:7365336,MenuItem
menu_item:737509,MenuItem
menu_item:737511,MenuItem
menu_item:7390659,MenuItem
menu_item:7390660,MenuItem
menu_item:7390661,MenuItem
menu_item:7390662,MenuItem
menu_item:7390663,MenuItem
menu_item:7392114,MenuItem
menu_item:7392115,MenuItem
menu_item:7404288,MenuItem
menu_item:7424268,MenuItem
menu_item:7437953,MenuItem
menu_item:7440802,MenuItem
menu_item:744806,MenuItem
menu_item:744811,MenuItem
menu_item:744814,MenuItem
menu_item:744815,MenuItem
menu_item:744818,MenuItem
menu_item:745857,MenuItem
menu_item:745858,MenuItem
menu_item:745860,MenuItem
menu_item:745861,MenuItem
menu_item:745865,MenuItem
menu_item:745866,MenuItem
menu_item:745868,MenuItem
menu_item:745869,MenuItem
menu_item:745870,MenuItem
menu_item:745871,MenuItem
menu_item:745872,MenuItem
menu_item:745873,MenuItem
menu_item:745874,MenuItem
menu_item:745875,MenuItem
menu_item:7487223,MenuItem
menu_item:7487224,MenuItem
menu_item:7487225,MenuItem
menu_item:7487226,MenuItem
menu_item:7487230,MenuItem
menu_item:7487232,MenuItem
menu_item:7487233,MenuItem
menu_item:7487234,MenuItem
menu_item:7503266,MenuItem
menu_item:7503267,MenuItem
menu_item:7503268,MenuItem
menu_item:7503269,MenuItem
menu_item:7503270,MenuItem
menu_item:7503271,MenuItem
menu_item:7503272,MenuItem
menu_item:7503273,MenuItem
menu_item:7503274,MenuItem
menu_item:7503277,MenuItem
menu_item:7503278,MenuItem
menu_item:7573135,MenuItem
menu_item:7573136,MenuItem
menu_item:7573137,MenuItem
menu_item:7573138,MenuItem
menu_item:7573139,MenuItem
menu_item:7573140,MenuItem
menu_item:7582731,MenuItem
menu_item:7582732,MenuItem
menu_item:7582733,MenuItem
menu_item:7582734,MenuItem
menu_item:7582735,MenuItem
menu_item:7582736,MenuItem
menu_item:7582737,MenuItem
menu_item:7582738,MenuItem
menu_item:7582739,MenuItem
menu_item:7582741,MenuItem
menu_item:7582742,MenuItem
menu_item:7582743,MenuItem
menu_item:7582744,MenuItem
menu_item:7582745,MenuItem
menu_item:7582746,MenuItem
menu_item:7582747,MenuItem
menu_item:7582748,MenuItem
menu_item:7582751,MenuItem
menu_item:7582752,MenuItem
menu_item:7582753,MenuItem
menu_item:7582754,MenuItem
menu_item:7582755,MenuItem
menu_item:7586659,MenuItem
menu_item:7586660,MenuItem
menu_item:7607402,MenuItem
menu_item:7617183,MenuItem
menu_item:7617184,MenuItem
menu_item:7617185,MenuItem
menu_item:7617186,MenuItem
menu_item:7648690,MenuItem
menu_item:7648691,MenuItem
menu_item:7648692,MenuItem
menu_item:7648693,MenuItem
menu_item:7651666,MenuItem
menu_item:7651667,MenuItem
menu_item:7651668,MenuItem
menu_item:7651669,MenuItem
menu_item:7651670,MenuItem
menu_item:7651671,MenuItem
menu_item:7652936,MenuItem
menu_item:7652937,MenuItem
menu_item:7652938,MenuItem
menu_item:7653019,MenuItem
menu_item:7654256,MenuItem
menu_item:7654305,MenuItem
menu_item:7655230,MenuItem
menu_item:7655698,MenuItem
menu_item:7670603,MenuItem
menu_item:7670604,MenuItem
menu_item:7670605,MenuItem
menu_item:7670606,MenuItem
menu_item:7670607,MenuItem
menu_item:7670608,MenuItem
menu_item:7670609,MenuItem
menu_item:7716578,MenuItem
menu_item:7716616,MenuItem
menu_item:7716640,MenuItem
menu_item:7716655,MenuItem
menu_item:7740188,MenuItem
menu_item:7763413,MenuItem
menu_item:7763414,MenuItem
menu_item:7763415,MenuItem
menu_item:7763416,MenuItem
menu_item:7763417,MenuItem
menu_item:7777615,MenuItem
menu_item:7777737,MenuItem
menu_item:7777738,MenuItem
menu_item:7777739,MenuItem
menu_item:7778068,MenuItem
menu_item:7778070,MenuItem
menu_item:7779584,MenuItem
menu_item:7804816,MenuItem
menu_item:7804817,MenuItem
menu_item:7804818,MenuItem
menu_item:7804819,MenuItem
menu_item:7804821,MenuItem
menu_item:7804822,MenuItem
menu_item:7824041,MenuItem
menu_item:7824043,MenuItem
menu_item:7824044,MenuItem
menu_item:7824046,MenuItem
menu_item:7824049,MenuItem
menu_item:7824050,MenuItem
menu_item:7824051,MenuItem
menu_item:7824053,MenuItem
menu_item:7824055,MenuItem
menu_item:7824056,MenuItem
menu_item:7824057,MenuItem
menu_item:7869543,MenuItem
menu_item:7897367,MenuItem
menu_item:7910090,MenuItem
menu_item:7927137,MenuItem
menu_item:7936257,MenuItem
menu_item:7950623,MenuItem
menu_item:7950649,MenuItem
menu_item:7950653,MenuItem
menu_item:7950655,MenuItem
menu_item:8019093,MenuItem
menu_item:8019094,MenuItem
menu_item:8019095,MenuItem
menu_item:8022798,MenuItem
menu_item:8047187,MenuItem
menu_item:8070574,MenuItem
menu_item:8070975,MenuItem
menu_item:8093782,MenuItem
menu_item:8101714,MenuItem
menu_item:8102496,MenuItem
menu_item:8116988,MenuItem
menu_item:8116989,MenuItem
menu_item:8133304,MenuItem
menu_item:8133317,MenuItem
menu_item:8139375,MenuItem
menu_item:8139377,MenuItem
menu_item:8139378,MenuItem
menu_item:8139379,MenuItem
menu_item:8139380,MenuItem
menu_item:8139381,MenuItem
menu_item:8139382,MenuItem
menu_item:8139383,MenuItem
menu_item:8139384,MenuItem
menu_item:8139385,MenuItem
menu_item:8139386,MenuItem
menu_item:8139387,MenuItem
menu_item:8139388,MenuItem
menu_item:8139389,MenuItem
menu_item:8139393,MenuItem
menu_item:8139396,MenuItem
menu_item:8139397,MenuItem
menu_item:8139398,MenuItem
menu_item:8149929,MenuItem
menu_item:8149936,MenuItem
menu_item:8184947,MenuItem
menu_item:8184948,MenuItem
menu_item:8184949,MenuItem
menu_item:8184950,MenuItem
menu_item:8184952,MenuItem
menu_item:8184953,MenuItem
menu_item:8184955,MenuItem
menu_item:8184956,MenuItem
menu_item:818936,MenuItem
menu_item:8213843,MenuItem
menu_item:8213844,MenuItem
menu_item:8311284,MenuItem
menu_item:8325428,MenuItem
menu_item:8326343,MenuItem
menu_item:8326357,MenuItem
menu_item:8326373,MenuItem
menu_item:8338093,MenuItem
menu_item:8338150,MenuItem
menu_item:8338151,MenuItem
menu_item:8338152,MenuItem
menu_item:8338154,MenuItem
menu_item:8338155,MenuItem
menu_item:8338156,MenuItem
menu_item:8338157,MenuItem
menu_item:8338166,MenuItem
menu_item:8342743,MenuItem
menu_item:8342745,MenuItem
menu_item:8342746,MenuItem
menu_item:8342747,MenuItem
menu_item:8388285,MenuItem
menu_item:8388287,MenuItem
menu_item:8388292,MenuItem
menu_item:8388300,MenuItem
menu_item:8430508,MenuItem
menu_item:8462053,MenuItem
menu_item:8462057,MenuItem
menu_item:8462060,MenuItem
menu_item:8462062,MenuItem
menu_item:8462063,MenuItem
menu_item:8462064,MenuItem
menu_item:8462419,MenuItem
menu_item:8477155,MenuItem
menu_item:8477175,MenuItem
menu_item:8478809,MenuItem
menu_item:8565059,MenuItem
menu_item:857273,MenuItem
menu_item:858187,MenuItem
menu_item:858188,MenuItem
menu_item:858189,MenuItem
menu_item:858190,MenuItem
menu_item:858191,MenuItem
menu_item:858192,MenuItem
menu_item:858193,MenuItem
menu_item:858197,MenuItem
menu_item:858198,MenuItem
menu_item:858199,MenuItem
menu_item:858200,MenuItem
menu_item:858203,MenuItem
menu_item:864460,MenuItem
menu_item:8657246,MenuItem
menu_item:8668863,MenuItem
menu_item:8668864,MenuItem
menu_item:8668865,MenuItem
menu_item:8668866,MenuItem
menu_item:8668867,MenuItem
menu_item:8668868,MenuItem
menu_item:8668869,MenuItem
menu_item:8668870,MenuItem
menu_item:8668871,MenuItem
menu_item:8668873,MenuItem
menu_item:8668874,MenuItem
menu_item:8668875,MenuItem
menu_item:8668876,MenuItem
menu_item:8668877,MenuItem
menu_item:8668878,MenuItem
menu_item:8668879,MenuItem
menu_item:8670357,MenuItem
menu_item:8670359,MenuItem
menu_item:8670361,MenuItem
menu_item:8670370,MenuItem
menu_item:8670456,MenuItem
menu_item:8670459,MenuItem
menu_item:8670460,MenuItem
menu_item:8670461,MenuItem
menu_item:8670463,MenuItem
menu_item:8670464,MenuItem
menu_item:8670465,MenuItem
menu_item:8670519,MenuItem
menu_item:8670521,MenuItem
menu_item:8670522,MenuItem
menu_item:8670530,MenuItem
menu_item:8671170,MenuItem
menu_item:8671172,MenuItem
menu_item:8671173,MenuItem
menu_item:8671174,MenuItem
menu_item:8671175,MenuItem
menu_item:8671177,MenuItem
menu_item:8671178,MenuItem
menu_item:867932,MenuItem
menu_item:867933,MenuItem
menu_item:867935,MenuItem
menu_item:867936,MenuItem
menu_item:867937,MenuItem
menu_item:867938,MenuItem
menu_item:867939,MenuItem
menu_item:867940,MenuItem
menu_item:867941,MenuItem
menu_item:867942,MenuItem
menu_item:867943,MenuItem
menu_item:867944,MenuItem
menu_item:867945,MenuItem
menu_item:867946,MenuItem
menu_item:867947,MenuItem
menu_item:867948,MenuItem
menu_item:867949,MenuItem
menu_item:867950,MenuItem
menu_item:867951,MenuItem
menu_item:867952,MenuItem
menu_item:867953,MenuItem
menu_item:867954,MenuItem
menu_item:867955,MenuItem
menu_item:867956,MenuItem
menu_item:867957,MenuItem
menu_item:867958,MenuItem
menu_item:867959,MenuItem
menu_item:867960,MenuItem
menu_item:867961,MenuItem
menu_item:867962,MenuItem
menu_item:867963,MenuItem
menu_item:867964,MenuItem
menu_item:867965,MenuItem
menu_item:867966,MenuItem
menu_item:867967,MenuItem
menu_item:867968,MenuItem
menu_item:867969,MenuItem
menu_item:867970,MenuItem
menu_item:867971,MenuItem
menu_item:867972,MenuItem
menu_item:867973,MenuItem
menu_item:867974,MenuItem
menu_item:867981,MenuItem
menu_item:8691768,MenuItem
menu_item:8718881,MenuItem
menu_item:8718882,MenuItem
menu_item:8718891,MenuItem
menu_item:876288,MenuItem
menu_item:876289,MenuItem
menu_item:876290,MenuItem
menu_item:876291,MenuItem
menu_item:876292,MenuItem
menu_item:876293,MenuItem
menu_item:876294,MenuItem
menu_item:876295,MenuItem
menu_item:876296,MenuItem
menu_item:876297,MenuItem
menu_item:876298,MenuItem
menu_item:876303,MenuItem
menu_item:876306,MenuItem
menu_item:876307,MenuItem
menu_item:876309,MenuItem
menu_item:876310,MenuItem
menu_item:8766972,MenuItem
menu_item:8766998,MenuItem
menu_item:8766999,MenuItem
menu_item:8767005,MenuItem
menu_item:8767018,MenuItem
menu_item:8767458,MenuItem
menu_item:881818,MenuItem
menu_item:8873192,MenuItem
menu_item:8927387,MenuItem
menu_item:8944521,MenuItem
menu_item:9009741,MenuItem
menu_item:9016912,MenuItem
menu_item:9017441,MenuItem
menu_item:9017691,MenuItem
menu_item:9017734,MenuItem
menu_item:9018047,MenuItem
menu_item:9018292,MenuItem
menu_item:9050411,MenuItem
menu_item:9050419,MenuItem
menu_item:9050428,MenuItem
menu_item:9050430,MenuItem
menu_item:9050433,MenuItem
menu_item:9050435,MenuItem
menu_item:9050436,MenuItem
menu_item:9051128,MenuItem
menu_item:9055682,MenuItem
menu_item:9055683,MenuItem
menu_item:9055688,MenuItem
menu_item:9055691,MenuItem
menu_item:9055693,MenuItem
menu_item:9057469,MenuItem
menu_item:9057470,MenuItem
menu_item:9057471,MenuItem
menu_item:9057472,MenuItem
menu_item:9057474,MenuItem
menu_item:9057492,MenuItem
menu_item:9057500,MenuItem
menu_item:9057501,MenuItem
menu_item:9057502,MenuItem
menu_item:9057505,MenuItem
menu_item:9057520,MenuItem
menu_item:9057521,MenuItem
menu_item:9057522,MenuItem
menu_item:9057523,MenuItem
menu_item:9057524,MenuItem
menu_item:9057584,MenuItem
menu_item:9057586,MenuItem
menu_item:9057588,MenuItem
menu_item:9057590,MenuItem
menu_item:9057593,MenuItem
menu_item:9059946,MenuItem
menu_item:9063676,MenuItem
menu_item:9063727,MenuItem
menu_item:9063998,MenuItem
menu_item:9113549,MenuItem
menu_item:9113550,MenuItem
menu_item:9113551,MenuItem
menu_item:9113552,MenuItem
menu_item:9113554,MenuItem
menu_item:9128144,MenuItem
menu_item:915149,MenuItem
menu_item:915156,MenuItem
menu_item:915157,MenuItem
menu_item:9152024,MenuItem
menu_item:9153051,MenuItem
menu_item:9153071,MenuItem
menu_item:9187674,MenuItem
menu_item:9219335,MenuItem
menu_item:9219909,MenuItem
menu_item:9219917,MenuItem
menu_item:9219924,MenuItem
menu_item:9224337,MenuItem
menu_item:9264849,MenuItem
menu_item:9268155,MenuItem
menu_item:9268161,MenuItem
menu_item:9286479,MenuItem
menu_item:9286480,MenuItem
menu_item:9286481,MenuItem
menu_item:9286482,MenuItem
menu_item:9286483,MenuItem
menu_item:9286484,MenuItem
menu_item:9286485,MenuItem
menu_item:9286486,MenuItem
menu_item:9286487,MenuItem
menu_item:930293,MenuItem
menu_item:930305,MenuItem
menu_item:930306,MenuItem
menu_item:930309,MenuItem
menu_item:930315,MenuItem
menu_item:930479,MenuItem
menu_item:930481,MenuItem
menu_item:930483,MenuItem
menu_item:930484,MenuItem
menu_item:930488,MenuItem
menu_item:930490,MenuItem
menu_item:9323012,MenuItem
menu_item:9323013,MenuItem
menu_item:9323014,MenuItem
menu_item:9323015,MenuItem
menu_item:9323016,MenuItem
menu_item:9323017,MenuItem
menu_item:9343774,MenuItem
menu_item:9343775,MenuItem
menu_item:9357081,MenuItem
menu_item:9357082,MenuItem
menu_item:9359634,MenuItem
menu_item:9359641,MenuItem
menu_item:9359650,MenuItem
menu_item:9360010,MenuItem
menu_item:9361035,MenuItem
menu_item:9361037,MenuItem
menu_item:9361038,MenuItem
menu_item:9361040,MenuItem
menu_item:9361366,MenuItem
menu_item:9366052,MenuItem
menu_item:9366055,MenuItem
menu_item:9366058,MenuItem
menu_item:9366059,MenuItem
menu_item:9366061,MenuItem
menu_item:9366063,MenuItem
menu_item:9366065,MenuItem
menu_item:9366068,MenuItem
menu_item:9366070,MenuItem
menu_item:9366073,MenuItem
menu_item:9366074,MenuItem
menu_item:9366078,MenuItem
menu_item:9366079,MenuItem
menu_item:9372458,MenuItem
menu_item:9380734,MenuItem
menu_item:9388092,MenuItem
menu_item:9388112,MenuItem
menu_item:9388113,MenuItem
menu_item:9388120,MenuItem
menu_item:9388126,MenuItem
menu_item:9388128,MenuItem
menu_item:9399195,MenuItem
menu_item:9419692,MenuItem
menu_item:9448304,MenuItem
menu_item:9449664,MenuItem
menu_item:9459016,MenuItem
menu_item:9481930,MenuItem
menu_item:9489165,MenuItem
menu_item:9491209,MenuItem
menu_item:9491211,MenuItem
menu_item:9491213,MenuItem
menu_item:9491216,MenuItem
menu_item:9491219,MenuItem
menu_item:9491221,MenuItem
menu_item:9491224,MenuItem
menu_item:9491226,MenuItem
menu_item:94965,MenuItem
menu_item:94969,MenuItem
menu_item:94974,MenuItem
menu_item:94976,MenuItem
menu_item:9501149,MenuItem
menu_item:9501152,MenuItem
menu_item:9502122,MenuItem
menu_item:9512185,MenuItem
menu_item:9544631,MenuItem
menu_item:9544664,MenuItem
menu_item:9555042,MenuItem
menu_item:9568245,MenuItem
menu_item:9596704,MenuItem
menu_item:9597504,MenuItem
menu_item:9597505,MenuItem
menu_item:9612627,MenuItem
menu_item:9619297,MenuItem
menu_item:9619858,MenuItem
menu_item:9619861,MenuItem
menu_item:9619863,MenuItem
menu_item:9619914,MenuItem
menu_item:9619937,MenuItem
menu_item:9619941,MenuItem
menu_item:9619943,MenuItem
menu_item:9623816,MenuItem
menu_item:9635140,MenuItem
menu_item:9643095,MenuItem
menu_item:9644509,MenuItem
menu_item:9656371,MenuItem
menu_item:9656372,MenuItem
menu_item:9656574,MenuItem
menu_item:9656575,MenuItem
menu_item:9656576,MenuItem
menu_item:9664908,MenuItem
menu_item:9664969,MenuItem
menu_item:9664970,MenuItem
menu_item:9664971,MenuItem
menu_item:9664972,MenuItem
menu_item:9664973,MenuItem
menu_item:9664975,MenuItem
menu_item:9664976,MenuItem
menu_item:9664978,MenuItem
menu_item:9664979,MenuItem
menu_item:9664980,MenuItem
menu_item:9664981,MenuItem
menu_item:9664982,MenuItem
menu_item:9664983,MenuItem
menu_item:9664984,MenuItem
menu_item:9664985,MenuItem
menu_item:9688409,MenuItem
menu_item:9688459,MenuItem
menu_item:9688460,MenuItem
menu_item:9688461,MenuItem
menu_item:9688462,MenuItem
menu_item:9688463,MenuItem
menu_item:9688464,MenuItem
menu_item:9688465,MenuItem
menu_item:9688466,MenuItem
menu_item:9688467,MenuItem
menu_item:9688468,MenuItem
menu_item:9688479,MenuItem
menu_item:9688480,MenuItem
menu_item:9688481,MenuItem
menu_item:9688483,MenuItem
menu_item:9688484,MenuItem
menu_item:9690956,MenuItem
menu_item:9690957,MenuItem
menu_item:9690958,MenuItem
menu_item:9747827,MenuItem
menu_item:9747833,MenuItem
menu_item:9747836,MenuItem
menu_item:9749033,MenuItem
menu_item:9766759,MenuItem
menu_item:9766760,MenuItem
menu_item:9766761,MenuItem
menu_item:9766762,MenuItem
menu_item:9766763,MenuItem
menu_item:9766765,MenuItem
menu_item:9767083,MenuItem
menu_item:9774862,MenuItem
menu_item:9774868,MenuItem
menu_item:9774875,MenuItem
menu_item:9774876,MenuItem
menu_item:9774877,MenuItem
menu_item:9774878,MenuItem
menu_item:9774879,MenuItem
menu_item:9774880,MenuItem
menu_item:9774887,MenuItem
menu_item:9774888,MenuItem
menu_item:9774889,MenuItem
menu_item:9775322,MenuItem
menu_item:9775348,MenuItem
menu_item:9775396,MenuItem
menu_item:9793575,MenuItem
menu_item:9793578,MenuItem
menu_item:9794410,MenuItem
menu_item:9794411,MenuItem
menu_item:9794412,MenuItem
menu_item:9796126,MenuItem
menu_item:9796129,MenuItem
menu_item:9796130,MenuItem
menu_item:9796327,MenuItem
menu_item:9796328,MenuItem
menu_item:9797086,MenuItem
menu_item:9797087,MenuItem
menu_item:9797088,MenuItem
menu_item:9798770,MenuItem
menu_item:9798771,MenuItem
menu_item:9798772,MenuItem
menu_item:9798773,MenuItem
menu_item:9798774,MenuItem
menu_item:9798775,MenuItem
menu_item:9798776,MenuItem
menu_item:9798777,MenuItem
menu_item:9798778,MenuItem
menu_item:9798779,MenuItem
menu_item:9800475,MenuItem
menu_item:9800476,MenuItem
menu_item:9837070,MenuItem
menu_item:9838712,MenuItem
menu_item:9838713,MenuItem
menu_item:9838714,MenuItem
menu_item:9838715,MenuItem
menu_item:9838717,MenuItem
menu_item:9838718,MenuItem
menu_item:9838719,MenuItem
menu_item:9838720,MenuItem
menu_item:9838721,MenuItem
menu_item:9838722,MenuItem
menu_item:9838723,MenuItem
menu_item:9838724,MenuItem
menu_item:9838725,MenuItem
menu_item:9838727,MenuItem
menu_item:9838728,MenuItem
menu_item:9852203,MenuItem
menu_item:9876643,MenuItem
menu_item:9890402,MenuItem
menu_item:9922790,MenuItem
menu_item:9922791,MenuItem
menu_item:9922792,MenuItem
menu_item:9922793,MenuItem
menu_item:9922794,MenuItem
menu_item:9940365,MenuItem
menu_item:9940366,MenuItem
menu_item:9940368,MenuItem
menu_item:9940369,MenuItem
menu_item:9940370,MenuItem
menu_item:9940371,MenuItem
menu_item:9940373,MenuItem
menu_item:9940374,MenuItem
menu_item:9941623,MenuItem
menu_item:9945135,MenuItem
menu_item:9945136,MenuItem
menu_item:9945137,MenuItem
menu_item:9945138,MenuItem
menu_item:9945139,MenuItem
menu_item:9945140,MenuItem
menu_item:9947702,MenuItem
menu_item:9947703,MenuItem
menu_item:9947704,MenuItem
menu_item:9949959,MenuItem
menu_item:9949960,MenuItem
menu_item:9949961,MenuItem
menu_item:996310,MenuItem
price_band:budget,PriceBand
price_band:mid,PriceBand
price_band:premium,PriceBand
review:00062a63fdf0af06,Review
review:0020e07e008bfae7,Review
review:00369b5b97124a5f,Review
review:011c0492833432a7,Review
review:0199f89f7896a446,Review
review:019e45c157f84c81,Review
review:01f828c78dbbdf9b,Review
review:02382f5203ef619d,Review
review:02c14a98bce4c09a,Review
review:02eaa7112958cf39,Review
review:034280269b2e6df5,Review
review:037157be32ed104c,Review
review:0372b2ecb8c342a2,Review
review:037524472026eec6,Review
review:040c391009b86a35,Review
review:045f615420bac780,Review
review:046b26a5537ab24d,Review
review:048d7e9f11d27735,Review
review:0518770f0d6dbabf,Review
review:059f74e0e70f7fec,Review
review:05aa067cdcd9cf3f,Review
review:05fd48ad37a243dc,Review
review:0624ad7481aa585b,Review
review:067f0442bf3588bd,Review
review:068e2e65c4ae67f3,Review
review:0690b4f513a1009b,Review
review:0701dcca5937a133,Review
review:075ad26004e99b50,Review
review:07d0f17ea5c9ebfb,Review
review:0817c1308f1aca43,Review
review:083baa63f3257c94,Review
review:09538b39f53d0fd9,Review
review:095834879f75f67f,Review
review:096764aa7a3db432,Review
review:096b671d83d69b9a,Review
review:096e9f0f6a50790a,Review
review:0970170911b6d95e,Review
review:099f7ca257ea665d,Review
review:09f4ed786b0be7ee,Review
review:0a8455696d83968f,Review
review:0b6e54fb55a62d8d,Review
review:0b8fd60cb39380e9,Review
review:0bd0eb3deb677e20,Review
review:0bd9307cc45523a8,Review
review:0bede782d2801541,Review
review:0c96fee6026f690f,Review
review:0cbfedbdc85dbd51,Review
review:0cd0726e36c372be,Review
review:0d5e9ea504314cd2,Review
review:0d86425edc92b055,Review
review:0df4d3250026da58,Review
review:0e9630a5f334f35c,Review
review:0e9c918d8876af67,Review
review:0ef5ee59f9b7fe94,Review
review:0f426a6213dbb7c6,Review
review:0f5d5242217ff071,Review
review:0f803a7f9028386a,Review
review:0f92bffdac0e0729,Review
review:0fd89e41c077e801,Review
review:104c0403dd16d90a,Review
review:108180174b27fc7a,Review
review:10a883c754d2ab5a,Review
review:11375a813ed4904c,Review
review:123bc47d81b24eb4,Review
review:12b79296380f2b58,Review
review:12cf45f29ea20b39,Review
review:1349f4acd7b73a75,Review
review:1369cee094850331,Review
review:14744ad4fbee2cd3,Review
review:147535990f9b276f,Review
review:14fe32171f53a5f3,Review
review:15034de1df0b4e9a,Review
review:1579876d313ac8c6,Review
review:15ce37a3fc210405,Review
review:15d59bfb7f2d1e46,Review
review:15f24fd824b20ae3,Review
review:1633fed734e7e2eb,Review
review:16fdbe53407df7b0,Review
review:173ba1029bbd4ed5,Review
review:1775324af4f0c23a,Review
review:17ed891e32f351a4,Review
review:17fb0c7005a0ffb4,Review
review:18392d34aa8656bd,Review
review:184ca7cec98d2d70,Review
review:188c7c7e9f6c979c,Review
review:18b48fefad4016c1,Review
review:18b68499c55941a8,Review
review:19262dec2b3f454d,Review
review:1950bf6f35e1fe9f,Review
review:1ae9e217f941b937,Review
review:1b084a17959afee3,Review
review:1b2adc5f41705e96,Review
review:1b7373debcc5b15d,Review
review:1b8e2bc01dd97dd8,Review
review:1bab8c1b14db1949,Review
review:1bc2fbfd3f3d87a6,Review
review:1bdf4b1bba8d72f2,Review
review:1bf973f0e67b6f8b,Review
review:1c09e999d2644564,Review
review:1c2947421976e706,Review
review:1c88f7a69fcc4aa7,Review
review:1cb1796668216a5e,Review
review:1cd3cd847de23872,Review
review:1db3df20f257e939,Review
review:1dde4ef5dc76e1a3,Review
review:1df4016c7236dc7b,Review
review:1e6515ff2a837e72,Review
review:1eab72c2728e7f82,Review
review:1ed00c792401d9d3,Review
review:1f27a091fdcab498,Review
review:1f361a3a2dd868dd,Review
review:1f3fd4e8333d22d2,Review
review:1f5d783f5d3a507e,Review
review:1f6625b5e097c715,Review
review:205a7524851c5a72,Review
review:20a3fbfde373b491,Review
review:20f5937903ef28cb,Review
review:210ec2ca83717462,Review
review:21ebf86891f2c626,Review
review:2201f96067052bf0,Review
review:2217e401e1a6cac9,Review
review:224ea7b7f54b3e5c,Review
review:2255c050759655f9,Review
review:22ad1ca3b4b083d7,Review
review:234ae85c38421956,Review
review:23d2a20dbd94caf5,Review
review:244cbf6cab9d40b3,Review
review:247cd476dd2274d3,Review
review:24d891750fd49a55,Review
review:24e217c0f397d60b,Review
review:24e235e08b825131,Review
review:252abfac4775dc9e,Review
review:25496d3ac9c8d948,Review
review:2595021d13d7e811,Review
review:25b1e6eb67492c5d,Review
review:25b9ca016135aca1,Review
review:26b0ffd92ad46de1,Review
review:27161b13737ef73b,Review
review:2719112ef67de634,Review
review:274862d85964fadf,Review
review:27c2afbc79aa79a6,Review
review:286ea2b8637e1dcf,Review
review:289cbe10daa8c0de,Review
review:28b7f72bf6ffea00,Review
review:28b90248ff2037ab,Review
review:29018a9f5aeada2f,Review
review:2917d9b3657e5de8,Review
review:298b93db9bda1fc0,Review
review:29e2055673015b85,Review
review:29f508a254a68f3d,Review
review:2a1e019c187bf675,Review
review:2a45f3e816bc0b7f,Review
review:2af46641d7006282,Review
review:2b57ee8f177cfb5e,Review
review:2bb55f110c5def5e,Review
review:2c55a9380d884b36,Review
review:2c72d4f8babb34e5,Review
review:2cb923c8782cd8f1,Review
review:2de599b03a754faf,Review
review:2df77405aa47975d,Review
review:2e2e627db8001824,Review
review:2e8f091631a99785,Review
review:2ea9c81799779dc4,Review
review:2ec03c52b38cb0de,Review
review:2edec273963cb0fc,Review
review:2f5c4aa7bd5d1aa6,Review
review:2f9ecd9670068271,Review
review:2fd1d4191ec259a3,Review
review:30070b4c02bb927a,Review
review:3054167caa439035,Review
review:3054eb3663d89239,Review
review:305704b027977324,Review
review:313c895f3529ed77,Review
review:3154598df9c4d1c5,Review
review:3243aea3fb160dd8,Review
review:32483fbfe2eff256,Review
review:3290b898adddc379,Review
review:335bec64fefb0700,Review
review:34a773c84cf66e72,Review
review:34ca550bc9873ce6,Review
review:34eb0d07f58f023e,Review
review:3580c4a6532c92d7,Review
review:35e21401053e4d88,Review
review:36506a63a09386c6,Review
review:36c277b5cd85166f,Review
review:36d2cded0b35e0a0,Review
review:36eed4f18cba741a,Review
review:3759bae0445fc67f,Review
review:37dc594557b05e4d,Review
review:37e38e7f7f47e901,Review
review:38b56ac64679d1ce,Review
review:38bb5de08c284f65,Review
review:38cae2b60e2321c3,Review
review:38dc7da1da3d8bc6,Review
review:38ef02ba212b466a,Review
review:395872300db4c8e6,Review
review:395df67ad691a2e3,Review
review:397d9bd437576690,Review
review:39d741319b689d59,Review
review:39d9bcb2cfdb725d,Review
review:3b37ed666df6b6d7,Review
review:3bc572a8245e2bfa,Review
review:3bc9c374dea2c0f8,Review
review:3c096928813d087e,Review
review:3cb75749f81c10c9,Review
review:3cc9d4210bbfcd8f,Review
review:3cd55ad14661c839,Review
review:3df0515e8651851d,Review
review:3e3e1f3a2945417a,Review
review:3eab18ccdf29f819,Review
review:3f00b8f79cdd65ed,Review
review:3f3845d792e00e6d,Review
review:3f47a3ad0d1d27ab,Review
review:3fcfd1161ac35011,Review
review:3fdd14b71dc3bd0a,Review
review:3ffdb9a69bbc2c7b,Review
review:4015fbfec5ebc09e,Review
review:4079fa8cfcaa640c,Review
review:40e0b9e7ecd6a914,Review
review:4139c6353d2233cd,Review
review:414b9e07a855adfa,Review
review:415e50fd226b34db,Review
review:41b13bf35107e52f,Review
review:41e3d7388ca3414f,Review
review:42015e402861f25e,Review
review:4302bb1a72071919,Review
review:431293df19d4f6f8,Review
review:432d9c5866a965a4,Review
review:449b0f0343ef7f0d,Review
review:451e4ba26f1b7357,Review
review:452ab6c8cbc01278,Review
review:455ab49bc7327761,Review
review:46ba44d9bd53bc87,Review
review:46e534350433ce38,Review
review:46eee99f79148f37,Review
review:46ff9af71716ad02,Review
review:47109f789717089b,Review
review:486348330a0d0b79,Review
review:48fb88923c7abc3d,Review
review:4928e3f9df2812fe,Review
review:49383b0941231112,Review
review:49671bd4a0ffc122,Review
review:4a88180c78a90aaa,Review
review:4b11884cd63e838f,Review
review:4c248315cbd99fbd,Review
review:4ce5bc6cbe59c016,Review
review:4cfd426c76abc347,Review
review:4d0e9b75b856a653,Review
review:4d89347e5e937587,Review
review:4dd6a9042d7d7883,Review
review:4df1cae78aeb785c,Review
review:4df5a23e845e1d7a,Review
review:4edb2c06a6cdbdf4,Review
review:4edb3179250cacb8,Review
review:4f0631c325e3a62f,Review
review:4f5984817280af3b,Review
review:4fa57277909c072f,Review
review:50199678ae31aa77,Review
review:50204db71358b3e4,Review
review:50ef4362f8f8134e,Review
review:50f7099402d925c6,Review
review:5111a7b13a8b7101,Review
review:52843430239b837f,Review
review:53238337de508ea9,Review
review:537f354a5a80f539,Review
review:5468e970485d8102,Review
review:549480671ff43341,Review
review:54b9acd8f5a31dd2,Review
review:559441d2e290903f,Review
review:55e34550b2b3876a,Review
review:560233c592de631f,Review
review:560dd55b98168ba6,Review
review:56980ce2bef18ea8,Review
review:56e3849f555a59df,Review
review:574c8f222aaa3e40,Review
review:575dfd1b034f4fb2,Review
review:578412fd0c97a27b,Review
review:57d542c3957acbae,Review
review:58240b758d2a6229,Review
review:5845c437315818c6,Review
review:58884e5ebe3ac1c9,Review
review:588fd63cff6d8649,Review
review:58e382f425fbb4cd,Review
review:593526869d275daa,Review
review:5959dd8ebb0246a6,Review
review:5984248e9c90aed5,Review
review:5a67ce29836c8ba1,Review
review:5b00261bf5d59adc,Review
review:5b0c5c60603e2be6,Review
review:5b213efa90740564,Review
review:5b2eb4486969f6fc,Review
review:5bf5f62cf749dd3b,Review
review:5db222148d00f77e,Review
review:5df4b148513e1de9,Review
review:5e4a893a4370d0d4,Review
review:5f0830e52c6e3195,Review
review:5f2a3bf34ea8ba70,Review
review:5f337291ce14521e,Review
review:5fa5fb7203c1385f,Review
review:60b50c9766aedd34,Review
review:6171cc4bcedb39e0,Review
review:61874fc7dacab8cd,Review
review:6270e6d249ec9fd4,Review
review:62a7fa31814d58da,Review
review:63153c03d578ca3e,Review
review:636b71425e0a2b9e,Review
review:637001e949170ee7,Review
review:63784876d4c92834,Review
review:6392c083f9c8470f,Review
review:63aef39458e813f3,Review
review:6405c32936343112,Review
review:640b576f86418d3c,Review
review:64b2a3030b1c7b32,Review
review:659de155310c1186,Review
review:65f082001ead798f,Review
review:65fd2429a0f98e14,Review
review:66066d8238815a2c,Review
review:668bc2d03d7c6ac9,Review
review:66ea5cf40f4216fc,Review
review:67559aa3112ab200,Review
review:67b7799b9ea6e6f7,Review
review:68c4b97f3a832d10,Review
review:698bbaa1c4b80c54,Review
review:69c212a6c4463525,Review
review:69c93035b9e76a1c,Review
review:69f1e84d1d3282f6,Review
review:6a940be03d9c02b0,Review
review:6af65a302ee9fc79,Review
review:6afe78c30cfa63d6,Review
review:6b9e92bc734010c2,Review
review:6be3a8d708c9cac3,Review
review:6be6aee6781aca25,Review
review:6c224467fe2ea299,Review
review:6d243149dddb27e1,Review
review:6d6271a0ffde48ba,Review
review:6dbb54d972cabc07,Review
review:6dc495f80f07a9c0,Review
review:6dc72c6bf9e9e045,Review
review:6ded4fe4cd243547,Review
review:6e0e9b6c5c95ec7b,Review
review:6e9356cefe3fde38,Review
review:6ec891d1b3d24f34,Review
review:6f1b616bf2f06240,Review
review:6f5e6fa7bf450151,Review
review:6fa16a1e37902ac3,Review
review:6fba1b17bd2ee5ef,Review
review:70218d6909357f0a,Review
review:702bd59b759a1c68,Review
review:70c36e1765f93ba0,Review
review:71a084cf74ca88a8,Review
review:71f32c5dfa1f85ad,Review
review:7234737a63a66801,Review
review:72c184f6564a2425,Review
review:72d6621963178d63,Review
review:72d70031971d322e,Review
review:72edfcf1086c8f8f,Review
review:7399db057c6af863,Review
review:73bb02a1d9cc1fbc,Review
review:74153ecda60c5cee,Review
review:743309834b7f665f,Review
review:74581fa841e8de98,Review
review:749eb938267df596,Review
review:74b16fbb6370a515,Review
review:75218e129ade0f39,Review
review:761c58de755a634d,Review
review:762d3870683ed6ab,Review
review:763aa8c7f7f80c9d,Review
review:76594cb49a3cdafd,Review
review:7692900adb97e17e,Review
review:76d151fdd76b78ff,Review
review:772f7c0800cd85ec,Review
review:77758152fa33495b,Review
review:7780e3b47c84449d,Review
review:77c539c7cd8b72fc,Review
review:7816a82a55175fd2,Review
review:783db0490a19afc5,Review
review:7858f1c21124259a,Review
review:787ae5965f2454d7,Review
review:78ba0e4e05577c0f,Review
review:78c86377ba689d25,Review
review:78cbdd1e296ef4b5,Review
review:78cf6b2b913bc687,Review
review:7959f3533c185ec2,Review
review:798f136b8ceeecb0,Review
review:7a4a9530836bc97f,Review
review:7a85d1617fe089a9,Review
review:7acc12499c232ce0,Review
review:7ace4ad0db01bcdf,Review
review:7ad0df8f1a959d64,Review
review:7ae42d66486164bb,Review
review:7b13184838e62490,Review
review:7c4646359cd75afd,Review
review:7c47f72f3f9273c5,Review
review:7ca95072c9c8a096,Review
review:7cbf74f6dae87e9c,Review
review:7cbfea26f614b4ca,Review
review:7cd4470cec98270c,Review
review:7d3047fcf0338041,Review
review:7d4b54b2629f08af,Review
review:7e2428f5331ef228,Review
review:7ebca2e266bd8501,Review
review:7f14515452c126d3,Review
review:7f14cd5086745a9d,Review
review:7f79d6b012d4205b,Review
review:7fb45d001809c9f1,Review
review:7fc5b86d74ec835f,Review
review:800831365464dcaa,Review
review:80099ccb265ac9e4,Review
review:803240130b3f53fc,Review
review:8049448448e5ee67,Review
review:808865eb595f078b,Review
review:80b5feae51481460,Review
review:80d30b372b6d6b27,Review
review:80f442c8174d8bdf,Review
review:80fe969e57e93123,Review
review:815313be539a24b7,Review
review:8169a5598d9678f4,Review
review:81e6dee6d74d0104,Review
review:81e72321f383db2d,Review
review:827e034eede73f5b,Review
review:82bb612a157093f3,Review
review:82c1697c6d48e083,Review
review:82cbc814aa284ffa,Review
review:82e5a513f3837cad,Review
review:83813775663af8ad,Review
review:83a3a20195c197a3,Review
review:83d2c0ddfd22eda2,Review
review:83e919a453278642,Review
review:84d3f49eb6225bd3,Review
review:850b3b249f3be759,Review
review:850fced06b96c543,Review
review:851efab10ca73713,Review
review:856653aa94c915f9,Review
review:85d24aa19395ebaa,Review
review:8679f22357aed085,Review
review:86899308597503b9,Review
review:869708d277976469,Review
review:871e5ac84e3a2c0a,Review
review:88086a0c31e9e0d3,Review
review:883b18a78dd50111,Review
review:885efe17b42fb6b4,Review
review:8861ac8ef016b97f,Review
review:88bedb6022c43043,Review
review:893525ad10299b1e,Review
review:89d075a0aa6814c3,Review
review:8a694549684838e9,Review
review:8b07145453db095c,Review
review:8b336bb7133e59c8,Review
review:8b33907c37ce96e4,Review
review:8b87f8295eaf52ee,Review
review:8ba7323f91f07f7f,Review
review:8c781e7c90c675af,Review
review:8cfc82905de43983,Review
review:8d4b95ac40886114,Review
review:8d66dd048ea74409,Review
review:8daa976614695624,Review
review:8e25cdb00214755d,Review
review:8e5b706bd4b0b9e0,Review
review:8ea2b2b2c0447f44,Review
review:8eddc26981af745e,Review
review:8efc2e492f29298d,Review
review:8f06f7380fc78aef,Review
review:8fa979394c7e0749,Review
review:8fdb75f417275a48,Review
review:900878ba4ef77287,Review
review:900ff3d026031335,Review
review:9012e72fd7ad0cb8,Review
review:903e4a9536d1bba1,Review
review:90584d9c2400cd2c,Review
review:90bf4b4256ce762d,Review
review:90de69102837cbe1,Review
review:911a861cb233631a,Review
review:911b23d0362863ea,Review
review:917fefcabca8aa10,Review
review:91a32c56f5568835,Review
review:91bb22aa1962a164,Review
review:91c2470b50c3fd7f,Review
review:91c5da78638b0beb,Review
review:91e919312e5cfb1e,Review
review:91e92ec5c322768d,Review
review:91eb1636ea67708c,Review
review:9210a697fa0e8c5d,Review
review:924169b553160c9d,Review
review:927f65954261571a,Review
review:92bace2c5a8c1274,Review
review:92ec1861a815aabb,Review
review:9361330c914759b6,Review
review:93a402f56e2d457a,Review
review:93d3781eb79f5480,Review
review:94335f8dd4987957,Review
review:9439f4157bc134d6,Review
review:9463de47ed7f9ebf,Review
review:948acd1ca53c415d,Review
review:95356e861b70888b,Review
review:954e18470e7fde6e,Review
review:956caf8243ced744,Review
review:9575c282742122d7,Review
review:957d4a6cffefce74,Review
review:95fa46bbec89ae15,Review
review:9665ce42ec7c38eb,Review
review:9683b9776379a0e9,Review
review:96cecfba41e18a5c,Review
review:97276e125c57cdf8,Review
review:972aa14caeb09cb2,Review
review:97462b35d7c7edb7,Review
review:977df368a2f45535,Review
review:979ee9b19b87c6fa,Review
review:97d0e75e928cf661,Review
review:97e3ce40102959d1,Review
review:97f66366c70b5fc4,Review
review:9832c06088b3514a,Review
review:985e5cc241b8f2aa,Review
review:9899451e4d6327e2,Review
review:98ee63663e98aa54,Review
review:9932f5dfc00d95ea,Review
review:99cffbcc762d9c5e,Review
review:9a1e100ca66475c6,Review
review:9a35b3927a648427,Review
review:9a81d1a4bf13121f,Review
review:9a945a15e2461200,Review
review:9b48ffe6d05729df,Review
review:9b9fd31a34a2ad09,Review
review:9ba5d6a60f859020,Review
review:9bd379781fdc3306,Review
review:9c327797f3ff4c53,Review
review:9cae6c72cd441aaa,Review
review:9cc3cf6e7036424d,Review
review:9cce74a531836ebc,Review
review:9de274b5ebfc4142,Review
review:9e19a55c838d72de,Review
review:9e67f534850ecefc,Review
review:9ea474a1a0e1cee4,Review
review:9eca35673de2093f,Review
review:9ecc9a47456e4102,Review
review:9f85cdb72dc5125e,Review
review:9f8864aa4b489e36,Review
review:9fcd7b75b0c5208e,Review
review:9fdbf090d288e2f7,Review
review:a02114798e96e7c4,Review
review:a05ffd2cd0606bab,Review
review:a097830609bf55e2,Review
review:a0adb969bd827201,Review
review:a0b546510b6cf10e,Review
review:a0b6632d19436c51,Review
review:a0c66728340d293a,Review
review:a14f241036959c2e,Review
review:a1500bcea2364e07,Review
review:a1b7f792f77935b7,Review
review:a1c72c455533abe9,Review
review:a1e04e46c162547c,Review
review:a1e8281f5aaa97ed,Review
review:a2a2d0d8e87867b5,Review
review:a4427c39f814186a,Review
review:a46e7b46557be716,Review
review:a57e2ff5f83d9ca4,Review
review:a5afab79cf4ec0ca,Review
review:a5d83ace86ef130c,Review
review:a645ccc9c1c4594d,Review
review:a6554ac6cd48dd02,Review
review:a71ba6e1e355bf80,Review
review:a781a51e23b724dd,Review
review:a7e5641426ca9cf4,Review
review:a7ffb5e10e0ab1de,Review
review:a811b728dc6ea522,Review
review:a86494c333178116,Review
review:a876bce69614436e,Review
review:a89971733b87e6c8,Review
review:a8b67f73cc613c9e,Review
review:a8c2eb8f9d2b8639,Review
review:a96512072ba211e8,Review
review:a98f4265ea9ddaf0,Review
review:a9e81ff16565bd76,Review
review:a9f0bce3fbb206d4,Review
review:a9f3815e52090b32,Review
review:a9fea56e79885606,Review
review:aa4385041d14cb1d,Review
review:aa81e068436db6eb,Review
review:aabf932f9f57891b,Review
review:aacd67ada15eea36,Review
review:ab057446832c7360,Review
review:ab33d56f408132ad,Review
review:ab33fb4f749c77ea,Review
review:ab4fd7bac4f304d9,Review
review:ab54ab4aec3693d2,Review
review:ac9e68b30fa1e507,Review
review:ad05ebfce273c231,Review
review:ad9f3a8f3842f56c,Review
review:ae3e899e09307fb9,Review
review:ae73f4d7c9283775,Review
review:aedcbac70528ea09,Review
review:aee99f8ac6e78bab,Review
review:af52380f16d3d3e2,Review
review:af8b540557ae89bc,Review
review:afe588f844e62a06,Review
review:b06905bf3e41829e,Review
review:b0e5561b679b896f,Review
review:b0e78a060973878c,Review
review:b11af4e072bc5575,Review
review:b141e7dac4821851,Review
review:b1a7cdf91b9deb5a,Review
review:b2e2e3f598d35aae,Review
review:b30f5340d84913e6,Review
review:b31bafef6a6c5f4f,Review
review:b41597aaa3223477,Review
review:b46bf4d0da9cbad8,Review
review:b46e5a8805ceede1,Review
review:b4a007f67f95144b,Review
review:b4ba6ace7a9230e7,Review
review:b4bb4249c04727ef,Review
review:b56375770fe88ae4,Review
review:b575e1e7ac61a950,Review
review:b5a3ab4d33d7b2e6,Review
review:b5c1c207e884a049,Review
review:b60b6f3454c67a2b,Review
review:b63b4509f581e012,Review
review:b68a6b5bb2a419db,Review
review:b6ab95447dcc8608,Review
review:b6be7747b22ec98d,Review
review:b70ab850d2c3b385,Review
review:b72ffe17a2e11a43,Review
review:b791ebba290e5a2a,Review
review:b7afc5d461371004,Review
review:b7ca8832ffca4c0c,Review
review:b7e45720f408f719,Review
review:b7fcd8e5f847dd90,Review
review:b8475d035066796c,Review
review:b8a76f619eb44b9d,Review
review:b8af31a85447ad32,Review
review:b8d53c6e0c5f6c25,Review
review:b9ad44944de91aea,Review
review:ba39aa43e5f5b0de,Review
review:ba3e0535a7e09804,Review
review:ba5131af8340472a,Review
review:ba9210ac19fd695a,Review
review:baa33aafad427bfd,Review
review:baac68493cb0fd92,Review
review:bac9a552a4f47f34,Review
review:bae14e6251d76402,Review
review:bb2b308efa0f3d6c,Review
review:bb540ac59dcc1da9,Review
review:bb677070abc67bdb,Review
review:bb6db8bb8af68fac,Review
review:bb83ec4f10655666,Review
review:bbc3e2631d058d9f,Review
review:bbeff784b721fd99,Review
review:bc445469771870b9,Review
review:bc8f3c43ce564f70,Review
review:bc9536babf95c601,Review
review:bc9541e1fead26dd,Review
review:bc9cf70d4d583419,Review
review:bd2f5d7bacae733c,Review
review:bdf31b85e91d8ea6,Review
review:be7107606db6540e,Review
review:be71aeab48d252c9,Review
review:bec48216d549c86c,Review
review:bed47c8e2a47b78a,Review
review:bf1bdcb4321bae2e,Review
review:bf65047c37a5e011,Review
review:bf9eb44070b3bede,Review
review:c03e9ff006cbe7e2,Review
review:c05118b708144394,Review
review:c052075a94117be3,Review
review:c0b07165f7a17a59,Review
review:c0fb5ede907e36cb,Review
review:c127849eda8e7b8b,Review
review:c1698194bf6166a6,Review
review:c1a3bab0b5bda8e0,Review
review:c1a57bf1808057c1,Review
review:c1d0ee0a6ebf4d1c,Review
review:c1e23c906c161745,Review
review:c1f057706fd752df,Review
review:c1f6af88413e331d,Review
review:c23e39c7f566ac96,Review
review:c245f9e52651f9a3,Review
review:c2473daa4268eaa2,Review
review:c2c98e92d448158e,Review
review:c379e628cf82ce84,Review
review:c38b7c432796ec79,Review
review:c3a998a2694d839a,Review
review:c3be30418387e824,Review
review:c411e8692ce138f5,Review
review:c412ccb7388264b5,Review
review:c43d42e69981d647,Review
review:c4a3ecf19f8fe8ae,Review
review:c4aa9ae36dcca43f,Review
review:c4fc9929e624bb32,Review
review:c5192f7ad7fb9a6d,Review
review:c52cb87240e836b4,Review
review:c5bdcde28b7e7ce1,Review
review:c636d1538cccf67b,Review
review:c670adc635105e01,Review
review:c6ba2bab4389fd23,Review
review:c6ce8cd5f4d49254,Review
review:c6d18c1383a895ef,Review
review:c6e70127478be47a,Review
review:c6fcefdfcd9d111c,Review
review:c7774e52f460b1d2,Review
review:c7e128865323f362,Review
review:c9293c852e0135d1,Review
review:c9376e4822d3ec19,Review
review:c944ee5966dead06,Review
review:c99e28227425366f,Review
review:ca00a76b098ccf00,Review
review:ca0d927e46b103bd,Review
review:ca11348f1a36fc0a,Review
review:ca94cebb760bd3d6,Review
review:cb4db1067d0ce76a,Review
review:cc2d2ea85edde47d,Review
review:cc652353c237a8f9,Review
review:cce75a14940d7749,Review
review:ccf9f4d2a1b76fe3,Review
review:cd1a06d0425f588d,Review
review:cd86b9238f201e09,Review
review:cde14991730fe239,Review
review:cdfc9b9ef0376557,Review
review:ce1ead78f61aabe1,Review
review:ce613c0f6b23f5c0,Review
review:ce70dc099a4b08c4,Review
review:cf0899d9e1fd6a55,Review
review:cf714285e0b3cbad,Review
review:cf9b4b3a97a559bf,Review
review:cfbe21c057cd6d88,Review
review:cfdcb1df0f46d306,Review
review:cff58d2c4ad26ba5,Review
review:d065c03c4ffea6ed,Review
review:d0944df2b028f422,Review
review:d0bbb111e9e9a7e3,Review
review:d0e569897c20b7fe,Review
review:d1c6b66f0b21b970,Review
review:d1dd79589df34f20,Review
review:d2292fdad09da78a,Review
review:d241a1086d105edb,Review
review:d250e63d6b111aab,Review
review:d29c4e15f8d815ab,Review
review:d2b346211c00c498,Review
review:d2c3670085f4ff00,Review
review:d386170fcb321f69,Review
review:d3c0592d59330390,Review
review:d3f1283bd64e0ed1,Review
review:d4088243f18a96f8,Review
review:d467af80565ae273,Review
review:d4acf90420dd4896,Review
review:d574330250ce6b6d,Review
review:d5c47f173b01c665,Review
review:d5cc3d52d27224fb,Review
review:d5e507f9d0412e9a,Review
review:d6dc2e6bb681d776,Review
review:d728b43cb8dee92f,Review
review:d7985d984f2378be,Review
review:d81395a588c6ff06,Review
review:d883587135e58cc4,Review
review:d8964f2eb4603782,Review
review:d89db4921273192b,Review
review:d8c3d6037a5532d6,Review
review:d94674e82246cc30,Review
review:da46b386a8c9d1f3,Review
review:daa98ba7813840c7,Review
review:dae7119178429e30,Review
review:daf2e650da4ca1c5,Review
review:db04336f57c67dda,Review
review:db76f1976fb4e848,Review
review:dbb8e7f078a878fe,Review
review:dc0c9280e77f6db3,Review
review:dc9f6493a67a24e0,Review
review:dcb3005ac6b82138,Review
review:dcc9212997c4958d,Review
review:ddc36e455a12ed39,Review
review:ddcce94a89caf6c9,Review
review:ddd7e15630f912fc,Review
review:dddc84967b3886d4,Review
review:de31cea0bf83ca54,Review
review:df2b3864900df3e2,Review
review:df2bf85f008c128c,Review
review:df3146b29c947b8c,Review
review:df3e9851b3929fb9,Review
review:dfc1dc5533351556,Review
review:e073f91d3c94dac0,Review
review:e0855c48a9bd6577,Review
review:e09cb6ab3c43bd07,Review
review:e0aaa1b4ce5d9c69,Review
review:e156a9e6e3152cbc,Review
review:e1ecc169314d8f9c,Review
review:e30ba8949ea2d587,Review
review:e32e548e17bf2087,Review
review:e3df0658b97464ca,Review
review:e3ff81c0a8ab0034,Review
review:e4ea3bbd095039bd,Review
review:e53ce367e02f8236,Review
review:e5a891feaf3d2e38,Review
review:e5b83d0297c29d3f,Review
review:e677fb99ac180115,Review
review:e6b84c9f67a66fbe,Review
review:e6c19832c1bd3767,Review
review:e7151638e10b8a47,Review
review:e720b053a81bc04d,Review
review:e795aebe8b84944b,Review
review:e7fbc6566f39a878,Review
review:e80a0562b0175f9c,Review
review:e84f5e32f60af4dc,Review
review:e8bca208b6a3c6a6,Review
review:e905093099292f01,Review
review:e908b117906922b3,Review
review:e90946fe5e330b0d,Review
review:e929c1f9bb53d24c,Review
review:e953a4dafeb929aa,Review
review:e9755f91986ef394,Review
review:e9eb2557d4ad64af,Review
review:ea5752fcd41df6d1,Review
review:ea80df815e15954e,Review
review:ea8a0b253ea205d3,Review
review:ea92d4a304b91d71,Review
review:ea9bfe4bb1a445a9,Review
review:eab440cd5c5ab42e,Review
review:eae567348b722449,Review
review:eb5389e048f4f7c1,Review
review:ebff7c8ab618eac8,Review
review:ecf8f1e6eb76ce7a,Review
review:ed10fb83982cb564,Review
review:ed446678d7809fae,Review
review:ed59a7b8319aced8,Review
review:ed68889f9cb98025,Review
review:ed697290ea2a7085,Review
review:edd5aca45f90c75f,Review
review:edded15a88972a1d,Review
review:ee1dc390a5311868,Review
review:ee61a20cef33c981,Review
review:ee98051a7bc60a72,Review
review:eef0724c614fbd74,Review
review:ef8faf116e4c2b67,Review
review:efc1f53272ae19ea,Review
review:efdcec3d6ca3fda4,Review
review:effafa86aabee0dd,Review
review:f15967662327b478,Review
review:f1b6d3eb8de589bd,Review
review:f27682e94a3a259e,Review
review:f38ffd1f7d115b72,Review
review:f3b46719064fb704,Review
review:f3c7ef511236dec6,Review
review:f43d051aa8af858b,Review
review:f45009027903624d,Review
review:f5c514fa5ee0b2d6,Review
review:f5ce29ffbddb11d3,Review
review:f5f8bb345d03b1a6,Review
review:f601d4442a02ed0f,Review
review:f74a72e4013eed14,Review
review:f74c9edfc07b7cd2,Review
review:f74d60fd78f328c5,Review
review:f751e4062a20767b,Review
review:f79b1790f6fab7d4,Review
review:f7c92b9682c29491,Review
review:f7deb270deda0e5f,Review
review:f825b3c97028ece2,Review
review:f846ae48e4339c4a,Review
review:f9d0b0a37de54f5a,Review
review:f9e17c4085bf62f6,Review
review:fa5ea18d83e3ce1c,Review
review:fa68db1f0b70d704,Review
review:fa8a4d949b2c05fa,Review
review:fac2d9e2cddf5d2e,Review
review:fade3a499de6bcea,Review
review:fae9911eb6b9b3eb,Review
review:fb41ef915d04e62b,Review
review:fb8da8c350574082,Review
review:fb91e2f432c34cab,Review
review:fbe5ae3a90d2f6d2,Review
review:fc3f5e5069707f9f,Review
review:fc515ecedd1eac43,Review
review:fcb7b96b626108ac,Review
review:fd332592484abb85,Review
review:fd87b30256ececc6,Review
review:fdb5a9bc6ba9a70f,Review
review:fde5e6063834b72d,Review
review:fde9fd6e180c5a12,Review
review:fe4b04f9942496cb,Review
review:fe5e7e8c47420cea,Review
review:fe6fc00d83dcb4d3,Review
review:fe85c1995f538d58,Review
review:feeb28ca8361cf2c,Review
review:ff0d13b206bbfea6,Review
store:10227,Store
store:102294,Store
store:102812,Store
store:10307,Store
store:103124,Store
store:105958,Store
store:106675,Store
store:10856,Store
store:109048,Store
store:11020,Store
store:1108,Store
store:111026,Store
store:111500,Store
store:111742,Store
store:11305,Store
store:11326,Store
store:11471,Store
store:114792,Store
store:114833,Store
store:11493,Store
store:115272,Store
store:116044,Store
store:116156,Store
store:116631,Store
store:117526,Store
store:117708,Store
store:117760,Store
store:118277,Store
store:118507,Store
store:119112,Store
store:119113,Store
store:119585,Store
store:122272,Store
store:123151,Store
store:123211,Store
store:123573,Store
store:123914,Store
store:124125,Store
store:1255,Store
store:126147,Store
store:126401,Store
store:126555,Store
store:127398,Store
store:1279,Store
store:128321,Store
store:128372,Store
store:128678,Store
store:128724,Store
store:12952,Store
store:13003,Store
store:130031,Store
store:130307,Store
store:130463,Store
store:130509,Store
store:130643,Store
store:130788,Store
store:132613,Store
store:133169,Store
store:133949,Store
store:134203,Store
store:134250,Store
store:134353,Store
store:134680,Store
store:135569,Store
store:135607,Store
store:135845,Store
store:136086,Store
store:13942,Store
store:13998,Store
store:14120,Store
store:14305,Store
store:14318,Store
store:14976,Store
store:15387,Store
store:15897,Store
store:15964,Store
store:16270,Store
store:16422,Store
store:17056,Store
store:17700,Store
store:18796,Store
store:20000,Store
store:20058,Store
store:20129,Store
store:20226,Store
store:20472,Store
store:20601,Store
store:21224,Store
store:21413,Store
store:21980,Store
store:22455,Store
store:2267,Store
store:22758,Store
store:22815,Store
store:2282,Store
store:22847,Store
store:23407,Store
store:2443,Store
store:24720,Store
store:25452,Store
store:25639,Store
store:26075,Store
store:27416,Store
store:28837,Store
store:29659,Store
store:29781,Store
store:31187,Store
store:31215,Store
store:31548,Store
store:31750,Store
store:32283,Store
store:32416,Store
store:32462,Store
store:32487,Store
store:32784,Store
store:33188,Store
store:33749,Store
store:34875,Store
store:35452,Store
store:36034,Store
store:36147,Store
store:36157,Store
store:37364,Store
store:39068,Store
store:39262,Store
store:40014,Store
store:40716,Store
store:40980,Store
store:41433,Store
store:41570,Store
store:42458,Store
store:4397,Store
store:4486,Store
store:49400,Store
store:50258,Store
store:53514,Store
store:54641,Store
store:55835,Store
store:56543,Store
store:57665,Store
store:58523,Store
store:59967,Store
store:60874,Store
store:61209,Store
store:61570,Store
store:62280,Store
store:62951,Store
store:65884,Store
store:67492,Store
store:67574,Store
store:68175,Store
store:68548,Store
store:69293,Store
store:6930,Store
store:69613,Store
store:7160,Store
store:7207,Store
store:7240,Store
store:73467,Store
store:73491,Store
store:76124,Store
store:76300,Store
store:7635,Store
store:76776,Store
store:76892,Store
store:77167,Store
store:77657,Store
store:78300,Store
store:7920,Store
store:80180,Store
store:80920,Store
store:81353,Store
store:81712,Store
store:81993,Store
store:8200,Store
store:8314,Store
store:84292,Store
store:8432,Store
store:86219,Store
store:87272,Store
store:8785,Store
store:8805,Store
store:88436,Store
store:8868,Store
store:88782,Store
store:8919,Store
store:89400,Store
store:89681,Store
store:91853,Store
store:93168,Store
store:94161,Store
store:95249,Store
store:95450,Store
store:9568,Store
store:9606,Store
store:96492,Store
store:97742,Store
store:98870,Store
store:9929,Store
store:99617,Store
text_unit:tu_00062a63fdf0af06,TextUnit
text_unit:tu_0020e07e008bfae7,TextUnit
text_unit:tu_00369b5b97124a5f,TextUnit
text_unit:tu_011c0492833432a7,TextUnit
text_unit:tu_0199f89f7896a446,TextUnit
text_unit:tu_019e45c157f84c81,TextUnit
text_unit:tu_01f828c78dbbdf9b,TextUnit
text_unit:tu_02382f5203ef619d,TextUnit
text_unit:tu_02c14a98bce4c09a,TextUnit
text_unit:tu_02eaa7112958cf39,TextUnit
text_unit:tu_034280269b2e6df5,TextUnit
text_unit:tu_037157be32ed104c,TextUnit
text_unit:tu_0372b2ecb8c342a2,TextUnit
text_unit:tu_037524472026eec6,TextUnit
text_unit:tu_040c391009b86a35,TextUnit
text_unit:tu_045f615420bac780,TextUnit
text_unit:tu_046b26a5537ab24d,TextUnit
text_unit:tu_048d7e9f11d27735,TextUnit
text_unit:tu_0518770f0d6dbabf,TextUnit
text_unit:tu_059f74e0e70f7fec,TextUnit
text_unit:tu_05aa067cdcd9cf3f,TextUnit
text_unit:tu_05fd48ad37a243dc,TextUnit
text_unit:tu_0624ad7481aa585b,TextUnit
text_unit:tu_067f0442bf3588bd,TextUnit
text_unit:tu_068e2e65c4ae67f3,TextUnit
text_unit:tu_0690b4f513a1009b,TextUnit
text_unit:tu_0701dcca5937a133,TextUnit
text_unit:tu_075ad26004e99b50,TextUnit
text_unit:tu_07d0f17ea5c9ebfb,TextUnit
text_unit:tu_0817c1308f1aca43,TextUnit
text_unit:tu_083baa63f3257c94,TextUnit
text_unit:tu_09538b39f53d0fd9,TextUnit
text_unit:tu_095834879f75f67f,TextUnit
text_unit:tu_096764aa7a3db432,TextUnit
text_unit:tu_096b671d83d69b9a,TextUnit
text_unit:tu_096e9f0f6a50790a,TextUnit
text_unit:tu_0970170911b6d95e,TextUnit
text_unit:tu_099f7ca257ea665d,TextUnit
text_unit:tu_09f4ed786b0be7ee,TextUnit
text_unit:tu_0a8455696d83968f,TextUnit
text_unit:tu_0b6e54fb55a62d8d,TextUnit
text_unit:tu_0b8fd60cb39380e9,TextUnit
text_unit:tu_0bd0eb3deb677e20,TextUnit
text_unit:tu_0bd9307cc45523a8,TextUnit
text_unit:tu_0bede782d2801541,TextUnit
text_unit:tu_0c96fee6026f690f,TextUnit
text_unit:tu_0cbfedbdc85dbd51,TextUnit
text_unit:tu_0cd0726e36c372be,TextUnit
text_unit:tu_0d5e9ea504314cd2,TextUnit
text_unit:tu_0d86425edc92b055,TextUnit
text_unit:tu_0df4d3250026da58,TextUnit
text_unit:tu_0e9630a5f334f35c,TextUnit
text_unit:tu_0e9c918d8876af67,TextUnit
text_unit:tu_0ef5ee59f9b7fe94,TextUnit
text_unit:tu_0f426a6213dbb7c6,TextUnit
text_unit:tu_0f5d5242217ff071,TextUnit
text_unit:tu_0f803a7f9028386a,TextUnit
text_unit:tu_0f92bffdac0e0729,TextUnit
text_unit:tu_0fd89e41c077e801,TextUnit
text_unit:tu_104c0403dd16d90a,TextUnit
text_unit:tu_108180174b27fc7a,TextUnit
text_unit:tu_10a883c754d2ab5a,TextUnit
text_unit:tu_11375a813ed4904c,TextUnit
text_unit:tu_123bc47d81b24eb4,TextUnit
text_unit:tu_12b79296380f2b58,TextUnit
text_unit:tu_12cf45f29ea20b39,TextUnit
text_unit:tu_1349f4acd7b73a75,TextUnit
text_unit:tu_1369cee094850331,TextUnit
text_unit:tu_14744ad4fbee2cd3,TextUnit
text_unit:tu_147535990f9b276f,TextUnit
text_unit:tu_14fe32171f53a5f3,TextUnit
text_unit:tu_15034de1df0b4e9a,TextUnit
text_unit:tu_1579876d313ac8c6,TextUnit
text_unit:tu_15ce37a3fc210405,TextUnit
text_unit:tu_15d59bfb7f2d1e46,TextUnit
text_unit:tu_15f24fd824b20ae3,TextUnit
text_unit:tu_1633fed734e7e2eb,TextUnit
text_unit:tu_16fdbe53407df7b0,TextUnit
text_unit:tu_173ba1029bbd4ed5,TextUnit
text_unit:tu_1775324af4f0c23a,TextUnit
text_unit:tu_17ed891e32f351a4,TextUnit
text_unit:tu_17fb0c7005a0ffb4,TextUnit
text_unit:tu_18392d34aa8656bd,TextUnit
text_unit:tu_184ca7cec98d2d70,TextUnit
text_unit:tu_188c7c7e9f6c979c,TextUnit
text_unit:tu_18b48fefad4016c1,TextUnit
text_unit:tu_18b68499c55941a8,TextUnit
text_unit:tu_19262dec2b3f454d,TextUnit
text_unit:tu_1950bf6f35e1fe9f,TextUnit
text_unit:tu_1ae9e217f941b937,TextUnit
text_unit:tu_1b084a17959afee3,TextUnit
text_unit:tu_1b2adc5f41705e96,TextUnit
text_unit:tu_1b7373debcc5b15d,TextUnit
text_unit:tu_1b8e2bc01dd97dd8,TextUnit
text_unit:tu_1bab8c1b14db1949,TextUnit
text_unit:tu_1bc2fbfd3f3d87a6,TextUnit
text_unit:tu_1bdf4b1bba8d72f2,TextUnit
text_unit:tu_1bf973f0e67b6f8b,TextUnit
text_unit:tu_1c09e999d2644564,TextUnit
text_unit:tu_1c2947421976e706,TextUnit
text_unit:tu_1c88f7a69fcc4aa7,TextUnit
text_unit:tu_1cb1796668216a5e,TextUnit
text_unit:tu_1cd3cd847de23872,TextUnit
text_unit:tu_1db3df20f257e939,TextUnit
text_unit:tu_1dde4ef5dc76e1a3,TextUnit
text_unit:tu_1df4016c7236dc7b,TextUnit
text_unit:tu_1e6515ff2a837e72,TextUnit
text_unit:tu_1eab72c2728e7f82,TextUnit
text_unit:tu_1ed00c792401d9d3,TextUnit
text_unit:tu_1f27a091fdcab498,TextUnit
text_unit:tu_1f361a3a2dd868dd,TextUnit
text_unit:tu_1f3fd4e8333d22d2,TextUnit
text_unit:tu_1f5d783f5d3a507e,TextUnit
text_unit:tu_1f6625b5e097c715,TextUnit
text_unit:tu_205a7524851c5a72,TextUnit
text_unit:tu_20a3fbfde373b491,TextUnit
text_unit:tu_20f5937903ef28cb,TextUnit
text_unit:tu_210ec2ca83717462,TextUnit
text_unit:tu_21ebf86891f2c626,TextUnit
text_unit:tu_2201f96067052bf0,TextUnit
text_unit:tu_2217e401e1a6cac9,TextUnit
text_unit:tu_224ea7b7f54b3e5c,TextUnit
text_unit:tu_2255c050759655f9,TextUnit
text_unit:tu_22ad1ca3b4b083d7,TextUnit
text_unit:tu_234ae85c38421956,TextUnit
text_unit:tu_23d2a20dbd94caf5,TextUnit
text_unit:tu_244cbf6cab9d40b3,TextUnit
text_unit:tu_247cd476dd2274d3,TextUnit
text_unit:tu_24d891750fd49a55,TextUnit
text_unit:tu_24e217c0f397d60b,TextUnit
text_unit:tu_24e235e08b825131,TextUnit
text_unit:tu_252abfac4775dc9e,TextUnit
text_unit:tu_25496d3ac9c8d948,TextUnit
text_unit:tu_2595021d13d7e811,TextUnit
text_unit:tu_25b1e6eb67492c5d,TextUnit
text_unit:tu_25b9ca016135aca1,TextUnit
text_unit:tu_26b0ffd92ad46de1,TextUnit
text_unit:tu_27161b13737ef73b,TextUnit
text_unit:tu_2719112ef67de634,TextUnit
text_unit:tu_274862d85964fadf,TextUnit
text_unit:tu_27c2afbc79aa79a6,TextUnit
text_unit:tu_286ea2b8637e1dcf,TextUnit
text_unit:tu_289cbe10daa8c0de,TextUnit
text_unit:tu_28b7f72bf6ffea00,TextUnit
text_unit:tu_28b90248ff2037ab,TextUnit
text_unit:tu_29018a9f5aeada2f,TextUnit
text_unit:tu_2917d9b3657e5de8,TextUnit
text_unit:tu_298b93db9bda1fc0,TextUnit
text_unit:tu_29e2055673015b85,TextUnit
text_unit:tu_29f508a254a68f3d,TextUnit
text_unit:tu_2a1e019c187bf675,TextUnit
text_unit:tu_2a45f3e816bc0b7f,TextUnit
text_unit:tu_2af46641d7006282,TextUnit
text_unit:tu_2b57ee8f177cfb5e,TextUnit
text_unit:tu_2bb55f110c5def5e,TextUnit
text_unit:tu_2c55a9380d884b36,TextUnit
text_unit:tu_2c72d4f8babb34e5,TextUnit
text_unit:tu_2cb923c8782cd8f1,TextUnit
text_unit:tu_2de599b03a754faf,TextUnit
text_unit:tu_2df77405aa47975d,TextUnit
text_unit:tu_2e2e627db8001824,TextUnit
text_unit:tu_2e8f091631a99785,TextUnit
text_unit:tu_2ea9c81799779dc4,TextUnit
text_unit:tu_2ec03c52b38cb0de,TextUnit
text_unit:tu_2edec273963cb0fc,TextUnit
text_unit:tu_2f5c4aa7bd5d1aa6,TextUnit
text_unit:tu_2f9ecd9670068271,TextUnit
text_unit:tu_2fd1d4191ec259a3,TextUnit
text_unit:tu_30070b4c02bb927a,TextUnit
text_unit:tu_3054167caa439035,TextUnit
text_unit:tu_3054eb3663d89239,TextUnit
text_unit:tu_305704b027977324,TextUnit
text_unit:tu_313c895f3529ed77,TextUnit
text_unit:tu_3154598df9c4d1c5,TextUnit
text_unit:tu_3243aea3fb160dd8,TextUnit
text_unit:tu_32483fbfe2eff256,TextUnit
text_unit:tu_3290b898adddc379,TextUnit
text_unit:tu_335bec64fefb0700,TextUnit
text_unit:tu_34a773c84cf66e72,TextUnit
text_unit:tu_34ca550bc9873ce6,TextUnit
text_unit:tu_34eb0d07f58f023e,TextUnit
text_unit:tu_3580c4a6532c92d7,TextUnit
text_unit:tu_35e21401053e4d88,TextUnit
text_unit:tu_36506a63a09386c6,TextUnit
text_unit:tu_36c277b5cd85166f,TextUnit
text_unit:tu_36d2cded0b35e0a0,TextUnit
text_unit:tu_36eed4f18cba741a,TextUnit
text_unit:tu_3759bae0445fc67f,TextUnit
text_unit:tu_37dc594557b05e4d,TextUnit
text_unit:tu_37e38e7f7f47e901,TextUnit
text_unit:tu_38b56ac64679d1ce,TextUnit
text_unit:tu_38bb5de08c284f65,TextUnit
text_unit:tu_38cae2b60e2321c3,TextUnit
text_unit:tu_38dc7da1da3d8bc6,TextUnit
text_unit:tu_38ef02ba212b466a,TextUnit
text_unit:tu_395872300db4c8e6,TextUnit
text_unit:tu_395df67ad691a2e3,TextUnit
text_unit:tu_397d9bd437576690,TextUnit
text_unit:tu_39d741319b689d59,TextUnit
text_unit:tu_39d9bcb2cfdb725d,TextUnit
text_unit:tu_3b37ed666df6b6d7,TextUnit
text_unit:tu_3bc572a8245e2bfa,TextUnit
text_unit:tu_3bc9c374dea2c0f8,TextUnit
text_unit:tu_3c096928813d087e,TextUnit
text_unit:tu_3cb75749f81c10c9,TextUnit
text_unit:tu_3cc9d4210bbfcd8f,TextUnit
text_unit:tu_3cd55ad14661c839,TextUnit
text_unit:tu_3df0515e8651851d,TextUnit
text_unit:tu_3e3e1f3a2945417a,TextUnit
text_unit:tu_3eab18ccdf29f819,TextUnit
text_unit:tu_3f00b8f79cdd65ed,TextUnit
text_unit:tu_3f3845d792e00e6d,TextUnit
text_unit:tu_3f47a3ad0d1d27ab,TextUnit
text_unit:tu_3fcfd1161ac35011,TextUnit
text_unit:tu_3fdd14b71dc3bd0a,TextUnit
text_unit:tu_3ffdb9a69bbc2c7b,TextUnit
text_unit:tu_4015fbfec5ebc09e,TextUnit
text_unit:tu_4079fa8cfcaa640c,TextUnit
text_unit:tu_40e0b9e7ecd6a914,TextUnit
text_unit:tu_4139c6353d2233cd,TextUnit
text_unit:tu_414b9e07a855adfa,TextUnit
text_unit:tu_415e50fd226b34db,TextUnit
text_unit:tu_41b13bf35107e52f,TextUnit
text_unit:tu_41e3d7388ca3414f,TextUnit
text_unit:tu_42015e402861f25e,TextUnit
text_unit:tu_4302bb1a72071919,TextUnit
text_unit:tu_431293df19d4f6f8,TextUnit
text_unit:tu_432d9c5866a965a4,TextUnit
text_unit:tu_449b0f0343ef7f0d,TextUnit
text_unit:tu_451e4ba26f1b7357,TextUnit
text_unit:tu_452ab6c8cbc01278,TextUnit
text_unit:tu_455ab49bc7327761,TextUnit
text_unit:tu_46ba44d9bd53bc87,TextUnit
text_unit:tu_46e534350433ce38,TextUnit
text_unit:tu_46eee99f79148f37,TextUnit
text_unit:tu_46ff9af71716ad02,TextUnit
text_unit:tu_47109f789717089b,TextUnit
text_unit:tu_486348330a0d0b79,TextUnit
text_unit:tu_48fb88923c7abc3d,TextUnit
text_unit:tu_4928e3f9df2812fe,TextUnit
text_unit:tu_49383b0941231112,TextUnit
text_unit:tu_49671bd4a0ffc122,TextUnit
text_unit:tu_4a88180c78a90aaa,TextUnit
text_unit:tu_4b11884cd63e838f,TextUnit
text_unit:tu_4c248315cbd99fbd,TextUnit
text_unit:tu_4ce5bc6cbe59c016,TextUnit
text_unit:tu_4cfd426c76abc347,TextUnit
text_unit:tu_4d0e9b75b856a653,TextUnit
text_unit:tu_4d89347e5e937587,TextUnit
text_unit:tu_4dd6a9042d7d7883,TextUnit
text_unit:tu_4df1cae78aeb785c,TextUnit
text_unit:tu_4df5a23e845e1d7a,TextUnit
text_unit:tu_4edb2c06a6cdbdf4,TextUnit
text_unit:tu_4edb3179250cacb8,TextUnit
text_unit:tu_4f0631c325e3a62f,TextUnit
text_unit:tu_4f5984817280af3b,TextUnit
text_unit:tu_4fa57277909c072f,TextUnit
text_unit:tu_50199678ae31aa77,TextUnit
text_unit:tu_50204db71358b3e4,TextUnit
text_unit:tu_50ef4362f8f8134e,TextUnit
text_unit:tu_50f7099402d925c6,TextUnit
text_unit:tu_5111a7b13a8b7101,TextUnit
text_unit:tu_52843430239b837f,TextUnit
text_unit:tu_53238337de508ea9,TextUnit
text_unit:tu_537f354a5a80f539,TextUnit
text_unit:tu_5468e970485d8102,TextUnit
text_unit:tu_549480671ff43341,TextUnit
text_unit:tu_54b9acd8f5a31dd2,TextUnit
text_unit:tu_559441d2e290903f,TextUnit
text_unit:tu_55e34550b2b3876a,TextUnit
text_unit:tu_560233c592de631f,TextUnit
text_unit:tu_560dd55b98168ba6,TextUnit
text_unit:tu_56980ce2bef18ea8,TextUnit
text_unit:tu_56e3849f555a59df,TextUnit
text_unit:tu_574c8f222aaa3e40,TextUnit
text_unit:tu_575dfd1b034f4fb2,TextUnit
text_unit:tu_578412fd0c97a27b,TextUnit
text_unit:tu_57d542c3957acbae,TextUnit
text_unit:tu_58240b758d2a6229,TextUnit
text_unit:tu_5845c437315818c6,TextUnit
text_unit:tu_58884e5ebe3ac1c9,TextUnit
text_unit:tu_588fd63cff6d8649,TextUnit
text_unit:tu_58e382f425fbb4cd,TextUnit
text_unit:tu_593526869d275daa,TextUnit
text_unit:tu_5959dd8ebb0246a6,TextUnit
text_unit:tu_5984248e9c90aed5,TextUnit
text_unit:tu_5a67ce29836c8ba1,TextUnit
text_unit:tu_5b00261bf5d59adc,TextUnit
text_unit:tu_5b0c5c60603e2be6,TextUnit
text_unit:tu_5b213efa90740564,TextUnit
text_unit:tu_5b2eb4486969f6fc,TextUnit
text_unit:tu_5bf5f62cf749dd3b,TextUnit
text_unit:tu_5db222148d00f77e,TextUnit
text_unit:tu_5df4b148513e1de9,TextUnit
text_unit:tu_5e4a893a4370d0d4,TextUnit
text_unit:tu_5f0830e52c6e3195,TextUnit
text_unit:tu_5f2a3bf34ea8ba70,TextUnit
text_unit:tu_5f337291ce14521e,TextUnit
text_unit:tu_5fa5fb7203c1385f,TextUnit
text_unit:tu_60b50c9766aedd34,TextUnit
text_unit:tu_6171cc4bcedb39e0,TextUnit
text_unit:tu_61874fc7dacab8cd,TextUnit
text_unit:tu_6270e6d249ec9fd4,TextUnit
text_unit:tu_62a7fa31814d58da,TextUnit
text_unit:tu_63153c03d578ca3e,TextUnit
text_unit:tu_636b71425e0a2b9e,TextUnit
text_unit:tu_637001e949170ee7,TextUnit
text_unit:tu_63784876d4c92834,TextUnit
text_unit:tu_6392c083f9c8470f,TextUnit
text_unit:tu_63aef39458e813f3,TextUnit
text_unit:tu_6405c32936343112,TextUnit
text_unit:tu_640b576f86418d3c,TextUnit
text_unit:tu_64b2a3030b1c7b32,TextUnit
text_unit:tu_659de155310c1186,TextUnit
text_unit:tu_65f082001ead798f,TextUnit
text_unit:tu_65fd2429a0f98e14,TextUnit
text_unit:tu_66066d8238815a2c,TextUnit
text_unit:tu_668bc2d03d7c6ac9,TextUnit
text_unit:tu_66ea5cf40f4216fc,TextUnit
text_unit:tu_67559aa3112ab200,TextUnit
text_unit:tu_67b7799b9ea6e6f7,TextUnit
text_unit:tu_68c4b97f3a832d10,TextUnit
text_unit:tu_698bbaa1c4b80c54,TextUnit
text_unit:tu_69c212a6c4463525,TextUnit
text_unit:tu_69c93035b9e76a1c,TextUnit
text_unit:tu_69f1e84d1d3282f6,TextUnit
text_unit:tu_6a940be03d9c02b0,TextUnit
text_unit:tu_6af65a302ee9fc79,TextUnit
text_unit:tu_6afe78c30cfa63d6,TextUnit
text_unit:tu_6b9e92bc734010c2,TextUnit
text_unit:tu_6be3a8d708c9cac3,TextUnit
text_unit:tu_6be6aee6781aca25,TextUnit
text_unit:tu_6c224467fe2ea299,TextUnit
text_unit:tu_6d243149dddb27e1,TextUnit
text_unit:tu_6d6271a0ffde48ba,TextUnit
text_unit:tu_6dbb54d972cabc07,TextUnit
text_unit:tu_6dc495f80f07a9c0,TextUnit
text_unit:tu_6dc72c6bf9e9e045,TextUnit
text_unit:tu_6ded4fe4cd243547,TextUnit
text_unit:tu_6e0e9b6c5c95ec7b,TextUnit
text_unit:tu_6e9356cefe3fde38,TextUnit
text_unit:tu_6ec891d1b3d24f34,TextUnit
text_unit:tu_6f1b616bf2f06240,TextUnit
text_unit:tu_6f5e6fa7bf450151,TextUnit
text_unit:tu_6fa16a1e37902ac3,TextUnit
text_unit:tu_6fba1b17bd2ee5ef,TextUnit
text_unit:tu_70218d6909357f0a,TextUnit
text_unit:tu_702bd59b759a1c68,TextUnit
text_unit:tu_70c36e1765f93ba0,TextUnit
text_unit:tu_71a084cf74ca88a8,TextUnit
text_unit:tu_71f32c5dfa1f85ad,TextUnit
text_unit:tu_7234737a63a66801,TextUnit
text_unit:tu_72c184f6564a2425,TextUnit
text_unit:tu_72d6621963178d63,TextUnit
text_unit:tu_72d70031971d322e,TextUnit
text_unit:tu_72edfcf1086c8f8f,TextUnit
text_unit:tu_7399db057c6af863,TextUnit
text_unit:tu_73bb02a1d9cc1fbc,TextUnit
text_unit:tu_74153ecda60c5cee,TextUnit
text_unit:tu_743309834b7f665f,TextUnit
text_unit:tu_74581fa841e8de98,TextUnit
text_unit:tu_749eb938267df596,TextUnit
text_unit:tu_74b16fbb6370a515,TextUnit
text_unit:tu_75218e129ade0f39,TextUnit
text_unit:tu_761c58de755a634d,TextUnit
text_unit:tu_762d3870683ed6ab,TextUnit
text_unit:tu_763aa8c7f7f80c9d,TextUnit
text_unit:tu_76594cb49a3cdafd,TextUnit
text_unit:tu_7692900adb97e17e,TextUnit
text_unit:tu_76d151fdd76b78ff,TextUnit
text_unit:tu_772f7c0800cd85ec,TextUnit
text_unit:tu_77758152fa33495b,TextUnit
text_unit:tu_7780e3b47c84449d,TextUnit
text_unit:tu_77c539c7cd8b72fc,TextUnit
text_unit:tu_7816a82a55175fd2,TextUnit
text_unit:tu_783db0490a19afc5,TextUnit
text_unit:tu_7858f1c21124259a,TextUnit
text_unit:tu_787ae5965f2454d7,TextUnit
text_unit:tu_78ba0e4e05577c0f,TextUnit
text_unit:tu_78c86377ba689d25,TextUnit
text_unit:tu_78cbdd1e296ef4b5,TextUnit
text_unit:tu_78cf6b2b913bc687,TextUnit
text_unit:tu_7959f3533c185ec2,TextUnit
text_unit:tu_798f136b8ceeecb0,TextUnit
text_unit:tu_7a4a9530836bc97f,TextUnit
text_unit:tu_7a85d1617fe089a9,TextUnit
text_unit:tu_7acc12499c232ce0,TextUnit
text_unit:tu_7ace4ad0db01bcdf,TextUnit
text_unit:tu_7ad0df8f1a959d64,TextUnit
text_unit:tu_7ae42d66486164bb,TextUnit
text_unit:tu_7b13184838e62490,TextUnit
text_unit:tu_7c4646359cd75afd,TextUnit
text_unit:tu_7c47f72f3f9273c5,TextUnit
text_unit:tu_7ca95072c9c8a096,TextUnit
text_unit:tu_7cbf74f6dae87e9c,TextUnit
text_unit:tu_7cbfea26f614b4ca,TextUnit
text_unit:tu_7cd4470cec98270c,TextUnit
text_unit:tu_7d3047fcf0338041,TextUnit
text_unit:tu_7d4b54b2629f08af,TextUnit
text_unit:tu_7e2428f5331ef228,TextUnit
text_unit:tu_7ebca2e266bd8501,TextUnit
text_unit:tu_7f14515452c126d3,TextUnit
text_unit:tu_7f14cd5086745a9d,TextUnit
text_unit:tu_7f79d6b012d4205b,TextUnit
text_unit:tu_7fb45d001809c9f1,TextUnit
text_unit:tu_7fc5b86d74ec835f,TextUnit
text_unit:tu_800831365464dcaa,TextUnit
text_unit:tu_80099ccb265ac9e4,TextUnit
text_unit:tu_803240130b3f53fc,TextUnit
text_unit:tu_8049448448e5ee67,TextUnit
text_unit:tu_808865eb595f078b,TextUnit
text_unit:tu_80b5feae51481460,TextUnit
text_unit:tu_80d30b372b6d6b27,TextUnit
text_unit:tu_80f442c8174d8bdf,TextUnit
text_unit:tu_80fe969e57e93123,TextUnit
text_unit:tu_815313be539a24b7,TextUnit
text_unit:tu_8169a5598d9678f4,TextUnit
text_unit:tu_81e6dee6d74d0104,TextUnit
text_unit:tu_81e72321f383db2d,TextUnit
text_unit:tu_827e034eede73f5b,TextUnit
text_unit:tu_82bb612a157093f3,TextUnit
text_unit:tu_82c1697c6d48e083,TextUnit
text_unit:tu_82cbc814aa284ffa,TextUnit
text_unit:tu_82e5a513f3837cad,TextUnit
text_unit:tu_83813775663af8ad,TextUnit
text_unit:tu_83a3a20195c197a3,TextUnit
text_unit:tu_83d2c0ddfd22eda2,TextUnit
text_unit:tu_83e919a453278642,TextUnit
text_unit:tu_84d3f49eb6225bd3,TextUnit
text_unit:tu_850b3b249f3be759,TextUnit
text_unit:tu_850fced06b96c543,TextUnit
text_unit:tu_851efab10ca73713,TextUnit
text_unit:tu_856653aa94c915f9,TextUnit
text_unit:tu_85d24aa19395ebaa,TextUnit
text_unit:tu_8679f22357aed085,TextUnit
text_unit:tu_86899308597503b9,TextUnit
text_unit:tu_869708d277976469,TextUnit
text_unit:tu_871e5ac84e3a2c0a,TextUnit
text_unit:tu_88086a0c31e9e0d3,TextUnit
text_unit:tu_883b18a78dd50111,TextUnit
text_unit:tu_885efe17b42fb6b4,TextUnit
text_unit:tu_8861ac8ef016b97f,TextUnit
text_unit:tu_88bedb6022c43043,TextUnit
text_unit:tu_893525ad10299b1e,TextUnit
text_unit:tu_89d075a0aa6814c3,TextUnit
text_unit:tu_8a694549684838e9,TextUnit
text_unit:tu_8b07145453db095c,TextUnit
text_unit:tu_8b336bb7133e59c8,TextUnit
text_unit:tu_8b33907c37ce96e4,TextUnit
text_unit:tu_8b87f8295eaf52ee,TextUnit
text_unit:tu_8ba7323f91f07f7f,TextUnit
text_unit:tu_8c781e7c90c675af,TextUnit
text_unit:tu_8cfc82905de43983,TextUnit
text_unit:tu_8d4b95ac40886114,TextUnit
text_unit:tu_8d66dd048ea74409,TextUnit
text_unit:tu_8daa976614695624,TextUnit
text_unit:tu_8e25cdb00214755d,TextUnit
text_unit:tu_8e5b706bd4b0b9e0,TextUnit
text_unit:tu_8ea2b2b2c0447f44,TextUnit
text_unit:tu_8eddc26981af745e,TextUnit
text_unit:tu_8efc2e492f29298d,TextUnit
text_unit:tu_8f06f7380fc78aef,TextUnit
text_unit:tu_8fa979394c7e0749,TextUnit
text_unit:tu_8fdb75f417275a48,TextUnit
text_unit:tu_900878ba4ef77287,TextUnit
text_unit:tu_900ff3d026031335,TextUnit
text_unit:tu_9012e72fd7ad0cb8,TextUnit
text_unit:tu_903e4a9536d1bba1,TextUnit
text_unit:tu_90584d9c2400cd2c,TextUnit
text_unit:tu_90bf4b4256ce762d,TextUnit
text_unit:tu_90de69102837cbe1,TextUnit
text_unit:tu_911a861cb233631a,TextUnit
text_unit:tu_911b23d0362863ea,TextUnit
text_unit:tu_917fefcabca8aa10,TextUnit
text_unit:tu_91a32c56f5568835,TextUnit
text_unit:tu_91bb22aa1962a164,TextUnit
text_unit:tu_91c2470b50c3fd7f,TextUnit
text_unit:tu_91c5da78638b0beb,TextUnit
text_unit:tu_91e919312e5cfb1e,TextUnit
text_unit:tu_91e92ec5c322768d,TextUnit
text_unit:tu_91eb1636ea67708c,TextUnit
text_unit:tu_9210a697fa0e8c5d,TextUnit
text_unit:tu_924169b553160c9d,TextUnit
text_unit:tu_927f65954261571a,TextUnit
text_unit:tu_92bace2c5a8c1274,TextUnit
text_unit:tu_92ec1861a815aabb,TextUnit
text_unit:tu_9361330c914759b6,TextUnit
text_unit:tu_93a402f56e2d457a,TextUnit
text_unit:tu_93d3781eb79f5480,TextUnit
text_unit:tu_94335f8dd4987957,TextUnit
text_unit:tu_9439f4157bc134d6,TextUnit
text_unit:tu_9463de47ed7f9ebf,TextUnit
text_unit:tu_948acd1ca53c415d,TextUnit
text_unit:tu_95356e861b70888b,TextUnit
text_unit:tu_954e18470e7fde6e,TextUnit
text_unit:tu_956caf8243ced744,TextUnit
text_unit:tu_9575c282742122d7,TextUnit
text_unit:tu_957d4a6cffefce74,TextUnit
text_unit:tu_95fa46bbec89ae15,TextUnit
text_unit:tu_9665ce42ec7c38eb,TextUnit
text_unit:tu_9683b9776379a0e9,TextUnit
text_unit:tu_96cecfba41e18a5c,TextUnit
text_unit:tu_97276e125c57cdf8,TextUnit
text_unit:tu_972aa14caeb09cb2,TextUnit
text_unit:tu_97462b35d7c7edb7,TextUnit
text_unit:tu_977df368a2f45535,TextUnit
text_unit:tu_979ee9b19b87c6fa,TextUnit
text_unit:tu_97d0e75e928cf661,TextUnit
text_unit:tu_97e3ce40102959d1,TextUnit
text_unit:tu_97f66366c70b5fc4,TextUnit
text_unit:tu_9832c06088b3514a,TextUnit
text_unit:tu_985e5cc241b8f2aa,TextUnit
text_unit:tu_9899451e4d6327e2,TextUnit
text_unit:tu_98ee63663e98aa54,TextUnit
text_unit:tu_9932f5dfc00d95ea,TextUnit
text_unit:tu_99cffbcc762d9c5e,TextUnit
text_unit:tu_9a1e100ca66475c6,TextUnit
text_unit:tu_9a35b3927a648427,TextUnit
text_unit:tu_9a81d1a4bf13121f,TextUnit
text_unit:tu_9a945a15e2461200,TextUnit
text_unit:tu_9b48ffe6d05729df,TextUnit
text_unit:tu_9b9fd31a34a2ad09,TextUnit
text_unit:tu_9ba5d6a60f859020,TextUnit
text_unit:tu_9bd379781fdc3306,TextUnit
text_unit:tu_9c327797f3ff4c53,TextUnit
text_unit:tu_9cae6c72cd441aaa,TextUnit
text_unit:tu_9cc3cf6e7036424d,TextUnit
text_unit:tu_9cce74a531836ebc,TextUnit
text_unit:tu_9de274b5ebfc4142,TextUnit
text_unit:tu_9e19a55c838d72de,TextUnit
text_unit:tu_9e67f534850ecefc,TextUnit
text_unit:tu_9ea474a1a0e1cee4,TextUnit
text_unit:tu_9eca35673de2093f,TextUnit
text_unit:tu_9ecc9a47456e4102,TextUnit
text_unit:tu_9f85cdb72dc5125e,TextUnit
text_unit:tu_9f8864aa4b489e36,TextUnit
text_unit:tu_9fcd7b75b0c5208e,TextUnit
text_unit:tu_9fdbf090d288e2f7,TextUnit
text_unit:tu_a02114798e96e7c4,TextUnit
text_unit:tu_a05ffd2cd0606bab,TextUnit
text_unit:tu_a097830609bf55e2,TextUnit
text_unit:tu_a0adb969bd827201,TextUnit
text_unit:tu_a0b546510b6cf10e,TextUnit
text_unit:tu_a0b6632d19436c51,TextUnit
text_unit:tu_a0c66728340d293a,TextUnit
text_unit:tu_a14f241036959c2e,TextUnit
text_unit:tu_a1500bcea2364e07,TextUnit
text_unit:tu_a1b7f792f77935b7,TextUnit
text_unit:tu_a1c72c455533abe9,TextUnit
text_unit:tu_a1e04e46c162547c,TextUnit
text_unit:tu_a1e8281f5aaa97ed,TextUnit
text_unit:tu_a2a2d0d8e87867b5,TextUnit
text_unit:tu_a4427c39f814186a,TextUnit
text_unit:tu_a46e7b46557be716,TextUnit
text_unit:tu_a57e2ff5f83d9ca4,TextUnit
text_unit:tu_a5afab79cf4ec0ca,TextUnit
text_unit:tu_a5d83ace86ef130c,TextUnit
text_unit:tu_a645ccc9c1c4594d,TextUnit
text_unit:tu_a6554ac6cd48dd02,TextUnit
text_unit:tu_a71ba6e1e355bf80,TextUnit
text_unit:tu_a781a51e23b724dd,TextUnit
text_unit:tu_a7e5641426ca9cf4,TextUnit
text_unit:tu_a7ffb5e10e0ab1de,TextUnit
text_unit:tu_a811b728dc6ea522,TextUnit
text_unit:tu_a86494c333178116,TextUnit
text_unit:tu_a876bce69614436e,TextUnit
text_unit:tu_a89971733b87e6c8,TextUnit
text_unit:tu_a8b67f73cc613c9e,TextUnit
text_unit:tu_a8c2eb8f9d2b8639,TextUnit
text_unit:tu_a96512072ba211e8,TextUnit
text_unit:tu_a98f4265ea9ddaf0,TextUnit
text_unit:tu_a9e81ff16565bd76,TextUnit
text_unit:tu_a9f0bce3fbb206d4,TextUnit
text_unit:tu_a9f3815e52090b32,TextUnit
text_unit:tu_a9fea56e79885606,TextUnit
text_unit:tu_aa4385041d14cb1d,TextUnit
text_unit:tu_aa81e068436db6eb,TextUnit
text_unit:tu_aabf932f9f57891b,TextUnit
text_unit:tu_aacd67ada15eea36,TextUnit
text_unit:tu_ab057446832c7360,TextUnit
text_unit:tu_ab33d56f408132ad,TextUnit
text_unit:tu_ab33fb4f749c77ea,TextUnit
text_unit:tu_ab4fd7bac4f304d9,TextUnit
text_unit:tu_ab54ab4aec3693d2,TextUnit
text_unit:tu_ac9e68b30fa1e507,TextUnit
text_unit:tu_ad05ebfce273c231,TextUnit
text_unit:tu_ad9f3a8f3842f56c,TextUnit
text_unit:tu_ae3e899e09307fb9,TextUnit
text_unit:tu_ae73f4d7c9283775,TextUnit
text_unit:tu_aedcbac70528ea09,TextUnit
text_unit:tu_aee99f8ac6e78bab,TextUnit
text_unit:tu_af52380f16d3d3e2,TextUnit
text_unit:tu_af8b540557ae89bc,TextUnit
text_unit:tu_afe588f844e62a06,TextUnit
text_unit:tu_b06905bf3e41829e,TextUnit
text_unit:tu_b0e5561b679b896f,TextUnit
text_unit:tu_b0e78a060973878c,TextUnit
text_unit:tu_b11af4e072bc5575,TextUnit
text_unit:tu_b141e7dac4821851,TextUnit
text_unit:tu_b1a7cdf91b9deb5a,TextUnit
text_unit:tu_b2e2e3f598d35aae,TextUnit
text_unit:tu_b30f5340d84913e6,TextUnit
text_unit:tu_b31bafef6a6c5f4f,TextUnit
text_unit:tu_b41597aaa3223477,TextUnit
text_unit:tu_b46bf4d0da9cbad8,TextUnit
text_unit:tu_b46e5a8805ceede1,TextUnit
text_unit:tu_b4a007f67f95144b,TextUnit
text_unit:tu_b4ba6ace7a9230e7,TextUnit
text_unit:tu_b4bb4249c04727ef,TextUnit
text_unit:tu_b56375770fe88ae4,TextUnit
text_unit:tu_b575e1e7ac61a950,TextUnit
text_unit:tu_b5a3ab4d33d7b2e6,TextUnit
text_unit:tu_b5c1c207e884a049,TextUnit
text_unit:tu_b60b6f3454c67a2b,TextUnit
text_unit:tu_b63b4509f581e012,TextUnit
text_unit:tu_b68a6b5bb2a419db,TextUnit
text_unit:tu_b6ab95447dcc8608,TextUnit
text_unit:tu_b6be7747b22ec98d,TextUnit
text_unit:tu_b70ab850d2c3b385,TextUnit
text_unit:tu_b72ffe17a2e11a43,TextUnit
text_unit:tu_b791ebba290e5a2a,TextUnit
text_unit:tu_b7afc5d461371004,TextUnit
text_unit:tu_b7ca8832ffca4c0c,TextUnit
text_unit:tu_b7e45720f408f719,TextUnit
text_unit:tu_b7fcd8e5f847dd90,TextUnit
text_unit:tu_b8475d035066796c,TextUnit
text_unit:tu_b8a76f619eb44b9d,TextUnit
text_unit:tu_b8af31a85447ad32,TextUnit
text_unit:tu_b8d53c6e0c5f6c25,TextUnit
text_unit:tu_b9ad44944de91aea,TextUnit
text_unit:tu_ba39aa43e5f5b0de,TextUnit
text_unit:tu_ba3e0535a7e09804,TextUnit
text_unit:tu_ba5131af8340472a,TextUnit
text_unit:tu_ba9210ac19fd695a,TextUnit
text_unit:tu_baa33aafad427bfd,TextUnit
text_unit:tu_baac68493cb0fd92,TextUnit
text_unit:tu_bac9a552a4f47f34,TextUnit
text_unit:tu_bae14e6251d76402,TextUnit
text_unit:tu_bb2b308efa0f3d6c,TextUnit
text_unit:tu_bb540ac59dcc1da9,TextUnit
text_unit:tu_bb677070abc67bdb,TextUnit
text_unit:tu_bb6db8bb8af68fac,TextUnit
text_unit:tu_bb83ec4f10655666,TextUnit
text_unit:tu_bbc3e2631d058d9f,TextUnit
text_unit:tu_bbeff784b721fd99,TextUnit
text_unit:tu_bc445469771870b9,TextUnit
text_unit:tu_bc8f3c43ce564f70,TextUnit
text_unit:tu_bc9536babf95c601,TextUnit
text_unit:tu_bc9541e1fead26dd,TextUnit
text_unit:tu_bc9cf70d4d583419,TextUnit
text_unit:tu_bd2f5d7bacae733c,TextUnit
text_unit:tu_bdf31b85e91d8ea6,TextUnit
text_unit:tu_be7107606db6540e,TextUnit
text_unit:tu_be71aeab48d252c9,TextUnit
text_unit:tu_bec48216d549c86c,TextUnit
text_unit:tu_bed47c8e2a47b78a,TextUnit
text_unit:tu_bf1bdcb4321bae2e,TextUnit
text_unit:tu_bf65047c37a5e011,TextUnit
text_unit:tu_bf9eb44070b3bede,TextUnit
text_unit:tu_c03e9ff006cbe7e2,TextUnit
text_unit:tu_c05118b708144394,TextUnit
text_unit:tu_c052075a94117be3,TextUnit
text_unit:tu_c0b07165f7a17a59,TextUnit
text_unit:tu_c0fb5ede907e36cb,TextUnit
text_unit:tu_c127849eda8e7b8b,TextUnit
text_unit:tu_c1698194bf6166a6,TextUnit
text_unit:tu_c1a3bab0b5bda8e0,TextUnit
text_unit:tu_c1a57bf1808057c1,TextUnit
text_unit:tu_c1d0ee0a6ebf4d1c,TextUnit
text_unit:tu_c1e23c906c161745,TextUnit
text_unit:tu_c1f057706fd752df,TextUnit
text_unit:tu_c1f6af88413e331d,TextUnit
text_unit:tu_c23e39c7f566ac96,TextUnit
text_unit:tu_c245f9e52651f9a3,TextUnit
text_unit:tu_c2473daa4268eaa2,TextUnit
text_unit:tu_c2c98e92d448158e,TextUnit
text_unit:tu_c379e628cf82ce84,TextUnit
text_unit:tu_c38b7c432796ec79,TextUnit
text_unit:tu_c3a998a2694d839a,TextUnit
text_unit:tu_c3be30418387e824,TextUnit
text_unit:tu_c411e8692ce138f5,TextUnit
text_unit:tu_c412ccb7388264b5,TextUnit
text_unit:tu_c43d42e69981d647,TextUnit
text_unit:tu_c4a3ecf19f8fe8ae,TextUnit
text_unit:tu_c4aa9ae36dcca43f,TextUnit
text_unit:tu_c4fc9929e624bb32,TextUnit
text_unit:tu_c5192f7ad7fb9a6d,TextUnit
text_unit:tu_c52cb87240e836b4,TextUnit
text_unit:tu_c5bdcde28b7e7ce1,TextUnit
text_unit:tu_c636d1538cccf67b,TextUnit
text_unit:tu_c670adc635105e01,TextUnit
text_unit:tu_c6ba2bab4389fd23,TextUnit
text_unit:tu_c6ce8cd5f4d49254,TextUnit
text_unit:tu_c6d18c1383a895ef,TextUnit
text_unit:tu_c6e70127478be47a,TextUnit
text_unit:tu_c6fcefdfcd9d111c,TextUnit
text_unit:tu_c7774e52f460b1d2,TextUnit
text_unit:tu_c7e128865323f362,TextUnit
text_unit:tu_c9293c852e0135d1,TextUnit
text_unit:tu_c9376e4822d3ec19,TextUnit
text_unit:tu_c944ee5966dead06,TextUnit
text_unit:tu_c99e28227425366f,TextUnit
text_unit:tu_ca00a76b098ccf00,TextUnit
text_unit:tu_ca0d927e46b103bd,TextUnit
text_unit:tu_ca11348f1a36fc0a,TextUnit
text_unit:tu_ca94cebb760bd3d6,TextUnit
text_unit:tu_cb4db1067d0ce76a,TextUnit
text_unit:tu_cc2d2ea85edde47d,TextUnit
text_unit:tu_cc652353c237a8f9,TextUnit
text_unit:tu_cce75a14940d7749,TextUnit
text_unit:tu_ccf9f4d2a1b76fe3,TextUnit
text_unit:tu_cd1a06d0425f588d,TextUnit
text_unit:tu_cd86b9238f201e09,TextUnit
text_unit:tu_cde14991730fe239,TextUnit
text_unit:tu_cdfc9b9ef0376557,TextUnit
text_unit:tu_ce1ead78f61aabe1,TextUnit
text_unit:tu_ce613c0f6b23f5c0,TextUnit
text_unit:tu_ce70dc099a4b08c4,TextUnit
text_unit:tu_cf0899d9e1fd6a55,TextUnit
text_unit:tu_cf714285e0b3cbad,TextUnit
text_unit:tu_cf9b4b3a97a559bf,TextUnit
text_unit:tu_cfbe21c057cd6d88,TextUnit
text_unit:tu_cfdcb1df0f46d306,TextUnit
text_unit:tu_cff58d2c4ad26ba5,TextUnit
text_unit:tu_d065c03c4ffea6ed,TextUnit
text_unit:tu_d0944df2b028f422,TextUnit
text_unit:tu_d0bbb111e9e9a7e3,TextUnit
text_unit:tu_d0e569897c20b7fe,TextUnit
text_unit:tu_d1c6b66f0b21b970,TextUnit
text_unit:tu_d1dd79589df34f20,TextUnit
text_unit:tu_d2292fdad09da78a,TextUnit
text_unit:tu_d241a1086d105edb,TextUnit
text_unit:tu_d250e63d6b111aab,TextUnit
text_unit:tu_d29c4e15f8d815ab,TextUnit
text_unit:tu_d2b346211c00c498,TextUnit
text_unit:tu_d2c3670085f4ff00,TextUnit
text_unit:tu_d386170fcb321f69,TextUnit
text_unit:tu_d3c0592d59330390,TextUnit
text_unit:tu_d3f1283bd64e0ed1,TextUnit
text_unit:tu_d4088243f18a96f8,TextUnit
text_unit:tu_d467af80565ae273,TextUnit
text_unit:tu_d4acf90420dd4896,TextUnit
text_unit:tu_d574330250ce6b6d,TextUnit
text_unit:tu_d5c47f173b01c665,TextUnit
text_unit:tu_d5cc3d52d27224fb,TextUnit
text_unit:tu_d5e507f9d0412e9a,TextUnit
text_unit:tu_d6dc2e6bb681d776,TextUnit
text_unit:tu_d728b43cb8dee92f,TextUnit
text_unit:tu_d7985d984f2378be,TextUnit
text_unit:tu_d81395a588c6ff06,TextUnit
text_unit:tu_d883587135e58cc4,TextUnit
text_unit:tu_d8964f2eb4603782,TextUnit
text_unit:tu_d89db4921273192b,TextUnit
text_unit:tu_d8c3d6037a5532d6,TextUnit
text_unit:tu_d94674e82246cc30,TextUnit
text_unit:tu_da46b386a8c9d1f3,TextUnit
text_unit:tu_daa98ba7813840c7,TextUnit
text_unit:tu_dae7119178429e30,TextUnit
text_unit:tu_daf2e650da4ca1c5,TextUnit
text_unit:tu_db04336f57c67dda,TextUnit
text_unit:tu_db76f1976fb4e848,TextUnit
text_unit:tu_dbb8e7f078a878fe,TextUnit
text_unit:tu_dc0c9280e77f6db3,TextUnit
text_unit:tu_dc9f6493a67a24e0,TextUnit
text_unit:tu_dcb3005ac6b82138,TextUnit
text_unit:tu_dcc9212997c4958d,TextUnit
text_unit:tu_ddc36e455a12ed39,TextUnit
text_unit:tu_ddcce94a89caf6c9,TextUnit
text_unit:tu_ddd7e15630f912fc,TextUnit
text_unit:tu_dddc84967b3886d4,TextUnit
text_unit:tu_de31cea0bf83ca54,TextUnit
text_unit:tu_df2b3864900df3e2,TextUnit
text_unit:tu_df2bf85f008c128c,TextUnit
text_unit:tu_df3146b29c947b8c,TextUnit
text_unit:tu_df3e9851b3929fb9,TextUnit
text_unit:tu_dfc1dc5533351556,TextUnit
text_unit:tu_e073f91d3c94dac0,TextUnit
text_unit:tu_e0855c48a9bd6577,TextUnit
text_unit:tu_e09cb6ab3c43bd07,TextUnit
text_unit:tu_e0aaa1b4ce5d9c69,TextUnit
text_unit:tu_e156a9e6e3152cbc,TextUnit
text_unit:tu_e1ecc169314d8f9c,TextUnit
text_unit:tu_e30ba8949ea2d587,TextUnit
text_unit:tu_e32e548e17bf2087,TextUnit
text_unit:tu_e3df0658b97464ca,TextUnit
text_unit:tu_e3ff81c0a8ab0034,TextUnit
text_unit:tu_e4ea3bbd095039bd,TextUnit
text_unit:tu_e53ce367e02f8236,TextUnit
text_unit:tu_e5a891feaf3d2e38,TextUnit
text_unit:tu_e5b83d0297c29d3f,TextUnit
text_unit:tu_e677fb99ac180115,TextUnit
text_unit:tu_e6b84c9f67a66fbe,TextUnit
text_unit:tu_e6c19832c1bd3767,TextUnit
text_unit:tu_e7151638e10b8a47,TextUnit
text_unit:tu_e720b053a81bc04d,TextUnit
text_unit:tu_e795aebe8b84944b,TextUnit
text_unit:tu_e7fbc6566f39a878,TextUnit
text_unit:tu_e80a0562b0175f9c,TextUnit
text_unit:tu_e84f5e32f60af4dc,TextUnit
text_unit:tu_e8bca208b6a3c6a6,TextUnit
text_unit:tu_e905093099292f01,TextUnit
text_unit:tu_e908b117906922b3,TextUnit
text_unit:tu_e90946fe5e330b0d,TextUnit
text_unit:tu_e929c1f9bb53d24c,TextUnit
text_unit:tu_e953a4dafeb929aa,TextUnit
text_unit:tu_e9755f91986ef394,TextUnit
text_unit:tu_e9eb2557d4ad64af,TextUnit
text_unit:tu_ea5752fcd41df6d1,TextUnit
text_unit:tu_ea80df815e15954e,TextUnit
text_unit:tu_ea8a0b253ea205d3,TextUnit
text_unit:tu_ea92d4a304b91d71,TextUnit
text_unit:tu_ea9bfe4bb1a445a9,TextUnit
text_unit:tu_eab440cd5c5ab42e,TextUnit
text_unit:tu_eae567348b722449,TextUnit
text_unit:tu_eb5389e048f4f7c1,TextUnit
text_unit:tu_ebff7c8ab618eac8,TextUnit
text_unit:tu_ecf8f1e6eb76ce7a,TextUnit
text_unit:tu_ed10fb83982cb564,TextUnit
text_unit:tu_ed446678d7809fae,TextUnit
text_unit:tu_ed59a7b8319aced8,TextUnit
text_unit:tu_ed68889f9cb98025,TextUnit
text_unit:tu_ed697290ea2a7085,TextUnit
text_unit:tu_edd5aca45f90c75f,TextUnit
text_unit:tu_edded15a88972a1d,TextUnit
text_unit:tu_ee1dc390a5311868,TextUnit
text_unit:tu_ee61a20cef33c981,TextUnit
text_unit:tu_ee98051a7bc60a72,TextUnit
text_unit:tu_eef0724c614fbd74,TextUnit
text_unit:tu_ef8faf116e4c2b67,TextUnit
text_unit:tu_efc1f53272ae19ea,TextUnit
text_unit:tu_efdcec3d6ca3fda4,TextUnit
text_unit:tu_effafa86aabee0dd,TextUnit
text_unit:tu_f15967662327b478,TextUnit
text_unit:tu_f1b6d3eb8de589bd,TextUnit
text_unit:tu_f27682e94a3a259e,TextUnit
text_unit:tu_f38ffd1f7d115b72,TextUnit
text_unit:tu_f3b46719064fb704,TextUnit
text_unit:tu_f3c7ef511236dec6,TextUnit
text_unit:tu_f43d051aa8af858b,TextUnit
text_unit:tu_f45009027903624d,TextUnit
text_unit:tu_f5c514fa5ee0b2d6,TextUnit
text_unit:tu_f5ce29ffbddb11d3,TextUnit
text_unit:tu_f5f8bb345d03b1a6,TextUnit
text_unit:tu_f601d4442a02ed0f,TextUnit
text_unit:tu_f74a72e4013eed14,TextUnit
text_unit:tu_f74c9edfc07b7cd2,TextUnit
text_unit:tu_f74d60fd78f328c5,TextUnit
text_unit:tu_f751e4062a20767b,TextUnit
text_unit:tu_f79b1790f6fab7d4,TextUnit
text_unit:tu_f7c92b9682c29491,TextUnit
text_unit:tu_f7deb270deda0e5f,TextUnit
text_unit:tu_f825b3c97028ece2,TextUnit
text_unit:tu_f846ae48e4339c4a,TextUnit
text_unit:tu_f9d0b0a37de54f5a,TextUnit
text_unit:tu_f9e17c4085bf62f6,TextUnit
text_unit:tu_fa5ea18d83e3ce1c,TextUnit
text_unit:tu_fa68db1f0b70d704,TextUnit
text_unit:tu_fa8a4d949b2c05fa,TextUnit
text_unit:tu_fac2d9e2cddf5d2e,TextUnit
text_unit:tu_fade3a499de6bcea,TextUnit
text_unit:tu_fae9911eb6b9b3eb,TextUnit
text_unit:tu_fb41ef915d04e62b,TextUnit
text_unit:tu_fb8da8c350574082,TextUnit
text_unit:tu_fb91e2f432c34cab,TextUnit
text_unit:tu_fbe5ae3a90d2f6d2,TextUnit
text_unit:tu_fc3f5e5069707f9f,TextUnit
text_unit:tu_fc515ecedd1eac43,TextUnit
text_unit:tu_fcb7b96b626108ac,TextUnit
text_unit:tu_fd332592484abb85,TextUnit
text_unit:tu_fd87b30256ececc6,TextUnit
text_unit:tu_fdb5a9bc6ba9a70f,TextUnit
text_unit:tu_fde5e6063834b72d,TextUnit
text_unit:tu_fde9fd6e180c5a12,TextUnit
text_unit:tu_fe4b04f9942496cb,TextUnit
text_unit:tu_fe5e7e8c47420cea,TextUnit
text_unit:tu_fe6fc00d83dcb4d3,TextUnit
text_unit:tu_fe85c1995f538d58,TextUnit
text_unit:tu_feeb28ca8361cf2c,TextUnit
text_unit:tu_ff0d13b206bbfea6,TextUnit
