item_id,restaurant_id,name,normalized_name,description,price,category,availability,source_names,source_record_ids,created_at,updated_at,data_version
867932,25639,Phở trộn bò và gà - 1 Coca cola,phở trộn bò và gà - 1 coca cola,,49000,,True,befood_menu,867932,,,offline
867933,25639,Miến trộn bò và gà - 1 coca cola,miến trộn bò và gà - 1 coca cola,,49000,,True,befood_menu,867933,,,offline
867935,25639,Bún trộn bò và gà - 1 Sprite,bún trộn bò và gà - 1 sprite,,49000,,True,befood_menu,867935,,,offline
867936,25639,Miến Trộn Bò Gà,miến trộn bò gà,,45000,,True,befood_menu,867936,,,offline
867937,25639,Phở Trộn Bò Gà,phở trộn bò gà,,45000,,True,befood_menu,867937,,,offline
867938,25639,Bún Trộn Bò Gà,bún trộn bò gà,,45000,,True,befood_menu,867938,,,offline
867939,25639,Bún Ngan Trộn,bún ngan trộn,,45000,,True,befood_menu,867939,,,offline
867940,25639,Bún Trộn Bò,bún trộn bò,,45000,,True,befood_menu,867940,,,offline
867941,25639,Miến Trộn Gà,miến trộn gà,,45000,,True,befood_menu,867941,,,offline
867942,25639,Bún Chả,bún chả,,45000,,True,befood_menu,867942,,,offline
867943,25639,Miến Trộn Bò,miến trộn bò,,45000,,True,befood_menu,867943,,,offline
867944,25639,Bún Thập Cẩm,bún thập cẩm,,45000,,True,befood_menu,867944,,,offline
867945,25639,Bún Ngan Nước,bún ngan nước,,45000,,True,befood_menu,867945,,,offline
867946,25639,Bún Trộn Gà,bún trộn gà,,45000,,True,befood_menu,867946,,,offline
867947,25639,Phở Trộn Gà,phở trộn gà,,45000,,True,befood_menu,867947,,,offline
867948,25639,Phở Trộn Bò,phở trộn bò,,45000,,True,befood_menu,867948,,,offline
867949,25639,Bún Cá,bún cá,,45000,,True,befood_menu,867949,,,offline
867950,25639,Bún Bò Nam Bộ (nước),bún bò nam bộ (nước),,45000,,True,befood_menu,867950,,,offline
867951,25639,Bánh Đa Trộn Bò Gà,bánh đa trộn bò gà,,45000,,True,befood_menu,867951,,,offline
867952,25639,Bún Gà Chan Nước,bún gà chan nước,,45000,,True,befood_menu,867952,,,offline
867953,25639,Bún Bò Giò Tai,bún bò giò tai,,45000,,True,befood_menu,867953,,,offline
867954,25639,Phở Bò Nước,phở bò nước,,45000,,True,befood_menu,867954,,,offline
867955,25639,Bún Bò Nam Bộ (Trộn),bún bò nam bộ (trộn),,45000,,True,befood_menu,867955,,,offline
867956,25639,Bún Mọc,bún mọc,,45000,,True,befood_menu,867956,,,offline
867957,25639,Phở Gà Nước,phở gà nước,,45000,,True,befood_menu,867957,,,offline
867958,25639,Mỳ Trộn Thập Cẩm,mỳ trộn thập cẩm,,45000,,True,befood_menu,867958,,,offline
867959,25639,Bánh Đa Cá (Nước),bánh đa cá (nước),,45000,,True,befood_menu,867959,,,offline
867960,25639,Mỳ Trộn Bò Gà Cay,mỳ trộn bò gà cay,,45000,,True,befood_menu,867960,,,offline
867961,25639,Há Cảo Thập Cẩm,há cảo thập cẩm,,45000,,True,befood_menu,867961,,,offline
867962,25639,Há Cảo Tôm,há cảo tôm,,45000,,True,befood_menu,867962,,,offline
867963,25639,Há Cảo Thịt Rau,há cảo thịt rau,,45000,,True,befood_menu,867963,,,offline
867964,25639,Há Cảo Thịt Nấm,há cảo thịt nấm,,45000,,True,befood_menu,867964,,,offline
867965,25639,Bún Cá Mọc,bún cá mọc,,45000,,True,befood_menu,867965,,,offline
867966,25639,Bánh Đa Cá Mọc Đậu,bánh đa cá mọc đậu,,45000,,True,befood_menu,867966,,,offline
867967,25639,Cơm Gà Sốt Chua Ngọt,cơm gà sốt chua ngọt,,49000,,True,befood_menu,867967,,,offline
867968,25639,Cơm Gà Luộc,cơm gà luộc,,50000,,True,befood_menu,867968,,,offline
867969,25639,Cơm Thịt Rang Trứng Rán Đậu Nhồi,cơm thịt rang trứng rán đậu nhồi,,48000,,True,befood_menu,867969,,,offline
867970,25639,Cơm Gà Rang Gừng,cơm gà rang gừng,,48000,,True,befood_menu,867970,,,offline
867971,25639,Cơm Gà Rán,cơm gà rán,,48000,,True,befood_menu,867971,,,offline
867972,25639,Cơm Thịt Xào Trứng Rán Lá Lốt,cơm thịt xào trứng rán lá lốt,,48000,,True,befood_menu,867972,,,offline
867973,25639,Cơm Cá Kho Trứng Rán Đậu Sốt,cơm cá kho trứng rán đậu sốt,,48000,,True,befood_menu,867973,,,offline
867974,25639,Cơm Gà Xào Xả Ớt,cơm gà xào xả ớt,,48000,,True,befood_menu,867974,,,offline
867981,25639,Cơm Thịt Xào Nấm,cơm thịt xào nấm,,48000,,True,befood_menu,867981,,,offline
7670605,97742,Cơm thịt lợn mường xào xả ớt,cơm thịt lợn mường xào xả ớt,,66000,,True,befood_menu,7670605,,,offline
9050411,97742,Cơm thịt kho tàu - trứng cút,cơm thịt kho tàu - trứng cút,,58000,,True,befood_menu,9050411,,,offline
9050419,97742,Cơm chả lá lốt vị nhà làm,cơm chả lá lốt vị nhà làm,,58000,,True,befood_menu,9050419,,,offline
9050433,97742,Cơm thịt nướng giềng mẻ,cơm thịt nướng giềng mẻ,,66000,,True,befood_menu,9050433,,,offline
9050435,97742,Cơm thịt quay giòn bì,cơm thịt quay giòn bì,,66000,,True,befood_menu,9050435,,,offline
9050436,97742,Cơm thịt ba chỉ rang cháy cạnh,cơm thịt ba chỉ rang cháy cạnh,,66000,,True,befood_menu,9050436,,,offline
7670606,97742,Bún chả truyền thống,bún chả truyền thống,,58000,,True,befood_menu,7670606,,,offline
7670608,97742,Bún chả viên,bún chả viên,,58000,,True,befood_menu,7670608,,,offline
9050428,97742,Bún chả đặc biệt,bún chả đặc biệt,,69000,,True,befood_menu,9050428,,,offline
9050430,97742,Bún chả miếng,bún chả miếng,,58000,,True,befood_menu,9050430,,,offline
7670603,97742,Cơm tấm - sườn cốt lết,cơm tấm - sườn cốt lết,,69000,,True,befood_menu,7670603,,,offline
7670604,97742,Cơm tấm đặc biệt ( Sườn - Bì - Chả Trứng - Ốp la ),cơm tấm đặc biệt ( sườn - bì - chả trứng - ốp la ),,95000,,True,befood_menu,7670604,,,offline
7670609,97742,Cơm tấm - sườn cốt lết - chả trứng,cơm tấm - sườn cốt lết - chả trứng,,78000,,True,befood_menu,7670609,,,offline
7670607,97742,Bánh cuốn chả lẫn,bánh cuốn chả lẫn,,59000,,True,befood_menu,7670607,,,offline
11563785,130307,Phở bò tái chín nạm,phở bò tái chín nạm,,50000,,True,befood_menu,11563785,,,offline
11563786,130307,Phở bò gầu,phở bò gầu,,60000,,True,befood_menu,11563786,,,offline
11563787,130307,Phở gà,phở gà,,50000,,True,befood_menu,11563787,,,offline
2513690,22758,Xôi Chiên Bọc Nguyên Đùi Gà,xôi chiên bọc nguyên đùi gà,,55000,,True,befood_menu,2513690,,,offline
2513691,22758,Xôi Chiên Nhân Đùi Gà Xé,xôi chiên nhân đùi gà xé,,55000,,True,befood_menu,2513691,,,offline
2513692,22758,Cơm Rang Kim Chi Bò,cơm rang kim chi bò,,52500,,True,befood_menu,2513692,,,offline
2513693,22758,Cơm Rang Kim Chi Xá Xíu,cơm rang kim chi xá xíu,,52500,,True,befood_menu,2513693,,,offline
2513694,22758,Cơm Thịt Viên Rim Cà Chua,cơm thịt viên rim cà chua,,48000,,True,befood_menu,2513694,,,offline
2513695,22758,Cơm Rang Đùi Gà Sốt Chua Ngọt,cơm rang đùi gà sốt chua ngọt,,52500,,True,befood_menu,2513695,,,offline
2513696,22758,Cơm Trắng Sườn Sốt Chua Ngọt,cơm trắng sườn sốt chua ngọt,,52000,,True,befood_menu,2513696,,,offline
2513697,22758,Cơm Đùi Gà Sốt Chua Ngọt,cơm đùi gà sốt chua ngọt,,47000,,True,befood_menu,2513697,,,offline
2513698,22758,Cơm Rang Thịt Rán Xá Xíu,cơm rang thịt rán xá xíu,,52000,,True,befood_menu,2513698,,,offline
2513699,22758,Cơm Rang Sườn Trứng Rim Cay,cơm rang sườn trứng rim cay,,56000,,True,befood_menu,2513699,,,offline
2513700,22758,Cơm TRẮng Canh Kim Chi Thịt Bò,cơm trắng canh kim chi thịt bò,,56000,,True,befood_menu,2513700,,,offline
2513701,22758,Cơm Trắng Sườn Trứng Rim Cay,cơm trắng sườn trứng rim cay,,52000,,True,befood_menu,2513701,,,offline
2513702,22758,Cơm Rang Kim Chi Đùi Gà,cơm rang kim chi đùi gà,,62000,,True,befood_menu,2513702,,,offline
2513703,22758,Cơm Trắng Thịt Rán Xá Xíu,cơm trắng thịt rán xá xíu,,47000,,True,befood_menu,2513703,,,offline
2513704,22758,Cơm Rang Dưa Xào Bò,cơm rang dưa xào bò,,51000,,True,befood_menu,2513704,,,offline
2513705,22758,Cơm Rang Đùi Gà Rán,cơm rang đùi gà rán,,51000,,True,befood_menu,2513705,,,offline
2513706,22758,Cơm Rang Sườn Sốt Chua Ngọt,cơm rang sườn sốt chua ngọt,,55000,,True,befood_menu,2513706,,,offline
2513707,22758,Cơm Nóng Canh Kim Chi Sườn Cay,cơm nóng canh kim chi sườn cay,,61000,,True,befood_menu,2513707,,,offline
2513708,22758,Cơm Trắng Rau Cải Xào Thịt Bò,cơm trắng rau cải xào thịt bò,,50000,,True,befood_menu,2513708,,,offline
2513709,22758,Cơm Trắng Dưa Xào Bò,cơm trắng dưa xào bò,,45000,,True,befood_menu,2513709,,,offline
2513710,22758,Cơm Rang Thịt Viên Rim Cà Chua,cơm rang thịt viên rim cà chua,,52000,,True,befood_menu,2513710,,,offline
2513711,22758,Cơm Rang Rau Cải Xào Thịt Bò,cơm rang rau cải xào thịt bò,,52000,,True,befood_menu,2513711,,,offline
2513712,22758,Cơm Đùi Gà Nướng,cơm đùi gà nướng,,47500,,True,befood_menu,2513712,,,offline
2513718,22758,Mỳ Xào Rau Cải Thịt Bò,mỳ xào rau cải thịt bò,,50000,,True,befood_menu,2513718,,,offline
2513719,22758,Mỳ Udon Xào Kim Chi Bò Cay,mỳ udon xào kim chi bò cay,,60000,,True,befood_menu,2513719,,,offline
2513720,22758,Mỳ Udon Xào Rau Cải Bò,mỳ udon xào rau cải bò,,65000,,True,befood_menu,2513720,,,offline
2513721,22758,Mỳ Trộn Kim Chi Bò,mỳ trộn kim chi bò,,52000,,True,befood_menu,2513721,,,offline
2513724,22758,Set 10 Nem Chua Rán,set 10 nem chua rán,,58000,,True,befood_menu,2513724,,,offline
2513728,22758,Đùi Gà Rán,đùi gà rán,,31000,,True,befood_menu,2513728,,,offline
2513729,22758,Set 5 Phô Mai Que,set 5 phô mai que,,37000,,True,befood_menu,2513729,,,offline
2513732,22758,Ngô Xào Tép 2 Suất,ngô xào tép 2 suất,,61000,,True,befood_menu,2513732,,,offline
2513734,22758,Bánh Bao Chay Chiên Kèm Sữa Chấm,bánh bao chay chiên kèm sữa chấm,,36500,,True,befood_menu,2513734,,,offline
394469,11471,Phở Chín,phở chín,,48000,,True,befood_menu,394469,,,offline
394470,11471,Phở Tái,phở tái,,48000,,True,befood_menu,394470,,,offline
394471,11471,Phở Tái Chín,phở tái chín,,52000,,True,befood_menu,394471,,,offline
394472,11471,Phở Tái Nạm,phở tái nạm,,58000,,True,befood_menu,394472,,,offline
394473,11471,Phở Tái Bắp,phở tái bắp,,70000,,True,befood_menu,394473,,,offline
394474,11471,Phở Tái Lăn,phở tái lăn,,60000,,True,befood_menu,394474,,,offline
394475,11471,Phở Tái Gầu,phở tái gầu,,58000,,True,befood_menu,394475,,,offline
394476,11471,Phở Bắp Nạm,phở bắp nạm,,70000,,True,befood_menu,394476,,,offline
394477,11471,Phở Đặc Biệt,phở đặc biệt,,80000,,True,befood_menu,394477,,,offline
394457,11471,Cơm Gà Xối Mắm,cơm gà xối mắm,,60000,,True,befood_menu,394457,,,offline
394459,11471,Cơm Rang Thập Cẩm,cơm rang thập cẩm,,48000,,True,befood_menu,394459,,,offline
394460,11471,Cơm Rang Dưa Bò,cơm rang dưa bò,,52000,,True,befood_menu,394460,,,offline
394461,11471,Phở Xào Mềm,phở xào mềm,,60000,,True,befood_menu,394461,,,offline
394462,11471,Cơm Rang Cải Bò,cơm rang cải bò,,52000,,True,befood_menu,394462,,,offline
394464,11471,Đùi Gà Sốt,đùi gà sốt,,40000,,True,befood_menu,394464,,,offline
394466,11471,Cơm Sườn Sốt Ngũ Vị,cơm sườn sốt ngũ vị,,60000,,True,befood_menu,394466,,,offline
394467,11471,Mì xào mềm,mì xào mềm,,60000,,True,befood_menu,394467,,,offline
4580862,11471,Trứng Ốp (2 Quả),trứng ốp (2 quả),,30000,,True,befood_menu,4580862,,,offline
4580864,11471,Mì Xào Mềm,mì xào mềm,,60000,,True,befood_menu,4580864,,,offline
394483,11471,Cơm Rang Thập Cẩm - Coca,cơm rang thập cẩm - coca,,60000,,True,befood_menu,394483,,,offline
4487874,11326,Combo cơm thịt sốt chua ngọt -1 cocacola,combo cơm thịt sốt chua ngọt -1 cocacola,,53000,,True,befood_menu,4487874,,,offline
4487876,11326,Combo cơm chả cá sốt -1 fanta,combo cơm chả cá sốt -1 fanta,,53000,,True,befood_menu,4487876,,,offline
4487877,11326,Cơm thịt kho - 01 coca,cơm thịt kho - 01 coca,,55000,,True,befood_menu,4487877,,,offline
4487878,11326,Combo cơm thập cẩm - 1 sprite chai,combo cơm thập cẩm - 1 sprite chai,,53000,,True,befood_menu,4487878,,,offline
4487879,11326,Compo cơm thập cẩm - 1 coca chai,compo cơm thập cẩm - 1 coca chai,,53000,,True,befood_menu,4487879,,,offline
4487880,11326,"Cơm gà sốt chua ngọt, trứng rán","cơm gà sốt chua ngọt, trứng rán",,40000,,True,befood_menu,4487880,,,offline
4487882,11326,"Cơm thịt sốt chua ngọt, đậu nhồi thịt","cơm thịt sốt chua ngọt, đậu nhồi thịt",,40000,,True,befood_menu,4487882,,,offline
4487883,11326,Cơm thịt kho - trứng,cơm thịt kho - trứng,,40000,,True,befood_menu,4487883,,,offline
4487884,11326,Cơm Thịt băm rim - món phụ,cơm thịt băm rim - món phụ,,40000,,True,befood_menu,4487884,,,offline
4487885,11326,Cơm Sườn sốt chua ngọt - món phụ,cơm sườn sốt chua ngọt - món phụ,,40000,,True,befood_menu,4487885,,,offline
4487886,11326,Cơm gà rang gừng - đậu sốt,cơm gà rang gừng - đậu sốt,,40000,,True,befood_menu,4487886,,,offline
4487887,11326,"Cơm Thịt rang, Món phụ","cơm thịt rang, món phụ",,40000,,True,befood_menu,4487887,,,offline
4487888,11326,Cơm cá cơm sốt - 2 món phụ,cơm cá cơm sốt - 2 món phụ,,40000,,True,befood_menu,4487888,,,offline
4487889,11326,Cơm đậu nhồi thịt - trứng rán,cơm đậu nhồi thịt - trứng rán,,40000,,True,befood_menu,4487889,,,offline
4487890,11326,"Cơm nem cuốn, món phụ","cơm nem cuốn, món phụ",,40000,,True,befood_menu,4487890,,,offline
4487891,11326,"Cơm thịt rang, đậu phụ sốt","cơm thịt rang, đậu phụ sốt",,40000,,True,befood_menu,4487891,,,offline
4487892,11326,Cơm cá nục rán- Món Phụ,cơm cá nục rán- món phụ,,40000,,True,befood_menu,4487892,,,offline
4487895,11326,Cơm chả cá sốt - món phụ,cơm chả cá sốt - món phụ,,40000,,True,befood_menu,4487895,,,offline
4487896,11326,Cơm bò xào cần tỏi - trứng rán,cơm bò xào cần tỏi - trứng rán,,40000,,True,befood_menu,4487896,,,offline
4487897,11326,Cơm gà xào sả ớt - món phụ,cơm gà xào sả ớt - món phụ,,40000,,True,befood_menu,4487897,,,offline
4487898,11326,Cơm thịt xiên - món phụ,cơm thịt xiên - món phụ,,40000,,True,befood_menu,4487898,,,offline
7582731,8314,Cơm rang dưa bò (best seller),cơm rang dưa bò (best seller),,58000,,True,befood_menu,7582731,,,offline
7582732,8314,Cơm rang dưa bò - 1 trứng ốp,cơm rang dưa bò - 1 trứng ốp,,65000,,True,befood_menu,7582732,,,offline
7582733,8314,Cơm rang cải bò,cơm rang cải bò,,58000,,True,befood_menu,7582733,,,offline
7582734,8314,Cơm rang đùi gà xối mắm,cơm rang đùi gà xối mắm,,60000,,True,befood_menu,7582734,,,offline
7582735,8314,Cơm rang cải bò - 1 trứng ốp,cơm rang cải bò - 1 trứng ốp,,65000,,True,befood_menu,7582735,,,offline
7582736,8314,Cơm rang đùi gà xối mắm - 1 trứng ốp,cơm rang đùi gà xối mắm - 1 trứng ốp,,65000,,True,befood_menu,7582736,,,offline
7582737,8314,Cơm rang thập cẩm - 1 trứng ốp,cơm rang thập cẩm - 1 trứng ốp,,60000,,True,befood_menu,7582737,,,offline
7582738,8314,Cơm rang thập cẩm bò,cơm rang thập cẩm bò,,58000,,True,befood_menu,7582738,,,offline
7582739,8314,Cơm rang thập cẩm (Best seller),cơm rang thập cẩm (best seller),,55000,,True,befood_menu,7582739,,,offline
7582741,8314,Cơm rang dưa bò - coca,cơm rang dưa bò - coca,,65000,,True,befood_menu,7582741,,,offline
7582742,8314,Cơm rang cải bò - coca,cơm rang cải bò - coca,,65000,,True,befood_menu,7582742,,,offline
7582743,8314,Bún bò Huế tô nhỏ không móng,bún bò huế tô nhỏ không móng,,60000,,True,befood_menu,7582743,,,offline
7582744,8314,Bún tô vừa,bún tô vừa,,60000,,True,befood_menu,7582744,,,offline
7582745,8314,Bún tô lớn,bún tô lớn,,65000,,True,befood_menu,7582745,,,offline
7582746,8314,Tô đặc biệt,tô đặc biệt,,70000,,True,befood_menu,7582746,,,offline
7582751,8314,Phở tái,phở tái,,58000,,True,befood_menu,7582751,,,offline
7582752,8314,Tái chín,tái chín,,58000,,True,befood_menu,7582752,,,offline
7582753,8314,Tái nạm,tái nạm,,58000,,True,befood_menu,7582753,,,offline
7582754,8314,Tái lăn,tái lăn,,60000,,True,befood_menu,7582754,,,offline
7582755,8314,Mì bò tái,mì bò tái,,58000,,True,befood_menu,7582755,,,offline
7582747,8314,phở xào,phở xào,,60000,,True,befood_menu,7582747,,,offline
7582748,8314,Mì xào cải bò,mì xào cải bò,,60000,,True,befood_menu,7582748,,,offline
10917632,126147,Bún riêu cua đặc biệt tặng 1 chai hạt chia 30k,bún riêu cua đặc biệt tặng 1 chai hạt chia 30k,,90000,,True,befood_menu,10917632,,,offline
10917633,126147,Bún riêu cua tặng 1 chai nước hạt chia 20k,bún riêu cua tặng 1 chai nước hạt chia 20k,,50000,,True,befood_menu,10917633,,,offline
10917635,126147,Bún riêu cua mọc ốc tặng 1 chai nước hạt chia 20k,bún riêu cua mọc ốc tặng 1 chai nước hạt chia 20k,,80000,,True,befood_menu,10917635,,,offline
10917637,126147,Phở xào giòn ngập thịt bò tặng 1 chai nước hạt chia,phở xào giòn ngập thịt bò tặng 1 chai nước hạt chia,,70000,,True,befood_menu,10917637,,,offline
10917638,126147,Mọc ốc,mọc ốc,,30000,,True,befood_menu,10917638,,,offline
10917639,126147,Mọc thịt,mọc thịt,,30000,,True,befood_menu,10917639,,,offline
10917640,126147,Tóp mỡ chiên giòn,tóp mỡ chiên giòn,,30000,,True,befood_menu,10917640,,,offline
10917641,126147,Khoai tây lắc phô mai tặng 1 chai nước hạt chia,khoai tây lắc phô mai tặng 1 chai nước hạt chia,,50000,,True,befood_menu,10917641,,,offline
10917644,126147,Bánh đa cua Hải Phòng tặng 1 chai nước hạt chia 30k,bánh đa cua hải phòng tặng 1 chai nước hạt chia 30k,,80000,,True,befood_menu,10917644,,,offline
10917646,126147,Bún riêu cua ốc tặng 1 nước hạt chia 30k,bún riêu cua ốc tặng 1 nước hạt chia 30k,,60000,,True,befood_menu,10917646,,,offline
10917647,126147,Chả cá chiên giòn,chả cá chiên giòn,,30000,,True,befood_menu,10917647,,,offline
10917649,126147,Giò,giò,,30000,,True,befood_menu,10917649,,,offline
10917650,126147,Bánh đa cua thập cẩm tặng 1 chai nước hạt chia 30k,bánh đa cua thập cẩm tặng 1 chai nước hạt chia 30k,,70000,,True,befood_menu,10917650,,,offline
10917651,126147,Thịt bò,thịt bò,,30000,,True,befood_menu,10917651,,,offline
10917653,126147,Bún riêu cua cá tặng 1 chai nước hạt chia 30k,bún riêu cua cá tặng 1 chai nước hạt chia 30k,,60000,,True,befood_menu,10917653,,,offline
10917654,126147,Bún riêu cua giò tai tặng 1 chai nước hạt chia 30k,bún riêu cua giò tai tặng 1 chai nước hạt chia 30k,,60000,,True,befood_menu,10917654,,,offline
10917655,126147,Bún riêu cua mọc thịt tặng 1 chai nước hạt chia 30k,bún riêu cua mọc thịt tặng 1 chai nước hạt chia 30k,,60000,,True,befood_menu,10917655,,,offline
10917656,126147,Bún riêu cua bò tặng 1 chai nước hạt chia 30k,bún riêu cua bò tặng 1 chai nước hạt chia 30k,,60000,,True,befood_menu,10917656,,,offline
10917657,126147,Bún riêu cua chả cá tặng 1 chai nước hạt chia 30k,bún riêu cua chả cá tặng 1 chai nước hạt chia 30k,,60000,,True,befood_menu,10917657,,,offline
10917658,126147,Cơm rang dưa bò ngập thịt tặng 1 chai nước hạt chia 30k,cơm rang dưa bò ngập thịt tặng 1 chai nước hạt chia 30k,,70000,,True,befood_menu,10917658,,,offline
10917660,126147,Bún riêu ốc tặng 1 chai nước hạt chia 30k,bún riêu ốc tặng 1 chai nước hạt chia 30k,,85000,,True,befood_menu,10917660,,,offline
10917661,126147,Cơm đảo ngập thịt bò tặng 1 chai nước hạt chia 30k,cơm đảo ngập thịt bò tặng 1 chai nước hạt chia 30k,,70000,,True,befood_menu,10917661,,,offline
10917662,126147,Cá rô chiên giòn,cá rô chiên giòn,,30000,,True,befood_menu,10917662,,,offline
10917664,126147,Mỳ xào ngập thịt bò tặng 1 chai nước hạt chia 30k,mỳ xào ngập thịt bò tặng 1 chai nước hạt chia 30k,,70000,,True,befood_menu,10917664,,,offline
10917665,126147,Bún riêu ốc đặc biệt tặng 1 chai nước hạt chia 20k,bún riêu ốc đặc biệt tặng 1 chai nước hạt chia 20k,,65000,,True,befood_menu,10917665,,,offline
10939343,126147,Bánh Đa Cua ngập tràn topping tặng 1 chai nước hạt chia 30k,bánh đa cua ngập tràn topping tặng 1 chai nước hạt chia 30k,,70000,,True,befood_menu,10939343,,,offline
11247649,126147,Bún riêu cua trộn ngập tràn topping tặng 1 ly nước hạt chia 30k,bún riêu cua trộn ngập tràn topping tặng 1 ly nước hạt chia 30k,,70000,,True,befood_menu,11247649,,,offline
11247661,126147,Bánh Đa cua trộn ngập tràn topping tặng 1 ly nước hạt chia 30k,bánh đa cua trộn ngập tràn topping tặng 1 ly nước hạt chia 30k,,70000,,True,befood_menu,11247661,,,offline
11247668,126147,Miến cua trộn ngập tràn topping tặng 1 ly nước hạt chia 30k,miến cua trộn ngập tràn topping tặng 1 ly nước hạt chia 30k,,70000,,True,befood_menu,11247668,,,offline
11467845,126147,Mỳ cua trộn ngập bò tràn topping tặng 1 ly nước hạt chia 30k,mỳ cua trộn ngập bò tràn topping tặng 1 ly nước hạt chia 30k,,70000,,True,befood_menu,11467845,,,offline
11467847,126147,Phở cua Trộn ngập bò tràn topping tặng 1 ly nước hạt chia 30k,phở cua trộn ngập bò tràn topping tặng 1 ly nước hạt chia 30k,,70000,,True,befood_menu,11467847,,,offline
11467861,126147,Bún cá ngập tràn cá tặng 1 ly nước hạt chia 30k,bún cá ngập tràn cá tặng 1 ly nước hạt chia 30k,,60000,,True,befood_menu,11467861,,,offline
11472266,126147,Bún riêu cua tặng 1 ly nước hạt chia 30k,bún riêu cua tặng 1 ly nước hạt chia 30k,,50000,,True,befood_menu,11472266,,,offline
11627239,126147,Cơm rang trứng ngập trứng tặng 1 ly nước hạt chia 30k,cơm rang trứng ngập trứng tặng 1 ly nước hạt chia 30k,,70000,,True,befood_menu,11627239,,,offline
11627243,126147,Cơm rang thập cẩm ngập topping tặng 1 ly nước hạt chia 30k,cơm rang thập cẩm ngập topping tặng 1 ly nước hạt chia 30k,,70000,,True,befood_menu,11627243,,,offline
11849758,126147,Bún Giả Cầy Đặc Biệt tặng 1 ly nước hạt chia 30k,bún giả cầy đặc biệt tặng 1 ly nước hạt chia 30k,,70000,,True,befood_menu,11849758,,,offline
10917676,126147,Phở xào thịt bò chay tặng 1 chai nước hạt chia 30k,phở xào thịt bò chay tặng 1 chai nước hạt chia 30k,,70000,,True,befood_menu,10917676,,,offline
11127183,127398,Bún thang trứng mọc giò,bún thang trứng mọc giò,,52000,,True,befood_menu,11127183,,,offline
11127184,127398,Bún thang gà lườn,bún thang gà lườn,,58500,,True,befood_menu,11127184,,,offline
11127185,127398,Bún thang gà lẫn,bún thang gà lẫn,,65000,,True,befood_menu,11127185,,,offline
11127186,127398,Bún thang gà lưng,bún thang gà lưng,,71500,,True,befood_menu,11127186,,,offline
11127187,127398,Bún thang gà cánh,bún thang gà cánh,,71500,,True,befood_menu,11127187,,,offline
11127188,127398,Bún thang gà tràng trứng,bún thang gà tràng trứng,,78000,,True,befood_menu,11127188,,,offline
11127189,127398,Bún thang gà đùi,bún thang gà đùi,,78000,,True,befood_menu,11127189,,,offline
11127190,127398,Bún thang đặc biệt,bún thang đặc biệt,,104000,,True,befood_menu,11127190,,,offline
11127200,127398,Bún gà lườn,bún gà lườn,,52000,,True,befood_menu,11127200,,,offline
11127201,127398,Bún gà lẫn,bún gà lẫn,,58500,,True,befood_menu,11127201,,,offline
11127202,127398,Bún gà cánh,bún gà cánh,,65000,,True,befood_menu,11127202,,,offline
11127203,127398,Bún gà lưng,bún gà lưng,,65000,,True,befood_menu,11127203,,,offline
11127204,127398,Bún gà mọc,bún gà mọc,,65000,,True,befood_menu,11127204,,,offline
11127205,127398,Bún gà đùi,bún gà đùi,,78000,,True,befood_menu,11127205,,,offline
11127206,127398,Bún gà tràng trứng,bún gà tràng trứng,,71500,,True,befood_menu,11127206,,,offline
11127207,127398,Bún đặc biệt,bún đặc biệt,,97500,,True,befood_menu,11127207,,,offline
11127217,127398,Mì tôm gà lườn,mì tôm gà lườn,,52000,,True,befood_menu,11127217,,,offline
11127218,127398,Mì tôm gà lẫn,mì tôm gà lẫn,,58500,,True,befood_menu,11127218,,,offline
11127219,127398,Mì tôm gà cánh,mì tôm gà cánh,,65000,,True,befood_menu,11127219,,,offline
11127220,127398,Mì tôm gà lưng,mì tôm gà lưng,,65000,,True,befood_menu,11127220,,,offline
11127221,127398,Mì tôm phao câu,mì tôm phao câu,,65000,,True,befood_menu,11127221,,,offline
11127222,127398,Mì tôm gà mọc,mì tôm gà mọc,,65000,,True,befood_menu,11127222,,,offline
11127223,127398,Mì tôm gà đùi,mì tôm gà đùi,,78000,,True,befood_menu,11127223,,,offline
11127224,127398,Mì tôm gà tràng trứng,mì tôm gà tràng trứng,,71500,,True,befood_menu,11127224,,,offline
11127225,127398,Mì tôm đặc biệt,mì tôm đặc biệt,,97500,,True,befood_menu,11127225,,,offline
11127208,127398,Miến gà lườn,miến gà lườn,,52000,,True,befood_menu,11127208,,,offline
11127209,127398,Miến gà lẫn,miến gà lẫn,,58500,,True,befood_menu,11127209,,,offline
11127210,127398,Miến gà cánh,miến gà cánh,,65000,,True,befood_menu,11127210,,,offline
11127211,127398,Miến gà lưng,miến gà lưng,,65000,,True,befood_menu,11127211,,,offline
11127212,127398,Miến phao câu,miến phao câu,,65000,,True,befood_menu,11127212,,,offline
11127213,127398,Miến gà mọc,miến gà mọc,,65000,,True,befood_menu,11127213,,,offline
11127214,127398,Miến gà đùi,miến gà đùi,,78000,,True,befood_menu,11127214,,,offline
11127215,127398,Miến gà tràng trứng,miến gà tràng trứng,,71500,,True,befood_menu,11127215,,,offline
11127216,127398,Miến đặc biệt,miến đặc biệt,,97500,,True,befood_menu,11127216,,,offline
11127159,127398,Cơm cánh ức gà xối mỡ,cơm cánh ức gà xối mỡ,,84500,,True,befood_menu,11127159,,,offline
11127160,127398,Cơm đùi gà góc tư xối mỡ,cơm đùi gà góc tư xối mỡ,,97500,,True,befood_menu,11127160,,,offline
11127161,127398,Cơm cánh ức gà chiên mắm,cơm cánh ức gà chiên mắm,,84500,,True,befood_menu,11127161,,,offline
11127162,127398,Cơm đùi gà góc tư chiên mắm,cơm đùi gà góc tư chiên mắm,,97500,,True,befood_menu,11127162,,,offline
11127163,127398,Cơm gà Hải Nam - cánh ức,cơm gà hải nam - cánh ức,,84500,,True,befood_menu,11127163,,,offline
11127164,127398,Cơm gà Hải Nam - đùi góc tư,cơm gà hải nam - đùi góc tư,,97500,,True,befood_menu,11127164,,,offline
11127165,127398,Cơm gà xé Hội An,cơm gà xé hội an,,78000,,True,befood_menu,11127165,,,offline
11127166,127398,Cơm gà sốt nấm,cơm gà sốt nấm,,91000,,True,befood_menu,11127166,,,offline
11127167,127398,Cơm bò lúc lắc,cơm bò lúc lắc,,97500,,True,befood_menu,11127167,,,offline
11127168,127398,Cơm bò sốt tiêu,cơm bò sốt tiêu,,97500,,True,befood_menu,11127168,,,offline
11127169,127398,Cơm xá xíu,cơm xá xíu,,78000,,True,befood_menu,11127169,,,offline
11127170,127398,Cơm sườn,cơm sườn,,84500,,True,befood_menu,11127170,,,offline
11127148,127398,Xôi gà lườn,xôi gà lườn,,52000,,True,befood_menu,11127148,,,offline
11127149,127398,Xôi gà lẫn,xôi gà lẫn,,58500,,True,befood_menu,11127149,,,offline
11127150,127398,Xôi gà cánh,xôi gà cánh,,65000,,True,befood_menu,11127150,,,offline
11127151,127398,Xôi gà lưng,xôi gà lưng,,65000,,True,befood_menu,11127151,,,offline
11127152,127398,Xôi gà đùi,xôi gà đùi,,78000,,True,befood_menu,11127152,,,offline
11127172,127398,Rau xào tỏi,rau xào tỏi,,52000,,True,befood_menu,11127172,,,offline
11127173,127398,Bò xào rau cải,bò xào rau cải,,91000,,True,befood_menu,11127173,,,offline
11127245,127398,Ngô chiên,ngô chiên,,52000,,True,befood_menu,11127245,,,offline
10685727,124125,Cơm gà đùi chiên sốt cay,cơm gà đùi chiên sốt cay,,55000,,True,befood_menu,10685727,,,offline
10685729,124125,Cơm cánh gà chiên mắm tỏi,cơm cánh gà chiên mắm tỏi,,55000,,True,befood_menu,10685729,,,offline
10685730,124125,Cơm đùi gà chiên sốt chấm Thái,cơm đùi gà chiên sốt chấm thái,,55000,,True,befood_menu,10685730,,,offline
10685731,124125,Cơm gà đùi chiên sốt chua ngọt,cơm gà đùi chiên sốt chua ngọt,,55000,,True,befood_menu,10685731,,,offline
10685733,124125,Set gà - khoai cô đơn - must try,set gà - khoai cô đơn - must try,,55000,,True,befood_menu,10685733,,,offline
10685740,124125,Khoai tây chiên - 150gr,khoai tây chiên - 150gr,,39000,,True,befood_menu,10685740,,,offline
10685741,124125,Gà đùi chiên sốt cay - không xương,gà đùi chiên sốt cay - không xương,,46000,,True,befood_menu,10685741,,,offline
10685742,124125,Gà viên popcorn,gà viên popcorn,,40000,,True,befood_menu,10685742,,,offline
10685743,124125,Gà đùi chiên sốt chua ngọt - không xương,gà đùi chiên sốt chua ngọt - không xương,,46000,,True,befood_menu,10685743,,,offline
4235913,59967,Bún chả lá xương sông đày đủ,bún chả lá xương sông đày đủ,,50000,,True,befood_menu,4235913,,,offline
4235914,59967,Bún chả lá xương sông thịt miếng,bún chả lá xương sông thịt miếng,,50000,,True,befood_menu,4235914,,,offline
4235915,59967,Bún chả lá xương sông thịt băm,bún chả lá xương sông thịt băm,,45000,,True,befood_menu,4235915,,,offline
4235916,59967,Bún nem,bún nem,,45000,,True,befood_menu,4235916,,,offline
4235919,59967,Phở tái,phở tái,,45000,,True,befood_menu,4235919,,,offline
4235920,59967,Phở chín,phở chín,,45000,,True,befood_menu,4235920,,,offline
4235921,59967,Phở tái chín,phở tái chín,,45000,,True,befood_menu,4235921,,,offline
4235922,59967,Phở bắp bò,phở bắp bò,,60000,,True,befood_menu,4235922,,,offline
12245917,135569,Cơm bò gyudon,cơm bò gyudon,,95000,,True,befood_menu,12245917,,,offline
12245919,135569,Cơm thịt chiên xù,cơm thịt chiên xù,,65000,,True,befood_menu,12245919,,,offline
12245923,135569,Cơm cá hồi nướng,cơm cá hồi nướng,,150000,,True,befood_menu,12245923,,,offline
12245926,135569,Cơm gà nướng,cơm gà nướng,,65000,,True,befood_menu,12245926,,,offline
12245931,135569,Cơm gà rán,cơm gà rán,,72000,,True,befood_menu,12245931,,,offline
12245937,135569,Cơm trứng onsen,cơm trứng onsen,,45000,,True,befood_menu,12245937,,,offline
12245933,135569,Cơm cari thịt chiên xù,cơm cari thịt chiên xù,,85000,,True,befood_menu,12245933,,,offline
12245935,135569,Cari gà rán karaage,cari gà rán karaage,,95000,,True,befood_menu,12245935,,,offline
11291704,128724,Phở gà thường,phở gà thường,,50000,,True,befood_menu,11291704,,,offline
11291706,128724,Phở gà đùi,phở gà đùi,,60000,,True,befood_menu,11291706,,,offline
11291712,128724,Phở gà cánh,phở gà cánh,,55000,,True,befood_menu,11291712,,,offline
11291722,128724,phở trộn thường,phở trộn thường,,50000,,True,befood_menu,11291722,,,offline
11291724,128724,Bún thang,bún thang,,55000,,True,befood_menu,11291724,,,offline
11291729,128724,Miến gà (nước),miến gà (nước),,55000,,True,befood_menu,11291729,,,offline
11291733,128724,Miến trộn,miến trộn,,55000,,True,befood_menu,11291733,,,offline
11318354,128724,cơm sườn xào chưa ngọt,cơm sườn xào chưa ngọt,,60000,,True,befood_menu,11318354,,,offline
11318356,128724,cơm thịt khó trứng cút,cơm thịt khó trứng cút,,60000,,True,befood_menu,11318356,,,offline
11318358,128724,cơm cá kho diềng,cơm cá kho diềng,,60000,,True,befood_menu,11318358,,,offline
11318361,128724,cơm thịt xá xíu,cơm thịt xá xíu,,60000,,True,befood_menu,11318361,,,offline
11318369,128724,cơm thịt luộc,cơm thịt luộc,,60000,,True,befood_menu,11318369,,,offline
11318375,128724,cơm mắm tép chưng thịt,cơm mắm tép chưng thịt,,60000,,True,befood_menu,11318375,,,offline
7390659,94161,Bánh cuốn chả lẫn,bánh cuốn chả lẫn,,60000,,True,befood_menu,7390659,,,offline
7390660,94161,Bánh cuốn chả quế,bánh cuốn chả quế,,45000,,True,befood_menu,7390660,,,offline
7390661,94161,Bánh cuốn chả nướng,bánh cuốn chả nướng,,50000,,True,befood_menu,7390661,,,offline
7390662,94161,Bánh cuốn chay,bánh cuốn chay,,30000,,True,befood_menu,7390662,,,offline
7390663,94161,Bánh cuốn nhân hành,bánh cuốn nhân hành,,35000,,True,befood_menu,7390663,,,offline
8766972,94161,Bánh cuốn nạp xưởng,bánh cuốn nạp xưởng,,50000,,True,befood_menu,8766972,,,offline
8766998,94161,Bánh cuốn trứng chả quế,bánh cuốn trứng chả quế,,40000,,True,befood_menu,8766998,,,offline
8766999,94161,Bánh cuốn trứng chả lẫn,bánh cuốn trứng chả lẫn,,45000,,True,befood_menu,8766999,,,offline
8767005,94161,Bánh cuốn trứng chả nướng,bánh cuốn trứng chả nướng,,40000,,True,befood_menu,8767005,,,offline
8767018,94161,Bánh cuốn chay chả nướng,bánh cuốn chay chả nướng,,50000,,True,befood_menu,8767018,,,offline
8767458,94161,Bánh cuốn không chả,bánh cuốn không chả,,35000,,True,befood_menu,8767458,,,offline
10214603,94161,Bún chả chấm,bún chả chấm,,50000,,True,befood_menu,10214603,,,offline
10214605,94161,bún chả chấm viên,bún chả chấm viên,,50000,,True,befood_menu,10214605,,,offline
10214607,94161,bún chả chấm thịt miếng,bún chả chấm thịt miếng,,50000,,True,befood_menu,10214607,,,offline
1005079,28837,Phở xào mềm bò,phở xào mềm bò,,64000,,True,befood_menu,1005079,,,offline
1005080,28837,Phở xào giòn bò,phở xào giòn bò,,73000,,True,befood_menu,1005080,,,offline
1005081,28837,Phở xào giòn tim,phở xào giòn tim,,73000,,True,befood_menu,1005081,,,offline
1005082,28837,Phở xào mềm tim,phở xào mềm tim,,64000,,True,befood_menu,1005082,,,offline
1005084,28837,Mỳ xào thịt bò,mỳ xào thịt bò,,64000,,True,befood_menu,1005084,,,offline
1005085,28837,Mỳ xào giòn bò,mỳ xào giòn bò,,73000,,True,befood_menu,1005085,,,offline
1005086,28837,Mỳ xào mềm tim,mỳ xào mềm tim,,64000,,True,befood_menu,1005086,,,offline
1005087,28837,Mỳ xào giòn tim,mỳ xào giòn tim,,73000,,True,befood_menu,1005087,,,offline
1005089,28837,Phở xào chay - phở xào rau hành tây cà chua,phở xào chay - phở xào rau hành tây cà chua,,43000,,True,befood_menu,1005089,,,offline
1005090,28837,Cơm rang dưa bò rang lẫn,cơm rang dưa bò rang lẫn,,62000,,True,befood_menu,1005090,,,offline
1005091,28837,Cơm rang thập cẩm,cơm rang thập cẩm,,55000,,True,befood_menu,1005091,,,offline
1005092,28837,Cơm rang dưa gà,cơm rang dưa gà,,62000,,True,befood_menu,1005092,,,offline
1005093,28837,Cơm rang trứng ruốc,cơm rang trứng ruốc,,47000,,True,befood_menu,1005093,,,offline
1005094,28837,Cơm rang cải bò - rang lẫn - dưa góp ăn kèm,cơm rang cải bò - rang lẫn - dưa góp ăn kèm,,62000,,True,befood_menu,1005094,,,offline
1005095,28837,Cơm rang trứng rán óc - dưa góp ăn kèm,cơm rang trứng rán óc - dưa góp ăn kèm,,78000,,True,befood_menu,1005095,,,offline
1005097,28837,Óc tần ngải cứu,óc tần ngải cứu,,55000,,True,befood_menu,1005097,,,offline
1005099,28837,Gà tần đùi,gà tần đùi,,85000,,True,befood_menu,1005099,,,offline
1005102,28837,Tim tần ngải cứu,tim tần ngải cứu,,85000,,True,befood_menu,1005102,,,offline
1005103,28837,Mỳ gà tần đùi,mỳ gà tần đùi,,90000,,True,befood_menu,1005103,,,offline
1005104,28837,Bát mỳ tim,bát mỳ tim,,55000,,True,befood_menu,1005104,,,offline
1005105,28837,Phở gà - thịt đùi,phở gà - thịt đùi,,55000,,True,befood_menu,1005105,,,offline
1005106,28837,Phở bò tái,phở bò tái,,54000,,True,befood_menu,1005106,,,offline
1005107,28837,PHỞ SỐT VANG,phở sốt vang,,59000,,True,befood_menu,1005107,,,offline
1005110,28837,BÂT Mỹ THỊT BÒ,bât mỹ thịt bò,,54000,,True,befood_menu,1005110,,,offline
1005111,28837,Mỳ thịt gà đùi,mỳ thịt gà đùi,,55000,,True,befood_menu,1005111,,,offline
1005113,28837,Óc trần giá,óc trần giá,,54000,,True,befood_menu,1005113,,,offline
1005114,28837,Cháo gà hành tía tô,cháo gà hành tía tô,,54000,,True,befood_menu,1005114,,,offline
1005115,28837,CHÁO TiIM hành tía tô,cháo tiim hành tía tô,,54000,,True,befood_menu,1005115,,,offline
1005116,28837,CHAO THỊT XAY hành tía tô,chao thịt xay hành tía tô,,49000,,True,befood_menu,1005116,,,offline
1005117,28837,Cháo tràng trứng non,cháo tràng trứng non,,69000,,True,befood_menu,1005117,,,offline
1005118,28837,Cháo thịt bò,cháo thịt bò,,54000,,True,befood_menu,1005118,,,offline
1005119,28837,Cháo óc 1 bộ óc,cháo óc 1 bộ óc,,64000,,True,befood_menu,1005119,,,offline
1005120,28837,Phở trộn gà dưa góp ăn kèm,phở trộn gà dưa góp ăn kèm,,60000,,True,befood_menu,1005120,,,offline
1005121,28837,Phở trộn bò và dưa góp ăn kèm,phở trộn bò và dưa góp ăn kèm,,62000,,True,befood_menu,1005121,,,offline
1005123,28837,Phở trộn tim và dưa góp ăn kèm,phở trộn tim và dưa góp ăn kèm,,62000,,True,befood_menu,1005123,,,offline
9945137,117760,Cơm gà sốt cay kiểu Mỹ,cơm gà sốt cay kiểu mỹ,,45000,,True,befood_menu,9945137,,,offline
9945136,117760,Cơm gà sốt mắm tiêu,cơm gà sốt mắm tiêu,,45000,,True,befood_menu,9945136,,,offline
9945135,117760,Cơm gà sốt me,cơm gà sốt me,,45000,,True,befood_menu,9945135,,,offline
9945138,117760,Gà viên sốt cay kiểu Mỹ,gà viên sốt cay kiểu mỹ,,35000,,True,befood_menu,9945138,,,offline
9945139,117760,Má đùi sốt mắm tiêu,má đùi sốt mắm tiêu,,35000,,True,befood_menu,9945139,,,offline
9945140,117760,Má đùi sốt me,má đùi sốt me,,35000,,True,befood_menu,9945140,,,offline
10993981,117760,Đùi Gà Rán Rút Xương Đặc Biệt,đùi gà rán rút xương đặc biệt,,35000,,True,befood_menu,10993981,,,offline
10993957,117760,Combo 1,combo 1,,35000,,True,befood_menu,10993957,,,offline
10993985,117760,Combo 2 Đùi Gà Rán Rút Xương,combo 2 đùi gà rán rút xương,,63000,,True,befood_menu,10993985,,,offline
10994000,117760,Combo 2 Đùi Gà Rán Rút Xương + 2 coca,combo 2 đùi gà rán rút xương + 2 coca,,73000,,True,befood_menu,10994000,,,offline
2228596,33188,Cơm rang thập cẩm,cơm rang thập cẩm,,50000,,True,befood_menu,2228596,,,offline
2228597,33188,Cơm rang dưa bò,cơm rang dưa bò,,60000,,True,befood_menu,2228597,,,offline
2228598,33188,Cơm rang dưa gà,cơm rang dưa gà,,65000,,True,befood_menu,2228598,,,offline
2228599,33188,Cơm rang cải bò,cơm rang cải bò,,60000,,True,befood_menu,2228599,,,offline
2228600,33188,Phở xào giòn bò,phở xào giòn bò,,70000,,True,befood_menu,2228600,,,offline
2228601,33188,Phở xào mềm bò,phở xào mềm bò,,70000,,True,befood_menu,2228601,,,offline
2228602,33188,Phở xào giòn tim cật,phở xào giòn tim cật,,70000,,True,befood_menu,2228602,,,offline
2228603,33188,Phở xào tràng trứng,phở xào tràng trứng,,80000,,True,befood_menu,2228603,,,offline
2228604,33188,Mì xào mềm bò,mì xào mềm bò,,70000,,True,befood_menu,2228604,,,offline
2228605,33188,Mì xào giòn tim cật,mì xào giòn tim cật,,70000,,True,befood_menu,2228605,,,offline
2228606,33188,Mì xào giòn bò,mì xào giòn bò,,70000,,True,befood_menu,2228606,,,offline
2228607,33188,Mì xào tràng trứng,mì xào tràng trứng,,80000,,True,befood_menu,2228607,,,offline
2228608,33188,Bún ngan mọc,bún ngan mọc,,55000,,True,befood_menu,2228608,,,offline
2228609,33188,Phở trộn gà,phở trộn gà,,55000,,True,befood_menu,2228609,,,offline
2228610,33188,Phở bò,phở bò,,55000,,True,befood_menu,2228610,,,offline
2228611,33188,Bún gà mọc,bún gà mọc,,55000,,True,befood_menu,2228611,,,offline
2228612,33188,Miến trộn ngan,miến trộn ngan,,55000,,True,befood_menu,2228612,,,offline
2228613,33188,Phở gà mọc,phở gà mọc,,55000,,True,befood_menu,2228613,,,offline
2228614,33188,Bún bò măng,bún bò măng,,55000,,True,befood_menu,2228614,,,offline
2228615,33188,Miến ngan mọc,miến ngan mọc,,55000,,True,befood_menu,2228615,,,offline
2228616,33188,Cháo tim cật,cháo tim cật,,55000,,True,befood_menu,2228616,,,offline
2228617,33188,Cháo thịt băm,cháo thịt băm,,50000,,True,befood_menu,2228617,,,offline
2228618,33188,Cháo gà,cháo gà,,55000,,True,befood_menu,2228618,,,offline
2228619,33188,Cháo bò,cháo bò,,55000,,True,befood_menu,2228619,,,offline
2228621,33188,Óc trần giá hành,óc trần giá hành,,55000,,True,befood_menu,2228621,,,offline
2228622,33188,Tràng trứng trần,tràng trứng trần,,80000,,True,befood_menu,2228622,,,offline
5609918,33749,Phở bò tái gầu - coca,phở bò tái gầu - coca,,57000,,True,befood_menu,5609918,,,offline
5609919,33749,Cơm rang dưa bò - coca,cơm rang dưa bò - coca,,62000,,True,befood_menu,5609919,,,offline
5609920,33749,Phở bò tái - coca,phở bò tái - coca,,57000,,True,befood_menu,5609920,,,offline
5609922,33749,Phở tái gầu,phở tái gầu,,45000,,True,befood_menu,5609922,,,offline
5609923,33749,Cơm rang dưa bò,cơm rang dưa bò,,50000,,True,befood_menu,5609923,,,offline
5609924,33749,Phở tái chín,phở tái chín,,45000,,True,befood_menu,5609924,,,offline
5609925,33749,Phở bò tái,phở bò tái,,45000,,True,befood_menu,5609925,,,offline
5609926,33749,Phở bò chín,phở bò chín,,45000,,True,befood_menu,5609926,,,offline
5609927,33749,Phở bò gầu,phở bò gầu,,45000,,True,befood_menu,5609927,,,offline
5609928,33749,Phở sốt vang,phở sốt vang,,50000,,True,befood_menu,5609928,,,offline
5609929,33749,Phở tái bắp,phở tái bắp,,50000,,True,befood_menu,5609929,,,offline
5609930,33749,Phở tái lăn,phở tái lăn,,45000,,True,befood_menu,5609930,,,offline
5609931,33749,Phở xào,phở xào,,55000,,True,befood_menu,5609931,,,offline
5609932,33749,Phở lõi,phở lõi,,60000,,True,befood_menu,5609932,,,offline
5609933,33749,Cơm rang thập cẩm,cơm rang thập cẩm,,50000,,True,befood_menu,5609933,,,offline
5609934,33749,Cơm đùi gà xối mắm,cơm đùi gà xối mắm,,50000,,True,befood_menu,5609934,,,offline
5609935,33749,Phở trộn,phở trộn,,45000,,True,befood_menu,5609935,,,offline
5609936,33749,Mỳ xào,mỳ xào,,55000,,True,befood_menu,5609936,,,offline
5609937,33749,Phở tái gân,phở tái gân,,45000,,True,befood_menu,5609937,,,offline
5609938,33749,Cơm rang cải bò,cơm rang cải bò,,50000,,True,befood_menu,5609938,,,offline
5609939,33749,Phở gân sốt vang,phở gân sốt vang,,50000,,True,befood_menu,5609939,,,offline
5609940,33749,Bún trộn,bún trộn,,45000,,True,befood_menu,5609940,,,offline
5609941,33749,Cơm rang xá xíu,cơm rang xá xíu,,50000,,True,befood_menu,5609941,,,offline
5609942,33749,Phở tuỷ bò,phở tuỷ bò,,60000,,True,befood_menu,5609942,,,offline
4293300,22455,Phở Cuốn - 10 cái,phở cuốn - 10 cái,,95000,,True,befood_menu,4293300,,,offline
4293301,22455,Phở Chiên Phồng,phở chiên phồng,,95000,,True,befood_menu,4293301,,,offline
4293302,22455,Phở Xào,phở xào,,80000,,True,befood_menu,4293302,,,offline
4293303,22455,Phở Chiên Trứng,phở chiên trứng,,95000,,True,befood_menu,4293303,,,offline
4293304,22455,"Vỏ chiên phồng , đặt cùng phở cuốn","vỏ chiên phồng , đặt cùng phở cuốn",,45000,,True,befood_menu,4293304,,,offline
4293306,22455,Phở gà ta,phở gà ta,,60000,,True,befood_menu,4293306,,,offline
4293307,22455,Mì Xào,mì xào,,80000,,True,befood_menu,4293307,,,offline
4293308,22455,Mỳ ý spaghetti,mỳ ý spaghetti,,80000,,True,befood_menu,4293308,,,offline
4293309,22455,Bún Bò Nam Bộ,bún bò nam bộ,,70000,,True,befood_menu,4293309,,,offline
4293310,22455,Bún măng mọc,bún măng mọc,,55000,,True,befood_menu,4293310,,,offline
4293311,22455,Cơm Rang Dưa Bò,cơm rang dưa bò,,80000,,True,befood_menu,4293311,,,offline
4293312,22455,Cơm Sườn,cơm sườn,,80000,,True,befood_menu,4293312,,,offline
4293313,22455,Cơm Bò Kho,cơm bò kho,,80000,,True,befood_menu,4293313,,,offline
4293314,22455,Cơm Gà,cơm gà,,80000,,True,befood_menu,4293314,,,offline
4293315,22455,Cơm cá,cơm cá,,80000,,True,befood_menu,4293315,,,offline
4293316,22455,Cơm thịt chân giò luộc mắm tép,cơm thịt chân giò luộc mắm tép,,80000,,True,befood_menu,4293316,,,offline
4293317,22455,Cơm thịt 3 chỉ quay,cơm thịt 3 chỉ quay,,80000,,True,befood_menu,4293317,,,offline
4293318,22455,Cơm thịt rang,cơm thịt rang,,80000,,True,befood_menu,4293318,,,offline
4293322,22455,Sinh tố bơ,sinh tố bơ,,55000,,True,befood_menu,4293322,,,offline
4293325,22455,Sinh tố xoài,sinh tố xoài,,50000,,True,befood_menu,4293325,,,offline
4293327,22455,Ổi ép,ổi ép,,50000,,True,befood_menu,4293327,,,offline
4293328,22455,Dứa ép,dứa ép,,50000,,True,befood_menu,4293328,,,offline
11033543,14976,Cơm Thịt Heo Chiên Xù Sốt Phô Mai,cơm thịt heo chiên xù sốt phô mai,,75000,,True,befood_menu,11033543,,,offline
9063727,14976,Cơm Sườn Cay Đặc Biệt,cơm sườn cay đặc biệt,,85000,,True,befood_menu,9063727,,,offline
9063676,14976,Cơm Sườn Cay Trứng Ngâm Tương,cơm sườn cay trứng ngâm tương,,80000,,True,befood_menu,9063676,,,offline
9568245,14976,Cơm Sườn Cay Trứng Ngâm + Nước,cơm sườn cay trứng ngâm + nước,,100000,,True,befood_menu,9568245,,,offline
12060404,14976,Cơm Sườn Cay Quốc Dân + TRÀ TẮC HƯƠNG LÀI,cơm sườn cay quốc dân + trà tắc hương lài,,85000,,True,befood_menu,12060404,,,offline
12060422,14976,Cơm Sườn Cay Đặc Biệt + Nước,cơm sườn cay đặc biệt + nước,,110000,,True,befood_menu,12060422,,,offline
8657246,14976,Cơm Sườn Om Chua Ngọt,cơm sườn om chua ngọt,,70000,,True,befood_menu,8657246,,,offline
10411810,14976,Cơm Sườn Cay Quốc Dân,cơm sườn cay quốc dân,,65000,,True,befood_menu,10411810,,,offline
11033551,14976,Cơm Sườn Cay Tê Cấp Độ 1,cơm sườn cay tê cấp độ 1,,70000,,True,befood_menu,11033551,,,offline
2305231,14976,Cơm Gà Sốt Mắm Tỏi,cơm gà sốt mắm tỏi,,59000,,True,befood_menu,2305231,,,offline
2305233,14976,Cơm Gà Sốt Chua Ngọt,cơm gà sốt chua ngọt,,59000,,True,befood_menu,2305233,,,offline
2305232,14976,Cơm Gà Sốt Cay Hàn Quốc,cơm gà sốt cay hàn quốc,,59000,,True,befood_menu,2305232,,,offline
7023381,14976,Cơm Gà Sốt Phô Mai,cơm gà sốt phô mai,,59000,,True,befood_menu,7023381,,,offline
11033596,14976,Gà Rán Sốt Cay Hàn Quốc Phần( 1 ĐÙI+ 1 CÁNH + 1 LẠP XƯỞNG + 1 COCA LẠNH ),gà rán sốt cay hàn quốc phần( 1 đùi+ 1 cánh + 1 lạp xưởng + 1 coca lạnh ),,95000,,True,befood_menu,11033596,,,offline
11033581,14976,Gà Rán Sốt Phô Mai Phần ( 1 ĐÙI + 1 CÁNH + 1 COCA LẠNH + 1 LẠP XƯỞNG ),gà rán sốt phô mai phần ( 1 đùi + 1 cánh + 1 coca lạnh + 1 lạp xưởng ),,95000,,True,befood_menu,11033581,,,offline
2305242,14976,Gà Sốt Mắm Tỏi,gà sốt mắm tỏi,,39000,,True,befood_menu,2305242,,,offline
2305243,14976,Gà Sốt Chua Ngọt,gà sốt chua ngọt,,39000,,True,befood_menu,2305243,,,offline
2305239,14976,Gà Sốt Cay Hàn Quốc,gà sốt cay hàn quốc,,39000,,True,befood_menu,2305239,,,offline
9063998,14976,Gà Sốt Phô Mai Trứng Sữa,gà sốt phô mai trứng sữa,,39000,,True,befood_menu,9063998,,,offline
10048718,118507,Bún chả,bún chả,,50000,,True,befood_menu,10048718,,,offline
10048719,118507,Bún bò Nam Bộ trộn,bún bò nam bộ trộn,,55000,,True,befood_menu,10048719,,,offline
10048720,118507,Bánh cuốn chả quế,bánh cuốn chả quế,,40000,,True,befood_menu,10048720,,,offline
10048721,118507,Bánh cuốn chả mỡ,bánh cuốn chả mỡ,,40000,,True,befood_menu,10048721,,,offline
10067910,118507,bánh cuốn chả nướng,bánh cuốn chả nướng,,50000,,True,befood_menu,10067910,,,offline
11229866,128321,Cơm rang cua,cơm rang cua,,69000,,True,befood_menu,11229866,,,offline
11229867,128321,Cơm rang xúc xích,cơm rang xúc xích,,52000,,True,befood_menu,11229867,,,offline
11229868,128321,Cơm rang bò kim chi phần đặc biệt,cơm rang bò kim chi phần đặc biệt,,72000,,True,befood_menu,11229868,,,offline
11229869,128321,Cơm rang bắp bò,cơm rang bắp bò,,57000,,True,befood_menu,11229869,,,offline
11229870,128321,Cơm rang gà nấm,cơm rang gà nấm,,57000,,True,befood_menu,11229870,,,offline
11229871,128321,Cơm rang tim,cơm rang tim,,57000,,True,befood_menu,11229871,,,offline
11229872,128321,Cơm rang thập cẩm,cơm rang thập cẩm,,55000,,True,befood_menu,11229872,,,offline
11229873,128321,Cơm rang lạp xưởng,cơm rang lạp xưởng,,55000,,True,befood_menu,11229873,,,offline
11229875,128321,Miến xào thập cẩm,miến xào thập cẩm,,80000,,True,befood_menu,11229875,,,offline
11229876,128321,Miến xào cua,miến xào cua,,69000,,True,befood_menu,11229876,,,offline
11229877,128321,Miến xào bắp bò,miến xào bắp bò,,57000,,True,befood_menu,11229877,,,offline
11229878,128321,Miến xào gà nấm,miến xào gà nấm,,57000,,True,befood_menu,11229878,,,offline
11229879,128321,Miến xào Tim,miến xào tim,,57000,,True,befood_menu,11229879,,,offline
11229881,128321,Phở xào thập cẩm,phở xào thập cẩm,,80000,,True,befood_menu,11229881,,,offline
11229882,128321,Phở xào bắp bò,phở xào bắp bò,,57000,,True,befood_menu,11229882,,,offline
11229883,128321,Phở xào gà nấm,phở xào gà nấm,,57000,,True,befood_menu,11229883,,,offline
11229884,128321,Phở xào tim,phở xào tim,,57000,,True,befood_menu,11229884,,,offline
11229890,128321,Mì xào tim,mì xào tim,,57000,,True,befood_menu,11229890,,,offline
11229889,128321,Mì xào gà nấm,mì xào gà nấm,,57000,,True,befood_menu,11229889,,,offline
11229888,128321,Mì xào bắp bò,mì xào bắp bò,,57000,,True,befood_menu,11229888,,,offline
11229887,128321,Mì xào bò kim chi,mì xào bò kim chi,,72000,,True,befood_menu,11229887,,,offline
11229886,128321,Mì xào thập cẩm,mì xào thập cẩm,,80000,,True,befood_menu,11229886,,,offline
11230255,128321,Cải Xanh xào Nấm,cải xanh xào nấm,,50000,,True,befood_menu,11230255,,,offline
11230262,128321,Cải Xanh xào Tim,cải xanh xào tim,,80000,,True,befood_menu,11230262,,,offline
9774862,116156,Bánh cuốn Cao Bằng,bánh cuốn cao bằng,,50000,,True,befood_menu,9774862,,,offline
9774868,116156,Bánh cuốn chấm,bánh cuốn chấm,,25000,,True,befood_menu,9774868,,,offline
9774875,116156,Phở vịt quay măng,phở vịt quay măng,,55000,,True,befood_menu,9774875,,,offline
9774876,116156,Bún vịt quay,bún vịt quay,,55000,,True,befood_menu,9774876,,,offline
9774877,116156,Phở vịt ba chỉ,phở vịt ba chỉ,,50000,,True,befood_menu,9774877,,,offline
9774878,116156,Phở thập cẩm,phở thập cẩm,,80000,,True,befood_menu,9774878,,,offline
9774879,116156,Phở ba chỉ lạp sườn,phở ba chỉ lạp sườn,,50000,,True,befood_menu,9774879,,,offline
9774880,116156,Phở vịt quay đùi lạp sườn,phở vịt quay đùi lạp sườn,,60000,,True,befood_menu,9774880,,,offline
9774888,116156,Phở heo quay trộn,phở heo quay trộn,,55000,,True,befood_menu,9774888,,,offline
9774889,116156,Phở vịt quay trộn,phở vịt quay trộn,,60000,,True,befood_menu,9774889,,,offline
9941623,116156,Phở Vịt Quay,phở vịt quay,,55000,,True,befood_menu,9941623,,,offline
9774887,116156,Thạch găng nước đường hoa nhài,thạch găng nước đường hoa nhài,,50000,,True,befood_menu,9774887,,,offline
2913435,41570,Bánh Cuốn Thịt,bánh cuốn thịt,,40000,,True,befood_menu,2913435,,,offline
2913436,41570,Trứng Hấp,trứng hấp,,20000,,True,befood_menu,2913436,,,offline
2913437,41570,Chả Quế,chả quế,,20000,,True,befood_menu,2913437,,,offline
2913438,41570,Bánh Cuốn Thịt Lạp Xưởng,bánh cuốn thịt lạp xưởng,,50000,,True,befood_menu,2913438,,,offline
2913439,41570,Bánh Cuốn Thịt Chả Quế,bánh cuốn thịt chả quế,,50000,,True,befood_menu,2913439,,,offline
2913440,41570,Bánh Cuốn Thịt Ruốc Tôm,bánh cuốn thịt ruốc tôm,,50000,,True,befood_menu,2913440,,,offline
2913441,41570,Bánh Cuốn Trứng Đánh,bánh cuốn trứng đánh,,40000,,True,befood_menu,2913441,,,offline
2913442,41570,Bánh Cuốn Thịt Chả Mỡ,bánh cuốn thịt chả mỡ,,50000,,True,befood_menu,2913442,,,offline
2913443,41570,Bánh Cuốn Chay,bánh cuốn chay,,30000,,True,befood_menu,2913443,,,offline
2913444,41570,Lạp Xưởng,lạp xưởng,,20000,,True,befood_menu,2913444,,,offline
2913445,41570,Chả Mỡ,chả mỡ,,20000,,True,befood_menu,2913445,,,offline
2913446,41570,BÚN CHẢ,bún chả,,75000,,True,befood_menu,2913446,,,offline
10438154,20226,CƠM TRẮNG + đùi gà,cơm trắng + đùi gà,,50000,,True,befood_menu,10438154,,,offline
10438177,20226,CƠM TRẮNG + dưa bò xào,cơm trắng + dưa bò xào,,50000,,True,befood_menu,10438177,,,offline
10438465,20226,CƠM TRẮNG + cải bò xào,cơm trắng + cải bò xào,,50000,,True,befood_menu,10438465,,,offline
10438615,20226,CƠM TRẮNG + thịt heo quay,cơm trắng + thịt heo quay,,50000,,True,befood_menu,10438615,,,offline
651419,20226,Cơm Rang Dưa Bò Xào Riêng,cơm rang dưa bò xào riêng,,50000,,True,befood_menu,651419,,,offline
1032217,20226,Cơm rang xào cải bò,cơm rang xào cải bò,,52000,,True,befood_menu,1032217,,,offline
651417,20226,Cơm Rang Dưa Bò Xào Chung,cơm rang dưa bò xào chung,,45000,,True,befood_menu,651417,,,offline
651424,20226,Cơm Rang Đùi Gà,cơm rang đùi gà,,50000,,True,befood_menu,651424,,,offline
651418,20226,Cơm Rang Thập Cẩm,cơm rang thập cẩm,,40000,,True,befood_menu,651418,,,offline
1032223,20226,Cơm rang xúc xích,cơm rang xúc xích,,45000,,True,befood_menu,1032223,,,offline
1032227,20226,Cơm rang trứng,cơm rang trứng,,40000,,True,befood_menu,1032227,,,offline
10426780,20226,Cơm rang sườn,cơm rang sườn,,50000,,True,befood_menu,10426780,,,offline
10485761,20226,Đùi gà sốt chua ngọt,đùi gà sốt chua ngọt,,36000,,True,befood_menu,10485761,,,offline
651420,20226,Phở Xào Bò Mềm,phở xào bò mềm,,60000,,True,befood_menu,651420,,,offline
651421,20226,Phở Xào Bò Giòn,phở xào bò giòn,,65000,,True,befood_menu,651421,,,offline
651422,20226,Mì Xào Bò Mềm,mì xào bò mềm,,55000,,True,befood_menu,651422,,,offline
651423,20226,Mì Xào Bò Giòn,mì xào bò giòn,,65000,,True,befood_menu,651423,,,offline
10438603,20226,Beer Hà Nội,beer hà nội,,23000,,True,befood_menu,10438603,,,offline
12065334,20226,Bò húc Thái,bò húc thái,,23000,,True,befood_menu,12065334,,,offline
684101,21224,Phở Chín,phở chín,,50000,,True,befood_menu,684101,,,offline
684102,21224,Phở Xào,phở xào,,55000,,True,befood_menu,684102,,,offline
684103,21224,Phở Tái Chín,phở tái chín,,50000,,True,befood_menu,684103,,,offline
684104,21224,Phở Tái Gầu,phở tái gầu,,50000,,True,befood_menu,684104,,,offline
684106,21224,Phở Tái Nạm,phở tái nạm,,50000,,True,befood_menu,684106,,,offline
684107,21224,Phở Áp Chảo,phở áp chảo,,55000,,True,befood_menu,684107,,,offline
684108,21224,Phở Tái,phở tái,,50000,,True,befood_menu,684108,,,offline
684109,21224,Phở Tái Lăn,phở tái lăn,,55000,,True,befood_menu,684109,,,offline
684110,21224,Cơm Rang Dưa Bò,cơm rang dưa bò,,55000,,True,befood_menu,684110,,,offline
684111,21224,Cơm Rang Cải Bò,cơm rang cải bò,,55000,,True,befood_menu,684111,,,offline
684112,21224,Cơm Rang Thập Cẩm Bò,cơm rang thập cẩm bò,,50000,,True,befood_menu,684112,,,offline
684113,21224,Cơm Rang Thập Cẩm,cơm rang thập cẩm,,45000,,True,befood_menu,684113,,,offline
684114,21224,Mì Xào,mì xào,,55000,,True,befood_menu,684114,,,offline
684115,21224,Cơm Rang Bò Lẫn,cơm rang bò lẫn,,55000,,True,befood_menu,684115,,,offline
684116,21224,Cơm Rang Lẫn Bò,cơm rang lẫn bò,,55000,,True,befood_menu,684116,,,offline
213132,7240,Cơm gà giòn không xương,cơm gà giòn không xương,,50000,,True,befood_menu,213132,,,offline
213135,7240,Cơm gà sốt cay ngọt,cơm gà sốt cay ngọt,,53000,,True,befood_menu,213135,,,offline
213137,7240,Cơm gà sốt cay hàn quốc ( rất cay),cơm gà sốt cay hàn quốc ( rất cay),,53000,,True,befood_menu,213137,,,offline
213139,7240,Cơm gà sốt mật ong,cơm gà sốt mật ong,,53000,,True,befood_menu,213139,,,offline
213141,7240,Cơm gà sốt teriyaky,cơm gà sốt teriyaky,,53000,,True,befood_menu,213141,,,offline
213142,7240,Cơm đùi gà,cơm đùi gà,,50000,,True,befood_menu,213142,,,offline
213143,7240,Cơm gà sốt mắm tỏi,cơm gà sốt mắm tỏi,,53000,,True,befood_menu,213143,,,offline
274151,7240,Cơm gà sốt phomai,cơm gà sốt phomai,,53000,,True,befood_menu,274151,,,offline
9876643,7240,cơm gà viên popcorn,cơm gà viên popcorn,,50000,,True,befood_menu,9876643,,,offline
11078041,7240,Cơm gà sốt tonkatsu,cơm gà sốt tonkatsu,,53000,,True,befood_menu,11078041,,,offline
11020631,7240,tokboki lắc phomai,tokboki lắc phomai,,27000,,True,befood_menu,11020631,,,offline
11020636,7240,tokboki xào cay,tokboki xào cay,,35000,,True,befood_menu,11020636,,,offline
11020637,7240,tokboki xào phomai,tokboki xào phomai,,35000,,True,befood_menu,11020637,,,offline
11078067,7240,Mì xào tokboki,mì xào tokboki,,43000,,True,befood_menu,11078067,,,offline
11078100,7240,Mì cay cá viên xúc xích,mì cay cá viên xúc xích,,39000,,True,befood_menu,11078100,,,offline
11078110,7240,Mì cay xúc xích - bò mỹ,mì cay xúc xích - bò mỹ,,49000,,True,befood_menu,11078110,,,offline
11078120,7240,Mì cay thập cẩm,mì cay thập cẩm,,52000,,True,befood_menu,11078120,,,offline
11078122,7240,Mì cay full topping,mì cay full topping,,56000,,True,befood_menu,11078122,,,offline
11078751,7240,Gà viên chiên tok cay ngọt,gà viên chiên tok cay ngọt,,40000,,True,befood_menu,11078751,,,offline
11078753,7240,Mì trộn rau củ ( tự chọn topping),mì trộn rau củ ( tự chọn topping),,18000,,True,befood_menu,11078753,,,offline
11078755,7240,mì trộn xúc xích,mì trộn xúc xích,,27000,,True,befood_menu,11078755,,,offline
11078758,7240,mì trộn gà viên,mì trộn gà viên,,35000,,True,befood_menu,11078758,,,offline
11078760,7240,mì trộn thập cẩm 7topping,mì trộn thập cẩm 7topping,,30000,,True,befood_menu,11078760,,,offline
11078763,7240,mì trộn full topping,mì trộn full topping,,37000,,True,befood_menu,11078763,,,offline
11083837,7240,Mì tương đen trứng ốp,mì tương đen trứng ốp,,27000,,True,befood_menu,11083837,,,offline
11083839,7240,Mì tương đen xúc xích,mì tương đen xúc xích,,27000,,True,befood_menu,11083839,,,offline
11083841,7240,Mì tương đen thịt băm,mì tương đen thịt băm,,31000,,True,befood_menu,11083841,,,offline
11083845,7240,Mì ý thịt băm sốt cà chua,mì ý thịt băm sốt cà chua,,44000,,True,befood_menu,11083845,,,offline
11083847,7240,Mì ý xúc xích sốt cà chua,mì ý xúc xích sốt cà chua,,40000,,True,befood_menu,11083847,,,offline
11083850,7240,Mì ý xúc xích sốt kem,mì ý xúc xích sốt kem,,44000,,True,befood_menu,11083850,,,offline
11083856,7240,Mì ý jambong sốt kem,mì ý jambong sốt kem,,48000,,True,befood_menu,11083856,,,offline
11084158,7240,Đùi gà rán,đùi gà rán,,35000,,True,befood_menu,11084158,,,offline
11084162,7240,Gà giòn không xương,gà giòn không xương,,35000,,True,befood_menu,11084162,,,offline
11084164,7240,Gà viên lắc phomai,gà viên lắc phomai,,38000,,True,befood_menu,11084164,,,offline
11084166,7240,Gà sốt cay ngọt,gà sốt cay ngọt,,40000,,True,befood_menu,11084166,,,offline
11084168,7240,Gà sốt cay hàn quốc ( rất cay),gà sốt cay hàn quốc ( rất cay),,40000,,True,befood_menu,11084168,,,offline
11084170,7240,Gà sốt mật ong,gà sốt mật ong,,40000,,True,befood_menu,11084170,,,offline
11084172,7240,Gà sốt mắm tỏi,gà sốt mắm tỏi,,40000,,True,befood_menu,11084172,,,offline
11084174,7240,Gà sốt teriyaki,gà sốt teriyaki,,40000,,True,befood_menu,11084174,,,offline
11084176,7240,Gà sốt phomai,gà sốt phomai,,40000,,True,befood_menu,11084176,,,offline
11087682,7240,combo gà khoai nước,combo gà khoai nước,,48000,,True,befood_menu,11087682,,,offline
11087686,7240,Gà sốt mix vị,gà sốt mix vị,,66000,,True,befood_menu,11087686,,,offline
659307,20472,Bún chả,bún chả,,45000,,True,befood_menu,659307,,,offline
659308,20472,Bánh cuốn ngon chả nướng,bánh cuốn ngon chả nướng,,45000,,True,befood_menu,659308,,,offline
659309,20472,Bánh cuốn trứng chả nướng,bánh cuốn trứng chả nướng,,40000,,True,befood_menu,659309,,,offline
659310,20472,Bánh cuốn ngon chả quế,bánh cuốn ngon chả quế,,45000,,True,befood_menu,659310,,,offline
659311,20472,Bánh cuốn trứng chả quế,bánh cuốn trứng chả quế,,35000,,True,befood_menu,659311,,,offline
659312,20472,Bún chả thêm bún,bún chả thêm bún,,50000,,True,befood_menu,659312,,,offline
659313,20472,Bún chả thêm chả,bún chả thêm chả,,60000,,True,befood_menu,659313,,,offline
659314,20472,Banh cuốn ngon chả nướng - chả quế,banh cuốn ngon chả nướng - chả quế,,55000,,True,befood_menu,659314,,,offline
659315,20472,Bánh cuốn trứng chả nướng - chả quế,bánh cuốn trứng chả nướng - chả quế,,50000,,True,befood_menu,659315,,,offline
659316,20472,Bánh cuốn chả nướng thêm trứng,bánh cuốn chả nướng thêm trứng,,60000,,True,befood_menu,659316,,,offline
659317,20472,Bánh cuốn ngon không chả,bánh cuốn ngon không chả,,35000,,True,befood_menu,659317,,,offline
659319,20472,Bánh cuốn chả quế thêm trứng,bánh cuốn chả quế thêm trứng,,60000,,True,befood_menu,659319,,,offline
659320,20472,Bánh cuốn trứng ngon không chả,bánh cuốn trứng ngon không chả,,45000,,True,befood_menu,659320,,,offline
10451391,21413,CƠM TRẮNG + dưa bò xào,cơm trắng + dưa bò xào,,53000,,True,befood_menu,10451391,,,offline
10451399,21413,CƠM TRĂNG + cải bò xào,cơm trăng + cải bò xào,,53000,,True,befood_menu,10451399,,,offline
10451406,21413,CƠM TRẮNG + chả đùi gà,cơm trắng + chả đùi gà,,53000,,True,befood_menu,10451406,,,offline
10451410,21413,CƠM TRẮNG + đùi gà,cơm trắng + đùi gà,,53000,,True,befood_menu,10451410,,,offline
1037627,21413,Cơm rang xào cải bò,cơm rang xào cải bò,,55000,,True,befood_menu,1037627,,,offline
694005,21413,Cơm rang dưa bò xào riêng,cơm rang dưa bò xào riêng,,53000,,True,befood_menu,694005,,,offline
694009,21413,Cơm rang dưa bò xào chung,cơm rang dưa bò xào chung,,48000,,True,befood_menu,694009,,,offline
694012,21413,Cơm rang thập cẩm,cơm rang thập cẩm,,45000,,True,befood_menu,694012,,,offline
1037626,21413,Cơm rang xúc xích,cơm rang xúc xích,,45000,,True,befood_menu,1037626,,,offline
1037625,21413,Cơm rang trứng,cơm rang trứng,,40000,,True,befood_menu,1037625,,,offline
10451371,21413,Cơm rang sườn,cơm rang sườn,,53000,,True,befood_menu,10451371,,,offline
10451377,21413,Cơm rang + chả đùi gà,cơm rang + chả đùi gà,,53000,,True,befood_menu,10451377,,,offline
694028,21413,Phở xào bò giòn - 1 phần,phở xào bò giòn - 1 phần,,68000,,True,befood_menu,694028,,,offline
694024,21413,Phở xào bò mềm - 1 phần,phở xào bò mềm - 1 phần,,62000,,True,befood_menu,694024,,,offline
694021,21413,Mì xào bò giòn - 1 phần,mì xào bò giòn - 1 phần,,68000,,True,befood_menu,694021,,,offline
694017,21413,Mì xào bò mềm - 1 phần,mì xào bò mềm - 1 phần,,62000,,True,befood_menu,694017,,,offline
10502225,21413,Đùi gà sốt chua ngọt,đùi gà sốt chua ngọt,,36000,,True,befood_menu,10502225,,,offline
10451137,21413,Beer Hà Nội,beer hà nội,,23000,,True,befood_menu,10451137,,,offline
10656401,21413,Bò húc Thái,bò húc thái,,23000,,True,befood_menu,10656401,,,offline
6798092,86219,Cơm rang dưa bò xào riêng,cơm rang dưa bò xào riêng,,50000,,True,befood_menu,6798092,,,offline
6798093,86219,Cơm rang thập cẩm,cơm rang thập cẩm,,47000,,True,befood_menu,6798093,,,offline
6798094,86219,Cơm rang đùi gà xối mắm,cơm rang đùi gà xối mắm,,55000,,True,befood_menu,6798094,,,offline
6798095,86219,Cơm rang cải bò,cơm rang cải bò,,50000,,True,befood_menu,6798095,,,offline
6798096,86219,Cơm dưa bò rang lẫn,cơm dưa bò rang lẫn,,50000,,True,befood_menu,6798096,,,offline
6798098,86219,Cơm rang đùi gà rán giòn,cơm rang đùi gà rán giòn,,55000,,True,befood_menu,6798098,,,offline
6798099,86219,Phở xào mềm cải bò,phở xào mềm cải bò,,55000,,True,befood_menu,6798099,,,offline
6798100,86219,Mì tôm xào cải bò,mì tôm xào cải bò,,55000,,True,befood_menu,6798100,,,offline
6798101,86219,Bún bò,bún bò,,50000,,True,befood_menu,6798101,,,offline
2444195,36034,1 suât bánh cuốn phủ lý,1 suât bánh cuốn phủ lý,,50000,,True,befood_menu,2444195,,,offline
2444196,36034,1 suất bún chả,1 suất bún chả,,50000,,True,befood_menu,2444196,,,offline
2444199,36034,1 thịt nướng,1 thịt nướng,,35000,,True,befood_menu,2444199,,,offline
8342743,36034,5 lạng bánh cuốn trắng ( k kèm thịt ),5 lạng bánh cuốn trắng ( k kèm thịt ),,32000,,True,befood_menu,8342743,,,offline
8342745,36034,bánh cuốn trắng+ chả quế,bánh cuốn trắng+ chả quế,,50000,,True,befood_menu,8342745,,,offline
8342746,36034,combo 1 suât bánh cuốn+ coca,combo 1 suât bánh cuốn+ coca,,60000,,True,befood_menu,8342746,,,offline
8342747,36034,1 suất bún chả +coca,1 suất bún chả +coca,,60000,,True,befood_menu,8342747,,,offline
11388810,36034,bún giả cầy,bún giả cầy,,57000,,True,befood_menu,11388810,,,offline
11388809,36034,bánh mì sôt vang,bánh mì sôt vang,,50000,,True,befood_menu,11388809,,,offline
648492,20129,Cơm Rang Thập Cẩm,cơm rang thập cẩm,,35000,,True,befood_menu,648492,,,offline
648493,20129,Cơm Rang Dưa Bò,cơm rang dưa bò,,40000,,True,befood_menu,648493,,,offline
648494,20129,Phở Bò Chín,phở bò chín,,35000,,True,befood_menu,648494,,,offline
648495,20129,Phở tái chín,phở tái chín,,42000,,True,befood_menu,648495,,,offline
648497,20129,Phở Xào,phở xào,,45000,,True,befood_menu,648497,,,offline
648498,20129,Phở Bò Tái,phở bò tái,,35000,,True,befood_menu,648498,,,offline
648499,20129,Phở Gà,phở gà,,35000,,True,befood_menu,648499,,,offline
648500,20129,Mì Xào,mì xào,,43000,,True,befood_menu,648500,,,offline
648502,20129,Phở Bò Tái Lăn,phở bò tái lăn,,43000,,True,befood_menu,648502,,,offline
648503,20129,Cơm Rang Trứng,cơm rang trứng,,26000,,True,befood_menu,648503,,,offline
648506,20129,Cơm Rang Gà,cơm rang gà,,35000,,True,befood_menu,648506,,,offline
648509,20129,Bò Húc,bò húc,,20000,,True,befood_menu,648509,,,offline
648510,20129,Cơm Rang Dưa Bò Riêng,cơm rang dưa bò riêng,,46000,,True,befood_menu,648510,,,offline
648511,20129,Cơm Rang Thập Cẩm Có Bò,cơm rang thập cẩm có bò,,46000,,True,befood_menu,648511,,,offline
10593542,16422,Cơm Đảo Tôm Rim,cơm đảo tôm rim,,145000,,True,befood_menu,10593542,,,offline
10593524,16422,Cơm đảo gà rang,cơm đảo gà rang,,110000,,True,befood_menu,10593524,,,offline
10593552,16422,Cơm đảo bò sốt tiêu,cơm đảo bò sốt tiêu,,110000,,True,befood_menu,10593552,,,offline
10593558,16422,cơm đảo thịt ba chỉ rang,cơm đảo thịt ba chỉ rang,,110000,,True,befood_menu,10593558,,,offline
10593546,16422,Cơm đảo đua xào bò,cơm đảo đua xào bò,,110000,,True,befood_menu,10593546,,,offline
10593571,16422,Cơm đảo thịt kho tàu,cơm đảo thịt kho tàu,,110000,,True,befood_menu,10593571,,,offline
10593575,16422,Cơm đảo cá kho tiêu,cơm đảo cá kho tiêu,,110000,,True,befood_menu,10593575,,,offline
10593579,16422,Cơm đảo Sườn chua ngọt,cơm đảo sườn chua ngọt,,110000,,True,befood_menu,10593579,,,offline
10593583,16422,Cơm đảo bō sốt khoai Tây,cơm đảo bō sốt khoai tây,,140000,,True,befood_menu,10593583,,,offline
10593585,16422,cơm Đảo thit bǎm,cơm đảo thit bǎm,,110000,,True,befood_menu,10593585,,,offline
10593587,16422,Cơm đảo trứng rán óc,cơm đảo trứng rán óc,,110000,,True,befood_menu,10593587,,,offline
10593589,16422,Cơm đảo trứng đúc thịt,cơm đảo trứng đúc thịt,,110000,,True,befood_menu,10593589,,,offline
10597884,16422,Cơm đảo gà rang + canh chua thịt băm,cơm đảo gà rang + canh chua thịt băm,,160000,,True,befood_menu,10597884,,,offline
10593603,16422,gà ác hầm thuốc Bắc,gà ác hầm thuốc bắc,,110000,,True,befood_menu,10593603,,,offline
10609567,16422,gà ác tần sen nấm,gà ác tần sen nấm,,110000,,True,befood_menu,10609567,,,offline
10658039,16422,gà ác tần + bánh mỳ rán,gà ác tần + bánh mỳ rán,,120000,,True,befood_menu,10658039,,,offline
7301935,60874,cơm rang 10 cẩm full topping,cơm rang 10 cẩm full topping,,40000,,True,befood_menu,7301935,,,offline
4456341,60874,phở bò tái lăn,phở bò tái lăn,,59000,,True,befood_menu,4456341,,,offline
4456342,60874,phở bò tái,phở bò tái,,50000,,True,befood_menu,4456342,,,offline
4456344,60874,phở áp chảo,phở áp chảo,,59000,,True,befood_menu,4456344,,,offline
4347844,60874,Phở tái chín,phở tái chín,,50000,,True,befood_menu,4347844,,,offline
4347845,60874,Phở tái nạm,phở tái nạm,,59000,,True,befood_menu,4347845,,,offline
9747827,60874,phở bò Chín,phở bò chín,,50000,,True,befood_menu,9747827,,,offline
11083474,60874,Phở Gân,phở gân,,59000,,True,befood_menu,11083474,,,offline
11155196,60874,phở Tái Gầu,phở tái gầu,,60000,,True,befood_menu,11155196,,,offline
11837479,60874,cơm rang dưa xào bò,cơm rang dưa xào bò,,41000,,True,befood_menu,11837479,,,offline
4347842,60874,Cơm rang thập cẩm,cơm rang thập cẩm,,40000,,True,befood_menu,4347842,,,offline
4456340,60874,phở xào bò,phở xào bò,,48000,,True,befood_menu,4456340,,,offline
4347839,60874,Mì xào bò,mì xào bò,,48000,,True,befood_menu,4347839,,,offline
9747833,60874,cơm rang dưa bò,cơm rang dưa bò,,48000,,True,befood_menu,9747833,,,offline
9747836,60874,cơm rang cải bò,cơm rang cải bò,,48000,,True,befood_menu,9747836,,,offline
10736954,60874,cơm rang đùi gà xối mỡ,cơm rang đùi gà xối mỡ,,49000,,True,befood_menu,10736954,,,offline
11745864,60874,Cơm rang 10 cẩm thêm thịt bò,cơm rang 10 cẩm thêm thịt bò,,60000,,True,befood_menu,11745864,,,offline
12233761,60874,cơm rang thập cẩm full topping,cơm rang thập cẩm full topping,,49000,,True,befood_menu,12233761,,,offline
2013685,13942,Cơm rang dưa bò - Coca,cơm rang dưa bò - coca,,60000,,True,befood_menu,2013685,,,offline
2013687,13942,Cơm rang cải bò - Coca,cơm rang cải bò - coca,,60000,,True,befood_menu,2013687,,,offline
475610,13942,Cơm rang dưa bò,cơm rang dưa bò,,45000,,True,befood_menu,475610,,,offline
475611,13942,Cơm rang cải bò,cơm rang cải bò,,45000,,True,befood_menu,475611,,,offline
475612,13942,Phở Đặc Biệt,phở đặc biệt,,52500,,True,befood_menu,475612,,,offline
475613,13942,Phở sốt vang,phở sốt vang,,45000,,True,befood_menu,475613,,,offline
475614,13942,Phở tái chín,phở tái chín,,45000,,True,befood_menu,475614,,,offline
475615,13942,Phở Xào Bò,phở xào bò,,45000,,True,befood_menu,475615,,,offline
475616,13942,Phở tái gầu,phở tái gầu,,45000,,True,befood_menu,475616,,,offline
475617,13942,Phở tái,phở tái,,45000,,True,befood_menu,475617,,,offline
475618,13942,Phở chín,phở chín,,45000,,True,befood_menu,475618,,,offline
475619,13942,Bánh đa trộn gà,bánh đa trộn gà,,45000,,True,befood_menu,475619,,,offline
475620,13942,Bún Cá,bún cá,,45000,,True,befood_menu,475620,,,offline
475621,13942,Miến trộn gà,miến trộn gà,,45000,,True,befood_menu,475621,,,offline
475622,13942,Phở tái nạm,phở tái nạm,,45000,,True,befood_menu,475622,,,offline
475623,13942,Bún trộn gà,bún trộn gà,,45000,,True,befood_menu,475623,,,offline
475624,13942,Mỳ Xào Bò,mỳ xào bò,,45000,,True,befood_menu,475624,,,offline
475625,13942,Phở gà,phở gà,,45000,,True,befood_menu,475625,,,offline
475626,13942,Phở gầu,phở gầu,,45000,,True,befood_menu,475626,,,offline
475627,13942,Bún Sốt Vang,bún sốt vang,,45000,,True,befood_menu,475627,,,offline
475628,13942,Phở nạm,phở nạm,,45000,,True,befood_menu,475628,,,offline
475629,13942,Miến trộn bò,miến trộn bò,,45000,,True,befood_menu,475629,,,offline
475630,13942,Cơm Rang Thập Cẩm,cơm rang thập cẩm,,45000,,True,befood_menu,475630,,,offline
475631,13942,Bún trộn bò,bún trộn bò,,45000,,True,befood_menu,475631,,,offline
2013686,13942,Phở xào bò - Coca,phở xào bò - coca,,52500,,True,befood_menu,2013686,,,offline
2013689,13942,Phở xào gà,phở xào gà,,45000,,True,befood_menu,2013689,,,offline
2013732,13942,Mỳ xào gà,mỳ xào gà,,45000,,True,befood_menu,2013732,,,offline
1045573,29659,Bánh cuốn Phủ Lý,bánh cuốn phủ lý,,48000,,True,befood_menu,1045573,,,offline
1045574,29659,Bún chả,bún chả,,48000,,True,befood_menu,1045574,,,offline
2394960,35452,Bún đậu mẹt lớn - 1 chai coca,bún đậu mẹt lớn - 1 chai coca,,45000,,True,befood_menu,2394960,,,offline
2394961,35452,Bún đậu mẹt lớn - 1 coca,bún đậu mẹt lớn - 1 coca,,50000,,True,befood_menu,2394961,,,offline
2394962,35452,Bún chả - 1 chai coca,bún chả - 1 chai coca,,45000,,True,befood_menu,2394962,,,offline
2394963,35452,Cơm suất lớn - 1 chai coca,cơm suất lớn - 1 chai coca,,42000,,True,befood_menu,2394963,,,offline
2394964,35452,Bún chả - 1 coca,bún chả - 1 coca,,50000,,True,befood_menu,2394964,,,offline
2394965,35452,Cơm suất lớn - 1 coca,cơm suất lớn - 1 coca,,45000,,True,befood_menu,2394965,,,offline
11373164,35452,Combo 2 bún đậu mẹt lớn,combo 2 bún đậu mẹt lớn,,70000,,True,befood_menu,11373164,,,offline
6438446,81993,Bún Huế,bún huế,,48000,,True,befood_menu,6438446,,,offline
6438447,81993,Bún Huế đặc biệt,bún huế đặc biệt,,58000,,True,befood_menu,6438447,,,offline
6438448,81993,Cơm rang dưa bò,cơm rang dưa bò,,48000,,True,befood_menu,6438448,,,offline
6438449,81993,Cơm rang đùi gà sốt,cơm rang đùi gà sốt,,50000,,True,befood_menu,6438449,,,offline
8478809,81993,cơm rang thập cẩm,cơm rang thập cẩm,,45000,,True,befood_menu,8478809,,,offline
6438450,81993,Phở tái gầu,phở tái gầu,,48000,,True,befood_menu,6438450,,,offline
6438451,81993,Phở xào cải,phở xào cải,,50000,,True,befood_menu,6438451,,,offline
6438452,81993,Phở tái lăn,phở tái lăn,,48000,,True,befood_menu,6438452,,,offline
6438453,81993,Phở tái,phở tái,,50000,,True,befood_menu,6438453,,,offline
6438454,81993,Mỳ tôm xào cải,mỳ tôm xào cải,,48000,,True,befood_menu,6438454,,,offline
6438455,81993,Phở tái nạm,phở tái nạm,,45000,,True,befood_menu,6438455,,,offline
716013,21980,"Bún đậu vừa( đậu, thịt, dồi, chả cốm)","bún đậu vừa( đậu, thịt, dồi, chả cốm)",,45000,,True,befood_menu,716013,,,offline
716014,21980,"Bún đậu đầy đủ ( đậu , thịt, dồi, chả cốm, nem)","bún đậu đầy đủ ( đậu , thịt, dồi, chả cốm, nem)",,50000,,True,befood_menu,716014,,,offline
716015,21980,Nem nướng nha trang xuất vừa( 6 cuốn),nem nướng nha trang xuất vừa( 6 cuốn),,45000,,True,befood_menu,716015,,,offline
818936,21980,Nem nướng nha trang xuất lớn ( 8 cuốn),nem nướng nha trang xuất lớn ( 8 cuốn),,57000,,True,befood_menu,818936,,,offline
4208575,21980,Bún Đậu Chả Cốm,bún đậu chả cốm,,37000,,True,befood_menu,4208575,,,offline
4208577,21980,Bún đậu Dồi sụn,bún đậu dồi sụn,,35000,,True,befood_menu,4208577,,,offline
4315093,21980,khô gà lá chanh túi 100g,khô gà lá chanh túi 100g,,25000,,True,befood_menu,4315093,,,offline
4333668,21980,Bún Chả Thịt Nướng,bún chả thịt nướng,,45000,,True,befood_menu,4333668,,,offline
4433192,21980,Bún trộn nem nướng,bún trộn nem nướng,,50000,,True,befood_menu,4433192,,,offline
4436630,21980,Bún trộn thịt nướng,bún trộn thịt nướng,,50000,,True,befood_menu,4436630,,,offline
4926642,21980,Bún đậu đầy đủ - 1 chai coca,bún đậu đầy đủ - 1 chai coca,,60000,,True,befood_menu,4926642,,,offline
4926643,21980,Bún đậu vừa - 1 chai coca,bún đậu vừa - 1 chai coca,,55000,,True,befood_menu,4926643,,,offline
857273,21980,combo 10 xiên que chiên,combo 10 xiên que chiên,,30000,,True,befood_menu,857273,,,offline
864460,21980,combo 5 Xiên Que,combo 5 xiên que,,15000,,True,befood_menu,864460,,,offline
9688409,114833,Cơm thịt quay và thịt xào,cơm thịt quay và thịt xào,,49000,,True,befood_menu,9688409,,,offline
9688459,114833,Cơm trắng và thịt băm,cơm trắng và thịt băm,,45000,,True,befood_menu,9688459,,,offline
9688460,114833,Cơm gà kho và thịt băm,cơm gà kho và thịt băm,,49000,,True,befood_menu,9688460,,,offline
9688461,114833,Cơm sườn xào chua ngọt và thịt băm,cơm sườn xào chua ngọt và thịt băm,,49000,,True,befood_menu,9688461,,,offline
9688462,114833,Cơm cá kho,cơm cá kho,,49000,,True,befood_menu,9688462,,,offline
9688463,114833,Cơm thịt rang cháy cạnh,cơm thịt rang cháy cạnh,,49000,,True,befood_menu,9688463,,,offline
9688464,114833,Cơm gà kho,cơm gà kho,,49000,,True,befood_menu,9688464,,,offline
9688465,114833,Cơm thịt luộc và thịt kho,cơm thịt luộc và thịt kho,,49000,,True,befood_menu,9688465,,,offline
9688466,114833,Cơm gà rán và chả lá lốt,cơm gà rán và chả lá lốt,,49000,,True,befood_menu,9688466,,,offline
9688467,114833,Cơm chả lá lốt và thịt xào,cơm chả lá lốt và thịt xào,,49000,,True,befood_menu,9688467,,,offline
9688468,114833,Cơm thịt băm và thịt xào,cơm thịt băm và thịt xào,,49000,,True,befood_menu,9688468,,,offline
9688479,114833,Cơm sườn xào chua ngọt + cocacola,cơm sườn xào chua ngọt + cocacola,,65000,,True,befood_menu,9688479,,,offline
9688480,114833,Cơm thịt kho +cocacola,cơm thịt kho +cocacola,,65000,,True,befood_menu,9688480,,,offline
9688481,114833,Cơm gà rán và cocacla,cơm gà rán và cocacla,,65000,,True,befood_menu,9688481,,,offline
9688483,114833,Cơm thịt trưng mắm tép,cơm thịt trưng mắm tép,,45000,,True,befood_menu,9688483,,,offline
9688484,114833,Cơm thịt băm ngô ngọt,cơm thịt băm ngô ngọt,,45000,,True,befood_menu,9688484,,,offline
6861606,87272,Bún bò Huế sinh viên,bún bò huế sinh viên,,65000,,True,befood_menu,6861606,,,offline
6861607,87272,Bún bò Huế - không móng,bún bò huế - không móng,,75000,,True,befood_menu,6861607,,,offline
6861608,87272,Bún Huế đầy đủ,bún huế đầy đủ,,80000,,True,befood_menu,6861608,,,offline
6861609,87272,Bún bò Huế đặc biệt,bún bò huế đặc biệt,,85000,,True,befood_menu,6861609,,,offline
6861610,87272,Bún mọc cua,bún mọc cua,,70000,,True,befood_menu,6861610,,,offline
6861611,87272,Cơm rang dưa bò,cơm rang dưa bò,,65000,,True,befood_menu,6861611,,,offline
6861612,87272,Cơm rang cải bò,cơm rang cải bò,,65000,,True,befood_menu,6861612,,,offline
6861615,87272,Cơm rang đùi gà sốt,cơm rang đùi gà sốt,,73000,,True,befood_menu,6861615,,,offline
6861616,87272,Cơm rang xúc xích,cơm rang xúc xích,,52000,,True,befood_menu,6861616,,,offline
6861617,87272,Phở bò chín,phở bò chín,,65000,,True,befood_menu,6861617,,,offline
6861618,87272,Phở bò tái,phở bò tái,,65000,,True,befood_menu,6861618,,,offline
6861619,87272,Phở gầu,phở gầu,,75000,,True,befood_menu,6861619,,,offline
6861620,87272,Phở bò tái gầu,phở bò tái gầu,,80000,,True,befood_menu,6861620,,,offline
6861621,87272,Phở bò đặc biệt,phở bò đặc biệt,,70000,,True,befood_menu,6861621,,,offline
6861622,87272,Phở bò tái chín,phở bò tái chín,,70000,,True,befood_menu,6861622,,,offline
6861623,87272,Phở nạm,phở nạm,,65000,,True,befood_menu,6861623,,,offline
6861624,87272,Mì xào bò,mì xào bò,,65000,,True,befood_menu,6861624,,,offline
9690956,115272,Bún chả,bún chả,,47000,,True,befood_menu,9690956,,,offline
9690957,115272,Bánh cuốn chả nướng,bánh cuốn chả nướng,,47000,,True,befood_menu,9690957,,,offline
9690958,115272,Gà tần,gà tần,,74000,,True,befood_menu,9690958,,,offline
11597091,130463,Bún trộn thịt bò,bún trộn thịt bò,,55000,,True,befood_menu,11597091,,,offline
11597092,130463,Bún trộn thịt nướng,bún trộn thịt nướng,,52000,,True,befood_menu,11597092,,,offline
11597855,130463,Phở cuốn thịt nướng,phở cuốn thịt nướng,,60000,,True,befood_menu,11597855,,,offline
11597856,130463,Phở cuốn thịt bò,phở cuốn thịt bò,,65000,,True,befood_menu,11597856,,,offline
11682276,130463,Bún trộn thịt nướng + 1 Nước ngọt,bún trộn thịt nướng + 1 nước ngọt,,51000,,True,befood_menu,11682276,,,offline
11795296,130463,Bún trộn thịt bò + 1 nước ngọt,bún trộn thịt bò + 1 nước ngọt,,69000,,True,befood_menu,11795296,,,offline
11682258,130463,5c Phở Cuốn Thịt Bò + 1 nước ngọt,5c phở cuốn thịt bò + 1 nước ngọt,,75000,,True,befood_menu,11682258,,,offline
11682261,130463,5c Phở cuốn thịt nướng + 1 nước ngọt,5c phở cuốn thịt nướng + 1 nước ngọt,,72000,,True,befood_menu,11682261,,,offline
11682272,130463,5c Phở cuốn thịt bò + 1 Bún trộn thịt nướng + 2 nước ngọt,5c phở cuốn thịt bò + 1 bún trộn thịt nướng + 2 nước ngọt,,129000,,True,befood_menu,11682272,,,offline
11682264,130463,ĂN NO - Phở cuốn thịt nướng + bún trộn thịt nướng,ăn no - phở cuốn thịt nướng + bún trộn thịt nướng,,95000,,True,befood_menu,11682264,,,offline
11682267,130463,ĂN NO - Phở cuốn thịt bò + bún trộn thịt bò,ăn no - phở cuốn thịt bò + bún trộn thịt bò,,119000,,True,befood_menu,11682267,,,offline
11682296,130463,3c Phở cuốn thịt bò,3c phở cuốn thịt bò,,39000,,True,befood_menu,11682296,,,offline
5239772,68548,Bánh cuốn chả thịt nướng,bánh cuốn chả thịt nướng,,56000,,True,befood_menu,5239772,,,offline
5239773,68548,"Bánh cuốn nhân thịt, mộc nhĩ - chả quế","bánh cuốn nhân thịt, mộc nhĩ - chả quế",,46000,,True,befood_menu,5239773,,,offline
5239774,68548,Bánh cuốn chả lẫn ( chả thịt nướng + chả quế ),bánh cuốn chả lẫn ( chả thịt nướng + chả quế ),,65000,,True,befood_menu,5239774,,,offline
5239776,68548,Bún chả thịt nướng - kèm măng ớt siêu ngon,bún chả thịt nướng - kèm măng ớt siêu ngon,,65000,,True,befood_menu,5239776,,,offline
5239777,68548,Gà đùi tần ngải cứu thuốc bắc - chuẩn vị thuốc Bắc - kèm măng ớt siêu ngon,gà đùi tần ngải cứu thuốc bắc - chuẩn vị thuốc bắc - kèm măng ớt siêu ngon,,63000,,True,befood_menu,5239777,,,offline
5239778,68548,Mỳ đùi gà tần ngải cứu chuẩn vị thuốc Bắc kèm măng ớt siêu ngon,mỳ đùi gà tần ngải cứu chuẩn vị thuốc bắc kèm măng ớt siêu ngon,,73000,,True,befood_menu,5239778,,,offline
5239779,68548,Gà ác tần thuốc Bắc nguyên con chuẩn vị thuốc Bắc kèm măng ớt siêu ngon,gà ác tần thuốc bắc nguyên con chuẩn vị thuốc bắc kèm măng ớt siêu ngon,,109000,,True,befood_menu,5239779,,,offline
5239780,68548,Mỳ gà ác tần thuốc Bắc nguyên con chuẩn vị thuốc Bắc kèm măng ớt siêu ngon,mỳ gà ác tần thuốc bắc nguyên con chuẩn vị thuốc bắc kèm măng ớt siêu ngon,,119000,,True,befood_menu,5239780,,,offline
5337585,68548,Trứng vịt lộn ngải cứu - chuẩn vị thuốc Bắc kèm măng ớt siêu ngon,trứng vịt lộn ngải cứu - chuẩn vị thuốc bắc kèm măng ớt siêu ngon,,24000,,True,befood_menu,5337585,,,offline
5340364,68548,Combo 3 trứng vịt lộn kèm răm gừng gia vị đầy đủ,combo 3 trứng vịt lộn kèm răm gừng gia vị đầy đủ,,36000,,True,befood_menu,5340364,,,offline
5611011,68548,Trứng rán ngải cứu,trứng rán ngải cứu,,30000,,True,befood_menu,5611011,,,offline
6351656,68548,Combo 2 bánh cuốn trứng chín nhân thịt mộc nhĩ,combo 2 bánh cuốn trứng chín nhân thịt mộc nhĩ,,36000,,True,befood_menu,6351656,,,offline
6351658,68548,Chả nướng ( suất),chả nướng ( suất),,25000,,True,befood_menu,6351658,,,offline
7950649,68548,Trứng rán lá mơ,trứng rán lá mơ,,30000,,True,befood_menu,7950649,,,offline
7950653,68548,Mỳ đùi gà full topping - chuẩn vị thuốc bắc kèm măng ớt siêu ngon,mỳ đùi gà full topping - chuẩn vị thuốc bắc kèm măng ớt siêu ngon,,85000,,True,befood_menu,7950653,,,offline
7950655,68548,Mỳ tôm trứng vịt lộn ngải cứu - chuẩn vị thuốc bắc kèm măng ớt siêu ngon,mỳ tôm trứng vịt lộn ngải cứu - chuẩn vị thuốc bắc kèm măng ớt siêu ngon,,58000,,True,befood_menu,7950655,,,offline
9343774,68548,Mỳ Tim Gà Tần Ngải Cứu chuẩn vị thuốc Bắc kèm măng ớt siêu ngon,mỳ tim gà tần ngải cứu chuẩn vị thuốc bắc kèm măng ớt siêu ngon,,73000,,True,befood_menu,9343774,,,offline
9343775,68548,Tim Gà Tần ngải cứu chuẩn vị thuốc Bắc kèm măng ớt siêu ngon,tim gà tần ngải cứu chuẩn vị thuốc bắc kèm măng ớt siêu ngon,,63000,,True,befood_menu,9343775,,,offline
12169378,135607,Bánh cuốn thịt nướng,bánh cuốn thịt nướng,,45000,,True,befood_menu,12169378,,,offline
12169380,135607,Bánh cuốn chả,bánh cuốn chả,,40000,,True,befood_menu,12169380,,,offline
12169383,135607,"Bánh cuốn thập cẩm(chả,thịt nướng)","bánh cuốn thập cẩm(chả,thịt nướng)",,45000,,True,befood_menu,12169383,,,offline
12169384,135607,Bún chả nướng,bún chả nướng,,40000,,True,befood_menu,12169384,,,offline
6359725,80920,Cơm rang dưa bò,cơm rang dưa bò,,55000,,True,befood_menu,6359725,,,offline
6359726,80920,Phở bò( không kèm theo hộp đựng),phở bò( không kèm theo hộp đựng),,50000,,True,befood_menu,6359726,,,offline
6375281,80920,cơm rang cải bò,cơm rang cải bò,,55000,,True,befood_menu,6375281,,,offline
6375283,80920,phở xào,phở xào,,55000,,True,befood_menu,6375283,,,offline
6375285,80920,mỳ xào,mỳ xào,,55000,,True,befood_menu,6375285,,,offline
6375447,80920,phở Tái Lăn (không bao gồm hộp đựng),phở tái lăn (không bao gồm hộp đựng),,50000,,True,befood_menu,6375447,,,offline
6375448,80920,phở Tái Gầu(không bao gồm hộp đựng),phở tái gầu(không bao gồm hộp đựng),,50000,,True,befood_menu,6375448,,,offline
6375449,80920,phở áp chảo(không bao gồm hộp đựng),phở áp chảo(không bao gồm hộp đựng),,50000,,True,befood_menu,6375449,,,offline
6375536,80920,Cơm rang thập cẩm,cơm rang thập cẩm,,40000,,True,befood_menu,6375536,,,offline
6375569,80920,cơm rang trứng,cơm rang trứng,,30000,,True,befood_menu,6375569,,,offline
6641551,80920,Phở Bò Tái(không bao gồm hộp đựng),phở bò tái(không bao gồm hộp đựng),,50000,,True,befood_menu,6641551,,,offline
6641554,80920,Phở Bò Chín(không bao gồm hộp đựng),phở bò chín(không bao gồm hộp đựng),,50000,,True,befood_menu,6641554,,,offline
10669763,123914,Mỳ Cay Xúc Xích,mỳ cay xúc xích,,49000,,True,befood_menu,10669763,,,offline
10669764,123914,Mỳ Cay Bò Mỹ,mỳ cay bò mỹ,,59000,,True,befood_menu,10669764,,,offline
10669765,123914,Mỳ Cay Sườn Sụn,mỳ cay sườn sụn,,59000,,True,befood_menu,10669765,,,offline
10669766,123914,Mỳ Cay Hải Sản,mỳ cay hải sản,,65000,,True,befood_menu,10669766,,,offline
10669767,123914,Mỳ Cay Thập Cẩm,mỳ cay thập cẩm,,74000,,True,befood_menu,10669767,,,offline
10669768,123914,Mỳ Cay Bò Ta,mỳ cay bò ta,,59000,,True,befood_menu,10669768,,,offline
10819936,123914,Gà Viên 9 Vị,gà viên 9 vị,,29000,,True,befood_menu,10819936,,,offline
10819944,123914,Đùi Gà Rán 9 Vị,đùi gà rán 9 vị,,35000,,True,befood_menu,10819944,,,offline
10819948,123914,Cánh Gà Rán 9 Vị,cánh gà rán 9 vị,,35000,,True,befood_menu,10819948,,,offline
10819953,123914,Má Đùi Gà Rán 9 Vị,má đùi gà rán 9 vị,,35000,,True,befood_menu,10819953,,,offline
10820555,123914,Combo Gà Viên + Kimbap Thường,combo gà viên + kimbap thường,,48000,,True,befood_menu,10820555,,,offline
10820573,123914,Combo Gà Viên + Kimbap Chiên,combo gà viên + kimbap chiên,,50000,,True,befood_menu,10820573,,,offline
10824232,123914,Kimbap Chiên,kimbap chiên,,22000,,True,befood_menu,10824232,,,offline
10824240,123914,Kimbap Thường,kimbap thường,,20000,,True,befood_menu,10824240,,,offline
10887101,123914,Combo Cơm Gà 9 Vị,combo cơm gà 9 vị,,46000,,True,befood_menu,10887101,,,offline
11551050,123914,Salad Bắp Cải,salad bắp cải,,30000,,True,befood_menu,11551050,,,offline
12235265,123914,Bún Trộn Rau Củ,bún trộn rau củ,,32000,,True,befood_menu,12235265,,,offline
12235271,123914,Bún Trộn Viên Chiên,bún trộn viên chiên,,39000,,True,befood_menu,12235271,,,offline
12235273,123914,Bún Trộn Xúc Xích,bún trộn xúc xích,,39000,,True,befood_menu,12235273,,,offline
12235275,123914,Bún Trộn Dồi Sụn,bún trộn dồi sụn,,39000,,True,befood_menu,12235275,,,offline
12235277,123914,Bún Trộn Nem Lụi,bún trộn nem lụi,,43000,,True,befood_menu,12235277,,,offline
12235279,123914,Bún Trộn Gà Viên,bún trộn gà viên,,46000,,True,befood_menu,12235279,,,offline
12235281,123914,Bún Trộn Nem Rán,bún trộn nem rán,,46000,,True,befood_menu,12235281,,,offline
12235283,123914,Bún Trộn Sụn Heo Non,bún trộn sụn heo non,,49000,,True,befood_menu,12235283,,,offline
12235285,123914,Bún Trộn Tai Heo,bún trộn tai heo,,49000,,True,befood_menu,12235285,,,offline
12235289,123914,Bún Trộn Bò,bún trộn bò,,49000,,True,befood_menu,12235289,,,offline
12249081,123914,Bún Trộn Tôm,bún trộn tôm,,60000,,True,befood_menu,12249081,,,offline
12257160,123914,Combo 3 Cái Phở Cuốn,combo 3 cái phở cuốn,,38000,,True,befood_menu,12257160,,,offline
11476312,123914,Gà Ủ Muối Tiêu (Nửa Con),gà ủ muối tiêu (nửa con),,79000,,True,befood_menu,11476312,,,offline
10669770,123914,Chân Gà Rút Xương Sốt Thái,chân gà rút xương sốt thái,,39000,,True,befood_menu,10669770,,,offline
10669772,123914,Chân Gà Rút Xương Ngâm Sả Tắc,chân gà rút xương ngâm sả tắc,,39000,,True,befood_menu,10669772,,,offline
11476322,123914,Chân Gà Ủ Muối Tiêu,chân gà ủ muối tiêu,,70000,,True,befood_menu,11476322,,,offline
10669769,123914,Lạp Xưởng Nướng Đá,lạp xưởng nướng đá,,16000,,True,befood_menu,10669769,,,offline
10669781,123914,Khoai Lang Kén,khoai lang kén,,30000,,True,befood_menu,10669781,,,offline
10669783,123914,Viên Hải Sản Sốt Phomai,viên hải sản sốt phomai,,18000,,True,befood_menu,10669783,,,offline
11777045,123914,Nem Lụi Nướng (1 Cái),nem lụi nướng (1 cái),,14000,,True,befood_menu,11777045,,,offline
10669790,123914,Dưa Chuột Chẻ,dưa chuột chẻ,,25000,,True,befood_menu,10669790,,,offline
6425136,81712,Cơm - Bò xào - Chả lá lốt - Đậu sốt,cơm - bò xào - chả lá lốt - đậu sốt,,59000,,True,befood_menu,6425136,,,offline
6425137,81712,Cơm - Thịt kho - Chả lá lốt - Gà rang,cơm - thịt kho - chả lá lốt - gà rang,,59000,,True,befood_menu,6425137,,,offline
6425138,81712,Cơm - Gà xào - Tôm rang - Trứng rán,cơm - gà xào - tôm rang - trứng rán,,59000,,True,befood_menu,6425138,,,offline
6425142,81712,Cơm - Gà cựa - Chả lá lốt - Trứng rán,cơm - gà cựa - chả lá lốt - trứng rán,,59000,,True,befood_menu,6425142,,,offline
6425145,81712,Cơm - Thịt quay - Tôm rang - Chả quế,cơm - thịt quay - tôm rang - chả quế,,59000,,True,befood_menu,6425145,,,offline
6425148,81712,Cơm - Thịt kho,cơm - thịt kho,,55000,,True,befood_menu,6425148,,,offline
6425150,81712,Cơm - Chả lá lốt,cơm - chả lá lốt,,55000,,True,befood_menu,6425150,,,offline
6425151,81712,Cơm - Bò nấu sốt vang khoai tây,cơm - bò nấu sốt vang khoai tây,,55000,,True,befood_menu,6425151,,,offline
6425152,81712,Cơm - Gà cựa xào lăn,cơm - gà cựa xào lăn,,55000,,True,befood_menu,6425152,,,offline
6425159,81712,Cơm - Gà rán sốt me,cơm - gà rán sốt me,,55000,,True,befood_menu,6425159,,,offline
6425160,81712,Cơm - Thịt luộc,cơm - thịt luộc,,55000,,True,befood_menu,6425160,,,offline
6425164,81712,Cơm - Thịt quay - Thịt kho - Gà rang,cơm - thịt quay - thịt kho - gà rang,,59000,,True,befood_menu,6425164,,,offline
6425184,81712,Cơm - Thịt nướng,cơm - thịt nướng,,55000,,True,befood_menu,6425184,,,offline
6425187,81712,Cơm - Gà rán - Đậu sốt,cơm - gà rán - đậu sốt,,55000,,True,befood_menu,6425187,,,offline
6425191,81712,Cơm - Bò om khoai,cơm - bò om khoai,,55000,,True,befood_menu,6425191,,,offline
6425192,81712,Cơm - Ba món ăn ngon ngẫu nhiên - Rau (Không chọn món không ghi chú),cơm - ba món ăn ngon ngẫu nhiên - rau (không chọn món không ghi chú),,55000,,True,befood_menu,6425192,,,offline
6425193,81712,Cơm thịt nướng,cơm thịt nướng,,55000,,True,befood_menu,6425193,,,offline
6425194,81712,Cơm - Cá rán - Gà cựa - Đậu sốt,cơm - cá rán - gà cựa - đậu sốt,,55000,,True,befood_menu,6425194,,,offline
6425196,81712,Cơm - Sườn sụn non nướng,cơm - sườn sụn non nướng,,55000,,True,befood_menu,6425196,,,offline
6425197,81712,Cơm - Bò xào,cơm - bò xào,,55000,,True,befood_menu,6425197,,,offline
6425200,81712,Cơm - Tôm rang,cơm - tôm rang,,55000,,True,befood_menu,6425200,,,offline
6425106,81712,Cơm - Thịt Kho - Gà Cựa - Đậu Sốt,cơm - thịt kho - gà cựa - đậu sốt,,59000,,True,befood_menu,6425106,,,offline
6425110,81712,Cơm Tôm Rang,cơm tôm rang,,59000,,True,befood_menu,6425110,,,offline
6425111,81712,Cơm - Thịt Luộc - Tôm Rang - Trứng Rán,cơm - thịt luộc - tôm rang - trứng rán,,59000,,True,befood_menu,6425111,,,offline
6425112,81712,Cơm - Gà Rán Sốt Me - Thịt Kho - Trứng Rán,cơm - gà rán sốt me - thịt kho - trứng rán,,59000,,True,befood_menu,6425112,,,offline
6425114,81712,Cơm - Ba Chỉ Quay,cơm - ba chỉ quay,,55000,,True,befood_menu,6425114,,,offline
6425116,81712,Cơm - Thịt Băm - Gà Cựa Xào - Gà Sốt,cơm - thịt băm - gà cựa xào - gà sốt,,59000,,True,befood_menu,6425116,,,offline
6425117,81712,Cơm Cá Kho,cơm cá kho,,55000,,True,befood_menu,6425117,,,offline
6425119,81712,Cơm Gà Xào - Tôm Rang - Trứng Rán,cơm gà xào - tôm rang - trứng rán,,59000,,True,befood_menu,6425119,,,offline
6425121,81712,Cơm - Thịt Luộc - Gà Cựa Xào - Cá Nục Rán,cơm - thịt luộc - gà cựa xào - cá nục rán,,59000,,True,befood_menu,6425121,,,offline
6425124,81712,Cơm Gà Hấp Lá Chanh,cơm gà hấp lá chanh,,55000,,True,befood_menu,6425124,,,offline
6425125,81712,Cơm Thịt Rang Cháy Cạnh,cơm thịt rang cháy cạnh,,59000,,True,befood_menu,6425125,,,offline
6425128,81712,Cơm Thịt Rang - Trứng - Lạc Rang,cơm thịt rang - trứng - lạc rang,,59000,,True,befood_menu,6425128,,,offline
6425166,81712,Cơm - Tôm Rang - Gà Cựa Xào - Trứng Rán,cơm - tôm rang - gà cựa xào - trứng rán,,59000,,True,befood_menu,6425166,,,offline
6425167,81712,Cơm - Gà Rang - Thịt Quay - Trứng Rán,cơm - gà rang - thịt quay - trứng rán,,59000,,True,befood_menu,6425167,,,offline
6425169,81712,Cơm - Bò Xào - Gà Rán Sốt Me - Gà Cựa Xào,cơm - bò xào - gà rán sốt me - gà cựa xào,,59000,,True,befood_menu,6425169,,,offline
6425171,81712,Cơm - Thịt Trưng Mắm Tép,cơm - thịt trưng mắm tép,,59000,,True,befood_menu,6425171,,,offline
6425174,81712,Cơm - Thịt Quay - Gà Sốt - Thịt Xào,cơm - thịt quay - gà sốt - thịt xào,,59000,,True,befood_menu,6425174,,,offline
6425175,81712,Cơm Gà Rang Gừng,cơm gà rang gừng,,55000,,True,befood_menu,6425175,,,offline
6425176,81712,Cơm - Ba Món Ăn Ngon Ngẫu Nhiên - Rau - Không Chọn Món Không Ghi Chú,cơm - ba món ăn ngon ngẫu nhiên - rau - không chọn món không ghi chú,,59000,,True,befood_menu,6425176,,,offline
6425177,81712,Cơm Bò Xào,cơm bò xào,,59000,,True,befood_menu,6425177,,,offline
6425178,81712,Cơm Chả Lá Lốt,cơm chả lá lốt,,55000,,True,befood_menu,6425178,,,offline
6425179,81712,Cơm Gà Cựa Xào Lăn,cơm gà cựa xào lăn,,55000,,True,befood_menu,6425179,,,offline
6425180,81712,Cơm Gà rán - Đậu Sốt,cơm gà rán - đậu sốt,,55000,,True,befood_menu,6425180,,,offline
6425107,81712,"ơm thịt quay, gà sốt, thịt xào + coca/sprite","ơm thịt quay, gà sốt, thịt xào + coca/sprite",,69000,,True,befood_menu,6425107,,,offline
6425144,81712,"cơm bò xào, gà rán sốt me, gà cựa xào + coca/sprite","cơm bò xào, gà rán sốt me, gà cựa xào + coca/sprite",,69000,,True,befood_menu,6425144,,,offline
6425198,81712,"Cơm thịt quay, thịt kho, gà rang + sprite/coca","cơm thịt quay, thịt kho, gà rang + sprite/coca",,69000,,True,befood_menu,6425198,,,offline
6425130,81712,Gà rang gừng,gà rang gừng,,35000,,True,befood_menu,6425130,,,offline
6425133,81712,Chả quế,chả quế,,35000,,True,befood_menu,6425133,,,offline
6425134,81712,Sườn sụn non nướng,sườn sụn non nướng,,35000,,True,befood_menu,6425134,,,offline
6425135,81712,Thịt ba chỉ quay,thịt ba chỉ quay,,35000,,True,befood_menu,6425135,,,offline
6425139,81712,Gà rán sốt me,gà rán sốt me,,35000,,True,befood_menu,6425139,,,offline
6425140,81712,Trứng cút kho sốt,trứng cút kho sốt,,30000,,True,befood_menu,6425140,,,offline
6425143,81712,Chả lá lốt 4 cái,chả lá lốt 4 cái,,30000,,True,befood_menu,6425143,,,offline
6425147,81712,Gà cựa xào lăn,gà cựa xào lăn,,35000,,True,befood_menu,6425147,,,offline
6425154,81712,Cơm tám dẻo,cơm tám dẻo,,18000,,True,befood_menu,6425154,,,offline
6425156,81712,Thịt rang xém cạnh,thịt rang xém cạnh,,35000,,True,befood_menu,6425156,,,offline
6425157,81712,Bò xào,bò xào,,35000,,True,befood_menu,6425157,,,offline
6425158,81712,Thịt nướng giềng,thịt nướng giềng,,35000,,True,befood_menu,6425158,,,offline
6425162,81712,Tôm rang,tôm rang,,35000,,True,befood_menu,6425162,,,offline
6425188,81712,Bò om khoai,bò om khoai,,35000,,True,befood_menu,6425188,,,offline
6425199,81712,Trứng rán 2 miếng,trứng rán 2 miếng,,20000,,True,befood_menu,6425199,,,offline
6425120,81712,Rau Luộc,rau luộc,,18000,,True,befood_menu,6425120,,,offline
6425131,81712,Rau xào,rau xào,,18000,,True,befood_menu,6425131,,,offline
6425163,81712,Cà muối,cà muối,,18000,,True,befood_menu,6425163,,,offline
6425243,81712,Sữa Tươi Trân Trâu Đường Đen,sữa tươi trân trâu đường đen,,30000,,True,befood_menu,6425243,,,offline
6425244,81712,Nước Me Ngon,nước me ngon,,20000,,True,befood_menu,6425244,,,offline
6425246,81712,Sođa Bạc Hà,sođa bạc hà,,20000,,True,befood_menu,6425246,,,offline
10125345,119113,Phở cuốn - 10 cái,phở cuốn - 10 cái,,105000,,True,befood_menu,10125345,,,offline
10125346,119113,Phở chiên phồng,phở chiên phồng,,85000,,True,befood_menu,10125346,,,offline
10125347,119113,Phở xào giòn,phở xào giòn,,85000,,True,befood_menu,10125347,,,offline
10125348,119113,Phở xào mềm,phở xào mềm,,65000,,True,befood_menu,10125348,,,offline
10189571,119113,phở cuốn 5 cái,phở cuốn 5 cái,,55000,,True,befood_menu,10189571,,,offline
10189575,119113,mì xào bò,mì xào bò,,65000,,True,befood_menu,10189575,,,offline
10189576,119113,khoai tây chiên,khoai tây chiên,,45000,,True,befood_menu,10189576,,,offline
10616313,123573,Bánh cuốn chả quế,bánh cuốn chả quế,,40000,,True,befood_menu,10616313,,,offline
10616314,123573,Bánh cuốn chả nướng,bánh cuốn chả nướng,,48000,,True,befood_menu,10616314,,,offline
10616316,123573,Bún ngan,bún ngan,,55000,,True,befood_menu,10616316,,,offline
10616317,123573,Miến ngan,miến ngan,,55000,,True,befood_menu,10616317,,,offline
10616318,123573,Bún chả,bún chả,,48000,,True,befood_menu,10616318,,,offline
10616319,123573,Miến ngan trộn,miến ngan trộn,,50000,,True,befood_menu,10616319,,,offline
10616320,123573,Bún ngan trộn,bún ngan trộn,,50000,,True,befood_menu,10616320,,,offline
7648690,8200,Cơm rang dưa bò + pepsi,cơm rang dưa bò + pepsi,,65000,,True,befood_menu,7648690,,,offline
7648691,8200,Cơm rang đùi gà + pepsi,cơm rang đùi gà + pepsi,,70000,,True,befood_menu,7648691,,,offline
7648692,8200,Cơm rang thập cẩm + pepsi,cơm rang thập cẩm + pepsi,,65000,,True,befood_menu,7648692,,,offline
7648693,8200,[Deal Hot]Cơm rang thập cẩm + pepsi,[deal hot]cơm rang thập cẩm + pepsi,,65000,,True,befood_menu,7648693,,,offline
2289268,8200,Phở Áp Chảo,phở áp chảo,,65000,,True,befood_menu,2289268,,,offline
2289272,8200,Phở Tái Lăn,phở tái lăn,,65000,,True,befood_menu,2289272,,,offline
2289230,8200,bún bò huế tô lớn,bún bò huế tô lớn,,65000,,True,befood_menu,2289230,,,offline
2289234,8200,Bún bò huế tô đặc biệt,bún bò huế tô đặc biệt,,70000,,True,befood_menu,2289234,,,offline
2289235,8200,bún bò huế tô vừa,bún bò huế tô vừa,,65000,,True,befood_menu,2289235,,,offline
253760,8200,Cơm rang đùi gà xối mắm+1 trứng ốp,cơm rang đùi gà xối mắm+1 trứng ốp,,70000,,True,befood_menu,253760,,,offline
253761,8200,Cơm Rang Dưa Bò+1 trứng ốp,cơm rang dưa bò+1 trứng ốp,,65000,,True,befood_menu,253761,,,offline
253762,8200,Cơm Rang Cải Bò+1 trứng ốp,cơm rang cải bò+1 trứng ốp,,65000,,True,befood_menu,253762,,,offline
253763,8200,Cơm Rang Thập Cẩm+1 trứng ốp,cơm rang thập cẩm+1 trứng ốp,,65000,,True,befood_menu,253763,,,offline
2289246,8200,Cơm Rang Cải Bò - 1 trứng ốp,cơm rang cải bò - 1 trứng ốp,,65000,,True,befood_menu,2289246,,,offline
2289247,8200,Cơm Rang Dưa Bò - 1 trứng ốp,cơm rang dưa bò - 1 trứng ốp,,65000,,True,befood_menu,2289247,,,offline
2289248,8200,Cơm Rang Thập Cẩm - 1 trứng ốp,cơm rang thập cẩm - 1 trứng ốp,,65000,,True,befood_menu,2289248,,,offline
2289249,8200,Cơm rang đùi gà xối mắm - 1 trứng ốp -,cơm rang đùi gà xối mắm - 1 trứng ốp -,,70000,,True,befood_menu,2289249,,,offline
2289233,8200,phở bò đặc biệt,phở bò đặc biệt,,70000,,True,befood_menu,2289233,,,offline
2289237,8200,Cơm rang cải bò - sprite,cơm rang cải bò - sprite,,65000,,True,befood_menu,2289237,,,offline
2289238,8200,Cơm rang cải bò - coca,cơm rang cải bò - coca,,65000,,True,befood_menu,2289238,,,offline
2289239,8200,Cơm rang dưa bò - sprite,cơm rang dưa bò - sprite,,65000,,True,befood_menu,2289239,,,offline
2289240,8200,Cơm rang dưa bò - coca,cơm rang dưa bò - coca,,65000,,True,befood_menu,2289240,,,offline
2289241,8200,Cơm rang gà xôi mắm - sprite,cơm rang gà xôi mắm - sprite,,70000,,True,befood_menu,2289241,,,offline
2289242,8200,Phở bò tái chín - coca,phở bò tái chín - coca,,65000,,True,befood_menu,2289242,,,offline
2289243,8200,Phở bò đặc biệt - coca,phở bò đặc biệt - coca,,80000,,True,befood_menu,2289243,,,offline
2289244,8200,Phở xào bò cải - coca,phở xào bò cải - coca,,65000,,True,befood_menu,2289244,,,offline
253766,8200,Cơm Rang Dưa Bò + Pepsi,cơm rang dưa bò + pepsi,,65000,,True,befood_menu,253766,,,offline
253767,8200,cơm rang đùi gà xối mắm+Pepsi,cơm rang đùi gà xối mắm+pepsi,,70000,,True,befood_menu,253767,,,offline
253768,8200,Phở Xào + Pepsi,phở xào + pepsi,,65000,,True,befood_menu,253768,,,offline
253769,8200,Mì Xào + Pepsi,mì xào + pepsi,,65000,,True,befood_menu,253769,,,offline
253770,8200,Cơm Rang Cải Bò + Pepsi,cơm rang cải bò + pepsi,,65000,,True,befood_menu,253770,,,offline
253771,8200,Cơm Rang Thập Cẩm + Pepsi,cơm rang thập cẩm + pepsi,,65000,,True,befood_menu,253771,,,offline
253772,8200,Mì Bò nước+ Pepsi,mì bò nước+ pepsi,,65000,,True,befood_menu,253772,,,offline
2289229,8200,Cơm rang đùi gà xối mắm -Pepsi,cơm rang đùi gà xối mắm -pepsi,,70000,,True,befood_menu,2289229,,,offline
2289231,8200,Cơm Rang Dưa Bò - Pepsi,cơm rang dưa bò - pepsi,,65000,,True,befood_menu,2289231,,,offline
2289260,8200,Cơm Rang Cải Bò - Pepsi,cơm rang cải bò - pepsi,,65000,,True,befood_menu,2289260,,,offline
2289261,8200,Cơm Rang Thập Cẩm - Pepsi,cơm rang thập cẩm - pepsi,,65000,,True,befood_menu,2289261,,,offline
2289262,8200,Mì Bò nước - Pepsi,mì bò nước - pepsi,,65000,,True,befood_menu,2289262,,,offline
2289263,8200,Mì Xào - Pepsi,mì xào - pepsi,,65000,,True,befood_menu,2289263,,,offline
2289264,8200,Phở Xào - Pepsi,phở xào - pepsi,,65000,,True,befood_menu,2289264,,,offline
6148695,78300,Bánh cuốn chả quế,bánh cuốn chả quế,,43000,,True,befood_menu,6148695,,,offline
6148696,78300,Bánh cuốn chả thập cẩm (chả nướng+ chả quế ),bánh cuốn chả thập cẩm (chả nướng+ chả quế ),,65000,,True,befood_menu,6148696,,,offline
6148697,78300,Bánh cuốn chả nướng,bánh cuốn chả nướng,,53000,,True,befood_menu,6148697,,,offline
6148698,78300,Bánh cuốn trứng (không chả),bánh cuốn trứng (không chả),,20000,,True,befood_menu,6148698,,,offline
6151242,78300,"Bánh cuốn nhân thịt, mộc nhĩ ( không chả)","bánh cuốn nhân thịt, mộc nhĩ ( không chả)",,39000,,True,befood_menu,6151242,,,offline
6251939,78300,Bún chả thịt nướng,bún chả thịt nướng,,58000,,True,befood_menu,6251939,,,offline
6891855,78300,Bánh cuốn chay (chả quế),bánh cuốn chay (chả quế),,37000,,True,befood_menu,6891855,,,offline
6891856,78300,Bánh cuốn chay ( chả nướng),bánh cuốn chay ( chả nướng),,47000,,True,befood_menu,6891856,,,offline
6891857,78300,Bánh cuốn trứng (chả quế),bánh cuốn trứng (chả quế),,30000,,True,befood_menu,6891857,,,offline
2440750,20601,Bún chả - Coca,bún chả - coca,,65000,,True,befood_menu,2440750,,,offline
2440751,20601,Bánh cuốn thịt nướng - Coca,bánh cuốn thịt nướng - coca,,65000,,True,befood_menu,2440751,,,offline
2440752,20601,Bánh cuốn chả quế - Coca,bánh cuốn chả quế - coca,,60000,,True,befood_menu,2440752,,,offline
663177,20601,Bánh Cuốn Chả Quế,bánh cuốn chả quế,,40000,,True,befood_menu,663177,,,offline
663178,20601,Bánh Cuốn Thịt Nướng,bánh cuốn thịt nướng,,45000,,True,befood_menu,663178,,,offline
663181,20601,Gà ác Tần Thuốc Bắc,gà ác tần thuốc bắc,,85000,,True,befood_menu,663181,,,offline
663182,20601,Bún Chả,bún chả,,45000,,True,befood_menu,663182,,,offline
663183,20601,Mì Gà Ác Tần,mì gà ác tần,,95000,,True,befood_menu,663183,,,offline
314748,9568,Bún chả,bún chả,,49000,,True,befood_menu,314748,,,offline
314752,9568,Bánh cuốn chả nướng,bánh cuốn chả nướng,,49000,,True,befood_menu,314752,,,offline
314778,9568,Bánh cuốn nhân hành chả nướng,bánh cuốn nhân hành chả nướng,,48000,,True,befood_menu,314778,,,offline
314760,9568,Bánh cuốn không nhân chả nướng,bánh cuốn không nhân chả nướng,,47000,,True,befood_menu,314760,,,offline
314786,9568,Bánh cuốn chả quế,bánh cuốn chả quế,,40000,,True,befood_menu,314786,,,offline
314782,9568,Bánh cuôn nhân hành chả quế,bánh cuôn nhân hành chả quế,,40000,,True,befood_menu,314782,,,offline
314771,9568,Bánh cuốn chả nướng - chả quế,bánh cuốn chả nướng - chả quế,,60000,,True,befood_menu,314771,,,offline
314774,9568,Bánh cuốn không nhân chả nướng - chả quế,bánh cuốn không nhân chả nướng - chả quế,,58000,,True,befood_menu,314774,,,offline
314812,9568,Combo bánh cuốn nhân thịt chả quế - trứng,combo bánh cuốn nhân thịt chả quế - trứng,,61000,,True,befood_menu,314812,,,offline
314790,9568,Bánh cuốn nhân thịt không chả,bánh cuốn nhân thịt không chả,,32000,,True,befood_menu,314790,,,offline
314805,9568,Combo bánh cuốn chay chả nướng - trứng,combo bánh cuốn chay chả nướng - trứng,,59000,,True,befood_menu,314805,,,offline
314800,9568,Bánh cuốn nhân hành không chả,bánh cuốn nhân hành không chả,,32000,,True,befood_menu,314800,,,offline
314857,9568,Gà ác tần sâm,gà ác tần sâm,,81000,,True,befood_menu,314857,,,offline
441860,12952,Cơm Rang Trứng,cơm rang trứng,,30000,,True,befood_menu,441860,,,offline
441861,12952,Combo Cơm Rang Thập Cẩm - 01 Coca,combo cơm rang thập cẩm - 01 coca,,45000,,True,befood_menu,441861,,,offline
441862,12952,Cơm Rang Đùi Gà Xối Mắm,cơm rang đùi gà xối mắm,,60000,,True,befood_menu,441862,,,offline
441863,12952,Cơm Rang Thập Cẩm,cơm rang thập cẩm,,40000,,True,befood_menu,441863,,,offline
441864,12952,Cơm Rang Dưa Bò,cơm rang dưa bò,,60000,,True,befood_menu,441864,,,offline
441865,12952,Cơm Rang Cải Bò,cơm rang cải bò,,60000,,True,befood_menu,441865,,,offline
441866,12952,Cơm Rang Trứng,cơm rang trứng,,30000,,True,befood_menu,441866,,,offline
441867,12952,Cơm Tám Đùi Gà,cơm tám đùi gà,,60000,,True,befood_menu,441867,,,offline
441868,12952,Cơm Tám Thịt Kho Tàu Trứng Gà,cơm tám thịt kho tàu trứng gà,,55000,,True,befood_menu,441868,,,offline
441869,12952,Cơm Rang Thịt Kho Tàu Trứng Gà,cơm rang thịt kho tàu trứng gà,,55000,,True,befood_menu,441869,,,offline
441870,12952,Cơm Tám Cải Bò,cơm tám cải bò,,60000,,True,befood_menu,441870,,,offline
441871,12952,Cơm Tám Dưa Bò,cơm tám dưa bò,,60000,,True,befood_menu,441871,,,offline
441872,12952,Phở Xào,phở xào,,60000,,True,befood_menu,441872,,,offline
441874,12952,Phở Tái,phở tái,,50000,,True,befood_menu,441874,,,offline
441876,12952,Mỳ Xào,mỳ xào,,60000,,True,befood_menu,441876,,,offline
441881,12952,Phở Đặc Biệt,phở đặc biệt,,70000,,True,befood_menu,441881,,,offline
441882,12952,Phở Áp Chảo,phở áp chảo,,50000,,True,befood_menu,441882,,,offline
441883,12952,Phở Tái Lăn,phở tái lăn,,60000,,True,befood_menu,441883,,,offline
5397644,69613,Bánh cuốn chả quế,bánh cuốn chả quế,,44000,,True,befood_menu,5397644,,,offline
5397645,69613,Bánh cuốn chả nướng,bánh cuốn chả nướng,,55000,,True,befood_menu,5397645,,,offline
5397646,69613,Bánh cuốn trứng - chả quế,bánh cuốn trứng - chả quế,,35000,,True,befood_menu,5397646,,,offline
5397647,69613,Bánh cuốn không chả,bánh cuốn không chả,,35000,,True,befood_menu,5397647,,,offline
5397648,69613,Bún chả,bún chả,,55000,,True,befood_menu,5397648,,,offline
481739,14120,Cơm Rang Dưa Bò,cơm rang dưa bò,,50000,,True,befood_menu,481739,,,offline
481740,14120,Cơm Rang Thập Cẩm,cơm rang thập cẩm,,40000,,True,befood_menu,481740,,,offline
481741,14120,Cơm Rang Cải Bò,cơm rang cải bò,,50000,,True,befood_menu,481741,,,offline
481743,14120,Cơm Rang Trứng,cơm rang trứng,,40000,,True,befood_menu,481743,,,offline
1998443,14120,Cơm Rang Đùi Gà Xối Mắm,cơm rang đùi gà xối mắm,,55000,,True,befood_menu,1998443,,,offline
481744,14120,Phở Xào,phở xào,,55000,,True,befood_menu,481744,,,offline
481745,14120,Mỳ Xào,mỳ xào,,55000,,True,befood_menu,481745,,,offline
481746,14120,Phở Tái Chín,phở tái chín,,45000,,True,befood_menu,481746,,,offline
481747,14120,Phở Chín,phở chín,,45000,,True,befood_menu,481747,,,offline
481748,14120,Phở Tái Gầu,phở tái gầu,,50000,,True,befood_menu,481748,,,offline
481749,14120,Phở Tái,phở tái,,45000,,True,befood_menu,481749,,,offline
481751,14120,Phở Tái Lăn,phở tái lăn,,55000,,True,befood_menu,481751,,,offline
481753,14120,Phở Tái Nạm,phở tái nạm,,50000,,True,befood_menu,481753,,,offline
481754,14120,Phở Đặc Biệt,phở đặc biệt,,80000,,True,befood_menu,481754,,,offline
481758,14120,Phở Áp Chảo,phở áp chảo,,55000,,True,befood_menu,481758,,,offline
1998745,14120,Phở Xào Mềm,phở xào mềm,,55000,,True,befood_menu,1998745,,,offline
1998747,14120,Mì xào mềm,mì xào mềm,,55000,,True,befood_menu,1998747,,,offline
1702457,2282,Cơm rang dưa bò lẫn + Coca,cơm rang dưa bò lẫn + coca,,50000,,True,befood_menu,1702457,,,offline
1702460,2282,cơm rang thập cẩm + coca,cơm rang thập cẩm + coca,,45000,,True,befood_menu,1702460,,,offline
1702461,2282,cơm rang thập cẩm + coca,cơm rang thập cẩm + coca,,45000,,True,befood_menu,1702461,,,offline
1702462,2282,cơm rang thập cẩm + coca,cơm rang thập cẩm + coca,,45000,,True,befood_menu,1702462,,,offline
1702463,2282,cơm rang thập cẩm + coca,cơm rang thập cẩm + coca,,45000,,True,befood_menu,1702463,,,offline
1702464,2282,cơm rang thập cẩm + coca,cơm rang thập cẩm + coca,,45000,,True,befood_menu,1702464,,,offline
487363,2282,phở bò - coca,phở bò - coca,,50000,,True,befood_menu,487363,,,offline
487368,2282,Cơm rang dưa bò xào lẫn - coca,cơm rang dưa bò xào lẫn - coca,,55000,,True,befood_menu,487368,,,offline
487375,2282,cơm rag dưa bò xào lẫn - srite,cơm rag dưa bò xào lẫn - srite,,50000,,True,befood_menu,487375,,,offline
487383,2282,mỳ xào - coca,mỳ xào - coca,,55000,,True,befood_menu,487383,,,offline
487429,2282,cơm rang dưa bò - dasani,cơm rang dưa bò - dasani,,50000,,True,befood_menu,487429,,,offline
1053285,2282,Cơm rang đùi gà + coca,cơm rang đùi gà + coca,,70000,,True,befood_menu,1053285,,,offline
45587,2282,Cơm Rang Cải Bò Xào lẫn,cơm rang cải bò xào lẫn,,38000,,True,befood_menu,45587,,,offline
45593,2282,Cơm rang dưa bò xào lẫn,cơm rang dưa bò xào lẫn,,38000,,True,befood_menu,45593,,,offline
45596,2282,Cơm rang thập cẩm,cơm rang thập cẩm,,33000,,True,befood_menu,45596,,,offline
45598,2282,Phở tái chín,phở tái chín,,38000,,True,befood_menu,45598,,,offline
45601,2282,Cơm rang dưa bò xào riêng,cơm rang dưa bò xào riêng,,45000,,True,befood_menu,45601,,,offline
45603,2282,Phở xào bò,phở xào bò,,45000,,True,befood_menu,45603,,,offline
45606,2282,Phở bắp gầu,phở bắp gầu,,43000,,True,befood_menu,45606,,,offline
45608,2282,Phở chín,phở chín,,38000,,True,befood_menu,45608,,,offline
45610,2282,Mì xào bò,mì xào bò,,45000,,True,befood_menu,45610,,,offline
45615,2282,Cơm rang thập cẩm bò,cơm rang thập cẩm bò,,45000,,True,befood_menu,45615,,,offline
45618,2282,Phở xốt vang,phở xốt vang,,38000,,True,befood_menu,45618,,,offline
45622,2282,Phở tái,phở tái,,38000,,True,befood_menu,45622,,,offline
45630,2282,Cơm rang cải bò xào riêng,cơm rang cải bò xào riêng,,45000,,True,befood_menu,45630,,,offline
45632,2282,Phở Bắp nạm,phở bắp nạm,,40000,,True,befood_menu,45632,,,offline
45635,2282,Phở tái lăn,phở tái lăn,,43000,,True,befood_menu,45635,,,offline
45637,2282,Cơm rang xào giòn,cơm rang xào giòn,,48000,,True,befood_menu,45637,,,offline
45640,2282,Phở áp chảo,phở áp chảo,,45000,,True,befood_menu,45640,,,offline
45642,2282,Cơm rang xúc xích,cơm rang xúc xích,,38000,,True,befood_menu,45642,,,offline
1053280,2282,cơm rang đùi gà,cơm rang đùi gà,,55000,,True,befood_menu,1053280,,,offline
6029675,76776,Bánh cuốn nhân hành phi không chả,bánh cuốn nhân hành phi không chả,,29000,,True,befood_menu,6029675,,,offline
6029677,76776,Bánh cuốn nhân thịt chả nướng,bánh cuốn nhân thịt chả nướng,,49000,,True,befood_menu,6029677,,,offline
7110985,76776,bánh cuốn nhân thịt chả quế,bánh cuốn nhân thịt chả quế,,42000,,True,befood_menu,7110985,,,offline
7110986,76776,bánh cuốn nhân thịt chả lẫn,bánh cuốn nhân thịt chả lẫn,,57000,,True,befood_menu,7110986,,,offline
7110987,76776,bánh cuốn nhân hành phi chả nướng,bánh cuốn nhân hành phi chả nướng,,49000,,True,befood_menu,7110987,,,offline
7110988,76776,bánh cuốn nhân hành phi chả quế,bánh cuốn nhân hành phi chả quế,,42000,,True,befood_menu,7110988,,,offline
7110989,76776,bánh cuốn nhân thịt không chả,bánh cuốn nhân thịt không chả,,30000,,True,befood_menu,7110989,,,offline
7110990,76776,bánh cuốn nhân hành phi không chả,bánh cuốn nhân hành phi không chả,,28000,,True,befood_menu,7110990,,,offline
8388285,76776,bánh cuốn chay chả nướng,bánh cuốn chay chả nướng,,49000,,True,befood_menu,8388285,,,offline
8388287,76776,bánh cuốn chạy chả quế,bánh cuốn chạy chả quế,,41000,,True,befood_menu,8388287,,,offline
8388292,76776,bánh cuốn chạy chả lẫn,bánh cuốn chạy chả lẫn,,59000,,True,befood_menu,8388292,,,offline
8388300,76776,bánh cuốn chay không chả,bánh cuốn chay không chả,,28000,,True,befood_menu,8388300,,,offline
6029676,76776,Bún chả,bún chả,,49000,,True,befood_menu,6029676,,,offline
8184948,102812,Bánh cuốn thịt,bánh cuốn thịt,,47000,,True,befood_menu,8184948,,,offline
8184947,102812,Bánh cuốn tôm thịt,bánh cuốn tôm thịt,,55000,,True,befood_menu,8184947,,,offline
8184953,102812,Bánh cuốn tôm,bánh cuốn tôm,,67000,,True,befood_menu,8184953,,,offline
8184950,102812,Bánh cuốn Thanh Trì,bánh cuốn thanh trì,,47000,,True,befood_menu,8184950,,,offline
8184949,102812,Bánh trứng nhân thịt,bánh trứng nhân thịt,,22000,,True,befood_menu,8184949,,,offline
8184952,102812,Bánh trứng nhân tôm thịt,bánh trứng nhân tôm thịt,,27000,,True,befood_menu,8184952,,,offline
8184955,102812,Bánh trứng nhân tôm,bánh trứng nhân tôm,,27000,,True,befood_menu,8184955,,,offline
8184956,102812,Bún chả,bún chả,,55000,,True,befood_menu,8184956,,,offline
11782355,130643,Combo 2 gà giòn + 1 Coca,combo 2 gà giòn + 1 coca,,80000,,True,befood_menu,11782355,,,offline
11616984,130643,Mỳ cay hải sản,mỳ cay hải sản,,70000,,True,befood_menu,11616984,,,offline
11616985,130643,Mỳ cay bò,mỳ cay bò,,70000,,True,befood_menu,11616985,,,offline
11616986,130643,Mỳ cay xúc xích,mỳ cay xúc xích,,55000,,True,befood_menu,11616986,,,offline
11616987,130643,Mỳ cay thập cẩm,mỳ cay thập cẩm,,75000,,True,befood_menu,11616987,,,offline
11616990,130643,1 gà giòn + 1 mỳ ý + 1 khoai + 1 Coca,1 gà giòn + 1 mỳ ý + 1 khoai + 1 coca,,115000,,True,befood_menu,11616990,,,offline
11616991,130643,1 gà giòn + 1 mỳ ý + 1 Coca,1 gà giòn + 1 mỳ ý + 1 coca,,87000,,True,befood_menu,11616991,,,offline
11616992,130643,Mỳ Ý sốt bò bằm,mỳ ý sốt bò bằm,,45000,,True,befood_menu,11616992,,,offline
11616995,130643,Combo 1,combo 1,,125000,,True,befood_menu,11616995,,,offline
11698504,130643,Cơm ngon mỗi ngày 1 vị + Đồ uống,cơm ngon mỗi ngày 1 vị + đồ uống,,65000,,True,befood_menu,11698504,,,offline
11698168,130643,Cơm gà sốt cay ngọt ( Best seller),cơm gà sốt cay ngọt ( best seller),,57000,,True,befood_menu,11698168,,,offline
11698359,130643,Cơm gà chọn sốt,cơm gà chọn sốt,,57000,,True,befood_menu,11698359,,,offline
11698368,130643,Cơm gà góc tư,cơm gà góc tư,,78000,,True,befood_menu,11698368,,,offline
11698530,130643,3 gà giòn giòn,3 gà giòn giòn,,99000,,True,befood_menu,11698530,,,offline
11698544,130643,6 gà giòn + tặng 2 coca,6 gà giòn + tặng 2 coca,,198000,,True,befood_menu,11698544,,,offline
11698566,130643,2 gà giòn + 2 mỳ ý + 1 khoai + 2coca,2 gà giòn + 2 mỳ ý + 1 khoai + 2coca,,190000,,True,befood_menu,11698566,,,offline
11698580,130643,4 gà giòn + 1 khoai + 2coca,4 gà giòn + 1 khoai + 2coca,,175000,,True,befood_menu,11698580,,,offline
11699631,130643,Cơm gà góc tư chọn sốt,cơm gà góc tư chọn sốt,,78000,,True,befood_menu,11699631,,,offline
11699285,130643,Cơm gà sốt cay ngọt,cơm gà sốt cay ngọt,,57000,,True,befood_menu,11699285,,,offline
11699297,130643,Cơm gà sốt cay nóng,cơm gà sốt cay nóng,,57000,,True,befood_menu,11699297,,,offline
11699329,130643,Cơm gà sốt BBQ,cơm gà sốt bbq,,57000,,True,befood_menu,11699329,,,offline
11699313,130643,Cơm gà sốt mắm tỏi,cơm gà sốt mắm tỏi,,57000,,True,befood_menu,11699313,,,offline
11699344,130643,Cơm gà sốt mật ong,cơm gà sốt mật ong,,57000,,True,befood_menu,11699344,,,offline
11699581,130643,Cơm gà xiên que,cơm gà xiên que,,57000,,True,befood_menu,11699581,,,offline
11699699,130643,Gà giòn giòn,gà giòn giòn,,35000,,True,befood_menu,11699699,,,offline
11699711,130643,Gà góc tư truyền thống,gà góc tư truyền thống,,60000,,True,befood_menu,11699711,,,offline
11699728,130643,1 gà giòn + 1 khoai + 1 coca,1 gà giòn + 1 khoai + 1 coca,,72000,,True,befood_menu,11699728,,,offline
11699744,130643,2 gà giòn + 1 khoai + 1 coca,2 gà giòn + 1 khoai + 1 coca,,105000,,True,befood_menu,11699744,,,offline
11699766,130643,1 gà sốt + 1 khoai tây + 1 coca,1 gà sốt + 1 khoai tây + 1 coca,,78000,,True,befood_menu,11699766,,,offline
11699780,130643,2 gà sốt + 1 khoai tây + 1 coca,2 gà sốt + 1 khoai tây + 1 coca,,115000,,True,befood_menu,11699780,,,offline
11699798,130643,2 gà sốt + 2 coca,2 gà sốt + 2 coca,,85000,,True,befood_menu,11699798,,,offline
11699812,130643,Gà Góc tư sốt,gà góc tư sốt,,65000,,True,befood_menu,11699812,,,offline
11699825,130643,Gà sốt,gà sốt,,40000,,True,befood_menu,11699825,,,offline
3956361,8432,Cơm gà chiên mắm + coca,cơm gà chiên mắm + coca,,52000,,True,befood_menu,3956361,,,offline
3956364,8432,Cơm gà sốt chua ngọt + coca,cơm gà sốt chua ngọt + coca,,52000,,True,befood_menu,3956364,,,offline
3956365,8432,Cơm thịt bằm đậu sốt cà chua + coca,cơm thịt bằm đậu sốt cà chua + coca,,50000,,True,befood_menu,3956365,,,offline
3956367,8432,Cơm sườn chua ngọt + coca,cơm sườn chua ngọt + coca,,52000,,True,befood_menu,3956367,,,offline
9664908,8432,Cơm gà chiên mắm,cơm gà chiên mắm,,41000,,True,befood_menu,9664908,,,offline
9664969,8432,Cơm tôm rang lá chanh,cơm tôm rang lá chanh,,41000,,True,befood_menu,9664969,,,offline
9664970,8432,"Cơm thịt băm, đậu sốt cà chua","cơm thịt băm, đậu sốt cà chua",,41000,,True,befood_menu,9664970,,,offline
9664971,8432,Cơm thịt kho nước cốt dừa,cơm thịt kho nước cốt dừa,,41000,,True,befood_menu,9664971,,,offline
9664972,8432,Cơm thịt bê xào sả ớt,cơm thịt bê xào sả ớt,,41000,,True,befood_menu,9664972,,,offline
9664973,8432,Cơm gà xào nấm,cơm gà xào nấm,,41000,,True,befood_menu,9664973,,,offline
9664975,8432,Cơm thịt chưng mắm tép phú quốc,cơm thịt chưng mắm tép phú quốc,,41000,,True,befood_menu,9664975,,,offline
9664976,8432,Cơm gà xào sả ớt,cơm gà xào sả ớt,,41000,,True,befood_menu,9664976,,,offline
9664978,8432,Cơm sườn sốt chua ngọt,cơm sườn sốt chua ngọt,,42000,,True,befood_menu,9664978,,,offline
9664979,8432,Cơm gà sốt chua ngọt,cơm gà sốt chua ngọt,,41000,,True,befood_menu,9664979,,,offline
9664980,8432,Cơm cá biển sốt ngọt,cơm cá biển sốt ngọt,,41000,,True,befood_menu,9664980,,,offline
9664981,8432,Cơm thịt xào cần tỏi,cơm thịt xào cần tỏi,,41000,,True,befood_menu,9664981,,,offline
9664982,8432,Cơm thịt rang cháy cạnh thêm miếng gà chiên mắm,cơm thịt rang cháy cạnh thêm miếng gà chiên mắm,,52000,,True,befood_menu,9664982,,,offline
9664983,8432,Cơm thịt rang cháy cạnh,cơm thịt rang cháy cạnh,,41000,,True,befood_menu,9664983,,,offline
9664984,8432,Cơm sườn sốt chua ngọt thêm miếng gà chiên mắm,cơm sườn sốt chua ngọt thêm miếng gà chiên mắm,,53000,,True,befood_menu,9664984,,,offline
9664985,8432,Cơm thịt kho nước cốt dừa vs 1 chai cocacola,cơm thịt kho nước cốt dừa vs 1 chai cocacola,,52000,,True,befood_menu,9664985,,,offline
8718881,106675,Cơm đảo thịt heo kho,cơm đảo thịt heo kho,,54000,,True,befood_menu,8718881,,,offline
8718882,106675,Cơm đảo gà rán,cơm đảo gà rán,,54000,,True,befood_menu,8718882,,,offline
8718891,106675,Cơm đảo bò kho,cơm đảo bò kho,,54000,,True,befood_menu,8718891,,,offline
8139375,102294,Cơm sườn xào chua ngọt,cơm sườn xào chua ngọt,,45000,,True,befood_menu,8139375,,,offline
8139377,102294,Cơm thịt rang cháy cạnh,cơm thịt rang cháy cạnh,,45000,,True,befood_menu,8139377,,,offline
8139378,102294,Cơm thịt kho trứng,cơm thịt kho trứng,,45000,,True,befood_menu,8139378,,,offline
8139379,102294,Cơm cá trắm kho riềng,cơm cá trắm kho riềng,,45000,,True,befood_menu,8139379,,,offline
8139380,102294,Cơm thịt quay,cơm thịt quay,,50000,,True,befood_menu,8139380,,,offline
8139381,102294,Cơm thịt chân giò luộc,cơm thịt chân giò luộc,,50000,,True,befood_menu,8139381,,,offline
8139382,102294,Cơm gà xào xả ớt,cơm gà xào xả ớt,,45000,,True,befood_menu,8139382,,,offline
8139383,102294,Cơm gà rang lá chanh,cơm gà rang lá chanh,,45000,,True,befood_menu,8139383,,,offline
8139384,102294,Cơm tôm rim,cơm tôm rim,,45000,,True,befood_menu,8139384,,,offline
8139385,102294,Cơm thịt viên xíu mại,cơm thịt viên xíu mại,,45000,,True,befood_menu,8139385,,,offline
8139386,102294,Cơm bò kho gừng,cơm bò kho gừng,,50000,,True,befood_menu,8139386,,,offline
8139387,102294,Cơm chả lá lốt,cơm chả lá lốt,,45000,,True,befood_menu,8139387,,,offline
8139388,102294,Cơm thịt kho dừa,cơm thịt kho dừa,,45000,,True,befood_menu,8139388,,,offline
8139389,102294,Cơm gà xào nấm,cơm gà xào nấm,,45000,,True,befood_menu,8139389,,,offline
8139393,102294,Cơm đùi gà chua ngọt,cơm đùi gà chua ngọt,,45000,,True,befood_menu,8139393,,,offline
8139396,102294,Cơm gà rán,cơm gà rán,,45000,,True,befood_menu,8139396,,,offline
8139397,102294,Cá nục kho sả ớt - nửa kg,cá nục kho sả ớt - nửa kg,,100000,,True,befood_menu,8139397,,,offline
8139398,102294,Cá trắm kho riềng - nửa kg,cá trắm kho riềng - nửa kg,,110000,,True,befood_menu,8139398,,,offline
5362942,15897,Bún vịt quay BK trộn sốt XO,bún vịt quay bk trộn sốt xo,,75000,,True,befood_menu,5362942,,,offline
5362945,15897,Xôi vịt quay nhiều thịt,xôi vịt quay nhiều thịt,,75000,,True,befood_menu,5362945,,,offline
5362946,15897,Vịt quay nửa con - Nhỏ,vịt quay nửa con - nhỏ,,198000,,True,befood_menu,5362946,,,offline
5362947,15897,Vịt quay nửa con - To,vịt quay nửa con - to,,219000,,True,befood_menu,5362947,,,offline
5362948,15897,Vịt quay cả con - Nhỏ,vịt quay cả con - nhỏ,,396000,,True,befood_menu,5362948,,,offline
5362949,15897,Vịt quay cả con - To,vịt quay cả con - to,,438000,,True,befood_menu,5362949,,,offline
5362950,15897,Vịt quay Bắc Kinh chuẩn vị,vịt quay bắc kinh chuẩn vị,,405000,,True,befood_menu,5362950,,,offline
5362953,15897,Vịt om dừa - bún,vịt om dừa - bún,,255000,,True,befood_menu,5362953,,,offline
5362954,15897,Vịt om bja + bún,vịt om bja + bún,,255000,,True,befood_menu,5362954,,,offline
5362955,15897,Mẹt bánh tráng cuốn vịt nướng,mẹt bánh tráng cuốn vịt nướng,,330000,,True,befood_menu,5362955,,,offline
5362956,15897,Vịt hấp,vịt hấp,,195000,,True,befood_menu,5362956,,,offline
5362957,15897,Vịt hấp sốt nấm,vịt hấp sốt nấm,,206000,,True,befood_menu,5362957,,,offline
5362958,15897,Vịt trộn kiểu Thái,vịt trộn kiểu thái,,195000,,True,befood_menu,5362958,,,offline
5362959,15897,Vịt rút xương áp chảo cháy tỏi,vịt rút xương áp chảo cháy tỏi,,230000,,True,befood_menu,5362959,,,offline
5362960,15897,Vịt quay Bắc Kinh rút xương thiết bản,vịt quay bắc kinh rút xương thiết bản,,230000,,True,befood_menu,5362960,,,offline
5362961,15897,Vịt rang muối,vịt rang muối,,230000,,True,befood_menu,5362961,,,offline
5362962,15897,Cánh vịt rang muối,cánh vịt rang muối,,125000,,True,befood_menu,5362962,,,offline
5362963,15897,Vịt cay thiết bản,vịt cay thiết bản,,230000,,True,befood_menu,5362963,,,offline
5362964,15897,Cánh vịt cay thiết bản,cánh vịt cay thiết bản,,125000,,True,befood_menu,5362964,,,offline
5362965,15897,Chả vịt thiết bản,chả vịt thiết bản,,195000,,True,befood_menu,5362965,,,offline
5362966,15897,Gà ri nướng dân tộc,gà ri nướng dân tộc,,350000,,True,befood_menu,5362966,,,offline
5362968,15897,Ba chỉ heo nướng Hồng Kông,ba chỉ heo nướng hồng kông,,140000,,True,befood_menu,5362968,,,offline
5362969,15897,Thịt xá xíu Hồng Kông,thịt xá xíu hồng kông,,140000,,True,befood_menu,5362969,,,offline
5362970,15897,Dồi sụn cuống họng nướng,dồi sụn cuống họng nướng,,140000,,True,befood_menu,5362970,,,offline
5362971,15897,Chim cút nướng,chim cút nướng,,79000,,True,befood_menu,5362971,,,offline
5362973,15897,Lòng mề xào dứa,lòng mề xào dứa,,90000,,True,befood_menu,5362973,,,offline
5362974,15897,Lưỡi vịt chiên nhỏ,lưỡi vịt chiên nhỏ,,105000,,True,befood_menu,5362974,,,offline
5362975,15897,Lưỡi vịt chiên to,lưỡi vịt chiên to,,165000,,True,befood_menu,5362975,,,offline
5362976,15897,Chân vịt rút xương trộn măng cay,chân vịt rút xương trộn măng cay,,150000,,True,befood_menu,5362976,,,offline
5362978,15897,Chân gà rút xương muối,chân gà rút xương muối,,95000,,True,befood_menu,5362978,,,offline
5362980,15897,Chân vịt rút xương muối,chân vịt rút xương muối,,90000,,True,befood_menu,5362980,,,offline
5362981,15897,Nộm vịt quay - Nhỏ,nộm vịt quay - nhỏ,,75000,,True,befood_menu,5362981,,,offline
5362982,15897,Nộm vịt quay - To,nộm vịt quay - to,,116000,,True,befood_menu,5362982,,,offline
5362983,15897,Nấm đùi gà xào thiết bản,nấm đùi gà xào thiết bản,,116000,,True,befood_menu,5362983,,,offline
5362984,15897,Rau muống xào,rau muống xào,,75000,,True,befood_menu,5362984,,,offline
5362987,15897,Cơm rang vịt,cơm rang vịt,,116000,,True,befood_menu,5362987,,,offline
5362990,15897,Lẩu vịt om sấu,lẩu vịt om sấu,,390000,,True,befood_menu,5362990,,,offline
5362991,15897,Lẩu vịt om măng,lẩu vịt om măng,,390000,,True,befood_menu,5362991,,,offline
8325428,15897,Mua 1 tặng 1 dành cho 2-3 người,mua 1 tặng 1 dành cho 2-3 người,,405000,,True,befood_menu,8325428,,,offline
11299293,15897,Combo no nê - vịt quay nửa con nhỏ - canh măng - bún,combo no nê - vịt quay nửa con nhỏ - canh măng - bún,,265000,,True,befood_menu,11299293,,,offline
11678983,130509,Cơm ngon mỗi ngày 1 vị + Đồ uống,cơm ngon mỗi ngày 1 vị + đồ uống,,65000,,True,befood_menu,11678983,,,offline
11601605,130509,3 gà giòn,3 gà giòn,,99000,,True,befood_menu,11601605,,,offline
11601585,130509,Cơm gà sốt phô mai,cơm gà sốt phô mai,,57000,,True,befood_menu,11601585,,,offline
11601586,130509,Cơm gà sốt BBQ,cơm gà sốt bbq,,57000,,True,befood_menu,11601586,,,offline
11601587,130509,Cơm gà sốt kiểu Ý,cơm gà sốt kiểu ý,,57000,,True,befood_menu,11601587,,,offline
11601591,130509,Cơm gà góc tư,cơm gà góc tư,,80000,,True,befood_menu,11601591,,,offline
11601613,130509,Cơm gà xiên que,cơm gà xiên que,,57000,,True,befood_menu,11601613,,,offline
11678975,130509,Cơm gà sốt mắm tỏi,cơm gà sốt mắm tỏi,,57000,,True,befood_menu,11678975,,,offline
11678976,130509,Cơm gà sốt mật ong,cơm gà sốt mật ong,,57000,,True,befood_menu,11678976,,,offline
11678977,130509,Cơm gà sốt cay nóng,cơm gà sốt cay nóng,,57000,,True,befood_menu,11678977,,,offline
11678978,130509,Cơm gà sốt cay ngọt ( Best seller),cơm gà sốt cay ngọt ( best seller),,57000,,True,befood_menu,11678978,,,offline
11737681,130509,Cơm gà viên sốt,cơm gà viên sốt,,57000,,True,befood_menu,11737681,,,offline
11601590,130509,2 gà giòn + 1 khoai tây + 1 coca,2 gà giòn + 1 khoai tây + 1 coca,,105000,,True,befood_menu,11601590,,,offline
11601593,130509,1 gà giòn + 1 khoai tây + 1 coca,1 gà giòn + 1 khoai tây + 1 coca,,72000,,True,befood_menu,11601593,,,offline
11601597,130509,Gà xiên que - 3 xiên,gà xiên que - 3 xiên,,35000,,True,befood_menu,11601597,,,offline
11601600,130509,Gà góc tư truyền thống,gà góc tư truyền thống,,60000,,True,befood_menu,11601600,,,offline
11601610,130509,Gà giòn giòn,gà giòn giòn,,35000,,True,befood_menu,11601610,,,offline
11737683,130509,Gà viên lắc phô mai,gà viên lắc phô mai,,35000,,True,befood_menu,11737683,,,offline
11601607,130509,1 gà sốt + 1 khoai tây + 1 coca,1 gà sốt + 1 khoai tây + 1 coca,,72000,,True,befood_menu,11601607,,,offline
11601608,130509,2 gà sốt + 1 khoai tây + 1 coca,2 gà sốt + 1 khoai tây + 1 coca,,115000,,True,befood_menu,11601608,,,offline
11601609,130509,2 gà sốt + 1 coca,2 gà sốt + 1 coca,,85000,,True,befood_menu,11601609,,,offline
11601611,130509,Gà góc tư sốt ( chọn 7 loại sốt),gà góc tư sốt ( chọn 7 loại sốt),,65000,,True,befood_menu,11601611,,,offline
11601612,130509,Gà sốt ( chọn 7 loại sốt),gà sốt ( chọn 7 loại sốt),,40000,,True,befood_menu,11601612,,,offline
11601594,130509,Mỳ Ý sốt bò bằm xúc xích,mỳ ý sốt bò bằm xúc xích,,45000,,True,befood_menu,11601594,,,offline
11601595,130509,1 gà giòn + 1 mỳ ý + 1 khoai tây + 1 coca,1 gà giòn + 1 mỳ ý + 1 khoai tây + 1 coca,,115000,,True,befood_menu,11601595,,,offline
11601596,130509,1 gà giòn + 1 mỳ ý + 1 coca,1 gà giòn + 1 mỳ ý + 1 coca,,87000,,True,befood_menu,11601596,,,offline
11737699,130509,Piza nhồi size 15,piza nhồi size 15,,75000,,True,befood_menu,11737699,,,offline
12186568,135845,Set 5 gỏi cuốn bò,set 5 gỏi cuốn bò,,70000,,True,befood_menu,12186568,,,offline
12186569,135845,Set 5 gỏi cuốn mix vị,set 5 gỏi cuốn mix vị,,72000,,True,befood_menu,12186569,,,offline
12186570,135845,Set 5 gỏi cuốn thập cẩm,set 5 gỏi cuốn thập cẩm,,60000,,True,befood_menu,12186570,,,offline
12186571,135845,Set 5 gỏi cuốn thịt heo,set 5 gỏi cuốn thịt heo,,68000,,True,befood_menu,12186571,,,offline
12186572,135845,Set 5 gỏi cuốn tôm,set 5 gỏi cuốn tôm,,85000,,True,befood_menu,12186572,,,offline
12186573,135845,Set 5 gỏi cuốn tôm thịt,set 5 gỏi cuốn tôm thịt,,80000,,True,befood_menu,12186573,,,offline
12186574,135845,Bún trộn bò Nam Bộ,bún trộn bò nam bộ,,54000,,True,befood_menu,12186574,,,offline
12186575,135845,Bún trộn nem nướng,bún trộn nem nướng,,54000,,True,befood_menu,12186575,,,offline
12186576,135845,Bún trộn xúc xích,bún trộn xúc xích,,45000,,True,befood_menu,12186576,,,offline
12186565,135845,Phở cuốn bò,phở cuốn bò,,52000,,True,befood_menu,12186565,,,offline
12186566,135845,Phở cuốn nem nướng,phở cuốn nem nướng,,52000,,True,befood_menu,12186566,,,offline
12186567,135845,Phở cuốn truyền thống,phở cuốn truyền thống,,52000,,True,befood_menu,12186567,,,offline
2681303,39262,Bún măng sườn mọc,bún măng sườn mọc,,40000,,True,befood_menu,2681303,,,offline
2681304,39262,Miến gà,miến gà,,40000,,True,befood_menu,2681304,,,offline
2681305,39262,Phở gà,phở gà,,40000,,True,befood_menu,2681305,,,offline
2681306,39262,Miến gà trộn,miến gà trộn,,45000,,True,befood_menu,2681306,,,offline
2681307,39262,Phở gà trộn thường,phở gà trộn thường,,40000,,True,befood_menu,2681307,,,offline
2681308,39262,Phở gà trộn đùi,phở gà trộn đùi,,40000,,True,befood_menu,2681308,,,offline
589529,17700,Bún chả Viên,bún chả viên,,35000,,True,befood_menu,589529,,,offline
589534,17700,Bún Chả Thịt Nướng,bún chả thịt nướng,,35000,,True,befood_menu,589534,,,offline
589535,17700,Bún Chả Nem Rán,bún chả nem rán,,35000,,True,befood_menu,589535,,,offline
589532,17700,Bún Chả Lẫn +Nem Rán +Coca,bún chả lẫn +nem rán +coca,,45000,,True,befood_menu,589532,,,offline
589533,17700,Bún Chả Viên +Coca-cola,bún chả viên +coca-cola,,40000,,True,befood_menu,589533,,,offline
589536,17700,Bún Chả Lẫn +Nem + Fanta,bún chả lẫn +nem + fanta,,45000,,True,befood_menu,589536,,,offline
589537,17700,Bún Chả Viên +Fanta,bún chả viên +fanta,,40000,,True,befood_menu,589537,,,offline
589538,17700,Bún Chả Viên +Sprite Chai,bún chả viên +sprite chai,,40000,,True,befood_menu,589538,,,offline
589543,17700,Bánh Cuốn Tráng + Chả Quế,bánh cuốn tráng + chả quế,,25000,,True,befood_menu,589543,,,offline
6004218,17700,Tào phớ thạch chân châu,tào phớ thạch chân châu,,15000,,True,befood_menu,6004218,,,offline
7763413,98870,Phở tái,phở tái,,50000,,True,befood_menu,7763413,,,offline
7763414,98870,Phở chín,phở chín,,59000,,True,befood_menu,7763414,,,offline
7763415,98870,Phở tái gầu,phở tái gầu,,59000,,True,befood_menu,7763415,,,offline
7763416,98870,Phở tái chín,phở tái chín,,59000,,True,befood_menu,7763416,,,offline
7763417,98870,Phở bắp,phở bắp,,50000,,True,befood_menu,7763417,,,offline
7777615,98870,Phở Bắp Gầu,phở bắp gầu,,59000,,True,befood_menu,7777615,,,offline
7777737,98870,Phở Tái Lắn,phở tái lắn,,50000,,True,befood_menu,7777737,,,offline
7777738,98870,Phở Gầu,phở gầu,,59000,,True,befood_menu,7777738,,,offline
7777739,98870,Phở Đặc Biệt,phở đặc biệt,,70000,,True,befood_menu,7777739,,,offline
7804816,98870,Cơm Rang Dưa Bò,cơm rang dưa bò,,50000,,True,befood_menu,7804816,,,offline
7804817,98870,Cơm Rang Cải Bò,cơm rang cải bò,,50000,,True,befood_menu,7804817,,,offline
7804818,98870,Cơm Rang Thập Cẩm,cơm rang thập cẩm,,45000,,True,befood_menu,7804818,,,offline
7804819,98870,Cơm Rang Trứng ốp,cơm rang trứng ốp,,40000,,True,befood_menu,7804819,,,offline
9152024,98870,Cơm rang đùi gà sốt mắm,cơm rang đùi gà sốt mắm,,59000,,True,befood_menu,9152024,,,offline
7804821,98870,Mỳ Xào Cải Bỏ,mỳ xào cải bỏ,,50000,,True,befood_menu,7804821,,,offline
7804822,98870,Phở Xào Cải Bò,phở xào cải bò,,50000,,True,befood_menu,7804822,,,offline
3931511,55835,Cơm thịt xá xíu,cơm thịt xá xíu,,62000,,True,befood_menu,3931511,,,offline
3931512,55835,Cơm gà rán ngũ vị,cơm gà rán ngũ vị,,63000,,True,befood_menu,3931512,,,offline
3931513,55835,Cơm gà nướng mật ong,cơm gà nướng mật ong,,63000,,True,befood_menu,3931513,,,offline
4283039,55835,Cơm gà xào nấm,cơm gà xào nấm,,62000,,True,befood_menu,4283039,,,offline
6945265,88436,Bún chả,bún chả,,48000,,True,befood_menu,6945265,,,offline
6945266,88436,Bún chả suất nhiều thịt,bún chả suất nhiều thịt,,55000,,True,befood_menu,6945266,,,offline
6945269,88436,Thit nướng 2 suất nhiều thịt,thit nướng 2 suất nhiều thịt,,100000,,True,befood_menu,6945269,,,offline
6945270,88436,Bún chả băm,bún chả băm,,48000,,True,befood_menu,6945270,,,offline
6945271,88436,Thịt nướng 1 lạng,thịt nướng 1 lạng,,43000,,True,befood_menu,6945271,,,offline
6945273,88436,Bún chả miếng,bún chả miếng,,48000,,True,befood_menu,6945273,,,offline
6945274,88436,Chả băm,chả băm,,43000,,True,befood_menu,6945274,,,offline
6945276,88436,Bún chả lẫn,bún chả lẫn,,48000,,True,befood_menu,6945276,,,offline
9017441,88436,bánh cuốn phủ lý,bánh cuốn phủ lý,,48000,,True,befood_menu,9017441,,,offline
5345960,69293,Phở gà,phở gà,,55000,,True,befood_menu,5345960,,,offline
5345961,69293,Phở bò,phở bò,,55000,,True,befood_menu,5345961,,,offline
5345962,69293,Phở ngan,phở ngan,,55000,,True,befood_menu,5345962,,,offline
5345963,69293,"Phở lòng mề, trứng non","phở lòng mề, trứng non",,65000,,True,befood_menu,5345963,,,offline
5345964,69293,Phở bò áp chảo,phở bò áp chảo,,65000,,True,befood_menu,5345964,,,offline
5345965,69293,Phở trộn,phở trộn,,55000,,True,befood_menu,5345965,,,offline
343207,10307,Cơm rang thập cẩm,cơm rang thập cẩm,,38000,,True,befood_menu,343207,,,offline
343208,10307,Mì xào + 1 chai Pepsi,mì xào + 1 chai pepsi,,70000,,True,befood_menu,343208,,,offline
343209,10307,Phở xào,phở xào,,60000,,True,befood_menu,343209,,,offline
343210,10307,Phở tái,phở tái,,45000,,True,befood_menu,343210,,,offline
343212,10307,Phở tái lăn,phở tái lăn,,55000,,True,befood_menu,343212,,,offline
343215,10307,Phở áp chảo,phở áp chảo,,55000,,True,befood_menu,343215,,,offline
343217,10307,Cơm gà xối mắm,cơm gà xối mắm,,65000,,True,befood_menu,343217,,,offline
343218,10307,Cơm rang đùi gà rán không có sốt,cơm rang đùi gà rán không có sốt,,60000,,True,befood_menu,343218,,,offline
343219,10307,Cơm rang dưa bò,cơm rang dưa bò,,76000,,True,befood_menu,343219,,,offline
343220,10307,Cơm rang thập cẩm,cơm rang thập cẩm,,42000,,True,befood_menu,343220,,,offline
343221,10307,Cơm rang trứng,cơm rang trứng,,30000,,True,befood_menu,343221,,,offline
343223,10307,Đùi gà thêm,đùi gà thêm,,40000,,True,befood_menu,343223,,,offline
343224,10307,Combo cơm gà xối mắm - pepsi,combo cơm gà xối mắm - pepsi,,70000,,True,befood_menu,343224,,,offline
343225,10307,Cơm Rang Trứng,cơm rang trứng,,25000,,True,befood_menu,343225,,,offline
343226,10307,Cơm rang thêm,cơm rang thêm,,20000,,True,befood_menu,343226,,,offline
343228,10307,Combo cơm rang dưa bò - pepsi,combo cơm rang dưa bò - pepsi,,70000,,True,befood_menu,343228,,,offline
3430074,49400,Bánh Cuốn Nóng Chả Nướng,bánh cuốn nóng chả nướng,,40000,,True,befood_menu,3430074,,,offline
3430075,49400,Bún Chả,bún chả,,40000,,True,befood_menu,3430075,,,offline
6997349,88782,Cơm gà sốt cay ngọt,cơm gà sốt cay ngọt,,55000,,True,befood_menu,6997349,,,offline
6997350,88782,Cơm gà sốt cay nóng,cơm gà sốt cay nóng,,55000,,True,befood_menu,6997350,,,offline
6997352,88782,Cơm gà sốt mật ong,cơm gà sốt mật ong,,55000,,True,befood_menu,6997352,,,offline
6997356,88782,Cơm gà sốt mắm tỏi,cơm gà sốt mắm tỏi,,55000,,True,befood_menu,6997356,,,offline
6997358,88782,Cơm gà sốt BBQ,cơm gà sốt bbq,,55000,,True,befood_menu,6997358,,,offline
6997359,88782,Cơm gà sốt kiểu Ý,cơm gà sốt kiểu ý,,55000,,True,befood_menu,6997359,,,offline
6997360,88782,Cơm gà xiên que,cơm gà xiên que,,55000,,True,befood_menu,6997360,,,offline
6997364,88782,Gà xiên que ( 3 xiên ),gà xiên que ( 3 xiên ),,40000,,True,befood_menu,6997364,,,offline
6997368,88782,Gà sốt cay ngọt,gà sốt cay ngọt,,45000,,True,befood_menu,6997368,,,offline
6997369,88782,Gà sốt cay nóng,gà sốt cay nóng,,45000,,True,befood_menu,6997369,,,offline
6997370,88782,Gà sốt mật ong,gà sốt mật ong,,45000,,True,befood_menu,6997370,,,offline
6997371,88782,Gà sốt kiểu Ý,gà sốt kiểu ý,,45000,,True,befood_menu,6997371,,,offline
8477155,88782,Gà sốt mắm tỏi,gà sốt mắm tỏi,,45000,,True,befood_menu,8477155,,,offline
8477175,88782,Gà sốt BBQ,gà sốt bbq,,45000,,True,befood_menu,8477175,,,offline
4507195,61570,Nem rán,nem rán,,15000,,True,befood_menu,4507195,,,offline
4507199,61570,Thêm bún,thêm bún,,10000,,True,befood_menu,4507199,,,offline
6272142,61570,Bún đậu mẹt,bún đậu mẹt,,54000,,True,befood_menu,6272142,,,offline
10657644,61570,Dasani,dasani,,12000,,True,befood_menu,10657644,,,offline
10570424,123151,Mỳ Quảng tôm gà,mỳ quảng tôm gà,,70000,,True,befood_menu,10570424,,,offline
10570425,123151,Mỳ Quảng tôm lợn,mỳ quảng tôm lợn,,60000,,True,befood_menu,10570425,,,offline
10570426,123151,Mỳ Quảng thập cẩm,mỳ quảng thập cẩm,,66000,,True,befood_menu,10570426,,,offline
10570427,123151,Cơm đùi gà (Cơm Trắng),cơm đùi gà (cơm trắng),,55000,,True,befood_menu,10570427,,,offline
10570428,123151,Cơm đùi gà (Cơm chiên trứng),cơm đùi gà (cơm chiên trứng),,66000,,True,befood_menu,10570428,,,offline
10570429,123151,Cơm đùi gà (Cơm đỏ chiên tỏi),cơm đùi gà (cơm đỏ chiên tỏi),,66000,,True,befood_menu,10570429,,,offline
10571165,123151,Combo Cơm Đùi Gà Tự Chọn + Nước Tự Chọn,combo cơm đùi gà tự chọn + nước tự chọn,,66000,,True,befood_menu,10571165,,,offline
10571180,123151,Combo Mỳ Quảng Tôm Lợn + Nước Tự Chọn,combo mỳ quảng tôm lợn + nước tự chọn,,62000,,True,befood_menu,10571180,,,offline
10571191,123151,Combo Mỳ Quảng Tôm Gà + Nước Tự Chọn,combo mỳ quảng tôm gà + nước tự chọn,,62000,,True,befood_menu,10571191,,,offline
7031292,89400,Bún chả nướng nóng xuất thường,bún chả nướng nóng xuất thường,,50000,,True,befood_menu,7031292,,,offline
7031300,89400,Bún chả nướng nóng xuất đặc biệt,bún chả nướng nóng xuất đặc biệt,,65000,,True,befood_menu,7031300,,,offline
7031294,89400,Bún chả nướng nóng nguyên băm,bún chả nướng nóng nguyên băm,,50000,,True,befood_menu,7031294,,,offline
7031302,89400,Bún chả nướng nóng nguyên miếng,bún chả nướng nóng nguyên miếng,,50000,,True,befood_menu,7031302,,,offline
7031295,89400,Bún chả chan thường,bún chả chan thường,,55000,,True,befood_menu,7031295,,,offline
7031296,89400,Bún chả chan nguyên băm,bún chả chan nguyên băm,,55000,,True,befood_menu,7031296,,,offline
7031298,89400,Bún chả chan đặc biệt,bún chả chan đặc biệt,,65000,,True,befood_menu,7031298,,,offline
7440802,89400,bánh cuốn chả nướng,bánh cuốn chả nướng,,53000,,True,befood_menu,7440802,,,offline
7031301,89400,Bún ngan mọc đặc biệt,bún ngan mọc đặc biệt,,65000,,True,befood_menu,7031301,,,offline
7031297,89400,Bún ngan xé măng khô,bún ngan xé măng khô,,60000,,True,befood_menu,7031297,,,offline
7031307,89400,Bún ngan xé măng khô đặc biệt,bún ngan xé măng khô đặc biệt,,65000,,True,befood_menu,7031307,,,offline
7031306,89400,Miến ngan mọc,miến ngan mọc,,55000,,True,befood_menu,7031306,,,offline
7031309,89400,Miến ngan mọc đặc biệt,miến ngan mọc đặc biệt,,65000,,True,befood_menu,7031309,,,offline
7031303,89400,Bún mọc thịt chân giò măng khô,bún mọc thịt chân giò măng khô,,55000,,True,befood_menu,7031303,,,offline
7031304,89400,Bún mọc măng khô,bún mọc măng khô,,55000,,True,befood_menu,7031304,,,offline
7031308,89400,Bún nem thịt,bún nem thịt,,50000,,True,befood_menu,7031308,,,offline
7031311,89400,Bún nem đặc biệt,bún nem đặc biệt,,55000,,True,befood_menu,7031311,,,offline
7031313,89400,Nem chiên nóng giòn,nem chiên nóng giòn,,90000,,True,befood_menu,7031313,,,offline
7031321,89400,Bún chả nướng nóng - coca,bún chả nướng nóng - coca,,63000,,True,befood_menu,7031321,,,offline
7031322,89400,Bún chả chan - coca,bún chả chan - coca,,68000,,True,befood_menu,7031322,,,offline
7031323,89400,Bún nem - coca,bún nem - coca,,65000,,True,befood_menu,7031323,,,offline
7085317,89681,Phở Cuốn - 10 Chiếc Tặng 1Ly Coca,phở cuốn - 10 chiếc tặng 1ly coca,,128000,,True,befood_menu,7085317,,,offline
8213843,89681,Nem Chua Rán - 10 Chiếc,nem chua rán - 10 chiếc,,73000,,True,befood_menu,8213843,,,offline
8213844,89681,Xúc Xích Rán - 5 Chiếc,xúc xích rán - 5 chiếc,,59000,,True,befood_menu,8213844,,,offline
9448304,89681,Bánh Bột Lọc Huế - 10 Chiếc,bánh bột lọc huế - 10 chiếc,,73000,,True,befood_menu,9448304,,,offline
858187,25452,Bún chả viên,bún chả viên,,55000,,True,befood_menu,858187,,,offline
858188,25452,Bún Đậu Chả Cốm Và Nem Rán,bún đậu chả cốm và nem rán,,50000,,True,befood_menu,858188,,,offline
858189,25452,Bánh Cuốn Nhân Thịt Hành Phi,bánh cuốn nhân thịt hành phi,,45000,,True,befood_menu,858189,,,offline
858190,25452,Bánh Cuốn Chả Viên,bánh cuốn chả viên,,55000,,True,befood_menu,858190,,,offline
858191,25452,Bún đậu mẹt đầy đủ,bún đậu mẹt đầy đủ,,65000,,True,befood_menu,858191,,,offline
858192,25452,"Bún Đậu Chả Cốm, Thịt Chân Giò, Dồi Rán","bún đậu chả cốm, thịt chân giò, dồi rán",,60000,,True,befood_menu,858192,,,offline
858193,25452,Bún Đậu Và Nem Rán,bún đậu và nem rán,,45000,,True,befood_menu,858193,,,offline
858197,25452,Bún Đậu Thịt Luôc Và Dồi Sụn,bún đậu thịt luôc và dồi sụn,,50000,,True,befood_menu,858197,,,offline
858198,25452,Bún Đậu Thịt Luộc,bún đậu thịt luộc,,50000,,True,befood_menu,858198,,,offline
858199,25452,Bún Đậu Nem Rán Và Dồi Sụn,bún đậu nem rán và dồi sụn,,50000,,True,befood_menu,858199,,,offline
858200,25452,"Bún Đậu Chả Cốm, Thịt Luộc, Nem Rán","bún đậu chả cốm, thịt luộc, nem rán",,60000,,True,befood_menu,858200,,,offline
858203,25452,Bánh Cuốn Nhân Thit Và Chả Lụa,bánh cuốn nhân thit và chả lụa,,55000,,True,befood_menu,858203,,,offline
11750060,2267,Bún Chả Lẫn Đặc Biệt,bún chả lẫn đặc biệt,,65000,,True,befood_menu,11750060,,,offline
11750068,2267,Bún Chả Lẫn,bún chả lẫn,,55000,,True,befood_menu,11750068,,,offline
11837735,2267,Bún Chả Băm Viên,bún chả băm viên,,55000,,True,befood_menu,11837735,,,offline
11837754,2267,Bún Chả Băm Viên Đặc Biệt,bún chả băm viên đặc biệt,,65000,,True,befood_menu,11837754,,,offline
11837772,2267,Bún Chả Miếng,bún chả miếng,,55000,,True,befood_menu,11837772,,,offline
11837789,2267,Bún Chả Miếng Đặc Biệt,bún chả miếng đặc biệt,,65000,,True,befood_menu,11837789,,,offline
10964980,126555,Mỳ chua cay,mỳ chua cay,,60000,,True,befood_menu,10964980,,,offline
10964981,126555,Mỳ xào,mỳ xào,,80000,,True,befood_menu,10964981,,,offline
10964982,126555,Phở xào,phở xào,,80000,,True,befood_menu,10964982,,,offline
616020,18796,Chín sốt vang,chín sốt vang,,50000,,True,befood_menu,616020,,,offline
616022,18796,Bò chín,bò chín,,50000,,True,befood_menu,616022,,,offline
616024,18796,Bò tái chín,bò tái chín,,50000,,True,befood_menu,616024,,,offline
616028,18796,Bò tái,bò tái,,50000,,True,befood_menu,616028,,,offline
616029,18796,Tái sốt vang,tái sốt vang,,50000,,True,befood_menu,616029,,,offline
616030,18796,Sốt vang,sốt vang,,50000,,True,befood_menu,616030,,,offline
616031,18796,Gà đùi,gà đùi,,60000,,True,befood_menu,616031,,,offline
616032,18796,Gà đùi lẫn tái,gà đùi lẫn tái,,60000,,True,befood_menu,616032,,,offline
616039,18796,Gà đùi lẫn bò chín,gà đùi lẫn bò chín,,60000,,True,befood_menu,616039,,,offline
11973847,134250,Mì cay bò Mỹ,mì cay bò mỹ,,66000,,True,befood_menu,11973847,,,offline
11973848,134250,Mì cay hải sản,mì cay hải sản,,68000,,True,befood_menu,11973848,,,offline
11973849,134250,Mì cay sườn sụn,mì cay sườn sụn,,62000,,True,befood_menu,11973849,,,offline
11981729,134250,Mỳ cay thập cẩm,mỳ cay thập cẩm,,75000,,True,befood_menu,11981729,,,offline
11985735,134250,Mỳ cay xúc xích,mỳ cay xúc xích,,49000,,True,befood_menu,11985735,,,offline
11985759,134250,Mỳ cay các loại viên,mỳ cay các loại viên,,55000,,True,befood_menu,11985759,,,offline
11986106,134250,Mỳ trộn xúc xích,mỳ trộn xúc xích,,45000,,True,befood_menu,11986106,,,offline
11986115,134250,Mỳ trộn các viên thả lẩu,mỳ trộn các viên thả lẩu,,53000,,True,befood_menu,11986115,,,offline
11986126,134250,mỳ trộn thập cẩm,mỳ trộn thập cẩm,,70000,,True,befood_menu,11986126,,,offline
11986133,134250,Mỳ trộn bò Mỹ,mỳ trộn bò mỹ,,58000,,True,befood_menu,11986133,,,offline
12027048,134680,Mì trộn full topping nhiều mì,mì trộn full topping nhiều mì,,45000,,True,befood_menu,12027048,,,offline
12027049,134680,Mì trộn full topping - trứng ốp,mì trộn full topping - trứng ốp,,45000,,True,befood_menu,12027049,,,offline
12027050,134680,Mì trộn rau củ,mì trộn rau củ,,25000,,True,befood_menu,12027050,,,offline
12027051,134680,Mì trộn Indomie xúc xích,mì trộn indomie xúc xích,,30000,,True,befood_menu,12027051,,,offline
12027052,134680,Mì trộn Indomie trứng ốp,mì trộn indomie trứng ốp,,30000,,True,befood_menu,12027052,,,offline
12027053,134680,Cá viên chiên,cá viên chiên,,25000,,True,befood_menu,12027053,,,offline
2452363,36147,Bún chả quạt,bún chả quạt,,40000,,True,befood_menu,2452363,,,offline
3847352,54641,Bún đậu mắm tôm,bún đậu mắm tôm,,45000,,True,befood_menu,3847352,,,offline
11944369,54641,Combo Bún Đậu Mắm Tôm và Trà Tắc,combo bún đậu mắm tôm và trà tắc,,60000,,True,befood_menu,11944369,,,offline
2535795,37364,Cánh,cánh,,30000,,True,befood_menu,2535795,,,offline
2535796,37364,Má đùi,má đùi,,30000,,True,befood_menu,2535796,,,offline
2535797,37364,Đùi,đùi,,35000,,True,befood_menu,2535797,,,offline
2535798,37364,Tim,tim,,35000,,True,befood_menu,2535798,,,offline
2535799,37364,Lòng mề,lòng mề,,35000,,True,befood_menu,2535799,,,offline
2535800,37364,Cánh,cánh,,40000,,True,befood_menu,2535800,,,offline
2535801,37364,Má đùi,má đùi,,40000,,True,befood_menu,2535801,,,offline
2535802,37364,Đùi,đùi,,45000,,True,befood_menu,2535802,,,offline
4009106,6930,Salad Hoa Quả,salad hoa quả,,59400,,True,befood_menu,4009106,,,offline
4468701,6930,Salad Nhiệt Đới,salad nhiệt đới,,59400,,True,befood_menu,4468701,,,offline
9775322,6930,Salad KOMBO,salad kombo,,81000,,True,befood_menu,9775322,,,offline
4009067,6930,Cơm Niêu Bò Nướng,cơm niêu bò nướng,,102600,,True,befood_menu,4009067,,,offline
4009069,6930,Cơm Niêu Bò Sốt Tiêu Đen,cơm niêu bò sốt tiêu đen,,91800,,True,befood_menu,4009069,,,offline
4009074,6930,Cơm Niêu Gà Sốt Nấm,cơm niêu gà sốt nấm,,82620,,True,befood_menu,4009074,,,offline
4009078,6930,Cơm Niêu Thịt Sốt BBQ,cơm niêu thịt sốt bbq,,91800,,True,befood_menu,4009078,,,offline
4009065,6930,Canh Chua Thịt Bằm,canh chua thịt bằm,,43200,,True,befood_menu,4009065,,,offline
4009092,6930,Nấm Xào,nấm xào,,70200,,True,befood_menu,4009092,,,offline
4009097,6930,Súp Lơ Xào Nấm,súp lơ xào nấm,,59400,,True,befood_menu,4009097,,,offline
9775348,6930,Canh Chua Ngao,canh chua ngao,,48600,,True,befood_menu,9775348,,,offline
4009087,6930,Ngô Chiên Bơ,ngô chiên bơ,,48600,,True,befood_menu,4009087,,,offline
9775396,6930,Trứng Rán Ngũ Sắc,trứng rán ngũ sắc,,54000,,True,befood_menu,9775396,,,offline
2963750,42458,Cơm Gà Nướng,cơm gà nướng,,50000,,True,befood_menu,2963750,,,offline
2963751,42458,Cơm Gà Kho Gừng,cơm gà kho gừng,,50000,,True,befood_menu,2963751,,,offline
2963752,42458,Cơm Gà Xào Nấm,cơm gà xào nấm,,55000,,True,befood_menu,2963752,,,offline
3134157,42458,cơm thịt kho tầu,cơm thịt kho tầu,,50000,,True,befood_menu,3134157,,,offline
3134158,42458,cơm thịt rang,cơm thịt rang,,50000,,True,befood_menu,3134158,,,offline
3134160,42458,cơm xá xíu,cơm xá xíu,,50000,,True,befood_menu,3134160,,,offline
3134161,42458,cơm sườn sốt,cơm sườn sốt,,50000,,True,befood_menu,3134161,,,offline
3134162,42458,cơm bò kho,cơm bò kho,,50000,,True,befood_menu,3134162,,,offline
3134163,42458,cơm chả cá chiên,cơm chả cá chiên,,50000,,True,befood_menu,3134163,,,offline
3134174,42458,cơm đậu sốt thịt,cơm đậu sốt thịt,,50000,,True,befood_menu,3134174,,,offline
3134213,42458,cơm rang dưa bò,cơm rang dưa bò,,55000,,True,befood_menu,3134213,,,offline
3134214,42458,mỳ sào hải sản,mỳ sào hải sản,,55000,,True,befood_menu,3134214,,,offline
4330792,42458,Cơm thịt kho tàu + Coca Cola,cơm thịt kho tàu + coca cola,,69000,,True,befood_menu,4330792,,,offline
4330799,42458,Cơm cá kho + Coca Cola,cơm cá kho + coca cola,,69000,,True,befood_menu,4330799,,,offline
4330840,42458,Cơm gà xối mỡ + Coca Cola,cơm gà xối mỡ + coca cola,,70000,,True,befood_menu,4330840,,,offline
12263809,56543,1 Miếng Gà Lắc Tiêu Chanh,1 miếng gà lắc tiêu chanh,,40000,,True,befood_menu,12263809,,,offline
12263810,56543,2 Miếng Gà Lắc Tiêu Chanh,2 miếng gà lắc tiêu chanh,,79000,,True,befood_menu,12263810,,,offline
12263811,56543,3 Miếng Gà Lắc Tiêu Chanh,3 miếng gà lắc tiêu chanh,,116000,,True,befood_menu,12263811,,,offline
12275964,56543,1 Cơm Gà Lắc Tiêu Chanh,1 cơm gà lắc tiêu chanh,,52000,,True,befood_menu,12275964,,,offline
12263812,56543,Combo Tiêu Tung Chill 85k,combo tiêu tung chill 85k,,85000,,True,befood_menu,12263812,,,offline
9949959,56543,1 Miếng Gà Xốt Mắm Tỏi,1 miếng gà xốt mắm tỏi,,40000,,True,befood_menu,9949959,,,offline
9949960,56543,2 Miếng Gà Xốt Mắm Tỏi,2 miếng gà xốt mắm tỏi,,79000,,True,befood_menu,9949960,,,offline
9949961,56543,3 Miếng Gà Xốt Mắm Tỏi,3 miếng gà xốt mắm tỏi,,116000,,True,befood_menu,9949961,,,offline
6125646,56543,Combo Burger Tôm,combo burger tôm,,69000,,True,befood_menu,6125646,,,offline
6125780,56543,Combo Burger Zinger,combo burger zinger,,79000,,True,befood_menu,6125780,,,offline
6126006,56543,Combo Mì Ý & Gà Tenders,combo mì ý & gà tenders,,79000,,True,befood_menu,6126006,,,offline
11959414,56543,Combo 1 Miếng Gà,combo 1 miếng gà,,59000,,True,befood_menu,11959414,,,offline
11959418,56543,Combo Mì Ý Solo,combo mì ý solo,,71000,,True,befood_menu,11959418,,,offline
11959420,56543,Combo Burger Zinger,combo burger zinger,,79000,,True,befood_menu,11959420,,,offline
11959421,56543,Combo Burger Gà Quay,combo burger gà quay,,79000,,True,befood_menu,11959421,,,offline
11959422,56543,Combo Burger Gà Yo,combo burger gà yo,,56000,,True,befood_menu,11959422,,,offline
6123968,56543,3 Miếng Gà Rán,3 miếng gà rán,,105000,,True,befood_menu,6123968,,,offline
6123969,56543,2 Miếng Gà Rán,2 miếng gà rán,,74000,,True,befood_menu,6123969,,,offline
6123970,56543,1 Miếng Gà Rán,1 miếng gà rán,,37000,,True,befood_menu,6123970,,,offline
7424268,56543,5 Miếng Gà Rán Tenders,5 miếng gà rán tenders,,68000,,True,befood_menu,7424268,,,offline
9399195,56543,3 Miếng Gà Rán Tender,3 miếng gà rán tender,,42000,,True,befood_menu,9399195,,,offline
6129014,56543,Mì Ý Gà Viên,mì ý gà viên,,43000,,True,befood_menu,6129014,,,offline
6129017,56543,Mì Ý Gà Rán,mì ý gà rán,,68000,,True,befood_menu,6129017,,,offline
6129217,56543,Burger Gà Zinger,burger gà zinger,,56000,,True,befood_menu,6129217,,,offline
6129218,56543,Burger Tôm,burger tôm,,45000,,True,befood_menu,6129218,,,offline
9009741,56543,BURGER GÀ YO,burger gà yo,,30000,,True,befood_menu,9009741,,,offline
9644509,56543,Mì Ý Xúc Xích Gà,mì ý xúc xích gà,,38000,,True,befood_menu,9644509,,,offline
11953582,56543,Burger Phi-lê Gà Quay,burger phi-lê gà quay,,56000,,True,befood_menu,11953582,,,offline
6128122,56543,Gà Viên Popcorn (Vừa),gà viên popcorn (vừa),,40000,,True,befood_menu,6128122,,,offline
6128123,56543,Gà Viên Popcorn (Lớn),gà viên popcorn (lớn),,67000,,True,befood_menu,6128123,,,offline
6128125,56543,4 Phô Mai Viên,4 phô mai viên,,38000,,True,befood_menu,6128125,,,offline
6128131,56543,1 Salad Xốt Mè Rang,1 salad xốt mè rang,,22000,,True,befood_menu,6128131,,,offline
11953909,56543,6 Phô Mai Viên,6 phô mai viên,,53000,,True,befood_menu,11953909,,,offline
11954304,56543,Khoai Tây Chiên (Đại),khoai tây chiên (đại),,40000,,True,befood_menu,11954304,,,offline
11956505,56543,Salad Hạt Gà Viên,salad hạt gà viên,,37000,,True,befood_menu,11956505,,,offline
11956630,56543,1 Bắp Cải Trộn (Lớn),1 bắp cải trộn (lớn),,23000,,True,befood_menu,11956630,,,offline
11956755,56543,1 Bắp Cải Trộn (Đại),1 bắp cải trộn (đại),,32000,,True,befood_menu,11956755,,,offline
6127170,56543,4 Bánh trứng,4 bánh trứng,,72000,,True,befood_menu,6127170,,,offline
6503273,62951,Bún Hải Sản Đặc Biệt,bún hải sản đặc biệt,,68000,,True,befood_menu,6503273,,,offline
6503290,62951,Bún Hải Sản Tôm-Mực,bún hải sản tôm-mực,,68000,,True,befood_menu,6503290,,,offline
6503299,62951,Bún Thái Mực,bún thái mực,,68000,,True,befood_menu,6503299,,,offline
6503328,62951,Bún Cá Trộn Măng Cay,bún cá trộn măng cay,,55000,,True,befood_menu,6503328,,,offline
6503331,62951,Bánh Đa Hải Sản Đặc Biệt,bánh đa hải sản đặc biệt,,68000,,True,befood_menu,6503331,,,offline
7778068,62951,Bún Cá Măng Cay,bún cá măng cay,,55000,,True,befood_menu,7778068,,,offline
7778070,62951,Bánh đa cá cay,bánh đa cá cay,,55000,,True,befood_menu,7778070,,,offline
9388092,62951,"Bún Riêu Cá, Chả, Thịt Bò","bún riêu cá, chả, thịt bò",,65000,,True,befood_menu,9388092,,,offline
9388112,62951,Bún Cá- Bò_ Canh chua,bún cá- bò_ canh chua,,65000,,True,befood_menu,9388112,,,offline
9388113,62951,Bánh Đa Cá- Chả- Bò,bánh đa cá- chả- bò,,65000,,True,befood_menu,9388113,,,offline
9388120,62951,"Bánh đa Cá, Bò canh chua","bánh đa cá, bò canh chua",,65000,,True,befood_menu,9388120,,,offline
9388126,62951,"Bún Chả, Thịt Bò Canh Chua","bún chả, thịt bò canh chua",,60000,,True,befood_menu,9388126,,,offline
9388128,62951,Bún Bò Canh Chua,bún bò canh chua,,60000,,True,befood_menu,9388128,,,offline
1981338,31215,Cơm Rang Dưa Bò,cơm rang dưa bò,,42000,,True,befood_menu,1981338,,,offline
1981339,31215,Cơm Rang Dưa Bò Ngập Thịt,cơm rang dưa bò ngập thịt,,48000,,True,befood_menu,1981339,,,offline
1981340,31215,Cơm Rang Thập Cẩm Bò,cơm rang thập cẩm bò,,45000,,True,befood_menu,1981340,,,offline
1981341,31215,Cơm Rang Hải Sản,cơm rang hải sản,,68000,,True,befood_menu,1981341,,,offline
1981342,31215,Cơm Rang Thập Cẩm Nhiều Cơm,cơm rang thập cẩm nhiều cơm,,45000,,True,befood_menu,1981342,,,offline
1981343,31215,Cơm Rang Thập Cẩm,cơm rang thập cẩm,,40000,,True,befood_menu,1981343,,,offline
1981344,31215,Cơm Rang Cải Bò,cơm rang cải bò,,42000,,True,befood_menu,1981344,,,offline
1981345,31215,Cơm Rang Trứng,cơm rang trứng,,38000,,True,befood_menu,1981345,,,offline
1981346,31215,Cơm Rang Dưa Bò Thêm Cơm,cơm rang dưa bò thêm cơm,,46000,,True,befood_menu,1981346,,,offline
1981347,31215,Cơm Rang Trứng Ốp,cơm rang trứng ốp,,40000,,True,befood_menu,1981347,,,offline
1981348,31215,Cơm Rang Cải Bò Ngập Thịt,cơm rang cải bò ngập thịt,,48000,,True,befood_menu,1981348,,,offline
1981351,31215,Phở Xào Cải Bò,phở xào cải bò,,50000,,True,befood_menu,1981351,,,offline
1981352,31215,Mỳ Sào Thịt Bò,mỳ sào thịt bò,,50000,,True,befood_menu,1981352,,,offline
1981353,31215,Mỳ Sào Cải Bò,mỳ sào cải bò,,50000,,True,befood_menu,1981353,,,offline
1981354,31215,Phở Xào Thịt Bò,phở xào thịt bò,,50000,,True,befood_menu,1981354,,,offline
5146585,67574,Bánh Tráng Nướng khô bò,bánh tráng nướng khô bò,,36000,,True,befood_menu,5146585,,,offline
9153051,67574,bánh tráng nướng ruốc phomai sốt bơ,bánh tráng nướng ruốc phomai sốt bơ,,36000,,True,befood_menu,9153051,,,offline
5146587,67574,Bánh Tráng Cuốn Tổng Hợp,bánh tráng cuốn tổng hợp,,48000,,True,befood_menu,5146587,,,offline
5146588,67574,Bánh Tráng Cuốn Sốt Me,bánh tráng cuốn sốt me,,33000,,True,befood_menu,5146588,,,offline
5146589,67574,Bánh Tráng Cuốn Sốt Me Bơ,bánh tráng cuốn sốt me bơ,,35000,,True,befood_menu,5146589,,,offline
5146590,67574,Bánh Tráng Cuốn Sốt Me Mayonnaise,bánh tráng cuốn sốt me mayonnaise,,35000,,True,befood_menu,5146590,,,offline
5146591,67574,Bánh Tráng Cuốn Mix Sốt,bánh tráng cuốn mix sốt,,40000,,True,befood_menu,5146591,,,offline
5146592,67574,Bánh Tráng Cuốn Phô Mai Ruốc Cay,bánh tráng cuốn phô mai ruốc cay,,45000,,True,befood_menu,5146592,,,offline
5146610,67574,Bánh Tráng Cuốn Sốt Me Phomai,bánh tráng cuốn sốt me phomai,,35000,,True,befood_menu,5146610,,,offline
5146593,67574,Bánh Tráng Trộn Da Heo,bánh tráng trộn da heo,,45000,,True,befood_menu,5146593,,,offline
5146594,67574,Bánh Tráng Trộn Lớn,bánh tráng trộn lớn,,45000,,True,befood_menu,5146594,,,offline
5146595,67574,Bánh Tráng Trộn Nhỏ,bánh tráng trộn nhỏ,,33000,,True,befood_menu,5146595,,,offline
5146596,67574,Bánh Tráng Trộn Bơ Tỏi,bánh tráng trộn bơ tỏi,,45000,,True,befood_menu,5146596,,,offline
5146597,67574,Bánh Tráng trộn Mix Cuốn,bánh tráng trộn mix cuốn,,42000,,True,befood_menu,5146597,,,offline
5146598,67574,Trứng Cút Lắc,trứng cút lắc,,45000,,True,befood_menu,5146598,,,offline
5146599,67574,Xoài Bò Khô,xoài bò khô,,45000,,True,befood_menu,5146599,,,offline
5146600,67574,Nem Chua Rán - 5 Cái,nem chua rán - 5 cái,,45000,,True,befood_menu,5146600,,,offline
5146605,67574,Gỏi Xoài,gỏi xoài,,40000,,True,befood_menu,5146605,,,offline
5146606,67574,Khoai Lang Kén,khoai lang kén,,36000,,True,befood_menu,5146606,,,offline
9153071,67574,da heo Thái Lan,da heo thái lan,,48000,,True,befood_menu,9153071,,,offline
10897732,67574,2c bánh mì muối ớt sốt bơ mật ong,2c bánh mì muối ớt sốt bơ mật ong,,35000,,True,befood_menu,10897732,,,offline
11070428,67574,bánh tráng lắc khô,bánh tráng lắc khô,,22000,,True,befood_menu,11070428,,,offline
11930661,67574,tóp mỡ cay giòn,tóp mỡ cay giòn,,45000,,True,befood_menu,11930661,,,offline
6821345,67574,BT phơi sương tép hành,bt phơi sương tép hành,,48000,,True,befood_menu,6821345,,,offline
2188277,7160,Bún chả thịt lẫn + Coca ( không bao gồm dụng cụ ăn uống ),bún chả thịt lẫn + coca ( không bao gồm dụng cụ ăn uống ),,64000,,True,befood_menu,2188277,,,offline
2188281,7160,Bún chả thịt miếng + Coca ( không bao gồm dụng cụ ăn uống ),bún chả thịt miếng + coca ( không bao gồm dụng cụ ăn uống ),,64000,,True,befood_menu,2188281,,,offline
2188284,7160,Bún chả thịt băm + Coca (không bao gồm dụng cụ ăn uống ),bún chả thịt băm + coca (không bao gồm dụng cụ ăn uống ),,64000,,True,befood_menu,2188284,,,offline
2188280,7160,Bún chả miếng ( không bao gồm dụng cụ ăn uống ),bún chả miếng ( không bao gồm dụng cụ ăn uống ),,64000,,True,befood_menu,2188280,,,offline
2188276,7160,Bún chả băm ( không bao gồm dụng cụ ăn uống ),bún chả băm ( không bao gồm dụng cụ ăn uống ),,64000,,True,befood_menu,2188276,,,offline
2188282,7160,Bún nem ( không bao gồm dụng cụ ăn uống ),bún nem ( không bao gồm dụng cụ ăn uống ),,64000,,True,befood_menu,2188282,,,offline
2188278,7160,Bún chả lẫn ( không bao gồm dụng cụ ăn uống ),bún chả lẫn ( không bao gồm dụng cụ ăn uống ),,64000,,True,befood_menu,2188278,,,offline
9890402,7160,Bún chả đầy đủ (không bao gồm dụng cụ ăn uống),bún chả đầy đủ (không bao gồm dụng cụ ăn uống),,64000,,True,befood_menu,9890402,,,offline
208860,7160,Bún chả lẫn + 1 nem,bún chả lẫn + 1 nem,,44000,,True,befood_menu,208860,,,offline
9922790,117526,Cơm gà chiên sốt cay ngọt,cơm gà chiên sốt cay ngọt,,65000,,True,befood_menu,9922790,,,offline
9922791,117526,Cơm đậu hũ sốt thịt bằm,cơm đậu hũ sốt thịt bằm,,65000,,True,befood_menu,9922791,,,offline
9922792,117526,Cơm mix sườn cốt lết - trứng ốp la sốt cay ngọt,cơm mix sườn cốt lết - trứng ốp la sốt cay ngọt,,73000,,True,befood_menu,9922792,,,offline
9922793,117526,Cơm heo chiên giòn sốt chua ngọt,cơm heo chiên giòn sốt chua ngọt,,65000,,True,befood_menu,9922793,,,offline
9922794,117526,Cơm thịt nướng sốt BBQ,cơm thịt nướng sốt bbq,,65000,,True,befood_menu,9922794,,,offline
11782413,117526,Cơm Sườn Cốt Lết Nướng Sốt Cay Ngọt,cơm sườn cốt lết nướng sốt cay ngọt,,65000,,True,befood_menu,11782413,,,offline
281313,8919,Cơm đảo kim chi sườn - lavie trái cây,cơm đảo kim chi sườn - lavie trái cây,,75000,,True,befood_menu,281313,,,offline
281314,8919,Mỳ ý sốt bò băm,mỳ ý sốt bò băm,,85000,,True,befood_menu,281314,,,offline
281315,8919,Cơm cá thu - coca,cơm cá thu - coca,,52000,,True,befood_menu,281315,,,offline
281316,8919,Cơm gà sốt BBQ - Sprite,cơm gà sốt bbq - sprite,,59000,,True,befood_menu,281316,,,offline
281317,8919,Combo cơm đảo kim chi gà nướng - 1 salad hoa quả - 1 chanh sả bạc hà,combo cơm đảo kim chi gà nướng - 1 salad hoa quả - 1 chanh sả bạc hà,,89000,,True,befood_menu,281317,,,offline
281318,8919,Combo cơm đảo bò - trứng ốp - salad trộn - dâu tằm,combo cơm đảo bò - trứng ốp - salad trộn - dâu tằm,,89000,,True,befood_menu,281318,,,offline
281320,8919,Cơm gà sốt bb - coca,cơm gà sốt bb - coca,,59000,,True,befood_menu,281320,,,offline
281321,8919,Combo cơm đảo kim chi xá xíu - trứng ốp la - salad dưa chuột - 1 tắc sả,combo cơm đảo kim chi xá xíu - trứng ốp la - salad dưa chuột - 1 tắc sả,,89000,,True,befood_menu,281321,,,offline
281324,8919,Combo cơm gà đùi xào chua ngọt - chanh sả bạc hà,combo cơm gà đùi xào chua ngọt - chanh sả bạc hà,,69000,,True,befood_menu,281324,,,offline
328625,8919,Cơm Tôm chưa thịt luôc +Trứng ốp la+ Chè Dưỡng Nhan,cơm tôm chưa thịt luôc +trứng ốp la+ chè dưỡng nhan,,79000,,True,befood_menu,328625,,,offline
344991,8919,Cơm ba chỉ mắm quet+ trứng ốp la + chè dưỡng nhan,cơm ba chỉ mắm quet+ trứng ốp la + chè dưỡng nhan,,89000,,True,befood_menu,344991,,,offline
344993,8919,Cơm đậu phụ sốt rứ xuyên+ trứng ốp + chè dưỡng nhan,cơm đậu phụ sốt rứ xuyên+ trứng ốp + chè dưỡng nhan,,89000,,True,befood_menu,344993,,,offline
1018221,8919,Mỳ ý sốt bò băm+ Coca,mỳ ý sốt bò băm+ coca,,65000,,True,befood_menu,1018221,,,offline
1018226,8919,Mỳ Ý sốt bò băm+ Nước táo ép,mỳ ý sốt bò băm+ nước táo ép,,79000,,True,befood_menu,1018226,,,offline
281327,8919,Cơm ba chỉ rang mắm tép ớt hiểm - món mới,cơm ba chỉ rang mắm tép ớt hiểm - món mới,,52000,,True,befood_menu,281327,,,offline
281328,8919,Cơm bò lúc lắc kiểu thái,cơm bò lúc lắc kiểu thái,,58000,,True,befood_menu,281328,,,offline
281329,8919,Cơm ba chỉ rang sốt cay,cơm ba chỉ rang sốt cay,,52000,,True,befood_menu,281329,,,offline
281330,8919,Cơm sườn BBQ,cơm sườn bbq,,65000,,True,befood_menu,281330,,,offline
281331,8919,Cơm đảo kim chi xá xíu kèm trứng ốpla,cơm đảo kim chi xá xíu kèm trứng ốpla,,59000,,True,befood_menu,281331,,,offline
281332,8919,Cơm cá bông lau kho tộ - món mới,cơm cá bông lau kho tộ - món mới,,55000,,True,befood_menu,281332,,,offline
281333,8919,Cơm đảo kim chi đùi gà nướng sốt cay - món mới,cơm đảo kim chi đùi gà nướng sốt cay - món mới,,65000,,True,befood_menu,281333,,,offline
281334,8919,Cơm thịt xá xíu trứng ốp la,cơm thịt xá xíu trứng ốp la,,55000,,True,befood_menu,281334,,,offline
281335,8919,Cơm đậu phụ non sốt nấm,cơm đậu phụ non sốt nấm,,48000,,True,befood_menu,281335,,,offline
281336,8919,Cơm sườn xào tứ xuyên,cơm sườn xào tứ xuyên,,58000,,True,befood_menu,281336,,,offline
281337,8919,Cơm gà nướng sốt nấm,cơm gà nướng sốt nấm,,52000,,True,befood_menu,281337,,,offline
281339,8919,Cơm gà nướng sốt chanh leo,cơm gà nướng sốt chanh leo,,60000,,True,befood_menu,281339,,,offline
281340,8919,Cơm cánh gà sốt me cay,cơm cánh gà sốt me cay,,52000,,True,befood_menu,281340,,,offline
281349,8919,Cơm ba chỉ chưng mắm quẹt,cơm ba chỉ chưng mắm quẹt,,70000,,True,befood_menu,281349,,,offline
281351,8919,Cơm thịt viên x íu mại ( món mới ),cơm thịt viên x íu mại ( món mới ),,65000,,True,befood_menu,281351,,,offline
281361,8919,Cơm Ba chỉ luộc,cơm ba chỉ luộc,,75000,,True,befood_menu,281361,,,offline
316339,8919,Cơm cá Bông lau kho tộ,cơm cá bông lau kho tộ,,70000,,True,befood_menu,316339,,,offline
333947,8919,Cơm Đậu phụ non sốt tứ xuyên,cơm đậu phụ non sốt tứ xuyên,,70000,,True,befood_menu,333947,,,offline
10679922,8919,chè Mochi sắn nóng,chè mochi sắn nóng,,30000,,True,befood_menu,10679922,,,offline
11125832,8919,Cơm ba chỉ rang cháy cạnh,cơm ba chỉ rang cháy cạnh,,65000,,True,befood_menu,11125832,,,offline
10575178,123211,Cơm tấm sườn bì chả trứng,cơm tấm sườn bì chả trứng,,78000,,True,befood_menu,10575178,,,offline
10575179,123211,Cơm tấm sườn chả trứng ốp la,cơm tấm sườn chả trứng ốp la,,73000,,True,befood_menu,10575179,,,offline
10575180,123211,Cơm tấm sườn bì trứng,cơm tấm sườn bì trứng,,73000,,True,befood_menu,10575180,,,offline
10575181,123211,Cơm tấm sườn trứng ốp la,cơm tấm sườn trứng ốp la,,69000,,True,befood_menu,10575181,,,offline
10575182,123211,Cơm tấm sườn bì,cơm tấm sườn bì,,69000,,True,befood_menu,10575182,,,offline
10804612,123211,Cơm tấm sườn bì chả,cơm tấm sườn bì chả,,73000,,True,befood_menu,10804612,,,offline
3484775,50258,Bún chả lẫn suất nhỏ,bún chả lẫn suất nhỏ,,45000,,True,befood_menu,3484775,,,offline
3484776,50258,Bún chả lẫn suất lớn,bún chả lẫn suất lớn,,55000,,True,befood_menu,3484776,,,offline
3484778,50258,Bún chả miếng suất lớn,bún chả miếng suất lớn,,55000,,True,befood_menu,3484778,,,offline
3484779,50258,Bún chả viên suất nhỏ,bún chả viên suất nhỏ,,45000,,True,befood_menu,3484779,,,offline
9286479,111026,Cơm gà chiên xù popcorn sốt tuỳ chọn,cơm gà chiên xù popcorn sốt tuỳ chọn,,55000,,True,befood_menu,9286479,,,offline
9286480,111026,Cơm ba chỉ bò Mỹ đặc biệt,cơm ba chỉ bò mỹ đặc biệt,,79000,,True,befood_menu,9286480,,,offline
9286481,111026,Cơm đùi gà sốt Nhật teriyaki,cơm đùi gà sốt nhật teriyaki,,65000,,True,befood_menu,9286481,,,offline
9286482,111026,Cơm đùi gà cỡ lớn sốt Nhật teriyaki,cơm đùi gà cỡ lớn sốt nhật teriyaki,,75000,,True,befood_menu,9286482,,,offline
9286483,111026,Cơm đùi gà sốt cay Hàn Quốc,cơm đùi gà sốt cay hàn quốc,,65000,,True,befood_menu,9286483,,,offline
9286484,111026,Cơm đùi gà cỡ lớn sốt cay Hàn Quốc,cơm đùi gà cỡ lớn sốt cay hàn quốc,,75000,,True,befood_menu,9286484,,,offline
9286485,111026,Cơm đùi gà sốt mắm tỏi,cơm đùi gà sốt mắm tỏi,,65000,,True,befood_menu,9286485,,,offline
9286486,111026,Cơm đùi gà cỡ lớn sốt mắm tỏi,cơm đùi gà cỡ lớn sốt mắm tỏi,,75000,,True,befood_menu,9286486,,,offline
9286487,111026,Mỳ spaghetti bò băm,mỳ spaghetti bò băm,,95000,,True,befood_menu,9286487,,,offline
930293,27416,Bún chả lẫn,bún chả lẫn,,40000,,True,befood_menu,930293,,,offline
930305,27416,Bún chả thịt miếng,bún chả thịt miếng,,40000,,True,befood_menu,930305,,,offline
930306,27416,Bún chả thịt băm,bún chả thịt băm,,40000,,True,befood_menu,930306,,,offline
930309,27416,Bún nem,bún nem,,40000,,True,befood_menu,930309,,,offline
930315,27416,Bún chả lẫn - nem,bún chả lẫn - nem,,50000,,True,befood_menu,930315,,,offline
930479,27416,Bún chả thịt miếng - nem,bún chả thịt miếng - nem,,50000,,True,befood_menu,930479,,,offline
930481,27416,Bún chả thịt băm - nem,bún chả thịt băm - nem,,50000,,True,befood_menu,930481,,,offline
930483,27416,Bún chả lẫn - nem - coca chai,bún chả lẫn - nem - coca chai,,60000,,True,befood_menu,930483,,,offline
930484,27416,Bún chả thịt miếng - nem - coca chai,bún chả thịt miếng - nem - coca chai,,40000,,True,befood_menu,930484,,,offline
930488,27416,Bún chả thịt băm - nem - coca chai,bún chả thịt băm - nem - coca chai,,40000,,True,befood_menu,930488,,,offline
930490,27416,Bún nem - coca chai,bún nem - coca chai,,50000,,True,befood_menu,930490,,,offline
12261418,136086,Cơm Trắng Đùi Gà Rán - Sale,cơm trắng đùi gà rán - sale,,59000,,True,befood_menu,12261418,,,offline
12261420,136086,Cơm Trắng Cánh Gà Rán - Sale,cơm trắng cánh gà rán - sale,,54000,,True,befood_menu,12261420,,,offline
12261423,136086,Cơm Trắng Gà Viên Chiên - Sale,cơm trắng gà viên chiên - sale,,49000,,True,befood_menu,12261423,,,offline
12233200,136086,Cơm Đảo Gà Viên Chiên,cơm đảo gà viên chiên,,59000,,True,befood_menu,12233200,,,offline
12233202,136086,Cơm Trắng Cánh Gà Rán,cơm trắng cánh gà rán,,69000,,True,befood_menu,12233202,,,offline
12233201,136086,Cơm Trắng Đùi Gà Rán,cơm trắng đùi gà rán,,69000,,True,befood_menu,12233201,,,offline
12233203,136086,Cơm Trắng Gà Viên Chiên,cơm trắng gà viên chiên,,54000,,True,befood_menu,12233203,,,offline
12233207,136086,Mì Cánh Gà Rán,mì cánh gà rán,,69000,,True,befood_menu,12233207,,,offline
12233206,136086,Mì Đùi Gà Rán,mì đùi gà rán,,69000,,True,befood_menu,12233206,,,offline
12233205,136086,Mì Gà Viên Chiên,mì gà viên chiên,,54000,,True,befood_menu,12233205,,,offline
12233204,136086,Mì Rau Củ,mì rau củ,,23000,,True,befood_menu,12233204,,,offline
12233209,136086,Cánh Gà Rán,cánh gà rán,,54000,,True,befood_menu,12233209,,,offline
12233208,136086,Đùi Gà rán,đùi gà rán,,54000,,True,befood_menu,12233208,,,offline
12233210,136086,Gà Viên Chiên,gà viên chiên,,45000,,True,befood_menu,12233210,,,offline
12233211,136086,Khoai Tây Chiên,khoai tây chiên,,45000,,True,befood_menu,12233211,,,offline
12233212,136086,Khoai Lang Chiên,khoai lang chiên,,45000,,True,befood_menu,12233212,,,offline
9940365,117708,Cơm gà sốt Thái,cơm gà sốt thái,,65000,,True,befood_menu,9940365,,,offline
9940366,117708,Cơm gà sốt bbq,cơm gà sốt bbq,,65000,,True,befood_menu,9940366,,,offline
9940368,117708,Cơm gà sốt chua ngọt,cơm gà sốt chua ngọt,,65000,,True,befood_menu,9940368,,,offline
9940369,117708,Cơm gà sốt mắm tỏi,cơm gà sốt mắm tỏi,,65000,,True,befood_menu,9940369,,,offline
9940370,117708,Cơm gà sốt mật ong,cơm gà sốt mật ong,,65000,,True,befood_menu,9940370,,,offline
9940371,117708,Cơm gà sốt me cay,cơm gà sốt me cay,,65000,,True,befood_menu,9940371,,,offline
9940373,117708,Cơm gà sốt roti,cơm gà sốt roti,,65000,,True,befood_menu,9940373,,,offline
9940374,117708,Cơm gà sốt tiêu đen,cơm gà sốt tiêu đen,,65000,,True,befood_menu,9940374,,,offline
5809908,73491,Combo 5 cuốn thịt bò,combo 5 cuốn thịt bò,,90000,,True,befood_menu,5809908,,,offline
5809909,73491,Bún bò nam bộ xuất lớn,bún bò nam bộ xuất lớn,,55000,,True,befood_menu,5809909,,,offline
5851403,73491,Bún Bò Nam Bộ Xuất Nhỏ,bún bò nam bộ xuất nhỏ,,40000,,True,befood_menu,5851403,,,offline
5851404,73491,Bún Bò Nam Bộ Xuất Thường,bún bò nam bộ xuất thường,,45000,,True,befood_menu,5851404,,,offline
5851405,73491,ComBo 1 xuất bún 2 cuốn,combo 1 xuất bún 2 cuốn,,80000,,True,befood_menu,5851405,,,offline
5851406,73491,Combo 2 xuất bún lớn,combo 2 xuất bún lớn,,105000,,True,befood_menu,5851406,,,offline
8927387,73491,Bún Bò Nam Bộ Xuất Lớn,bún bò nam bộ xuất lớn,,55000,,True,befood_menu,8927387,,,offline
12261943,8805,01 Miếng Gà Sốt Me Cay,01 miếng gà sốt me cay,,49000,,True,befood_menu,12261943,,,offline
12261987,8805,Combo A - Gà Sốt Me Cay,combo a - gà sốt me cay,,129000,,True,befood_menu,12261987,,,offline
11777706,8805,05 Bánh quy bơ sốt cam,05 bánh quy bơ sốt cam,,69000,,True,befood_menu,11777706,,,offline
10250557,8805,COMBO 9 MÓN 99K,combo 9 món 99k,,99000,,True,befood_menu,10250557,,,offline
721727,8805,1 Miếng Gà Sốt Bơ Tỏi Và Thảo Mộc,1 miếng gà sốt bơ tỏi và thảo mộc,,49000,,True,befood_menu,721727,,,offline
721731,8805,Combo 02 Miếng Gà Sốt Bơ Tỏi Và Thảo Mộc,combo 02 miếng gà sốt bơ tỏi và thảo mộc,,129000,,True,befood_menu,721731,,,offline
9796129,8805,Combo 01 Miếng Gà Sốt Bơ Tỏi Và Thảo Mộc,combo 01 miếng gà sốt bơ tỏi và thảo mộc,,79000,,True,befood_menu,9796129,,,offline
9796130,8805,3 Miếng Gà Sốt Bơ Tỏi Và Thảo Mộc,3 miếng gà sốt bơ tỏi và thảo mộc,,139000,,True,befood_menu,9796130,,,offline
9796327,8805,Combo 02 Miếng Gà Rán Truyền Thống,combo 02 miếng gà rán truyền thống,,119000,,True,befood_menu,9796327,,,offline
9796328,8805,Combo Tex Sampler - Gà Rán Truyền Thống,combo tex sampler - gà rán truyền thống,,119000,,True,befood_menu,9796328,,,offline
9797086,8805,Combo Gà Rán & Bánh cuộn Zesty Crunch,combo gà rán & bánh cuộn zesty crunch,,119000,,True,befood_menu,9797086,,,offline
9797087,8805,Combo Gà Rán & Burger Cổ Điển,combo gà rán & burger cổ điển,,119000,,True,befood_menu,9797087,,,offline
9797088,8805,Combo Gà Rán & Burger Zesty Crunch,combo gà rán & burger zesty crunch,,119000,,True,befood_menu,9797088,,,offline
278367,8805,Bánh cuộn Tex - Cay,bánh cuộn tex - cay,,59000,,True,befood_menu,278367,,,offline
278370,8805,Bánh cuộn Mexicana - Cay,bánh cuộn mexicana - cay,,69000,,True,befood_menu,278370,,,offline
9798770,8805,Combo Bánh cuộn Tex,combo bánh cuộn tex,,89000,,True,befood_menu,9798770,,,offline
9798771,8805,Combo Bánh cuộn Mexicana,combo bánh cuộn mexicana,,99000,,True,befood_menu,9798771,,,offline
9798775,8805,Bánh cuộn Tex - Không Cay,bánh cuộn tex - không cay,,59000,,True,befood_menu,9798775,,,offline
9798776,8805,Bánh cuộn Mexicana - Không Cay,bánh cuộn mexicana - không cay,,69000,,True,befood_menu,9798776,,,offline
278372,8805,Burger Tôm - Cay,burger tôm - cay,,49000,,True,befood_menu,278372,,,offline
278374,8805,Burger Tex Supreme - Cay,burger tex supreme - cay,,59000,,True,befood_menu,278374,,,offline
6959204,8805,Burger Mexicana - Cay,burger mexicana - cay,,69000,,True,befood_menu,6959204,,,offline
9798772,8805,Combo Burger Tôm,combo burger tôm,,79000,,True,befood_menu,9798772,,,offline
9798773,8805,Combo Burger Tex Supreme,combo burger tex supreme,,89000,,True,befood_menu,9798773,,,offline
9798774,8805,Combo Burger Mexicana,combo burger mexicana,,99000,,True,befood_menu,9798774,,,offline
9798777,8805,Burger Tôm - Không Cay,burger tôm - không cay,,49000,,True,befood_menu,9798777,,,offline
9798778,8805,Burger Tex Supreme - Không Cay,burger tex supreme - không cay,,59000,,True,befood_menu,9798778,,,offline
9798779,8805,Burger Mexicana - Không Cay,burger mexicana - không cay,,69000,,True,befood_menu,9798779,,,offline
7216750,8805,Combo Mỳ Ý Gà Giòn Không Xương,combo mỳ ý gà giòn không xương,,69000,,True,befood_menu,7216750,,,offline
7216751,8805,Combo Mỳ Ý Gà Rán Truyền Thống,combo mỳ ý gà rán truyền thống,,89000,,True,befood_menu,7216751,,,offline
7216752,8805,Combo Cơm Gà Sốt Teriyaki,combo cơm gà sốt teriyaki,,69000,,True,befood_menu,7216752,,,offline
7216753,8805,Combo Cơm Gà Sốt Chua Ngọt,combo cơm gà sốt chua ngọt,,69000,,True,befood_menu,7216753,,,offline
6960308,8805,Khuỷu Cánh Gà Giòn Cay - 6 Miếng,khuỷu cánh gà giòn cay - 6 miếng,,99000,,True,befood_menu,6960308,,,offline
9796126,8805,Gà Giòn Không Xương- 6 Miếng,gà giòn không xương- 6 miếng,,99000,,True,befood_menu,9796126,,,offline
9800475,8805,Combo 03 Miếng Gà Giòn Không Xương,combo 03 miếng gà giòn không xương,,79000,,True,befood_menu,9800475,,,offline
9800476,8805,Combo 05 Khuỷu Cánh Gà Giòn Cay,combo 05 khuỷu cánh gà giòn cay,,95000,,True,befood_menu,9800476,,,offline
6393657,81353,Cơm tấm sườn cốt lết đầy đủ,cơm tấm sườn cốt lết đầy đủ,,79000,,True,befood_menu,6393657,,,offline
6393658,81353,Cơm tấm má heo nướng đầy đủ,cơm tấm má heo nướng đầy đủ,,89000,,True,befood_menu,6393658,,,offline
6393659,81353,Cơm tấm sườn cốt lết nướng,cơm tấm sườn cốt lết nướng,,60000,,True,befood_menu,6393659,,,offline
6393660,81353,Cơm tấm má heo nướng,cơm tấm má heo nướng,,70000,,True,befood_menu,6393660,,,offline
6393661,81353,Cơm tấm dẻ sườn nướng đầy đủ,cơm tấm dẻ sườn nướng đầy đủ,,95000,,True,befood_menu,6393661,,,offline
6393662,81353,Cơm tấm ba rọi đầy đủ,cơm tấm ba rọi đầy đủ,,84000,,True,befood_menu,6393662,,,offline
6393663,81353,Cơm tấm ba rọi nướng,cơm tấm ba rọi nướng,,65000,,True,befood_menu,6393663,,,offline
6393664,81353,Cơm tấm cá quả kho tiêu,cơm tấm cá quả kho tiêu,,65000,,True,befood_menu,6393664,,,offline
6393665,81353,Cơm tấm dẻ sườn nướng,cơm tấm dẻ sườn nướng,,75000,,True,befood_menu,6393665,,,offline
6393666,81353,Cơm gà nướng mật ong,cơm gà nướng mật ong,,65000,,True,befood_menu,6393666,,,offline
9059946,81353,Cơm thịt kho trứng,cơm thịt kho trứng,,65000,,True,befood_menu,9059946,,,offline
6055189,77167,Bún chả chấm,bún chả chấm,,35000,,True,befood_menu,6055189,,,offline
6055190,77167,Bún đậu,bún đậu,,35000,,True,befood_menu,6055190,,,offline
6055191,77167,Bún trộn,bún trộn,,35000,,True,befood_menu,6055191,,,offline
6077837,77167,Bún chả chan,bún chả chan,,40000,,True,befood_menu,6077837,,,offline
6400514,77167,Bún Gà,bún gà,,45000,,True,befood_menu,6400514,,,offline
6807873,77167,Bún Bò,bún bò,,45000,,True,befood_menu,6807873,,,offline
6055192,77167,Cơm rang dưa bò,cơm rang dưa bò,,50000,,True,befood_menu,6055192,,,offline
6077609,77167,Cơm rang thập cẩm,cơm rang thập cẩm,,35000,,True,befood_menu,6077609,,,offline
7910090,77167,Cơm trộn truyền thống,cơm trộn truyền thống,,45000,,True,befood_menu,7910090,,,offline
7927137,77167,Cơm trộn thịt bò,cơm trộn thịt bò,,59000,,True,befood_menu,7927137,,,offline
7936257,77167,Cơm trộn gà viên,cơm trộn gà viên,,59000,,True,befood_menu,7936257,,,offline
7950623,77167,Cơm rang xúc xích,cơm rang xúc xích,,35000,,True,befood_menu,7950623,,,offline
8047187,77167,Cơm rang trứng,cơm rang trứng,,35000,,True,befood_menu,8047187,,,offline
8070574,77167,Cơm gà viên sốt cay (ngọt),cơm gà viên sốt cay (ngọt),,50000,,True,befood_menu,8070574,,,offline
8101714,77167,Cơm gà đùi sốt cay (ngọt),cơm gà đùi sốt cay (ngọt),,50000,,True,befood_menu,8101714,,,offline
9544631,77167,Cơm xá xíu,cơm xá xíu,,45000,,True,befood_menu,9544631,,,offline
6055197,77167,Mì gà tần,mì gà tần,,45000,,True,befood_menu,6055197,,,offline
6055198,77167,Mì trộn indomie,mì trộn indomie,,35000,,True,befood_menu,6055198,,,offline
6055194,77167,Mì cay bò,mì cay bò,,59000,,True,befood_menu,6055194,,,offline
6055195,77167,Mì cay cá viên,mì cay cá viên,,53000,,True,befood_menu,6055195,,,offline
6055196,77167,Mì cay xúc xích,mì cay xúc xích,,53000,,True,befood_menu,6055196,,,offline
6077834,77167,Mì cay sụn,mì cay sụn,,59000,,True,befood_menu,6077834,,,offline
6077835,77167,Mì cay hải sản,mì cay hải sản,,64000,,True,befood_menu,6077835,,,offline
6077836,77167,Mì cay thập cẩm,mì cay thập cẩm,,69000,,True,befood_menu,6077836,,,offline
9489165,77167,Tokbokki lắc phô mai,tokbokki lắc phô mai,,35000,,True,befood_menu,9489165,,,offline
9501149,77167,Khoai tây chiên lắc phô mai,khoai tây chiên lắc phô mai,,35000,,True,befood_menu,9501149,,,offline
9501152,77167,Gà viên trộn Tok sốt cay (ngọt),gà viên trộn tok sốt cay (ngọt),,40000,,True,befood_menu,9501152,,,offline
9502122,77167,Kimbap truyền thống,kimbap truyền thống,,35000,,True,befood_menu,9502122,,,offline
9544664,77167,Tokbokki truyền thống,tokbokki truyền thống,,40000,,True,befood_menu,9544664,,,offline
9635140,77167,Tokbokki sốt Rose,tokbokki sốt rose,,45000,,True,befood_menu,9635140,,,offline
9643095,77167,Kimbap bò,kimbap bò,,40000,,True,befood_menu,9643095,,,offline
2181653,32462,Phở Trộn Gà Lườn,phở trộn gà lườn,,50000,,True,befood_menu,2181653,,,offline
2181649,32462,Phở Trộn Gà Lẫn,phở trộn gà lẫn,,55000,,True,befood_menu,2181649,,,offline
9372458,32462,Phở Trộn Gà Đùi,phở trộn gà đùi,,65000,,True,befood_menu,9372458,,,offline
2181651,32462,Miến Trộn Gà Lườn,miến trộn gà lườn,,50000,,True,befood_menu,2181651,,,offline
2181650,32462,Miến Trộn Gà Lẫn,miến trộn gà lẫn,,55000,,True,befood_menu,2181650,,,offline
2181655,32462,Mì Trộn Gà Lườn,mì trộn gà lườn,,50000,,True,befood_menu,2181655,,,offline
2181654,32462,Mì Trộn Gà Lẫn,mì trộn gà lẫn,,55000,,True,befood_menu,2181654,,,offline
11082795,32462,Miến Trộn Gà Đùi,miến trộn gà đùi,,65000,,True,befood_menu,11082795,,,offline
11082798,32462,Mì Trộn Gà Đùi,mì trộn gà đùi,,65000,,True,befood_menu,11082798,,,offline
2181664,32462,Xôi Gà Lườn,xôi gà lườn,,50000,,True,befood_menu,2181664,,,offline
9793575,32462,Xôi Gà Lẫn,xôi gà lẫn,,55000,,True,befood_menu,9793575,,,offline
9793578,32462,Xôi Gà Đùi,xôi gà đùi,,65000,,True,befood_menu,9793578,,,offline
11640307,77657,Gà rán giòn truyền thống,gà rán giòn truyền thống,,116000,,True,befood_menu,11640307,,,offline
11640308,77657,Đùi gà rán truyền thống,đùi gà rán truyền thống,,121000,,True,befood_menu,11640308,,,offline
11640309,77657,Lườn gà truyền thống,lườn gà truyền thống,,105000,,True,befood_menu,11640309,,,offline
11640310,77657,Cánh gà rán truyền thống,cánh gà rán truyền thống,,200000,,True,befood_menu,11640310,,,offline
11640311,77657,Cánh gà rắc rắc tê cay,cánh gà rắc rắc tê cay,,210000,,True,befood_menu,11640311,,,offline
11640312,77657,Gà rán giòn rút xương,gà rán giòn rút xương,,116000,,True,befood_menu,11640312,,,offline
11640313,77657,Gà rán giòn xốt mật ong tỏi,gà rán giòn xốt mật ong tỏi,,126000,,True,befood_menu,11640313,,,offline
11640314,77657,Cánh gà rán giòn xốt mật ong tỏi,cánh gà rán giòn xốt mật ong tỏi,,126000,,True,befood_menu,11640314,,,offline
11640315,77657,Gà rán giòn rắc phô mai,gà rán giòn rắc phô mai,,126000,,True,befood_menu,11640315,,,offline
11640316,77657,Gà rán giòn tỏi xốt mặn ngọt,gà rán giòn tỏi xốt mặn ngọt,,137000,,True,befood_menu,11640316,,,offline
11640317,77657,Gà rán giòn dừa xốt tỏi mặn ngọt,gà rán giòn dừa xốt tỏi mặn ngọt,,137000,,True,befood_menu,11640317,,,offline
11640318,77657,Gà rán giòn xốt Jachiso,gà rán giòn xốt jachiso,,137000,,True,befood_menu,11640318,,,offline
11640319,77657,Gà rán giòn xốt cay nồng,gà rán giòn xốt cay nồng,,126000,,True,befood_menu,11640319,,,offline
11640320,77657,Gà rán giòn xốt cay ngọt,gà rán giòn xốt cay ngọt,,137000,,True,befood_menu,11640320,,,offline
11640321,77657,Gà rán giòn xốt cà tím Mapsody,gà rán giòn xốt cà tím mapsody,,137000,,True,befood_menu,11640321,,,offline
11640322,77657,Gà rán giòn xốt sườn,gà rán giòn xốt sườn,,137000,,True,befood_menu,11640322,,,offline
11640323,77657,Cánh gà giòn xốt Paris,cánh gà giòn xốt paris,,126000,,True,befood_menu,11640323,,,offline
11640328,77657,Gà rán giòn xốt mật ong tỏi rút xương,gà rán giòn xốt mật ong tỏi rút xương,,210000,,True,befood_menu,11640328,,,offline
11640329,77657,Gà rán giòn rắc phô mai rút xương,gà rán giòn rắc phô mai rút xương,,210000,,True,befood_menu,11640329,,,offline
11640330,77657,Gà rán giòn xốt Paris rút xương,gà rán giòn xốt paris rút xương,,210000,,True,befood_menu,11640330,,,offline
11640331,77657,Gà rán giòn xốt cay nóng rút xương,gà rán giòn xốt cay nóng rút xương,,210000,,True,befood_menu,11640331,,,offline
11640332,77657,Gà rán giòn xốt kem tuyết Himalaya,gà rán giòn xốt kem tuyết himalaya,,200000,,True,befood_menu,11640332,,,offline
11640333,77657,Gà rán giòn xốt cay ngọt rút xương,gà rán giòn xốt cay ngọt rút xương,,231000,,True,befood_menu,11640333,,,offline
11640334,77657,Gà rán giòn xốt sườn rút xương,gà rán giòn xốt sườn rút xương,,231000,,True,befood_menu,11640334,,,offline
11640335,77657,Gà rán giòn xốt Jachiso rút xương,gà rán giòn xốt jachiso rút xương,,231000,,True,befood_menu,11640335,,,offline
11640336,77657,Gà rán giòn xốt tỏi mặn ngọt rút xương,gà rán giòn xốt tỏi mặn ngọt rút xương,,231000,,True,befood_menu,11640336,,,offline
11640337,77657,Gà giòn dừa sốt tỏi mặn ngọt rút xương,gà giòn dừa sốt tỏi mặn ngọt rút xương,,231000,,True,befood_menu,11640337,,,offline
11640338,77657,Gà rán giòn xốt cà tím Mapsody rút xương,gà rán giòn xốt cà tím mapsody rút xương,,231000,,True,befood_menu,11640338,,,offline
11640339,77657,Đùi gà nướng Barbecued,đùi gà nướng barbecued,,116000,,True,befood_menu,11640339,,,offline
11640340,77657,Cánh gà nướng Barbecued,cánh gà nướng barbecued,,200000,,True,befood_menu,11640340,,,offline
11640341,77657,Gà hun khói,gà hun khói,,116000,,True,befood_menu,11640341,,,offline
11640342,77657,Gà nướng tẩm gia vị,gà nướng tẩm gia vị,,95000,,True,befood_menu,11640342,,,offline
11640343,77657,Đùi barbecued ngô phô mai,đùi barbecued ngô phô mai,,305000,,True,befood_menu,11640343,,,offline
11640344,77657,Cơm đùi gà nướng Barbecued,cơm đùi gà nướng barbecued,,135000,,True,befood_menu,11640344,,,offline
11640345,77657,Cơm gà nướng tẩm gia vị,cơm gà nướng tẩm gia vị,,114000,,True,befood_menu,11640345,,,offline
11640346,77657,Cơm gà hun khói,cơm gà hun khói,,135000,,True,befood_menu,11640346,,,offline
11640347,77657,Cơm gà BB set 1,cơm gà bb set 1,,146000,,True,befood_menu,11640347,,,offline
11640348,77657,Cơm gà BB set 2,cơm gà bb set 2,,146000,,True,befood_menu,11640348,,,offline
11640349,77657,Cơm gà BB set 3,cơm gà bb set 3,,146000,,True,befood_menu,11640349,,,offline
11640350,77657,Canh Kim Chi - Kimchi Soup,canh kim chi - kimchi soup,,146000,,True,befood_menu,11640350,,,offline
11640351,77657,Canh Chả cá - Fish Cake Soup,canh chả cá - fish cake soup,,173000,,True,befood_menu,11640351,,,offline
11640352,77657,Miến trộn - BB Japchae,miến trộn - bb japchae,,209000,,True,befood_menu,11640352,,,offline
11640353,77657,Cơm rang kim chi cá ngừ,cơm rang kim chi cá ngừ,,142000,,True,befood_menu,11640353,,,offline
11640354,77657,Cơm niêu đá trộn rau truyền thống,cơm niêu đá trộn rau truyền thống,,142000,,True,befood_menu,11640354,,,offline
11640355,77657,Cơm niêu đá trộn thịt bò,cơm niêu đá trộn thịt bò,,163000,,True,befood_menu,11640355,,,offline
11640356,77657,Cơm niêu gà sốt mayonnaise,cơm niêu gà sốt mayonnaise,,142000,,True,befood_menu,11640356,,,offline
11640357,77657,Mỳ tương đen,mỳ tương đen,,105000,,True,befood_menu,11640357,,,offline
11640358,77657,Bánh gạo BB,bánh gạo bb,,93000,,True,befood_menu,11640358,,,offline
11640359,77657,Bánh gạo BB phô mai,bánh gạo bb phô mai,,114000,,True,befood_menu,11640359,,,offline
11640360,77657,Bánh gạo sốt Rose,bánh gạo sốt rose,,156000,,True,befood_menu,11640360,,,offline
11640378,77657,Phô mai viên Hoàng kim (3 viên),phô mai viên hoàng kim (3 viên),,84000,,True,befood_menu,11640378,,,offline
11640362,77657,Salad gà hun khói,salad gà hun khói,,121000,,True,befood_menu,11640362,,,offline
11640363,77657,Salad gà sốt cajun,salad gà sốt cajun,,104000,,True,befood_menu,11640363,,,offline
11640364,77657,Set burger gà giòn truyền thống,set burger gà giòn truyền thống,,135000,,True,befood_menu,11640364,,,offline
11640365,77657,Set burger tôm,set burger tôm,,135000,,True,befood_menu,11640365,,,offline
11640366,77657,Set burger gà nướng,set burger gà nướng,,135000,,True,befood_menu,11640366,,,offline
11640367,77657,Pizza Salad gà sốt Cajun,pizza salad gà sốt cajun,,221000,,True,befood_menu,11640367,,,offline
11640368,77657,Pizza hải sản,pizza hải sản,,221000,,True,befood_menu,11640368,,,offline
11640381,77657,Cơm cốc gà sốt sườn,cơm cốc gà sốt sườn,,93000,,True,befood_menu,11640381,,,offline
11640382,77657,Cơm cốc gà sốt mayonnaise,cơm cốc gà sốt mayonnaise,,93000,,True,befood_menu,11640382,,,offline
11640383,77657,Cơm cốc gà sốt cay ngọt,cơm cốc gà sốt cay ngọt,,93000,,True,befood_menu,11640383,,,offline
11640384,77657,Cơm cốc cơm rang kim chi cá ngừ,cơm cốc cơm rang kim chi cá ngừ,,93000,,True,befood_menu,11640384,,,offline
11640385,77657,Cơm cốc trộn thịt bò Bulgogi,cơm cốc trộn thịt bò bulgogi,,93000,,True,befood_menu,11640385,,,offline
11726843,77657,Gà giòn tứ vị phô mai - Bboom Cheese,gà giòn tứ vị phô mai - bboom cheese,,137000,,True,befood_menu,11726843,,,offline
11726844,77657,Gà giòn tứ vị phô mai rút xương - Bboom Cheese Boneless,gà giòn tứ vị phô mai rút xương - bboom cheese boneless,,231000,,True,befood_menu,11726844,,,offline
6643129,23407,Cơm rang dưa bò,cơm rang dưa bò,,60000,,True,befood_menu,6643129,,,offline
6643130,23407,Mì xào cải bò,mì xào cải bò,,60000,,True,befood_menu,6643130,,,offline
6643131,23407,Mì xào tim cật,mì xào tim cật,,65000,,True,befood_menu,6643131,,,offline
6643132,23407,Cơm rang lẫn bò tim,cơm rang lẫn bò tim,,85000,,True,befood_menu,6643132,,,offline
6643133,23407,Cơm rang cải bò,cơm rang cải bò,,60000,,True,befood_menu,6643133,,,offline
6643134,23407,Cơm rang tim cật,cơm rang tim cật,,65000,,True,befood_menu,6643134,,,offline
6643135,23407,Xào tim cật,xào tim cật,,65000,,True,befood_menu,6643135,,,offline
6643136,23407,Phở tái chín,phở tái chín,,55000,,True,befood_menu,6643136,,,offline
6643137,23407,Phở nạm gầu,phở nạm gầu,,55000,,True,befood_menu,6643137,,,offline
6643138,23407,Phở xào,phở xào,,60000,,True,befood_menu,6643138,,,offline
6643139,23407,Phở tái nạm,phở tái nạm,,55000,,True,befood_menu,6643139,,,offline
6643141,23407,Phở tái lăn,phở tái lăn,,60000,,True,befood_menu,6643141,,,offline
6643142,23407,Phở bắp gầu,phở bắp gầu,,75000,,True,befood_menu,6643142,,,offline
6643144,23407,Phở chín,phở chín,,55000,,True,befood_menu,6643144,,,offline
6643145,23407,Phở sốt vang,phở sốt vang,,55000,,True,befood_menu,6643145,,,offline
6643146,23407,Phở bắp tái,phở bắp tái,,75000,,True,befood_menu,6643146,,,offline
6643147,23407,Phở tái gầu,phở tái gầu,,55000,,True,befood_menu,6643147,,,offline
6643148,23407,Phở tái,phở tái,,55000,,True,befood_menu,6643148,,,offline
6643149,23407,Phở bắp nạm,phở bắp nạm,,75000,,True,befood_menu,6643149,,,offline
6643150,23407,Phở sốt vang gầu,phở sốt vang gầu,,55000,,True,befood_menu,6643150,,,offline
6643151,23407,Phở xào giòn,phở xào giòn,,80000,,True,befood_menu,6643151,,,offline
6643152,23407,Phở áp chảo,phở áp chảo,,60000,,True,befood_menu,6643152,,,offline
6643153,23407,Phở chín gầu,phở chín gầu,,55000,,True,befood_menu,6643153,,,offline
6643154,23407,Phở sốt vang tái,phở sốt vang tái,,60000,,True,befood_menu,6643154,,,offline
6643155,23407,Phở sốt vang nạm,phở sốt vang nạm,,55000,,True,befood_menu,6643155,,,offline
6643156,23407,Phở bắp sốt vang,phở bắp sốt vang,,75000,,True,befood_menu,6643156,,,offline
6643157,23407,Phở sốt vang chín,phở sốt vang chín,,60000,,True,befood_menu,6643157,,,offline
6643158,23407,Phở tim cật,phở tim cật,,55000,,True,befood_menu,6643158,,,offline
540651,15964,Bánh Tráng Cuốn Thịt Heo Quay,bánh tráng cuốn thịt heo quay,,75000,,True,befood_menu,540651,,,offline
540652,15964,Nem Lụi,nem lụi,,65000,,True,befood_menu,540652,,,offline
540653,15964,Bánh Tráng Thịt Heo Luộc,bánh tráng thịt heo luộc,,65000,,True,befood_menu,540653,,,offline
540654,15964,Nem Tôm,nem tôm,,45000,,True,befood_menu,540654,,,offline
540655,15964,Nộm Tai Xúc Bánh Đa Nhỏ,nộm tai xúc bánh đa nhỏ,,45000,,True,befood_menu,540655,,,offline
540656,15964,Cháo Ngao,cháo ngao,,40000,,True,befood_menu,540656,,,offline
540658,15964,Nộm Tai Xúc Bánh Đa Lớn,nộm tai xúc bánh đa lớn,,75000,,True,befood_menu,540658,,,offline
540659,15964,Bún Mắm,bún mắm,,45000,,True,befood_menu,540659,,,offline
477169,13998,Bún đậu,bún đậu,,32000,,True,befood_menu,477169,,,offline
477170,13998,Bánh đa trộn,bánh đa trộn,,32000,,True,befood_menu,477170,,,offline
477171,13998,Mì gà tần,mì gà tần,,32000,,True,befood_menu,477171,,,offline
477172,13998,Bún chả,bún chả,,32000,,True,befood_menu,477172,,,offline
11943904,133949,Cơm rang dưa bò,cơm rang dưa bò,,60000,,True,befood_menu,11943904,,,offline
11943905,133949,Cơm rang sườn chua ngọt,cơm rang sườn chua ngọt,,80000,,True,befood_menu,11943905,,,offline
11943906,133949,Cơm rang sườn áp chảo,cơm rang sườn áp chảo,,80000,,True,befood_menu,11943906,,,offline
11943907,133949,Cơm rang bò xào hành tây,cơm rang bò xào hành tây,,60000,,True,befood_menu,11943907,,,offline
11943908,133949,Cơm rang bò sốt tiêu đen,cơm rang bò sốt tiêu đen,,70000,,True,befood_menu,11943908,,,offline
11943909,133949,Cơm rang cải bò,cơm rang cải bò,,60000,,True,befood_menu,11943909,,,offline
11943913,133949,Cơm rang đùi gà sốt mắm tỏi,cơm rang đùi gà sốt mắm tỏi,,55000,,True,befood_menu,11943913,,,offline
11943914,133949,Cơm rang đùi gà sốt chua ngọt,cơm rang đùi gà sốt chua ngọt,,55000,,True,befood_menu,11943914,,,offline
11943915,133949,Cơm rang thập cẩm bò,cơm rang thập cẩm bò,,65000,,True,befood_menu,11943915,,,offline
11943916,133949,Cơm rang thập cẩm,cơm rang thập cẩm,,45000,,True,befood_menu,11943916,,,offline
11943917,133949,Cơm rang cá mặn,cơm rang cá mặn,,45000,,True,befood_menu,11943917,,,offline
11943918,133949,Cơm rang trứng,cơm rang trứng,,45000,,True,befood_menu,11943918,,,offline
11943919,133949,Cơm rang hải sản,cơm rang hải sản,,60000,,True,befood_menu,11943919,,,offline
11943920,133949,Cơm rang xá xíu,cơm rang xá xíu,,45000,,True,befood_menu,11943920,,,offline
11943921,133949,Cơm rang sườn cốt lết - trứng tráng,cơm rang sườn cốt lết - trứng tráng,,75000,,True,befood_menu,11943921,,,offline
11943922,133949,Cơm rang sườn cốt lết sốt mắm tỏi,cơm rang sườn cốt lết sốt mắm tỏi,,60000,,True,befood_menu,11943922,,,offline
316619,9606,Cơm Thịt Heo Quay Giòn,cơm thịt heo quay giòn,,45000,,True,befood_menu,316619,,,offline
2695576,9606,Cơm Gà Chua Ngọt,cơm gà chua ngọt,,45000,,True,befood_menu,2695576,,,offline
2695579,9606,Cơm Gà xào sả ớt,cơm gà xào sả ớt,,49900,,True,befood_menu,2695579,,,offline
2695580,9606,Cơm Tôm Rang,cơm tôm rang,,49900,,True,befood_menu,2695580,,,offline
2695581,9606,Cơm 2 Miếng Gà Chiên Mắm,cơm 2 miếng gà chiên mắm,,46000,,True,befood_menu,2695581,,,offline
2695583,9606,Cơm Thịt xào hành tây,cơm thịt xào hành tây,,45000,,True,befood_menu,2695583,,,offline
2695585,9606,Cơm Sườn Mặn Ngọt,cơm sườn mặn ngọt,,48000,,True,befood_menu,2695585,,,offline
2695587,9606,Cơm Thịt Kho Tàu,cơm thịt kho tàu,,45000,,True,befood_menu,2695587,,,offline
2695588,9606,Cơm Gà Chiên Mắm,cơm gà chiên mắm,,45000,,True,befood_menu,2695588,,,offline
2695593,9606,Cơm Cá om giềng,cơm cá om giềng,,45000,,True,befood_menu,2695593,,,offline
2695596,9606,Cơm Bò Hầm Khoai Tây,cơm bò hầm khoai tây,,46000,,True,befood_menu,2695596,,,offline
2695597,9606,Cơm thịt xay xào rau củ,cơm thịt xay xào rau củ,,45000,,True,befood_menu,2695597,,,offline
2695599,9606,Cơm Gà Rang Lá Chanh,cơm gà rang lá chanh,,45000,,True,befood_menu,2695599,,,offline
2695604,9606,Cơm Thịt Rang,cơm thịt rang,,45000,,True,befood_menu,2695604,,,offline
5600268,9606,Cơm Thịt Trưng Mắm Tép,cơm thịt trưng mắm tép,,45000,,True,befood_menu,5600268,,,offline
2695589,9606,Cơm Cá Om Giềng VIP,cơm cá om giềng vip,,65000,,True,befood_menu,2695589,,,offline
2695592,9606,Cơm Thịt Rang VIP,cơm thịt rang vip,,65000,,True,befood_menu,2695592,,,offline
2695598,9606,Cơm Gà Xào Xả Ớt VIP,cơm gà xào xả ớt vip,,65000,,True,befood_menu,2695598,,,offline
2695600,9606,Cơm Gà Chiên Mắm VIP,cơm gà chiên mắm vip,,65000,,True,befood_menu,2695600,,,offline
2695601,9606,Cơm Sườn Sốt Chua Ngọt VIP,cơm sườn sốt chua ngọt vip,,69000,,True,befood_menu,2695601,,,offline
2695607,9606,Cơm Gà Rang VIP,cơm gà rang vip,,65000,,True,befood_menu,2695607,,,offline
2695608,9606,Cơm Gà Chua Ngọt VIP,cơm gà chua ngọt vip,,65000,,True,befood_menu,2695608,,,offline
5600266,9606,Cơm Thịt Trưng Mắm Tép VIP,cơm thịt trưng mắm tép vip,,65000,,True,befood_menu,5600266,,,offline
5600267,9606,Cơm Thịt Kho Tàu VIP,cơm thịt kho tàu vip,,65000,,True,befood_menu,5600267,,,offline
8133304,9606,Cơm Thịt Heo Quay VIP,cơm thịt heo quay vip,,65000,,True,befood_menu,8133304,,,offline
8133317,9606,Cơm Tôm Rang VIP,cơm tôm rang vip,,69000,,True,befood_menu,8133317,,,offline
2695590,9606,cơm gà sốt chua ngọt + coca,cơm gà sốt chua ngọt + coca,,58000,,True,befood_menu,2695590,,,offline
2695595,9606,Cơm gà chua ngọt + fanta,cơm gà chua ngọt + fanta,,58000,,True,befood_menu,2695595,,,offline
2695603,9606,Cơm 2 miếng gà chiên mắm + coca,cơm 2 miếng gà chiên mắm + coca,,58000,,True,befood_menu,2695603,,,offline
2695606,9606,Cơm 2 miếng gà chiên mắm + sprite,cơm 2 miếng gà chiên mắm + sprite,,58000,,True,befood_menu,2695606,,,offline
7617183,7635,Combo Cơm Gà Lọc Xương Sốt BBQ + Pepsi,combo cơm gà lọc xương sốt bbq + pepsi,,65000,,True,befood_menu,7617183,,,offline
7617184,7635,Combo Cơm bò xào sốt tiêu đen + Pepsi,combo cơm bò xào sốt tiêu đen + pepsi,,69000,,True,befood_menu,7617184,,,offline
7617185,7635,Combo Cơm Gà Sốt cay ngọt + Pepsi,combo cơm gà sốt cay ngọt + pepsi,,65000,,True,befood_menu,7617185,,,offline
7617186,7635,[Deal Hot] Combo Cơm sườn thăn chiên xù Nhật + Pepsi,[deal hot] combo cơm sườn thăn chiên xù nhật + pepsi,,65000,,True,befood_menu,7617186,,,offline
230344,7635,Cơm sườn thăn chiên xù Nhật,cơm sườn thăn chiên xù nhật,,55000,,True,befood_menu,230344,,,offline
230336,7635,Cơm gà lọc xương sốt cay ngọt,cơm gà lọc xương sốt cay ngọt,,55000,,True,befood_menu,230336,,,offline
230338,7635,Cơm gà lọc xương sốt BBQ,cơm gà lọc xương sốt bbq,,55000,,True,befood_menu,230338,,,offline
230335,7635,Cơm gà lọc xương sốt Teriyaki kiểu Nhật,cơm gà lọc xương sốt teriyaki kiểu nhật,,55000,,True,befood_menu,230335,,,offline
230345,7635,Cơm bò xào sốt tiêu đen,cơm bò xào sốt tiêu đen,,60000,,True,befood_menu,230345,,,offline
342013,7635,Cơm Bò xào sốt tiêu đen + pepsi,cơm bò xào sốt tiêu đen + pepsi,,69000,,True,befood_menu,342013,,,offline
342014,7635,Cơm Gà lọc xương sốt BBQ + pepsi,cơm gà lọc xương sốt bbq + pepsi,,65000,,True,befood_menu,342014,,,offline
342161,7635,Cơm sườn thăn chiên xù Nhật+ pepsi,cơm sườn thăn chiên xù nhật+ pepsi,,65000,,True,befood_menu,342161,,,offline
9481930,7635,Cơm gà lọc xương sốt cay ngọt + pepsi,cơm gà lọc xương sốt cay ngọt + pepsi,,65000,,True,befood_menu,9481930,,,offline
342011,7635,Combo 2 Gà + 1 Nước,combo 2 gà + 1 nước,,87000,,True,befood_menu,342011,,,offline
342012,7635,Combo 1 Gà + 1 Nước,combo 1 gà + 1 nước,,50000,,True,befood_menu,342012,,,offline
1978423,7635,Cơm gà lọc xương sốt Teriyaki kiểu Nhật + Coca,cơm gà lọc xương sốt teriyaki kiểu nhật + coca,,65000,,True,befood_menu,1978423,,,offline
1978424,7635,Cơm sườn thăn chiên xù Nhật + Coca,cơm sườn thăn chiên xù nhật + coca,,65000,,True,befood_menu,1978424,,,offline
1978425,7635,Cơm gà lọc xương sốt cay ngọt + Coca,cơm gà lọc xương sốt cay ngọt + coca,,65000,,True,befood_menu,1978425,,,offline
1978426,7635,Cơm bò xào sốt tiêu đen + Coca,cơm bò xào sốt tiêu đen + coca,,69000,,True,befood_menu,1978426,,,offline
1978427,7635,Cơm gà lọc xương sốt BBQ + Coca,cơm gà lọc xương sốt bbq + coca,,65000,,True,befood_menu,1978427,,,offline
488455,14318,Cơm sườn thăn chiên xù nhật,cơm sườn thăn chiên xù nhật,,55000,,True,befood_menu,488455,,,offline
488453,14318,Cơm gà lọc xương sốt cay ngọt,cơm gà lọc xương sốt cay ngọt,,55000,,True,befood_menu,488453,,,offline
488454,14318,Cơm gà lọc xương sốt BBQ,cơm gà lọc xương sốt bbq,,55000,,True,befood_menu,488454,,,offline
488456,14318,Cơm gà lọc xương sốt Teriyaki kiểu Nhật,cơm gà lọc xương sốt teriyaki kiểu nhật,,55000,,True,befood_menu,488456,,,offline
488462,14318,Cơm bò xào sốt tiêu đen,cơm bò xào sốt tiêu đen,,60000,,True,befood_menu,488462,,,offline
5539406,14318,Gà giòn giòn,gà giòn giòn,,45000,,True,befood_menu,5539406,,,offline
488465,14318,Combo 1 Gà + 1 nước,combo 1 gà + 1 nước,,50000,,True,befood_menu,488465,,,offline
488467,14318,Combo 2 gà + 1 nước,combo 2 gà + 1 nước,,87000,,True,befood_menu,488467,,,offline
2046065,14318,Cơm sườn thăn chiên xù Nhật + Coca,cơm sườn thăn chiên xù nhật + coca,,65000,,True,befood_menu,2046065,,,offline
2046067,14318,Cơm gà lọc xương sốt BBQ + Coca,cơm gà lọc xương sốt bbq + coca,,65000,,True,befood_menu,2046067,,,offline
2046069,14318,Cơm gà lọc xương sốt teriyaki + Coca,cơm gà lọc xương sốt teriyaki + coca,,65000,,True,befood_menu,2046069,,,offline
2046072,14318,Cơm gà lọc xương sốt cay ngọt + Coca,cơm gà lọc xương sốt cay ngọt + coca,,65000,,True,befood_menu,2046072,,,offline
2046074,14318,Cơm bò xào sốt tiêu đen + Coca,cơm bò xào sốt tiêu đen + coca,,69000,,True,befood_menu,2046074,,,offline
4077497,14318,Cơm gà lọc xương sốt Bbq + Pepsi,cơm gà lọc xương sốt bbq + pepsi,,65000,,True,befood_menu,4077497,,,offline
488463,14318,Cơm sườn thăn chiên xù Nhật + pepsi,cơm sườn thăn chiên xù nhật + pepsi,,65000,,True,befood_menu,488463,,,offline
488464,14318,Cơm gà lọc xương sốt cay ngọt +pepsi,cơm gà lọc xương sốt cay ngọt +pepsi,,65000,,True,befood_menu,488464,,,offline
488466,14318,Cơm gà lọc xương sốt Teriyaki kiểu Nhật + pepsi,cơm gà lọc xương sốt teriyaki kiểu nhật + pepsi,,65000,,True,befood_menu,488466,,,offline
488468,14318,Cơm bò xào sốt tiêu đen + 1 chai pepsi,cơm bò xào sốt tiêu đen + 1 chai pepsi,,69000,,True,befood_menu,488468,,,offline
9359634,111742,Cháo cao lớn Ghẹ hấp quinoa,cháo cao lớn ghẹ hấp quinoa,,41000,,True,befood_menu,9359634,,,offline
9359641,111742,Cháo tăng cân Sườn hầm sen dừa,cháo tăng cân sườn hầm sen dừa,,28000,,True,befood_menu,9359641,,,offline
9359650,111742,Cháo tiêu hoá Gà tiềm sen táo đỏ,cháo tiêu hoá gà tiềm sen táo đỏ,,28000,,True,befood_menu,9359650,,,offline
11561696,111742,Cháo tăng cân Vai heo sốt đậu đỏ (Mới),cháo tăng cân vai heo sốt đậu đỏ (mới),,36000,,True,befood_menu,11561696,,,offline
9357081,111742,Set lạnh - Mỳ ý sốt bò bằm (Có gia vị),set lạnh - mỳ ý sốt bò bằm (có gia vị),,56000,,True,befood_menu,9357081,,,offline
9357082,111742,Set lạnh - Nui sốt kem tôm (Có gia vị),set lạnh - nui sốt kem tôm (có gia vị),,56000,,True,befood_menu,9357082,,,offline
9360010,111742,Set lạnh - Nui cá hồi sốt phô mai (Có gia vị),set lạnh - nui cá hồi sốt phô mai (có gia vị),,61000,,True,befood_menu,9360010,,,offline
11560826,111742,Set lạnh - Nui sốt tôm bơ (Có gia vị),set lạnh - nui sốt tôm bơ (có gia vị),,61000,,True,befood_menu,11560826,,,offline
11560840,111742,Set lạnh - Mỳ heo xay sốt xá xíu (Có gia vị),set lạnh - mỳ heo xay sốt xá xíu (có gia vị),,56000,,True,befood_menu,11560840,,,offline
11709515,111742,Bún Đùi heo nấm hương,bún đùi heo nấm hương,,61000,,True,befood_menu,11709515,,,offline
11709523,111742,Bún Sườn hầm bí đỏ,bún sườn hầm bí đỏ,,61000,,True,befood_menu,11709523,,,offline
11709527,111742,Phở Bò băm cà rốt,phở bò băm cà rốt,,61000,,True,befood_menu,11709527,,,offline
11709532,111742,Phở Gà xào bắp cải,phở gà xào bắp cải,,61000,,True,befood_menu,11709532,,,offline
11709537,111742,Phở Tim gà hạt sen,phở tim gà hạt sen,,61000,,True,befood_menu,11709537,,,offline
11567184,111742,Súp.KGV-Sườn đậu ngự bí đỏ,súp.kgv-sườn đậu ngự bí đỏ,,58000,,True,befood_menu,11567184,,,offline
11567196,111742,Súp.KGV-Gà hạt sen quinoa,súp.kgv-gà hạt sen quinoa,,58000,,True,befood_menu,11567196,,,offline
11567206,111742,Súp.KGV-Tôm đậu lăng yến mạch,súp.kgv-tôm đậu lăng yến mạch,,58000,,True,befood_menu,11567206,,,offline
11567210,111742,Súp.KGV-Đùi heo đậu đỏ,súp.kgv-đùi heo đậu đỏ,,58000,,True,befood_menu,11567210,,,offline
11567232,111742,Súp thô.KGV-Cá hồi đậu lăng,súp thô.kgv-cá hồi đậu lăng,,58000,,True,befood_menu,11567232,,,offline
11567238,111742,Súp thô.KGV-Sườn nui,súp thô.kgv-sườn nui,,58000,,True,befood_menu,11567238,,,offline
11567244,111742,Súp thô.KGV-Bồ câu quinoa,súp thô.kgv-bồ câu quinoa,,58000,,True,befood_menu,11567244,,,offline
11567253,111742,Súp thô.KGV-Lươn nấm đông cô,súp thô.kgv-lươn nấm đông cô,,58000,,True,befood_menu,11567253,,,offline
11567257,111742,Súp thô.KGV-Tôm rong biển,súp thô.kgv-tôm rong biển,,58000,,True,befood_menu,11567257,,,offline
9366052,111742,Nhân thô-Bò hầm tứ sắc,nhân thô-bò hầm tứ sắc,,46000,,True,befood_menu,9366052,,,offline
9366055,111742,Nhân thô-Heo xào sen ngô,nhân thô-heo xào sen ngô,,41000,,True,befood_menu,9366055,,,offline
9366058,111742,Nhân thô-Bò hầm đậu ngự,nhân thô-bò hầm đậu ngự,,46000,,True,befood_menu,9366058,,,offline
9366059,111742,Nhân thô-Sườn hầm sen dừa,nhân thô-sườn hầm sen dừa,,41000,,True,befood_menu,9366059,,,offline
9366061,111742,Nhân thô-Đùi heo hầm tứ bảo,nhân thô-đùi heo hầm tứ bảo,,51000,,True,befood_menu,9366061,,,offline
11600793,111742,Nhân thô-Heo đậu xanh táo đỏ,nhân thô-heo đậu xanh táo đỏ,,41000,,True,befood_menu,11600793,,,offline
11600797,111742,Nhân thô-Heo hầm hạt điều,nhân thô-heo hầm hạt điều,,41000,,True,befood_menu,11600797,,,offline
11600799,111742,Nhân thô-Bò hầm hạt sen,nhân thô-bò hầm hạt sen,,46000,,True,befood_menu,11600799,,,offline
11709544,111742,Heo bằm sốt cà chua,heo bằm sốt cà chua,,56000,,True,befood_menu,11709544,,,offline
9366063,111742,Nhân thô-Vịt tiềm đậu xanh,nhân thô-vịt tiềm đậu xanh,,41000,,True,befood_menu,9366063,,,offline
9366065,111742,Nhân thô-Tim hầm đậu đỏ,nhân thô-tim hầm đậu đỏ,,41000,,True,befood_menu,9366065,,,offline
9366068,111742,Nhân thô-Bồ câu tiềm long nhãn,nhân thô-bồ câu tiềm long nhãn,,51000,,True,befood_menu,9366068,,,offline
9366070,111742,Nhân thô-Bồ câu củ sen,nhân thô-bồ câu củ sen,,51000,,True,befood_menu,9366070,,,offline
11600803,111742,Nhân thô-Gà tiềm sen táo đỏ,nhân thô-gà tiềm sen táo đỏ,,41000,,True,befood_menu,11600803,,,offline
11600807,111742,Nhân thô-Gà đen hầm củ sen,nhân thô-gà đen hầm củ sen,,41000,,True,befood_menu,11600807,,,offline
11600809,111742,Nhân thô-Tim om hạnh nhân,nhân thô-tim om hạnh nhân,,41000,,True,befood_menu,11600809,,,offline
9366073,111742,Nhân thô-Ghẹ hấp quinoa,nhân thô-ghẹ hấp quinoa,,51000,,True,befood_menu,9366073,,,offline
9366074,111742,Nhân thô-Tôm ngào bơ tỏi,nhân thô-tôm ngào bơ tỏi,,41000,,True,befood_menu,9366074,,,offline
9366078,111742,Nhân thô-Tôm nấu quinoa,nhân thô-tôm nấu quinoa,,41000,,True,befood_menu,9366078,,,offline
9366079,111742,Nhân thô-Lươn đảo cốt dừa,nhân thô-lươn đảo cốt dừa,,51000,,True,befood_menu,9366079,,,offline
11600812,111742,Nhân thô-Bào ngư rong biển,nhân thô-bào ngư rong biển,,66000,,True,befood_menu,11600812,,,offline
745857,22847,Cơm đùi gà kèm cam ép,cơm đùi gà kèm cam ép,,60000,,True,befood_menu,745857,,,offline
745858,22847,Cơm thịt rang cháy cạnh kèm Coca cola,cơm thịt rang cháy cạnh kèm coca cola,,60000,,True,befood_menu,745858,,,offline
745860,22847,Cơm đùi gà kèm Coca cola,cơm đùi gà kèm coca cola,,60000,,True,befood_menu,745860,,,offline
745861,22847,Cơm cá kho kèm Sprite,cơm cá kho kèm sprite,,60000,,True,befood_menu,745861,,,offline
745865,22847,Cơm thịt rang cháy cạnh đậu sốt,cơm thịt rang cháy cạnh đậu sốt,,50000,,True,befood_menu,745865,,,offline
745866,22847,Cơm thịt kho trứng chả,cơm thịt kho trứng chả,,50000,,True,befood_menu,745866,,,offline
745868,22847,Cơm tôm rang thịt,cơm tôm rang thịt,,50000,,True,befood_menu,745868,,,offline
745869,22847,Cơm đùi gà,cơm đùi gà,,50000,,True,befood_menu,745869,,,offline
745870,22847,Cơm cá kho,cơm cá kho,,50000,,True,befood_menu,745870,,,offline
745871,22847,Cơm gà xào sả ớt,cơm gà xào sả ớt,,50000,,True,befood_menu,745871,,,offline
745872,22847,Cơm gà rang gừng,cơm gà rang gừng,,50000,,True,befood_menu,745872,,,offline
745873,22847,Cơm cá trắm rán,cơm cá trắm rán,,50000,,True,befood_menu,745873,,,offline
745874,22847,Cơm trứng chả xúc xích,cơm trứng chả xúc xích,,50000,,True,befood_menu,745874,,,offline
745875,22847,Cơm gà chua ngọt,cơm gà chua ngọt,,50000,,True,befood_menu,745875,,,offline
6322680,80180,cháo thịt băm,cháo thịt băm,,40000,,True,befood_menu,6322680,,,offline
6322682,80180,cháo tim,cháo tim,,45000,,True,befood_menu,6322682,,,offline
6322683,80180,cháo tim bầu dục,cháo tim bầu dục,,50000,,True,befood_menu,6322683,,,offline
6322684,80180,cháo gà,cháo gà,,45000,,True,befood_menu,6322684,,,offline
6322697,80180,cháo bầu dục,cháo bầu dục,,45000,,True,befood_menu,6322697,,,offline
6941918,80180,cháo tim thịt băm,cháo tim thịt băm,,50000,,True,befood_menu,6941918,,,offline
6322698,80180,mỳ xào tim bầu dục,mỳ xào tim bầu dục,,60000,,True,befood_menu,6322698,,,offline
6322700,80180,mỳ xào tim,mỳ xào tim,,55000,,True,befood_menu,6322700,,,offline
6322701,80180,mỳ xào bầu dục,mỳ xào bầu dục,,55000,,True,befood_menu,6322701,,,offline
6451874,80180,Mì xào bò,mì xào bò,,60000,,True,befood_menu,6451874,,,offline
6322784,80180,Mì trộn gà,mì trộn gà,,55000,,True,befood_menu,6322784,,,offline
6322785,80180,Mì trộn bò,mì trộn bò,,55000,,True,befood_menu,6322785,,,offline
6400352,80180,Mì trộn bầu dục,mì trộn bầu dục,,55000,,True,befood_menu,6400352,,,offline
6400353,80180,Mì trộn tim,mì trộn tim,,55000,,True,befood_menu,6400353,,,offline
8671178,80180,Mì trộn gà bò,mì trộn gà bò,,60000,,True,befood_menu,8671178,,,offline
8671170,80180,Phở trộn gà bò,phở trộn gà bò,,60000,,True,befood_menu,8671170,,,offline
8671172,80180,Phở trộn gà,phở trộn gà,,60000,,True,befood_menu,8671172,,,offline
8671173,80180,Phở trộn bò,phở trộn bò,,55000,,True,befood_menu,8671173,,,offline
8671174,80180,Miến trộn gà bò,miến trộn gà bò,,60000,,True,befood_menu,8671174,,,offline
8671175,80180,Miến trộn bò,miến trộn bò,,55000,,True,befood_menu,8671175,,,offline
8671177,80180,Miến trộn gà,miến trộn gà,,55000,,True,befood_menu,8671177,,,offline
519733,15387,Cơm đảo xíu,cơm đảo xíu,,65000,,True,befood_menu,519733,,,offline
519734,15387,Cơm đảo sườn,cơm đảo sườn,,65000,,True,befood_menu,519734,,,offline
519735,15387,Cơm đảo gà,cơm đảo gà,,65000,,True,befood_menu,519735,,,offline
519736,15387,Cơm đảo cá kho,cơm đảo cá kho,,65000,,True,befood_menu,519736,,,offline
519737,15387,Cơm đảo bò gagu,cơm đảo bò gagu,,65000,,True,befood_menu,519737,,,offline
519738,15387,Cơm xá xíu BBQ truyền thống,cơm xá xíu bbq truyền thống,,60000,,True,befood_menu,519738,,,offline
519739,15387,Cơm sườn nướng BBQ truyền thống,cơm sườn nướng bbq truyền thống,,60000,,True,befood_menu,519739,,,offline
519740,15387,Cơm cá kho BBQ truyền thống,cơm cá kho bbq truyền thống,,60000,,True,befood_menu,519740,,,offline
519741,15387,Cơm đùi gà nướng truyền thống,cơm đùi gà nướng truyền thống,,60000,,True,befood_menu,519741,,,offline
519742,15387,Cơm bò gagu,cơm bò gagu,,60000,,True,befood_menu,519742,,,offline
519717,15387,Combo cơm đảo gà - trứng ốp - coca,combo cơm đảo gà - trứng ốp - coca,,75000,,True,befood_menu,519717,,,offline
519719,15387,Combo cơm đảo cá kho - trứng ốp - coca,combo cơm đảo cá kho - trứng ốp - coca,,75000,,True,befood_menu,519719,,,offline
519720,15387,Combo cơm trắng gà - coca,combo cơm trắng gà - coca,,75000,,True,befood_menu,519720,,,offline
519721,15387,Combo cơm đảo sườn - coca,combo cơm đảo sườn - coca,,75000,,True,befood_menu,519721,,,offline
519722,15387,Combo cơm đảo xá xíu - coca,combo cơm đảo xá xíu - coca,,75000,,True,befood_menu,519722,,,offline
519723,15387,Combo cơm trắng gà - trứng ốp - coca,combo cơm trắng gà - trứng ốp - coca,,75000,,True,befood_menu,519723,,,offline
519724,15387,Combo cơm trắng cá kho - coca,combo cơm trắng cá kho - coca,,70000,,True,befood_menu,519724,,,offline
519725,15387,Combo cơm đảo gà - coca,combo cơm đảo gà - coca,,75000,,True,befood_menu,519725,,,offline
519727,15387,Combo cơm đảo cá kho - coca,combo cơm đảo cá kho - coca,,75000,,True,befood_menu,519727,,,offline
519728,15387,Combo cơm trắng xá xíu - coca,combo cơm trắng xá xíu - coca,,75000,,True,befood_menu,519728,,,offline
519730,15387,Combo cơm đảo bò gagu - coca,combo cơm đảo bò gagu - coca,,75000,,True,befood_menu,519730,,,offline
519731,15387,Combo cơm trắng bò gagu - coca,combo cơm trắng bò gagu - coca,,70000,,True,befood_menu,519731,,,offline
519732,15387,Combo cơm trắng sườn - coca,combo cơm trắng sườn - coca,,75000,,True,befood_menu,519732,,,offline
11260212,128678,Cơm tấm bò kho tiêu,cơm tấm bò kho tiêu,,110000,,True,befood_menu,11260212,,,offline
11260213,128678,Cơm tấm cá bông lau kho,cơm tấm cá bông lau kho,,100000,,True,befood_menu,11260213,,,offline
11260214,128678,Cơm tấm ba rọi rim mắm,cơm tấm ba rọi rim mắm,,100000,,True,befood_menu,11260214,,,offline
11260218,128678,Cơm tấm ba rọi rim mắm bì chả trứng,cơm tấm ba rọi rim mắm bì chả trứng,,136000,,True,befood_menu,11260218,,,offline
11260219,128678,Cơm tấm cá bông lau kho bì chả trứng ốp la,cơm tấm cá bông lau kho bì chả trứng ốp la,,136000,,True,befood_menu,11260219,,,offline
11260220,128678,Cơm tấm ba rọi nướng muối ớt bì trứng ốp la chả,cơm tấm ba rọi nướng muối ớt bì trứng ốp la chả,,126000,,True,befood_menu,11260220,,,offline
11260221,128678,Cơm tấm sườn cốt lết nướng bì trứng ốp chả,cơm tấm sườn cốt lết nướng bì trứng ốp chả,,116000,,True,befood_menu,11260221,,,offline
11260222,128678,Cơm tấm ba rọi rim mắm đặc biệt,cơm tấm ba rọi rim mắm đặc biệt,,150000,,True,befood_menu,11260222,,,offline
11260223,128678,Cơm tấm cá bông lau kho đặc biệt,cơm tấm cá bông lau kho đặc biệt,,150000,,True,befood_menu,11260223,,,offline
11260224,128678,Cơm tấm bò kho tiêu đặc biệt,cơm tấm bò kho tiêu đặc biệt,,160000,,True,befood_menu,11260224,,,offline
11260225,128678,Cơm tấm ba rọi nướng muối ớt đặc biệt,cơm tấm ba rọi nướng muối ớt đặc biệt,,140000,,True,befood_menu,11260225,,,offline
11260226,128678,Cơm tấm sườn cốt lết nướng đặc biệt,cơm tấm sườn cốt lết nướng đặc biệt,,130000,,True,befood_menu,11260226,,,offline
2135839,7207,Cơm Tấm Sườn Nướng,cơm tấm sườn nướng,,50000,,True,befood_menu,2135839,,,offline
2135953,7207,"Cơm Tấm Sườn, Chả","cơm tấm sườn, chả",,59000,,True,befood_menu,2135953,,,offline
2135954,7207,"Cơm Tấm Sườn, Ốp La","cơm tấm sườn, ốp la",,59000,,True,befood_menu,2135954,,,offline
2135955,7207,"Cơm Tấm Sườn, Bì, Chả","cơm tấm sườn, bì, chả",,68000,,True,befood_menu,2135955,,,offline
2135956,7207,"Cơm Tấm Sườn, Bì, Ốp La","cơm tấm sườn, bì, ốp la",,68000,,True,befood_menu,2135956,,,offline
2135957,7207,"Cơm Tấm Sườn, Chả, Ốp La","cơm tấm sườn, chả, ốp la",,68000,,True,befood_menu,2135957,,,offline
2135958,7207,"Cơm Tấm (Đầy Đủ) Sườn, Bì, Chả, Ốp La","cơm tấm (đầy đủ) sườn, bì, chả, ốp la",,77000,,True,befood_menu,2135958,,,offline
4045482,7207,"Cơm Tấm Sườn, Bì","cơm tấm sườn, bì",,59000,,True,befood_menu,4045482,,,offline
2922537,7207,"Cơm Tấm Ba Rọi, Chả, Ốp La","cơm tấm ba rọi, chả, ốp la",,73000,,True,befood_menu,2922537,,,offline
2922539,7207,"Cơm Tấm Ba Rọi, Bì, Ốp La","cơm tấm ba rọi, bì, ốp la",,73000,,True,befood_menu,2922539,,,offline
2922541,7207,"Cơm Tấm Ba Rọi, Bì, Chả","cơm tấm ba rọi, bì, chả",,73000,,True,befood_menu,2922541,,,offline
2927563,7207,Cơm Tấm Ba Rọi Nướng,cơm tấm ba rọi nướng,,55000,,True,befood_menu,2927563,,,offline
2654265,32487,Phở gà trộn truyền thống,phở gà trộn truyền thống,,40000,,True,befood_menu,2654265,,,offline
2654266,32487,Phở trộn gà quay,phở trộn gà quay,,40000,,True,befood_menu,2654266,,,offline
2654267,32487,Phở Trộn Thịt Xá Xíu Chua Ngọt,phở trộn thịt xá xíu chua ngọt,,40000,,True,befood_menu,2654267,,,offline
2654268,32487,Phở gà nước,phở gà nước,,40000,,True,befood_menu,2654268,,,offline
2654269,32487,Miến trộn gà quay chua ngọt,miến trộn gà quay chua ngọt,,40000,,True,befood_menu,2654269,,,offline
2654270,32487,Miến Trộn Thịt Xá Xíu Chua Ngọt,miến trộn thịt xá xíu chua ngọt,,40000,,True,befood_menu,2654270,,,offline
2654271,32487,Phở Gà Bò Tái Lăn,phở gà bò tái lăn,,45000,,True,befood_menu,2654271,,,offline
2654272,32487,Phở Gà Xá Xíu,phở gà xá xíu,,40000,,True,befood_menu,2654272,,,offline
2654273,32487,Phở Bò Tái Lăn,phở bò tái lăn,,45000,,True,befood_menu,2654273,,,offline
2654274,32487,Gà Quay Ăn thêm(100gram),gà quay ăn thêm(100gram),,60000,,True,befood_menu,2654274,,,offline
388175,11305,Cơm Gà Sốt Chua Ngọt,cơm gà sốt chua ngọt,,42000,,True,befood_menu,388175,,,offline
388176,11305,Cơm Gà Chiên Mắm,cơm gà chiên mắm,,42000,,True,befood_menu,388176,,,offline
388177,11305,Cơm Thịt Rang,cơm thịt rang,,45000,,True,befood_menu,388177,,,offline
388178,11305,"Cơm Sườn Xào Chua Ngọt, Trứng Ốp La","cơm sườn xào chua ngọt, trứng ốp la",,45000,,True,befood_menu,388178,,,offline
388179,11305,Cơm Thịt Xào Cần Tỏi,cơm thịt xào cần tỏi,,42000,,True,befood_menu,388179,,,offline
388180,11305,Cơm Gà Xào Sả Ớt,cơm gà xào sả ớt,,42000,,True,befood_menu,388180,,,offline
388181,11305,Cơm Cá biển sốt mặn ngọt,cơm cá biển sốt mặn ngọt,,42000,,True,befood_menu,388181,,,offline
388182,11305,Cơm Thịt Kho,cơm thịt kho,,42000,,True,befood_menu,388182,,,offline
388183,11305,Cơm Thịt Xào Sả Ớt,cơm thịt xào sả ớt,,42000,,True,befood_menu,388183,,,offline
388184,11305,Cơm Gà Xào Nấm,cơm gà xào nấm,,42000,,True,befood_menu,388184,,,offline
388185,11305,Cơm Gà Kho Gừng Sả,cơm gà kho gừng sả,,42000,,True,befood_menu,388185,,,offline
388187,11305,Combo 1 (Cơm Gà Chiên Mắm + Coca Hoặc Pepsi),combo 1 (cơm gà chiên mắm + coca hoặc pepsi),,50000,,True,befood_menu,388187,,,offline
388188,11305,Combo 13: Cơm Gà Chua Ngọt + Coca hoặc Pepsi,combo 13: cơm gà chua ngọt + coca hoặc pepsi,,50000,,True,befood_menu,388188,,,offline
388189,11305,Combo 2 (Cơm Thịt Rang +Coca hoặc Pepsi),combo 2 (cơm thịt rang +coca hoặc pepsi),,52000,,True,befood_menu,388189,,,offline
388190,11305,Combo 3 (Cơm Gà Xào Sả Ớt +Coca hoặc Pepsi),combo 3 (cơm gà xào sả ớt +coca hoặc pepsi),,50000,,True,befood_menu,388190,,,offline
388191,11305,Combo 4 (Cơm Gà Xào Nấm +Coca hoặc Pepsi),combo 4 (cơm gà xào nấm +coca hoặc pepsi),,50000,,True,befood_menu,388191,,,offline
388198,11305,Combo 7: Cơm Thịt Gà Xào Sả Ớt + 01 Miếng Gà Chiên Mắm + Cocacola (Hoặc Đồ Uống Tương Đương),combo 7: cơm thịt gà xào sả ớt + 01 miếng gà chiên mắm + cocacola (hoặc đồ uống tương đương),,60000,,True,befood_menu,388198,,,offline
388199,11305,Combo 9: Cơm Thịt Xào Cần Tỏi + 01 Miếng Gà Chiên Mắm + Cocacola (Hoặc Đồ Uống Tương Đương),combo 9: cơm thịt xào cần tỏi + 01 miếng gà chiên mắm + cocacola (hoặc đồ uống tương đương),,60000,,True,befood_menu,388199,,,offline
388200,11305,Combo 10: Cơm Thịt Xào Sả Ớt + 01 Miếng Gà Chiên Mắm + Cocacola (Hoặc Đồ Uống Tương Đương),combo 10: cơm thịt xào sả ớt + 01 miếng gà chiên mắm + cocacola (hoặc đồ uống tương đương),,60000,,True,befood_menu,388200,,,offline
11838381,133169,Gà nguyên con rán giòn truyền thống không cay,gà nguyên con rán giòn truyền thống không cay,,300000,,True,befood_menu,11838381,,,offline
11838383,133169,Gà nửa con sốt kem hành,gà nửa con sốt kem hành,,175000,,True,befood_menu,11838383,,,offline
11838384,133169,Gà nửa con mix 4,gà nửa con mix 4,,170000,,True,befood_menu,11838384,,,offline
11838385,133169,Gà nửa con mix 3,gà nửa con mix 3,,170000,,True,befood_menu,11838385,,,offline
11838386,133169,Gà nửa con mix 2,gà nửa con mix 2,,170000,,True,befood_menu,11838386,,,offline
11838387,133169,Gà nửa con sốt cay ngọt Hàn Quốc,gà nửa con sốt cay ngọt hàn quốc,,175000,,True,befood_menu,11838387,,,offline
11838388,133169,Gà nửa con rán giòn truyền thống,gà nửa con rán giòn truyền thống,,165000,,True,befood_menu,11838388,,,offline
11838389,133169,Gà nửa con mix 1,gà nửa con mix 1,,170000,,True,befood_menu,11838389,,,offline
11838390,133169,Combo 5 cánh gà sốt cay ngọt Hàn Quốc,combo 5 cánh gà sốt cay ngọt hàn quốc,,185000,,True,befood_menu,11838390,,,offline
11838391,133169,Combo 5 đùi gà sốt cay ngọt Hàn Quốc,combo 5 đùi gà sốt cay ngọt hàn quốc,,195000,,True,befood_menu,11838391,,,offline
11838392,133169,Combo 5 cánh gà rán,combo 5 cánh gà rán,,175000,,True,befood_menu,11838392,,,offline
11838393,133169,Combo 5 đùi gà rán,combo 5 đùi gà rán,,185000,,True,befood_menu,11838393,,,offline
11838398,133169,Gà cốc sốt phomai trứng muối,gà cốc sốt phomai trứng muối,,80000,,True,befood_menu,11838398,,,offline
11838399,133169,Gà cốc sốt kem hành,gà cốc sốt kem hành,,80000,,True,befood_menu,11838399,,,offline
11838400,133169,Gà cốc phủ phomai,gà cốc phủ phomai,,80000,,True,befood_menu,11838400,,,offline
11838401,133169,Gà cốc sốt xì dầu tỏi,gà cốc sốt xì dầu tỏi,,80000,,True,befood_menu,11838401,,,offline
11838402,133169,Gà cốc sốt mù tạt mật ong,gà cốc sốt mù tạt mật ong,,80000,,True,befood_menu,11838402,,,offline
11838403,133169,Gà cốc sốt cay ngọt Hàn Quốc,gà cốc sốt cay ngọt hàn quốc,,80000,,True,befood_menu,11838403,,,offline
11838404,133169,Gà cốc lắc phomai,gà cốc lắc phomai,,80000,,True,befood_menu,11838404,,,offline
11838405,133169,Gà cốc sốt rose,gà cốc sốt rose,,80000,,True,befood_menu,11838405,,,offline
11838406,133169,Ức gà rút xương chiên tokbokki sốt cay ngọt - size nhỡ 2 nguời,ức gà rút xương chiên tokbokki sốt cay ngọt - size nhỡ 2 nguời,,150000,,True,befood_menu,11838406,,,offline
11763891,13003,Ưu Đãi Tháng 05,ưu đãi tháng 05,,62000,,True,befood_menu,11763891,,,offline
9794410,13003,TIỆN LỢI 53K,tiện lợi 53k,,53000,,True,befood_menu,9794410,,,offline
9794411,13003,TIỆN LỢI 59K,tiện lợi 59k,,59000,,True,befood_menu,9794411,,,offline
9794412,13003,TIỆN LỢI 70K,tiện lợi 70k,,70000,,True,befood_menu,9794412,,,offline
443705,13003,Gà Rán 1 Miếng,gà rán 1 miếng,,36000,,True,befood_menu,443705,,,offline
2620061,13003,Gà Rán Phần.,gà rán phần.,,87000,,True,befood_menu,2620061,,,offline
4406151,13003,Gà Sốt HS Phần.,gà sốt hs phần.,,95000,,True,befood_menu,4406151,,,offline
4406152,13003,Gà Sốt Đậu Phần.,gà sốt đậu phần.,,95000,,True,befood_menu,4406152,,,offline
4406153,13003,Gà Sốt Phô Mai Phần.,gà sốt phô mai phần.,,95000,,True,befood_menu,4406153,,,offline
4406155,13003,Gà Sốt Đậu 1 Miếng,gà sốt đậu 1 miếng,,41000,,True,befood_menu,4406155,,,offline
4406156,13003,Gà Sốt HS 1 Miếng,gà sốt hs 1 miếng,,41000,,True,befood_menu,4406156,,,offline
4406157,13003,Gà Sốt Phô Mai 1 Miếng,gà sốt phô mai 1 miếng,,41000,,True,befood_menu,4406157,,,offline
444064,13003,Mì Ý Thịt Bằm (L),mì ý thịt bằm (l),,45000,,True,befood_menu,444064,,,offline
444098,13003,Cơm Thịt Bò,cơm thịt bò,,48000,,True,befood_menu,444098,,,offline
2620947,13003,Mì Ý Thịt Bằm (M),mì ý thịt bằm (m),,35000,,True,befood_menu,2620947,,,offline
3756170,13003,Cơm Teri LChicken,cơm teri lchicken,,48000,,True,befood_menu,3756170,,,offline
4406875,13003,Cơm Gà Sốt Đậu,cơm gà sốt đậu,,48000,,True,befood_menu,4406875,,,offline
4406876,13003,Cơm Gà Sốt HS,cơm gà sốt hs,,48000,,True,befood_menu,4406876,,,offline
4406877,13003,Cơm Gà Sốt Phô Mai,cơm gà sốt phô mai,,48000,,True,befood_menu,4406877,,,offline
9597504,13003,Mì Ý Thịt Bò (M),mì ý thịt bò (m),,45000,,True,befood_menu,9597504,,,offline
9597505,13003,Mì Ý Thịt Bò (L),mì ý thịt bò (l),,55000,,True,befood_menu,9597505,,,offline
443891,13003,Burger Double Double,burger double double,,78000,,True,befood_menu,443891,,,offline
443982,13003,Burger Bulgogi,burger bulgogi,,49000,,True,befood_menu,443982,,,offline
443985,13003,Burger Tôm,burger tôm,,49000,,True,befood_menu,443985,,,offline
444002,13003,Burger Phô Mai,burger phô mai,,47000,,True,befood_menu,444002,,,offline
444003,13003,Combo Burger Phô Mai,combo burger phô mai,,76000,,True,befood_menu,444003,,,offline
444059,13003,Burger Bò Teriyaki,burger bò teriyaki,,45000,,True,befood_menu,444059,,,offline
444060,13003,Combo Burger Bò Teriyaki,combo burger bò teriyaki,,74000,,True,befood_menu,444060,,,offline
2620718,13003,Burger LChicken,burger lchicken,,52000,,True,befood_menu,2620718,,,offline
11696207,13003,Burger Sườn Sài Gòn,burger sườn sài gòn,,39000,,True,befood_menu,11696207,,,offline
11696357,13003,Combo Burger Sườn Sài Gòn,combo burger sườn sài gòn,,58000,,True,befood_menu,11696357,,,offline
444102,13003,Khoai Tây Lắc (Phô Mai),khoai tây lắc (phô mai),,36000,,True,befood_menu,444102,,,offline
444104,13003,Gà Lắc (Phô Mai),gà lắc (phô mai),,44000,,True,befood_menu,444104,,,offline
444105,13003,Phô Mai Que,phô mai que,,36000,,True,befood_menu,444105,,,offline
444181,13003,Mực Rán (3 miếng),mực rán (3 miếng),,28000,,True,befood_menu,444181,,,offline
6407543,13003,Gà Miếng Nuggets (3 miếng),gà miếng nuggets (3 miếng),,28000,,True,befood_menu,6407543,,,offline
6407545,13003,Màn Thầu Chiên,màn thầu chiên,,25000,,True,befood_menu,6407545,,,offline
10138513,13003,Thanh cua (3 miếng),thanh cua (3 miếng),,28000,,True,befood_menu,10138513,,,offline
10258497,13003,Cơm Ly Cháy Tỏi,cơm ly cháy tỏi,,28000,,True,befood_menu,10258497,,,offline
9491209,31548,Gà Popcorn Truyền Thống (Size M),gà popcorn truyền thống (size m),,70000,,True,befood_menu,9491209,,,offline
9491211,31548,Gà Popcorn Sốt Teriyaki (Size M),gà popcorn sốt teriyaki (size m),,70000,,True,befood_menu,9491211,,,offline
9491213,31548,Gà Popcorn Sốt Kem (Size M),gà popcorn sốt kem (size m),,70000,,True,befood_menu,9491213,,,offline
9491216,31548,Gà Popcorn Sốt Mù Tạt Mật Ong (Size M),gà popcorn sốt mù tạt mật ong (size m),,70000,,True,befood_menu,9491216,,,offline
9491219,31548,Gà Popcorn Sốt Tương Tỏi (Size M),gà popcorn sốt tương tỏi (size m),,70000,,True,befood_menu,9491219,,,offline
9491221,31548,Gà Popcorn Phô mai Trứng Muối (Size M),gà popcorn phô mai trứng muối (size m),,70000,,True,befood_menu,9491221,,,offline
9491224,31548,Gà Popcorn Chua Ngọt (Size M),gà popcorn chua ngọt (size m),,70000,,True,befood_menu,9491224,,,offline
9491226,31548,Gà Popcorn Lắc Phô mai (size M),gà popcorn lắc phô mai (size m),,70000,,True,befood_menu,9491226,,,offline
2960526,31548,Gà popcorn chua ngọt,gà popcorn chua ngọt,,95000,,True,befood_menu,2960526,,,offline
2960527,31548,Gà popcorn truyền thống,gà popcorn truyền thống,,95000,,True,befood_menu,2960527,,,offline
2960528,31548,Gà popcorn lắc phô mai,gà popcorn lắc phô mai,,95000,,True,befood_menu,2960528,,,offline
2960529,31548,Gà popcorn sốt mù tạt mật ong,gà popcorn sốt mù tạt mật ong,,95000,,True,befood_menu,2960529,,,offline
2960530,31548,Gà popcorn sốt kem,gà popcorn sốt kem,,95000,,True,befood_menu,2960530,,,offline
2960531,31548,Gà mix nửa con - 2 Coca hoặc Pepsi (Nửa truyền thống - Nửa chua ngọt),gà mix nửa con - 2 coca hoặc pepsi (nửa truyền thống - nửa chua ngọt),,200000,,True,befood_menu,2960531,,,offline
2960532,31548,Gà mix nửa con (Nửa chua ngọt - Nửa mù tạt mật ong),gà mix nửa con (nửa chua ngọt - nửa mù tạt mật ong),,185000,,True,befood_menu,2960532,,,offline
2960533,31548,Gà mix nửa con (Nửa mù tạt mật ong - Nửa sốt kem),gà mix nửa con (nửa mù tạt mật ong - nửa sốt kem),,185000,,True,befood_menu,2960533,,,offline
2960534,31548,Gà mix nửa con (Nửa chua ngọt - Nửa sốt kem),gà mix nửa con (nửa chua ngọt - nửa sốt kem),,185000,,True,befood_menu,2960534,,,offline
2960535,31548,Gà mix nửa con (Nửa truyền thống - Nửa chua ngọt),gà mix nửa con (nửa truyền thống - nửa chua ngọt),,185000,,True,befood_menu,2960535,,,offline
2960536,31548,Gà mix nửa con - 2 coca hoặc pepsi (Nửa chua ngọt - Nửa mù tạt mật ong),gà mix nửa con - 2 coca hoặc pepsi (nửa chua ngọt - nửa mù tạt mật ong),,200000,,True,befood_menu,2960536,,,offline
2960537,31548,Gà mix nửa con (Nửa truyền thống - Nửa sốt tương tỏi),gà mix nửa con (nửa truyền thống - nửa sốt tương tỏi),,185000,,True,befood_menu,2960537,,,offline
2960538,31548,Gà mix nửa con - 2 coca hoặc pepsi (Nửa truyền thống - Nửa mù tạt mật ong),gà mix nửa con - 2 coca hoặc pepsi (nửa truyền thống - nửa mù tạt mật ong),,200000,,True,befood_menu,2960538,,,offline
4271095,31548,Mix Nửa Con ( Nửa truyền thống - Nửa Sốt phô mai trứng muối),mix nửa con ( nửa truyền thống - nửa sốt phô mai trứng muối),,185000,,True,befood_menu,4271095,,,offline
2960539,31548,Gà sốt chua ngọt nửa con,gà sốt chua ngọt nửa con,,185000,,True,befood_menu,2960539,,,offline
2960540,31548,Gà sốt mù tạt mật ong nửa con,gà sốt mù tạt mật ong nửa con,,185000,,True,befood_menu,2960540,,,offline
2960541,31548,Gà truyền thống nửa con,gà truyền thống nửa con,,185000,,True,befood_menu,2960541,,,offline
2960542,31548,Gà rán phomai tuyết nửa con,gà rán phomai tuyết nửa con,,185000,,True,befood_menu,2960542,,,offline
2960543,31548,Gà sốt kem nửa con,gà sốt kem nửa con,,185000,,True,befood_menu,2960543,,,offline
2960544,31548,Gà sốt tương tỏi nửa con,gà sốt tương tỏi nửa con,,185000,,True,befood_menu,2960544,,,offline
4271107,31548,Gà Sốt Phô Mai Trứng Muối Nửa Con,gà sốt phô mai trứng muối nửa con,,185000,,True,befood_menu,4271107,,,offline
2960560,31548,Mề gà rán,mề gà rán,,80000,,True,befood_menu,2960560,,,offline
3032624,31548,Bánh gạo chiên sốt chua ngọt,bánh gạo chiên sốt chua ngọt,,50000,,True,befood_menu,3032624,,,offline
4025876,31548,Bánh Gạo Lắc Phomai,bánh gạo lắc phomai,,50000,,True,befood_menu,4025876,,,offline
4275185,31548,Gà Popcorn + 1 Pepsi,gà popcorn + 1 pepsi,,99000,,True,befood_menu,4275185,,,offline
9323012,111500,Phở lườn,phở lườn,,45000,,True,befood_menu,9323012,,,offline
9323013,111500,Phở lẫn,phở lẫn,,50000,,True,befood_menu,9323013,,,offline
9323014,111500,Phở đùi,phở đùi,,55000,,True,befood_menu,9323014,,,offline
9323015,111500,Phở cánh,phở cánh,,55000,,True,befood_menu,9323015,,,offline
9619297,111500,Phở gà đặc biệt,phở gà đặc biệt,,70000,,True,befood_menu,9619297,,,offline
9323016,111500,Cơm gà thường,cơm gà thường,,60000,,True,befood_menu,9323016,,,offline
9323017,111500,Cơm gà đặc biệt,cơm gà đặc biệt,,70000,,True,befood_menu,9323017,,,offline
9619858,111500,Bún gà đặc biệt,bún gà đặc biệt,,70000,,True,befood_menu,9619858,,,offline
9619861,111500,Bún gà đùi,bún gà đùi,,55000,,True,befood_menu,9619861,,,offline
9619863,111500,Bún gà lẫn,bún gà lẫn,,50000,,True,befood_menu,9619863,,,offline
9619914,111500,Bún Gà Lườn,bún gà lườn,,45000,,True,befood_menu,9619914,,,offline
9619937,111500,Miến Đặc Biệt,miến đặc biệt,,70000,,True,befood_menu,9619937,,,offline
9619941,111500,Miến Đùi,miến đùi,,55000,,True,befood_menu,9619941,,,offline
9619943,111500,Miến Lẫn,miến lẫn,,50000,,True,befood_menu,9619943,,,offline
1049131,29781,Bánh mì Muối Ớt (suất vừa - 2 phần ),bánh mì muối ớt (suất vừa - 2 phần ),,46900,,True,befood_menu,1049131,,,offline
1049132,29781,Suất double ( 1 phần nướng sốt + 1 phần muối ớt),suất double ( 1 phần nướng sốt + 1 phần muối ớt),,47900,,True,befood_menu,1049132,,,offline
1049133,29781,Bánh mì Nướng Sốt ( suất vừa - 2 phần - kem trứng phô mai),bánh mì nướng sốt ( suất vừa - 2 phần - kem trứng phô mai),,47900,,True,befood_menu,1049133,,,offline
1049134,29781,Bánh mì muối ớt ( suất bé - 1 phần ),bánh mì muối ớt ( suất bé - 1 phần ),,24900,,True,befood_menu,1049134,,,offline
1049135,29781,Bánh mì nướng sốt ( suất bé - 1 phần,bánh mì nướng sốt ( suất bé - 1 phần,,26900,,True,befood_menu,1049135,,,offline
5114521,29781,Bánh Quy Chấm Sốt ( Suất 1 kem + 1 bánh),bánh quy chấm sốt ( suất 1 kem + 1 bánh),,27900,,True,befood_menu,5114521,,,offline
5114524,29781,Bánh Quy Chấm Sốt ( Suất 2 kem - 1 bánh),bánh quy chấm sốt ( suất 2 kem - 1 bánh),,37900,,True,befood_menu,5114524,,,offline
5114527,29781,Bánh Quy Chấm Sốt ( Suất 3 kem + 1 bánh),bánh quy chấm sốt ( suất 3 kem + 1 bánh),,47900,,True,befood_menu,5114527,,,offline
5017268,29781,Kem Trứng + Bánh Mì Nướng (1 suất 2 trứng + 2 bánh),kem trứng + bánh mì nướng (1 suất 2 trứng + 2 bánh),,36900,,True,befood_menu,5017268,,,offline
5017270,29781,Siêu Kem Trứng + Bánh Mì Nướng (1 suất 3 trứng + 2 bánh ),siêu kem trứng + bánh mì nướng (1 suất 3 trứng + 2 bánh ),,46900,,True,befood_menu,5017270,,,offline
5017272,29781,Kem Trứng Cacao + Bánh Mì Nướng (1 suất 2 trứng + 2 bánh),kem trứng cacao + bánh mì nướng (1 suất 2 trứng + 2 bánh),,38900,,True,befood_menu,5017272,,,offline
5017273,29781,Siêu Kem Trứng Cacao + Bánh Mì Nướng (1 suất 3 trứng + 2 bánh ),siêu kem trứng cacao + bánh mì nướng (1 suất 3 trứng + 2 bánh ),,48900,,True,befood_menu,5017273,,,offline
1049139,29781,Bánh mì ruốc hành xúc xích,bánh mì ruốc hành xúc xích,,28900,,True,befood_menu,1049139,,,offline
1049140,29781,Bánh mì ruốc hành,bánh mì ruốc hành,,20900,,True,befood_menu,1049140,,,offline
1049174,29781,Ruốc thịt nguyên chất ( 100gr),ruốc thịt nguyên chất ( 100gr),,39900,,True,befood_menu,1049174,,,offline
5993900,76300,Miến gà trộn đặc biệt,miến gà trộn đặc biệt,,75000,,True,befood_menu,5993900,,,offline
5993901,76300,Miến trộn gà,miến trộn gà,,60000,,True,befood_menu,5993901,,,offline
5993902,76300,Phở gà trộn đặc biệt,phở gà trộn đặc biệt,,70000,,True,befood_menu,5993902,,,offline
5993903,76300,Phở gà trộn,phở gà trộn,,55000,,True,befood_menu,5993903,,,offline
7244539,76300,Bún Trộn Gà Đặt Biệt,bún trộn gà đặt biệt,,70000,,True,befood_menu,7244539,,,offline
7244540,76300,Bún Trộn Gà,bún trộn gà,,60000,,True,befood_menu,7244540,,,offline
7244541,76300,Miến Trộn Gà,miến trộn gà,,60000,,True,befood_menu,7244541,,,offline
7244542,76300,Miến Trộn Gà Đặt Biệt,miến trộn gà đặt biệt,,75000,,True,befood_menu,7244542,,,offline
7244543,76300,Phở Gà Trộn,phở gà trộn,,60000,,True,befood_menu,7244543,,,offline
7244544,76300,Phở Gà Trộn Đặt Biệt,phở gà trộn đặt biệt,,75000,,True,befood_menu,7244544,,,offline
7244649,76300,Mì bò,mì bò,,65000,,True,befood_menu,7244649,,,offline
7244655,76300,Mì bò gà,mì bò gà,,75000,,True,befood_menu,7244655,,,offline
10125602,119112,Cơm rang Hawaii,cơm rang hawaii,,60000,,True,befood_menu,10125602,,,offline
10125603,119112,Cơm rang thập cẩm - 大盛り炒飯,cơm rang thập cẩm - 大盛り炒飯,,45000,,True,befood_menu,10125603,,,offline
10125604,119112,Cơm rang thập cẩm sốt thịt băm cay nhẹ - ピリ辛ひき肉大盛り炒飯,cơm rang thập cẩm sốt thịt băm cay nhẹ - ピリ辛ひき肉大盛り炒飯,,60000,,True,befood_menu,10125604,,,offline
10125605,119112,Cơm rang thịt nướng - 焼き肉炒飯,cơm rang thịt nướng - 焼き肉炒飯,,65000,,True,befood_menu,10125605,,,offline
10125606,119112,Cơm rang thập cẩm ức gà nướng - グリル若鶏炒飯,cơm rang thập cẩm ức gà nướng - グリル若鶏炒飯,,60000,,True,befood_menu,10125606,,,offline
10125607,119112,Cơm rang thập cẩm bò xào,cơm rang thập cẩm bò xào,,65000,,True,befood_menu,10125607,,,offline
10125608,119112,Cơm rang cá ngừ - ツナマヨ 炒飯 - best seller,cơm rang cá ngừ - ツナマヨ 炒飯 - best seller,,60000,,True,befood_menu,10125608,,,offline
10135546,119112,Cơm rang trứng chảy ruốc,cơm rang trứng chảy ruốc,,60000,,True,befood_menu,10135546,,,offline
10135547,119112,Cơm rang trứng chảy sốt thịt băm,cơm rang trứng chảy sốt thịt băm,,65000,,True,befood_menu,10135547,,,offline
10125609,119112,B - cơm rang 2 trong 1 - sốt thịt băm - cá ngừ,b - cơm rang 2 trong 1 - sốt thịt băm - cá ngừ,,60000,,True,befood_menu,10125609,,,offline
10125610,119112,A - cơm rang 2 trong 1 - thịt nướng - cá ngừ,a - cơm rang 2 trong 1 - thịt nướng - cá ngừ,,65000,,True,befood_menu,10125610,,,offline
9656576,114792,Bún chả lẫn,bún chả lẫn,,58000,,True,befood_menu,9656576,,,offline
9656575,114792,Bún chả miếng,bún chả miếng,,58000,,True,befood_menu,9656575,,,offline
9656574,114792,Bún chả viên,bún chả viên,,58000,,True,befood_menu,9656574,,,offline
9749033,114792,Suất bún nem rán,suất bún nem rán,,58000,,True,befood_menu,9749033,,,offline
9947702,114792,2 bún chả miếng + 1 coca,2 bún chả miếng + 1 coca,,126000,,True,befood_menu,9947702,,,offline
9947703,114792,2 bún chả viên + 1 coca,2 bún chả viên + 1 coca,,126000,,True,befood_menu,9947703,,,offline
9947704,114792,2 bún chả lẫn + 1 coca,2 bún chả lẫn + 1 coca,,126000,,True,befood_menu,9947704,,,offline
3545944,17056,Gỏi Cuốn tôm thịt Mắm Nêm,gỏi cuốn tôm thịt mắm nêm,,75000,,True,befood_menu,3545944,,,offline
3545945,17056,Gỏi cuốn tôm thịt mắm nêm - 1 chiếc,gỏi cuốn tôm thịt mắm nêm - 1 chiếc,,15000,,True,befood_menu,3545945,,,offline
3545947,17056,Gỏi cuốn thịt heo chấm mắm nêm,gỏi cuốn thịt heo chấm mắm nêm,,60000,,True,befood_menu,3545947,,,offline
3545949,17056,Gỏi cuốn tôm (1 chiếc) chấm mắm nêm,gỏi cuốn tôm (1 chiếc) chấm mắm nêm,,15000,,True,befood_menu,3545949,,,offline
3545951,17056,Gỏi cuốn thịt heo mắm nêm,gỏi cuốn thịt heo mắm nêm,,60000,,True,befood_menu,3545951,,,offline
6312985,17056,Gỏi cuốn nem nướng( 5 chiếc),gỏi cuốn nem nướng( 5 chiếc),,65000,,True,befood_menu,6312985,,,offline
6312986,17056,Heo khô cháy tỏi,heo khô cháy tỏi,,30000,,True,befood_menu,6312986,,,offline
6640522,17056,Sét 3 gói cơm cháy mắm hành,sét 3 gói cơm cháy mắm hành,,33000,,True,befood_menu,6640522,,,offline
8668863,105958,Bánh cuốn thịt nhiều nhân cuộn tròn chả quế,bánh cuốn thịt nhiều nhân cuộn tròn chả quế,,65000,,True,befood_menu,8668863,,,offline
8668864,105958,Bánh cuốn rong biển tôm thịt đặc biệt,bánh cuốn rong biển tôm thịt đặc biệt,,58000,,True,befood_menu,8668864,,,offline
8668865,105958,Bánh cuốn thịt nấm nhiều nhân cuộn tròn,bánh cuốn thịt nấm nhiều nhân cuộn tròn,,63000,,True,befood_menu,8668865,,,offline
8668866,105958,Bánh cuốn nhân hành phi không chả,bánh cuốn nhân hành phi không chả,,45000,,True,befood_menu,8668866,,,offline
8668867,105958,Bánh cuốn gà nấm không chả,bánh cuốn gà nấm không chả,,45000,,True,befood_menu,8668867,,,offline
8668868,105958,Bánh cuốn thịt nấm không chả,bánh cuốn thịt nấm không chả,,45000,,True,befood_menu,8668868,,,offline
8668869,105958,Bánh cuốn chay không chả,bánh cuốn chay không chả,,40000,,True,befood_menu,8668869,,,offline
8668870,105958,Bánh cuốn gà nấm chả quế,bánh cuốn gà nấm chả quế,,49000,,True,befood_menu,8668870,,,offline
8668871,105958,Bánh cuốn không nhân có chả,bánh cuốn không nhân có chả,,45000,,True,befood_menu,8668871,,,offline
8668873,105958,Bánh cuốn tôm thịt nấm không chả,bánh cuốn tôm thịt nấm không chả,,45000,,True,befood_menu,8668873,,,offline
8668874,105958,Bánh cuốn nhân ruốc tôm chả quế,bánh cuốn nhân ruốc tôm chả quế,,49000,,True,befood_menu,8668874,,,offline
8668875,105958,Bánh cuốn thịt nấm có chả,bánh cuốn thịt nấm có chả,,49000,,True,befood_menu,8668875,,,offline
8668876,105958,Bánh cuốn thịt không chả,bánh cuốn thịt không chả,,40000,,True,befood_menu,8668876,,,offline
8668877,105958,Bánh cuốn tôm thịt nấm có chả,bánh cuốn tôm thịt nấm có chả,,49000,,True,befood_menu,8668877,,,offline
8668878,105958,Bánh cuốn thịt chả quế,bánh cuốn thịt chả quế,,45000,,True,befood_menu,8668878,,,offline
8668879,105958,Bánh cuốn trứng chảy lòng đào,bánh cuốn trứng chảy lòng đào,,25000,,True,befood_menu,8668879,,,offline
8691768,105958,Bánh cuốn rong biển cuộn hành phi,bánh cuốn rong biển cuộn hành phi,,50000,,True,befood_menu,8691768,,,offline
11799469,132613,Phở bò chín,phở bò chín,,42000,,True,befood_menu,11799469,,,offline
11799470,132613,Phở bò tái,phở bò tái,,42000,,True,befood_menu,11799470,,,offline
11799471,132613,Phở bò tái chín,phở bò tái chín,,42000,,True,befood_menu,11799471,,,offline
11799472,132613,Phở bò tái lăn,phở bò tái lăn,,50000,,True,befood_menu,11799472,,,offline
2353515,34875,Phở Gà Trộn,phở gà trộn,,53000,,True,befood_menu,2353515,,,offline
2353516,34875,Phở Trộn Đùi Gà,phở trộn đùi gà,,66000,,True,befood_menu,2353516,,,offline
2353517,34875,Phở Trộn Thường,phở trộn thường,,48000,,True,befood_menu,2353517,,,offline
2353518,34875,Phở Trộn Cánh,phở trộn cánh,,58000,,True,befood_menu,2353518,,,offline
2353527,34875,Bún Gà Trộn,bún gà trộn,,53000,,True,befood_menu,2353527,,,offline
2353528,34875,Bún Trộn Đùi Gà,bún trộn đùi gà,,66000,,True,befood_menu,2353528,,,offline
2353529,34875,Bún Trộn Thường,bún trộn thường,,48000,,True,befood_menu,2353529,,,offline
2353530,34875,Bún Trộn Cánh,bún trộn cánh,,58000,,True,befood_menu,2353530,,,offline
2353538,34875,Mỳ Gà Trộn,mỳ gà trộn,,53000,,True,befood_menu,2353538,,,offline
2353539,34875,Mỳ Trộn Đùi Gà,mỳ trộn đùi gà,,66000,,True,befood_menu,2353539,,,offline
2353540,34875,Mỳ Trộn Thường,mỳ trộn thường,,48000,,True,befood_menu,2353540,,,offline
2353541,34875,Mỳ Trộn Cánh,mỳ trộn cánh,,58000,,True,befood_menu,2353541,,,offline
3409904,14305,Phở Tái Chín,phở tái chín,,56000,,True,befood_menu,3409904,,,offline
3409905,14305,Phở Tái Gầu,phở tái gầu,,56000,,True,befood_menu,3409905,,,offline
3409906,14305,Phở Tái gầu giòn,phở tái gầu giòn,,66000,,True,befood_menu,3409906,,,offline
3409907,14305,Phở Tái,phở tái,,46000,,True,befood_menu,3409907,,,offline
3409908,14305,Phở Tái Nạm,phở tái nạm,,51000,,True,befood_menu,3409908,,,offline
3409909,14305,Phở Tái Lăn,phở tái lăn,,56000,,True,befood_menu,3409909,,,offline
3409910,14305,Phở Tái Tủy,phở tái tủy,,61000,,True,befood_menu,3409910,,,offline
3409911,14305,Phở Bò Chín,phở bò chín,,51000,,True,befood_menu,3409911,,,offline
3409912,14305,Phở Chín Gầu,phở chín gầu,,56000,,True,befood_menu,3409912,,,offline
3409934,14305,Phở Chín Nạm,phở chín nạm,,51000,,True,befood_menu,3409934,,,offline
3409935,14305,Phở Gân,phở gân,,61000,,True,befood_menu,3409935,,,offline
3409936,14305,Phở Bắp Bò,phở bắp bò,,66000,,True,befood_menu,3409936,,,offline
3409937,14305,Phở Bắp Tuỷ,phở bắp tuỷ,,81000,,True,befood_menu,3409937,,,offline
3409938,14305,Phở Bắp Gầu Giòn,phở bắp gầu giòn,,81000,,True,befood_menu,3409938,,,offline
3409939,14305,Phở Bắp Lăn,phở bắp lăn,,81000,,True,befood_menu,3409939,,,offline
3409940,14305,Phở Sốt Vang,phở sốt vang,,56000,,True,befood_menu,3409940,,,offline
3409941,14305,Phở Sốt Vang Giầu Giòn,phở sốt vang giầu giòn,,81000,,True,befood_menu,3409941,,,offline
3409942,14305,Phở Lõi Gầu Giòn,phở lõi gầu giòn,,96000,,True,befood_menu,3409942,,,offline
3409943,14305,Phở Lõi Bò,phở lõi bò,,86000,,True,befood_menu,3409943,,,offline
3409965,14305,Phở Lõi Lăn,phở lõi lăn,,95000,,True,befood_menu,3409965,,,offline
3409966,14305,Phở Lõi Tuỷ,phở lõi tuỷ,,95000,,True,befood_menu,3409966,,,offline
7209942,91853,Bún mắm nêm,bún mắm nêm,,55000,,True,befood_menu,7209942,,,offline
7209943,91853,Bánh bột lọc lá Huế - 6 cái,bánh bột lọc lá huế - 6 cái,,53000,,True,befood_menu,7209943,,,offline
395309,11493,Bún Hải Sản Hoa Quả Size S (Cỡ Nhỏ),bún hải sản hoa quả size s (cỡ nhỏ),,50000,,True,befood_menu,395309,,,offline
395307,11493,Bún Hải Sản Hoa Quả Size M (Cỡ Vừa),bún hải sản hoa quả size m (cỡ vừa),,60000,,True,befood_menu,395307,,,offline
395310,11493,Bún Hải Sản Hoa Quả Size XL (Cỡ Đại),bún hải sản hoa quả size xl (cỡ đại),,80000,,True,befood_menu,395310,,,offline
395308,11493,Bún Hải Sản Hoa Quả Size L (Cỡ Lớn),bún hải sản hoa quả size l (cỡ lớn),,70000,,True,befood_menu,395308,,,offline
4089143,11493,Bún Cá Trái Cây Size S (Cỡ Nhỏ),bún cá trái cây size s (cỡ nhỏ),,50000,,True,befood_menu,4089143,,,offline
4089144,11493,Bún Cá Trái Cây Size M (Cỡ Vừa),bún cá trái cây size m (cỡ vừa),,60000,,True,befood_menu,4089144,,,offline
4089145,11493,Bún Cá Trái Cây Size L (Cỡ Lớn),bún cá trái cây size l (cỡ lớn),,70000,,True,befood_menu,4089145,,,offline
4089146,11493,Bún Cá Trái Cây Size XL (Cỡ Đại),bún cá trái cây size xl (cỡ đại),,80000,,True,befood_menu,4089146,,,offline
395313,11493,Bún Chanh Dây Bò Việt Size S (Cỡ Nhỏ),bún chanh dây bò việt size s (cỡ nhỏ),,50000,,True,befood_menu,395313,,,offline
395311,11493,Bún Chanh Dây Bò Việt Size M (Cỡ Vừa),bún chanh dây bò việt size m (cỡ vừa),,60000,,True,befood_menu,395311,,,offline
395312,11493,Bún Chanh Dây Bò Việt Size L (Cỡ Lớn),bún chanh dây bò việt size l (cỡ lớn),,70000,,True,befood_menu,395312,,,offline
395314,11493,Bún Chanh Dây Bò Việt Size XL (Cỡ Đại),bún chanh dây bò việt size xl (cỡ đại),,80000,,True,befood_menu,395314,,,offline
395318,11493,Bún Bò Biển Size S (Cỡ Nhỏ),bún bò biển size s (cỡ nhỏ),,75000,,True,befood_menu,395318,,,offline
395315,11493,Bún Bò Biển Size M (Cỡ Vừa),bún bò biển size m (cỡ vừa),,80000,,True,befood_menu,395315,,,offline
395316,11493,Bún Bò Biển Size L (Cỡ Lớn),bún bò biển size l (cỡ lớn),,85000,,True,befood_menu,395316,,,offline
395317,11493,Bún Bò Biển Size XL (Cỡ Đại),bún bò biển size xl (cỡ đại),,100000,,True,befood_menu,395317,,,offline
9656371,11493,Bún Chả Mực Bò Viên Đậu Phụ,bún chả mực bò viên đậu phụ,,50000,,True,befood_menu,9656371,,,offline
9656372,11493,Bún Ốc Nhồi Bò Viên Đậu Phụ,bún ốc nhồi bò viên đậu phụ,,50000,,True,befood_menu,9656372,,,offline
744806,22815,Bánh Cuốn Trứng Giò Cao Bằng,bánh cuốn trứng giò cao bằng,,45000,,True,befood_menu,744806,,,offline
744811,22815,Bánh Vàng,bánh vàng,,15000,,True,befood_menu,744811,,,offline
744814,22815,Bánh Cuốn Trứng,bánh cuốn trứng,,13000,,True,befood_menu,744814,,,offline
744815,22815,Giò,giò,,13000,,True,befood_menu,744815,,,offline
744818,22815,Thạch Đen Nhà Làm,thạch đen nhà làm,,50000,,True,befood_menu,744818,,,offline
4026290,22815,Bánh Cuốn Nhân Thịt(Ko Trứng Ko Giò),bánh cuốn nhân thịt(ko trứng ko giò),,45000,,True,befood_menu,4026290,,,offline
7316583,93168,Bún Trộn Bò Nam Bộ - sốt me,bún trộn bò nam bộ - sốt me,,60000,,True,befood_menu,7316583,,,offline
7339151,93168,Bún Trộn Bò Truyền Thống,bún trộn bò truyền thống,,60000,,True,befood_menu,7339151,,,offline
7365329,93168,Bún Trộn Nem Nướng,bún trộn nem nướng,,60000,,True,befood_menu,7365329,,,offline
7365330,93168,Bún Trộn Nem Nướng + Xúc Xích,bún trộn nem nướng + xúc xích,,115000,,True,befood_menu,7365330,,,offline
7365331,93168,Bún Trộn Xúc Xích,bún trộn xúc xích,,54000,,True,befood_menu,7365331,,,offline
7392114,93168,Bún Trộn Nem Rán,bún trộn nem rán,,60000,,True,befood_menu,7392114,,,offline
7392115,93168,Bún Trộn Đặc Biệt (Nem Nướng).,bún trộn đặc biệt (nem nướng).,,70000,,True,befood_menu,7392115,,,offline
7339152,93168,Phở Trộn Thịt Bò,phở trộn thịt bò,,60000,,True,befood_menu,7339152,,,offline
7365336,93168,Phở Trộn Nem Nướng,phở trộn nem nướng,,60000,,True,befood_menu,7365336,,,offline
7404288,93168,Phở Trộn Đặc Biệt,phở trộn đặc biệt,,80000,,True,befood_menu,7404288,,,offline
8873192,93168,Phở Trộn xúc xích,phở trộn xúc xích,,54000,,True,befood_menu,8873192,,,offline
9459016,93168,Phở Trộn Xúc Xích + Nem Nướng,phở trộn xúc xích + nem nướng,,57500,,True,befood_menu,9459016,,,offline
8093782,93168,Phở Trộn Bò + 1 pepsi,phở trộn bò + 1 pepsi,,68000,,True,befood_menu,8093782,,,offline
9187674,93168,ComBo Bún Trộn Nem nướng + 2 Pepsi,combo bún trộn nem nướng + 2 pepsi,,99000,,True,befood_menu,9187674,,,offline
5924048,1108,cơm rang dưa bò nhiều cơm,cơm rang dưa bò nhiều cơm,,61000,,True,befood_menu,5924048,,,offline
5924049,1108,cơm rang xá xíu nhiều cơm,cơm rang xá xíu nhiều cơm,,61000,,True,befood_menu,5924049,,,offline
5924050,1108,cơm rang thập cẩm nhiều cơm,cơm rang thập cẩm nhiều cơm,,61000,,True,befood_menu,5924050,,,offline
5924051,1108,cơm rang gà nhiều cơm,cơm rang gà nhiều cơm,,61000,,True,befood_menu,5924051,,,offline
5924052,1108,cơm rang chả giò nhiều cơm,cơm rang chả giò nhiều cơm,,61000,,True,befood_menu,5924052,,,offline
5924053,1108,cơm rang dưa bò ngập thịt,cơm rang dưa bò ngập thịt,,67000,,True,befood_menu,5924053,,,offline
5924054,1108,cơm rang xá xíu ngập thịt,cơm rang xá xíu ngập thịt,,67000,,True,befood_menu,5924054,,,offline
5924055,1108,cơm rang thập cẩm ngập thịt,cơm rang thập cẩm ngập thịt,,67000,,True,befood_menu,5924055,,,offline
5924056,1108,cơm rang chả giò ngập thịt,cơm rang chả giò ngập thịt,,77000,,True,befood_menu,5924056,,,offline
5924057,1108,cơm rang gà ngập thịt,cơm rang gà ngập thịt,,77000,,True,befood_menu,5924057,,,offline
5924058,1108,cơm rang bò + trứng ốp + trà đào hoặc quất,cơm rang bò + trứng ốp + trà đào hoặc quất,,65000,,True,befood_menu,5924058,,,offline
5924059,1108,cơm rang xá xíu + trứng ốp + trà đào hoặc quất,cơm rang xá xíu + trứng ốp + trà đào hoặc quất,,65000,,True,befood_menu,5924059,,,offline
5924060,1108,cơm rang thập cẩm + trứng ốp + trà đào hoặc quất,cơm rang thập cẩm + trứng ốp + trà đào hoặc quất,,65000,,True,befood_menu,5924060,,,offline
5924061,1108,cơm rang gà + trứng ốp + trà đào hoặc quất,cơm rang gà + trứng ốp + trà đào hoặc quất,,65000,,True,befood_menu,5924061,,,offline
5924062,1108,cơm rang chả giò + trứng ốp + trà đào hoặc quất,cơm rang chả giò + trứng ốp + trà đào hoặc quất,,65000,,True,befood_menu,5924062,,,offline
5633621,1108,cơm rang gà mất trí,cơm rang gà mất trí,,57000,,True,befood_menu,5633621,,,offline
5633660,1108,cơm rang dưa bò,cơm rang dưa bò,,57000,,True,befood_menu,5633660,,,offline
5633668,1108,cơm rang thập cẩm,cơm rang thập cẩm,,57000,,True,befood_menu,5633668,,,offline
5633671,1108,cơm rang xá xíu,cơm rang xá xíu,,57000,,True,befood_menu,5633671,,,offline
5633672,1108,cơm rang chả giò,cơm rang chả giò,,57000,,True,befood_menu,5633672,,,offline
9596704,1108,mỳ gà tần,mỳ gà tần,,55000,,True,befood_menu,9596704,,,offline
9219335,40980,Cơm thố Gà - Trứng,cơm thố gà - trứng,,85000,,True,befood_menu,9219335,,,offline
2965481,40980,CƠM THỐ ĐẶC BIỆT,cơm thố đặc biệt,,95000,,True,befood_menu,2965481,,,offline
6410385,40980,CƠM THỐ MIX 2 vị,cơm thố mix 2 vị,,85000,,True,befood_menu,6410385,,,offline
6467064,40980,CƠM CHIÊN RAU CỦ,cơm chiên rau củ,,45000,,True,befood_menu,6467064,,,offline
7607402,40980,CƠM CHIÊN DƯƠNG CHÂU,cơm chiên dương châu,,60000,,True,befood_menu,7607402,,,offline
7740188,40980,CƠM THỐ GÀ,cơm thố gà,,68000,,True,befood_menu,7740188,,,offline
8102496,40980,CƠM THỐ HEO,cơm thố heo,,75000,,True,befood_menu,8102496,,,offline
9016912,40980,CƠM THỐ BÒ,cơm thố bò,,75000,,True,befood_menu,9016912,,,offline
9017691,40980,Cơm trắng thịt gà trứng ốp,cơm trắng thịt gà trứng ốp,,70000,,True,befood_menu,9017691,,,offline
9017734,40980,Cơm trắng thịt bò trứng ốp,cơm trắng thịt bò trứng ốp,,70000,,True,befood_menu,9017734,,,offline
9018047,40980,Cơm trắng thịt heo trứng ốp,cơm trắng thịt heo trứng ốp,,70000,,True,befood_menu,9018047,,,offline
9018292,40980,Cơm trắng mix vị,cơm trắng mix vị,,80000,,True,befood_menu,9018292,,,offline
9264849,40980,Cơm thố XÁ XÍU,cơm thố xá xíu,,75000,,True,befood_menu,9264849,,,offline
9051128,40980,Đĩa rau xanh 200r,đĩa rau xanh 200r,,45000,,True,befood_menu,9051128,,,offline
7503266,95450,Bánh tráng cuốn xá xíu,bánh tráng cuốn xá xíu,,70000,,True,befood_menu,7503266,,,offline
7503267,95450,Nem gà nấm sốt chanh leo,nem gà nấm sốt chanh leo,,70000,,True,befood_menu,7503267,,,offline
11631684,95450,Gỏi Chân Gà Rút Xương,gỏi chân gà rút xương,,110000,,True,befood_menu,11631684,,,offline
7503268,95450,Cơm gà Hội An đặc biệt,cơm gà hội an đặc biệt,,100000,,True,befood_menu,7503268,,,offline
7503269,95450,Cơm gà Hội An thường - đùi/cánh,cơm gà hội an thường - đùi/cánh,,85000,,True,befood_menu,7503269,,,offline
7503270,95450,Cơm gà cuộn sốt nấm,cơm gà cuộn sốt nấm,,80000,,True,befood_menu,7503270,,,offline
7503271,95450,Cơm gà Hội An thường - lẫn,cơm gà hội an thường - lẫn,,75000,,True,befood_menu,7503271,,,offline
7503272,95450,Cơm trứng non cháy tỏi,cơm trứng non cháy tỏi,,100000,,True,befood_menu,7503272,,,offline
7503273,95450,Cơm Xá Xíu Hội An,cơm xá xíu hội an,,75000,,True,befood_menu,7503273,,,offline
7503274,95450,Cơm gà xào nấm,cơm gà xào nấm,,80000,,True,befood_menu,7503274,,,offline
11631680,95450,CƠM CÁNH GÀ RÔTI,cơm cánh gà rôti,,100000,,True,befood_menu,11631680,,,offline
11631682,95450,CƠM ĐÙI GÀ RÔTI,cơm đùi gà rôti,,100000,,True,befood_menu,11631682,,,offline
11766987,95450,Cơm Thịt Heo Nướng Ngũ Vị,cơm thịt heo nướng ngũ vị,,80000,,True,befood_menu,11766987,,,offline
7503277,95450,Phở gà trộn,phở gà trộn,,75000,,True,befood_menu,7503277,,,offline
7503278,95450,Bún trộn xá xíu,bún trộn xá xíu,,75000,,True,befood_menu,7503278,,,offline
11767060,95450,BÚN TRỘN THỊT NƯỚNG,bún trộn thịt nướng,,70000,,True,befood_menu,11767060,,,offline
11970007,134203,Cơm thịt rang,cơm thịt rang,,162000,,True,befood_menu,11970007,,,offline
11970008,134203,Cơm suất cá kho,cơm suất cá kho,,162000,,True,befood_menu,11970008,,,offline
11970009,134203,Cơm tôm bóc rang,cơm tôm bóc rang,,180000,,True,befood_menu,11970009,,,offline
11970010,134203,Cơm thịt kho,cơm thịt kho,,162000,,True,befood_menu,11970010,,,offline
11970011,134203,Cơm suất sườn chua ngọt,cơm suất sườn chua ngọt,,174000,,True,befood_menu,11970011,,,offline
11970012,134203,Cơm gà rang gừng,cơm gà rang gừng,,156000,,True,befood_menu,11970012,,,offline
11970013,134203,Cơm chân giò luộc,cơm chân giò luộc,,150000,,True,befood_menu,11970013,,,offline
11970016,134203,Thịt rang cháy cạnh,thịt rang cháy cạnh,,144000,,True,befood_menu,11970016,,,offline
11970017,134203,Thịt kho tàu - Braised pork meat,thịt kho tàu - braised pork meat,,144000,,True,befood_menu,11970017,,,offline
11970018,134203,Sườn chua ngọt - Sweet and sour pork,sườn chua ngọt - sweet and sour pork,,150000,,True,befood_menu,11970018,,,offline
11970019,134203,Chân giò luộc chấm mắm nêm,chân giò luộc chấm mắm nêm,,138000,,True,befood_menu,11970019,,,offline
11970020,134203,Ba chỉ luộc chấm tôm chua,ba chỉ luộc chấm tôm chua,,150000,,True,befood_menu,11970020,,,offline
11970021,134203,Chả lá lốt - Grilled pork wrapped in betel leaves,chả lá lốt - grilled pork wrapped in betel leaves,,138000,,True,befood_menu,11970021,,,offline
11970022,134203,Thịt quay - Roast pork meat,thịt quay - roast pork meat,,150000,,True,befood_menu,11970022,,,offline
11970023,134203,Thịt rang mắm tép,thịt rang mắm tép,,144000,,True,befood_menu,11970023,,,offline
11970024,134203,Mắm tép chưng thịt,mắm tép chưng thịt,,120000,,True,befood_menu,11970024,,,offline
11970025,134203,Sườn nướng vị tỏi - Grilled ribs with garlic flavor,sườn nướng vị tỏi - grilled ribs with garlic flavor,,198000,,True,befood_menu,11970025,,,offline
11970026,134203,Tôm bóc rang - Roasted shrimp,tôm bóc rang - roasted shrimp,,156000,,True,befood_menu,11970026,,,offline
11970027,134203,Cá bông lau kho tộ - Braised cotton fish,cá bông lau kho tộ - braised cotton fish,,144000,,True,befood_menu,11970027,,,offline
11970030,134203,Nửa con gà chiên mắm,nửa con gà chiên mắm,,276000,,True,befood_menu,11970030,,,offline
11970031,134203,Gà rang gừng - Roasted ginger chicken,gà rang gừng - roasted ginger chicken,,138000,,True,befood_menu,11970031,,,offline
11970032,134203,Nửa con gà nướng mắc khén,nửa con gà nướng mắc khén,,276000,,True,befood_menu,11970032,,,offline
11970033,134203,Nửa con gà hấp chấm mắc khén,nửa con gà hấp chấm mắc khén,,264000,,True,befood_menu,11970033,,,offline
11970034,134203,Bò xào dưa - Stir fried beef with melon,bò xào dưa - stir fried beef with melon,,162000,,True,befood_menu,11970034,,,offline
11970035,134203,Bò xào cần tỏi - Stir fried beef with garlic,bò xào cần tỏi - stir fried beef with garlic,,162000,,True,befood_menu,11970035,,,offline
11970036,134203,Mực xào cần tỏi - Stir fried squid with garlic,mực xào cần tỏi - stir fried squid with garlic,,192000,,True,befood_menu,11970036,,,offline
11970037,134203,Đậu phụ sốt cà chua,đậu phụ sốt cà chua,,66000,,True,befood_menu,11970037,,,offline
11970038,134203,Đậu nhồi thịt - Tofu stuffed with meat,đậu nhồi thịt - tofu stuffed with meat,,84000,,True,befood_menu,11970038,,,offline
11970039,134203,Đậu phụ Tứ Xuyên - Szechuan tofu,đậu phụ tứ xuyên - szechuan tofu,,114000,,True,befood_menu,11970039,,,offline
11970042,134203,Canh cua - Crab soup,canh cua - crab soup,,96000,,True,befood_menu,11970042,,,offline
11970043,134203,Canh cải thịt băm,canh cải thịt băm,,90000,,True,befood_menu,11970043,,,offline
11970044,134203,Canh thịt chua - Meat sour soup,canh thịt chua - meat sour soup,,90000,,True,befood_menu,11970044,,,offline
11970045,134203,Rau muống xào - Spinach sauteed garlic,rau muống xào - spinach sauteed garlic,,66000,,True,befood_menu,11970045,,,offline
11970046,134203,Cải luộc chấm trứng - Boiled cabbage with egg,cải luộc chấm trứng - boiled cabbage with egg,,72000,,True,befood_menu,11970046,,,offline
11970047,134203,Rau củ quả luộc,rau củ quả luộc,,72000,,True,befood_menu,11970047,,,offline
11970048,134203,Kho quẹt - Warehouse swipe,kho quẹt - warehouse swipe,,72000,,True,befood_menu,11970048,,,offline
11970049,134203,Mướp đắng xào trứng,mướp đắng xào trứng,,90000,,True,befood_menu,11970049,,,offline
10360352,4486,Cơm Gà Xối Mỡ (Đùi Tỏi/Má Đùi) + Canh Cải Ngọt,cơm gà xối mỡ (đùi tỏi/má đùi) + canh cải ngọt,,69000,,True,befood_menu,10360352,,,offline
11780637,4486,Cơm Gà Xối Mỡ (Đùi Tỏi/Má Đùi) + Canh Cải Ngọt,cơm gà xối mỡ (đùi tỏi/má đùi) + canh cải ngọt,,49700,,True,befood_menu,11780637,,,offline
94965,4486,Cơm Gà Sốt Lá Chanh (Lớn),cơm gà sốt lá chanh (lớn),,75000,,True,befood_menu,94965,,,offline
94969,4486,Cơm Gà Xối Mắm Tỏi (Lớn),cơm gà xối mắm tỏi (lớn),,75000,,True,befood_menu,94969,,,offline
94974,4486,Cơm Gà Sốt Cay (Lớn),cơm gà sốt cay (lớn),,75000,,True,befood_menu,94974,,,offline
94976,4486,Cơm Gà Sốt Me (Lớn),cơm gà sốt me (lớn),,75000,,True,befood_menu,94976,,,offline
737509,4486,Cơm Gà Sốt Thái (Lớn),cơm gà sốt thái (lớn),,75000,,True,befood_menu,737509,,,offline
6509156,4486,Cơm Gà Sốt Tiêu Xanh (Lớn),cơm gà sốt tiêu xanh (lớn),,75000,,True,befood_menu,6509156,,,offline
7716578,4486,Cơm Gà Sốt Tiêu Xanh (Vừa),cơm gà sốt tiêu xanh (vừa),,67000,,True,befood_menu,7716578,,,offline
7716616,4486,Cơm Gà Sốt Me (Vừa),cơm gà sốt me (vừa),,67000,,True,befood_menu,7716616,,,offline
7716640,4486,Cơm Gà Sốt Mắm Tỏi (Vừa),cơm gà sốt mắm tỏi (vừa),,67000,,True,befood_menu,7716640,,,offline
7716655,4486,Cơm Gà Sốt Thái (Vừa),cơm gà sốt thái (vừa),,67000,,True,befood_menu,7716655,,,offline
8430508,4486,Cơm Gà Sốt Cay (Vừa),cơm gà sốt cay (vừa),,67000,,True,befood_menu,8430508,,,offline
737511,4486,Cơm Gà Sốt Thái (Đùi Tỏi/Má Đùi),cơm gà sốt thái (đùi tỏi/má đùi),,56000,,True,befood_menu,737511,,,offline
2065105,4486,Cơm Gà Xối Mắm Tỏi (Đùi Tỏi/Má Đùi),cơm gà xối mắm tỏi (đùi tỏi/má đùi),,55000,,True,befood_menu,2065105,,,offline
2065356,4486,Cơm Gà Xối Mỡ (Đùi Tỏi/Má Đùi),cơm gà xối mỡ (đùi tỏi/má đùi),,56000,,True,befood_menu,2065356,,,offline
2065363,4486,Cơm Gà Sốt Me (Đùi Tỏi/Má Đùi),cơm gà sốt me (đùi tỏi/má đùi),,56000,,True,befood_menu,2065363,,,offline
2065664,4486,Cơm Gà Sốt Cay (Đùi Tỏi/Má Đùi),cơm gà sốt cay (đùi tỏi/má đùi),,56000,,True,befood_menu,2065664,,,offline
2065946,4486,Cơm Gà Sốt Tiêu Xanh (Đùi Tỏi/Má Đùi),cơm gà sốt tiêu xanh (đùi tỏi/má đùi),,56000,,True,befood_menu,2065946,,,offline
2066183,4486,Cơm Gà Sốt Lá Chanh (Đùi Tỏi/Má Đùi),cơm gà sốt lá chanh (đùi tỏi/má đùi),,56000,,True,befood_menu,2066183,,,offline
7331070,4486,Cơm Tấm Sườn Nướng,cơm tấm sườn nướng,,56000,,True,befood_menu,7331070,,,offline
7331126,4486,Cơm Tấm Sườn Chả,cơm tấm sườn chả,,65000,,True,befood_menu,7331126,,,offline
503594,4486,Cơm Gà Xối Mắm Tỏi,cơm gà xối mắm tỏi,,56000,,True,befood_menu,503594,,,offline
503595,4486,Cơm Gà Xối Mỡ,cơm gà xối mỡ,,56000,,True,befood_menu,503595,,,offline
503596,4486,Cơm Gà Sốt Me,cơm gà sốt me,,56000,,True,befood_menu,503596,,,offline
503598,4486,Cơm Gà Sốt Tiêu Đen,cơm gà sốt tiêu đen,,56000,,True,befood_menu,503598,,,offline
503599,4486,Cơm Gà Sốt Cay,cơm gà sốt cay,,56000,,True,befood_menu,503599,,,offline
503601,4486,Cơm Gà Sốt Lá Chanh,cơm gà sốt lá chanh,,56000,,True,befood_menu,503601,,,offline
10670171,4486,Cơm Gà Sốt Muối Ớt Nướng,cơm gà sốt muối ớt nướng,,72000,,True,befood_menu,10670171,,,offline
10670495,4486,Cơm Gà Sốt Muối Ớt Nướng (Đùi Tỏi/Má Đùi),cơm gà sốt muối ớt nướng (đùi tỏi/má đùi),,55000,,True,befood_menu,10670495,,,offline
10783416,4486,Cơm Sườn Nướng Sốt Thái,cơm sườn nướng sốt thái,,56000,,True,befood_menu,10783416,,,offline
10783434,4486,Cơm Sườn Sốt Muối Ớt Nướng,cơm sườn sốt muối ớt nướng,,56000,,True,befood_menu,10783434,,,offline
10626545,4486,Cơm Gà Kho Sả Ớt,cơm gà kho sả ớt,,35000,,True,befood_menu,10626545,,,offline
10756244,4486,Cơm Gà Kho Sả Ớt,cơm gà kho sả ớt,,39000,,True,befood_menu,10756244,,,offline
10819092,4486,Cơm Thịt Ba Chỉ Kho Tiêu,cơm thịt ba chỉ kho tiêu,,35000,,True,befood_menu,10819092,,,offline
11552039,4486,Cơm Thịt Xá Xíu,cơm thịt xá xíu,,35000,,True,befood_menu,11552039,,,offline
12189957,4486,Cơm Thịt Ba Chỉ Kho Tiêu,cơm thịt ba chỉ kho tiêu,,39000,,True,befood_menu,12189957,,,offline
1979380,31187,Bánh cuốn chả quế,bánh cuốn chả quế,,45000,,True,befood_menu,1979380,,,offline
1979381,31187,Bánh cuốn không chả,bánh cuốn không chả,,35000,,True,befood_menu,1979381,,,offline
1979385,31187,Gà ta tần,gà ta tần,,65000,,True,befood_menu,1979385,,,offline
1979383,31187,Gà ác tần,gà ác tần,,80000,,True,befood_menu,1979383,,,offline
1979384,31187,Bánh cuốn chả nướng,bánh cuốn chả nướng,,45000,,True,befood_menu,1979384,,,offline
1979382,31187,Bánh cuốn chả lẫn,bánh cuốn chả lẫn,,55000,,True,befood_menu,1979382,,,offline
1979386,31187,Mì gà ác,mì gà ác,,95000,,True,befood_menu,1979386,,,offline
1979387,31187,Mì gà ta,mì gà ta,,80000,,True,befood_menu,1979387,,,offline
9512185,31187,Bánh cuốn chả đầy đủ,bánh cuốn chả đầy đủ,,65000,,True,befood_menu,9512185,,,offline
276804,8785,Gà rán mix Nửa Con(1/2 sốt Cay Ngọt),gà rán mix nửa con(1/2 sốt cay ngọt),,160000,,True,befood_menu,276804,,,offline
276805,8785,Nửa Con Mix( Mật Ong/ Sốt Cay Ngọt,nửa con mix( mật ong/ sốt cay ngọt,,170000,,True,befood_menu,276805,,,offline
276806,8785,Gà rán truyền thống,gà rán truyền thống,,150000,,True,befood_menu,276806,,,offline
276807,8785,Gà rán sốt Cay Ngọt Nửa Con,gà rán sốt cay ngọt nửa con,,170000,,True,befood_menu,276807,,,offline
276801,8785,Gà rán mix 1 Con (1/2 sốt Cay Ngọt ),gà rán mix 1 con (1/2 sốt cay ngọt ),,305000,,True,befood_menu,276801,,,offline
276803,8785,Gà rán Giòn truyền thống 1 con,gà rán giòn truyền thống 1 con,,290000,,True,befood_menu,276803,,,offline
276776,8785,Gà Rán Mix Nửa Con (1/2 Sốt) + 01 Chai Coca 300ml,gà rán mix nửa con (1/2 sốt) + 01 chai coca 300ml,,169000,,True,befood_menu,276776,,,offline
276777,8785,Gà Rút Xương Sốt Size Nhỏ+ 01 Chai Coca 300ml,gà rút xương sốt size nhỏ+ 01 chai coca 300ml,,145000,,True,befood_menu,276777,,,offline
276778,8785,Gà Rán Mix Nửa Con( 1/2 Sốt) + 01 Chai Sprite 300ml,gà rán mix nửa con( 1/2 sốt) + 01 chai sprite 300ml,,169000,,True,befood_menu,276778,,,offline
276779,8785,Gà Rán Sốt Cay Ngọt Nửa Con+ 01 Chai Coca 300ml,gà rán sốt cay ngọt nửa con+ 01 chai coca 300ml,,179000,,True,befood_menu,276779,,,offline
276780,8785,Gà Rút Xương Sốt Size Nhỏ+ 01 Chai Sprite 300ml,gà rút xương sốt size nhỏ+ 01 chai sprite 300ml,,145000,,True,befood_menu,276780,,,offline
276781,8785,Gà Rán Sốt Cay Ngọt Nửa Con+ 01 Chai Sprite 300ml,gà rán sốt cay ngọt nửa con+ 01 chai sprite 300ml,,179000,,True,befood_menu,276781,,,offline
276782,8785,Gà Rút Xương Sốt Size Nhỏ+ 01 Chai Fanta 300ml,gà rút xương sốt size nhỏ+ 01 chai fanta 300ml,,145000,,True,befood_menu,276782,,,offline
276783,8785,Gà Rán Mix Nửa Con(1/2 Sốt) + 01 Chai Fanta 300ml,gà rán mix nửa con(1/2 sốt) + 01 chai fanta 300ml,,169000,,True,befood_menu,276783,,,offline
276784,8785,Gà Rán Sốt Cay Ngọt Nửa Con+ 01 Chai Fanta 300ml,gà rán sốt cay ngọt nửa con+ 01 chai fanta 300ml,,179000,,True,befood_menu,276784,,,offline
276786,8785,5 Đùi Rán Giòn+ 01 Chai Fanta 300ml,5 đùi rán giòn+ 01 chai fanta 300ml,,205000,,True,befood_menu,276786,,,offline
276790,8785,5 Cánh Rán Giòn+ 01 Fanta Chai 300ml,5 cánh rán giòn+ 01 fanta chai 300ml,,179000,,True,befood_menu,276790,,,offline
4023505,8785,Gà Rán Mix Nửa Con( Nửa Sốt) + 01 Chai Sprite 300ml,gà rán mix nửa con( nửa sốt) + 01 chai sprite 300ml,,169000,,True,befood_menu,4023505,,,offline
4038277,8785,Gà Rán Mix Nửa Con (N Sốt) + 01 Chai Coca 300ml,gà rán mix nửa con (n sốt) + 01 chai coca 300ml,,169000,,True,befood_menu,4038277,,,offline
4038312,8785,Gà Rán Mix Nửa Con(Nửa Sốt) + 01 Chai Fanta 300ml,gà rán mix nửa con(nửa sốt) + 01 chai fanta 300ml,,169000,,True,befood_menu,4038312,,,offline
276810,8785,Nửa Con Sốt Xì Dầu Mật Ong,nửa con sốt xì dầu mật ong,,170000,,True,befood_menu,276810,,,offline
276811,8785,Gà Rút Xương Xì Dầu Mật Ong,gà rút xương xì dầu mật ong,,230000,,True,befood_menu,276811,,,offline
4038339,8785,Gà rút xương xì dầu mật ong size nhỏ,gà rút xương xì dầu mật ong size nhỏ,,135000,,True,befood_menu,4038339,,,offline
276798,8785,Gà rút xương sốt- size nhỏ,gà rút xương sốt- size nhỏ,,135000,,True,befood_menu,276798,,,offline
276799,8785,Gà Rút Xương Rán Giòn,gà rút xương rán giòn,,220000,,True,befood_menu,276799,,,offline
276800,8785,Gà rút xương sốt- size lớn,gà rút xương sốt- size lớn,,230000,,True,befood_menu,276800,,,offline
4038148,8785,Gà rút xương sốt cay ngọt size nhỏ+ kimbap chiên( tặng 1 coca 300ml),gà rút xương sốt cay ngọt size nhỏ+ kimbap chiên( tặng 1 coca 300ml),,179000,,True,befood_menu,4038148,,,offline
4038150,8785,Gà rút xương sốt cay ngọt size nhỏ+ kimbap truyền thống( tặng 1 coca 300ml),gà rút xương sốt cay ngọt size nhỏ+ kimbap truyền thống( tặng 1 coca 300ml),,169000,,True,befood_menu,4038150,,,offline
276795,8785,"2 Đùi ,3 Cánh Rán Giòn","2 đùi ,3 cánh rán giòn",,179000,,True,befood_menu,276795,,,offline
276796,8785,5 cánh rán Giòn,5 cánh rán giòn,,169000,,True,befood_menu,276796,,,offline
276797,8785,5 đùi rán Giòn,5 đùi rán giòn,,195000,,True,befood_menu,276797,,,offline
4995410,65884,Cơm rang đậu hũ hồng xíu,cơm rang đậu hũ hồng xíu,,75000,,True,befood_menu,4995410,,,offline
4995411,65884,Cơm rang đậu sốt tứ xuyên,cơm rang đậu sốt tứ xuyên,,75000,,True,befood_menu,4995411,,,offline
4995412,65884,Cơm rang gà quay Quảng Đông,cơm rang gà quay quảng đông,,75000,,True,befood_menu,4995412,,,offline
4995414,65884,Cơm rang trứng ốp la - canh rau củ quả,cơm rang trứng ốp la - canh rau củ quả,,60000,,True,befood_menu,4995414,,,offline
4995415,65884,Cơm rang vịt quay xá xíu,cơm rang vịt quay xá xíu,,85000,,True,befood_menu,4995415,,,offline
4995416,65884,Cơm rang vịt quay,cơm rang vịt quay,,75000,,True,befood_menu,4995416,,,offline
4995417,65884,Cơm rang xá xíu,cơm rang xá xíu,,75000,,True,befood_menu,4995417,,,offline
4995418,65884,Cơm trắng đặc biệt,cơm trắng đặc biệt,,80000,,True,befood_menu,4995418,,,offline
4995419,65884,Cơm trắng đậu hũ hồng xíu,cơm trắng đậu hũ hồng xíu,,65000,,True,befood_menu,4995419,,,offline
4995420,65884,Cơm trắng gà quay Quảng Đông,cơm trắng gà quay quảng đông,,70000,,True,befood_menu,4995420,,,offline
4995421,65884,Cơm trắng nọng heo quay BBQ,cơm trắng nọng heo quay bbq,,70000,,True,befood_menu,4995421,,,offline
4995422,65884,Cơm trắng rau nấm,cơm trắng rau nấm,,60000,,True,befood_menu,4995422,,,offline
4995423,65884,Cơm trắng vịt quay,cơm trắng vịt quay,,60000,,True,befood_menu,4995423,,,offline
4995424,65884,Cơm trắng xá xíu,cơm trắng xá xíu,,65000,,True,befood_menu,4995424,,,offline
4995425,65884,Cơm trắng đậu xốt tứ xuyên,cơm trắng đậu xốt tứ xuyên,,65000,,True,befood_menu,4995425,,,offline
7869543,65884,Cơm trắng đậu xốt Tứ Xuyên,cơm trắng đậu xốt tứ xuyên,,65000,,True,befood_menu,7869543,,,offline
4995426,65884,Mỳ trộn vịt quay trứng ốp la lòng đào,mỳ trộn vịt quay trứng ốp la lòng đào,,70000,,True,befood_menu,4995426,,,offline
4995427,65884,Mỳ trộn xá xíu trứng ốp la lòng đào,mỳ trộn xá xíu trứng ốp la lòng đào,,75000,,True,befood_menu,4995427,,,offline
4995428,65884,Mỳ vịt quay xá xíu,mỳ vịt quay xá xíu,,80000,,True,befood_menu,4995428,,,offline
4995429,65884,Mỳ vịt quay,mỳ vịt quay,,60000,,True,befood_menu,4995429,,,offline
4995430,65884,Mỳ xá xíu,mỳ xá xíu,,65000,,True,befood_menu,4995430,,,offline
4995431,65884,Mỳ xào đặc biệt,mỳ xào đặc biệt,,85000,,True,befood_menu,4995431,,,offline
4995432,65884,Mỳ xào rau nấm,mỳ xào rau nấm,,60000,,True,befood_menu,4995432,,,offline
4995433,65884,Mỳ xào vịt quay,mỳ xào vịt quay,,75000,,True,befood_menu,4995433,,,offline
4995434,65884,Mỳ xào xá xíu,mỳ xào xá xíu,,75000,,True,befood_menu,4995434,,,offline
4995435,65884,Miến xào đặc biệt,miến xào đặc biệt,,85000,,True,befood_menu,4995435,,,offline
4995436,65884,Miến xào vịt quay,miến xào vịt quay,,75000,,True,befood_menu,4995436,,,offline
4995437,65884,Miến xào xá xíu,miến xào xá xíu,,75000,,True,befood_menu,4995437,,,offline
4995443,65884,1 Lạng xá xíu,1 lạng xá xíu,,50000,,True,befood_menu,4995443,,,offline
4995444,65884,Bánh cuốn đặc biệt,bánh cuốn đặc biệt,,75000,,True,befood_menu,4995444,,,offline
4995445,65884,Bánh cuốn vịt quay,bánh cuốn vịt quay,,65000,,True,befood_menu,4995445,,,offline
4995446,65884,Bánh cuốn xá xíu,bánh cuốn xá xíu,,65000,,True,befood_menu,4995446,,,offline
4995447,65884,Đậu phụ sốt Tứ Xuyên,đậu phụ sốt tứ xuyên,,70000,,True,befood_menu,4995447,,,offline
4995448,65884,Rai cải chíp xào,rai cải chíp xào,,60000,,True,befood_menu,4995448,,,offline
4995449,65884,Rau xào nấm bạch linh,rau xào nấm bạch linh,,98000,,True,befood_menu,4995449,,,offline
2858035,40716,Thịt cốt lết,thịt cốt lết,,29000,,True,befood_menu,2858035,,,offline
2858037,40716,Thịt ba chỉ,thịt ba chỉ,,29000,,True,befood_menu,2858037,,,offline
4107569,58523,Bánh chuối phômai,bánh chuối phômai,,100000,,True,befood_menu,4107569,,,offline
11374520,58523,SUKEM TRUYỀN THỐNG,sukem truyền thống,,65000,,True,befood_menu,11374520,,,offline
11374528,58523,SUKEM VỎ GIÒN,sukem vỏ giòn,,75000,,True,befood_menu,11374528,,,offline
11374536,58523,MOCHI CHẤM KEM,mochi chấm kem,,70000,,True,befood_menu,11374536,,,offline
11374540,58523,MOCHI MIX 4 VỊ,mochi mix 4 vị,,95000,,True,befood_menu,11374540,,,offline
11374571,58523,BÁNH SINH NHẬT MINI SIZE 8CM,bánh sinh nhật mini size 8cm,,85000,,True,befood_menu,11374571,,,offline
4107573,58523,Bông lan mix 4 vị,bông lan mix 4 vị,,100000,,True,befood_menu,4107573,,,offline
4107574,58523,Bông lan trứng muối 2 sốt,bông lan trứng muối 2 sốt,,85000,,True,befood_menu,4107574,,,offline
4107577,58523,Bông lan trứng muối truyền thống,bông lan trứng muối truyền thống,,85000,,True,befood_menu,4107577,,,offline
4107579,58523,Gato flan chocolate,gato flan chocolate,,90000,,True,befood_menu,4107579,,,offline
4107581,58523,Bông lan mix 3 vị kem cheese,bông lan mix 3 vị kem cheese,,70000,,True,befood_menu,4107581,,,offline
4107582,58523,Bông lan trứng muối 3 loại sốt,bông lan trứng muối 3 loại sốt,,85000,,True,befood_menu,4107582,,,offline
4107584,58523,Red velvet kem cheese,red velvet kem cheese,,85000,,True,befood_menu,4107584,,,offline
4107585,58523,Bánh sữa chua phômai nướng,bánh sữa chua phômai nướng,,85000,,True,befood_menu,4107585,,,offline
4107588,58523,Bông lan cuộn kem,bông lan cuộn kem,,85000,,True,befood_menu,4107588,,,offline
4107589,58523,Bông lan trứng muối siêu sốt siêu trứng,bông lan trứng muối siêu sốt siêu trứng,,100000,,True,befood_menu,4107589,,,offline
4107590,58523,Bông lan trứng muối siêu sốt siêu trứng mini,bông lan trứng muối siêu sốt siêu trứng mini,,60000,,True,befood_menu,4107590,,,offline
4107593,58523,Bánh dark chocolate,bánh dark chocolate,,85000,,True,befood_menu,4107593,,,offline
4107595,58523,Bông lan cuộn hoa quả kemcheese,bông lan cuộn hoa quả kemcheese,,85000,,True,befood_menu,4107595,,,offline
4107597,58523,Bông lan trứng muối ruốc gà cay,bông lan trứng muối ruốc gà cay,,85000,,True,befood_menu,4107597,,,offline
4107600,58523,Sữa chua phomai nướng 500ml,sữa chua phomai nướng 500ml,,80000,,True,befood_menu,4107600,,,offline
4107602,58523,Bánh milo kem socola hộp 500ml,bánh milo kem socola hộp 500ml,,80000,,True,befood_menu,4107602,,,offline
4107603,58523,TIRAMISU MIX 2 VỊ 1L,tiramisu mix 2 vị 1l,,105000,,True,befood_menu,4107603,,,offline
4107604,58523,Bánh chuối phômai nướng,bánh chuối phômai nướng,,100000,,True,befood_menu,4107604,,,offline
4107606,58523,Bông lan cuộn gà cay malay,bông lan cuộn gà cay malay,,85000,,True,befood_menu,4107606,,,offline
4107608,58523,Bông lan trứng muối mix gà cay hộp 750ml,bông lan trứng muối mix gà cay hộp 750ml,,85000,,True,befood_menu,4107608,,,offline
4107610,58523,Bánh milo kem socola hộp 750ml,bánh milo kem socola hộp 750ml,,95000,,True,befood_menu,4107610,,,offline
4107614,58523,Bltm cuộn 2 loại sốt,bltm cuộn 2 loại sốt,,90000,,True,befood_menu,4107614,,,offline
4521984,62280,Bánh xèo cốt dừa( miền tây nhân thịt heo tôm,bánh xèo cốt dừa( miền tây nhân thịt heo tôm,,39000,,True,befood_menu,4521984,,,offline
4691220,62280,Bánh Xèo Cốt Dừa Nhân Tôm Gà,bánh xèo cốt dừa nhân tôm gà,,38000,,True,befood_menu,4691220,,,offline
6389106,62280,Bánh Xèo Cốt Dừa Nhân Tôm Giá,bánh xèo cốt dừa nhân tôm giá,,38000,,True,befood_menu,6389106,,,offline
10331123,62280,Bún trộn thịt Viên Nướng Nam Bộ (xuất như hình),bún trộn thịt viên nướng nam bộ (xuất như hình),,50000,,True,befood_menu,10331123,,,offline
10483471,62280,bún chả thịt viên,bún chả thịt viên,,50000,,True,befood_menu,10483471,,,offline
11738268,62280,1 que Nem Hồ lô Nướng Mièn Tây,1 que nem hồ lô nướng mièn tây,,20000,,True,befood_menu,11738268,,,offline
11738270,62280,Bún Trộn Nem Hồ Lô Nướng,bún trộn nem hồ lô nướng,,52000,,True,befood_menu,11738270,,,offline
27424,1279,Bánh tráng cuốn thịt quay,bánh tráng cuốn thịt quay,,75000,,True,befood_menu,27424,,,offline
27440,1279,Nem lụi nướng bọc xả Đà Nẵng,nem lụi nướng bọc xả đà nẵng,,75000,,True,befood_menu,27440,,,offline
27443,1279,Bánh bột lọc xứ Huế,bánh bột lọc xứ huế,,40000,,True,befood_menu,27443,,,offline
27447,1279,Đặc sản chả ram tôm đất Bình Định,đặc sản chả ram tôm đất bình định,,40000,,True,befood_menu,27447,,,offline
27451,1279,Bún trộn mắm nêm thịt heo luộc,bún trộn mắm nêm thịt heo luộc,,40000,,True,befood_menu,27451,,,offline
27461,1279,Tré trộn Đà Nẵng,tré trộn đà nẵng,,42000,,True,befood_menu,27461,,,offline
27471,1279,Thịt heo quay giòn bì thơm nức nở,thịt heo quay giòn bì thơm nức nở,,40000,,True,befood_menu,27471,,,offline
1043585,1279,Bún trộn mắm nêm thịt heo quay,bún trộn mắm nêm thịt heo quay,,45000,,True,befood_menu,1043585,,,offline
6945147,1279,Bánh tráng cuốn thịt heo nướng,bánh tráng cuốn thịt heo nướng,,85000,,True,befood_menu,6945147,,,offline
3920991,32416,Bánh đa cua trộn đầy đủ,bánh đa cua trộn đầy đủ,,60000,,True,befood_menu,3920991,,,offline
3920992,32416,Bánh đa giò chả trộn,bánh đa giò chả trộn,,50000,,True,befood_menu,3920992,,,offline
3920993,32416,Bánh đa bò chả trộn,bánh đa bò chả trộn,,55000,,True,befood_menu,3920993,,,offline
3920994,32416,Bánh đa chả trộn,bánh đa chả trộn,,45000,,True,befood_menu,3920994,,,offline
3920995,32416,Bánh đa cua nước đầy đủ,bánh đa cua nước đầy đủ,,60000,,True,befood_menu,3920995,,,offline
3920996,32416,Bánh đa giò chả nước,bánh đa giò chả nước,,50000,,True,befood_menu,3920996,,,offline
3920997,32416,Bánh đa chả nước,bánh đa chả nước,,45000,,True,befood_menu,3920997,,,offline
3920998,32416,Bánh đa bò chả nước,bánh đa bò chả nước,,55000,,True,befood_menu,3920998,,,offline
3920999,32416,Miến cua trộn đầy đủ,miến cua trộn đầy đủ,,60000,,True,befood_menu,3920999,,,offline
3921000,32416,Miến giò chả trộn,miến giò chả trộn,,50000,,True,befood_menu,3921000,,,offline
3921001,32416,Miến bò chả trộn,miến bò chả trộn,,55000,,True,befood_menu,3921001,,,offline
3921002,32416,Miến cua nước đầy đủ,miến cua nước đầy đủ,,60000,,True,befood_menu,3921002,,,offline
3921003,32416,Miến giò chả nước,miến giò chả nước,,50000,,True,befood_menu,3921003,,,offline
3921004,32416,Miến chả nước,miến chả nước,,45000,,True,befood_menu,3921004,,,offline
3921005,32416,Miến chả trộn,miến chả trộn,,45000,,True,befood_menu,3921005,,,offline
3921006,32416,Miến bò chả nước,miến bò chả nước,,55000,,True,befood_menu,3921006,,,offline
9380734,39068,Cơm Tấm Sườn Nướng + Trứng Ốp La,cơm tấm sườn nướng + trứng ốp la,,49700,,True,befood_menu,9380734,,,offline
2671563,39068,Cơm Tấm Sườn Nướng,cơm tấm sườn nướng,,56000,,True,befood_menu,2671563,,,offline
2671565,39068,Cơm Tấm Sườn Chả,cơm tấm sườn chả,,63000,,True,befood_menu,2671565,,,offline
2671568,39068,Cơm Tấm Sườn Chả Ốp La,cơm tấm sườn chả ốp la,,71000,,True,befood_menu,2671568,,,offline
6508774,39068,Cơm Tấm Sườn Ốp La,cơm tấm sườn ốp la,,61000,,True,befood_menu,6508774,,,offline
12123925,39068,Cơm Ba Chỉ Rút Sườn Mắm Tỏi,cơm ba chỉ rút sườn mắm tỏi,,59000,,True,befood_menu,12123925,,,offline
12123939,39068,Cơm Ba Chỉ Rút Sườn Sốt Tiêu Xanh,cơm ba chỉ rút sườn sốt tiêu xanh,,59000,,True,befood_menu,12123939,,,offline
12123953,39068,Cơm Ba Chỉ Rút Sườn Sốt Lá Chanh,cơm ba chỉ rút sườn sốt lá chanh,,59000,,True,befood_menu,12123953,,,offline
10271205,39068,Cơm Ức (Lườn) Gà Nướng,cơm ức (lườn) gà nướng,,38000,,True,befood_menu,10271205,,,offline
10317624,39068,Cơm Ức (Lườn) Gà Nướng Sốt Mắm Tỏi,cơm ức (lườn) gà nướng sốt mắm tỏi,,37000,,True,befood_menu,10317624,,,offline
10317636,39068,Cơm Ức (Lườn) Gà Nướng Sốt Lá Chanh,cơm ức (lườn) gà nướng sốt lá chanh,,37000,,True,befood_menu,10317636,,,offline
10626603,39068,Cơm Gà Kho Sả Ớt,cơm gà kho sả ớt,,39000,,True,befood_menu,10626603,,,offline
10783895,39068,Cơm Sườn Nướng Xốt Thái,cơm sườn nướng xốt thái,,56000,,True,befood_menu,10783895,,,offline
10783918,39068,Cơm Sườn Nướng Xốt Mắm Tỏi,cơm sườn nướng xốt mắm tỏi,,56000,,True,befood_menu,10783918,,,offline
10819156,39068,Cơm Thịt Ba Chỉ Kho Tiêu,cơm thịt ba chỉ kho tiêu,,39000,,True,befood_menu,10819156,,,offline
12190268,39068,Cơm Ức (Lườn) Gà Nướng Sốt Mắm Tỏi,cơm ức (lườn) gà nướng sốt mắm tỏi,,37000,,True,befood_menu,12190268,,,offline
12190279,39068,Cơm Thịt Ba Chỉ Kho Tiêu,cơm thịt ba chỉ kho tiêu,,49700,,True,befood_menu,12190279,,,offline
10670363,39068,Cơm Sườn Sốt Muối Ớt Nướng,cơm sườn sốt muối ớt nướng,,59000,,True,befood_menu,10670363,,,offline
10670379,39068,Cơm Ba Rọi Sốt Muối Ớt Nướng,cơm ba rọi sốt muối ớt nướng,,59000,,True,befood_menu,10670379,,,offline
11781669,39068,Cơm Gà Sốt Muối Ớt Nướng (Đùi Tỏi/Má Đùi),cơm gà sốt muối ớt nướng (đùi tỏi/má đùi),,56000,,True,befood_menu,11781669,,,offline
11781680,39068,Cơm Gà Sốt Muối Ớt Nướng,cơm gà sốt muối ớt nướng,,75000,,True,befood_menu,11781680,,,offline
6508848,39068,Cơm Tấm Chả Ốp La,cơm tấm chả ốp la,,39000,,True,befood_menu,6508848,,,offline
6508854,39068,Cơm Tấm Bì Ốp La,cơm tấm bì ốp la,,43000,,True,befood_menu,6508854,,,offline
8944521,39068,Cơm Tấm Ốp La,cơm tấm ốp la,,25000,,True,befood_menu,8944521,,,offline
6609740,84292,Bánh cuốn nhân thịt + chả lụa,bánh cuốn nhân thịt + chả lụa,,40000,,True,befood_menu,6609740,,,offline
6609741,84292,Bánh cuốn nhân thịt,bánh cuốn nhân thịt,,30000,,True,befood_menu,6609741,,,offline
6609742,84292,Bánh cuốn trứng 2 trứng,bánh cuốn trứng 2 trứng,,30000,,True,befood_menu,6609742,,,offline
2169910,32283,Bún Chả lẫn (Băm - miếng),bún chả lẫn (băm - miếng),,45000,,True,befood_menu,2169910,,,offline
2169911,32283,Bún Chả Thịt Miếng,bún chả thịt miếng,,45000,,True,befood_menu,2169911,,,offline
2169912,32283,Bún Chả Thịt Băm,bún chả thịt băm,,45000,,True,befood_menu,2169912,,,offline
10533659,4397,Kimbap truyền thống,kimbap truyền thống,,42000,,True,befood_menu,10533659,,,offline
10548078,4397,Mua 1 tặng 1,mua 1 tặng 1,,105000,,True,befood_menu,10548078,,,offline
11073587,4397,[NEW] Gà Half Half (Size L),[new] gà half half (size l),,175000,,True,befood_menu,11073587,,,offline
10281161,4397,One-derful 1,one-derful 1,,109000,,True,befood_menu,10281161,,,offline
10281162,4397,One-derful 2,one-derful 2,,109000,,True,befood_menu,10281162,,,offline
10281163,4397,Jajang-Tangsu,jajang-tangsu,,159000,,True,befood_menu,10281163,,,offline
6437084,4397,Sính Hàn,sính hàn,,149000,,True,befood_menu,6437084,,,offline
2242775,4397,Gà Rán Sốt Mật Ong Tỏi,gà rán sốt mật ong tỏi,,105000,,True,befood_menu,2242775,,,offline
2242776,4397,Gà Rán Sốt Cay Ngọt,gà rán sốt cay ngọt,,105000,,True,befood_menu,2242776,,,offline
2242778,4397,Gà Popcorn Phomai,gà popcorn phomai,,89000,,True,befood_menu,2242778,,,offline
2242779,4397,Gà Popcorn Mật Ong Tỏi,gà popcorn mật ong tỏi,,89000,,True,befood_menu,2242779,,,offline
6227348,4397,Gà Lắc Tok Chua Ngọt,gà lắc tok chua ngọt,,99000,,True,befood_menu,6227348,,,offline
8116989,4397,Gà Popcorn Cay Ngọt,gà popcorn cay ngọt,,89000,,True,befood_menu,8116989,,,offline
9361035,4397,Gà Sốt Bơ Tỏi,gà sốt bơ tỏi,,105000,,True,befood_menu,9361035,,,offline
9361037,4397,Gà Sốt Kem Hành,gà sốt kem hành,,105000,,True,befood_menu,9361037,,,offline
9361038,4397,Gà Popcorn Sốt Bơ Tỏi,gà popcorn sốt bơ tỏi,,89000,,True,befood_menu,9361038,,,offline
9361040,4397,Gà Popcorn Sốt Kem Hành,gà popcorn sốt kem hành,,89000,,True,befood_menu,9361040,,,offline
2242772,4397,Gà Miếng Chiên 3 Vị Sốt (Size M),gà miếng chiên 3 vị sốt (size m),,105000,,True,befood_menu,2242772,,,offline
2242773,4397,Cánh Gà Rán 3 Vị Sốt (Size M),cánh gà rán 3 vị sốt (size m),,105000,,True,befood_menu,2242773,,,offline
9361366,4397,Gà Popcorn 3 Vị Sốt (Size M),gà popcorn 3 vị sốt (size m),,85000,,True,befood_menu,9361366,,,offline
2242788,4397,Kimbap Truyền Thống,kimbap truyền thống,,45000,,True,befood_menu,2242788,,,offline
2242789,4397,Kimbap Chiên,kimbap chiên,,49000,,True,befood_menu,2242789,,,offline
2242790,4397,Kimbap Trứng,kimbap trứng,,49000,,True,befood_menu,2242790,,,offline
2242791,4397,Kimbap Bò,kimbap bò,,55000,,True,befood_menu,2242791,,,offline
2242784,4397,Tokbokki Truyền Thống,tokbokki truyền thống,,59000,,True,befood_menu,2242784,,,offline
2242785,4397,Tokbokki Phô Mai,tokbokki phô mai,,69000,,True,befood_menu,2242785,,,offline
2242792,4397,Miến Trộn Bò Japchae,miến trộn bò japchae,,75000,,True,befood_menu,2242792,,,offline
2242793,4397,Mỳ Trộn Bò Há Cảo,mỳ trộn bò há cảo,,79000,,True,befood_menu,2242793,,,offline
8019094,4397,Mì Cay Carbonara Samyang,mì cay carbonara samyang,,79000,,True,befood_menu,8019094,,,offline
8019095,4397,Mì Tương Đen Truyền Thống,mì tương đen truyền thống,,79000,,True,befood_menu,8019095,,,offline
10281409,4397,Thịt chiên chua ngọt Hàn Quốc,thịt chiên chua ngọt hàn quốc,,85000,,True,befood_menu,10281409,,,offline
2242783,4397,Cơm Rang Kim Chi,cơm rang kim chi,,59000,,True,befood_menu,2242783,,,offline
6227372,4397,Canh Rong Biển,canh rong biển,,50000,,True,befood_menu,6227372,,,offline
8019093,4397,Canh Chả Cá Jin,canh chả cá jin,,59000,,True,befood_menu,8019093,,,offline
6589098,4397,Gà Popcorn Mật Ong Tỏi (size S),gà popcorn mật ong tỏi (size s),,65000,,True,befood_menu,6589098,,,offline
8022798,4397,Gà Popcorn Phomai (size S),gà popcorn phomai (size s),,65000,,True,befood_menu,8022798,,,offline
8116988,4397,Popcorn Sốt Cay Ngọt (Size S),popcorn sốt cay ngọt (size s),,65000,,True,befood_menu,8116988,,,offline
2668009,7920,Cơm Rang Đùi Gà Xối Mỡ,cơm rang đùi gà xối mỡ,,45000,,True,befood_menu,2668009,,,offline
2668008,7920,Cơm Rang Đùi Gà Xối Mắm,cơm rang đùi gà xối mắm,,45000,,True,befood_menu,2668008,,,offline
2668006,7920,Cơm Rang Gà Sốt Chua Ngọt,cơm rang gà sốt chua ngọt,,45000,,True,befood_menu,2668006,,,offline
5741546,7920,Cơm rang gà lọc xương,cơm rang gà lọc xương,,45000,,True,befood_menu,5741546,,,offline
2668007,7920,Cơm Rang Xá Xíu,cơm rang xá xíu,,45000,,True,befood_menu,2668007,,,offline
2668005,7920,Cơm Rang Dưa Bò,cơm rang dưa bò,,45000,,True,befood_menu,2668005,,,offline
2668013,7920,Cơm Rang Thập Cẩm,cơm rang thập cẩm,,35000,,True,befood_menu,2668013,,,offline
7090716,7920,Cơm rang trứng lẫn,cơm rang trứng lẫn,,25000,,True,befood_menu,7090716,,,offline
7019401,7920,cơm rang 2 xúc xích rán,cơm rang 2 xúc xích rán,,35000,,True,befood_menu,7019401,,,offline
2668017,7920,Cơm Rang Trứng Ốp,cơm rang trứng ốp,,30000,,True,befood_menu,2668017,,,offline
9852203,7920,Cơm rang Dương Châu,cơm rang dương châu,,56000,,True,befood_menu,9852203,,,offline
2668011,7920,Cơm rang thập cẩm - Pepsi,cơm rang thập cẩm - pepsi,,48000,,True,befood_menu,2668011,,,offline
2668015,7920,Cơm Rang Dưa Bò + pepsi,cơm rang dưa bò + pepsi,,55000,,True,befood_menu,2668015,,,offline
2668018,7920,Cơm Rang Gà + pepsi,cơm rang gà + pepsi,,55000,,True,befood_menu,2668018,,,offline
2668024,7920,Cơm Rang Xá Xíu + pepsi,cơm rang xá xíu + pepsi,,55000,,True,befood_menu,2668024,,,offline
4391593,61209,Bánh tráng cuốn bơ,bánh tráng cuốn bơ,,30000,,True,befood_menu,4391593,,,offline
4391594,61209,Bánh tráng trộn,bánh tráng trộn,,25000,,True,befood_menu,4391594,,,offline
4391595,61209,Bánh tráng nướng,bánh tráng nướng,,35000,,True,befood_menu,4391595,,,offline
4391596,61209,Bánh tráng cuốn phô mai,bánh tráng cuốn phô mai,,35000,,True,befood_menu,4391596,,,offline
4391597,61209,Bánh tráng cuốn phô mai trứng muối,bánh tráng cuốn phô mai trứng muối,,40000,,True,befood_menu,4391597,,,offline
5983921,76124,Cơm gà mắm tỏi,cơm gà mắm tỏi,,65000,,True,befood_menu,5983921,,,offline
5983922,76124,Cơm gà xào nấm,cơm gà xào nấm,,65000,,True,befood_menu,5983922,,,offline
5983924,76124,Heo chiên xì dầu trứng,heo chiên xì dầu trứng,,70000,,True,befood_menu,5983924,,,offline
5983920,76124,Cơm bò xốt tiêu đen,cơm bò xốt tiêu đen,,75000,,True,befood_menu,5983920,,,offline
5983925,76124,Cơm gà viên xốt Hàn Quốc,cơm gà viên xốt hàn quốc,,65000,,True,befood_menu,5983925,,,offline
6613857,76124,Cơm gà viên xốt cari,cơm gà viên xốt cari,,65000,,True,befood_menu,6613857,,,offline
5986735,76124,COMBO cơm gà mắm tỏi lớn + Nước,combo cơm gà mắm tỏi lớn + nước,,75000,,True,befood_menu,5986735,,,offline
5986740,76124,COMBO cơm gà viên xốt ngũ vị + Nước,combo cơm gà viên xốt ngũ vị + nước,,75000,,True,befood_menu,5986740,,,offline
5986738,76124,COMBO cơm gà xào nấm + Nước,combo cơm gà xào nấm + nước,,75000,,True,befood_menu,5986738,,,offline
5986737,76124,COMBO cơm bò xốt tiêu + Nước,combo cơm bò xốt tiêu + nước,,85000,,True,befood_menu,5986737,,,offline
340323,10227,Bánh cuốn thịt chả,bánh cuốn thịt chả,,35000,,True,befood_menu,340323,,,offline
340324,10227,Bánh cuốn thịt,bánh cuốn thịt,,30000,,True,befood_menu,340324,,,offline
340325,10227,Bánh cuốn trứng chín,bánh cuốn trứng chín,,15000,,True,befood_menu,340325,,,offline
340326,10227,Bánh cuốn trứng lòng đào,bánh cuốn trứng lòng đào,,15000,,True,befood_menu,340326,,,offline
340328,10227,Bánh cuốn tôm,bánh cuốn tôm,,45000,,True,befood_menu,340328,,,offline
340329,10227,Bánh cuốn tôm chả,bánh cuốn tôm chả,,50000,,True,befood_menu,340329,,,offline
340330,10227,Bánh cuốn nhân hành khô,bánh cuốn nhân hành khô,,25000,,True,befood_menu,340330,,,offline
340331,10227,Bánh cuốn nhân hành khô có chả,bánh cuốn nhân hành khô có chả,,30000,,True,befood_menu,340331,,,offline
340332,10227,Bánh cuốn chả nướng,bánh cuốn chả nướng,,50000,,True,befood_menu,340332,,,offline
340333,10227,Chả nướng,chả nướng,,20000,,True,befood_menu,340333,,,offline
11466561,10227,Bánh cuốn nhân gà,bánh cuốn nhân gà,,50000,,True,befood_menu,11466561,,,offline
48695,2443,Bánh giò truyền thống,bánh giò truyền thống,,45000,,True,befood_menu,48695,,,offline
48704,2443,Bánh rán mặn,bánh rán mặn,,70000,,True,befood_menu,48704,,,offline
48706,2443,Nem Ngọt Rán,nem ngọt rán,,90000,,True,befood_menu,48706,,,offline
48718,2443,Bánh tôm,bánh tôm,,130000,,True,befood_menu,48718,,,offline
48722,2443,Bánh gối,bánh gối,,100000,,True,befood_menu,48722,,,offline
48726,2443,Nem Chua,nem chua,,75000,,True,befood_menu,48726,,,offline
48731,2443,Bánh Rán Ngọt,bánh rán ngọt,,40000,,True,befood_menu,48731,,,offline
48735,2443,Bún chả,bún chả,,60000,,True,befood_menu,48735,,,offline
9766759,116044,Cơm cá trắm kho,cơm cá trắm kho,,50000,,True,befood_menu,9766759,,,offline
9766760,116044,Cơm thịt kho tàu,cơm thịt kho tàu,,50000,,True,befood_menu,9766760,,,offline
9766761,116044,Cơm đùi gà quay,cơm đùi gà quay,,50000,,True,befood_menu,9766761,,,offline
9766762,116044,Cơm gà cà ri,cơm gà cà ri,,50000,,True,befood_menu,9766762,,,offline
9766763,116044,Cơm rang dưa bò,cơm rang dưa bò,,50000,,True,befood_menu,9766763,,,offline
9766765,116044,Cơm rang hải sản,cơm rang hải sản,,50000,,True,befood_menu,9766765,,,offline
2904640,41433,Phở xào,phở xào,,45000,,True,befood_menu,2904640,,,offline
2904641,41433,Mỳ xào,mỳ xào,,45000,,True,befood_menu,2904641,,,offline
2904642,41433,Cơm rang thập cẩm,cơm rang thập cẩm,,40000,,True,befood_menu,2904642,,,offline
2904643,41433,Cơm rang cải bò,cơm rang cải bò,,45000,,True,befood_menu,2904643,,,offline
2904644,41433,Phở tái,phở tái,,40000,,True,befood_menu,2904644,,,offline
2904645,41433,Phở tái chín,phở tái chín,,40000,,True,befood_menu,2904645,,,offline
2904646,41433,Phở tái gầu,phở tái gầu,,40000,,True,befood_menu,2904646,,,offline
2904647,41433,Phở tái nạm,phở tái nạm,,40000,,True,befood_menu,2904647,,,offline
548617,16270,Thịt xiên nướng,thịt xiên nướng,,11000,,True,befood_menu,548617,,,offline
548619,16270,Bánh mỳ bơ mật ong,bánh mỳ bơ mật ong,,12000,,True,befood_menu,548619,,,offline
548620,16270,Bánh mỳ 2 xiên,bánh mỳ 2 xiên,,28000,,True,befood_menu,548620,,,offline
548622,16270,Bánh mỳ 3 xiên,bánh mỳ 3 xiên,,38000,,True,befood_menu,548622,,,offline
548623,16270,Bún thịt nướng,bún thịt nướng,,48000,,True,befood_menu,548623,,,offline
548624,16270,Bánh mì thịt nướng,bánh mì thịt nướng,,27000,,True,befood_menu,548624,,,offline
9623816,16270,Bún chả,bún chả,,58000,,True,befood_menu,9623816,,,offline
7573135,96492,Bánh chay,bánh chay,,25000,,True,befood_menu,7573135,,,offline
7573136,96492,Bánh nhân thịt nấm không chả,bánh nhân thịt nấm không chả,,30000,,True,befood_menu,7573136,,,offline
7573137,96492,Bánh nhân tôm thịt không kèm chả,bánh nhân tôm thịt không kèm chả,,40000,,True,befood_menu,7573137,,,offline
7573138,96492,Bánh nhân hành phi,bánh nhân hành phi,,35000,,True,befood_menu,7573138,,,offline
7573139,96492,Bánh cuốn đặc biệt kèm chả,bánh cuốn đặc biệt kèm chả,,55000,,True,befood_menu,7573139,,,offline
7573140,96492,Bánh thịt nấm - nhiều nhân,bánh thịt nấm - nhiều nhân,,105000,,True,befood_menu,7573140,,,offline
10182888,99617,Măng Trúc Xào Tỏi,măng trúc xào tỏi,,75000,,True,befood_menu,10182888,,,offline
10182896,99617,Bắp Cải Xào Tỏi,bắp cải xào tỏi,,63000,,True,befood_menu,10182896,,,offline
10182905,99617,Bắp Cải Luộc Chấm Trứng,bắp cải luộc chấm trứng,,69000,,True,befood_menu,10182905,,,offline
10188675,99617,Rau củ quả luộc chấm trứng,rau củ quả luộc chấm trứng,,63000,,True,befood_menu,10188675,,,offline
7824041,99617,Cơm chiên trứng,cơm chiên trứng,,65000,,True,befood_menu,7824041,,,offline
7824043,99617,Cá nục hoa sốt chanh leo,cá nục hoa sốt chanh leo,,81000,,True,befood_menu,7824043,,,offline
7824044,99617,Cá bông lau kho tộ,cá bông lau kho tộ,,86000,,True,befood_menu,7824044,,,offline
7824046,99617,Đậu hũ sốt Thái,đậu hũ sốt thái,,78000,,True,befood_menu,7824046,,,offline
7824049,99617,Trứng chiên,trứng chiên,,40000,,True,befood_menu,7824049,,,offline
7824050,99617,Kho quẹt,kho quẹt,,69000,,True,befood_menu,7824050,,,offline
7824051,99617,Cá mối rim Thái,cá mối rim thái,,75000,,True,befood_menu,7824051,,,offline
7824053,99617,Bò sốt tiêu đen,bò sốt tiêu đen,,102000,,True,befood_menu,7824053,,,offline
7824055,99617,Thịt ba chỉ rang cháy cạnh,thịt ba chỉ rang cháy cạnh,,86000,,True,befood_menu,7824055,,,offline
7824056,99617,Thịt kho tàu,thịt kho tàu,,78000,,True,befood_menu,7824056,,,offline
7824057,99617,Canh cải thịt bằm,canh cải thịt bằm,,69000,,True,befood_menu,7824057,,,offline
10188794,99617,Canh sườn hầm củ sen,canh sườn hầm củ sen,,86000,,True,befood_menu,10188794,,,offline
10182915,99617,"Combo cơm đốt 1 mặt, đậu hũ sốt thái","combo cơm đốt 1 mặt, đậu hũ sốt thái",,85000,,True,befood_menu,10182915,,,offline
10182917,99617,"Combo cơm đốt 1 mặt, thịt kho tàu","combo cơm đốt 1 mặt, thịt kho tàu",,87000,,True,befood_menu,10182917,,,offline
11237130,128372,Cơm gà xá xíu,cơm gà xá xíu,,38250,,True,befood_menu,11237130,,,offline
11237131,128372,Cơm heo xá xíu,cơm heo xá xíu,,60000,,True,befood_menu,11237131,,,offline
11237132,128372,Cơm gà bompi,cơm gà bompi,,60000,,True,befood_menu,11237132,,,offline
368779,10856,Bánh cuốn thịt,bánh cuốn thịt,,30000,,True,befood_menu,368779,,,offline
368781,10856,Bánh cuốn thịt chả,bánh cuốn thịt chả,,35000,,True,befood_menu,368781,,,offline
368783,10856,Bánh cuốn tôm lẫn thịt,bánh cuốn tôm lẫn thịt,,45000,,True,befood_menu,368783,,,offline
368784,10856,Bánh cuốn tôm lẫn thịt có chả,bánh cuốn tôm lẫn thịt có chả,,50000,,True,befood_menu,368784,,,offline
368786,10856,Bánh cuốn nhân hành khô,bánh cuốn nhân hành khô,,25000,,True,befood_menu,368786,,,offline
368788,10856,Bánh cuốn nhân hành khô chả,bánh cuốn nhân hành khô chả,,30000,,True,befood_menu,368788,,,offline
368790,10856,Bánh cuốn trứng chín,bánh cuốn trứng chín,,15000,,True,befood_menu,368790,,,offline
368793,10856,Bánh cuốn trứng lòng đào,bánh cuốn trứng lòng đào,,15000,,True,befood_menu,368793,,,offline
8149929,10856,CHẢ XIÊN 20K/ 1 XIÊN,chả xiên 20k/ 1 xiên,,20000,,True,befood_menu,8149929,,,offline
8149936,10856,bánh cuốn nhân thịt chả nướng,bánh cuốn nhân thịt chả nướng,,50000,,True,befood_menu,8149936,,,offline
12060342,134353,Bún chả lẫn,bún chả lẫn,,50000,,True,befood_menu,12060342,,,offline
12060343,134353,Bún chả viên,bún chả viên,,50000,,True,befood_menu,12060343,,,offline
12060346,134353,Bún chả miếng,bún chả miếng,,50000,,True,befood_menu,12060346,,,offline
4116942,32784,Bún bò tái + Coca Cola,bún bò tái + coca cola,,47000,,True,befood_menu,4116942,,,offline
4116943,32784,Phở bò tái,phở bò tái,,47000,,True,befood_menu,4116943,,,offline
2205992,32784,Khoai Tây Lắc Phô Mai,khoai tây lắc phô mai,,35000,,True,befood_menu,2205992,,,offline
2205993,32784,Xúc Xích Chiên (2 Cái),xúc xích chiên (2 cái),,20000,,True,befood_menu,2205993,,,offline
3469388,32784,Phở Gà Hà Nội,phở gà hà nội,,35000,,True,befood_menu,3469388,,,offline
3469389,32784,Phở Bò Tái,phở bò tái,,35000,,True,befood_menu,3469389,,,offline
3469390,32784,Bún Gà Ta,bún gà ta,,35000,,True,befood_menu,3469390,,,offline
3469391,32784,Bún Bò Tái,bún bò tái,,35000,,True,befood_menu,3469391,,,offline
3469392,32784,Mì Gà Ta,mì gà ta,,35000,,True,befood_menu,3469392,,,offline
4033987,32784,Mì Bò Tái,mì bò tái,,35000,,True,befood_menu,4033987,,,offline
4033988,32784,Quẩy giòn,quẩy giòn,,10000,,True,befood_menu,4033988,,,offline
7487223,95249,Cơm tấm sườn nướng,cơm tấm sườn nướng,,65000,,True,befood_menu,7487223,,,offline
7487224,95249,Cơm tấm sườn bì chả trứng ốp la,cơm tấm sườn bì chả trứng ốp la,,83000,,True,befood_menu,7487224,,,offline
7487226,95249,Cơm tấm sườn bì chả,cơm tấm sườn bì chả,,78000,,True,befood_menu,7487226,,,offline
7487233,95249,Cơm tấm sườn chả,cơm tấm sườn chả,,73000,,True,befood_menu,7487233,,,offline
8670519,95249,Cơm tấm sườn bì,cơm tấm sườn bì,,69000,,True,befood_menu,8670519,,,offline
8670521,95249,Cơm tấm sườn ốp la,cơm tấm sườn ốp la,,73000,,True,befood_menu,8670521,,,offline
8670522,95249,Cơm tấm sườn bì ốp la,cơm tấm sườn bì ốp la,,78000,,True,befood_menu,8670522,,,offline
8670530,95249,Cơm tấm sườn chả ốp la,cơm tấm sườn chả ốp la,,81000,,True,befood_menu,8670530,,,offline
7487225,95249,Cơm tấm ba chỉ chả,cơm tấm ba chỉ chả,,73000,,True,befood_menu,7487225,,,offline
7487230,95249,Cơm tấm ba chỉ nướng,cơm tấm ba chỉ nướng,,68000,,True,befood_menu,7487230,,,offline
7487232,95249,Cơm tấm ba chỉ bì chả trứng ốp la,cơm tấm ba chỉ bì chả trứng ốp la,,83000,,True,befood_menu,7487232,,,offline
7487234,95249,Cơm tấm ba chỉ bì chả,cơm tấm ba chỉ bì chả,,78000,,True,befood_menu,7487234,,,offline
8670357,95249,Cơm tấm ba chỉ bì ốp la,cơm tấm ba chỉ bì ốp la,,78000,,True,befood_menu,8670357,,,offline
8670359,95249,Cơm tấm ba chỉ ốp la,cơm tấm ba chỉ ốp la,,73000,,True,befood_menu,8670359,,,offline
8670361,95249,Cơm tấm ba chỉ bì,cơm tấm ba chỉ bì,,71000,,True,befood_menu,8670361,,,offline
8670370,95249,Cơm tấm má heo nướng,cơm tấm má heo nướng,,75000,,True,befood_menu,8670370,,,offline
8670456,95249,Cơm tấm má heo bì chả ốp la,cơm tấm má heo bì chả ốp la,,93000,,True,befood_menu,8670456,,,offline
8670459,95249,Cơm tấm má heo chả ốp la,cơm tấm má heo chả ốp la,,91000,,True,befood_menu,8670459,,,offline
8670460,95249,Cơm tấm má heo bì ốp la,cơm tấm má heo bì ốp la,,88000,,True,befood_menu,8670460,,,offline
8670461,95249,Cơm tấm má heo bì chả,cơm tấm má heo bì chả,,88000,,True,befood_menu,8670461,,,offline
8670463,95249,Cơm tấm má heo ốp la,cơm tấm má heo ốp la,,83000,,True,befood_menu,8670463,,,offline
8670464,95249,Cơm tấm má heo chả,cơm tấm má heo chả,,83000,,True,befood_menu,8670464,,,offline
8670465,95249,Cơm tấm má heo bì,cơm tấm má heo bì,,79000,,True,befood_menu,8670465,,,offline
9838712,116631,Bún Thái Hải Sản,bún thái hải sản,,82000,,True,befood_menu,9838712,,,offline
9838713,116631,Bún Thái thập cẩm,bún thái thập cẩm,,89000,,True,befood_menu,9838713,,,offline
9838714,116631,Bún Thái đặc biệt,bún thái đặc biệt,,95000,,True,befood_menu,9838714,,,offline
10134301,116631,Bún Thái Bò Mỹ,bún thái bò mỹ,,87000,,True,befood_menu,10134301,,,offline
9838715,116631,Bún Thái tôm,bún thái tôm,,87000,,True,befood_menu,9838715,,,offline
11248054,116631,Bún Thái Sụn Non + Bò Mỹ,bún thái sụn non + bò mỹ,,87000,,True,befood_menu,11248054,,,offline
11248057,116631,Bún Thái Sụn Non,bún thái sụn non,,87000,,True,befood_menu,11248057,,,offline
9838722,116631,Mì tomyum hải sản,mì tomyum hải sản,,82000,,True,befood_menu,9838722,,,offline
9838721,116631,Mì tomyum thập cẩm,mì tomyum thập cẩm,,89000,,True,befood_menu,9838721,,,offline
9838723,116631,Mì tomyum đặc biệt,mì tomyum đặc biệt,,95000,,True,befood_menu,9838723,,,offline
10134303,116631,Mì Thái Bò Mỹ,mì thái bò mỹ,,87000,,True,befood_menu,10134303,,,offline
9838724,116631,Mì tomyum tôm,mì tomyum tôm,,87000,,True,befood_menu,9838724,,,offline
11248064,116631,Mì Tomyum Sụn Non,mì tomyum sụn non,,87000,,True,befood_menu,11248064,,,offline
11248067,116631,Mì Tomyum Sụn Non + Bò Mỹ,mì tomyum sụn non + bò mỹ,,87000,,True,befood_menu,11248067,,,offline
9838718,116631,Mì chua cay full topping,mì chua cay full topping,,98000,,True,befood_menu,9838718,,,offline
9838719,116631,Mì chua cay tim bầu dục trứng non,mì chua cay tim bầu dục trứng non,,85000,,True,befood_menu,9838719,,,offline
9838720,116631,Mì chua cay tim bầu dục mọc,mì chua cay tim bầu dục mọc,,74000,,True,befood_menu,9838720,,,offline
9838717,116631,Mì chua cay tim bầu dục,mì chua cay tim bầu dục,,68000,,True,befood_menu,9838717,,,offline
9838725,116631,Bún bò trộn Nam Bộ,bún bò trộn nam bộ,,62000,,True,befood_menu,9838725,,,offline
9838727,116631,Bún trộn gà nướng,bún trộn gà nướng,,62000,,True,befood_menu,9838727,,,offline
9838728,116631,Bún trộn xúc xích,bún trộn xúc xích,,49000,,True,befood_menu,9838728,,,offline
10485719,122272,Phở Bò Tái Nạm,phở bò tái nạm,,45000,,True,befood_menu,10485719,,,offline
10485723,122272,Phở Bò Tái Gầu,phở bò tái gầu,,45000,,True,befood_menu,10485723,,,offline
10485727,122272,Phở Bò Tái Lăn,phở bò tái lăn,,45000,,True,befood_menu,10485727,,,offline
10485730,122272,Phở Bò Sốt Vang,phở bò sốt vang,,45000,,True,befood_menu,10485730,,,offline
10485735,122272,Phở Bò Gầu,phở bò gầu,,45000,,True,befood_menu,10485735,,,offline
10485737,122272,Cơm Rang Dưa Bò,cơm rang dưa bò,,45000,,True,befood_menu,10485737,,,offline
10485741,122272,Cơm Rang Cải Bò,cơm rang cải bò,,45000,,True,befood_menu,10485741,,,offline
10485750,122272,Cơm Rang Sốt Vang,cơm rang sốt vang,,45000,,True,befood_menu,10485750,,,offline
10485752,122272,Phở Xào Cải Bò,phở xào cải bò,,45000,,True,befood_menu,10485752,,,offline
10485754,122272,Mỳ Xào Cải Bò,mỳ xào cải bò,,45000,,True,befood_menu,10485754,,,offline
10485756,122272,Mỳ Ý Sốt Bỏ Bằm,mỳ ý sốt bỏ bằm,,45000,,True,befood_menu,10485756,,,offline
876288,26075,Cơm thịt kho tàu trứng kèm chả lá lốt 1 trứng cuộn,cơm thịt kho tàu trứng kèm chả lá lốt 1 trứng cuộn,,48000,,True,befood_menu,876288,,,offline
876289,26075,Cơm sườn xào chua ngọt kèm chả lá lốt 1 trứng cuộn,cơm sườn xào chua ngọt kèm chả lá lốt 1 trứng cuộn,,48000,,True,befood_menu,876289,,,offline
876290,26075,Cơm Đậu Phụ Nhồi Thịt Sốt Cà Chua Trứng Ốp La,cơm đậu phụ nhồi thịt sốt cà chua trứng ốp la,,55000,,True,befood_menu,876290,,,offline
876291,26075,Cơm thịt heo nướng cốt lết,cơm thịt heo nướng cốt lết,,48000,,True,befood_menu,876291,,,offline
876292,26075,"Cơm bò sốt tiêu đen,Trứng Ốp","cơm bò sốt tiêu đen,trứng ốp",,57000,,True,befood_menu,876292,,,offline
876293,26075,Cơm thịt chân giò luộc,cơm thịt chân giò luộc,,48000,,True,befood_menu,876293,,,offline
876294,26075,Cơm Bò Sốt Tiêu Đen,cơm bò sốt tiêu đen,,50000,,True,befood_menu,876294,,,offline
876295,26075,Cơm Cánh gà chiên mắm,cơm cánh gà chiên mắm,,46000,,True,befood_menu,876295,,,offline
876296,26075,Cơm Đậu Phụ Nhồi Thịt Sốt Cà Chua,cơm đậu phụ nhồi thịt sốt cà chua,,48000,,True,befood_menu,876296,,,offline
876297,26075,Cơm Cánh gà sốt me chua ngọt,cơm cánh gà sốt me chua ngọt,,48000,,True,befood_menu,876297,,,offline
876298,26075,"Cơm Thịt Băm Với Đậu Và Ngô đậu , Trứng Ốp","cơm thịt băm với đậu và ngô đậu , trứng ốp",,50000,,True,befood_menu,876298,,,offline
996310,26075,cơm gà rang gừng xa ớt,cơm gà rang gừng xa ớt,,48000,,True,befood_menu,996310,,,offline
1948765,26075,cơm thịt kho tầu trứng kèm 1 chai cô ca,cơm thịt kho tầu trứng kèm 1 chai cô ca,,56000,,True,befood_menu,1948765,,,offline
1948767,26075,cơm sườn xào chua ngọt kèm 1 chai cô ca,cơm sườn xào chua ngọt kèm 1 chai cô ca,,55000,,True,befood_menu,1948767,,,offline
1948768,26075,cơm thịt giò luộc kèm 1 chai cô ca,cơm thịt giò luộc kèm 1 chai cô ca,,55000,,True,befood_menu,1948768,,,offline
1948769,26075,cơm bò sốt tiêu đen kèm 1 chai cô ca,cơm bò sốt tiêu đen kèm 1 chai cô ca,,56000,,True,befood_menu,1948769,,,offline
2135850,26075,cơm gà xào nấm,cơm gà xào nấm,,48000,,True,befood_menu,2135850,,,offline
2207056,26075,cơm bò sôt tiêu đen kèm 1 chai trà đào hạt chia,cơm bò sôt tiêu đen kèm 1 chai trà đào hạt chia,,56000,,True,befood_menu,2207056,,,offline
2207059,26075,cơm gà xào nấm kèm 1 chai trà đào hạt chia,cơm gà xào nấm kèm 1 chai trà đào hạt chia,,56000,,True,befood_menu,2207059,,,offline
7437953,26075,cơm dưa xào bò,cơm dưa xào bò,,50000,,True,befood_menu,7437953,,,offline
9419692,26075,cơm cá chiên xù kèm chả lá lốt trứng cuộn,cơm cá chiên xù kèm chả lá lốt trứng cuộn,,48000,,True,befood_menu,9419692,,,offline
11476481,26075,cơm dưa xao thịt bò,cơm dưa xao thịt bò,,50000,,True,befood_menu,11476481,,,offline
11476482,26075,cơm cá chiên xù kèm chả lá lốt 1 trứng cuộn,cơm cá chiên xù kèm chả lá lốt 1 trứng cuộn,,48000,,True,befood_menu,11476482,,,offline
876303,26075,Thịt Kho Tầu Trứng,thịt kho tầu trứng,,37000,,True,befood_menu,876303,,,offline
876306,26075,Sườn Xào Chua Ngọt,sườn xào chua ngọt,,37000,,True,befood_menu,876306,,,offline
876307,26075,Thịt Chân Giò Luộc,thịt chân giò luộc,,37000,,True,befood_menu,876307,,,offline
876309,26075,Thịt Băm Ngô Đậu,thịt băm ngô đậu,,37000,,True,befood_menu,876309,,,offline
876310,26075,Thịt Côt Lết ( thịt nạc vai đầu giòn ),thịt côt lết ( thịt nạc vai đầu giòn ),,38000,,True,befood_menu,876310,,,offline
2135852,26075,gà xào nấm ăn thêm,gà xào nấm ăn thêm,,37000,,True,befood_menu,2135852,,,offline
4594509,26075,thịt bò xào cần tỏi ko bao gồm cơm ăn thêm,thịt bò xào cần tỏi ko bao gồm cơm ăn thêm,,40000,,True,befood_menu,4594509,,,offline
5845619,26075,thịt bọc trứng cút xốt xíu mại,thịt bọc trứng cút xốt xíu mại,,35000,,True,befood_menu,5845619,,,offline
3990153,26075,gà xào nấm ăn thêm,gà xào nấm ăn thêm,,37000,,True,befood_menu,3990153,,,offline
6088651,26075,tôm rang thịt ăn thêm ko kèm cơm,tôm rang thịt ăn thêm ko kèm cơm,,35000,,True,befood_menu,6088651,,,offline
11476480,26075,Dưa xào bò ăn thêm ko bao gồm cơm,dưa xào bò ăn thêm ko bao gồm cơm,,40000,,True,befood_menu,11476480,,,offline
10171396,119585,Cơm tấm sườn,cơm tấm sườn,,60000,,True,befood_menu,10171396,,,offline
10171397,119585,Cơm tấm sườn bì,cơm tấm sườn bì,,65000,,True,befood_menu,10171397,,,offline
10171398,119585,Cơm tấm sườn chả,cơm tấm sườn chả,,65000,,True,befood_menu,10171398,,,offline
10171399,119585,Cơm tấm sườn trứng,cơm tấm sườn trứng,,65000,,True,befood_menu,10171399,,,offline
10171400,119585,Cơm tấm sườn chả trứng,cơm tấm sườn chả trứng,,70000,,True,befood_menu,10171400,,,offline
10171401,119585,Cơm tấm sườn chả trứng lạp xưởng,cơm tấm sườn chả trứng lạp xưởng,,80000,,True,befood_menu,10171401,,,offline
10171402,119585,Cơm tấm sườn non,cơm tấm sườn non,,75000,,True,befood_menu,10171402,,,offline
10171403,119585,Cơm tấm má heo,cơm tấm má heo,,75000,,True,befood_menu,10171403,,,offline
10171404,119585,Cơm tấm ba chỉ luộc chấm mắm cá cơm,cơm tấm ba chỉ luộc chấm mắm cá cơm,,70000,,True,befood_menu,10171404,,,offline
10171405,119585,Cơm gà chiên mắm Thái,cơm gà chiên mắm thái,,70000,,True,befood_menu,10171405,,,offline
10171406,119585,Cơm tấm đặc biệt,cơm tấm đặc biệt,,85000,,True,befood_menu,10171406,,,offline
10171407,119585,Cơm tấm ba chỉ nướng,cơm tấm ba chỉ nướng,,70000,,True,befood_menu,10171407,,,offline
10171409,119585,Cơm tôm đất rang thịt,cơm tôm đất rang thịt,,75000,,True,befood_menu,10171409,,,offline
10171410,119585,Cơm cá kho tộ thịt ba chỉ,cơm cá kho tộ thịt ba chỉ,,75000,,True,befood_menu,10171410,,,offline
7652938,20058,Gà Phủ Pho Mai Tuyết (suất nhỡ),gà phủ pho mai tuyết (suất nhỡ),,195000,,True,befood_menu,7652938,,,offline
7653019,20058,Gà Phủ Pho Mai Tuyết (suất lớn),gà phủ pho mai tuyết (suất lớn),,355000,,True,befood_menu,7653019,,,offline
7652936,20058,Gà Phủ Sốt Kem Hành (suất nhỡ),gà phủ sốt kem hành (suất nhỡ),,205000,,True,befood_menu,7652936,,,offline
7652937,20058,Gà Phủ Sốt Kem Hành (suất lớn),gà phủ sốt kem hành (suất lớn),,375000,,True,befood_menu,7652937,,,offline
10436407,20058,Gà Phủ Sốt Trứng Muối Kim Sa (suất nhỡ),gà phủ sốt trứng muối kim sa (suất nhỡ),,215000,,True,befood_menu,10436407,,,offline
10481158,20058,Gà Cầu Vồng 7 Sắc (suất nhỡ),gà cầu vồng 7 sắc (suất nhỡ),,215000,,True,befood_menu,10481158,,,offline
7651667,20058,Gà Suất Nhỡ Truyền Thống,gà suất nhỡ truyền thống,,165000,,True,befood_menu,7651667,,,offline
7586659,20058,Gà Suất nhỡ 1 sốt,gà suất nhỡ 1 sốt,,175000,,True,befood_menu,7586659,,,offline
7651666,20058,Gà Suất Nhỡ 2 Sốt,gà suất nhỡ 2 sốt,,185000,,True,befood_menu,7651666,,,offline
7586660,20058,Gà Suất Nhỡ 3 Sốt,gà suất nhỡ 3 sốt,,195000,,True,befood_menu,7586660,,,offline
7651671,20058,Gà Suất Lớn Truyền Thống,gà suất lớn truyền thống,,315000,,True,befood_menu,7651671,,,offline
7651670,20058,Gà Suất Lớn 1 Sốt,gà suất lớn 1 sốt,,330000,,True,befood_menu,7651670,,,offline
7651669,20058,Gà Suất Lớn 2 Sốt,gà suất lớn 2 sốt,,345000,,True,befood_menu,7651669,,,offline
7651668,20058,Gà Suất Lớn 3 Sốt,gà suất lớn 3 sốt,,360000,,True,befood_menu,7651668,,,offline
7654256,20058,Cánh gà (4 miếng),cánh gà (4 miếng),,85000,,True,befood_menu,7654256,,,offline
7654305,20058,Má Đùi (3 miếng),má đùi (3 miếng),,85000,,True,befood_menu,7654305,,,offline
11909292,20058,Đùi Gà Rán (2 miếng),đùi gà rán (2 miếng),,85000,,True,befood_menu,11909292,,,offline
11909352,20058,Combo Đùi,combo đùi,,210000,,True,befood_menu,11909352,,,offline
11909369,20058,Combo Cánh,combo cánh,,210000,,True,befood_menu,11909369,,,offline
11909396,20058,Combo Đùi Cánh,combo đùi cánh,,210000,,True,befood_menu,11909396,,,offline
7655230,20058,Gà Popcorn,gà popcorn,,85000,,True,befood_menu,7655230,,,offline
10131534,20058,Gà Xào Bắp Cải Phô Mai,gà xào bắp cải phô mai,,125000,,True,befood_menu,10131534,,,offline
10436399,20058,1 Con Gà Ri Ủ Muối Hoa Tiêu,1 con gà ri ủ muối hoa tiêu,,285000,,True,befood_menu,10436399,,,offline
10436341,20058,Chân Gà Sả Ớt Chua Cay Ngọt (hộp nhỏ),chân gà sả ớt chua cay ngọt (hộp nhỏ),,75000,,True,befood_menu,10436341,,,offline
10436346,20058,Chân Gà Sả Ớt Chua Cay Ngọt (hộp to),chân gà sả ớt chua cay ngọt (hộp to),,125000,,True,befood_menu,10436346,,,offline
10436429,20058,1 Lẩu Tokbokki Sốt Pho Mai Hàn Quốc,1 lẩu tokbokki sốt pho mai hàn quốc,,165000,,True,befood_menu,10436429,,,offline
10436431,20058,2 Lẩu Tokbokki Sốt Pho Mai Hàn Quốc,2 lẩu tokbokki sốt pho mai hàn quốc,,315000,,True,befood_menu,10436431,,,offline
10131482,20058,Cheesy Tokbokki,cheesy tokbokki,,75000,,True,befood_menu,10131482,,,offline
7655698,20058,cheese balls (25 viên),cheese balls (25 viên),,295000,,True,befood_menu,7655698,,,offline
9224337,20058,Cheese Balls (5 viên),cheese balls (5 viên),,65000,,True,befood_menu,9224337,,,offline
4867387,20000,Bánh cuốn chả,bánh cuốn chả,,35000,,True,befood_menu,4867387,,,offline
4867388,20000,Bánh cuốn trứng,bánh cuốn trứng,,40000,,True,befood_menu,4867388,,,offline
4867389,20000,Bánh cuốn,bánh cuốn,,30000,,True,befood_menu,4867389,,,offline
4867390,20000,Chân gà luộc,chân gà luộc,,25000,,True,befood_menu,4867390,,,offline
6406136,76892,Gà Xé Hoàng Kim Giòn - 1/2 Con,gà xé hoàng kim giòn - 1/2 con,,144000,,True,befood_menu,6406136,,,offline
6406148,76892,Gà Xé Sợi Kiểu Pháp - 1/2 Con,gà xé sợi kiểu pháp - 1/2 con,,144000,,True,befood_menu,6406148,,,offline
6406165,76892,Gà Xé Sốt Mật Ong - 1/2 Con,gà xé sốt mật ong - 1/2 con,,144000,,True,befood_menu,6406165,,,offline
6037324,76892,Burger Gà Cay,burger gà cay,,42000,,True,befood_menu,6037324,,,offline
6037325,76892,Burger Gà Giòn,burger gà giòn,,42000,,True,befood_menu,6037325,,,offline
6037326,76892,Burger Bò,burger bò,,66000,,True,befood_menu,6037326,,,offline
6037338,76892,Mì Ý Sốt Tiêu Đen,mì ý sốt tiêu đen,,42000,,True,befood_menu,6037338,,,offline
8070975,76892,Mì Ý Sốt Thịt Băm,mì ý sốt thịt băm,,54000,,True,befood_menu,8070975,,,offline
6037339,76892,Gà Phi Lê Giòn Sốt Hàn,gà phi lê giòn sốt hàn,,46000,,True,befood_menu,6037339,,,offline
6037340,76892,Gà Nguyên Vị,gà nguyên vị,,42000,,True,befood_menu,6037340,,,offline
6037341,76892,Đùi Gà Giòn,đùi gà giòn,,39000,,True,befood_menu,6037341,,,offline
6037342,76892,Cánh Gà Giòn Thơm,cánh gà giòn thơm,,42000,,True,befood_menu,6037342,,,offline
6037343,76892,Cánh Nướng Kiểu Pháp,cánh nướng kiểu pháp,,42000,,True,befood_menu,6037343,,,offline
6037344,76892,Cánh Gà Cay,cánh gà cay,,42000,,True,befood_menu,6037344,,,offline
6037345,76892,Nguyên Cánh Nướng Kiểu Pháp,nguyên cánh nướng kiểu pháp,,46000,,True,befood_menu,6037345,,,offline
6037346,76892,Cánh Gà Hoàng Kim,cánh gà hoàng kim,,46000,,True,befood_menu,6037346,,,offline
6037347,76892,Gà Viên,gà viên,,42000,,True,befood_menu,6037347,,,offline
7119568,76892,Khoai Tây Chiên Lắc Phô Mai,khoai tây chiên lắc phô mai,,42000,,True,befood_menu,7119568,,,offline
8326343,76892,XIÊN GÀ ĐẢO VÀNG 2 XIÊN,xiên gà đảo vàng 2 xiên,,30000,,True,befood_menu,8326343,,,offline
8326357,76892,CỔ GÀ KIM LỘC 2 CÁI,cổ gà kim lộc 2 cái,,30000,,True,befood_menu,8326357,,,offline
8326373,76892,PHI LÊ GÀ LỤC YÊN,phi lê gà lục yên,,54000,,True,befood_menu,8326373,,,offline
6037357,76892,Cơm Đùi Gà,cơm đùi gà,,54000,,True,befood_menu,6037357,,,offline
6037358,76892,Cơm Cánh Gà,cơm cánh gà,,54000,,True,befood_menu,6037358,,,offline
9219909,76892,Cơm cari gà,cơm cari gà,,66000,,True,befood_menu,9219909,,,offline
9219917,76892,Cơm Gà Shou Ba Ji,cơm gà shou ba ji,,54000,,True,befood_menu,9219917,,,offline
9219924,76892,Cơm Gà Hei Jiang,cơm gà hei jiang,,54000,,True,befood_menu,9219924,,,offline
6037361,76892,Combo Burger Gà,combo burger gà,,90000,,True,befood_menu,6037361,,,offline
6037369,76892,Mỳ Ý - Coca Cola - Cỡ M,mỳ ý - coca cola - cỡ m,,54000,,True,befood_menu,6037369,,,offline
6037370,76892,Mỳ Ý - Salad Rau Củ,mỳ ý - salad rau củ,,60000,,True,befood_menu,6037370,,,offline
6037371,76892,Mỳ Ý - Gà Nguyên Vị - Coca Cola - Cỡ M,mỳ ý - gà nguyên vị - coca cola - cỡ m,,90000,,True,befood_menu,6037371,,,offline
6037372,76892,Mỳ Ý - Gà Nguyên Vị - Salad Rau Củ,mỳ ý - gà nguyên vị - salad rau củ,,96000,,True,befood_menu,6037372,,,offline
5202115,68175,Cơm Gà Xào Sả Ớt + Món Phụ,cơm gà xào sả ớt + món phụ,,65000,,True,befood_menu,5202115,,,offline
5202116,68175,Cơm Fillet Gà Tẩm Bột + Món Phụ,cơm fillet gà tẩm bột + món phụ,,65000,,True,befood_menu,5202116,,,offline
5202117,68175,Cơm Gà Rang Gừng ( gà ta ) + Món Phụ,cơm gà rang gừng ( gà ta ) + món phụ,,65000,,True,befood_menu,5202117,,,offline
5202118,68175,Cơm Thịt Kho Trứng + Món Phụ,cơm thịt kho trứng + món phụ,,65000,,True,befood_menu,5202118,,,offline
5202119,68175,Cơm Thịt Rang Cháy Cạnh + Món Phụ,cơm thịt rang cháy cạnh + món phụ,,65000,,True,befood_menu,5202119,,,offline
5202120,68175,Cơm Mắm Tép Chưng Thịt + Món Phụ,cơm mắm tép chưng thịt + món phụ,,65000,,True,befood_menu,5202120,,,offline
5202121,68175,Cơm Thịt Chân Giò Luộc + Món Phụ,cơm thịt chân giò luộc + món phụ,,65000,,True,befood_menu,5202121,,,offline
5202122,68175,Cơm Cá Chiên Giòn + Món Phụ,cơm cá chiên giòn + món phụ,,65000,,True,befood_menu,5202122,,,offline
5202123,68175,Cơm Cá Nục Kho Tiêu + Món Phụ,cơm cá nục kho tiêu + món phụ,,65000,,True,befood_menu,5202123,,,offline
5202124,68175,Cơm Bò Xào Măng + Món Phụ,cơm bò xào măng + món phụ,,65000,,True,befood_menu,5202124,,,offline
5202125,68175,Cơm Cá Trắm Kho Riềng + Món Phụ,cơm cá trắm kho riềng + món phụ,,65000,,True,befood_menu,5202125,,,offline
5202126,68175,Cơm Trứng Đúc Thịt + Món Phụ,cơm trứng đúc thịt + món phụ,,59000,,True,befood_menu,5202126,,,offline
5202127,68175,Cơm Healthy,cơm healthy,,45000,,True,befood_menu,5202127,,,offline
5223192,68175,Cơm Sườn Xào Chua Ngọt + Món Phụ,cơm sườn xào chua ngọt + món phụ,,65000,,True,befood_menu,5223192,,,offline
5223194,68175,Cơm Tôm Đồng Đảo Hành Hoa + Món Phụ,cơm tôm đồng đảo hành hoa + món phụ,,60000,,True,befood_menu,5223194,,,offline
5231848,68175,Cơm Cá Trắm Sốt Cà + Món Phụ,cơm cá trắm sốt cà + món phụ,,65000,,True,befood_menu,5231848,,,offline
5276947,68175,Cơm Chả Lá Lốt + Món Phụ,cơm chả lá lốt + món phụ,,60000,,True,befood_menu,5276947,,,offline
5438993,68175,Cơm Cá Cơm Chua Ngọt + Thịt Luộc + Món Phụ,cơm cá cơm chua ngọt + thịt luộc + món phụ,,65000,,True,befood_menu,5438993,,,offline
11574641,68175,Cơm thịt nạc vai rán,cơm thịt nạc vai rán,,70000,,True,befood_menu,11574641,,,offline
1016490,8868,Cơm rang 10 Cẩm tặng kèm 1 ly coca( bao gồm bát giấy),cơm rang 10 cẩm tặng kèm 1 ly coca( bao gồm bát giấy),,42000,,True,befood_menu,1016490,,,offline
1016494,8868,Cơm rang dồi sụn tặng 1 ly coca(bao gồm bát giấy),cơm rang dồi sụn tặng 1 ly coca(bao gồm bát giấy),,43000,,True,befood_menu,1016494,,,offline
1016548,8868,Cơm rang hải sản tặng 1 ly coca(bao gồm bát giấy),cơm rang hải sản tặng 1 ly coca(bao gồm bát giấy),,54000,,True,befood_menu,1016548,,,offline
2149384,8868,"Cơm Rang Dưa Bò, Tặng 1 ly coca(bao gồm bát giấy)","cơm rang dưa bò, tặng 1 ly coca(bao gồm bát giấy)",,53000,,True,befood_menu,2149384,,,offline
5496956,8868,Cơm Ba Chỉ Chiên Giòn tặng 1 ly coca(bao gồm bát giấy),cơm ba chỉ chiên giòn tặng 1 ly coca(bao gồm bát giấy),,53000,,True,befood_menu,5496956,,,offline
5496962,8868,Cơm Rang Xúc Xích Kèm 1ly coca(bao gồm bát giấy),cơm rang xúc xích kèm 1ly coca(bao gồm bát giấy),,42000,,True,befood_menu,5496962,,,offline
5496966,8868,Cơm Rang Đùi Gà Xé kèm 1ly coca (bao gồm bát giấy),cơm rang đùi gà xé kèm 1ly coca (bao gồm bát giấy),,45000,,True,befood_menu,5496966,,,offline
5496968,8868,Cơm Rang Thịt Chưng Mắn Tép kèm 1ly coca(bao gồm bát giấy),cơm rang thịt chưng mắn tép kèm 1ly coca(bao gồm bát giấy),,50000,,True,befood_menu,5496968,,,offline
5497529,8868,Cơm Rang Đùi Gà Sốt kèm 1 ly coca( bao gồm bát giấy),cơm rang đùi gà sốt kèm 1 ly coca( bao gồm bát giấy),,55000,,True,befood_menu,5497529,,,offline
5497530,8868,Cơm Rang Trứng Dưa kèm 1ly coca(bao gồm bát giấy),cơm rang trứng dưa kèm 1ly coca(bao gồm bát giấy),,41000,,True,befood_menu,5497530,,,offline
5497532,8868,Cơm Rang Trứng kèm 1 ly coca(bao gồm hộp giấy),cơm rang trứng kèm 1 ly coca(bao gồm hộp giấy),,41000,,True,befood_menu,5497532,,,offline
5497534,8868,Cơm Rang Giò Nạc kèm 1 ly coca(bao gồm hộp giấy),cơm rang giò nạc kèm 1 ly coca(bao gồm hộp giấy),,42000,,True,befood_menu,5497534,,,offline
5497536,8868,Cơm Rang Ngô Dưa Chua kèm 1 ly coca(bao gồm bát giấy),cơm rang ngô dưa chua kèm 1 ly coca(bao gồm bát giấy),,39000,,True,befood_menu,5497536,,,offline
10410092,8868,Cơm Rang Lạp Xưởng Nướng Đá 2 cái kèm 1ly coca,cơm rang lạp xưởng nướng đá 2 cái kèm 1ly coca,,53000,,True,befood_menu,10410092,,,offline
10845574,8868,Mỳ Trộn Nem Chua Rán,mỳ trộn nem chua rán,,42000,,True,befood_menu,10845574,,,offline
10845580,8868,Mỳ Trộn Thập Cẩm,mỳ trộn thập cẩm,,42000,,True,befood_menu,10845580,,,offline
10845588,8868,Mỳ Trộn Xúc Xich 2 cái,mỳ trộn xúc xich 2 cái,,42000,,True,befood_menu,10845588,,,offline
10845593,8868,Mỳ trộn Hình Tôm,mỳ trộn hình tôm,,42000,,True,befood_menu,10845593,,,offline
10845602,8868,Mỳ trộn Mực Xoắn,mỳ trộn mực xoắn,,42000,,True,befood_menu,10845602,,,offline
10845878,8868,Mỳ trộn sủi Cảo nhân thịt,mỳ trộn sủi cảo nhân thịt,,42000,,True,befood_menu,10845878,,,offline
10845882,8868,Mỳ trộn Viên Chiên,mỳ trộn viên chiên,,42000,,True,befood_menu,10845882,,,offline
10845886,8868,Mỳ trộn Lạp Xưởng Nướng Đá 2 cái,mỳ trộn lạp xưởng nướng đá 2 cái,,50000,,True,befood_menu,10845886,,,offline
10845890,8868,Mỳ trộn TrỨng Ốp La 2 quả,mỳ trộn trứng ốp la 2 quả,,40000,,True,befood_menu,10845890,,,offline
10845896,8868,Mỳ Trộn Dồi Sụn 2 cái,mỳ trộn dồi sụn 2 cái,,42000,,True,befood_menu,10845896,,,offline
881818,8868,đùi gà sốt,đùi gà sốt,,30000,,True,befood_menu,881818,,,offline
9113549,8868,Sủi Cảo Chiên SL 10,sủi cảo chiên sl 10,,35000,,True,befood_menu,9113549,,,offline
9113550,8868,Mực Xoắn Chiên SL 10,mực xoắn chiên sl 10,,35000,,True,befood_menu,9113550,,,offline
9113551,8868,Hình Tôm Chiên SL 10,hình tôm chiên sl 10,,35000,,True,befood_menu,9113551,,,offline
9113552,8868,Viên chiên Sl 30 viên,viên chiên sl 30 viên,,30000,,True,befood_menu,9113552,,,offline
9113554,8868,Sét Ăn Vặt,sét ăn vặt,,70000,,True,befood_menu,9113554,,,offline
9128144,8868,Viên Hình tôm + sủi cảo + mực xoăn Sl 10,viên hình tôm + sủi cảo + mực xoăn sl 10,,35000,,True,befood_menu,9128144,,,offline
10409106,8868,Lạp Xưởng Nướng Đá 1c (bột Ớt),lạp xưởng nướng đá 1c (bột ớt),,18000,,True,befood_menu,10409106,,,offline
10412988,8868,Nem Chua Rán Phố Cổ 5 cái,nem chua rán phố cổ 5 cái,,35000,,True,befood_menu,10412988,,,offline
10412994,8868,Nem Chua Rán Phố Cổ 10 cái,nem chua rán phố cổ 10 cái,,70000,,True,befood_menu,10412994,,,offline
11629556,130788,Cơm rang đảo gà,cơm rang đảo gà,,55000,,True,befood_menu,11629556,,,offline
11629557,130788,Cơm rang thập cẩm,cơm rang thập cẩm,,55000,,True,befood_menu,11629557,,,offline
11629558,130788,Cơm rang đùi gà xối mỡ,cơm rang đùi gà xối mỡ,,60000,,True,befood_menu,11629558,,,offline
11629559,130788,Cơm rang xá xíu,cơm rang xá xíu,,60000,,True,befood_menu,11629559,,,offline
11629560,130788,Cơm rang mắm tép,cơm rang mắm tép,,55000,,True,befood_menu,11629560,,,offline
11629561,130788,Cơm rang dưa bò,cơm rang dưa bò,,55000,,True,befood_menu,11629561,,,offline
11532538,130031,Bún đậu thịt heo chân giò,bún đậu thịt heo chân giò,,39000,,True,befood_menu,11532538,,,offline
11537517,130031,Bún đậu chả cốm,bún đậu chả cốm,,39000,,True,befood_menu,11537517,,,offline
11538982,130031,Bún đậu đặc biệt full topping,bún đậu đặc biệt full topping,,59000,,True,befood_menu,11538982,,,offline
11538983,130031,Bún đậu thịt lòng rán,bún đậu thịt lòng rán,,49000,,True,befood_menu,11538983,,,offline
11538984,130031,Bún đậu thịt chả cốm,bún đậu thịt chả cốm,,49000,,True,befood_menu,11538984,,,offline
11538985,130031,Bún đậu lòng rán,bún đậu lòng rán,,39000,,True,befood_menu,11538985,,,offline
11625877,130031,Bánh Cuốn Thanh Trì,bánh cuốn thanh trì,,32000,,True,befood_menu,11625877,,,offline
11625879,130031,Bánh cuốn thanh trì + chả quế,bánh cuốn thanh trì + chả quế,,39000,,True,befood_menu,11625879,,,offline
4851412,24720,Gà nửa con kèm sốt,gà nửa con kèm sốt,,150000,,True,befood_menu,4851412,,,offline
4851414,24720,Gà viên lắc phomai,gà viên lắc phomai,,55000,,True,befood_menu,4851414,,,offline
4851415,24720,Gà truyền thống ketchup nửa con,gà truyền thống ketchup nửa con,,145000,,True,befood_menu,4851415,,,offline
4851416,24720,2 đùi gà chiên truyền thống,2 đùi gà chiên truyền thống,,70000,,True,befood_menu,4851416,,,offline
4851418,24720,2 cánh gà chiên truyền thống,2 cánh gà chiên truyền thống,,70000,,True,befood_menu,4851418,,,offline
4851419,24720,Tokbokki chả cá Hàn Quốc,tokbokki chả cá hàn quốc,,39000,,True,befood_menu,4851419,,,offline
4851425,24720,2 đùi gà chiên kèm sốt,2 đùi gà chiên kèm sốt,,80000,,True,befood_menu,4851425,,,offline
4851426,24720,2 cánh gà chiên kèm sốt,2 cánh gà chiên kèm sốt,,80000,,True,befood_menu,4851426,,,offline
4851427,24720,Gà viên kèm sốt,gà viên kèm sốt,,55000,,True,befood_menu,4851427,,,offline
4851428,24720,Gà viên truyền thống ketchup,gà viên truyền thống ketchup,,50000,,True,befood_menu,4851428,,,offline
4851434,24720,Khoai tây chiên lắc phomai to,khoai tây chiên lắc phomai to,,70000,,True,befood_menu,4851434,,,offline
4851435,24720,Khoai tây chiên to,khoai tây chiên to,,60000,,True,befood_menu,4851435,,,offline
4053683,57665,Phở đùi gà,phở đùi gà,,71000,,True,befood_menu,4053683,,,offline
4106353,57665,Phở bò tái,phở bò tái,,66000,,True,befood_menu,4106353,,,offline
4106469,57665,Phở gà,phở gà,,66000,,True,befood_menu,4106469,,,offline
4106470,57665,Phở bò chín,phở bò chín,,66000,,True,befood_menu,4106470,,,offline
4106471,57665,Phở gầu,phở gầu,,71000,,True,befood_menu,4106471,,,offline
4106472,57665,Phở tái gầu,phở tái gầu,,71000,,True,befood_menu,4106472,,,offline
4106473,57665,Phở sốt vang,phở sốt vang,,71000,,True,befood_menu,4106473,,,offline
4106474,57665,Bún ngan,bún ngan,,66000,,True,befood_menu,4106474,,,offline
4106475,57665,Bún gà,bún gà,,66000,,True,befood_menu,4106475,,,offline
4106476,57665,Miến ngan,miến ngan,,66000,,True,befood_menu,4106476,,,offline
4106477,57665,Miến gà,miến gà,,66000,,True,befood_menu,4106477,,,offline
4106478,57665,Mỳ tôm bò,mỳ tôm bò,,66000,,True,befood_menu,4106478,,,offline
4106479,57665,Mỳ tôm gà,mỳ tôm gà,,66000,,True,befood_menu,4106479,,,offline
11918004,11020,Combo 2 Bún chả miếng,combo 2 bún chả miếng,,99000,,True,befood_menu,11918004,,,offline
375388,11020,Combo 2 bún chả lẫn,combo 2 bún chả lẫn,,100000,,True,befood_menu,375388,,,offline
375389,11020,Combo 2 bún chả băm viên,combo 2 bún chả băm viên,,100000,,True,befood_menu,375389,,,offline
375390,11020,5 bún chả lẫn,5 bún chả lẫn,,249000,,True,befood_menu,375390,,,offline
375391,11020,Combo bún chả lẫn - Coca Cola,combo bún chả lẫn - coca cola,,65000,,True,befood_menu,375391,,,offline
375392,11020,Combo bún chả băm viên - Coca Cola,combo bún chả băm viên - coca cola,,65000,,True,befood_menu,375392,,,offline
375394,11020,Combo bún chả miếng - Coca Cola,combo bún chả miếng - coca cola,,65000,,True,befood_menu,375394,,,offline
9767083,11020,2 suất bún chả lẫn - 2 suất bún chả băm viên - 1 Coca Cola 1 lít 5,2 suất bún chả lẫn - 2 suất bún chả băm viên - 1 coca cola 1 lít 5,,190000,,True,befood_menu,9767083,,,offline
375395,11020,Bún chả lẫn,bún chả lẫn,,50000,,True,befood_menu,375395,,,offline
375396,11020,Bún chả băm viên,bún chả băm viên,,50000,,True,befood_menu,375396,,,offline
375397,11020,Bún chả miếng,bún chả miếng,,50000,,True,befood_menu,375397,,,offline
375399,11020,Bún chả nem,bún chả nem,,45000,,True,befood_menu,375399,,,offline
8462053,103124,Tokbokki sốt phô mai cay,tokbokki sốt phô mai cay,,59000,,True,befood_menu,8462053,,,offline
8462057,103124,Tokbokki sốt rose cay,tokbokki sốt rose cay,,65000,,True,befood_menu,8462057,,,offline
8462419,103124,Tokbokki sốt rose,tokbokki sốt rose,,65000,,True,befood_menu,8462419,,,offline
8311284,103124,Mì Ý sốt bò bằm lớn,mì ý sốt bò bằm lớn,,69000,,True,befood_menu,8311284,,,offline
8338093,103124,Mì Ý Sốt Bò Bằm Lớn+ 1 pepsi,mì ý sốt bò bằm lớn+ 1 pepsi,,79000,,True,befood_menu,8338093,,,offline
8338150,103124,Gà rán nửa con sốt Hot&Sweet,gà rán nửa con sốt hot&sweet,,198000,,True,befood_menu,8338150,,,offline
8338151,103124,Gà rán nửa con sốt tương tỏi,gà rán nửa con sốt tương tỏi,,189000,,True,befood_menu,8338151,,,offline
8338152,103124,Gà rán nửa con sốt Habon cay,gà rán nửa con sốt habon cay,,198000,,True,befood_menu,8338152,,,offline
8338154,103124,Gà rán nửa con sốt habon không cay,gà rán nửa con sốt habon không cay,,198000,,True,befood_menu,8338154,,,offline
8338155,103124,Gà rán nửa con sốt hàn ngọt,gà rán nửa con sốt hàn ngọt,,198000,,True,befood_menu,8338155,,,offline
8338156,103124,Gà rán nửa con lắc phô mai,gà rán nửa con lắc phô mai,,189000,,True,befood_menu,8338156,,,offline
8338157,103124,Gà rán nửa con truyền thống,gà rán nửa con truyền thống,,179000,,True,befood_menu,8338157,,,offline
8338166,103124,Gà rán nửa con sốt kem,gà rán nửa con sốt kem,,198000,,True,befood_menu,8338166,,,offline
8565059,103124,Gà rán nửa con sốt Phô Mai,gà rán nửa con sốt phô mai,,198000,,True,befood_menu,8565059,,,offline
8462060,103124,Popcorn Truyền Thống,popcorn truyền thống,,85000,,True,befood_menu,8462060,,,offline
8462062,103124,Popcorn Lắc Phô Mai,popcorn lắc phô mai,,95000,,True,befood_menu,8462062,,,offline
8462063,103124,Da Gà Truyền Thống,da gà truyền thống,,69000,,True,befood_menu,8462063,,,offline
8462064,103124,Da Gà Lắc Phô Mai,da gà lắc phô mai,,79000,,True,befood_menu,8462064,,,offline
11006210,126401,Gà viên mix lắc phô mai/sốt Hàn kèm cơm S [HOT],gà viên mix lắc phô mai/sốt hàn kèm cơm s [hot],,75000,,True,befood_menu,11006210,,,offline
11006248,126401,Gà viên sốt phômai/ sốt Hàn/kem hành M [HOT],gà viên sốt phômai/ sốt hàn/kem hành m [hot],,109000,,True,befood_menu,11006248,,,offline
11190362,126401,Gà mix sốt kem hành/ sốt phômai kèm cơm S,gà mix sốt kem hành/ sốt phômai kèm cơm s,,75000,,True,befood_menu,11190362,,,offline
11468065,126401,Gà mix sốt phômai cay/sốt Hàn S,gà mix sốt phômai cay/sốt hàn s,,75000,,True,befood_menu,11468065,,,offline
11468067,126401,Gà mix sốt kem hành/sốt Hàn kèm cơm S,gà mix sốt kem hành/sốt hàn kèm cơm s,,75000,,True,befood_menu,11468067,,,offline
12175053,126401,Gà mix sốt phômai/ sốt Hàn/kem hành L [HOT],gà mix sốt phômai/ sốt hàn/kem hành l [hot],,160000,,True,befood_menu,12175053,,,offline
10951733,126401,Gà sốt kem hành size vừa tặng cơm S [HOT],gà sốt kem hành size vừa tặng cơm s [hot],,68000,,True,befood_menu,10951733,,,offline
10951736,126401,Gà miếng sốt kem hành M,gà miếng sốt kem hành m,,99000,,True,befood_menu,10951736,,,offline
12173421,126401,Gà rán sốt kem hành L,gà rán sốt kem hành l,,150000,,True,befood_menu,12173421,,,offline
11006373,126401,Gà sốt phô mai M,gà sốt phô mai m,,99000,,True,befood_menu,11006373,,,offline
11024205,126401,Gà sốt phômai size vừa tặng cơm S,gà sốt phômai size vừa tặng cơm s,,68000,,True,befood_menu,11024205,,,offline
12174753,126401,Gà sốt phômai L,gà sốt phômai l,,150000,,True,befood_menu,12174753,,,offline
10951737,126401,Gà miếng lắc phô mai M,gà miếng lắc phô mai m,,99000,,True,befood_menu,10951737,,,offline
11006358,126401,Gà lắc phô mai size vừa tặng cơm S,gà lắc phô mai size vừa tặng cơm s,,68000,,True,befood_menu,11006358,,,offline
12174973,126401,Gà lắc phômai L,gà lắc phômai l,,150000,,True,befood_menu,12174973,,,offline
10951756,126401,Gà tắm nc mắm size vừa tặng cơm S,gà tắm nc mắm size vừa tặng cơm s,,68000,,True,befood_menu,10951756,,,offline
11024385,126401,Gà miếng tắm nc mắm M,gà miếng tắm nc mắm m,,99000,,True,befood_menu,11024385,,,offline
12174869,126401,Gà tắm nc mắm L,gà tắm nc mắm l,,150000,,True,befood_menu,12174869,,,offline
10951735,126401,Gà miếng sốt Hàn M,gà miếng sốt hàn m,,99000,,True,befood_menu,10951735,,,offline
11006420,126401,Gà sốt Hàn size vừa tặng cơm S,gà sốt hàn size vừa tặng cơm s,,68000,,True,befood_menu,11006420,,,offline
12174820,126401,Gà sốt Hàn L,gà sốt hàn l,,150000,,True,befood_menu,12174820,,,offline
10951741,126401,Mì trộn xúc xích trứg sốt phômai [HOT],mì trộn xúc xích trứg sốt phômai [hot],,59000,,True,befood_menu,10951741,,,offline
10951742,126401,Tokbokki [HOT],tokbokki [hot],,55000,,True,befood_menu,10951742,,,offline
10951743,126401,Tok gà,tok gà,,59000,,True,befood_menu,10951743,,,offline
10951745,126401,Mì tương đen,mì tương đen,,49000,,True,befood_menu,10951745,,,offline
11024245,126401,Tokbokki sốt phômai [HOT],tokbokki sốt phômai [hot],,55000,,True,befood_menu,11024245,,,offline
11070333,126401,Mì tương đen trứng,mì tương đen trứng,,59000,,True,befood_menu,11070333,,,offline
11112325,126401,Cơm trộn bò chuẩn Hàn sốt phômai[HOT],cơm trộn bò chuẩn hàn sốt phômai[hot],,69000,,True,befood_menu,11112325,,,offline
11112356,126401,Mì trộn bò sốt Hàn,mì trộn bò sốt hàn,,69000,,True,befood_menu,11112356,,,offline
11268598,126401,Cơm trộn Hàn xúc xích phômai,cơm trộn hàn xúc xích phômai,,59000,,True,befood_menu,11268598,,,offline
11268704,126401,Mì phômai gà chiên[HOT],mì phômai gà chiên[hot],,65000,,True,befood_menu,11268704,,,offline
10951761,126401,Combo2 vui vẻ 3 món tặng Matcha,combo2 vui vẻ 3 món tặng matcha,,169000,,True,befood_menu,10951761,,,offline
10951762,126401,Combo1 vui vẻ 3 món tặng Matcha,combo1 vui vẻ 3 món tặng matcha,,169000,,True,befood_menu,10951762,,,offline
12174891,126401,Gà sốt phômai cay S tặng cơm,gà sốt phômai cay s tặng cơm,,68000,,True,befood_menu,12174891,,,offline
12174900,126401,Gà sốt phômai cay M,gà sốt phômai cay m,,99000,,True,befood_menu,12174900,,,offline
12174909,126401,Gà sốt phômai cay L,gà sốt phômai cay l,,150000,,True,befood_menu,12174909,,,offline
2453327,36157,Bánh cuốn nhân thịt,bánh cuốn nhân thịt,,30000,,True,befood_menu,2453327,,,offline
2453328,36157,Bánh cuốn trứng,bánh cuốn trứng,,20000,,True,befood_menu,2453328,,,offline
2453329,36157,Chả mỡ,chả mỡ,,10000,,True,befood_menu,2453329,,,offline
2453330,36157,Bánh Cuốn Chay,bánh cuốn chay,,15000,,True,befood_menu,2453330,,,offline
2453331,36157,Bánh Cuốn Nhân Hành,bánh cuốn nhân hành,,20000,,True,befood_menu,2453331,,,offline
2453332,36157,Bánh cuốn trứng chả,bánh cuốn trứng chả,,27000,,True,befood_menu,2453332,,,offline
2453333,36157,Chả Mực,chả mực,,20000,,True,befood_menu,2453333,,,offline
2453334,36157,Chả Cá,chả cá,,10000,,True,befood_menu,2453334,,,offline
11741892,9929,Mì Ý Sốt Cay vừa,mì ý sốt cay vừa,,40000,,True,befood_menu,11741892,,,offline
11741893,9929,Mì Ý Sốt Cay vừa + 1 Pepsi vừa,mì ý sốt cay vừa + 1 pepsi vừa,,45000,,True,befood_menu,11741893,,,offline
11741894,9929,Mì Ý Sốt Cay vừa + 1 Miếng Gà Giòn Vui Vẻ + 1 Pepsi vừa,mì ý sốt cay vừa + 1 miếng gà giòn vui vẻ + 1 pepsi vừa,,78000,,True,befood_menu,11741894,,,offline
2640118,9929,2 Miếng gà giòn vui vẻ + 1 Khoai tây chiên vừa + 1 Nước ngọt lớn,2 miếng gà giòn vui vẻ + 1 khoai tây chiên vừa + 1 nước ngọt lớn,,91000,,True,befood_menu,2640118,,,offline
2640119,9929,2 Miếng gà giòn vui vẻ + 1 Bánh xoài đào + 1 Nước ngọt lớn,2 miếng gà giòn vui vẻ + 1 bánh xoài đào + 1 nước ngọt lớn,,91000,,True,befood_menu,2640119,,,offline
2640120,9929,1 Miếng gà giòn vui vẻ + 1 Khoai tây chiên vừa + 1 Bánh xoài đào + 1 Nước ngọt lớn,1 miếng gà giòn vui vẻ + 1 khoai tây chiên vừa + 1 bánh xoài đào + 1 nước ngọt lớn,,78000,,True,befood_menu,2640120,,,offline
2640125,9929,1 Miếng gà giòn vui vẻ + 1 Khoai tây chiên vừa + 1 Nước ngọt lớn,1 miếng gà giòn vui vẻ + 1 khoai tây chiên vừa + 1 nước ngọt lớn,,58000,,True,befood_menu,2640125,,,offline
2640126,9929,1 Cơm gà giòn vui vẻ + 1 Súp bí đỏ + 1 Nước ngọt lớn,1 cơm gà giòn vui vẻ + 1 súp bí đỏ + 1 nước ngọt lớn,,63000,,True,befood_menu,2640126,,,offline
2640171,9929,1 Miếng gà giòn vui vẻ,1 miếng gà giòn vui vẻ,,33000,,True,befood_menu,2640171,,,offline
7225351,9929,Cơm gà mắm tỏi,cơm gà mắm tỏi,,35000,,True,befood_menu,7225351,,,offline
9612627,9929,Combo cơm gà mắm tỏi,combo cơm gà mắm tỏi,,40000,,True,befood_menu,9612627,,,offline
330421,9929,2 Miếng gà sốt cay + 1 Khoai tây chiên vừa + 1 Nước ngọt lớn,2 miếng gà sốt cay + 1 khoai tây chiên vừa + 1 nước ngọt lớn,,95000,,True,befood_menu,330421,,,offline
330424,9929,1 Miếng gà sốt cay + 1 Khoai tây chiên vừa + 1 Bánh xoài đào + 1 Nước ngọt lớn,1 miếng gà sốt cay + 1 khoai tây chiên vừa + 1 bánh xoài đào + 1 nước ngọt lớn,,75000,,True,befood_menu,330424,,,offline
330494,9929,1 Miếng gà sốt cay,1 miếng gà sốt cay,,35000,,True,befood_menu,330494,,,offline
1967021,9929,1 Miếng gà sốt cay + 1 Khoai tây chiên vừa + 1 Nước ngọt lớn.,1 miếng gà sốt cay + 1 khoai tây chiên vừa + 1 nước ngọt lớn.,,60000,,True,befood_menu,1967021,,,offline
1967037,9929,2 Miếng gà sốt cay + 1 Nước ngọt lớn.,2 miếng gà sốt cay + 1 nước ngọt lớn.,,85000,,True,befood_menu,1967037,,,offline
1967043,9929,1 Cơm gà sốt cay + 1 Súp bí đỏ + 1 Nước ngọt lớn.,1 cơm gà sốt cay + 1 súp bí đỏ + 1 nước ngọt lớn.,,65000,,True,befood_menu,1967043,,,offline
330532,9929,1 Mỳ Ý Jolly vừa + 2 Miếng Gà Giòn Vui Vẻ không xương + 1 Khoai tây chiên vừa + 1 Nước ngọt lớn.,1 mỳ ý jolly vừa + 2 miếng gà giòn vui vẻ không xương + 1 khoai tây chiên vừa + 1 nước ngọt lớn.,,80000,,True,befood_menu,330532,,,offline
330550,9929,1 Mỳ Ý Jolly vừa + 2 Gà Giòn Vui Vẻ không xương + 1 Nước ngọt lớn.,1 mỳ ý jolly vừa + 2 gà giòn vui vẻ không xương + 1 nước ngọt lớn.,,70000,,True,befood_menu,330550,,,offline
330555,9929,1 Mỳ Ý Jolly vừa + 1 Khoai tây chiên vừa + 1 Nước ngọt lớn.,1 mỳ ý jolly vừa + 1 khoai tây chiên vừa + 1 nước ngọt lớn.,,60000,,True,befood_menu,330555,,,offline
2640173,9929,1 Mỳ Ý Jolly vừa + 1 Miếng gà giòn vui vẻ + 1 Khoai tây chiên vừa + 1 Nước ngọt lớn.,1 mỳ ý jolly vừa + 1 miếng gà giòn vui vẻ + 1 khoai tây chiên vừa + 1 nước ngọt lớn.,,93000,,True,befood_menu,2640173,,,offline
2640175,9929,1 Mỳ Ý Jolly vừa + 1 Miếng gà giòn vui vẻ + 1 Nước ngọt lớn.,1 mỳ ý jolly vừa + 1 miếng gà giòn vui vẻ + 1 nước ngọt lớn.,,78000,,True,befood_menu,2640175,,,offline
330564,9929,1 Sandwich Gà + 1 Khoai tây lắc vị thịt nướng BBQ vừa + 1 Nước ngọt lớn,1 sandwich gà + 1 khoai tây lắc vị thịt nướng bbq vừa + 1 nước ngọt lớn,,55000,,True,befood_menu,330564,,,offline
5254022,9929,Burger Tôm,burger tôm,,40000,,True,befood_menu,5254022,,,offline
5254023,9929,Combo Burger Tôm 1,combo burger tôm 1,,45000,,True,befood_menu,5254023,,,offline
5254024,9929,Combo Burger Tôm 2,combo burger tôm 2,,60000,,True,befood_menu,5254024,,,offline
5874837,73467,Gà ủ muối 1/2 con,gà ủ muối 1/2 con,,79000,,True,befood_menu,5874837,,,offline
5874838,73467,Gà Hun Khói 1/2 Con,gà hun khói 1/2 con,,79000,,True,befood_menu,5874838,,,offline
5874840,73467,Gà Ủ Xì Dầu 1/2 con,gà ủ xì dầu 1/2 con,,88000,,True,befood_menu,5874840,,,offline
5874841,73467,Gà Hấp Lá Chanh 1/2 con,gà hấp lá chanh 1/2 con,,79000,,True,befood_menu,5874841,,,offline
5874843,73467,Gà Ủ Muối - ( 1 con ),gà ủ muối - ( 1 con ),,159000,,True,befood_menu,5874843,,,offline
5874844,73467,Gà Hun Khói - ( 1 con ),gà hun khói - ( 1 con ),,159000,,True,befood_menu,5874844,,,offline
5874846,73467,Gà Ủ Xì Dầu - ( 1 con ),gà ủ xì dầu - ( 1 con ),,175000,,True,befood_menu,5874846,,,offline
5874847,73467,Gà Hấp Lá Chanh - ( 1 con ),gà hấp lá chanh - ( 1 con ),,159000,,True,befood_menu,5874847,,,offline
9555042,73467,Gà Ủ Muối 1/2 Con (Mát) + Coca chai,gà ủ muối 1/2 con (mát) + coca chai,,120000,,True,befood_menu,9555042,,,offline
5874855,73467,Bánh Gà Thường - 5 chiếc,bánh gà thường - 5 chiếc,,45000,,True,befood_menu,5874855,,,offline
5874856,73467,Bánh Gà Nhân Phô Mai - 5 chiếc,bánh gà nhân phô mai - 5 chiếc,,55000,,True,befood_menu,5874856,,,offline
5874860,73467,Bánh Gạo Lắc Phô Mai,bánh gạo lắc phô mai,,40000,,True,befood_menu,5874860,,,offline
5874863,73467,Gà Nướng Lu 1/2 con,gà nướng lu 1/2 con,,95000,,True,befood_menu,5874863,,,offline
5874864,73467,Gà Ủ Xì Dầu 1/2 con,gà ủ xì dầu 1/2 con,,88000,,True,befood_menu,5874864,,,offline
5874867,73467,Gà Nướng Lu - 1 con,gà nướng lu - 1 con,,189000,,True,befood_menu,5874867,,,offline
5874868,73467,Gà Ủ Xì Dầu - 1 con,gà ủ xì dầu - 1 con,,175000,,True,befood_menu,5874868,,,offline
9268161,73467,1/2 Gà Ủ Muối + Xôi Chà Bông Hành Phi,1/2 gà ủ muối + xôi chà bông hành phi,,130000,,True,befood_menu,9268161,,,offline
9449664,73467,Gà Ủ Muối 1/2 Con + Coca chai,gà ủ muối 1/2 con + coca chai,,120000,,True,befood_menu,9449664,,,offline
9837070,73467,Gà Ủ Muối 1/2 Con (Ăn Mát) + Sốt Chấm,gà ủ muối 1/2 con (ăn mát) + sốt chấm,,75000,,True,befood_menu,9837070,,,offline
5874878,73467,chân Gà Rút Xương Sả Tắc 5-6 chiếc,chân gà rút xương sả tắc 5-6 chiếc,,63000,,True,befood_menu,5874878,,,offline
5874880,73467,Chân Gà Ruta Xương sả tắc 10-12 chân,chân gà ruta xương sả tắc 10-12 chân,,116000,,True,befood_menu,5874880,,,offline
9268155,73467,Gà ủ muối nửa con,gà ủ muối nửa con,,148000,,True,befood_menu,9268155,,,offline
11985986,73467,Chân Gà Ủ Muối Rút Xương 250gram,chân gà ủ muối rút xương 250gram,,79000,,True,befood_menu,11985986,,,offline
5874882,73467,Xúc Xích Chiên - 5 chiếc,xúc xích chiên - 5 chiếc,,59500,,True,befood_menu,5874882,,,offline
5874883,73467,Xúc Xích Chiên 10 chiếc,xúc xích chiên 10 chiếc,,115000,,True,befood_menu,5874883,,,offline
5874885,73467,Nem Chua Rán - 10 chiếc,nem chua rán - 10 chiếc,,92000,,True,befood_menu,5874885,,,offline
5874887,73467,phô mai que - 10 chiếc,phô mai que - 10 chiếc,,92000,,True,befood_menu,5874887,,,offline
5874890,73467,bánh gạo lắc phô mai,bánh gạo lắc phô mai,,39000,,True,befood_menu,5874890,,,offline
5874893,73467,Dồi Sụn - 5 chiếc,dồi sụn - 5 chiếc,,58000,,True,befood_menu,5874893,,,offline
5874894,73467,Dồi Sụn - 10 chiếc,dồi sụn - 10 chiếc,,109000,,True,befood_menu,5874894,,,offline
6623572,31750,Cơm Chân Giò Hầm Sốt Tiêu Đen,cơm chân giò hầm sốt tiêu đen,,65000,,True,befood_menu,6623572,,,offline
6623931,31750,Cơm Sườn Cốt Lết Nướng Sốt Cay Ngọt,cơm sườn cốt lết nướng sốt cay ngọt,,65000,,True,befood_menu,6623931,,,offline
6623932,31750,Mix Cơm Sườn Cốt Lết + Trứng Ốp La Sốt Cay Ngọt,mix cơm sườn cốt lết + trứng ốp la sốt cay ngọt,,73000,,True,befood_menu,6623932,,,offline
6627163,31750,Cơm Thịt Nướng Sốt BBQ,cơm thịt nướng sốt bbq,,60000,,True,befood_menu,6627163,,,offline
6627164,31750,Cơm Gà Chiên Sốt Cay Ngọt,cơm gà chiên sốt cay ngọt,,65000,,True,befood_menu,6627164,,,offline
6627165,31750,Cơm Đậu Hũ Sốt Thịt Bằm,cơm đậu hũ sốt thịt bằm,,60000,,True,befood_menu,6627165,,,offline
6627168,31750,Cơm Bò Hầm Sốt Tiêu Đen,cơm bò hầm sốt tiêu đen,,70000,,True,befood_menu,6627168,,,offline
7779584,31750,Cơm Gà Viên Chiên Sốt Tự Chọn,cơm gà viên chiên sốt tự chọn,,72000,,True,befood_menu,7779584,,,offline
7897367,31750,Cơm Đậu Hũ Sốt Thịt,cơm đậu hũ sốt thịt,,90000,,True,befood_menu,7897367,,,offline
9055683,109048,SÉT 2 GỎI CUỐN TÔM TO,sét 2 gỏi cuốn tôm to,,44999,,True,befood_menu,9055683,,,offline
9055682,109048,SET 2 GỎI CUỐN BẮP GIÒ HEO,set 2 gỏi cuốn bắp giò heo,,44999,,True,befood_menu,9055682,,,offline
9055688,109048,SÉT 2 GỎI CUỐN TÔM THỊT,sét 2 gỏi cuốn tôm thịt,,44999,,True,befood_menu,9055688,,,offline
9055691,109048,SÉT 2 GỎI CUỐN BÒ XÀO MỀM,sét 2 gỏi cuốn bò xào mềm,,44999,,True,befood_menu,9055691,,,offline
9055693,109048,SÉT 2 GỎI CUỐN NEM NƯỚNG NHA TRANG,sét 2 gỏi cuốn nem nướng nha trang,,44999,,True,befood_menu,9055693,,,offline
9057469,109048,SÉT 5 GỎI CUỐN TÔ TO,sét 5 gỏi cuốn tô to,,119000,,True,befood_menu,9057469,,,offline
9057470,109048,SÉT 5 GỎI CUỐN BẮP GIÒ HEO RÚT XƯƠNG,sét 5 gỏi cuốn bắp giò heo rút xương,,119000,,True,befood_menu,9057470,,,offline
9057471,109048,SÉT 5 GỎI CUỐN TÔM THỊT,sét 5 gỏi cuốn tôm thịt,,119000,,True,befood_menu,9057471,,,offline
9057472,109048,SÉT 5 GỎI CUỐN BÒ XÀO MỀM MỌNG,sét 5 gỏi cuốn bò xào mềm mọng,,119000,,True,befood_menu,9057472,,,offline
9057474,109048,SÉT 5 GỎI CUỐN NEM NƯỚNG NHA TRANG,sét 5 gỏi cuốn nem nướng nha trang,,119000,,True,befood_menu,9057474,,,offline
9057492,109048,BÚN TRỘN THỊT NƯỚNG THƠM LỪNG,bún trộn thịt nướng thơm lừng,,59999,,True,befood_menu,9057492,,,offline
9057500,109048,BÚN TRỘN NEM NHA TRANG,bún trộn nem nha trang,,59999,,True,befood_menu,9057500,,,offline
9057501,109048,BÚN TRỘN BÒ XÀO MỀM MỌNG,bún trộn bò xào mềm mọng,,59999,,True,befood_menu,9057501,,,offline
9057502,109048,BÚN TRỘN THỊT XÁ XÍU NGON XỈU,bún trộn thịt xá xíu ngon xỉu,,59999,,True,befood_menu,9057502,,,offline
9057505,109048,BÚN TRỘN ĐẶC SỜ BIỆT,bún trộn đặc sờ biệt,,70000,,True,befood_menu,9057505,,,offline
9057520,109048,COMBO : BÚN TRỘN ĐẶC SỜ BIỆT & TRÀ TẮC 500ml,combo : bún trộn đặc sờ biệt & trà tắc 500ml,,79999,,True,befood_menu,9057520,,,offline
9057521,109048,COMBO : BÚN TRỘN THỊ XÁ XÍU & TRÀ TẮC 500ml,combo : bún trộn thị xá xíu & trà tắc 500ml,,65000,,True,befood_menu,9057521,,,offline
9057522,109048,COMBO : BÚN TRỘN BÒ XÀO MỀM & TRÀ TẮC 500ml,combo : bún trộn bò xào mềm & trà tắc 500ml,,70000,,True,befood_menu,9057522,,,offline
9057523,109048,COMBO : BÚN TRỘN NEM NHA TRANG & TRÀ TẮC 500ml,combo : bún trộn nem nha trang & trà tắc 500ml,,70000,,True,befood_menu,9057523,,,offline
9057524,109048,COMBO : BÚN TRỘN THỊT NƯỚNG & TRÀ TẮC 500ml,combo : bún trộn thịt nướng & trà tắc 500ml,,70000,,True,befood_menu,9057524,,,offline
9057584,109048,SINH TỐ BƠ,sinh tố bơ,,39000,,True,befood_menu,9057584,,,offline
9057586,109048,SINH TỐ XOÀI,sinh tố xoài,,39999,,True,befood_menu,9057586,,,offline
9057588,109048,SINH TỐ Dâu,sinh tố dâu,,39999,,True,befood_menu,9057588,,,offline
9057590,109048,SINH TỐ VIỆT QUẤT,sinh tố việt quất,,39999,,True,befood_menu,9057590,,,offline
9057593,109048,SINH TỐ MIX : BƠ + XOÀI,sinh tố mix : bơ + xoài,,45000,,True,befood_menu,9057593,,,offline
26869,1255,Cơm Rang Dưa Bò,cơm rang dưa bò,,55000,,True,befood_menu,26869,,,offline
26882,1255,Mỳ Xào Bò,mỳ xào bò,,55000,,True,befood_menu,26882,,,offline
26886,1255,Cơm Rang Cải Bò,cơm rang cải bò,,55000,,True,befood_menu,26886,,,offline
26892,1255,Cơm Rang Xá Xíu Heo,cơm rang xá xíu heo,,55000,,True,befood_menu,26892,,,offline
26901,1255,Cơm Rang Thập Cẩm - Dưa Bò,cơm rang thập cẩm - dưa bò,,60000,,True,befood_menu,26901,,,offline
26910,1255,Cơm Rang Dưa Bò - Xá Xíu,cơm rang dưa bò - xá xíu,,60000,,True,befood_menu,26910,,,offline
247601,1255,Cơm Rang Đùi Gà Xối Mỡ,cơm rang đùi gà xối mỡ,,55000,,True,befood_menu,247601,,,offline
6879079,1255,Cơm Rang trứng,cơm rang trứng,,35000,,True,befood_menu,6879079,,,offline
275605,1255,Cơm rang thập cẩm,cơm rang thập cẩm,,45000,,True,befood_menu,275605,,,offline
26873,1255,Cơm Rang Xá Xíu Gà,cơm rang xá xíu gà,,55000,,True,befood_menu,26873,,,offline
915149,1255,Cơm rang dưa bò + coca,cơm rang dưa bò + coca,,60000,,True,befood_menu,915149,,,offline
915156,1255,Cơm rang thấp cẩm + coca,cơm rang thấp cẩm + coca,,53000,,True,befood_menu,915156,,,offline
915157,1255,mì xào bò + coca,mì xào bò + coca,,60000,,True,befood_menu,915157,,,offline
5377815,53514,Rau ngồng cải xào,rau ngồng cải xào,,49000,,True,befood_menu,5377815,,,offline
5377816,53514,Hoa lơ xào,hoa lơ xào,,49000,,True,befood_menu,5377816,,,offline
5377817,53514,Rau muống xào,rau muống xào,,49000,,True,befood_menu,5377817,,,offline
5377819,53514,Cơm cari gà,cơm cari gà,,79000,,True,befood_menu,5377819,,,offline
5377820,53514,Cơm đùi gà nướng,cơm đùi gà nướng,,79000,,True,befood_menu,5377820,,,offline
5377821,53514,Cơm đùi gà xốt chua ngọt,cơm đùi gà xốt chua ngọt,,79000,,True,befood_menu,5377821,,,offline
5377822,53514,Cơm Bít Tết 1985,cơm bít tết 1985,,79000,,True,befood_menu,5377822,,,offline
5377823,53514,Cơm bò cari,cơm bò cari,,79000,,True,befood_menu,5377823,,,offline
5377825,53514,Cơm bò sốt tiêu đen,cơm bò sốt tiêu đen,,79000,,True,befood_menu,5377825,,,offline
5377826,53514,Cơm bò sốt khoai,cơm bò sốt khoai,,79000,,True,befood_menu,5377826,,,offline
5377827,53514,Cơm Bít Tết chiên xù,cơm bít tết chiên xù,,79000,,True,befood_menu,5377827,,,offline
5377828,53514,Cơm Bò lúc lắc,cơm bò lúc lắc,,79000,,True,befood_menu,5377828,,,offline
5377829,53514,Cơm sườn chua ngọt,cơm sườn chua ngọt,,79000,,True,befood_menu,5377829,,,offline
5377830,53514,Cơm sườn nướng,cơm sườn nướng,,79000,,True,befood_menu,5377830,,,offline
5377831,53514,Cơm Cốt lết chiên xù,cơm cốt lết chiên xù,,59000,,True,befood_menu,5377831,,,offline
5377832,53514,Cơm Cốt lết,cơm cốt lết,,59000,,True,befood_menu,5377832,,,offline
5377848,53514,Cơm chiên trứng,cơm chiên trứng,,49000,,True,befood_menu,5377848,,,offline
5377849,53514,Cơm chiên bò,cơm chiên bò,,79000,,True,befood_menu,5377849,,,offline
5377850,53514,Cơm chiên đùi gà nướng,cơm chiên đùi gà nướng,,100000,,True,befood_menu,5377850,,,offline
5377851,53514,Cơm chiên tôm,cơm chiên tôm,,79000,,True,befood_menu,5377851,,,offline
5377852,53514,Cơm chiên sườn nướng,cơm chiên sườn nướng,,100000,,True,befood_menu,5377852,,,offline
5377853,53514,Cơm chiên gà,cơm chiên gà,,79000,,True,befood_menu,5377853,,,offline
5377854,53514,Cơm chiên bít tết 1985,cơm chiên bít tết 1985,,100000,,True,befood_menu,5377854,,,offline
5377855,53514,Mỳ ý sốt bò băm,mỳ ý sốt bò băm,,79000,,True,befood_menu,5377855,,,offline
5377856,53514,Mỳ ý xốt kem bò,mỳ ý xốt kem bò,,79000,,True,befood_menu,5377856,,,offline
5377858,53514,Mỳ ý xốt kem tôm,mỳ ý xốt kem tôm,,79000,,True,befood_menu,5377858,,,offline
