restaurant_id,restaurant_name,source,matched_terms_text,latitude,longitude,distance_m,distance_km,address,rating,review_count,price_min,price_max,categories_text,opening_hours,delivery_time,image_url,menu_count,comment_count,comments_list
25639,Quán Mùa - Cơm Gà & Bún Miến Trộn - Tây Sơn,befood,bún chả | cơm | phở,21.00948906,105.8276825,1921.57,1.922,"101A5 ngõ 167 Tây Sơn, Quang Trung, Đống Đa, Hà Nội",4.6,562,15000,490009,COMBO | BÚN MIẾN PHỞ | CƠM GÀ | ĐỒ UỐNG | Cơm Ngon,15:30-20:00,30,https://media.be.com.vn/bizops/image/1cd2e1e9-80fa-11ed-9e97-4eb73f678c53/original,47,4,"[""ngon đấy, Ngon xỉu"", ""đặt phở cho bún?"", ""bún ngan trộn của mình có cả gián ???"", ""bán đồ ăn ko có tâm. bán bún gà mà ko cho tương ớt chanh. rau sống. ăn 1 lần sợ vl""]"
97742,"NaBi Bún Chả Quạt, Cơm Tấm & Cơm Văn Phòng - Tây Sơn",befood,bánh cuốn | bún chả | cơm,21.01016045,105.8263779,2071.82,2.072,"55C Ngách 25 Ngõ 167 Tây Sơn, Phường Quang Trung, Quận Đống Đa, Hà Nội",4.3,11,58000,95000,cơm vị nhà nấu - thay đổi theo ngày | Bún Chả | Cơm Tấm Sài Gòn | Bánh Cuốn,17:00-20:00,30,https://media.be.com.vn/bizops/image/662cdec9-98d6-11ef-bd66-b239c83a8124/original,14,7,"[""cơm quá tệ, Không hợp khẩu vị, Đóng gói chưa tốt"", ""Ngon xỉu"", ""Đáng đồng tiền, Ngon xỉu, Sạch sẽ, Đóng gói tốt"", ""Đáng đồng tiền"", ""Ăn bún chả là chỉ nghĩ đến nhà Nabi, vị đậm đà ngon và rất yên tâm về thực phẩm 🥰, Đáng đồng tiền, Sạch sẽ, Đóng gói tốt, Ngon xỉu"", ""Ngon xỉu, Đáng đồng tiền, Sạch sẽ, Đóng gói tốt"", ""cơm sườn chả trứng mà k có chả trứng""]"
130307,"Phở Bò Nội - Bún Chả, Cháo & Cơm - Trần Hưng Đạo",befood,bún chả | cơm | phở,21.02345085,105.8435669,2049.33,2.049,"94A Trần Hưng Đạo, Phường Cửa Nam, Hà Nội",4.8,10,50000,60000,Phở,05:00-20:00,7,https://media.be.com.vn/bizops/image/f1421c79-192a-11f1-b63c-1ec8367384f0/original,3,3,"[""Ngon xỉu, Đóng gói tốt, Đáng đồng tiền"", ""Đáng đồng tiền, Đóng gói tốt, Ngon xỉu"", ""ghi chú phần bò tái ko trần thì lại trần kỹ cứng hết cả, thịt chín nạm thì ko thấy đâu, Sai/Thiếu món, Không làm đúng ghi chú""]"
22758,PhuongKitchen - Cơm & Đồ Ăn Vặt - Ngõ Chùa Liên Phái Bạch Mai,befood,cơm | gà rán,21.00464058,105.8488998,347.45,0.347,"22 Ngách 55 Ngõ Chùa Liên Phái Bạch Mai, Phường Cầu Dền, Quận Hai Bà Trưng, Hà Nội",4.7,7,11000,65000,XÔI CHIÊN | CƠM | TRÀ SỮA | MỲ | ĂN VẶT | ĐỒ UỐNG,10:00-23:59,30,https://media.be.com.vn/bizops/image/2480764d-e461-11f0-9063-66448d787802/original,54,3,"[""Đáng đồng tiền"", ""Ngon xỉu, Sạch sẽ, Đóng gói tốt"", ""Không hợp khẩu vị, Đóng gói chưa tốt""]"
11471,Thiên Trường - Phở Cồ & Cơm Gà Xối Mắm - Giải Phóng,befood,cơm | phở,21.00283051,105.8419876,452.43,0.452,"15 ngõ 75 Giải Phóng, Đồng Tâm, Đống Đa, Hà Nội",4.5,39,10000,80000,Deal 1K | PHỞ | CƠM RANG (BÁN BUỔI TRƯA) | Nước ngọt | Combo cùng coca,08:00-22:00,30,https://media.be.com.vn/be-food/image/e3cb2dee-d66c-11ec-9a9e-de6dabbc786c/original,28,10,"[""Quán đóng gói không cẩn thận.cả cơm và mì đều lèo tèo quá ít so với các chi nhánh khác., Đóng gói chưa tốt"", ""Sạch sẽ"", ""Đóng gói tốt, Sạch sẽ"", ""Đóng gói tốt"", ""Ngon xỉu, Đóng gói tốt, Đáng đồng tiền, Sạch sẽ"", ""Ngon xỉu, Sạch sẽ, Đóng gói tốt, Khác"", ""Ngon xỉu, Đóng gói tốt"", ""Sai/Thiếu món"", ""Khá ngon"", ""quán làm ăn cực kỳ tệ mình mua gửi bác đang nằm ở viện ung bướu( bác bị u.thu) dặn không hành rất to rồi nhưng vẫn cho 1 đống. bác ốm và không ăn được chút nào cả. cực kỳ bực bội, Không hợp khẩu vị, Sai/Thiếu món, Không làm đúng ghi chú""]"
11326,Huỳnh Duyên - Cơm Văn Phòng & Nước Ép - Giải Phóng,befood,cơm | gà rán,21.00079918,105.8419266,612.7,0.613,"17 Ngõ 205 Giải Phóng, P. Đồng Tâm, Quận Hai Bà Trưng, Hà Nội",4.8,88,15000,55000,Combo Đồng Giá | Thực Đơn | Nước ngọt và nước ép,16:00-20:00,30,https://media.be.com.vn/bizops/image/6e0cf2ac-4251-11ee-8e31-f638ae20f033/original,27,5,"[""Đáng đồng tiền"", ""Ngon xỉu, Đáng đồng tiền, Sạch sẽ, Đóng gói tốt"", ""Ngon xỉu, Đáng đồng tiền, Đóng gói tốt, Sạch sẽ"", ""siêu ngon luôn ya ✧(σ๑˃̶̀ꇴ˂̶́)σ siêu recommend mn mua nha (◍˃̶ᗜ˂̶◍)ﾉ” ăn siêu no \\(ϋ)/♩, Ngon xỉu, Đáng đồng tiền, Sạch sẽ, Đóng gói tốt"", ""ko giống cơm vp""]"
8314,Phở Bò Cơm Rang Duy Nhất - Giải Phóng,befood,cơm | phở,21.00073051,105.8418808,621.64,0.622,"16 Ngõ 205 Giải Phóng, phường Bạch Mai , Hà Nội",4.6,1787,35000,70000,Deal 1K | Cơm Rang Duy Nhất. | Bún Bò Huế Duy Nhất. | Phở Bò Gia Truyền. | Đồ Xào. | Bữa Trưa Nửa Giá,17:30-23:00,30,https://media.be.com.vn/be-food/image/496fc32f-acae-11ec-9b48-6ed632d2b0d9/original,27,10,"[""cơm giòn ngon, Đóng gói tốt, Đáng đồng tiền, Sạch sẽ, Ngon xỉu"", ""để đây và không nói gì , đặt nhiều lần r nhưng lần đầu bị như này chắc không có lần sau, Không đảm bảo vệ sinh"", ""Sạch sẽ"", ""Đáng đồng tiền"", ""Đóng gói tốt"", ""Đáng đồng tiền, Ngon xỉu, Sạch sẽ, Đóng gói tốt"", ""Ngon xỉu, Đáng đồng tiền, Sạch sẽ, Đóng gói tốt"", ""Khá ngon"", ""Đóng gói chưa tốt"", ""phở xào hơi nhạt, hình như thiếu magie, cơm cũm hơi nhạt, mỗi nc canh là đậm""]"
126147,"Nhà Hàng Bin Bo - Bún Riêu Cua, Cơm Rang & Phở Xào - Phương Mai",befood,cơm | phở,21.00564957,105.8391571,670.59,0.671,"11 Ngách 8 Ngõ 4 Phương Mai, Phường Kim Liên, Hà Nội",4.3,4,1000,180000,MENU | ĐỒ UỐNG | ĐỒ CHAY | HỖ TRỢ KHÁCH HÀNG | ĐẶT CỖ,05:00-14:00,2,https://media.be.com.vn/bizops/image/51e8c6e0-db0f-11f0-b84b-3a4f2a37a94e/original,55,1,"[""không giống trên ảnh""]"
127398,"Vũ Gia - Phở Gà, Bún Thang & Cơm Gà Xối Mỡ - Phố Huế",befood,cơm | phở,21.00971985,105.8514175,792.16,0.792,"337 Phố Huế, Phường Hai Bà Trưng, Hà Nội",0,0,6500,910000,Phở Nước - Phở Trộn | Bún | Mì Tôm | Miến | Cơm | Xôi | Món Gà | Món Khác | Món Thêm | Đồ Uống,17:00-22:00,2,https://media.be.com.vn/bizops/image/8faa2567-eb94-11f0-b84b-3a4f2a37a94e/original,110,0,[]
124125,Gà Rán BigBites - Cơm Gà & Bánh Gà - Đại La,befood,cơm | gà rán,20.9979496,105.8443298,807.79,0.808,"60E2 Ngõ 128C Đại La, Phường Bạch Mai, Hà Nội",5,1,9000,160000,Cơm | Set Gà | Đồ Ăn Vặt | Đồ Uống | Sốt thêm,10:00-17:00,2,https://media.be.com.vn/bizops/image/3f8db60d-c91f-11f0-8b11-e6e7ca75c48c/original,22,0,[]
59967,Quán Hà Nội Xưa - Bún Chả - Trường Chinh,befood,bún chả | phở,21.00046921,105.8375168,984.84,0.985,"35 Ngõ 102, Trường Chinh, Phương Mai, Đống Đa, Hà Nội",3.9,18,45000,60000,Món Bún | Món Phở,10:00-14:30,30,https://media.be.com.vn/bizops/image/d96587f3-f4d9-11f0-b67e-9aaf2a798701/original,8,7,"[""đũa mốc , chả có 5 miếng , trải nhiệm rất tệ, Không đảm bảo vệ sinh"", ""Đóng gói tốt, Đáng đồng tiền"", ""Normal"", ""không có nước chấm"", ""50k mà được có mấy miếng ????"", ""chả băm ok chả miếng thì hơi chán, giá không rẻ nhưng thịt dai và có phần hơi bèo nhèo, ai fan thịt ba chỉ thì không ưng nổi ?"", ""cơm dở""]"
135569,Cơm Bò Ngon - Trường Chinh,befood,cơm | gà rán,20.9967308,105.8421097,1000.22,1,"58D Ngõ 5 Trường Chinh, Phường Tương Mai, Hà Nội",0,0,13000,150000,NHÓM CƠM NHẬT & CƠM CHIÊN XÙ (MÓN CHÍNH) | NHÓM CƠM CARI NHẬT (CURRY RICE) | topping,09:00-23:59,3,https://media.be.com.vn/bizops/image/2063c121-4a00-11f1-b67e-9aaf2a798701/original,11,0,[]
128724,Phở - Cơm Hằng - Nguyễn Đình Chiểu,befood,cơm | phở,21.01683044,105.8477783,1321.99,1.322,"Số 1 Nguyễn Đình Chiểu, Phường Hai Bà Trưng, Hà Nội",4.9,10,10000,70000,món phở | món bún | miến | Món ăn thêm | cơm,06:00-17:15,4,https://media.be.com.vn/bizops/image/244fb42b-f804-11f0-a167-cadcd99bf8b0/original,16,3,"[""Ngon xỉu, Đáng đồng tiền, Sạch sẽ, Đóng gói tốt"", ""ăn cũng ok nhiều topping nhưng phần đặc biệt lại ko có trứng non?"", ""thiếu trứng cút nhà shop""]"
94161,Bánh Cuốn Nóng & Gà Ác Tần - Minh Khai,befood,bánh cuốn | bún chả,20.99523926,105.8544998,1435.87,1.436,"198 Minh Khai, Phường Tương Mai , Hà Nội",4.7,31,10000,100000,Menu,06:00-23:59,30,https://media.be.com.vn/bizops/image/604e9210-7bf1-11ef-b510-32fa1af43075/original,20,5,"[""Sạch sẽ, Đóng gói tốt, Ngon xỉu, Đáng đồng tiền"", ""Ngon xỉu, Đáng đồng tiền, Sạch sẽ, Đóng gói tốt"", ""Ngon xỉu"", ""Đáng đồng tiền"", ""Không đảm bảo vệ sinh""]"
28837,Gà Tần Huyền Anh - Phở Xào & Cơm Rang - Quỳnh Mai,befood,cơm | phở,21.00131989,105.8601379,1567.92,1.568,"Kiot 16A Quỳnh Mai, Quỳnh Mai, Hai Bà Trưng, Hà Nội",4.7,173,20000,185000,các món xào | cơm rang | các món tần ngải cứu | các món chan | cháo | các món trộn | các món ăn thêm | Món Đang Giảm | đồ uống,16:00-23:59,30,https://media.be.com.vn/bizops/image/981b0eee-5042-11ed-83ea-ea0c64380cfd/original,62,5,"[""Đáng đồng tiền, Ngon xỉu"", ""Sạch sẽ"", ""Đáng đồng tiền, Đóng gói tốt, Sạch sẽ, Ngon xỉu"", ""Óc hầm lá ngải quá mặn, cháo tim dai và lá thơm nên để bên ngoài lúc ăn khách tự cho vào sau, Không hợp khẩu vị"", ""nấu thế này thực sự khó ăn!, Không hợp khẩu vị""]"
117760,OK Cơm Gà - Trương Định,befood,cơm | gà rán,20.99132919,105.8506393,1620.3,1.62,"Số 52 Ngõ 129 Trương Định, Phường Tương Mai, Hà Nội",4.7,7,10000,340000,Cơm Gà | Gà Rán | Cơm Trắng | Đồ Uống | Combo Gà Rán,17:30-23:30,5,https://media.be.com.vn/bizops/image/6e538dc5-80a0-11f0-8021-922c9d42c616/original,19,1,"[""Không hợp khẩu vị""]"
33188,Hải Dung - Cơm Rang & Phở Xào - Quỳnh Mai,befood,cơm | phở,21.00110054,105.8611984,1680.52,1.681,"Kiot 8 Quỳnh Mai, Phường Bạch Mai, Hồ Chí Minh",4.5,61,17000,220000,Cơm Rang | Phở Xào | Mì Xào | Phở - Bún - Miến | Cháo | Đồ Khác | Combo Ăn Đôi,17:45-23:59,30,https://media.be.com.vn/bizops/image/3d7f90c1-00b3-11f1-a167-cadcd99bf8b0/original,31,9,"[""❤️, Đóng gói tốt"", ""Đáng đồng tiền, Ngon xỉu, Sạch sẽ, Đóng gói tốt"", ""Đóng gói tốt"", ""Khá ngon"", ""phở xào quá nhiều mỡ, nếu ít mỡ hoặc ko có mỡ thì sẽ ngon hơn rất nhiều, mình mong quán sẽ giúp kinh nghiệm cho lần sau để những món ăn của quán làm có thể ngon hơn nữa, Khá ngon"", ""mình đã ghi chú cho quán cho ít mỡ thôi nhưng khi ăn phở xào quá nhiều mỡ, Không làm đúng ghi chú"", ""Nấu như cám lợn, k có lần thứ 2, phở xào toàn nước nát bét"", ""em ko sao, shop 1 sao :))) note ko hành ko rau, ko những ko làm theo note mà còn rất nhiều hành 🙂"", ""đóng gói cẩu thả đến nơi là đổ hết ra túi nilong nếu ko ấn nắp chặt thì đừng để hộp nữa bực mình""]"
33749,Phở Bò 288 - Phở Bò & Cơm Rang - Minh Khai,befood,cơm | phở,20.99505997,105.8600922,1875.26,1.875,"288 Minh Khai, Phường Mai Động, Quận Hoàng Mai, Hà Nội",4.6,27,6000,350000,Combo | Menu,06:30-13:30,30,https://media.be.com.vn/bizops/image/af8b25a2-e9e8-11f0-8b11-e6e7ca75c48c/original,27,5,"[""Ngon xỉu"", ""Đáng đồng tiền"", ""phở ăn ok mà làm sai hết món, Sai/Thiếu món"", ""mình bỏ thêm tiền để cho thêm cái túi zip quán lại cho vào túi bóng"", ""đặt 2 phở 1 cơm giao 1 phở 1 cơm""]"
22455,Phở Cuốn Hoa Lan - Trần Hưng Đạo,befood,bánh cuốn | phở,21.01988983,105.8566208,2002.13,2.002,"24 Trần Hưng Đạo, Phường Phan Chu Trinh, Quận Hoàn Kiếm, Hà Nội",4.8,272,35000,140000,Phở | Mỳ | Bún | Cơm | Tráng Miệng | Ăn Thêm,09:00-20:45,30,https://media.be.com.vn/bizops/image/544c93c9-e917-11f0-8b11-e6e7ca75c48c/original,31,5,"[""giao phở mà để nước chung như này quả là thằng bán đại ngu!😩, Đóng gói chưa tốt"", ""Ngon xỉu"", ""Sạch sẽ, Đáng đồng tiền, Ngon xỉu, Đóng gói tốt"", ""80k 1 suất cơm sườn ntn, coi có giống ảnh mô tả chút nào không? hỏi thật bán như thế này có thấy cắn rứt lương tâm không ạ????"", ""nay ăn thấy thịt bò dai và nhiều gân mỡ quá. phở chiên trứng hơi ngấm dầu""]"
14976,Cơm Sườn Cay HiMC - Hà Kế Tấn,befood,cơm | gà rán,20.9874897,105.8368607,2159.6,2.16,"169A Hà Kế Tấn, Phường Phương Liệt, Thanh Xuân, Hà Nội, Việt Nam",4.9,1123,10000,420000,MÓN MỚI - CÀ RI NHẬT | DEAL BEFOOD TRỢ GIÁ SL CÓ HẠN | COMBO CẶP ĐÔI GIÁ HỜI | CƠM SƯỜN | CHỈ TỪ 40k/ XUẤT TEAM VĂN PHÒNG | 100% GÀ TƯƠI - MIỄN PHÍ ĐỔI TRẢ ❤️ | ĐỒ UỐNG & ĂN VẶT | GÀ TƯƠI 100% ĐẪM SỐT | ĐỒ THÊM NO NÊ ❤️ | CANH & RAU | TRI ÂN KHÁCH HÀNG,09:30-22:30,30,https://media.be.com.vn/bizops/image/0ac5b47b-3cec-11ef-ba6d-1220605d9522/original,46,5,"[""Đáng đồng tiền, Đóng gói tốt, Sạch sẽ, Ngon xỉu"", ""Ngon xỉu, Đáng đồng tiền, Sạch sẽ, Đóng gói tốt"", ""Đóng gói tốt, Ngon xỉu, Đáng đồng tiền, Sạch sẽ"", ""ăn nhiều lần r nhma vẫn cứ có vài lần bị kh đúng ý, nước thì kh có ống hút, gọi thêm rong biển thì giao thiếu rong biển?, Sai/Thiếu món"", ""quán quá ok có thạch dai tặng đúng cơm thì 10đ""]"
118507,"Bánh Cuốn, Bún Trộn Đức Anh - Trần Hữu Tước",befood,bánh cuốn | bún chả,21.01745033,105.8294678,2163.74,2.164,"1 Trần Hữu Tước, Phường Đống Đa, Thành Phố Hà Nội",4.7,7,40000,55000,bún | bánh cuốn,07:00-20:00,7,https://media.be.com.vn/bizops/image/f6876725-857a-11f0-b84b-3a4f2a37a94e/original,5,6,"[""4 miếng chả, 5-6 thanh bánh cuốn, hành phi được đóng riêng vào túi zip, có rau ăn kèm nhưng mình không ăn được loại đó nên không bỏ vô bát, nước mắm để vào ly nhựa nhỏ riêng. Bánh cuốn nhân nhiều, Ngon xỉu, Đóng gói tốt, Sạch sẽ"", ""rất ngon, bánh nóng, nước chấm vừa vị, Ngon xỉu, Đáng đồng tiền"", ""Ngon xỉu, Đáng đồng tiền, Đóng gói tốt, Sạch sẽ"", ""Sạch sẽ, Đóng gói tốt"", ""Giá hơi đắt"", ""kh thích có hạt tiêu""]"
128321,"Cơm, Phở Xào & Miến Xào - Cù Chính Lan",befood,cơm | phở,21.00102997,105.824173,2269.44,2.269,"Số 21 Ngách 3/1 Ngõ 3 Cù Chính Lan, Phường Phương Liệt, Hà Nội",5,4,20000,80000,Cơm Rang | Miến Xào | Phở Xào | Mì Xào | Món Rau | Đồ Uống,08:00-21:30,8,https://media.be.com.vn/bizops/image/b1775fe2-f373-11f0-b63c-1ec8367384f0/original,25,1,"[""Ngon xỉu, Đáng đồng tiền, Sạch sẽ, Đóng gói tốt""]"
116156,Phở Vịt Quay & Bánh Cuốn Cao Bằng - Định Công,befood,bánh cuốn | phở,20.98513985,105.837738,2366.37,2.366,"14 Ngõ 120 Định Công, Phường Phương Liệt, Hà Nội",4,10,6000,340000,Bánh Cuốn Cao Bằng | Bánh Cuốn Chấm | Vịt Quay | Phở - Bún Vịt Quay | Đồ Ăn Vặt,07:00-14:00,8,https://media.be.com.vn/bizops/image/69e41745-6c46-11f0-8b11-e6e7ca75c48c/original,25,7,"[""mình đặt ở trên app là tào Phớ chứ mình không đặt nước đậu. kể cả quán có hết như thế nào cũng phải gọi xác nhận đổi món chứ k dc tự ý như thế ạ., Sai/Thiếu món"", ""Ngon xỉu, Sạch sẽ, Đáng đồng tiền, Đóng gói tốt"", ""Ngon xỉu, Đáng đồng tiền, Sạch sẽ, Đóng gói tốt"", ""Đáng đồng tiền, Ngon xỉu, Đóng gói tốt, Sạch sẽ"", ""20k mà ít nc đường quá. gọi bánh trứng vàng lòng đào mà thấy k giống ảnh"", ""lần đầu đặt đc 1 cái quán vừa sạch sẽ vưad ngon lại cẩn thận như này chúc nhà hàng làm ăn phá đạt ạ"", ""hình ảnh ko như món, quá tệ""]"
41570,Bánh Cuốn Nóng Hương Thơm - Tràng Tiền,befood,bánh cuốn | bún chả,21.0241909,105.8558273,2372.04,2.372,"15 Tràng Tiền, Tràng Tiền, Hoàn Kiếm, Hà Nội",4.2,54,20000,75000,MENU,06:00-15:00,30,https://media.be.com.vn/bizops/image/31847f21-d9ae-11ed-abee-ba17ff25cc0d/original,12,6,"[""50k một xuất mà ít, Sai/Thiếu món"", ""Ngon xỉu"", ""Sạch sẽ"", ""Giá hơi đắt"", ""Khá ngon"", ""đồ ăn lèo tèo đ đáng tiền bỏ ra cho 50k 1 xuất lèo tèo""]"
20226,Phở Lưu - Phở Bò & Cơm Rang - Tam Trinh,befood,cơm | phở,20.99151039,105.8632278,2375.13,2.375,"185 Tam Trinh, Phường Mai Động, Quận Hoàng Mai, Hà Nội",4.5,443,8000,65000,"Món Nước | Cơm trắng | Cơm rang | Món chiên, rán | Món xào | Giải khát",05:00-23:59,30,https://media.be.com.vn/be-food/image/61eda57a-f1d1-11ec-9a9e-de6dabbc786c/original,41,7,"[""Sạch sẽ"", ""Ngon xỉu, Đáng đồng tiền, Sạch sẽ, Đóng gói tốt"", ""Ngon xỉu"", ""Khá ngon"", ""Không hợp khẩu vị"", ""cơm rang dưa bò nhưng đc vài lát dưa,vài miếng thịt bò,quá tệ còn phở xào thì về con m ăn hết rồi nên k biết có như vậy k"", ""thịt vụn, ít nước dùng nhìn mất khẩu vị""]"
21224,Phở Cồ Gia Truyền - Phở Bò & Cơm Rang,befood,cơm | phở,21.00001907,105.8231201,2400.67,2.401,"22 Nguyễn Ngọc Nại, Khương Mai, Thanh Xuân, Hà Nội",4.7,174,20000,55000,Phở | Cơm rang - mì | Nước,07:00-22:00,30,https://media.be.com.vn/be-food/image/510d0a76-f6ba-11ec-812c-da4e9217aaad/original,18,5,"[""Sạch sẽ, Đáng đồng tiền, Ngon xỉu, Đóng gói tốt"", ""Ngon xỉu, Đáng đồng tiền"", ""Đóng gói chưa tốt"", ""đồ ăn ko hợp vs tôi"", ""ít thịt lắm í sốp😞""]"
7240,"Cơm Gà, Mì Cay & Mì Trộn Bếp Nhà Cám - Tôn Đức Thắng",befood,cơm | gà rán,21.02137947,105.8302307,2410.81,2.411,"23 Ngõ Quan Thổ 1, Phố Tôn Đức Thắng, Phường Văn Miếu - Quốc Tử Giám, Hà Nội",4.7,294,9900,77000,CƠM GÀ | Mì cay - tokbokki | Mì trộn - mì ý - nui | Gà rán - Gà sốt | Combo | đồ uống,07:20-18:00,30,https://media.be.com.vn/be-food/image/8ba74cb6-9520-11ec-bcf0-e21aa089b828/original,56,10,"[""đùi gà còn sống luôn , ăn tanh dai lắm shop ạ, Không đảm bảo vệ sinh"", ""Ngon xỉu"", ""Ngon xỉu, Đóng gói tốt, Đáng đồng tiền, Sạch sẽ"", ""Ngon xỉu, Sạch sẽ"", ""Giá hơi đắt"", ""Không hợp khẩu vị"", ""ăn ổn, cho nhiều cháy quá"", ""ít!"", ""không ngon , như ăn mì tôm thường 😤"", ""mì cay 65k mà lèo tèo vài miếng toàn viên thả lẩu, tok mặn nch chán""]"
20472,"Bánh Cuốn, Bún Chả & Gà Tần - Đền Lừ 2",befood,bánh cuốn | bún chả,20.98712921,105.8587036,2419.45,2.419,"20 Lô 5 Đền Lừ 2, Phường Hoàng Văn Thụ, Quận Hoàng Mai, Hà Nội",4.7,63,35000,95000,Thực Đơn,07:00-22:00,30,https://media.be.com.vn/bizops/image/0a9e5495-e85c-11f0-9063-66448d787802/original,15,9,"[""1 suất đầy đặn, nước mắm tới nơi còn nóng. Tuy nhiên quán không cho quất với ớt nên nước chấm ăn bị hơi ngọt và mặn, Đóng gói tốt, Sạch sẽ"", ""lần đầu tiên order của quán mà bất ngờ vì quán cho nhiều hành phi với chu đáo cho cả mình bát xốp đựng nước chấm >< mình ăn hết kh bỏ cái gì 🫶🏻 nước chấm hơi mặn tẹo nếu quán cho nhạt đi xíu thì quá tuyệt ạ, Ngon xỉu, Đáng đồng tiền, Sạch sẽ, Đóng gói tốt"", ""Đáng đồng tiền, Ngon xỉu, Đóng gói tốt, Sạch sẽ"", ""Sạch sẽ, Ngon xỉu, Đóng gói tốt, Đáng đồng tiền"", ""Ngon xỉu"", ""Đóng gói tốt"", ""quán cả 2 lần đều không đọc note. thiếu quất. note trứng chảy mà làm trứng chín ăn làm sao được ?, Không làm đúng ghi chú"", ""hơi ngấy"", ""nước chấm chua""]"
21413,Phở Bò Hải Phòng - Phở Bò & Cơm Rang - Hoàng Mai,befood,cơm | phở,20.98838997,105.8628235,2580.65,2.581,"55 Ngõ 299 Hoàng Mai (Đối Diện 281 Tam Trinh), Phường Hoàng Văn Thụ, Quận Hoàng Mai, Hà Nội",4.6,393,8000,68000,"MÓN NƯỚC | CƠM TRẮNG | CƠM RANG | MÓN XÀO | Món chiên, rán | Thức Uống",05:00-23:59,30,https://media.be.com.vn/bizops/image/9042e7b3-e847-11f0-9063-66448d787802/original,39,6,"[""Ngon xỉu, Đóng gói tốt, Đáng đồng tiền, Sạch sẽ"", ""Ngon xỉu, Đóng gói tốt, Sạch sẽ"", ""Ngon xỉu"", ""Đáng đồng tiền, Đóng gói tốt, Ngon xỉu, Sạch sẽ"", ""shop đóng gói bằng túi nilon nhìn ko đảm bảo lắm. vị thì cũng ok, Đóng gói chưa tốt"", ""cơm khô không ăn được, cơm như giang, thì rang cháy cạnh thì toàn mỡ nạc ở đâu?? gà thì đỏ, mình vứt nguyên 3 suất cơm""]"
86219,Phở Bò Thiên Trường - Bún Bò & Cơm Rang - Trương Định,befood,cơm | phở,20.98171043,105.8457031,2602.83,2.603,"565 Trương Định, P.Hoàng Liệt, Hoàng Mai, Hà Nội",4.8,63,15000,70000,Phở Nước | Cơm Rang(Bán từ 10h trưa -23h) | Các Món Xào(Bán từ 10h trưa - 23h ) | Bún,07:30-23:00,30,https://media.be.com.vn/bizops/image/4405f757-f38e-11f0-8695-ce3d3ce291c1/original,19,6,"[""Ngon xỉu, Đáng đồng tiền, Sạch sẽ, Đóng gói tốt"", ""Ngon xỉu, Đáng đồng tiền, Đóng gói tốt, Sạch sẽ"", ""Đóng gói tốt, Sạch sẽ, Đáng đồng tiền, Ngon xỉu"", ""Không làm đúng ghi chú"", ""Đóng gói chưa tốt"", ""Sai/Thiếu món""]"
36034,Bảo An Quán - Bánh Cuốn Phủ Lý - Trương Định,befood,bánh cuốn | bún chả,20.98130989,105.845253,2647.57,2.648,"658 Trương Định, Giáp Bát, Hai Bà Trưng, Hà Nội",4.6,98,15000,60000,bánh cuốn phủ lý bún chả | đồ uống | combo | bún giả cầy | bánh mì sôt vang,07:00-22:59,30,https://media.be.com.vn/bizops/image/03f08483-bafd-11ed-8ba4-ee89cbba1863/original,14,6,"[""đặt bánh cuốn mà ship về bún chả là s ạ, Sai/Thiếu món"", ""Đáng đồng tiền"", ""Ngon xỉu, Đáng đồng tiền, Đóng gói tốt, Sạch sẽ"", ""Ngon xỉu, Đóng gói tốt, Đáng đồng tiền, Sạch sẽ"", ""ngon quấ. nếu lần sau mua thêm option thêm bún thì mong quán thêm ít nước dùng nữa nha!"", ""ko cho bát thì đựng nước chấm vào đâu? chả nướng cháy nước chấm ko ngon""]"
20129,Dũng Thủy - Phở & Cơm Rang - Tân Mai,befood,cơm | phở,20.98154068,105.8510818,2682.91,2.683,"760 H14 Ngõ 147 Tân Mai, Hoàng Mai, Hà Nội",4.4,80,6000,94000,Siêu Deal Giữa Tháng | MENU,06:00-21:00,30,https://media.be.com.vn/bizops/image/7d8e2ea2-e868-11f0-8b11-e6e7ca75c48c/original,21,2,"[""Đáng đồng tiền, Sạch sẽ, Đóng gói tốt, Ngon xỉu"", ""Khá ngon""]"
16422,Phương Dung - Cơm Đảo Gà Rang & Chim Quay - Tống Duy Tân,befood,cơm | gà rán,21.02922058,105.843399,2689.73,2.69,"24 Tống Duy Tân, Phường Hàng Bông, Quận Hoàn Kiếm, Hà Nội",4.9,378,55000,195000,Cơm Đảo ! | Thức ăn thêm | Chim Quay Gà Tần,00:00-23:59,30,https://media.be.com.vn/bizops/image/3754c0c9-e879-11f0-b84b-3a4f2a37a94e/original,25,8,"[""Ngon xỉu, Đáng đồng tiền, Sạch sẽ, Đóng gói tốt"", ""Đáng đồng tiền"", ""Ngon xỉu"", ""thiếu cà phái vs dưa chua của mình, Sai/Thiếu món"", ""đưa nhầm 1 suất gà tần"", ""mọi thứ đểu ok điểm trừ hơi mặn nha giảm gia vị lại là ok"", ""chờ 1 phút nhé"", ""ngon""]"
60874,Hoàng Văn - Cơm Rang & Phở Bò - Định Công,befood,cơm | phở,20.98259926,105.834137,2772.01,2.772,"195 Định Công, Phường Định Công, Hoàng Mai, Hà Nội",4.7,850,7000,88000,thực đơn | Món đỉnh,18:00-23:00,30,https://media.be.com.vn/bizops/image/ede0e443-368a-11ee-8e31-f638ae20f033/original,24,5,"[""Đáng đồng tiền"", ""Không làm đúng ghi chú"", ""Đóng gói chưa tốt"", ""Thiếu pepsi nhỏ (đặt Sting + Pepsi nhỏ nhưng chỉ giao 1 Sting), Sai/Thiếu món"", ""mặn chát, quán thừa muối hay sao mà nêm bò đẫm muối thế,""]"
13942,Phở Bò & Cơm Rang - Nguyễn Trãi,befood,cơm | phở,21.00209045,105.8171768,2968.84,2.969,"28A Ngõ 72 Nguyễn Trãi, Thượng Đình, Thanh Xuân, Hà Nội",4.3,315,45000,60000,Combo cùng Cocacola 70000 | đồ ăn 60000 đ,07:00-20:30,30,https://media.be.com.vn/bizops/image/2bad7766-8e3c-11ed-9d0d-4e52ae3b2c21/original,27,7,"[""Sạch sẽ, Đóng gói tốt, Đáng đồng tiền, Ngon xỉu"", ""Không hợp khẩu vị"", ""giao nhanh , sốt vang ăn ổn , phở trộn nhìn có vẻ ngon hơn . Nhưng sao shop để cho khách ăn cốc kì vậy shop 😑"", ""đã note không hành rồi"", ""hơi khô"", ""thịt có mùi hôi"", ""đồ ăn phở với cơm đều mặn""]"
29659,Bánh Cuốn Phủ Lý - Dương Văn Bé,befood,bánh cuốn | bún chả,20.99671936,105.8742294,3116.05,3.116,"135 Dương Văn Bé, Vĩnh Tuy, Hai Bà Trưng, Hà Nội",4.5,98,48000,96000,Menu,06:00-14:41,30,https://media.be.com.vn/bizops/image/ae161ae2-e87d-11f0-8021-922c9d42c616/original,3,6,"[""đã ghi chú là ko cho tỏi ớt vào nước mắm, để riêng ra mà vẫn cho vào, Không làm đúng ghi chú"", ""Ngon xỉu, Đáng đồng tiền, Sạch sẽ, Đóng gói tốt"", ""Sạch sẽ, Đáng đồng tiền, Đóng gói tốt, Ngon xỉu"", ""chả nóng ngon, có thêm quất nữa thì tuyệt vời, Ngon xỉu, Sạch sẽ, Đóng gói tốt, Đáng đồng tiền"", ""Đáng đồng tiền, Sạch sẽ, Đóng gói tốt, Ngon xỉu"", ""không có bát đưng nước chấm. túi bọc nước mắm rách., Đóng gói chưa tốt, Sai/Thiếu món, Không đảm bảo vệ sinh""]"
35452,Út Béo - Bún Đậu Mẹt & Cơm - Ngõ Thái Thịnh 1,befood,bún chả | cơm,21.00877953,105.8156586,3133.79,3.134,"149 Ngõ Thái Thịnh 1, Thái Thịnh, P. Thịnh Quang, Đống Đa, Hà Nội",4.1,21,35000,70000,Combo | Bún Đậu,17:00-21:00,30,https://media.be.com.vn/bizops/image/e9a7b625-ab7a-11ee-bfaa-82e52b34e173/original,8,9,"[""Khá ngon, Đóng gói chưa tốt"", ""Khá ngon"", ""khá là ổn"", ""đặt suất lớn mà có tí như này ko có lần 2"", ""ngon nhé"", ""Món ăn chưa được đẹp mắt."", ""bún bị chua đậu chua"", ""Đặt thêm Chả lá lốt mà quán không cho????"", ""shop kh thấy note em để là nước mắm ạ?""]"
81993,Thành Tâm Quán - Phở & Cơm Rang - Định Công Hạ,befood,cơm | phở,20.98220062,105.8275528,3162.42,3.162,"22 Ngõ 99 Định Công Hạ, Phường Định Công, Quận Hoàng Mai, Hà Nội",4.7,6,45000,58000,Bún Bò Huế | Cơm Rang | Phở,07:00-21:00,30,https://media.be.com.vn/bizops/image/fa9e7656-1a51-11ef-b411-9e337230779d/original,11,1,"[""Không hợp khẩu vị""]"
21980,H&A Quán - Bún Đậu & Nem Nướng - Vĩnh Tuy,befood,bún chả | phở,21.00074959,105.877037,3300.17,3.3,"Kiot Số 2B Ngõ 124 Vĩnh Tuy, Phường Vĩnh Tuy, Quận Hai Bà Trưng, Hà Nội",4.8,1673,4000,80000,Menu | Nước uống | Đồ ăn kèm | XIÊN QUE CHIÊN,10:00-22:30,30,https://media.be.com.vn/bizops/image/f47d8f58-e84f-11f0-b84b-3a4f2a37a94e/original,71,6,"[""Ngon xỉu, Đáng đồng tiền, Đóng gói tốt"", ""Sạch sẽ, Đáng đồng tiền, Đóng gói tốt, Ngon xỉu"", ""Đồ ăn no căng. Không như mấy quán khác, ít lèo tèo. Lần sau sẽ mua tiếp., Đáng đồng tiền, Sạch sẽ, Ngon xỉu, Đóng gói tốt"", ""Sạch sẽ, Đóng gói tốt, Đáng đồng tiền, Ngon xỉu"", ""Đáng đồng tiền"", ""Đóng gói chưa tốt""]"
114833,Cơm Ngon Xuân Trường - Giáp Nhị,befood,cơm | gà rán,20.97496033,105.84552,3353.39,3.353,"Số 55 Ngõ 88 Phố Giáp Nhị, Phường Yên Sở, Hà Nội",4.6,93,18000,109000,menu | món phụ | nước ngọt | cơm combo | cơm + cocacola | cơm tiết kiệm,17:00-20:00,11,https://media.be.com.vn/bizops/image/d378c097-62c6-11f0-8021-922c9d42c616/original,25,7,"[""đã đặt nhiều lần, cơm ngon chất lượng, Ngon xỉu, Đáng đồng tiền, Đóng gói tốt, Sạch sẽ"", ""Ngon xỉu"", ""Ngon xỉu, Đóng gói tốt, Đáng đồng tiền, Sạch sẽ"", ""Ngon xỉu, Đóng gói tốt, Đáng đồng tiền"", ""gửi nhầm món, Sai/Thiếu món"", ""Không hợp khẩu vị"", ""sai món ăn . Minhg đặt sườn ko đặt gà""]"
87272,"Thành Tâm Quán - Cơm Rang, Phở Bò & Bún Bò Huế - Định Công Thượng",befood,cơm | phở,20.98349953,105.8216782,3455.68,3.456,"153 Định Công Thượng, P.Định Công, Q. Hoàng Mai, Hà Nội",4.4,25,40000,85000,Bún Bò Huế Chuẩn Vị Huế | Cơm Rang Đỉnh Cao | Phở - Mì Xào Ăn Vào Ngất Ngây,07:00-22:00,30,https://media.be.com.vn/bizops/image/17346b4c-f9c6-11f0-b63c-1ec8367384f0/original,19,8,"[""Đáng đồng tiền, Sạch sẽ, Đóng gói tốt, Ngon xỉu"", ""Đóng gói cẩu thả, Đóng gói chưa tốt"", ""Đáng đồng tiền"", ""Normal"", ""Mình đặt với suy nghĩ tên quán là Thành Tâm thì sẽ làm đồ ăn mà đặt tâm vào. Hôm qua sau khi ăn cả bún bò và phở thì mình bị say mì chính, đầy bụng đến hôm nay chưa hết. Bỏ tiền ra ăn mà vừa mất thêm tiền mua thuốc vừa rước bực vào người, Không đảm bảo vệ sinh"", ""ok ngon"", ""giờ"", ""chán, k có vị gì, k tương ớt ăn nhạt nhẽo""]"
115272,"He Na Quán - Bánh Cuốn, Bún Chả & Gà Tần - Núi Trúc",befood,bánh cuốn | bún chả,21.0304203,105.8249588,3535.88,3.536,"100 Ngõ Núi Trúc, Phường Giảng Võ, Hà Nội",5,2,16000,74000,Menu,07:00-22:00,12,https://media.be.com.vn/bizops/image/5742f0a4-62f3-11f0-8021-922c9d42c616/original,4,0,[]
130463,Thanh Hà Food - Phở Cuốn & Bún Trộn - Đại Từ,befood,bánh cuốn | phở,20.97360039,105.8397598,3556.52,3.557,"Số Nhà 93 Ngõ 2 Đại Từ, Phường Định Công, Hà Nội",4.9,9,15000,129000,Bún trộn | Phở cuốn | Combo Tiết Kiệm | Combo Giá Tốt | Combo 2 Người Siêu Hời | Combo Ăn No | Combo Ăn Nhẹ No Vừa Đủ | Nước ngọt,10:00-22:00,12,https://media.be.com.vn/bizops/image/0eac2d1a-2b5f-11f1-b197-ce3d3ce291c1/original,16,3,"[""ngon,sạch sẽ,hợp khẩu vị,1 suất khá đầy đặn. lần sau sẽ mua lại, Đáng đồng tiền, Sạch sẽ, Đóng gói tốt, Ngon xỉu"", ""Sạch sẽ"", ""ít thịt toàn rau""]"
68548,Bánh Cuốn Nóng - Bún Chả & Mỳ Gà Tần - Chính Kinh,befood,bánh cuốn | bún chả,20.99983025,105.8112106,3617.16,3.617,"103 Chính Kinh, Phường Nhân Chính, Quận Thanh Xuân, Hà Nội",4.7,370,13000,119000,Menu,16:30-23:59,30,https://media.be.com.vn/bizops/image/eb0a14d5-8f26-11ee-8e31-f638ae20f033/original,22,6,"[""Good packaging"", ""Khá ngon"", ""Không hợp khẩu vị"", ""Đóng gói chưa tốt"", ""Sai/Thiếu món"", ""Ít thịt, nhiều bún quá""]"
135607,Bánh Cuốn & Bún Chả - Bếp Cô Hằng - Vĩnh Hưng,befood,bánh cuốn | bún chả,20.99044037,105.8782806,3765.52,3.766,"Số 3 Ngõ 259 Vĩnh Hưng, Phường Hoàng Mai, Hà Nội",0,0,30000,45000,Bánh Cuốn | bánh lá(răng bừa thanh hóa),06:00-14:00,13,https://media.be.com.vn/bizops/image/72e91c34-4a8c-11f1-b63c-1ec8367384f0/original,5,0,[]
80920,Cồ Cử Phở Bò - Cơm Rang - Kim Giang,befood,cơm | phở,20.97739983,105.8241501,3801.91,3.802,"312 Kim Giang, Phường Đại Kim, Quận Hoàng Mai, Hà Nội",4.6,130,10000,55000,Menu,06:00-22:00,30,https://media.be.com.vn/bizops/image/46f20849-129f-11ef-b411-9e337230779d/original,15,6,"[""Đáng đồng tiền"", ""Đáng đồng tiền, Đóng gói tốt, Sạch sẽ, Ngon xỉu"", ""ăn cũng được oke, Khá ngon"", ""Quán 10đ nhé rất mong sắp tới quán mình làm ăn phát đạt nhé"", ""cơm hơi hôi"", ""ko phải thịt bò""]"
123914,Ling Ling Foody - Gà Rán & Mỳ Cay - Vĩnh Hưng,befood,gà rán | phở,20.98578072,105.8758316,3805.03,3.805,"85 Vĩnh Hưng, Phường Vĩnh Hưng, Hà Nội",4.8,26,1000,79000,CSKH | Mỳ Cay 7 Cấp Độ | Gà Rán-Kimbap | Bún Trộn | Gỏi Cuốn & Phở Cuốn | Gà Ủ Muối Tiêu | Chân Gà Rút Xương | Đồ Ăn Vặt | Đồ Uống | Trái Cây,16:00-23:00,13,https://media.be.com.vn/bizops/image/53465304-c453-11f0-8b11-e6e7ca75c48c/original,65,10,"[""Sạch sẽ, Đóng gói tốt, Ngon xỉu"", ""Ăn chân gà hợp khẩu vị lắm ạ, Ngon xỉu, Đáng đồng tiền"", ""nước dùng khi giao bị đổ tí nhưng không sao ((= ngon., Ngon xỉu, Sạch sẽ"", ""ngonnnn, đúng vị cay mình thích, Đáng đồng tiền, Đóng gói tốt"", ""Đóng gói tốt, Đáng đồng tiền, Ngon xỉu, Sạch sẽ"", ""Đóng gói tốt, Sạch sẽ"", ""ngonnnnnnnnnn, Ngon xỉu, Đáng đồng tiền, Sạch sẽ"", ""Sạch sẽ, Đáng đồng tiền, Đóng gói tốt, Ngon xỉu"", ""Ngon xỉu, Đáng đồng tiền, Sạch sẽ, Đóng gói tốt"", ""Ngon xỉu""]"
81712,Nhà Hàng Văn Đô - Cơm Văn Phòng - Ngọc Khánh,befood,cơm | gà rán,21.02796936,105.8176498,3855.96,3.856,"107B Ngọc Khánh, Phường Giảng Võ, Quận Ba Đình, Hà Nội",4.8,1260,5000,69000,"Cơm Suất | Cơm | Combo cùng coca | Món Ăn Thêm | Món Ăn Ngon (Không Kèm Theo Cơm, Canh) | Các Món Rau | Món Đang Giảm | Đồ Uống | Trà Kem Foam Đặc Biệt",10:00-21:00,30,https://media.be.com.vn/bizops/image/76e10521-e87e-11f0-8021-922c9d42c616/original,129,3,"[""Đáng đồng tiền"", ""Ngon xỉu, Đáng đồng tiền, Sạch sẽ, Đóng gói tốt"", ""đóng gói chỉn chu, cá kho riềng k hợp khẩu vị, còn vảy cá., Không hợp khẩu vị""]"
119113,Phở Cuốn Ngũ Xã Hải Yến - Vũ Tông Phan,befood,bánh cuốn | phở,20.9846096,105.8152237,3890.94,3.891,"563 Vũ Tông Phan, Phường Phương Liệt, Hà Nội",4.7,11,12000,105000,Menu,10:00-21:00,13,https://media.be.com.vn/bizops/image/a56b3533-8f8e-11f0-8021-922c9d42c616/original,10,2,"[""ngon nma sốp quên cho em đũa oy"", ""với giá này thì quá ít :))))) thịt bò được đúng 5 miếng""]"
123573,"Minh Huy - Bánh Cuốn, Bún Chả & Bún Miến Ngan - Vũ Tông Phan",befood,bánh cuốn | bún chả,20.98118019,105.8182068,3894.54,3.895,"699 Vũ Tông Phan, Phường Khương Đình, Hà Nội",3.3,7,20000,250000,Bánh Cuốn | Bún - Miến,06:00-23:59,13,https://media.be.com.vn/bizops/image/c7460431-bfb9-11f0-8021-922c9d42c616/original,10,4,"[""Đóng gói tốt"", ""ngan ít không ngon, Không hợp khẩu vị"", ""Bánh cuốn thịt nướng, nhưng chỉ có bánh không có thịt, Sai/Thiếu món"", ""bánh cuốn nhân bị thiu rồi bạn ạ . hôi thiu mùi ôi mở ra là biết ngay. mình phải bỏ đi miến ngan ngon""]"
8200,Phở bò - Cơm rang Duy Nhất - Huỳnh Thúc Kháng,befood,cơm | phở,21.01929092,105.8109894,3922.31,3.922,"12a Ng. 16 - P. Huỳnh Thúc Kháng, Láng Hạ, Ba Đình, Hà Nội, Việt Nam",4.7,2429,35000,80000,PEPSI CỰC ĐÃ - QUÁN CỰC CHẤT | Phở | Bún Bò Huế Duy Nhất | Cơm Rang Giòn | Combo Nước Giải Khát Coca Cola | Combo Cùng Coca | Combo Giải Khát Cùng Pepsi | Menu | MÌ | Combo 2 Người,17:30-23:59,30,https://media.be.com.vn/be-food/image/4e6410f3-ab44-11ec-bd9d-0ac153492a5c/original,66,4,"[""Ngon xỉu"", ""Khá ngon"", ""không có dụng cụ ăn uống"", ""có ghi chú nhma k để ý""]"
78300,Bánh Cuốn Nóng & Bún Chả - Ngọc Hà,befood,bánh cuốn | bún chả,21.03771019,105.8307724,3937.01,3.937,"124 Ngọc Hà, Phường Ngọc Hà, Quận Ba Đình, Hà Nội",4.9,76,1000,65000,Menu,17:00-20:25,30,https://media.be.com.vn/bizops/image/b08af739-fbc9-11ee-9c4b-1e44d33cc6fa/original,10,6,"[""nước chấm nhạt. còn lại tuyệt vời. thịt nướng rất ngon, Sạch sẽ, Đóng gói tốt"", ""Sạch sẽ"", ""Đóng gói tốt"", ""ổn lắm nha, thịt nướng thơm đầy đặn. ủng hộ quán 5* nhé, Ngon xỉu, Đáng đồng tiền, Sạch sẽ, Đóng gói tốt"", ""Bánh cuốn ngon nhưng nước chấm hơi nhạt. shop giao đúng đơn cho đầy đủ dụng cụ ăn uống, Khá ngon"", ""Khá ngon""]"
20601,"Bánh Cuốn Nóng, Bún Chả & Gà Tần - 156 Kim Giang",befood,bánh cuốn | bún chả,20.98073959,105.8178024,3958.68,3.959,"156 đường Kim Giang, phường Định Công, Hà Nội",4.6,137,12000,95000,COMBO CÙNG COCA | THỰC ĐƠN | Đồ Uống,06:00-23:00,30,https://media.be.com.vn/bizops/image/db1d2f9a-ba46-11ed-975f-9af8f6763244/original,11,7,"[""Ngon xỉu, Đáng đồng tiền, Sạch sẽ, Đóng gói tốt"", ""Ngon xỉu"", ""Đáng đồng tiền"", ""Khá ngon"", ""Không hợp khẩu vị"", ""đéo cho đũa ăn bốc à ?, Sai/Thiếu món"", ""Sai/Thiếu món""]"
9568,"Bún Chả, Bánh Cuốn Nóng, Gà Tần - Ba Duy - Kim Giang",befood,bánh cuốn | bún chả,20.98501968,105.8139801,3970.41,3.97,"32 Kim Giang, Phường Kim Giang, Quận Thanh Xuân, Hà Nội",4.8,1058,18000,81000,Menu,17:00-22:00,30,https://media.be.com.vn/bizops/image/5c41374d-4238-11ee-b2af-3ea2e1c5510b/original,14,3,"[""Worth the price"", ""Khá ngon"", ""Vị chưa đậm đà lắm""]"
12952,KCC - Phở - Cơm Rang - Nguyên Hồng,befood,cơm | phở,21.02290916,105.8119202,4016.16,4.016,"105 D8 Nguyên Hồng, Thành Công, Ba Đình, Hà Nội",4.5,437,10000,70000,Menu | COMBO | CÁC MÓN CƠM | PHỞ | ĐỒ UỐNG,06:30-22:00,30,https://media.be.com.vn/be-food/image/4a1f6d8e-dbf8-11ec-95a6-ee268e4432f7/original,27,10,"[""Ngon xỉu, Đáng đồng tiền, Sạch sẽ, Đóng gói tốt"", ""Đóng gói chưa tốt"", ""mình bảo không hành mà quán cho hành củ là s vậy quán, Không làm đúng ghi chú"", ""Sai/Thiếu món"", ""thịt và cơm khô, nguội, cứng. mô tả có trứng và canh nhưng giao k thấy có"", ""cơm như bị thiu"", ""thiếu 1 hộp đùi gà chiên mắm nhưng lại thừa 1 hộp cơm híc"", ""cơm mềm ngon"", ""cơm khô, cứng, gà thì rán quá khô."", ""thịt bò được đúng 5 miếng""]"
69613,Bánh Cuốn Nóng Gia Truyền - Đội Cấn,befood,bánh cuốn | bún chả,21.03511047,105.8231964,4065.2,4.065,"195B Đội Cấn, Phường Đội Cấn, Quận Ba Đình, Hà Nội",4.5,77,35000,90000,Thực Đơn,17:00-23:59,30,https://media.be.com.vn/bizops/image/bee00dad-f823-11f0-a167-cadcd99bf8b0/original,6,5,"[""Đặt 2 bánh cuốn chả quế với trứng cho có 1 suất gà tần thì dai, Sai/Thiếu món"", ""Đáng đồng tiền"", ""Bánh cuốn không đạt"", ""ngon"", ""Quá ít""]"
14120,KCC - Phở & Cơm Gà Xối Mắm - Đội Cấn,befood,cơm | phở,21.03507996,105.8226395,4095.77,4.096,"204 Đội Cấn, Đội Cấn, Ba Đình, Hà Nội",4.7,149,40000,80000,CƠM RANG | PHỞ,17:30-22:00,30,https://media.be.com.vn/bizops/image/d3408c04-e875-11f0-b84b-3a4f2a37a94e/original,17,5,"[""Đáng đồng tiền"", ""Ngon xỉu, Đáng đồng tiền, Sạch sẽ, Đóng gói tốt"", ""Normal"", ""gà chiên trong vẫn bị đỏ, đóng gói túi thủng chảy hết ra"", ""giao thiếu sốt r""]"
2282,Phở Bò Cơm Rang Nhân Hòa - Nguyễn Huy Tưởng,befood,cơm | phở,20.99875069,105.8062973,4140.1,4.14,"86 Nguyễn Huy Tưởng, phường Thanh Xuân, Thành phố Hà Nội",4.7,720,12000,70000,Combo Cùng Coca | menu | Đồ Ăn | Đồ Uống,07:00-22:00,30,https://media.be.com.vn/bizops/image/2af8ea9c-e86c-11f0-8021-922c9d42c616/original,40,3,"[""Ngon xỉu"", ""Đáng đồng tiền"", ""note không hành vẫn cố nhét hành vào, Sai/Thiếu món""]"
76776,Bánh Cuốn Nóng & Bún Chả - Nguyễn Ngọc Vũ,befood,bánh cuốn | bún chả,21.01100922,105.8060913,4152.32,4.152,"89A Ngõ 189 Nguyễn Ngọc Vũ, Phường Trung Hòa, Quận Cầu Giấy, Hà Nội",4.7,207,16000,97000,bánh cuốn | bún chả | gà tần,06:30-23:59,30,https://media.be.com.vn/bizops/image/77e40679-f8e7-11f0-b63c-1ec8367384f0/original,17,5,"[""thiếu lon coca, Sai/Thiếu món"", ""Ngon xỉu, Đáng đồng tiền, Sạch sẽ, Đóng gói tốt"", ""quán tiếc cái bát nhựa hay sao vậy ?, Đóng gói chưa tốt"", ""k có hộp đựng mắm k có rau sống"", ""5 cục chả luôn á""]"
102812,Bánh Cuốn Bà Hy - Khu Đô Thị Bắc Linh Đàm,befood,bánh cuốn | bún chả,20.97001076,105.8274994,4332.14,4.332,"Ki Ốt 12, CT3 Khu Đô Thị Bắc Linh Đàm, Phường Đại Kim, Quận Hoàng Mai, Hà Nội",5,21,13000,67000,Menu,17:30-21:00,15,https://media.be.com.vn/bizops/image/6a2faf73-d3c3-11ef-81cc-d24fde1987a0/original,11,2,"[""Sạch sẽ"", ""Khá ngon""]"
130643,Guu Chicken - Cơm Gà & Gà Rán - Ngõ Tự Do,befood,cơm | gà rán,20.9981308,105.8469086,788.87,0.789,"107A Y9 Ngõ Tự Do, Phường Bạch Mai, Hà Nội",5,17,12000,342000,Ưu Đãi Độc Quyền | Mỳ Cay Guu Chicken | Mỳ Ý Sốt Bò Bằm | Món Phụ | Combo Gà Rán - Khoai Tây | Món ngon đang Khuyến Mại | Món phải thử | Mua nhiều càng rẻ | Cơm gà Guu Chicken - Cơm góc tư | Gà rán - Combo | Gà sốt - Combo,09:00-21:30,2,https://media.be.com.vn/bizops/image/8c3dd36d-1de7-11f1-b63c-1ec8367384f0/original,42,1,"[""Ngon xỉu, Đáng đồng tiền, Sạch sẽ, Đóng gói tốt""]"
8432,Quán Cơm 78 - Ngõ Tự Do,befood,cơm | gà rán,20.99736977,105.8463364,865.02,0.865,"78 Ngã Tự Do, Trần Đại Nghĩa, Phường Đồng Tâm, Hai Bà Trưng, Hà Nội",4.7,2640,6000,53000,Ăn thả ga cùng Cocacola | Nước uống | Combo | Combo cơm - Đồ uống | Giảm thêm 25K - ĐÃÃ QUÁ PEPSI ƠI! | Menu Cơm | Món | Món thêm | Menu,16:30-21:00,30,https://media.be.com.vn/be-food/image/7ff10fa1-ae7b-11ec-bfbb-a6b773ddb05e/original,86,2,"[""mình đặt 4 món mà giao 3 món. muốn liên hệ cho shop cũng không đc, liên hệ ship thì ship cũng ko có số của quán để giải quyết, Sai/Thiếu món"", ""Ngon xỉu, Đáng đồng tiền, Sạch sẽ, Đóng gói tốt""]"
106675,Cơm Đảo Làng Mai - Chợ Khương Thượng,befood,cơm | gà rán,21.0056591,105.8313217,1482.56,1.483,"Kiot 25 Chợ A12 Khương Thượng, Phường Kim Liên, Quận Đống Đa, Hà Nội",0,0,54000,54000,Menu,10:30-14:00,5,https://media.be.com.vn/bizops/image/39aa8d96-e88c-11f0-b84b-3a4f2a37a94e/original,3,0,[]
102294,Bếp Cô Thảo - Cơm Văn Phòng Tự Chọn - Lò Đúc,befood,cơm | gà rán,21.01309013,105.8574905,1520.3,1.52,"8 Ngõ 108 Lò Đúc, Phường Đống Mác, Quận Hai Bà Trưng, Hà Nội",4.6,117,35000,110000,Cơm Suất | Menu Món,09:00-21:00,5,https://media.be.com.vn/bizops/image/4380def1-bf39-11ef-bd66-b239c83a8124/original,25,1,"[""tôi đặt thịt rang cháy cạnh đưa tôi thịt kho""]"
15897,Vịt 29 - 29 Food - Cơm Phở -Nguyễn Thượng Hiền,befood,bún chả | phở,21.01884079,105.8422318,1565.26,1.565,"29 Nguyễn Thượng Hiền, Nguyễn Du, Hai Bà Trưng, Hà Nội",4.9,48,8000,948000,MÓN ĂN NHANH | MÓN VỊT QUAY | MÓN MỚI | VỊT HẤP | VỊT RÚT XƯƠNG | VỊT CHIÊN - ÁP CHẢO | MÓN NƯỚNG | MÓN ĂN CHƠI - NHẬU | MÓN RAU | MÓN CƠM - XÔI - CANH | MÓN LẨU | TOPPING | ƯU ĐÃI COMBO,09:10-21:00,30,https://media.be.com.vn/bizops/image/1f0ed979-e850-11f0-9063-66448d787802/original,58,1,"[""Ngon xỉu, Đáng đồng tiền, Đóng gói tốt, Sạch sẽ""]"
130509,Guu Chicken - Cơm Gà & Gà Rán - Tam Khương,befood,cơm | gà rán,21.00415993,105.8300323,1618.7,1.619,"Số 3 Tam Khương, Phường Kim Liên, Hà Nội",5,9,12000,342000,Món Ngon Đang Khuyến Mại | Mua Nhiều Càng Rẻ | Cơm Gà - Cơm góc tư | Gà Rán - Combo | Gà sốt + Combo | Mỳ Ý + Combo | Piza + Combo | Món Phụ | Trà Chanh + Trà Bí Đao | Đồ Uống - Coca/Pepsi/Trà ô long,08:45-22:00,5,https://media.be.com.vn/bizops/image/54bc2d04-1c4f-11f1-b67e-9aaf2a798701/original,41,1,"[""Ngon xỉu, Đóng gói tốt, Đáng đồng tiền, Sạch sẽ""]"
135845,"Gỏi Nhà Kem - Gỏi Cuốn, Cơm Trộn & Bún Trộn - Thổ Quan",befood,bánh cuốn | cơm,21.01634979,105.8344421,1702.74,1.703,"Số 123 Thổ Quan, Phường Văn Miếu - Quốc Tử Giám, Hà Nội",0,0,15000,155000,Combo Ngon Hời | U Mê Gỏi Cuốn | U Mê Trộn | Phở Cuốn | Đồ Uống | Cơm Trộn,15:30-21:00,6,https://media.be.com.vn/bizops/image/336738fb-4c44-11f1-b67e-9aaf2a798701/original,17,0,[]
39262,Cơm Gà B&B - Chùa Bộc,befood,cơm | phở,21.00488091,105.8275299,1875.14,1.875,"9 Ngõ 95 Chùa Bộc, Đống Đa, Hà Nội",0,0,40000,45000,Menu,06:00-12:00,30,https://media.be.com.vn/bizops/image/b1403fea-f286-11f0-b63c-1ec8367384f0/original,10,0,[]
17700,Bún Chả Xưa - Lĩnh Nam,befood,bánh cuốn | bún chả,20.99094963,105.8643875,2507.81,2.508,"9 Ngõ 13 Lĩnh Nam, Phường Mai Động, Quận Hoàng Mai, Hà Nội",4.2,2333,5000,45000,Bún Chả | Combo | Bánh Cuốn | Đồ Uống | Chè | Dồi Sụn,12:00-23:00,30,https://media.be.com.vn/be-food/image/5b096114-edec-11ec-9a9e-de6dabbc786c/original,21,10,"[""ngon, Đáng đồng tiền"", ""Khá ngon"", ""đặt thêm thịt nướng mà k thấy đâu, Sai/Thiếu món"", ""Không hợp khẩu vị"", ""rau thối , giao còn thiếu chả, Sai/Thiếu món"", ""ăn xong bị đau bụng ỉa chảy, không đảm bảo vệ sinh, Không đảm bảo vệ sinh"", ""bún bị chua với lại bún dính màu đỏ như hình"", ""quán k phân biệt được bún chả thịt viên🙂"", ""thịt hơi có mùi một chút"", ""thịt siêu mỡ""]"
98870,Tứ Quý - Phở Bò & Cơm Rang - Trịnh Đình Cửu,befood,cơm | phở,20.9841404,105.8342438,2613.23,2.613,"Số 6 Ngõ 148 Trịnh Đình Cửu , Phường Định Công, Hà Nội",4.8,337,3000,70000,"Phở Bò | Cơm Rang Chiên | Phở Xào, Mì Xào | Topping | Giải Khát",08:00-23:30,30,https://media.be.com.vn/bizops/image/a438d4a2-f9cf-11f0-b63c-1ec8367384f0/original,30,6,"[""Đóng gói tốt, Đáng đồng tiền"", ""Ngon xỉu, Đáng đồng tiền, Sạch sẽ, Đóng gói tốt"", ""Sạch sẽ, Đóng gói tốt"", ""Đóng gói tốt, Sạch sẽ"", ""Ngon xỉu"", ""chỉ được cái đóng gói đẹp, ăn như đấm vào mồm vậy, nhạt toẹt""]"
55835,Tiệm Cơm Gà - Trung Liệt,befood,cơm | gà rán,21.01144028,105.8205185,2695.99,2.696,"98 Trung Liệt, Trung Liệt Đống Đa, Hà Nội",4.2,28,12000,63000,Cơm | Món ăn thêm,10:30-23:59,30,https://media.be.com.vn/bizops/image/0127efde-f420-11f0-a167-cadcd99bf8b0/original,7,6,"[""Khá ngon"", ""cơm là cơm trắng và thiếu nước sốt như trong ảnh., Sai/Thiếu món"", ""lần đầu ăn của quán hình như cuối ngày ship cho mình cơm cháy vàng ăn bị cứng gà nướng bị cháy đen 1 mảng ăn rất đắng, nướng mật ong có thể cháy nhẹ cx nhưng đằng này 1 mảng đen ăn đắng. Rất thất vọng từ cơm đến gà"", ""không đáng với giá tiền bỏ ra !"", ""đùi gà còn sống"", ""không có nước canh nước chấm""]"
88436,Bún Chả Phúc Tha - Hoàng Mai,befood,bánh cuốn | bún chả,20.98658943,105.8624573,2703.73,2.704,"299/62 Hoàng Mai, Phường Tương Mai, Hà Nội",5,9,8000,370000,Menu,08:00-14:00,30,https://media.be.com.vn/bizops/image/92b33bdb-4ef3-11ef-8dc5-12c0bf7afddb/original,13,4,"[""Sạch sẽ, Đáng đồng tiền, Đóng gói tốt, Ngon xỉu"", ""Ngon xỉu, Đóng gói tốt, Đáng đồng tiền, Sạch sẽ"", ""Ngon xỉu"", ""Worth the price, Delicious, Clean, Good packaging""]"
69293,Cơm & Phở Hương Lan - Nguyễn Thái Học,befood,cơm | phở,21.03038979,105.8357086,2991.49,2.991,"Số 1 Ngõ Nguyễn Thái Học, Phường Cát Linh, Đống Đa, Hà Nội",4,12,55000,65000,Phở,06:00-22:00,30,https://media.be.com.vn/bizops/image/0f53eeb3-989f-11ee-8146-82365e52a8ee/original,6,6,"[""Ngon xỉu"", ""Giá hơi đắt"", ""eqfyfac., Sai/Thiếu món"", ""cho mỗi nc canh k biết ăn phở kiểu gì luôn ?, Sai/Thiếu món"", ""mình đã note rõ là nước dùng để riêng r vẫn cho vào là sao ạ ?"", ""k ngon""]"
10307,Cơm Gà Xối Mắm Còn - Dương Văn Bé,befood,cơm | gà rán,20.99644089,105.8738098,3084.07,3.084,"202 Dương Văn Bé, P. Vĩnh Tuy, Q. Hai Bà Trưng, Hà Nội",4.7,236,2000,76000,Món Đang Giảm | Phở | Cơm rang | Nước uống,10:00-22:00,30,https://media.be.com.vn/be-food/image/6818eaca-c6a3-11ec-bd9d-0ac153492a5c/original,21,7,"[""Đáng đồng tiền, Ngon xỉu, Đóng gói tốt, Sạch sẽ"", ""Ngon xỉu, Đóng gói tốt, Sạch sẽ, Đáng đồng tiền"", ""Ngon xỉu, Đáng đồng tiền, Sạch sẽ, Đóng gói tốt"", ""Đáng đồng tiền"", ""Normal"", ""Không hợp khẩu vị"", ""no quá ko ăn được ko biết ngon hay ko nên 3 sao thôi""]"
49400,Tùng Linh Quán - Bún Chả & Bánh Cuốn Nóng - Bùi Xương Trạch,befood,bánh cuốn | bún chả,20.98514938,105.8194122,3509.5,3.51,"289 Bùi Xương Trạch, Phường Khương Đình, Thanh Xuân, Hà Nội",5,1,10000,40000,Menu,06:00-14:00,30,https://media.be.com.vn/bizops/image/d5be0332-f55b-11ed-a1e9-7acc7c0c1a90/original,3,1,"[""Đáng đồng tiền, Đóng gói tốt, Khác, Sạch sẽ, Ngon xỉu""]"
88782,Guu Chicken - Cơm Gà & Gà Rán - Khương Hạ,befood,cơm | gà rán,20.98731041,105.8167267,3591.69,3.592,"Số 63 Ngách 78 Ngõ 29 Khương Hạ, Phường Khương Đình, Thanh Xuân, Hà Nội",4.7,441,12000,315000,Cơm Gà Guu Chicken | Gà Rán - Gà Sốt Guu Chicken | Combo Gà Rán - Khoai Tây | Món Phụ | Đồ Uống | Ưu Đãi Độc Quyền. | Mỳ Ý sốt bò bằm | Gà góc tư | Mỳ CAY GUU CHICKEN,09:00-23:59,30,https://media.be.com.vn/bizops/image/b8e83514-0ec8-11f0-8510-8ea7808cbcf4/original,34,3,"[""đặt có đồ uống mà đơn thì không có đồ uống, Sai/Thiếu món"", ""em có note thêm sốt mà ko thấy shop cho thêm"", ""ổn""]"
61570,Bún Chả Quý Anh - Vĩnh Hưng,befood,bánh cuốn | bún chả,20.99916077,105.8798218,3614.54,3.615,"423 Vĩnh Hưng, Phường Thanh Trì, Hoàng Mai, Hà Nội",4.9,135,1000,60000,Menu | Bún chả | Bún đậu | Giải khát,06:30-14:30,30,https://media.be.com.vn/bizops/image/7e17a50f-3cdc-11ee-8146-82365e52a8ee/original,17,4,"[""Ngon xỉu"", ""Chả quán này peak thực sự, tổng quan là ngonnn!, Ngon xỉu, Đáng đồng tiền"", ""Sai/Thiếu món"", ""nem cháy nửa cái""]"
123151,"FoodHub - Mỳ Quảng, Cơm Gà Roti - Hoàng Ngọc Phách",befood,cơm | phở,21.01497078,105.8123779,3617.59,3.618,"Số 110 Tập Thể C3 Hoàng Ngọc Phách, Phường Đống Đa, Hà Nội",4.7,23,3000,125000,Mỳ Quảng | Cơm Đùi Gà Roti | Đồ Uống | Combo 1 Người Siêu TK | Combo 2 Người Siêu TK | Đồ Thêm,18:00-22:00,12,https://media.be.com.vn/bizops/image/0a8bca32-bb80-11f0-9063-66448d787802/original,24,10,"[""đồ shop đầy đặn, đóng gói sạch sẽ cbi đồ nhanh lắm a, Ngon xỉu, Đáng đồng tiền, Sạch sẽ"", ""Ngon xỉu, Đáng đồng tiền, Sạch sẽ"", ""Delicious, Clean, Good packaging"", ""Delicious, Worth the price, Clean, Good packaging"", ""Đáng đồng tiền, Ngon xỉu, Đóng gói tốt, Sạch sẽ"", ""Đáng đồng tiền, Sạch sẽ, Ngon xỉu, Đóng gói tốt"", ""Đồ ăn ngon ạ, phần ăn được chuẩn bị rất chu đáp luôn ạ, Đóng gói tốt, Ngon xỉu, Đáng đồng tiền, Sạch sẽ"", ""Khá ngon"", ""Không hợp khẩu vị"", ""đồ ăn ngon lắm ạ. đặt lần t2 ở shop rồi cơm hay mỳ đều ngon :)))))""]"
89400,"Bún Chả Linh Anh - Bún Ngan Mọc, Bánh Giò Nóng & Trứng Vịt Lộn - Khương Đình",befood,bánh cuốn | bún chả,20.99241066,105.8131638,3650.9,3.651,"Số 7 Ngõ 236 Khương Đình, Phường Hạ Đình, Quận Thanh Xuân, Hà Nội",4.7,68,7000,90000,Bún Chả | Món Ngan | Món Khác | Ăn Vặt | Combo Cùng Coca Cola | Món Thêm | Đồ Uống | Combo,07:00-20:30,30,https://media.be.com.vn/bizops/image/eb575251-5567-11ef-8dc5-12c0bf7afddb/original,32,4,"[""Không đảm bảo vệ sinh"", ""Ngon xỉu, Đóng gói tốt, Đáng đồng tiền, Sạch sẽ"", ""Đóng gói tốt, Sạch sẽ, Ngon xỉu"", ""Khá ngon""]"
89681,Phở Cuốn Diệu Minh - La Thành,befood,bánh cuốn | phở,21.02437019,105.8166733,3686.9,3.687,"4 Ngách 678/11 La Thành, Phường Giảng Võ, Quận Ba Đình, Hà Nội",4.4,16,9000,128000,MÓN ĂN VẶT | ĐỒ UỐNG,21:00-23:59,30,https://media.be.com.vn/bizops/image/d85a4afc-2028-11f0-8d88-0695c6df6d37/original,6,4,"[""gà tần bên trong còn lạnh ngắt, đúng kiểu đồ để tủ lạnh lấy ra hâm lại còn ko ra hồn. đang ốm đặt đợi nhận dc mà ức chế., Không đảm bảo vệ sinh"", ""Ngon xỉu, Đóng gói tốt"", ""nước dùng ít, bị chua, Không hợp khẩu vị"", ""Không làm đúng ghi chú, Đóng gói chưa tốt""]"
25452,"Bánh Cuốn Nóng, Bún Đậu Mẹt & Bún Chả - Vĩnh Hưng",befood,bánh cuốn | bún chả,20.99073029,105.878952,3814.81,3.815,"218 Vĩnh Hưng, Phường Vĩnh Hưng, Hoàng Mai, Hà Nội",4.4,674,12000,65000,Menu | Đồ Uống | Món Thêm,16:30-20:30,30,https://media.be.com.vn/be-food/image/9abc3b98-19e8-11ed-bf5c-d65f1fd7c660/original,20,8,"[""mình note quán để riêng rau nhưng quán nhét chung vào túi, mắm đóng ẩu đổ hết ra túi lẫn hết vào cả bún đậu và rau :) không có đũa thìa. chả thì khô, nhỏ, quắt. Bún đậu mức bình thường. Không dám mua lại lần 2, Đóng gói chưa tốt, Không làm đúng ghi chú"", ""Ngon xỉu, Đóng gói tốt, Đáng đồng tiền, Sạch sẽ"", ""Đóng gói tốt, Ngon xỉu"", ""Không hợp khẩu vị"", ""nhiều hàn the quá, ăn từ tối qua đến sáng vẫn khó tiêu"", ""đặt hẳn 2 suất mỗi suất 3 miếng chả"", ""uầy, 55k 1 phần bánh cuốn, ít nước chấm xong đã thế có đúng 3 viên chả bé tí. sốc luôn ấy."", ""đồ ăn ít k đảm bảo""]"
2267,Gỏi Cuốn - Nem Nướng Hương Béo - Bùi Xương Trạch,befood,bánh cuốn | bún chả,20.98192024,105.8181915,3839.94,3.84,"25/86/358 Bùi Xương Trạch, Phường Khương Đình, Quận Thanh Xuân, Hà Nội",4.6,298,12000,65000,Bún chả Hà Nội | Trà Trái Cây,10:00-23:59,30,https://media.be.com.vn/bizops/image/0f0eab89-e847-11f0-b84b-3a4f2a37a94e/original,8,10,"[""Cuốn lạnh ngắt như bỏ tủ lạnh ra. Ăn vị không thơm như đồ cũ, Không hợp khẩu vị"", ""Ngon xỉu"", ""Đóng gói chưa tốt"", ""đã ok cho đổi hàng giao r mà đồ ăn như mới bỏ từ tủ lạnh ra vỏ cuốn ăn cứng ngách thấy sợ, ăn muốn nôn, Không hợp khẩu vị, Không đảm bảo vệ sinh"", ""Gỏi cuốn quán gói sẵn, xong để tủ lạnh, bún khô cứng lại luôn, vỏ bánh tráng cũng cứng, thịt lạnh ngắt, nhai như nhau rơm 🙏🏻 Sao thế mà vẫn kinh doanh được vậy ạ, thật sự hả quán??, Không đảm bảo vệ sinh"", ""đồ ăn shop được gói sẵn xong để tủ lạnh, ăn lạnh không hợp với tôi"", ""cuốn để tủ lạnh. vỏ cứng. bún cứng. cảm giác giống nhai rơm. rau héo"", ""mua mắm nêm nhưng k giao mắm nêm ? cuốn sẵn xong để tủ ngăn đá hay sao mà như nhai đá thế sốp? mua gỏi cuốn bì chạo cũng k có? đơn 165k mà muốn ném mẹ ra thùng rác. sốp mang cái gỏi cuốn ra nhai dùm xem có nuốt được không mà dám bán."", ""ê bún thì cứng ,đồ ăn lạnh ngắt, cảm thấy không xứng đáng đồng tiền bỏ ra"", ""gỏi cuốn mới rã đông ra hay j lạh ngắt toàn là nước, nước mắm thì như nc lạnh.😌""]"
67492,Quán Huyền Béo - Bún Trộn & Cơm Gà Chiên Mắm - Ngõ Trại Cá,befood,cơm | phở,20.99344063,105.8483429,1329.5,1.329,"67 Ngõ Trại Cá, Phường Trương Định, Quận Hai Bà Trưng, Hà Nội",0,0,40000,160000,Lươn | Món Nước,17:00-23:59,30,https://media.be.com.vn/bizops/image/43d17348-8429-11ee-8e31-f638ae20f033/original,10,0,[]
126555,"Quán 92 - Cơm Rang, Phở & Mỳ Chua Cay - Trần Quốc Toản",befood,cơm | phở,21.01984024,105.8486404,1667.34,1.667,"47 Trần Quốc Toản, Phường Cửa Nam, Hà Nội",0,0,60000,80000,Menu,18:00-23:59,5,https://media.be.com.vn/bizops/image/6037bbcc-defb-11f0-8021-922c9d42c616/original,3,0,[]
18796,Phở Dung - Bún Chả - Tân Mai,befood,bún chả | phở,20.98362923,105.8551025,2585.39,2.585,"652H5 Tân Mai, Phường Tương Mai, Quận Hoàng Mai, Hà Nội",5,1,2000,60000,Phở Bò | Phở Gà | Đồ Ăn Lẫn Phở | Đồ uống | Bún Chả ( bán từ 11h - 14h từ T2 đến T7),06:00-14:00,30,https://media.be.com.vn/bizops/image/6fd85b22-e918-11f0-8b11-e6e7ca75c48c/original,22,1,"[""Ngon xỉu""]"
134250,Bếp Mẹ Bơ - Mỳ Cay Koreno 7 Cấp Độ & Phở Cuốn - Trung Liệt,befood,bánh cuốn | phở,21.01143074,105.8204727,2700.3,2.7,"Số 6 Ngách 2 Ngõ 98 Trung Liệt, Phường Đống Đa, Hà Nội",0,0,17000,75000,Mỳ Cay 7 cấp độ | đồ uống | Mỳ trộn,11:00-23:30,9,https://media.be.com.vn/bizops/image/9065a7d6-4784-11f1-b197-ce3d3ce291c1/original,13,0,[]
134680,Mì Indomie & Phở Cuốn - Lĩnh Nam,befood,bánh cuốn | phở,20.9877491,105.8716812,3326.46,3.326,"4/29 Ngách 60 Ngõ 107 Lĩnh Nam, Phường Vĩnh Hưng, Hà Nội",0,0,10000,45000,Đồ Ăn | Đồ Ăn Vặt | Đồ Uống | Đồ Gọi Thêm,09:00-22:00,11,https://media.be.com.vn/bizops/image/a5b99acb-409c-11f1-b67e-9aaf2a798701/original,9,0,[]
36147,Phở Vịt Quay Tứ Xuyên - Láng Hạ,befood,bún chả | phở,21.01733017,105.8161697,3342.36,3.342,"3A Ngõ 87 Láng Hạ, Phường Thành Công, Ba Đình, Hà Nội",4.3,3,15000,150000,Menu,06:00-21:00,30,https://media.be.com.vn/bizops/image/e9f8296f-d8fd-11ed-abee-ba17ff25cc0d/original,6,1,"[""thịt dai lắm""]"
40014,Bún Chả - Bánh Cuốn Chả Nướng - Bùi Xương Trạch,befood,bánh cuốn | bún chả,20.98866081,105.8180008,3398.95,3.399,,0,0,,,,,,,0,0,[]
54641,Bún Đậu Chị Hai - Nem Nướng Nha Trang & Phở Cuốn - Nguyễn Ngọc Vũ,befood,bánh cuốn | phở,21.01055908,105.8086014,3887.15,3.887,"Số 21 Ngõ 139 Nguyễn Ngọc Vũ, Phường Yên Hòa, Hà Nội",2.4,371,15000,160000,Menu | đồ giải khát,00:00-23:59,30,https://media.be.com.vn/bizops/image/0061d8d8-222c-11ee-8e31-f638ae20f033/original,8,10,"[""mắm tôm cho thế này thì chams 2 miếng thị là hết hả shop ? nộm bò khô thì lèo tèo 5 miếng bé tẹo :) tệ kinh khủng, Sai/Thiếu món, Đóng gói chưa tốt, Không làm đúng ghi chú"", ""Đóng gói tốt"", ""Không hợp khẩu vị"", ""Không đảm bảo vệ sinh"", ""đồ ăn thì nguội , thịt chưa chín , Lạp xưởng luộc , mắm tôm không ngon, Không đảm bảo vệ sinh"", ""đồ ăn lèo tèo, không ngon, mùi hôi"", ""cái deo gì thế này:))) đ bán đc thì huỷ đơn đi chứ bán thế này cũng mở bán à"", ""cho nhiều mắm tôm qa trời"", ""dở"", ""không như trong ảnh. bán lừa đảo. bé tí tẹo bằng cái ngón tay. ko thấy tôm đau""]"
37364,Quán Ngon - Gà Tần & Bánh Cuốn Nóng - Tạ Quang Bửu,befood,bánh cuốn,21.00509071,105.8468018,125.62,0.126,"Số 3A1 Tạ Quang Bửu, Bách Khoa, Hai Bà Trưng, Hà Nội, Hai Bà Trưng, Hà Nội",0,0,5000,45000,Gà | Mỳ - Miến,09:00-22:00,30,https://media.be.com.vn/bizops/image/55022a5d-f11f-11f0-a167-cadcd99bf8b0/original,13,0,[]
6930,Kombo cơm niêu Singapore - 46 Trần Đại Nghĩa,befood,cơm,21.00205994,105.8447266,351.71,0.352,"46 Trần Đại Nghĩa, P. Đồng Tâm, Q. Hai Bà Trưng, Hà Nội",4.7,538,10800,106920,MÓN PHỤ | MÓN SALAD | ĐỒ UỐNG | CƠM NIÊU SINGAPORE KOMBO | MÓN CANH - RAU | MÓN ĂN KÈM | MÓN ĂN CHƠI,09:30-21:30,30,https://media.be.com.vn/bizops/image/a77f26a1-9848-11ef-8510-8ea7808cbcf4/original,37,2,"[""quán giao cơm mà không cho đũa thìa, cốc nước ép thì không có ống hút. có thể làm việc trách nhiệm hơn được không.?, Đóng gói chưa tốt"", ""k giống hình ảnh, Đóng gói chưa tốt""]"
42458,Cơm Gà Xối Mỡ Mai Phương - Lê Thanh Nghị,befood,cơm,21.00358009,105.8485565,352.06,0.352,"62 Phố Lê Thanh Nghị, Bách Khoa, Hai Bà Trưng, Hà Nội, Việt Nam",4.6,226,50000,70000,MENU | Cùng Coca Cola,10:30-22:00,30,https://media.be.com.vn/bizops/image/781157bd-dcfd-11ed-abee-ba17ff25cc0d/original,15,6,"[""được 3 miếng chết rét, Sai/Thiếu món, Không đảm bảo vệ sinh"", ""Đóng gói tốt"", ""Sạch sẽ, Đóng gói tốt, Ngon xỉu"", ""Đáng đồng tiền"", ""Đóng gói tốt, Đáng đồng tiền, Ngon xỉu, Sạch sẽ"", ""Khá ngon""]"
56543,Gà Rán KFC - Lê Thanh Nghị,befood,gà rán,21.00193024,105.844223,381.89,0.382,"170 Lê Thanh Nghị, Phường Đồng Tâm, Quận Hai Bà Trưng, Hà Nội",4.7,288,13000,389000,MÓN MỚI MÙA HÈ | KHUẤY ĐẢO MÙA HÈ_KFC TUNG DEAL | MÓN MỚI NÊN THỬ_GÀ XỐT MẮM TỎI | Combo Ưu Đãi Sốc | Nạp Năng Lượng Cả Tuần | GÀ RÁN - GÀ QUAY | BURGER - CƠM - MÌ Ý | THỨC ĂN NHẸ | TRÁNG MIỆNG | THỨC UỐNG | SPRINKLE - THỬ NGAY KẺO LỠ,10:00-20:00,30,https://media.be.com.vn/bizops/image/936800c4-6679-11ef-8dc5-12c0bf7afddb/original,72,4,"[""Đáng đồng tiền"", ""Đóng gói tốt, Sạch sẽ"", ""Giá hơi đắt"", ""Thiếu khoai tây chiên rồi, Sai/Thiếu món""]"
62951,Bún Cá Măng Cay & Bún Hải Sản Cát Bà - Lê Thanh Nghị,befood,bún chả,21.00189972,105.843483,419.51,0.42,"số 200 Lê Thanh Nghị, Bạch Mai, Hà Nội",4.4,461,55000,68000,Bún Hải Sản/ Bún Cá Cay | Bún/Bánh Đa Cá - Chả - Bò,07:00-22:00,30,https://media.be.com.vn/bizops/image/d8df7f54-f507-11f0-b63c-1ec8367384f0/original,13,9,"[""măng hơi cay , quán đóng bún trong hộp, nước trong túi zip đảm bảo, Đáng đồng tiền"", ""Ngon xỉu, Sạch sẽ, Đóng gói tốt, Đáng đồng tiền"", ""Ngon xỉu, Đóng gói tốt, Đáng đồng tiền, Sạch sẽ"", ""Đóng gói tốt, Sạch sẽ, Đáng đồng tiền"", ""Đồ ăn về cơ bản là ngon nhưng shop nên để măng riêng và cho thêm quất. chứ bát bún mình thấy vừa cay vừa mặn, Lại không có quất nữa. Mình phải cho thêm nước thì mới vừa miệng, Khá ngon"", ""Không hợp khẩu vị"", ""Không làm đúng ghi chú"", ""ngon nha, hợp miệng ạ, măng ngon"", ""mình đặt 3 suất 3 người mà ăn ăn xong ai cũng đau bụng trước đó không ăn gì""]"
31215,Cơm Rang Hải Sơn - Giải Phóng,befood,cơm,21.00285912,105.8422928,424.71,0.425,"32 ngõ 75 Giải phóng, phường Bạch Mai, Hà Nội",4,429,12000,68000,Cơm Rang Gia Truyền Nam Định | Phở/Mỳ Xào | Đồ Ăn Thêm | Đồ Uống,10:00-23:59,30,https://media.be.com.vn/bizops/image/b4314231-e936-11f0-b84b-3a4f2a37a94e/original,21,10,"[""Ít cơm chả có thêm gia vị gì, đóng gói kém, Đóng gói chưa tốt"", ""Sai/Thiếu món"", ""đặt 2 được 1, Sai/Thiếu món"", ""Ngon xỉu, Đáng đồng tiền"", ""Khá ngon, Đóng gói chưa tốt"", ""thiếu hẳn 1 xuất cơm của mình, Sai/Thiếu món"", ""bẩn mở ra thấy 2 cậng tóc, Không đảm bảo vệ sinh"", ""cơm rang ngập thịt thế này thì có lèo tèo quá không"", ""cải bò với hati sản gì k có rau vơia tôm mà toàn hành là hành quâ tệ k bgio quay lại mua nữa"", ""cơm rang vừa ít vừa đắt. thiếu canh xuất bên phải là xuất thêm 20k chắc được 3 xúc""]"
67574,Bánh Tráng Mập - Lê Thanh Nghị,befood,bánh cuốn,21.00349045,105.8493423,429.32,0.429,"40 Thanh Nghị, Phường Bạch Mai, Hà Nội",4.9,205,17000,92000,Best Seller | Bánh Tráng Cuốn | Bánh Tráng Trộn | Món Khác | đồ uống | bánh tráng phơi sương,09:30-21:30,30,https://media.be.com.vn/bizops/image/35487924-8454-11ee-b2af-3ea2e1c5510b/original,36,4,"[""Sạch sẽ, Ngon xỉu, Đáng đồng tiền, Đóng gói tốt"", ""Đáng đồng tiền, Đóng gói tốt, Ngon xỉu"", ""Không hợp khẩu vị"", ""vị cũng ok, bánh tráng hợp khẩu vị mình""]"
7160,Bún Chả Mẹ Nga - Vân Hồ 3,befood,bún chả,21.00921059,105.8462524,460.21,0.46,"90A Vân Hồ 3, Hai Bà Trưng, Hà Nội",4.3,2598,2000,64000,Combo + Coca | Menu chính | Đồ uống thêm | Dụng cụ ăn uống | Menu,07:30-21:00,30,https://media.be.com.vn/bizops/image/046cee18-e7aa-11f0-8021-922c9d42c616/original,13,6,"[""oder bún + nem 3 xuất thiếu cả 3 xuất dêud k có nem, Sai/Thiếu món"", ""Khá ngon"", ""Đóng gói chưa tốt, Sai/Thiếu món, Không đảm bảo vệ sinh"", ""không có dụng cụ ăn, chỉ mình túi nilong"", ""tệ rau bẩn , nguội nói chung rất tệ lần đầu gặp phải quán như vậy"", ""k có đồ đựng, quá ít""]"
117526,Bếp Bé Bếu - Cơm & Bánh Mì Nướng Trung Hoa - Lê Thanh Nghị,befood,cơm,21.00338936,105.8497772,475.08,0.475,"40 Lê Thanh Nghị, Phường Bạch Mai, Hà Nội",5,13,8000,73000,Cơm | Gọi Thêm | Đồ Uống,18:00-21:40,1,https://media.be.com.vn/bizops/image/9b74a37f-79a7-11f0-8b11-e6e7ca75c48c/original,10,1,"[""Ngon xỉu""]"
8919,Cơm Sạch Mẹ Shin - Tô Hoàng,befood,cơm,21.00667,105.8498917,478.53,0.479,"Sn 50 Ngõ Tô Hoàng, Phường Cầu Dền, Quận Hai Bà Trưng, Hà Nội",4.5,849,10000,149000,Combo | Hot deal | Đồ ăn | Đồ uống | Nước ép nguyên chất | Trà Hoa quả Mẹ Shin | Deal hot on now,10:00-21:00,30,https://media.be.com.vn/be-food/image/afab90c1-b494-11ec-9b48-6ed632d2b0d9/original,57,7,"[""được đúng 3 miếng sườn nhỏ, cơm thì nhão, Không hợp khẩu vị"", ""ok, Đóng gói tốt"", ""Khá ngon"", ""Cơm sườn ổn, hơi mặn, ăn với cơm ok. Cơm ba chỉ ghi có tôm chua nhưng về không có. Mình đặt cho ng nhà ăn, chưa kịp gọi nhà hàng hỏi thì ng nhà ăn rồi nên thôi. cơm thịt cx ok nhưng mìh đặt vì thấy có tôm chua, về k có nên hơi thất vọng"", ""cơm ngon, nhìn sạch sẽ. giá 70k phần cơm này là cao nhưng có vocher nên mình thấy cũng hợp lí"", ""chất lượng gạo so với trước đây mình từng đặtbị giảm đi, ăn gạo rất chán"", ""Tệ ko bao giờ có lần sau""]"
123211,Phạm Gia Food - Cơm Tấm & Lẩu Ly - Trần Đại Nghĩa,befood,cơm,21.00016975,105.8453979,550.59,0.551,"Số 1 Ngõ 183 Trần Đại Nghĩa, Phường Bạch Mai, Hà Nội",4.8,17,35000,78000,Cơm Tấm,10:00-21:00,1,https://media.be.com.vn/bizops/image/646b8e6d-bbaf-11f0-9063-66448d787802/original,7,4,"[""Ngon xỉu"", ""Đóng gói tốt, Đáng đồng tiền, Ngon xỉu, Sạch sẽ"", ""shop quên bì thêm của em"", ""quá dở cơm làm như vậy mất khách ăn chả ra gì lần sau đừng làm vậy thà bán đắt mà ăn còn ngon như cơm săp đổ đi bán cho khách hàng""]"
50258,Tiến Lan - Bún Chả - Đình Đại,befood,bún chả,21.00443077,105.8508682,553.01,0.553,"Số 4 Ngõ Đình Đại, Bạch Mai, Hai Bà Trưng, Hà Nội",5,1,45000,55000,Menu,10:00-14:00,30,https://media.be.com.vn/bizops/image/e48ac85d-f880-11ed-b897-9a6833b2fee5/original,4,0,[]
111026,Cơm Ngon Hà Nội - Bà Triệu,befood,cơm,21.00888062,105.8490982,554.54,0.555,"203 Bà Triệu, Phường Lê Đại Hành, Quận Hai Bà Trưng, Hà Nội",4.4,17,15000,115000,Cơm Ngon Cả Ngày | Món Âu Trọn Bữa | Món Ăn Kèm,09:00-21:30,1,https://media.be.com.vn/bizops/image/c8bcf4de-3162-11f0-bd66-b239c83a8124/original,14,8,"[""Sạch sẽ, Đóng gói tốt, Đáng đồng tiền, Ngon xỉu"", ""đồ ăn như hình ăn ngon, Sạch sẽ, Đóng gói tốt"", ""Đóng gói tốt"", ""Giá hơi đắt"", ""Giá hơi đắt, Khá ngon"", ""mình đặt thêm canh và trứng ốp mà quán không giao, Sai/Thiếu món"", ""Sai/Thiếu món"", ""cơm đầy đặn nhưng có hơi ít sốt đi kèm""]"
27416,Bún Chả Minh Béo - Vân Hồ,befood,bún chả,21.01018906,105.8460007,565.47,0.565,"33/65 Vân Hồ 3, Lê Đại Hành, Hai Bà Trưng , Hà Nội",4.3,4,10000,60000,Menu,10:00-10:30,30,https://media.be.com.vn/bizops/image/19802c1a-3411-11ed-bf5c-d65f1fd7c660/original,12,3,"[""Ngon xỉu, Đáng đồng tiền, Sạch sẽ, Khác, Đóng gói tốt"", ""Khác"", ""Không hợp khẩu vị""]"
136086,Cơm Gà Rán Đài Loan - OMEGA - Tạ Quang Bửu,befood,gà rán,21.00106049,105.8490677,577.7,0.578,"107 K2 Ngõ 48 Tạ Quang Bửu, Phường Bạch Mai, Thành Phố Hà Nội",5,1,1000,74000,Deal Hời 20/5 | Cơm Đảo Gà Rán | Cơm Trắng Gà Rán | Mì Indomie Gà Rán | Gà Rán | Đồ Uống | Đồ Ăn Kèm | Chăm Sóc Khách Hàng,10:00-22:00,2,https://media.be.com.vn/bizops/image/1d10dff5-540d-11f1-8683-3a351028b633/original,35,1,"[""Chụp ảnh review hơi xấu, nhưng mà đồ ăn thực tế cũng đầy đủ, ngon lắm nha, lần sau ăn gà thì chắc chắn sẽ đặt của quán, Ngon xỉu, Đáng đồng tiền, Sạch sẽ, Đóng gói tốt""]"
117708,Cơm Gà Cô Tấm - Tạ Quang Bửu,befood,cơm,21.00081062,105.8489227,590.72,0.591,"101K3 Ngõ 48 Tạ Quang Bửu, Phường Bạch Mai, Hà Nội",5,10,65000,65000,Cơm Gà,16:30-21:00,2,https://media.be.com.vn/bizops/image/49c65521-7c01-11f0-b84b-3a4f2a37a94e/original,8,1,"[""Ngon xỉu, Đáng đồng tiền, Đóng gói tốt""]"
118277,Phở Gà Đặc Biệt A Ỉn - Giải Phóng,befood,phở,21.00127983,105.8414536,605.56,0.606,"169 Giải Phóng, Phường Bạch Mai, Hà Nội",5,1,48000,59000,Phở - Mì - Miến Nước-Phở Trộn-Bún Trộn,17:00-23:00,2,https://media.be.com.vn/bizops/image/aed1a556-82ef-11f0-8b11-e6e7ca75c48c/original,3,0,[]
73491,U Lìu - Bún Bò Nam Bộ & Các Món Cuốn - Vân Hồ 2,befood,bánh cuốn,21.01061058,105.8464127,616.66,0.617,"30 Ngõ 55 Vân Hồ 2, Phường Lê Đại Hành, Quận Hai Bà Trưng, Hà Nội",4.8,51,40000,145000,Menu,09:00-21:00,30,https://media.be.com.vn/bizops/image/077f0952-d537-11ee-950f-6a8ca9ff4d91/original,8,7,"[""Đóng gói tốt, Ngon xỉu, Đáng đồng tiền, Sạch sẽ"", ""Ngon xỉu, Đóng gói tốt, Đáng đồng tiền, Sạch sẽ"", ""Sạch sẽ, Đáng đồng tiền, Ngon xỉu, Đóng gói tốt"", ""Sạch sẽ, Đáng đồng tiền, Đóng gói tốt, Ngon xỉu"", ""vị rất ngon nha ^^, Ngon xỉu, Sạch sẽ"", ""Sạch sẽ, Đóng gói tốt, Đáng đồng tiền, Ngon xỉu"", ""hơi ít rau trộn""]"
8805,Gà Rán Texas Chicken - Bạch Mai,befood,gà rán,21.00197983,105.8508224,645.42,0.645,"331 phố Bạch Mai, Phường Bạch Mai, Quận Hai Bà Trưng, TP.Hà Nội",4.8,2851,3000,479000,"Gà Sốt Me Cay | COMBO HỢP CẠ | Bùng Mood Cùng Bánh Quy Bơ Sốt Cam | HÈ RỰC RỠ - DEAL RẺ HẾT CỠ | ĐẠI TIỆC BƠ TỎI VÀ THẢO MỘC | GÀ GIÒN TƯƠI, CƯỜI GIÒN TAN - BEST SELLER!!! | CÀNG ĐÔNG CÀNG VUI - MỞ TIỆC GÀ RÁN | GÀ RÁN NGẬP TRÀN - MĂM LÀ BÙNG MOOD | GÀ ĐỈNH BÁNH NGON, ĐỒNG GIÁ 119K | BÁNH CUỘN NGON XỈU, AI ĂN CŨNG GHIỀN | BURGER ĐẬM ĐÀ, MĂM LÀ MÊ LY | MỲ Ý CHUẨN VỊ, CƠM GÀ GIÒN NGON | GÀ GIÒN KHÔNG XƯƠNG & KHUỶU CÁNH GÀ | TEAM ĂN KÈM NHƯNG GÂY THƯƠNG NHỚ | THÊM SỐT THÊM NGON | Thức Uống | MUA 4 TÍNH 3 - TỨ VỊ GÀ | Gà Sốt Mala BBQ - Cay Bừng Hứng Khởi, Xuân Ngập Niềm Vui",10:00-21:00,30,https://media.be.com.vn/be-food/image/be744ab8-b26a-11ec-bd9d-0ac153492a5c/original,72,4,"[""Delicious, Worth the price, Clean, Good packaging"", ""thiếu bánh cuộn gà 😡, Sai/Thiếu món"", ""Giao thiếu phần khoai tây chiên của mình rồi ạ"", ""tôi đặt khoai tây chiên cơ mà?""]"
81353,Cơm Tấm Xưa - Phong Vị Sài Thành - Lê Đại Hành,befood,cơm,21.00931931,105.8503418,679.22,0.679,"7 Lê Đại Hành, Phường Lê Đại Hành, Quận Hai Bà Trưng, Hà Nội",4.6,507,7000,189000,Món chính | Đồ thêm | Đồ uống,10:00-21:00,30,https://media.be.com.vn/bizops/image/f4cd6ff8-1652-11ef-b411-9e337230779d/original,22,7,"[""Đóng gói tốt, Sạch sẽ, Đáng đồng tiền, Ngon xỉu"", ""Ngon xỉu"", ""Đóng gói tốt, Sạch sẽ"", ""gọi thêm 3 phần cơm mà ko có luôn, Sai/Thiếu món"", ""cơm thêm ko có"", ""hơi ít"", ""cá kho bỏ tủ lạnh ra chưa hâm nóng cho khách hàng.""]"
77167,Mỳ Gà Tần & Bún Chả - Khu Tập Thể Kinh Tế Quốc Dân,befood,bún chả,20.99908066,105.8476563,704.69,0.705,"P6 Nhà 8 Đường Ngõ Tự Do, Khu Tập Thể Kinh Tế Quốc Dân, Phường Đồng Tâm, Quận Hai Bà Trưng, Hà Nội",4.2,160,10000,69000,Bún | Cơm | Mì | Mì cay | Đồ uống | Ăn vặt,10:00-22:30,30,https://media.be.com.vn/bizops/image/ac0bfcab-f8f0-11f0-a167-cadcd99bf8b0/original,35,8,"[""ôi chưa bh ăn bát bún dở ntn :)) nước nhạt toẹt chả thì hôi làm ăn k dc thì đừng làm tởm, Không hợp khẩu vị, Đóng gói chưa tốt, Sai/Thiếu món, Không đảm bảo vệ sinh"", ""Ngon xỉu, Đáng đồng tiền, Đóng gói tốt, Sạch sẽ"", ""Khá ngon"", ""Không làm đúng ghi chú"", ""gọi thêm bún nhưng không có thêm"", ""dở đ thể chịu được"", ""gọi 2 xuất viên lại cho thành lẫn"", ""mik đặt pepsi mà k có""]"
32462,Phở Liên - Phở Gà & Phở Trộn - Bạch Mai,befood,phở,21.00217056,105.8517532,718.66,0.719,"19 ngõ 295 Bạch Mai, Phường Bạch Mai, Hà Nội",4.9,150,3000,65000,Trộn | Món Nước | xôi xéo gà | Quẩy,17:30-21:00,30,https://media.be.com.vn/bizops/image/b1d957bd-e9db-11f0-b84b-3a4f2a37a94e/original,23,7,"[""Ngon xỉu"", ""Ngon xỉu, Đáng đồng tiền, Đóng gói tốt"", ""ớt đỉnh của chóp, Ngon xỉu, Đáng đồng tiền, Sạch sẽ, Đóng gói tốt"", ""Ngon xỉu, Đáng đồng tiền, Sạch sẽ, Đóng gói tốt"", ""Đáng đồng tiền, Đóng gói tốt"", ""Ngon xỉu, Đáng đồng tiền"", ""phở hôm nay bị chua Cô nhé!""]"
77657,BBQ Chicken - Gà Rán Hàn Quốc - Bà Triệu,befood,gà rán,21.01087952,105.8490067,732.17,0.732,"316 Bà Triệu, Phường Lê Đại Hành, Quận Hai Bà Trưng, Hà Nội",4.9,141,22000,415000,GÀ RÁN GIÒNNNN | GÀ SỐT ĐẬM ĐÀ | GÀ SỐT ĐẬM ĐÀ KHÔNG XƯƠNG | NƯỚNG NGON ĐẬM VỊ | CƠM NGON NO BỤNG | K-FOOD CHUẨN VỊ | ĐỒ ÂU | MÓN PHỤ | MANG ĐI TIỆN LỢI | NƯỚC | Bboom Cheese - Gà giòn 4 vị phô mai,10:00-21:30,30,https://media.be.com.vn/bizops/image/30cf22dd-f70c-11ee-9c4b-1e44d33cc6fa/original,82,1,"[""Đóng gói chưa tốt, Khá ngon, Giá hơi đắt""]"
23407,Phở Bò 33 - Lê Đại Hành,befood,phở,21.01115036,105.8485489,737.66,0.738,"33 Lê Đại Hành,P.Lê Đại Hành, Q.Hai Bà Trưng, Hà Nội",4.2,63,55000,85000,Cơm Rang - Mì Xào | Phở,07:00-22:30,30,https://media.be.com.vn/bizops/image/41a5c587-e890-11f0-b84b-3a4f2a37a94e/original,28,10,"[""đặt cả quẩy 4 cái mà quán thiếu, Sai/Thiếu món"", ""Ngon xỉu, Đáng đồng tiền, Sạch sẽ, Đóng gói tốt"", ""Sai/Thiếu món"", ""Đóng gói chưa tốt"", ""Mình đặt cả quẩy và ko có,2 lần rồi mình đặt thêm quẩy đều ko hề có, Sai/Thiếu món"", ""đã note là không hành .quán thừa hành à . cho vào làm gì ???, Không làm đúng ghi chú"", ""thiếu quẩy, Sai/Thiếu món"", ""quán thiếu quẩy"", ""thịt có mùi"", ""đặt quẩy kèm hết 13k nhà hàng báo hết quẩy giả lại mỗi 10k thế xong shipper bảo k liên quan? thế khác j ăn cướp k?""]"
15964,Quán Rôm - Bánh Tráng Cuốn Thịt Heo - Thái Phiên,befood,bánh cuốn,21.01046944,105.8498383,740.52,0.741,"33 Thái Phiên, Phường Lê Đại Hành, Quận Hai Bà Trưng, Hà Nội",4.5,30,11000,75000,MENU,10:30-14:00,30,https://media.be.com.vn/bizops/image/29a39172-ac24-11ed-a491-220f4d9eeddb/original,9,6,"[""Mắm nêm ngon, nhiều rau, quán làm sạch sẽ trước giờ mình chỉ gọi bánh tráng của quán Rôm. Tuy nhiên 2-3 lần gần đây quán cho ít đồ ăn kèm quá (dứa, dưa chuột…), đồ mà quán cho chỉ đủ 1 phần ăn. Mình gọi 2 suất mà ăn được cái thứ 4 đã hết đồ cuốn cùng. Mong là quán đọc được đánh giá và lần sau cho thêm để đủ ăn., Ngon xỉu, Sạch sẽ"", ""Ngon xỉu, Đáng đồng tiền, Sạch sẽ, Đóng gói tốt"", ""Ngon xỉu"", ""không có bánh tráng cuốn kiểu j, Sai/Thiếu món"", ""Sai/Thiếu món"", ""thiếu đồ cuốn, mình đặt 2 xuất mà chỉ có 1 bộ cuốn""]"
13998,Quán Thiên Đức - Tự Do,befood,bún chả,20.99867058,105.8474731,743.04,0.743,"Phòng 11, Nhà 8, Ngách 96, ⁠Ngõ Tự Do, Trương Định, Hai Bà Trưng, Hà Nội",4.2,60,32000,32000,Menu,07:00-23:00,30,https://media.be.com.vn/bizops/image/def61454-bc8e-11ed-975f-9af8f6763244/original,4,7,"[""Khá ngon"", ""Không hợp khẩu vị"", ""Tại vì không có sao nào thấp hơn, Không hợp khẩu vị"", ""Sai/Thiếu món"", ""nhiều đầy đặn"", ""bún chả quá ít thịt,không có chả băm"", ""Ghi chú không măng những vẫn có 1 hộp có măng""]"
133949,Cơm Rang Khói - Võ Thị Sáu,befood,cơm,21.00498009,105.8531189,781.49,0.781,"91T Võ Thị Sáu, Phường Hai Bà Trưng, Hà Nội",5,1,45000,80000,Món Bán Chạy | Bò | Gà | Cơm Rang Khác,17:00-23:00,2,https://media.be.com.vn/bizops/image/eb08192f-3bd1-11f1-a167-cadcd99bf8b0/original,16,0,[]
9606,Cơm Ngon Quang Thắng,befood,cơm,20.99814034,105.8468933,787.55,0.788,"108Y9 Ngõ Tự Do, Phường Đồng Tâm, Quận Hai Bà Trưng, Hà Nội",4.8,5306,10000,69000,Cơm Siêu Tiết Kiệm | CƠM VIP | COMBO | Món Thêm | Đồ Uống | Combo cùng Coca,17:00-21:00,30,https://media.be.com.vn/be-food/image/a0987d37-bc95-11ec-bd9d-0ac153492a5c/original,57,2,"[""Sai/Thiếu món, Đóng gói chưa tốt"", ""tài xế rất ok""]"
7635,Happy Food Cơm Gà Ba Vì,befood,cơm,20.99850082,105.842659,796.3,0.796,"57 Ngõ 41 Phố Vọng, Đồng Tâm, Hai Bà Trưng, Hà Nội",4.8,4000,12000,87000,PEPSI CỰC ĐÃ - QUÁN CỰC CHẤT | Món chính | Món phụ | ĐÃÃ QUÁ PEPSI ƠI ! | Combo cùng Coca ăn càng Đãã... | Đồ Uống,07:30-23:59,30,https://media.be.com.vn/bizops/image/57fbc071-1889-11f1-a167-cadcd99bf8b0/original,29,9,"[""Delicious"", ""Sạch sẽ, Đáng đồng tiền, Đóng gói tốt"", ""Sạch sẽ, Đóng gói tốt"", ""Ngon xỉu"", ""cơm ngon mẹ mình ốm rất khó ăn vậy mà hôm nay bà ăn hết suất cứ khen ngon, Sạch sẽ"", ""Sạch sẽ, Đóng gói tốt, Đáng đồng tiền, Ngon xỉu"", ""Khá ngon"", ""ăn chối tỉ thế mà cũng có người khen ngon. đúng là. Lạp xưởng chua vãi ra., Không hợp khẩu vị"", ""huhu nhiều sốt mà mặn nữa""]"
14318,Thuỷ Hùng Cơm Gà Ba Vì - Phố Vọng,befood,cơm,20.99850082,105.842659,796.3,0.796,"57 Ngõ 41 Phố Vọng, Đồng Tâm, Hai Bà Trưng, Hà Nội, Việt Nam",4.8,1618,12000,87000,Các món chính | Combo cùng coke | Đã quá Pepsi ơi !!! | Đồ uống,07:30-23:59,30,https://media.be.com.vn/be-food/image/2904f411-e0cf-11ec-9a9e-de6dabbc786c/original,26,9,"[""Chuẩn gà sốt cay ngọt, đóng gói cẩn thận, Good packaging, Delicious, Clean"", ""Delicious"", ""Đáng đồng tiền, Ngon xỉu"", ""Ngon xỉu"", ""Khá ngon"", ""1 suất 55k đc 3 miếng gà tí tí dính 1 tí sốt, bộ quán hết sốt rồi hả? và một ít cơm(có note xin thêm cơm nhưng ko cho thì thoi) ăn nhạt nhẽo"", ""lâu rồi mới quay lại quán nhưng đồ ăn khum được như trước nữa"", ""55k mà hơi ít thức ăn ( 3 miếng thịt gà nhỏ, 1 bát cơm, 1 đũa dưa muối, 1 hộp canh)"", ""gà như liểu chỉ có da gà tẩm bột""]"
111742,Fami Cháo - Cháo Dinh Dưỡng Cao Cấp - 404 Bạch Mai,befood,phở,20.99931908,105.8503113,809.8,0.81,"404 Bạch Mai, P.Bạch Mai, Q.Hai Bà Trưng, Hà Nội",5,26,13000,66000,01. CHÁO TƯƠI HÀNG NGÀY (CÓ SET NHÂN) | 02. MỲ NUI SIÊU NGON (CÓ GIA VỊ) | 02.1. BÚN PHỞ (KHÔNG GIA VỊ - CÓ NẤU NÓNG HỘ) | 03. SÚP DINH DƯỠNG (CÓ NẤU NÓNG HỘ) | 05. NHÂN CHÁO - HEO BÒ SƯỜN | 04. MÓN THÔ ĂN CƠM (CÓ GIA VỊ) | 06. NHÂN CHÁO - GIA CẦM | 07. NHÂN CHÁO - THUỶ HẢI SẢN | MÓN GỌI THÊM | DỤNG CỤ BAO BÌ | MÓN TẠM DỪNG,07:30-11:30,2,https://media.be.com.vn/bizops/image/f7775eb6-383d-11f0-81cc-d24fde1987a0/original,98,3,"[""Ngon xỉu, Đóng gói tốt, Đáng đồng tiền, Sạch sẽ"", ""Sạch sẽ"", ""quán hỗ trợ nhiệt tình""]"
22847,Cơm Ngon 67 - Bạch Mai,befood,cơm,21.0018692,105.8527069,822.19,0.822,"67 Ngõ 295 Phố Bạch Mai, Bạch Mai, Hai Bà Trưng, Hà Nội",4.4,264,4000,60000,Combo | Menu | Đồ Ăn Thêm | Đồ Uống,10:00-21:00,30,https://media.be.com.vn/bizops/image/9d8cf6a7-e876-11f0-8021-922c9d42c616/original,20,8,"[""Ngon xỉu"", ""Ngon xỉu, Đáng đồng tiền, Đóng gói tốt, Sạch sẽ"", ""Ngon xỉu, Sạch sẽ, Đóng gói tốt, Đáng đồng tiền"", ""ghi kèm nước nhưng ko có, Khá ngon"", ""o, Khá ngon"", ""Sai/Thiếu món, Không làm đúng ghi chú"", ""ko ngon"", ""cơm ko bằg xuất cơm bụi 30k. ăn chán""]"
80180,"Quyên Phở Gà - Phở, Mì & Miến Trộn - Phố Vọng",befood,phở,20.99840927,105.8421631,826.55,0.827,"52 Phố Vọng, Phường Phương Mai, Quận Đống Đa, Hà Nội",4.8,563,15000,60000,Cháo | Mì xào | Đồ uống | Mì trộn | Phở trộn | Miến trộn | Phở nước | Miến nước,00:00-23:59,30,https://media.be.com.vn/bizops/image/d13078e0-f904-11f0-a167-cadcd99bf8b0/original,31,3,"[""Đóng gói tốt, Ngon xỉu, Đáng đồng tiền"", ""Ngon xỉu"", ""trà chanh leo như nước lọc pha đường (15k)""]"
15387,BBQ Cơm Sườn Phố Cổ - Trần Đại Nghĩa,befood,cơm,20.99757957,105.8460693,839.7,0.84,"241 Trần Đại Nghĩa, P. Đồng Tâm, Hai Bà Trưng, Hà Nội",4.8,156,5000,75000,Cơm Đảo | Cơm Trắng | Combo Tiết Kiệm | Món Phụ | Đồ Uống,09:00-21:30,30,https://media.be.com.vn/bizops/image/13676672-e879-11f0-8021-922c9d42c616/original,39,5,"[""Ngon xỉu, Sạch sẽ"", ""Ngon xỉu, Đóng gói tốt"", ""Ngon xỉu"", ""Đóng gói chưa tốt"", ""đặt 4 suất không có đũa thì ăn bốc à shop?""]"
128678,Quán Cô Ba - Cơm Tấm - Phố Vọng,befood,cơm,20.99815941,105.8423309,844.57,0.845,"66 Phố Vọng, Phường Hai Bà Trưng, Hà Nội",2,2,26000,160000,Cơm Tấm Best Seller | Món Hot | Cơm Đặc Biệt,08:00-21:00,3,https://media.be.com.vn/bizops/image/6d622050-f767-11f0-a167-cadcd99bf8b0/original,15,2,"[""Giao sai, và bán đắt. Đặt cá giao thịt, mà giao thịt thì nhìn cái xuất cơm cũng ko thấy muốn ăn, Sai/Thiếu món"", ""Không hợp khẩu vị""]"
7207,Cơm Tấm Anh Ba Sài Gòn - Ngõ Tự Do,befood,cơm,20.99739075,105.8463516,862.84,0.863,"57 Ngõ Tự Do, Phường Bạch Mai, Hà Nội",4.8,1523,9000,86000,Cơm Tấm Sườn Cốt Lết | Cơm Tấm Thịt Ba Rọi. | Combo Cùng Nước Ngọt | Combo Trà Tắc | Gọi Thêm | Đồ Uống,17:00-21:30,30,https://media.be.com.vn/be-food/image/71fff983-92fa-11ec-b2b7-b69b94802519/original,30,4,"[""Ngon xỉu, Đáng đồng tiền, Đóng gói tốt, Sạch sẽ"", ""Sạch sẽ"", ""Khá ngon, Giá hơi đắt"", ""Khá ngon""]"
32487,Phở Gà Ngon 69 - Ngõ Tự Do,befood,phở,20.99739075,105.8463516,862.84,0.863,"60 Ngõ Tự Do, Đồng Tâm, Hai Bà Trưng, Hà Nội",4.6,90,40000,60000,Menu,09:30-21:00,30,https://media.be.com.vn/bizops/image/9b0a74ab-00af-11f1-a167-cadcd99bf8b0/original,10,6,"[""Không làm đúng ghi chú"", ""nguội ngơ nguội ngắt., Đóng gói chưa tốt"", ""Ngon xỉu, Đáng đồng tiền"", ""Đóng gói chưa tốt"", ""không có giấy ăn tăm phở ăn cũng đc"", ""note k lạc lại cho lạc""]"
11305,Quán Cơm 76,befood,cơm,20.9973793,105.8463516,864.11,0.864,"76 Ngõ Tự Do, Phường Đồng Tâm, Quận Hai Bà Trưng, Hà Nội",4.9,5360,8500,100000,Cơm Suất Đồng Giá | Combo | Cơm Suất Kèm Đồ Uống | Combo Cục Ta Cục Tác | Đồ Ăn Thêm/Gia Vị | Đồ Uống,17:00-21:00,30,https://media.be.com.vn/be-food/image/46935456-d657-11ec-812c-da4e9217aaad/original,38,3,"[""Ngon xỉu, Đóng gói tốt, Sạch sẽ, Đáng đồng tiền"", ""Ngon xỉu, Đáng đồng tiền, Đóng gói tốt, Sạch sẽ"", ""Cơm ngon, đầy đặn. Các món nêm nếm rất vừa vị.""]"
133169,Gà Rán Dakgalbi - Trần Đại Nghĩa,befood,gà rán,20.9971199,105.8460922,890.86,0.891,"259 Phố Trần Đại Nghĩa, Phường Bạch Mai, Hà Nội",4.8,5,15000,320000,Gà Nguyên Con | Gà Nửa Con | Đùi - Cánh | Gà Cốc | Gà Không Xương | Món Ăn Kèm,17:00-21:45,3,https://media.be.com.vn/bizops/image/046a4a11-34be-11f1-b197-ce3d3ce291c1/original,33,2,"[""Ngon xỉu, Đáng đồng tiền, Đóng gói tốt"", ""Pretty delicious""]"
13003,Lotteria - Bạch Mai,befood,gà rán,20.99827003,105.8503571,908.02,0.908,"437 Bạch Mai, Trương Định, Hai Bà Trưng, Hà Nội",4.8,1149,5000,280000,Tháng 5 Deal Ngon | COMBO 6 MÓN | PHẦN ĂN TIỆN LỢI | PHẦN ĂN YÊU THƯƠNG | CHICKEN - CHICKEN SET | GỢI Ý MÓN NGON | PHẦN ĂN RỘN RÀNG | RICE - SPAGHETTI | BURGER - COMBO - VALUE. | SIDE | DRINK | EXTRA | COMBO 6 MÓN SIÊU ƯU ĐÃI,09:00-22:00,30,https://media.be.com.vn/bizops/image/d1a8fb16-1fbf-11ef-b411-9e337230779d/original,81,2,"[""thiếu nước, Sai/Thiếu món"", ""Đáng đồng tiền, Đóng gói tốt, Ngon xỉu, Sạch sẽ""]"
31548,Han Chicken - Gà Rán Hàn Quốc - Bùi Ngọc Dương,befood,gà rán,21.00123024,105.8533936,918.02,0.918,"36 Ngõ 8 Bùi Ngọc Dương, Bạch Mai, Hai Bà Trưng, Hà Nội",4.9,1103,1000,350000,Han chicken | Popcorn Size M | Gà Popcorn Size Lớn | Mix Nửa Con - Coca | Gà Có Xương - Gà Lọc Xương | Gà Mix Cả Con | Đồ Ăn Vặt | Nước | Sốt | Gà + Pepsi | Đùi - Cánh,17:00-23:59,30,https://media.be.com.vn/bizops/image/ca91f2ee-e95d-11f0-8021-922c9d42c616/original,70,8,"[""Đáng đồng tiền, Ngon xỉu, Sạch sẽ, Đóng gói tốt"", ""Ngon xỉu, Đáng đồng tiền, Đóng gói tốt, Sạch sẽ"", ""Đóng gói tốt, Ngon xỉu, Đáng đồng tiền, Sạch sẽ"", ""ăn 2 hôm ngon nha cả rau nữa nhưng củ cải đường hơi bị gắt quá tiết chế sẽ ngon hơn, Đáng đồng tiền, Ngon xỉu"", ""Ngon xỉu"", ""Ngon, ấn tượng vị kèm hành. Đóng gói cẩn thận, ship đến vẫn nóng hổi"", ""Gà juicy thơm kiểu tươi chứ kp gà đông lạnh để lâu, xong vỏ vẫn giòn kiểu vị ướp ngon í, sốt kem đỉnh chốp ăn ra rõ vị kem hành làm khéo luôn ngon vcc xin quán luôn giữ phong độ thế này để mình còn ủng hộ tiếp nha 😋 huhu quán guột mãi đỉnk"", ""ngon""]"
111500,Tiệm Gà A Bệu - Trần Khát Chân,befood,phở,21.00845909,105.8537521,924.95,0.925,"435 Trần Khát Chân, Phường Thanh Nhàn, Quận Hai Bà Trưng, Hà Nội",5,4,45000,70000,Phở | Cơm | Bún | Miến trộn,06:30-19:00,3,https://media.be.com.vn/bizops/image/da5ba807-363a-11f0-bd66-b239c83a8124/original,14,1,"[""Đáng đồng tiền, Ngon xỉu, Đóng gói tốt, Sạch sẽ""]"
29781,Chú Tiểu - Bánh Mì Nướng Sốt & Muối Ớt - Ngõ Tự Do,befood,bánh cuốn,20.99679947,105.845932,925.65,0.926,"43 Ngõ Tự Do, Đồng Tâm, Hai Bà Trưng, Hà Nội, Việt Nam",4.8,509,4900,68900,BÁNH MÌ MUỐI ỚT - NƯỚNG SỐT | KEM TRỨNG | BÁNH MÌ KẸP | NƯỚC UỐNG | ĐỒ ĂN VẶT,08:00-23:59,30,https://media.be.com.vn/bizops/image/50c3037e-120f-11f1-8695-ce3d3ce291c1/original,46,2,"[""em gọi thêm xúc xích mà không thấy có ạ?, Sai/Thiếu món"", ""banha mì ỉu chẳng hợp miệng lắm😭ăn hoài ở đây r mà lần này chán, Đóng gói chưa tốt""]"
76300,Phở Gà & Thịt Xiên - Bùi Ngọc Dương,befood,phở,21.00065994,105.8531799,930.69,0.931,"64 Ngõ 8 Bùi Ngọc Dương, Phường Bạch Mai, Hai Bà Trưng, Hà Nội",4.4,131,8000,180000,Menu | Bún nước | Phở Nước | Miến Nước | Bún Trộn | Miến Trộn | Phở Trộn | Đồ Ăn Vặt và Nước Uống | Mì,00:00-23:59,30,https://media.be.com.vn/bizops/image/cee98158-f8ed-11f0-b67e-9aaf2a798701/original,42,7,"[""đặt trộn giao đồ nước ? note kĩ k hành nma đầy hành ? phở đặc biệt 70k nma toàn thịt trắng ? quán có bị làm sao k thế ?, Sai/Thiếu món"", ""Đáng đồng tiền"", ""Đóng gói tốt, Ngon xỉu, Đáng đồng tiền, Sạch sẽ"", ""Sạch sẽ"", ""Đóng gói tốt"", ""Khá ngon"", ""săn flash sale nên rẻ, có 30k 1 bát, đầy, nước dùng ok, có kèm chanh gói tương ớt và dụng cụ ăn""]"
119112,Cơm Rang A Lú - Lương Định Của,befood,cơm,21.00650978,105.836731,932.75,0.933,"28 Ngách 9/14 Lương Định Của, Phường Kim Liên, Hà Nội",5,21,2000,65000,Cơm Rang Theo Mùa - Seasonal Menu | Cơm Rang Thập Cẩm Truyền Thống | Cơm Rang Nhật Bản | Cơm Rang 2 Trong 1 | Gọi thêm | Nước ướp lạnh,18:00-20:00,3,https://media.be.com.vn/bizops/image/e964b156-8f8d-11f0-8b11-e6e7ca75c48c/original,20,5,"[""Ngon xỉu"", ""Ngon xỉu, Đáng đồng tiền, Sạch sẽ"", ""Ngon xỉu, Đáng đồng tiền, Sạch sẽ, Đóng gói tốt"", ""Giá hơi đắt"", ""cơm ngon, nhưng so với giá thì khá đắt, trứng, lạp xưởng, ngô… khá là ít""]"
114792,Bún Chả - Nem Rán Long Vũ - Bạch Mai,befood,bún chả,20.99784088,105.8500977,934.63,0.935,"468 Bạch Mai, Phường Bạch Mai, Hà Nội",4.8,226,10000,126000,Menu | combo | món thêm | nước ngọt,06:00-21:00,3,https://media.be.com.vn/bizops/image/e1d0377f-5eba-11f0-8b11-e6e7ca75c48c/original,12,5,"[""Đáng đồng tiền, Ngon xỉu"", ""Ngon xỉu, Đáng đồng tiền, Đóng gói tốt"", ""Đáng đồng tiền"", ""Ngon xỉu, Đáng đồng tiền, Sạch sẽ, Đóng gói tốt"", ""thịt với nem bị cháy.không ngon như mọi lần đặt""]"
17056,Chảnh Quán - Gỏi Cuốn Mắm Nêm - Phố Vọng,befood,bánh cuốn,20.99692917,105.8428726,953.31,0.953,"181 Phố Vọng, Phường Đồng Tâm, Quận Hai Bà Trưng, Hà Nội",4.6,82,7000,240000,Menu | Combo | Ăn vặt | Cơm cháy mắm hành | Các loại nước,10:00-23:00,30,https://media.be.com.vn/bizops/image/669c4413-fae3-11ed-99ae-5e8316b9abf2/original,22,7,"[""Ngon xỉu"", ""Đáng đồng tiền, Ngon xỉu, Sạch sẽ"", ""Sạch sẽ, Đóng gói tốt, Ngon xỉu"", ""Đóng gói tốt, Sạch sẽ, Đáng đồng tiền"", ""nước chấm mùi hôi thiu mik với bạn ăn song giờ 2 đứa đau bụng"", ""thịt bở kinh"", ""dở và cứng""]"
105958,Bánh Cuốn Nóng 101 Bà Triệu - Triệu Việt Vương,befood,bánh cuốn,21.0123806,105.8505173,955.8,0.956,"155 Triệu Việt Vương, Phường Nguyễn Du, Quận Hai Bà Trưng, Hà Nội",4.9,53,7000,65000,Menu | Đồ Uống,07:15-22:00,3,https://media.be.com.vn/bizops/image/897674a5-ffcc-11ef-8d88-0695c6df6d37/original,26,1,"[""giao sai. thiếu món, 1suất thiếu thịt, 1suất chả có gì, Sai/Thiếu món""]"
132613,Phở Dũng - Ô Đồng Lầm,befood,phở,21.01161003,105.8394623,962.27,0.962,"33 Ô Đồng Lầm, Phường Văn Miếu - Quốc Tử Giám, Hà Nội",0,0,42000,50000,Menu,06:00-14:00,3,https://media.be.com.vn/bizops/image/c67ea081-3154-11f1-b63c-1ec8367384f0/original,4,0,[]
34875,Cherry Hồng - Phở Gà & Bún Riêu Ốc - Trần Khát Chân,befood,phở,21.00882912,105.8539734,962.93,0.963,"415 Trần Khát Chân, Phố Huế, Hai Bà Trưng, Hà Nội",5,1,5000,66000,Phở Nước | Phở Trộn | Bún Nước | Bún Trộn | Mỳ Nước | Mỳ Trộn | Món Thêm,08:00-20:00,30,https://media.be.com.vn/bizops/image/08145fb7-b4f3-11ed-975f-9af8f6763244/original,38,0,[]
14305,Phở Bò Long Bích - Võ Thị Sáu,befood,phở,21.00349998,105.8548203,974.7,0.975,"96 Võ Thị Sáu, Phường Thanh Nhàn, Quận Hai Bà Trưng, Hà Nội",4.5,452,46000,121000,PHỞ ĐẶC BIỆT | PHỞ TÁI | PHỞ CHÍN | PHỞ GÂN | PHỞ BẮP | PHỞ SỐT VANG | PHỞ LÕI,17:25-20:00,30,https://media.be.com.vn/bizops/image/f6412e6d-e86e-11f0-b84b-3a4f2a37a94e/original,22,4,"[""Ngon xỉu, Đáng đồng tiền, Sạch sẽ, Đóng gói tốt"", ""lên đơn nhanh"", ""Khá ngon và nhiều thịt tuy nhiên nước rất mặn và bánh phở bở"", ""phở như cho VỰA MUỐI vào túi nước , MẶN CHÁTTTTTTT""]"
91853,Bánh Tráng Cuốn Thịt Heo Bốn Ba - Đại La,befood,bánh cuốn,20.99633026,105.846077,978.45,0.978,"141 Đại La, Phường Trương Định, Quận Hai Bà Trưng, Hà Nội",4.7,78,7000,90000,Đồ Ăn | Đồ Uống,17:30-21:20,30,https://media.be.com.vn/bizops/image/e5871144-6742-11ef-a271-b60dedd57ab8/original,11,4,"[""Sạch sẽ"", ""Ngon xỉu"", ""Đáng đồng tiền, Đóng gói tốt, Ngon xỉu"", ""trình bày đẹp mắt, sạch sẽ. thịt hơi mỡ, không có độ ngọt của thịt tươi mới, mắm nêm rất loãng, pha mắm không ngon.""]"
11493,Tun Tun - Bún Hải Sản Hoa Quả - Bùi Ngọc Dương,befood,bún chả,21.00175095,105.8544769,995.41,0.995,"25 Bùi Ngọc Dương, Phường Bạch Mai, Quận Hai Bà Trưng, Hà Nội",4.9,1821,3000,100000,BÚN HẢI SẢN HOA QUẢ | BÚN CÁ TRÁI CÂY | BÚN CHANH DÂY BÒ VIỆT | BÚN BÒ BIỂN | ĐỒ GỌI THÊM | TRÀ + SỮA | NƯỚC NGỌT | MÓN CHẠY CHƯƠNG TRÌNH,08:00-20:30,30,https://media.be.com.vn/bizops/image/2c5b2d2b-8fd1-11ed-9d0d-4e52ae3b2c21/original,34,2,"[""Đáng đồng tiền, Sạch sẽ, Đóng gói tốt, Ngon xỉu"", ""thíu nước :)), Sai/Thiếu món""]"
22815,Bánh Cuốn Cao Bằng - Thể Giao,befood,bánh cuốn,21.01400948,105.847641,1011.31,1.011,"11B Thể Giao, Hai Bà Trưng, Hà Nội",4.8,314,7000,350000,COMBO VUI CÙNG COCA-COLA | ĐỒ UỐNG | ĐỒ ĂN | TẾT SUM VẦY,06:00-21:00,30,https://media.be.com.vn/bizops/image/a2c48c03-e85a-11f0-b84b-3a4f2a37a94e/original,19,6,"[""Sạch sẽ"", ""Đáng đồng tiền, Đóng gói tốt"", ""Đáng đồng tiền, Sạch sẽ, Đóng gói tốt"", ""siêu ngon siêu nhiều ý, giò cũng ok"", ""hnay thiếu măng mặc dù đã not rồi"", ""thêm măng mà k cho măng""]"
93168,Minh Sơn - Bún Trộn & Phở Chiên Phồng - Bạch Mai,befood,phở,20.99758911,105.8510818,1012.74,1.013,"Số 9 Ngách 47 Ngõ 459 Bạch Mai, P. Bạch Mai, Hai Bà Trưng, Hà Nội",4.8,118,13000,120000,Bún Trộn Nam Bộ | Phở Trộn | Món Thêm | Nước Uống Minh Sơn | COMBO | Ưu Đãi Mới,14:25-20:00,30,https://media.be.com.vn/bizops/image/ef9688fd-f9b4-11f0-a167-cadcd99bf8b0/original,26,8,"[""gà xào hành, thơm mềm, suất ăn đầy đủ, Đáng đồng tiền, Ngon xỉu, Đóng gói tốt, Sạch sẽ"", ""quán làm ngon vãi chưởng ạ, mở nắp ra thơm lừng, nem nướng với xúc xích chiên rất chỉn chu, thịt bò thơm mềm, Ngon xỉu, Đáng đồng tiền, Đóng gói tốt, Sạch sẽ"", ""uy tín, sốt phở trộn ngon, suất ăn đầy đặn, nhiều hành khô lạc rang không như các quán khác mình đặt, thịt bò ấn tượng (mềm, thơm tỏi), sốt me bún chưa ấn tượng lắm, cực kì đáng tiền, Ngon xỉu, Đáng đồng tiền, Đóng gói tốt, Sạch sẽ"", ""Ngon xỉu, Sạch sẽ, Đóng gói tốt, Đáng đồng tiền"", ""Ngon xỉu"", ""Đáng đồng tiền, Đóng gói tốt, Ngon xỉu, Sạch sẽ"", ""Ngon xỉu, Đáng đồng tiền"", ""Không hợp khẩu vị""]"
1108,Cô Tám - Cơm Rang & Cơm Tấm - 126 Hồng Mai,befood,cơm,20.9987793,105.8526306,1015.21,1.015,"126 Hồng Mai, Bạch Mai, Hai Bà Trưng, Hà Nội",4.8,1319,6000,195000,Combo Cô Tám | Combo Cơm - Nước Ngọt | Món Chính | Cơm Rang | Thêm Phần | Đồ Uống,09:00-22:55,30,https://media.be.com.vn/bizops/image/2f546ed2-e84a-11f0-b84b-3a4f2a37a94e/original,33,6,"[""Ngon xỉu, Đáng đồng tiền, Đóng gói tốt, Sạch sẽ"", ""Đáng đồng tiền, Đóng gói tốt"", ""Ngon xỉu, Đáng đồng tiền, Đóng gói tốt"", ""vẫn oke nhe mọi lần đặt nhé"", ""ok"", ""Cơm rang dưa bò nhưng kp thịt bò mà là thịt lợn""]"
40980,Cơm Thố Bách Khoa - Lương Định Của,befood,cơm,21.00451088,105.8357773,1021.06,1.021,"109C6 Lương Định Của, Kim Liên, Đống Đa, Hà Nội",4.8,310,15000,95000,Mega Sale - Đồng Giá 67k | Món Chính | Đồ Uống | Topping Thịt | Rau Xào Cà Muối,10:00-21:00,30,https://media.be.com.vn/bizops/image/6cec6dd9-dd0b-11ed-abee-ba17ff25cc0d/original,32,4,"[""Ngon xỉu, Đóng gói tốt, Đáng đồng tiền, Sạch sẽ"", ""Đóng gói tốt"", ""Ngon xỉu, Đáng đồng tiền, Sạch sẽ, Đóng gói tốt"", ""Khá ngon""]"
95450,Hương Hội An - Cơm Gà Hội An - Thanh Nhàn,befood,cơm,21.00276947,105.8551102,1021.98,1.022,"213 Thanh Nhàn, Phường Thanh Nhàn, Quận Hai Bà Trưng, Hà Nội",4,23,70000,155000,Khai Vị | Cơm Gà Hội An | Xôi - Bún - Phở,17:00-22:00,30,https://media.be.com.vn/bizops/image/fd29c104-87a6-11ef-bd66-b239c83a8124/original,18,9,"[""Delicious, Worth the price, Good packaging, Clean"", ""Giá hơi đắt"", ""đắt - ko ngon, Đóng gói chưa tốt"", ""Không hợp khẩu vị"", ""85k suất cơm thua bát phở 3-40k. k yêu cầu giống hình nhưng cần có khẩu phần hợp lý với giá tiền, thịt đùi bở, cánh là da cánh chứ k có thịt"", ""Treo đầu dê bán thịt chó à? Trên ảnh là gà cuộn nấm nma lại ship thịt rang khô quắt ăn chả ra làm sao. Lượng đồ ăn quá lèo tèo mà để mức giá 100k, chưa kể ship và phụ phí. giá cả cao thì ko phải vấn đề nma đồ cực ít như vậy và ko ngon. Ko có nước chấm hay gì. Nước mạ thì ko có gan băm, nguyên nước ko. Cơm này cũng ko được nấu với nước luộc gà hay gì nhé vì mùi ko thơm."", ""có con sâu"", ""cơm rất là tệ, gà thì toàn mỡ + phần như tật của gà, gà thì mùi chua"", ""đồ quá ít so với mức giá, chán""]"
134203,Cơm Lệ - Ấm Vị Gia Đình - 135 Triệu Việt Vương,befood,cơm,21.01305962,105.8505478,1021.98,1.022,"135 Triệu Việt Vương, Phường Hai Bà Trưng, Hà Nội",5,1,16000,552000,Combo | Set Cơm 1 Người | Thịt Lợn | Hải Sản | Gà | Món Xào | Đậu Phụ | Cơm | Canh | Rau | Món Phụ | Ăn Kèm Thêm | Đồ Uống,17:00-20:45,3,https://media.be.com.vn/bizops/image/eefb59e4-3d76-11f1-b197-ce3d3ce291c1/original,52,0,[]
4486,"Bento Delichi (by Cooky) - Cơm Gà Mắm Tỏi, Xối Mỡ - Xã Đàn",befood,cơm,21.01066017,105.8376999,1025.14,1.025,"154 Xã Đàn, Phường Văn Miếu - Quốc Tử Giám, Thành phố Hà Nội",4.7,2748,8000,147000,ƯU ĐÃI HOT | CƠM GÀ LỚN | CƠM GÀ VỪA | CƠM GÀ NHỎ | MÓN ĂN KÈM THÊM | CƠM TẤM SƯỜN DELICHI | MÓN CANH | NƯỚC UỐNG | Món Mới | Cơm Văn Phòng Delichi,09:00-21:00,30,https://media.be.com.vn/bizops/image/dc4bb6be-f0ce-11ee-9c4b-1e44d33cc6fa/original,49,10,"[""bán về được 4 miếng gà toàn xương., Không làm đúng ghi chú, Sai/Thiếu món"", ""dc miếng gà bé tí, Sai/Thiếu món"", ""Đáng đồng tiền"", ""Ngon xỉu, Đáng đồng tiền, Đóng gói tốt, Sạch sẽ"", ""Ngon xỉu, Đáng đồng tiền, Sạch sẽ, Đóng gói tốt"", ""đặt 2 suất thì chỉ có 1 đũa 1 thìa, Đóng gói chưa tốt"", ""chọn mua hộp giấy mà lại giao hộp nhựa đây không phải là lần đầu. cũng không thấy thông báo lại cho khách hàng"", ""ăn cũng đc, mong shop cho thêm tí rau dưa ăn đỡ ngán"", ""Khẩu phần ít so với các quán cùng phân khúc và cùng món. Hi vọng sốp sẽ tối ưu chi phí để cho khẩu phần nhiều hơn và giá rẻ hơn. Phần canh hơi mặn. Dù chưa ưng ý nhưng mình vẫn ủng hộ sốp 5 sao, chúc sốp nấu nhiều món ngon hơn"", ""Cơm vẫn vón cục trắng nhão, xốt mắm tỏi nhạt chưa xứng đáng 55k. Mong quán cải thiện""]"
31187,Đáng Vũ - Bánh Cuốn Nóng Gia Truyền - Lương Định Của,befood,bánh cuốn,21.00382042,105.8358002,1026.64,1.027,"156 Lương Định Của, Kim Liên, Đống Đa, Hà Nội",4.8,133,18000,95000,Menu,06:00-23:30,30,https://media.be.com.vn/bizops/image/7e3dd50a-872d-11ed-9d0d-4e52ae3b2c21/original,10,3,"[""Đặt 3 xuất nhưng quán giao 2 xuất, Sai/Thiếu món"", ""Sạch sẽ, Đóng gói tốt"", ""đầy đặn, mà shop nên thêm bánh cuốn chả mỡ + chả quế để chọn""]"
8785,Korean Chicken - Gà Rán Truyền Thống Hàn Quốc - Bạch Mai,befood,gà rán,20.99749947,105.8513718,1038.09,1.038,"48 Ngõ 459 Bạch Mai, Phường Bạch Mai, Hà Nội",4.9,1026,5000,330000,GÀ NỬA CON | GÀ 1 CON | MÓN NGON CÙNG COCA COLA | GÀ MẬT ONG XÌ DẦU | GÀ RÚT XƯƠNG | MÓN NGON TẶNG COCA | Món phụ | BEFOOOD | Topping,16:00-23:59,30,https://media.be.com.vn/bizops/image/b12ee8b9-e845-11f0-9063-66448d787802/original,42,0,[]
65884,Kaoya Hotpot - Mì Vịt Quay & Cơm Xá Xíu - Lương Định Của,befood,bánh cuốn,21.00495911,105.8355408,1043.53,1.044,"C11 Lương Định Của, Kim Liên, Đống Đa, Hà Nội",4.7,635,15000,395000,Cơm | Mỳ | Miến | Vịt | Xá Xíu | Bánh Cuốn | Rau | Đồ Uống,10:00-22:00,30,https://media.be.com.vn/bizops/image/53d255e3-73bc-11ee-b2af-3ea2e1c5510b/original,43,2,"[""vịt hôi, không rõ ràng định lượng, miêu tả đồ ăn, Không hợp khẩu vị"", ""ngon nhưng định lượng hơi ít cho 1 xuất mì 75k, với đóng gói sao mà đổ hết nước sốt ra ngoài""]"
40716,Cơm Tấm Sài gòn - Hồng Mai,befood,cơm,20.99847031,105.8531876,1080.79,1.081,"11 Ngõ 158 Hồng Mai, Hai Bà Trưng, Hà Nội",0,0,5000,80000,Menu | Nước uống,07:00-07:30,30,https://media.be.com.vn/bizops/image/d1fd2989-f291-11f0-a167-cadcd99bf8b0/original,13,0,[]
58523,Tiệm Bánh Cô Bống - Trường Chinh,befood,bánh cuốn,20.99600983,105.8417892,1087,1.087,"Số 73 Ngõ 5 Trường Chinh, Phường Tương Mai, Hà Nội",4.8,56,20000,260000,Menu | Bông Lan,09:00-21:00,30,https://media.be.com.vn/bizops/image/7e6bae5e-21ef-11ee-b2af-3ea2e1c5510b/original,52,4,"[""Ngon xỉu"", ""Ngon xỉu, Đáng đồng tiền, Đóng gói tốt, Sạch sẽ"", ""bánh su kem ăn tạm thui, kem bị chảy bltm ngon"", ""cốt chưa thấm, kem loại làm bánh sn không phải mascarpone :)""]"
62280,Bếp Mẹ Bơ 15A - Bánh Xèo Cốt Dừa - Hồng Mai,befood,bún chả,21.00016022,105.8546677,1091.56,1.092,"15A Ngách 133/32 Hồng Mai, Phường Bạch Mai, Hà Nội",4.8,180,13000,140000,Menu | Đồ Uống,08:00-23:59,30,https://media.be.com.vn/bizops/image/34fe57f6-f4e8-11f0-b63c-1ec8367384f0/original,46,2,"[""Ngon xỉu, Đáng đồng tiền"", ""Delicious, Worth the price""]"
1279,Gạch Quán - Bánh Tráng Cuốn Thịt Heo,befood,bánh cuốn,21.00968933,105.8362579,1094.16,1.094,"6C Ngõ 21 Phạm Ngọc Thạch, Đống Đa, Hà Nội",4.8,1923,10000,85000,Đồ Ăn | Đồ Uống | Cùng Coca Cola,10:30-21:00,30,https://media.be.com.vn/be-food/image/b733e15b-63c2-11ec-9e07-3a3c610c9b37/original,11,5,"[""Ngon xỉu, Đáng đồng tiền, Sạch sẽ, Đóng gói tốt"", ""Đóng gói tốt"", ""shop làm đúng theo yêu cầu của khách mình rất ít khi đánh giá nhưng shop quá có tâm nên cho 5 seo nha, Đáng đồng tiền, Ngon xỉu, Sạch sẽ"", ""Thịt heo 40k được 3 miếng thịt =)))"", ""không có giấy ăn, trừ 3 điểm thanh lịch""]"
32416,Ngọc Lợi - Miến & Bánh Đa Cua Trộn - Kim Liên,befood,bánh cuốn,21.00330925,105.8351974,1097.61,1.098,"104 C13 TT Kim Liên (Vào Ngõ Đối Diện 129 Phương Mai), Phường Kim Liên, Quận Đống Đa, Hà Nội.",4.8,144,7000,155000,Bánh Đa | Miến | Combo Tiết Kiệm | Đồ Gọi Thêm | Đồ Uống,08:30-19:15,30,https://media.be.com.vn/bizops/image/cf029fa3-00ae-11f1-b63c-1ec8367384f0/original,29,6,"[""đặt bò nhưng không có thịt bò đâu, Đóng gói chưa tốt, Sai/Thiếu món"", ""Ngon xỉu, Đáng đồng tiền, Sạch sẽ, Đóng gói tốt"", ""Ngon xỉu"", ""vị ngon"", ""bánh đa cua trộn mà 0 thấy gạch cua đâuu luôn"", ""ăn ok nhưng topping siêu ít, miến nhiều""]"
39068,"Cơm Sườn Cooky - Cơm Tấm, Cơm Sườn Xốt - Trần Đại Nghĩa",befood,cơm,20.99517059,105.845459,1106.19,1.106,"321 Trần Đại Nghĩa, Phường Trương Định, Quận Hoàng Mai, Hà Nội",4.2,1299,10000,139000,Ưu Đãi Delichi | CƠM TẤM SƯỜN DELICHI | CƠM BA CHỈ RÚT SƯỜN | CƠM VĂN PHÒNG | Món Mới | COMBO HOT | MÓN ĂN KÈM THÊM | NƯỚC UỐNG | INACTIVE,09:00-23:59,30,https://media.be.com.vn/bizops/image/1cbcf8ab-cc81-11ed-8ba4-ee89cbba1863/original,31,10,"[""Miếng sườn trắng nhất từng ăn. Và khô., Normal"", ""Không hợp khẩu vị"", ""quán làm như buồi đầu thịt thì hôi ăn chán ko nói chung là quán như cđb ko lên thử dù chỉ 1 lần, Không hợp khẩu vị, Đóng gói chưa tốt, Sai/Thiếu món, Không đảm bảo vệ sinh"", ""đồ ăn ít, thịt khô, đắt không đáng tiền, Không hợp khẩu vị, Không làm đúng ghi chú"", ""cơm sống"", ""gì đây?"", ""chưa bao giờ ăn 1 quán cơm khô như thế này, cơm khô, thịt khô, mà cũng k có nước dùng luôn @@ thêm quả ship thiếu đồ nữa chứ"", ""k đúng"", ""cơm khô + ko có canh chưa nói đến tiền nma trải nghiệm lần đầu quá kém"", ""có đặt canh cải thịt nhưng ko thấy giao""]"
84292,Bánh Cuốn Nóng Cô Sợi Gia Truyền Nam Định - Tập Thể Kim Liên,befood,bánh cuốn,21.0034008,105.835083,1107.49,1.107,"C10 Tập Thể Kim Liên, Ngõ 156 Phương Mai, Phường Kim Liên, Quận Đống Đa, Hà Nội",0,0,30000,45000,Menu | Chả thêm,06:00-14:00,30,https://media.be.com.vn/bizops/image/3f158520-2d3a-11ef-9c7d-4a25ba94d9f3/original,4,0,[]
32283,Hương Phệ - Bún Chả Ngon - Hồng Mai,befood,bún chả,20.99861908,105.8536911,1108.64,1.109,"164 Hồng Mai, Quỳnh Lôi, Hai Bà Trưng, Hà Nội",4.9,35,45000,45000,THỰC ĐƠN,09:30-13:30,30,https://media.be.com.vn/bizops/image/d6f3321e-e958-11f0-8021-922c9d42c616/original,3,4,"[""Đáng đồng tiền, Sạch sẽ"", ""Ngon xỉu"", ""Ngon xỉu, Đáng đồng tiền"", ""Chán shop làm thủng 1 túi nước chấm Chảy hết rả ra nhìn khó chịu thật""]"
4397,Mokchang - Đồ Ăn Hàn Quốc & Gà Rán - Xã Đàn,befood,gà rán,21.01195908,105.8376694,1120.26,1.12,"8C Ngõ 198 Xã Đàn, Phường Văn Miếu ‑ Quốc Tử Giám, Hà Nội",4.8,5937,5000,364000,Ưu Đãi Đặc Biệt. | Korea In A Box | Combo Xôm | Gà Rán Đẫm Sốt Độc Bản | Gà Rán Nguyên Bản 3 Vị Sốt | Mê Kimbap | Chán Cơm Thèm Tteokbokki | Mê Mỳ Mê Miến | Mê Cơm Mê Canh | Ăn Kèm Đỡ Thèm | Đã khát - Trà pha chế từ nhà Mokchang | Đã Khát | Popcorn Size S | Cơm Lành Canh Ngọt,09:00-21:00,30,https://media.be.com.vn/bizops/image/bd1005ea-a8df-11f0-b84b-3a4f2a37a94e/original,82,6,"[""Đây là lần thứ 2 mình đặt đồ ăn của quán, lần trc mình đặt (combo busan và cơm trộn) ăn khá ngon, nma lần này hơi thất vọng 2 món mình đặt đều ko hợp khẩu vị, gà lần này lớp bột siêu dày nên cảm giác phần thịt hơi ít, tuy nhiên thì sốt vẫn ngon ạ. set one-deful cảm giác gà của mình ko tươi, sốt kem hành ko hợp khẩu vị, mình ăn thấy nhạt ko có vị gì phần miến và salad ít hơn mình nghĩ. Tuy nhiên quán đóng gói rất chỉnh chu, mình nhận khi còn nóng luôn ạ., Không hợp khẩu vị"", ""Ngon xỉu, Sạch sẽ, Đáng đồng tiền, Đóng gói tốt"", ""Không hợp khẩu vị"", ""đề nghị quán sau mà có chế biến món ăn phải rửa lại đồ bếp nhé, ăn cơm toàn mùi hôi của gián ko ăn nổi, Không đảm bảo vệ sinh"", ""cơm trộn chất lượng lắm ạ, em cứ nghĩ là phần này mình em ăn thôi nhưng nó ê hề luôn, chưa kể gà nữa nên mn mua thì nên 2 bạn ăn ạ (em là con gái ạ, còn bạn nam chắc ăn được hết phần cơm)"", ""giao lâu""]"
7920,Cơm Gà Q35 - Hồng Mai,befood,cơm,20.99887085,105.8540802,1122.03,1.122,"113A Hồng Mai, phường Bạch Mai, Hà Nội",4.8,2207,1,57000,CƠM RANG Q35 | COMBO Q35 | ĐỒ UỐNG Q35 | MÓN THÊM Q35 | ĐỒ UỐNG | Giảm thêm 25K - ĐÃÃ QUÁ PEPSI ƠI! | GÓP Ý PHẢN HỒI,17:00-20:30,30,https://media.be.com.vn/be-food/image/4b800b87-a59e-11ec-bfbb-a6b773ddb05e/original,26,3,"[""Ngon xỉu"", ""hợp gu nha, Sạch sẽ, Đáng đồng tiền, Ngon xỉu, Đóng gói tốt"", ""xối mắm mà lại để ớt""]"
61209,Bánh Tráng Cô Chin - Bánh Tráng Cuốn Phomai - Lương Định Của,befood,bánh cuốn,21.00721931,105.834938,1130.35,1.13,"8 Lương Định Của, Phường Kim Liên, Đống Đa, Hà Nội",2,1,10000,40000,Bánh Tráng | Đồ Uống,08:00-20:00,30,https://media.be.com.vn/bizops/image/e233b4ed-3a76-11ee-b2af-3ea2e1c5510b/original,7,1,"[""kh ngon""]"
76124,Cơm Osechi - Cơm Gà & Cơm Thịt Heo - Phương Liệt,befood,cơm,20.9968605,105.8390732,1140.62,1.141,"2 Ngõ 156 Phương Liệt, Phường Phương Liệt, Quận Thanh Xuân, Hà Nội",4.8,79,18000,85000,CÁC MÓN CƠM | COMBO OSECHI | MÓN ĂN KÈM | ĐỒ UỐNG,10:30-13:30,30,https://media.be.com.vn/bizops/image/83cc7ee1-ea92-11ee-b972-a27b06ef25f3/original,13,4,"[""Sạch sẽ"", ""Đóng gói tốt, Đáng đồng tiền, Sạch sẽ, Ngon xỉu"", ""Ngon xỉu"", ""siêuu no lun. đóng gói đẹp mà siêu nhìu thịt. sốt cx ngon nx, Đóng gói tốt, Đáng đồng tiền, Sạch sẽ, Ngon xỉu""]"
10227,Bánh Cuốn Đức Hạnh - Phạm Ngọc Thạch,befood,bánh cuốn,21.00922012,105.8355179,1140.89,1.141,"Ngõ 43 Phạm Ngọc Thạch, 103 B9 Tập Thể Kim Liên, Kim Liên, Đống Đa, Hà Nội",4.6,153,10000,50000,BÁNH CUỐN | tra thai xanh sua thach Handmade 20 000,06:00-14:00,30,https://media.be.com.vn/bizops/image/c0cefef6-e859-11f0-8b11-e6e7ca75c48c/original,14,7,"[""Không có bát đổ nước mắm, Đóng gói chưa tốt, Không đảm bảo vệ sinh"", ""bánh cuốn thịt k có thịt ?, Sai/Thiếu món"", ""Sạch sẽ, Đáng đồng tiền, Đóng gói tốt, Ngon xỉu"", ""Chả cũ từ hqua, miếng thịt bị đen ,miếng thì rời Nát.Nói chung là k bao h quay lại.Làm ăn quá bát nháo"", ""ít rau , với gọi 2 xuất có 1 túi nó chấm ."", ""mở ra k thấy chả"", ""tự đổi nước quất không thông báo""]"
2443,Bánh Giò Nóng Xuân Thủy - Lương Định Của,befood,bún chả,21.00736046,105.8348083,1146.83,1.147,"Kios Số 3 Tập Thể B16 Kim Liên, Lương Định Của, Phường Kim Liên, Đống Đa, Hà Nội",4,37,13000,130000,Đồ Ăn Vặt | Đồ Ăn Vặt bánh rán mặn 100,06:30-21:30,30,https://media.be.com.vn/bizops/image/75804fde-e855-11f0-8b11-e6e7ca75c48c/original,13,5,"[""Bit pricey"", ""Sai/Thiếu món"", ""bánh bị hỏng vữa hết cả ra lần sau bán hàng mới cho người ta ăn nhé bực mình ??, Không đảm bảo vệ sinh"", ""shop bán hàng giao thế nào mà 97k được 2 bánh giò không có giò chả ăn kèm. cái giò bên cạnh mình nua thêm mất 13k. thế 70k là 2 cái bánh giò không không có giò chả ăn kèm à??????"", ""1 nghìn tiền bánh 19 nghìn tiền lá. ko có tương ớt chinsu. ko có thìa xứng đáng 1 sao""]"
116044,Cơm Bình Dân - Lạc Nghiệp,befood,cơm,21.00834084,105.8562164,1159.63,1.16,"241 Lạc Nghiệp, Phường Bạch Mai, Hà Nội",4,11,45000,50000,Menu,11:15-20:30,4,https://media.be.com.vn/bizops/image/17a2d4b2-6b82-11f0-9063-66448d787802/original,7,4,"[""Đáng đồng tiền, Đóng gói tốt, Sạch sẽ"", ""Nhà hàng không ghim nắp hộp cơm, canh bị đổ, Đóng gói chưa tốt"", ""Thấy quán mới thử đặt nhưng thất vọng quá, với giá này thì cũng biết là chỉ đc vậy nhưng này ko giống cơm cà ri, đũa thì gãy. Mong quán cải thiện hơn"", ""ngon lắm""]"
41433,Phở Lộc - Phạm Ngọc Thạch,befood,phở,21.00839043,105.8349686,1161.25,1.161,"25 Ngõ 65 Phạm Ngọc Thạch, Kim Liên, Đống Đa, Hà Nội",0,0,40000,45000,Cơm Rang - Mỳ Phở Xào | Phở Bò,06:30-14:00,30,https://media.be.com.vn/bizops/image/3e35ed5d-e012-11ed-abee-ba17ff25cc0d/original,8,0,[]
16270,"Bún Chả, Bún Thịt Nướng & Thịt Xiên Cây Dâu - Nguyễn Công Trứ",befood,bún chả,21.01353073,105.8522797,1164.9,1.165,"75 Nguyễn Công Trứ, Phường Hai Bà Trưng, Hà Nội",5,42,11000,58000,Món chính | Đồ uống,07:00-18:30,30,https://media.be.com.vn/bizops/image/37cd726c-e86e-11f0-b84b-3a4f2a37a94e/original,10,6,"[""Ngon xỉu"", ""Đóng gói tốt, Ngon xỉu, Đáng đồng tiền, Sạch sẽ"", ""Sạch sẽ, Ngon xỉu"", ""Đóng gói tốt, Đáng đồng tiền, Sạch sẽ, Ngon xỉu"", ""fan quán lâu năm siêu ngon, Đáng đồng tiền, Ngon xỉu, Sạch sẽ, Đóng gói tốt"", ""tận 3 suất mà có tí nước mắm, cả 3 suất đều ko đủ mắm để ăn""]"
96492,Bánh Cuốn Dẻo Gia Truyền Bà Minh - Lương Đình Của,befood,bánh cuốn,21.00753021,105.8346481,1167.26,1.167,"38B12 Lương Đình Của, Phường Kim Liên, Quận Đống Đa, Hà Nội",0,0,5000,245000,Bánh Cuốn - Không Kèm Chả | Món Thêm | Đồ Uống,06:00-14:00,30,https://media.be.com.vn/bizops/image/a01d0881-8e98-11ef-81cc-d24fde1987a0/original,10,0,[]
99617,Cơm Đốt Thố Thái Lan - Xã Đàn,befood,cơm,21.01178932,105.8367462,1180.44,1.18,"210 Xã Đàn, Phường Phương Liên, Quận Đống Đa, Hà Nội",5,5,17000,287000,Rau | Cơm | Món Chính | Canh | đồ uống | Combo cơm đốt,17:00-22:00,30,https://media.be.com.vn/bizops/image/32bac925-f9d7-11f0-b63c-1ec8367384f0/original,28,0,[]
128372,Cơm BomPi - Gà & Xá Xíu - Trường Chinh,befood,cơm,20.99718094,105.837677,1205.83,1.206,"21 Khu B Ngõ 109 Trường Chinh, Phường Phương Liệt, Hà Nội",4.3,8,38250,60000,Menu,11:15-21:00,4,https://media.be.com.vn/bizops/image/edd2b364-f515-11f0-a167-cadcd99bf8b0/original,3,6,"[""Ngon xỉu, Đáng đồng tiền, Sạch sẽ"", ""Ngon xỉu, Đáng đồng tiền, Đóng gói tốt, Sạch sẽ"", ""thịt có mùi lạ giống để lâu bị thiu đồ ăn không giống trên ảnh quá tệ, Không đảm bảo vệ sinh"", ""Góp ý cho quán mới: - Phần cơm: Ngon, hạt tơi, ăn thơm - Phần package: Đẹp, gọn gàng, chỉn chu, trình bày món ăn đẹp - Phần rau: Tươi, sạch, tuy nhiên có thể đổi rau thơm thành rau theo ngày (rau cải, rau muống, cà rốt,...) thì hợp lý hơn - Phần thức ăn: Xá xíu vị ok, gà thì hơi nhạt, không rõ vị - Định lượng: Đủ ăn, con trai ăn có thể sẽ hơi đói - Nước chấm: Chê nhất phần này, nước chấm hơi chua, nhạt nhẽo, có thể làm giống nước chấm của cơm tấm ấy Nói chung là góp ý để quán mới hoàn thiện hơn"", ""cơm hơi nhão , khẩu phần ăn ít…. thịt nhạt"", ""shop lên cải thiện thành rau xào , Hoặc ít nhất là có chút rau luộc thì sẽ hợp lý hơn. Ăn như thế này em là nữ cũng chưa thấy no bụng, Mà thịt lợn thì lại cho hơi nhiều, gà thì bình thường không nhiều.""]"
10856,Hồng Hạnh - Bánh Cuốn Tôm Thịt,befood,bánh cuốn,21.00914955,105.8346329,1222.75,1.223,"P102B B1 tập thể Trung Tự, Trung Tự (ngõ 46B Phạm Ngọc Thạch), Đống Đa, Hà Nội",4.7,205,15000,50000,Menu | Đồ Uống,06:00-18:30,30,https://media.be.com.vn/be-food/image/328da51d-d1d4-11ec-9a9e-de6dabbc786c/original,13,6,"[""shop ko đọc ghi chú xin 2 đôi đũa mà cho có 1 🥹, Không làm đúng ghi chú"", ""Ngon xỉu, Đóng gói tốt, Đáng đồng tiền, Sạch sẽ"", ""Ngon xỉu, Đáng đồng tiền"", ""3 xuất sao cho e có 1 túi nước bé tẹo vậy quán"", ""ảnh thì nguyên quả, bánh giao đến thì lại kiểu đánh tan quả trứng ra, kiểu lười để trứng chín cho nhanh."", ""tôi đặt bánh cuốn hành có chả nhưng khi giao đến lại không có chả?""]"
134353,Bún Chả Trâm Anh - Trương Định,befood,bún chả,20.99481964,105.8497696,1224.49,1.224,"44 Trương Định, Phường Bạch Mai, Hà Nội",0,0,10000,69000,Combo | Bún Chả | Món Thêm | Đồ Uống,10:00-19:00,4,https://media.be.com.vn/bizops/image/d2ab9627-42fb-11f1-b197-ce3d3ce291c1/original,9,0,[]
32784,Nhà Hàng Đức Mai - Các Món Nhậu - Giải Phóng,befood,phở,20.99481964,105.8414078,1224.74,1.225,"427 Giải Phóng, Phương Liệt, Thanh Xuân, Hà Nội",4.1,11,10000,280000,"Cùng Coca Cola | Món Nhậu | Nước Giải Khát | Phở, Bún, Mì | Cháo Lòng | Combo | Riêu cua",06:00-23:00,30,https://media.be.com.vn/bizops/image/ecbeb403-00b0-11f1-a167-cadcd99bf8b0/original,40,5,"[""Ngon xỉu"", ""Khá ngon"", ""bún hôi quá"", ""bún vụn , thịt bò nhưng là thịt lợn , bún gà nhưng lèo bèo vài miếng gà ,"", ""mua bún gà lại đưa phở gà""]"
95249,Cơm Tấm Sườn Đông Dương - Trương Định,befood,cơm,20.99474907,105.8497162,1229.89,1.23,"46 Trương Định, Phường Trương Định, Quận Hai Bà Trưng, Thành phố Hà Nội",4.8,312,10000,93000,Cơm tấm sườn cốt lết | Cơm tấm ba chỉ nướng | Cơm tấm má heo nướng | Món thêm | Đồ uống,10:00-21:30,30,https://media.be.com.vn/bizops/image/0eb4a18f-fa4c-11ef-81cc-d24fde1987a0/original,35,7,"[""Ngon xỉu, Đáng đồng tiền, Đóng gói tốt"", ""Ngon xỉu, Đáng đồng tiền, Đóng gói tốt, Sạch sẽ"", ""Đáng đồng tiền"", ""Đáng đồng tiền, Đóng gói tốt"", ""Khá ngon"", ""đồ ăn ngon nhưng lần sau shop chú ý đậy chắc phần canh để shiper vận chuyển không bị rớt phần canh ra ngoài túi bóng ạ"", ""shop gửi thiếu nước mắm""]"
116631,Bà Tuyết - Bún Thái Hải Sản & Mì Chua Cay - Lương Định Của,befood,bún chả,21.00732994,105.8339233,1235.99,1.236,"Số 8 Ngõ 8 Lương Định Của, Phường Kim Liên,Hà Nội",4.8,167,20000,98000,Bún Thái | Mì Thái | Mì Tim Cật Chua Cay | Bún Trộn | Trà | Nước Ngọt | Đồ Ăn Vặt Siêu Ngon,09:00-23:59,4,https://media.be.com.vn/bizops/image/8118228b-71a7-11f0-8021-922c9d42c616/original,36,5,"[""quán còn tặng thêm cả cốc nước quá chu đáo, Đáng đồng tiền, Sạch sẽ, Đóng gói tốt"", ""Shop hỏi chấm nhưng vẫn cho đá :))) há há, Ngon xỉu, Đáng đồng tiền, Sạch sẽ"", ""Ngon xỉu"", ""Khá ngon, Không làm đúng ghi chú"", ""cho quá nhiều mỳ chính làm khách bị choáng""]"
122272,Phở Bò Thu - Hồng Mai,befood,phở,20.99889946,105.8554916,1238.64,1.239,"181 Hồng Mai, Phường Bạch Mai, Hà Nội",5,1,40000,45000,Cơm Rang - Phở Bò,18:00-21:00,4,https://media.be.com.vn/bizops/image/9efc2be6-b2fa-11f0-9063-66448d787802/original,14,0,[]
26075,Chi Nấm - Cơm Văn Phòng,befood,cơm,21.01133919,105.835083,1291.72,1.292,"39 Ngõ 46 Phạm Ngọc Thạch, Phương Liên, Đống Đa, Hà Nội",4.6,293,7000,57000,Món chính | Món kèm | nước uống,11:38-22:00,30,https://media.be.com.vn/be-food/image/e4dd7fbb-1f9f-11ed-9985-46ef85b7fc92/original,59,4,"[""Đóng gói tốt, Sạch sẽ"", ""Ngon xỉu"", ""Đóng gói tốt"", ""bảo ko lấy canh rồi shop. toàn đổ ra ngoài thôi""]"
119585,Cơm Tấm Nàng Bơ - Phạm Ngọc Thạch,befood,cơm,21.00775909,105.8333282,1306.47,1.306,"110C1 Phạm Ngọc Thạch, Phường Kim Liên, Hà Nội",4.6,11,60000,85000,Cơm Tấm,17:00-21:00,4,https://media.be.com.vn/bizops/image/97c8c4b9-9524-11f0-b84b-3a4f2a37a94e/original,14,6,"[""Đóng gói tốt, Ngon xỉu, Đáng đồng tiền, Sạch sẽ"", ""Sạch sẽ, Ngon xỉu, Đóng gói tốt, Đáng đồng tiền"", ""Sạch sẽ, Đóng gói tốt, Ngon xỉu, Đáng đồng tiền"", ""Khá ngon"", ""cửa hàng giao thiếu mất 1 phần chả trứng"", ""đồ ăn ở mức ổn thôi, nhưng đóng gói rất chỉn chu và sạch sẽ""]"
20058,TIỆM GÀ RÁN SỐ 19,befood,gà rán,21.01629066,105.8497772,1316.11,1.316,"52 Bùi Thị Xuân, Phường Bùi Thị Xuân, Quận Hai Bà Trưng, Hà Nội",4.6,88,13000,530000,COMBO | GÀ PHỦ PHO MAI TUYẾT | GÀ PHỦ SỐT KEM HÀNH | GÀ PHỦ SỐT TRỨNG MUỐI KIM SA | GÀ CẦU VỒNG 7 SẮC | GÀ SUẤT NHỠ | GÀ SUẤT LỚN | ĐÙI GÀ & CÁNH GÀ | GÀ POPCORN | GÀ XÀO HÀN QUỐC | GÀ Ủ MUỐI HOA TIÊU | CHÂN GÀ RÚT XƯƠNG XẢ ỚT | LẨU TOKBOKKI HÀN QUỐC | TOKBOKKI | CHEESE BALLS | MÓN PHỤ | ĐỒ UỐNG ĐÓNG CHAI | BIA,09:00-21:00,30,https://media.be.com.vn/bizops/image/ef377f4e-d808-11f0-8b11-e6e7ca75c48c/original,57,8,"[""Đáng đồng tiền, Đóng gói tốt, Ngon xỉu"", ""gà rán nhạt, khô, hộp gói còn có vệt đen đáng ngờ như bị mốc Tokbokki bị ngọt quá, Không hợp khẩu vị"", ""Sai món rồi???, Sai/Thiếu món"", ""Ngon xỉu, Đóng gói tốt, Đáng đồng tiền, Sạch sẽ"", ""Ngon xỉu, Đáng đồng tiền, Đóng gói tốt, Sạch sẽ"", ""Không hợp khẩu vị"", ""Giá thành quá cao. Nên note là nửa con hoặc 1/3. Chứ suất này chỉ đủ 1 người ăn."", ""gà cũ k giòn ỉu ăn rất khô""]"
20000,Bánh Cuốn Nóng - Nguyễn Bỉnh Khiêm,befood,bánh cuốn,21.01664925,105.8485718,1319,1.319,"19 Nguyễn Bỉnh Khiêm, P. Nguyễn Du,Quận Hai Bà Trưng,Hà Nội",4.5,25,25000,40000,Menu,17:00-22:30,30,https://media.be.com.vn/bizops/image/91d7674d-e85a-11f0-9063-66448d787802/original,4,5,"[""đặt 3 set chân gà lại giao 3 cai, Sai/Thiếu món"", ""Sạch sẽ"", ""Ngon xỉu, Đóng gói tốt, Đáng đồng tiền, Sạch sẽ"", ""Không làm đúng ghi chú"", ""đặt 5 suất k mà k có đũa hay bát dùng tạm đựng nước mắm""]"
76892,GONGFU CHICKEN - Trương Định,befood,gà rán,20.99386024,105.8497086,1322.74,1.323,"81 - 83 Trương Định, Phường Trương Định, Quận Hai Bà Trưng, Hà Nội",4.7,485,14000,384000,Ưu Đãi Độc Quyền | Gà Xé Tay | Burger | Hộp Gà Rán (5 Miếng) | Mì Ý & Salad | Điểm Tâm | Nước Uống | Cơm | Combo Gà | Combo Mì ý,09:00-22:30,30,https://media.be.com.vn/bizops/image/f06d8d7c-a274-11ef-8510-8ea7808cbcf4/original,72,8,"[""giao lần đầu thì sai món, gọi lại giao lần 2 thì nhầm địa chỉ. 1 tiếng chưa được ăn, chịu quán, Sai/Thiếu món"", ""Ngon xỉu, Đáng đồng tiền, Đóng gói tốt, Sạch sẽ"", ""Ngon xỉu"", ""Ngon xỉu, Đáng đồng tiền, Sạch sẽ, Đóng gói tốt"", ""Ngon xỉu, Đóng gói tốt, Đáng đồng tiền, Sạch sẽ"", ""thiếu đũa thìa, tương chấm"", ""đặt combo nửa con gà mà giao chỉ có nửa con gà còn nước với khoai tây chiên đâu ??"", ""Bình thường hay đặt quán đều ok, nay gà rán khô quắt, thiếu đũa thìa 2 lần r dù đặt cơm với mì""]"
68175,Cơm Quê Ngõ Nhỏ - Đồng Nhân,befood,cơm,21.01306915,105.8552017,1332.94,1.333,"11A Ngõ 31 Đồng Nhân, Phường Đồng Nhân, Quận Hai Bà Trưng, Hà Nội",4.6,202,8000,250000,"Cơm Quê ""No Nê"" | Order Thêm ""No Tới Đêm""",10:30-22:30,30,https://media.be.com.vn/bizops/image/e1b447e6-f759-11f0-b67e-9aaf2a798701/original,34,8,"[""Ngon xỉu"", ""Đáng đồng tiền, Sạch sẽ"", ""Ngon xỉu, Đáng đồng tiền, Đóng gói tốt, Sạch sẽ"", ""Sạch sẽ, Ngon xỉu"", ""giao sai món, đặt gà xào nhưng giao sườn :)), Sai/Thiếu món"", ""đậu sốt k có nc sốt à quán ơi"", ""đậu rán hơi kỹ, nên rán sơ sơ thì ăn đỡ khô"", ""đầu bếp bị rụng tóc thì mua dầu gội chống rụng bên mình nhé""]"
8868,Cơm Rang 10 Cẩm - Ngõ Trại Cá,befood,cơm,20.99341011,105.8485184,1336.83,1.337,"63 Ngõ Trại Cá, Phường Trương Định, Quận Hai Bà Trưng, Hà Nội",4.6,1617,1000,85000,Combo cùng coca | Mỳ Trộn Indomie | Món Thêm | CƠM RANG | Đồ Ăn Vặt | ĐỒ UỐNG,09:00-23:59,30,https://media.be.com.vn/bizops/image/d7aee70b-e856-11f0-8b11-e6e7ca75c48c/original,62,5,"[""cơm có mùi kỳ lắm như mùi dầu mỡ cũ ko thơm., Không hợp khẩu vị"", ""Sạch sẽ"", ""Ngon xỉu"", ""Đóng gói tốt, Đáng đồng tiền, Ngon xỉu"", ""4 xuất cơm cho 1 đôi đũa. không canh 4 ly coca không 1 cái ống hút quán xá như cái l vậy dẹp mẹ đi""]"
130788,Vinh Anh - Chuyên Cơm Rang - Hà Kế Tấn,befood,cơm,20.9962101,105.8366394,1358.24,1.358,"41A Hà Kế Tấn, Phường Phương Liệt, Hà Nội",0,0,15000,60000,Menu | giải khát,16:30-20:30,4,https://media.be.com.vn/bizops/image/65e01365-1f7b-11f1-b67e-9aaf2a798701/original,9,0,[]
130031,"Quán Cô Tín - Bún Đậu, Bánh Khoai & Bánh Chuối - Chùa Quỳnh",befood,bánh cuốn,21.00064087,105.8578186,1363.36,1.363,"82 Chùa Quỳnh, Phường Bạch Mai, Hà Nội",5,1,5000,59000,Menu | Bánh ăn vặt | Đồ uống,09:00-21:00,4,https://media.be.com.vn/bizops/image/f8db7a28-19f1-11f1-b63c-1ec8367384f0/original,15,0,[]
24720,Gà Rán Tok Tok - Khâm Thiên,befood,gà rán,21.01596069,105.8393478,1368.83,1.369,"31(đối diện số 116) Ngõ Lan Bá, Phố Khâm Thiên, P. Khâm Thiên,Quận Đống Đa,Hà Nội",4.9,104,15000,350000,Mua 1 Tặng 1 | Menu | Món Hot | Combo | Gà Các Vị | Đùi Gà Chiên | Cánh Gà Chiên | Gà Viên | Khoai Tây Chiên | Nước ngọt | Chân Gà Sả Ớt | CƠM GÀ,11:00-22:30,30,https://media.be.com.vn/bizops/image/e78d1fbd-6712-11ee-bfaa-82e52b34e173/original,36,4,"[""Đóng gói tốt, Ngon xỉu, Đáng đồng tiền, Sạch sẽ"", ""Ngon xỉu, Đáng đồng tiền, Sạch sẽ, Đóng gói tốt"", ""Đáng đồng tiền, Sạch sẽ, Đóng gói tốt"", ""Delicious""]"
57665,Phở Bò Gà & Bún Miến Ngan 343 - Phố Vọng,befood,phở,20.99327087,105.8420029,1369.02,1.369,"343 Phố Vọng, Phường Đồng Tâm, Hai Bà Trưng, Hà Nội",4.8,187,66000,71000,Menu | Bún | Miến | Mỳ tôm,06:00-22:00,30,https://media.be.com.vn/bizops/image/412ae963-1bca-11ee-8146-82365e52a8ee/original,13,7,"[""Sạch sẽ, Đóng gói tốt, Đáng đồng tiền"", ""Ngon xỉu, Đáng đồng tiền"", ""Đáng đồng tiền"", ""Đáng đồng tiền, Đóng gói tốt, Ngon xỉu, Sạch sẽ"", ""mặn"", ""be lại giống grap à , lại cùng nhau sập 1 lúc"", ""Cảm nhận khá tệ :)""]"
11020,Bún Chả Cô An - Hanoi Grilled Pork Noodles - Khâm Thiên,befood,bún chả,21.01643944,105.8400269,1385.1,1.385,"Nghách 1/33 Ngõ 1 Khâm Thiên, Phường Đống Đa, Hà Nội",4.6,40,45000,350000,Siêu Tiệc Lương Về | Combo | Combo 5 Suất | Combo Coca | Thực Đơn,09:00-15:00,30,https://media.be.com.vn/bizops/image/53bb9c84-e860-11f0-8021-922c9d42c616/original,16,10,"[""bình thường thêm bún ngta cho miễn phí mà đây mất 6k bún thêm r mà vẫn ko đc thêm :) chán, Sai/Thiếu món"", ""Ngon xỉu, Đáng đồng tiền, Đóng gói tốt, Sạch sẽ"", ""Đóng gói tốt, Sạch sẽ"", ""Lúc nào cx ngon hết nma bth mình ăn rau sống ko sao tự nhin nay bị đi ẻ ko tiêu hóa đc rau ? mong sốp rửa kĩ hơn ạ huhu, Ngon xỉu, Đáng đồng tiền, Đóng gói tốt, Sạch sẽ"", ""Ngon xỉu"", ""Không hợp khẩu vị"", ""thường xuyên làm thiếu món, gọi báo thì kêu là \""cô mệt mỏi lắm rồi, gọi cho ship đi, tại ship đọc sai đơn chứ, bảo ship qua lấy đi\"". Nếu cảm thấy mệt quá thì đóng cửa hàng đi. Bán hàng mà không coi khách ra gì., Sai/Thiếu món"", ""quán ko cho đũa thì mình ăn kiểu gì ạ"", ""hơi nguội"", ""ăn cũng ngon mà kh hợp khẩu vị mình""]"
103124,Habon Chicken - Tiệm Gà Rán Hàn Quốc - Ngõ Trại Cá,befood,gà rán,20.9930706,105.8492432,1392.2,1.392,"4A Ngõ Trại Cá, Trương Định, Phường Trương Định, Quận Hai Bà Trưng, Hà Nội",4.7,29,12000,198000,TOKBOKKI | MÌ Ý SỐT BÒ BẰM | GÀ RÁN NỬA CON | POPCORN | DA GÀ CHIÊN | GIẢI KHÁT | Sốt Thêm,16:30-21:00,4,https://media.be.com.vn/bizops/image/efa04368-d9ef-11ef-81cc-d24fde1987a0/original,26,4,"[""gà ngon mang về còn nóng hổi mọng nước nhiều sốt nữa ạ, tok sốt rose béo ngậy ngon rất vừa miệng lần sau sẽ đặt tiếp ạ, Ngon xỉu, Đóng gói tốt, Đáng đồng tiền, Sạch sẽ"", ""Đáng đồng tiền, Đóng gói tốt, Ngon xỉu, Sạch sẽ"", ""đồ đến tay vẫn thơm vs nóng ngon nha đã ăn mấy lần r ship cx nhanh nx sẽ ủng hộ shop tiếp, Ngon xỉu"", ""mua gà sốt phomai lại ship gà sốt hành""]"
126401,"Happy Food - Đồ Ăn Hàn, Gà Rán Sốt & Cơm Bò HQ - Phùng Khắc Khoan",befood,gà rán,21.01605034,105.8523178,1401.84,1.402,"5 Phùng Khắc Khoan, Phường Hai Bà Trưng, Hà Nội",4.2,40,1000,250000,"Gra.b food KHUYẾN MẠI Tặng C2. Tên:Happy food-Đồ ăn Hàn, Gà Rán Sốt,Cơm Bò HQ & Matcha | Sỉ sốt,nguyên liệu giá học sih,đặt ship ngoài -10% | Xin đáh giá 5sao.Cảm ơn các b | Đồ uống & tráng miệng (ít ngọt & ít calo) | Gà rán mix sốt [HOT] | Gà sốt kem hành | Gà sốt phô mai | Gà lắc phô mai | Gà tắm nc mắm | Gà sốt Hàn | Menu | Combo VUI VẺ | Gà sốt phômai cay",10:00-22:00,4,https://media.be.com.vn/bizops/image/36982755-dcb7-11f0-9063-66448d787802/original,70,10,"[""ngon lắm ý mng ơi, còn rẻ nữaaaa, áp mã vào hnhu còn có 40k 1 hộp ú nu nnay ýy, Đáng đồng tiền, Ngon xỉu"", ""Bình thường quán làm cũng đủ mà nay suất của mình kem hành chỉ có hành ko kem 🥲, Sai/Thiếu món"", ""Ngon xỉu, Đáng đồng tiền, Sạch sẽ, Đóng gói tốt"", ""Ngon xỉu, Đáng đồng tiền, Đóng gói tốt"", ""đặt 1 gà mix 1 cơm trộn giao 2 hộp cơm, Sai/Thiếu món"", ""Mình tưởng gà không, hoá ra có cả cơm luôn hả😆"", ""mình tưởng suất này chỉ có gà không thôi chứ đâu phải cơm gà nhỉ :))"", ""vãi pịa 75k đổi lại 4 - 5 miếng gà nhỡ trong khi trên món ghi rõ “ khoảng 12 - 15 miếng gà” là như nào ấy :))) ăn cũng dc nhưng tên món k có cơm nên mới gọi thêm cơm. gọi xong lại có cả cơm trong món???? hỏi thật quán làm thực đơn với món khách nhận thực tế khác z k thấy ngại à :D ăn gà oke ổn nhưng cảm giác quán làm ăn cứ gian dối thế nào ấy"", ""không đáng tiền."", ""gà ít mà tự nhiên thêm cơm 10k xúc xích có vài lát""]"
36157,Bánh Cuốn Nóng Linh Béo - Ngõ Tân Lập,befood,bánh cuốn,21.00094032,105.8583374,1402.25,1.402,"19 Ngõ Tân Lập , P. Quỳnh Mai, Hai Bà Trưng, Hà Nội",0,0,10000,40000,Menu | Đồ Uống,06:30-13:00,30,https://media.be.com.vn/bizops/image/c82a8d65-bbf6-11ed-a912-ca4386e16cdf/original,11,0,[]
9929,Gà Rán và Mỳ Ý Jollibee - Vincom Phạm Ngọc Thạch,befood,gà rán,21.00624084,105.8320313,1413.21,1.413,"2 Phạm Ngọc Thạch, Phường Trung Tự, Quận Đống Đa, Hà Nội",4.8,4519,1000,322000,CẶP ĐÔI ĂN Ý | MÓN MỚI | GÀ GIÒN | GÀ SỐT CAY | MỲ Ý | BURGER & HOTDOG | DESSERTS & DRINKS | THÊM SỐT,10:00-20:30,30,https://media.be.com.vn/bizops/image/928bb998-540c-11f1-8db8-3e6660809d72/original,42,3,"[""Quán thiếu ống hút cho khách nhé, Ngon xỉu, Đáng đồng tiền, Đóng gói tốt, Sạch sẽ"", ""Ngon xỉu, Đáng đồng tiền, Sạch sẽ"", ""Ngon xỉu""]"
73467,Mieso Food - Gà Rán & Gà Ủ Muối - Chợ Khâm Thiên,befood,gà rán,21.01643944,105.8381119,1479.08,1.479,"206 Ngõ Chợ Khâm Thiên, Phường Khâm Thiên, Quận Đống Đa, Hà Nội",4.7,666,6000,189000,Gà Ri Tươi Ngon. | GÀ RÁN GIÒN RỤM. | MÓN MỚI MIESOFOOD. | XÔI NẾP THƠM NGON. | CHÂN GÀ TƯƠI NGON. | MÓN ĂN VẶT.,16:00-23:59,30,https://media.be.com.vn/bizops/image/d3aeb128-d522-11ee-950f-6a8ca9ff4d91/original,44,10,"[""ngol, Sạch sẽ, Ngon xỉu, Đóng gói tốt, Đáng đồng tiền"", ""ngon, Đáng đồng tiền, Ngon xỉu"", ""Ngon bổ rẻ. Cảm ơn shop, Ngon xỉu, Đáng đồng tiền, Sạch sẽ, Đóng gói tốt"", ""ngon bổ rẻ, sạch sẽ, Ngon xỉu, Đáng đồng tiền, Đóng gói tốt"", ""da ung ho nhieu lan, quan lam an sach se, Ngon xỉu, Đáng đồng tiền"", ""Ngon xỉu, Sạch sẽ, Đóng gói tốt"", ""Đóng gói tốt"", ""mua phí tiền, gà dai nhách, không có mùi vị, cảm giác là gà cũ luộc lại nên nhạt thếch., Không hợp khẩu vị"", ""gửi gà luộc"", ""gà khá ngon nhưng nước chấm không hợp khẩu vị cho lắm""]"
31750,Bếp Bé Bếu - Cơm & Bánh Mì Nướng Trung Hoa - Đặng Văn Ngữ,befood,cơm,21.00999069,105.8321762,1494.3,1.494,"Số 6 ngõ 4c Đặng Văn Ngữ, Phường Kim Liên, Hà Nội",4.8,974,8000,100000,Đồ Ăn Kèm | CƠM | ĐỒ UỐNG,10:30-22:00,30,https://media.be.com.vn/bizops/image/2b71978d-93b9-11ed-be3d-322733fdc118/original,38,4,"[""Ngon xỉu, Đáng đồng tiền, Đóng gói tốt"", ""Ngon xỉu"", ""Ngon xỉu, Đáng đồng tiền, Sạch sẽ, Đóng gói tốt"", ""Vị ngon nhưng sốt thực sự rất mặn, ăn hộp cơm uống kèm 2 cốc nước, canh cũng hơi mặn nữa""]"
109048,"Bếp Chử - Gỏi Cuốn, Bún Trộn & Nem Nướng Nha Trang - Nguyễn An Ninh",befood,bánh cuốn,20.99164009,105.8448792,1500.5,1.501,"118/1AQ7 Nguyễn An Ninh, Phường Tương Mai, Quận Hoàng Mai, Hà Nội",4.7,43,6666,125000,❤️GỎI CUỐN HEALTHY❤️ | ❤️COMBO HỜI GIẢI NHIỆT❤️ | ❤️NEM NƯỚNG NHA TRANG ĂN LÀ NHỚ ❤️ | ❤️BÚN TRỘN NAM BỘ❤️ | ❤️NƯỚC ÉP GIẢI NHIỆT❤️ | ❤️SINH TỐ ĐÀ LẠT ❤️,15:30-23:00,5,https://media.be.com.vn/bizops/image/24720ac2-199b-11f0-8d88-0695c6df6d37/original,53,6,"[""Ngon xỉu, Đáng đồng tiền, Sạch sẽ, Đóng gói tốt"", ""Đáng đồng tiền"", ""Ngon xỉu, Đáng đồng tiền, Sạch sẽ"", ""Không hợp khẩu vị"", ""gỏi ngon nem nướng cắt mỏng quá, k có ram"", ""k cho bánh tráng cuốn ăn kiểu gì?""]"
1255,Cơm Rang Dế Mèn,befood,cơm,21.00871086,105.8316269,1503.69,1.504,"1 Ngõ 75 Đặng Văn Ngữ, Đống Đa, Hà Nội",4.6,644,12000,105000,CƠM & MỲ | Combo | món thêm | combo cùng coca | đồ uống,09:40-14:30,30,https://media.be.com.vn/bizops/image/3ebc4ca5-e844-11f0-8021-922c9d42c616/original,21,4,"[""suất cơm rang dưa bò , dưa thì đắng ngắt ra , thịt bò thì như thịt vụt ko hiểu quán làm kiểu gì , quán làm ko thử trc khi giao cho khách ạ, Không hợp khẩu vị"", ""Đáng đồng tiền"", ""Khá ngon"", ""Không đảm bảo vệ sinh, Không hợp khẩu vị""]"
53514,Cơm 1985 - Phố Chợ Khâm Thiên,befood,cơm,21.0156002,105.83638,1507.62,1.508,"89 ngõ 218 Phố Chợ Khâm Thiên, phường Đống Đa, Hà Nội",5,96,12000,100000,Rau | Cơm Gà | Cơm Bò | Cơm Thịt Heo | Cơm Chiên | Mỳ | Món Thêm,10:10-21:00,30,https://media.be.com.vn/bizops/image/1a5f5fbd-f68f-11f0-b63c-1ec8367384f0/original,36,1,"[""ngon mỗi tội quán đóng gói canh ko cẩn thận bị đổ hết""]"
